,0,1,2,3,4,5,6,7,8,9,10,11,12,13,14,15,16,17,18,19,20,21,22,23,24,25,26,27,28,29,30,31,32,33,34,35,36,37,38,39,40,41,42,43,44,45,46,47,48,49,50,51,52,53,54,55,56,57,58,59,60,61,62,63,64,65,66,67,68,69,70,71,72,73,74,75,76,77,78,79,80,81,82,83,84,85,86,87,88,89,90,91,92,93,94,95,96,97,98,99,100,101,102,103,104,105,106,107,108,109,110,111,112,113,114,115,116,117,118,119,120,121,122,123,124,125
0,0.0,4.07972619360924,4.8366567636984215,5.545002639752437,4.884607838336908,3.8094700902982925,2.8294832776519283,2.38237521408432,3.5870731558300215,3.4737875382134216,3.6003604293058578,2.501983249954547,2.100086189592609,2.7602502851415074,2.246307908550964,2.084267011929618,2.468684440137081,2.635280983284743,1.8027402095852816,1.5428249036943775,2.2842138014928044,1.546192159232489,1.659208715595736,1.8478811843837983,1.6001366380164643,1.2124903070019089,1.8361567107901458,1.8386817097700978,2.2291238813086256,2.372916427213357,2.392731331237764,1.9344642264134484,2.2205467837122583,2.266652033308579,2.6953210426279126,3.1573277405026765,3.6618539093837255,3.5757345737025372,4.22243281995089,4.210633094912194,3.6354082131771026,3.7824398302037503,4.353306586602077,3.1622922247982763,3.010880867032828,3.22921593149137,2.552130649124966,2.594730446406226,2.801203354423514,2.4685239772070786,2.949534522356524,2.4911350705070237,2.6600349731679263,2.936255484100437,2.9645762405848464,2.8818788990998816,3.0645136798046435,2.639162279517072,2.861538576541011,3.313835561505181,3.1602537594259053,2.8872414817185725,2.8359351584517563,2.2916574170097666,2.6791874046767323,2.8714018732823368,2.2876102608871394,2.5294707597382624,2.4974965083044256,2.56568044727343,2.7323601971355833,2.416920799109969,2.62311168257633,2.9495161785062267,2.708220117901625,3.11078916356005,2.7824118063370573,3.3015279360534713,2.5823478542192713,2.7983910341153058,2.684166337444667,2.9098822024775224,2.433968572822501,2.3373174842394793,2.4001285082155253,2.583370836472052,2.964547188482288,3.3782891207352583,3.8123682187205894,4.94814918739867,4.977994835832511,4.553042115598371,3.4025764658365327,3.1823979355907994,2.526944660006075,1.9868672939628764,3.4354284950466685,2.82595601374127,2.0269859439735356,2.5809849343537827,2.813133169535824,3.1026173329436064,1.591730095602899,1.366419683373548,1.066725155163575,1.4815065321499066,1.036257918885859,1.5883015311094886,2.0727853499519755,2.0452517764574933,2.2515730015531554,2.4909144690213205,2.7489627219500354,3.91038097867304,3.128289350690866,3.9749182136693193,3.161186533506335,4.274295695665961,3.6700591042258637,4.368132760848447,3.8044047845275943,2.1670839415329617,2.4458414730507867,2.979383736482683,2.5751532319831107,3.1424444574136485
1,0.0,0.0,7.518976875300157,9.064632670102322,8.055755604750914,6.889485314748894,3.921379971316516,2.5944844799530413,6.487672512362563,5.736611823211094,4.197031746458132,2.6727764323622836,2.4829245211054523,2.7603191335836668,2.2992226622905805,2.469152692892065,2.4577263823925644,2.582884265316317,2.9132386850946506,2.28340023072749,2.6518894143581146,2.0912850941871715,2.7415916094527244,2.319861315984715,2.3556096159472277,2.033842915702496,2.3582566834150027,2.095127778967871,2.1065932542201846,2.7725769472092416,2.730863536906023,2.831385563364936,2.8737959157478645,2.9267934971900034,3.1812699877492934,4.346594249003447,4.954438416679219,6.03991443935327,8.66408251441158,8.11776029235616,6.149438513638991,7.464530316711862,5.679990596713085,3.904410851272048,3.934511898446175,3.9781699855443784,3.1187935134548797,2.9529970704125987,3.705893774033506,3.2385665051733867,4.416507918804815,3.2876584231900137,3.6936351134928054,3.040427601060478,2.7822733185181256,2.6904903578323243,2.537051968984683,2.696670640031109,3.9233144093321064,4.4171556034455355,2.9754941135345256,2.809247252280265,3.0705882131982976,2.2719224513708722,2.691720118398475,3.297780115371075,2.3113824287365725,2.6304833521924236,2.7245190380793214,3.0153068349136136,2.871158981593311,2.7501048823851173,3.3102531350846056,2.9808455751310823,2.7045586233251524,3.1831275470570652,3.237257240833498,4.236460324902121,2.957588948465055,3.8540482724207514,3.1915741000318523,3.9119113242994517,3.04353986442851,2.651831401148903,2.683029811216129,3.315428696410149,4.575473047466008,6.465583730465291,8.46458690048805,12.393399138615784,12.772199824580262,9.476671571997187,6.32513934794373,4.199461428771777,2.7792436593639884,2.2549660055593264,5.356341984069481,3.8254493194964065,2.3230888367922566,3.358950966062698,3.4813383711369945,3.232023911480099,2.075619972828142,2.0326278597345198,2.0037622823101273,2.0943166526713397,1.9601624582656736,2.608570804634331,2.45688767041574,2.3207480792420054,2.627872129929645,2.9549049524613307,3.468425992694043,5.002470759220872,4.152590812103047,5.183962609010541,5.019262787871355,5.9614969282645145,4.698479758753373,6.310177932137255,6.624278782894256,3.7139997619188394,3.886418435261121,3.154022677681122,3.6308338322599005,4.385816898730501
2,0.0,0.0,0.0,10.816462507116846,10.232755971400554,8.163246829048685,5.264524946042231,3.34106908793537,7.544209858276614,7.108305647181569,5.045340165952423,3.030955031358476,2.798118409132794,2.976903019902289,3.08987873903038,3.083053867806366,2.9902599603511413,2.956266601080636,3.648911651327104,3.0967144986817425,3.138437920793273,3.0556515240856728,3.525205732426416,2.78427004587474,2.971056040858874,2.7860675925458227,3.2440516357060765,2.708012382379441,2.663118630780877,3.0083587044828364,2.788611849869437,3.27678228735637,3.4207531774236895,4.0436203276146045,4.183278168692984,5.929059224830299,6.029448192960259,6.209555047947481,9.566626691811106,9.042567010284024,6.643305991965109,8.12638794446173,6.346417049609676,4.127561270274647,4.588458518483642,4.61077745967738,3.9007204037968903,3.689195050923433,5.13993844542175,4.761073598484111,5.8063000244452105,4.682941549042074,4.423924403298128,3.2803279349264485,2.606584902242685,2.547962085120487,2.061581540503097,2.529175986007003,4.641552705742839,5.321480912222074,2.8769966552675266,2.712240639064643,3.523153356209803,2.868559144675829,3.1836456046084893,3.5512272747199556,2.812889318469547,3.1103377104486096,3.3267755345272674,3.124110857873284,2.896698570178368,3.1139671459727953,3.9619114676016602,2.9831450435366227,2.592059378748982,2.834425246374435,3.712374557628257,4.231718601428821,3.4726599112683285,4.024431945328643,3.96896342492384,4.495105193193909,3.758366340374813,2.4483078452035296,2.1638608277474463,3.7636626026599886,5.789549117946715,7.204792794506545,9.800381174239483,14.024849627741427,15.660303964248707,12.357041215181424,8.357989779694035,4.634419109223016,2.9465152703738817,2.6484965457960006,5.719963979182992,4.301214385159717,2.368785745793854,3.076702398174786,3.61128911860437,2.755371625466755,2.545744092564775,2.471161412521801,2.235534407325473,2.5848690869299333,2.436420620376717,3.2022923170926005,3.0300936822232187,2.8799381798946255,3.4750393725715396,3.781980270888552,4.114855152803475,4.927162102628634,4.442244204172847,4.614260635859844,5.710452740022781,5.65713872576975,4.048461438029913,7.667132389418854,8.528429577607993,4.719730958768157,5.253285785281078,4.2550399528870315,4.461281191565362,5.587142894637475
3,0.0,0.0,0.0,0.0,12.801746941816313,9.915220869297418,6.432406159842513,3.8818590350157085,9.196002702680321,8.7887873337939,6.1212198434082845,3.4908916480378727,3.22124625707317,3.238612592722064,3.4155413990607038,3.5810136880710144,3.3427927717014625,3.2023769095421226,4.292551471644996,3.5747455669918633,3.537298718485488,3.6941804371894658,4.176658418198791,3.1403589875699427,3.566330100679925,3.352615399697022,3.887149999268687,3.0829074744777514,3.0191915901995805,3.2862304453555624,2.9287055869531216,3.720534823534148,3.877399649388799,4.893540003047474,4.927686420832938,7.165359597926531,7.10420668292004,7.625541232898338,11.82800954338509,11.07890513385385,8.062351195923622,9.795634895369181,7.336685803886235,4.795261139371634,5.427959160630165,5.4370528969432526,4.579092583991332,4.3002773873487605,6.402501926112249,5.71700691710621,7.251833305928157,5.6443376419885505,5.222358096133197,3.459763236716446,2.63687792636372,2.565281636817833,2.012087092771578,2.7059993567510947,5.565282163443047,6.512078860090384,3.1655824307153373,2.840864434761705,4.000410900904978,3.352425686935284,3.5417551913005783,3.9487414378238355,3.2494890429757493,3.6321409027100238,3.713891168362158,3.5817860496587333,3.2400665731601572,3.702861727399806,4.696934000548718,3.3246441862112492,2.8755772099572434,3.134500644643016,4.2295520239708315,4.945288554502723,4.108356901205188,4.8897602288397986,4.6986931437086925,5.441323515717889,4.503834800733555,2.6292496521471214,2.2809348176304685,4.343909299501764,7.196285928240077,8.868136195422984,12.189854392376434,17.717745208046303,19.758412051835382,15.44323011286172,10.080735912753092,5.2812461163399265,3.2131870786986862,2.730934444216848,6.394426368670643,4.722511937387406,2.3918934319512206,3.193561186736908,3.629503381493915,2.7175199025186116,2.811126580150734,2.8778481676598204,2.5670919161120302,2.967230716996187,2.7533939581854923,3.7592933174476304,3.3419466011556223,3.275807802973474,4.017050915238072,4.47405154403959,4.8857666652774325,5.782513904365748,5.209166800418786,5.305523820491449,6.75402185997636,6.609784809101334,4.639240585763218,9.98973270192699,11.031802352690994,5.919969876812808,6.4787071622921175,5.04386165182608,5.311695478828058,6.5730225025868005
4,0.0,0.0,0.0,0.0,0.0,9.856411083367904,7.587450955311434,5.722461966340662,9.86555482313682,10.580113912998858,7.69242973690923,4.058108929975761,2.803157026081022,3.003608198008912,3.1483541990696597,4.874023179076771,3.2493731304463336,3.43323650312582,4.822469138583766,4.351758214745565,4.440057304336366,4.111388779812885,4.7135315589399385,3.6748260304593146,3.6911305006521236,3.452551791008253,3.8863984846650443,3.2023509629259657,3.004191879238532,3.736115397571402,3.09805970015257,4.161499461147149,4.013923789341017,5.780166176366817,5.609079416009358,7.679576789713451,7.578288920563818,7.26756555204869,10.568363629665289,10.274221000284003,7.935405559237603,9.160047309561055,8.479987491439896,5.264978125319613,5.547546561705612,5.359386549912754,4.57911943565432,4.748290774739331,7.566814507296972,6.708431077025308,8.003226833893894,6.689063148282304,5.9878372811810205,4.079535179061925,2.706376385771427,2.666690795674213,2.378055551587717,3.0038955073638736,4.643245090928252,6.1522505742884075,3.474137989371065,3.129587319244325,4.541634946094436,3.1992906495498787,3.3956992371393477,4.416675458316302,3.194770755206323,3.3582725985280844,3.551714375041352,3.888545662325423,3.360455285285736,3.6835823594675086,5.005688664122173,3.685288676499264,3.6336095709282907,3.672160501442635,4.749991404285205,5.291474903906699,4.166674996115175,4.409806600321596,4.605559324462397,4.752778282231004,4.333605926342383,2.609163574252809,2.419523405810027,3.879607957169865,5.643314496831145,6.476849190243909,8.430698103986593,11.627732947433293,13.000948821250812,10.910262581347546,7.402235776944011,4.8153852941687285,3.5490036606270947,2.6310883831347915,5.414233010124288,4.1283532696852605,2.4435283328442834,2.8889485723442787,3.210933163233947,2.751668761350479,2.557728140096977,3.394470326056499,2.250882383868763,2.9272698720375843,3.4977104479149874,4.155849612314279,3.5000587446320828,3.9645364377402084,4.095129502833548,4.788133093825991,4.8339807246946735,6.4436437406308915,5.7790576993834195,5.23265401420747,5.560720320260874,6.01685094955077,4.705087760885944,11.727133911787863,10.842635464550394,6.454698056868385,7.603220655493718,7.2275607295725335,6.447457712930476,7.770357330041168
5,0.0,0.0,0.0,0.0,0.0,0.0,6.754979894587216,5.4723130482028575,8.423221562648347,9.166511867913057,6.95070617984798,3.5577413508985125,2.3655826318672815,2.6436394893811928,2.653941132756747,4.410547765722794,2.7863250431227686,3.1811795895427872,3.8176620801153422,3.7307751140536984,3.9330009417644813,3.527361561298824,4.014042532825879,3.2137975300990806,3.1541464219594544,2.993259407275183,3.3726221379845835,2.9529181878855764,3.03673707433084,3.4601190025350883,2.8404621535953885,3.4410372252142647,3.394480996953774,4.9454058565879,4.825998585177313,6.731698144733768,6.558308758544046,6.090661320665377,8.535866243573297,8.406451782260199,6.704452496022458,7.337491527991467,7.6172449800577136,4.750764596732764,4.857229010749678,4.504085061659333,3.8131035672619515,4.253756604645393,6.522266239989988,5.7232164594979675,6.667036573475745,5.76357239578794,5.188835743836013,3.7974474764788795,2.5757161648458466,2.4608372152980746,2.421202334935678,3.010167475800437,3.6307877791944008,5.178994273951933,3.5947908089209974,3.0013444485910306,4.223891543566504,2.9211274824961806,3.0066429457099004,3.814576882965457,2.779151686556089,2.9944767076654304,2.986510065958277,3.2613055214395095,2.99132680068325,3.125812127500635,4.30286391437842,3.2801388817369324,3.0466822559540576,3.217084904707743,4.186044225402577,4.6360277078516114,3.7597920697326046,3.5662294241335193,4.229970141749294,3.9590944035969766,3.8610973345990693,2.450381410767805,2.1986512836555905,3.38111342361758,4.355240696284742,4.401967775437859,5.314665327746168,6.840054914039941,7.381517408749566,7.091813464842906,4.916719175807324,4.025900287517473,3.213527691094357,2.431003252043038,3.919700323556405,3.3187178773323804,2.281494798193622,2.467229655865549,2.7661737692009347,2.67467985320149,2.52212807175128,3.185575546335046,1.7642234420269174,2.4719923380911255,2.951480095376948,3.4066798949869095,3.0807079709847995,3.584345034058823,3.6972615032773555,4.708174170798015,4.186683750208443,5.529673539988118,5.1018040161620695,4.033998099851431,4.028895941413891,4.202260381511872,3.832155831943771,10.114507259414781,8.775810707661194,5.329907534739654,6.5653367806851035,6.962701834368426,5.618034414950347,6.562191050316998
6,0.0,0.0,0.0,0.0,0.0,0.0,0.0,4.374037288182946,7.175583162488372,7.318498002062144,6.486253600467788,3.3892677516138496,2.4602860182594855,3.217597183285719,3.416881413863937,4.566364831391635,2.777120590173015,3.5273885249666326,4.664206979163085,4.401498783343567,4.354067761698363,3.9367545648317845,4.385456015528997,3.646100156192602,3.1036703876249,3.1741732583524653,3.203275334577202,2.794581313594106,2.508844247835422,3.3302218146269174,2.807219665668458,3.7375435436925786,3.2064823005412357,4.232682027457116,4.1420170579281335,5.577414947358713,6.366382602925231,4.665220155942572,6.304190887260126,6.3045975355924915,5.44836204842498,6.104472384080632,7.051913265964248,4.278642253745835,4.8103894418195114,4.966509556594232,4.438892568420086,4.694147447330193,6.040108473592604,5.181583668369494,6.413607266577066,5.859054441680624,4.902636645471964,3.5890564045194266,2.2786632581138484,2.089470321354689,2.2869818347537456,2.652171209485207,2.7769131484404395,3.6549811774800998,2.9273287765589413,2.5570560404535385,3.730743521379038,2.4337247081014617,2.508960873753788,3.4862786454419785,2.7306264305305765,2.436321703022414,2.5530815013424983,3.4809825256662292,2.9885515655364405,2.827042281427149,3.7298364389542864,2.550071930499169,2.583216871888459,2.5860087698154928,3.7328310602867467,4.057764306348491,3.33904608321504,2.844613339139643,3.193259937610017,2.979249720102535,2.6135506849298853,1.6679080117645246,1.7107903963590396,2.299412755616867,3.001318956135672,2.90533876833315,3.420450310587311,3.650446959096412,3.815689170820349,4.1486409770741774,3.1673527334482503,3.06097944607841,2.7946845165446796,2.0966513172253554,2.909083150139409,2.548159823789954,2.2596117627325314,2.4086219629165533,2.283588144294376,2.237545034854448,2.1371625506818326,2.9923315442058183,2.1394475628731766,2.5088306619039265,3.8816919912424344,3.7436856471794933,2.778819385073515,2.996872371064121,2.954820534548082,3.4933220076080547,3.994175548261573,4.994642994611556,4.586590385040631,3.542268230534832,3.0628945566675636,3.586160754919866,3.1107737450983337,9.130291006121393,8.170100893060454,5.2957472910593335,6.2305009177530515,6.701230982695776,5.156539668862349,5.5404830615007254
7,0.0,0.0,0.0,0.0,0.0,0.0,0.0,0.0,5.811095686003712,5.820639428415635,4.458742958565708,2.6687405011374783,2.401024629994283,2.588875622716049,2.4656784565372125,3.116829744050494,2.3218885220703176,2.469736415873763,2.6516581074526333,2.602267236120205,2.9711220219098986,2.7042375970759664,2.8376975793812167,2.7095394966096245,2.5089094072827693,2.5025948246022947,2.7364431983440713,2.670610641185007,2.6684903721105746,2.7447481746492532,2.3061442478197463,2.471403311820891,2.1947422321117913,2.948146969651182,3.1132737004775484,4.337480422961785,4.007238027769213,2.7931069492092826,3.5390577567021353,3.5580608925937707,3.2565245493129504,3.687867626749931,4.317695892062337,2.8069467252098366,3.0736342232216924,3.2569635896489437,2.992975905742019,3.1141791893471984,4.171314692351627,3.7571669454245753,4.027712640824014,3.904275406761551,3.2385271299339387,2.6287292094764236,2.0859587272755964,2.225990901899605,2.396737788447581,2.335495182775691,2.393981569828921,2.8664360755987404,2.357208549353231,2.242829454326844,2.6897388769005968,1.8726767649010372,1.937719862367237,2.7985467767026164,1.9658869181880485,1.9070298140665791,2.1185689077245313,2.544674758872499,2.305746078813492,2.218963818462283,2.437837149787442,2.0602285116073555,2.22227565902886,2.0628806853310664,2.4816245447636116,2.812118457397421,2.342227454542767,2.2437278799533127,2.573568764813612,2.301543427559744,2.0535323887809613,1.3308593164419358,1.2753213525626357,1.9974564418312666,2.545916720987548,2.3551499583826896,2.833866420315116,2.7868168367031236,2.9249630817087784,3.180415040895367,2.792760323125388,2.6401548613804695,2.441077665850948,2.3109138960952436,2.623053554223356,2.268665174846397,2.1115186695117014,2.5595460589100107,2.3817610928229818,1.8930860768578528,2.4409325688995414,2.361180452466465,2.1509783276555,2.010422016518142,2.7731162582410076,2.2648399888664645,1.987187815646778,2.2399098470078793,1.989409146076359,2.751585234407057,2.6705580587712197,3.3595535626175987,3.1188176482618672,2.8579508677779604,2.856473453556187,2.8401524924156534,2.6292715874477337,5.251810245134797,4.505696572212605,2.9964638565899606,3.9396290607252054,4.452309907485485,3.6937278938236915,3.9395109116585303
8,0.0,0.0,0.0,0.0,0.0,0.0,0.0,0.0,0.0,9.586223527614907,7.108130547576533,3.688608490333362,2.6327849212712677,2.7602474373760137,3.062535261919656,4.707210264065705,2.9891578274484814,3.4566078006311707,4.071883911109463,3.8496929490507195,4.068972761915552,3.887893743593144,4.11041659381602,3.162340683690897,3.1069188347631242,2.939652581866128,3.1600258670132497,2.801119205862809,2.749516250191958,3.2645198203265577,2.6907287576575074,3.3792999302997617,3.250712803784127,5.15889696306368,5.111098817814776,7.002293323132502,6.751475181261239,5.596165819536497,7.658627548177364,7.593362065113256,6.1737820327463915,6.729226626982161,7.317878303626162,4.621861714971201,4.884962308717164,4.793150815765179,3.9439310176235733,4.032522411621157,6.667004831872918,6.124863433755752,6.837034921602545,5.82416889723491,5.039204230981204,3.682304739319896,2.4382552712517738,2.5702319562805607,2.538604474426492,2.868016762676806,3.5715553203618198,5.219814868459589,3.6288094400698556,3.1712750965753695,4.110154094945599,2.97730212964973,3.1389717208147725,3.9057477450985534,2.722598924299606,2.975582372931411,3.075804358198438,3.2482085002263656,3.0545232001923712,3.1376366696393947,4.2330845401514505,3.2056742841980137,3.1930292502231215,3.1406881311270016,4.164881548031399,4.442562456897327,3.7427475742313865,3.599650958577865,4.121892131636231,3.811728369561134,3.6622067958035998,2.2129153695488357,2.0230873419269297,3.1595569501443292,4.243523023027728,4.2263266579626775,5.032365457548335,6.2844891807070775,6.908409472937686,6.649493639348989,4.87730631696924,3.9967441684320226,3.223503664337498,2.388326933461347,4.056806684529494,3.2312512914844764,2.237176237577684,2.4080405449578524,2.695641944853342,2.4829196289008855,2.387767396462233,3.3258047161220374,2.0963285185150404,2.6684855954766977,3.256276490380964,3.558512290522605,3.0435433895846264,3.691169598889235,3.594495050998518,4.681266723877798,4.201810392537162,5.489164106569815,4.9345841067247385,4.227407167623838,4.262924758737921,4.640943880303208,3.982667324188783,10.097241367208287,8.498308292706499,5.413104249181301,6.407072713721708,6.7324295777647,5.5589003080950095,6.561358874512045
9,0.0,0.0,0.0,0.0,0.0,0.0,0.0,0.0,0.0,0.0,8.492341514759527,4.126276612165375,2.8971955636477977,3.744282449310616,4.2177410692394535,5.522038436030473,3.4633634182501147,4.338037010713691,5.556973223769133,5.222912809938379,5.170774605619918,4.742343902789735,5.123672694342935,4.086730493437407,3.448966330556939,3.44538310416585,3.5664369016658086,2.9278759146289755,2.674640810525752,3.7351844004802612,3.027391594666336,4.19511324162734,3.7933976990787377,5.145624676396741,5.059900784858032,7.445548589848454,8.531642983885204,6.297317101989626,8.636669589485674,8.583864499811622,7.328315526348654,8.201530635339793,9.41083356322902,5.619826970450953,6.335783682722044,6.708749579027332,5.543291499875539,5.915339538213741,7.489801135826822,6.586035669792604,8.005295684580101,7.095521942051164,5.962664174054464,4.229682304095727,2.5076018677676095,2.330172588757531,2.425294062819166,2.9401253976962956,3.4709803281107385,4.858297293786976,3.6528723914878816,2.9767829442243556,4.57183603201901,2.964709707345544,3.108890027481217,4.266806915537567,3.2871694223977004,3.001975078460513,3.154188204854725,4.187007519802736,3.6982291145410433,3.440170810380659,4.725488121288868,2.9367663343181367,2.865930566587799,2.942679763364794,4.669415116879428,5.165846548041371,4.245404226783555,3.7250006217201435,4.1177620859019095,3.833768932802893,3.437707630354718,2.1598859683373552,2.0876399038111835,3.001812707741917,4.016044208832588,4.025020803622223,4.8731799882970375,5.833926330881148,6.193164677640798,6.254243653923239,4.455979751223773,3.8313787466157807,3.171697588934961,2.1825091120089883,3.7362607261418104,3.0754900290583937,2.3397224388914455,2.4221200717907356,2.6743200386672314,2.531080021903847,2.250271858906894,3.4541693434651437,2.367293319152215,2.9191597220729197,4.234728705202176,4.456029120130289,3.2618066133128614,3.7089313771720187,3.722721737168306,4.562412414001386,5.1834441536838245,6.425012658119004,5.966124583892002,4.47502409395016,4.067425656895642,4.6238797781041665,3.933503554389194,11.981866577484961,10.834109468097438,6.456005327784312,7.784081923480141,8.145279994279418,6.286096158527768,7.3068070448769324
10,0.0,0.0,0.0,0.0,0.0,0.0,0.0,0.0,0.0,0.0,0.0,4.192018831391461,3.0149259698340405,3.8387791414556034,3.7448315223005166,4.795901694530563,3.20616580506857,3.885157180315317,5.071291210124474,3.941554250317215,4.412818690818903,3.89546018315491,4.351390853889032,3.2157981867821617,2.801688577670198,2.9382322101839975,2.780102203788054,2.366042143274907,2.1308876680705713,3.021851985658819,2.616684529575367,3.701886578024363,3.1185712850737515,4.81036943958708,4.734748744925047,6.248214414970692,6.800418061432997,5.3410384595761755,7.221070848613918,6.971174465084798,5.934578299404148,6.570102442080632,7.288727381732681,4.578232490988569,4.942716635705702,5.179488982073886,4.2662427882497775,4.195474648518529,8.016845981444366,5.76058474494775,7.507823262710731,6.513326750168661,5.232795638179886,3.3695287358700337,2.2182005799019198,2.130838953095368,2.2814037273607903,2.5347540503045978,2.8458013708762926,3.897297627923741,3.0088299011914224,2.3831614325491883,3.564660322864051,2.312501765051796,2.2080659622687198,3.187405203778938,2.6288500416938176,2.183788527318528,2.3017076189279786,3.0630587832517517,2.9707303357352086,2.7442450697879197,3.651524119168073,2.69229596278254,2.645911851941703,2.6828719210398617,3.925797173195761,4.336982044354234,3.436013996910179,2.9236040387731888,3.4102413344556535,3.5609958160571162,2.693130323906846,1.6463896695353408,1.744657897067597,2.7048949806133935,3.3563680506794444,3.5289333312785067,4.086355626220138,4.69571156170855,4.581809391821861,4.60681963475299,3.6436729227972573,3.056040122732034,2.733029331738073,2.238922732163081,3.0430060492999376,2.6506167270141514,2.153342023796719,2.4624625735921892,2.38482390409069,2.1059404779486997,2.074703799148512,2.8211166140032504,2.470127000278701,2.7468287111379466,3.756845216234002,3.873172075928549,2.557688205509644,2.779099789058964,2.894086118517814,3.6286623099213773,4.160183060287475,5.547252475422252,4.924613531050973,4.324048045364822,3.672007692235285,4.8145538314464345,4.333469837620107,10.633664155945263,9.149099876839156,6.728380912698895,6.799845090041871,6.812053054110841,5.29466646794972,5.045983458623607
11,0.0,0.0,0.0,0.0,0.0,0.0,0.0,0.0,0.0,0.0,0.0,0.0,3.2297171660508663,3.720923403383337,3.7387511756119998,3.329691315112478,3.0361850417025287,3.1896436553943337,3.2505145488331917,2.8668204995544726,3.144575517494346,2.9191717536887483,2.914469563540566,2.4283879169581244,2.281090476605627,2.332377240157381,2.124261658175626,2.0832048270514543,1.6294926526763318,2.3021953431138127,2.0788288166799953,2.5089269219738743,2.223587184770848,2.932677369897254,3.2153252893130166,3.7462121706950393,4.197125482318693,2.9711158369878405,3.4258156961654795,3.5298669614296125,3.4091299524578886,3.628597536506442,4.614917524131029,3.2343186271152193,3.50961858103774,3.4838255629892205,3.3938368609503473,3.440235987217049,4.328858136850925,3.694838242026291,4.1783919826314175,4.21929623942284,3.2162880792314685,2.300230642394876,1.5874993102906898,1.6466234128758628,1.6918928904461263,1.9128110684927517,2.137841923675767,2.706816338623194,2.3981663209558874,1.9723051922896757,2.5879085927167407,1.9334258430774451,2.318087360591485,2.865826204403297,2.375763656125369,2.224515065531294,2.414481659458228,2.7901360295056934,2.736181801404687,2.8410840422664054,2.895359543883882,2.440471423046873,2.361768683660866,2.357377848567892,3.067054719466723,3.145131558411893,2.7053619409214082,2.5590559907900876,2.5700019716882383,2.74073822238605,1.9026231150299198,1.3720254074482405,1.5325442492765387,2.1222676718139337,3.164238102211421,3.00547583726301,3.8116988377947734,4.194659685131236,3.840116912618657,3.5881991556617483,2.8413216645544708,2.4458461088896204,1.9509211625341392,1.9733823835625486,2.57527393007969,2.063319570303147,1.9725155978830895,2.3421349009394397,2.1603360331759744,1.8549080245940825,2.0517210625873163,2.267120237082483,2.561311562167673,2.4398592299818533,2.8278277501190425,2.5532639182871297,1.942872464564599,2.0485819229531423,2.06480729683753,2.2892492858563274,2.9227266388668562,3.549675731354543,3.3028396839199017,2.871255527694421,3.1035391741617917,2.999480590470183,2.3192760729608937,4.772424859106749,4.380973098880117,3.0656995045865614,4.079068468563668,4.507518171844187,3.5330888600257433,3.56423304825316
12,0.0,0.0,0.0,0.0,0.0,0.0,0.0,0.0,0.0,0.0,0.0,0.0,0.0,2.916648280976895,2.71568103348927,2.778201270656047,2.671481041234197,2.4594000470871835,2.4898697514607946,2.152573870629955,2.3518061504908765,2.0647718083391124,2.0881135234532873,1.9065610901157513,2.10098848580087,1.9354466473696552,1.8575779293909696,2.004740894095678,1.740574432819629,1.953641806281761,1.9641979431960883,2.0235204693789526,1.928921985693987,2.246470149099833,2.3302160407976196,2.48765476580252,2.8611422945811666,2.4118743364176893,2.8546476969595416,2.7526912556372323,2.680196099918177,2.0795664881265004,3.0023157760095636,2.462262091722631,2.7306760018131695,2.678296609260515,2.7896479162658965,2.7854478121302835,2.974613654695229,2.529297526281499,2.577382105398587,2.6511085469699025,2.1498763914558334,1.8337547935641285,1.6941756113750397,1.8030772241647637,1.7160857771848843,1.9162807327639104,2.1981850658640534,2.3193145151703223,2.4666609246952227,1.9655899165477668,2.2506275488467407,2.1051576334746653,2.4207114466225566,2.302422418987579,2.498147503569851,2.167590212592272,2.307002867344368,2.277969688895149,2.4945030716696692,2.8195319817236473,2.4898276410538176,2.1753557892962494,1.8500713409122764,1.947840880189414,2.362598698258302,2.4492017079278856,2.3085487688096564,2.232074842427169,2.2161322388844833,2.1940993191726434,1.6484849168443831,1.369605780236674,1.393504104498726,1.8558879183724164,2.471075753314329,2.5867489930736376,2.8150786069923845,3.2390446114443168,3.0513898019825585,2.679816655699049,2.4113988977488012,1.993566785640798,1.8199319983530047,1.9874108584190622,2.426368038769729,2.0209132380132493,1.9866837288251824,2.426094340817841,2.159874443440724,1.8328780652165761,2.039543523641536,2.4287930573520446,2.975756713316711,2.4784296609155496,2.3775958501861165,2.0636428828189644,1.6623394346000013,2.131401823021938,1.933452713945215,1.9883800809914518,2.35467299795841,2.5604501735005543,2.3259746455750263,2.3331698035403585,2.6647205413669646,2.334178872191708,2.1850498219056482,3.3082743151547063,2.6219294635878145,2.050000871238393,2.517998184971187,2.672788225836729,2.313096204689492,2.057695809388797
13,0.0,0.0,0.0,0.0,0.0,0.0,0.0,0.0,0.0,0.0,0.0,0.0,0.0,0.0,3.655855070470574,3.3146223796502237,2.753898308844302,3.1813618432121196,2.956752748932097,2.7808931115969338,2.779568629051299,2.933315655260563,2.7614212003386145,2.281309462899583,2.428887820506434,2.142995258001738,1.7493377966198667,2.0315168628324334,1.447895871362287,1.9657963701305674,1.9464726802733372,2.042934453283637,2.0840708372745333,2.917278669526897,2.985945068408496,3.154832186915539,3.559229552353781,2.57057899837545,2.947985135756612,3.0185884224673076,2.8715667562549565,2.613106355499589,3.69569231078739,2.7171257009268035,3.226240813211898,3.1765825270302384,3.4122884220702288,3.4007343921943565,3.9895530356193962,3.222098845471482,3.67833074329754,3.4851810206533154,2.4257816594077655,1.9475608003066283,1.6037250832578134,1.8711698171919453,1.7884006095483411,1.9302262781585644,2.2837941602214156,2.699153780820404,2.750763320765424,2.3076698172772367,2.5595312300457356,2.209712573716447,2.7080380324584525,2.861928831536567,2.8107008935377973,2.4410559525273086,2.900417209023519,2.943703952046498,2.862663900367634,3.1055999170306143,2.79390613745874,2.3030253165875965,2.0618475703089985,2.2614035461970823,2.715820359685033,2.6837513167787352,2.35073161319988,2.481070447460089,2.472383076917993,2.627996207018512,1.9060522522031986,1.5056192981796466,1.574732699621818,2.159447693371317,3.071966938723629,3.202241137690667,3.566032312210016,4.3469316080912535,3.9276480922097976,3.4164056083179712,2.880469214596613,2.4638765687121795,1.8821424132753684,2.038008505786314,2.7305109807851036,2.1287739256283666,1.980837399852011,2.32469676465938,2.1418498440893554,1.8855887564268592,1.8729141813546564,2.2098398563387387,2.1971115772236764,2.1765023362347864,2.280381999245082,2.4098431111715413,1.9188946991560092,2.18791747245521,2.142231517993987,2.2749144595556317,2.706150353596979,2.994361995478612,2.6354927893691817,2.727789476037402,3.2636967504124046,2.9625551074055196,2.6172846853069727,4.910925150394519,3.6788910053601187,2.951201593224886,3.0097373087219834,3.215744804770129,2.6635654835454283,2.7131002349997346
14,0.0,0.0,0.0,0.0,0.0,0.0,0.0,0.0,0.0,0.0,0.0,0.0,0.0,0.0,0.0,3.3796731987538013,2.9290228143702866,3.4987590140520255,3.301185255931443,3.1300155440104436,3.400715273857755,3.439289410111316,3.2507659060768637,2.908010708652372,2.947226265425107,2.775518973011341,2.3721215595709717,2.2334461659266105,1.7350268849260342,2.329838553776752,2.2688081238086513,2.564951948569833,2.3379156800732175,3.208185091387694,3.1330972823867986,3.351578106104985,3.3407490889670135,2.462259604552171,2.749892634541138,2.788421200056682,2.681614811517654,2.6633948413027064,3.359982322559712,2.4844084170626375,2.9682050544086316,2.848348592457271,2.8554847214429966,2.788326971625886,4.048137842995671,3.542562581943537,3.903348794877902,4.083875609502518,2.8349366885454828,2.197498541599284,1.6150633175600837,1.6691216949299468,1.5680851620984124,1.7957666190642183,2.0471903943721963,2.595336845581134,2.3920476360591874,2.1000316478758205,2.3852946359249736,1.9555169274290365,2.3025095351746714,2.2390276009664696,2.1420937739328823,1.9903069453779485,1.9899784532159486,2.329189018672694,2.052585441815705,2.1059916877996736,2.4232312380742727,2.157398815009722,2.0433257072508595,2.1158468036055975,2.6665952024661608,2.3436785653033785,2.1370138925043656,1.962316843297051,2.1274759731256374,2.4552432588445794,1.7509534547283785,1.1442029260538606,1.2836973131365794,1.7558780627089345,2.654411611480733,2.6338636444184,3.0202331551856645,3.530355171589499,3.4656353223052214,3.457399503282389,2.7734837702627173,2.500784280805895,1.8932842621853379,2.0844393650395965,2.512146404280801,2.1275090601621747,2.2894846696996396,2.3638386078703446,2.1113285444482495,1.7869890776311106,2.005068087733155,2.1497574555493304,2.087248600884162,2.0751550243637213,2.5540775649657936,2.477563049018062,2.1608788611169145,2.0775969755017036,2.05582999739079,1.9627693924187388,2.490452564791785,2.757692951484127,2.4776931949090097,2.3700447425438904,2.5982686047589945,2.794742579190866,2.3947904403884244,4.618104824454332,3.5915898268924287,3.308282116823608,3.033214432366985,3.380017432012767,2.5630062412635404,2.4116567440573298
15,0.0,0.0,0.0,0.0,0.0,0.0,0.0,0.0,0.0,0.0,0.0,0.0,0.0,0.0,0.0,0.0,2.8843882758691715,3.2507430472938967,3.5681000900513204,3.242663756110921,3.5137135409306977,3.500270278996085,3.1874176500787104,2.8253295940724232,2.931853837921017,2.90234289640601,2.660850117753584,2.404405836441387,1.9478780224243861,2.572085474393972,2.2910959748794433,2.729778944175461,2.4957382402415065,3.6640824525460296,3.4922968736956572,4.396657061779317,4.321521016850405,2.9741403120735748,3.690944573436362,3.598195233023968,3.5741121644456553,3.514352663362085,4.722418716989255,3.1457983114447474,3.533705063080116,3.4473169950577107,3.252054741119248,3.4680806468899554,4.894221906737071,4.169560577377886,4.743549800827059,4.619454618894001,3.397705229683619,2.503567385796979,1.8500945593857894,1.9981350898402515,2.1051133266111948,2.036499290135565,2.2793207004514695,2.671837002661958,2.3597426331839713,2.161354459312052,2.6472792107093355,1.9695294444126539,2.1535413388428037,2.7075234642075077,2.370819420442919,2.035848171255733,2.3808464756859937,2.7371063664444053,2.5351106921767355,2.6899895659169486,2.8818068646742936,2.106824826680631,1.9582202353934888,2.0460128818618024,2.9588342801809198,3.3061449124742217,2.716620101404182,2.41549019226781,2.5082956775687792,2.538010384163262,1.9999469478878045,1.425527733204629,1.4259176086292493,1.9900567182108178,2.6198921897209004,2.614117312094811,3.015664232130037,3.0889352418949896,2.958986725262247,3.0867312917090954,2.530851573860927,2.3557798494614643,2.1453631569705065,1.9056456849899392,2.3927459095712043,2.0858648253040504,2.121148732571735,2.184432874235697,2.122070555168011,1.9672190032616579,1.8652506781878047,2.4750911460183853,2.2764654957375443,2.3807934073218333,2.8812069202487236,2.7422184631899578,2.324361603339906,2.4163545656264924,2.2797960880921524,2.411728176594322,2.9489330310943833,3.6740056077805465,3.3802365823380955,2.999084584381802,2.7932424265224522,2.9642134115703302,2.5623544925392765,6.453493146460833,5.238293591124049,3.7483311685687024,3.9542548962727477,4.444320306467738,3.3897232237553365,3.4794512830714455
16,0.0,0.0,0.0,0.0,0.0,0.0,0.0,0.0,0.0,0.0,0.0,0.0,0.0,0.0,0.0,0.0,0.0,2.9651527643428883,2.9640256025824185,2.6056419126440797,3.0246332092342088,2.894711630371525,2.7897296373259866,2.3043801697378936,2.691084902017689,2.5057099769095323,2.0262836812366523,2.207037696022169,1.8104087627367562,2.0816571994286224,2.0788319777129036,2.3149403689921475,1.9248608652241512,2.4049982144173856,2.681067797769669,2.7254847143518264,3.035658342250273,2.222939097921012,2.3685695894701353,2.314531887234156,2.287579836268952,1.9688369314114846,2.7831616266061694,2.333887420770426,2.819897817028639,2.9577788314569604,3.073771707362853,3.003598021425288,3.260873239747496,2.6614366124370474,2.9917104098120486,2.9918446676211072,2.3305463510511006,2.024280700196936,1.6978762354424946,1.8122573781164615,1.7566094061762096,1.9410046950126454,2.1675093724790537,2.2104246504374823,2.463770001582654,2.046772186726871,2.33612015691698,2.304141409297164,2.4431322868104814,2.4380935707670246,2.661282398631739,2.4090880543345943,2.478260175548645,2.661006596132908,2.7607293983015313,2.894973391130426,2.57816490973358,2.0245865523755735,1.7631389624058296,1.8057388859646335,2.249632559005708,2.158589233421716,2.2295585125023893,2.200059593931369,2.210940469152953,2.2295357374563762,1.6846203425929038,1.5553012581725916,1.6388001766042004,1.8656216268594423,2.4517266187556297,2.5160783743300748,2.510186699359454,2.632700449979102,2.5953293353293354,2.416022212886108,2.4084660290889306,2.115135078058675,1.923305152595807,1.9524042250897624,2.4662498708462186,2.146199169983242,2.0492832779964174,2.402500987901648,2.0615382832926232,1.9860110757475946,2.047556983479921,2.3591664345957435,2.5296645491794183,2.1578420919771366,2.4573748645222,2.231483952295425,1.7371229434382014,2.002704171535178,2.0531179760387723,2.086418274777052,2.5033126291827594,2.5365373182203625,2.196739780775491,2.2808114314513674,2.6927582132763446,2.452656108302671,2.2170379547984806,3.662196941374577,3.0276209664954403,2.456933744045995,2.6944631440253146,2.92157356846952,2.4240286636594965,2.221932407791179
17,0.0,0.0,0.0,0.0,0.0,0.0,0.0,0.0,0.0,0.0,0.0,0.0,0.0,0.0,0.0,0.0,0.0,0.0,3.6032785518121835,3.5672894398988464,4.064729375289954,4.258302286244135,3.734504702466944,3.2744895117246258,3.6255792002500122,3.2682734887871607,2.7597972129019688,2.530496082133171,2.0503609629206525,2.448179994444999,2.3023632441270787,2.6532539575538436,2.262598468065858,3.074186436428238,3.0867501647607565,3.372685556814313,3.219585743858637,2.3922592601736667,2.8739258573742097,2.804083774738995,2.746512207040169,2.6086675086671764,3.426154374764366,2.556386795107101,3.0078038327729266,2.7907517157990234,3.088292552486621,3.3454957335239945,4.0291950500998865,3.3800943992983066,3.8451599104759984,3.719376116844101,2.8389873764458993,2.3286099147921115,1.8573848939440436,1.958090834003531,1.8909223585454018,2.0380222388077116,2.4619603724515304,2.4679323157734108,2.7097025573502203,2.419404662297239,2.551111950930653,2.3310954148780985,2.5536624563202643,2.6560440185131413,2.7115656861785276,2.3729611916548325,2.639263351306421,2.9054382355673174,2.5626742549084387,2.722479149574038,2.6438324424238395,2.042191764060406,1.8440384638977607,1.9999183784363872,2.4738897958442427,2.496863904364693,2.2649334483402077,2.2947734192385454,2.22615985857983,2.2385003237578047,1.7297282532930343,1.476037222306571,1.5131815195948983,1.8547526698038792,2.5230382688663915,2.558621107847634,2.6397785030284755,2.8530711614622843,2.9190746230620244,3.0779105825387876,2.705137741282268,2.388950106733872,2.0146087227333425,1.763034554420801,2.3714949468252566,2.093661861724017,2.1785040515663696,2.1202405229447043,1.9065233921733038,2.047850108211282,1.8250811396692896,2.16433264356247,1.9008605083729344,1.8897109873216928,2.403153206655618,2.5204564205158717,2.0919316904112284,2.1525862696240234,2.1716283562029717,2.0366136141503115,2.5460542154918278,2.836409779744189,2.707944986533617,2.458143598457801,2.79532868525219,2.6339884468560113,2.384619122575834,4.635160395582464,3.6922917238620996,3.394694219512556,2.737028133600913,3.211123775800784,2.589918017099518,2.6385153203247405
18,0.0,0.0,0.0,0.0,0.0,0.0,0.0,0.0,0.0,0.0,0.0,0.0,0.0,0.0,0.0,0.0,0.0,0.0,0.0,4.106121312542935,4.155586984635731,4.547747222298089,4.276678163769225,3.6040465450646493,3.7961695378210627,3.7594304067788435,3.35908727133618,2.971132530261819,2.3790333539863426,3.0077878428630958,2.5633123934328985,3.2227975048179425,2.929161802752057,4.22784231232233,3.937339695678327,4.591889045434671,4.1614778047340195,3.4165017325689178,4.376414032409034,4.166655324422618,3.68747471635589,4.127606681245076,4.425455623596499,3.1229060743751766,3.5532809021600706,3.438468321311812,3.1367532630225736,3.1017404304495595,5.677888005793826,4.415470510422819,6.051009638335687,5.350556588494636,3.91432963319431,2.863973585983871,2.0152353575109387,1.9043206069997591,1.9535503434355936,2.048560520977961,2.405576222523982,2.978789434113468,2.503038764873368,2.003562669845163,2.896695672996238,2.463572934582573,2.0920408679790254,2.431671674820262,2.2149324190375155,2.327218700561682,2.0575601265021324,2.527649261926802,2.2354863599367523,2.130287584181804,3.1051852628152963,2.4267360109329728,2.3375076005498636,2.5045439460579613,3.2036628378722796,3.500286840545848,2.894982186141383,2.6031568867993555,2.975925520062801,2.763737471764621,2.1846323195894417,1.5365258025372266,1.5435504673182467,1.9944901426530888,2.618541194133978,2.839576201230902,3.229865894677745,3.0937678646844677,3.4351864850555662,3.8052855484023587,3.0524494420499892,2.4877968543852957,2.2309416755422995,1.8939029408788504,2.3119013248422027,2.3160272215777624,2.0774974567849336,1.9503998893700303,2.0637196112413023,2.028927029370513,1.8318186164118562,2.3041162063362,1.7900701147242288,2.230531685684254,3.06290932854835,3.1653883875386617,2.6838165481687946,2.500930605111071,2.618226416523007,2.5381460626508727,3.178132533014776,3.792210620014439,3.454664476368334,3.0421885810229954,2.5838873867390735,3.114413088560048,2.6846611460340655,8.971292964672125,7.149923839565721,5.098334252474709,4.252162908901368,4.723244478453175,3.6274107015005774,3.4129383534114752
19,0.0,0.0,0.0,0.0,0.0,0.0,0.0,0.0,0.0,0.0,0.0,0.0,0.0,0.0,0.0,0.0,0.0,0.0,0.0,0.0,3.8630099243380593,4.207165167252951,3.633090145426103,3.0348942569045905,3.3496832120360303,3.7246415641081505,3.146482677320105,2.701846006208468,2.402556114167836,2.6808597933735316,2.465017738649725,2.935164387811442,2.717864868889152,3.9164297115096955,3.6170128916040127,4.21655688637618,3.930785146269754,2.9310622291242354,3.5250503585973454,3.385330916075186,3.2396422817794606,3.1361961389615534,4.076281666025766,2.9093440101204027,3.269421740795088,3.2689638799012926,2.670407765649089,2.7791554641863114,4.562586553070883,4.064981563512222,4.711232370419477,4.608313975622195,3.2852169244060576,2.8346298952137614,2.254798916293023,2.0270498528130103,2.2746739308446706,2.0908353464965836,2.253015688922132,2.682587417681549,2.2626015298992512,2.0601869921838802,2.7209230383396563,2.1958753863984746,1.9828926333048176,2.179781272282304,2.17331975253521,2.0242315299071403,2.0070665209279612,2.330431417446796,2.160325502689537,2.0892926305982886,2.8350309580590616,2.029223583492761,1.7105559482400767,1.9737092268379326,2.947818617987862,3.2327308949865787,2.7456242489541167,2.412334676748796,2.71285225920635,2.704161219192051,2.121319920052065,1.583395400608915,1.6056291308554862,1.9769051479028545,2.591261783538331,2.5528837901431847,2.7243204497482663,2.346449842386274,2.5748844734066494,2.992904876125301,2.362480510565986,2.1993469941183332,2.2808359825887763,1.8562931976134984,2.0473619270976884,2.0643327934128775,1.9810128098915656,2.093800247780206,2.147793790103644,2.105476715300413,1.8633293484300242,2.1157867110558906,1.7662813537053752,2.0536019308695033,2.6979605576343735,2.9167886871555986,2.4709349054301173,2.3443674603838445,2.549258135204686,2.5389632235416717,2.9775845034887416,3.3837291509781138,3.1186766741270024,2.6779745193413595,2.4533862659360053,2.6357012206014345,2.3305971437461976,6.165607930535591,4.858188205768328,3.7733416843157888,3.4971466377809985,3.830674104777037,3.0528930981222624,3.3382320923942443
20,0.0,0.0,0.0,0.0,0.0,0.0,0.0,0.0,0.0,0.0,0.0,0.0,0.0,0.0,0.0,0.0,0.0,0.0,0.0,0.0,0.0,4.712842475189083,4.129713516175667,3.362461557647145,3.875955245887868,3.8379502160027825,3.2951013774332303,2.9605709761186283,2.510077899782044,2.894607921790495,2.607890179607897,3.006023585553384,2.701595375551947,3.7362556988914837,3.600886085010523,4.127075878045168,4.200877783737371,3.168418189993108,3.8578025320188094,3.816500882151767,3.5440287799219874,3.583814944867117,4.571840224205389,3.027007009832521,3.569023844977507,3.6397814751880886,3.5043153436593997,3.9245281577349465,4.803759507526548,3.9168518764526046,4.842972932032337,4.598515406808463,3.5483466601734395,2.987769470501507,2.263765232002656,2.2552819583241805,2.1983353026126693,2.24512127593667,2.7359688029972378,3.1633266595619847,2.977277847475995,2.519187812101244,3.1240904263398264,2.7082847913146355,2.6188440927360035,2.8759207379711764,2.958136512163441,2.3468339257137885,2.612362288502915,3.081307915403361,2.65927124865307,2.6011832794999865,2.8783131754077087,2.0841294325634716,1.8002996975635,2.074948821084811,2.82684848915678,3.329861828038417,2.9081849374477384,2.7226702589313945,3.1919489480923136,3.0326081262690368,2.3619902074188817,1.7606969666018022,1.6948923286474953,2.359157969074066,2.9971769332839644,3.1978802209576362,3.292877686839599,3.247638877802906,3.343437103630137,3.4191425206333435,2.9120658847547007,2.434770139496664,2.4753574393037443,2.0956735974556673,2.560933023704888,2.3801611032758636,2.2053541178780116,2.481565110608478,2.2782247675098954,2.2601758513958465,2.0822108349328428,2.424724721002363,1.8836100638091138,2.261649494783934,2.7648718305666327,2.998172534950502,2.5755129484619466,2.614647251404666,2.7305198038889253,2.908173563069286,3.243196594560121,3.749285545997263,3.404274145326708,3.015233121016797,2.907764238874933,2.8845520144880332,2.794142734548885,6.48465029515047,5.301125139091574,4.101869550363389,3.8410301516664207,4.227413040753899,3.4630969643092695,3.9206274896837785
21,0.0,0.0,0.0,0.0,0.0,0.0,0.0,0.0,0.0,0.0,0.0,0.0,0.0,0.0,0.0,0.0,0.0,0.0,0.0,0.0,0.0,0.0,4.659190692830465,3.851746858803268,4.072936801994209,4.182910673332571,3.5324638764025704,3.2549273364653066,2.7934909147401847,3.073938866474185,2.5620600571735967,3.2640040771903926,2.6119782432061562,3.404903922169672,3.2836679138687686,3.8261587557699137,3.6137785324770006,2.7924451727796615,3.077555875540671,3.0667694873150997,2.889047490146367,3.1763854148002792,3.679643272833805,2.647328898375495,3.222639853303286,3.3616905290653136,3.0812875387875773,3.4184843743476767,4.326104851596913,3.8307918371762195,4.528349472336929,4.176757444607782,3.448654001394566,2.6949524188856993,2.0831518891492666,1.8959002061046921,1.6427501389835917,2.0287844723312247,2.5356004501089466,2.896135697368134,2.7361325055885115,2.1179243711978506,2.6031903519902806,2.6179995398663394,2.1714090576974994,2.184424863270404,2.496472109226239,2.1651526419826332,1.9792077503926264,2.594079215916438,2.3034750930337933,2.017724447108427,2.524646311155425,1.6267639938884266,1.3744740534953073,1.6663943954806324,2.3596213697086585,2.651685223874713,2.5118269071948767,2.2542926647749937,2.7975371421216813,2.6218281911840498,2.0440377049585075,1.4302425946054649,1.4257892632058793,1.9349770524107035,2.5420667479289687,2.6327474069870513,2.702716426255226,2.5134373159988117,2.912891983335831,3.426018401314003,3.092502094515676,2.617676247399796,2.1731650621346517,2.101481466597113,2.545136699903576,2.4401867109765814,2.2912305807425435,2.167645584816679,2.28824067988514,2.0507227725358077,1.9809077352118505,2.272243579185325,1.700590535410691,2.0319758551111993,2.8825096497344513,3.1541773395972172,2.3748420976806557,2.3679781988978283,2.3937353526110035,2.4410317672288118,2.8989988389446495,3.1542539514578936,2.901427933786562,2.6094265951805466,2.6425790947289713,2.9521075117087023,2.635750806064546,5.286018308511574,4.828466666175083,4.096444768202769,3.453887444802096,3.634826891774038,2.884409860149655,2.7532220009596773
22,0.0,0.0,0.0,0.0,0.0,0.0,0.0,0.0,0.0,0.0,0.0,0.0,0.0,0.0,0.0,0.0,0.0,0.0,0.0,0.0,0.0,0.0,0.0,3.4179789149150306,3.9681831911974856,4.305699991649916,3.731013625834233,3.3521099118079523,2.809469091773278,3.0630739226040933,2.73638658229531,3.1574120351488273,2.963476900564061,3.899975093851835,3.612356221647841,4.16795608205852,3.7578028283681433,3.064448490415785,3.852320546445552,3.766113813861353,3.4149046718511897,3.7843452628293757,4.174284886300528,2.940465688581748,3.3291976658127767,3.29934650174684,2.9410592443068806,3.3688675657984857,5.108240611950266,4.063572846604456,5.319424869833793,4.566685116976657,3.6726792989855777,3.073492066555202,2.5123750523937884,2.2477781458240824,2.250638983341817,2.3338351190874684,2.540555678608554,2.8813724367446953,2.4465339352697355,2.2568259429622026,2.9002083354426675,2.410093906144967,2.2688353531409526,2.478370158132839,2.387776275029876,2.259279522914994,2.2844044954767653,2.662772096123555,2.3456809649319763,2.232700342790982,3.0081601230726425,2.160408074349326,1.9657153675669157,2.1940486698052717,2.9609168077031454,3.2778240635955544,2.7276588010834537,2.431602471328167,2.864020746569125,2.5985352267495996,2.220991447970697,1.5800327136194707,1.5574547163863666,2.0176711732384485,2.462003399107508,2.586088072387553,2.7753236265551826,2.6878276736107094,3.0114225440632825,3.2833682945066376,2.9584467728349613,2.6746657845624267,2.5860699585902562,2.074197928553761,2.726420017159332,2.45069063839311,2.268395964288444,2.248465910028491,2.5163456173714946,2.3216097630816,1.8914388231901378,2.3111236260203882,1.7952579576155006,2.2123650548676306,2.6464833383160458,3.0236504344597526,2.7175253130612482,2.5730685609425508,2.6455868246113683,2.649104327975334,2.991170697494157,3.353467702326851,3.177635135839411,2.6499524047373306,2.490381390759694,2.6966755867404806,2.497864604728138,7.536160313938849,6.354081494151977,4.442256189681635,3.7116642885302387,3.9104151912008644,3.338874427454298,3.5416091978193025
23,0.0,0.0,0.0,0.0,0.0,0.0,0.0,0.0,0.0,0.0,0.0,0.0,0.0,0.0,0.0,0.0,0.0,0.0,0.0,0.0,0.0,0.0,0.0,0.0,3.113338283892141,3.3211661731788737,2.8641892793464305,2.770153761079828,2.3421078046594124,2.624695341494939,2.5780719452408993,2.831181491979477,2.7598427834948027,3.48556808485021,3.4036139019840372,3.5819641458618676,3.562603958820111,2.761624028864145,3.126026722318071,3.2990146428215383,2.968774106732456,3.209403669431923,3.881830588084904,2.703794419873323,3.111135511861996,3.2438781666491536,2.774105652880762,2.934897922435179,3.8776273000583554,3.57953212900392,4.116896875103273,4.001351071001013,3.0468244926623695,2.9124533309207443,2.457844632394062,2.325725443856752,2.4044834008830787,2.341564678318815,2.4033822790975536,2.696720025740528,2.2501918175407765,2.3024314187322514,2.74716784572985,2.1964605452524064,2.1307746207618323,2.210800057360848,2.214351329843834,2.0941058667848087,2.180108820190211,2.4335142870396442,2.3063079267447613,2.135024428935967,2.6504401270011297,1.848869912439414,1.4550098100240345,1.7403086556031178,2.6198863963928574,2.8744325771611625,2.5582354153940297,2.4530425670780494,2.748894357233408,2.660271878616202,2.177651478864091,1.4334842620181165,1.4759755642610002,1.9250524000807214,2.567773025375502,2.524483597133124,2.6863588370164777,2.555391190667919,2.7671086736143327,3.037134352282078,2.6431939257758703,2.604883160780293,2.5663423757489507,2.241649395921975,2.5335644344936017,2.2429429136162975,2.136283603787156,2.2073991482512576,2.3094529209097447,1.9491171302685069,1.9713599975817058,2.1890821227953565,1.7536320483946024,2.1218298972485865,2.504201313325795,2.7979919333598984,2.593200159631392,2.379339848827675,2.675500694945013,2.8409654072291195,2.8736902224385656,3.134743219297833,2.846512303512788,2.5041095257574004,2.4507830632166208,2.577493824239721,2.3583149803808974,4.721622643553915,4.270532921915181,3.3392333784405452,3.3574247837959126,3.361600811598132,2.867034206177266,3.025157648330102
24,0.0,0.0,0.0,0.0,0.0,0.0,0.0,0.0,0.0,0.0,0.0,0.0,0.0,0.0,0.0,0.0,0.0,0.0,0.0,0.0,0.0,0.0,0.0,0.0,0.0,3.839489311462517,3.498167461114998,3.329520121768644,3.147729763844985,2.8688234634933396,2.43738917224948,2.8405223401749264,2.351508841638126,2.81262750965805,2.7999719117844832,3.003032373465539,3.0705883797823224,2.6514007102122568,3.122463495623445,3.287130101814264,2.8195635335569094,3.2922280982803818,3.428292287526736,2.492867053139867,2.843253411868999,2.7699224592158487,2.6749412123744203,3.2011399045201165,3.450074274054968,3.1576688270863422,3.6215972915748615,3.2290383861724634,2.876700821847483,2.533245514556272,2.372611219640502,2.2571004682671645,2.227846073056781,2.2758269155822584,2.5851176365166175,2.801063245938732,2.625935820535505,2.215477780180607,2.471593054910937,2.4019601253729017,2.199214701206533,2.0247694053012695,2.363682773864293,2.1196418035634634,2.058321750258369,2.5395867786548623,2.3307935410779557,2.2093761428272205,2.4816201457829155,1.8674139724252161,1.3304723477645026,1.7395241205270016,2.252255217620936,2.5557217078933685,2.4247883460538655,2.407486239199728,2.7737406847329686,2.5845724168330104,2.1603514858837594,1.551857984977715,1.5487586904421469,2.0451620352830133,2.71744089667905,2.7402800199614648,2.875864021483565,2.822900705567501,3.0071281994620973,3.2330747504186346,2.863268716091038,2.4781376512481708,2.2810841198268696,2.199257307659301,2.4465389775877284,2.334694393577531,2.142883210027818,2.4482411978293364,2.323043306288348,2.1520326441103226,2.2770969343673824,2.191209614332432,1.7736349757281364,2.1549519468044376,2.48030324151201,2.8294895562554654,2.2136778240744888,2.3064022876846493,2.421645687178672,2.671200123523542,2.6555496137617833,2.896030680603397,2.709661954849627,2.470290583934389,2.6485401732053857,2.63076647793767,2.5041189193628766,3.630115291030357,3.9818519373592176,3.231938129277879,3.097111603585411,3.0268740183434675,2.6370636695122864,2.6045600194700453
25,0.0,0.0,0.0,0.0,0.0,0.0,0.0,0.0,0.0,0.0,0.0,0.0,0.0,0.0,0.0,0.0,0.0,0.0,0.0,0.0,0.0,0.0,0.0,0.0,0.0,0.0,3.71017491386327,3.7582948935178893,2.887829305381006,2.9495211214039436,2.410031345630393,2.947300462849651,2.4363535504308453,2.999363019573005,2.8789918236372314,3.0711965790342464,2.979948717395998,2.5702417419805013,2.929649531319192,3.0683663076608685,2.764840303332577,3.1379900363189965,3.3634545498215136,2.453849290281365,2.793404050240063,2.8961601242823662,2.616747814859901,3.190146380183484,3.5719134118759035,3.2945019738869283,3.9226226444720096,3.503710246819279,2.9280196006997334,2.4334222873085323,2.057465490728551,2.182261096453831,1.8918186317878574,2.1553110295987614,2.539194190239111,2.8404284949221354,2.544031833486531,2.027427230649238,2.4732039104413985,2.2999168358740385,2.040207189065466,2.037653893680656,2.1283293185959145,2.0573207401132385,1.8838216690324288,2.4264289671674844,2.1795460163945357,1.955923691376207,2.3377587856329654,1.8248980269770934,1.45370699859698,1.831293654085955,2.3091530337254,2.6576164059160376,2.364558314603139,2.2666086306369513,2.694126921720887,2.3211215826988676,2.0274043124320995,1.281434023007757,1.2075298313244007,1.777853713049897,2.333599531077253,2.3853786035664912,2.575498034732511,2.335764535457876,2.716446494282289,3.1981430057355182,3.153412467009232,2.8267766860088037,2.2545674052875797,2.2877369299297836,2.950170084670585,2.5462450823597536,2.3825327620624597,2.5449184233794457,2.7531213477769283,2.1120942776198257,2.237830757707794,2.238089234762253,1.7675041965763434,2.147112938357815,2.578529521229921,2.9685215023117912,2.2895594196099522,2.2521216688735857,2.3634282034851686,2.5214334626099606,2.613333733045388,2.8155033446978956,2.6867585985720495,2.512109207528597,2.431319149903395,2.6808630936019386,2.4499978749443136,4.250262132545075,4.515687619932382,3.4806726687090763,3.348456540823199,2.930319171069218,2.6022191502145797,2.5143686326187518
26,0.0,0.0,0.0,0.0,0.0,0.0,0.0,0.0,0.0,0.0,0.0,0.0,0.0,0.0,0.0,0.0,0.0,0.0,0.0,0.0,0.0,0.0,0.0,0.0,0.0,0.0,0.0,3.6526927773547944,2.76591869896048,2.8832134157136884,2.351325886578209,2.73528279928238,2.4846615128591885,3.011146196012465,3.006960031499093,3.1994175943669863,3.2529008181287002,2.7432235461090064,2.9255502130005997,3.2117117684370275,2.845553029419278,3.218926763450664,3.496182511978605,2.6415222717135705,2.858936948398858,3.337534372887811,2.649148331620595,2.9798171329593868,3.4482863543142397,3.2402564756125254,3.782293603705441,3.42895499696563,2.7834489338745,2.4266847087279726,2.098033488016814,2.117669036454452,1.710443377212022,2.1333558388133893,2.381657023870064,2.714951149990288,2.3078288655685917,1.902322712929882,2.4753820704872807,2.155487701148323,1.8386961181837087,1.9479463129306644,1.954575277597561,1.9691792863748416,1.767423114932183,2.430723889865117,2.448977910701255,1.921335718612578,2.3992097032900057,1.7049209520200848,1.3950386602972622,1.7173683796949588,2.247375394473869,2.8025410494469507,2.4555873302765803,2.8607820858482693,2.8743074132734856,2.4213125992295494,2.221065857022785,1.5583475852492175,1.4412382935221582,1.9455019721083262,2.624951777045869,2.564052269878813,2.7277267562664473,2.485472217490688,2.799122412225784,3.178145415149356,3.1287166306762058,2.9272430149595325,2.213189843243547,2.4113215979171656,2.890667412645747,2.587392444831989,2.2638175833076297,2.233797686841478,2.9335685654822465,2.1213734777346946,2.4376152479291906,2.4321114639949832,2.007266752629318,2.3734506523417855,2.5509474363448916,2.8632340395873648,2.4030004435264196,2.371503820129029,2.473330727723429,3.0105759711108453,2.9075057017069987,3.14417969020448,2.825962386443677,2.673433906964895,2.828585325544232,2.8074793487347423,2.6046109317036783,4.454637558356316,4.558273103245761,3.24100397268854,3.4139937547105212,2.9104370868665828,2.635426022929514,2.5728904273075393
27,0.0,0.0,0.0,0.0,0.0,0.0,0.0,0.0,0.0,0.0,0.0,0.0,0.0,0.0,0.0,0.0,0.0,0.0,0.0,0.0,0.0,0.0,0.0,0.0,0.0,0.0,0.0,0.0,2.8854807119737638,2.8197411993937163,2.3637923210537584,2.7194246159951088,2.2924621419563453,2.671500695660598,2.5517665901846485,2.506346905557001,2.842899472140355,2.2881534577353437,2.7321551650336175,2.915373046675807,2.5010988093041515,2.907076651055158,3.0403410151946706,2.3202824095773606,2.5165580779656604,2.867072052748562,2.514403062522741,3.131554653172924,3.1096685105695534,2.7386601057372713,3.171809662444275,2.9987684805810497,2.868135472776866,2.312499106437469,2.2035152521965204,2.1121022494125565,1.9972393455897075,2.0655341892166024,2.028136786201465,2.1657746355030785,1.9690698576095966,2.099951519305655,2.0970830209908944,1.6620673824463614,1.9861821985477268,1.9849194658121898,1.9394955038763726,1.8738169027689926,1.9222237138405656,2.434539701764152,2.2361991776021584,1.923569244563917,2.201335361788928,1.6884779125768492,1.3192655513245064,1.6052654000687967,2.117485749369745,2.243903187789784,1.8754260103439664,2.156106649474978,2.0210878995754364,1.9459195157534876,2.0591128624280626,1.5721839294023956,1.5477457368066951,1.822644243306661,2.1559528969486816,2.064506142405187,2.1898530158449536,2.4653043382877957,2.5548202674886977,2.6587505925220234,2.5408649462357733,2.696602719641552,2.2187490712861675,2.279907737171484,2.749188438007048,2.3496148183633694,2.3925461807903377,2.4148426996217673,2.752415891776629,2.3150740895431743,2.452534637095822,2.485560049695085,2.0438255293323087,2.395483293752048,2.380248047769259,2.633780406745394,2.4779847975977183,2.43295136710064,2.1190000271578713,2.422636103797366,2.3388892669292347,2.552566972629953,2.357401424261788,2.033959552482059,2.4566779749930276,2.3547547376904285,2.376658430949059,3.430339953013254,3.9194542151930225,2.9540467421716796,3.2133765691695295,3.0456726600218835,2.4781949869513107,2.4572251627133985
28,0.0,0.0,0.0,0.0,0.0,0.0,0.0,0.0,0.0,0.0,0.0,0.0,0.0,0.0,0.0,0.0,0.0,0.0,0.0,0.0,0.0,0.0,0.0,0.0,0.0,0.0,0.0,0.0,0.0,2.2797480317693926,2.021150384766043,2.2618184492884557,2.2394976629762313,2.4638740552246405,2.4716861858850576,2.4444443549098924,2.77412974765071,2.358990658001486,2.4920253765278977,2.647531717622021,2.3668660443816276,2.566812271074543,2.664461171829171,2.252983716614645,2.4004561856736784,2.83031863338743,2.3650719371539313,2.739930307727718,2.723221564014972,2.5985548432440777,2.7590708554183685,2.722890982117617,2.361078547048634,2.026195627121973,1.808203871091519,1.9497785064096798,1.7535961448543407,2.0531895631276735,1.954311613807949,2.010016338656358,1.8050763375227423,1.9302977534498382,2.117281103505717,1.5927817715326413,1.8229556408009897,1.9543076222318945,1.7840237162247519,1.8927324660170954,1.8043302834000068,2.291803752623693,2.271966741364499,1.9329476460533266,2.130885201094565,1.7266818891769335,1.5981196331524574,1.6192188961435416,2.0757135617805593,2.0305540715760237,1.8715971982067026,2.1222139456656457,1.9924134363064216,1.8345352310994336,1.8557255654331564,1.4919958218179772,1.4654492192788064,1.6639231398611054,1.9811639706393127,1.878608750325706,2.0225890645552775,2.1057732980134323,2.2323058808988017,2.546719217652115,2.459539721369155,2.630231452731498,2.0385324985119793,2.0478712256124263,2.539754424434944,2.192292288454848,2.238693729216605,2.1921787173897114,2.6097651692225874,1.9849721999062264,2.507544719331837,2.2918280127355044,2.089501828252154,2.1474264183075826,2.286658768411583,2.320585246043167,2.2223332974924013,2.200153799798262,2.0417862300462777,2.5557033078328426,2.355519498826842,2.5235813157025895,2.1589408171415454,1.9661536254713952,2.3490772616401734,2.340537489827256,2.3164077574993334,3.2003907790485355,3.4415043787495194,2.538506926726166,2.9414517248035956,2.3895944591202993,2.286591860863944,2.2343711785197264
29,0.0,0.0,0.0,0.0,0.0,0.0,0.0,0.0,0.0,0.0,0.0,0.0,0.0,0.0,0.0,0.0,0.0,0.0,0.0,0.0,0.0,0.0,0.0,0.0,0.0,0.0,0.0,0.0,0.0,0.0,2.6841192358301127,2.817201870452421,2.7177297313897175,3.1014788840009615,2.9963155582445564,3.108660767711808,3.5987667312710583,2.732776354480379,3.470323643301475,3.607883579033381,3.3859763021857345,3.638402185259509,4.218857543145527,2.980676365115614,3.098139327590776,2.9715568620388875,2.436801969682108,2.6128152719803355,3.442044814825996,3.05609419093572,3.764416511827358,3.8075305767630923,3.2603117040700207,3.160734894442575,2.416277632479046,2.1593533004605523,2.2434345817790478,2.3176826946308062,2.343133892282342,2.562522826187544,2.2762409236612484,2.247305620294555,2.858092630566953,2.1919558433221584,2.467428510181531,2.6418889493538895,2.246631863148751,2.3734034185147603,2.4123432005629,2.440032242396298,2.2286585952748696,2.4422766055248863,2.974534522127114,2.175926166563852,1.821348759266526,2.0980531272942984,2.9075934897590177,3.15016515524834,2.550254607630048,2.251753807803111,2.2869885681282005,2.169560478898629,1.9832757806794346,1.6351035558781357,1.6469338956271111,1.8346015330856877,2.192312015110705,2.134352461403655,2.276178331639632,2.277388038403222,2.541274273337093,2.8103821849841846,2.617283678724965,2.5251672244263466,2.575538309562262,2.0924661679156733,2.5895761610431682,2.268347345554501,2.1906761992040558,2.384684441090162,2.5238551971313736,2.1526729690494384,2.286463001563963,2.1883324603986924,2.0149148590664825,2.143406571839222,2.474925216875259,2.577839831315891,2.5187167887757407,2.303636598708245,2.4382412685912693,2.411053116107521,2.6631480925748336,3.1738926311249314,3.1019404987190855,2.4179529924939414,2.2763298096685416,2.4443154462935133,2.244800811243042,4.6299871072611065,3.9817731760773722,3.2882964367997687,3.614212196605169,3.8897350517151827,3.4719727177787414,4.016656252569746
30,0.0,0.0,0.0,0.0,0.0,0.0,0.0,0.0,0.0,0.0,0.0,0.0,0.0,0.0,0.0,0.0,0.0,0.0,0.0,0.0,0.0,0.0,0.0,0.0,0.0,0.0,0.0,0.0,0.0,0.0,0.0,2.6511687593195994,2.672677560397065,2.815195428811675,2.7936945321499134,2.873400235518487,3.3623091460215986,2.4283317157082784,2.856604706699332,2.9897475348228446,2.7831832133778382,3.1815202476311653,3.625928301760478,2.5766325237122087,2.9507391596749932,3.0221180994509,2.4733274235525715,2.257387079522838,2.8520992895597486,2.883633973763886,3.07384859707165,3.234044301800218,2.941722888624021,2.867290643019981,2.383786665127573,1.9996463403586586,2.1364991220865326,2.3510606932074194,2.3582840291270535,2.57170042066594,2.4879316051918066,2.2634458212818394,2.6862256749476106,2.1504404772969075,2.4140014547443256,2.254345461218114,2.290411923622865,2.260480454010076,2.387108659626726,2.209883047251763,2.1335965006217448,2.3822912823533957,2.5178065236180593,1.903660599845219,1.7107047618058382,1.8618123416172792,2.4679752107532824,2.4904229612249646,2.244085258266665,1.9825974260511001,2.2292786784512924,2.0335100341914485,1.8251664730574282,1.542850627898864,1.5118900717469381,1.7173885147493744,2.067831334175856,2.222538888687011,2.417208428169044,2.7220953241087553,2.6950585821086124,2.9891052895451535,2.5924719144411954,2.4317634743533176,2.486887524998312,2.089378503555235,2.39852060106927,2.2606321392320687,2.1169326377648767,2.3289001317751525,2.236830150531368,1.9820918771017395,2.1262506475734684,1.8133412812415532,1.583007333170684,1.8109462376604273,2.2795625982058842,2.3281430897264372,2.3688585488275105,2.1539725873766824,2.3450240347504736,2.191627408623396,2.475182265622175,2.6547404394081093,2.577189322353846,2.141044574231311,2.179697396588435,2.3097045022138056,1.9355763962062078,3.258564289993609,2.9963135818484825,2.769556295469809,2.9894155754491782,3.2759493403387006,3.0087209759402995,2.736191405218403
31,0.0,0.0,0.0,0.0,0.0,0.0,0.0,0.0,0.0,0.0,0.0,0.0,0.0,0.0,0.0,0.0,0.0,0.0,0.0,0.0,0.0,0.0,0.0,0.0,0.0,0.0,0.0,0.0,0.0,0.0,0.0,0.0,3.011089143289904,3.5485616825596624,3.3989685502409794,3.859094118726705,4.082122625607741,3.2863892034894064,4.180304253703688,4.0682928923579285,3.616982180335567,4.061939457530178,4.421002122189185,3.0919375493145806,3.42517206623086,3.4996423217657044,2.802498547046475,2.6074271342689412,4.274923294115827,3.567657333197155,4.612674367297023,4.207062481246186,3.424378074635711,3.0657500124891346,2.4991965272734777,2.142695468789749,2.2076834868880586,2.3498453880810763,2.378207335996866,2.7475534569833022,2.382499341920019,2.202979867797231,2.9894269460030656,2.195568379307322,2.151801912171513,2.411063837128743,2.245447370937335,2.226910104974691,2.24479773808707,2.2911932823415375,2.241852234007744,2.1399427820515706,2.9249032388506544,2.067208547352656,1.8605167321151739,2.080896381519914,2.9319205927591074,3.268335485144527,2.6959638508939703,2.4348457600526747,2.819661002037616,2.516044231123184,2.2219676502799808,1.6351377306705133,1.6060781130972985,2.0144748412735916,2.3828755521914586,2.58233095982593,2.8281772530353395,2.942933381542647,3.153430340081763,3.473002631190568,2.750991879045841,2.413885031465842,2.583775163085361,2.104899351840659,2.4401773267652414,2.237844414410497,1.977759352689662,2.1419826685874304,2.2683762900422773,2.0118768222534733,1.8537041044208575,1.9866218087970562,1.760263534330405,2.08056555644423,2.600322785588207,2.7907036580699445,2.5865886298467102,2.418834907116025,2.6491570602718486,2.738750920818438,3.0323912365937686,3.452598134543214,3.235788873779651,2.550140591397168,2.3942035460535123,2.5182959661839677,2.365442244478608,6.6860541167097525,5.552446772054763,3.7366970747884545,3.7253857967870294,4.0369103107920825,3.523933372448936,3.463286953924522
32,0.0,0.0,0.0,0.0,0.0,0.0,0.0,0.0,0.0,0.0,0.0,0.0,0.0,0.0,0.0,0.0,0.0,0.0,0.0,0.0,0.0,0.0,0.0,0.0,0.0,0.0,0.0,0.0,0.0,0.0,0.0,0.0,0.0,3.3123360756014715,3.3890057693961544,3.7637111006599206,3.9466749591159194,3.160285968079276,3.66921729297517,3.524178500446181,3.1027049580919406,3.4847966424262715,3.7904053671735403,2.905033008018983,3.5180442812728807,3.7086737677230706,3.09277683387851,2.6533589067992396,3.9117030380297813,3.6331686806770733,4.192586653095139,4.4036765831924125,3.584681899404037,3.1947796495988676,2.128452791197194,1.7532995170309835,2.0491682938533615,2.294859129908381,2.472456520689245,2.8728406850796273,2.8381874582431665,2.4078164283145305,3.0802462177127485,2.4383129452240775,2.6763729751241803,2.6911019438953394,2.568960415448571,2.6221822373662707,2.4653232594470347,2.3932555214826077,2.4345793789128383,2.6204232452684098,3.1845941336129577,2.653459764365845,2.486418256293457,2.649127511478555,3.1646563070537557,2.847291683340566,2.6771193268690365,2.0977023503598105,2.8102930987197086,2.7896733981686586,2.125412892601536,1.780109393365819,1.851383729445372,2.1708536738024966,2.526036844376921,2.572483351249626,2.747577437890693,2.8754764971357845,2.8695403764538203,3.318333568073295,2.623550558593545,2.4035088862555987,2.424081075484805,1.8528624292576796,2.293226488969257,2.1534634297673416,1.9261500206362345,2.1554891687348565,2.083661846934409,2.1723871955544527,1.8850642609973993,1.8126956979039555,1.5412062199412238,1.7597164103525627,2.5914897075472387,2.518013132413272,2.447087956136216,2.050306448619174,2.6930362459221797,2.7265647086845877,3.1277567433832907,2.9574279353279196,2.766754077496654,2.2699892517693456,2.2911665437869386,2.4270229661854814,2.121403623916039,5.000216865967992,4.669120857471676,3.672936633831822,4.04249936922222,4.578896618119279,3.689736338150816,3.9536616455161573
33,0.0,0.0,0.0,0.0,0.0,0.0,0.0,0.0,0.0,0.0,0.0,0.0,0.0,0.0,0.0,0.0,0.0,0.0,0.0,0.0,0.0,0.0,0.0,0.0,0.0,0.0,0.0,0.0,0.0,0.0,0.0,0.0,0.0,0.0,3.5994440649231842,4.606538938194212,5.872129813525873,4.364148882367705,5.4093040093018585,5.222117816603397,4.654606403383123,5.331073679711113,5.995056550803128,3.922578343897349,4.761857558680153,5.109707548576131,4.352481552109114,4.2086642931787175,5.290580452613678,4.34608042710608,5.560220070194933,5.3781965611722775,4.365638648351625,3.3995108774352008,2.2260518443785995,1.8097207942994527,1.9612241389102096,2.499928992571298,2.553240685366789,3.150426242012815,3.138862650012369,2.4694073633610474,3.5758832537758476,2.6713395709563565,2.6922172564171976,2.97550762502262,2.874279326186984,2.614134280514143,2.491345463096253,3.1002684527142073,2.8136068786836765,2.661816307834324,3.63239751173161,2.2602609835176404,1.9750620197442785,2.261223581861112,3.5665943240544182,3.7440002029404873,3.3520535079494533,2.563647790766985,3.1752636812028077,2.993451793039174,2.277375674716773,1.5666005280523154,1.5638578079468644,2.0360389871131335,2.55938980117118,2.6937980339722527,2.9458134899604413,3.104242748260236,2.9529378289775936,3.4680093455035004,2.5326216054994704,2.4113142979580746,2.5178681224970894,1.8944724582444636,2.1126712202579503,2.1803127743749204,2.1102162668395867,2.135550687261765,1.982957179569859,2.0945626772051154,1.911998849009155,2.3173635629754195,1.7598453905413682,2.1589333832744573,3.433069014124109,3.4525331261347354,2.6680169922448584,2.412370515910555,3.0469830217855867,3.2454470882998474,4.110354506509319,4.281972680655171,4.010259125653386,2.9199256256906283,2.3911056790686613,2.865352538927115,2.626717216484665,7.954449746485944,7.475396778095574,4.840159463762991,5.3844808380203295,5.4763073106355815,4.396043333679521,4.501321996866474
34,0.0,0.0,0.0,0.0,0.0,0.0,0.0,0.0,0.0,0.0,0.0,0.0,0.0,0.0,0.0,0.0,0.0,0.0,0.0,0.0,0.0,0.0,0.0,0.0,0.0,0.0,0.0,0.0,0.0,0.0,0.0,0.0,0.0,0.0,0.0,4.823307614458999,6.166176740922664,4.649758280571799,5.622655426097278,5.481776717227872,4.827967483896654,5.371719685298835,6.1990339157097045,4.078066737920836,5.156193349029457,5.92139123199154,4.932925448735066,4.935980138597054,5.5234965014205555,4.537490617121682,5.3622883540946225,5.491912025872716,4.305660895331244,3.4197491645891156,2.2738381742114764,1.8689069848307298,1.835845262849067,2.4994221862181187,2.773566488090907,3.384957091871165,3.3133594038591805,2.6407522021526892,3.7655506549810385,2.6349238322091706,2.972878362334391,3.0408097859301337,3.271463792022153,2.6259795641790906,2.6291487239550158,3.544278488924652,3.217846189667956,2.9759542922816076,3.95813753643188,2.5385462810010937,2.379879947786426,2.494963952330471,3.800599225680142,3.5956112618927714,3.4318907619465393,2.6125021925427023,3.4115231577095484,3.3110916143050617,2.547871196844905,1.8796246523935467,1.9311207036432527,2.3320118267030074,2.769470211867692,2.877230316745114,3.1259617530665995,3.354265087419306,3.3473986498170683,4.009997624964812,2.8775357567328195,2.701785200547145,2.53314276549803,1.9376283186146026,2.5014077067366234,2.4371427881196412,2.1122331654707063,2.1693710028598026,2.310528332163154,2.3524104540444313,1.8025107459361784,2.2161972574837296,1.9657077332137327,2.161694601393652,3.135500399624061,3.2297354469893262,2.742176530595692,2.5477199592498714,3.253966762257534,3.4810366144610465,4.499289537628753,4.274735519507806,3.9774460876825435,2.974119525664692,2.5702224388824857,2.967674229165971,2.687377832513729,7.630136377912995,7.309867875858976,4.544689993895141,5.317231033473183,5.259880862090814,4.386888440564847,5.092542358087729
35,0.0,0.0,0.0,0.0,0.0,0.0,0.0,0.0,0.0,0.0,0.0,0.0,0.0,0.0,0.0,0.0,0.0,0.0,0.0,0.0,0.0,0.0,0.0,0.0,0.0,0.0,0.0,0.0,0.0,0.0,0.0,0.0,0.0,0.0,0.0,0.0,7.325982828509886,6.1958351560893865,7.609065361586323,7.53971278095803,6.38673444698485,7.081589405213097,7.800579268970785,4.986958613257276,5.654473813078814,6.1324862613465285,5.238452718563415,5.632979873939437,7.054944509576723,5.5782296953423165,6.7842793040946185,6.375447004847742,5.1301543720059986,3.7593442388083016,2.2912176836536533,2.0401893864693768,2.142542067201349,2.789278253371384,3.2269285493854785,4.5504759426097605,3.734179568434552,3.031349380363274,4.459367224161002,3.1178910396867012,3.2263981547499814,3.719503589581511,3.3791561881917405,2.9676828305013836,2.9150467334915713,4.074641296850172,3.4658211487100736,3.222945168542461,4.5853051086290915,3.112353432298158,3.058326204821084,3.180601560483387,4.540527536255938,4.681399840729376,4.119670196980155,3.398875649391449,4.229119504463297,3.8468577331495744,3.0957945252561028,1.7345668916961325,1.7982942439430365,2.380974090533111,3.179641360466739,3.1985454609485466,3.4936254822351533,3.816041671953252,3.958775186220817,4.651204881588699,3.263981695181218,3.3041595255322784,3.0715763044120883,2.1700096691912774,2.9595950674981273,2.6750534163080855,2.245109059792375,2.24309192088982,2.330162277988836,2.2942933101369847,1.7997982922188043,2.7513069141632376,2.0506878642549986,2.3143780903693467,3.5654282873893877,3.679575225813452,3.0757853100248713,3.1132592513504127,3.892693153878145,4.984208191985436,5.06287929924388,5.711146870675628,5.160185873424406,3.9656038284015067,3.0047949526342586,3.9734161343528425,3.6707209538001684,10.453865178836095,9.422850759726812,5.718694882517681,6.751100878191872,6.675468537048582,5.298306310493328,6.249168089864
36,0.0,0.0,0.0,0.0,0.0,0.0,0.0,0.0,0.0,0.0,0.0,0.0,0.0,0.0,0.0,0.0,0.0,0.0,0.0,0.0,0.0,0.0,0.0,0.0,0.0,0.0,0.0,0.0,0.0,0.0,0.0,0.0,0.0,0.0,0.0,0.0,0.0,6.944041978890916,9.46806978409675,10.32878370450612,9.157776647198853,10.913240817942825,12.614356328238149,7.043868409408156,7.669628576091247,7.791607036983588,5.584509961653017,5.917012642630502,7.58649208651081,6.3580494064733735,7.723427343329662,7.738279331274129,5.141046921219743,4.151144414699931,2.5111777851585764,2.3909144936177946,2.1651370459855546,2.715382731231062,2.9385131106373343,4.0545376183270685,3.517552966569345,2.6101669265987053,4.579261913458799,3.1206204815937904,3.2551626590351055,3.366590958935853,3.990713759672398,3.2741964906609535,2.8812511404071426,4.139863217926635,4.23007938910835,3.3706429134301703,6.274595075630701,3.292154741876884,2.805423926164252,3.408393325533103,6.493741401629354,7.113756731018528,5.331905575904739,3.7889658961924653,4.235400001383171,3.9404157300074147,2.977692710448895,1.966483245753415,1.8265031036647377,2.6285876032552156,3.358784585837691,3.3530383258670455,4.511837558850542,5.023509385456368,4.609361340305409,4.866589127385803,3.0420642694838493,2.79579962934856,3.2211583237800454,2.431897326472306,2.633564296193955,2.4332119067083635,2.442745323714476,2.793497274803216,2.709733088799109,2.3618094128224847,2.358697190619251,2.6821359706502768,2.2625324844002046,2.5648222567316914,3.395593334093011,3.3155666174159526,3.393211136377057,2.938026190243891,4.0256013075672055,4.433610781888616,6.385325225458832,7.472750526892262,7.479901073516228,4.67014195211566,3.387603945479677,4.464705414054035,3.56250848460996,10.356648750606803,8.91209542257099,4.745830709699797,6.553219055551926,6.961738583884788,5.134788395989503,5.54331859709887
37,0.0,0.0,0.0,0.0,0.0,0.0,0.0,0.0,0.0,0.0,0.0,0.0,0.0,0.0,0.0,0.0,0.0,0.0,0.0,0.0,0.0,0.0,0.0,0.0,0.0,0.0,0.0,0.0,0.0,0.0,0.0,0.0,0.0,0.0,0.0,0.0,0.0,0.0,7.1516452152072265,7.48771723317367,7.13898272448673,6.423843959899203,8.143328798477476,5.263337158372212,5.653661803689915,5.268196170623764,3.9685815765307213,4.02534433774458,5.896769450091508,4.612962797557274,6.24760601813157,4.91604902802853,4.289825357792871,2.8415140497105082,2.036859012200923,2.0382752658977417,1.9722023928618655,2.194162496140768,3.082501638715953,4.28218076886242,3.0726405492820694,2.616569331833247,3.5734774400860876,2.9299902254605117,2.8179768853182354,2.7783380491954093,2.810585306691346,2.560173583146721,2.3416172121985737,2.994086330653535,2.95990245307392,2.429841934188845,4.963083395045947,3.304777865638015,3.142136020438658,3.5328381166441076,5.2876926633943455,6.493892052771699,4.888159520800233,4.777560302606211,4.2915426744773955,4.613771495600275,2.9937416050453725,1.6449544137566405,1.5602849179715939,2.470138171892487,5.295080258732592,4.440585179281154,6.805956898036748,7.298073502039169,6.73037828034204,5.439159263278024,3.59779493506017,2.678699433431249,2.7120636621504617,2.0266609527777018,2.9853266789134025,2.4687032349506954,2.05673027914222,2.6011922207953293,2.654380159346981,2.17037918052008,1.8584802981241513,2.203896921616846,1.9160821033747384,2.072074313038297,2.6975440174721412,2.752810601949029,2.7741675132860775,2.6369428220481907,3.635671670313497,5.1794636156588405,5.28474751416326,6.066186163677702,5.548968508982846,5.853857091320198,5.64339538479966,6.332132370015301,3.8270229161105256,9.942700406076165,9.15605183254326,5.005105659207459,5.364264267533151,5.363964314501386,4.099681384218274,4.3196200691405755
38,0.0,0.0,0.0,0.0,0.0,0.0,0.0,0.0,0.0,0.0,0.0,0.0,0.0,0.0,0.0,0.0,0.0,0.0,0.0,0.0,0.0,0.0,0.0,0.0,0.0,0.0,0.0,0.0,0.0,0.0,0.0,0.0,0.0,0.0,0.0,0.0,0.0,0.0,0.0,9.482889709909518,9.547435455233137,8.167390513125516,11.19866853429265,6.797000875059868,7.893261907900202,6.833919872033747,4.232350501985067,3.967501317295943,7.1283030934935265,5.84148948598232,8.748677211579379,6.141801036511393,5.528965465995797,3.7546049314809578,2.2832548752864055,2.2330857830386437,2.047246992684627,2.44296147230809,3.796480655495936,4.847204515197147,3.4495555946690613,2.9196513601958136,3.9931501694869103,3.1826072515655306,3.138788028060074,3.237841083224429,2.6978603707988595,2.7247467714794076,2.064168019910149,2.762491960554768,3.3014744208177587,2.2536426371894454,6.480291004799856,3.557261550075921,2.9795694378345177,3.6277427239159583,7.304193783327162,8.964949123007575,6.401395626488643,6.147231894405506,4.807898126132361,5.0143319797199,3.3006764872906373,1.9801315976129836,1.7658226739927447,3.215951182509132,6.280943818447553,6.4747166905656295,9.100072766357766,11.865188804133368,10.916422552123384,7.9798163175472405,5.077131044072257,3.2134715336418824,2.932591747175744,2.0209861463616723,3.814328852707758,2.8704125202684443,2.1677300382157774,2.6244499888093427,3.218321441411324,2.3944728142840073,1.9526416819941512,2.786260414013994,2.4187370621351385,2.7777768586724596,3.3493932850919617,3.660680493559661,3.293833802240099,2.9136779142035483,4.180833749908006,5.759279424537366,6.880276603560046,7.763075083669316,6.962963832174163,6.1749129819557655,6.361047660009901,6.064422107675246,4.696666229393572,14.169702283717141,13.01746054828428,6.618613747419902,7.081348759103593,6.9187538158790005,5.207227810429302,5.372306028875784
39,0.0,0.0,0.0,0.0,0.0,0.0,0.0,0.0,0.0,0.0,0.0,0.0,0.0,0.0,0.0,0.0,0.0,0.0,0.0,0.0,0.0,0.0,0.0,0.0,0.0,0.0,0.0,0.0,0.0,0.0,0.0,0.0,0.0,0.0,0.0,0.0,0.0,0.0,0.0,0.0,9.879609768012001,8.585462885131093,11.912668719389675,7.415534381243312,8.339786442446789,7.248221970569315,4.5910562893093285,4.554045354376168,7.284545794897291,5.798658664288699,8.384296509793066,6.091951918578679,5.334941214357466,3.758998624876675,2.428601039155762,2.2942039181987126,2.137892151859922,2.471217161523454,3.7160162603941735,4.775662027526487,3.5325712489790724,2.8419862432923977,3.847011848074427,3.382823286656061,3.325119233197453,3.089816581223035,2.956474679979488,2.9776038824671467,2.3805810447741877,3.0614384046479834,3.5574877463877366,2.752252506556803,6.738537783127577,3.4997763579667387,2.829341740063958,3.4501643724627886,7.358821691833414,9.233196211218289,6.750825057496611,6.039577081935768,4.758617194615263,4.70519928081873,3.1675483480701443,1.9323782948707995,1.7859442030135275,2.97332205304763,5.614449260547995,5.779589774577602,8.055065222696792,10.20981038714677,9.720569687816072,7.463644984978739,4.913414179704838,3.261007782540875,2.9431239446574757,2.286743887646187,3.962827461233139,2.97294285689869,2.234934608405463,2.877660240383409,3.3447829419566246,2.3989152232360964,2.083120270389288,2.587945939859242,2.221959439917641,2.5709477592511845,3.113841120596887,3.407571773718364,3.130317205118544,2.745414770045617,4.0832332624396575,5.6517150753351775,7.08859701510252,8.405530712454064,7.807262768149956,6.120127916669015,5.774471205878149,5.731742894579255,4.564248087977045,13.59853636527292,12.574069688557312,6.208977736760392,6.813616737662658,6.645154074986611,4.990976623892482,4.917410009719072
40,0.0,0.0,0.0,0.0,0.0,0.0,0.0,0.0,0.0,0.0,0.0,0.0,0.0,0.0,0.0,0.0,0.0,0.0,0.0,0.0,0.0,0.0,0.0,0.0,0.0,0.0,0.0,0.0,0.0,0.0,0.0,0.0,0.0,0.0,0.0,0.0,0.0,0.0,0.0,0.0,0.0,9.87183915238384,11.020462564644365,6.6682737124337725,6.834054578903453,6.396454832649426,4.461693444911233,4.733075739392283,6.463894375385572,5.063286579983616,6.849478918283304,5.659084933983866,4.777791221138435,3.2771035687013854,2.100470254782378,2.0215616534229137,1.9901101524111822,2.3374827388832884,3.23632570681253,4.109870322780414,3.4699681252524734,2.6041508063950856,3.6352684295129083,3.187985060299367,3.154655201068878,2.9711976538045812,3.105984440664255,2.992725610840468,2.5999379579112953,3.2347500219275758,3.433282400030311,3.028278324195877,5.594890434701318,3.472690975312888,2.7585595543891634,3.384577468016431,5.952657962755138,7.216415814532976,5.460535101816108,4.945054653375954,4.280662049326177,4.086170604375291,2.79189491556006,1.7951500724110132,1.6793934612275445,2.5690024155141966,4.214645346035598,4.377545465094911,6.133082875779945,7.075835070712691,6.573146007303178,5.505504930140832,3.8350378776280944,2.732463335121647,2.684400991525248,2.1195088694349082,3.172798187545474,2.616543240674084,2.153781059113424,2.7786942492493716,2.815688095007771,2.2205278454937982,2.083700058691511,2.425338399967773,1.9837157245657009,2.3878996847249994,3.0082328269271708,3.0254276607156347,2.789008909071751,2.5347130925563195,3.616431943236459,4.6014159785505235,5.877702686750915,7.763260198141672,7.373643895252872,5.732659996287544,4.7159916875759045,5.619985702399948,4.366241212502665,10.624775469439877,9.470392166278042,5.084316282015438,6.059586617894328,6.313129000383055,4.684136700111641,4.40705319776595
41,0.0,0.0,0.0,0.0,0.0,0.0,0.0,0.0,0.0,0.0,0.0,0.0,0.0,0.0,0.0,0.0,0.0,0.0,0.0,0.0,0.0,0.0,0.0,0.0,0.0,0.0,0.0,0.0,0.0,0.0,0.0,0.0,0.0,0.0,0.0,0.0,0.0,0.0,0.0,0.0,0.0,0.0,12.670234177431409,7.877155345130174,9.332282996879304,7.340202967792607,4.610883439339272,4.988412029181957,7.388917631784114,5.617077168229713,8.131578501634326,6.409846174303323,5.277869831526051,3.945557035897466,2.239091846618097,2.107267213461197,1.8789634791558831,2.361846824143623,3.516783720491333,4.359897508566137,3.4751377907155927,2.552533987699179,3.9570616475402907,3.2348233739446592,3.5093880559919586,3.3334561810332155,3.059572727219352,3.110322500931648,2.6581834064808088,3.3458520279639496,3.735538952487806,3.3518892424922253,7.898688407476991,4.106961766010077,3.0907632326410166,4.003954250671474,8.599455837160777,10.057211972536024,7.1921156206584165,4.758454924748845,4.215028471224671,3.3258763014909287,2.810310360970892,1.645146726493559,1.6967788694072723,1.918513088167102,3.254264726981942,3.6385432073021513,4.838216478514951,5.5368050265316056,6.431429019003189,6.09671555299783,4.162186673700281,2.779120123546752,3.055339458346193,2.3602076569571815,3.766582376935053,2.886019419574538,2.2511945407499985,3.2325944236669497,3.207218231695773,2.3696775735884317,2.0632848964433648,2.32626426422602,1.8734251270098499,2.047234172472215,2.8193071200913575,3.155600203275235,3.1618474691552074,2.8719346317191685,4.017688160185509,5.186081407054997,7.225062363167358,8.401392675014376,8.151420338998616,5.1264043857835775,3.535614162239267,4.267150947139528,3.6256875880965045,13.143419015787309,11.904232955533322,5.954451999203999,7.022523076468568,7.007739291809612,5.194884433418957,5.3464455582012205
42,0.0,0.0,0.0,0.0,0.0,0.0,0.0,0.0,0.0,0.0,0.0,0.0,0.0,0.0,0.0,0.0,0.0,0.0,0.0,0.0,0.0,0.0,0.0,0.0,0.0,0.0,0.0,0.0,0.0,0.0,0.0,0.0,0.0,0.0,0.0,0.0,0.0,0.0,0.0,0.0,0.0,0.0,0.0,8.563067126710495,9.613865124761139,9.102272532584909,6.390247469825162,6.7815774793574635,8.364009254852325,6.421492015417362,8.344427083859546,7.8534315793208425,5.688407737348941,4.410313520743612,2.4668296041451976,2.3992249655640383,2.2974857744099744,2.672013795089764,3.1116232101137538,4.369353642762773,3.8856018328851083,2.6333328608897943,4.563834796733414,3.7116780580948276,3.8296458764261354,3.759009102510259,4.283956727548369,3.7464257586061986,3.2798202091601754,4.464598845323393,4.377365134779538,4.304599554825728,7.449530458182912,4.153102607967511,3.245645243661388,3.9792345568637666,7.7980550023209805,9.32577293834576,7.099688826514902,5.099375793899687,4.880849624916007,4.11002373507826,3.1069564822563853,1.9438162690682868,1.9339472087874718,2.55977258148491,3.6550544363614246,3.6957911081451043,5.30865796851296,5.100999706302562,4.823613999733463,4.752610427981161,3.457024436549473,2.670118584847721,3.3300050799473824,2.544393071621716,3.308237603704485,2.8055248693221753,2.5138261251406657,3.3953119156955287,3.084387847165424,2.4732533968786528,2.3359653316170004,2.5927257895625866,1.9999672061355906,2.622794365935897,3.5647254545224207,3.438392662122833,3.4774634530972417,2.9454376832143168,4.200742649214672,4.972634108640784,7.708988237030612,9.909585128973282,9.742846591186733,6.329342506618589,4.362953828455688,5.984304272572528,4.7376069121183395,12.466222048207909,10.525738545077688,5.576551989483682,7.414213438490387,7.9765973391854335,5.748322168503791,5.701227732454545
43,0.0,0.0,0.0,0.0,0.0,0.0,0.0,0.0,0.0,0.0,0.0,0.0,0.0,0.0,0.0,0.0,0.0,0.0,0.0,0.0,0.0,0.0,0.0,0.0,0.0,0.0,0.0,0.0,0.0,0.0,0.0,0.0,0.0,0.0,0.0,0.0,0.0,0.0,0.0,0.0,0.0,0.0,0.0,0.0,5.7862079873418,5.24484685694888,4.3343960248232944,4.521337303635187,5.348385353600529,4.196161428036598,5.2724112598350885,5.022251278018216,3.8996045316953483,2.8978043173130628,2.010222201554227,2.0756930864772474,1.9834999782436993,2.218996150961018,2.530951304787725,3.2704252924297967,2.997200829660506,2.2058490674904103,3.364938334368094,2.906212078385123,3.0556602638882664,2.759979758273219,3.4823395806600224,3.085980246599768,2.6853548395430518,3.4381293373426605,3.22336842987312,3.5435936602499267,5.1881583396919595,3.482602256117247,3.0395026572602704,3.455106077142578,4.997947756500108,5.948372275003785,4.647474273594986,3.524848511950972,3.6848150844131093,3.1312268500687357,2.348401769242257,1.6401248522664007,1.5987503653035318,2.0911761003903075,2.6468342364954633,2.7528397074819075,3.943874516171357,3.817783019775215,3.516936351853122,3.5892453083720475,2.6133330354443642,2.164395663304186,2.514972188248003,2.039855075134069,2.3954795360012513,2.116085222130243,2.1362345575327253,2.604649280643363,2.3132671451095437,2.059300398944776,1.9710799202003952,2.122513539342148,1.9046150385190457,2.0946732510696138,2.6161464387161044,2.5248747387894985,2.5590678596476004,2.270794030026135,3.0556777635171515,3.5944859348128464,4.961676236299818,6.090443949146967,6.001948199404121,4.356504197485667,3.0618036431931674,4.032346413368885,3.281734772754693,7.568920403623856,6.76117481233065,3.862168045029795,4.888579237866888,5.001919315777573,3.8415652644228167,3.9419162676631174
44,0.0,0.0,0.0,0.0,0.0,0.0,0.0,0.0,0.0,0.0,0.0,0.0,0.0,0.0,0.0,0.0,0.0,0.0,0.0,0.0,0.0,0.0,0.0,0.0,0.0,0.0,0.0,0.0,0.0,0.0,0.0,0.0,0.0,0.0,0.0,0.0,0.0,0.0,0.0,0.0,0.0,0.0,0.0,0.0,0.0,6.691321664712816,5.061438242980749,5.405961056094838,6.2809058760051535,5.130273451264418,5.67277911359542,6.198119655682042,4.1712713844834814,3.285383357484775,2.2409466949204466,2.1957694808538473,1.9020969025958603,2.3567603051815476,2.486650162568034,3.574751767292857,2.9786104131632962,2.1980819365951887,3.699566506225877,3.0867645084182094,3.0727723147102424,2.9293788185224794,4.236201063145464,3.6881843749255525,3.284149461868728,4.16938245329084,4.721139230751159,4.467520267334071,5.693305404217166,3.7363800712844975,3.30265594541428,3.4439923339252174,5.172057416771211,4.879940072026541,4.246483162950982,3.0917819652565623,3.761739983186624,3.3735392414214314,2.618196111778401,1.7869670619408486,1.7517348081488167,2.35729834590357,2.8263527334766647,2.892319294391304,3.7625485889144397,3.886863784389126,3.60246167550616,3.7897129932135094,2.840936335746654,2.4653195701672397,2.8634926375376617,2.5171239216951804,2.4067195143467157,2.219792622303041,2.442730647178606,2.5717030250619484,2.3507912586473516,2.083950308102804,2.290725995187303,2.339494844286733,2.085182504723145,2.297658625739217,2.8937918814996126,2.7611155616415686,2.9435449562321523,2.623918264441665,3.4836658128925633,3.6120374232965524,5.253955755914682,5.777552329596224,5.866773683598616,3.863454079816178,2.8318596280614656,3.662396894809483,2.915912417944897,7.313790792207617,6.4048840480167195,3.96540194752994,4.97836076672922,5.140446772980871,4.055641251962307,3.983317713441715
45,0.0,0.0,0.0,0.0,0.0,0.0,0.0,0.0,0.0,0.0,0.0,0.0,0.0,0.0,0.0,0.0,0.0,0.0,0.0,0.0,0.0,0.0,0.0,0.0,0.0,0.0,0.0,0.0,0.0,0.0,0.0,0.0,0.0,0.0,0.0,0.0,0.0,0.0,0.0,0.0,0.0,0.0,0.0,0.0,0.0,0.0,6.008637635410327,5.688992885225601,7.106939831420384,5.859951067001144,6.159675845845573,6.834135771745249,4.2433901027320005,3.31410052070283,2.5765573077390727,2.692109881225482,2.285815785811171,2.393223507900395,2.600764659567568,3.9300763593726464,3.1343053431652566,2.4013570564193953,3.9852015253362976,2.907659356597222,2.8480148196619757,2.682413416155697,4.337989158843878,2.961680445046396,2.6988096630389347,4.4575835143567994,4.8423777941236255,3.6136809504736007,5.568522279712465,2.622382898519381,2.6354868219535317,2.6139549075273365,5.270635826051084,5.1217636617514755,4.243800965404808,3.2465515624513457,4.023892367513622,3.604724425605004,2.729498305139832,1.6896561787547968,1.62082680187167,2.3919033251643995,3.146158634301774,3.09971672344571,3.9941524261447086,4.446023629486757,4.022207936020918,4.080271699354972,2.7177784090800374,2.341788566577029,2.995658586703269,2.405614028885981,2.144844774314613,2.070236384788111,2.4556046260722977,2.402222820267413,2.071189148047894,2.0317523350050637,1.9910014277356665,2.1775717641608967,2.200438861761034,2.210204740399737,2.8782053588066017,2.7014815716839906,2.9437663427669145,2.5682943229280117,3.672343526363235,3.897684856108442,5.970706644847494,5.570638963001282,5.332538045263231,3.804326149036499,3.013228171130002,3.8392114692702513,2.9311659027500667,7.308253859121602,6.480665552073796,3.8225811385054125,4.769582401997213,4.986187147599308,3.9470905714206985,3.9737030538804152
46,0.0,0.0,0.0,0.0,0.0,0.0,0.0,0.0,0.0,0.0,0.0,0.0,0.0,0.0,0.0,0.0,0.0,0.0,0.0,0.0,0.0,0.0,0.0,0.0,0.0,0.0,0.0,0.0,0.0,0.0,0.0,0.0,0.0,0.0,0.0,0.0,0.0,0.0,0.0,0.0,0.0,0.0,0.0,0.0,0.0,0.0,0.0,5.412266400533683,6.224907787367359,4.8440837973483895,5.1582735409154825,5.7803687767646075,3.5510124365357187,3.0388455768567977,2.2374474877340114,2.1385550370828863,2.0429077746749518,2.3296341183563753,2.7060709748611114,3.3665664285753754,2.864693707719298,2.6174346151700156,3.4773479747551606,2.3469100732237784,2.599650637292656,2.7628747253963537,3.571200952905832,2.6650832241568083,2.903226940305374,4.063184239366983,4.521517755308753,3.644408642522571,4.431035833868247,2.572361640783011,2.1278575484552715,2.203530694159988,4.161130389365973,3.768685306873592,3.415750380224029,2.709787910725887,3.32501320432341,3.151061285902227,2.6168237952621354,2.0005038433577402,1.9923598718299609,2.4101351087259952,2.661522746750316,2.8227379198534086,3.059182736198303,3.267809347752918,3.1821873997302825,3.6930038200544435,2.8019555894176724,2.7124957424618046,2.6103668999257774,2.0769347813251993,2.4223501190266483,2.2011277651144843,1.9628935460339645,1.9951772580984504,2.4369144233332873,2.2657402201671366,1.8325413173885812,2.0652017350565375,2.0613473019694637,2.3875946166002486,2.27962113999976,2.437575424134633,2.7394862559069666,2.511765584646596,3.191055389146609,3.4820840872867618,4.441437003646405,4.218853746008617,3.8231306453004286,3.182793396867946,2.5722705541602533,3.2135324128761042,2.774128579771488,6.264654914398525,5.5196699899171,3.58957173568054,4.315165751406009,4.408861015351916,3.601052828298262,4.032142517102774
47,0.0,0.0,0.0,0.0,0.0,0.0,0.0,0.0,0.0,0.0,0.0,0.0,0.0,0.0,0.0,0.0,0.0,0.0,0.0,0.0,0.0,0.0,0.0,0.0,0.0,0.0,0.0,0.0,0.0,0.0,0.0,0.0,0.0,0.0,0.0,0.0,0.0,0.0,0.0,0.0,0.0,0.0,0.0,0.0,0.0,0.0,0.0,0.0,6.473654330979367,4.69183281981766,5.003902922153055,5.11621490795118,3.4754675700791866,2.650601158430703,2.340740625547909,2.281199690615957,2.4787460902914624,2.4205741267320406,2.79378399369963,3.472155244646665,2.7897546098951604,2.8118700187908985,3.174897236014557,2.46337342084566,2.674267932223154,2.7041105383846813,3.6949263078267354,2.48681555623677,2.997959645141054,4.660465105799232,4.366808858539834,4.019752207059053,4.173369420362545,2.1591806962383995,1.9251342367767525,1.9883453243171139,3.563298548174697,4.4899366594375305,3.761940321711352,3.53605894055,3.6010059084588075,3.235050874962299,2.749857829632154,2.4362428333496498,2.4188381036915896,2.4795583955802205,2.578852779438187,2.9126298113681233,3.213577001688662,3.214492960271121,3.1473477356973207,3.597067679074759,2.6874096915019834,2.688736749587136,2.472053510643259,1.9567073400895307,2.422283343658199,2.1028824829571207,1.8886525006036472,1.9849940900848642,2.5782893735627184,2.4682365818004968,1.8403852534243303,1.934975483689315,1.6998323148918182,2.4967168706056864,1.877901250911687,2.288101995380407,2.690676559690807,2.5884275454276837,3.2875390605478385,3.8822542990508824,4.688466369456861,5.028750622277036,4.611620602423271,3.8429534442689324,2.733777678950698,3.6680116411918666,2.7286788627174157,6.269373223453341,5.423790002510807,3.887498417796373,4.1212763451621255,4.392482071607355,3.3414201887606056,2.973179930269425
48,0.0,0.0,0.0,0.0,0.0,0.0,0.0,0.0,0.0,0.0,0.0,0.0,0.0,0.0,0.0,0.0,0.0,0.0,0.0,0.0,0.0,0.0,0.0,0.0,0.0,0.0,0.0,0.0,0.0,0.0,0.0,0.0,0.0,0.0,0.0,0.0,0.0,0.0,0.0,0.0,0.0,0.0,0.0,0.0,0.0,0.0,0.0,0.0,0.0,6.194706604305762,8.175245947726843,7.334169484794499,5.886925007338344,4.068221468600219,2.675945988591129,2.291672406414239,2.7762246387245524,2.805442310011919,3.1730016405604604,4.040997692524486,3.157627391172991,2.780368928474613,4.577344243850259,2.6768909736145057,2.7897235407737657,3.5766073055922645,3.803918582715846,2.738774339916881,2.684008564483956,4.692058682223596,4.311501044540355,3.5370671664763846,4.662633473474182,2.752573235283476,2.565309787823356,2.6953847447647696,4.340416941978144,5.0882360287583435,4.245408785691502,3.785159201996671,4.158381387306157,3.764783704288262,3.176425469267957,2.2698230556717043,2.3662775245044863,2.6362457178591243,3.1904296863028416,3.4038789771358733,4.051972263963431,4.151017356105665,4.253373399855258,4.826546759910209,3.5475830049649786,3.14568099820045,2.9598266793401757,1.9291445519981274,2.7665843270258383,2.443175962833047,2.0369748593462123,2.072467720567086,2.519144598224192,2.503551046838249,1.85650885616548,2.7949288232337794,2.2471999826669755,2.913657716495687,3.633943998057342,4.313437500993817,3.397634008743205,3.425095428116752,3.8670583239219867,4.401860322814326,5.494630714089364,6.178616854564579,5.44533443975528,4.569345783799031,3.1338277212609142,4.402044364531778,3.554996946424728,12.278183252540975,11.83460598594401,6.285126234492099,7.669532852313156,7.375817992450819,5.345085329102437,5.988427607197446
49,0.0,0.0,0.0,0.0,0.0,0.0,0.0,0.0,0.0,0.0,0.0,0.0,0.0,0.0,0.0,0.0,0.0,0.0,0.0,0.0,0.0,0.0,0.0,0.0,0.0,0.0,0.0,0.0,0.0,0.0,0.0,0.0,0.0,0.0,0.0,0.0,0.0,0.0,0.0,0.0,0.0,0.0,0.0,0.0,0.0,0.0,0.0,0.0,0.0,0.0,6.214938170394366,6.05392228702899,4.663865975370943,3.6936959875540216,2.530606275923689,2.0912860792285644,2.424113820381247,2.8412984666644476,3.0173879572472244,3.678715910402565,3.257779652814066,2.7619193925816257,4.103548438670076,2.5852238692650027,2.5581277010684382,3.270909879383985,3.0913863642398485,2.4992033618761216,2.366663661056599,3.464957239896096,3.3060865443919467,2.693368615442755,3.6594705569910158,2.308866162256685,2.0996944719907122,2.281017038687547,3.5543428516527613,3.599798445269832,3.1796277722494084,2.718738550395052,3.483599608322837,3.1689178528277755,2.8468476718219113,1.7998464442642832,1.9168866467712824,2.5504865423441485,3.0963510520281243,3.124067718850215,3.2806143264888643,3.6206805279354577,3.5562746641123124,3.960429161114461,2.9189759626163583,2.931670292475486,2.868759102394776,2.0619405953705914,2.525239788781239,2.42315337657265,2.1216231165930575,2.1073171972289986,2.273568830738645,2.384202862488651,1.7780019330443788,2.7617500832547113,2.1436219154617744,2.4251726996366614,3.5212357645273555,3.537675089915244,2.9767717540737713,2.938779902332959,3.258748514837767,3.7890824108829664,4.272377618830679,4.615940539680083,4.137212865326606,3.131428011631182,3.0677046492657545,3.332476991234834,3.3104727662470577,9.399796787325092,7.94456708617133,5.337791898538819,5.578747980559954,5.909001926758931,4.664139151033884,5.088809121699088
50,0.0,0.0,0.0,0.0,0.0,0.0,0.0,0.0,0.0,0.0,0.0,0.0,0.0,0.0,0.0,0.0,0.0,0.0,0.0,0.0,0.0,0.0,0.0,0.0,0.0,0.0,0.0,0.0,0.0,0.0,0.0,0.0,0.0,0.0,0.0,0.0,0.0,0.0,0.0,0.0,0.0,0.0,0.0,0.0,0.0,0.0,0.0,0.0,0.0,0.0,0.0,7.349132559992455,6.349661529397189,4.080630514138242,2.79409164169485,2.1525302786543685,2.523202405717611,2.920192142608864,3.1934366082246464,3.852069188951495,3.146105442541811,2.6175139379827637,4.398840969378987,2.6483968635807087,2.448834296879555,3.3673355197018195,3.2173228659644093,2.64241711922746,2.396539743369561,3.6008280376123607,3.424122791701307,2.782248971171623,4.5304891206691025,2.8309489739256986,2.6595336909641896,2.9104320844068896,4.536314404227741,5.184555267221102,4.00983797062472,3.401732896205915,3.8117553253641288,3.543958501088392,2.988488224937785,1.888103629166063,2.006267194087121,2.488200685117451,3.110808556255612,3.4676973531763773,4.143046346189008,4.56255575493025,4.656759264082626,5.1971337202565016,3.635097371744753,2.9150633411077185,2.9637466272531285,1.907772469177632,2.5555937809603257,2.5149306557865705,2.127914770804321,2.056854455727822,2.2114616444318216,2.342399346292072,1.7011705941796735,2.7534083988162585,1.9613068476406086,2.6053155361118847,3.9062907933706694,4.593198568303861,3.3033768939161288,3.3090377039774235,3.6517747875364424,3.93634473219989,5.004768022170371,6.273901775748477,5.61379109417232,4.400677692154505,3.272814669582707,4.589455424492165,3.9098318383614314,14.25356733354203,12.85961718148047,7.74798833612438,7.719410885640664,7.605525380119871,5.719567566508371,5.513051630730863
51,0.0,0.0,0.0,0.0,0.0,0.0,0.0,0.0,0.0,0.0,0.0,0.0,0.0,0.0,0.0,0.0,0.0,0.0,0.0,0.0,0.0,0.0,0.0,0.0,0.0,0.0,0.0,0.0,0.0,0.0,0.0,0.0,0.0,0.0,0.0,0.0,0.0,0.0,0.0,0.0,0.0,0.0,0.0,0.0,0.0,0.0,0.0,0.0,0.0,0.0,0.0,0.0,5.612674442427834,4.1704832490143575,2.862613747556985,2.2567691588101466,2.518803360571351,2.9119781331427284,2.8519995393795408,3.8166160017490744,3.2810951932932833,2.6967260447093633,4.550923394707592,2.8676382710409825,2.9953709916647417,3.5349199369976705,3.807839802399763,2.890685066816305,2.966360236352024,3.9112346724342197,3.7990334248773396,3.413373199385944,4.661692671333078,2.5518264360363068,2.3710680974258525,2.57806198841139,4.4379278799565185,4.514914628349427,3.939253963783916,2.9875253378761806,3.5732326727021526,3.205407910922389,2.787586865525369,1.869531799286684,1.9774201943197296,2.315645575368799,2.8361869039001943,3.1393428836838475,3.2506862102361875,3.620782872688838,3.483343549162484,4.042585313725017,3.118125854103019,2.845391579533914,3.2051980907439845,1.900020459035397,2.554838987331767,2.4792782775291546,2.2677044525413823,2.235909457638395,2.3458715312864262,2.5245443991972683,1.9088005180635101,2.681834931312303,2.2036011897864882,2.585707096544471,3.986190882238833,4.086266220898955,3.374532739251358,3.1389934239847053,3.725235793401665,3.6991378138018236,5.120516468753813,5.554505162181321,5.039715921658464,3.5170656983568813,2.8465247458922622,3.800130409959132,3.2636046074678857,10.85465931563108,8.791794406033244,5.978505161573106,6.680610379242459,7.100772672172373,5.9535653932605594,5.804126664108173
52,0.0,0.0,0.0,0.0,0.0,0.0,0.0,0.0,0.0,0.0,0.0,0.0,0.0,0.0,0.0,0.0,0.0,0.0,0.0,0.0,0.0,0.0,0.0,0.0,0.0,0.0,0.0,0.0,0.0,0.0,0.0,0.0,0.0,0.0,0.0,0.0,0.0,0.0,0.0,0.0,0.0,0.0,0.0,0.0,0.0,0.0,0.0,0.0,0.0,0.0,0.0,0.0,0.0,3.843857232750892,2.582678469032988,2.166435284752735,2.189723527073919,2.5492615877638167,2.861200761611919,3.4713480759759316,2.8550730951352405,2.293367711863213,3.7837512825073376,2.777604563805451,2.572757764443954,3.1815804439908413,2.8657406517597366,2.6331677775550637,2.557876216021441,2.834580770356634,2.653833596347973,2.6559802526638454,3.842316227618049,2.730448761461389,2.667293691273107,2.8512586543650453,3.7016554516820377,4.143143148276072,3.3886589817070973,2.863063683864617,3.3426908449026036,3.014047113712354,2.5116080965014462,1.7682307651934872,1.8169909157241715,2.1501321707858163,2.770202992950185,3.019605488719926,3.249801634596473,3.4815280803744715,3.823616130130023,4.236427319267526,3.5320694738994955,2.7779773869273727,2.922425850350094,2.1301066463811615,2.614516532800081,2.537780266564769,2.023339215404468,2.07779681159857,2.398862397595941,2.1142531885253506,2.0072977670105194,2.2326835756037746,2.175933669901151,2.243376435767164,3.0057668575917242,3.1729250042529564,2.8210844629398437,2.5912587345542106,3.275644757966714,3.348571631784912,3.8254041136063663,4.487627721931404,4.156630856542141,3.2609978030606066,2.56631366981654,3.238766552423705,2.919808238265951,10.142363776408834,8.13989642471517,5.042452390415042,5.518428072292799,5.853850180083164,5.133702220513704,5.5569569658913265
53,0.0,0.0,0.0,0.0,0.0,0.0,0.0,0.0,0.0,0.0,0.0,0.0,0.0,0.0,0.0,0.0,0.0,0.0,0.0,0.0,0.0,0.0,0.0,0.0,0.0,0.0,0.0,0.0,0.0,0.0,0.0,0.0,0.0,0.0,0.0,0.0,0.0,0.0,0.0,0.0,0.0,0.0,0.0,0.0,0.0,0.0,0.0,0.0,0.0,0.0,0.0,0.0,0.0,0.0,2.3746607631477916,1.8329910312758053,1.8264169795961203,2.4383773519603817,2.371929397554683,2.9485227431134198,2.7421592642848385,2.238442162260713,3.0367604801743933,2.297700478223574,2.5792974736117475,2.468159501686771,2.5249745375558987,2.350125928840991,2.338504836641431,2.3604372720214473,2.2319204777927233,2.4211980166304614,2.8479617637659778,2.0349539378558807,1.920105127617748,2.073485042499054,2.7789832415441156,2.853829539679794,2.4927203150003066,1.9308795860064967,2.4796628567101098,2.2238231626491425,2.2070698007733656,1.8698153015734444,1.8472800414433765,2.018972239776632,2.0397202098083174,2.1903793375398677,2.2750861771508206,2.4202192173441026,2.551952589654528,3.1295357143436306,2.590474134446421,2.458584588285145,2.664711014333653,1.9583484826450281,2.316207504172657,2.373203517597859,2.2216759680464206,2.252574972391473,2.189972213235573,2.186527266308761,2.2057769186182092,1.9056154408266475,1.5840542318998379,1.7713637892081568,2.7337437362304042,2.5367951635481654,2.6931610666308003,2.3103584778092685,2.5961560919980164,2.488507942404536,2.822791343818165,3.325933631165342,3.13563260420225,2.3487406846780208,2.1347728635354515,2.6529515570787003,2.275473944198448,4.986602504559752,4.229022765319282,3.670987171120857,4.041841077281241,4.461404504593906,4.184831213455179,3.3901463359490105
54,0.0,0.0,0.0,0.0,0.0,0.0,0.0,0.0,0.0,0.0,0.0,0.0,0.0,0.0,0.0,0.0,0.0,0.0,0.0,0.0,0.0,0.0,0.0,0.0,0.0,0.0,0.0,0.0,0.0,0.0,0.0,0.0,0.0,0.0,0.0,0.0,0.0,0.0,0.0,0.0,0.0,0.0,0.0,0.0,0.0,0.0,0.0,0.0,0.0,0.0,0.0,0.0,0.0,0.0,0.0,1.801091217042377,2.0046077381696925,2.195438618661918,2.3600203104277293,2.1778755762811954,2.197830587293427,2.147005289258204,2.1133562569703406,1.8266968187586479,2.07092622043775,1.897082112199005,1.8284860750646577,1.948339582618307,1.857292732566151,2.1503303617232516,1.9483995944317694,2.0197464627517445,2.0860512466183607,1.8936148238697676,1.8594761534021922,1.9398210004772776,1.9784862099605036,2.065141355114621,1.787943669714772,1.8535126243224236,1.8217426366253877,1.8142523231643546,1.6512804380033028,1.6430305768741076,1.6740653092809656,1.6840546021279843,1.7903740270977315,1.7398421463456455,1.8712900704648754,1.8984880388940675,2.143538001007723,2.765723013008225,2.2500558044117196,2.4226620605213474,2.0838179749375745,1.913445502869095,2.084495748205206,2.0061231277993916,2.090688655421582,2.034589544359529,1.850990040056209,1.7171703260100604,2.152838647588475,1.8154216853525897,1.652227717832231,1.6914373716196096,2.2843429608327868,2.0614128350266845,2.102715690077966,1.8280530025193351,1.812638282016787,1.9611738997410113,2.085451496232886,2.313724625971669,2.0904272677267604,2.1237503942353304,2.0267497502676357,2.4078263390658714,2.0750137023174497,3.028532689871837,3.2447602969328972,2.829819232603298,2.8694742611558763,2.9092088177008013,2.4097845417273613,2.0885709018386085
55,0.0,0.0,0.0,0.0,0.0,0.0,0.0,0.0,0.0,0.0,0.0,0.0,0.0,0.0,0.0,0.0,0.0,0.0,0.0,0.0,0.0,0.0,0.0,0.0,0.0,0.0,0.0,0.0,0.0,0.0,0.0,0.0,0.0,0.0,0.0,0.0,0.0,0.0,0.0,0.0,0.0,0.0,0.0,0.0,0.0,0.0,0.0,0.0,0.0,0.0,0.0,0.0,0.0,0.0,0.0,0.0,1.843145374620665,2.259958850102043,2.545664786716158,2.275578890818607,2.3611738376600977,2.192982830902572,1.9810156773850562,1.8149440165945108,1.9386447233248425,1.8048969575614988,1.8405322220223934,1.8882131274457474,1.839818174237785,2.239874104147746,2.175722422634449,2.098054793092159,2.0659105304360628,1.612012083717038,1.5787574851173898,1.6161419842469291,1.8139439395070653,2.031459469270066,1.7850953233043907,2.1244892819484535,1.95076989952313,1.7463164602074082,1.7494888148256813,1.6223244664915575,1.5318899587198624,1.7828540901849284,2.0153171076636145,2.052192454367392,2.229966658546467,2.5166927743952643,2.3889026392410777,2.7727288411715927,2.3401091350300933,2.4686979819153505,1.839335616176321,1.731770077441075,2.0846224847836674,2.1164217478014815,1.9003148021761613,1.948137812339485,1.840437752503962,1.778174115657831,2.3184696100743936,1.9640557203221498,1.70422474617613,1.7859129093079393,2.237254820904273,1.9660132382558229,1.869921001286853,1.9478159122907932,1.5648332617627374,1.7371301093916622,2.0266464700632687,2.330514904138709,2.125961385963057,2.134857671281161,2.2560105494640608,2.3030163056584967,2.080678464934505,2.291814131613005,2.3760275545251974,2.3098147199514014,2.32520605260426,2.4503873970179435,2.115502620812235,1.7690944308390122
56,0.0,0.0,0.0,0.0,0.0,0.0,0.0,0.0,0.0,0.0,0.0,0.0,0.0,0.0,0.0,0.0,0.0,0.0,0.0,0.0,0.0,0.0,0.0,0.0,0.0,0.0,0.0,0.0,0.0,0.0,0.0,0.0,0.0,0.0,0.0,0.0,0.0,0.0,0.0,0.0,0.0,0.0,0.0,0.0,0.0,0.0,0.0,0.0,0.0,0.0,0.0,0.0,0.0,0.0,0.0,0.0,0.0,2.4881779584254344,2.5598071259283635,2.092446123562577,2.2430701344285193,2.3563515874318566,1.9677597203214219,1.6826085617345026,1.9457660621467625,1.7729650185201502,1.6184260399592114,1.7417420507458856,1.7120727748948406,2.17812666152968,1.857224418558188,1.8847640399884982,1.9422981322295432,1.6770804396289953,1.592661173585095,1.6799141116826664,1.7258614426380343,2.0866101342558516,1.6674886820074661,1.892776692829414,1.7262944935838453,1.6680288487671915,1.598595459454863,1.4516919388749914,1.4800986253524042,1.597569642247103,1.603159455095442,1.5822791884693839,1.84074885257909,1.8433802591767614,1.868721960482753,2.5981478112978165,1.940765638079428,2.2582503878882427,1.9706036846031567,1.8325446813345323,1.8003360214387154,1.7910037741554843,2.1958219137536066,2.0931931595834707,1.545831644862157,1.505559043486592,2.261776299873288,2.085172831308626,1.8631018456474802,1.9267119063279405,2.552622219216225,2.1716253018945793,1.955743104338964,1.9965520036377162,1.4878350541706153,1.633988342674208,1.8308982418415825,2.4001892129143783,2.1937233370487905,2.438339246314186,2.169613662753182,2.671992996395209,2.2991755314285074,2.8324286362920734,2.9001263925360936,2.678491914063004,2.4844097292554914,2.019962178705174,2.1928850673193447,1.6951683480237882
57,0.0,0.0,0.0,0.0,0.0,0.0,0.0,0.0,0.0,0.0,0.0,0.0,0.0,0.0,0.0,0.0,0.0,0.0,0.0,0.0,0.0,0.0,0.0,0.0,0.0,0.0,0.0,0.0,0.0,0.0,0.0,0.0,0.0,0.0,0.0,0.0,0.0,0.0,0.0,0.0,0.0,0.0,0.0,0.0,0.0,0.0,0.0,0.0,0.0,0.0,0.0,0.0,0.0,0.0,0.0,0.0,0.0,0.0,3.682192077239969,3.5486413240960433,3.8836183271826563,3.388272840210602,2.5144932162148086,2.9719040270551664,3.408136382008562,2.363055574912163,2.0889556299482632,2.220299452022289,2.137792108863788,2.274592005227198,1.8838273118099689,2.2463560220786896,2.2845297471001444,1.9141931005022976,1.8953332313599087,1.97152372476112,2.0775085084845433,2.328117168447042,1.9867174943201016,1.9863677184774802,2.2220345220313544,2.012503318470754,1.9188994675986333,1.972482007567617,1.9582044884856291,2.047745104732686,2.1706057927245723,2.4143337062813326,2.6048701580905744,3.0848627267957127,3.5297382676805773,4.023453219879137,3.2500939100622452,2.9030789647955593,2.231776737955121,1.9957767676739897,2.8684284495776606,2.4906137243207316,2.048447345836453,2.1783264205012793,1.9752476641740304,1.9904174811214057,2.0498191372367387,1.9016475748436057,1.6757579098468942,1.7702576424966934,2.089488201900129,2.0194007537288248,2.1917206590387317,2.024151659127023,2.244848727353528,2.1027760302777874,2.294543616582005,2.4016058856158993,2.275602929304503,2.098945131958052,2.1444150936074067,2.215936490184738,1.9246356258677992,3.3223883413362443,3.282912666488516,2.8738812079071536,2.766119837469779,2.782517908398025,2.520552230429142,2.5482176983931613
58,0.0,0.0,0.0,0.0,0.0,0.0,0.0,0.0,0.0,0.0,0.0,0.0,0.0,0.0,0.0,0.0,0.0,0.0,0.0,0.0,0.0,0.0,0.0,0.0,0.0,0.0,0.0,0.0,0.0,0.0,0.0,0.0,0.0,0.0,0.0,0.0,0.0,0.0,0.0,0.0,0.0,0.0,0.0,0.0,0.0,0.0,0.0,0.0,0.0,0.0,0.0,0.0,0.0,0.0,0.0,0.0,0.0,0.0,0.0,6.998995253650555,6.1896471171141245,5.3301183704822614,3.546261122712815,3.586172823846022,3.954769163370353,2.8129982848381863,2.449078811947102,2.5715162412636925,2.587835699757453,2.5784104284536338,2.0649090364422498,2.282585918563429,2.3391592352841384,1.7445348568236632,1.690874210344655,1.7471622656252364,1.9548640195625306,2.6934615718503894,2.3852491172572434,2.715428331456421,3.263673879733795,3.1273213649613614,2.7612021157489117,2.0782193229126515,2.15269570125746,3.0279901716211963,3.803195291608034,4.4083451815330355,5.289108777226677,7.21611869362348,8.864909431361896,11.591277511723314,6.346483051519927,6.538421386132799,2.4079234473529643,2.265131251731773,5.834421993366782,4.105903225259709,2.164475449800279,2.63186883587777,2.363351717905162,2.222984876092049,1.997534463799015,2.0578342549287614,1.6710087227904717,1.9127530878626957,1.9064410476480358,2.0135781478765913,2.2052447949202287,2.16106587297451,2.5571498001537676,2.534123717349044,2.6276264125954243,2.7943994608391254,2.670446090460728,2.61652672471162,3.118193996315241,2.7425172312374033,2.2939967909210246,3.906212205733522,3.8687115277916004,3.1580630648278327,2.854586077334817,2.6089647740414814,2.8975786050154255,3.2214952889968425
59,0.0,0.0,0.0,0.0,0.0,0.0,0.0,0.0,0.0,0.0,0.0,0.0,0.0,0.0,0.0,0.0,0.0,0.0,0.0,0.0,0.0,0.0,0.0,0.0,0.0,0.0,0.0,0.0,0.0,0.0,0.0,0.0,0.0,0.0,0.0,0.0,0.0,0.0,0.0,0.0,0.0,0.0,0.0,0.0,0.0,0.0,0.0,0.0,0.0,0.0,0.0,0.0,0.0,0.0,0.0,0.0,0.0,0.0,0.0,0.0,6.8243187305690345,5.448911344505569,4.423293909045655,4.519921248825151,4.665009201125981,3.3326685503430284,3.176968950289965,3.5185662893418277,3.47488693500593,3.0795853539781004,2.783709913088749,3.201600681656068,3.6177834657569496,2.4472024694607675,2.2652852856825323,2.357814347214582,2.9820324162087797,3.500879169488194,3.505802778255298,3.282012844635164,4.7974877222132015,4.607217208745672,3.3335486885215473,2.2202749091582596,2.3380811906685137,3.576573444009037,4.79396749627203,5.726210921567547,6.700938126866052,8.347030580357798,10.202904388755128,13.004554269255836,7.560350276250406,5.427364484587929,2.7189241912203657,2.420734997810118,4.4834200980385335,3.590448564612314,2.223264791386962,2.62624552627574,2.668538587082176,2.356355014403597,1.851069227774381,1.961595522774893,1.6393256786124113,1.9105260879025157,2.0578098342495252,2.2201514465915935,2.559380420919734,2.488465562487804,3.5722333942655062,3.8012627027393315,3.8069287727140106,3.685760411081354,3.3745841569917485,3.444682586124969,3.8249425600059324,3.3899431475706585,2.8514313375475626,5.429971980196931,5.19839949329506,3.7475162822924712,3.689122504071092,3.636327877932156,3.531391689340882,4.447774499738799
60,0.0,0.0,0.0,0.0,0.0,0.0,0.0,0.0,0.0,0.0,0.0,0.0,0.0,0.0,0.0,0.0,0.0,0.0,0.0,0.0,0.0,0.0,0.0,0.0,0.0,0.0,0.0,0.0,0.0,0.0,0.0,0.0,0.0,0.0,0.0,0.0,0.0,0.0,0.0,0.0,0.0,0.0,0.0,0.0,0.0,0.0,0.0,0.0,0.0,0.0,0.0,0.0,0.0,0.0,0.0,0.0,0.0,0.0,0.0,0.0,0.0,6.593777618539668,4.621880003020432,4.888021217015634,5.814696062072215,3.8521410398995917,3.3992874621492892,3.7297662849438593,3.9945049205248466,3.0670998571914247,2.2168984936280047,2.952013066705576,2.8666856568632575,1.772815414435759,1.4744138157046303,1.6730274664942455,2.1359684164408295,3.178330241546841,3.196304464216282,2.859680852996018,3.830864550619331,3.267959703439103,2.7020149968262035,1.6730203574510267,1.7333578534804803,2.5970799940070575,3.743301009693701,3.8697115070232235,4.635128864421184,5.447252073514677,6.185228870166296,9.115951318295396,4.9294222549788405,5.279144765447342,2.7571275686513146,2.0461766855087555,4.144217614929164,3.1546148903722386,2.0926655460921673,2.4246536588373933,2.197901639297916,2.0695533840948617,1.6216395501835104,2.001568786576205,1.711923000237059,1.906178593400964,1.7629205692418146,1.8867665750068756,2.2995558124251447,2.3727052392764705,3.101693962137796,3.095009128654344,3.144729357716304,3.2088650927101012,3.087994256245386,2.885651365131069,2.8903001201969234,2.7224908820154674,2.076314613024085,3.475230769283958,3.313194132970472,2.9338304594356717,2.8580484497626473,2.912268567302554,3.4211729313097674,4.663649959699363
61,0.0,0.0,0.0,0.0,0.0,0.0,0.0,0.0,0.0,0.0,0.0,0.0,0.0,0.0,0.0,0.0,0.0,0.0,0.0,0.0,0.0,0.0,0.0,0.0,0.0,0.0,0.0,0.0,0.0,0.0,0.0,0.0,0.0,0.0,0.0,0.0,0.0,0.0,0.0,0.0,0.0,0.0,0.0,0.0,0.0,0.0,0.0,0.0,0.0,0.0,0.0,0.0,0.0,0.0,0.0,0.0,0.0,0.0,0.0,0.0,0.0,0.0,3.620555381820684,3.9665195582858597,4.619424369848474,3.0327755110381194,2.8191537030736393,2.817543788712734,2.8440039788843148,2.691320502296491,2.0415426657676874,2.2744388199660572,1.9624599257002568,1.4815200485415816,1.270346719738337,1.4371446230552845,1.6037301486322293,2.1676733274090325,2.3101712403304204,2.159186418241108,2.983467413662573,2.479907848904199,2.2408948992574875,1.8086796562498133,1.8571096073430684,2.2813860278846727,2.6644398484962943,3.047198605914923,3.2240445332024588,3.8569071178533068,4.5674997988384005,6.892551407330346,3.951117289948612,4.418491816349746,2.262795151439482,1.864455794976285,3.2693103045633296,2.911780952677892,2.1229152636401074,2.09121009820208,2.0005111695263498,2.079768453080539,1.9192783784692042,1.9379218433461995,1.520958508909852,1.7318392771454663,1.8814434669262403,1.9820951974976737,2.2017182935924704,2.1632183910240306,2.6248773469519,2.3043860158067844,2.3903684565436607,2.4714139588067208,2.236092996230241,2.1008373284843387,2.3667503359871205,2.207530079670639,1.9133934585289787,2.700476301387693,2.702879831097183,2.422225830955887,2.383544737195349,2.304367219655071,2.678789699304362,3.4205767488315955
62,0.0,0.0,0.0,0.0,0.0,0.0,0.0,0.0,0.0,0.0,0.0,0.0,0.0,0.0,0.0,0.0,0.0,0.0,0.0,0.0,0.0,0.0,0.0,0.0,0.0,0.0,0.0,0.0,0.0,0.0,0.0,0.0,0.0,0.0,0.0,0.0,0.0,0.0,0.0,0.0,0.0,0.0,0.0,0.0,0.0,0.0,0.0,0.0,0.0,0.0,0.0,0.0,0.0,0.0,0.0,0.0,0.0,0.0,0.0,0.0,0.0,0.0,0.0,3.7508996545531357,4.116169369633212,3.280525903258438,3.0208285440348366,3.176867650512211,3.1089852140109095,2.765605606019229,2.4658294682321977,2.780893597436604,3.313163134107408,2.263048809337615,2.095350035785314,2.270102895691693,2.992769070065289,3.3391154535042933,3.180263312777724,2.5521500556113055,3.4053894154684543,2.9809192187069544,2.48700906047589,1.9177368645361321,1.9421062076024627,2.2575836488292,2.6961453990484645,3.0553810421968044,3.285896853990285,3.8213666171322145,4.0180687583235795,4.715220145334366,3.5611865235271454,3.026644726465427,2.6032515806216994,1.9686612025866121,2.927342232075333,2.648710023237269,2.110399453469641,2.2059670635258644,2.2039815226492383,2.2041400312261126,1.9515474236800407,1.9073714629855274,1.7134971954221478,1.9360910311075687,2.4290375450112642,2.3749120727943684,2.601927108103369,2.374020150492343,3.1516294356726697,3.1503051460828524,3.4857803158402785,3.6929533254700853,3.4226262862450696,2.885086821813225,2.460441327717423,3.001929763408789,2.445438275490879,5.650970216398898,5.083919631538843,3.9421760938245667,4.319071169963406,4.564683126576279,4.241884274897165,4.517745565622407
63,0.0,0.0,0.0,0.0,0.0,0.0,0.0,0.0,0.0,0.0,0.0,0.0,0.0,0.0,0.0,0.0,0.0,0.0,0.0,0.0,0.0,0.0,0.0,0.0,0.0,0.0,0.0,0.0,0.0,0.0,0.0,0.0,0.0,0.0,0.0,0.0,0.0,0.0,0.0,0.0,0.0,0.0,0.0,0.0,0.0,0.0,0.0,0.0,0.0,0.0,0.0,0.0,0.0,0.0,0.0,0.0,0.0,0.0,0.0,0.0,0.0,0.0,0.0,0.0,3.8368274444626245,2.8963663143785925,2.928603271374406,3.228485817221976,3.1020340364132304,2.51034726695795,2.218797474440965,2.7405391264086507,3.089774539068548,2.4278346131679838,1.7103666525803758,2.305357891670285,2.6167157917277017,3.395902395967,3.316897204139304,2.632927051878031,3.686389808102862,3.142280509943493,2.6741597292844634,1.648823332836263,1.7159210646813625,2.52437958423079,3.2700434104585394,3.2060559687789687,4.063202647580703,4.157475421576338,4.13496980508933,6.1145863514057295,3.081714655170785,3.6643342589090744,2.314422757163231,1.7040095247034672,2.6589109904692307,2.3074293413591676,1.8470422824970683,2.100765776471385,1.9384386673918508,2.0336543477057933,1.5681148267979659,1.7299310392086,1.8478677217144894,1.79356809192023,1.803602724381996,1.9248027183936995,2.1410172592183563,2.174613321405221,2.4815567181374796,2.977032236623153,2.8496405936760607,3.203597090080267,2.9372895901197698,3.0245085993813903,2.691047209269563,2.7482909673502163,2.30980882888778,2.8683034303832655,3.1367527401893867,2.6674073215620853,2.856993363214144,2.849398768955192,2.9537945023929106,3.972758614167424
64,0.0,0.0,0.0,0.0,0.0,0.0,0.0,0.0,0.0,0.0,0.0,0.0,0.0,0.0,0.0,0.0,0.0,0.0,0.0,0.0,0.0,0.0,0.0,0.0,0.0,0.0,0.0,0.0,0.0,0.0,0.0,0.0,0.0,0.0,0.0,0.0,0.0,0.0,0.0,0.0,0.0,0.0,0.0,0.0,0.0,0.0,0.0,0.0,0.0,0.0,0.0,0.0,0.0,0.0,0.0,0.0,0.0,0.0,0.0,0.0,0.0,0.0,0.0,0.0,0.0,3.425291265930465,3.364296880598346,3.753759023029931,3.61684734595076,2.7494240004483883,2.435906811898875,2.8567513113024776,3.058146244041362,2.400334917413412,1.7113062281294695,2.3021306284032397,2.632595194358041,3.260616138513407,3.471023384639956,2.7707506269326063,3.6865301935682444,2.9865414615767842,2.5747644413428383,1.6821953158752296,1.909486730188437,2.241445152386835,3.227027534380477,3.2213410049568756,3.5630644503481377,3.7604214646580085,3.4221006205131697,5.516096931374139,2.7658852129062708,3.7169048726046134,2.4634717065834923,1.7665896091763815,2.3104904994923703,2.211112866957298,2.0035385958986924,1.7278435018812304,1.7629099262696224,2.005051012729238,1.469575899998398,1.7638281659388324,2.034177826949948,1.862535534556838,1.8216913579472422,1.9575866646630433,2.1123802243728473,2.204898946149616,2.853210006737784,3.1215778445917057,2.9492103342676437,3.1884050228670664,3.0153906169901643,2.5751708932957853,2.6800125094795346,2.5189313570495084,2.034058602106738,2.6569002756478683,2.5018243178032646,2.279023175658287,2.700688712887496,2.992421961756301,3.164384195708146,4.0272545233114725
65,0.0,0.0,0.0,0.0,0.0,0.0,0.0,0.0,0.0,0.0,0.0,0.0,0.0,0.0,0.0,0.0,0.0,0.0,0.0,0.0,0.0,0.0,0.0,0.0,0.0,0.0,0.0,0.0,0.0,0.0,0.0,0.0,0.0,0.0,0.0,0.0,0.0,0.0,0.0,0.0,0.0,0.0,0.0,0.0,0.0,0.0,0.0,0.0,0.0,0.0,0.0,0.0,0.0,0.0,0.0,0.0,0.0,0.0,0.0,0.0,0.0,0.0,0.0,0.0,0.0,0.0,2.9519716426872677,2.5563561538361688,2.642119733877862,2.5513003315149025,2.0923196411063802,2.2893791094646443,2.642792101473453,1.9539327620291975,1.5903117844906014,1.9872937976758425,2.390493157248436,2.69041355131012,2.6183260882686565,2.060675166980977,2.90172718509483,2.544348327080861,2.360086165519728,2.225804466546809,2.3321578102343445,2.270523237999592,2.232259058759143,2.7257771350121627,2.6810542243876347,3.0087867299505877,2.8050508637252003,3.22936581755357,2.6507268579690404,2.388539097345613,2.2481955564413147,1.708548646844672,2.204426623475555,2.201942290496397,1.8727209017187945,1.8601952174504635,2.06695204763145,2.302041470314214,1.9030786590353361,1.9190810086940358,1.9319205177859196,2.0405774762507525,2.146798160107469,2.2126433201518205,2.324399653636569,2.329624777215856,2.7976923522051047,2.543656170472199,2.658930181910539,3.0084235098273586,2.8295388135311415,2.405423039485598,2.1615506870626735,2.5671311861412986,2.147532934209422,4.523258716080799,3.438746909653237,3.040779728809261,3.6714939228651273,4.030415367887588,3.928921885294286,4.162793205545047
66,0.0,0.0,0.0,0.0,0.0,0.0,0.0,0.0,0.0,0.0,0.0,0.0,0.0,0.0,0.0,0.0,0.0,0.0,0.0,0.0,0.0,0.0,0.0,0.0,0.0,0.0,0.0,0.0,0.0,0.0,0.0,0.0,0.0,0.0,0.0,0.0,0.0,0.0,0.0,0.0,0.0,0.0,0.0,0.0,0.0,0.0,0.0,0.0,0.0,0.0,0.0,0.0,0.0,0.0,0.0,0.0,0.0,0.0,0.0,0.0,0.0,0.0,0.0,0.0,0.0,0.0,0.0,3.286904220666831,3.157255710636181,3.2457527462807416,3.565021776718026,3.5388354152168136,3.896612737831705,2.7734537175536946,1.868526108442417,2.3052741467418905,3.4059001650092804,3.4323276653319232,3.402068606683021,2.64814818964519,3.101477470687956,2.6746567448058896,2.37078517616261,1.8993061200345158,1.8973661078494841,2.1538038689110652,2.4460161933585054,2.6420254319038805,2.8094401848718977,2.956875213526103,2.7635157801324177,2.8716085895883663,2.5075879910984726,2.485579884157841,2.2887477959322853,1.8391830753357472,2.3835023688829757,2.2200423929413686,1.9610130068818832,1.5984871395326068,2.1418804083362133,2.1554080248188674,1.392355317943083,1.5622547629165353,1.9315544176668162,2.0568318104004653,1.7861047691113845,1.9205688539053463,2.3731209831710047,2.058499275676942,2.6619540460966538,2.7939181727079614,3.4164548062637285,3.3337269023273537,3.004463117289439,2.7596076576950908,2.1768132140728764,2.636375275803438,2.153065007601541,3.6143431803916353,3.358894264646305,2.6196739668538687,3.3417553293204665,3.579680894096726,3.238691606890044,3.9091149018410922
67,0.0,0.0,0.0,0.0,0.0,0.0,0.0,0.0,0.0,0.0,0.0,0.0,0.0,0.0,0.0,0.0,0.0,0.0,0.0,0.0,0.0,0.0,0.0,0.0,0.0,0.0,0.0,0.0,0.0,0.0,0.0,0.0,0.0,0.0,0.0,0.0,0.0,0.0,0.0,0.0,0.0,0.0,0.0,0.0,0.0,0.0,0.0,0.0,0.0,0.0,0.0,0.0,0.0,0.0,0.0,0.0,0.0,0.0,0.0,0.0,0.0,0.0,0.0,0.0,0.0,0.0,0.0,0.0,2.8142597453564835,2.7039233753632272,2.651122178624777,3.104288486738364,3.702103016675215,2.7416648348577537,1.8682516576251862,2.6396798284670786,3.016936306696278,3.4730238597270793,3.3936384531635317,2.54194169940173,3.4320741971414446,2.6414399997881075,2.5767939505970934,1.967908123333903,1.9436660685786804,2.309046890697733,2.7284249364443705,2.8748780278113126,3.2846199134639584,3.3576430505075487,3.240634221082427,3.5934155003119432,2.6859765439488035,2.3916061687999015,2.327630995642555,1.8886185149906383,2.2184150678057235,2.253427205537379,2.0708184272654506,1.946007047406325,2.1203587718454893,2.2529750733419482,1.881608835544521,1.7611849166145048,2.134055892177294,1.9667902023015118,1.9175037755690132,2.030879305992221,2.309916095330309,2.195012378075555,2.5030079954519215,3.066987645625358,3.045431832782398,3.016348111066457,2.913006821633105,2.665777019737716,2.641389561372999,2.5502322336365473,2.2712122070531904,3.1035338653390485,3.3326182040459478,2.491288239995974,2.8724788065631492,2.6185736641387782,2.693072638672173,3.3839045893985196
68,0.0,0.0,0.0,0.0,0.0,0.0,0.0,0.0,0.0,0.0,0.0,0.0,0.0,0.0,0.0,0.0,0.0,0.0,0.0,0.0,0.0,0.0,0.0,0.0,0.0,0.0,0.0,0.0,0.0,0.0,0.0,0.0,0.0,0.0,0.0,0.0,0.0,0.0,0.0,0.0,0.0,0.0,0.0,0.0,0.0,0.0,0.0,0.0,0.0,0.0,0.0,0.0,0.0,0.0,0.0,0.0,0.0,0.0,0.0,0.0,0.0,0.0,0.0,0.0,0.0,0.0,0.0,0.0,0.0,2.878662480564985,2.5446000116796488,2.532802730873523,2.782041140933975,2.370989676361875,1.6451643137514558,2.2668083092497766,2.565952459273107,3.004624700636437,3.1634238474845513,2.471242680197545,3.3646229407079917,2.777212496946728,2.594912426751148,2.210565169905331,2.198270671486003,2.273861584129071,2.5952262964188733,2.789629772248185,2.5788145759946275,2.6458782631033473,2.6294394723845977,2.9876010724873687,2.346095382204633,2.3041813271748786,2.2188515171095444,1.9547880714052435,2.1515373023871223,2.1832295624013223,2.185882229131638,1.9530529880334717,2.2076170891584903,2.3927785283189267,1.991391574468855,1.6824846288393753,1.8450255358157388,2.0227598844408288,1.768805402713407,2.011711906433561,2.351915597282741,2.159712755030308,2.688014364889577,3.0351129526846257,2.862023520795243,2.7400649997712723,2.548849443525696,2.333523118384288,2.296775199891487,2.3156205998180095,1.9790304949562525,2.9467912648764862,2.7530969445677043,2.3320131266983375,2.785531575404218,2.7947085449193865,2.7064304309014764,3.3665381170580084
69,0.0,0.0,0.0,0.0,0.0,0.0,0.0,0.0,0.0,0.0,0.0,0.0,0.0,0.0,0.0,0.0,0.0,0.0,0.0,0.0,0.0,0.0,0.0,0.0,0.0,0.0,0.0,0.0,0.0,0.0,0.0,0.0,0.0,0.0,0.0,0.0,0.0,0.0,0.0,0.0,0.0,0.0,0.0,0.0,0.0,0.0,0.0,0.0,0.0,0.0,0.0,0.0,0.0,0.0,0.0,0.0,0.0,0.0,0.0,0.0,0.0,0.0,0.0,0.0,0.0,0.0,0.0,0.0,0.0,0.0,3.814291925364309,3.5795745697493944,3.473867072157704,2.335827445477646,1.6493336210204788,1.8864566363441235,3.038762921869001,3.1062022292102918,3.080266120755211,2.6166295542732114,3.0001011137799733,2.708236100244717,2.3294052676191255,2.169009447616886,2.1300677125762837,2.182662809229086,2.2388669177600082,2.6461348692235656,2.6826741112205927,2.7743451109052595,2.831042529929559,3.4674334278140444,2.6789858642357296,2.692663285116574,2.231274934447713,2.09159873708911,2.490685053638622,2.236493095167635,2.0022265375875126,1.9338621382418624,2.468748794280548,2.3068406362960343,1.8400078256045196,1.7603263657533317,1.6599543021083831,2.1333788457095126,1.7766618155715574,2.0719532508578906,2.42136581290195,2.285869426312516,2.728454236967252,2.981200722693294,3.4895864967154555,3.409067832939936,3.104281880360733,2.888065621385146,2.5191541782505573,2.9870425581299225,2.3877352007118815,4.4650040264608295,3.9326634119359687,3.0497279918067783,3.321231832619323,3.3881990113103626,2.8958210754183433,2.8228355645298424
70,0.0,0.0,0.0,0.0,0.0,0.0,0.0,0.0,0.0,0.0,0.0,0.0,0.0,0.0,0.0,0.0,0.0,0.0,0.0,0.0,0.0,0.0,0.0,0.0,0.0,0.0,0.0,0.0,0.0,0.0,0.0,0.0,0.0,0.0,0.0,0.0,0.0,0.0,0.0,0.0,0.0,0.0,0.0,0.0,0.0,0.0,0.0,0.0,0.0,0.0,0.0,0.0,0.0,0.0,0.0,0.0,0.0,0.0,0.0,0.0,0.0,0.0,0.0,0.0,0.0,0.0,0.0,0.0,0.0,0.0,0.0,4.023416471920015,4.053195118971134,2.700528312000975,2.193103339418789,2.2930430893521736,3.245246316332088,3.314208009142403,3.0700867327935826,2.4630715203676727,2.836987074453175,2.566017862144949,2.1872964433438273,2.09240906749013,1.8973398100000194,2.1878566723737545,2.242076637037008,2.4610676561570175,2.957708645704055,3.146174213974568,3.140906231671678,3.3310149823151045,2.672256729880149,2.462883527484245,2.1511573417920435,2.1743045212297782,2.5129244725689217,2.183225706881303,2.0197907254448166,2.037732619641737,2.5061076844749746,2.182977004499205,1.9597265813301308,1.631778770772767,1.7751825169710067,2.0577542570748895,1.7167486198908053,1.8807474405213385,2.322147835696455,1.9992145033835385,2.5219253418877705,2.7095748180582935,3.9475477595188124,3.1093013722591345,3.1113041738278464,2.7372608583855658,2.4052026733175773,2.5567687826900243,2.0835742604628877,4.173823299551108,3.9819022900234957,2.725571573919977,3.0987741519146526,2.8842127752309996,2.5420828983873136,2.633023506922372
71,0.0,0.0,0.0,0.0,0.0,0.0,0.0,0.0,0.0,0.0,0.0,0.0,0.0,0.0,0.0,0.0,0.0,0.0,0.0,0.0,0.0,0.0,0.0,0.0,0.0,0.0,0.0,0.0,0.0,0.0,0.0,0.0,0.0,0.0,0.0,0.0,0.0,0.0,0.0,0.0,0.0,0.0,0.0,0.0,0.0,0.0,0.0,0.0,0.0,0.0,0.0,0.0,0.0,0.0,0.0,0.0,0.0,0.0,0.0,0.0,0.0,0.0,0.0,0.0,0.0,0.0,0.0,0.0,0.0,0.0,0.0,0.0,4.438358603159777,3.5751415321409614,2.3694715171106084,3.1156605028918585,3.794567228003175,3.826478486613933,3.54029555193845,2.763995597008628,3.2113220672260288,2.7269754805864705,2.6135075516529485,2.40308110568324,2.3383589955537976,2.38515109961778,2.579813545534798,2.7046451870661437,2.9047751341147747,2.8917406119611186,2.8535426824220367,3.228122198090635,2.5736052791800144,2.626037144815137,2.406461197448712,2.315120066019204,2.522890098527809,2.237203768287408,2.1793316360631443,2.0605961152219687,2.4274360768711976,2.375809268428937,2.030396865241713,1.7913623037039372,2.059738901917953,2.33990313763003,1.850113108359643,1.9602605815787562,2.4354846000139543,2.211300419588324,2.606105841522925,3.1077617890837486,3.5046779719094623,3.14031629133446,3.1499783752145087,2.785860983503758,2.537943649433404,2.5619419349460864,2.177304341997204,3.761424713643713,3.3066834005036014,2.562182956755823,3.0938061609468637,2.9819818702754795,2.752428923916224,2.8292695590080754
72,0.0,0.0,0.0,0.0,0.0,0.0,0.0,0.0,0.0,0.0,0.0,0.0,0.0,0.0,0.0,0.0,0.0,0.0,0.0,0.0,0.0,0.0,0.0,0.0,0.0,0.0,0.0,0.0,0.0,0.0,0.0,0.0,0.0,0.0,0.0,0.0,0.0,0.0,0.0,0.0,0.0,0.0,0.0,0.0,0.0,0.0,0.0,0.0,0.0,0.0,0.0,0.0,0.0,0.0,0.0,0.0,0.0,0.0,0.0,0.0,0.0,0.0,0.0,0.0,0.0,0.0,0.0,0.0,0.0,0.0,0.0,0.0,0.0,4.620793106694113,3.830846620680903,4.32687270575024,4.71729873910482,4.6029484417767,4.183568321674284,3.189735393811545,3.8571348721198495,3.3565158123018537,2.774387154456368,2.014170548084556,1.9186050315000889,2.5492853443734074,2.9958934557125083,3.040525740061397,3.8149412406207706,3.955208666229937,3.7039221427979427,3.658978802397978,2.880861769648352,2.586207811566057,2.6170275250215385,2.1946064363899644,2.5048779044379037,2.2832375014477266,2.2546248545862273,2.2135940737372097,2.4876357334359707,2.2411962502207436,2.1014105021351965,1.9945133465445963,1.9059579793948476,2.1778370971569525,2.4057656001413568,2.601166189283611,2.830532993690207,2.4099770125522317,3.0530120517126456,3.544533406173712,4.451178196612525,5.081988223275675,5.131046499398257,3.695682982744634,2.91799418829876,3.466046003077322,2.8562416268762463,5.84988205131332,5.837937795009338,3.757322219143428,4.618177587065951,4.377595888302444,3.5978681929786656,3.5365052576336313
73,0.0,0.0,0.0,0.0,0.0,0.0,0.0,0.0,0.0,0.0,0.0,0.0,0.0,0.0,0.0,0.0,0.0,0.0,0.0,0.0,0.0,0.0,0.0,0.0,0.0,0.0,0.0,0.0,0.0,0.0,0.0,0.0,0.0,0.0,0.0,0.0,0.0,0.0,0.0,0.0,0.0,0.0,0.0,0.0,0.0,0.0,0.0,0.0,0.0,0.0,0.0,0.0,0.0,0.0,0.0,0.0,0.0,0.0,0.0,0.0,0.0,0.0,0.0,0.0,0.0,0.0,0.0,0.0,0.0,0.0,0.0,0.0,0.0,0.0,4.85933595698765,5.077201483604512,4.1562399265853065,3.9468531838904024,3.0579825105137872,2.4881021709193423,2.822099431489034,2.803497159162902,2.0662995048273505,1.7193458375427568,1.9541948924067958,1.946198184142947,2.3776722435509616,2.2503667458377143,3.002290775209381,2.6460849278675824,2.5321279720657843,2.024589580318187,2.1122816713491757,1.911153146052889,2.0957018736513646,1.8452958555450056,2.0616428006604113,1.6707322768607398,1.8399448374491736,1.734326548774536,2.0279861734952958,1.9377324802937634,1.5187315037397788,1.5057335719483718,1.4636211873412859,1.7066319978330413,1.452913674193178,1.9162177646433824,1.9563617566768978,2.014800563996456,2.36839089723127,2.805384005277758,3.1052041731894677,3.4843116943395147,3.4970527113571013,3.163190353548045,2.2981932866833086,2.991419222206197,2.296111757383085,4.147900936622281,4.215846160853814,2.774454309085565,2.906307208036667,2.4076662014182113,2.5126441835207576,2.3732899099515405
74,0.0,0.0,0.0,0.0,0.0,0.0,0.0,0.0,0.0,0.0,0.0,0.0,0.0,0.0,0.0,0.0,0.0,0.0,0.0,0.0,0.0,0.0,0.0,0.0,0.0,0.0,0.0,0.0,0.0,0.0,0.0,0.0,0.0,0.0,0.0,0.0,0.0,0.0,0.0,0.0,0.0,0.0,0.0,0.0,0.0,0.0,0.0,0.0,0.0,0.0,0.0,0.0,0.0,0.0,0.0,0.0,0.0,0.0,0.0,0.0,0.0,0.0,0.0,0.0,0.0,0.0,0.0,0.0,0.0,0.0,0.0,0.0,0.0,0.0,0.0,5.2968053645450235,4.391797928120928,3.627538842317804,2.463343833737079,2.2535183854728595,2.621683768983379,3.0762297099193674,2.0916145314001766,1.706699957242796,1.990118406544034,1.969293366272992,2.6735204442977327,2.3306780660816995,2.8936781858815563,2.60557502106554,2.3964144739520417,1.6604214173444227,1.8621305016423808,1.8051010596415624,2.0306360592042023,1.5886285205932333,1.819203675298527,1.549148492112598,1.4896882517176806,1.2589560940717568,1.6812018624105707,1.7438600274493146,1.0045008284921813,1.1384377322199661,1.1320495194791504,1.4108273396364759,1.1558568568154801,1.802592103601994,1.769869733175665,1.863057855771491,2.280660461638339,2.717929898829666,2.5930298241438896,3.018775204045212,2.7041591198827213,3.1309600500300365,2.4204192648605583,3.274170738751763,2.384069173780592,3.699627579959371,3.8734710309671314,2.5608188911322305,2.8628736337417178,2.379250922422356,2.439831898690779,2.137984961620364
75,0.0,0.0,0.0,0.0,0.0,0.0,0.0,0.0,0.0,0.0,0.0,0.0,0.0,0.0,0.0,0.0,0.0,0.0,0.0,0.0,0.0,0.0,0.0,0.0,0.0,0.0,0.0,0.0,0.0,0.0,0.0,0.0,0.0,0.0,0.0,0.0,0.0,0.0,0.0,0.0,0.0,0.0,0.0,0.0,0.0,0.0,0.0,0.0,0.0,0.0,0.0,0.0,0.0,0.0,0.0,0.0,0.0,0.0,0.0,0.0,0.0,0.0,0.0,0.0,0.0,0.0,0.0,0.0,0.0,0.0,0.0,0.0,0.0,0.0,0.0,0.0,4.402789339986005,3.7945720795215583,2.9913622184569975,2.3364215297089057,2.83986304530858,3.1604425676371894,2.058176641299332,1.5907608868769654,1.8449252964773635,1.9502873832433425,2.5930916876562176,2.3270275989741274,2.977301552905231,2.612122014530165,2.361690846429139,1.6217503925427412,1.8941957492998676,1.7676347452699395,2.0689779858973445,1.7159208597250393,1.9325582832746473,1.6168264346799441,1.6958290292486273,1.601592818775226,1.9390328425070096,1.8129753316007917,1.2622414465833176,1.35330921624491,1.2446694723383487,1.5305249213098024,1.3574190154921106,1.9027642713872486,1.8880349432765107,1.8848414720949562,2.475278138333927,2.871846999592196,2.9200517405206896,3.480333495207587,3.321295593760635,3.149554341351151,2.273987635390572,3.1806429812318036,2.3212968781833005,4.2111736358500425,4.322442769398767,2.8723167101241938,3.021509929588239,2.5137336971941777,2.714882007786178,2.6721694335131185
76,0.0,0.0,0.0,0.0,0.0,0.0,0.0,0.0,0.0,0.0,0.0,0.0,0.0,0.0,0.0,0.0,0.0,0.0,0.0,0.0,0.0,0.0,0.0,0.0,0.0,0.0,0.0,0.0,0.0,0.0,0.0,0.0,0.0,0.0,0.0,0.0,0.0,0.0,0.0,0.0,0.0,0.0,0.0,0.0,0.0,0.0,0.0,0.0,0.0,0.0,0.0,0.0,0.0,0.0,0.0,0.0,0.0,0.0,0.0,0.0,0.0,0.0,0.0,0.0,0.0,0.0,0.0,0.0,0.0,0.0,0.0,0.0,0.0,0.0,0.0,0.0,0.0,4.306999792645104,3.5551254379976784,3.0040934411719102,3.397032427014247,3.1870233248252147,2.4457475874920505,1.8522682850857988,1.8860413251639285,2.36838367252159,2.7868848016358623,2.644493514997363,3.6545573370148796,3.654401290708622,3.3267658582839936,2.926387594815607,2.4987015158672388,2.090663756027152,2.516396374567178,2.0145858418644584,2.266678098587577,1.91349793937019,2.1017336229057375,2.063767798699534,2.236814649674548,2.006940113166492,1.8981696857477093,1.843732130098744,1.658404612504064,2.029411783485769,2.353266635307307,2.5896945420734183,2.659146884471569,2.3390677001410904,2.8594830162196967,3.1867256174947274,4.228184890649113,5.310226821860529,5.372680085103229,3.7401169333555395,2.8002792851677687,3.477736151198029,2.72706863248858,6.103800957777628,5.803453293224932,3.604810131458827,4.2470966833102795,4.089757810503779,3.364765139055434,3.1350098769196775
77,0.0,0.0,0.0,0.0,0.0,0.0,0.0,0.0,0.0,0.0,0.0,0.0,0.0,0.0,0.0,0.0,0.0,0.0,0.0,0.0,0.0,0.0,0.0,0.0,0.0,0.0,0.0,0.0,0.0,0.0,0.0,0.0,0.0,0.0,0.0,0.0,0.0,0.0,0.0,0.0,0.0,0.0,0.0,0.0,0.0,0.0,0.0,0.0,0.0,0.0,0.0,0.0,0.0,0.0,0.0,0.0,0.0,0.0,0.0,0.0,0.0,0.0,0.0,0.0,0.0,0.0,0.0,0.0,0.0,0.0,0.0,0.0,0.0,0.0,0.0,0.0,0.0,0.0,4.610795363029101,4.1153138454525156,4.163207006901797,3.8591917395921973,2.8487818965919867,1.771773862432396,1.7381040186930863,2.7123012259393757,3.484717958568261,3.4160859152921637,4.442806315125205,4.228986780243718,3.7272808176676087,3.539522412939982,2.8502606007169864,2.2141292069347602,2.453459444638148,1.8537230012391968,2.3312326643186556,2.2082966191882614,2.086749537304875,2.4669911126032664,2.2607280481729743,2.103800565894445,2.1549915733216736,2.278970794958045,1.8366298332148545,2.291572746011633,2.8061287671381945,2.8803257382850482,2.5698994991670725,2.357793526133712,3.0689654577556498,3.9866125523131117,4.314430335702605,6.727287833881449,6.6134741219551225,5.237949839071943,3.975383253002409,5.06299023076156,4.333683880065525,7.933722608153708,7.300940587707109,4.451629858328624,4.973790415732751,4.929889946900479,3.7790649291875638,3.68449812733071
78,0.0,0.0,0.0,0.0,0.0,0.0,0.0,0.0,0.0,0.0,0.0,0.0,0.0,0.0,0.0,0.0,0.0,0.0,0.0,0.0,0.0,0.0,0.0,0.0,0.0,0.0,0.0,0.0,0.0,0.0,0.0,0.0,0.0,0.0,0.0,0.0,0.0,0.0,0.0,0.0,0.0,0.0,0.0,0.0,0.0,0.0,0.0,0.0,0.0,0.0,0.0,0.0,0.0,0.0,0.0,0.0,0.0,0.0,0.0,0.0,0.0,0.0,0.0,0.0,0.0,0.0,0.0,0.0,0.0,0.0,0.0,0.0,0.0,0.0,0.0,0.0,0.0,0.0,0.0,3.694862293661382,3.9965941996087198,3.291391177090745,2.7268556569412876,1.6333563193697422,1.674088990170296,2.341841226970372,3.1611456325086813,3.0651572905356383,4.037080158570096,3.8604780057553376,3.49709036712037,3.285186315556637,2.687521706933816,2.1490228350660825,2.3923889866803907,1.829851230532908,2.204750140698751,2.102890836640953,1.9292182160184148,2.0884020974418083,2.0123279651373895,1.9269518447141583,1.7269336333315874,1.8439274631931273,1.7799548225933473,1.9747279020460802,2.2200243975512532,2.303107137126701,2.371289344404511,2.2527627284896377,2.9098182256487157,3.7992174683349504,3.903939487334138,5.300878345478196,5.196745331617012,4.328327403163028,3.36159514719831,3.8880076703208193,3.331203339535519,5.645965810151303,5.275163894198402,3.469896232410842,3.942004951513039,4.055534088264288,3.1780728545934664,3.329485243056294
79,0.0,0.0,0.0,0.0,0.0,0.0,0.0,0.0,0.0,0.0,0.0,0.0,0.0,0.0,0.0,0.0,0.0,0.0,0.0,0.0,0.0,0.0,0.0,0.0,0.0,0.0,0.0,0.0,0.0,0.0,0.0,0.0,0.0,0.0,0.0,0.0,0.0,0.0,0.0,0.0,0.0,0.0,0.0,0.0,0.0,0.0,0.0,0.0,0.0,0.0,0.0,0.0,0.0,0.0,0.0,0.0,0.0,0.0,0.0,0.0,0.0,0.0,0.0,0.0,0.0,0.0,0.0,0.0,0.0,0.0,0.0,0.0,0.0,0.0,0.0,0.0,0.0,0.0,0.0,0.0,3.6980904398895946,3.6081195842235805,2.5867900426085306,1.7030505385423635,1.7225863613924715,2.5151669510807,3.277915940762251,3.3946241788910245,4.591997987119521,4.443799175851809,4.3561858971349094,4.352181925941399,3.287614107201315,2.268498523058522,2.073756620696709,1.7504499660210715,2.506270295256205,2.1553928996167206,1.8283575363447466,2.1635854840514117,1.8672687358440472,1.8994686024729295,1.6559948329016514,1.7018161853737293,1.6381426837701107,1.876235383511725,1.9059378000647789,1.9989163740255456,1.9687311505651037,1.9825698410047048,2.4747012890579967,3.410598487365574,3.2704314580971277,4.453896645018623,4.12361425760883,4.849701894113156,3.78563095781101,4.696149750927133,3.838965322495595,4.786438270877944,4.751937084204514,3.1559568675026206,3.145669424060172,2.9443600506108063,2.4771534023864934,2.620635756520228
80,0.0,0.0,0.0,0.0,0.0,0.0,0.0,0.0,0.0,0.0,0.0,0.0,0.0,0.0,0.0,0.0,0.0,0.0,0.0,0.0,0.0,0.0,0.0,0.0,0.0,0.0,0.0,0.0,0.0,0.0,0.0,0.0,0.0,0.0,0.0,0.0,0.0,0.0,0.0,0.0,0.0,0.0,0.0,0.0,0.0,0.0,0.0,0.0,0.0,0.0,0.0,0.0,0.0,0.0,0.0,0.0,0.0,0.0,0.0,0.0,0.0,0.0,0.0,0.0,0.0,0.0,0.0,0.0,0.0,0.0,0.0,0.0,0.0,0.0,0.0,0.0,0.0,0.0,0.0,0.0,0.0,4.255101829609803,3.3040451394272496,2.0801708250429725,2.349487955641277,3.069068446020611,4.272354301861965,4.4620916700127475,5.252805304580212,5.772162914320924,6.031594043034569,6.205383579559999,4.373813995200996,3.2535287886504562,2.5511418905716328,2.0493081254878818,3.3400911334278796,2.7423486890703406,2.0185845653129553,2.4722744748259977,2.2701901165422176,2.3191261243331467,1.8745024230857827,1.7959321677228413,1.7463110444469359,1.8021573100529413,2.1858104320639784,2.2474323990286442,2.439342174805149,2.486631875661369,3.3080673954156743,4.39316770013441,3.829854961471653,4.195694760488708,3.914545886481622,3.917689766399196,3.6152261545040734,3.537027141710552,3.0716292725972254,5.405281109543012,5.3309851692343235,3.7334194938576113,3.7732877736531814,3.3929751543919924,3.216990035893419,3.6931382903848022
81,0.0,0.0,0.0,0.0,0.0,0.0,0.0,0.0,0.0,0.0,0.0,0.0,0.0,0.0,0.0,0.0,0.0,0.0,0.0,0.0,0.0,0.0,0.0,0.0,0.0,0.0,0.0,0.0,0.0,0.0,0.0,0.0,0.0,0.0,0.0,0.0,0.0,0.0,0.0,0.0,0.0,0.0,0.0,0.0,0.0,0.0,0.0,0.0,0.0,0.0,0.0,0.0,0.0,0.0,0.0,0.0,0.0,0.0,0.0,0.0,0.0,0.0,0.0,0.0,0.0,0.0,0.0,0.0,0.0,0.0,0.0,0.0,0.0,0.0,0.0,0.0,0.0,0.0,0.0,0.0,0.0,0.0,3.3851386738275995,2.5538014057454026,2.786884604308186,3.417091754865747,5.247830931871195,4.826145772236588,6.57806288129329,6.576250434437242,6.83031012757888,6.2275604081718345,4.593827202912425,3.1594771070751615,2.370879828898452,1.8964842273618114,3.4230317244235655,2.938827217208607,1.9063961932014712,2.374989142292971,2.460938870323837,2.647145200922727,1.9676035394511455,1.6962894324821662,1.6386728758984286,1.7037260245844967,2.131780566256646,2.1827512652792245,2.4619973746796195,2.5687182085654108,3.0056047606354044,3.8428483434843383,3.429808057858551,4.686269202594663,3.6234051854539295,5.981300010440267,5.427451443500004,7.472005562125678,4.665333990487422,5.282292663984191,4.730759938331641,3.342596293124636,3.299017218069996,3.1403539499993025,2.95787731257204,2.9815774232324195
82,0.0,0.0,0.0,0.0,0.0,0.0,0.0,0.0,0.0,0.0,0.0,0.0,0.0,0.0,0.0,0.0,0.0,0.0,0.0,0.0,0.0,0.0,0.0,0.0,0.0,0.0,0.0,0.0,0.0,0.0,0.0,0.0,0.0,0.0,0.0,0.0,0.0,0.0,0.0,0.0,0.0,0.0,0.0,0.0,0.0,0.0,0.0,0.0,0.0,0.0,0.0,0.0,0.0,0.0,0.0,0.0,0.0,0.0,0.0,0.0,0.0,0.0,0.0,0.0,0.0,0.0,0.0,0.0,0.0,0.0,0.0,0.0,0.0,0.0,0.0,0.0,0.0,0.0,0.0,0.0,0.0,0.0,0.0,1.982243199576426,2.132978771653366,2.6158956508865905,3.364914532014432,3.680774529535042,4.3423906505168635,4.638147937578899,5.143040965007096,5.37914510612619,3.913889670213619,2.8884426601704534,1.9224100742575003,1.7526596040207847,2.8554132088659694,2.419155610304421,1.680959133977434,1.9500972780015633,1.9672677467314275,2.010042513468241,1.6510530844783113,1.455370278161447,1.3485495127079092,1.4940895739672846,1.7951554379847492,1.7968747689414286,1.8374228090720226,1.7743535479485237,2.5417786255124986,2.952855633645537,2.8751499289134888,2.8923667527765646,2.6464494383500363,2.8655278968459,3.060973072569191,2.8145946346610207,2.3974143314116665,4.037945102322829,3.9809132228102997,2.664380581101727,2.978137789163846,2.8571009253137016,2.6786128709867385,2.7857589345346714
83,0.0,0.0,0.0,0.0,0.0,0.0,0.0,0.0,0.0,0.0,0.0,0.0,0.0,0.0,0.0,0.0,0.0,0.0,0.0,0.0,0.0,0.0,0.0,0.0,0.0,0.0,0.0,0.0,0.0,0.0,0.0,0.0,0.0,0.0,0.0,0.0,0.0,0.0,0.0,0.0,0.0,0.0,0.0,0.0,0.0,0.0,0.0,0.0,0.0,0.0,0.0,0.0,0.0,0.0,0.0,0.0,0.0,0.0,0.0,0.0,0.0,0.0,0.0,0.0,0.0,0.0,0.0,0.0,0.0,0.0,0.0,0.0,0.0,0.0,0.0,0.0,0.0,0.0,0.0,0.0,0.0,0.0,0.0,0.0,1.8934812563196166,2.492288960370195,2.920711294904154,2.7487831176874344,3.075440834069223,3.471079534171937,3.5593706050616203,3.656024876488236,2.4546103154568106,2.1366855892345074,1.5875380897179177,1.376108249271279,1.8983644882088726,1.7849659159868632,1.4184382341261732,1.5553819704110623,1.7446682794289774,1.9165150988028956,1.3432417613447736,1.25012581811082,1.288039330346467,1.303566417605961,1.4044173597774898,1.2856721091956163,1.4157301801849063,1.2667144611904242,1.6729737951354542,2.130567871875597,1.817322258619131,1.8682837515372717,1.6914517149698678,2.0480325194060973,2.791466503759549,2.5400205808668708,2.2834515180142394,2.407519388248568,2.339317326963328,1.7420747857881276,2.0193761135450896,1.9651426616963734,2.147165085474889,1.9804111626635046
84,0.0,0.0,0.0,0.0,0.0,0.0,0.0,0.0,0.0,0.0,0.0,0.0,0.0,0.0,0.0,0.0,0.0,0.0,0.0,0.0,0.0,0.0,0.0,0.0,0.0,0.0,0.0,0.0,0.0,0.0,0.0,0.0,0.0,0.0,0.0,0.0,0.0,0.0,0.0,0.0,0.0,0.0,0.0,0.0,0.0,0.0,0.0,0.0,0.0,0.0,0.0,0.0,0.0,0.0,0.0,0.0,0.0,0.0,0.0,0.0,0.0,0.0,0.0,0.0,0.0,0.0,0.0,0.0,0.0,0.0,0.0,0.0,0.0,0.0,0.0,0.0,0.0,0.0,0.0,0.0,0.0,0.0,0.0,0.0,0.0,2.725761888646157,3.0921502958223277,2.9765055023721056,3.2207757859900576,3.6168125439945844,3.757075876671443,3.7118832872836784,2.5834805266808014,2.0388031583988933,1.5696544267787726,1.3806463419990664,1.6792806253014432,1.6953917723212566,1.4064775215338645,1.4062094287803437,1.58012527565707,1.7423764546850857,1.511697500893063,1.3275036773376123,1.3498081388410799,1.2862181920044555,1.3921818699199493,1.299833006105899,1.4624107338859325,1.3115240374313477,1.7425561035545565,2.2878994251486136,1.7762707221685474,1.8531346437739193,1.6749944249632727,2.1915896518242506,3.031851640783484,2.7026752741241356,2.4975544109355217,2.651148326710875,2.6157415723607653,1.8113045063359436,2.13475708188936,1.9392413878192718,2.2808919526018654,2.2780557200914573
85,0.0,0.0,0.0,0.0,0.0,0.0,0.0,0.0,0.0,0.0,0.0,0.0,0.0,0.0,0.0,0.0,0.0,0.0,0.0,0.0,0.0,0.0,0.0,0.0,0.0,0.0,0.0,0.0,0.0,0.0,0.0,0.0,0.0,0.0,0.0,0.0,0.0,0.0,0.0,0.0,0.0,0.0,0.0,0.0,0.0,0.0,0.0,0.0,0.0,0.0,0.0,0.0,0.0,0.0,0.0,0.0,0.0,0.0,0.0,0.0,0.0,0.0,0.0,0.0,0.0,0.0,0.0,0.0,0.0,0.0,0.0,0.0,0.0,0.0,0.0,0.0,0.0,0.0,0.0,0.0,0.0,0.0,0.0,0.0,0.0,0.0,3.8882016656617426,4.335559746946817,5.035540355705556,5.954411484673914,6.485611344877236,6.460065859795094,4.475037154437188,3.1194544442342913,1.8563969838697494,1.6381371082392984,3.193420436629635,2.623594689409142,1.6453387640195276,1.9796763476039954,2.145843030937591,2.459279811261632,1.6111509097713872,1.419498680475051,1.52171814187767,1.5297897721516154,1.717129665713683,1.6917424553431901,1.7641929913454875,1.727562386025439,2.233394806098684,2.41589194799584,2.523002978868731,2.7029821702594714,2.4031989399340463,2.754252194606366,3.3584404086850497,3.0016316710846613,2.5749746792793613,3.4822754499228323,3.015444706414986,2.1712281374712448,2.4350577615573705,2.167224688615226,2.4160699776182346,2.0964386503058585
86,0.0,0.0,0.0,0.0,0.0,0.0,0.0,0.0,0.0,0.0,0.0,0.0,0.0,0.0,0.0,0.0,0.0,0.0,0.0,0.0,0.0,0.0,0.0,0.0,0.0,0.0,0.0,0.0,0.0,0.0,0.0,0.0,0.0,0.0,0.0,0.0,0.0,0.0,0.0,0.0,0.0,0.0,0.0,0.0,0.0,0.0,0.0,0.0,0.0,0.0,0.0,0.0,0.0,0.0,0.0,0.0,0.0,0.0,0.0,0.0,0.0,0.0,0.0,0.0,0.0,0.0,0.0,0.0,0.0,0.0,0.0,0.0,0.0,0.0,0.0,0.0,0.0,0.0,0.0,0.0,0.0,0.0,0.0,0.0,0.0,0.0,0.0,5.677196933268891,6.861436292306189,8.281035524922924,8.80491179018293,8.589493909678238,5.9558847215028,3.7245711580314387,2.1977352822998513,1.9773474621059237,4.102198094999656,3.253743662803078,1.9231312074371238,2.313317808494311,2.3835351355189576,2.763618404264669,1.8598480208560315,1.5731951054799218,1.8177337942612084,1.8862543331591215,1.789424639717685,2.0367179679601977,2.262192680095017,2.330341057719662,2.8120182790368,3.050494363083036,3.1191395358072405,4.593129110212362,3.328363441164359,5.395994457619634,4.290948667830532,6.470831635779225,4.99527515003879,4.331474227586583,3.657610726704895,2.837926126623618,2.8851509084308438,2.5044226052210057,2.6540386685903203,2.314092863181866
87,0.0,0.0,0.0,0.0,0.0,0.0,0.0,0.0,0.0,0.0,0.0,0.0,0.0,0.0,0.0,0.0,0.0,0.0,0.0,0.0,0.0,0.0,0.0,0.0,0.0,0.0,0.0,0.0,0.0,0.0,0.0,0.0,0.0,0.0,0.0,0.0,0.0,0.0,0.0,0.0,0.0,0.0,0.0,0.0,0.0,0.0,0.0,0.0,0.0,0.0,0.0,0.0,0.0,0.0,0.0,0.0,0.0,0.0,0.0,0.0,0.0,0.0,0.0,0.0,0.0,0.0,0.0,0.0,0.0,0.0,0.0,0.0,0.0,0.0,0.0,0.0,0.0,0.0,0.0,0.0,0.0,0.0,0.0,0.0,0.0,0.0,0.0,0.0,7.580038592378154,9.440565440441514,10.80413112438867,10.503672484286506,6.8447840150120065,4.509389952169209,2.3640658772069063,2.2801495492324424,4.933787855557107,3.570833901939721,2.0920408204516105,2.737457215563967,2.5044578115230975,2.670822167821806,2.0156629143837415,1.7499983905053251,1.7442788745884827,1.9169632485564807,1.9137035265872422,2.0770922088104706,2.2255235782892195,2.2122973737605283,2.7946199630551427,3.051746573929647,3.089410791963541,3.516407559594026,3.1923954283013463,3.8597707562208936,4.417734093370806,3.941228160148893,3.031854746964609,4.770767961264376,4.490091568098317,3.1788204699804825,3.3888316148548854,2.876438819077878,3.1177443808005325,3.2848093424656835
88,0.0,0.0,0.0,0.0,0.0,0.0,0.0,0.0,0.0,0.0,0.0,0.0,0.0,0.0,0.0,0.0,0.0,0.0,0.0,0.0,0.0,0.0,0.0,0.0,0.0,0.0,0.0,0.0,0.0,0.0,0.0,0.0,0.0,0.0,0.0,0.0,0.0,0.0,0.0,0.0,0.0,0.0,0.0,0.0,0.0,0.0,0.0,0.0,0.0,0.0,0.0,0.0,0.0,0.0,0.0,0.0,0.0,0.0,0.0,0.0,0.0,0.0,0.0,0.0,0.0,0.0,0.0,0.0,0.0,0.0,0.0,0.0,0.0,0.0,0.0,0.0,0.0,0.0,0.0,0.0,0.0,0.0,0.0,0.0,0.0,0.0,0.0,0.0,0.0,11.662237101800702,13.264733077493037,12.583711838457315,8.26720624501519,4.76523954804976,2.579200892378534,2.2449984479797283,5.568366258667477,4.119844734228025,2.1008835843542033,2.678416277913811,2.5029875815281386,2.986790484925109,2.0489152374368107,1.8919228665753018,2.0913153548539243,2.0973239430357946,2.067858401154735,2.4599895114254786,2.4473007523388426,2.410078139641251,3.313480331780367,3.900716523805181,3.7217425590115463,5.415028807817662,4.320627821620748,6.1324856563147,6.130042805162755,7.363323015654114,5.813279052161576,6.625922729590826,5.815491658352325,3.769193395472291,3.6618508876207607,2.9690747874684087,3.1457056770875687,2.9795995809294293
89,0.0,0.0,0.0,0.0,0.0,0.0,0.0,0.0,0.0,0.0,0.0,0.0,0.0,0.0,0.0,0.0,0.0,0.0,0.0,0.0,0.0,0.0,0.0,0.0,0.0,0.0,0.0,0.0,0.0,0.0,0.0,0.0,0.0,0.0,0.0,0.0,0.0,0.0,0.0,0.0,0.0,0.0,0.0,0.0,0.0,0.0,0.0,0.0,0.0,0.0,0.0,0.0,0.0,0.0,0.0,0.0,0.0,0.0,0.0,0.0,0.0,0.0,0.0,0.0,0.0,0.0,0.0,0.0,0.0,0.0,0.0,0.0,0.0,0.0,0.0,0.0,0.0,0.0,0.0,0.0,0.0,0.0,0.0,0.0,0.0,0.0,0.0,0.0,0.0,0.0,19.067398293233182,19.049746076242208,12.123540695201642,7.0194853913474144,2.8872453619533953,2.849681749131925,7.926738035057303,5.607557470694249,2.51911601405013,3.103307881710827,2.7796047816645113,3.21416861515546,2.160949938156204,1.8240507691850978,1.9475188616135377,2.105124359946736,1.8621580955068582,2.3312184960245528,2.6087250084238143,2.3034052764855746,3.5846370939031575,3.7023176162424636,4.018938659889482,4.365557645436235,3.9197424090493835,4.684744018376254,6.774851554773709,5.145077755848466,3.953764743291498,7.056997830783176,6.664687832867915,3.702979808940766,4.283109652291385,3.3383056121497683,3.613755213819895,3.8317055435279155
90,0.0,0.0,0.0,0.0,0.0,0.0,0.0,0.0,0.0,0.0,0.0,0.0,0.0,0.0,0.0,0.0,0.0,0.0,0.0,0.0,0.0,0.0,0.0,0.0,0.0,0.0,0.0,0.0,0.0,0.0,0.0,0.0,0.0,0.0,0.0,0.0,0.0,0.0,0.0,0.0,0.0,0.0,0.0,0.0,0.0,0.0,0.0,0.0,0.0,0.0,0.0,0.0,0.0,0.0,0.0,0.0,0.0,0.0,0.0,0.0,0.0,0.0,0.0,0.0,0.0,0.0,0.0,0.0,0.0,0.0,0.0,0.0,0.0,0.0,0.0,0.0,0.0,0.0,0.0,0.0,0.0,0.0,0.0,0.0,0.0,0.0,0.0,0.0,0.0,0.0,0.0,25.74365288515889,15.217190129332794,8.861354196662365,2.689809041995615,2.851809928220444,8.915069403272373,6.345725202760066,2.503874527242908,3.0313732849190185,3.106853725301323,3.2558436211278714,2.3623202992207477,2.047092170106477,1.977218969530098,2.1826148218140204,1.9496855865626483,2.486268840216297,2.642117120459376,2.348518124525359,3.58325349405812,3.728180658626675,3.7927635051188235,3.991930833545887,3.6264148703241914,4.254670900204841,6.607230447349023,4.935677776906907,3.927668453340753,7.223346926159742,7.0287172270778004,4.274049451485609,4.176070206827661,3.345855135861475,3.4751194241228065,3.5164589366433483
91,0.0,0.0,0.0,0.0,0.0,0.0,0.0,0.0,0.0,0.0,0.0,0.0,0.0,0.0,0.0,0.0,0.0,0.0,0.0,0.0,0.0,0.0,0.0,0.0,0.0,0.0,0.0,0.0,0.0,0.0,0.0,0.0,0.0,0.0,0.0,0.0,0.0,0.0,0.0,0.0,0.0,0.0,0.0,0.0,0.0,0.0,0.0,0.0,0.0,0.0,0.0,0.0,0.0,0.0,0.0,0.0,0.0,0.0,0.0,0.0,0.0,0.0,0.0,0.0,0.0,0.0,0.0,0.0,0.0,0.0,0.0,0.0,0.0,0.0,0.0,0.0,0.0,0.0,0.0,0.0,0.0,0.0,0.0,0.0,0.0,0.0,0.0,0.0,0.0,0.0,0.0,0.0,16.707204465297522,10.208425554386865,2.9743867783006603,3.2167023207081646,9.915124398111951,7.365486930094094,2.551527307131413,2.9580130128697517,3.5764617583314435,3.117417642195542,2.6473226554380993,2.288010092597143,1.7611533011808462,2.2273873489082696,2.0723152150395636,2.6047549152464966,3.020919166465572,2.477097888584784,4.113856810580755,3.9785814879006254,3.9603965434264836,3.7344834362987154,3.51418059588401,3.416135408328608,5.823757283814379,3.86173884717768,3.1536485535755587,7.587941875070041,7.298224575840153,4.995198767688044,4.320456787905974,3.7294218535949732,3.553401501626241,3.483022761438142
92,0.0,0.0,0.0,0.0,0.0,0.0,0.0,0.0,0.0,0.0,0.0,0.0,0.0,0.0,0.0,0.0,0.0,0.0,0.0,0.0,0.0,0.0,0.0,0.0,0.0,0.0,0.0,0.0,0.0,0.0,0.0,0.0,0.0,0.0,0.0,0.0,0.0,0.0,0.0,0.0,0.0,0.0,0.0,0.0,0.0,0.0,0.0,0.0,0.0,0.0,0.0,0.0,0.0,0.0,0.0,0.0,0.0,0.0,0.0,0.0,0.0,0.0,0.0,0.0,0.0,0.0,0.0,0.0,0.0,0.0,0.0,0.0,0.0,0.0,0.0,0.0,0.0,0.0,0.0,0.0,0.0,0.0,0.0,0.0,0.0,0.0,0.0,0.0,0.0,0.0,0.0,0.0,0.0,6.651988035063091,2.5165351008573613,3.0109733559254,6.559184246339223,4.534476689309159,2.382429984397325,3.0940145484376766,3.125056361883331,2.45585223409507,2.4868999264215357,2.1501833992947144,1.9962878122046865,2.0562032095540994,1.9301055604957273,2.196709892082313,2.3246363907528083,2.251109932728545,2.812627096714726,3.0559521263342613,2.8886559409500254,2.804820785953319,2.7716714602730037,2.8779555947507576,4.083899772024565,2.9815053735369728,2.70459677854413,5.358637061593374,4.995966072436967,3.799495437102998,3.4050535614858104,3.3300425709621715,3.074456391132875,3.110992854719247
93,0.0,0.0,0.0,0.0,0.0,0.0,0.0,0.0,0.0,0.0,0.0,0.0,0.0,0.0,0.0,0.0,0.0,0.0,0.0,0.0,0.0,0.0,0.0,0.0,0.0,0.0,0.0,0.0,0.0,0.0,0.0,0.0,0.0,0.0,0.0,0.0,0.0,0.0,0.0,0.0,0.0,0.0,0.0,0.0,0.0,0.0,0.0,0.0,0.0,0.0,0.0,0.0,0.0,0.0,0.0,0.0,0.0,0.0,0.0,0.0,0.0,0.0,0.0,0.0,0.0,0.0,0.0,0.0,0.0,0.0,0.0,0.0,0.0,0.0,0.0,0.0,0.0,0.0,0.0,0.0,0.0,0.0,0.0,0.0,0.0,0.0,0.0,0.0,0.0,0.0,0.0,0.0,0.0,0.0,2.363207253034892,2.6329953479108785,3.60442246703156,3.0433184514298097,2.331692809512608,2.5916928938495443,2.639527951828102,2.1075589635628114,2.4017021579634874,1.9690035771708563,1.7413872228630605,1.850902417638576,1.9570454776686934,2.047760224875481,2.285309400643894,2.120211190118025,2.640867007486822,2.863454493187572,2.656766483497617,2.364343761222583,2.1216378790043886,1.986324179465739,2.6364394406242737,2.1157153795606316,2.290852710951173,3.7870811305757077,3.610015893535931,3.060992849712795,2.6064052599589713,2.67904330265769,2.4174206868619788,2.458513341296846
94,0.0,0.0,0.0,0.0,0.0,0.0,0.0,0.0,0.0,0.0,0.0,0.0,0.0,0.0,0.0,0.0,0.0,0.0,0.0,0.0,0.0,0.0,0.0,0.0,0.0,0.0,0.0,0.0,0.0,0.0,0.0,0.0,0.0,0.0,0.0,0.0,0.0,0.0,0.0,0.0,0.0,0.0,0.0,0.0,0.0,0.0,0.0,0.0,0.0,0.0,0.0,0.0,0.0,0.0,0.0,0.0,0.0,0.0,0.0,0.0,0.0,0.0,0.0,0.0,0.0,0.0,0.0,0.0,0.0,0.0,0.0,0.0,0.0,0.0,0.0,0.0,0.0,0.0,0.0,0.0,0.0,0.0,0.0,0.0,0.0,0.0,0.0,0.0,0.0,0.0,0.0,0.0,0.0,0.0,0.0,2.068918927539589,2.358228119555264,2.2037148711029033,2.0357723396770675,2.255749634466562,2.1665674428832227,1.8826305224545536,2.094256297011396,1.8199838521054144,1.5213097947954684,1.7358928405542362,2.2406979673730945,2.1510044487684814,2.2063289414977745,2.092602605729972,2.403948248744234,2.3944721565328795,2.654933884895575,2.6290111530170543,2.5394138506851776,2.193162046586477,2.1229612047897306,2.2580612614990154,1.944429465341677,3.574670991442303,3.452079721758624,2.8434214513573437,3.134302450430957,3.4241621907030373,2.917280431271619,2.9105136364204247
95,0.0,0.0,0.0,0.0,0.0,0.0,0.0,0.0,0.0,0.0,0.0,0.0,0.0,0.0,0.0,0.0,0.0,0.0,0.0,0.0,0.0,0.0,0.0,0.0,0.0,0.0,0.0,0.0,0.0,0.0,0.0,0.0,0.0,0.0,0.0,0.0,0.0,0.0,0.0,0.0,0.0,0.0,0.0,0.0,0.0,0.0,0.0,0.0,0.0,0.0,0.0,0.0,0.0,0.0,0.0,0.0,0.0,0.0,0.0,0.0,0.0,0.0,0.0,0.0,0.0,0.0,0.0,0.0,0.0,0.0,0.0,0.0,0.0,0.0,0.0,0.0,0.0,0.0,0.0,0.0,0.0,0.0,0.0,0.0,0.0,0.0,0.0,0.0,0.0,0.0,0.0,0.0,0.0,0.0,0.0,0.0,2.8978191568037435,2.4559514514610377,1.9435550216144237,2.3179445973910857,2.3248122143025,1.995379046904219,2.0635326318709257,1.7843826500094195,1.7588946846114946,1.7472357874047915,1.9369138797098868,1.8035665374881908,1.9362804818742942,2.063096164961251,1.845742451757233,2.1500662134910544,2.0201736289091556,2.0376079430197165,1.8057008628410698,1.7526883160511455,1.8681169913256725,1.9434705045623577,1.9305115078160497,1.8721142756234277,1.8455941752830658,1.955274272676643,1.9430466714938703,2.2064295627897312,1.9681966030389964,1.8225991548892393
96,0.0,0.0,0.0,0.0,0.0,0.0,0.0,0.0,0.0,0.0,0.0,0.0,0.0,0.0,0.0,0.0,0.0,0.0,0.0,0.0,0.0,0.0,0.0,0.0,0.0,0.0,0.0,0.0,0.0,0.0,0.0,0.0,0.0,0.0,0.0,0.0,0.0,0.0,0.0,0.0,0.0,0.0,0.0,0.0,0.0,0.0,0.0,0.0,0.0,0.0,0.0,0.0,0.0,0.0,0.0,0.0,0.0,0.0,0.0,0.0,0.0,0.0,0.0,0.0,0.0,0.0,0.0,0.0,0.0,0.0,0.0,0.0,0.0,0.0,0.0,0.0,0.0,0.0,0.0,0.0,0.0,0.0,0.0,0.0,0.0,0.0,0.0,0.0,0.0,0.0,0.0,0.0,0.0,0.0,0.0,0.0,0.0,2.939599116851473,2.5797873591420393,3.0020323471409522,3.290096785635492,2.2204668099420353,2.9833493167097926,2.1540555241801655,2.2364154627550494,2.0922452299003518,2.0866572282139657,1.9931609794822756,2.253160565108361,2.125484269543431,2.510296813001799,2.503366180533919,2.4742128483156516,2.5908238310126017,2.554052811792799,2.4056161725231817,2.976484765441962,2.410916514470409,2.463760549924141,3.4826129041973153,3.1388417860928124,2.6354916643485393,2.3552704026217075,2.34747397909718,2.3397980754403207,2.223872114268851
97,0.0,0.0,0.0,0.0,0.0,0.0,0.0,0.0,0.0,0.0,0.0,0.0,0.0,0.0,0.0,0.0,0.0,0.0,0.0,0.0,0.0,0.0,0.0,0.0,0.0,0.0,0.0,0.0,0.0,0.0,0.0,0.0,0.0,0.0,0.0,0.0,0.0,0.0,0.0,0.0,0.0,0.0,0.0,0.0,0.0,0.0,0.0,0.0,0.0,0.0,0.0,0.0,0.0,0.0,0.0,0.0,0.0,0.0,0.0,0.0,0.0,0.0,0.0,0.0,0.0,0.0,0.0,0.0,0.0,0.0,0.0,0.0,0.0,0.0,0.0,0.0,0.0,0.0,0.0,0.0,0.0,0.0,0.0,0.0,0.0,0.0,0.0,0.0,0.0,0.0,0.0,0.0,0.0,0.0,0.0,0.0,0.0,0.0,2.126566451702563,2.7587480203928685,2.67152477957319,2.003825992166462,2.29369703671242,1.9365369324197363,1.8247329113410409,1.9035893745775165,1.904375938424634,1.9423585178394103,2.0069875135025095,2.013768335912262,2.1961223299507338,2.411792445987376,2.3042921638078133,2.3231290772302207,2.226338067640943,2.175522128013266,2.2943169282402374,2.214722636515061,2.0659884184713353,3.081073890436751,2.930564509104612,2.568009236805761,2.414643486535025,2.610723819728969,2.3444143601202607,2.230810983143155
98,0.0,0.0,0.0,0.0,0.0,0.0,0.0,0.0,0.0,0.0,0.0,0.0,0.0,0.0,0.0,0.0,0.0,0.0,0.0,0.0,0.0,0.0,0.0,0.0,0.0,0.0,0.0,0.0,0.0,0.0,0.0,0.0,0.0,0.0,0.0,0.0,0.0,0.0,0.0,0.0,0.0,0.0,0.0,0.0,0.0,0.0,0.0,0.0,0.0,0.0,0.0,0.0,0.0,0.0,0.0,0.0,0.0,0.0,0.0,0.0,0.0,0.0,0.0,0.0,0.0,0.0,0.0,0.0,0.0,0.0,0.0,0.0,0.0,0.0,0.0,0.0,0.0,0.0,0.0,0.0,0.0,0.0,0.0,0.0,0.0,0.0,0.0,0.0,0.0,0.0,0.0,0.0,0.0,0.0,0.0,0.0,0.0,0.0,0.0,2.382431462027575,2.4315706751064017,1.9829306986964435,1.9507645384247894,1.8003686895644786,1.6239621231363917,1.7731552962023778,1.845326187504956,1.9744755360033408,1.901927452464717,1.9923219161697985,1.9944388068008956,1.9578373155703372,2.0728529171885843,2.00727794419832,1.9565247434988435,1.7907073539703449,1.862922313544347,1.8279780739285267,1.7375276717964028,2.11832503109507,1.9238483209184039,1.9729456814171291,2.002019264354329,2.4446557910028073,2.1146083126731328,2.2741578273031293
99,0.0,0.0,0.0,0.0,0.0,0.0,0.0,0.0,0.0,0.0,0.0,0.0,0.0,0.0,0.0,0.0,0.0,0.0,0.0,0.0,0.0,0.0,0.0,0.0,0.0,0.0,0.0,0.0,0.0,0.0,0.0,0.0,0.0,0.0,0.0,0.0,0.0,0.0,0.0,0.0,0.0,0.0,0.0,0.0,0.0,0.0,0.0,0.0,0.0,0.0,0.0,0.0,0.0,0.0,0.0,0.0,0.0,0.0,0.0,0.0,0.0,0.0,0.0,0.0,0.0,0.0,0.0,0.0,0.0,0.0,0.0,0.0,0.0,0.0,0.0,0.0,0.0,0.0,0.0,0.0,0.0,0.0,0.0,0.0,0.0,0.0,0.0,0.0,0.0,0.0,0.0,0.0,0.0,0.0,0.0,0.0,0.0,0.0,0.0,0.0,3.2457893355164003,2.427237430670828,2.7778991310700643,2.25664368766394,2.0328011023755375,2.255371300060109,2.0431078513956797,1.951965869044947,2.205060886685789,2.3000531685126537,2.3122330285798567,2.0818913376310135,2.1659317603812998,2.6729763418944277,2.58719626414532,2.3912425611546673,2.231344845740722,2.3690966905651942,2.17585039636184,2.192227996893333,1.9015164289750295,1.906050099812153,1.9979383940758815,1.9193036987281025,2.2425137520925604,1.936412295727489
100,0.0,0.0,0.0,0.0,0.0,0.0,0.0,0.0,0.0,0.0,0.0,0.0,0.0,0.0,0.0,0.0,0.0,0.0,0.0,0.0,0.0,0.0,0.0,0.0,0.0,0.0,0.0,0.0,0.0,0.0,0.0,0.0,0.0,0.0,0.0,0.0,0.0,0.0,0.0,0.0,0.0,0.0,0.0,0.0,0.0,0.0,0.0,0.0,0.0,0.0,0.0,0.0,0.0,0.0,0.0,0.0,0.0,0.0,0.0,0.0,0.0,0.0,0.0,0.0,0.0,0.0,0.0,0.0,0.0,0.0,0.0,0.0,0.0,0.0,0.0,0.0,0.0,0.0,0.0,0.0,0.0,0.0,0.0,0.0,0.0,0.0,0.0,0.0,0.0,0.0,0.0,0.0,0.0,0.0,0.0,0.0,0.0,0.0,0.0,0.0,0.0,2.5400002848150303,2.879222360712131,2.100547736996282,2.3811905670946665,2.069384674843397,2.2193679395260157,1.8893535663187782,2.001179767826422,1.969834242876779,2.0372033438281223,2.455386761284262,2.3148477015129254,2.5407705461184857,2.412839315894067,2.090447041037693,2.091805811712965,2.125866376817475,2.331150492675721,2.5612980293822316,2.2158195495954813,2.237103716670602,2.1693614777985406,2.3683304888493324,2.3592668667742274,2.284349646434783
101,0.0,0.0,0.0,0.0,0.0,0.0,0.0,0.0,0.0,0.0,0.0,0.0,0.0,0.0,0.0,0.0,0.0,0.0,0.0,0.0,0.0,0.0,0.0,0.0,0.0,0.0,0.0,0.0,0.0,0.0,0.0,0.0,0.0,0.0,0.0,0.0,0.0,0.0,0.0,0.0,0.0,0.0,0.0,0.0,0.0,0.0,0.0,0.0,0.0,0.0,0.0,0.0,0.0,0.0,0.0,0.0,0.0,0.0,0.0,0.0,0.0,0.0,0.0,0.0,0.0,0.0,0.0,0.0,0.0,0.0,0.0,0.0,0.0,0.0,0.0,0.0,0.0,0.0,0.0,0.0,0.0,0.0,0.0,0.0,0.0,0.0,0.0,0.0,0.0,0.0,0.0,0.0,0.0,0.0,0.0,0.0,0.0,0.0,0.0,0.0,0.0,0.0,2.322799222849948,1.7256551676654328,1.636290600169469,1.7581297689745083,1.888600836946455,1.8358468965545376,1.855330769627372,1.7326780575875347,2.1023944993854644,2.2231197633220368,2.153188361862228,2.21697809744718,2.13815583561905,2.1910440407725917,2.4670057815914412,2.317236135032478,2.0572232541139237,2.5894292684920615,2.527403758590053,2.1717559026685027,2.426088130178941,2.3100517101658604,2.4378006699924777,2.3669617192265147
102,0.0,0.0,0.0,0.0,0.0,0.0,0.0,0.0,0.0,0.0,0.0,0.0,0.0,0.0,0.0,0.0,0.0,0.0,0.0,0.0,0.0,0.0,0.0,0.0,0.0,0.0,0.0,0.0,0.0,0.0,0.0,0.0,0.0,0.0,0.0,0.0,0.0,0.0,0.0,0.0,0.0,0.0,0.0,0.0,0.0,0.0,0.0,0.0,0.0,0.0,0.0,0.0,0.0,0.0,0.0,0.0,0.0,0.0,0.0,0.0,0.0,0.0,0.0,0.0,0.0,0.0,0.0,0.0,0.0,0.0,0.0,0.0,0.0,0.0,0.0,0.0,0.0,0.0,0.0,0.0,0.0,0.0,0.0,0.0,0.0,0.0,0.0,0.0,0.0,0.0,0.0,0.0,0.0,0.0,0.0,0.0,0.0,0.0,0.0,0.0,0.0,0.0,0.0,1.8877134589242013,1.762889522173578,1.985073078080056,1.7892602983471735,1.692679249721947,1.8646320977749413,2.037393159509186,1.8689078315175367,2.0915962304045035,1.9264658345157275,2.0665424700413175,1.9246225564551294,1.8725884847541157,1.9301022608443383,2.064116808184522,1.9874660095377656,1.6488540374942047,1.4313601623254752,1.7359698204226142,1.9054450909500384,2.190228888636658,2.146786836420639,1.9457439027434058
103,0.0,0.0,0.0,0.0,0.0,0.0,0.0,0.0,0.0,0.0,0.0,0.0,0.0,0.0,0.0,0.0,0.0,0.0,0.0,0.0,0.0,0.0,0.0,0.0,0.0,0.0,0.0,0.0,0.0,0.0,0.0,0.0,0.0,0.0,0.0,0.0,0.0,0.0,0.0,0.0,0.0,0.0,0.0,0.0,0.0,0.0,0.0,0.0,0.0,0.0,0.0,0.0,0.0,0.0,0.0,0.0,0.0,0.0,0.0,0.0,0.0,0.0,0.0,0.0,0.0,0.0,0.0,0.0,0.0,0.0,0.0,0.0,0.0,0.0,0.0,0.0,0.0,0.0,0.0,0.0,0.0,0.0,0.0,0.0,0.0,0.0,0.0,0.0,0.0,0.0,0.0,0.0,0.0,0.0,0.0,0.0,0.0,0.0,0.0,0.0,0.0,0.0,0.0,0.0,2.406711641460136,2.0754589725641908,2.3921748074856684,2.1315248628112258,1.6415543149949894,2.076498507643718,1.7516977648245269,1.8038170284867983,2.0259691572035154,2.363655612904697,2.226151208718008,2.142385023264647,1.953959142319391,2.2563373203258226,2.051724378084371,3.261935847327325,2.913689555870713,2.2021026645249333,2.7209144333048503,2.959929338341589,2.4395449217053513,2.186789260678214
104,0.0,0.0,0.0,0.0,0.0,0.0,0.0,0.0,0.0,0.0,0.0,0.0,0.0,0.0,0.0,0.0,0.0,0.0,0.0,0.0,0.0,0.0,0.0,0.0,0.0,0.0,0.0,0.0,0.0,0.0,0.0,0.0,0.0,0.0,0.0,0.0,0.0,0.0,0.0,0.0,0.0,0.0,0.0,0.0,0.0,0.0,0.0,0.0,0.0,0.0,0.0,0.0,0.0,0.0,0.0,0.0,0.0,0.0,0.0,0.0,0.0,0.0,0.0,0.0,0.0,0.0,0.0,0.0,0.0,0.0,0.0,0.0,0.0,0.0,0.0,0.0,0.0,0.0,0.0,0.0,0.0,0.0,0.0,0.0,0.0,0.0,0.0,0.0,0.0,0.0,0.0,0.0,0.0,0.0,0.0,0.0,0.0,0.0,0.0,0.0,0.0,0.0,0.0,0.0,0.0,2.38827776560418,2.35489588722992,1.8460482560313807,1.3798333321111604,2.0347522102583477,1.4042119839618943,1.5243657774643982,1.8091170775275605,1.8320336259751653,1.8441087338272169,1.7987818613434439,2.345034897027526,2.0831366246294114,1.7988196851103966,2.3662747694252415,1.8802125663920575,1.7839940213306915,2.3899725093466695,2.8475675088221575,2.310578312253421,2.0225999571716735
105,0.0,0.0,0.0,0.0,0.0,0.0,0.0,0.0,0.0,0.0,0.0,0.0,0.0,0.0,0.0,0.0,0.0,0.0,0.0,0.0,0.0,0.0,0.0,0.0,0.0,0.0,0.0,0.0,0.0,0.0,0.0,0.0,0.0,0.0,0.0,0.0,0.0,0.0,0.0,0.0,0.0,0.0,0.0,0.0,0.0,0.0,0.0,0.0,0.0,0.0,0.0,0.0,0.0,0.0,0.0,0.0,0.0,0.0,0.0,0.0,0.0,0.0,0.0,0.0,0.0,0.0,0.0,0.0,0.0,0.0,0.0,0.0,0.0,0.0,0.0,0.0,0.0,0.0,0.0,0.0,0.0,0.0,0.0,0.0,0.0,0.0,0.0,0.0,0.0,0.0,0.0,0.0,0.0,0.0,0.0,0.0,0.0,0.0,0.0,0.0,0.0,0.0,0.0,0.0,0.0,0.0,2.3299377444082445,2.0482113728217155,1.5737304311252345,1.9070799267428014,1.649021889574391,1.7041309613892146,2.02048358316758,2.313787211320018,2.1660291169784567,2.0949734845511556,2.207370265703248,2.076746684413892,1.9607843418513822,3.467280144334281,2.953309617287247,2.1618864448807034,2.704658779405083,2.9731234185410984,2.377136957403727,2.0152535099971636
106,0.0,0.0,0.0,0.0,0.0,0.0,0.0,0.0,0.0,0.0,0.0,0.0,0.0,0.0,0.0,0.0,0.0,0.0,0.0,0.0,0.0,0.0,0.0,0.0,0.0,0.0,0.0,0.0,0.0,0.0,0.0,0.0,0.0,0.0,0.0,0.0,0.0,0.0,0.0,0.0,0.0,0.0,0.0,0.0,0.0,0.0,0.0,0.0,0.0,0.0,0.0,0.0,0.0,0.0,0.0,0.0,0.0,0.0,0.0,0.0,0.0,0.0,0.0,0.0,0.0,0.0,0.0,0.0,0.0,0.0,0.0,0.0,0.0,0.0,0.0,0.0,0.0,0.0,0.0,0.0,0.0,0.0,0.0,0.0,0.0,0.0,0.0,0.0,0.0,0.0,0.0,0.0,0.0,0.0,0.0,0.0,0.0,0.0,0.0,0.0,0.0,0.0,0.0,0.0,0.0,0.0,0.0,2.6196887034340257,2.32332219349668,2.4806156362004015,2.241537811875973,2.01745470030216,2.477653579007331,2.932718010248012,2.8001823448202,2.3949671461368647,2.138213045850952,2.5205309648431213,2.3149000736943015,5.235127846447416,3.8775081455376803,3.0620260356627695,3.3780265637688505,3.7890037437873803,2.9805025676893977,2.903170711861292
107,0.0,0.0,0.0,0.0,0.0,0.0,0.0,0.0,0.0,0.0,0.0,0.0,0.0,0.0,0.0,0.0,0.0,0.0,0.0,0.0,0.0,0.0,0.0,0.0,0.0,0.0,0.0,0.0,0.0,0.0,0.0,0.0,0.0,0.0,0.0,0.0,0.0,0.0,0.0,0.0,0.0,0.0,0.0,0.0,0.0,0.0,0.0,0.0,0.0,0.0,0.0,0.0,0.0,0.0,0.0,0.0,0.0,0.0,0.0,0.0,0.0,0.0,0.0,0.0,0.0,0.0,0.0,0.0,0.0,0.0,0.0,0.0,0.0,0.0,0.0,0.0,0.0,0.0,0.0,0.0,0.0,0.0,0.0,0.0,0.0,0.0,0.0,0.0,0.0,0.0,0.0,0.0,0.0,0.0,0.0,0.0,0.0,0.0,0.0,0.0,0.0,0.0,0.0,0.0,0.0,0.0,0.0,0.0,2.369808210478987,2.189286806364847,2.211947000810957,2.1084891034109274,2.517723590410011,2.905055525135943,2.6969861145785075,2.37199783158122,2.0896097270893024,2.360104150888837,2.1009121974138782,6.597728328251461,5.344070009886765,3.8107563201948427,3.4040300025784744,3.905659907513401,3.0286910100644713,2.7902605616024365
108,0.0,0.0,0.0,0.0,0.0,0.0,0.0,0.0,0.0,0.0,0.0,0.0,0.0,0.0,0.0,0.0,0.0,0.0,0.0,0.0,0.0,0.0,0.0,0.0,0.0,0.0,0.0,0.0,0.0,0.0,0.0,0.0,0.0,0.0,0.0,0.0,0.0,0.0,0.0,0.0,0.0,0.0,0.0,0.0,0.0,0.0,0.0,0.0,0.0,0.0,0.0,0.0,0.0,0.0,0.0,0.0,0.0,0.0,0.0,0.0,0.0,0.0,0.0,0.0,0.0,0.0,0.0,0.0,0.0,0.0,0.0,0.0,0.0,0.0,0.0,0.0,0.0,0.0,0.0,0.0,0.0,0.0,0.0,0.0,0.0,0.0,0.0,0.0,0.0,0.0,0.0,0.0,0.0,0.0,0.0,0.0,0.0,0.0,0.0,0.0,0.0,0.0,0.0,0.0,0.0,0.0,0.0,0.0,0.0,1.840843748703635,2.377030349185423,2.405681197014306,2.762186902167056,2.7161306580701603,2.6151769827534768,2.1176493905442073,2.0790717210279714,2.2840867683858868,1.8926710213754483,3.9869934731193886,3.8207743086373487,2.9040871450847727,3.2296450652560855,3.494575280134076,2.978265077051228,2.9898741405065934
109,0.0,0.0,0.0,0.0,0.0,0.0,0.0,0.0,0.0,0.0,0.0,0.0,0.0,0.0,0.0,0.0,0.0,0.0,0.0,0.0,0.0,0.0,0.0,0.0,0.0,0.0,0.0,0.0,0.0,0.0,0.0,0.0,0.0,0.0,0.0,0.0,0.0,0.0,0.0,0.0,0.0,0.0,0.0,0.0,0.0,0.0,0.0,0.0,0.0,0.0,0.0,0.0,0.0,0.0,0.0,0.0,0.0,0.0,0.0,0.0,0.0,0.0,0.0,0.0,0.0,0.0,0.0,0.0,0.0,0.0,0.0,0.0,0.0,0.0,0.0,0.0,0.0,0.0,0.0,0.0,0.0,0.0,0.0,0.0,0.0,0.0,0.0,0.0,0.0,0.0,0.0,0.0,0.0,0.0,0.0,0.0,0.0,0.0,0.0,0.0,0.0,0.0,0.0,0.0,0.0,0.0,0.0,0.0,0.0,0.0,2.2416026634231407,2.533734379033307,2.5059683753978645,2.558920995154589,2.4093465476696165,2.4273838200053794,2.3160648178182504,2.613919848231866,2.2495367113568,4.1114549992727945,4.08189334850078,2.838845024210187,3.243684470931743,3.27104458280404,2.8454622330848363,2.9415984314521344
110,0.0,0.0,0.0,0.0,0.0,0.0,0.0,0.0,0.0,0.0,0.0,0.0,0.0,0.0,0.0,0.0,0.0,0.0,0.0,0.0,0.0,0.0,0.0,0.0,0.0,0.0,0.0,0.0,0.0,0.0,0.0,0.0,0.0,0.0,0.0,0.0,0.0,0.0,0.0,0.0,0.0,0.0,0.0,0.0,0.0,0.0,0.0,0.0,0.0,0.0,0.0,0.0,0.0,0.0,0.0,0.0,0.0,0.0,0.0,0.0,0.0,0.0,0.0,0.0,0.0,0.0,0.0,0.0,0.0,0.0,0.0,0.0,0.0,0.0,0.0,0.0,0.0,0.0,0.0,0.0,0.0,0.0,0.0,0.0,0.0,0.0,0.0,0.0,0.0,0.0,0.0,0.0,0.0,0.0,0.0,0.0,0.0,0.0,0.0,0.0,0.0,0.0,0.0,0.0,0.0,0.0,0.0,0.0,0.0,0.0,0.0,3.433158470303712,3.209984675513353,3.3514042391882026,3.096558548054369,2.7501611854297883,2.3108046805148375,2.6073625196621246,2.287668467822631,4.507841604389365,4.61464797625558,3.3076261678299175,3.703213525161591,3.8415820199672885,3.4316830588103615,3.9872058470048093
111,0.0,0.0,0.0,0.0,0.0,0.0,0.0,0.0,0.0,0.0,0.0,0.0,0.0,0.0,0.0,0.0,0.0,0.0,0.0,0.0,0.0,0.0,0.0,0.0,0.0,0.0,0.0,0.0,0.0,0.0,0.0,0.0,0.0,0.0,0.0,0.0,0.0,0.0,0.0,0.0,0.0,0.0,0.0,0.0,0.0,0.0,0.0,0.0,0.0,0.0,0.0,0.0,0.0,0.0,0.0,0.0,0.0,0.0,0.0,0.0,0.0,0.0,0.0,0.0,0.0,0.0,0.0,0.0,0.0,0.0,0.0,0.0,0.0,0.0,0.0,0.0,0.0,0.0,0.0,0.0,0.0,0.0,0.0,0.0,0.0,0.0,0.0,0.0,0.0,0.0,0.0,0.0,0.0,0.0,0.0,0.0,0.0,0.0,0.0,0.0,0.0,0.0,0.0,0.0,0.0,0.0,0.0,0.0,0.0,0.0,0.0,0.0,4.039282452628618,4.27365431508343,3.9798091296850275,3.7709120886728535,2.5980232982074587,3.1646419064307802,2.7631151829345533,5.248887711019661,5.505023996534121,3.377203943517625,3.9167611048969784,3.680344374212293,3.0266163660491237,3.399800401483087
112,0.0,0.0,0.0,0.0,0.0,0.0,0.0,0.0,0.0,0.0,0.0,0.0,0.0,0.0,0.0,0.0,0.0,0.0,0.0,0.0,0.0,0.0,0.0,0.0,0.0,0.0,0.0,0.0,0.0,0.0,0.0,0.0,0.0,0.0,0.0,0.0,0.0,0.0,0.0,0.0,0.0,0.0,0.0,0.0,0.0,0.0,0.0,0.0,0.0,0.0,0.0,0.0,0.0,0.0,0.0,0.0,0.0,0.0,0.0,0.0,0.0,0.0,0.0,0.0,0.0,0.0,0.0,0.0,0.0,0.0,0.0,0.0,0.0,0.0,0.0,0.0,0.0,0.0,0.0,0.0,0.0,0.0,0.0,0.0,0.0,0.0,0.0,0.0,0.0,0.0,0.0,0.0,0.0,0.0,0.0,0.0,0.0,0.0,0.0,0.0,0.0,0.0,0.0,0.0,0.0,0.0,0.0,0.0,0.0,0.0,0.0,0.0,0.0,5.068154123928072,4.868224518255302,3.8303172145185824,3.0386497335954505,3.6283102892959835,3.130985968660656,6.354293474825595,5.9568900877994695,3.78452382856064,4.511981257349473,4.5952895236659534,3.6095265240382126,3.747308355860695
113,0.0,0.0,0.0,0.0,0.0,0.0,0.0,0.0,0.0,0.0,0.0,0.0,0.0,0.0,0.0,0.0,0.0,0.0,0.0,0.0,0.0,0.0,0.0,0.0,0.0,0.0,0.0,0.0,0.0,0.0,0.0,0.0,0.0,0.0,0.0,0.0,0.0,0.0,0.0,0.0,0.0,0.0,0.0,0.0,0.0,0.0,0.0,0.0,0.0,0.0,0.0,0.0,0.0,0.0,0.0,0.0,0.0,0.0,0.0,0.0,0.0,0.0,0.0,0.0,0.0,0.0,0.0,0.0,0.0,0.0,0.0,0.0,0.0,0.0,0.0,0.0,0.0,0.0,0.0,0.0,0.0,0.0,0.0,0.0,0.0,0.0,0.0,0.0,0.0,0.0,0.0,0.0,0.0,0.0,0.0,0.0,0.0,0.0,0.0,0.0,0.0,0.0,0.0,0.0,0.0,0.0,0.0,0.0,0.0,0.0,0.0,0.0,0.0,0.0,6.836493778116683,6.737194798813197,5.564749554701582,7.186668952668105,4.552949544433706,9.493621116533943,8.428803949587984,4.777759161414503,5.768563807795159,6.048055841722624,4.430421944771206,4.729042598786337
114,0.0,0.0,0.0,0.0,0.0,0.0,0.0,0.0,0.0,0.0,0.0,0.0,0.0,0.0,0.0,0.0,0.0,0.0,0.0,0.0,0.0,0.0,0.0,0.0,0.0,0.0,0.0,0.0,0.0,0.0,0.0,0.0,0.0,0.0,0.0,0.0,0.0,0.0,0.0,0.0,0.0,0.0,0.0,0.0,0.0,0.0,0.0,0.0,0.0,0.0,0.0,0.0,0.0,0.0,0.0,0.0,0.0,0.0,0.0,0.0,0.0,0.0,0.0,0.0,0.0,0.0,0.0,0.0,0.0,0.0,0.0,0.0,0.0,0.0,0.0,0.0,0.0,0.0,0.0,0.0,0.0,0.0,0.0,0.0,0.0,0.0,0.0,0.0,0.0,0.0,0.0,0.0,0.0,0.0,0.0,0.0,0.0,0.0,0.0,0.0,0.0,0.0,0.0,0.0,0.0,0.0,0.0,0.0,0.0,0.0,0.0,0.0,0.0,0.0,0.0,5.530417696388231,4.036140853196319,5.231427414779591,4.252836148584011,8.405789644250259,7.285701799142933,4.21096329415471,5.240379613137127,5.618974318270158,4.119626142141984,4.285202990905091
115,0.0,0.0,0.0,0.0,0.0,0.0,0.0,0.0,0.0,0.0,0.0,0.0,0.0,0.0,0.0,0.0,0.0,0.0,0.0,0.0,0.0,0.0,0.0,0.0,0.0,0.0,0.0,0.0,0.0,0.0,0.0,0.0,0.0,0.0,0.0,0.0,0.0,0.0,0.0,0.0,0.0,0.0,0.0,0.0,0.0,0.0,0.0,0.0,0.0,0.0,0.0,0.0,0.0,0.0,0.0,0.0,0.0,0.0,0.0,0.0,0.0,0.0,0.0,0.0,0.0,0.0,0.0,0.0,0.0,0.0,0.0,0.0,0.0,0.0,0.0,0.0,0.0,0.0,0.0,0.0,0.0,0.0,0.0,0.0,0.0,0.0,0.0,0.0,0.0,0.0,0.0,0.0,0.0,0.0,0.0,0.0,0.0,0.0,0.0,0.0,0.0,0.0,0.0,0.0,0.0,0.0,0.0,0.0,0.0,0.0,0.0,0.0,0.0,0.0,0.0,0.0,7.416976941686378,11.910792803019792,7.16057343753473,7.345738475718842,6.449870516972334,4.007305749233473,3.7243215542855346,3.9292292304209115,3.117903989809614,3.166257054138745
116,0.0,0.0,0.0,0.0,0.0,0.0,0.0,0.0,0.0,0.0,0.0,0.0,0.0,0.0,0.0,0.0,0.0,0.0,0.0,0.0,0.0,0.0,0.0,0.0,0.0,0.0,0.0,0.0,0.0,0.0,0.0,0.0,0.0,0.0,0.0,0.0,0.0,0.0,0.0,0.0,0.0,0.0,0.0,0.0,0.0,0.0,0.0,0.0,0.0,0.0,0.0,0.0,0.0,0.0,0.0,0.0,0.0,0.0,0.0,0.0,0.0,0.0,0.0,0.0,0.0,0.0,0.0,0.0,0.0,0.0,0.0,0.0,0.0,0.0,0.0,0.0,0.0,0.0,0.0,0.0,0.0,0.0,0.0,0.0,0.0,0.0,0.0,0.0,0.0,0.0,0.0,0.0,0.0,0.0,0.0,0.0,0.0,0.0,0.0,0.0,0.0,0.0,0.0,0.0,0.0,0.0,0.0,0.0,0.0,0.0,0.0,0.0,0.0,0.0,0.0,0.0,0.0,9.052086925870046,6.095913736134964,4.4585415123682886,3.8102695451496027,2.763609874548869,2.708483028740619,2.3848109987216053,2.4105515186024733,2.17278692449163
117,0.0,0.0,0.0,0.0,0.0,0.0,0.0,0.0,0.0,0.0,0.0,0.0,0.0,0.0,0.0,0.0,0.0,0.0,0.0,0.0,0.0,0.0,0.0,0.0,0.0,0.0,0.0,0.0,0.0,0.0,0.0,0.0,0.0,0.0,0.0,0.0,0.0,0.0,0.0,0.0,0.0,0.0,0.0,0.0,0.0,0.0,0.0,0.0,0.0,0.0,0.0,0.0,0.0,0.0,0.0,0.0,0.0,0.0,0.0,0.0,0.0,0.0,0.0,0.0,0.0,0.0,0.0,0.0,0.0,0.0,0.0,0.0,0.0,0.0,0.0,0.0,0.0,0.0,0.0,0.0,0.0,0.0,0.0,0.0,0.0,0.0,0.0,0.0,0.0,0.0,0.0,0.0,0.0,0.0,0.0,0.0,0.0,0.0,0.0,0.0,0.0,0.0,0.0,0.0,0.0,0.0,0.0,0.0,0.0,0.0,0.0,0.0,0.0,0.0,0.0,0.0,0.0,0.0,8.471335868221319,7.542604979698461,6.736315598305617,3.973240173332145,3.7452190116426087,4.020331650377698,3.1460514828768833,3.4723846580997955
118,0.0,0.0,0.0,0.0,0.0,0.0,0.0,0.0,0.0,0.0,0.0,0.0,0.0,0.0,0.0,0.0,0.0,0.0,0.0,0.0,0.0,0.0,0.0,0.0,0.0,0.0,0.0,0.0,0.0,0.0,0.0,0.0,0.0,0.0,0.0,0.0,0.0,0.0,0.0,0.0,0.0,0.0,0.0,0.0,0.0,0.0,0.0,0.0,0.0,0.0,0.0,0.0,0.0,0.0,0.0,0.0,0.0,0.0,0.0,0.0,0.0,0.0,0.0,0.0,0.0,0.0,0.0,0.0,0.0,0.0,0.0,0.0,0.0,0.0,0.0,0.0,0.0,0.0,0.0,0.0,0.0,0.0,0.0,0.0,0.0,0.0,0.0,0.0,0.0,0.0,0.0,0.0,0.0,0.0,0.0,0.0,0.0,0.0,0.0,0.0,0.0,0.0,0.0,0.0,0.0,0.0,0.0,0.0,0.0,0.0,0.0,0.0,0.0,0.0,0.0,0.0,0.0,0.0,0.0,5.626846992282675,5.371437009427302,3.2351584136658174,3.4667606740220966,3.582601212687459,2.8839798178732567,2.9153874373468986
119,0.0,0.0,0.0,0.0,0.0,0.0,0.0,0.0,0.0,0.0,0.0,0.0,0.0,0.0,0.0,0.0,0.0,0.0,0.0,0.0,0.0,0.0,0.0,0.0,0.0,0.0,0.0,0.0,0.0,0.0,0.0,0.0,0.0,0.0,0.0,0.0,0.0,0.0,0.0,0.0,0.0,0.0,0.0,0.0,0.0,0.0,0.0,0.0,0.0,0.0,0.0,0.0,0.0,0.0,0.0,0.0,0.0,0.0,0.0,0.0,0.0,0.0,0.0,0.0,0.0,0.0,0.0,0.0,0.0,0.0,0.0,0.0,0.0,0.0,0.0,0.0,0.0,0.0,0.0,0.0,0.0,0.0,0.0,0.0,0.0,0.0,0.0,0.0,0.0,0.0,0.0,0.0,0.0,0.0,0.0,0.0,0.0,0.0,0.0,0.0,0.0,0.0,0.0,0.0,0.0,0.0,0.0,0.0,0.0,0.0,0.0,0.0,0.0,0.0,0.0,0.0,0.0,0.0,0.0,0.0,20.276748136519963,12.073285723916788,13.209269605259538,12.276618561091759,8.846354240770344,8.221618343410677
120,0.0,0.0,0.0,0.0,0.0,0.0,0.0,0.0,0.0,0.0,0.0,0.0,0.0,0.0,0.0,0.0,0.0,0.0,0.0,0.0,0.0,0.0,0.0,0.0,0.0,0.0,0.0,0.0,0.0,0.0,0.0,0.0,0.0,0.0,0.0,0.0,0.0,0.0,0.0,0.0,0.0,0.0,0.0,0.0,0.0,0.0,0.0,0.0,0.0,0.0,0.0,0.0,0.0,0.0,0.0,0.0,0.0,0.0,0.0,0.0,0.0,0.0,0.0,0.0,0.0,0.0,0.0,0.0,0.0,0.0,0.0,0.0,0.0,0.0,0.0,0.0,0.0,0.0,0.0,0.0,0.0,0.0,0.0,0.0,0.0,0.0,0.0,0.0,0.0,0.0,0.0,0.0,0.0,0.0,0.0,0.0,0.0,0.0,0.0,0.0,0.0,0.0,0.0,0.0,0.0,0.0,0.0,0.0,0.0,0.0,0.0,0.0,0.0,0.0,0.0,0.0,0.0,0.0,0.0,0.0,0.0,11.105033896453428,10.026918479819894,9.2533623951639,6.710605564288211,5.484391275921142
121,0.0,0.0,0.0,0.0,0.0,0.0,0.0,0.0,0.0,0.0,0.0,0.0,0.0,0.0,0.0,0.0,0.0,0.0,0.0,0.0,0.0,0.0,0.0,0.0,0.0,0.0,0.0,0.0,0.0,0.0,0.0,0.0,0.0,0.0,0.0,0.0,0.0,0.0,0.0,0.0,0.0,0.0,0.0,0.0,0.0,0.0,0.0,0.0,0.0,0.0,0.0,0.0,0.0,0.0,0.0,0.0,0.0,0.0,0.0,0.0,0.0,0.0,0.0,0.0,0.0,0.0,0.0,0.0,0.0,0.0,0.0,0.0,0.0,0.0,0.0,0.0,0.0,0.0,0.0,0.0,0.0,0.0,0.0,0.0,0.0,0.0,0.0,0.0,0.0,0.0,0.0,0.0,0.0,0.0,0.0,0.0,0.0,0.0,0.0,0.0,0.0,0.0,0.0,0.0,0.0,0.0,0.0,0.0,0.0,0.0,0.0,0.0,0.0,0.0,0.0,0.0,0.0,0.0,0.0,0.0,0.0,0.0,6.143325478674422,5.7507767106127945,4.738352776937109,4.960979097426374
122,0.0,0.0,0.0,0.0,0.0,0.0,0.0,0.0,0.0,0.0,0.0,0.0,0.0,0.0,0.0,0.0,0.0,0.0,0.0,0.0,0.0,0.0,0.0,0.0,0.0,0.0,0.0,0.0,0.0,0.0,0.0,0.0,0.0,0.0,0.0,0.0,0.0,0.0,0.0,0.0,0.0,0.0,0.0,0.0,0.0,0.0,0.0,0.0,0.0,0.0,0.0,0.0,0.0,0.0,0.0,0.0,0.0,0.0,0.0,0.0,0.0,0.0,0.0,0.0,0.0,0.0,0.0,0.0,0.0,0.0,0.0,0.0,0.0,0.0,0.0,0.0,0.0,0.0,0.0,0.0,0.0,0.0,0.0,0.0,0.0,0.0,0.0,0.0,0.0,0.0,0.0,0.0,0.0,0.0,0.0,0.0,0.0,0.0,0.0,0.0,0.0,0.0,0.0,0.0,0.0,0.0,0.0,0.0,0.0,0.0,0.0,0.0,0.0,0.0,0.0,0.0,0.0,0.0,0.0,0.0,0.0,0.0,0.0,7.383583989992118,6.245001870313439,6.572171347321327
123,0.0,0.0,0.0,0.0,0.0,0.0,0.0,0.0,0.0,0.0,0.0,0.0,0.0,0.0,0.0,0.0,0.0,0.0,0.0,0.0,0.0,0.0,0.0,0.0,0.0,0.0,0.0,0.0,0.0,0.0,0.0,0.0,0.0,0.0,0.0,0.0,0.0,0.0,0.0,0.0,0.0,0.0,0.0,0.0,0.0,0.0,0.0,0.0,0.0,0.0,0.0,0.0,0.0,0.0,0.0,0.0,0.0,0.0,0.0,0.0,0.0,0.0,0.0,0.0,0.0,0.0,0.0,0.0,0.0,0.0,0.0,0.0,0.0,0.0,0.0,0.0,0.0,0.0,0.0,0.0,0.0,0.0,0.0,0.0,0.0,0.0,0.0,0.0,0.0,0.0,0.0,0.0,0.0,0.0,0.0,0.0,0.0,0.0,0.0,0.0,0.0,0.0,0.0,0.0,0.0,0.0,0.0,0.0,0.0,0.0,0.0,0.0,0.0,0.0,0.0,0.0,0.0,0.0,0.0,0.0,0.0,0.0,0.0,0.0,7.143028248649638,8.066722168471806
124,0.0,0.0,0.0,0.0,0.0,0.0,0.0,0.0,0.0,0.0,0.0,0.0,0.0,0.0,0.0,0.0,0.0,0.0,0.0,0.0,0.0,0.0,0.0,0.0,0.0,0.0,0.0,0.0,0.0,0.0,0.0,0.0,0.0,0.0,0.0,0.0,0.0,0.0,0.0,0.0,0.0,0.0,0.0,0.0,0.0,0.0,0.0,0.0,0.0,0.0,0.0,0.0,0.0,0.0,0.0,0.0,0.0,0.0,0.0,0.0,0.0,0.0,0.0,0.0,0.0,0.0,0.0,0.0,0.0,0.0,0.0,0.0,0.0,0.0,0.0,0.0,0.0,0.0,0.0,0.0,0.0,0.0,0.0,0.0,0.0,0.0,0.0,0.0,0.0,0.0,0.0,0.0,0.0,0.0,0.0,0.0,0.0,0.0,0.0,0.0,0.0,0.0,0.0,0.0,0.0,0.0,0.0,0.0,0.0,0.0,0.0,0.0,0.0,0.0,0.0,0.0,0.0,0.0,0.0,0.0,0.0,0.0,0.0,0.0,0.0,6.8671113410609665
125,0.0,0.0,0.0,0.0,0.0,0.0,0.0,0.0,0.0,0.0,0.0,0.0,0.0,0.0,0.0,0.0,0.0,0.0,0.0,0.0,0.0,0.0,0.0,0.0,0.0,0.0,0.0,0.0,0.0,0.0,0.0,0.0,0.0,0.0,0.0,0.0,0.0,0.0,0.0,0.0,0.0,0.0,0.0,0.0,0.0,0.0,0.0,0.0,0.0,0.0,0.0,0.0,0.0,0.0,0.0,0.0,0.0,0.0,0.0,0.0,0.0,0.0,0.0,0.0,0.0,0.0,0.0,0.0,0.0,0.0,0.0,0.0,0.0,0.0,0.0,0.0,0.0,0.0,0.0,0.0,0.0,0.0,0.0,0.0,0.0,0.0,0.0,0.0,0.0,0.0,0.0,0.0,0.0,0.0,0.0,0.0,0.0,0.0,0.0,0.0,0.0,0.0,0.0,0.0,0.0,0.0,0.0,0.0,0.0,0.0,0.0,0.0,0.0,0.0,0.0,0.0,0.0,0.0,0.0,0.0,0.0,0.0,0.0,0.0,0.0,0.0
