,0,1,2,3,4,5,6,7,8,9,10,11,12,13,14,15,16,17,18,19,20,21,22,23,24,25,26,27,28,29,30,31,32,33,34,35,36,37,38,39,40,41,42,43,44,45,46,47,48,49,50,51,52,53,54,55,56,57,58,59,60,61,62,63,64,65,66,67,68,69,70,71,72,73,74,75,76,77,78,79,80,81,82,83,84,85,86,87,88,89,90,91,92,93,94,95,96,97,98,99,100,101,102,103,104,105,106,107,108,109,110,111,112,113,114,115,116,117,118,119,120,121,122,123,124
0,0.0,0.0,0.011402740572635663,0.0,0.023826585127358503,0.03176555270544078,0.0,0.04465613055355774,0.010520772923714885,0.05808976626198285,0.008855873058489797,0.03502676718395949,0.04187318899305882,0.031162891407873573,0.00770161946749843,0.01953084900950427,0.030252064342373142,0.025360826673197938,0.006683954667439967,0.0012580140144207747,0.011636810122407802,0.024885604714914144,0.0,0.03362593119814654,0.0,0.032146580997035525,0.026294301796354645,0.0,0.03412082470373071,0.01769303935632853,0.03882396949372221,0.0,0.003904503241827455,0.012447475931761442,0.007783218009970823,0.044813588868988195,0.0,0.0,0.011742874966000247,0.00731067667760971,0.004186215309276032,0.0049775129897401986,0.0479349032951284,0.0,0.0023386231381555913,0.012297921463385823,0.027842054510525776,0.004853993539636253,0.011575485068585804,0.052173843430527556,0.014847068365762795,0.0440936940140891,0.004497232220603451,0.03402092004329866,0.005817789061808713,0.020864556534740675,0.0014887976416148687,0.009059331542588037,0.02370319459190926,0.014090445147990347,0.0,0.0,0.003989222520048457,0.0,0.0,0.0019136512824573276,0.010676484248004627,0.012545158467517435,0.02125872320865632,0.011350710539127049,0.04366666897444077,0.024067975831300166,0.03984283215217943,0.02038935678354672,0.004100800546678376,0.0,0.0,0.0,0.0,0.0033250465690677325,0.034771771968436546,0.038648119284828995,0.0,0.004065587067819938,0.033861740118792866,0.05980600964127103,0.0,0.009387512220445742,0.007769508072479763,0.0,0.04839464889778288,0.0017422282752988004,0.03379322062505295,0.04315254209047058,0.007439145632189947,0.013600697563464149,0.024041604492496572,0.0344389225488528,0.052717326444783545,0.05758947364732444,0.04504438614375411,0.015239933607324218,0.007760525345617368,0.019431139029247976,0.08910784615362931,0.0035639276503266633,0.0,0.004391675505063902,0.009170673055187548,0.0,0.04591504645833696,0.003082683146930314,0.0,0.0,0.01064653248356434,0.0,0.04799483428704672,0.0,0.0,0.028168101659365258,0.038174288268172,0.0020993626188066856,0.02496942654531848,0.011882566721434956,0.014011793093863491
1,0.0,0.0,0.01325442419148517,0.030454916916802067,0.07117725231000553,0.009227575450003443,0.0,0.0,0.02513318777530479,0.0,0.014436806991679376,0.017469053138308484,0.0415515687092692,0.011207992063616392,0.003587635375047929,0.0,0.025773293715475785,0.01781325077088306,0.0,0.0011833942515666624,0.014963290535299432,0.004307398291724578,0.0012898591947749706,0.08318258808732097,0.01186807948925653,0.0314222592209419,0.007870240536972002,0.0,0.0370027027814774,0.018179146886347187,0.0,0.011771089825746369,0.005951996022282535,0.005117917703218663,0.035861045652173316,0.009570651589110128,0.0045489650134350485,0.0,0.051354246671361965,0.037691176733065684,0.027941358209819914,0.032840087983004314,0.0099475973128008,0.024336746139327195,0.08057393496261119,0.009258804263478037,0.03454672914907726,0.02637298192103065,0.0,0.032584491207032405,0.01873667434186155,0.011118266950121842,0.034497374946235164,0.0583694123060393,0.012848616200088751,0.0,0.04027294594388137,0.03318038089819989,0.02719911964975061,0.06861572333650037,0.0,0.01696436298435776,0.0,0.0,0.016835543048582296,0.0,0.010479532404890447,0.02128080443914195,0.02883595854956428,0.0026462010229174114,0.005281920418105631,0.0,0.03560383059867959,0.043376628346343045,0.02521512468934914,0.018008919435417343,0.048279172134598924,0.045858263042717576,0.017004698692801985,0.0,0.05395236955920015,0.021988827271922383,0.03457460393289407,0.02504350875299985,0.08032463623250254,0.011551451629677998,0.014434423279017145,0.025629793853314903,0.007723923934189101,0.06740595491621394,0.0,0.025296190008706778,0.018729004138413566,0.01643649274192332,0.011447361478094697,0.015333728811716045,0.0,0.027713306747907472,0.019547572423909015,0.013800667548642101,0.026752749032717175,0.013570205977279112,0.0,0.0016948018352499694,0.01695365189363635,0.03637192334039281,0.0406045401806229,0.0,0.011797957859393207,0.038195586394977755,0.00692951178950823,0.11955570962138494,0.005498534042511317,0.0618745909757633,0.04695601537733347,0.021555338184774606,0.017873903499159852,0.049659725010775924,0.013028268588404791,0.01693753037153323,0.00177217510378536,0.01246296666007554,0.01305501623920469,0.0072567064784004424,0.07176803956132374
2,0.011402740572635663,0.01325442419148517,0.0,0.14691880311770195,0.16687580692992127,0.11980465829091186,0.04763760321155879,0.010822770099778617,0.019857708667837804,0.013443546424469247,0.05597523193996686,0.01610694984467771,0.0,0.08403690071249052,0.024813715974975184,0.027316589931671874,0.0,0.0002962806988307867,0.022645983166162127,0.01709313172525959,0.05752109761893221,0.029924316242290496,0.05448844627552304,0.03486931616668078,0.013799136423321501,0.007402690961096395,0.06793335807561338,0.009237278852864295,0.0058799897645203545,0.0008455870424360322,0.008779644249328138,0.006291932125104416,0.041064269108973116,0.009517577940634446,0.048682492502622264,0.045101198583916244,0.0016139554892402837,0.017614327342666887,0.11700450148998157,0.09709046289797273,0.04017861864701042,0.007426596232787203,0.05321939972656986,0.01041167277760527,0.0,0.07915003967263079,0.007759910113017488,0.001119140216362121,0.021798018843899744,0.0,0.017283349482552907,0.012725183978609195,0.05219284427580797,0.010757453950913282,0.034871969550341386,0.011251112582610414,0.02811918842648888,0.017958474024655186,0.04053155951034876,0.03841706248991677,0.018362046382849197,0.00715439339592512,0.06401200542930224,0.013068953128328908,0.002513998388158204,0.008017366888339844,0.0,0.01381852794618887,0.026888535491896987,0.01221154308084424,0.02150735937128255,0.03214173940530299,0.008450317367290117,0.04093784953263254,0.02254120787496328,0.00037924636705586673,0.02947593206473062,0.0060690079157291145,0.03947810670488058,0.04017656349840017,0.10303542005292922,0.10477061425606995,0.2704568451131666,0.3378495907109127,0.20990785538684092,0.25219875897692023,0.26361409883190534,0.04917554719439929,0.14798252015391516,0.1604304848990756,0.11068886267033656,0.11391266724011494,0.11905363777191043,0.044340688816717946,0.0036978406452855446,0.0,0.0,0.026116187110322268,0.05063744437157926,0.0,0.05273838609828137,0.14530321150897754,0.05332971692312131,0.0,0.02456728514949704,0.015575729549539345,0.021069519147183618,0.04802069225666474,0.0015501594800796214,0.0,0.11722192596771196,0.008470517319128672,0.041081712445973834,0.0002742173493526966,0.020264484870843938,0.04076497286975841,0.09629348677575977,0.1937741151419543,0.14835217188705674,0.23431559842242597,0.10100854937282754,0.16148989230421576,0.15547129478716656,0.11269109456420096,0.07837327323434144
3,0.0,0.030454916916802067,0.14691880311770195,0.0,0.14512816596651296,0.16624841106732322,0.009188612378324855,0.0,0.07284037271026127,0.0,0.0,0.007087991613964486,0.012435066000134758,0.0,0.015440088362693461,0.03146180157471972,0.0,0.011532752911523274,0.04094121127912557,0.0013091958746744956,0.024211750989549842,0.019307572701961057,0.04210457532882296,0.0,0.028956586737999498,0.0,0.01960278885216258,0.033137040985728845,0.013774083084361309,0.016746277034440888,0.01071562839705362,0.01373646738943291,0.002398469941415822,0.06961584860902165,0.04580004234558772,0.06500498118909116,0.02833554459564534,0.025067089119870642,0.0693882111135212,0.12849783398103196,0.07041762687626117,0.044698598921492506,0.0,0.004489646244309835,0.020627329677139688,3.1909372135695805e-06,0.0,0.0,0.057931052947455285,0.01917033094544839,0.04250560977510346,0.08800140448760416,0.017556978351127902,0.0,0.0,0.021392562875921894,0.026665117299390577,0.011521252353329426,0.026754720602963987,0.018071318922774374,0.06981080522389259,0.02174861172719978,0.006815115313658416,0.005499187902606956,0.013312058302299076,0.01533019219313081,0.04152440042765139,0.007400790437065091,0.04482875394245202,0.0032524939586008,0.05428481610994135,0.03462371485243015,0.030945957156935905,0.013177208932723951,0.054730678957471295,0.002433933625126912,0.0,0.0,0.03320902320936468,0.0011607589498282074,0.02530338851678757,0.07927758086549522,0.13837838380927364,0.21029909350543274,0.1451026552409232,0.15305257015881452,0.13537729017208286,0.07891776748637805,0.04466708903195728,0.16796156391974454,0.1526691600680331,0.1221271185459403,0.008594687168344581,0.012236941183286191,0.041157521012132735,0.0,0.0029321978795408283,0.03197224842150485,0.007498403256429943,0.03351086826961478,0.008657868542516404,0.04467606336748569,0.05979794489060948,0.019847244832435586,0.024749807117858316,0.014840840894430022,0.011335850763634362,0.0,0.019815992305900688,0.024562221845448144,0.07777936813713315,0.05667861610370186,0.0,0.025371653860668475,0.025385062779216146,0.04280309952819388,0.05882377181009065,0.2013131951606875,0.12691355579563868,0.14744619205183543,0.13971600627482272,0.1651481465162946,0.08392174984859166,0.13220788602626463,0.09911005194246962
4,0.023826585127358503,0.07117725231000553,0.16687580692992127,0.14512816596651296,0.0,0.2506484169500896,0.07124808690504308,0.04323368161644062,0.021801079121907093,0.0,0.01567708405959128,0.03477272238139229,0.015612411220970372,0.032638350159021494,0.016739355839297088,0.029162851575515927,0.06012331907356196,0.014510693871726035,0.04752212402785552,0.009622242472732885,0.010177369500549328,0.010708386312941435,0.029445781523393284,0.02205348194509711,0.03612214163218272,0.001588607498630661,0.035244264343885695,0.028588936581705294,0.03296705253879249,0.005664336642264019,0.011733096200414649,0.012865667025937172,0.02676196091339252,0.0701674840436093,0.10612781853900158,0.034154165319716,0.06339588417301185,0.013144424723824473,0.014428221993406888,0.025339668103115803,0.011118507013351413,0.020357443701155366,0.017314483543877008,0.0,0.06955796334117624,0.0,0.016172096285268514,0.0029098309035310945,0.045227417093522716,0.015387753090560804,0.04293755461713584,0.03126102911431011,0.000702635932466147,0.011438926612287037,0.033567706702589975,0.01924884757783151,0.0,0.06244709240697932,0.11382385604990265,0.07608938466571535,0.07434992213041058,0.007104032393573416,0.03538851610464694,0.011997796353934881,0.0444916595049237,0.02101276561006046,0.012808715552094507,0.0,0.012756162355716265,0.022460769782117862,0.006041073149931255,0.005095532824278981,0.05056332455842963,0.0266752790855166,0.040570135168525034,0.030076001177674803,0.00966148594491294,0.012700008143898612,0.048861243101566115,0.04672270276688759,0.05320636565181447,0.03162029381388263,0.09586231860803995,0.20853474276750142,0.09272334511135877,0.17503531862189659,0.10102640708110622,0.11294128826648989,0.0164255897754208,0.15373960253801175,0.07771622440751821,0.0914483878174469,0.02696521147259725,0.02940986394980039,0.06493521878020102,0.03234642711489576,0.0,0.052297731874346914,0.06497763487657464,0.0,0.08205449876919711,0.08044039621915737,0.04705525648495531,0.0726497023296718,0.034530166412254704,0.07863246473756044,0.06049981133796522,0.02494733710228066,0.017567662127960498,0.08599524731163916,0.05558952020053563,0.06779586148518252,0.00147307979193367,0.0,0.00674940710514873,0.01688194196036769,0.11691168897888986,0.30083251436084146,0.12405073949192727,0.12644776117740095,0.08663727370247429,0.0965171484727058,0.15211609766095105,0.08026466192087577,0.06960197849558365
5,0.03176555270544078,0.009227575450003443,0.11980465829091186,0.16624841106732322,0.2506484169500896,0.0,0.10820765792208054,0.0038041164586178383,0.0025887379430892003,0.030027862648119588,0.0746198485332335,0.029928407083078756,0.02192846192383813,0.04025438192832514,0.01809564146090199,0.014488870177617696,0.023276465827892185,0.040269615239030734,0.03158704149547792,0.04684392396981391,0.0,0.015477843679289126,0.023842537940296137,0.001982184071456427,0.0,0.035483186804313234,0.02444454200741443,0.021148023968253604,0.03712138877041059,0.031205155586374374,0.0,0.0021396499465309534,0.03976624893337604,0.007700471223291154,0.022027753157933257,0.07015420190424294,0.010730709332670098,0.015152013999253047,0.07816732250469709,0.13094858014038674,0.03918962509299885,0.020294341434808964,0.0016414193355080168,0.021152151916579504,0.008605743946908745,0.0551736934658411,0.04680983603667947,0.0,0.10403298519843446,0.05921570348973508,0.0217896225318956,0.0,0.0,0.03638369017428903,0.043106019623417965,0.04961198183133984,0.0,0.061253611831391865,0.07127615173296431,0.03120378741676972,0.04718804286040005,0.028017412612335143,0.007819069845444672,0.04535648180780557,0.011806288473874386,0.046773864724429876,0.0,0.040008325894323744,0.005180705455023954,0.013402700865615503,0.0019287393121688898,0.003847186887726263,0.01602713277451767,0.0,0.027378822793334496,0.00896582694043284,0.04498175986380551,0.020298910632523162,0.13356467974503486,0.03153386983277125,0.14132410951642993,0.1483342446714227,0.26415527268905936,0.27402568933726335,0.28508559499771846,0.2822840709357296,0.21862407988739943,0.07001605649222334,0.15493327373334387,0.1848507315193175,0.17854188829210355,0.11954680680094944,0.00864481936102235,0.0058963047550257535,0.017139659812657845,0.045625577547771475,0.010818955149347591,0.05211763938386942,0.04592830059908184,0.040396965130294754,0.016348854790964887,0.10824058753534589,0.05791779662067204,0.034844762529828904,0.0,0.013808400450677483,0.001065393980798461,0.0,0.046041716877276415,0.041654035769104106,0.10262874187519935,0.09424518703835608,0.009622094379882797,0.04565645055568601,0.05278357919851599,0.030809525420557385,0.2102456147878398,0.2328333672658865,0.2387641749226075,0.25451937331400803,0.29694698582163737,0.05216050660377353,0.07650509245441327,0.14260732182276617,0.14984997928942978
6,0.0,0.0,0.04763760321155879,0.009188612378324855,0.07124808690504308,0.10820765792208054,0.0,0.05767968207472513,0.0,0.03870620499237918,0.07156713065382737,0.02296518071458609,0.0,0.002560989231657039,0.006697293883735508,0.0008670148605452938,0.0,0.04032120858570835,0.0,0.0058486462303357235,0.0022913355266386626,0.012281611874039918,0.040681194704010416,0.0054354633873437835,0.027382603534489566,0.022404919189672155,0.01055852493045426,0.01396623409346995,0.02230243980734365,0.027022138909409688,0.02531906417312116,0.0,0.001046797521124047,0.009888977882345705,0.05930458230992263,0.008245165243208008,0.02832221872162864,0.001457668528858777,0.042265058630418885,0.0371552864447801,0.0,0.0,0.008725482728532939,0.002025479258767345,0.014283377950322685,0.03091095343923827,0.046952337368695925,0.0,0.022073085723984465,0.04296003784207873,0.0,0.0,0.006564742417422336,0.00045564670729044803,0.0,0.029276619693007943,0.009975953967066013,0.027707494845639734,0.006116074154304427,0.04710812532173355,0.0328569707668442,0.029115734771002724,0.0,0.0004736510006289992,0.03762855607399312,0.007657546755185433,0.005330064384924044,0.006941828426857946,0.016507549033290377,0.0,0.0,0.0639892175023646,0.024850214841756105,0.07467375471898416,0.041139287518548416,0.03575791703443663,0.03918361917432565,0.03016952850608214,0.01479077106344858,0.004660963143583642,0.010260582613886994,0.04271671137873433,0.07038714199033672,0.067812945321659,0.05664900187825575,0.08183450330664338,0.03799003712494436,0.002557133097888968,0.0,0.07167009243802844,0.03584671226307044,0.04140524942018585,0.06211076000898294,0.00039364093613088804,0.04707684957761228,0.01646809483571274,0.1090781089389821,0.012841960420647424,0.0,0.026356896242826718,0.0049869531993274735,0.023739794433912227,0.0,0.021376622514292436,0.02763565737320273,0.031327588509916744,0.07110530645835877,0.0,0.019948506412054628,0.06022512658458916,0.028902329406651196,0.02365548440751785,0.041797732725150374,0.034778978558386485,0.04167034305713172,0.0,0.06489330307334376,0.07866451027807463,0.0025278121219212977,0.030187572747310508,0.04586076259840565,0.06507986813199766,0.05364031564695664,0.018074226954385333,0.020935262294467336
7,0.04465613055355774,0.0,0.010822770099778617,0.0,0.04323368161644062,0.0038041164586178383,0.05767968207472513,0.0,0.038805219693706844,0.025819466247838957,0.04066497436508905,0.0012359262612235378,0.01803542023554977,0.007107596965519009,0.051673870282735734,0.04030770517238969,0.0059763089661890615,0.02895965195334059,0.04022501851753478,0.004467991866801824,0.0188952844125007,0.011128462869873807,0.008664138612589443,0.0066743640170649305,0.008296576930406382,0.013872031248000316,0.020075883123763898,0.010311756674753916,0.013953094828623745,0.0015115618672328914,0.04707218404202125,0.025966973573598572,0.05090978452417256,0.012813464903510147,0.018231649918228676,0.044174198294567577,0.005979175782459791,0.0376910573475505,0.033563451839478176,0.006149492820239392,0.018505928050929425,0.0,0.024788238313944756,0.03394423163100575,0.023934023219606863,0.01467852425165422,0.008791899674357673,0.030041901941988487,0.03800212923327789,0.02326355480829599,0.02352981368026112,0.03174265894411101,0.0,0.0333354696028789,0.002772237850512614,0.008511032890865843,0.02136873601417111,0.015467206555600568,0.02241690012998031,0.029515362032638926,0.03290166806036955,0.04291187307114306,0.02968471163438507,0.00820775386536074,0.01078799513454517,0.024920769774808213,0.001995189888864336,0.052791167612071054,0.04117732847875762,0.00042166398597356713,0.0016070194048200446,0.013522216842269516,0.011449197604132514,0.039643020675995365,0.0,0.0,0.0024828626266680115,0.006717255506350524,0.03809093383021972,0.008064444823994677,0.0056931458433090625,0.010747828193939718,0.013204063526510754,0.0,0.0,0.015620468376050776,0.0,0.022854342961204397,0.0,0.044198593029283764,0.011711786177351793,0.041919056103061625,0.012671671892495311,0.006031945214799041,0.0,0.0,0.043356479492641924,0.0,0.006773686525499934,0.026269490029803354,0.05009704374958386,0.024476617731932573,0.01659434542369916,0.05403873621441622,0.01527211067576857,0.019962638269025057,0.03593108060131266,0.00824818301662631,0.029559343118156244,0.025867149375458965,0.00593250171538593,0.0,0.0,0.030832768114646848,0.0052003191658067565,0.022171727969605624,0.007998655628419948,0.006518593506315457,0.023692850733183973,0.06542437914531536,0.023285608410751172,0.025499690141169866,0.0,0.0,0.004771212144788299
8,0.010520772923714885,0.02513318777530479,0.019857708667837804,0.07284037271026127,0.021801079121907093,0.0025887379430892003,0.0,0.038805219693706844,0.0,0.08966272329309456,0.04336046635978457,0.00765868197610012,0.0068909018106006375,0.02179296405695862,0.008220515548082096,0.009118905528948553,0.03202920735205015,0.0,0.027539705393868477,0.03792933597193247,0.021467832430742465,0.020040805519804843,0.0,0.02075248781540914,0.025134568713377086,0.02637719744828178,0.03724186940647502,0.007071852781926913,0.027194053921696822,0.017401791137368377,0.004234463216456716,0.03978008264850922,0.0424879945908983,0.0076650330279336544,0.06723831985575965,0.0,0.03498068193080783,0.0,0.03191443225710925,0.026409751419751843,0.05259033930518146,0.0,0.0,0.024234982099859633,0.030384765215902925,0.03783636758256628,0.04330323409048939,0.009153277157015905,0.02312840189731675,0.0,0.0003212575752706763,0.0,0.01809626839763528,0.011781064327395292,0.0,0.007270098275751091,0.02959775951406109,0.019799893546350374,0.025000935693800574,0.04315709209912465,0.014430892420041124,0.03363809226907181,0.0,0.04346985515898888,0.01703220274824777,0.013442206993541412,0.028110883663285863,0.0,0.0053288016894676455,0.031099460573151327,0.0024125246813332425,0.018665369370629802,0.0,0.04125857194604105,0.007527136098604207,0.029718153566916046,0.020270934633677046,0.0,0.02072691288082748,0.02617932335895428,0.002573440789730708,0.029269897616515703,0.01046383094595999,0.0637753355899261,0.004409556309617792,0.013699930562213311,0.0012755460685309732,0.052621162166193586,0.01427430798625408,0.0468572824637203,0.028144896474226813,0.0,0.012439004726382583,0.008070567451169526,0.018560190751272826,0.011103637514906332,0.0,0.0034638621086559643,0.016251563177281367,0.04021185684591964,0.01147325578675233,0.0012304119909923288,0.006029558060671794,0.008064787927287443,0.050012546722175415,0.014281544241108933,0.006522809834485868,0.0,0.01207101792711136,0.019360609372816296,0.0041029921862974815,0.026246745828744575,0.005259715530168184,0.0323787621444861,0.05417442537547251,0.007311431226471448,0.03352521696280968,0.039499315091466654,0.00211318195824895,0.015337252399841267,0.024168255968378755,0.0049424884529166374,0.0,0.024767702435770218,0.008632769202025612
9,0.05808976626198285,0.0,0.013443546424469247,0.0,0.0,0.030027862648119588,0.03870620499237918,0.025819466247838957,0.08966272329309456,0.0,0.064852576677591,0.03686488397058787,0.033009606251836375,0.04333000388479918,0.003437884446855513,0.023091409577075738,0.03575401104320916,0.04505024031976193,0.005698787523215505,0.020537280637750545,0.021041734132031056,0.035985901909370455,0.013336965858187723,0.04484556060473132,0.041564022963652934,0.017797273098927955,0.057330776067811076,0.024645675214780293,0.012658387602538472,0.03191715265564583,0.0,0.013134735876076796,0.027706563033363718,0.0122112453231788,0.037980807017864215,0.041259126811698923,0.008045358946120644,0.0,0.0,0.07206797847466329,0.0007669231579334358,0.04866440945033177,0.028298457215204433,0.0,0.02505080753407401,0.04119743293719387,0.007876612821448503,0.0,0.030827854483329642,0.001512915323925223,0.045174105969953054,0.0,0.006779138618814462,0.0029747366738624922,0.038538693246229966,0.021771430232822176,0.0,0.0122917741739632,0.006676364653399117,0.05156526553726164,0.07889613734995743,0.016858706091327714,0.0256707640206355,0.0075967964231417155,0.0575277825390584,0.004657964757430187,0.0217181506874605,0.0062203857137188845,0.021580805168424307,0.0,0.017285689252095747,0.007172878267286098,0.02266480354166897,0.0,0.0012985473314912927,0.0,0.02993749570486007,0.0,0.043685270005030016,0.019772669058301672,0.015436852362458734,0.031730122829861325,0.01153256248972494,0.0,0.010425973587977066,0.025517012657358583,0.01648536420634363,0.019363747479537386,0.08506403399896537,0.008191818554121166,0.02997337310919908,0.044146918033600706,0.028855163023983797,0.00727179972055873,0.06460722816622523,0.01426229954858375,0.0030180832836154783,0.03160323425500536,0.003949767464777058,0.014191212147291517,0.05681042453822803,0.006433293685341352,0.0,0.060785412746578775,0.05381870053027519,0.02377726484787521,0.000274406598920687,0.013654937694892916,0.00208460363270044,0.005117372973894024,0.0,0.0,0.0,0.0,0.005203199601519612,0.03844156995745513,0.015524328635626921,0.01111998778296808,0.024083099474569044,0.014524596724174147,0.009821347827806519,0.04297997414938635,0.007402818690851993,0.0,0.010543489595558689
10,0.008855873058489797,0.014436806991679376,0.05597523193996686,0.0,0.01567708405959128,0.0746198485332335,0.07156713065382737,0.04066497436508905,0.04336046635978457,0.064852576677591,0.0,0.02782252199736371,0.0,0.012423633127368737,0.09270750604769733,0.031208781350569707,0.03556091610195591,0.015714903534774914,0.0,0.006464478360110768,0.0,0.03789252229113701,0.008118789127119698,0.014247131790555947,0.0,0.0072955002387667485,0.0,0.002862163246291699,0.0,0.032387648362481716,0.015307620083854967,0.0,0.06224755786842404,0.0,0.027256055205559127,0.017794221784865113,0.00740942860267586,0.027993636919744085,0.017318962081602333,0.02839078589001128,0.007904676992958675,0.04948188855105399,0.040926214162239564,0.00401947423401354,0.010205106712776009,0.005748698551545474,0.013146010761155708,0.0,0.04782891397827917,0.051620685809271497,0.05093864451895431,0.03198590210222493,0.0,0.0006629968902807902,0.008648860469115633,0.022025280716447427,0.03938547845398197,0.05753693925967218,0.0,0.021793578168002495,0.0,0.013212258053642867,0.035097100962430204,0.0,0.021728131959384372,0.0,0.0,0.02921050719906281,0.02664740409216457,0.02842668378909639,0.0033587750794275,0.016777928489049382,0.009113793386003004,0.01407082137955755,0.0,0.01767432932348828,0.03359494079987342,0.00010913175349921872,0.04158156671358853,0.014522416955238126,0.0,0.030687082837687694,0.01602213970372562,0.019669594048998394,0.0488776032796406,0.055898523245325814,0.04932281466350619,0.051900113059281584,0.05808572069590861,0.026146105978349623,0.05935385941099813,0.03157689086440331,0.03884527449985237,0.01671911987441371,0.025331639554806416,0.016977932553799466,0.0,0.028180035128197677,0.0008203475202895492,0.002213018526583794,0.004068617520392245,0.029663774179584546,0.0,0.0208327071593252,0.017090518524724697,0.004148993906671543,0.058483247598773706,0.02577091117055564,0.02279433308537809,0.049648843751984285,0.013372262339342418,0.039080020327174655,0.0027595264151135303,0.0,0.0,0.011151347759596388,0.01136732174815416,0.06705098769134264,0.019655464232785365,0.04653397325543414,0.0994164755366682,0.03827068586759519,0.053839681435853645,0.07373213899540716,0.018868929898244145
11,0.03502676718395949,0.017469053138308484,0.01610694984467771,0.007087991613964486,0.03477272238139229,0.029928407083078756,0.02296518071458609,0.0012359262612235378,0.00765868197610012,0.03686488397058787,0.02782252199736371,0.0,0.05771365643952513,0.007448663961337716,0.03417148128921171,0.027101244791052557,0.0,0.014008504558590637,0.0,0.03177263836448972,0.004472257235288057,0.01844120773253713,0.0,0.0,0.0,0.012926461607492704,0.029592373399061633,0.05161744836409376,0.05671706233940197,0.04838360193647477,0.007921766578070496,0.042320871433839,0.009992738335433324,0.0,0.0,0.0,0.0,0.022419608121527372,0.029508430856772298,0.011309421463633089,0.0,0.024189300293828417,0.0,0.035675313420390445,0.0001489280695937101,0.0006519369025311234,0.03239075431987765,0.0,0.02414474458201473,0.036312073998743866,0.03483322041278055,0.04695068125437985,0.01378230718403386,0.028621870325593674,0.004707544406728928,0.06494823892911619,0.0038449678815134416,0.002965564665578622,0.0,0.0,0.001243532771199434,0.06618316791878195,0.046882559288866116,0.0,0.03071031358629953,0.017959572845930246,0.0017734749261406266,0.036242725906501155,0.03591002564589078,0.04986852890801612,0.036927657590848484,0.01929118444169445,0.06054649502787703,0.025492277744925577,0.05077029312730857,0.005098857243444529,0.02090555018738747,0.0127427988312115,0.024116771355125088,0.03725812963867503,0.025184831306624276,0.0,0.0,0.05268246903816079,0.0,0.015802031998821665,0.013621905860883098,0.0,0.019359239222729422,0.008897856003221042,0.05775582120818898,0.006902647014840085,0.004184383914893634,0.02527263020091947,0.0011687661858720447,0.03680827588752573,0.0158003609524274,0.005604359185702004,0.04648161799699764,0.04014032316383406,0.022383678433280017,0.008280467859656129,0.0,0.039019657345880664,0.016039814936275543,0.03364600576770673,0.0,0.029225049068584377,0.04623532272650652,0.011757499043435758,0.006529160699864726,0.017739891518005146,0.02727854501811277,0.03236667590688758,0.0291111811036109,0.009315089687092023,0.03251680185393011,0.024002792501824396,0.02813949511921955,0.010211478785404708,0.0379192094377202,0.030126366513194943,0.017937855996044128,0.033174233021017324,0.02143997498139845
12,0.04187318899305882,0.0415515687092692,0.0,0.012435066000134758,0.015612411220970372,0.02192846192383813,0.0,0.01803542023554977,0.0068909018106006375,0.033009606251836375,0.0,0.05771365643952513,0.0,0.0,0.004634195435781679,0.011224110634752154,0.039541693347534754,0.015752291686909874,0.0,0.01318880877018668,0.010740177933007284,0.0,0.0018132615039643508,0.0,0.004870375359343987,0.013871226705978961,0.010236484471061446,0.04511390775575781,0.04560852615069478,0.03417040610787934,0.0,0.05539281298576786,0.04330243041612235,0.01633733319832007,0.0,0.006864485328227549,0.04077583375446593,0.058234762385850666,0.0,0.0,0.011952385186515872,0.019531013077352735,0.0,0.01355300929593197,0.0,0.019050818074989213,0.06080632486012313,0.025564043321872367,0.013144729666015693,0.0,0.0,0.01443192532564576,0.0,0.02791246504259,0.03668069259083512,0.0,0.004450539684918503,0.014682362874707502,0.011663838989553584,0.0014167821001268648,0.023561934059420274,0.032455867426549614,0.004279668904100023,0.01480645154039605,0.0,0.008112809903006746,0.010797701547013497,0.0,0.01168858123817556,0.01416743284885915,0.018834642165526366,0.010658913725879699,0.0,0.07060969076168111,0.0,0.01962714465123502,0.006603315884761191,0.0,0.032015368156127155,0.012614109159210941,0.011419156501641969,0.01848027807407935,0.0715182000150533,0.0,0.004099335916839756,0.0544539019635219,0.010221233004015257,0.03663072059748793,0.029881821329196017,0.021928760913467286,0.013682407723312834,0.00048813302689015267,0.006479648576377072,0.0,0.0020305743987797066,0.0,0.0,0.0,0.018389302032011747,0.022443963433337655,0.001989921084776024,0.02688518034877873,0.012232803124658248,0.015006110674564229,0.0,0.002235780638017344,0.041199531522332265,0.01729767684804668,0.027737774467520078,0.0,0.0,0.054156769882808424,0.022602341473429714,0.030144180785198885,0.02872649794291174,0.0,0.0,0.02970017770222954,0.019677988407445907,0.007773783420786512,0.0,0.018564308523145653,0.05734523895282022,0.029310705117754403,0.015618247771256814
13,0.031162891407873573,0.011207992063616392,0.08403690071249052,0.0,0.032638350159021494,0.04025438192832514,0.002560989231657039,0.007107596965519009,0.02179296405695862,0.04333000388479918,0.012423633127368737,0.007448663961337716,0.0,0.0,0.029527124766527645,0.017005625070907745,0.024338025256972925,0.02670947929932705,0.01295709356381856,0.0021465465071905136,0.0,0.0,0.0,0.037526120199801026,0.0,0.01032138704359416,0.0,0.038272594404118905,0.01353313081409568,0.0037653383275688904,0.006551617861028983,0.0330935724063425,0.013202525215196702,0.07224738630716755,0.02277114778169466,0.00360376082442567,0.030094077876314164,0.0005009965317823678,0.0394000962133114,0.02461230385717311,0.015932795864778335,0.0,0.012524159174110072,0.012006479990138132,0.034445656662756355,0.0,0.0,0.02844531698334899,0.003519095221008401,0.02486313796515559,0.0,0.0,0.05941141063601817,0.08673555727597398,0.06066150052721018,0.028777785189966078,0.0,0.0,0.017774104185881313,0.013696959163588582,0.0,0.025751333767498885,0.0048613736729823595,0.0016230773776238093,0.0,0.023361387805501416,0.0,0.008215746586894102,0.020678444371071674,0.018898198575154738,0.016741509858199426,0.06982566110384296,0.04801089390460415,0.016281039127502624,0.02127358168870854,0.01225596617746931,0.017579509624220196,0.031426672595405804,0.0,0.04060665978181917,0.026656167437398025,0.0,0.0,0.0041297097361898925,0.0,0.007121189337775835,0.0,0.04731462815351967,0.00758604705119127,0.01144396671865811,0.020152790614938475,0.0,0.04610414587266352,0.0,0.023597967247843608,0.015585987829807591,0.0,0.013093320328547235,0.0,0.026798473629516935,0.022424407363734557,0.014938725336935584,0.0,0.0,0.047299807289263016,0.0,0.003140800328405978,0.0008813905094058975,0.0,0.012979001912401745,0.0,0.0,0.033805593434335535,0.02113056460746864,0.01365230786731439,0.02962162850133292,0.016796402655928824,0.0,0.023527584497362284,0.027097101908000316,0.005828577224304412,0.012003601949744225,0.018949856292402863,0.02978877659678289,0.04911858041712715
14,0.00770161946749843,0.003587635375047929,0.024813715974975184,0.015440088362693461,0.016739355839297088,0.01809564146090199,0.006697293883735508,0.051673870282735734,0.008220515548082096,0.003437884446855513,0.09270750604769733,0.03417148128921171,0.004634195435781679,0.029527124766527645,0.0,0.048882562633624824,0.00916095020510281,0.06928863180523744,0.05051035416970987,0.0,0.0,0.0,0.01926521124723209,0.0025650277340333685,0.0,0.018709265334810203,0.017840516553050096,0.05588269760619331,0.043647959621407245,0.0,0.0034752732363928047,0.001341056928833375,0.016095175508836553,0.03958649311016667,0.04825322567689798,0.0,0.017388364303413367,0.025387561525074088,0.02381988667552813,0.03198055534899523,0.013359764612896407,0.011071107202570122,0.0,0.0,0.022190390280706403,0.02586771182376489,0.0,0.0,0.0,0.0,0.008007922928176515,0.0,0.011202174068277398,0.003298711535023823,0.0294987295831851,0.0,0.022883603406658643,0.013551407043483408,0.00244180316725107,0.004380465491324105,0.0,0.04876772583129628,0.0,0.0,0.06168458971501782,0.02067308852628682,0.006548804256843413,0.05377100965592086,0.0,0.034068253774307104,0.0,0.0,0.0452623593261368,0.02238921723932205,0.020922281843262724,0.0,0.007622168295191956,0.05687867039906853,0.004878509615789514,0.023662153695925944,0.022747628757489285,0.012974811548006294,0.0076750896378615,0.027346731693273316,0.08909107555508311,0.04844533312437677,0.04107332333192466,0.014511377485360397,0.03624176217911285,0.01813737143853373,0.02174412753485748,0.018712433972669074,0.03269866497830414,0.0021677846152951077,0.04090754574120011,0.0016148860413595515,0.018803538079822435,0.05490110504018173,0.0,0.0,0.0,0.023527453697430388,0.03588866584410685,0.036210263189854104,0.062038215252151,0.04349606162073397,0.032381400896511724,0.0,0.011448990387260672,0.022524056018961357,0.0,0.02883809299520005,0.04139687571119356,0.016909117923228082,0.0032935524025362573,0.05699869600708031,0.028429151215758695,0.019259478634482404,0.009870438612751407,0.014262874775941313,0.07017379290080285,0.03168029533058507,0.060982360557659314,0.01443448767706666,0.02814535334301679
15,0.01953084900950427,0.0,0.027316589931671874,0.03146180157471972,0.029162851575515927,0.014488870177617696,0.0008670148605452938,0.04030770517238969,0.009118905528948553,0.023091409577075738,0.031208781350569707,0.027101244791052557,0.011224110634752154,0.017005625070907745,0.048882562633624824,0.0,0.022000949414389445,0.0365598833157151,0.050593441860796284,0.009242120605907943,0.06680097487038941,0.0,0.0,0.02763520208211627,0.01888438097519956,0.013019231521407205,0.011063571542277297,0.0,0.04799599715605843,0.006699690781865934,0.0,0.0002202117556979329,0.00947159149438682,0.015565936730242418,0.013846216815700677,0.0,0.05260717913856432,0.0033341404971381394,0.02439009354264093,0.017302369714562286,0.026025393581293722,0.015012331309516317,0.0,0.016021872471812467,0.018977385514333065,0.04255361781326842,0.029676422227307497,0.0,0.02439274132020542,0.015209235432843455,0.0017829655998273305,0.014207186360988867,0.049814787599563905,0.03008726425738096,0.013776850914703041,0.0015274198377663586,0.03126218124156624,0.03607187403229139,0.02927946595186343,0.0171543310291264,0.002020524308157557,0.03031409769335775,0.01562954071026992,0.011379773258033443,0.0,0.0,0.0,0.016220847253885007,0.0,0.0,0.0,0.022267924005886234,0.016040318946730983,0.035785745470599,0.00025535650461075405,0.0,0.03030701293605734,0.007346351748705879,0.002980474971636794,0.01278716215052532,0.0,0.003205587948118323,0.0,0.0,0.02410225552608574,0.024531364661932065,0.039067566614977914,0.007968268910611498,0.07253133813190221,0.091055112351645,0.015013735143908899,0.0,0.0,0.05149722225584796,0.0,0.007257882641602219,0.04188361179404133,0.005297788477865009,0.021415412182815594,0.040822430437047384,0.0,0.06973888568012131,0.050073854231340253,0.06073115512095822,0.006950615318859596,0.0022012289805524447,0.049029837071529,0.025693617914960665,0.0,0.040060080526049056,0.0,0.024491177905432076,0.055081134563671155,0.04473145845864819,0.007168465723727523,0.02793420461332205,0.0,0.013297987028413599,0.027924954465745305,0.020889431947182378,0.00786328913961831,0.008964581752478154,0.05283284405701676,0.006652303535189353,0.03173268586352777
16,0.030252064342373142,0.025773293715475785,0.0,0.0,0.06012331907356196,0.023276465827892185,0.0,0.0059763089661890615,0.03202920735205015,0.03575401104320916,0.03556091610195591,0.0,0.039541693347534754,0.024338025256972925,0.00916095020510281,0.022000949414389445,0.0,0.028859925059273376,0.05939016677631042,0.0,0.03702319177672985,0.052680011773240304,0.0,0.009491247147016739,0.008079383328664742,0.02782418805158052,0.0,0.009189902905795142,0.04870806244602124,0.019201550436201774,0.007837594343566276,0.0,0.018333557585520986,0.029263365042760104,0.03433073501857337,0.0,0.016951699698715118,0.04198673220612187,0.013822254228216537,0.019674427107182743,0.030741609883663593,0.003072947450868392,0.03788025145496164,0.0,0.0,0.0,0.01747522831534751,0.0,0.004208588734823985,0.0,0.03817263148511151,0.0,0.020362318511862217,0.0,0.05769117935566586,0.004156709287486938,0.029834445521279583,0.0704194513187333,0.0551585892008328,0.018863942796876858,0.016900338485277753,0.0,0.0016004387104124578,0.018491321265575286,0.03151739225423128,0.0004867029812561232,0.012148492748384022,0.0,0.0,0.0,0.028603091769643662,0.0,0.044660840434982495,0.024070408155476498,0.003883559523011773,0.022192085825068656,0.03405698565089382,0.016666078605821685,0.0063857563362883394,0.019188038653273648,0.0,0.01719860071266044,0.016417244191548715,0.0214857997428027,0.0417086498662221,0.0010563390755125152,0.006214981114059273,0.0,0.0359780429538966,0.0032064315345496507,0.0,0.0053538504661773244,0.0027166857074325413,0.0,0.009680393734474857,0.0,0.03642963150329036,0.004344871452254261,0.02303152939901579,0.052194793453945024,0.014176245344969723,0.004383272790819805,0.010727814355541201,0.008447595477668,0.0,0.017406293755025108,0.01626509967052275,0.0,0.016346729334888115,0.0,0.04311404595210919,0.007132359178592702,0.0,0.052069990252336815,0.0,0.005465792634098596,0.015240808598737304,0.016481363318050724,0.02618574134163251,0.006714260147906406,0.004603463002436208,0.013242639262598494,0.000690081159260801,0.03227056561669085,0.0
17,0.025360826673197938,0.01781325077088306,0.0002962806988307867,0.011532752911523274,0.014510693871726035,0.040269615239030734,0.04032120858570835,0.02895965195334059,0.0,0.04505024031976193,0.015714903534774914,0.014008504558590637,0.015752291686909874,0.02670947929932705,0.06928863180523744,0.0365598833157151,0.028859925059273376,0.0,0.010609759212146862,0.0,0.0,0.017615780708605023,0.0,0.052016362262055596,0.0002194939646284692,0.0,0.0,0.0011560845268657072,0.003327325119251262,0.011476956654107928,0.048813713013624804,0.01528692868703925,0.0466005325120142,0.02923507363776372,0.05222152788396998,0.037232218028994575,0.0,0.0221259146148614,0.028079347511420875,0.0065963574563326815,0.04440942908672317,0.008557935748824729,0.0387357580284804,0.01583436692998548,0.02377574336382175,0.02474017977195737,0.0,0.0031858241193379734,0.0,0.014354490926436434,0.02432784615609566,0.004959718095155027,0.034711152445573906,0.0,0.04811623034421844,0.025644029404980496,0.0,0.05882554173622848,2.1012980480177176e-05,0.0,0.020409190128946486,0.053090293028896035,0.016902708089173112,0.06547858409978982,0.0,0.03540488549918509,0.04522029363889046,0.047671517996544496,0.01728144475824085,0.0,0.01020945398430823,0.007727816661622363,0.02146626395853637,0.003924029401193161,0.0024267179971465313,0.05191355237196869,0.11742297824276762,0.02270499728523945,0.0199438069710127,0.04397437007916998,0.018190893209397794,0.0,0.0,0.021422052115541445,0.01046427771720631,0.054176559304997256,0.04504891556606758,0.009167585877285354,0.06053757732141975,0.019885054699785812,0.04291037884363358,0.028503125668303056,0.005514538989708747,0.0109797548793309,0.0029004313796760187,0.0,0.0,0.00498522129958222,0.01847104014667213,0.0,0.002324617605392043,0.006749256260093627,0.0,0.00655613665863886,0.044287543741685295,0.007364052862925363,0.020968056521285913,0.03682028149002133,0.00023932553898413638,0.002884477992421289,0.011891582896317811,0.0030638966445015892,0.0,0.011827115138417775,0.0,0.0,0.0,0.01821327843680861,0.047251738694046176,0.04088933780638661,0.05188533504508635,0.009434798326079772,0.03336578316146303,0.02046679525349806,0.020178553092249675
18,0.006683954667439967,0.0,0.022645983166162127,0.04094121127912557,0.04752212402785552,0.03158704149547792,0.0,0.04022501851753478,0.027539705393868477,0.005698787523215505,0.0,0.0,0.0,0.01295709356381856,0.05051035416970987,0.050593441860796284,0.05939016677631042,0.010609759212146862,0.0,0.01772293773198277,0.03190825496112088,0.02557344374934023,0.0014225677516958698,0.03428679389682609,0.03268725360208507,0.0,0.0,0.0,0.00993098703165635,0.025281594767948733,0.004576031216606479,0.0,0.03888509328439867,0.01494690044474209,0.03823006381694331,0.02337463563780549,0.02581055623275805,0.009587286274277846,0.04613013963649001,0.011985301556350513,0.0,0.01479900335478977,0.0208828080908985,0.03247745756957541,0.0,0.0023545793578213215,0.06646102147952773,0.011185428657878,0.027490717207549642,0.04010646587219341,0.0049332884606233815,0.005065228519378421,0.0030135410420983957,0.008916687476700874,0.003443734696662544,0.014334128346861716,0.04279067575079873,0.0,0.03565039536187292,0.003230524552078634,0.003750904118264607,0.0,0.022079192779570735,0.0,0.011048878356447845,0.0,0.0,0.03363104251087123,0.02596178026037663,0.012000674430797024,0.0033145361571606815,0.00919400012811064,0.013822194585036527,0.02585402343470234,0.06799919130048661,0.008288369902238465,0.04965871033710603,0.00032614344076643565,0.0,0.0,0.0028720391511881486,0.009219479436108487,0.0,0.002852604256858219,0.0,0.022918172454468512,0.0,0.022541070438153624,0.06444522803611334,0.013452791649268983,0.06877174648576974,0.015000757804541907,0.0,0.0420331413194385,0.03212780283359294,0.0015874003796082898,0.027777872900140284,0.008962004202654998,0.0,0.02960293651878695,0.02825942638535017,0.0,0.05712500370752318,0.015937823928741282,0.010704168663362967,0.020430143990884973,0.0,0.0,0.013567073014424882,0.023192439032936076,0.0,0.0,0.008118341372290665,0.012673153052350734,0.0022950765416232346,0.012129637247660063,0.026251744461570855,0.002915976606812239,0.024085382080668957,0.04455896059641752,0.0,0.019959683771445642,0.02435045015177919,0.01632122612780014,0.026528384710768967
19,0.0012580140144207747,0.0011833942515666624,0.01709313172525959,0.0013091958746744956,0.009622242472732885,0.04684392396981391,0.0058486462303357235,0.004467991866801824,0.03792933597193247,0.020537280637750545,0.006464478360110768,0.03177263836448972,0.01318880877018668,0.0021465465071905136,0.0,0.009242120605907943,0.0,0.0,0.01772293773198277,0.0,0.0005081247325881869,0.0,0.021460074527743168,0.05923308652161942,0.021108592027460526,0.031862000609066764,0.05011853961712924,0.0,0.0,0.0,0.017861238119971208,0.0,0.050089639582429464,0.04214047519455136,0.017575736398228115,0.03587445053307928,0.06606146340500155,0.03346281625983526,0.0,0.009223480737908036,0.03587206656907423,0.019854540331024104,0.008847268272956996,0.0,0.01930960502265189,0.00614825371274512,0.030863978321328693,0.02406773208742873,0.022223603129435446,0.03471167570054728,0.023503588995809774,0.019625590824122675,0.019421816708138886,0.0034966129273338916,0.0,0.017457202644760667,0.010199549813325652,0.014972702889844347,0.008080091653103475,0.012542083704386182,0.0,0.0034094667070404916,0.0,0.012442821477676783,0.0007508915910832985,0.0072223486892649714,0.0036363239837782935,0.005786052722871783,0.027849117341244106,0.021565010079416316,0.008754275563808483,0.0,0.018222567635519417,0.0,0.00175956363968095,0.023705192249209986,0.02116605943202282,0.04444439359575399,0.031031764640237585,0.0,0.010107156077232818,0.04097344724051919,0.030210195555363282,0.006020990554747985,0.10686177730012363,0.026104279555336098,0.017597838488069412,0.0353207538983092,0.0,0.022857153259475564,0.0016167665438961117,0.0,0.0016478441573893532,0.02522301939383614,0.039185981317283784,0.0,0.022777808152342628,0.05861747095332813,0.027320729846202037,0.0,0.0,0.0,0.008859811338803715,0.009703669847290588,0.03417350491720716,0.001066000727155182,0.0,0.05067833315149414,0.0,0.0,0.034010765894200615,0.0017348703683913065,0.035337607763858817,0.021935049869482037,0.019773758420052672,0.023360419095214743,0.00664953593488769,0.025373301840653516,0.016885037319649968,0.0,0.0,0.02257897308670833,0.0,0.0010520223986960541,0.0
20,0.011636810122407802,0.014963290535299432,0.05752109761893221,0.024211750989549842,0.010177369500549328,0.0,0.0022913355266386626,0.0188952844125007,0.021467832430742465,0.021041734132031056,0.0,0.004472257235288057,0.010740177933007284,0.0,0.0,0.06680097487038941,0.03702319177672985,0.0,0.03190825496112088,0.0005081247325881869,0.0,0.04075926589539764,0.015255703401077897,0.024939979417296233,0.07610460750417337,0.010418021487258382,0.03187315962988806,0.0,0.04717400166613109,0.03503813988159988,0.014683554511448661,0.03719842392912063,0.0,0.022158288522220283,0.0,0.028782750921845277,0.018511305375032712,0.023474313932985442,0.012756143352473524,0.0,0.030402013615171093,0.004923458350020186,0.0031905053525848356,0.0,0.014151708663024051,0.0,0.0,0.07467086963211586,0.035216367068314824,0.0,0.014501909728178714,0.02559841460037078,0.04514467917785067,0.026934951326835984,0.01539659632504384,0.0633729800623424,0.0015804072502738108,0.0014961488332996048,0.010759652368148956,0.015848323500908222,0.03931812081381533,0.03831135569818398,0.004936324076755141,0.008839743628448755,0.003185900933711003,0.021247192763544864,0.035052929221707246,0.0,0.023406754337662834,0.002280685766314619,0.0027549947740821497,0.008449935968846377,0.023612968773387456,0.02152972944601033,0.016842009793546844,0.01932122837772603,0.02536709845254833,0.03837761444964404,0.01208516759995078,0.0320190520466122,0.025936336311468546,0.027734236041824335,0.020154905344520725,0.07138594294361804,0.05179578269557862,0.022897259460235693,0.02723793454730625,0.017339886384485005,0.03969130433213892,0.017220627204942572,0.0,0.020897117385184103,0.0,0.03752353918340066,0.0,0.0,0.023533362844158225,0.0,0.0,0.007456396986416937,0.033849394448710275,0.0,0.009715934230435888,0.011927493129213883,0.02133213239868642,0.01642112050794441,0.0,0.07531846991236063,0.0,0.03966288538980055,0.031485221131589664,0.0,0.022001661298277315,0.030211386699017326,0.02346246918208944,0.0004300500249913293,0.02309982556719733,0.0,0.02928291631521889,0.012690457008535208,0.0,0.028913883737224994,0.01700188045976854,0.04568773437355376,0.03727027660052061
21,0.024885604714914144,0.004307398291724578,0.029924316242290496,0.019307572701961057,0.010708386312941435,0.015477843679289126,0.012281611874039918,0.011128462869873807,0.020040805519804843,0.035985901909370455,0.03789252229113701,0.01844120773253713,0.0,0.0,0.0,0.0,0.052680011773240304,0.017615780708605023,0.02557344374934023,0.0,0.04075926589539764,0.0,0.07620835687988789,0.047649008608371506,0.03336881002847768,0.0033518996251560495,0.03139668735929253,0.05549569838442488,0.0293613088277066,0.030967993009693315,0.038515846068833695,0.015254085358737412,0.008228554875104691,0.0014297635319262584,0.008651767541629106,0.012118181855111683,0.02023096428200726,0.024937376360335904,0.023254031145606216,0.0,0.0070950380475530124,0.0,0.006785943497455308,0.0,0.0,0.016466578919405377,0.016342650639954097,0.030711843165561283,0.0,0.011069272434702583,0.010169995368246693,0.008464171090603323,0.0738986285911036,0.00533268067321874,0.02182671925969935,0.025632240341659965,0.018844337512628654,0.022627490137654162,0.0,0.04793514785781104,0.0008796331775090433,0.0,0.09568077350992943,0.004319176577513664,0.016211509095904967,0.023770132394553025,0.07165173588778545,0.0,0.006688156550273144,0.015654015952541643,0.023835844005854593,0.0,0.04191929019857679,0.052500914065661805,0.028575882959639674,0.033460269062006734,0.03303908807381079,0.043138715859626114,0.04907377305683329,0.03413010714300854,0.0038000248150503375,0.01949114623932276,0.0,0.011983366977567278,0.07765510143927336,0.030872737915866817,0.0021449888958895574,0.03064981496591748,0.036521259859541085,0.003509272031618317,0.0,0.03462479115771375,0.06956476396081614,0.018826692715954687,0.0,0.054878263212889467,0.01569802515837002,0.0390371965381506,0.00882666050043422,0.0,0.023629661170251694,0.0,0.01611154300016778,0.025953152942368128,0.05285637167184911,0.010538875163687641,0.0,0.021397431516747962,0.0,0.0,0.03925597210139802,0.003859080906791037,0.024142927354386823,0.008236895480706649,0.0,0.0019580274420776243,0.015073979040384327,0.018005554237699416,0.028404247037703757,0.010867699367067033,0.01735932460523435,0.014071529512878302,0.011590534626490791,0.008033759621165988,0.0344301088099393
22,0.0,0.0012898591947749706,0.05448844627552304,0.04210457532882296,0.029445781523393284,0.023842537940296137,0.040681194704010416,0.008664138612589443,0.0,0.013336965858187723,0.008118789127119698,0.0,0.0018132615039643508,0.0,0.01926521124723209,0.0,0.0,0.0,0.0014225677516958698,0.021460074527743168,0.015255703401077897,0.07620835687988789,0.0,0.003682996872054547,0.016257044752002948,0.05583875889533745,0.02096567861055712,0.02228904978853546,0.01331066059221328,0.0010659494240193312,0.03800280367478324,0.0,0.0,0.05023499997396481,0.06842076337057809,0.07621727523422941,0.023483799183712257,0.024173099563473233,0.008486817127352983,0.0,0.02543380432888421,0.02933532145851609,0.0,0.005597183033548812,0.02821965454361453,0.023815742197705072,0.002296180451433935,0.006182015991746496,0.024582636883387493,0.0,0.0,0.0,0.021001140898247277,0.041622716738094125,0.0,0.0,0.016314215633030094,0.0,0.09059509069991577,0.02560424108175045,0.005893510395624254,0.020438249722663664,0.023330227451735967,0.0226044914118091,0.02093710260792491,0.011349750610734934,0.000183012648334233,0.020474319500824144,0.018040812101128224,0.018473149159455853,0.010090881012934321,0.028157690995705965,0.0,0.02718859987124522,0.0682459755031549,0.0,0.0,0.0,0.021320580319469894,0.02366488809431476,0.009978746702274116,0.017799044524588258,0.0051802296216314605,0.04152685145106443,0.012020680271427171,0.03289812629380577,0.0,0.00651882790655755,0.05402195013949661,0.050874784283567225,0.0,0.0,0.0,0.01384694686896054,0.02941847591539495,0.0,0.06080438442828532,0.05509428528148028,0.02646596860755813,0.02725584581696042,2.9574794787156738e-05,0.02290418203029164,0.010052191446594609,0.05679202627607058,0.016319087570375635,0.012894978540098714,0.07960217960734095,0.02037191401721244,0.02615041455476617,0.010368225592120325,0.0,0.009887448833575964,0.0,0.02090337177272873,0.0032794871303785454,0.01637215682829594,0.05079082614645356,0.0,0.025340905006533625,0.02927368285179266,0.009347376445808044,0.008395114793323239,0.0,0.01397662738991063,0.015518799584733388
23,0.03362593119814654,0.08318258808732097,0.03486931616668078,0.0,0.02205348194509711,0.001982184071456427,0.0054354633873437835,0.0066743640170649305,0.02075248781540914,0.04484556060473132,0.014247131790555947,0.0,0.0,0.037526120199801026,0.0025650277340333685,0.02763520208211627,0.009491247147016739,0.052016362262055596,0.03428679389682609,0.05923308652161942,0.024939979417296233,0.047649008608371506,0.003682996872054547,0.0,0.0361205976849471,0.015608151511638952,0.015445812730447706,0.004588657914322703,0.03082755803560443,0.0,0.021418520494475506,0.0,0.03432323477724341,0.007990588819033185,0.025576589946629244,0.005218716053403356,0.03171431267593102,0.03135249363404438,0.0,0.0,0.01853279754013249,0.01903946248514088,0.003078781904875781,0.016844640924196193,0.002133353135947792,0.00706863189214681,0.012020628747791666,0.0,0.021321322304299624,0.0,0.01204207054495435,0.01144819300692654,0.013957213399993644,0.0,0.059187393860442986,0.0,0.0,0.0060027594547714894,0.005265348017113784,0.041703008576778965,0.05720176377450779,0.030742462848553562,0.018274373322976142,0.01893779043618348,0.043717387117597456,0.024376714147845244,6.690126154467932e-05,0.005745057639646741,0.03594401453409484,0.025996452099081274,0.004549868650740784,0.0,0.019466335055279557,0.019852516891262172,0.03468105467106232,0.030836548235557554,0.032148764589614354,0.0,0.0,0.014934243180439717,0.026602985348698465,0.01427532474255134,0.016007802980184036,0.04686447582512049,0.0027654652551984825,0.0038060886802016385,0.0477732287374564,0.021318382285567823,0.028970892749031023,0.028322581797400492,0.006070939377822456,0.019668198497484742,0.00516370015119619,0.03537717867098632,0.026672927813214304,0.0023394027276128883,0.025686811124505722,0.0725866529317355,0.004790577602660631,0.01040566240809033,0.0031269981502091626,0.0,0.07475411243757267,0.05448787368771472,0.023866988919889663,0.015746252370801714,0.0,0.02520051737072102,0.029064604975733127,0.00462441427493591,0.01217283960071649,0.004726268914684155,0.0,0.03611752082759423,0.0011914521600005694,0.026940068156751863,0.009703661202644528,0.0503308320818947,0.03484316429208501,0.025827747895443676,0.005331723263493704,0.005154642720682863,0.0,0.013531984756785402,0.056744279779621085
24,0.0,0.01186807948925653,0.013799136423321501,0.028956586737999498,0.03612214163218272,0.0,0.027382603534489566,0.008296576930406382,0.025134568713377086,0.041564022963652934,0.0,0.0,0.004870375359343987,0.0,0.0,0.01888438097519956,0.008079383328664742,0.0002194939646284692,0.03268725360208507,0.021108592027460526,0.07610460750417337,0.03336881002847768,0.016257044752002948,0.0361205976849471,0.0,0.01971853586179016,0.00911894024864154,0.05809231909029837,0.09354580212567906,0.04082578402044841,0.017770867213484958,0.01881830141720603,0.003183010960639024,0.003240541860685162,0.022856956626847346,0.01942742173387611,0.003372377818927794,0.0001241506998139751,0.020197926149251637,0.0,0.0064161201523697834,0.04518782087653054,0.04307780113161975,0.02802007397533021,0.011824753619024417,0.027321873480892152,0.007204833237984989,0.0,0.022694888554506354,0.0,0.000622108020410164,0.023155971588280876,0.01282946357454906,0.021281501459514386,0.0076948449947706905,0.0,0.013031755243507612,0.019136572019421556,0.0,0.003613582379051337,0.012680007921020357,0.0181067450422144,0.029917882809340685,0.02165179030770081,0.02089747732753089,0.010623460766706502,0.025353430973117163,0.0670955938479301,0.0069949418309643435,0.0,0.009538066754895396,0.03950207861301251,0.0,0.0,0.02054660646696851,0.03477663757610892,0.0010336980887359541,0.07353776483477327,0.008989473005322178,0.0019147638925571624,0.0006943475877660592,0.015941223001536674,0.0,0.004435311539083116,0.044886188257657986,0.005779613583171387,0.00741978314073164,0.0008077638240530218,0.022182818924644146,0.0,0.009715125928775343,0.0,0.032695301202866824,0.010355260136246111,0.0064751106860533834,0.020866149049360946,0.0,0.022776548603102853,0.018542453391721444,0.026350967625491876,0.021978433677110207,0.04997678399424849,0.0,0.008167747517200922,0.017715834976291894,0.0,0.011376689561259277,0.04549808545808718,0.002781662723347197,0.0,0.002106382016133551,0.014306861803128363,0.06085242559859513,0.03253683867292989,0.01826415813860323,0.0,0.02938467194872166,0.0,0.04119308831482581,0.00016215886534215644,0.0030082855833641667,0.038215772229757736,0.030705155872657618,0.0011946507511272635,0.0026032341531054604
25,0.032146580997035525,0.0314222592209419,0.007402690961096395,0.0,0.001588607498630661,0.035483186804313234,0.022404919189672155,0.013872031248000316,0.02637719744828178,0.017797273098927955,0.0072955002387667485,0.012926461607492704,0.013871226705978961,0.01032138704359416,0.018709265334810203,0.013019231521407205,0.02782418805158052,0.0,0.0,0.031862000609066764,0.010418021487258382,0.0033518996251560495,0.05583875889533745,0.015608151511638952,0.01971853586179016,0.0,0.035214495878628134,0.10562951704855195,0.033797144686908094,0.04810343099406675,0.0,0.026346393413723777,0.01698603379249874,0.0,0.040226712704300366,0.035628498141131906,0.02273900689457567,0.0001853561525973227,0.022819182698197098,0.01789345159470546,0.036560576959137184,0.004091695988932226,0.024309242343449156,0.01749515606861318,0.0,0.045158844762881664,0.0,0.02616856729255532,0.018716948088070756,0.01620127086725372,0.007344006766147344,0.006621746755682168,0.01975847282498904,0.023481952382099016,0.0,0.0008322122554507613,1.6877995978671394e-05,0.0170107025927673,0.06425777976865141,0.016071148861723165,0.0,0.017672110880656223,0.03685109283950879,0.015591524551598093,0.019272202448854133,0.04072538446986956,0.02239290862594065,0.033641691748656014,0.005811844948414233,0.02364847802545062,0.06853291612596156,0.02678836395927832,0.04482255435679027,0.0025214445395183157,0.01107026676550611,0.019949490401518347,0.044188927156684155,0.0861612106788502,0.0,0.006786440973892263,0.04003242671131601,0.017288060680285183,0.026983239761052658,0.021477656028588924,0.005137254452519584,0.0068943742845310185,0.01596629474027106,0.06382985350913145,0.005996407524937253,0.010944721239842102,0.02924843232549622,0.09280269389415852,0.004872056319003859,0.0024884153021959136,0.0,0.01929088439472759,0.03582928538883915,0.007867751884007729,0.049077321657995145,0.00012600688828704452,0.011325430962806568,0.011060871002431685,0.02700581259162751,0.020536503468211287,0.016646111171710734,0.0,0.020467268099059664,0.022375279353333992,0.008777409266388541,0.033974614983310975,0.08895744425017339,0.005071343490860724,0.04624446672354219,0.04550868910814148,0.017351077542390392,0.04899847521121724,0.08837410698581061,0.011089826983402187,0.0,0.0019396935960690686,0.05310691972546628,0.04898455236909968,0.0567017991423516,0.036960225522910034,0.0037841313322672884
26,0.026294301796354645,0.007870240536972002,0.06793335807561338,0.01960278885216258,0.035244264343885695,0.02444454200741443,0.01055852493045426,0.020075883123763898,0.03724186940647502,0.057330776067811076,0.0,0.029592373399061633,0.010236484471061446,0.0,0.017840516553050096,0.011063571542277297,0.0,0.0,0.0,0.05011853961712924,0.03187315962988806,0.03139668735929253,0.02096567861055712,0.015445812730447706,0.00911894024864154,0.035214495878628134,0.0,0.08195597386666781,0.09935208382121627,0.05016380382586189,0.017604949329382356,0.0,0.0038549006236932074,0.076642097559327,0.007733000364964286,0.0009414303499000562,0.00412248670359888,0.03281356991378788,0.0104709945236638,0.008803545180081711,0.00447516934959825,0.0,0.0,0.04113649417324125,0.04806233257625291,0.04177364756743411,0.0017887590604502158,0.049683815891908165,0.044713801344922054,0.0,0.03922891681154342,0.0,0.04784892054275697,0.031225471980556113,0.005371277428282591,0.020808305845908346,0.002511991796276081,0.0449111008016341,0.052781496673094015,0.013630224172430242,0.04404274106904956,0.030164754583935628,0.04812541841118409,0.01857191946289274,0.01054218234685273,0.00012285801004767067,0.01591532495754041,0.022527718430267872,0.028025121816349217,0.03835863736753267,0.01622022114237164,0.04293999767123487,0.008577177173146612,0.018142980782432618,0.018437277133480832,0.036913580025292346,0.017392630481958927,0.05090562900887254,0.02803702337595395,0.030011409461205937,0.05289136639235335,0.016319145075077146,0.03077340474896322,0.04423296865874381,0.08337733586978668,0.025085243348003813,0.09254139630757816,0.08415030200511364,0.04067005966584044,0.0628070266316204,0.025343041876447394,0.0,0.0765168676921059,0.0,0.000887155407368641,0.0,0.0,0.015915030806461155,0.017434248651078003,0.024549786110601733,0.027764174973412253,0.0,0.04179636183155918,0.0,0.001825012370348521,0.0,0.015905492654445297,0.009487746987587083,0.044952009124521526,0.02228975398977933,0.06072299383847746,0.004130349353245718,0.00373206723668936,0.02185459605833587,0.017226126150628813,0.02587248948598655,0.024105667255357448,0.03212039741466098,0.020206703050099944,0.030889721598117773,0.031909905890214176,0.049606660423672636,0.06385488560201415,0.022452638853880387,0.08470614197294571
27,0.0,0.0,0.009237278852864295,0.033137040985728845,0.028588936581705294,0.021148023968253604,0.01396623409346995,0.010311756674753916,0.007071852781926913,0.024645675214780293,0.002862163246291699,0.05161744836409376,0.04511390775575781,0.038272594404118905,0.05588269760619331,0.0,0.009189902905795142,0.0011560845268657072,0.0,0.0,0.0,0.05549569838442488,0.02228904978853546,0.004588657914322703,0.05809231909029837,0.10562951704855195,0.08195597386666781,0.0,0.03240394933219219,0.08295533128326142,0.012809707939401636,0.024138325466053597,0.03355454247711823,0.0,0.011064250944927887,0.0322314762554574,0.0,0.027609639341952583,0.029728689079982582,0.0007336409639334558,0.026133205065319996,0.008160732537030533,0.033555528910597224,0.04183963500981877,0.04521640178584137,0.006427638991180534,0.0,0.015000713897027371,0.0,0.06081383463174198,0.004116433022444035,0.0,0.007501380023707756,0.0,0.044003802661187814,0.0857946355644458,0.0,0.03871209257709739,0.03616669941437756,0.002233595366149967,0.03501045129294232,0.025653091089141853,0.015135195018502723,0.03431481626053565,0.03289744198465135,0.0042133339891821595,0.028805222558727597,0.039456627045551404,0.0017569535308938123,0.03884314792592888,0.0886093547163299,0.0,0.0,0.006738146763213823,0.03520873976782024,0.03038579681944879,0.08126872942661624,0.03754359819341535,0.016661647661504544,0.0,0.041513371266105034,0.029144030251322187,0.06786922892057727,0.016029700854900304,0.006352208610539065,0.005965161240342819,0.03219875445874463,0.04412072429265024,0.043170724967489825,0.04943593176649415,0.033227207493959666,0.07397583346599507,0.0,0.0,0.03953896804879592,0.030471865741063486,0.0,0.012790351746368682,0.001539202942154091,0.0,0.01066577752290247,0.023471471719586162,7.11331676254821e-05,0.0316058807815895,0.033204224154072016,0.0,0.016632952083704685,0.024138906468920605,0.0,0.04977906232614344,0.009859411892001228,0.026064815125553014,0.0,0.02509625459357387,0.033608184705676794,0.016979227846103243,0.019132214046292177,0.01689612493292733,0.0,0.0061920041727079825,0.04055425330462355,0.05011363015190843,0.051304416434351754,0.03188000004370737,0.01705865494284497
28,0.03412082470373071,0.0370027027814774,0.0058799897645203545,0.013774083084361309,0.03296705253879249,0.03712138877041059,0.02230243980734365,0.013953094828623745,0.027194053921696822,0.012658387602538472,0.0,0.05671706233940197,0.04560852615069478,0.01353313081409568,0.043647959621407245,0.04799599715605843,0.04870806244602124,0.003327325119251262,0.00993098703165635,0.0,0.04717400166613109,0.0293613088277066,0.01331066059221328,0.03082755803560443,0.09354580212567906,0.033797144686908094,0.09935208382121627,0.03240394933219219,0.0,0.0208031269866156,0.0,0.015895274691124218,0.008553086486673701,0.002379659897000107,0.0,0.0,0.027099039613427973,0.014597263252931683,0.005090162516615231,0.010327421391287726,0.039489606480566986,0.052928207055426016,0.03595303358600495,0.0,0.013141589261571805,0.0,0.012926489877712954,0.02674181598023136,0.0069044757657063475,0.022638241540012784,0.0,0.029959012506948733,0.0,0.0,0.015029610692765108,0.011889377112973377,0.015719522755158533,0.0,0.0033113044168211433,0.0,0.0,0.04260145965130003,0.023216355601243546,0.004562525191511226,0.0,0.011613467926731869,0.016209267971211538,0.001962632598759379,0.01754497116207937,0.0006861928239705507,0.006196499470824122,0.0033858057027893493,0.030904706782848863,0.06133546424309522,0.0,0.0005529443452806863,0.0070788904075692405,0.029807175258157667,0.032567798522019485,0.035721738472872966,0.0,0.03679742955522015,0.02654859966467026,0.026501518239903085,0.004443138312626418,0.026794470152292603,0.0494792196079546,0.01463271509722504,0.04398645546300511,0.03876826605183045,0.06506009687895542,0.001350167083950835,0.0,0.017341141510073824,0.0006760378966791251,0.033138991136193376,0.07557646525707645,0.03586821656320337,0.028331288128714792,0.008209566298711097,0.00841237446344886,0.018506059262806362,0.08176422032895879,0.02345516330022377,0.017088519197985798,0.006384596020573471,0.0028591486996608845,0.03977590575644103,0.027419186916736206,0.0,0.0137484532891403,0.0,0.023414055937317494,0.04914115909467502,0.0,0.0,0.021430337357293116,0.006762154418698474,0.012785306270941751,0.05204774412311819,0.0036163583577597286,0.040663128113680544,0.0,0.0052038160480055535,0.0
29,0.01769303935632853,0.018179146886347187,0.0008455870424360322,0.016746277034440888,0.005664336642264019,0.031205155586374374,0.027022138909409688,0.0015115618672328914,0.017401791137368377,0.03191715265564583,0.032387648362481716,0.04838360193647477,0.03417040610787934,0.0037653383275688904,0.0,0.006699690781865934,0.019201550436201774,0.011476956654107928,0.025281594767948733,0.0,0.03503813988159988,0.030967993009693315,0.0010659494240193312,0.0,0.04082578402044841,0.04810343099406675,0.05016380382586189,0.08295533128326142,0.0208031269866156,0.0,0.0,0.009814592306860518,0.017044175120497676,0.010655223299594063,0.00042907710795872636,0.02248552157138053,0.05436879171707085,0.020683181797569016,0.026228531426890033,0.016446385544961712,0.0026481435532597093,0.020570008340609583,0.01889332884765114,0.023809176172789156,0.028896739576404262,0.023698859474865,0.028971237355018015,0.014974762776686473,0.0602008837402931,0.030485894484353477,0.02895942305678161,0.02815008972114735,0.007131290995391499,0.016613111132556122,0.06493439834595852,0.02628405733623573,0.0,0.005867713721244915,0.046945083057423814,0.02986270173254515,0.013361048810535745,0.02423956488828438,0.016067663789452236,0.011571682149589367,0.0,0.011993604420950267,0.0,0.018801824726776065,0.019007700988481466,0.025289069386631193,0.005919991186574332,0.022579419232640167,0.018759240148856604,0.046904352407650084,0.031368467490117145,0.0,0.0019579128485107443,0.0577088887842388,0.012255221136864997,0.03199679103094162,0.04699000878950659,0.02553360559939899,0.015249915607320272,0.02901364939322859,0.0,0.03600953631176991,0.005579384971039954,0.05242134114386784,0.05695766168222169,0.01677164586537159,0.011401216122947855,0.0,0.019762865475140362,0.0,0.028012226677774716,0.0,0.04560715934205008,0.01770968892476391,0.03635981577406057,0.007719254372911963,0.0,0.0,0.004510370525361183,0.028915789729903427,0.026987560846567435,0.024038164635845714,0.05259003212615087,0.037483612215702185,0.0070759894205702275,0.002754772954353814,0.021263086948964435,0.02788885929421971,0.0015355423607016803,0.0027353041665700846,0.058499591147657404,0.0,0.10768048014180596,0.0,0.04665148849506823,0.016452032766846286,0.059382756770178846,0.026895624734692185,0.018815935546880175,0.018800407063783726,0.010871761307530588
30,0.03882396949372221,0.0,0.008779644249328138,0.01071562839705362,0.011733096200414649,0.0,0.02531906417312116,0.04707218404202125,0.004234463216456716,0.0,0.015307620083854967,0.007921766578070496,0.0,0.006551617861028983,0.0034752732363928047,0.0,0.007837594343566276,0.048813713013624804,0.004576031216606479,0.017861238119971208,0.014683554511448661,0.038515846068833695,0.03800280367478324,0.021418520494475506,0.017770867213484958,0.0,0.017604949329382356,0.012809707939401636,0.0,0.0,0.0,0.06606314315315209,0.0656359764959279,0.03459499204612337,0.003421707742588126,0.03359880076284148,0.0034065477434235647,0.06875788772141665,0.016910948131535538,0.018060966730095083,0.027287169782206043,0.004882218251376212,0.030584416624432512,0.04588740007148861,0.032341343559878354,0.04847472489798869,0.01030386041274238,0.024413689701484713,0.0,0.014649930856473004,0.0024184561259617027,0.0001826776837342584,0.04271851809634642,0.030656154606006084,0.0,0.04072820283184812,0.0,0.0,0.01635839046706103,0.0031823933104085226,0.010410036251047963,0.034379734053674615,0.0,0.019256237966401142,0.038710284390677925,0.029053160148165703,0.00639568387142793,0.012219399218486264,0.025075807651430457,0.04537737236361088,0.01357089807979986,0.017585833005401993,0.010841590836434547,0.037758102174034504,0.0,0.0,0.04407784132232689,0.007261659529829233,0.00169086254568643,0.03293599727179867,0.015606735613049288,0.04597151987127514,0.0,0.04690914882072431,0.025556821833888348,0.0028699712290643706,0.0,0.0161613756979421,1.5488570361731655e-05,0.033906987974475576,0.0,0.01690602761734175,0.0,0.037385253544290405,0.004670002103612,0.04097594231201981,0.0,0.01889697492492761,0.030603061041867562,0.034122376670731605,0.01540459964085218,0.03295696588047807,0.05137645172890145,0.01764962316624512,0.010598982974565683,0.02725350811767791,0.04048232765854241,0.0,0.026903607276700332,0.015264162895168876,0.009267530106020778,0.030854243119405208,0.008486611580947778,0.023161736788442973,0.0,0.0008483429382931833,0.0,0.04897623195756662,0.053589497901818724,0.01103870214615937,0.007966267274655155,0.03159341885236313,0.0388524145455929,0.0,0.0
31,0.0,0.011771089825746369,0.006291932125104416,0.01373646738943291,0.012865667025937172,0.0021396499465309534,0.0,0.025966973573598572,0.03978008264850922,0.013134735876076796,0.0,0.042320871433839,0.05539281298576786,0.0330935724063425,0.001341056928833375,0.0002202117556979329,0.0,0.01528692868703925,0.0,0.0,0.03719842392912063,0.015254085358737412,0.0,0.0,0.01881830141720603,0.026346393413723777,0.0,0.024138325466053597,0.015895274691124218,0.009814592306860518,0.06606314315315209,0.0,0.027605693122243844,0.0004085710042518375,0.023943802622432543,0.03182353284720137,0.0,0.0,0.0,0.015877492328608005,0.10111329174831186,0.0,0.04058817654224792,0.013224144691237541,0.04092484654222385,0.017404598433336905,0.05646041226432518,0.0,0.037629232900261676,0.016187403892438598,0.007913453952631853,0.04293630411230307,0.06117549418643021,0.028495868539600504,0.05134702768904687,0.016074724147272467,0.0,0.022030091240821007,0.03783234595963717,0.0032256911535856105,0.01481478868529508,0.01838070298952048,0.0,0.047683942513713745,0.010887517334092997,0.04281553711091273,0.011591223033620446,0.046070900172012506,0.022410428151529167,0.026908680231931794,0.0,0.020993854290827323,0.031403496741089186,0.004516111243437219,0.011040507359204388,0.0,0.0009009809896558291,0.0,0.03345942922401686,0.009029166945447307,0.00978564219084304,0.0,0.025911842630186626,0.01833408030908756,0.020623729033738686,0.030560427977998895,0.05767967897150344,0.03818686349636187,0.02093324111672023,0.016174925878693736,0.029523512217982745,0.0,0.024430787320464827,0.0,0.0,0.024424407588383275,0.0,0.043754504264320614,0.0,0.026912242131633367,0.015015548810184489,0.017437994887157113,0.0,0.103727130601163,0.023708006164254152,0.04727683840209125,0.040022449357896395,0.015828007041041228,0.0,0.016626439297616903,0.012596945514581742,0.02874269158661786,0.011326967978131893,0.019058099767003598,0.030891896031546046,0.015567461065848722,0.01814820082304107,0.0,0.001979391400117792,0.028055766803365828,0.0,0.008119551538289508,0.024094302185335238,0.0,0.05027387552307149
32,0.003904503241827455,0.005951996022282535,0.041064269108973116,0.002398469941415822,0.02676196091339252,0.03976624893337604,0.001046797521124047,0.05090978452417256,0.0424879945908983,0.027706563033363718,0.06224755786842404,0.009992738335433324,0.04330243041612235,0.013202525215196702,0.016095175508836553,0.00947159149438682,0.018333557585520986,0.0466005325120142,0.03888509328439867,0.050089639582429464,0.0,0.008228554875104691,0.0,0.03432323477724341,0.003183010960639024,0.01698603379249874,0.0038549006236932074,0.03355454247711823,0.008553086486673701,0.017044175120497676,0.0656359764959279,0.027605693122243844,0.0,0.049911480177175865,0.055596106637638684,0.038601700348035346,0.0,0.0,0.020594631372326557,0.007055517182663259,0.00714543300526774,0.0057203916896331605,0.0,0.0,0.0,0.0077518282053728425,0.0040238110344031335,0.03632583709589386,0.04871544816280202,0.05592307397742961,0.05619590524146859,0.007795740658113077,0.04909910442369407,0.016322498173522496,0.0014684436326350846,0.0,0.022284028401004574,0.04786476057129841,0.01558692942519973,0.020948148734474484,0.019370808927454727,0.01714900322009457,0.04385529309772355,0.002860460206830887,0.0,0.0,0.018877808619391923,0.04191439630045518,0.00281143781511482,0.00030239358051476395,0.0,0.0,0.0194785409406309,0.013337047642871533,0.029252655090424632,0.031766687601053056,0.0027918319275393446,0.03931107847370365,0.019728943150624508,0.0227813963375058,0.037889910135603194,0.037427934730665524,0.008214169642941794,0.02815161952783187,0.017268577723435166,0.005235818156167389,0.033583520749982554,0.06733254794869489,0.04343099959226099,0.0019471886764483685,0.023943921853773458,0.0,0.06641455298371253,0.012238338604395929,0.0049554113897731945,0.01419039295068481,0.0,0.010954530697989337,0.010669006856946514,0.02234730314641319,0.017729570775304907,0.037883155401970514,0.011698348727751261,0.02239171595072365,0.030180625620693638,0.034859067479761134,0.026140342999380516,0.0,0.038357141396434646,0.034333327311316476,0.01852302363632618,0.03698466469640535,0.023221520966696697,0.01526395430836168,0.0,0.00891068804182278,0.06927596282622862,0.009851492327136842,0.013521278444207743,0.02783336540029118,0.014296562441682065,0.028543174099641737,0.00970127456900099,0.07187371099824764,0.025040217437721668
33,0.012447475931761442,0.005117917703218663,0.009517577940634446,0.06961584860902165,0.0701674840436093,0.007700471223291154,0.009888977882345705,0.012813464903510147,0.0076650330279336544,0.0122112453231788,0.0,0.0,0.01633733319832007,0.07224738630716755,0.03958649311016667,0.015565936730242418,0.029263365042760104,0.02923507363776372,0.01494690044474209,0.04214047519455136,0.022158288522220283,0.0014297635319262584,0.05023499997396481,0.007990588819033185,0.003240541860685162,0.0,0.076642097559327,0.0,0.002379659897000107,0.010655223299594063,0.03459499204612337,0.0004085710042518375,0.049911480177175865,0.0,0.03773179395388808,0.07286552380119059,0.016260657853360085,0.028814077437063632,0.0,0.06601539326613323,0.042383223738635005,0.010997043216575771,0.014540613107490451,0.012462045944272965,0.04239137170038277,0.0,0.0,0.055431085154230474,0.0,0.05885498990738395,0.04526382096709682,0.06654782656807025,0.0,0.0,0.0,0.022417827520077767,0.0,0.043419766917891324,0.03984584019928118,0.012801943830697143,0.022982372081144387,0.030617327939375178,0.019100809729442583,0.06862009279417469,0.040423352046677234,0.015420472221291495,0.014851439450710905,0.0,0.025158178335703964,0.01915608382719194,0.03067334840570855,0.0,0.0,0.04073059128878821,0.014302165767631476,0.009958469529982838,0.01600086767412776,0.012757888732399478,0.004525615867159346,0.00828212801905237,0.021859619175411252,0.028382909327245406,0.010085829771240765,0.05370053709528419,0.006471602078006791,0.031037232741846894,0.01671614285775805,0.029996839203630474,0.019388596885534282,0.04413501348137786,0.01675456717822265,0.03223178934448711,0.009042989186559663,0.01964793091867595,0.03480602363957026,0.001025949805477537,0.07018699014048733,0.02773351306808778,0.027429650945278782,0.06389773728252372,0.030470029596349413,0.029480205230036798,0.004567774697440881,0.03919750630231685,0.03353155078385441,0.005897752218626577,0.0,0.03239178536556179,0.03826703271385535,0.058841893528078115,0.0335188214469933,0.020662072379256678,0.013638558189290478,0.0063012655269227506,0.0042754838589644855,0.03443026033792595,0.024050128490903374,0.023890179016365875,0.016459798363870966,0.04465283505385719,0.03254554486221028,0.02328355722860351,0.04680516420566005,0.010007579623223954,0.039900620024910745
34,0.007783218009970823,0.035861045652173316,0.048682492502622264,0.04580004234558772,0.10612781853900158,0.022027753157933257,0.05930458230992263,0.018231649918228676,0.06723831985575965,0.037980807017864215,0.027256055205559127,0.0,0.0,0.02277114778169466,0.04825322567689798,0.013846216815700677,0.03433073501857337,0.05222152788396998,0.03823006381694331,0.017575736398228115,0.0,0.008651767541629106,0.06842076337057809,0.025576589946629244,0.022856956626847346,0.040226712704300366,0.007733000364964286,0.011064250944927887,0.0,0.00042907710795872636,0.003421707742588126,0.023943802622432543,0.055596106637638684,0.03773179395388808,0.0,0.00158626753729921,0.05152924897769479,0.0775181430127886,0.030553656980950007,0.06091962252480658,0.03532582038783531,0.011515566376874486,0.013635547113369974,0.027578643794599313,0.038685435266846716,0.06639115743372632,0.06786597310085156,0.003970293720656236,0.09922372396441193,0.053866016239349356,0.0016794492950305078,0.00969050741577711,0.017658446311236607,0.0,0.0,0.029315621399820833,0.026547752897383443,0.023664843569798755,0.0005295805080923277,0.031920006492640915,0.0,0.031674774332516566,0.062259876130591044,0.017383473760141464,0.0,0.021852124994609787,0.028959639656175748,0.005715372192397507,0.02524743786691132,0.038202028407640726,0.029829572806342113,0.0145007574449058,0.012849162077841253,0.042023768380996855,0.025322496957503528,0.016870156781080815,0.021188432631652713,0.027380941691044533,0.031145108854125348,0.04285899952506905,0.013569845460305346,0.03771200200730414,0.10062488660111889,0.10388421411279435,0.06323626061514925,0.05590446691515559,0.05998863131071268,0.06923606767762698,0.03278895501629494,0.034206248776692406,0.05205982822432366,0.09673866970616833,0.01260867886724961,0.04005640802427274,0.0,0.008229325011151199,0.0,0.0,0.01773585273911597,0.030742098429003006,0.06531025455314411,0.04554481215612028,0.0,0.013591060067940855,0.036201927586360164,0.0,0.0,0.0,0.003803766961214663,0.001630113902920687,0.026286087696508,0.054545540707756315,0.01670893812721696,0.06899804993088512,0.01015673893758467,0.015586228497249558,0.06720077581818236,0.12166490485001284,0.08695336074995196,0.13416046982309204,0.0727712893013195,0.04067720182230513,0.04296413252527971,0.07485650550855835,0.032201161113616775
35,0.044813588868988195,0.009570651589110128,0.045101198583916244,0.06500498118909116,0.034154165319716,0.07015420190424294,0.008245165243208008,0.044174198294567577,0.0,0.041259126811698923,0.017794221784865113,0.0,0.006864485328227549,0.00360376082442567,0.0,0.0,0.0,0.037232218028994575,0.02337463563780549,0.03587445053307928,0.028782750921845277,0.012118181855111683,0.07621727523422941,0.005218716053403356,0.01942742173387611,0.035628498141131906,0.0009414303499000562,0.0322314762554574,0.0,0.02248552157138053,0.03359880076284148,0.03182353284720137,0.038601700348035346,0.07286552380119059,0.00158626753729921,0.0,0.1518033258813591,0.000522423556757471,0.0,0.035114906490440086,0.016813461217305915,0.02998229504943925,0.0,0.031142761345956164,0.033087768556900654,0.011841307853344578,0.0,0.0653773287045686,0.013403138182662503,0.07675254576605367,0.0059905070438772134,0.009728483747682332,0.0474418119477682,0.019183023193245045,0.02154120988738651,0.010649166621933442,0.022243572849366202,0.0,0.006298742372771214,0.0,0.007925033467498123,0.0006710835822042227,0.009001160713221941,0.03987777017524664,0.0,0.0115971014166126,0.0,0.0,0.014569536575642854,0.006015647554983783,0.010240272747169718,0.00430491769005244,0.027376007895501993,0.025741951627059303,0.008301055003603362,0.038062843726216274,0.020974693264902203,0.013133194989594366,0.0425146547650276,0.022152737090867,0.01895959359480226,0.0745722974926273,0.07610997838898043,0.12582872452819954,0.049612991222081494,0.2336301421402308,0.0356288669705243,0.07245899303773613,0.06303082164993523,0.041674415738992256,0.0509400557313768,0.03163376129087799,0.040168657176018904,0.029940325286823905,0.030906523533461416,0.0,0.014173930464836358,0.018614057304608984,0.025849221190706838,0.023642315796868568,0.024608121749112807,0.06504363468181784,0.09468017892631014,0.0,0.03018942220011192,0.0115631070137989,0.03239449353001325,0.0021311870533923722,0.007500049932538447,0.03323612001766985,0.05866041362216934,0.07296143642179079,0.003315066724811261,0.00946856009774477,0.0007092775338149142,0.016366086949799685,0.057845917250247965,0.10585681760187968,0.11104375661984583,0.09174874397775229,0.03510907405203329,0.05240233235614469,0.11763417569286051,0.07841385026529803,0.07266182730252492
36,0.0,0.0045489650134350485,0.0016139554892402837,0.02833554459564534,0.06339588417301185,0.010730709332670098,0.02832221872162864,0.005979175782459791,0.03498068193080783,0.008045358946120644,0.00740942860267586,0.0,0.04077583375446593,0.030094077876314164,0.017388364303413367,0.05260717913856432,0.016951699698715118,0.0,0.02581055623275805,0.06606146340500155,0.018511305375032712,0.02023096428200726,0.023483799183712257,0.03171431267593102,0.003372377818927794,0.02273900689457567,0.00412248670359888,0.0,0.027099039613427973,0.05436879171707085,0.0034065477434235647,0.0,0.0,0.016260657853360085,0.05152924897769479,0.1518033258813591,0.0,0.02905313585012499,0.0,0.060773395879457064,0.0,0.01964845435541406,0.014738883593576843,0.025739026509424875,0.021463805973102993,0.03931522333016375,0.0,0.02322016972106254,0.05844301757052963,0.041537706733368956,0.023795223008677008,0.016628044255172614,0.0,0.0,0.022336640732330416,0.02925530942568746,0.0,0.007499360353516686,0.005038652442797883,0.038914042968061474,0.06783542852237619,0.02986297516341234,0.025144012028084077,0.023073947889686263,0.036261880837639426,0.02042975616546426,0.0,0.0,0.0,0.0,0.04865960535351187,0.0310611769226168,0.010823064767899656,0.024197473587080204,0.009216384439790486,0.060251819787132,0.005192084939362015,0.0064587378690096125,0.06222772809404763,0.0,0.03938639064952093,0.008891301824450217,0.018903731924370483,0.06431361872489466,0.018653717846273104,0.0,0.028947326184394172,0.015368075066930427,0.03306081068187515,0.019308922628887296,0.037097472292415834,0.0,0.031262233728658065,0.0,0.011122373647097762,0.02150582369249297,0.004966212925523229,0.035248313065668356,0.01230459548003551,0.06534497382770657,0.04620606377166827,0.02551565323466829,0.06615314521542943,0.02460219831685276,0.003437829410796811,0.012369362445039557,0.0,0.0,0.04247651072153004,0.010806153873615146,0.005110240437337013,0.02675134112027912,0.018151730576892414,0.06254544249818494,0.007285821040931188,0.027350161626925315,0.012780650865937021,0.05970220334365793,0.04893134174554682,0.008821077046964512,0.020838897988968375,0.0,0.056275296712401196,0.004946712954727211,0.01967090901039232
37,0.0,0.0,0.017614327342666887,0.025067089119870642,0.013144424723824473,0.015152013999253047,0.001457668528858777,0.0376910573475505,0.0,0.0,0.027993636919744085,0.022419608121527372,0.058234762385850666,0.0005009965317823678,0.025387561525074088,0.0033341404971381394,0.04198673220612187,0.0221259146148614,0.009587286274277846,0.03346281625983526,0.023474313932985442,0.024937376360335904,0.024173099563473233,0.03135249363404438,0.0001241506998139751,0.0001853561525973227,0.03281356991378788,0.027609639341952583,0.014597263252931683,0.020683181797569016,0.06875788772141665,0.0,0.0,0.028814077437063632,0.0775181430127886,0.000522423556757471,0.02905313585012499,0.0,0.031537604005579735,0.09648307003867285,0.0,0.01344806123727457,0.04656884493043321,0.003659959645919766,0.0,0.018625616345674383,0.0,0.019435670572841072,0.008064514902349305,5.920018680669005e-05,0.0,0.029663351010136358,0.009493807421446171,0.0,0.009629436303421406,0.0007136892447484461,0.01120277118824769,0.007369215781251907,0.033851755226094564,0.0,0.00935152238206028,0.0003278811288195755,0.04444938765655663,0.030618276242942784,0.0006798037440201759,0.005998886533061417,0.016805184619499768,0.006666067492670357,0.01753758579419398,0.054315139284603665,0.03214593013112836,0.014559727201830748,0.0,0.04078851081022677,0.002092180991140129,0.0010630484472847284,0.009959375565100816,0.051180488279136044,0.0,0.009609561973202025,0.03789928429896358,0.01695159041668035,0.03861901794795004,0.022267643172665386,0.0,0.03431094655449524,0.02325069857218416,0.02387155137784449,0.020335429935881326,0.04532199623596031,0.026719581985592065,0.0024380998174598806,0.031591984487276875,0.04306004325798226,0.012868846017871985,0.0,0.03648852271312251,0.03525963291970278,0.016997326242950972,0.03679158358517861,0.008916544782391348,0.0,0.0,0.009850872121925106,0.028759477324239408,0.0,0.0,0.0,0.04460284249366992,0.026536274287997007,0.023573483930055077,0.03139228596509551,0.001786646764270372,0.0023453240588962873,0.03028784946706927,0.0037423455676770215,0.044007162978729406,0.022911288949264474,0.006932260148620533,0.07260976268023452,0.023479779536090147,0.015970812120152337,0.0491910188954633,0.0,0.018689107616944138
38,0.011742874966000247,0.051354246671361965,0.11700450148998157,0.0693882111135212,0.014428221993406888,0.07816732250469709,0.042265058630418885,0.033563451839478176,0.03191443225710925,0.0,0.017318962081602333,0.029508430856772298,0.0,0.0394000962133114,0.02381988667552813,0.02439009354264093,0.013822254228216537,0.028079347511420875,0.04613013963649001,0.0,0.012756143352473524,0.023254031145606216,0.008486817127352983,0.0,0.020197926149251637,0.022819182698197098,0.0104709945236638,0.029728689079982582,0.005090162516615231,0.026228531426890033,0.016910948131535538,0.0,0.020594631372326557,0.0,0.030553656980950007,0.0,0.0,0.031537604005579735,0.0,0.6372470506158213,0.029317281962647584,0.009921452439855042,0.009939306699023988,0.04242039217961108,0.03228542673449337,0.0,0.04295602925868523,0.0926503686467655,0.021518162006192658,0.0016517864754708707,0.0,0.032484591612356305,0.006296183434432726,0.040273849788209186,0.019086100352256354,0.0017194668632669493,0.020300844003522073,0.02295791403685481,0.0,0.02452042014996333,0.0,0.012916111164738408,0.008536185876193052,0.025794145453865935,0.00012963728834944262,0.02516732766882881,0.0074055615886011155,0.018976541422375995,0.03132793056914675,0.05478065843168326,0.0027448673785683423,0.008404903115685564,0.0024044201205886883,0.03914453523725008,0.02731093419151812,0.008557115076102038,0.0,0.023244324949268133,0.000695877932542289,0.025410985041990096,0.026595146491715096,0.1446554446355903,0.07051730569731143,0.15987772005014525,0.19273068709317165,0.03071937858212618,0.16354644856160572,0.02829298025226557,0.0715796496880315,0.10459591813549447,0.1764417942212207,0.052558984316770085,0.043461825801087914,0.01816749625344548,0.004378402645674673,0.03338353665791152,0.029783003730270863,0.010699375600109754,0.021763225050170042,0.009135053335301088,0.014412218406746276,0.08973811499442082,0.0709371042921034,0.030404284786234474,0.028083662731248675,0.002850445602218229,0.03182617610535638,0.04096277375461861,0.009316122069830167,0.016824472108001795,0.017151096820009305,0.08124559399714584,0.023669906483603398,0.035101006292210184,0.013573212932541528,0.026231043806000928,0.074177391644029,0.16691346466874327,0.14841409641761263,0.13622173093263507,0.08119381423223973,0.16479148949048647,0.12529612518188557,0.0866349668539257,0.09165165315853464
39,0.00731067667760971,0.037691176733065684,0.09709046289797273,0.12849783398103196,0.025339668103115803,0.13094858014038674,0.0371552864447801,0.006149492820239392,0.026409751419751843,0.07206797847466329,0.02839078589001128,0.011309421463633089,0.0,0.02461230385717311,0.03198055534899523,0.017302369714562286,0.019674427107182743,0.0065963574563326815,0.011985301556350513,0.009223480737908036,0.0,0.0,0.0,0.0,0.0,0.01789345159470546,0.008803545180081711,0.0007336409639334558,0.010327421391287726,0.016446385544961712,0.018060966730095083,0.015877492328608005,0.007055517182663259,0.06601539326613323,0.06091962252480658,0.035114906490440086,0.060773395879457064,0.09648307003867285,0.6372470506158213,0.0,0.32642147656651904,0.0,0.05539691891228474,0.028738841317507105,0.0,0.03163786385856666,0.040858640314441586,0.006715793216612465,0.03547469351951489,0.010177137261493756,0.02179006062984841,0.0,0.014838709927152359,0.0,0.011397288607247667,0.0008457904050525642,0.01240342361613169,0.0025519729607731485,0.03312046777240471,0.027394648400981315,0.01989035589561137,0.012019356758381129,0.03439861636459832,0.01231237747094383,0.038714232977610466,0.050797597293630516,0.031760309951782605,0.04821066400434045,0.0,0.0,0.006163078638506194,0.05597218502870992,0.044501669219564645,0.0046594384782903025,0.0,0.006674661332939521,0.0,0.0,0.040314076550476786,0.07015192272028635,0.005566676340724369,0.18889643404183473,0.12301155190822224,0.17375091873860782,0.1141020750673243,0.2699278573696302,0.07241277286134654,0.05347880081006886,0.14833606744609626,0.16762107868999207,0.12047597683713483,0.15304878603953223,0.00918041969499766,0.007534686128259935,0.009518097062187305,0.0,0.016631247218356147,0.01234573323254484,0.009009091715036782,0.0,0.026460702720702847,0.06371256105149252,0.054183438547553975,0.0,0.009930847421788881,0.04054495559272012,0.01873852409465604,0.0017027963203220227,0.016578767854984446,0.060471000470133325,0.05775985799352562,0.061569123761896986,8.84467278546202e-06,0.04977921845612251,0.0,0.02849630439034675,0.04918521481711632,0.1592686150186372,0.10813315395784474,0.21964561842906538,0.11298349267808115,0.19142617997189926,0.12406778600587225,0.12261628249663155,0.10694248774494872
40,0.004186215309276032,0.027941358209819914,0.04017861864701042,0.07041762687626117,0.011118507013351413,0.03918962509299885,0.0,0.018505928050929425,0.05259033930518146,0.0007669231579334358,0.007904676992958675,0.0,0.011952385186515872,0.015932795864778335,0.013359764612896407,0.026025393581293722,0.030741609883663593,0.04440942908672317,0.0,0.03587206656907423,0.030402013615171093,0.0070950380475530124,0.02543380432888421,0.01853279754013249,0.0064161201523697834,0.036560576959137184,0.00447516934959825,0.026133205065319996,0.039489606480566986,0.0026481435532597093,0.027287169782206043,0.10111329174831186,0.00714543300526774,0.042383223738635005,0.03532582038783531,0.016813461217305915,0.0,0.0,0.029317281962647584,0.32642147656651904,0.0,0.20300328883396748,0.03963335760885684,0.044361578942520075,0.03565275391821021,0.005478578541687965,0.0,0.08880736586392961,0.0,0.0,0.007904851438387204,0.0,0.018590108632124815,0.027184315462992572,0.0,0.0,0.0,0.03396430362534386,0.0031331569946474827,0.021588839346270428,0.013293361882018656,0.06529519680022162,0.00500541145571426,0.012545892643146081,0.0,0.04099459836922049,0.030899586366330885,0.04762502996801946,0.014676825216693305,0.03683594467730459,0.061039274602043433,9.315902060547529e-05,0.00657815268984684,0.005080936346554902,0.031025032366246482,0.0,0.01922783594024445,0.038789976720827526,0.023027364062074496,0.0695801060558102,0.04935168408772455,0.08643304630794375,0.10393676629606194,0.10430967646156927,0.07015432687082696,0.13176066330846836,0.0632103791380024,0.07907580749604057,0.08644799901893603,0.0728485629959657,0.044900212434184635,0.03545297343149987,0.02615146556751734,0.016687554683385817,0.015916623902538278,0.045404535045498046,0.038589108830009246,0.020810525026830187,0.0,0.0,0.00535872910696035,0.03009614820355459,0.03485241553224287,0.029003803236299145,0.006366662384442334,0.0061791828847072025,0.005929598205634098,0.006682850265797908,0.0,0.06589424563077381,0.0,0.04868701897699549,0.014625369484377244,0.045817143854855254,0.0018317529521154983,0.050301656175827325,0.023523335507088388,0.08241619732215157,0.058939746750353725,0.1473079637865689,0.11158600771812917,0.07470235618359083,0.020779689654741456,0.0285243091656351,0.04287054233262406
41,0.0049775129897401986,0.032840087983004314,0.007426596232787203,0.044698598921492506,0.020357443701155366,0.020294341434808964,0.0,0.0,0.0,0.04866440945033177,0.04948188855105399,0.024189300293828417,0.019531013077352735,0.0,0.011071107202570122,0.015012331309516317,0.003072947450868392,0.008557935748824729,0.01479900335478977,0.019854540331024104,0.004923458350020186,0.0,0.02933532145851609,0.01903946248514088,0.04518782087653054,0.004091695988932226,0.0,0.008160732537030533,0.052928207055426016,0.020570008340609583,0.004882218251376212,0.0,0.0057203916896331605,0.010997043216575771,0.011515566376874486,0.02998229504943925,0.01964845435541406,0.01344806123727457,0.009921452439855042,0.0,0.20300328883396748,0.0,0.025249844921082953,0.025443437035716793,0.001274739630618869,0.0,0.020274744489665146,0.038745118619215,0.0,0.03358276050287496,0.019109057181780683,0.0,0.024668808232555003,0.006009693243443781,0.02091411593076693,0.015061078012224028,0.030419865453745094,0.012338626226629807,0.0,0.0,0.019941851851432348,0.0,0.06851718960893471,0.020343903485845482,0.0,0.012179381025770535,0.019581957097193778,0.0,0.02481210347425741,0.0,0.017884574399584335,0.009116860983853439,0.0,0.01013800575995187,0.011648971255584476,0.026421236658358698,0.025299983743911552,0.00928855510972388,0.011214359740203761,0.007351309615926792,0.024788393615900812,0.02877880560651242,0.007254102689208115,0.031011679858031167,0.018750736853217823,0.00877740002977631,0.0,0.0010810202532288164,0.0156768868463732,0.006514585969212828,0.04553979520799251,0.0,0.0,0.017356319173627656,0.0,0.0011246450532390673,0.0,0.0,0.012516418562465829,0.0037634002169806033,0.0,0.01514228626519265,0.0,0.0,0.019102482172199547,0.012858524125064642,0.0,0.03880591370506992,0.0,0.0,0.013201206047131526,0.020257651932026367,0.04358864233018123,0.0,0.022796428209381055,0.05664219317700726,0.08991180725584694,0.01838135655443639,0.026608920715270278,0.03246711202233146,0.0,0.027803331475387064,0.02461524871396825,0.022134902893593898,0.022926022553177307
42,0.0479349032951284,0.0099475973128008,0.05321939972656986,0.0,0.017314483543877008,0.0016414193355080168,0.008725482728532939,0.024788238313944756,0.0,0.028298457215204433,0.040926214162239564,0.0,0.0,0.012524159174110072,0.0,0.0,0.03788025145496164,0.0387357580284804,0.0208828080908985,0.008847268272956996,0.0031905053525848356,0.006785943497455308,0.0,0.003078781904875781,0.04307780113161975,0.024309242343449156,0.0,0.033555528910597224,0.03595303358600495,0.01889332884765114,0.030584416624432512,0.04058817654224792,0.0,0.014540613107490451,0.013635547113369974,0.0,0.014738883593576843,0.04656884493043321,0.009939306699023988,0.05539691891228474,0.03963335760885684,0.025249844921082953,0.0,0.04169651868850646,0.0008323729275200957,0.019926394221953723,0.0,0.016003522747259614,0.04200001600779049,0.03790903000224227,0.039409363903066964,0.012043935088333296,0.009509392148911222,0.019057464002452087,0.05700401915809761,0.0035222141607156882,0.0048546863485173074,0.0,0.021438897977161638,0.0014281273452634205,0.013717695723575207,0.0,0.004018386439221614,0.0027317357993410893,0.022113914518668953,0.037636509465634876,0.02916399857238887,0.03817978880142864,0.00195879234953364,0.02982963838842194,0.0012986947209247535,0.029242223648659835,0.03734407191447318,0.00907175694462868,0.012552834103085199,0.023986436721589843,0.021080370357215897,0.009772138130750332,0.03042136189212987,0.023754972604435928,0.02702208271577457,0.04011866119829895,0.04127763395512484,0.033463734535576904,0.00284926170750271,0.00801098204440819,0.019520780391037967,0.04995172885773737,0.030955946409961296,0.02882759327716665,0.023506255116673796,0.0,0.027372030712018082,0.008093817135582182,0.007837194793639458,0.02138054244586934,0.0,0.0,0.0,0.0,0.0,0.04578283805529476,0.009022436516133095,0.007678977782916141,0.011396994393987295,0.022156196202521135,0.027378944467272168,0.0013080594280565712,0.020961004631958942,0.013192543119703788,0.0376053429874187,0.03235640258215099,0.0,0.037907788165762145,0.07522372892310224,0.024266567792581142,0.002626650499959357,0.06744760610077581,0.015205361456980482,0.01682848851289846,0.0,0.02417216809269488,0.0023046393852788538,0.02510644239521445,0.0
43,0.0,0.024336746139327195,0.01041167277760527,0.004489646244309835,0.0,0.021152151916579504,0.002025479258767345,0.03394423163100575,0.024234982099859633,0.0,0.00401947423401354,0.035675313420390445,0.01355300929593197,0.012006479990138132,0.0,0.016021872471812467,0.0,0.01583436692998548,0.03247745756957541,0.0,0.0,0.0,0.005597183033548812,0.016844640924196193,0.02802007397533021,0.01749515606861318,0.04113649417324125,0.04183963500981877,0.0,0.023809176172789156,0.04588740007148861,0.013224144691237541,0.0,0.012462045944272965,0.027578643794599313,0.031142761345956164,0.025739026509424875,0.003659959645919766,0.04242039217961108,0.028738841317507105,0.044361578942520075,0.025443437035716793,0.04169651868850646,0.0,0.02076954534759352,0.021568914205633137,0.03429843547610425,0.031150136955697738,0.05317400244136504,0.022398814709502356,0.0,0.03568456847502082,0.01685812493840655,0.0460948804861002,0.02861569003491909,0.009218475244492038,0.06004488010380413,0.03175547911350163,0.0025437546997059382,0.014153188497842674,0.0,0.019498781773351924,0.008140878730116968,0.011101677319291788,0.008936578286256939,0.0,0.0,0.006765906138782881,0.04306917197835008,0.003908587762530306,0.00922015889347329,0.02896695075188019,0.032924593552107334,0.0,0.0,0.0102448758693909,0.017617059654210593,0.012767870972698978,0.0,0.003357099849152933,0.01250275292051517,0.0,0.01161738914924946,0.011593496846228808,0.046832310476367864,0.028215815992097257,0.05315721791495917,0.024081759923815692,0.02012487847405203,0.03215414279990254,0.018334922074965267,0.0394095934114198,0.03414773373978505,0.012254099871340464,0.002644574735097671,0.0015237232868735083,0.04816194403076553,0.043623882673117315,0.0,0.0,0.014488301832205189,0.006808647864317095,0.01755074200404316,0.03188235060523492,0.009424268859947115,0.03265019198339119,0.013249444736771268,0.023967444342272784,0.0748387180730006,0.018030935846704767,0.025920749746110503,0.0,0.026922522830872427,0.0,0.022267930165118136,0.0030738772483608697,0.09164606646749013,0.0764726833814378,0.028383014134190733,0.036628461317697036,0.011881365061942362,0.0,0.02648268320398876,0.03528957492700631,0.018255931525378143
44,0.0023386231381555913,0.08057393496261119,0.0,0.020627329677139688,0.06955796334117624,0.008605743946908745,0.014283377950322685,0.023934023219606863,0.030384765215902925,0.02505080753407401,0.010205106712776009,0.0001489280695937101,0.0,0.034445656662756355,0.022190390280706403,0.018977385514333065,0.0,0.02377574336382175,0.0,0.01930960502265189,0.014151708663024051,0.0,0.02821965454361453,0.002133353135947792,0.011824753619024417,0.0,0.04806233257625291,0.04521640178584137,0.013141589261571805,0.028896739576404262,0.032341343559878354,0.04092484654222385,0.0,0.04239137170038277,0.038685435266846716,0.033087768556900654,0.021463805973102993,0.0,0.03228542673449337,0.0,0.03565275391821021,0.001274739630618869,0.0008323729275200957,0.02076954534759352,0.0,0.02728231498019654,0.053146936151593424,0.021485185878626446,0.003994314468201281,0.0,0.0,0.01874536361717203,0.0004894214384679384,0.04861943830313322,0.00036185808827464557,0.00018642497265989978,0.029666719135905746,0.02218372861985377,0.03080091649739346,0.0010775534050116164,0.008961579551152258,0.04929907403466653,0.021990295620726335,0.06823778581166749,0.02986738505171402,0.0,0.010379327069101043,0.04185605846203374,0.012083048924953205,0.0,0.04289081168067388,0.0,0.03431887178953885,0.043902526562307864,0.005170033433587541,0.004664740816070133,0.003707944896332065,0.025824785042618773,0.0349234231792719,0.03242141841562337,0.0,0.00414484832101473,0.01409824581970387,0.02440318900863939,0.012878597286179022,0.0,0.015184270260894308,0.0,0.01654528863465718,0.03592589204386864,0.03314454887984334,0.003458165733701403,0.025996142482208145,0.008598627556410625,0.0,0.0,0.07739360099220069,0.02085753533794019,0.020768258236920155,0.029646870701801723,0.0,0.01248122937214688,0.0,0.05394236487643861,0.0,0.018897261480266388,0.00714909344081292,0.0,0.03378423201956506,0.03557309931457123,0.0,0.021609753328547577,0.029726161212777116,0.0008505251443871897,0.0058651880852664574,0.012356458652052146,0.007143508900622113,0.021734057144388745,0.02022194214286111,0.04889511123051111,0.013240171440789558,0.0335983898789223,0.019151522936549127,0.018684800174324726,0.044061586351242514
45,0.012297921463385823,0.009258804263478037,0.07915003967263079,3.1909372135695805e-06,0.0,0.0551736934658411,0.03091095343923827,0.01467852425165422,0.03783636758256628,0.04119743293719387,0.005748698551545474,0.0006519369025311234,0.019050818074989213,0.0,0.02586771182376489,0.04255361781326842,0.0,0.02474017977195737,0.0023545793578213215,0.00614825371274512,0.0,0.016466578919405377,0.023815742197705072,0.00706863189214681,0.027321873480892152,0.045158844762881664,0.04177364756743411,0.006427638991180534,0.0,0.023698859474865,0.04847472489798869,0.017404598433336905,0.0077518282053728425,0.0,0.06639115743372632,0.011841307853344578,0.03931522333016375,0.018625616345674383,0.0,0.03163786385856666,0.005478578541687965,0.0,0.019926394221953723,0.021568914205633137,0.02728231498019654,0.0,0.04250898281567963,0.035823283600325176,0.0060951505023246885,0.06498862762573485,0.025703924585582096,0.004245109337978963,0.0,0.0,0.025557266431118258,0.010060987501522414,0.012147812332806342,0.017641260233997553,0.0,0.02169528960107166,0.005152891391844638,0.05635598516966445,0.03691023126452208,0.0,0.032271338103713576,0.055461015948095445,0.004165643145725811,0.04722252569020305,0.010095887860971943,0.026107834042260365,0.03617865074486445,0.04684666765705393,0.0,0.014938501092575114,0.03338100007041711,0.022584443042675883,0.009111615860255603,0.010065720568370951,0.0021231500913128413,0.0,0.0,0.0,0.030255806772751307,0.0,0.0,0.033182050172369075,0.024729415205703733,0.03783369072843191,0.02324097467243779,0.029370689641737103,0.037749303679323075,0.00920582924085077,0.02795481318387921,0.02265201109083582,0.0,0.0,0.024475693555332537,0.0,0.0017038206712023944,0.0,0.007504015852231017,0.04740182718225322,0.014133792535136327,0.00038946199727108176,0.023998617040276796,0.019549779591963294,0.03758850243729934,0.024346072814295273,0.03299196966518744,0.0037938185524776127,0.05034745157282754,0.036503967488256794,0.012754436070373017,0.008643090282807197,0.014477249566945313,0.02796615667749815,0.026567413773240702,0.0,0.006938343331062019,0.0163890388032526,0.013504526865590474,0.005929357940027619,9.867886857675984e-05,0.0,0.04635317559682458
46,0.027842054510525776,0.03454672914907726,0.007759910113017488,0.0,0.016172096285268514,0.04680983603667947,0.046952337368695925,0.008791899674357673,0.04330323409048939,0.007876612821448503,0.013146010761155708,0.03239075431987765,0.06080632486012313,0.0,0.0,0.029676422227307497,0.01747522831534751,0.0,0.06646102147952773,0.030863978321328693,0.0,0.016342650639954097,0.002296180451433935,0.012020628747791666,0.007204833237984989,0.0,0.0017887590604502158,0.0,0.012926489877712954,0.028971237355018015,0.01030386041274238,0.05646041226432518,0.0040238110344031335,0.0,0.06786597310085156,0.0,0.0,0.0,0.04295602925868523,0.040858640314441586,0.0,0.020274744489665146,0.0,0.03429843547610425,0.053146936151593424,0.04250898281567963,0.0,0.0,0.10061455316680024,0.022289287167032705,0.00631915206003964,0.010427997344969015,0.019598385953886847,0.0,0.0021186423765149304,0.034421666258334455,0.027300215956514426,0.0,0.016780135880946245,0.023183694338272567,0.0,0.0,0.015765809054718003,0.01318557219946202,0.007058307061413655,0.0,0.03280390286547509,0.000526620171869247,0.012278408616608782,0.0,0.01032031671920358,0.08666968362309266,0.0208424485726374,0.0,0.01597242260781222,0.06383510298334538,0.005015674390752088,0.005712037531653751,0.002747069074389625,0.00012949739227918693,0.0,0.021956980389893778,0.0,0.0,0.03941691194632321,0.031134881927502207,0.04342902431152995,0.0,0.0030807965570579183,0.03376071392140147,0.017454477984227897,0.05241092535388687,0.022505410988927502,0.0009131502868673741,0.04810077194825798,0.0,0.0,0.029001417246095066,0.01701672637591052,0.0,0.0,0.0,0.02247117251993089,0.0009557374116044959,0.0,0.005851308107145492,0.0,0.03204398743820446,0.024588879460465098,0.05017212288800457,0.04267632665957492,0.00895250480076,0.0,0.014152092790378538,0.051567146385832395,0.0267529287752175,0.012494652393889536,0.01942050997526536,0.029732417501037185,0.0594257625399827,0.050751716441964814,0.04053847506412775,0.031099094701787754,0.004576335861594133,0.045140701994746756
47,0.004853993539636253,0.02637298192103065,0.001119140216362121,0.0,0.0029098309035310945,0.0,0.0,0.030041901941988487,0.009153277157015905,0.0,0.0,0.0,0.025564043321872367,0.02844531698334899,0.0,0.0,0.0,0.0031858241193379734,0.011185428657878,0.02406773208742873,0.07467086963211586,0.030711843165561283,0.006182015991746496,0.0,0.0,0.02616856729255532,0.049683815891908165,0.015000713897027371,0.02674181598023136,0.014974762776686473,0.024413689701484713,0.0,0.03632583709589386,0.055431085154230474,0.003970293720656236,0.0653773287045686,0.02322016972106254,0.019435670572841072,0.0926503686467655,0.006715793216612465,0.08880736586392961,0.038745118619215,0.016003522747259614,0.031150136955697738,0.021485185878626446,0.035823283600325176,0.0,0.0,0.17674946761110616,0.0544296895826723,0.012281108298428404,0.0,0.01739162045648964,0.012408382524112659,0.008710188886104054,0.0018751988306920614,0.0,0.039285390681942124,0.07046727987836972,0.0024960081393937696,0.05299664220358025,0.005088353614160398,0.022877451552663564,0.04454050781309094,0.04214964763257131,0.019278139577244405,0.0,0.03448076905665994,0.01451072686899142,0.03790582481192571,0.04202181892732841,0.038631297099436426,0.0,0.03277885612273049,0.0,0.03296593187684393,0.010253238370498475,0.03713680754189929,0.03254315474360871,0.017097141616017948,0.01186251262613338,0.0,0.015716958976415337,0.05900707070327287,0.0741530166953221,0.03042879572910084,0.04837087162452383,0.08234225871371179,0.04228422166393493,0.01691533786919937,0.023549045327878618,0.03157043454711356,0.04468291329167735,0.0,0.0,0.0,0.015086687789718679,0.0,0.05159573666755725,0.027417782171707095,0.01924768397164324,0.010186508824093962,0.0,0.040998707905427235,0.09029618962466825,0.0994461120400433,0.020407201897235612,0.024959110938802754,0.03722970763314775,0.0378027246586233,0.02849939983069642,0.02439030244012205,0.015493594530916891,0.001879592074229959,0.0,0.0,0.05219864935995518,0.031044768560474667,0.006196070631112063,0.08690969346054254,0.013846173865313498,0.04064786334086345,0.06801423809148135,0.027637706728197372,0.06440939352784741
48,0.011575485068585804,0.0,0.021798018843899744,0.057931052947455285,0.045227417093522716,0.10403298519843446,0.022073085723984465,0.03800212923327789,0.02312840189731675,0.030827854483329642,0.04782891397827917,0.02414474458201473,0.013144729666015693,0.003519095221008401,0.0,0.02439274132020542,0.004208588734823985,0.0,0.027490717207549642,0.022223603129435446,0.035216367068314824,0.0,0.024582636883387493,0.021321322304299624,0.022694888554506354,0.018716948088070756,0.044713801344922054,0.0,0.0069044757657063475,0.0602008837402931,0.0,0.037629232900261676,0.04871544816280202,0.0,0.09922372396441193,0.013403138182662503,0.05844301757052963,0.008064514902349305,0.021518162006192658,0.03547469351951489,0.0,0.0,0.04200001600779049,0.05317400244136504,0.003994314468201281,0.0060951505023246885,0.10061455316680024,0.17674946761110616,0.0,0.18596631387185614,0.03480486638931072,0.01160592935072361,0.02015296071530665,0.05634454222612491,0.0219944536965133,0.011412929148404341,0.018098623250922683,0.013998746194543393,0.08711537547758358,0.04943004632920724,0.021156250768770025,0.002164424726552574,0.027347206775692766,0.014873022855400143,0.011481129690905409,0.08549179202394673,0.024049828318681497,0.031203189539317645,0.018527920510453193,3.06434367334618e-05,0.015624725844252384,0.021631180085730776,0.0006524325063727126,0.052832671020439315,0.02874730007863273,0.0,0.03637526423643501,0.0,0.035198464351880475,0.004471775834721354,0.053572752811666055,0.008748263595043406,0.053433821059782276,0.07651922610406336,0.03392086331552957,0.09266608256189189,0.09761485474143008,0.04908708544674286,0.00488758189479431,0.050224923860812176,0.030781189018765902,0.015192471890199838,0.02187414643074874,0.0,0.0,0.01012700171060513,0.0,0.02975863487580254,0.010685239896009505,0.04277002625776748,0.027158135310272162,0.05829402277586055,0.0,0.034100888629318746,0.033528842494349106,0.06323489053290202,0.08832228168423979,0.014802446377305933,0.018704645826997605,0.04936716005953302,0.060946566605853146,0.027437003547712373,0.02049354436658163,0.0,0.010539178175000094,0.02160562665958042,0.06259747108145468,0.04465414864121455,0.05250091197663689,0.04498600310481091,0.04975588152312029,0.019110646882525957,0.0317592463514739,0.07321401691104971,0.007078277927333717
49,0.052173843430527556,0.032584491207032405,0.0,0.01917033094544839,0.015387753090560804,0.05921570348973508,0.04296003784207873,0.02326355480829599,0.0,0.001512915323925223,0.051620685809271497,0.036312073998743866,0.0,0.02486313796515559,0.0,0.015209235432843455,0.0,0.014354490926436434,0.04010646587219341,0.03471167570054728,0.0,0.011069272434702583,0.0,0.0,0.0,0.01620127086725372,0.0,0.06081383463174198,0.022638241540012784,0.030485894484353477,0.014649930856473004,0.016187403892438598,0.05592307397742961,0.05885498990738395,0.053866016239349356,0.07675254576605367,0.041537706733368956,5.920018680669005e-05,0.0016517864754708707,0.010177137261493756,0.0,0.03358276050287496,0.03790903000224227,0.022398814709502356,0.0,0.06498862762573485,0.022289287167032705,0.0544296895826723,0.18596631387185614,0.0,0.02463123351131937,0.024249206981914913,0.0618938329329429,0.007063540623365456,0.0,0.031373711214806914,0.052064903909548564,0.0,0.03512588950701321,0.005763067633323036,0.0,0.019250988431674852,0.029211688978308455,0.03743839352523882,0.029025636354782825,0.020956527379404854,0.04297928387916943,0.03345004505488667,0.005131024266755461,0.047043085609112766,0.03056593069165642,0.050839339013274955,0.0021342377832588282,0.01568533909692335,0.02211967464752384,0.015467121027085556,0.040711238618949104,0.025438771247302566,0.0022284099972519457,0.04078381787531227,0.05262352740530094,0.026603978341128553,0.0,0.04460862456948,0.026776966291038335,0.006426379991910379,0.036523228791915406,0.045063039665479074,0.08302185675058066,0.04135525033058969,0.04167773496393368,0.03631946138579569,0.09343568438999447,0.032839507754901215,0.046180706562377695,0.023833464549341255,0.021953447955733747,0.0,0.011589161093239063,0.02788180814529639,0.03192688008441548,0.03531200535208528,0.031112980150560444,0.04785699369173311,0.027133648289521563,0.03634787182625116,0.0,0.026324036572437384,0.05528797671072653,0.05180603521750465,0.0024689307151782684,0.07000583160853037,0.03858898252962082,0.012193784201011403,0.01830967806691762,0.0,0.007064496665093299,0.07730312653856072,0.03159794291056445,0.02764137798193814,0.06808761483411505,0.01853568545485144,0.02426027439548609,0.04455433305006551,0.013951155548990265
50,0.014847068365762795,0.01873667434186155,0.017283349482552907,0.04250560977510346,0.04293755461713584,0.0217896225318956,0.0,0.02352981368026112,0.0003212575752706763,0.045174105969953054,0.05093864451895431,0.03483322041278055,0.0,0.0,0.008007922928176515,0.0017829655998273305,0.03817263148511151,0.02432784615609566,0.0049332884606233815,0.023503588995809774,0.014501909728178714,0.010169995368246693,0.0,0.01204207054495435,0.000622108020410164,0.007344006766147344,0.03922891681154342,0.004116433022444035,0.0,0.02895942305678161,0.0024184561259617027,0.007913453952631853,0.05619590524146859,0.04526382096709682,0.0016794492950305078,0.0059905070438772134,0.023795223008677008,0.0,0.0,0.02179006062984841,0.007904851438387204,0.019109057181780683,0.039409363903066964,0.0,0.0,0.025703924585582096,0.00631915206003964,0.012281108298428404,0.03480486638931072,0.02463123351131937,0.0,0.06574400186430236,0.0014285091499307084,0.021134920335479063,0.04270150730787273,0.0,0.023573831175106127,0.04697297108340158,0.0,0.003958862506928377,0.011175386481086794,0.0,0.03786793826999728,0.02438065116539938,0.00025213492456246814,0.01621538755459782,0.0268358074575571,0.0,0.0,0.05393082183508633,0.005410413707798681,0.022145724292839904,0.0,0.006472313154951821,0.020665079015861627,0.04184882611038919,0.0,0.042800717278908745,0.011626722375907794,0.059017830393526746,0.022950266774399482,0.013782956878518552,0.0031140853130396293,0.016876997225218817,0.008200693145076026,0.005943606289375637,0.04368579722349231,0.007659241670303174,0.04497911663252728,0.008838729096537285,0.03435198497083334,0.0,0.017270677488544346,0.0008552863698148317,0.020397352376025437,0.017318706266863517,0.0,0.10372261871918069,0.019277554284099392,0.035723121148865083,0.03515982458157448,0.018706933341921996,0.030527943922955776,0.0006040556901481384,0.06076204700323646,0.04516213817662137,0.017517572093517546,0.03783155786780165,0.051077639020814566,0.010675979069032488,0.049721742505134184,0.038232905439828706,0.059132026407060855,0.022716765486771942,0.03240625545267196,0.04509761833388693,0.020104240062486317,0.011992727962180039,0.004635380722246343,0.01923928385804512,0.01160183087736271,0.03316799799933262,0.0,0.004130467466068164,0.03377406897955815
51,0.0440936940140891,0.011118266950121842,0.012725183978609195,0.08800140448760416,0.03126102911431011,0.0,0.0,0.03174265894411101,0.0,0.0,0.03198590210222493,0.04695068125437985,0.01443192532564576,0.0,0.0,0.014207186360988867,0.0,0.004959718095155027,0.005065228519378421,0.019625590824122675,0.02559841460037078,0.008464171090603323,0.0,0.01144819300692654,0.023155971588280876,0.006621746755682168,0.0,0.0,0.029959012506948733,0.02815008972114735,0.0001826776837342584,0.04293630411230307,0.007795740658113077,0.06654782656807025,0.00969050741577711,0.009728483747682332,0.016628044255172614,0.029663351010136358,0.032484591612356305,0.0,0.0,0.0,0.012043935088333296,0.03568456847502082,0.01874536361717203,0.004245109337978963,0.010427997344969015,0.0,0.01160592935072361,0.024249206981914913,0.06574400186430236,0.0,0.050068908052769576,0.06329035637920469,0.08528487320048,0.01193362331369471,0.028130442465497715,0.015483447558734209,0.033409344404140374,0.0,0.001724090021324087,0.0005745483278700719,0.0,0.05622124447971297,0.006223239644909276,0.0,0.03581771720360941,0.006754767572375242,0.04388873863323784,0.06098887500704062,0.002910649973716407,0.0,0.018655943566050156,0.07057669012313983,0.0001075752949822149,0.02090684958055499,0.0,0.0,0.032488566575707235,0.017903951891415224,0.0,0.00040022333986094197,0.006185651577294712,0.03459253798514958,0.022623112911354392,0.0045090806364418215,0.02616746964501703,0.0,0.04330212571334292,0.014234357469171231,0.0,0.016562899793820557,0.0,0.0,0.02710961034321753,0.053215122787705994,0.036788644369010616,0.05423523870614036,0.022085734321465034,0.009157015007039202,0.030080108443606986,0.03127884209675595,0.0,0.06452976115602505,0.022774546346211923,0.050853353131691426,0.024596348167213112,0.020113040886661198,0.042757621184591754,0.023274079291656168,0.054336237215980986,0.005486873183482542,0.001147223432424717,0.01419418350876157,0.001702082902612677,0.003990131705522165,0.02013834447189535,0.031710515549022884,0.0,0.013492512129685049,0.0052416657088969355,0.006162312858083072,0.0,0.02332187187208212,0.0
52,0.004497232220603451,0.034497374946235164,0.05219284427580797,0.017556978351127902,0.000702635932466147,0.0,0.006564742417422336,0.0,0.01809626839763528,0.006779138618814462,0.0,0.01378230718403386,0.0,0.05941141063601817,0.011202174068277398,0.049814787599563905,0.020362318511862217,0.034711152445573906,0.0030135410420983957,0.019421816708138886,0.04514467917785067,0.0738986285911036,0.021001140898247277,0.013957213399993644,0.01282946357454906,0.01975847282498904,0.04784892054275697,0.007501380023707756,0.0,0.007131290995391499,0.04271851809634642,0.06117549418643021,0.04909910442369407,0.0,0.017658446311236607,0.0474418119477682,0.0,0.009493807421446171,0.006296183434432726,0.014838709927152359,0.018590108632124815,0.024668808232555003,0.009509392148911222,0.01685812493840655,0.0004894214384679384,0.0,0.019598385953886847,0.01739162045648964,0.02015296071530665,0.0618938329329429,0.0014285091499307084,0.050068908052769576,0.0,0.11148646455251085,0.00856178309831726,0.0,0.061157633819721266,0.01637921546690646,0.014479818922739906,0.0231464313770963,0.04398975958014607,0.004938298303995837,0.0,0.031201807534389746,0.005578446639812465,0.008731901755844622,0.012973893463008642,0.005745061687633721,0.0200672169716642,0.009936163081009716,0.01343144816108975,0.08441947409885624,0.05649854762897239,0.030997612124552747,0.035700471756819195,0.0,0.0,0.02756703353572227,0.0253573603418669,0.007664570033884658,0.003792890261003035,0.04814363822703876,0.013708010069422252,0.06328388873634858,0.08411914578428653,0.04419736073104136,0.025008214738413304,0.015530095256895603,0.02700764379503243,0.04085193542349389,0.008245692992947607,0.02312614903956693,0.02799120733103356,0.0033622716002700216,0.029554399258647716,0.0,0.0,0.0,0.013715778226214356,0.012640146876959182,0.0,0.0218741768112994,0.013659278556607335,0.015403416479378387,0.0,0.04611292996249999,0.04820657301473583,0.0,0.0009011930922534663,0.0,0.006732549677060045,0.03480050362748057,0.001006761032782582,0.060416489839023105,0.00546778653863057,0.027426569742263752,0.0,0.020273743681547836,0.020412805174551945,0.06999144989628601,0.030675763009985646,0.00175552891653818,0.01594166541077796,0.0258123034205051,0.01914455676628884
53,0.03402092004329866,0.0583694123060393,0.010757453950913282,0.0,0.011438926612287037,0.03638369017428903,0.00045564670729044803,0.0333354696028789,0.011781064327395292,0.0029747366738624922,0.0006629968902807902,0.028621870325593674,0.02791246504259,0.08673555727597398,0.003298711535023823,0.03008726425738096,0.0,0.0,0.008916687476700874,0.0034966129273338916,0.026934951326835984,0.00533268067321874,0.041622716738094125,0.0,0.021281501459514386,0.023481952382099016,0.031225471980556113,0.0,0.0,0.016613111132556122,0.030656154606006084,0.028495868539600504,0.016322498173522496,0.0,0.0,0.019183023193245045,0.0,0.0,0.040273849788209186,0.0,0.027184315462992572,0.006009693243443781,0.019057464002452087,0.0460948804861002,0.04861943830313322,0.0,0.0,0.012408382524112659,0.05634454222612491,0.007063540623365456,0.021134920335479063,0.06329035637920469,0.11148646455251085,0.0,0.06338853804304666,0.030144972295467944,0.04368646263274921,0.007158665649155626,0.018984274804594185,0.002595546586710991,0.005566302441041875,0.0,0.0008356468806312126,0.0070380555255236486,0.0360375957759901,0.01621517975548171,0.04494242594875988,0.00699306814854336,0.04875510453664651,0.07261638675015929,0.05426649441406536,0.0,0.028791272544574167,0.01805832266962763,0.004948404062706241,0.0,0.02910343676461552,0.006966307715650353,0.06089729243192216,0.034603993717089276,0.04281710060141193,0.013243305725224488,0.0,0.08274332434314473,0.009176365412757754,0.028893605020056022,0.020698298223640534,0.05879035872359503,0.01635149953865974,0.0,0.03627463383739031,0.00523005878273195,0.02280139340359014,0.002133769340037358,0.029078787403127127,0.03150483446485567,0.01911277086378951,0.009005351444531632,0.01938305025321578,0.0027016782389326127,0.026983241259979696,0.06972739077174303,0.03279886801602417,0.0043156359306486475,0.038947999806617596,0.02665199778335283,0.00891041128200902,0.0,0.04531850181054197,0.0,0.0,0.010368446638018931,0.0,0.028816637386466157,0.0,0.03428778778407144,0.0,0.028356631128439665,0.043419982008019,0.05153717961916532,0.0,0.015524961450679433,0.036520690497459485,0.07668402538574016,0.05234940703553794
54,0.005817789061808713,0.012848616200088751,0.034871969550341386,0.0,0.033567706702589975,0.043106019623417965,0.0,0.002772237850512614,0.0,0.038538693246229966,0.008648860469115633,0.004707544406728928,0.03668069259083512,0.06066150052721018,0.0294987295831851,0.013776850914703041,0.05769117935566586,0.04811623034421844,0.003443734696662544,0.0,0.01539659632504384,0.02182671925969935,0.0,0.059187393860442986,0.0076948449947706905,0.0,0.005371277428282591,0.044003802661187814,0.015029610692765108,0.06493439834595852,0.0,0.05134702768904687,0.0014684436326350846,0.0,0.0,0.02154120988738651,0.022336640732330416,0.009629436303421406,0.019086100352256354,0.011397288607247667,0.0,0.02091411593076693,0.05700401915809761,0.02861569003491909,0.00036185808827464557,0.025557266431118258,0.0021186423765149304,0.008710188886104054,0.0219944536965133,0.0,0.04270150730787273,0.08528487320048,0.00856178309831726,0.06338853804304666,0.0,0.024129348207156794,0.0,0.0,0.017115319558012935,0.010531937461723853,0.025057056963915827,0.012230815561573375,0.0,0.06108896543052989,0.0,0.024667527702691202,0.06002468606299702,0.0007717252967281332,0.0029156665962151197,0.016244163990807893,0.0,0.031079896450299717,0.0,0.03307938347240447,0.0521281558278879,0.025310196661937095,0.027297191430073316,0.053306764959049346,0.0,0.06821336826211186,0.01336888110354182,0.0,0.0,0.013990929806072585,0.0,0.018666950503926277,0.035940246614407666,0.0,0.023810149870315597,0.035982247429014964,0.009067721554464642,0.02318928891470433,0.032018697101330124,0.0,0.013946943022000748,0.009109498392407211,0.0,0.056343894103422186,0.05783651536780703,0.023345021792779464,0.0032567675024445905,0.0,0.0002611710263436256,0.01071435141406498,0.011998314441033362,0.022158448668749973,0.004703175748727157,0.016394543648420738,0.04241988515513355,0.0,0.07360136634921662,0.06585564409750126,0.0371956485127587,0.023062547907395554,0.014879071102565023,0.0,0.02054989316876908,0.0,0.034605610651715975,0.07441451939871414,0.024269380089722983,0.04813199465828485,0.036100740590061256,0.029411753802219213,0.019593861689462123
55,0.020864556534740675,0.0,0.011251112582610414,0.021392562875921894,0.01924884757783151,0.04961198183133984,0.029276619693007943,0.008511032890865843,0.007270098275751091,0.021771430232822176,0.022025280716447427,0.06494823892911619,0.0,0.028777785189966078,0.0,0.0015274198377663586,0.004156709287486938,0.025644029404980496,0.014334128346861716,0.017457202644760667,0.0633729800623424,0.025632240341659965,0.0,0.0,0.0,0.0008322122554507613,0.020808305845908346,0.0857946355644458,0.011889377112973377,0.02628405733623573,0.04072820283184812,0.016074724147272467,0.0,0.022417827520077767,0.029315621399820833,0.010649166621933442,0.02925530942568746,0.0007136892447484461,0.0017194668632669493,0.0008457904050525642,0.0,0.015061078012224028,0.0035222141607156882,0.009218475244492038,0.00018642497265989978,0.010060987501522414,0.034421666258334455,0.0018751988306920614,0.011412929148404341,0.031373711214806914,0.0,0.01193362331369471,0.0,0.030144972295467944,0.024129348207156794,0.0,0.01479586108417358,0.07218439155096262,0.009197626016489123,0.0003989462953965296,0.007627543381246603,0.0,0.02536933504631572,0.08244155964767248,0.0477780423278224,0.00759902397922146,0.012457861015844736,0.01680747608488305,0.012706699235722407,0.04388349563771093,0.04925684389326686,0.0,0.0,0.022170615148093757,0.02660244240591478,0.021227263126379618,0.012577953916233653,0.020991929820130317,0.018638233537305454,0.0,0.01897520849899969,0.015593840660831242,0.01814174204550995,0.056878151213380065,0.011497979140103835,0.0,0.0,0.0,0.0,0.021779502073757492,0.04447584587978355,0.01572939644836451,0.0,0.017315777450562873,0.011707597176792945,0.007265594973774708,0.02872777954612502,0.03965107794038483,0.01699130900749467,0.0,0.0,0.0008359694567779386,0.017345187967074318,0.03269833228288143,0.036073175436641465,0.04957069184826688,0.0,0.019621743059216535,0.006057144715319962,0.0032192999825005468,0.0,0.015320558803850656,0.0,0.0,0.007111368442016107,0.0,0.0007338799546564744,0.009167020643280534,0.0,0.03396430495637629,0.026440405976264642,0.012054781663377956,0.019607088354233505,0.022037062901675158,0.035766950983323484
56,0.0014887976416148687,0.04027294594388137,0.02811918842648888,0.026665117299390577,0.0,0.0,0.009975953967066013,0.02136873601417111,0.02959775951406109,0.0,0.03938547845398197,0.0038449678815134416,0.004450539684918503,0.0,0.022883603406658643,0.03126218124156624,0.029834445521279583,0.0,0.04279067575079873,0.010199549813325652,0.0015804072502738108,0.018844337512628654,0.016314215633030094,0.0,0.013031755243507612,1.6877995978671394e-05,0.002511991796276081,0.0,0.015719522755158533,0.0,0.0,0.0,0.022284028401004574,0.0,0.026547752897383443,0.022243572849366202,0.0,0.01120277118824769,0.020300844003522073,0.01240342361613169,0.0,0.030419865453745094,0.0048546863485173074,0.06004488010380413,0.029666719135905746,0.012147812332806342,0.027300215956514426,0.0,0.018098623250922683,0.052064903909548564,0.023573831175106127,0.028130442465497715,0.061157633819721266,0.04368646263274921,0.0,0.01479586108417358,0.0,0.03819603063635497,0.005582479475188876,0.033023137244813455,0.010854873996183546,0.06685095764268434,0.0214274105436977,0.03585991285408519,0.0,0.00948889721023882,0.01773382944920797,0.0,0.0,0.015153220145597324,0.025703895135558805,0.014826917465325572,0.05981347148526206,0.033521330145805904,0.002042545857005044,0.04261136153156637,0.0,0.02302839898185838,0.01849185927897285,0.009442469160386541,0.0,0.005120334884520058,0.0,0.025086975291209856,0.05096588063508812,0.016224234973288048,0.022613298203648467,0.0,0.021031662492887758,0.0025983209712416833,0.020355283251709617,0.012157395654729836,0.04362274976295108,0.019896384814132098,0.0,0.002223611509057552,0.01848144693287428,0.0,0.002904767222727717,0.030694779431160113,0.03832727425668312,0.013961015618330908,0.019990987973080816,0.004618475969731565,0.012375261558535683,0.0,0.02325188998952296,0.012343981461598152,0.0,0.009276548826494065,0.012836547450529825,0.04216187225902341,0.011961736288384189,0.01150881432171494,0.06989787573629204,0.0,0.02210237106619539,0.004934102438477342,0.02221888478579398,0.019634537822783387,0.0029144299529541167,0.043384054365759775,0.008243821345267514,0.03182607294219263,0.006506563796179486
57,0.009059331542588037,0.03318038089819989,0.017958474024655186,0.011521252353329426,0.06244709240697932,0.061253611831391865,0.027707494845639734,0.015467206555600568,0.019799893546350374,0.0122917741739632,0.05753693925967218,0.002965564665578622,0.014682362874707502,0.0,0.013551407043483408,0.03607187403229139,0.0704194513187333,0.05882554173622848,0.0,0.014972702889844347,0.0014961488332996048,0.022627490137654162,0.0,0.0060027594547714894,0.019136572019421556,0.0170107025927673,0.0449111008016341,0.03871209257709739,0.0,0.005867713721244915,0.0,0.022030091240821007,0.04786476057129841,0.043419766917891324,0.023664843569798755,0.0,0.007499360353516686,0.007369215781251907,0.02295791403685481,0.0025519729607731485,0.03396430362534386,0.012338626226629807,0.0,0.03175547911350163,0.02218372861985377,0.017641260233997553,0.0,0.039285390681942124,0.013998746194543393,0.0,0.04697297108340158,0.015483447558734209,0.01637921546690646,0.007158665649155626,0.0,0.07218439155096262,0.03819603063635497,0.0,0.10167831764323829,0.031962730438769654,0.01761802473447064,0.029204801910891125,0.014920482472546515,0.02029846731042919,0.01449521091686904,0.0,0.02738707387491258,0.0,0.0,0.033752344351450136,0.0035005870933575833,0.04649196460337266,0.005173972972653524,0.05084374703585678,0.03963623169843128,0.02635788771064042,0.0026822172472820423,0.02437052177258337,0.028607866823520765,0.0,0.004442313882161965,0.01807608014838308,0.06055619307435774,0.08317910397380748,0.021073954087988584,0.07545283333291339,0.05207620887421701,0.01829132788810624,0.0,0.006500009687706694,0.0019593147676228158,0.10902503221581067,0.002346756303794106,0.0029062259763927177,0.027287856428165527,0.004440163730206643,0.028576060337447827,0.01060238447698581,0.03239549276004945,0.008100799946395816,0.03306886899733274,0.04031900646941683,0.01717302875902196,0.05666177512552746,0.020107935148086682,0.02613937543050088,0.0,0.0,0.0,0.0,0.048751333244123944,0.02765504293814694,0.02750218951249,0.0,0.000700257379853386,0.023581574420872265,0.017097532653041665,0.03686972340203224,0.0831208164194971,0.05544455841328493,0.08633954296485515,0.054350509442253184,0.005145189011352484,0.022562946963262935,0.0
58,0.02370319459190926,0.02719911964975061,0.04053155951034876,0.026754720602963987,0.11382385604990265,0.07127615173296431,0.006116074154304427,0.02241690012998031,0.025000935693800574,0.006676364653399117,0.0,0.0,0.011663838989553584,0.017774104185881313,0.00244180316725107,0.02927946595186343,0.0551585892008328,2.1012980480177176e-05,0.03565039536187292,0.008080091653103475,0.010759652368148956,0.0,0.09059509069991577,0.005265348017113784,0.0,0.06425777976865141,0.052781496673094015,0.03616669941437756,0.0033113044168211433,0.046945083057423814,0.01635839046706103,0.03783234595963717,0.01558692942519973,0.03984584019928118,0.0005295805080923277,0.006298742372771214,0.005038652442797883,0.033851755226094564,0.0,0.03312046777240471,0.0031331569946474827,0.0,0.021438897977161638,0.0025437546997059382,0.03080091649739346,0.0,0.016780135880946245,0.07046727987836972,0.08711537547758358,0.03512588950701321,0.0,0.033409344404140374,0.014479818922739906,0.018984274804594185,0.017115319558012935,0.009197626016489123,0.005582479475188876,0.10167831764323829,0.0,0.05422679959387701,0.028431987442507613,0.03878583871710646,0.10015820728063422,0.030816137334773508,0.02574346056234542,0.011157562511819282,0.02789477640196306,0.0,0.014749138826412997,0.0,0.012174697658393789,0.02096651876321377,0.0,0.0,0.007393727791477878,0.015730432071523085,0.0,0.028166737920736675,0.013367880422425447,0.007319297024464443,0.03984064818846853,0.03766688979067701,0.0754263138922771,0.2517882821934799,0.10591540585672485,0.08224845823415579,0.1617650740394937,0.0,0.0729745642612459,0.10217148496370955,0.10802028356086522,0.2806643008540466,0.22033124362283277,0.04179097243320416,0.02287859500191063,0.004660279305860413,0.02345574860971441,0.0,0.07661215702227281,0.04347598200138345,0.00862654298066372,0.07135033091539135,0.01792072039389875,0.0,0.01722192647656521,0.010842191209416948,0.020986856059379687,0.027423564435998266,0.009431256596948916,0.014544225328543332,0.020977071612462154,0.06337340576955465,0.0,0.03626510932579011,0.020677484332866237,0.006826228242018802,0.06354922637036539,0.12393254178750389,0.12956838300119947,0.04387576366353775,0.13212911991993248,0.06209049605305698,0.14931953197817396,0.03787314786835349,0.026254399435478967
59,0.014090445147990347,0.06861572333650037,0.03841706248991677,0.018071318922774374,0.07608938466571535,0.03120378741676972,0.04710812532173355,0.029515362032638926,0.04315709209912465,0.05156526553726164,0.021793578168002495,0.0,0.0014167821001268648,0.013696959163588582,0.004380465491324105,0.0171543310291264,0.018863942796876858,0.0,0.003230524552078634,0.012542083704386182,0.015848323500908222,0.04793514785781104,0.02560424108175045,0.041703008576778965,0.003613582379051337,0.016071148861723165,0.013630224172430242,0.002233595366149967,0.0,0.02986270173254515,0.0031823933104085226,0.0032256911535856105,0.020948148734474484,0.012801943830697143,0.031920006492640915,0.0,0.038914042968061474,0.0,0.02452042014996333,0.027394648400981315,0.021588839346270428,0.0,0.0014281273452634205,0.014153188497842674,0.0010775534050116164,0.02169528960107166,0.023183694338272567,0.0024960081393937696,0.04943004632920724,0.005763067633323036,0.003958862506928377,0.0,0.0231464313770963,0.002595546586710991,0.010531937461723853,0.0003989462953965296,0.033023137244813455,0.031962730438769654,0.05422679959387701,0.0,0.0,0.01834567550874248,0.060003254094781654,0.0,0.024839698121191692,0.011775681298735238,0.02324183371292,0.0027044558538638105,0.0,0.0,0.0,0.004601505793923661,0.03804555825788827,0.0,0.0015472352227711224,0.007969993799823903,0.03001382711992168,0.02788470404842779,0.001198147370560362,0.00858266742625408,0.005731497399975687,0.024337466030927905,0.021620904376168495,0.06841907063895565,0.027284333691033696,0.0165791219164516,0.008150238496597809,0.044560589651811526,0.029335853022568963,0.08160176101336535,0.028423339839305766,0.061448806599656396,0.029710211441252316,0.0,0.0010954686080380397,0.003056493491251007,0.011928202890443482,0.07129309171688707,0.01446866160902904,0.004753245015094162,0.0,0.01871973133912297,0.0,0.027297844885113772,0.004122138810856173,0.04916481137739736,0.02004760670374903,0.04915501810312703,0.019356198626875248,0.03934585595861467,0.01470371074303909,0.0,0.0,0.011838543915207897,0.0,0.004638190588102512,0.05309148850223742,0.08629781170669218,0.036866972718609184,0.0032658315935274263,0.005655029472001286,0.05075897936645058,0.04998559982143645,0.04161210569939672,0.030389424213738702
60,0.0,0.0,0.018362046382849197,0.06981080522389259,0.07434992213041058,0.04718804286040005,0.0328569707668442,0.03290166806036955,0.014430892420041124,0.07889613734995743,0.0,0.001243532771199434,0.023561934059420274,0.0,0.0,0.002020524308157557,0.016900338485277753,0.020409190128946486,0.003750904118264607,0.0,0.03931812081381533,0.0008796331775090433,0.005893510395624254,0.05720176377450779,0.012680007921020357,0.0,0.04404274106904956,0.03501045129294232,0.0,0.013361048810535745,0.010410036251047963,0.01481478868529508,0.019370808927454727,0.022982372081144387,0.0,0.007925033467498123,0.06783542852237619,0.00935152238206028,0.0,0.01989035589561137,0.013293361882018656,0.019941851851432348,0.013717695723575207,0.0,0.008961579551152258,0.005152891391844638,0.0,0.05299664220358025,0.021156250768770025,0.0,0.011175386481086794,0.001724090021324087,0.04398975958014607,0.005566302441041875,0.025057056963915827,0.007627543381246603,0.010854873996183546,0.01761802473447064,0.028431987442507613,0.0,0.0,0.018957318584109564,0.003920873127774777,0.08349049313186337,0.01073860976487846,0.0,0.025700817979008608,0.04269209083002871,0.002144008173238208,0.006601987711240222,0.0,0.007027192063370392,0.06767021459331825,0.009895565238262799,0.041921481489153305,0.04596826525539875,0.0,0.06907918126409886,0.0,0.012435442251396214,0.010318730111762157,0.004917073474625017,0.0,0.04367725324160573,0.04697020914068548,0.0,0.043983664261317286,0.028484746447523794,0.0,0.0065041428547251,0.0,0.013514887198588088,0.05174598767687863,0.05124381529635321,0.0357745166261125,0.022474786377885716,0.0,0.002651831850491166,0.018092769031466623,0.005854564097173672,0.021764523282045187,0.021906175993313733,0.0,0.008025249080566751,0.006991278276267771,0.011768838712618895,0.026432189921190813,0.0,0.03401205935301965,0.05146261749733253,0.015986317494881507,0.04726808378352701,0.04899226188476294,0.022866580595094825,0.020420395414444088,0.0342776787505164,0.0005553800950234331,0.009127110364334697,0.0,0.04026842004693864,0.02411963066503326,0.04579985247604975,0.04778323883948653,0.05183939981354847,0.013959020197348366
61,0.0,0.01696436298435776,0.00715439339592512,0.02174861172719978,0.007104032393573416,0.028017412612335143,0.029115734771002724,0.04291187307114306,0.03363809226907181,0.016858706091327714,0.013212258053642867,0.06618316791878195,0.032455867426549614,0.025751333767498885,0.04876772583129628,0.03031409769335775,0.0,0.053090293028896035,0.0,0.0034094667070404916,0.03831135569818398,0.0,0.020438249722663664,0.030742462848553562,0.0181067450422144,0.017672110880656223,0.030164754583935628,0.025653091089141853,0.04260145965130003,0.02423956488828438,0.034379734053674615,0.01838070298952048,0.01714900322009457,0.030617327939375178,0.031674774332516566,0.0006710835822042227,0.02986297516341234,0.0003278811288195755,0.012916111164738408,0.012019356758381129,0.06529519680022162,0.0,0.0,0.019498781773351924,0.04929907403466653,0.05635598516966445,0.0,0.005088353614160398,0.002164424726552574,0.019250988431674852,0.0,0.0005745483278700719,0.004938298303995837,0.0,0.012230815561573375,0.0,0.06685095764268434,0.029204801910891125,0.03878583871710646,0.01834567550874248,0.018957318584109564,0.0,0.03558961971654195,0.013094154452533684,0.03683971644776863,0.026715802079045742,0.007710364932602855,0.02783785948377267,0.03138767905488072,0.0,0.02621892589420404,0.03127733078609785,0.014811032638489272,0.0373218001821465,0.015828283310674596,0.020008168810129807,0.02406913997680574,0.04062249726067421,0.018454988200886736,0.036119361668084646,0.07210501556246127,0.0019464949284405929,0.013715712755435542,0.0003167761471031608,0.023979253888587827,0.0,0.03366812480724112,0.031151860107748005,0.020225267034078204,0.021856829626246577,0.024570144361344335,0.01665111875871441,0.0,0.00870546925385827,0.07697199808644746,0.014838535667427096,0.027126837622631437,0.0024355589213524674,0.005771665013668158,0.0,0.05123249474517672,0.03176151589376017,0.05520959081747997,0.051287054324462754,0.03497497455483424,0.0014844843389166273,0.0,0.049054555865318525,0.0,0.005472200299707409,0.010364262528184325,0.013108868772696788,0.04752942678428552,0.030007447275784176,0.015640831526675888,0.018552397698400686,0.00782022573022936,0.04972167487204131,0.015309741072165269,0.05130786036192637,0.05671910859276926,0.031806423593723654,0.010015673150727336,0.02734708580458892,0.017622586946381358
62,0.003989222520048457,0.0,0.06401200542930224,0.006815115313658416,0.03538851610464694,0.007819069845444672,0.0,0.02968471163438507,0.0,0.0256707640206355,0.035097100962430204,0.046882559288866116,0.004279668904100023,0.0048613736729823595,0.0,0.01562954071026992,0.0016004387104124578,0.016902708089173112,0.022079192779570735,0.0,0.004936324076755141,0.09568077350992943,0.023330227451735967,0.018274373322976142,0.029917882809340685,0.03685109283950879,0.04812541841118409,0.015135195018502723,0.023216355601243546,0.016067663789452236,0.0,0.0,0.04385529309772355,0.019100809729442583,0.062259876130591044,0.009001160713221941,0.025144012028084077,0.04444938765655663,0.008536185876193052,0.03439861636459832,0.00500541145571426,0.06851718960893471,0.004018386439221614,0.008140878730116968,0.021990295620726335,0.03691023126452208,0.015765809054718003,0.022877451552663564,0.027347206775692766,0.029211688978308455,0.03786793826999728,0.0,0.0,0.0008356468806312126,0.0,0.02536933504631572,0.0214274105436977,0.014920482472546515,0.10015820728063422,0.060003254094781654,0.003920873127774777,0.03558961971654195,0.0,0.028799936776509456,0.051100796704750914,0.0,0.0,0.04916779577200093,0.0,0.03907181205481467,0.01069224310365926,0.02742068969684772,0.05756887247134476,0.03973022528870351,0.04258269476233602,0.03177486146506976,0.006662777707708746,0.04725586262988237,0.0,0.0,0.0,0.0,0.01727847472504809,0.01045089519848636,0.04237820485229975,0.0,0.0,0.0,0.017475329922494873,0.05430597606205407,0.015115813856550973,0.08093605218440743,0.023101727313214016,0.0,0.002392845973890059,0.0,0.0,0.007069984339085687,0.06044204012533049,0.005182529846763464,0.00747643469420612,0.0026545802266586573,0.026870837540150124,0.02714383746275732,0.03938371614760623,0.014994134478751265,0.0,0.03151651908593076,0.024267465931460362,0.0009077450454384306,0.0026470021908623115,0.02672889565472156,0.03827435294537354,0.029058763020345643,0.022408904268118278,0.02456255213310992,0.010523783849898757,0.03225363243199961,0.047320197860766126,0.0,0.0,0.0,0.04788007305523987,0.015821211458405773,0.0
63,0.0,0.0,0.013068953128328908,0.005499187902606956,0.011997796353934881,0.04535648180780557,0.0004736510006289992,0.00820775386536074,0.04346985515898888,0.0075967964231417155,0.0,0.0,0.01480645154039605,0.0016230773776238093,0.0,0.011379773258033443,0.018491321265575286,0.06547858409978982,0.0,0.012442821477676783,0.008839743628448755,0.004319176577513664,0.0226044914118091,0.01893779043618348,0.02165179030770081,0.015591524551598093,0.01857191946289274,0.03431481626053565,0.004562525191511226,0.011571682149589367,0.019256237966401142,0.047683942513713745,0.002860460206830887,0.06862009279417469,0.017383473760141464,0.03987777017524664,0.023073947889686263,0.030618276242942784,0.025794145453865935,0.01231237747094383,0.012545892643146081,0.020343903485845482,0.0027317357993410893,0.011101677319291788,0.06823778581166749,0.0,0.01318557219946202,0.04454050781309094,0.014873022855400143,0.03743839352523882,0.02438065116539938,0.05622124447971297,0.031201807534389746,0.0070380555255236486,0.06108896543052989,0.08244155964767248,0.03585991285408519,0.02029846731042919,0.030816137334773508,0.0,0.08349049313186337,0.013094154452533684,0.028799936776509456,0.0,0.0,0.0240374285616542,0.015733855036451885,0.0,0.05084994191858395,0.0,0.008286318668771761,0.009372610171945305,0.023552032543412812,0.0,0.023373781324978634,0.06566579706145304,0.032877102777022035,0.03727133066149164,0.035912249934853695,0.0,0.0,0.02792210037312582,0.02753583455967939,0.08921978449074584,0.024564889410742752,0.01343634272979185,0.0275453940643747,0.024615801450021447,0.04461603280579565,0.023553299655939837,0.008919752223000272,0.01430402918012594,0.029127618989529164,0.044877974674769866,0.011886777260539197,0.045293477685616465,0.008776735538549546,0.0,0.0,0.028829519376350064,0.023412973321524044,0.0,0.021972734184830613,0.0,0.0,0.0,0.022620597025112384,0.03479202983828063,0.01396220528473103,0.057935857361311245,0.006019430802972193,0.011613747145993308,0.0209963976673825,0.0005469707446665616,0.004858167790624713,0.03215395389688187,0.022309225365338928,0.046227721815405354,0.0,0.06268561338987562,0.03425274636334773,0.030649520833283483,0.03546971704647109,0.030343566638574314,0.0202986290147193
64,0.0,0.016835543048582296,0.002513998388158204,0.013312058302299076,0.0444916595049237,0.011806288473874386,0.03762855607399312,0.01078799513454517,0.01703220274824777,0.0575277825390584,0.021728131959384372,0.03071031358629953,0.0,0.0,0.06168458971501782,0.0,0.03151739225423128,0.0,0.011048878356447845,0.0007508915910832985,0.003185900933711003,0.016211509095904967,0.02093710260792491,0.043717387117597456,0.02089747732753089,0.019272202448854133,0.01054218234685273,0.03289744198465135,0.0,0.0,0.038710284390677925,0.010887517334092997,0.0,0.040423352046677234,0.0,0.0,0.036261880837639426,0.0006798037440201759,0.00012963728834944262,0.038714232977610466,0.0,0.0,0.022113914518668953,0.008936578286256939,0.02986738505171402,0.032271338103713576,0.007058307061413655,0.04214964763257131,0.011481129690905409,0.029025636354782825,0.00025213492456246814,0.006223239644909276,0.005578446639812465,0.0360375957759901,0.0,0.0477780423278224,0.0,0.01449521091686904,0.02574346056234542,0.024839698121191692,0.01073860976487846,0.03683971644776863,0.051100796704750914,0.0,0.0,0.04900541730255326,0.06475400141291607,0.00483031435223709,0.0,0.014376442516601159,0.004514762560665919,0.0,0.008590600458189305,0.03292238951033647,0.0014557723302916538,0.01114503675508394,0.08114286985242046,0.0186461009975301,0.012211207415986833,0.0,0.01908340390673584,0.0,0.031745339391312494,0.03306505268452625,0.0079837421535945,0.026165453771963994,0.008970277643760122,0.0290529431430821,0.038262024011135,0.04714230643497992,0.019755902222961707,0.025396893595028922,0.042668342256220876,0.0,0.01590080473271427,0.010752430774588423,0.00642446594941598,0.01931560359470586,0.03506270794163455,0.047975787849472276,0.001759483808408674,0.032669024856167336,0.09518718146505786,0.03929328216571305,0.015762568320917884,0.03922858653913986,0.01555848178225751,0.053794958055085065,0.0,0.011568710453300721,0.014442619751594991,0.011787972200021937,0.0028699411724186622,0.007669840352562377,0.007961062651902452,0.013805642074790899,0.04024110566791367,0.027181340772363012,0.020037835306999315,0.007898935599605158,0.01178054623056193,0.0,0.05088505593090864,0.008523627944431364,0.002692080596229625
65,0.0019136512824573276,0.0,0.008017366888339844,0.01533019219313081,0.02101276561006046,0.046773864724429876,0.007657546755185433,0.024920769774808213,0.013442206993541412,0.004657964757430187,0.0,0.017959572845930246,0.008112809903006746,0.023361387805501416,0.02067308852628682,0.0,0.0004867029812561232,0.03540488549918509,0.0,0.0072223486892649714,0.021247192763544864,0.023770132394553025,0.011349750610734934,0.024376714147845244,0.010623460766706502,0.04072538446986956,0.00012285801004767067,0.0042133339891821595,0.011613467926731869,0.011993604420950267,0.029053160148165703,0.04281553711091273,0.0,0.015420472221291495,0.021852124994609787,0.0115971014166126,0.02042975616546426,0.005998886533061417,0.02516732766882881,0.050797597293630516,0.04099459836922049,0.012179381025770535,0.037636509465634876,0.0,0.0,0.055461015948095445,0.0,0.019278139577244405,0.08549179202394673,0.020956527379404854,0.01621538755459782,0.0,0.008731901755844622,0.01621517975548171,0.024667527702691202,0.00759902397922146,0.00948889721023882,0.0,0.011157562511819282,0.011775681298735238,0.0,0.026715802079045742,0.0,0.0240374285616542,0.04900541730255326,0.0,0.06452800728848825,0.0,0.04990246151850576,0.0,0.010884820682246046,0.039222875174751884,0.050503275032146605,0.031901691623374036,0.024433401177886595,0.0,0.022014438364900017,0.014576658818254911,0.0030381008324454613,0.0054317756734422,0.0,0.05589377795760018,0.011164020461542405,0.0,0.032301785045382565,0.041106995688872015,0.049514683933374694,0.018678088285769546,0.0,0.007168413866352327,0.013069870111597569,0.04260071579941451,0.003957214088476248,0.015491402233635354,0.009242114462261839,0.0015950879486197988,0.01319694979395248,0.014497763941829563,0.0020328025836907886,0.011072975132439749,0.0,0.012075601131741597,0.0,0.006273922294570485,0.0,0.011430596882654308,0.001799100637477195,0.0060764620435666255,0.03863893762127002,0.01084556128669335,0.0,0.007966984041189796,0.0,0.0,0.01740136650706216,0.0,0.0,0.025152619695560437,0.009080657297489029,0.028514169395467446,0.014147788499973961,0.009845608146135434,0.05080427065010574,0.026275370450168912,0.030436112025249405
66,0.010676484248004627,0.010479532404890447,0.0,0.04152440042765139,0.012808715552094507,0.0,0.005330064384924044,0.001995189888864336,0.028110883663285863,0.0217181506874605,0.0,0.0017734749261406266,0.010797701547013497,0.0,0.006548804256843413,0.0,0.012148492748384022,0.04522029363889046,0.0,0.0036363239837782935,0.035052929221707246,0.07165173588778545,0.000183012648334233,6.690126154467932e-05,0.025353430973117163,0.02239290862594065,0.01591532495754041,0.028805222558727597,0.016209267971211538,0.0,0.00639568387142793,0.011591223033620446,0.018877808619391923,0.014851439450710905,0.028959639656175748,0.0,0.0,0.016805184619499768,0.0074055615886011155,0.031760309951782605,0.030899586366330885,0.019581957097193778,0.02916399857238887,0.0,0.010379327069101043,0.004165643145725811,0.03280390286547509,0.0,0.024049828318681497,0.04297928387916943,0.0268358074575571,0.03581771720360941,0.012973893463008642,0.04494242594875988,0.06002468606299702,0.012457861015844736,0.01773382944920797,0.02738707387491258,0.02789477640196306,0.02324183371292,0.025700817979008608,0.007710364932602855,0.0,0.015733855036451885,0.06475400141291607,0.06452800728848825,0.0,0.012113105270255333,0.004528366411714215,0.0,0.012804310585453295,0.035274783407225396,0.010652410095482847,0.0,0.031267851310808635,0.0018740055569375,0.04267067763373629,0.09060873534795767,0.0,0.0,0.045253953807120634,0.0,0.0,0.03710672085214238,0.0,0.011309297471662929,0.06060678240250334,0.027949260504819065,0.015764111550059134,0.017063002397250907,0.02203267742098785,0.023552218879779974,0.011012366928606866,0.03533714259689998,0.00238474973067929,0.0,0.013252735039594135,0.05707758092750266,0.013102252586256153,0.020668673125184157,0.008517396557960969,0.05100557128264795,0.023108878436314675,0.0,0.01706351139340437,0.05939130506208405,0.007723807382540556,0.006203074402217434,0.0033630644249670488,6.036951698266979e-05,0.004714191813881439,0.0,0.02853753738620142,0.014202946649730918,0.025432281578748238,0.0,0.023356156017285603,0.021641220655398554,0.0032204612612565047,0.05467924678364958,0.01610510474987929,0.0,0.014252507539600171,0.015101212013856778,0.04642829011525186
67,0.012545158467517435,0.02128080443914195,0.01381852794618887,0.007400790437065091,0.0,0.040008325894323744,0.006941828426857946,0.052791167612071054,0.0,0.0062203857137188845,0.02921050719906281,0.036242725906501155,0.0,0.008215746586894102,0.05377100965592086,0.016220847253885007,0.0,0.047671517996544496,0.03363104251087123,0.005786052722871783,0.0,0.0,0.020474319500824144,0.005745057639646741,0.0670955938479301,0.033641691748656014,0.022527718430267872,0.039456627045551404,0.001962632598759379,0.018801824726776065,0.012219399218486264,0.046070900172012506,0.04191439630045518,0.0,0.005715372192397507,0.0,0.0,0.006666067492670357,0.018976541422375995,0.04821066400434045,0.04762502996801946,0.0,0.03817978880142864,0.006765906138782881,0.04185605846203374,0.04722252569020305,0.000526620171869247,0.03448076905665994,0.031203189539317645,0.03345004505488667,0.0,0.006754767572375242,0.005745061687633721,0.00699306814854336,0.0007717252967281332,0.01680747608488305,0.0,0.0,0.0,0.0027044558538638105,0.04269209083002871,0.02783785948377267,0.04916779577200093,0.0,0.00483031435223709,0.0,0.012113105270255333,0.0,0.023517239043003225,0.003745099079218668,0.0,0.0015225611525182588,0.02436964590396757,0.02525732452221452,0.009798422857232874,0.029372148573019657,0.016095629574138997,0.03128242953767027,0.016782875775749252,0.0,0.03301375349593256,0.008765296504688398,0.048830200316960545,0.03652126367571415,0.05300425113099696,0.031556518998798876,0.021763342254024282,0.02744741028389991,0.02359412849930854,0.026464479056592844,0.02256392730801989,0.0,0.02749624964889439,0.025735322166374957,0.009089642050988809,0.0,0.04682012666712925,0.0,0.033914509832074786,0.001293342888609934,0.06272732618993089,0.009444172135030546,0.012232584717001308,0.015518622602268056,0.0017227306416075902,0.0031470807818757066,0.005091729119202808,0.02167814421822826,0.02256937781127778,0.0,0.01666664186129293,0.017668511026876478,0.013348271726649812,0.0023934607946463605,0.030939437651520033,0.0032929444839112096,0.027358020708166782,0.052695424014401554,0.015333484750585291,0.033324840175367,0.03847227850923418,0.01581591197929302,0.006182523279142425,0.043639997381355114,8.934508528315137e-05
68,0.02125872320865632,0.02883595854956428,0.026888535491896987,0.04482875394245202,0.012756162355716265,0.005180705455023954,0.016507549033290377,0.04117732847875762,0.0053288016894676455,0.021580805168424307,0.02664740409216457,0.03591002564589078,0.01168858123817556,0.020678444371071674,0.0,0.0,0.0,0.01728144475824085,0.02596178026037663,0.027849117341244106,0.023406754337662834,0.006688156550273144,0.018040812101128224,0.03594401453409484,0.0069949418309643435,0.005811844948414233,0.028025121816349217,0.0017569535308938123,0.01754497116207937,0.019007700988481466,0.025075807651430457,0.022410428151529167,0.00281143781511482,0.025158178335703964,0.02524743786691132,0.014569536575642854,0.0,0.01753758579419398,0.03132793056914675,0.0,0.014676825216693305,0.02481210347425741,0.00195879234953364,0.04306917197835008,0.012083048924953205,0.010095887860971943,0.012278408616608782,0.01451072686899142,0.018527920510453193,0.005131024266755461,0.0,0.04388873863323784,0.0200672169716642,0.04875510453664651,0.0029156665962151197,0.012706699235722407,0.0,0.0,0.014749138826412997,0.0,0.002144008173238208,0.03138767905488072,0.0,0.05084994191858395,0.0,0.04990246151850576,0.004528366411714215,0.023517239043003225,0.0,0.05068287093378644,0.03414785947603433,0.0239121563100677,0.058113122293200654,0.0,0.012194128100510817,0.019521111390289145,0.0,0.020513461219362848,0.036384996909854445,0.057221175095993566,0.03853209674738808,0.006728434735422877,0.009933338657466298,0.00688641873688809,0.016032615115946156,0.05546940144503485,0.015088665751359519,0.021225643335684583,0.010984736276292323,0.001640691075463098,0.0,0.0,0.04311055823820073,0.04865332596764073,0.0,0.04202566468466854,0.0,0.0022339798435893426,0.0016679478146423225,0.013817147272717396,0.03672871594992765,0.0,0.06600208917775632,0.0,0.014737597045741312,0.00689122465837915,0.0,0.049989706508605396,0.04594292146784479,0.03469015701047683,0.01880433722160508,0.007147663644746815,0.02099063321062419,0.0031013919158000584,0.0,0.03564119382491235,0.0,0.03012710417814622,0.0,0.025031669893750094,0.012112037536247434,0.04066689919032508,0.00861297534341549,0.062466510883125916,0.0
69,0.011350710539127049,0.0026462010229174114,0.01221154308084424,0.0032524939586008,0.022460769782117862,0.013402700865615503,0.0,0.00042166398597356713,0.031099460573151327,0.0,0.02842668378909639,0.04986852890801612,0.01416743284885915,0.018898198575154738,0.034068253774307104,0.0,0.0,0.0,0.012000674430797024,0.021565010079416316,0.002280685766314619,0.015654015952541643,0.018473149159455853,0.025996452099081274,0.0,0.02364847802545062,0.03835863736753267,0.03884314792592888,0.0006861928239705507,0.025289069386631193,0.04537737236361088,0.026908680231931794,0.00030239358051476395,0.01915608382719194,0.038202028407640726,0.006015647554983783,0.0,0.054315139284603665,0.05478065843168326,0.0,0.03683594467730459,0.0,0.02982963838842194,0.003908587762530306,0.0,0.026107834042260365,0.0,0.03790582481192571,3.06434367334618e-05,0.047043085609112766,0.05393082183508633,0.06098887500704062,0.009936163081009716,0.07261638675015929,0.016244163990807893,0.04388349563771093,0.015153220145597324,0.033752344351450136,0.0,0.0,0.006601987711240222,0.0,0.03907181205481467,0.0,0.014376442516601159,0.0,0.0,0.003745099079218668,0.05068287093378644,0.0,0.028681175473689726,0.025553469440752503,0.0,0.021129606533295722,0.027773813997922024,0.03460688558105494,0.02172004109675667,0.02499870928963169,0.01571591682190498,0.046120009125525996,0.0067668372415931,0.015349806810485882,0.08925730891663436,0.004064863959895084,0.0,0.0,0.015117293887499345,0.031943599212783766,0.002147788324166929,0.0,0.024705831700187888,0.01953203780474199,0.0142687071406683,0.013239918990702966,0.022398448860220514,0.0,0.015253616380550176,0.006891815658569411,0.026129325123139473,0.04371348599958033,0.012329056079944127,0.0,0.03786449767486727,0.0,0.020052316544888354,0.026435171855202916,0.0,0.050395686243197776,0.04196054874468705,0.06477064915950159,0.0,0.015575744185657527,0.0,0.023456702691963725,0.05247993057617933,0.019279742346069106,0.00773347753724136,0.04397089136389732,0.0,0.06267746033783117,0.024601498079833067,0.0,0.02206676699067079,0.05683454879496948,0.0
70,0.04366666897444077,0.005281920418105631,0.02150735937128255,0.05428481610994135,0.006041073149931255,0.0019287393121688898,0.0,0.0016070194048200446,0.0024125246813332425,0.017285689252095747,0.0033587750794275,0.036927657590848484,0.018834642165526366,0.016741509858199426,0.0,0.0,0.028603091769643662,0.01020945398430823,0.0033145361571606815,0.008754275563808483,0.0027549947740821497,0.023835844005854593,0.010090881012934321,0.004549868650740784,0.009538066754895396,0.06853291612596156,0.01622022114237164,0.0886093547163299,0.006196499470824122,0.005919991186574332,0.01357089807979986,0.0,0.0,0.03067334840570855,0.029829572806342113,0.010240272747169718,0.04865960535351187,0.03214593013112836,0.0027448673785683423,0.006163078638506194,0.061039274602043433,0.017884574399584335,0.0012986947209247535,0.00922015889347329,0.04289081168067388,0.03617865074486445,0.01032031671920358,0.04202181892732841,0.015624725844252384,0.03056593069165642,0.005410413707798681,0.002910649973716407,0.01343144816108975,0.05426649441406536,0.0,0.04925684389326686,0.025703895135558805,0.0035005870933575833,0.012174697658393789,0.0,0.0,0.02621892589420404,0.01069224310365926,0.008286318668771761,0.004514762560665919,0.010884820682246046,0.012804310585453295,0.0,0.03414785947603433,0.028681175473689726,0.0,0.053341605355471985,0.024708663055687394,0.0,0.0027859647062634997,0.019304891121516798,0.07579426353722672,0.054565939915782215,0.009334967435995609,0.02786528696207311,0.011471286073638226,0.022884663559770344,0.021942887918381625,0.03715833256971617,0.010204381327779972,0.0,0.05544737615463594,0.012391243699451666,0.0771497136564252,0.016969681119146842,0.0,0.0,0.0,0.04876395823589955,0.0,0.0,0.0,0.01297182782628917,0.008651906829854096,0.0,0.053967091942982826,0.03371241334713265,0.0,0.014855496528849405,0.0,0.04490421955809874,0.0,0.0,0.03211793893107776,0.0019060184980806746,0.02347686698722906,0.016499277879519384,0.0,0.008937933829843108,0.016550771442042752,0.0181176482700757,0.0011668137181348535,0.05803600760272889,0.06185971314126037,0.00794728155800101,0.023660609386286516,0.0,0.02670564803911626,0.018725271289071265,0.0
71,0.024067975831300166,0.0,0.03214173940530299,0.03462371485243015,0.005095532824278981,0.003847186887726263,0.0639892175023646,0.013522216842269516,0.018665369370629802,0.007172878267286098,0.016777928489049382,0.01929118444169445,0.010658913725879699,0.06982566110384296,0.0,0.022267924005886234,0.0,0.007727816661622363,0.00919400012811064,0.0,0.008449935968846377,0.0,0.028157690995705965,0.0,0.03950207861301251,0.02678836395927832,0.04293999767123487,0.0,0.0033858057027893493,0.022579419232640167,0.017585833005401993,0.020993854290827323,0.0,0.0,0.0145007574449058,0.00430491769005244,0.0310611769226168,0.014559727201830748,0.008404903115685564,0.05597218502870992,9.315902060547529e-05,0.009116860983853439,0.029242223648659835,0.02896695075188019,0.0,0.04684666765705393,0.08666968362309266,0.038631297099436426,0.021631180085730776,0.050839339013274955,0.022145724292839904,0.0,0.08441947409885624,0.0,0.031079896450299717,0.0,0.014826917465325572,0.04649196460337266,0.02096651876321377,0.004601505793923661,0.007027192063370392,0.03127733078609785,0.02742068969684772,0.009372610171945305,0.0,0.039222875174751884,0.035274783407225396,0.0015225611525182588,0.0239121563100677,0.025553469440752503,0.053341605355471985,0.0,0.0,0.0,0.02979884205854309,0.013786743809850512,0.026639410630390232,0.01978079477713226,0.022166467447169616,0.0,0.005492254740029344,0.0,0.042741675070783386,0.0,0.024424612553102187,0.0,0.016981644930841852,0.0055699366929315985,0.014395738867499439,0.07012369724894264,0.026284865261937802,0.025305483951956777,0.01562331465388672,0.04210982698639409,0.04768045985680678,0.026913055987837515,0.005485955264243006,0.029711662532041012,0.05314642334226712,0.0011308338266216246,0.0,0.026930188673640488,0.03191593815232242,0.026857818056631892,0.008756414206055965,0.016694867643435772,0.03607863423010667,0.0,0.015711508089965725,0.02041382213556765,0.01068328363591093,0.004905955419082841,0.0,0.029388818619776356,0.02507807498945637,0.0028878752597223402,0.03351964152868504,0.03444383184926044,0.019969347507338635,0.0139388704771802,0.035005154556380556,0.0,0.004540456537159204,0.01832188236526418,0.0
72,0.03984283215217943,0.03560383059867959,0.008450317367290117,0.030945957156935905,0.05056332455842963,0.01602713277451767,0.024850214841756105,0.011449197604132514,0.0,0.02266480354166897,0.009113793386003004,0.06054649502787703,0.0,0.04801089390460415,0.0452623593261368,0.016040318946730983,0.044660840434982495,0.02146626395853637,0.013822194585036527,0.018222567635519417,0.023612968773387456,0.04191929019857679,0.0,0.019466335055279557,0.0,0.04482255435679027,0.008577177173146612,0.0,0.030904706782848863,0.018759240148856604,0.010841590836434547,0.031403496741089186,0.0194785409406309,0.0,0.012849162077841253,0.027376007895501993,0.010823064767899656,0.0,0.0024044201205886883,0.044501669219564645,0.00657815268984684,0.0,0.03734407191447318,0.032924593552107334,0.03431887178953885,0.0,0.0208424485726374,0.0,0.0006524325063727126,0.0021342377832588282,0.0,0.018655943566050156,0.05649854762897239,0.028791272544574167,0.0,0.0,0.05981347148526206,0.005173972972653524,0.0,0.03804555825788827,0.06767021459331825,0.014811032638489272,0.05756887247134476,0.023552032543412812,0.008590600458189305,0.050503275032146605,0.010652410095482847,0.02436964590396757,0.058113122293200654,0.0,0.024708663055687394,0.0,0.0,0.060855306111328146,0.04671921466292385,0.023243640829344932,0.0366486786019628,0.01965964173494488,0.04300885361818738,0.02162231031122449,0.011139199886550108,0.007459861618641969,0.020596684607499076,0.03983433957257372,0.010830486771088707,0.0,0.02178717625143145,0.033259841259273025,0.04493632799232285,0.007543840411738846,0.03269524383812917,0.013748539178532766,0.0,0.0,0.007477285984397454,0.018362620117857383,0.05637668703610924,0.0,0.0314400606295571,0.014974066694823492,0.0,0.011050227818753786,0.011551486221854446,0.0,0.010937734224219068,0.06378485024162635,0.01898275625945366,0.010239060284635,0.04345671284967728,0.0,0.05632761841288928,0.04503382611106633,0.0,0.039609554115770926,0.0,0.01620938290617218,0.04692387883793441,0.0,0.04680910494202046,0.03326264256825021,0.048969938163543524,0.055565604282563415,0.02001554116502062,0.03555282655760903,0.03762760571758413
73,0.02038935678354672,0.043376628346343045,0.04093784953263254,0.013177208932723951,0.0266752790855166,0.0,0.07467375471898416,0.039643020675995365,0.04125857194604105,0.0,0.01407082137955755,0.025492277744925577,0.07060969076168111,0.016281039127502624,0.02238921723932205,0.035785745470599,0.024070408155476498,0.003924029401193161,0.02585402343470234,0.0,0.02152972944601033,0.052500914065661805,0.02718859987124522,0.019852516891262172,0.0,0.0025214445395183157,0.018142980782432618,0.006738146763213823,0.06133546424309522,0.046904352407650084,0.037758102174034504,0.004516111243437219,0.013337047642871533,0.04073059128878821,0.042023768380996855,0.025741951627059303,0.024197473587080204,0.04078851081022677,0.03914453523725008,0.0046594384782903025,0.005080936346554902,0.01013800575995187,0.00907175694462868,0.0,0.043902526562307864,0.014938501092575114,0.0,0.03277885612273049,0.052832671020439315,0.01568533909692335,0.006472313154951821,0.07057669012313983,0.030997612124552747,0.01805832266962763,0.03307938347240447,0.022170615148093757,0.033521330145805904,0.05084374703585678,0.0,0.0,0.009895565238262799,0.0373218001821465,0.03973022528870351,0.0,0.03292238951033647,0.031901691623374036,0.0,0.02525732452221452,0.0,0.021129606533295722,0.0,0.0,0.060855306111328146,0.0,0.017043575470356467,0.05742193239255368,0.11987305282120961,0.047316023757325985,0.021875623135599515,0.033264529683756955,0.07295893611799764,0.05758936658244307,0.03523135200394032,0.08618603708011936,0.0055296372571617255,0.006054328546335777,0.03227864585121086,0.0,0.00666124803893614,0.03788076221466857,0.00423187160216035,0.03538306173809845,0.0,0.06172623286328084,0.06355758018550271,0.006694742722002237,0.039692031790087436,0.021438866829645412,0.0,0.002346896208571815,0.028195930490171713,0.0,0.01589078551741773,0.020689044162321136,0.047881341385315405,0.030845110772556576,0.0,0.023851196603842453,0.0,0.001314235101761441,0.0,0.04230270806172928,0.04361617940461184,0.0,0.007467462331409432,0.01743962112616804,0.0045016300527296604,0.03815541506268758,0.061062254498621495,0.029092602245718663,0.08426503607945941,0.01951037026611919,0.0,0.02418495824862447,0.026729986296034368
74,0.004100800546678376,0.02521512468934914,0.02254120787496328,0.054730678957471295,0.040570135168525034,0.027378822793334496,0.041139287518548416,0.0,0.007527136098604207,0.0012985473314912927,0.0,0.05077029312730857,0.0,0.02127358168870854,0.020922281843262724,0.00025535650461075405,0.003883559523011773,0.0024267179971465313,0.06799919130048661,0.00175956363968095,0.016842009793546844,0.028575882959639674,0.0682459755031549,0.03468105467106232,0.02054660646696851,0.01107026676550611,0.018437277133480832,0.03520873976782024,0.0,0.031368467490117145,0.0,0.011040507359204388,0.029252655090424632,0.014302165767631476,0.025322496957503528,0.008301055003603362,0.009216384439790486,0.002092180991140129,0.02731093419151812,0.0,0.031025032366246482,0.011648971255584476,0.012552834103085199,0.0,0.005170033433587541,0.03338100007041711,0.01597242260781222,0.0,0.02874730007863273,0.02211967464752384,0.020665079015861627,0.0001075752949822149,0.035700471756819195,0.004948404062706241,0.0521281558278879,0.02660244240591478,0.002042545857005044,0.03963623169843128,0.007393727791477878,0.0015472352227711224,0.041921481489153305,0.015828283310674596,0.04258269476233602,0.023373781324978634,0.0014557723302916538,0.024433401177886595,0.031267851310808635,0.009798422857232874,0.012194128100510817,0.027773813997922024,0.0027859647062634997,0.02979884205854309,0.04671921466292385,0.017043575470356467,0.0,0.05801845882435513,0.03874062279610653,0.0,0.05035042972946372,0.0,0.02590446359280659,0.0,0.006150971318000566,0.007724976584481481,0.011421888748913518,0.0,0.038250314487520205,0.012058906462700986,0.08004951137718115,0.0074311265147180726,0.0,0.016165240670294397,0.030610837465950485,0.05046218975770799,0.0,0.028384988227770334,0.02273437953676146,0.0837092714348966,0.009874529369445932,0.0,0.030499001129572007,0.024400883845754884,0.0334301998181021,0.022722845123630892,0.03011574395214336,0.0,0.01679258216344361,0.0,0.0,0.02319475865640443,0.06395736416164835,0.021729425332569562,0.0,0.0055293318554364805,0.0,0.008702788987799444,0.0017727774490596793,0.02264244817757488,0.022356401071927608,0.018302900384794263,0.07166087174822616,0.08817875887879868,0.01419850225620702,0.0,0.0
75,0.0,0.018008919435417343,0.00037924636705586673,0.002433933625126912,0.030076001177674803,0.00896582694043284,0.03575791703443663,0.0,0.029718153566916046,0.0,0.01767432932348828,0.005098857243444529,0.01962714465123502,0.01225596617746931,0.0,0.0,0.022192085825068656,0.05191355237196869,0.008288369902238465,0.023705192249209986,0.01932122837772603,0.033460269062006734,0.0,0.030836548235557554,0.03477663757610892,0.019949490401518347,0.036913580025292346,0.03038579681944879,0.0005529443452806863,0.0,0.0,0.0,0.031766687601053056,0.009958469529982838,0.016870156781080815,0.038062843726216274,0.060251819787132,0.0010630484472847284,0.008557115076102038,0.006674661332939521,0.0,0.026421236658358698,0.023986436721589843,0.0102448758693909,0.004664740816070133,0.022584443042675883,0.06383510298334538,0.03296593187684393,0.0,0.015467121027085556,0.04184882611038919,0.02090684958055499,0.0,0.0,0.025310196661937095,0.021227263126379618,0.04261136153156637,0.02635788771064042,0.015730432071523085,0.007969993799823903,0.04596826525539875,0.020008168810129807,0.03177486146506976,0.06566579706145304,0.01114503675508394,0.0,0.0018740055569375,0.029372148573019657,0.019521111390289145,0.03460688558105494,0.019304891121516798,0.013786743809850512,0.023243640829344932,0.05742193239255368,0.05801845882435513,0.0,0.03627367670411539,0.07666821177124666,0.010400750392245318,0.03227482675574255,0.0,0.029525921630821874,0.03836611213344489,0.07212691557758757,0.004760405581960954,0.03940104546924587,0.026383272325509955,0.028083799796400775,0.0,0.04544373339262692,0.0008870902503653741,0.0,0.0,0.04383329272334433,0.013476444729365218,0.07163576337084786,0.013248032967502115,0.03255626997116526,0.004267480302801823,0.0014932793935565447,0.04067989073670029,0.02543105201852525,0.0,0.0544026540349452,0.0,0.0,0.0,0.038227931302084996,0.008262122211962167,0.011350919715595058,0.010535728873169397,0.011801418814231388,0.021391584212706087,0.0,0.03250967771504155,0.015721550655898135,0.016853362909741806,0.006170526550747053,0.018050714151499742,0.008784694686592603,0.01715717994029279,0.004428751709829438,0.045507154071635796,0.02035938297340736,0.0
76,0.0,0.048279172134598924,0.02947593206473062,0.0,0.00966148594491294,0.04498175986380551,0.03918361917432565,0.0024828626266680115,0.020270934633677046,0.02993749570486007,0.03359494079987342,0.02090555018738747,0.006603315884761191,0.017579509624220196,0.007622168295191956,0.03030701293605734,0.03405698565089382,0.11742297824276762,0.04965871033710603,0.02116605943202282,0.02536709845254833,0.03303908807381079,0.0,0.032148764589614354,0.0010336980887359541,0.044188927156684155,0.017392630481958927,0.08126872942661624,0.0070788904075692405,0.0019579128485107443,0.04407784132232689,0.0009009809896558291,0.0027918319275393446,0.01600086767412776,0.021188432631652713,0.020974693264902203,0.005192084939362015,0.009959375565100816,0.0,0.0,0.01922783594024445,0.025299983743911552,0.021080370357215897,0.017617059654210593,0.003707944896332065,0.009111615860255603,0.005015674390752088,0.010253238370498475,0.03637526423643501,0.040711238618949104,0.0,0.0,0.0,0.02910343676461552,0.027297191430073316,0.012577953916233653,0.0,0.0026822172472820423,0.0,0.03001382711992168,0.0,0.02406913997680574,0.006662777707708746,0.032877102777022035,0.08114286985242046,0.022014438364900017,0.04267067763373629,0.016095629574138997,0.0,0.02172004109675667,0.07579426353722672,0.026639410630390232,0.0366486786019628,0.11987305282120961,0.03874062279610653,0.03627367670411539,0.0,0.09480596032794276,0.20877299108424832,0.06941950372435655,0.037049914963431865,0.05649322378082783,0.11788931786526106,0.1773072522289574,0.09986950533848417,0.029385546540586824,0.027359873392400518,0.022535267393627424,0.0014889274939441793,0.05559690357319275,0.0397394186453001,0.0,0.026386122447371173,0.018076311089756592,0.004843581686786988,0.05827073746695288,0.0,0.043405698402256075,0.05540149631467673,0.009850334543220226,0.022262001103408407,0.0,0.0,0.04975660497095946,0.002301816455150829,0.009562367564788895,0.00714079003676954,0.026231245683729146,0.026141703477475003,0.001309304545255365,0.04919135209820279,0.06126495932551519,0.0049969062577006566,0.08006299971067118,0.03312902286866912,0.0055552565601291685,0.0,0.0798386547420341,0.10857437816959928,0.09364546275048313,0.10829954427474839,0.03831875446088443,0.058848429598491334,0.040558501813051887,0.017324561629681448
77,0.0,0.045858263042717576,0.0060690079157291145,0.0,0.012700008143898612,0.020298910632523162,0.03016952850608214,0.006717255506350524,0.0,0.0,0.00010913175349921872,0.0127427988312115,0.0,0.031426672595405804,0.05687867039906853,0.007346351748705879,0.016666078605821685,0.02270499728523945,0.00032614344076643565,0.04444439359575399,0.03837761444964404,0.043138715859626114,0.0,0.0,0.07353776483477327,0.0861612106788502,0.05090562900887254,0.03754359819341535,0.029807175258157667,0.0577088887842388,0.007261659529829233,0.0,0.03931107847370365,0.012757888732399478,0.027380941691044533,0.013133194989594366,0.0064587378690096125,0.051180488279136044,0.023244324949268133,0.0,0.038789976720827526,0.00928855510972388,0.009772138130750332,0.012767870972698978,0.025824785042618773,0.010065720568370951,0.005712037531653751,0.03713680754189929,0.0,0.025438771247302566,0.042800717278908745,0.0,0.02756703353572227,0.006966307715650353,0.053306764959049346,0.020991929820130317,0.02302839898185838,0.02437052177258337,0.028166737920736675,0.02788470404842779,0.06907918126409886,0.04062249726067421,0.04725586262988237,0.03727133066149164,0.0186461009975301,0.014576658818254911,0.09060873534795767,0.03128242953767027,0.020513461219362848,0.02499870928963169,0.054565939915782215,0.01978079477713226,0.01965964173494488,0.047316023757325985,0.0,0.07666821177124666,0.09480596032794276,0.0,0.053042018567591505,0.07845968121123992,0.0005022360238140071,0.02379605037327104,0.0737724948200927,0.07341836921535574,0.06132716187353612,0.04276988849951952,0.012954596133935747,0.03697697319785632,0.011258328280463109,0.02445959197624047,0.038736429883974015,0.017509366567500233,0.0014609513991613915,0.0,0.0407068100963297,0.005074024331628505,0.015199654641482995,0.03224688525354355,0.03908980757180124,0.031621276290455004,0.030484206930351115,0.025597728203054056,0.048312849046527016,0.03534105023381075,0.009110832235503376,0.037860170725809814,0.0,0.0,0.03472160323950346,0.008889867254464971,0.0011901502925135065,0.012106226293884153,0.0,0.043847010066246674,0.044965665855228536,0.0430886952947683,0.05899483446773864,0.018700849159747925,0.03431544698281359,0.09173373885941555,0.047033475836339586,0.06025968102717205,0.0,0.0583374326380149,0.012739412896592313
78,0.0,0.017004698692801985,0.03947810670488058,0.03320902320936468,0.048861243101566115,0.13356467974503486,0.01479077106344858,0.03809093383021972,0.02072691288082748,0.043685270005030016,0.04158156671358853,0.024116771355125088,0.032015368156127155,0.0,0.004878509615789514,0.002980474971636794,0.0063857563362883394,0.0199438069710127,0.0,0.031031764640237585,0.01208516759995078,0.04907377305683329,0.021320580319469894,0.0,0.008989473005322178,0.0,0.02803702337595395,0.016661647661504544,0.032567798522019485,0.012255221136864997,0.00169086254568643,0.03345942922401686,0.019728943150624508,0.004525615867159346,0.031145108854125348,0.0425146547650276,0.06222772809404763,0.0,0.000695877932542289,0.040314076550476786,0.023027364062074496,0.011214359740203761,0.03042136189212987,0.0,0.0349234231792719,0.0021231500913128413,0.002747069074389625,0.03254315474360871,0.035198464351880475,0.0022284099972519457,0.011626722375907794,0.032488566575707235,0.0253573603418669,0.06089729243192216,0.0,0.018638233537305454,0.01849185927897285,0.028607866823520765,0.013367880422425447,0.001198147370560362,0.0,0.018454988200886736,0.0,0.035912249934853695,0.012211207415986833,0.0030381008324454613,0.0,0.016782875775749252,0.036384996909854445,0.01571591682190498,0.009334967435995609,0.022166467447169616,0.04300885361818738,0.021875623135599515,0.05035042972946372,0.010400750392245318,0.20877299108424832,0.053042018567591505,0.0,0.06312637698831192,0.0552561061234224,0.030511116739708247,0.032698914802845584,0.13649974079198846,0.06489019931624282,0.08436782660072681,0.021895055834065043,0.016501366684925665,0.02299344224828418,0.0522469224686395,0.08514677676973936,0.03854608683287467,0.050626977982559836,0.002041885579426957,0.010519846723039508,0.02178650343250884,0.02167548009446114,0.01872983660255201,0.049888230514323756,0.022179361870988647,0.03572728815109264,0.0004939045999850344,0.04327465911386415,0.037142934584952686,0.0,0.022407336038538776,0.041321611126203264,0.0,0.018628600091961066,0.041923873347900896,0.053167001639037315,0.012563217479066807,0.057915413282033736,0.10400425765902228,0.03805307661979156,0.007556727417842794,0.04605698697563556,0.093638884664103,0.11310910447159402,0.07533872543715245,0.09921160739658812,0.054170313496362206,0.10776474472689604,0.0,0.03668967289582439
79,0.0033250465690677325,0.0,0.04017656349840017,0.0011607589498282074,0.04672270276688759,0.03153386983277125,0.004660963143583642,0.008064444823994677,0.02617932335895428,0.019772669058301672,0.014522416955238126,0.03725812963867503,0.012614109159210941,0.04060665978181917,0.023662153695925944,0.01278716215052532,0.019188038653273648,0.04397437007916998,0.0,0.0,0.0320190520466122,0.03413010714300854,0.02366488809431476,0.014934243180439717,0.0019147638925571624,0.006786440973892263,0.030011409461205937,0.0,0.035721738472872966,0.03199679103094162,0.03293599727179867,0.009029166945447307,0.0227813963375058,0.00828212801905237,0.04285899952506905,0.022152737090867,0.0,0.009609561973202025,0.025410985041990096,0.07015192272028635,0.0695801060558102,0.007351309615926792,0.023754972604435928,0.003357099849152933,0.03242141841562337,0.0,0.00012949739227918693,0.017097141616017948,0.004471775834721354,0.04078381787531227,0.059017830393526746,0.017903951891415224,0.007664570033884658,0.034603993717089276,0.06821336826211186,0.0,0.009442469160386541,0.0,0.007319297024464443,0.00858266742625408,0.012435442251396214,0.036119361668084646,0.0,0.0,0.0,0.0054317756734422,0.0,0.0,0.057221175095993566,0.046120009125525996,0.02786528696207311,0.0,0.02162231031122449,0.033264529683756955,0.0,0.03227482675574255,0.06941950372435655,0.07845968121123992,0.06312637698831192,0.0,0.015127413698602243,0.05456451384819093,0.06809283294354448,0.11861168475749698,0.1399417751545656,0.0437690553220188,0.012096580912290352,0.027674074449799003,0.046883825916233204,0.009079747361114209,0.02316787140725577,0.006069969506817696,0.0017161998904759409,0.02460758260477851,0.012616903708144677,0.005905937573568056,0.031624004329979666,0.020928476058841447,0.011528651720091541,0.020703250877867146,0.015146649416930539,0.010321285678660135,0.001525442412845888,0.0,0.0,0.02142053695678745,0.00579743247546708,0.03590200441159943,0.0,0.013223425843014183,0.04844335125239,0.028117674630780378,0.03875338836741305,0.030288575228887418,0.01537148347219824,0.03160571647023215,0.0735791263590259,0.03921809443860581,0.060858292691724804,0.05553040333361526,0.06397488483103966,0.05737888502707374,0.03486105567253857,0.05534858665631327,0.022363829420949756
80,0.034771771968436546,0.05395236955920015,0.10303542005292922,0.02530338851678757,0.05320636565181447,0.14132410951642993,0.010260582613886994,0.0056931458433090625,0.002573440789730708,0.015436852362458734,0.0,0.025184831306624276,0.011419156501641969,0.026656167437398025,0.022747628757489285,0.0,0.0,0.018190893209397794,0.0028720391511881486,0.010107156077232818,0.025936336311468546,0.0038000248150503375,0.009978746702274116,0.026602985348698465,0.0006943475877660592,0.04003242671131601,0.05289136639235335,0.041513371266105034,0.0,0.04699000878950659,0.015606735613049288,0.00978564219084304,0.037889910135603194,0.021859619175411252,0.013569845460305346,0.01895959359480226,0.03938639064952093,0.03789928429896358,0.026595146491715096,0.005566676340724369,0.04935168408772455,0.024788393615900812,0.02702208271577457,0.01250275292051517,0.0,0.0,0.0,0.01186251262613338,0.053572752811666055,0.05262352740530094,0.022950266774399482,0.0,0.003792890261003035,0.04281710060141193,0.01336888110354182,0.01897520849899969,0.0,0.004442313882161965,0.03984064818846853,0.005731497399975687,0.010318730111762157,0.07210501556246127,0.0,0.0,0.01908340390673584,0.0,0.045253953807120634,0.03301375349593256,0.03853209674738808,0.0067668372415931,0.011471286073638226,0.005492254740029344,0.011139199886550108,0.07295893611799764,0.02590446359280659,0.0,0.037049914963431865,0.0005022360238140071,0.0552561061234224,0.015127413698602243,0.0,0.08192154267378066,0.14625889230939132,0.1305664202443529,0.11203235169013988,0.22706966078288993,0.06753234734695794,0.01891729447768743,0.10460090904556472,0.05978479728052318,0.013442711590928831,0.07278287094623076,0.06068003007246166,0.0,0.039815267420382085,0.003727101313656432,0.01759620253687863,0.03773375752797633,0.01476643544624084,0.023693251036012282,0.02897679775924772,0.05278871959945035,0.11321787264875019,0.03010487780002688,0.005844258353855798,0.008367620912440915,0.026114115132184743,0.0,0.033848735514507955,0.020952605054397156,0.07409976967263121,0.008567508940683892,0.12367937844968062,0.03373866090099668,0.01966471716269668,0.030347245522966915,0.021447011456708187,0.2248440792581899,0.017098976944369584,0.17654172685059297,0.08788324865946175,0.07773410020417873,0.09648516068640786,0.08355275416354811,0.019721129596969394
81,0.038648119284828995,0.021988827271922383,0.10477061425606995,0.07927758086549522,0.03162029381388263,0.1483342446714227,0.04271671137873433,0.010747828193939718,0.029269897616515703,0.031730122829861325,0.030687082837687694,0.0,0.01848027807407935,0.0,0.012974811548006294,0.003205587948118323,0.01719860071266044,0.0,0.009219479436108487,0.04097344724051919,0.027734236041824335,0.01949114623932276,0.017799044524588258,0.01427532474255134,0.015941223001536674,0.017288060680285183,0.016319145075077146,0.029144030251322187,0.03679742955522015,0.02553360559939899,0.04597151987127514,0.0,0.037427934730665524,0.028382909327245406,0.03771200200730414,0.0745722974926273,0.008891301824450217,0.01695159041668035,0.1446554446355903,0.18889643404183473,0.08643304630794375,0.02877880560651242,0.04011866119829895,0.0,0.00414484832101473,0.0,0.021956980389893778,0.0,0.008748263595043406,0.026603978341128553,0.013782956878518552,0.00040022333986094197,0.04814363822703876,0.013243305725224488,0.0,0.015593840660831242,0.005120334884520058,0.01807608014838308,0.03766688979067701,0.024337466030927905,0.004917073474625017,0.0019464949284405929,0.0,0.02792210037312582,0.0,0.05589377795760018,0.0,0.008765296504688398,0.006728434735422877,0.015349806810485882,0.022884663559770344,0.0,0.007459861618641969,0.05758936658244307,0.0,0.029525921630821874,0.05649322378082783,0.02379605037327104,0.030511116739708247,0.05456451384819093,0.08192154267378066,0.0,0.21478418675296296,0.31847717708290324,0.2090604464379131,0.19888205566398362,0.2548432471057611,0.09263179227960097,0.12731710677357833,0.2814304736177625,0.22035148587546993,0.1290864302532778,0.0865786236811697,0.03979505016847681,0.020723172432989826,0.0411767240491748,0.05052400812686083,0.028781847361348298,0.0015831513561728224,0.016733166510890688,0.057900818957421885,0.12134088058395011,0.0969079886054386,0.04950228259344392,0.0,0.0,0.031967682942138795,0.009170576959962234,0.03612726313130787,0.033697204851474934,0.01481963186959732,0.12959838996371448,0.06109046355408259,0.0075887863281812505,0.01598048963365011,0.037960334793763,0.18405721365699032,0.4064554618174046,0.18874243083004572,0.36166999243411213,0.1915271819842907,0.1679979307459209,0.10254990398357555,0.15007483875757896,0.12897142530652655
82,0.0,0.03457460393289407,0.2704568451131666,0.13837838380927364,0.09586231860803995,0.26415527268905936,0.07038714199033672,0.013204063526510754,0.01046383094595999,0.01153256248972494,0.01602213970372562,0.0,0.0715182000150533,0.0,0.0076750896378615,0.0,0.016417244191548715,0.0,0.0,0.030210195555363282,0.020154905344520725,0.0,0.0051802296216314605,0.016007802980184036,0.0,0.026983239761052658,0.03077340474896322,0.06786922892057727,0.02654859966467026,0.015249915607320272,0.0,0.025911842630186626,0.008214169642941794,0.010085829771240765,0.10062488660111889,0.07610997838898043,0.018903731924370483,0.03861901794795004,0.07051730569731143,0.12301155190822224,0.10393676629606194,0.007254102689208115,0.04127763395512484,0.01161738914924946,0.01409824581970387,0.030255806772751307,0.0,0.015716958976415337,0.053433821059782276,0.0,0.0031140853130396293,0.006185651577294712,0.013708010069422252,0.0,0.0,0.01814174204550995,0.0,0.06055619307435774,0.0754263138922771,0.021620904376168495,0.0,0.013715712755435542,0.01727847472504809,0.02753583455967939,0.031745339391312494,0.011164020461542405,0.0,0.048830200316960545,0.009933338657466298,0.08925730891663436,0.021942887918381625,0.042741675070783386,0.020596684607499076,0.03523135200394032,0.006150971318000566,0.03836611213344489,0.11788931786526106,0.0737724948200927,0.032698914802845584,0.06809283294354448,0.14625889230939132,0.21478418675296296,0.0,1.0,0.6252959775244945,0.40431256451455705,0.5363417451796089,0.25178785209140575,0.20205016062224043,0.4206312061164226,0.5011551973388804,0.5219743124402428,0.15410201312944266,0.06472909250568157,0.030671636983645358,0.06155071504691009,0.04305979950101342,0.03199695215147408,0.052014699880362454,0.025500715148914596,0.0641294681066838,0.2321811000130627,0.15114771985444667,0.02462608499423113,0.0,0.012383535536615543,0.033360651558321235,0.0,0.005561740425637814,0.16318228683408656,0.16700365836536332,0.15537400291585357,0.07619002042736217,0.028806205142606938,0.028515441811869248,0.04510470030360047,0.3079049981855271,0.5888288878686558,0.4012212276418994,0.4448482985142989,0.45791503208778933,0.2892386833662185,0.24634962659040008,0.30900432963890556,0.24632954269291685
83,0.004065587067819938,0.02504350875299985,0.3378495907109127,0.21029909350543274,0.20853474276750142,0.27402568933726335,0.067812945321659,0.0,0.0637753355899261,0.0,0.019669594048998394,0.05268246903816079,0.0,0.0041297097361898925,0.027346731693273316,0.0,0.0214857997428027,0.021422052115541445,0.002852604256858219,0.006020990554747985,0.07138594294361804,0.011983366977567278,0.04152685145106443,0.04686447582512049,0.004435311539083116,0.021477656028588924,0.04423296865874381,0.016029700854900304,0.026501518239903085,0.02901364939322859,0.04690914882072431,0.01833408030908756,0.02815161952783187,0.05370053709528419,0.10388421411279435,0.12582872452819954,0.06431361872489466,0.022267643172665386,0.15987772005014525,0.17375091873860782,0.10430967646156927,0.031011679858031167,0.033463734535576904,0.011593496846228808,0.02440318900863939,0.0,0.0,0.05900707070327287,0.07651922610406336,0.04460862456948,0.016876997225218817,0.03459253798514958,0.06328388873634858,0.08274332434314473,0.013990929806072585,0.056878151213380065,0.025086975291209856,0.08317910397380748,0.2517882821934799,0.06841907063895565,0.04367725324160573,0.0003167761471031608,0.01045089519848636,0.08921978449074584,0.03306505268452625,0.0,0.03710672085214238,0.03652126367571415,0.00688641873688809,0.004064863959895084,0.03715833256971617,0.0,0.03983433957257372,0.08618603708011936,0.007724976584481481,0.07212691557758757,0.1773072522289574,0.07341836921535574,0.13649974079198846,0.11861168475749698,0.1305664202443529,0.31847717708290324,1.0,0.0,0.9167955458795256,0.8947449153659442,0.9765401019230139,0.22433528171265232,0.33752557394051563,0.6136461135693838,0.4598818794905511,0.572938759243103,0.5498043436991668,0.07871885808852436,0.023544563535256125,0.0,0.021286808462373838,0.050762287440000095,0.1142586294492708,0.09130543229237874,0.11481385764921571,0.4215656296224022,0.24502272690906782,0.07582683232312944,0.05402303438710694,0.01817397193390749,0.008718402563216609,0.0006537681758061241,0.058725192566828496,0.16342315476518793,0.15097323410156185,0.13818884749952295,0.03505228749742186,0.07508979122320698,0.0003049931506857224,0.03843087014120626,0.38670195152472536,0.8341396229260551,0.735061340899219,0.6423710583048159,0.5199353256787951,0.3378177144116759,0.5306721348902264,0.4744540504054719,0.3091082056879585
84,0.033861740118792866,0.08032463623250254,0.20990785538684092,0.1451026552409232,0.09272334511135877,0.28508559499771846,0.05664900187825575,0.0,0.004409556309617792,0.010425973587977066,0.0488776032796406,0.0,0.004099335916839756,0.0,0.08909107555508311,0.02410225552608574,0.0417086498662221,0.01046427771720631,0.0,0.10686177730012363,0.05179578269557862,0.07765510143927336,0.012020680271427171,0.0027654652551984825,0.044886188257657986,0.005137254452519584,0.08337733586978668,0.006352208610539065,0.004443138312626418,0.0,0.025556821833888348,0.020623729033738686,0.017268577723435166,0.006471602078006791,0.06323626061514925,0.049612991222081494,0.018653717846273104,0.0,0.19273068709317165,0.1141020750673243,0.07015432687082696,0.018750736853217823,0.00284926170750271,0.046832310476367864,0.012878597286179022,0.0,0.03941691194632321,0.0741530166953221,0.03392086331552957,0.026776966291038335,0.008200693145076026,0.022623112911354392,0.08411914578428653,0.009176365412757754,0.0,0.011497979140103835,0.05096588063508812,0.021073954087988584,0.10591540585672485,0.027284333691033696,0.04697020914068548,0.023979253888587827,0.04237820485229975,0.024564889410742752,0.0079837421535945,0.032301785045382565,0.0,0.05300425113099696,0.016032615115946156,0.0,0.010204381327779972,0.024424612553102187,0.010830486771088707,0.0055296372571617255,0.011421888748913518,0.004760405581960954,0.09986950533848417,0.06132716187353612,0.06489019931624282,0.1399417751545656,0.11203235169013988,0.2090604464379131,0.6252959775244945,0.9167955458795256,0.0,0.35498856158311787,0.5460474187192951,0.13559378496680474,0.19615712822226097,0.49538765585683514,0.300275473544926,0.28227290997616045,0.08610505708095026,0.06555664905179631,0.0,0.035853408619856204,0.004514388379917441,0.062041432155627775,0.06849002976441075,0.07199347333230911,0.07102626109685932,0.30775477065669316,0.13253363883971372,0.10690836770114524,0.0,0.0650001978199981,0.017268668222925353,0.00856792404135062,0.014435412157280869,0.12678383639273427,0.052394193816887986,0.14476104469418302,0.018013079224764965,0.025814278521774276,0.029334583255439084,0.0,0.3756076183079306,0.513545220801811,0.24922159209316622,0.4448086627535997,0.2770370847070257,0.34970937978351957,0.3284826552209251,0.39426644032302166,0.3010028981828095
85,0.05980600964127103,0.011551451629677998,0.25219875897692023,0.15305257015881452,0.17503531862189659,0.2822840709357296,0.08183450330664338,0.015620468376050776,0.013699930562213311,0.025517012657358583,0.055898523245325814,0.015802031998821665,0.0544539019635219,0.007121189337775835,0.04844533312437677,0.024531364661932065,0.0010563390755125152,0.054176559304997256,0.022918172454468512,0.026104279555336098,0.022897259460235693,0.030872737915866817,0.03289812629380577,0.0038060886802016385,0.005779613583171387,0.0068943742845310185,0.025085243348003813,0.005965161240342819,0.026794470152292603,0.03600953631176991,0.0028699712290643706,0.030560427977998895,0.005235818156167389,0.031037232741846894,0.05590446691515559,0.2336301421402308,0.0,0.03431094655449524,0.03071937858212618,0.2699278573696302,0.13176066330846836,0.00877740002977631,0.00801098204440819,0.028215815992097257,0.0,0.033182050172369075,0.031134881927502207,0.03042879572910084,0.09266608256189189,0.006426379991910379,0.005943606289375637,0.0045090806364418215,0.04419736073104136,0.028893605020056022,0.018666950503926277,0.0,0.016224234973288048,0.07545283333291339,0.08224845823415579,0.0165791219164516,0.0,0.0,0.0,0.01343634272979185,0.026165453771963994,0.041106995688872015,0.011309297471662929,0.031556518998798876,0.05546940144503485,0.0,0.0,0.0,0.0,0.006054328546335777,0.0,0.03940104546924587,0.029385546540586824,0.04276988849951952,0.08436782660072681,0.0437690553220188,0.22706966078288993,0.19888205566398362,0.40431256451455705,0.8947449153659442,0.35498856158311787,0.0,0.4307287382004793,0.21836025991490346,0.18652104299914707,0.2359819076109619,0.14393433149981463,0.14506985095109567,0.28701962664600245,0.05581798998108724,0.02899479125164996,0.014642528379507308,0.02363743926572633,0.013165679098908964,0.0399927279979165,0.08587007221215816,0.1104779569539263,0.25155533820501186,0.29531159847953203,0.0012703704704213887,0.0,0.04078885002686489,0.0,0.07047552100611491,0.0057406595910065045,0.03823210624960676,0.14795170255899548,0.03718999165363095,0.017753073891363977,0.060934042449974746,0.0,0.06124743271400745,0.10542874793095793,0.4155821683813866,0.35840005614358866,0.4341476118462353,0.08348443197703138,0.2509530201208791,0.3033145548022081,0.2500934286537032,0.19477194876572715
86,0.0,0.014434423279017145,0.26361409883190534,0.13537729017208286,0.10102640708110622,0.21862407988739943,0.03799003712494436,0.0,0.0012755460685309732,0.01648536420634363,0.04932281466350619,0.013621905860883098,0.010221233004015257,0.0,0.04107332333192466,0.039067566614977914,0.006214981114059273,0.04504891556606758,0.0,0.017597838488069412,0.02723793454730625,0.0021449888958895574,0.0,0.0477732287374564,0.00741978314073164,0.01596629474027106,0.09254139630757816,0.03219875445874463,0.0494792196079546,0.005579384971039954,0.0,0.05767967897150344,0.033583520749982554,0.01671614285775805,0.05998863131071268,0.0356288669705243,0.028947326184394172,0.02325069857218416,0.16354644856160572,0.07241277286134654,0.0632103791380024,0.0,0.019520780391037967,0.05315721791495917,0.015184270260894308,0.024729415205703733,0.04342902431152995,0.04837087162452383,0.09761485474143008,0.036523228791915406,0.04368579722349231,0.02616746964501703,0.025008214738413304,0.020698298223640534,0.035940246614407666,0.0,0.022613298203648467,0.05207620887421701,0.1617650740394937,0.008150238496597809,0.043983664261317286,0.03366812480724112,0.0,0.0275453940643747,0.008970277643760122,0.049514683933374694,0.06060678240250334,0.021763342254024282,0.015088665751359519,0.015117293887499345,0.05544737615463594,0.016981644930841852,0.02178717625143145,0.03227864585121086,0.038250314487520205,0.026383272325509955,0.027359873392400518,0.012954596133935747,0.021895055834065043,0.012096580912290352,0.06753234734695794,0.2548432471057611,0.5363417451796089,0.9765401019230139,0.5460474187192951,0.4307287382004793,0.0,0.1986695085774054,0.17824338701598888,0.5225758179214499,0.3829957253512802,0.3900548821976722,0.23000634702643938,0.07717337075504958,0.009886875565562895,0.034193008392263226,0.013002412658886688,0.008605073863832371,0.037536535027610306,0.01771863761800507,0.060533751952043205,0.267644455364991,0.0998522812411944,0.08707273638341281,0.03909049297245642,0.023036116068040437,0.008698331301067704,0.04934091804746074,0.01803044649762812,0.0862061937717242,0.06602539630598801,0.16420566703944023,0.04536426898961829,0.0,0.08683141002865058,0.013794117186479847,0.351555142093469,0.48341938429410836,0.44917844269955837,0.3146748550644989,0.29542084533889146,0.3096422954868247,0.28243029856690677,0.33395221620511245,0.24022036819294174
87,0.009387512220445742,0.025629793853314903,0.04917554719439929,0.07891776748637805,0.11294128826648989,0.07001605649222334,0.002557133097888968,0.022854342961204397,0.052621162166193586,0.019363747479537386,0.051900113059281584,0.0,0.03663072059748793,0.04731462815351967,0.014511377485360397,0.007968268910611498,0.0,0.009167585877285354,0.022541070438153624,0.0353207538983092,0.017339886384485005,0.03064981496591748,0.00651882790655755,0.021318382285567823,0.0008077638240530218,0.06382985350913145,0.08415030200511364,0.04412072429265024,0.01463271509722504,0.05242134114386784,0.0161613756979421,0.03818686349636187,0.06733254794869489,0.029996839203630474,0.06923606767762698,0.07245899303773613,0.015368075066930427,0.02387155137784449,0.02829298025226557,0.05347880081006886,0.07907580749604057,0.0010810202532288164,0.04995172885773737,0.024081759923815692,0.0,0.03783369072843191,0.0,0.08234225871371179,0.04908708544674286,0.045063039665479074,0.007659241670303174,0.0,0.015530095256895603,0.05879035872359503,0.0,0.0,0.0,0.01829132788810624,0.0,0.044560589651811526,0.028484746447523794,0.031151860107748005,0.0,0.024615801450021447,0.0290529431430821,0.018678088285769546,0.027949260504819065,0.02744741028389991,0.021225643335684583,0.031943599212783766,0.012391243699451666,0.0055699366929315985,0.033259841259273025,0.0,0.012058906462700986,0.028083799796400775,0.022535267393627424,0.03697697319785632,0.016501366684925665,0.027674074449799003,0.01891729447768743,0.09263179227960097,0.25178785209140575,0.22433528171265232,0.13559378496680474,0.21836025991490346,0.1986695085774054,0.0,0.08236816930970488,0.1794347283694851,0.16819904960285234,0.13936306703441323,0.05257323167763266,0.07030558083173116,0.0574514420063265,0.0007856347075346486,0.026087641246459636,0.023389761196913276,0.07320978605094618,0.02635763592257914,0.009333010977575277,0.06731357419215468,0.005569923990341709,0.017613743329813174,0.017960653788931507,0.014942937885770342,0.06351738857150965,0.04511653356725096,0.0,0.0046027160432040755,0.010734421400496692,0.02724942991571706,0.008682988558546972,0.05878467216308811,0.06662630155695816,0.03422042624122102,0.15305727145300646,0.1415048683335631,0.11046319692301707,0.2299109495955633,0.0919516564812129,0.14799162715264647,0.09496825703927236,0.10144522751555826,0.058231064568043195
88,0.007769508072479763,0.007723923934189101,0.14798252015391516,0.04466708903195728,0.0164255897754208,0.15493327373334387,0.0,0.0,0.01427430798625408,0.08506403399896537,0.05808572069590861,0.019359239222729422,0.029881821329196017,0.00758604705119127,0.03624176217911285,0.07253133813190221,0.0359780429538966,0.06053757732141975,0.06444522803611334,0.0,0.03969130433213892,0.036521259859541085,0.05402195013949661,0.028970892749031023,0.022182818924644146,0.005996407524937253,0.04067005966584044,0.043170724967489825,0.04398645546300511,0.05695766168222169,1.5488570361731655e-05,0.02093324111672023,0.04343099959226099,0.019388596885534282,0.03278895501629494,0.06303082164993523,0.03306081068187515,0.020335429935881326,0.0715796496880315,0.14833606744609626,0.08644799901893603,0.0156768868463732,0.030955946409961296,0.02012487847405203,0.01654528863465718,0.02324097467243779,0.0030807965570579183,0.04228422166393493,0.00488758189479431,0.08302185675058066,0.04497911663252728,0.04330212571334292,0.02700764379503243,0.01635149953865974,0.023810149870315597,0.0,0.021031662492887758,0.0,0.0729745642612459,0.029335853022568963,0.0,0.020225267034078204,0.017475329922494873,0.04461603280579565,0.038262024011135,0.0,0.015764111550059134,0.02359412849930854,0.010984736276292323,0.002147788324166929,0.0771497136564252,0.014395738867499439,0.04493632799232285,0.00666124803893614,0.08004951137718115,0.0,0.0014889274939441793,0.011258328280463109,0.02299344224828418,0.046883825916233204,0.10460090904556472,0.12731710677357833,0.20205016062224043,0.33752557394051563,0.19615712822226097,0.18652104299914707,0.17824338701598888,0.08236816930970488,0.0,0.2126014859449414,0.17717787232019566,0.1119849282304144,0.12273081230508064,0.0,0.01716872883039907,0.0,0.04649904242427668,0.054478149954566464,0.02407220347810693,0.03707399110704487,0.015847958660552806,0.0408567329464367,0.06495932679744314,0.007694144577743791,0.025245507713508808,0.036444916673226725,0.030344144796829387,0.006987744014976117,0.08004869725289267,0.01320643163178268,0.059048973722278644,0.09541396997497903,0.0018048486936595657,0.05846906200224822,0.0,0.009418628566837603,0.12488005049378048,0.13664559442028001,0.2954799196823393,0.216106643210319,0.19848446969481023,0.14580928962643758,0.0,0.057370836940544484,0.031068757213602558
89,0.0,0.06740595491621394,0.1604304848990756,0.16796156391974454,0.15373960253801175,0.1848507315193175,0.07167009243802844,0.044198593029283764,0.0468572824637203,0.008191818554121166,0.026146105978349623,0.008897856003221042,0.021928760913467286,0.01144396671865811,0.01813737143853373,0.091055112351645,0.0032064315345496507,0.019885054699785812,0.013452791649268983,0.022857153259475564,0.017220627204942572,0.003509272031618317,0.050874784283567225,0.028322581797400492,0.0,0.010944721239842102,0.0628070266316204,0.04943593176649415,0.03876826605183045,0.01677164586537159,0.033906987974475576,0.016174925878693736,0.0019471886764483685,0.04413501348137786,0.034206248776692406,0.041674415738992256,0.019308922628887296,0.04532199623596031,0.10459591813549447,0.16762107868999207,0.0728485629959657,0.006514585969212828,0.02882759327716665,0.03215414279990254,0.03592589204386864,0.029370689641737103,0.03376071392140147,0.01691533786919937,0.050224923860812176,0.04135525033058969,0.008838729096537285,0.014234357469171231,0.04085193542349389,0.0,0.035982247429014964,0.021779502073757492,0.0025983209712416833,0.006500009687706694,0.10217148496370955,0.08160176101336535,0.0065041428547251,0.021856829626246577,0.05430597606205407,0.023553299655939837,0.04714230643497992,0.007168413866352327,0.017063002397250907,0.026464479056592844,0.001640691075463098,0.0,0.016969681119146842,0.07012369724894264,0.007543840411738846,0.03788076221466857,0.0074311265147180726,0.04544373339262692,0.05559690357319275,0.02445959197624047,0.0522469224686395,0.009079747361114209,0.05978479728052318,0.2814304736177625,0.4206312061164226,0.6136461135693838,0.49538765585683514,0.2359819076109619,0.5225758179214499,0.1794347283694851,0.2126014859449414,0.0,0.4859004894286209,0.35201533408186053,0.07856817492937906,0.012682535065260113,0.05290934631568534,0.026448427006053758,0.0,0.01916764381308419,0.10181925998833893,0.053478994262935176,0.0601461257307456,0.24864480169653158,0.14177747245814962,0.015123237636575311,0.00023408531982056907,0.038903738808827644,0.0,0.009350844427429833,0.06558942240568702,0.04395234470551941,0.02654528083426258,0.16148997448674562,0.0,0.0,0.025189692748929834,0.0,0.27062242766968725,0.45386976325266404,0.33668306642208956,0.304230090748653,0.3076861681304063,0.2902556226294585,0.32023937595089286,0.3341308875659303,0.21851220400862692
90,0.04839464889778288,0.0,0.11068886267033656,0.1526691600680331,0.07771622440751821,0.17854188829210355,0.03584671226307044,0.011711786177351793,0.028144896474226813,0.02997337310919908,0.05935385941099813,0.05775582120818898,0.013682407723312834,0.020152790614938475,0.02174412753485748,0.015013735143908899,0.0,0.04291037884363358,0.06877174648576974,0.0016167665438961117,0.0,0.0,0.0,0.006070939377822456,0.009715125928775343,0.02924843232549622,0.025343041876447394,0.033227207493959666,0.06506009687895542,0.011401216122947855,0.0,0.029523512217982745,0.023943921853773458,0.01675456717822265,0.05205982822432366,0.0509400557313768,0.037097472292415834,0.026719581985592065,0.1764417942212207,0.12047597683713483,0.044900212434184635,0.04553979520799251,0.023506255116673796,0.018334922074965267,0.03314454887984334,0.037749303679323075,0.017454477984227897,0.023549045327878618,0.030781189018765902,0.04167773496393368,0.03435198497083334,0.0,0.008245692992947607,0.03627463383739031,0.009067721554464642,0.04447584587978355,0.020355283251709617,0.0019593147676228158,0.10802028356086522,0.028423339839305766,0.0,0.024570144361344335,0.015115813856550973,0.008919752223000272,0.019755902222961707,0.013069870111597569,0.02203267742098785,0.02256392730801989,0.0,0.024705831700187888,0.0,0.026284865261937802,0.03269524383812917,0.00423187160216035,0.0,0.0008870902503653741,0.0397394186453001,0.038736429883974015,0.08514677676973936,0.02316787140725577,0.013442711590928831,0.22035148587546993,0.5011551973388804,0.4598818794905511,0.300275473544926,0.14393433149981463,0.3829957253512802,0.16819904960285234,0.17717787232019566,0.4859004894286209,0.0,0.27763542009609193,0.08323220928777261,0.07688302406104348,0.0,0.02493071195851209,0.09427650259820607,0.009245161434434523,0.04103448498953081,0.052428932381773284,0.05594528057672057,0.1264475241491442,0.05069137711642566,0.0,0.022584041467656003,0.06307628434484347,0.0,0.0,0.06843863817911214,0.021979732926515075,0.05597867276680167,0.1449570423035593,0.039866064539938496,0.01940222008193122,0.08534513535827512,0.02929348437419076,0.2706747358513248,0.29567802413610267,0.37332825863165514,0.25379732991215864,0.39511940714815796,0.17316849265120973,0.19496350462130457,0.23313004797210585,0.14466822602184717
91,0.0017422282752988004,0.025296190008706778,0.11391266724011494,0.1221271185459403,0.0914483878174469,0.11954680680094944,0.04140524942018585,0.041919056103061625,0.0,0.044146918033600706,0.03157689086440331,0.006902647014840085,0.00048813302689015267,0.0,0.018712433972669074,0.0,0.0053538504661773244,0.028503125668303056,0.015000757804541907,0.0,0.020897117385184103,0.03462479115771375,0.0,0.019668198497484742,0.0,0.09280269389415852,0.0,0.07397583346599507,0.001350167083950835,0.0,0.01690602761734175,0.0,0.0,0.03223178934448711,0.09673866970616833,0.03163376129087799,0.0,0.0024380998174598806,0.052558984316770085,0.15304878603953223,0.03545297343149987,0.0,0.0,0.0394095934114198,0.003458165733701403,0.00920582924085077,0.05241092535388687,0.03157043454711356,0.015192471890199838,0.03631946138579569,0.0,0.016562899793820557,0.02312614903956693,0.00523005878273195,0.02318928891470433,0.01572939644836451,0.012157395654729836,0.10902503221581067,0.2806643008540466,0.061448806599656396,0.013514887198588088,0.01665111875871441,0.08093605218440743,0.01430402918012594,0.025396893595028922,0.04260071579941451,0.023552218879779974,0.0,0.0,0.01953203780474199,0.0,0.025305483951956777,0.013748539178532766,0.03538306173809845,0.016165240670294397,0.0,0.0,0.017509366567500233,0.03854608683287467,0.006069969506817696,0.07278287094623076,0.1290864302532778,0.5219743124402428,0.572938759243103,0.28227290997616045,0.14506985095109567,0.3900548821976722,0.13936306703441323,0.1119849282304144,0.35201533408186053,0.27763542009609193,0.0,0.2949479177518494,0.09867616027306346,0.06532156496213869,0.03409195419728955,0.03340013416240731,0.033885327793884236,0.09100520127966288,0.045718877181806485,0.07775025021881161,0.217953948142879,0.1324256055746205,0.0028060850803872856,0.02244593024246179,0.0228173014473952,0.04436765588808657,0.0439426348797541,0.03495602387617092,0.07109360461889114,0.05356089382501429,0.11417585041368605,0.0,0.04361619748795332,0.017322981357229,0.0,0.19271322689529408,0.3492460584048502,0.2697389211060178,0.20452612158665917,0.23503348700507126,0.14919706015330625,0.15437080331470474,0.199711126408994,0.1542468349324358
92,0.03379322062505295,0.018729004138413566,0.11905363777191043,0.008594687168344581,0.02696521147259725,0.00864481936102235,0.06211076000898294,0.012671671892495311,0.012439004726382583,0.028855163023983797,0.03884527449985237,0.004184383914893634,0.006479648576377072,0.04610414587266352,0.03269866497830414,0.0,0.0027166857074325413,0.005514538989708747,0.0,0.0016478441573893532,0.0,0.06956476396081614,0.0,0.00516370015119619,0.032695301202866824,0.004872056319003859,0.0765168676921059,0.0,0.0,0.019762865475140362,0.0,0.024430787320464827,0.06641455298371253,0.009042989186559663,0.01260867886724961,0.040168657176018904,0.031262233728658065,0.031591984487276875,0.043461825801087914,0.00918041969499766,0.02615146556751734,0.0,0.027372030712018082,0.03414773373978505,0.025996142482208145,0.02795481318387921,0.022505410988927502,0.04468291329167735,0.02187414643074874,0.09343568438999447,0.017270677488544346,0.0,0.02799120733103356,0.02280139340359014,0.032018697101330124,0.0,0.04362274976295108,0.002346756303794106,0.22033124362283277,0.029710211441252316,0.05174598767687863,0.0,0.023101727313214016,0.029127618989529164,0.042668342256220876,0.003957214088476248,0.011012366928606866,0.02749624964889439,0.04311055823820073,0.0142687071406683,0.0,0.01562331465388672,0.0,0.0,0.030610837465950485,0.0,0.026386122447371173,0.0014609513991613915,0.050626977982559836,0.0017161998904759409,0.06068003007246166,0.0865786236811697,0.15410201312944266,0.5498043436991668,0.08610505708095026,0.28701962664600245,0.23000634702643938,0.05257323167763266,0.12273081230508064,0.07856817492937906,0.08323220928777261,0.2949479177518494,0.0,0.06507598958222978,0.018151639238168756,0.0613169500125017,0.00988134412397651,0.011569064278626397,0.04370977861335911,0.07871285267060026,0.04054308912999452,0.17752115096909724,0.1055887109177099,0.01378797015573538,0.025273646883309544,0.004199198708600743,0.0,0.002827887612940429,0.05227360001844988,0.057117821645802,0.044240921756869445,0.0,0.07990753687489002,0.010132838557664696,0.001148093195722184,0.06832222283770874,0.05338364413315287,0.1405659026358631,0.23214362953235923,0.0784172501590766,0.08026783306095504,0.07009759732113006,0.10159617647573606,0.11006905530032807,0.016703868158899897
93,0.04315254209047058,0.01643649274192332,0.044340688816717946,0.012236941183286191,0.02940986394980039,0.0058963047550257535,0.00039364093613088804,0.006031945214799041,0.008070567451169526,0.00727179972055873,0.01671911987441371,0.02527263020091947,0.0,0.0,0.0021677846152951077,0.05149722225584796,0.0,0.0109797548793309,0.0420331413194385,0.02522301939383614,0.03752353918340066,0.018826692715954687,0.01384694686896054,0.03537717867098632,0.010355260136246111,0.0024884153021959136,0.0,0.0,0.017341141510073824,0.0,0.037385253544290405,0.0,0.012238338604395929,0.01964793091867595,0.04005640802427274,0.029940325286823905,0.0,0.04306004325798226,0.01816749625344548,0.007534686128259935,0.016687554683385817,0.017356319173627656,0.008093817135582182,0.012254099871340464,0.008598627556410625,0.02265201109083582,0.0009131502868673741,0.0,0.0,0.032839507754901215,0.0008552863698148317,0.0,0.0033622716002700216,0.002133769340037358,0.0,0.017315777450562873,0.019896384814132098,0.0029062259763927177,0.04179097243320416,0.0,0.05124381529635321,0.00870546925385827,0.0,0.044877974674769866,0.0,0.015491402233635354,0.03533714259689998,0.025735322166374957,0.04865332596764073,0.013239918990702966,0.04876395823589955,0.04210982698639409,0.0,0.06172623286328084,0.05046218975770799,0.04383329272334433,0.018076311089756592,0.0,0.002041885579426957,0.02460758260477851,0.0,0.03979505016847681,0.06472909250568157,0.07871885808852436,0.06555664905179631,0.05581798998108724,0.07717337075504958,0.07030558083173116,0.0,0.012682535065260113,0.07688302406104348,0.09867616027306346,0.06507598958222978,0.0,0.07547126417765718,0.01736192523710332,0.04611203997216858,0.01279213670220362,0.0,0.04013697724246434,0.020872345367858855,0.026746050055795646,0.0,0.01613444855593407,0.004719546240016309,0.021815656541520994,0.036031547105353307,0.0,0.07547703575608437,0.0027525888973029297,0.03406705292333243,0.016905506221504128,0.005041807157585761,0.022957865811104015,0.0,0.0,0.05245767123654908,0.06744660816244065,0.07706923384258774,0.020217981699673156,0.0095898289897364,0.006941434387274651,0.049100248934821414,0.052270873847649245,0.004927192423487201
94,0.007439145632189947,0.011447361478094697,0.0036978406452855446,0.041157521012132735,0.06493521878020102,0.017139659812657845,0.04707684957761228,0.0,0.018560190751272826,0.06460722816622523,0.025331639554806416,0.0011687661858720447,0.0020305743987797066,0.023597967247843608,0.04090754574120011,0.0,0.009680393734474857,0.0029004313796760187,0.03212780283359294,0.039185981317283784,0.0,0.0,0.02941847591539495,0.026672927813214304,0.0064751106860533834,0.0,0.000887155407368641,0.03953896804879592,0.0006760378966791251,0.028012226677774716,0.004670002103612,0.0,0.0049554113897731945,0.03480602363957026,0.0,0.030906523533461416,0.011122373647097762,0.012868846017871985,0.004378402645674673,0.009518097062187305,0.015916623902538278,0.0,0.007837194793639458,0.002644574735097671,0.0,0.0,0.04810077194825798,0.0,0.0,0.046180706562377695,0.020397352376025437,0.02710961034321753,0.029554399258647716,0.029078787403127127,0.013946943022000748,0.011707597176792945,0.0,0.027287856428165527,0.02287859500191063,0.0010954686080380397,0.0357745166261125,0.07697199808644746,0.002392845973890059,0.011886777260539197,0.01590080473271427,0.009242114462261839,0.00238474973067929,0.009089642050988809,0.0,0.022398448860220514,0.0,0.04768045985680678,0.007477285984397454,0.06355758018550271,0.0,0.013476444729365218,0.004843581686786988,0.0407068100963297,0.010519846723039508,0.012616903708144677,0.039815267420382085,0.020723172432989826,0.030671636983645358,0.023544563535256125,0.0,0.02899479125164996,0.009886875565562895,0.0574514420063265,0.01716872883039907,0.05290934631568534,0.0,0.06532156496213869,0.018151639238168756,0.07547126417765718,0.0,0.0016064602336713341,0.00803373772293617,0.0,0.0,0.03463384288687874,0.018739409315782055,0.008221383386383849,0.009220195346056196,0.009684612530676743,0.02332209163105677,0.03709145642988007,0.0,0.05136555005959967,0.021039966725163572,0.0018124432819093593,0.0,0.042624825815319935,0.04020730934271786,0.019676742527117475,0.022702739670622075,0.026002164468375596,0.0194513052014267,6.920648454804047e-06,0.020287722379706587,0.05718736915337658,0.03369934078115729,0.00014670995830942205,0.03286986170588962,0.0356610899350391,0.026569503892755187
95,0.013600697563464149,0.015333728811716045,0.0,0.0,0.03234642711489576,0.045625577547771475,0.01646809483571274,0.0,0.011103637514906332,0.01426229954858375,0.016977932553799466,0.03680827588752573,0.0,0.015585987829807591,0.0016148860413595515,0.007257882641602219,0.0,0.0,0.0015874003796082898,0.0,0.0,0.054878263212889467,0.0,0.0023394027276128883,0.020866149049360946,0.01929088439472759,0.0,0.030471865741063486,0.033138991136193376,0.0,0.04097594231201981,0.024424407588383275,0.01419039295068481,0.001025949805477537,0.008229325011151199,0.0,0.02150582369249297,0.0,0.03338353665791152,0.0,0.045404535045498046,0.0011246450532390673,0.02138054244586934,0.0015237232868735083,0.0,0.0,0.0,0.0,0.01012700171060513,0.023833464549341255,0.017318706266863517,0.053215122787705994,0.0,0.03150483446485567,0.009109498392407211,0.007265594973774708,0.002223611509057552,0.004440163730206643,0.004660279305860413,0.003056493491251007,0.022474786377885716,0.014838535667427096,0.0,0.045293477685616465,0.010752430774588423,0.0015950879486197988,0.0,0.0,0.04202566468466854,0.0,0.0,0.026913055987837515,0.018362620117857383,0.006694742722002237,0.028384988227770334,0.07163576337084786,0.05827073746695288,0.005074024331628505,0.02178650343250884,0.005905937573568056,0.003727101313656432,0.0411767240491748,0.06155071504691009,0.0,0.035853408619856204,0.014642528379507308,0.034193008392263226,0.0007856347075346486,0.0,0.026448427006053758,0.02493071195851209,0.03409195419728955,0.0613169500125017,0.01736192523710332,0.0016064602336713341,0.0,0.036833811373712194,0.014437120095241077,0.01920368812967152,0.007282925891903663,0.023218179045839706,0.0,0.03241746246082584,0.03673814871356935,0.026564083707553525,0.012520795569336168,0.03304979327916199,0.004720313178119571,0.0,0.034286631042886644,0.0,0.010559960277150523,0.009400128232959762,0.007968969824090611,0.058867425415332984,0.0,0.01492675758804837,0.012338883402701192,0.02658802937261587,0.022834893095988393,0.0,0.012730446240974073,0.0,0.049076235766646034,0.0403868092763143
96,0.024041604492496572,0.0,0.0,0.0029321978795408283,0.0,0.010818955149347591,0.1090781089389821,0.043356479492641924,0.0,0.0030180832836154783,0.0,0.0158003609524274,0.0,0.0,0.018803538079822435,0.04188361179404133,0.03642963150329036,0.0,0.027777872900140284,0.022777808152342628,0.023533362844158225,0.01569802515837002,0.06080438442828532,0.025686811124505722,0.0,0.03582928538883915,0.0,0.0,0.07557646525707645,0.04560715934205008,0.0,0.0,0.0,0.07018699014048733,0.0,0.014173930464836358,0.004966212925523229,0.03648852271312251,0.029783003730270863,0.016631247218356147,0.038589108830009246,0.0,0.0,0.04816194403076553,0.07739360099220069,0.024475693555332537,0.0,0.015086687789718679,0.0,0.021953447955733747,0.0,0.036788644369010616,0.0,0.01911277086378951,0.0,0.02872777954612502,0.01848144693287428,0.028576060337447827,0.02345574860971441,0.011928202890443482,0.0,0.027126837622631437,0.0,0.008776735538549546,0.00642446594941598,0.01319694979395248,0.013252735039594135,0.04682012666712925,0.0,0.015253616380550176,0.0,0.005485955264243006,0.05637668703610924,0.039692031790087436,0.02273437953676146,0.013248032967502115,0.0,0.015199654641482995,0.02167548009446114,0.031624004329979666,0.01759620253687863,0.05052400812686083,0.04305979950101342,0.021286808462373838,0.004514388379917441,0.02363743926572633,0.013002412658886688,0.026087641246459636,0.04649904242427668,0.0,0.09427650259820607,0.03340013416240731,0.00988134412397651,0.04611203997216858,0.00803373772293617,0.036833811373712194,0.0,0.016512706106480327,0.0037161170985427513,0.03858993642547724,0.0,0.006257670144652804,0.010694129311936591,0.017127397321344624,0.03533873980679827,0.05186995586311853,0.005641833886784904,0.014839928484083869,0.0,0.0,0.015194924995719408,0.0,0.0,0.0,0.03500157647734938,0.0,0.00044502705340264046,0.03772592481484496,0.05076151837810878,0.05951864219877833,0.010981366481189168,0.009161758872026544,0.05173068520296829,0.03167199568485251,0.038347848523448316
97,0.0344389225488528,0.027713306747907472,0.026116187110322268,0.03197224842150485,0.052297731874346914,0.05211763938386942,0.012841960420647424,0.0,0.0034638621086559643,0.03160323425500536,0.028180035128197677,0.005604359185702004,0.0,0.013093320328547235,0.05490110504018173,0.005297788477865009,0.004344871452254261,0.00498522129958222,0.008962004202654998,0.05861747095332813,0.0,0.0390371965381506,0.05509428528148028,0.0725866529317355,0.022776548603102853,0.007867751884007729,0.015915030806461155,0.012790351746368682,0.03586821656320337,0.01770968892476391,0.01889697492492761,0.043754504264320614,0.010954530697989337,0.02773351306808778,0.0,0.018614057304608984,0.035248313065668356,0.03525963291970278,0.010699375600109754,0.01234573323254484,0.020810525026830187,0.0,0.0,0.043623882673117315,0.02085753533794019,0.0,0.029001417246095066,0.0,0.02975863487580254,0.0,0.10372261871918069,0.05423523870614036,0.0,0.009005351444531632,0.056343894103422186,0.03965107794038483,0.0,0.01060238447698581,0.0,0.07129309171688707,0.002651831850491166,0.0024355589213524674,0.007069984339085687,0.0,0.01931560359470586,0.014497763941829563,0.05707758092750266,0.0,0.0022339798435893426,0.006891815658569411,0.01297182782628917,0.029711662532041012,0.0,0.021438866829645412,0.0837092714348966,0.03255626997116526,0.043405698402256075,0.03224688525354355,0.01872983660255201,0.020928476058841447,0.03773375752797633,0.028781847361348298,0.03199695215147408,0.050762287440000095,0.062041432155627775,0.013165679098908964,0.008605073863832371,0.023389761196913276,0.054478149954566464,0.01916764381308419,0.009245161434434523,0.033885327793884236,0.011569064278626397,0.01279213670220362,0.0,0.014437120095241077,0.016512706106480327,0.0,0.02806872884704086,0.07907826191343757,0.01839866552357197,0.02242611010665298,0.03629204504964469,0.005779059547455438,0.0,0.01853096760498817,0.05375896737511755,0.0,0.0,0.0,0.0,0.008260817174419904,0.0025089326553672,0.0,0.018411446023767663,0.02260325886127981,0.037094440449149474,0.033810864804954203,0.014891711364499917,0.08319760211635438,0.0,0.02400661358730553,0.05681377884951922,0.0249255106714371,0.03214439823870014
98,0.052717326444783545,0.019547572423909015,0.05063744437157926,0.007498403256429943,0.06497763487657464,0.04592830059908184,0.0,0.006773686525499934,0.016251563177281367,0.003949767464777058,0.0008203475202895492,0.04648161799699764,0.018389302032011747,0.0,0.0,0.021415412182815594,0.02303152939901579,0.01847104014667213,0.0,0.027320729846202037,0.0,0.00882666050043422,0.02646596860755813,0.004790577602660631,0.018542453391721444,0.049077321657995145,0.017434248651078003,0.001539202942154091,0.028331288128714792,0.03635981577406057,0.030603061041867562,0.0,0.010669006856946514,0.027429650945278782,0.01773585273911597,0.025849221190706838,0.01230459548003551,0.016997326242950972,0.021763225050170042,0.009009091715036782,0.0,0.012516418562465829,0.0,0.0,0.020768258236920155,0.0017038206712023944,0.01701672637591052,0.05159573666755725,0.010685239896009505,0.011589161093239063,0.019277554284099392,0.022085734321465034,0.013715778226214356,0.01938305025321578,0.05783651536780703,0.01699130900749467,0.002904767222727717,0.03239549276004945,0.07661215702227281,0.01446866160902904,0.018092769031466623,0.005771665013668158,0.06044204012533049,0.0,0.03506270794163455,0.0020328025836907886,0.013102252586256153,0.033914509832074786,0.0016679478146423225,0.026129325123139473,0.008651906829854096,0.05314642334226712,0.0314400606295571,0.0,0.009874529369445932,0.004267480302801823,0.05540149631467673,0.03908980757180124,0.049888230514323756,0.011528651720091541,0.01476643544624084,0.0015831513561728224,0.052014699880362454,0.1142586294492708,0.06849002976441075,0.0399927279979165,0.037536535027610306,0.07320978605094618,0.02407220347810693,0.10181925998833893,0.04103448498953081,0.09100520127966288,0.04370977861335911,0.0,0.0,0.01920368812967152,0.0037161170985427513,0.02806872884704086,0.0,0.17236646349216747,0.06127462912521618,0.17421511545101678,0.11752338678776816,0.06000579644666279,0.024834711234536472,0.0,0.0023852906787180887,0.012443924249256316,0.02381643588792305,0.0,0.0,0.055834051363988155,0.015964288530006858,0.04766191826260749,0.010090034495160343,0.0,0.022900658475534408,0.10772127728089366,0.00798953098451753,0.04428891798855472,0.006955732578376987,0.03353517540017589,0.06753810153969339,0.06431982185070198,0.0492120037233938
99,0.05758947364732444,0.013800667548642101,0.0,0.03351086826961478,0.0,0.040396965130294754,0.026356896242826718,0.026269490029803354,0.04021185684591964,0.014191212147291517,0.002213018526583794,0.04014032316383406,0.022443963433337655,0.026798473629516935,0.0,0.040822430437047384,0.052194793453945024,0.0,0.02960293651878695,0.0,0.007456396986416937,0.0,0.02725584581696042,0.01040566240809033,0.026350967625491876,0.00012600688828704452,0.024549786110601733,0.0,0.008209566298711097,0.007719254372911963,0.034122376670731605,0.026912242131633367,0.02234730314641319,0.06389773728252372,0.030742098429003006,0.023642315796868568,0.06534497382770657,0.03679158358517861,0.009135053335301088,0.0,0.0,0.0037634002169806033,0.0,0.0,0.029646870701801723,0.0,0.0,0.027417782171707095,0.04277002625776748,0.02788180814529639,0.035723121148865083,0.009157015007039202,0.012640146876959182,0.0027016782389326127,0.023345021792779464,0.0,0.030694779431160113,0.008100799946395816,0.04347598200138345,0.004753245015094162,0.005854564097173672,0.0,0.005182529846763464,0.028829519376350064,0.047975787849472276,0.011072975132439749,0.020668673125184157,0.001293342888609934,0.013817147272717396,0.04371348599958033,0.0,0.0011308338266216246,0.014974066694823492,0.002346896208571815,0.0,0.0014932793935565447,0.009850334543220226,0.031621276290455004,0.022179361870988647,0.020703250877867146,0.023693251036012282,0.016733166510890688,0.025500715148914596,0.09130543229237874,0.07199347333230911,0.08587007221215816,0.01771863761800507,0.02635763592257914,0.03707399110704487,0.053478994262935176,0.052428932381773284,0.045718877181806485,0.07871285267060026,0.04013697724246434,0.03463384288687874,0.007282925891903663,0.03858993642547724,0.07907826191343757,0.17236646349216747,0.0,0.08190943785323854,0.15069468908700515,0.22508311237214382,0.00819474359380873,0.021706140494986516,0.050028502115047085,0.05599526818967509,0.014847756407905024,0.0,0.025159508321322112,0.004151350961083123,0.0,0.024835036743050955,0.012100048562897422,0.01297542898582561,0.03672301473994967,0.04610672684930824,0.02311161270840043,0.05395384502806377,0.06745628871540063,0.06767969121176873,0.0,0.04537429999266842,0.0623030880262459,0.049372420778605104
100,0.04504438614375411,0.026752749032717175,0.05273838609828137,0.008657868542516404,0.08205449876919711,0.016348854790964887,0.0049869531993274735,0.05009704374958386,0.01147325578675233,0.05681042453822803,0.004068617520392245,0.022383678433280017,0.001989921084776024,0.022424407363734557,0.0,0.0,0.014176245344969723,0.002324617605392043,0.02825942638535017,0.0,0.033849394448710275,0.023629661170251694,2.9574794787156738e-05,0.0031269981502091626,0.021978433677110207,0.011325430962806568,0.027764174973412253,0.01066577752290247,0.00841237446344886,0.0,0.01540459964085218,0.015015548810184489,0.017729570775304907,0.030470029596349413,0.06531025455314411,0.024608121749112807,0.04620606377166827,0.008916544782391348,0.014412218406746276,0.026460702720702847,0.00535872910696035,0.0,0.0,0.014488301832205189,0.0,0.007504015852231017,0.0,0.01924768397164324,0.027158135310272162,0.03192688008441548,0.03515982458157448,0.030080108443606986,0.0,0.026983241259979696,0.0032567675024445905,0.0,0.03832727425668312,0.03306886899733274,0.00862654298066372,0.0,0.021764523282045187,0.05123249474517672,0.00747643469420612,0.023412973321524044,0.001759483808408674,0.0,0.008517396557960969,0.06272732618993089,0.03672871594992765,0.012329056079944127,0.053967091942982826,0.0,0.0,0.028195930490171713,0.030499001129572007,0.04067989073670029,0.022262001103408407,0.030484206930351115,0.03572728815109264,0.015146649416930539,0.02897679775924772,0.057900818957421885,0.0641294681066838,0.11481385764921571,0.07102626109685932,0.1104779569539263,0.060533751952043205,0.009333010977575277,0.015847958660552806,0.0601461257307456,0.05594528057672057,0.07775025021881161,0.04054308912999452,0.020872345367858855,0.018739409315782055,0.023218179045839706,0.0,0.01839866552357197,0.06127462912521618,0.08190943785323854,0.0,0.06806662695146437,0.06567095102911963,0.05213468860876904,0.0327118518973037,0.0221284437587766,0.033789337185864785,0.006770062684155572,0.01897223684658294,0.023455453820770328,0.018750235397295728,0.012375391732687502,0.011435060349366482,0.013852847210018403,0.05278468055034385,0.0225911545524433,0.03336735386898876,0.02773385883616694,0.004155925130657277,0.0459969359024254,0.04054294617056298,0.02024351230760959,0.023987011809665785,0.018553285562619534,0.018098142200432533
101,0.015239933607324218,0.013570205977279112,0.14530321150897754,0.04467606336748569,0.08044039621915737,0.10824058753534589,0.023739794433912227,0.024476617731932573,0.0012304119909923288,0.006433293685341352,0.029663774179584546,0.008280467859656129,0.02688518034877873,0.014938725336935584,0.023527453697430388,0.06973888568012131,0.004383272790819805,0.006749256260093627,0.0,0.0,0.0,0.0,0.02290418203029164,0.0,0.04997678399424849,0.011060871002431685,0.0,0.023471471719586162,0.018506059262806362,0.0,0.03295696588047807,0.017437994887157113,0.037883155401970514,0.029480205230036798,0.04554481215612028,0.06504363468181784,0.02551565323466829,0.0,0.08973811499442082,0.06371256105149252,0.03009614820355459,0.01514228626519265,0.04578283805529476,0.006808647864317095,0.01248122937214688,0.04740182718225322,0.0,0.010186508824093962,0.05829402277586055,0.03531200535208528,0.018706933341921996,0.03127884209675595,0.0218741768112994,0.06972739077174303,0.0,0.0008359694567779386,0.013961015618330908,0.04031900646941683,0.07135033091539135,0.01871973133912297,0.021906175993313733,0.03176151589376017,0.0026545802266586573,0.0,0.032669024856167336,0.012075601131741597,0.05100557128264795,0.009444172135030546,0.0,0.0,0.03371241334713265,0.026930188673640488,0.011050227818753786,0.0,0.024400883845754884,0.02543105201852525,0.0,0.025597728203054056,0.0004939045999850344,0.010321285678660135,0.05278871959945035,0.12134088058395011,0.2321811000130627,0.4215656296224022,0.30775477065669316,0.25155533820501186,0.267644455364991,0.06731357419215468,0.0408567329464367,0.24864480169653158,0.1264475241491442,0.217953948142879,0.17752115096909724,0.026746050055795646,0.008221383386383849,0.0,0.006257670144652804,0.02242611010665298,0.17421511545101678,0.15069468908700515,0.06806662695146437,0.0,0.47738017462575294,0.046287013777587725,0.066928129866726,0.003596429841748034,0.061480719890948256,0.034186855387735846,0.005579153205680706,0.09304371954073445,0.06278114449178884,0.020371259194386794,0.0034538473688892775,0.02037463423001962,0.031787549243812295,0.05081443552921439,0.16665326867612987,0.30502760318035604,0.17985551542724895,0.187440102930059,0.07953616892758356,0.1412696230684511,0.17571460451884244,0.12757722426252385,0.14030964920715577
102,0.007760525345617368,0.0,0.05332971692312131,0.05979794489060948,0.04705525648495531,0.05791779662067204,0.0,0.01659434542369916,0.006029558060671794,0.0,0.0,0.0,0.012232803124658248,0.0,0.03588866584410685,0.050073854231340253,0.010727814355541201,0.0,0.05712500370752318,0.008859811338803715,0.009715934230435888,0.01611154300016778,0.010052191446594609,0.07475411243757267,0.0,0.02700581259162751,0.04179636183155918,7.11331676254821e-05,0.08176422032895879,0.004510370525361183,0.05137645172890145,0.0,0.011698348727751261,0.004567774697440881,0.0,0.09468017892631014,0.06615314521542943,0.0,0.0709371042921034,0.054183438547553975,0.03485241553224287,0.0,0.009022436516133095,0.01755074200404316,0.0,0.014133792535136327,0.02247117251993089,0.0,0.0,0.031112980150560444,0.030527943922955776,0.0,0.013659278556607335,0.03279886801602417,0.0002611710263436256,0.017345187967074318,0.019990987973080816,0.01717302875902196,0.01792072039389875,0.0,0.0,0.05520959081747997,0.026870837540150124,0.021972734184830613,0.09518718146505786,0.0,0.023108878436314675,0.012232584717001308,0.06600208917775632,0.03786449767486727,0.0,0.03191593815232242,0.011551486221854446,0.01589078551741773,0.0334301998181021,0.0,0.0,0.048312849046527016,0.04327465911386415,0.001525442412845888,0.11321787264875019,0.0969079886054386,0.15114771985444667,0.24502272690906782,0.13253363883971372,0.29531159847953203,0.0998522812411944,0.005569923990341709,0.06495932679744314,0.14177747245814962,0.05069137711642566,0.1324256055746205,0.1055887109177099,0.0,0.009220195346056196,0.03241746246082584,0.010694129311936591,0.03629204504964469,0.11752338678776816,0.22508311237214382,0.06567095102911963,0.47738017462575294,0.0,0.03199384306399412,0.02520615640832514,0.0,0.01294275846405574,0.024286679754011234,0.04803349522977885,0.04962622824057649,0.018418189114338363,0.029263223181138952,0.0,0.014242319248318777,0.002922905567972704,0.05425420363720303,0.0574757676787142,0.1451365344987089,0.05650845948801497,0.1500847502496169,0.02125169096810852,0.046612604627616114,0.13597136983467084,0.057235138775495166,0.05970893873670856
103,0.019431139029247976,0.0016948018352499694,0.0,0.019847244832435586,0.0726497023296718,0.034844762529828904,0.021376622514292436,0.05403873621441622,0.008064787927287443,0.060785412746578775,0.0208327071593252,0.039019657345880664,0.015006110674564229,0.0,0.036210263189854104,0.06073115512095822,0.008447595477668,0.00655613665863886,0.015937823928741282,0.009703669847290588,0.011927493129213883,0.025953152942368128,0.05679202627607058,0.05448787368771472,0.008167747517200922,0.020536503468211287,0.0,0.0316058807815895,0.02345516330022377,0.028915789729903427,0.01764962316624512,0.103727130601163,0.02239171595072365,0.03919750630231685,0.013591060067940855,0.0,0.02460219831685276,0.009850872121925106,0.030404284786234474,0.0,0.029003803236299145,0.0,0.007678977782916141,0.03188235060523492,0.05394236487643861,0.00038946199727108176,0.0009557374116044959,0.040998707905427235,0.034100888629318746,0.04785699369173311,0.0006040556901481384,0.06452976115602505,0.015403416479378387,0.0043156359306486475,0.01071435141406498,0.03269833228288143,0.004618475969731565,0.05666177512552746,0.0,0.027297844885113772,0.008025249080566751,0.051287054324462754,0.02714383746275732,0.0,0.03929328216571305,0.006273922294570485,0.0,0.015518622602268056,0.0,0.0,0.014855496528849405,0.026857818056631892,0.0,0.020689044162321136,0.022722845123630892,0.0544026540349452,0.04975660497095946,0.03534105023381075,0.037142934584952686,0.0,0.03010487780002688,0.04950228259344392,0.02462608499423113,0.07582683232312944,0.10690836770114524,0.0012703704704213887,0.08707273638341281,0.017613743329813174,0.007694144577743791,0.015123237636575311,0.0,0.0028060850803872856,0.01378797015573538,0.01613444855593407,0.009684612530676743,0.03673814871356935,0.017127397321344624,0.005779059547455438,0.06000579644666279,0.00819474359380873,0.05213468860876904,0.046287013777587725,0.03199384306399412,0.0,0.035593446428034366,0.036647989333803414,0.09159503174802987,0.0017926842823677697,0.0006210366904359987,0.04738660287803832,0.014630653893374083,0.004021897012166946,0.0,0.0,0.03303686197142182,0.029243141955858986,0.0,0.05193025208870875,0.017516000680031115,0.0,0.10667008318651622,0.01903225619064282,0.04236245693358843,0.05605726974016935,0.03147685941329426
104,0.08910784615362931,0.01695365189363635,0.02456728514949704,0.024749807117858316,0.034530166412254704,0.0,0.02763565737320273,0.01527211067576857,0.050012546722175415,0.05381870053027519,0.017090518524724697,0.016039814936275543,0.0,0.047299807289263016,0.062038215252151,0.006950615318859596,0.0,0.044287543741685295,0.010704168663362967,0.03417350491720716,0.02133213239868642,0.05285637167184911,0.016319087570375635,0.023866988919889663,0.017715834976291894,0.016646111171710734,0.001825012370348521,0.033204224154072016,0.017088519197985798,0.026987560846567435,0.010598982974565683,0.023708006164254152,0.030180625620693638,0.03353155078385441,0.036201927586360164,0.03018942220011192,0.003437829410796811,0.028759477324239408,0.028083662731248675,0.009930847421788881,0.006366662384442334,0.019102482172199547,0.011396994393987295,0.009424268859947115,0.0,0.023998617040276796,0.0,0.09029618962466825,0.033528842494349106,0.027133648289521563,0.06076204700323646,0.022774546346211923,0.0,0.038947999806617596,0.011998314441033362,0.036073175436641465,0.012375261558535683,0.020107935148086682,0.01722192647656521,0.004122138810856173,0.006991278276267771,0.03497497455483424,0.03938371614760623,0.0,0.015762568320917884,0.0,0.01706351139340437,0.0017227306416075902,0.014737597045741312,0.020052316544888354,0.0,0.008756414206055965,0.010937734224219068,0.047881341385315405,0.03011574395214336,0.0,0.002301816455150829,0.009110832235503376,0.0,0.0,0.005844258353855798,0.0,0.0,0.05402303438710694,0.0,0.0,0.03909049297245642,0.017960653788931507,0.025245507713508808,0.00023408531982056907,0.022584041467656003,0.02244593024246179,0.025273646883309544,0.004719546240016309,0.02332209163105677,0.026564083707553525,0.03533873980679827,0.0,0.024834711234536472,0.021706140494986516,0.0327118518973037,0.066928129866726,0.02520615640832514,0.035593446428034366,0.0,0.0,0.07318945134568834,0.028722105005170053,0.016347172038538475,0.041392163641235616,0.03650405178203164,0.0,0.0008916711778222527,0.017064156530104464,0.0030753429501485866,0.003484955888957925,0.004836478925870799,0.010628634991389227,0.013728667116582414,0.08542056003071948,0.008489065015225348,0.0,0.02247338137517615,0.009675942773875996,0.025403352425768605
105,0.0035639276503266633,0.03637192334039281,0.015575729549539345,0.014840840894430022,0.07863246473756044,0.013808400450677483,0.031327588509916744,0.019962638269025057,0.014281544241108933,0.02377726484787521,0.004148993906671543,0.03364600576770673,0.002235780638017344,0.0,0.04349606162073397,0.0022012289805524447,0.017406293755025108,0.007364052862925363,0.020430143990884973,0.001066000727155182,0.01642112050794441,0.010538875163687641,0.012894978540098714,0.015746252370801714,0.0,0.0,0.0,0.0,0.006384596020573471,0.024038164635845714,0.02725350811767791,0.04727683840209125,0.034859067479761134,0.005897752218626577,0.0,0.0115631070137989,0.012369362445039557,0.0,0.002850445602218229,0.04054495559272012,0.0061791828847072025,0.012858524125064642,0.022156196202521135,0.03265019198339119,0.018897261480266388,0.019549779591963294,0.005851308107145492,0.0994461120400433,0.06323489053290202,0.03634787182625116,0.04516213817662137,0.050853353131691426,0.04611292996249999,0.02665199778335283,0.022158448668749973,0.04957069184826688,0.0,0.02613937543050088,0.010842191209416948,0.04916481137739736,0.011768838712618895,0.0014844843389166273,0.014994134478751265,0.0,0.03922858653913986,0.011430596882654308,0.05939130506208405,0.0031470807818757066,0.00689122465837915,0.026435171855202916,0.04490421955809874,0.016694867643435772,0.06378485024162635,0.030845110772556576,0.0,0.0,0.009562367564788895,0.037860170725809814,0.022407336038538776,0.02142053695678745,0.008367620912440915,0.0,0.012383535536615543,0.01817397193390749,0.0650001978199981,0.04078885002686489,0.023036116068040437,0.014942937885770342,0.036444916673226725,0.038903738808827644,0.06307628434484347,0.0228173014473952,0.004199198708600743,0.021815656541520994,0.03709145642988007,0.012520795569336168,0.05186995586311853,0.01853096760498817,0.0,0.050028502115047085,0.0221284437587766,0.003596429841748034,0.0,0.036647989333803414,0.0,0.0,0.11823622051323861,0.009905834505439252,0.03156699927947174,0.006362063591657387,0.01836774625135572,0.0,0.0008674731423519222,0.0489135377704163,0.018290380449265082,0.01853194811437853,0.013512982330168948,0.0,0.027552818349954003,0.053273891500337955,0.025504713063349,0.026464475311454107,0.013115416533553349,0.021786216277196537,0.01746561171860108
106,0.0,0.0406045401806229,0.021069519147183618,0.011335850763634362,0.06049981133796522,0.001065393980798461,0.07110530645835877,0.03593108060131266,0.006522809834485868,0.000274406598920687,0.058483247598773706,0.0,0.041199531522332265,0.003140800328405978,0.032381400896511724,0.049029837071529,0.01626509967052275,0.020968056521285913,0.0,0.0,0.0,0.0,0.07960217960734095,0.0,0.011376689561259277,0.020467268099059664,0.015905492654445297,0.016632952083704685,0.0028591486996608845,0.05259003212615087,0.04048232765854241,0.040022449357896395,0.026140342999380516,0.0,0.0,0.03239449353001325,0.0,0.0,0.03182617610535638,0.01873852409465604,0.005929598205634098,0.0,0.027378944467272168,0.013249444736771268,0.00714909344081292,0.03758850243729934,0.0,0.020407201897235612,0.08832228168423979,0.0,0.017517572093517546,0.024596348167213112,0.04820657301473583,0.00891041128200902,0.004703175748727157,0.0,0.02325188998952296,0.0,0.020986856059379687,0.02004760670374903,0.026432189921190813,0.0,0.0,0.022620597025112384,0.01555848178225751,0.001799100637477195,0.007723807382540556,0.005091729119202808,0.0,0.0,0.0,0.03607863423010667,0.01898275625945366,0.0,0.01679258216344361,0.0,0.00714079003676954,0.0,0.041321611126203264,0.00579743247546708,0.026114115132184743,0.031967682942138795,0.033360651558321235,0.008718402563216609,0.017268668222925353,0.0,0.008698331301067704,0.06351738857150965,0.030344144796829387,0.0,0.0,0.04436765588808657,0.0,0.036031547105353307,0.0,0.03304979327916199,0.005641833886784904,0.05375896737511755,0.0023852906787180887,0.05599526818967509,0.033789337185864785,0.061480719890948256,0.01294275846405574,0.09159503174802987,0.07318945134568834,0.11823622051323861,0.0,0.034293592253232946,0.0,0.020327671025567217,0.0,0.036847306709864705,0.034646989330423025,0.028322898116698806,0.013952946259337835,0.015648014357498612,0.0024453169790719102,0.06285961187508729,0.011874051333650892,0.0,0.011455603377205019,0.0008500366986625162,0.006907001550795231,0.018219244734738214,0.004392473897745413
107,0.004391675505063902,0.0,0.04802069225666474,0.0,0.02494733710228066,0.0,0.0,0.00824818301662631,0.0,0.013654937694892916,0.02577091117055564,0.029225049068584377,0.01729767684804668,0.0008813905094058975,0.0,0.025693617914960665,0.0,0.03682028149002133,0.0,0.05067833315149414,0.07531846991236063,0.021397431516747962,0.02037191401721244,0.02520051737072102,0.04549808545808718,0.022375279353333992,0.009487746987587083,0.024138906468920605,0.03977590575644103,0.037483612215702185,0.0,0.015828007041041228,0.0,0.03239178536556179,0.0,0.0021311870533923722,0.0,0.0,0.04096277375461861,0.0017027963203220227,0.006682850265797908,0.03880591370506992,0.0013080594280565712,0.023967444342272784,0.0,0.024346072814295273,0.03204398743820446,0.024959110938802754,0.014802446377305933,0.026324036572437384,0.03783155786780165,0.020113040886661198,0.0,0.0,0.016394543648420738,0.019621743059216535,0.012343981461598152,0.0,0.027423564435998266,0.04915501810312703,0.0,0.049054555865318525,0.03151651908593076,0.03479202983828063,0.053794958055085065,0.0060764620435666255,0.006203074402217434,0.02167814421822826,0.049989706508605396,0.050395686243197776,0.0,0.0,0.010239060284635,0.023851196603842453,0.0,0.038227931302084996,0.026231245683729146,0.0,0.0,0.03590200441159943,0.0,0.009170576959962234,0.0,0.0006537681758061241,0.00856792404135062,0.07047552100611491,0.04934091804746074,0.04511653356725096,0.006987744014976117,0.009350844427429833,0.0,0.0439426348797541,0.002827887612940429,0.0,0.05136555005959967,0.004720313178119571,0.014839928484083869,0.0,0.012443924249256316,0.014847756407905024,0.006770062684155572,0.034186855387735846,0.024286679754011234,0.0017926842823677697,0.028722105005170053,0.009905834505439252,0.034293592253232946,0.0,0.004322379850981926,0.022961883220690375,0.0,0.025403032309342228,0.011077279406445765,0.028555575511563545,0.0,0.015908242643441903,0.0,0.014294197829553656,0.026981662236906213,0.0,0.003431597339645846,0.03400114433283556,0.0,0.006971855337767872,0.004018482080813831
108,0.009170673055187548,0.011797957859393207,0.0015501594800796214,0.019815992305900688,0.017567662127960498,0.046041716877276415,0.019948506412054628,0.029559343118156244,0.01207101792711136,0.00208460363270044,0.02279433308537809,0.04623532272650652,0.027737774467520078,0.0,0.011448990387260672,0.0,0.016346729334888115,0.00023932553898413638,0.013567073014424882,0.0,0.0,0.0,0.02615041455476617,0.029064604975733127,0.002781662723347197,0.008777409266388541,0.044952009124521526,0.0,0.027419186916736206,0.0070759894205702275,0.026903607276700332,0.0,0.038357141396434646,0.03826703271385535,0.003803766961214663,0.007500049932538447,0.04247651072153004,0.04460284249366992,0.009316122069830167,0.016578767854984446,0.0,0.0,0.020961004631958942,0.0748387180730006,0.03378423201956506,0.03299196966518744,0.024588879460465098,0.03722970763314775,0.018704645826997605,0.05528797671072653,0.051077639020814566,0.042757621184591754,0.0009011930922534663,0.04531850181054197,0.04241988515513355,0.006057144715319962,0.0,0.0,0.009431256596948916,0.019356198626875248,0.03401205935301965,0.0,0.024267465931460362,0.01396220528473103,0.0,0.03863893762127002,0.0033630644249670488,0.02256937781127778,0.04594292146784479,0.04196054874468705,0.03211793893107776,0.015711508089965725,0.04345671284967728,0.0,0.0,0.008262122211962167,0.026141703477475003,0.03472160323950346,0.018628600091961066,0.0,0.033848735514507955,0.03612726313130787,0.005561740425637814,0.058725192566828496,0.014435412157280869,0.0057406595910065045,0.01803044649762812,0.0,0.08004869725289267,0.06558942240568702,0.06843863817911214,0.03495602387617092,0.05227360001844988,0.07547703575608437,0.021039966725163572,0.0,0.0,0.0,0.02381643588792305,0.0,0.01897223684658294,0.005579153205680706,0.04803349522977885,0.0006210366904359987,0.016347172038538475,0.03156699927947174,0.0,0.004322379850981926,0.0,0.011648261935672232,0.0,0.043587708071879006,0.01293279005774596,0.024472161808061763,0.04667963907231417,0.0,0.0009912314050682476,0.0,0.029644184293380907,0.03338096193288542,0.026806806333494557,0.05063412818541188,0.020245166140974637,0.04636194337017954,0.010664731037488382
109,0.0,0.038195586394977755,0.0,0.024562221845448144,0.08599524731163916,0.041654035769104106,0.06022512658458916,0.025867149375458965,0.019360609372816296,0.005117372973894024,0.049648843751984285,0.011757499043435758,0.0,0.012979001912401745,0.022524056018961357,0.040060080526049056,0.0,0.002884477992421289,0.023192439032936076,0.0,0.03966288538980055,0.0,0.010368225592120325,0.00462441427493591,0.0,0.033974614983310975,0.02228975398977933,0.04977906232614344,0.0,0.002754772954353814,0.015264162895168876,0.016626439297616903,0.034333327311316476,0.058841893528078115,0.001630113902920687,0.03323612001766985,0.010806153873615146,0.026536274287997007,0.016824472108001795,0.060471000470133325,0.06589424563077381,0.0,0.013192543119703788,0.018030935846704767,0.03557309931457123,0.0037938185524776127,0.05017212288800457,0.0378027246586233,0.04936716005953302,0.05180603521750465,0.010675979069032488,0.023274079291656168,0.0,0.0,0.0,0.0032192999825005468,0.009276548826494065,0.0,0.014544225328543332,0.03934585595861467,0.05146261749733253,0.005472200299707409,0.0009077450454384306,0.057935857361311245,0.011568710453300721,0.01084556128669335,6.036951698266979e-05,0.0,0.03469015701047683,0.06477064915950159,0.0019060184980806746,0.02041382213556765,0.0,0.001314235101761441,0.02319475865640443,0.011350919715595058,0.001309304545255365,0.008889867254464971,0.041923873347900896,0.013223425843014183,0.020952605054397156,0.033697204851474934,0.16318228683408656,0.16342315476518793,0.12678383639273427,0.03823210624960676,0.0862061937717242,0.0046027160432040755,0.01320643163178268,0.04395234470551941,0.021979732926515075,0.07109360461889114,0.057117821645802,0.0027525888973029297,0.0018124432819093593,0.034286631042886644,0.0,0.0,0.0,0.025159508321322112,0.023455453820770328,0.09304371954073445,0.04962622824057649,0.04738660287803832,0.041392163641235616,0.006362063591657387,0.020327671025567217,0.022961883220690375,0.011648261935672232,0.0,0.04330105096448811,0.05337467216131275,0.03224204861579252,0.06958182233330369,0.017542793148178335,0.008225018736709735,0.029807524512323862,0.1332006060940139,0.032636691027517435,0.024624506575945376,0.05256244396122419,0.06437193561691072,0.07596526662618547,0.10757645092213743,0.06461466036972581
110,0.04591504645833696,0.00692951178950823,0.11722192596771196,0.07777936813713315,0.05558952020053563,0.10262874187519935,0.028902329406651196,0.00593250171538593,0.0041029921862974815,0.0,0.013372262339342418,0.006529160699864726,0.0,0.0,0.0,0.0,0.04311404595210919,0.011891582896317811,0.0,0.034010765894200615,0.031485221131589664,0.03925597210139802,0.0,0.01217283960071649,0.002106382016133551,0.08895744425017339,0.06072299383847746,0.009859411892001228,0.0137484532891403,0.021263086948964435,0.009267530106020778,0.012596945514581742,0.01852302363632618,0.0335188214469933,0.026286087696508,0.05866041362216934,0.005110240437337013,0.023573483930055077,0.017151096820009305,0.05775985799352562,0.0,0.013201206047131526,0.0376053429874187,0.025920749746110503,0.0,0.05034745157282754,0.04267632665957492,0.02849939983069642,0.060946566605853146,0.0024689307151782684,0.049721742505134184,0.054336237215980986,0.006732549677060045,0.0,0.07360136634921662,0.0,0.012836547450529825,0.048751333244123944,0.020977071612462154,0.01470371074303909,0.015986317494881507,0.010364262528184325,0.0026470021908623115,0.006019430802972193,0.014442619751594991,0.0,0.004714191813881439,0.01666664186129293,0.01880433722160508,0.0,0.02347686698722906,0.01068328363591093,0.05632761841288928,0.0,0.06395736416164835,0.010535728873169397,0.04919135209820279,0.0011901502925135065,0.053167001639037315,0.04844335125239,0.07409976967263121,0.01481963186959732,0.16700365836536332,0.15097323410156185,0.052394193816887986,0.14795170255899548,0.06602539630598801,0.010734421400496692,0.059048973722278644,0.02654528083426258,0.05597867276680167,0.05356089382501429,0.044240921756869445,0.03406705292333243,0.0,0.0,0.015194924995719408,0.0,0.0,0.004151350961083123,0.018750235397295728,0.06278114449178884,0.018418189114338363,0.014630653893374083,0.03650405178203164,0.01836774625135572,0.0,0.0,0.0,0.04330105096448811,0.0,0.08271631293493331,0.007562962178578441,0.06533670904757534,0.020604062478850122,0.0,0.028689073453487902,0.1186318262575285,0.09326684943017725,0.05688980121548666,0.05834239922186036,0.05284355837974548,0.014537849778689048,0.06498915247961833,0.041809513726539516
111,0.003082683146930314,0.11955570962138494,0.008470517319128672,0.05667861610370186,0.06779586148518252,0.09424518703835608,0.02365548440751785,0.0,0.026246745828744575,0.0,0.039080020327174655,0.017739891518005146,0.054156769882808424,0.0,0.02883809299520005,0.024491177905432076,0.007132359178592702,0.0030638966445015892,0.0,0.0017348703683913065,0.0,0.003859080906791037,0.009887448833575964,0.004726268914684155,0.014306861803128363,0.005071343490860724,0.004130349353245718,0.026064815125553014,0.0,0.02788885929421971,0.030854243119405208,0.02874269158661786,0.03698466469640535,0.020662072379256678,0.054545540707756315,0.07296143642179079,0.02675134112027912,0.03139228596509551,0.08124559399714584,0.061569123761896986,0.04868701897699549,0.020257651932026367,0.03235640258215099,0.0,0.021609753328547577,0.036503967488256794,0.00895250480076,0.02439030244012205,0.027437003547712373,0.07000583160853037,0.038232905439828706,0.005486873183482542,0.03480050362748057,0.010368446638018931,0.06585564409750126,0.015320558803850656,0.04216187225902341,0.02765504293814694,0.06337340576955465,0.0,0.04726808378352701,0.013108868772696788,0.02672889565472156,0.011613747145993308,0.011787972200021937,0.007966984041189796,0.0,0.017668511026876478,0.007147663644746815,0.015575744185657527,0.016499277879519384,0.004905955419082841,0.04503382611106633,0.04230270806172928,0.021729425332569562,0.011801418814231388,0.06126495932551519,0.012106226293884153,0.012563217479066807,0.028117674630780378,0.008567508940683892,0.12959838996371448,0.15537400291585357,0.13818884749952295,0.14476104469418302,0.03718999165363095,0.16420566703944023,0.02724942991571706,0.09541396997497903,0.16148997448674562,0.1449570423035593,0.11417585041368605,0.0,0.016905506221504128,0.042624825815319935,0.010559960277150523,0.0,0.008260817174419904,0.055834051363988155,0.0,0.012375391732687502,0.020371259194386794,0.029263223181138952,0.004021897012166946,0.0,0.0,0.036847306709864705,0.025403032309342228,0.043587708071879006,0.05337467216131275,0.08271631293493331,0.0,0.056768036264322544,0.03997324578327681,0.0,0.01455269596608625,0.23362169301144434,0.18924423189366693,0.16673834393687606,0.1792054643870497,0.1597882765697835,0.1227234815888687,0.1403669699823024,0.11383938612596006,0.12165398759198207
112,0.0,0.005498534042511317,0.041081712445973834,0.0,0.00147307979193367,0.009622094379882797,0.041797732725150374,0.0,0.005259715530168184,0.0,0.0027595264151135303,0.02727854501811277,0.022602341473429714,0.033805593434335535,0.04139687571119356,0.055081134563671155,0.0,0.0,0.008118341372290665,0.035337607763858817,0.022001661298277315,0.024142927354386823,0.0,0.0,0.06085242559859513,0.04624446672354219,0.00373206723668936,0.0,0.023414055937317494,0.0015355423607016803,0.008486611580947778,0.011326967978131893,0.023221520966696697,0.013638558189290478,0.01670893812721696,0.003315066724811261,0.018151730576892414,0.001786646764270372,0.023669906483603398,8.84467278546202e-06,0.014625369484377244,0.04358864233018123,0.0,0.026922522830872427,0.029726161212777116,0.012754436070373017,0.0,0.015493594530916891,0.02049354436658163,0.03858898252962082,0.059132026407060855,0.001147223432424717,0.001006761032782582,0.0,0.0371956485127587,0.0,0.011961736288384189,0.02750218951249,0.0,0.0,0.04899226188476294,0.04752942678428552,0.03827435294537354,0.0209963976673825,0.0028699411724186622,0.0,0.02853753738620142,0.013348271726649812,0.02099063321062419,0.0,0.0,0.0,0.0,0.04361617940461184,0.0,0.021391584212706087,0.0049969062577006566,0.0,0.057915413282033736,0.03875338836741305,0.12367937844968062,0.06109046355408259,0.07619002042736217,0.03505228749742186,0.018013079224764965,0.017753073891363977,0.04536426898961829,0.008682988558546972,0.0018048486936595657,0.0,0.039866064539938496,0.0,0.07990753687489002,0.005041807157585761,0.04020730934271786,0.009400128232959762,0.0,0.0025089326553672,0.015964288530006858,0.024835036743050955,0.011435060349366482,0.0034538473688892775,0.0,0.0,0.0008916711778222527,0.0008674731423519222,0.034646989330423025,0.011077279406445765,0.01293279005774596,0.03224204861579252,0.007562962178578441,0.056768036264322544,0.0,0.041907061152252095,0.03491456482086526,0.015147271946506996,0.007919353405444111,0.04972953930735738,0.05779643457574277,0.07601172658246982,0.0,0.001407384936224693,0.015288567095706385,0.02618871363060445,0.02877147470509682
113,0.0,0.0618745909757633,0.0002742173493526966,0.025371653860668475,0.0,0.04565645055568601,0.034778978558386485,0.030832768114646848,0.0323787621444861,0.0,0.0,0.03236667590688758,0.030144180785198885,0.02113056460746864,0.016909117923228082,0.04473145845864819,0.052069990252336815,0.011827115138417775,0.012673153052350734,0.021935049869482037,0.030211386699017326,0.008236895480706649,0.02090337177272873,0.03611752082759423,0.03253683867292989,0.04550868910814148,0.02185459605833587,0.02509625459357387,0.04914115909467502,0.0027353041665700846,0.023161736788442973,0.019058099767003598,0.01526395430836168,0.0063012655269227506,0.06899804993088512,0.00946856009774477,0.06254544249818494,0.0023453240588962873,0.035101006292210184,0.04977921845612251,0.045817143854855254,0.0,0.037907788165762145,0.0,0.0008505251443871897,0.008643090282807197,0.014152092790378538,0.001879592074229959,0.0,0.012193784201011403,0.022716765486771942,0.01419418350876157,0.060416489839023105,0.028816637386466157,0.023062547907395554,0.0,0.01150881432171494,0.0,0.03626510932579011,0.011838543915207897,0.022866580595094825,0.030007447275784176,0.029058763020345643,0.0005469707446665616,0.007669840352562377,0.0,0.014202946649730918,0.0023934607946463605,0.0031013919158000584,0.023456702691963725,0.008937933829843108,0.029388818619776356,0.039609554115770926,0.0,0.0055293318554364805,0.0,0.08006299971067118,0.043847010066246674,0.10400425765902228,0.030288575228887418,0.03373866090099668,0.0075887863281812505,0.028806205142606938,0.07508979122320698,0.025814278521774276,0.060934042449974746,0.0,0.05878467216308811,0.05846906200224822,0.0,0.01940222008193122,0.04361619748795332,0.010132838557664696,0.022957865811104015,0.019676742527117475,0.007968969824090611,0.0,0.0,0.04766191826260749,0.012100048562897422,0.013852847210018403,0.02037463423001962,0.014242319248318777,0.0,0.017064156530104464,0.0489135377704163,0.028322898116698806,0.028555575511563545,0.024472161808061763,0.06958182233330369,0.06533670904757534,0.03997324578327681,0.041907061152252095,0.0,0.07435193437304675,0.0,0.013123130252389054,0.0956244169438417,0.047838733937663955,0.05331873310217495,0.050570277638696856,0.004343640540019905,0.002057267944301009,0.051301987158679896,0.027609814481393623
114,0.01064653248356434,0.04695601537733347,0.020264484870843938,0.025385062779216146,0.00674940710514873,0.05278357919851599,0.04167034305713172,0.0052003191658067565,0.05417442537547251,0.005203199601519612,0.0,0.0291111811036109,0.02872649794291174,0.01365230786731439,0.0032935524025362573,0.007168465723727523,0.0,0.0,0.0022950765416232346,0.019773758420052672,0.02346246918208944,0.0,0.0032794871303785454,0.0011914521600005694,0.01826415813860323,0.017351077542390392,0.017226126150628813,0.033608184705676794,0.0,0.058499591147657404,0.0,0.030891896031546046,0.0,0.0042754838589644855,0.01015673893758467,0.0007092775338149142,0.007285821040931188,0.03028784946706927,0.013573212932541528,0.0,0.0018317529521154983,0.022796428209381055,0.07522372892310224,0.022267930165118136,0.0058651880852664574,0.014477249566945313,0.051567146385832395,0.0,0.010539178175000094,0.01830967806691762,0.03240625545267196,0.001702082902612677,0.00546778653863057,0.0,0.014879071102565023,0.007111368442016107,0.06989787573629204,0.000700257379853386,0.020677484332866237,0.0,0.020420395414444088,0.015640831526675888,0.022408904268118278,0.004858167790624713,0.007961062651902452,0.01740136650706216,0.025432281578748238,0.030939437651520033,0.0,0.05247993057617933,0.016550771442042752,0.02507807498945637,0.0,0.007467462331409432,0.0,0.03250967771504155,0.03312902286866912,0.044965665855228536,0.03805307661979156,0.01537148347219824,0.01966471716269668,0.01598048963365011,0.028515441811869248,0.0003049931506857224,0.029334583255439084,0.0,0.08683141002865058,0.06662630155695816,0.0,0.025189692748929834,0.08534513535827512,0.017322981357229,0.001148093195722184,0.0,0.022702739670622075,0.058867425415332984,0.03500157647734938,0.018411446023767663,0.010090034495160343,0.01297542898582561,0.05278468055034385,0.031787549243812295,0.002922905567972704,0.03303686197142182,0.0030753429501485866,0.018290380449265082,0.013952946259337835,0.0,0.04667963907231417,0.017542793148178335,0.020604062478850122,0.0,0.03491456482086526,0.07435193437304675,0.0,0.03618482687614215,0.061439717546777024,0.05071652649682314,0.07536901984531306,0.01809812111188462,0.041325821028999114,0.04384870959351743,0.09177557641390273,0.0423982200308178,0.006865114705377103
115,0.0,0.021555338184774606,0.04076497286975841,0.04280309952819388,0.01688194196036769,0.030809525420557385,0.0,0.022171727969605624,0.007311431226471448,0.03844156995745513,0.011151347759596388,0.009315089687092023,0.0,0.02962162850133292,0.05699869600708031,0.02793420461332205,0.005465792634098596,0.0,0.012129637247660063,0.023360419095214743,0.0004300500249913293,0.0019580274420776243,0.01637215682829594,0.026940068156751863,0.0,0.04899847521121724,0.02587248948598655,0.016979227846103243,0.0,0.0,0.0008483429382931833,0.015567461065848722,0.00891068804182278,0.03443026033792595,0.015586228497249558,0.016366086949799685,0.027350161626925315,0.0037423455676770215,0.026231043806000928,0.02849630439034675,0.050301656175827325,0.05664219317700726,0.024266567792581142,0.0030738772483608697,0.012356458652052146,0.02796615667749815,0.0267529287752175,0.0,0.02160562665958042,0.0,0.04509761833388693,0.003990131705522165,0.027426569742263752,0.03428778778407144,0.0,0.0,0.0,0.023581574420872265,0.006826228242018802,0.004638190588102512,0.0342776787505164,0.018552397698400686,0.02456255213310992,0.03215395389688187,0.013805642074790899,0.0,0.0,0.0032929444839112096,0.03564119382491235,0.019279742346069106,0.0181176482700757,0.0028878752597223402,0.01620938290617218,0.01743962112616804,0.008702788987799444,0.015721550655898135,0.0055552565601291685,0.0430886952947683,0.007556727417842794,0.03160571647023215,0.030347245522966915,0.037960334793763,0.04510470030360047,0.03843087014120626,0.0,0.06124743271400745,0.013794117186479847,0.03422042624122102,0.009418628566837603,0.0,0.02929348437419076,0.0,0.06832222283770874,0.0,0.026002164468375596,0.0,0.0,0.02260325886127981,0.0,0.03672301473994967,0.0225911545524433,0.05081443552921439,0.05425420363720303,0.029243141955858986,0.003484955888957925,0.01853194811437853,0.015648014357498612,0.015908242643441903,0.0,0.008225018736709735,0.0,0.01455269596608625,0.015147271946506996,0.0,0.03618482687614215,0.0,0.053603665903166516,0.10327662534700446,0.06201311419452958,0.08292707843264716,0.02460365152096333,0.05245775248390371,0.027606774755537442,0.05551798530034761,0.033268693514985244
116,0.04799483428704672,0.017873903499159852,0.09629348677575977,0.05882377181009065,0.11691168897888986,0.2102456147878398,0.06489330307334376,0.007998655628419948,0.03352521696280968,0.015524328635626921,0.01136732174815416,0.03251680185393011,0.0,0.016796402655928824,0.028429151215758695,0.0,0.015240808598737304,0.0,0.026251744461570855,0.00664953593488769,0.02309982556719733,0.015073979040384327,0.05079082614645356,0.009703661202644528,0.02938467194872166,0.08837410698581061,0.024105667255357448,0.019132214046292177,0.021430337357293116,0.10768048014180596,0.0,0.01814820082304107,0.06927596282622862,0.024050128490903374,0.06720077581818236,0.057845917250247965,0.012780650865937021,0.044007162978729406,0.074177391644029,0.04918521481711632,0.023523335507088388,0.08991180725584694,0.002626650499959357,0.09164606646749013,0.007143508900622113,0.026567413773240702,0.012494652393889536,0.05219864935995518,0.06259747108145468,0.007064496665093299,0.020104240062486317,0.02013834447189535,0.0,0.0,0.02054989316876908,0.0007338799546564744,0.02210237106619539,0.017097532653041665,0.06354922637036539,0.05309148850223742,0.0005553800950234331,0.00782022573022936,0.010523783849898757,0.022309225365338928,0.04024110566791367,0.0,0.023356156017285603,0.027358020708166782,0.0,0.00773347753724136,0.0011668137181348535,0.03351964152868504,0.04692387883793441,0.0045016300527296604,0.0017727774490596793,0.016853362909741806,0.0,0.05899483446773864,0.04605698697563556,0.0735791263590259,0.021447011456708187,0.18405721365699032,0.3079049981855271,0.38670195152472536,0.3756076183079306,0.10542874793095793,0.351555142093469,0.15305727145300646,0.12488005049378048,0.27062242766968725,0.2706747358513248,0.19271322689529408,0.05338364413315287,0.05245767123654908,0.0194513052014267,0.01492675758804837,0.00044502705340264046,0.037094440449149474,0.022900658475534408,0.04610672684930824,0.03336735386898876,0.16665326867612987,0.0574757676787142,0.0,0.004836478925870799,0.013512982330168948,0.0024453169790719102,0.0,0.0009912314050682476,0.029807524512323862,0.028689073453487902,0.23362169301144434,0.007919353405444111,0.013123130252389054,0.061439717546777024,0.053603665903166516,0.0,0.45597611033056185,0.41796121291439464,0.3314010174101877,0.23916944206546384,0.22649280784237844,0.16452817230858482,0.26388560852296705,0.12915586878984506
117,0.0,0.049659725010775924,0.1937741151419543,0.2013131951606875,0.30083251436084146,0.2328333672658865,0.07866451027807463,0.006518593506315457,0.039499315091466654,0.01111998778296808,0.06705098769134264,0.024002792501824396,0.02970017770222954,0.0,0.019259478634482404,0.013297987028413599,0.016481363318050724,0.01821327843680861,0.002915976606812239,0.025373301840653516,0.0,0.018005554237699416,0.0,0.0503308320818947,0.0,0.011089826983402187,0.03212039741466098,0.01689612493292733,0.006762154418698474,0.0,0.04897623195756662,0.0,0.009851492327136842,0.023890179016365875,0.12166490485001284,0.10585681760187968,0.05970220334365793,0.022911288949264474,0.16691346466874327,0.1592686150186372,0.08241619732215157,0.01838135655443639,0.06744760610077581,0.0764726833814378,0.021734057144388745,0.0,0.01942050997526536,0.031044768560474667,0.04465414864121455,0.07730312653856072,0.011992727962180039,0.031710515549022884,0.020273743681547836,0.028356631128439665,0.0,0.009167020643280534,0.004934102438477342,0.03686972340203224,0.12393254178750389,0.08629781170669218,0.009127110364334697,0.04972167487204131,0.03225363243199961,0.046227721815405354,0.027181340772363012,0.025152619695560437,0.021641220655398554,0.052695424014401554,0.03012710417814622,0.04397089136389732,0.05803600760272889,0.03444383184926044,0.0,0.03815541506268758,0.02264244817757488,0.006170526550747053,0.0798386547420341,0.018700849159747925,0.093638884664103,0.03921809443860581,0.2248440792581899,0.4064554618174046,0.5888288878686558,0.8341396229260551,0.513545220801811,0.4155821683813866,0.48341938429410836,0.1415048683335631,0.13664559442028001,0.45386976325266404,0.29567802413610267,0.3492460584048502,0.1405659026358631,0.06744660816244065,6.920648454804047e-06,0.012338883402701192,0.03772592481484496,0.033810864804954203,0.10772127728089366,0.02311161270840043,0.02773385883616694,0.30502760318035604,0.1451365344987089,0.05193025208870875,0.010628634991389227,0.0,0.06285961187508729,0.014294197829553656,0.0,0.1332006060940139,0.1186318262575285,0.18924423189366693,0.04972953930735738,0.0956244169438417,0.05071652649682314,0.10327662534700446,0.45597611033056185,0.0,0.49777732977996,0.7211275597476343,0.33937627261457154,0.422848122431073,0.35994132621634417,0.29307280118466045,0.27572082822404015
118,0.0,0.013028268588404791,0.14835217188705674,0.12691355579563868,0.12405073949192727,0.2387641749226075,0.0025278121219212977,0.023692850733183973,0.00211318195824895,0.024083099474569044,0.019655464232785365,0.02813949511921955,0.019677988407445907,0.023527584497362284,0.009870438612751407,0.027924954465745305,0.02618574134163251,0.047251738694046176,0.024085382080668957,0.016885037319649968,0.02928291631521889,0.028404247037703757,0.025340905006533625,0.03484316429208501,0.04119308831482581,0.0,0.020206703050099944,0.0,0.012785306270941751,0.04665148849506823,0.053589497901818724,0.001979391400117792,0.013521278444207743,0.016459798363870966,0.08695336074995196,0.11104375661984583,0.04893134174554682,0.006932260148620533,0.14841409641761263,0.10813315395784474,0.058939746750353725,0.026608920715270278,0.015205361456980482,0.028383014134190733,0.02022194214286111,0.006938343331062019,0.029732417501037185,0.006196070631112063,0.05250091197663689,0.03159794291056445,0.004635380722246343,0.0,0.020412805174551945,0.043419982008019,0.034605610651715975,0.0,0.02221888478579398,0.0831208164194971,0.12956838300119947,0.036866972718609184,0.0,0.015309741072165269,0.047320197860766126,0.0,0.020037835306999315,0.009080657297489029,0.0032204612612565047,0.015333484750585291,0.0,0.0,0.06185971314126037,0.019969347507338635,0.04680910494202046,0.061062254498621495,0.022356401071927608,0.018050714151499742,0.10857437816959928,0.03431544698281359,0.11310910447159402,0.060858292691724804,0.017098976944369584,0.18874243083004572,0.4012212276418994,0.735061340899219,0.24922159209316622,0.35840005614358866,0.44917844269955837,0.11046319692301707,0.2954799196823393,0.33668306642208956,0.37332825863165514,0.2697389211060178,0.23214362953235923,0.07706923384258774,0.020287722379706587,0.02658802937261587,0.05076151837810878,0.014891711364499917,0.00798953098451753,0.05395384502806377,0.004155925130657277,0.17985551542724895,0.05650845948801497,0.017516000680031115,0.013728667116582414,0.027552818349954003,0.011874051333650892,0.026981662236906213,0.029644184293380907,0.032636691027517435,0.09326684943017725,0.16673834393687606,0.05779643457574277,0.047838733937663955,0.07536901984531306,0.06201311419452958,0.41796121291439464,0.49777732977996,0.0,0.3609679823777671,0.42602695800021095,0.2382831373382443,0.33879757191312804,0.24854421584655326,0.11064563899858862
119,0.028168101659365258,0.01693753037153323,0.23431559842242597,0.14744619205183543,0.12644776117740095,0.25451937331400803,0.030187572747310508,0.06542437914531536,0.015337252399841267,0.014524596724174147,0.04653397325543414,0.010211478785404708,0.007773783420786512,0.027097101908000316,0.014262874775941313,0.020889431947182378,0.006714260147906406,0.04088933780638661,0.04455896059641752,0.0,0.012690457008535208,0.010867699367067033,0.02927368285179266,0.025827747895443676,0.00016215886534215644,0.0019396935960690686,0.030889721598117773,0.0061920041727079825,0.05204774412311819,0.016452032766846286,0.01103870214615937,0.028055766803365828,0.02783336540029118,0.04465283505385719,0.13416046982309204,0.09174874397775229,0.008821077046964512,0.07260976268023452,0.13622173093263507,0.21964561842906538,0.1473079637865689,0.03246711202233146,0.01682848851289846,0.036628461317697036,0.04889511123051111,0.0163890388032526,0.0594257625399827,0.08690969346054254,0.04498600310481091,0.02764137798193814,0.01923928385804512,0.013492512129685049,0.06999144989628601,0.05153717961916532,0.07441451939871414,0.03396430495637629,0.019634537822783387,0.05544455841328493,0.04387576366353775,0.0032658315935274263,0.04026842004693864,0.05130786036192637,0.0,0.06268561338987562,0.007898935599605158,0.028514169395467446,0.05467924678364958,0.033324840175367,0.025031669893750094,0.06267746033783117,0.00794728155800101,0.0139388704771802,0.03326264256825021,0.029092602245718663,0.018302900384794263,0.008784694686592603,0.09364546275048313,0.09173373885941555,0.07533872543715245,0.05553040333361526,0.17654172685059297,0.36166999243411213,0.4448482985142989,0.6423710583048159,0.4448086627535997,0.4341476118462353,0.3146748550644989,0.2299109495955633,0.216106643210319,0.304230090748653,0.25379732991215864,0.20452612158665917,0.0784172501590766,0.020217981699673156,0.05718736915337658,0.022834893095988393,0.05951864219877833,0.08319760211635438,0.04428891798855472,0.06745628871540063,0.0459969359024254,0.187440102930059,0.1500847502496169,0.0,0.08542056003071948,0.053273891500337955,0.0,0.0,0.03338096193288542,0.024624506575945376,0.05688980121548666,0.1792054643870497,0.07601172658246982,0.05331873310217495,0.01809812111188462,0.08292707843264716,0.3314010174101877,0.7211275597476343,0.3609679823777671,0.0,0.44855288102605595,0.3297818697235667,0.3008079588013562,0.2640082839747854,0.17143766479953898
120,0.038174288268172,0.00177217510378536,0.10100854937282754,0.13971600627482272,0.08663727370247429,0.29694698582163737,0.04586076259840565,0.023285608410751172,0.024168255968378755,0.009821347827806519,0.0994164755366682,0.0379192094377202,0.0,0.005828577224304412,0.07017379290080285,0.00786328913961831,0.004603463002436208,0.05188533504508635,0.0,0.0,0.0,0.01735932460523435,0.009347376445808044,0.005331723263493704,0.0030082855833641667,0.05310691972546628,0.031909905890214176,0.04055425330462355,0.0036163583577597286,0.059382756770178846,0.007966267274655155,0.0,0.014296562441682065,0.03254554486221028,0.0727712893013195,0.03510907405203329,0.020838897988968375,0.023479779536090147,0.08119381423223973,0.11298349267808115,0.11158600771812917,0.0,0.0,0.011881365061942362,0.013240171440789558,0.013504526865590474,0.050751716441964814,0.013846173865313498,0.04975588152312029,0.06808761483411505,0.01160183087736271,0.0052416657088969355,0.030675763009985646,0.0,0.024269380089722983,0.026440405976264642,0.0029144299529541167,0.08633954296485515,0.13212911991993248,0.005655029472001286,0.02411963066503326,0.05671910859276926,0.0,0.03425274636334773,0.01178054623056193,0.014147788499973961,0.01610510474987929,0.03847227850923418,0.012112037536247434,0.024601498079833067,0.023660609386286516,0.035005154556380556,0.048969938163543524,0.08426503607945941,0.07166087174822616,0.01715717994029279,0.10829954427474839,0.047033475836339586,0.09921160739658812,0.06397488483103966,0.08788324865946175,0.1915271819842907,0.45791503208778933,0.5199353256787951,0.2770370847070257,0.08348443197703138,0.29542084533889146,0.0919516564812129,0.19848446969481023,0.3076861681304063,0.39511940714815796,0.23503348700507126,0.08026783306095504,0.0095898289897364,0.03369934078115729,0.0,0.010981366481189168,0.0,0.006955732578376987,0.06767969121176873,0.04054294617056298,0.07953616892758356,0.02125169096810852,0.10667008318651622,0.008489065015225348,0.025504713063349,0.011455603377205019,0.003431597339645846,0.026806806333494557,0.05256244396122419,0.05834239922186036,0.1597882765697835,0.0,0.050570277638696856,0.041325821028999114,0.02460365152096333,0.23916944206546384,0.33937627261457154,0.42602695800021095,0.44855288102605595,0.0,0.22462424824584737,0.12487819564573174,0.15661552566028625,0.07330823112702789
121,0.0020993626188066856,0.01246296666007554,0.16148989230421576,0.1651481465162946,0.0965171484727058,0.05216050660377353,0.06507986813199766,0.025499690141169866,0.0049424884529166374,0.04297997414938635,0.03827068586759519,0.030126366513194943,0.018564308523145653,0.012003601949744225,0.03168029533058507,0.008964581752478154,0.013242639262598494,0.009434798326079772,0.019959683771445642,0.02257897308670833,0.028913883737224994,0.014071529512878302,0.008395114793323239,0.005154642720682863,0.038215772229757736,0.04898455236909968,0.049606660423672636,0.05011363015190843,0.040663128113680544,0.026895624734692185,0.03159341885236313,0.008119551538289508,0.028543174099641737,0.02328355722860351,0.04067720182230513,0.05240233235614469,0.0,0.015970812120152337,0.16479148949048647,0.19142617997189926,0.07470235618359083,0.027803331475387064,0.02417216809269488,0.0,0.0335983898789223,0.005929357940027619,0.04053847506412775,0.04064786334086345,0.019110646882525957,0.01853568545485144,0.03316799799933262,0.006162312858083072,0.00175552891653818,0.015524961450679433,0.04813199465828485,0.012054781663377956,0.043384054365759775,0.054350509442253184,0.06209049605305698,0.05075897936645058,0.04579985247604975,0.031806423593723654,0.0,0.030649520833283483,0.0,0.009845608146135434,0.0,0.01581591197929302,0.04066689919032508,0.0,0.0,0.0,0.055565604282563415,0.01951037026611919,0.08817875887879868,0.004428751709829438,0.03831875446088443,0.06025968102717205,0.054170313496362206,0.05737888502707374,0.07773410020417873,0.1679979307459209,0.2892386833662185,0.3378177144116759,0.34970937978351957,0.2509530201208791,0.3096422954868247,0.14799162715264647,0.14580928962643758,0.2902556226294585,0.17316849265120973,0.14919706015330625,0.07009759732113006,0.006941434387274651,0.00014670995830942205,0.012730446240974073,0.009161758872026544,0.02400661358730553,0.03353517540017589,0.0,0.02024351230760959,0.1412696230684511,0.046612604627616114,0.01903225619064282,0.0,0.026464475311454107,0.0008500366986625162,0.03400114433283556,0.05063412818541188,0.06437193561691072,0.05284355837974548,0.1227234815888687,0.001407384936224693,0.004343640540019905,0.04384870959351743,0.05245775248390371,0.22649280784237844,0.422848122431073,0.2382831373382443,0.3297818697235667,0.22462424824584737,0.0,0.28559644835999204,0.16482292239783508,0.1787159738170737
122,0.02496942654531848,0.01305501623920469,0.15547129478716656,0.08392174984859166,0.15211609766095105,0.07650509245441327,0.05364031564695664,0.0,0.0,0.007402818690851993,0.053839681435853645,0.017937855996044128,0.05734523895282022,0.018949856292402863,0.060982360557659314,0.05283284405701676,0.000690081159260801,0.03336578316146303,0.02435045015177919,0.0,0.01700188045976854,0.011590534626490791,0.0,0.0,0.030705155872657618,0.0567017991423516,0.06385488560201415,0.051304416434351754,0.0,0.018815935546880175,0.0388524145455929,0.024094302185335238,0.00970127456900099,0.04680516420566005,0.04296413252527971,0.11763417569286051,0.056275296712401196,0.0491910188954633,0.12529612518188557,0.12406778600587225,0.020779689654741456,0.02461524871396825,0.0023046393852788538,0.02648268320398876,0.019151522936549127,9.867886857675984e-05,0.031099094701787754,0.06801423809148135,0.0317592463514739,0.02426027439548609,0.0,0.0,0.01594166541077796,0.036520690497459485,0.036100740590061256,0.019607088354233505,0.008243821345267514,0.005145189011352484,0.14931953197817396,0.04998559982143645,0.04778323883948653,0.010015673150727336,0.04788007305523987,0.03546971704647109,0.05088505593090864,0.05080427065010574,0.014252507539600171,0.006182523279142425,0.00861297534341549,0.02206676699067079,0.02670564803911626,0.004540456537159204,0.02001554116502062,0.0,0.01419850225620702,0.045507154071635796,0.058848429598491334,0.0,0.10776474472689604,0.03486105567253857,0.09648516068640786,0.10254990398357555,0.24634962659040008,0.5306721348902264,0.3284826552209251,0.3033145548022081,0.28243029856690677,0.09496825703927236,0.0,0.32023937595089286,0.19496350462130457,0.15437080331470474,0.10159617647573606,0.049100248934821414,0.03286986170588962,0.0,0.05173068520296829,0.05681377884951922,0.06753810153969339,0.04537429999266842,0.023987011809665785,0.17571460451884244,0.13597136983467084,0.04236245693358843,0.02247338137517615,0.013115416533553349,0.006907001550795231,0.0,0.020245166140974637,0.07596526662618547,0.014537849778689048,0.1403669699823024,0.015288567095706385,0.002057267944301009,0.09177557641390273,0.027606774755537442,0.16452817230858482,0.35994132621634417,0.33879757191312804,0.3008079588013562,0.12487819564573174,0.28559644835999204,0.0,0.29712790869776023,0.25201030581177564
123,0.011882566721434956,0.0072567064784004424,0.11269109456420096,0.13220788602626463,0.08026466192087577,0.14260732182276617,0.018074226954385333,0.0,0.024767702435770218,0.0,0.07373213899540716,0.033174233021017324,0.029310705117754403,0.02978877659678289,0.01443448767706666,0.006652303535189353,0.03227056561669085,0.02046679525349806,0.01632122612780014,0.0010520223986960541,0.04568773437355376,0.008033759621165988,0.01397662738991063,0.013531984756785402,0.0011946507511272635,0.036960225522910034,0.022452638853880387,0.03188000004370737,0.0052038160480055535,0.018800407063783726,0.0,0.0,0.07187371099824764,0.010007579623223954,0.07485650550855835,0.07841385026529803,0.004946712954727211,0.0,0.0866349668539257,0.12261628249663155,0.0285243091656351,0.022134902893593898,0.02510644239521445,0.03528957492700631,0.018684800174324726,0.0,0.004576335861594133,0.027637706728197372,0.07321401691104971,0.04455433305006551,0.004130467466068164,0.02332187187208212,0.0258123034205051,0.07668402538574016,0.029411753802219213,0.022037062901675158,0.03182607294219263,0.022562946963262935,0.03787314786835349,0.04161210569939672,0.05183939981354847,0.02734708580458892,0.015821211458405773,0.030343566638574314,0.008523627944431364,0.026275370450168912,0.015101212013856778,0.043639997381355114,0.062466510883125916,0.05683454879496948,0.018725271289071265,0.01832188236526418,0.03555282655760903,0.02418495824862447,0.0,0.02035938297340736,0.040558501813051887,0.0583374326380149,0.0,0.05534858665631327,0.08355275416354811,0.15007483875757896,0.30900432963890556,0.4744540504054719,0.39426644032302166,0.2500934286537032,0.33395221620511245,0.10144522751555826,0.057370836940544484,0.3341308875659303,0.23313004797210585,0.199711126408994,0.11006905530032807,0.052270873847649245,0.0356610899350391,0.049076235766646034,0.03167199568485251,0.0249255106714371,0.06431982185070198,0.0623030880262459,0.018553285562619534,0.12757722426252385,0.057235138775495166,0.05605726974016935,0.009675942773875996,0.021786216277196537,0.018219244734738214,0.006971855337767872,0.04636194337017954,0.10757645092213743,0.06498915247961833,0.11383938612596006,0.02618871363060445,0.051301987158679896,0.0423982200308178,0.05551798530034761,0.26388560852296705,0.29307280118466045,0.24854421584655326,0.2640082839747854,0.15661552566028625,0.16482292239783508,0.29712790869776023,0.0,0.23725824816918686
124,0.014011793093863491,0.07176803956132374,0.07837327323434144,0.09911005194246962,0.06960197849558365,0.14984997928942978,0.020935262294467336,0.004771212144788299,0.008632769202025612,0.010543489595558689,0.018868929898244145,0.02143997498139845,0.015618247771256814,0.04911858041712715,0.02814535334301679,0.03173268586352777,0.0,0.020178553092249675,0.026528384710768967,0.0,0.03727027660052061,0.0344301088099393,0.015518799584733388,0.056744279779621085,0.0026032341531054604,0.0037841313322672884,0.08470614197294571,0.01705865494284497,0.0,0.010871761307530588,0.0,0.05027387552307149,0.025040217437721668,0.039900620024910745,0.032201161113616775,0.07266182730252492,0.01967090901039232,0.018689107616944138,0.09165165315853464,0.10694248774494872,0.04287054233262406,0.022926022553177307,0.0,0.018255931525378143,0.044061586351242514,0.04635317559682458,0.045140701994746756,0.06440939352784741,0.007078277927333717,0.013951155548990265,0.03377406897955815,0.0,0.01914455676628884,0.05234940703553794,0.019593861689462123,0.035766950983323484,0.006506563796179486,0.0,0.026254399435478967,0.030389424213738702,0.013959020197348366,0.017622586946381358,0.0,0.0202986290147193,0.002692080596229625,0.030436112025249405,0.04642829011525186,8.934508528315137e-05,0.0,0.0,0.0,0.0,0.03762760571758413,0.026729986296034368,0.0,0.0,0.017324561629681448,0.012739412896592313,0.03668967289582439,0.022363829420949756,0.019721129596969394,0.12897142530652655,0.24632954269291685,0.3091082056879585,0.3010028981828095,0.19477194876572715,0.24022036819294174,0.058231064568043195,0.031068757213602558,0.21851220400862692,0.14466822602184717,0.1542468349324358,0.016703868158899897,0.004927192423487201,0.026569503892755187,0.0403868092763143,0.038347848523448316,0.03214439823870014,0.0492120037233938,0.049372420778605104,0.018098142200432533,0.14030964920715577,0.05970893873670856,0.03147685941329426,0.025403352425768605,0.01746561171860108,0.004392473897745413,0.004018482080813831,0.010664731037488382,0.06461466036972581,0.041809513726539516,0.12165398759198207,0.02877147470509682,0.027609814481393623,0.006865114705377103,0.033268693514985244,0.12915586878984506,0.27572082822404015,0.11064563899858862,0.17143766479953898,0.07330823112702789,0.1787159738170737,0.25201030581177564,0.23725824816918686,0.0
