,0,1,2,3,4,5,6,7,8,9,10,11,12,13,14,15,16,17,18,19,20,21,22,23,24,25,26,27,28,29,30,31,32,33,34,35,36,37,38,39,40,41,42,43,44,45,46,47,48,49,50,51,52,53,54,55,56,57,58,59,60,61,62,63,64,65,66,67,68,69,70,71,72,73,74,75,76,77,78,79,80,81,82,83,84,85,86,87,88,89,90,91,92,93,94,95,96,97,98,99,100,101,102,103,104,105,106,107,108,109,110,111,112,113,114,115,116,117,118,119,120,121,122,123,124
0,0.0,0.0006094112262508979,0.03389437931344195,0.019752979563530698,0.03282877079899589,0.011345591849192125,0.0007595333006492755,0.009362370713255855,0.029520750987766957,0.0037584618095103666,0.019286570790276174,0.0015031021926854378,0.0036489932952769796,0.02279561732326578,0.013704538776254865,0.01627280628569932,0.023112667564706108,0.005457339956365806,0.006690381162118501,0.000744771347350285,0.014822816569801995,0.026422119072792412,0.0017040349804652649,0.03704824661415393,0.006057737762021169,0.04344368646957947,0.04109296267720634,0.0019318431853098889,0.0018290429817805155,0.0022688014708973593,0.037410775587669566,0.0067426191560950735,0.0047506229901579525,0.013066145774459543,0.007289246592121558,0.004000072364743805,0.016551881057335755,0.03422178160583581,0.017127770982353616,0.0,0.0013326352935675936,0.01974253000878331,0.028075987451667186,0.002733103398618283,0.036006915856065025,0.0024484299932066803,0.008997160422823957,0.002121185627088068,0.002478738776912532,0.035483825907404655,0.004655923710379185,0.009096499774195788,0.06246958934403168,0.033818847675677964,0.023099593449582723,0.03663835452660186,0.03383981737353127,0.034930719630211444,0.00980277692059187,0.0120821893251666,0.0007949171910238925,0.03820072805883512,0.007734336244229985,0.009202339054241683,0.052127171182372894,0.0018363167466556784,0.01372680848276561,0.0163077887907828,0.01354019526685368,0.0004898296187343012,0.0034145207039123437,0.05873975419507824,0.0041302119989654615,0.006267445546923215,0.0,0.0066774224689014,0.020824669645165144,0.0,0.0006740445449126006,0.0034071392097822254,0.008570207128861876,0.0300320727210612,0.019644875532573648,0.023822815739880022,0.0,0.0035046208900825944,0.018029667230764306,0.006791383456325635,0.016382345831741998,0.033205307942060086,0.017449749063774604,0.02428516635412436,0.051638514449770044,0.013685673580286007,0.008019060983015122,0.0016362537369185078,0.034909592078435206,0.028197344434152175,0.019371285261443848,0.005317548332713261,0.024261753862186104,0.006768423001100311,0.024736422374250923,0.013520928698462577,0.002056397300099768,0.03734930823164792,0.0,0.0,0.0004172919614657823,0.0,0.030033881419376414,0.017094943288932886,0.015500180882309924,0.0,0.014153950774161152,0.04221987436497539,0.05396984904102233,0.042631139472519564,0.043835235079834244,0.0,0.0036174527870503994,0.00741971268188413,0.015736900108575723,0.009328167320189016,0.02492796596589724
1,0.0006094112262508979,0.0,0.02561877262515541,0.00142806672518553,0.03909750929035684,0.0,0.009396682759127258,0.02848428338695711,0.02842714362341979,0.0034718078673864386,0.031991001280704943,0.013291623684130872,0.0007116911540736645,0.031723252763488155,0.00027129339126717565,0.03350134081661085,0.0009683026188571011,0.027555019269333736,0.013683545715431775,0.005776058079171699,0.0005228978287567739,0.0007227982043998909,0.009030113245394268,0.0028803379848671264,0.00466663030212055,0.028586224077135323,0.009279601800296394,0.0036700026456413077,0.025368552514741707,0.0030359891157936813,0.04258097532038587,0.0008512106788492113,0.0012359201411033585,0.003589446121533309,0.0023138690929157477,0.0010656061090150155,0.022280039373707716,2.2808616034177154e-05,0.012832940771561656,0.0,0.004819556230833079,0.010583171231301133,0.02835483354541757,0.027169012035264516,0.0030058081390868826,0.00718525017753596,0.023049986392918206,0.04257577282806063,0.03204614315790935,0.0035629822706937926,0.005629988085621753,0.010303392535661152,0.04451677723191344,0.0076818351638832895,0.03735021230340463,0.03217668465192,0.02648250753881122,0.0285415299366525,0.004441273400552457,0.05347014321584827,0.003595657952474552,0.008824375259725788,0.0023353184590082206,0.0036872575502123963,0.010037810708844854,0.011496936463217564,9.779588230265773e-05,0.04254723356002129,0.028632145606370025,0.02228066048757541,0.020745886787265393,0.020973073248617705,0.002647161966606392,0.010133920998123996,0.0,0.057620206627357215,0.0031953289038235966,0.0,0.0040018185546610435,0.029040621581653703,0.003961941146680262,0.0020111295363180333,0.016152099613241884,0.048330143994367095,0.0,0.019905802504185797,0.030419019420004332,0.005307354458548766,0.03739643871250516,0.014697626017618447,0.01876207200778951,0.026515110132807093,0.025370390712262953,0.004255575418418468,0.000741396209614818,0.0011751933316668424,0.009978468723808753,0.0023158880691760563,0.008821976231140819,0.0006935329069650325,0.004363378499718481,0.004312728313650892,0.004427627872744373,0.0018699701765216388,0.03262882692790342,0.02055001441666863,0.0,0.0,0.01611099885820306,0.0,0.0022357046537261173,0.003036816444368869,0.0,0.0,0.0008721766729342044,0.015217370347023196,0.013833742779560078,0.0018397637245872458,0.047544794105038694,0.0,0.00519520284228935,0.002025959676505794,0.003222031814429589,0.05021803905574106,0.002307720996590124
2,0.03389437931344195,0.02561877262515541,0.0,0.009696501214306834,0.058617305346694695,0.008863334456389439,0.018677364981635247,0.0037315811177455176,0.006634512284435495,0.018670243405903415,0.009751968301291691,0.0216470907843206,0.04836604825367329,0.007020715865130996,0.037520794398620945,0.018668309391952447,0.0036811070879931673,0.013572792815917362,0.01034003930756824,0.014318071574058722,0.010873032506415465,0.0018365315223360676,0.0023983162103117747,0.05966704274616749,0.0007312425010991699,0.020008341547989944,0.06245567987373169,0.006329809612505344,0.03390298573884259,0.007080468929757236,0.03162899257038127,0.029591208234358315,0.020032565325497066,0.01595943318936662,0.024705495151617008,0.02686546377807798,0.02221709365905693,0.02210134077072775,0.03603836651166391,0.0,0.0020351523908025094,0.0237901701153752,0.0021549606521222404,0.023454340513074618,0.02497999729397318,0.00013556308492550606,0.003280606047189652,0.006495431090295707,0.03081121690208291,0.03024440445092578,0.004359576380025891,0.0429544174040517,0.007214688705567832,0.04889326530823486,0.046107701501187974,5.5416746447090193e-05,0.02150826395008018,0.003314582042350331,0.034556064119842286,0.035677221626252184,0.00039551703502470396,0.03804942480543638,0.009207384293890408,0.020457467495642666,0.0019238826481466646,0.030156658282167303,0.0017894355741356009,0.015771230343947864,0.003368258891121883,0.002381057256932344,0.000435068124338843,0.0035543110669834857,0.001115480058918376,0.04691289258342931,0.0,0.04111610456324878,0.022396107647293724,0.0,0.03024383660135225,0.05129425876101745,0.04601686731854721,0.05466889679619688,0.06973302114751058,0.04917787643035905,0.0,0.019078720882618184,0.026983272722859046,0.0037158588512156325,0.010419566279978415,0.008141176753213073,0.0024783318687080606,0.0026892105766788414,0.038835143230291524,0.02909301664132203,0.09059373327418854,0.015989355933651375,0.004580087101975504,0.0014195790436971852,0.0,0.0015121013744441394,0.03144227203553457,0.005018241725584429,0.006347057606947705,0.005601233174930351,0.00635437631748483,0.0019613039100178156,0.0,0.004206648525921585,0.06162056414370205,0.0,0.02737334262567106,0.025711188484298125,0.008482096069603966,0.0,0.017236812172757677,0.03480722499095454,0.007117576668756427,0.036628588985909,0.030010475626220928,0.0,0.004615086666722113,0.030712983962424684,0.060474274065807646,0.03856447696648698,0.038455177967430074
3,0.019752979563530698,0.00142806672518553,0.009696501214306834,0.0,0.03435848596502469,0.023685315096501913,0.030747237355350513,0.009425649960636408,0.021721256617582358,0.0067227577915609784,0.02032603120138811,0.005312582544963987,0.00601686237891427,0.03553556906845221,0.002879023869524378,0.034567439652481206,0.007099759320253445,0.0014045178804513536,0.02622901268385962,0.007139215477832283,0.028654133125752778,0.006087867474719528,0.003913126124975292,0.006853019925618193,0.0044708731865502884,0.03651032185231565,0.004932523048368563,0.004045819169584188,0.01513399922936112,0.005074753639441701,0.0006036711433990805,0.0101704369060524,0.031092057177335028,0.03487332696442306,0.0024239467712647324,0.028037315078004096,0.03381566643642871,0.0013500789810480976,0.11156215803759463,0.0,0.013993711349432014,0.011530692406796005,0.020112606732992037,0.005124233141644817,0.0071361694013353525,0.0029497038156449484,0.004322904396799977,0.057027648640207804,0.024742274404754898,0.06060270849453408,0.017245567515211092,0.017756220354455208,0.014841753324883966,0.025772350474536344,0.0018533769459956617,0.015563169587081784,0.02498574476160439,0.03766176069539789,0.020278527779768785,0.03584614503253164,0.014969581355936604,0.0330612814119264,0.02171260884149261,0.03510427854269634,0.01484287608191258,0.003350521546992589,0.00484021514931153,0.0016741827547151714,0.018799754697027233,0.03907540281656651,0.0048616057760861526,0.0035009591809012173,0.019769640926344485,0.0151522546798848,0.0,0.0685099152727444,0.010196548290511687,0.0,0.020557902443661902,0.03850283116108756,0.027815047203321185,0.007930149294537286,0.03400880248639003,0.04378039513677462,0.0,0.011402838807971199,0.043614418815624494,0.050870610129519725,0.08521817367664722,0.04132099713193239,0.04895272707132626,0.007503229012719478,0.05968530699664837,0.018295855764784163,0.05655507939236662,0.003998399773336616,0.030326474092572987,0.005775541822781526,0.0,0.030480856175588655,0.0800343905400607,0.002307430365574445,0.020768740598778812,0.019326612727405088,0.04259517081561633,0.002556023357183709,0.0,0.02728249367711087,0.0005463816908189197,0.0,0.014211692758999882,0.010125397335917205,0.0,0.0,0.029242094068052994,0.028922298716155554,0.04114888453945881,0.033933542757076905,0.03801749746224415,0.0,0.05654018238115118,0.02228973137944684,0.056687916576583654,0.0031922258727985053,0.01935906421891867
4,0.03282877079899589,0.03909750929035684,0.058617305346694695,0.03435848596502469,0.0,0.03986698645502058,0.029096130774905908,0.041307532388397114,0.1257922305874197,0.01934441615434207,0.047738932862494025,0.005503176852624904,0.0025970122470106065,0.012250593844391469,0.015132189626561737,0.0037621413459031205,0.03602187121285146,0.0016367950640183856,0.044270533409140854,0.019770096553693547,0.003913935773006235,0.011075512132583553,0.04763324557354424,0.003285337511317249,0.020756078220387476,0.00852301586034244,0.009487002291693046,0.055644389721370216,0.001568211095591309,0.0051657976789075,0.0005325541069029404,0.06720000242245813,0.038915886941341446,0.06078360766667686,0.01690457472218471,0.07733240441287531,0.05511776004396717,0.013136817086799304,0.07946173624801785,0.0,0.0031731550796471196,0.010386094891904086,0.00877663238963277,0.0031958638168180383,0.003919408054956805,0.0456483539963474,0.00932846806566794,0.010810457265180222,0.037124191520372676,0.08775137846540591,0.033002723072527565,0.02905522612572617,0.023458088189859942,0.04671705051970622,0.003439527464922392,0.0685987936633624,0.009703666139185526,0.011799334373433853,0.06922279474568832,0.06622927778509062,0.01866055056043051,0.039143829160706384,0.06006251750991573,0.00798328083873118,0.06353133129423576,0.025775845916473115,0.02522118521364854,0.017525880458959333,0.03213011552892931,0.007505271317914988,0.0007041608189534754,0.007889593436955401,0.023086331303335705,0.02533966183595065,0.0,0.022278605051110744,0.022813423069860114,0.0,0.0711468855238042,0.00302369527202999,0.09009024928725051,0.10948443179107245,0.07046354279308444,0.09766961938631104,0.0,0.05121191343483542,0.046394375289629274,0.06286045440600825,0.012505778721486765,0.011321917816735439,0.04192077033712518,0.05151667526419193,0.1615966801574199,0.046581923457019975,0.06999407299736847,0.02731535709900932,0.01816515034570326,0.022141485401046837,0.0,0.0031041656243306374,0.06428249067704887,0.0844858080688145,0.023996143286323605,0.023062316180391146,0.016842069654859466,0.0017467159948505065,0.0,0.0,0.04915554046974463,0.0,0.036127529667420534,0.03695377771761281,0.01847369369175955,0.0,0.01290051568302857,0.06480848045364533,0.023710934410441347,0.160901689437285,0.0022078517069882165,0.0,0.0034275029986977523,0.02449771970466589,0.007123235064491387,0.02756226220782275,0.07864741598709504
5,0.011345591849192125,0.0,0.008863334456389439,0.023685315096501913,0.03986698645502058,0.0,0.007961137521606609,0.05412934202076515,0.03921486170511244,0.03835227295176162,0.03972780938232115,0.0,0.0,0.020071320904997858,0.0,0.05284794306658791,0.0,0.02586199890733711,0.03374905224050667,0.0376140625812488,0.0,0.07012856640959438,0.02041974292070983,0.0,0.0,0.02944345791506568,0.020514309059513278,0.0,0.0,0.009238231714486941,0.0,0.009070568167659823,0.015818397630979208,0.0,0.0,0.017078404286315928,0.03691410829481256,0.0,0.011025533875055454,0.0,0.006262177670720529,0.0,0.0078006738456169,0.0,0.0,0.0,0.0,0.0,0.0,0.0,0.053506214262716206,0.02669820558177051,0.005285331718105755,0.0003601587529898215,0.0,0.009639809000763142,0.006727105391020426,0.0,0.0,0.0,0.008811053002280033,0.0,0.0,0.005249963783637965,0.0,0.025815157729378688,0.0,0.0,0.0,0.022179891707107918,0.004969794013962079,0.0006047464422871232,0.0,0.026816682032027743,0.0,0.0,0.002248063057090073,0.0,0.01575315284719923,0.0,0.016428153024917052,0.02491730711210154,0.03562617219200216,0.02959287063728259,0.0,0.0,0.017613219878387213,0.040489108991438434,0.035939749141117604,0.04119270769153538,0.06806600763817765,0.016412905375461646,0.0,0.0,0.0518551435630498,0.01965584444223876,0.0,0.00792878800348825,0.0,0.0,0.01583987720588474,0.018295059484699547,0.0,0.0,0.0,0.0,0.0,0.003105518642071358,0.009415211487700382,0.0,0.016557677754750977,0.018094932915862023,0.00038394104090734875,0.0,0.047118370667208996,0.0,0.0,0.007984841782711775,0.02609478642101163,0.0,0.016490125989321543,0.03338278057949162,0.04288449585365105,0.0157750852411149,0.03540690700470249
6,0.0007595333006492755,0.009396682759127258,0.018677364981635247,0.030747237355350513,0.029096130774905908,0.007961137521606609,0.0,0.12848591769614665,0.03643654413479528,0.0474724818738763,0.11805169435167656,0.001385925906004337,0.0009946301712251626,0.0621894455265814,0.004450794579960211,0.0014939496156310523,0.035214325454540826,0.033677013398875036,0.059445250756289994,0.01434108885902955,0.01102472436087477,0.030413414098754893,0.003416665119164702,0.0015543163653051432,0.005255819007000985,0.025765652199874266,0.006159192514107446,0.015784260913909443,0.0012780717011738171,0.0004729588161782229,0.017080861023362252,0.018187137909847995,0.031131911202054476,0.053429234000732434,0.004180828141358075,0.12278756598658229,0.030120263237937355,0.045097321075387255,0.025596884860521155,0.0,0.013395081328883934,0.03355616431017755,0.011737487649790313,0.02430905681893026,0.004862399537495021,0.002217318947369077,0.0027286450158867616,0.02926238883708066,0.008716793029985006,0.031035978821311334,0.015320941068052108,0.0008457933431973554,0.029618783741340988,0.014242691731756556,0.007418218421356783,0.005416107674639634,0.010489367528164492,0.0018032267506699095,0.07365049988957902,0.028464635334681614,0.014510907382022474,0.08600063294733058,0.028788752008397506,0.010307980830141375,0.002074331430207858,0.025689036519617937,0.005133681884486208,0.11580390420431577,0.001190455119874561,0.012078211203698876,0.02247430783481975,0.00014235108152807504,0.020790329229609193,0.03289066560751182,0.0,0.04259769742138268,0.004552968003614591,0.0,0.10545157420619429,0.03573381252900557,0.08400364928876865,0.0209305485946798,0.12241209110043752,0.04304550720668732,0.0,0.025990468030582508,0.055468621719200736,0.06923617172917794,0.08859277746117591,0.05612967589801014,0.06145509307499811,0.015231377714992961,0.09394046470633423,0.0017674567031529056,0.03607205785587631,0.01370405953440629,0.007866799661260733,0.012025367771894542,0.006759595656190781,0.02680823349425993,0.04079444868013615,0.03468217105672895,0.02918959900658965,0.016273312683288743,0.0657468815668724,0.006923936239076499,0.0,0.0,0.0002853336070720672,0.0,0.08985164858108531,0.005075530064082056,0.0,0.0,0.0031156934325557452,0.005972468340543199,0.08533130031862761,0.09699203386601507,0.01734016826759487,0.0,0.01871655174621453,0.004132632834990062,0.01890448274293795,0.04102261055082678,0.06551596711960819
7,0.009362370713255855,0.02848428338695711,0.0037315811177455176,0.009425649960636408,0.041307532388397114,0.05412934202076515,0.12848591769614665,0.0,0.014832408377419393,0.09322955954318247,0.07234488969572624,0.007796030826480815,0.03014232242047747,0.010753368259373593,0.015289181857527232,0.0045151839986533535,0.03445379895264145,0.009255032510947852,0.10564872110104895,0.012115476555797667,0.020941572600771032,0.007658238621264368,0.006233962750546187,0.007808313927485507,0.0020844515469139986,0.011658860498477268,0.03799749418480708,0.0006326360932871573,0.033146235490145545,0.037192328135645346,0.02333451001141965,0.05255110389692422,0.01672373080430941,0.008048768082359539,0.00856563966519045,0.06222461975287202,0.007459128963629016,0.0028564498658461427,0.07097165931787475,0.0,0.034843604902428764,0.0485073015506393,0.01943173594032091,0.019898310472467276,0.0010809884480089702,0.00995561002535454,0.029582439083113046,0.006539782702918641,0.07264008074936373,0.010758688280298993,0.038284681254985735,0.0192213103133232,0.013017878357697245,0.0014565099079166634,0.0146327166122186,0.0010146699617521089,0.011990630581905738,0.027776207673780386,0.02616628497695652,0.08167787857979271,0.009464900643351044,0.05402612526258297,0.03407832756538839,0.012467331253277831,0.002379018949992508,0.002686361553845081,0.0009131340089768309,0.08290053759510814,0.04592587098152994,0.018150736541386072,0.00019079025581680376,0.0011269690136409506,0.02063692773670029,0.04513925539086611,0.0,0.06016118049584092,0.038164780752026034,0.0,0.04246299939562946,0.015368656878900464,0.10170079938726014,0.12529424411744958,0.11402759281599238,0.07437668547466937,0.0,0.012222979866235438,0.05403826133346509,0.056765102089045644,0.0652109293019668,0.014673573885137521,0.07064970735414737,0.01144001476100409,0.03192737005455352,0.0008815193925457486,0.058104255273969396,0.012108241424566093,0.006039277072499022,0.0037793390073612514,0.015897869062581397,0.025848650001891123,0.0077713746008635076,0.03071748331551328,0.03869118210045068,0.033348436504814706,0.0025695177906376195,0.058812749807438953,0.0,0.004789693749116594,0.030182612202176346,0.0,0.0943278249360368,0.026116931596619757,0.013690940703201471,0.0,0.025795353613042766,0.04274096673065295,0.062230950485817664,0.03927052492489796,0.009811049484575689,0.0,0.021307827663166256,0.011350951027285098,0.022491837160760465,0.06636214773005049,0.08712749702694045
8,0.029520750987766957,0.02842714362341979,0.006634512284435495,0.021721256617582358,0.1257922305874197,0.03921486170511244,0.03643654413479528,0.014832408377419393,0.0,0.04334799330613132,0.016898392959118824,0.0364676455480832,0.01891318570503965,0.04726091839900339,0.0009563391073438291,0.0025675627438662444,0.08406987874625588,0.012485649635326017,0.07498568135772114,0.006467966979806529,0.03557239076685943,0.009056273204299747,0.024143858629361657,0.011450545352276074,0.01700778607391274,0.061489180124813275,0.028803359383888824,0.02163512942793719,0.03421425682095541,0.02283856493154266,0.029827146992020662,0.036771343123372206,0.007334323417936175,0.0023187499152581012,0.04922753062383053,0.06639320470529754,0.04379434706981751,0.018454279287936755,0.020164706697254196,0.0,0.01020817883472174,0.0061933676055488515,0.026471142087154398,0.00344553870266592,0.006834971537209918,0.001629518126979851,0.001907950529884965,0.05275174489515726,0.005057210119282207,0.038493969237376635,0.017984682547374918,0.0011501221855013664,0.03933388997050486,0.007069727307468136,0.001951043610818864,0.001033954815751193,0.0031420035781996427,0.04554391320272464,0.0645572926432985,0.004189387921949976,0.01473050318196365,0.01586637748155379,0.016500504144897503,0.0023334042272559865,0.03348582077235636,0.007079034726653004,0.0015757030250663263,0.03928042255794625,0.04936925794265562,0.01599281147616455,0.04248411586735604,0.01315591812410402,0.04921670924814909,0.019041671638536296,0.0,0.009069376754911427,0.03501305053199692,0.0,0.09396021340241692,0.007850356114029055,0.0667405747749532,0.03338255437034204,0.023786774898274857,0.05511370041306961,0.0,0.0017461288878946664,0.06629528007531327,0.05671052730256009,0.077942811717909,0.06888665369339846,0.0034375184996335555,0.017226047382792407,0.005181789234180249,0.025082499992194033,0.028504262685038126,0.0023097055195295773,0.0016155977511536864,0.0852414500266879,0.03509344977691451,0.02598463044153879,0.06567671355891747,0.06000169776825417,0.021853222646744785,0.035171871014947544,0.0007730084129810877,0.04126318173100897,0.0,0.0,0.018457991549918763,0.0,0.0858691893078262,0.05024319348878415,0.0,0.0,0.014073199298056196,0.03262359121898692,0.05075076419211138,0.05862308523324976,0.04422209137987585,0.0,0.02483117217041859,0.04786634094244898,0.0016731302590039267,0.06249225591330312,0.007961856833465921
9,0.0037584618095103666,0.0034718078673864386,0.018670243405903415,0.0067227577915609784,0.01934441615434207,0.03835227295176162,0.0474724818738763,0.09322955954318247,0.04334799330613132,0.0,0.0713702231609552,0.026068141547580567,0.014777917555402927,0.0030668079994171913,0.03682413634003883,0.020984003615637185,0.013202313251144794,0.0001372438216182363,0.0658928784155241,0.0027179077996466305,0.05282790112134572,0.023204304831542205,0.0057579129920185745,0.004590349239026118,0.033093703222339406,0.006190409653732192,0.01778352125959422,0.006962634664993054,0.004464234039602477,0.022009721023500798,0.012641585692729558,0.04031478586203906,0.04241914963474753,0.012278791397149498,0.0482848130654494,0.03241050089292026,0.0012906392744897496,0.006640419098924644,0.07831434927310446,0.0,0.015294627748776548,0.01806363407203839,0.041360067641373385,0.016423653656647982,0.02058050846128547,0.03878954970809637,0.004170322716789228,0.06752171115960373,0.019145794814401835,0.03141777528321582,0.016221299314295615,0.02938945335811931,0.004517798613556458,0.04134478331420246,0.003219656498139416,0.014798691275662856,0.028359172140643766,0.004205533603189797,0.02917584364946566,0.04318484705437284,0.039625292277995446,0.04103280689962893,0.01265052618485838,0.012924305264159481,0.02098057349895575,0.006084858519332196,0.0009582215804847685,0.06421492794168888,0.011707110097838378,0.014947584757555192,0.0076298169030670744,0.0016866057059438755,0.00565072315238043,0.09188460947024911,0.0,0.12182060085436053,0.007192793633025815,0.0,0.022353284292760747,0.0471612655047399,0.05163204429240779,0.09658134046183299,0.052148243895205275,0.03366559764770972,0.0,0.006071270400816502,0.017409351475938376,0.06438863877569108,0.04784731970658174,0.019403899158183982,0.059593022824186166,0.032732945799548205,0.05114007416894009,0.0032778334603620796,0.027986552872437134,0.08229594341762522,0.006453970763649026,0.0017541784479822831,0.0,0.0032243427444296592,0.015947052613435014,0.046433443736988475,0.0021238848652086174,0.017573209307354887,0.03533921375751173,0.08600622277105167,0.0,0.0179751859541668,0.003649620191961479,0.0,0.05359994191811637,0.007699747901582922,0.030097393034675866,0.0,0.03439877539996716,0.027435570651072775,0.03177775148535635,0.02514437591534411,0.03390361108098661,0.0,0.0035878108387716345,0.008397535613850345,0.0010374510130686573,0.08273566050516415,0.06573945250385185
10,0.019286570790276174,0.031991001280704943,0.009751968301291691,0.02032603120138811,0.047738932862494025,0.03972780938232115,0.11805169435167656,0.07234488969572624,0.016898392959118824,0.0713702231609552,0.0,0.007690179428753375,0.00805932741370201,0.04273208676151079,0.06232487112829498,0.04962805386184608,0.0428123733293002,0.0056718904678586535,0.8198214771469415,0.0011136448335154045,0.0065200526171337305,0.021840042059218516,0.0016203416437991594,0.01644213964907067,0.036603824476920274,0.006494517672994578,0.07494801573283973,0.00022412049599314704,0.02397870397143253,0.041491998985262644,0.024822787066005835,0.003729962246278689,0.0010547455257838123,0.0049534599234811,0.003031796351461866,0.03467373576573921,0.03248591361621612,0.04185245712502868,0.04752812614378578,0.0,0.0015123485771143593,0.015347532051506897,0.020571239735206408,0.004721451656888596,0.003513708856002604,0.019244020199929785,0.0027202164181042675,0.10063527964105372,0.058013143817292244,0.005485525174568248,0.15629151817430806,0.06345930310772135,0.03912616270962256,0.025919275852538594,0.0072631244347551435,0.004040196029938655,0.02407723109247366,0.020505721840581536,0.09157302175112286,0.009363001336666232,0.012267012304373728,0.028612196883072108,0.005399111568630503,0.018682543091773925,0.010260515024406485,0.0047779301089826785,0.020274246226484237,0.04911748062207993,0.007569695670436313,0.01928814358741328,0.036050843701783006,0.001406083912091193,0.011351632725199996,0.06827806710862125,0.0,0.06230778628248323,0.00882914905029115,0.0,0.016378250707004636,0.060398326228870265,0.03237279834862929,0.03599902118807331,0.09113092013119971,0.03283593901626191,0.0,0.05906341700713799,0.04888159750735481,0.0872356811771684,0.12552773046007754,0.047013949884900326,0.14610193992192652,0.15284650293447452,0.06819067510330068,0.017057104667177837,0.03090937736916778,0.014330260292547305,0.0023807552296491777,0.007644592931850533,0.0,0.001750839844423569,0.01160908559798746,0.06574280633530266,0.031532056582356825,0.010447258048754604,0.013313131854557295,0.0661747142049176,0.0,0.020045453292246242,0.0052875747186048126,0.016907941525496066,0.05428869801960745,0.0265517652353727,0.0,0.0,0.003777321928620295,0.03598237336873732,0.030846628440440463,0.008773886587150845,0.057662693722257165,0.0,0.011183405200295787,0.014618743543405156,0.02294641770655774,0.028749370230693353,0.06884580169258533
11,0.0015031021926854378,0.013291623684130872,0.0216470907843206,0.005312582544963987,0.005503176852624904,0.0,0.001385925906004337,0.007796030826480815,0.0364676455480832,0.026068141547580567,0.007690179428753375,0.0,0.016745025822223026,0.028584941707204676,0.03377077464129447,0.04635653297200503,0.0415538779633763,0.0028976690251214677,0.004888175810270132,0.03133937619031973,0.02107421960868487,0.0009989793328223921,6.681876635421214e-05,0.029461880699360007,0.0007731758825987033,0.021041095020907747,0.0004765851919394832,0.014729735620781602,0.0033822905950867174,0.007164415020480393,0.004070335218459162,0.0009368891034772094,0.002197679114738134,0.0029025587190052056,0.0004131160974886515,0.04936730134361066,0.0002465881613928277,0.03463323316723788,0.004748456537897037,0.0,0.0002593413866399527,0.0012039553575301128,0.002508037191000592,0.010396906438633053,0.011130095760455797,0.0017392943725222276,0.006733844410524658,0.02492212496977286,0.003467756807634515,0.04038699617538896,0.002956796496362407,0.03149942936109745,0.025814355300745537,0.027808818706562495,0.014422878390139449,0.0005164983310769176,0.0010758346398677566,0.031061165875497766,0.0041689259254552215,0.01615025593192417,0.02050200493141034,0.006924012662245201,0.004198053267548361,0.02274180057765662,0.06568600981438023,0.0009675187914734512,0.032024000521514655,0.003505464530892911,0.050192205538230235,0.0033092465701632934,0.0006376492905878186,0.008454574683430482,0.03723076985236695,0.005804301449347019,0.0,0.0030166426308725672,0.02027463982903982,0.0,0.006055191775127323,0.009436171938448902,0.011111421136086583,0.012369353503618345,0.061844936381598034,0.027457039950492236,0.0,0.04519705354822444,0.02870544941955397,0.005454716191000545,0.007879002726940507,0.03378432049311984,0.025980170112780063,0.04620813847137816,0.027815913191043647,0.0017821219404382763,0.015798431467836813,0.010209445083684019,0.010262110626320525,0.003342704545822933,0.015878731095742223,0.031717906635055186,0.0035516604652315654,0.004170435405816548,0.031152817566062033,0.026974732721434806,0.025447441694538428,0.017169835197513892,0.0,0.0,8.12343195852244e-05,0.0029925798274613824,0.016944362962264,0.008813294829993556,0.0,0.0,0.003893136646077046,0.014984262158256274,0.004830406064133575,0.031939242505566595,0.025991989964398023,0.0,0.0212488026902697,0.05245577040081335,0.0010059556936505543,0.0016807512472094205,0.03250089078430439
12,0.0036489932952769796,0.0007116911540736645,0.04836604825367329,0.00601686237891427,0.0025970122470106065,0.0,0.0009946301712251626,0.03014232242047747,0.01891318570503965,0.014777917555402927,0.00805932741370201,0.016745025822223026,0.0,0.022110190229254072,0.00015405262563213598,0.00011626610998756143,0.02018296051589922,0.009949913757097868,0.021477909877245613,0.05542424388186217,0.026995096451990084,0.026514191680937403,0.048154763486048406,0.0025924848923413683,0.0007217584598889865,0.00155884534855328,0.00010904648641091288,0.00024157194690372803,0.01943935193831995,0.0013958803102332546,0.010846272389215702,0.048456333170921254,0.0007758331520584786,0.054053656189668564,0.007872301349619141,0.020763145213339333,0.03278458194259644,3.865230322031102e-05,0.020011196484479,0.0,0.0001942958949039455,0.005218741379824829,0.0011560359946168183,0.02585795421566698,0.04371730009461697,0.0017629654809165414,0.005012188156707596,0.017929034574112653,0.0032437562734471837,0.04525933716195427,0.0003075550698578375,0.02677963891712285,0.018667532544405247,0.04130177488084426,0.027475950572500706,0.01223071822924977,0.0007918802185002893,0.02554387541385622,0.0160405098839514,0.03342258940550753,0.018292112210455944,0.03278223101366191,0.006004238089443558,0.026949600654938576,0.003946765462733514,0.0268701665824373,0.0003607451220765247,0.0006909859178155346,0.0032222286832327258,0.007089877592113873,0.00047033820709124313,0.006615173675208173,0.006391146145048119,0.03029218844879048,0.0,0.0025906965684904543,0.00030076368870472216,0.0,0.008835376416068531,0.022082590844688044,0.0075920795394699364,0.03951898820996638,0.03194805128284891,0.027569416222982947,0.0,0.05891012966660603,0.01065175378590338,0.013561735213009754,0.0011272441238170388,0.00030550637757070965,0.021157583220651432,0.012195781307917163,0.018481089131423083,0.0036767683527151786,0.026108696138527423,0.016461949500874297,0.006668138764207709,0.00011362256736388846,0.0,0.01123276317640519,0.025039837162147235,0.029727791798065242,0.0166420267929768,0.006675082934455616,0.022190984650022238,0.03050805662632606,0.0,0.04524172547920442,0.04852240120388035,0.011568992768018312,0.013554849311608932,0.002503049506224252,0.003857532088253178,0.0,0.03814881825137257,0.0013601291093577154,0.0003879649259127536,0.001171750655374821,0.019613266892331636,0.0,0.0031768091960776507,0.020233513588393415,0.0005126097109384301,0.0018223423938716174,0.0002788787329986418
13,0.02279561732326578,0.031723252763488155,0.007020715865130996,0.03553556906845221,0.012250593844391469,0.020071320904997858,0.0621894455265814,0.010753368259373593,0.04726091839900339,0.0030668079994171913,0.04273208676151079,0.028584941707204676,0.022110190229254072,0.0,0.18948182679671685,0.01732903885817783,0.048977298824906805,0.04664213819470239,0.017688632008135613,0.014933237863555542,0.058474270735818845,0.04060455646303273,0.007971907302626681,0.010758241873952539,0.01854007040370824,0.04089677426921818,0.003101008013212496,0.006602750389590281,0.05574961132982748,0.005060720835544989,0.008841709143595536,0.001304029290514102,0.0011395753019664801,0.0155772229023797,0.04033764237860774,0.004580700403463524,0.011901671597350567,0.005396793763135589,0.038496881612486884,0.0,0.006004018637174528,0.0024589624895209957,0.03161021232347477,0.06291714122860931,0.01409884819491446,0.006180908069115313,0.03026533888033118,0.11303858566007352,0.1112760761831352,0.014731383226096798,0.002519041270664768,0.020279933920498008,0.06750280430863978,0.004873769947515509,0.001720585969124292,0.0015001074837264455,0.02471043321766801,0.049853323953316785,0.033607940523116143,0.06165624128769044,0.039366946923174995,0.012570655561453025,0.0038312998850912505,0.00615377033815513,0.014931359190543957,0.03812037586476422,0.010042363241784105,0.02472006983970643,0.016525629210186483,0.11851948311271424,0.012270876249792576,0.0027981829271955276,0.001817070279231766,0.029776529994262245,0.0,0.008654221126281704,0.024584484600082897,0.0,0.0037941501515701822,0.03602820482246196,0.0220054106625916,0.057923924851321924,0.06270470462983622,0.08115964943482777,0.0,0.14246526282595656,0.044808380694283306,0.010111149755478398,0.007232937650631223,0.03841670448972914,0.0516895769965219,0.019032641092995746,0.010340451728258935,0.007557567605238559,0.03134157656083117,0.03846636196179069,0.009840833477440074,0.001978728803855573,0.017224269303431933,0.0021892400801947934,0.08114740691790127,0.0033707566823988223,0.01686569319972455,0.003155711277152369,0.034800388902294005,0.000706483875538872,0.0,0.01868863672957667,0.0020001770833876537,0.023944931134083358,0.027869521639795728,0.05090256427586059,0.05305592177701893,0.0,0.02454260321064914,0.040958308522586265,0.03203050754476738,0.19729762272552553,0.03075752265658365,0.0,0.014948130306001851,0.008521761323175723,0.052993600378908795,0.007648003897066307,0.04464255771048973
14,0.013704538776254865,0.00027129339126717565,0.037520794398620945,0.002879023869524378,0.015132189626561737,0.0,0.004450794579960211,0.015289181857527232,0.0009563391073438291,0.03682413634003883,0.06232487112829498,0.03377077464129447,0.00015405262563213598,0.18948182679671685,0.0,0.04555546334452061,0.008649957067785005,0.007053034589410962,0.004688662338848815,0.008066361397221652,0.003546604183080278,0.0055755589076454184,0.009547452318250925,0.0016001407951117723,0.0888558132808662,0.0027229338753920543,0.006887456357066678,0.0028252588279423273,0.04683736977018808,0.013286339264231645,0.006022470579703244,0.006313640563887302,0.039228545720130445,0.0005139656029548435,0.001278429976159969,0.040574650505830125,0.0016234525352883456,0.008120425239786178,0.009824597129117688,0.0,0.01087410530553608,0.02218125178029397,0.05229331326339296,0.03146173163285098,0.014431746693215333,0.025108845314956513,0.010753863204719367,0.003604066809978662,0.05275481484570211,0.014490738622845573,0.009219448242060483,0.0021824953366982283,0.006484262730519434,0.001233752471200338,0.0019501236912568727,0.00014218656926016373,0.02300772373056768,0.024904072038966805,0.004222432743701708,0.002727181012641052,0.017619416041874687,0.018767872073671456,0.005580775755813665,0.0034815485218541212,0.018123440941152435,0.02587336052732271,0.0008388045498040278,0.014477671594204135,0.01001823354060618,0.006030436234217257,0.00290873813076797,0.0031666161013624763,0.002978470801439137,0.029281240422651702,0.0,0.0054842292634359555,0.016619890185666297,0.0,0.01942224234622682,0.02480328733638068,0.015502948693631563,0.004583822392936451,0.033734693028209736,0.002112939962674179,0.0,0.004705157638314326,0.004005500144352173,0.0007218582272027964,0.003981093874480685,0.02558413536036294,0.0032939475287005744,0.009344502355096455,0.05968909394858568,0.00788386553121674,0.0006694382789385393,0.020767132614125838,0.0007178199244099047,0.03323362136312598,0.001029849491059504,0.026017639732159127,0.05477586213038042,0.008845483516629775,0.0011896249965942809,0.010310895412251263,0.01630764806225474,0.013859007264706784,0.0,0.04448047312124799,0.014727091895028514,0.03130162143041517,0.0020947362221782695,0.015723444965840137,0.014461860574893662,0.0,0.014677954802423267,0.00553802086721674,0.0075382535988081,0.012663494218202561,0.009242400732809972,0.0,0.031936278899279455,0.0348790455950117,0.06624019306757116,0.0030849438230148287,0.00875328582178831
15,0.01627280628569932,0.03350134081661085,0.018668309391952447,0.034567439652481206,0.0037621413459031205,0.05284794306658791,0.0014939496156310523,0.0045151839986533535,0.0025675627438662444,0.020984003615637185,0.04962805386184608,0.04635653297200503,0.00011626610998756143,0.01732903885817783,0.04555546334452061,0.0,0.02091646173984068,0.00035202468637843373,0.027701994750374572,0.007750872872503906,8.100984141438742e-05,0.017525677634644517,7.358006603989825e-05,0.002362278564897188,0.01964507753468843,0.000649826152109028,0.04507288485507005,0.025444907670962084,0.0004254311424548533,0.00803723932961583,0.04538930813699728,0.001054303373595919,0.030997360722912055,0.016728544113603576,0.00043068627449037623,0.007041328811629082,0.004593276612231064,0.018232115938246383,0.07426696262992946,0.0,0.00029183418465067847,0.002620542002229613,0.011514276432451594,0.023402045564781294,0.004123235941195963,0.012968048288806083,0.00046658119537381244,0.001811784103006669,0.012359258951355197,0.0017045916328135779,0.0005524947942203019,0.020018577538647695,0.021407569933698575,0.019949358969201678,0.017883616145441997,0.006613094939799698,0.0011894286596387138,0.001776130575224563,0.004959334810565478,0.011202903250446754,0.015657880262565094,0.032192087231155894,0.0006182642850444606,0.022815845927982113,0.005717290182896193,0.0024026546669721743,0.010216402328716085,0.006332835766645614,0.001975868079817037,0.0036399376398817997,0.000706453139412002,0.016123345146687913,0.0034974003107247696,0.0007650915821131156,0.0,0.00045442858803797497,0.04351295689007436,0.0,0.003064182466043026,0.0038258116989861295,0.005039239167056792,0.0022462445062012503,0.016840305239619328,0.024283320714505542,0.0,0.0022783288417532986,0.025900001356628243,0.0703916832534284,0.015685935555230807,0.0014130631799956217,0.0029857087797210595,0.0077608268019961485,0.013371420050814199,0.05009307145591463,0.0002752467680987205,0.035436745593481145,0.0014240308446819786,0.029235605588793036,0.0,0.00427118532125475,0.0016444707696133575,0.01831720619427548,0.03407433416293273,0.024067925839866118,0.02521347103863283,0.03344894233964692,0.0,0.06288078055229367,0.011792528715581124,0.0,0.03202474695107311,0.009533507881910593,0.018364714306339125,0.0,0.0003272622867312123,0.023698693422177935,0.03305139225442851,0.0007365504551506049,0.05587011085003763,0.0,0.0015231119062821417,0.004721774942844862,0.0017856474022316655,0.0005041616874708779,0.0658941898141008
16,0.023112667564706108,0.0009683026188571011,0.0036811070879931673,0.007099759320253445,0.03602187121285146,0.0,0.035214325454540826,0.03445379895264145,0.08406987874625588,0.013202313251144794,0.0428123733293002,0.0415538779633763,0.02018296051589922,0.048977298824906805,0.008649957067785005,0.02091646173984068,0.0,0.029915140401597633,0.13384462732203103,0.09811086882336995,0.08923833565905223,0.002792746742160315,0.0063197986781160015,0.005860433524045634,0.013218152733264958,0.012811087579454726,0.02358537917255453,0.003072058501615857,0.009245585670091214,0.004276382794183139,0.013154035353052302,0.024772982319103243,0.06486473299305114,0.035528350189533875,0.001412886676081012,0.033018312283445574,0.007499273848534881,0.04246493665994712,0.03846827892013294,0.0,0.005852457326030769,0.026450764323204576,0.027963420373545437,0.0023299077956696634,0.02771208188202413,0.0025023393130827448,0.019146446963654112,0.011378527538221987,0.005157134495749588,0.05159528964954991,0.05446636710734151,0.014912140433799792,0.005081270226687174,0.02467296600282301,0.02206430840229061,0.017220484642346136,0.03509561939603351,0.003274578514858357,0.010935489682318743,0.016530939973246343,0.03105132846852162,0.012814535965347448,0.026714467989252026,0.008121228539151629,0.05339970886737904,0.006238199418745691,0.014103775835914732,0.002417187681338192,0.026949878512513438,0.009464476373536162,0.0018042626695812755,0.01296991569109772,0.03295948003180428,0.02735736618142775,0.0,0.01892512865103441,0.032196798065394105,0.0,0.04320505029540205,0.025934977795986372,0.01526078194246081,0.04519751990704034,0.01828547866220525,0.04590880432116073,0.0,0.015249068229857743,0.033834041245186845,0.0713374779292066,0.04565162731556055,0.02786954298140478,0.02819800300866394,0.006578581811037363,0.0367290119653103,0.001814241876891138,0.03195222917337538,0.0057657453965187936,0.006473280721526166,0.010653614109241663,0.0,0.04081321321302799,0.024264963510465195,0.032807128285908274,0.032807994332043414,0.029559498423459913,0.012160044149168886,0.07832511519740246,0.0,0.03771719529191722,0.006018900658773147,0.031809648666179614,0.04340790522238317,0.00909694583082515,0.0,0.0,0.020942658881200654,0.015035219532465609,0.01727880186742509,0.030427433489938753,0.06845426423175512,0.0,0.015009081433417034,0.06865995315339717,0.04613732672947068,0.0012514030200693911,0.013820040307809577
17,0.005457339956365806,0.027555019269333736,0.013572792815917362,0.0014045178804513536,0.0016367950640183856,0.02586199890733711,0.033677013398875036,0.009255032510947852,0.012485649635326017,0.0001372438216182363,0.0056718904678586535,0.0028976690251214677,0.009949913757097868,0.04664213819470239,0.007053034589410962,0.00035202468637843373,0.029915140401597633,0.0,0.005862350404713253,0.0029291112957832064,0.18928021606043396,0.12049671179689747,0.048777442094407715,0.06926756081580371,0.034515222549238216,0.03076403868540806,0.009865899451549505,0.0005323052875072017,7.271084514986643e-05,0.018172205450377232,0.007221826081909733,0.003024457089661874,0.0012122628355687023,0.0028168645393735503,0.00598437822804171,0.029278328981943172,0.012016323455753883,0.01741654264874685,0.0022637254267962336,0.0,0.012837740897073612,0.015277584211161252,0.00023586131172485407,0.0015055999633567714,0.032385498075299245,0.0061371354571886855,0.060714005432782124,0.0017715843600853726,0.01735559801376462,0.005261748036333418,0.028380992877965663,0.010406427160191635,0.004062313592536074,0.020553076995968252,0.0036914266853549493,0.017931912137352957,0.008715772125787022,0.01974371068461485,0.006974441632990628,0.014392705142901788,0.03992252184415208,0.0006386874571442879,0.01177474346282162,0.06521700818071062,0.042609253057726,0.031477843775832175,0.07163591800062964,0.000557455161919568,0.018538765405450408,0.005273588873645357,0.06241358296916727,0.0016209746371414406,0.04504802234173888,0.015114198527434513,0.0,0.009958396395037615,0.01691041895952161,0.0,0.01304262578311824,0.008839829211925521,0.014163002707024143,0.01844471417914187,0.053012713656596565,0.06668583691506666,0.0,0.014378658346438962,0.0016268657921755857,0.03278457917001172,0.005591539567913766,0.03238045422876607,0.00842070750552118,0.023766271073441925,0.03432204463683425,0.0014721343056306128,0.03702538344463053,0.0569396733496915,0.00047304976600907867,0.008332628248267063,0.0,0.00026745815403246613,0.01802887668859016,0.01842730581487182,0.013802139659211513,0.0022608609213473694,0.004536525147411982,0.0016712211593723314,0.0,0.016853602752321027,0.00028098262961937767,0.0,0.0069568840809453025,0.003188654697490289,0.012755993286782043,0.0,0.007544339315071643,0.02451396229174496,0.03368127525405408,0.058016237209246126,0.019438567584239636,0.0,0.009519776592617353,0.05800499459528706,0.008828915996469778,0.0016397656193029055,0.0637447650391735
18,0.006690381162118501,0.013683545715431775,0.01034003930756824,0.02622901268385962,0.044270533409140854,0.03374905224050667,0.059445250756289994,0.10564872110104895,0.07498568135772114,0.0658928784155241,0.8198214771469415,0.004888175810270132,0.021477909877245613,0.017688632008135613,0.004688662338848815,0.027701994750374572,0.13384462732203103,0.005862350404713253,0.0,0.048797329400559496,0.010250990615875212,0.027080594214751338,0.03617984164167373,0.029141422004150975,0.0007265021971297214,0.008251693449085624,0.02074452098972527,0.0003741973365875691,0.005735914352067849,0.013558303095091281,0.014955908687674416,0.007927870086437099,0.042779989788093824,0.009801067920696101,0.037615421901515775,0.011317430969864054,0.04326450373884721,0.020287987658346916,0.1309013138870867,0.0,0.01620415659252632,0.042865764827965315,0.023914694852451856,0.057048693276283896,0.0008916847188685841,0.008999133137069166,0.025601564922174178,0.0075682833347216535,0.011053791398983992,0.031499703204637484,0.2177477671068,0.010515373870730196,0.029558671997401947,0.033688796375804755,0.003434799753204331,0.007732735278047491,0.004144367840417942,0.026306356859488088,0.025407288919623162,0.03472244284643641,0.006058929593628614,0.013762668380573698,0.0044195824911955365,0.06397753211401187,0.013965493191768546,0.02100914869134317,0.012986587757316738,0.03230152807999077,0.001810026974255501,0.041451893759132934,0.020480867596714483,0.0014336219353232392,0.028778886765501648,0.01143388539402326,0.0,0.02006943975445047,0.01788741595084399,0.0,0.014977308734735923,0.011949372510603518,0.09465434152900688,0.060940458864965075,0.123561738502702,0.040217138877449876,0.0,0.0580156375816661,0.08384929168148554,0.13321728078585263,0.19724580070568945,0.012775052959730164,0.11691388919397394,0.08366080148542694,0.008123429303849648,0.006284985120883604,0.045048705564811505,0.001734626989595987,0.052028941579389025,0.007700060398130424,0.010567198082208093,0.012795488929125975,0.014060526794116474,0.030691676447952437,0.0012253332758384542,0.026609154823274216,0.0553957468309931,0.11440957087530697,0.0,0.0237686363958332,0.0008917630030979884,0.02155135792927774,0.0363414309452709,0.054141091019530935,0.0,0.0,0.0065729047188728415,0.00130643898262888,0.0027609225671029435,0.016225207470759683,0.03084836516441699,0.0,0.013965431644500243,0.014788226947822877,0.04287922878689263,0.062137668634223125,0.09574699226111869
19,0.000744771347350285,0.005776058079171699,0.014318071574058722,0.007139215477832283,0.019770096553693547,0.0376140625812488,0.01434108885902955,0.012115476555797667,0.006467966979806529,0.0027179077996466305,0.0011136448335154045,0.03133937619031973,0.05542424388186217,0.014933237863555542,0.008066361397221652,0.007750872872503906,0.09811086882336995,0.0029291112957832064,0.048797329400559496,0.0,0.05042414317500162,0.05409296725095624,0.07066726929898116,0.036017107024369575,0.045697594411496845,0.012458187412730519,0.02395556056836962,0.0037677676672098264,0.0010183930891102617,0.020276740913471526,0.030124095121168665,0.01582833420412414,0.005420539368864667,0.10046217084918856,0.0035204449075475733,0.003351722432279107,0.008845202856300301,0.004110495190787997,0.04686191851749252,0.0,0.019647763669787214,0.009402255883857897,0.013874061471760638,0.023858839658143022,0.02829709493417822,0.015835865185584625,0.0033440472067420204,0.06532751441721012,0.0035841958566376576,0.003228963661942428,0.0055886847978706385,0.0011467363822492338,0.0050147956197031975,0.023419399077958095,0.031214288145537773,0.044030230490437,0.011299225732582288,0.0018916956002831555,0.0021551659059958973,0.04630171669139601,0.0018147340699992943,0.04317302558612841,0.00245000202277848,0.019227009939611427,0.0052572732791298675,0.011645130471730115,0.0006125982743622557,0.027469112252112984,0.013358326559964403,0.05370950979173643,0.004639152786734516,0.00671487854497058,0.003390782854725134,0.043216336435115056,0.0,0.016737764250462545,0.004721328446822987,0.0,0.0082883097670781,0.002707121428692213,0.005672151749326874,0.010815378439247209,0.05341155510802027,0.0003336664571591844,0.0,0.005228979296701165,0.017370129082895456,0.07618125508983248,0.038656181283516236,0.004220156347631626,0.02183679818191639,0.023141739490189616,0.011530549520733912,0.02779376110300205,0.010460977208308585,0.0033234970519317995,0.001488889633101698,0.022328691996910024,0.017948101678076856,0.008069225524171376,0.029082449932700444,0.006785639874232086,0.028028499430073482,0.020998277054347314,0.036653572583218344,0.01990191328248206,0.0,0.045642468729632596,0.022345158096752547,0.0,0.022821691764011526,0.0026732502545742188,0.0010832207902399828,0.0,0.01603723264880399,0.0011212278007461903,0.006492672000709084,0.0019363405984509907,0.04975542596502352,0.0,0.015482902296695853,0.038755873069394584,0.02836934806571342,0.005462414657590124,0.003480199916060018
20,0.014822816569801995,0.0005228978287567739,0.010873032506415465,0.028654133125752778,0.003913935773006235,0.0,0.01102472436087477,0.020941572600771032,0.03557239076685943,0.05282790112134572,0.0065200526171337305,0.02107421960868487,0.026995096451990084,0.058474270735818845,0.003546604183080278,8.100984141438742e-05,0.08923833565905223,0.18928021606043396,0.010250990615875212,0.05042414317500162,0.0,0.27688772660856753,0.04322551442514809,0.006032827127489356,0.004886156186990552,0.012775078105540072,0.033282783479889444,0.0012059855306932206,0.0009661076436691897,0.0058720235666575565,0.0018588207611813109,0.027676639037027776,0.018904990728669788,0.0018630613613101232,0.008958583485341596,0.035063184106341225,0.028191019029733533,0.018443339074752384,0.08021858856809155,0.0,0.0020069147185777627,0.0004530574588730279,0.00611126775818206,0.008239631323852954,0.01414172022414458,0.03384360440249979,0.002956934924641678,0.03047387499861138,0.040594967409315084,0.026700672258683653,0.01689307174400531,0.0028513888538436167,0.00906560477258736,0.028355820328641722,0.0014619663842544274,0.02150341211299546,0.023512965122690854,0.007471473462187457,0.061244938896489805,0.021098491447107605,0.0012750201782112962,0.03568579636828776,0.06937755325465506,0.0046021500741217,0.051018216940278575,0.04191332897220278,0.02564662929122336,0.02292088808879796,0.015738408003652313,0.02426544484586176,0.024682593833655644,0.015564715140513106,0.049702741347181716,0.04307998642867399,0.0,0.005015326118252302,0.004818118582436259,0.0,0.04860755126385969,0.05130509375942653,0.025565021967592284,0.03515707332460355,0.048676981071670025,0.035959737172110914,0.0,0.011342909074651034,0.020595951636814065,0.004144824614477688,0.004859064028043632,0.021314619687262684,0.002798355949376798,0.0076505450684575165,0.045456655478382964,0.018502088322850746,0.016197937968722896,0.013189114597753307,0.00203920572329467,0.03479964731960881,0.0,0.013812453251291455,0.04924020249261994,0.07126253252726232,0.002778183558858101,0.0016018336664359177,0.02580887399008536,0.048155882473032346,0.0,0.0,0.003296506728066201,0.0,0.027255151435554546,0.003065046888433783,0.014449712056887453,0.0,0.027927416876758784,0.004033732679207819,0.02126148505689751,0.026998093333214342,0.03753679207264557,0.0,0.039486175559623304,0.024855252475475285,0.0035892229412098735,0.0013972091536251288,0.04000358757259334
21,0.026422119072792412,0.0007227982043998909,0.0018365315223360676,0.006087867474719528,0.011075512132583553,0.07012856640959438,0.030413414098754893,0.007658238621264368,0.009056273204299747,0.023204304831542205,0.021840042059218516,0.0009989793328223921,0.026514191680937403,0.04060455646303273,0.0055755589076454184,0.017525677634644517,0.002792746742160315,0.12049671179689747,0.027080594214751338,0.05409296725095624,0.27688772660856753,0.0,0.010740547509632235,0.03773547882096559,0.023411254385028904,0.08645830739092221,0.008844484330283179,0.0014496152520899978,0.02091193281195453,0.000291104211887088,0.002192411058118049,0.016773588198017608,0.018943467959906913,0.010685417891812772,0.0043550736013684985,0.0004204340006039162,0.03162459904883468,0.007822682364282988,0.02936731282667193,0.0,0.0013626581184968546,0.0032393776087505464,0.002224379761562444,0.036150285409748725,0.00033903644023229113,0.010670740808920333,0.012330946707622619,0.02476847597021624,0.004160575688105004,0.04599340621209437,0.014617162281007361,0.007043575979357628,0.002064596463461713,0.0009024450949607432,0.030327741343393746,0.0006082431815316892,9.802281940817318e-05,0.002384969226262275,0.0026138885737617594,0.03735980252731946,0.004090278559210119,0.0072576691318189624,0.00197703756185354,0.010510950264606552,0.0059440393047167205,0.00163102752349653,0.018648038220711784,0.003878921572078305,0.005922734894106971,0.014435241781936585,2.7610549343541676e-05,0.004420263414135435,0.002179016615898333,0.025493820469905865,0.0,0.025860757075472054,0.0018964862320420726,0.0,0.0054030516540616155,0.0050997628838317455,0.03289788229131344,0.030690931921098407,0.024340403147619344,0.019174708756581834,0.0,0.042770893481167145,0.00555298696143049,0.03117174053905787,0.018097339935913222,0.0031118761051662346,0.09942535181804177,0.007164122044378167,0.0041523218844179,0.005420806333275137,0.03202855742574895,0.0010122414017496564,0.0027943710854734438,0.015950838301032135,0.007889891410326755,0.007776585178825179,0.019934756322231156,0.02136433673427838,0.014278250067569227,0.030355018045019565,0.04747344718379216,0.02678709603143036,0.0,0.0012363196281826832,0.020139278709134602,0.03892883508562558,0.0031157302598143768,0.005314812458271387,0.009801501351022724,0.0,0.018389739924269736,0.019601260445085807,0.06224014564984331,0.014273322385906813,0.015059945791112906,0.0,0.0017603807693790997,0.0016199943499474213,0.014053661206937964,0.014371978898916827,0.027556799196554658
22,0.0017040349804652649,0.009030113245394268,0.0023983162103117747,0.003913126124975292,0.04763324557354424,0.02041974292070983,0.003416665119164702,0.006233962750546187,0.024143858629361657,0.0057579129920185745,0.0016203416437991594,6.681876635421214e-05,0.048154763486048406,0.007971907302626681,0.009547452318250925,7.358006603989825e-05,0.0063197986781160015,0.048777442094407715,0.03617984164167373,0.07066726929898116,0.04322551442514809,0.010740547509632235,0.0,0.014304471421891979,0.04405710641217142,0.0006228327224120271,0.0076055085866979935,0.02241746238905048,0.00017981008216444842,0.010639711227651413,4.225101825819904e-05,0.01555012302193927,0.0010246829551563822,0.0013551987622477347,0.018201164846297878,0.005734929685938985,0.03902962195816743,0.030731585655033856,0.006010641680430315,0.0,0.00012295773999478825,0.002997788869823176,0.0003647047003356469,0.00021446837069835227,0.0017372337342874415,0.01860119521267996,0.0369109221856277,0.023414177447939055,0.010404982166776494,0.020560931478920914,0.051795796657102794,0.01419104411534716,0.030759120346090567,0.009618970191443563,0.0272260296568793,0.02764771049968459,0.0005086564508763218,0.010960513629569407,0.03025966545320713,0.0009722600266703422,0.0033392147711957384,0.0005651915441386552,0.017436543025909315,0.01080327891870199,0.007223246541185867,0.032843582279867334,0.004115653863721795,0.02090285546690359,0.006686828454374388,0.06621035565716338,0.000301585014744598,0.0001585745837955164,0.001093056043874283,0.03604563490519578,0.0,0.021858309740224024,0.04109605872271622,0.0,0.010123262280444259,0.06078657802746606,0.015739411143521724,0.0012821254948703037,0.0344613514783792,0.0058706769529793855,0.0,0.022707032814961545,0.011986040991797368,0.014472288005232715,0.003259118930408396,0.0036906062986909456,0.029439277692027106,0.0014098803526622664,0.031672713852599226,0.0168445391601544,0.005284843139814812,0.0006480966934947859,0.005206061682218424,0.0015795279344325652,0.0,0.00490114990001348,0.005442738548875862,0.028569084947568175,0.0020558525845714853,0.0009561417855086816,0.003004730106655667,0.0055172679787878365,0.0,0.025247473513165763,0.026243180816800736,0.0,0.010518522166064415,0.05253692302585703,0.007590526597470783,0.0,0.03334781734030005,0.004752873803492308,0.011065907439389832,0.0015478623240680993,0.003475608164511626,0.0,0.0031485463782589653,0.003926170050392915,0.0017570120292436828,0.009764298848317636,0.022793871051255566
23,0.03704824661415393,0.0028803379848671264,0.05966704274616749,0.006853019925618193,0.003285337511317249,0.0,0.0015543163653051432,0.007808313927485507,0.011450545352276074,0.004590349239026118,0.01644213964907067,0.029461880699360007,0.0025924848923413683,0.010758241873952539,0.0016001407951117723,0.002362278564897188,0.005860433524045634,0.06926756081580371,0.029141422004150975,0.036017107024369575,0.006032827127489356,0.03773547882096559,0.014304471421891979,0.0,0.018749835521173666,0.04562075019317632,0.05032179517193653,0.012965887690836874,0.011004682934036341,0.013216630259862345,0.006319675622345576,0.0013627805338954115,0.014300671291260354,0.011752707741116553,0.02101842900714259,0.004595040655115228,0.004892224919709507,0.01623063175029791,0.015794245292785985,0.0,0.0008305650889488553,0.0017012854960319036,0.03810401649594162,0.004525157010985631,0.008394805579003796,0.01447163921909107,0.0012454659717396654,0.002201300041362302,0.004036292125580478,0.029911531780445623,0.006636957223567459,0.018828749496387253,0.05886527513432,0.01877934106697584,0.019071207685229602,0.022524951749988524,0.0005332278427173595,0.024097369621055516,0.016915994763258096,0.006773472671010467,0.03555074773779276,0.005464456384683478,0.006610356654650381,0.030376699163582658,0.008324148649136049,0.00194364505511067,0.03077592062805769,0.011866444993615137,0.006791641864410724,0.035463294702038545,0.005912179503825441,0.006344749321521412,0.04250664168964906,0.0323018873113445,0.0,0.017957822216577424,0.022817443168950815,0.0,0.01190342254591394,0.004212809735341087,0.0167166101030664,0.0008980396203442857,0.004194668504098446,0.020533176939208694,0.0,0.0023729631969093266,0.005339286432179309,0.040893204921706505,0.02287280704349785,0.0026641504753109856,0.003241337270898027,0.0012923188504987643,0.002506291516084065,0.019798035168732023,0.016445198719090108,0.0024966467069892644,0.0021096335422379083,0.03742969268726532,0.0,0.04582801384981868,0.011395228826570042,0.01496156539083805,0.04101557400243157,0.04790087321301134,0.013338957666753103,0.02116673543945614,0.0,0.02504027170417461,0.00944050418076124,0.0,0.007516353221615818,0.05411550072002618,0.0,0.0,0.008370619259154733,0.01881355054784656,0.019153634828301014,0.002508016905511744,0.019902066177390487,0.0,0.05227619986571688,0.003408683102725494,0.040069973053218,0.03520557541043838,0.010666371753172331
24,0.006057737762021169,0.00466663030212055,0.0007312425010991699,0.0044708731865502884,0.020756078220387476,0.0,0.005255819007000985,0.0020844515469139986,0.01700778607391274,0.033093703222339406,0.036603824476920274,0.0007731758825987033,0.0007217584598889865,0.01854007040370824,0.0888558132808662,0.01964507753468843,0.013218152733264958,0.034515222549238216,0.0007265021971297214,0.045697594411496845,0.004886156186990552,0.023411254385028904,0.04405710641217142,0.018749835521173666,0.0,0.005847527773079134,0.018117078138634692,0.012827287728057692,0.014068171814470508,0.0003103112576957035,0.015113276231852366,0.011528179974570436,0.005541389733562229,0.0008998131242234022,0.006725225776750507,0.0009858318398845323,0.010924321416797068,0.0015080226941592524,0.0012551516169770924,0.0,0.0028706623597143303,0.0014854876303296073,0.000951342006523436,0.034739111672532616,0.004015083415477212,0.0034438215078704997,0.0005709332467809662,0.005132942386573865,0.030707761660149012,0.030614580036349523,0.0010258023623983719,0.004435831096427572,0.03136970210968312,0.02336893911796839,0.036118053563034574,0.0006739054717124168,0.042353927918664803,0.002938370075542284,0.021792108009155375,0.014451272454700676,0.020727491370113534,0.0048456038520974815,0.0065963469767199795,0.008268703146154759,0.010639292769362771,0.0020104265243251684,0.027735063817556298,0.009687259333347346,0.03165719341613072,0.025779391806732516,0.016545893338704005,0.02401345697267741,0.0017868602421987588,0.009318866415570896,0.0,0.02125254046226042,0.00880518171242882,0.0,0.035771933056301435,0.023036788613976806,0.010848407454150864,0.0040362913104942,0.018348212676569577,0.006380734131101682,0.0,0.030419427958910547,0.01529085316144059,0.001255117784454117,0.004004247083130977,0.004905211784755144,0.002657594915858368,0.011651143412665604,0.006478495313604705,0.0012627446223948994,0.019843042754637993,0.0012787448984290838,0.0007769370554730468,0.0011213333327146386,0.007993383727709729,0.007007163953235237,0.05405182993992127,0.005511623837217544,0.000805699043566943,0.007951114638397403,0.005101563305041179,0.007584131697807169,0.0,0.010860477807630201,0.0023568868778483156,0.0,0.02800824281789981,0.04460309715268146,0.03196561223250114,0.0,0.008041152753607455,0.016470596947753203,0.005540832769748859,0.01967836056305875,0.012041427961963962,0.0,0.0021179408770728857,0.0049829224645032,0.01538349056862185,0.002653499526807319,0.0331358182369173
25,0.04344368646957947,0.028586224077135323,0.020008341547989944,0.03651032185231565,0.00852301586034244,0.02944345791506568,0.025765652199874266,0.011658860498477268,0.061489180124813275,0.006190409653732192,0.006494517672994578,0.021041095020907747,0.00155884534855328,0.04089677426921818,0.0027229338753920543,0.000649826152109028,0.012811087579454726,0.03076403868540806,0.008251693449085624,0.012458187412730519,0.012775078105540072,0.08645830739092221,0.0006228327224120271,0.04562075019317632,0.005847527773079134,0.0,0.06435843815205712,0.00534661603154496,0.022327882868427885,0.01806538251643223,0.0014330091000841658,0.038178579633740384,0.020569960028187905,0.01446045105299001,0.01013667952587708,0.01547392162970987,0.003138333342322645,0.04076022182620484,0.024377290785236462,0.0,0.008035833569902522,0.009816706365619913,0.056049304383636166,0.0036497169875054285,0.01857685969166458,0.036355597634479354,0.0010148313797891816,0.021658622273271883,0.0077930833699200765,0.001093195831410496,0.03396046265478748,0.013657489500468927,0.0420132572323429,0.009819339413334974,0.0017752064480053645,0.0014764820078244228,0.006520085563659262,0.0031733993645496478,0.03218017786726973,0.022453626561613073,0.002573458936894001,0.01327801445965049,0.0010222691819858879,0.007509944153552759,0.006674772750937414,0.009877139798815443,0.00546499607496822,0.018917826126071815,0.002842274919016771,0.008823370611799565,0.004380723117238007,0.0048996625351186915,0.023874944009455265,0.013656258404160551,0.0,0.009843428534093946,0.00242890067979627,0.0,0.016439679580447383,0.0014868424465939779,0.049395012368142255,0.029158087303798687,0.00853765337544491,0.02522404859289258,0.0,0.03151807093722027,0.03696705898360556,0.0014423359147160487,0.018038020689278407,0.030150443184842547,0.002472897685791081,0.015207694210453532,0.00363124838118615,0.0004850362798668658,0.031198362608331587,0.02553515361545417,0.01779979432438904,0.01322515044804647,0.0,0.048462873956702145,0.009240828377579745,0.020636574863844258,0.07095780216726778,0.00044387419739860915,0.03506094786801186,0.029636836952917654,0.0,0.02244718999672786,0.008279556593565553,0.03116832025796954,0.015390692516737199,0.049457032392422925,0.0,0.0,0.0055539271411773035,0.0018301552843181844,0.030433370153018415,0.0697672628985894,0.005897274348617725,0.0,0.03693096247857735,0.0326056893341259,0.020077063206402793,0.03662216146321453,0.0401104028129121
26,0.04109296267720634,0.009279601800296394,0.06245567987373169,0.004932523048368563,0.009487002291693046,0.020514309059513278,0.006159192514107446,0.03799749418480708,0.028803359383888824,0.01778352125959422,0.07494801573283973,0.0004765851919394832,0.00010904648641091288,0.003101008013212496,0.006887456357066678,0.04507288485507005,0.02358537917255453,0.009865899451549505,0.02074452098972527,0.02395556056836962,0.033282783479889444,0.008844484330283179,0.0076055085866979935,0.05032179517193653,0.018117078138634692,0.06435843815205712,0.0,0.021435635898991157,0.0015860245149347547,0.04556875324512049,0.023113196407622563,0.017785741001815816,0.01927355346480852,0.0032293823806965423,0.04394682075813745,0.005242888436162021,0.05672323081655026,0.0016089080133852621,0.038711180058735264,0.0,0.01991819751342122,0.004527972167968614,0.020869810461621223,0.0005948063347026559,0.0024865833304723098,0.01230337169974325,0.010567406165072717,0.028460007276801706,0.0276423867308801,0.014958881237231388,0.014425591461789232,0.05012547154551518,0.07144692446013036,0.060740221086561255,0.006547987148505597,0.029900675615771775,0.014136446034665245,0.029263953793935947,0.046400759822623636,0.04067915459729862,0.06725090094146682,0.011560511536522006,0.0029963041070996646,0.018080550441811633,0.003079531718103867,0.03338064301898793,0.001533187056231104,0.058320798491730136,0.015266483567368195,0.035856251480009295,0.03607365362520806,0.008398917208517383,0.0031875710621982654,0.014869656121332623,0.0,0.028850271025636632,0.04655898050076399,0.0,0.006411658513054784,0.0997988718664851,0.015190462125839809,0.02015516340022145,0.11566131013825363,0.01958613075223413,0.0,0.06464150697193594,0.04543857451314297,0.10572042185034587,0.040018780612749265,0.01308261447105281,0.008178186297351063,0.012123080982224454,0.0889776520312692,0.026314274614326706,0.034780715808998004,0.003834254514982201,0.0007970686219777766,0.029879151036405448,0.0,0.04529337356215324,0.0025822072857912886,0.07237729319213675,0.001958372790879713,0.0003649653332687803,0.004546700445260749,0.07507066649009557,0.0,0.020288196900024712,0.018470917283814708,0.041188846702767,0.09115628271080628,0.11798474354604233,0.0,0.0,0.02439039261061855,0.06746407810653808,0.006777132115484487,0.04975051508834131,0.07916955986668961,0.0,0.015117120456175161,0.0021946610449943378,0.007816403179410836,0.05545039491594235,0.011247718446694746
27,0.0019318431853098889,0.0036700026456413077,0.006329809612505344,0.004045819169584188,0.055644389721370216,0.0,0.015784260913909443,0.0006326360932871573,0.02163512942793719,0.006962634664993054,0.00022412049599314704,0.014729735620781602,0.00024157194690372803,0.006602750389590281,0.0028252588279423273,0.025444907670962084,0.003072058501615857,0.0005323052875072017,0.0003741973365875691,0.0037677676672098264,0.0012059855306932206,0.0014496152520899978,0.02241746238905048,0.012965887690836874,0.012827287728057692,0.00534661603154496,0.021435635898991157,0.0,0.01951661330866485,0.005011410068267327,0.03166538685149966,5.603183962936856e-05,0.014009761316333524,0.019812573093531093,0.0012389451442841592,0.015890804347674783,0.0003583599396638529,0.002230990455714494,0.0012793020423425537,0.0,0.0029381193066595583,0.014624336460695457,0.0031953115188392877,0.0003056408123463611,0.0013929286015125864,0.015365763795723924,0.004583664623713555,0.0040794907538207505,0.021223308461168218,0.023569445721028724,0.020467495807684054,0.0341949439772646,0.012857153146102451,0.02195656810468367,0.0014158271251498925,0.006959804420984712,0.009604462742820733,0.015382382265128834,0.0043690412990812656,0.024721118335688987,0.00804168600650487,0.00041029209942180703,0.0008514285844031974,0.002073807527280975,0.0025442278122725123,0.00020075709422315614,0.004375150622365969,0.0022679168849869267,0.0006750374309080985,0.021739302970696407,0.017017373176296754,0.025585293994542728,0.017401114790742786,0.014784079977846448,0.0,0.005315003172939765,0.002367227484085184,0.0,0.0014004274206901512,0.04473309720323951,0.004561426780467742,0.0161506487756574,0.00015530267554839867,0.010616829063580805,0.0,0.01493651284514201,0.05459556797982645,0.016534337272442846,0.003955847306957729,0.003642555091134167,0.022519072249701674,0.005589597755223662,0.001174004090274291,0.0007586639415663068,0.04931153041097818,0.021372232191707946,0.044259318073285016,0.016492655692593308,0.004062675569200421,0.001668426018055947,0.020921990818528934,0.016566605997987156,0.0023129027429599574,0.035265807289475766,0.0016716127601355693,0.03654266184356682,0.0,0.0,0.00041481451128702585,0.0,0.039227802598714466,0.010443833986532673,0.017624382703768635,0.0,0.014593043156706363,0.0017028091789245028,0.008505821119862023,0.017531131100105516,0.0006313952735500712,0.0,0.005915907302583986,0.011672995218740963,0.016698596896320365,9.746917153391653e-05,0.018266035677279066
28,0.0018290429817805155,0.025368552514741707,0.03390298573884259,0.01513399922936112,0.001568211095591309,0.0,0.0012780717011738171,0.033146235490145545,0.03421425682095541,0.004464234039602477,0.02397870397143253,0.0033822905950867174,0.01943935193831995,0.05574961132982748,0.04683736977018808,0.0004254311424548533,0.009245585670091214,7.271084514986643e-05,0.005735914352067849,0.0010183930891102617,0.0009661076436691897,0.02091193281195453,0.00017981008216444842,0.011004682934036341,0.014068171814470508,0.022327882868427885,0.0015860245149347547,0.01951661330866485,0.0,0.003571947231538841,0.03720384359741228,0.002568730119421908,0.022323812434609812,3.895078019033876e-06,0.0022789153559096536,0.0077092302780665325,0.027462414871904317,0.00014143130620850833,0.0012892053452230284,0.0,0.007392380761544112,0.06398650029668651,0.03441582541634289,0.009910187532571037,0.0025775223794148676,0.007467889641167302,0.0011118884330140535,0.0051218705696366405,0.0008851079378568519,0.013801857319311214,0.0012884252932749383,0.05640202120661232,0.004515164845133715,0.027402632555252462,0.043057597386493715,0.0053651092290538,0.01202330642397851,0.00041931314755367684,0.007017372336241532,0.00043414344995726747,0.002127545113190812,0.0028431635295662803,0.028254804030173872,0.029055785770344462,0.011361003011299418,0.027401044521538142,0.017445551160765488,0.020895185975660195,0.013868852675341894,0.001447090712052981,0.014425374513931763,0.0044386484233653305,0.002192216162475873,0.005520186322384341,0.0,0.050227997962134625,0.00033878937956129606,0.0,2.230163045571593e-05,0.00126247140025913,0.00323804236723978,0.003792678720152911,0.0069523327552734925,0.0015966584499169981,0.0,0.0005830314635787264,0.020430895804025823,0.008544221644133314,0.0019065174391197767,0.009938254405729497,0.03515345278479858,0.01911971581379335,0.019656396193324023,0.0020395824437945205,0.003178224327611701,0.000561310762217742,0.01246351793897755,0.0007709507927203251,0.00014610757802630396,0.020915824674266652,0.0014653087680558995,0.00019865972622621725,0.013483264280829627,0.0096952047866238,0.0003774272465181543,0.005231823733421112,0.0,0.0,0.015835816794557186,0.0,0.023220820732724752,0.04415835312449613,0.0,0.0,0.0008048575179279463,0.011864726634464133,0.010018181884557832,0.019241713721378194,0.000870478854452325,0.0,0.001425481568578385,0.004497209262598681,0.00850635189936224,0.00030822779705504014,0.016294177222376152
29,0.0022688014708973593,0.0030359891157936813,0.007080468929757236,0.005074753639441701,0.0051657976789075,0.009238231714486941,0.0004729588161782229,0.037192328135645346,0.02283856493154266,0.022009721023500798,0.041491998985262644,0.007164415020480393,0.0013958803102332546,0.005060720835544989,0.013286339264231645,0.00803723932961583,0.004276382794183139,0.018172205450377232,0.013558303095091281,0.020276740913471526,0.0058720235666575565,0.000291104211887088,0.010639711227651413,0.013216630259862345,0.0003103112576957035,0.01806538251643223,0.04556875324512049,0.005011410068267327,0.003571947231538841,0.0,0.008596905456343276,0.02673398106538375,0.01576105901625578,0.014315646831299753,0.029475895501893234,0.030070987632973945,0.06540983911082844,0.002670497212339005,0.02260621664398218,0.0,0.0008371413524070018,0.017590972410870688,0.004584153181563418,0.009862720410307755,0.014587355993511044,0.029331859761309146,0.016783774197255023,0.05093354692604558,0.06114273542893162,0.027830732399753057,0.0054784716573340496,0.0021593981756872892,0.019510444838475156,0.005238822890116281,0.01730910103101546,0.013065568774489828,0.004816887932237128,0.017164133928569532,0.004342374076425543,0.011805530953166443,0.05444134305079855,0.001967050545576283,0.01653628489400497,0.023610834980604095,0.05037465109200594,0.0011343766795838606,0.00167110066757582,0.030569925492851403,0.004866509582876381,0.005348848065124842,0.03207081690545815,0.005214122260666337,0.030282828618061332,0.005143508323074644,0.0,0.005896777512483164,0.007112894924722169,0.0,0.02215862536813216,0.03898889616571147,0.023441132419427566,0.011690854769045304,0.04096781168210277,0.06934613719747779,0.0,0.033963733244713364,0.009745098039611677,0.05090359459129516,0.025784837920632235,0.01225328921208861,0.020206981682846747,0.0020527543814616816,0.019591131792783184,0.039662106301511194,0.018583274695475525,0.003804549249020904,0.0008696860494307189,0.008392068910732095,0.05476403969492291,0.0001876903846506442,0.011160035166663354,0.022944480101375227,0.023969013357023596,0.048360776632009383,0.029696885937068325,0.03981323878293196,0.0,0.0,0.00028100722917678015,0.0,0.0036083707973717984,0.08029089488021034,0.0,0.0,0.024559813984430606,0.015835601348608105,0.019088853102739497,0.008898074362664153,0.031036441124310973,0.0,0.0022209232856237604,0.0008239363835272106,0.00542915760591703,0.03437990398388286,0.002760392692841458
30,0.037410775587669566,0.04258097532038587,0.03162899257038127,0.0006036711433990805,0.0005325541069029404,0.0,0.017080861023362252,0.02333451001141965,0.029827146992020662,0.012641585692729558,0.024822787066005835,0.004070335218459162,0.010846272389215702,0.008841709143595536,0.006022470579703244,0.04538930813699728,0.013154035353052302,0.007221826081909733,0.014955908687674416,0.030124095121168665,0.0018588207611813109,0.002192411058118049,4.225101825819904e-05,0.006319675622345576,0.015113276231852366,0.0014330091000841658,0.023113196407622563,0.03166538685149966,0.03720384359741228,0.008596905456343276,0.0,0.0005848528808046471,0.0014592198982221157,0.0019175611913811376,0.015097773298903848,0.035719381247709264,0.022329182975600853,3.221146397052855e-05,0.006239478318656744,0.0,0.028766115560661408,0.012480157961669545,0.040272332563569165,0.056936752687187835,0.002287991687863228,0.0116746649846192,0.012340107224731434,0.023617282929927746,0.010323424862358536,0.0016739673537073982,7.689578749909134e-05,0.0035759489975735886,0.05258591931261364,0.0036581604487923706,0.010984291441184988,0.004099776419492315,0.023961080275452105,0.0010455806454772616,0.05822322756482877,0.021380320975135664,0.04719097610142605,0.0008488985346361918,0.019653381083200104,0.001333836511283069,0.005533093910304007,0.0006126759431853953,0.01586060948814182,0.012392607508813595,0.019047135294696517,0.027885981390745343,0.0008437250318651666,0.007398346606361397,0.01618164380664255,0.02722045505109985,0.0,0.034393054677329817,0.017250906428890937,0.0,0.013415929924507674,0.014340949813975953,0.0027908707316609883,0.021282299587037038,0.050893185181216265,0.014318170050520945,0.0,0.022360522512014903,0.006034509867899719,0.05821270584824383,0.01594455117934954,0.058195326971417514,0.005191101307860075,0.025534313408290443,0.003624976612794915,0.016421029380121095,0.02173451996001245,0.03447156270770556,0.02583447352624527,0.047609580406131946,0.023918710782459135,0.04087827680068841,0.009448699404879033,0.0027012026144112053,0.0027565865442392445,0.018537340841471937,0.002135692477596149,0.049820727982344964,0.0,0.0,0.0017874693961188555,0.0,0.012052858310915465,0.005628853865836567,0.0,0.0,0.017699813553197566,0.013434979986113201,0.04502280943695991,0.012441182968616845,0.013382314319726332,0.0,0.003507854385538953,0.0038501622316706226,0.026932814922537966,0.0497062136431576,0.022942890747117285
31,0.0067426191560950735,0.0008512106788492113,0.029591208234358315,0.0101704369060524,0.06720000242245813,0.009070568167659823,0.018187137909847995,0.05255110389692422,0.036771343123372206,0.04031478586203906,0.003729962246278689,0.0009368891034772094,0.048456333170921254,0.001304029290514102,0.006313640563887302,0.001054303373595919,0.024772982319103243,0.003024457089661874,0.007927870086437099,0.01582833420412414,0.027676639037027776,0.016773588198017608,0.01555012302193927,0.0013627805338954115,0.011528179974570436,0.038178579633740384,0.017785741001815816,5.603183962936856e-05,0.002568730119421908,0.02673398106538375,0.0005848528808046471,0.0,0.0042312114907716485,0.00388525423197965,0.00043670765505520565,0.02440656246665479,0.002245234785521961,0.005805439585707629,0.0003418758359082806,0.0,1.976012433344873e-05,0.0002610542199783589,0.0029527192234008563,0.0016132681723340665,0.002481366098087753,0.0027120490378801047,0.01829673890239698,0.014941101818877036,0.002205574206048316,0.0032722028963208727,9.334842936062064e-05,0.0033659071602258283,0.0007589469872780391,0.0010635755348068492,0.009673842947608405,0.038851197128659254,0.0002914556907995773,0.0006152725413746766,0.025360678975335685,0.007448756422023889,0.0063073039963425165,0.008882017996790966,0.002286131676434113,0.030841627698198815,0.03424435287674451,0.04661816765549649,0.003271180505996955,0.0015313125733612519,0.0012676075887669061,0.000349094374139122,0.00010803192257696153,0.0009158504494767696,0.022996378335165657,0.01109634100244925,0.0,0.04778611724356716,0.012475125719754263,0.0,0.0005419860015401265,0.0011697043674983591,0.022738181773372935,0.039454516274412474,0.011048763280319401,0.0002319417547545686,0.0,0.0032480021903315104,0.012212571288333529,0.0029256178549952085,0.00022103871205833667,0.0013416613461499425,0.00048741399081498807,0.05946049429070346,0.007452715872460586,0.007655639847208884,0.002833339838254249,0.0014503639875978627,0.003602870426393757,0.011293411935704146,0.0,0.0013637171303634856,0.0006108152823952991,0.007544967962375155,0.0112056155314554,0.0011844282751164114,0.04157067692699364,0.00010477561626351597,0.0,0.0,0.023721133961124963,0.0,0.00767619978935422,0.0019515142977401248,0.021929458991893365,0.0,0.0367787179373538,0.0010068482662804767,0.002605201070042472,0.0041777520667534524,0.007523682870670197,0.0,0.0013421144237257291,0.007374912259866198,0.023780065408818624,0.0009438142055308786,0.0207086787373882
32,0.0047506229901579525,0.0012359201411033585,0.020032565325497066,0.031092057177335028,0.038915886941341446,0.015818397630979208,0.031131911202054476,0.01672373080430941,0.007334323417936175,0.04241914963474753,0.0010547455257838123,0.002197679114738134,0.0007758331520584786,0.0011395753019664801,0.039228545720130445,0.030997360722912055,0.06486473299305114,0.0012122628355687023,0.042779989788093824,0.005420539368864667,0.018904990728669788,0.018943467959906913,0.0010246829551563822,0.014300671291260354,0.005541389733562229,0.020569960028187905,0.01927355346480852,0.014009761316333524,0.022323812434609812,0.01576105901625578,0.0014592198982221157,0.0042312114907716485,0.0,0.055159548668337825,0.04529874030232767,0.02260692497849556,0.004854071985292609,0.025264010546513147,0.04542940401336736,0.0,0.0036955070214300186,0.0010430242298800705,0.038633861072001514,0.00892451351607279,0.005554343858892146,0.0009135392946302888,0.040733519929396424,0.04168860673298499,0.04340185619016495,0.02006028369105476,0.03723924555542962,0.006114791725557625,0.031409904371303136,0.08960433665555594,0.03804369601617407,0.010232066022182977,0.027628124584226043,0.04122790051558789,0.05228270776829961,0.015199408019733608,0.03633114615292724,0.011822495102926303,0.005500312073448898,0.015967349976030554,0.004982758020855693,0.013516137889669079,0.013206210143341569,0.0022998114078723853,0.002599101487708538,0.0024937005760778887,0.006670658201153679,0.021858445855438367,0.00485739195830303,0.014044813835464775,0.0,0.00251593267886741,0.025942028067690297,0.0,0.0016396993321504392,0.01156109382162051,0.05098987231600363,0.06951158606516088,0.07858840023496724,0.022212387798079433,0.0,0.026480651709380094,0.03879091515582346,0.06180238220913853,0.057072199827595475,0.049371340159033036,0.027022971744191458,0.05057596070354792,0.065574471186481,0.0030856411260173403,0.02067533297770986,0.011912764815687775,0.0016217446678360888,0.002594241412807302,0.04779545216358124,0.004418507479695382,0.004288584732364693,0.006297630380527195,0.007385213182462295,0.0008961505671525689,0.010902511563770657,0.013429856890956625,0.0,0.0,0.03180241892711285,0.0,0.018164306236186655,0.015601283532366462,0.0,0.0,0.005404116023221876,0.02607239767073303,0.013109833698871698,0.017013377157694656,0.015821273984260302,0.0,0.0030489093357533976,0.008162066823806888,0.026768860949355686,0.027105161187039213,0.009180917925571283
33,0.013066145774459543,0.003589446121533309,0.01595943318936662,0.03487332696442306,0.06078360766667686,0.0,0.053429234000732434,0.008048768082359539,0.0023187499152581012,0.012278791397149498,0.0049534599234811,0.0029025587190052056,0.054053656189668564,0.0155772229023797,0.0005139656029548435,0.016728544113603576,0.035528350189533875,0.0028168645393735503,0.009801067920696101,0.10046217084918856,0.0018630613613101232,0.010685417891812772,0.0013551987622477347,0.011752707741116553,0.0008998131242234022,0.01446045105299001,0.0032293823806965423,0.019812573093531093,3.895078019033876e-06,0.014315646831299753,0.0019175611913811376,0.00388525423197965,0.055159548668337825,0.0,0.034407112608584436,0.07253714826548406,0.002789235328213194,0.005262544238651939,0.15353849933908512,0.0,0.0010366485610573601,0.0241131450565343,0.007556293649936845,9.069921653253552e-05,0.021182832489619535,0.0013759146503701655,0.01447408284518371,0.02877480377633255,0.04845295176323854,0.060467984670901385,0.12567878831189247,0.011017860544532368,0.04677380765764789,0.07269867858950675,0.010100520356216882,0.0003739500986851506,0.0012877684425562004,0.04681196878347435,0.03288218041801341,0.07421388819462513,0.022830219887980754,0.0011974773352831937,0.003711294754339589,0.034310346045795845,0.01287538941161431,0.02544425058855229,0.004886160199806447,0.02583723983019111,0.019008164228529776,0.08071492489775452,0.008111797163985001,0.0027212841286532075,0.020894990899767058,0.011818661392966525,0.0,0.01418131046139426,0.0033941275585131197,0.0,0.015659653879598338,0.008293521923267837,0.003443562849800039,0.062357761061001486,0.01525775517246778,0.0002036381063500287,0.0,0.027385787929206186,0.004027079962342702,0.015075440233221825,0.0007898160746757695,0.005158164949923595,0.01833297488175711,0.06456439712639751,0.019970277636238765,0.014724330788294436,0.07988529890897855,0.02952712450345797,0.0013401312308165534,0.014788443918404566,0.0,0.0739156424185918,0.07301274657579125,0.005958432644092419,0.03601433963624894,0.006459930616330179,0.023255277437699985,0.013726609702996077,0.0,0.0732065606090953,0.0015796163939491687,0.005012993796482819,0.00915743478730884,0.06396678669146384,0.0,0.0,0.00975368992457251,0.008830898243143169,0.038472721283766394,0.050367461308888174,0.022599803990939776,0.0,0.038994084392404475,0.04226957937638287,0.037608188821396694,0.020762174279470514,0.09390570945367453
34,0.007289246592121558,0.0023138690929157477,0.024705495151617008,0.0024239467712647324,0.01690457472218471,0.0,0.004180828141358075,0.00856563966519045,0.04922753062383053,0.0482848130654494,0.003031796351461866,0.0004131160974886515,0.007872301349619141,0.04033764237860774,0.001278429976159969,0.00043068627449037623,0.001412886676081012,0.00598437822804171,0.037615421901515775,0.0035204449075475733,0.008958583485341596,0.0043550736013684985,0.018201164846297878,0.02101842900714259,0.006725225776750507,0.01013667952587708,0.04394682075813745,0.0012389451442841592,0.0022789153559096536,0.029475895501893234,0.015097773298903848,0.00043670765505520565,0.04529874030232767,0.034407112608584436,0.0,0.00971465566799383,0.022610209124334302,0.007840265399748931,0.03769799657083115,0.0,0.018639863526220837,0.0006370223898883373,0.0007775905571117177,0.003854295677457503,0.0011812472822961715,0.0186724329907772,0.007311894909050565,0.018054908524584908,0.040076001638357374,0.045712112148091295,0.0023207692133049426,0.046543671926191583,0.004360109233385263,0.03409704142853762,0.0004981399475280279,0.000756613941300807,0.017853149785168672,0.01184230513043015,0.005902473251644799,0.026887066893908237,0.041226855694697875,0.10402137256253988,0.02982210804858067,0.048398345437672484,0.0031655196418544284,0.0010101711016851326,0.01754259916347776,0.009653584341653757,0.043878185489505415,0.007828256744390624,0.0018260359019549434,0.020997844004321666,0.003965500334458162,0.01717814575370305,0.0,0.022642661982718824,0.016157672482855052,0.0,0.00331205915277008,0.0049671637592954305,0.07671335661905505,0.03679642100105464,0.030680436799139777,0.00607716437495775,0.0,0.013750328386201363,0.015702382620560344,0.021656708432384614,0.02034972225469162,0.017344254869102134,0.02369420394777973,0.02818614276677256,0.01860949892023427,0.001957220629379288,0.020467720359487795,0.00393583951339551,0.03289066640050669,0.07216749468745515,0.0,0.0018478883486431259,0.0024191676770946996,0.007451648838487474,0.024706950305630304,0.009484047062385748,0.020988103801649345,0.01316312166834924,0.0,0.0020762113699573457,0.0061576302462339316,0.012501187456085656,0.02711484277935269,0.002095013555666698,0.0,0.0,0.01850540664698417,0.021928091402860946,0.006970698824153759,0.03689369028881295,0.001685503509795703,0.0,0.020418984227452516,0.012117261232004817,0.0033535531814087535,0.016380843709363904,0.005654859256250052
35,0.004000072364743805,0.0010656061090150155,0.02686546377807798,0.028037315078004096,0.07733240441287531,0.017078404286315928,0.12278756598658229,0.06222461975287202,0.06639320470529754,0.03241050089292026,0.03467373576573921,0.04936730134361066,0.020763145213339333,0.004580700403463524,0.040574650505830125,0.007041328811629082,0.033018312283445574,0.029278328981943172,0.011317430969864054,0.003351722432279107,0.035063184106341225,0.0004204340006039162,0.005734929685938985,0.004595040655115228,0.0009858318398845323,0.01547392162970987,0.005242888436162021,0.015890804347674783,0.0077092302780665325,0.030070987632973945,0.035719381247709264,0.02440656246665479,0.02260692497849556,0.07253714826548406,0.00971465566799383,0.0,0.09555147514077826,0.039744333979905865,0.09752703095077164,0.0,0.020644205012077466,0.06559382403409753,0.005171567013656064,0.021129195208120295,0.014721833938629962,0.007957008839728738,0.004579200612055105,0.0534557209950808,0.019350747977494052,0.10465566602948714,0.03525113642876044,0.008734542351204244,0.004694353796048579,0.0264223715255967,0.0014594102609681644,0.019820327883546148,0.0013016408548203325,0.008162771236834855,0.032872452002430386,0.05588803064316803,0.04549276170144232,0.04477609858191998,0.02481963866586716,0.04288328553680521,0.06552739428257288,0.0008552148834946306,0.006914465480761258,0.04594760511300782,0.016072160368088555,0.025644939141041975,0.019271981734068987,0.025129143457039524,0.018999674836173163,0.027851182400106523,0.0,0.09494269604322163,0.009665661524007555,0.0,0.050567214394476374,0.023250473540035933,0.02568962594100703,0.015208355247993952,0.0739280805628656,0.04530890661258331,0.0,0.08450378240435331,0.046814005920769224,0.036540255215147976,0.07095360246910543,0.054552805655203755,0.03639728037647076,0.030404249359167933,0.074242339265252,0.004278573031151619,0.05696199291704483,0.03506411899527383,0.009553228731556177,0.0018956145057385289,0.0024287675250569203,0.03326910156585118,0.0021866870515020852,0.006437131998400662,0.041594890133817154,0.021088745536398508,0.002507323048652184,0.021067071452031346,0.0,0.041108048380795625,0.007949466476756997,0.03655605066282055,0.07334707032526488,0.14697099194418523,0.04432375671046864,0.0,0.015523112214839794,0.03910633936470337,0.058147052538133,0.0727708693515821,0.07575286615165852,0.0,0.07873734756380563,0.062120973535909806,0.09243963697303542,0.018105066120391654,0.0988477670018742
36,0.016551881057335755,0.022280039373707716,0.02221709365905693,0.03381566643642871,0.05511776004396717,0.03691410829481256,0.030120263237937355,0.007459128963629016,0.04379434706981751,0.0012906392744897496,0.03248591361621612,0.0002465881613928277,0.03278458194259644,0.011901671597350567,0.0016234525352883456,0.004593276612231064,0.007499273848534881,0.012016323455753883,0.04326450373884721,0.008845202856300301,0.028191019029733533,0.03162459904883468,0.03902962195816743,0.004892224919709507,0.010924321416797068,0.003138333342322645,0.05672323081655026,0.0003583599396638529,0.027462414871904317,0.06540983911082844,0.022329182975600853,0.002245234785521961,0.004854071985292609,0.002789235328213194,0.022610209124334302,0.09555147514077826,0.0,0.0012213946126961742,0.040334244005054566,0.0,0.011194032338384372,0.03461014425233091,0.02685219473335519,0.02241859823265191,0.033876316303662904,0.08821533883043015,0.014537858576159352,0.03912132443186766,0.01704930061838062,0.03363224833331254,0.019826716445725853,0.0012950363191008495,0.006544053061655952,0.011369257256596314,0.00017473587973697676,0.018672291556369604,0.001489659504894823,0.004921136907558883,0.039336349474233846,0.049641672161131155,0.017673110211944128,0.051513537894554325,0.014788048565819698,0.021413397027494938,0.013143698197515036,0.0021011910301154324,0.0049960085110789245,0.01480833069394964,0.032351250809385175,0.034043799405953264,0.007696231954653101,0.013315629115948354,0.022233502747764148,0.1400028698394033,0.0,0.05108805252931565,0.015274911099504004,0.0,0.04875283635503377,0.010898960883599908,0.09174337521021535,0.033127331123604574,0.020731770936782235,0.03821173257197566,0.0,0.042459806767172745,0.0296675685269656,0.041094214737572805,0.013848419558185346,0.002265795514977091,0.030610204882053536,0.008326069814888837,0.043155139694418365,0.004121377406574803,0.020023067811725335,0.0012035399547832917,0.019024220976787194,0.021697106037299407,0.0,0.008775454374375526,0.01023657133421434,0.02290631475000053,0.0004322479410227478,0.004520291137334662,0.02373660968888121,0.0035716436473506494,0.0,0.0,0.008325387085936446,0.029652258501604502,0.00976655882366751,0.01020600829728874,0.02830035612787309,0.0,0.022141211134443492,0.018855221159673592,0.011844934860213032,0.04291965533212387,0.014680109163420954,0.0,0.017802531860157667,0.019973522671550625,0.006122774927949637,0.034016980117262584,0.002325765381336018
37,0.03422178160583581,2.2808616034177154e-05,0.02210134077072775,0.0013500789810480976,0.013136817086799304,0.0,0.045097321075387255,0.0028564498658461427,0.018454279287936755,0.006640419098924644,0.04185245712502868,0.03463323316723788,3.865230322031102e-05,0.005396793763135589,0.008120425239786178,0.018232115938246383,0.04246493665994712,0.01741654264874685,0.020287987658346916,0.004110495190787997,0.018443339074752384,0.007822682364282988,0.030731585655033856,0.01623063175029791,0.0015080226941592524,0.04076022182620484,0.0016089080133852621,0.002230990455714494,0.00014143130620850833,0.002670497212339005,3.221146397052855e-05,0.005805439585707629,0.025264010546513147,0.005262544238651939,0.007840265399748931,0.039744333979905865,0.0012213946126961742,0.0,0.08996141728006507,0.0,9.701830007910493e-05,0.012091222000752692,0.020884688037855884,0.018114042576738255,0.0013703977146713447,0.006566560188087986,0.0307076811488069,0.002593061323533588,0.0211872427219106,0.0011371579403682483,0.004115906950203382,0.02534337641493044,0.0026809334659466224,0.021245171312271074,0.03614700149861986,0.002115982131184487,0.0003954059596807655,0.024808121566926154,0.07092470734764404,0.026436564000593202,0.03770692839637247,0.023603954902681412,0.007533855733471792,0.054453428902215315,0.027525947553333378,0.0003532866212993049,0.02348166237183218,0.026711650825090225,0.001734914255322302,0.03515813397723905,0.00023485496781061423,0.0023940630305459534,0.00802857997770224,0.010344416914163029,0.0,0.02425891046378427,0.0010217878900298522,0.0,0.021430315977065253,0.01491488455259978,0.010731695156878244,0.05488153983049931,0.02294262455894319,0.00024719949195410785,0.0,0.06763258818806778,0.10588871566010623,0.03454162414603783,0.055350897096632656,0.03862393724868185,0.046860578223427034,0.00129695295528081,0.01842924004822403,0.033585876331474064,0.02543218858886505,0.04688085506646056,0.022107317971005316,0.001224667706541145,0.07839790685133777,0.040030032903244805,0.02485631134555598,0.01738345242359575,0.00519861754849677,0.0009240348804279354,0.0035288428561383624,0.07146662162720488,0.0,0.0,0.0008222294315225531,0.0,0.046284177990880096,0.04761608465318575,0.03621449445199885,0.0,0.00010880640668696347,0.03499312093177307,0.03584035626730053,0.005606009278567764,0.06027487564334687,0.0,0.05591339274010866,0.010027124380146645,0.0072771762220441,0.005710103390847484,0.058555753481488726
38,0.017127770982353616,0.012832940771561656,0.03603836651166391,0.11156215803759463,0.07946173624801785,0.011025533875055454,0.025596884860521155,0.07097165931787475,0.020164706697254196,0.07831434927310446,0.04752812614378578,0.004748456537897037,0.020011196484479,0.038496881612486884,0.009824597129117688,0.07426696262992946,0.03846827892013294,0.0022637254267962336,0.1309013138870867,0.04686191851749252,0.08021858856809155,0.02936731282667193,0.006010641680430315,0.015794245292785985,0.0012551516169770924,0.024377290785236462,0.038711180058735264,0.0012793020423425537,0.0012892053452230284,0.02260621664398218,0.006239478318656744,0.0003418758359082806,0.04542940401336736,0.15353849933908512,0.03769799657083115,0.09752703095077164,0.040334244005054566,0.08996141728006507,0.0,0.0,0.009222056396961439,0.0017879669413862743,0.04907019562661004,0.03756446767546889,0.0013263202122847735,0.029062426479226324,0.03309791022694536,0.1457622534298205,0.03097379338316068,0.11732841354698746,0.009694273433041306,0.01383647568983014,0.0671619353291023,0.04138602087354995,0.0023881769862455437,0.037917526642353774,0.029423905216398573,0.017898685783377253,0.09436353553121007,0.28848909627590497,0.030706567011522856,0.06799794103725894,0.01218801842042462,0.07833563113526533,0.00586422202484148,0.0025621675949250608,0.04806331862075633,0.058135960169112384,0.012114794354396427,0.0772597000640053,0.03244945544497339,0.006997915386276097,0.03875619502523663,0.09537761063279808,0.0,0.004159535575249882,0.016448923302280503,0.0,0.1282999106976357,0.02883594693215835,0.27417828499035307,0.2006949818511234,0.3387323198957392,0.16138921637456416,0.0,0.06393341699891401,0.2095597801548983,0.1873948728894537,0.17880907043708488,0.14364475903754778,0.13649342618189578,0.08945445179104787,0.12082856649846441,0.0010429837561419905,0.33192263015855494,0.0005228463410765407,0.008753263771359014,0.013555429632492079,0.0484645172605305,0.036119474899539816,0.2141206895869782,0.09915408661688044,0.015761356966266363,0.0033547310119460758,0.032231555718848795,0.050471473705295075,0.0,0.03348270545210913,0.03495726305880753,0.02482845954131749,0.24786370447108336,0.1361025516751789,0.015560705751370614,0.0,0.03533024241682964,0.0921513673940109,0.13163440831052897,0.19074297988980005,0.14253772830064063,0.0,0.0826358414631643,0.12386810567805603,0.08055322323479204,0.14491553183875036,0.49412531692255846
39,0.0,0.0,0.0,0.0,0.0,0.0,0.0,0.0,0.0,0.0,0.0,0.0,0.0,0.0,0.0,0.0,0.0,0.0,0.0,0.0,0.0,0.0,0.0,0.0,0.0,0.0,0.0,0.0,0.0,0.0,0.0,0.0,0.0,0.0,0.0,0.0,0.0,0.0,0.0,0.0,0.0,0.0,0.0,0.0,0.0,0.0,0.0,0.0,0.0,0.0,0.0,0.0,0.0,0.0,0.0,0.0,0.0,0.0,0.0,0.0,0.0,0.0,0.0,0.0,0.0,0.0,0.0,0.0,0.0,0.0,0.0,0.0,0.0,0.0,0.0,0.0,0.0,0.0,0.0,0.0,0.0,0.0,0.0,0.0,0.0,0.0,0.0,0.0,0.0,0.0,0.0,0.0,0.0,0.0,0.0,0.0,0.0,0.0,0.0,0.0,0.0,0.0,0.0,0.0,0.0,0.0,0.0,0.0,0.0,0.0,0.0,0.0,0.0,0.0,0.0,0.0,0.0,0.0,0.0,0.0,0.0,0.0,0.0,0.0,0.0
40,0.0013326352935675936,0.004819556230833079,0.0020351523908025094,0.013993711349432014,0.0031731550796471196,0.006262177670720529,0.013395081328883934,0.034843604902428764,0.01020817883472174,0.015294627748776548,0.0015123485771143593,0.0002593413866399527,0.0001942958949039455,0.006004018637174528,0.01087410530553608,0.00029183418465067847,0.005852457326030769,0.012837740897073612,0.01620415659252632,0.019647763669787214,0.0020069147185777627,0.0013626581184968546,0.00012295773999478825,0.0008305650889488553,0.0028706623597143303,0.008035833569902522,0.01991819751342122,0.0029381193066595583,0.007392380761544112,0.0008371413524070018,0.028766115560661408,1.976012433344873e-05,0.0036955070214300186,0.0010366485610573601,0.018639863526220837,0.020644205012077466,0.011194032338384372,9.701830007910493e-05,0.009222056396961439,0.0,0.0,0.008022232110087716,0.0017733475548877338,0.01425302193247989,0.028401799600881558,0.004204813143189781,0.01485703532815613,0.03527496054415596,0.04658774749684329,0.00036310182136342677,0.0004957804755891096,0.013721346647223668,0.044060559793535514,0.008654182135108993,0.003875350201696154,0.011684112850684854,0.0035474505359200303,0.0029041336908562153,0.029076794638073892,0.008720970707855304,0.0028951274092517036,0.0012815046581207384,0.0019446606902140183,0.0013382457854582515,0.0032367324624514005,0.014391304580644826,0.007507196952228713,0.01646928284949961,0.05651627273005282,0.03484202741702622,0.017989295069728205,0.004583797011137725,0.000321637656251402,0.014731368563896657,0.0,0.0004098751529218326,0.006187029307046605,0.0,0.01923226712994211,0.0035676199726538778,0.012145564066950623,0.02555888836538479,0.0017876098370312214,0.0014911110378381704,0.0,0.023383278539396035,0.006924563079177756,0.018904612460528283,0.050268692895850675,0.0031118973839486877,0.0026539213544358744,0.0009936792303205566,0.00015631884599425877,0.004331609465613912,0.02317144089347199,0.00255659357765106,0.0022489389622951873,0.0007532077723134413,0.0,0.020323352438329532,0.02140789537235989,0.018591965735709624,0.0004419382431428429,0.008842726742035413,0.0035198837284352385,0.022258965917885763,0.0,0.01938998148808265,0.004134360742133764,0.0,0.016264827582926536,0.03772846579404784,0.0,0.0,0.06192974270734253,0.0038978009086341283,0.0007868840303635193,0.02458816135057752,0.011893136300882344,0.0,0.014324891817978155,0.006494264525024534,0.006253599591155909,0.012515660250234244,0.0008002774370362879
41,0.01974253000878331,0.010583171231301133,0.0237901701153752,0.011530692406796005,0.010386094891904086,0.0,0.03355616431017755,0.0485073015506393,0.0061933676055488515,0.01806363407203839,0.015347532051506897,0.0012039553575301128,0.005218741379824829,0.0024589624895209957,0.02218125178029397,0.002620542002229613,0.026450764323204576,0.015277584211161252,0.042865764827965315,0.009402255883857897,0.0004530574588730279,0.0032393776087505464,0.002997788869823176,0.0017012854960319036,0.0014854876303296073,0.009816706365619913,0.004527972167968614,0.014624336460695457,0.06398650029668651,0.017590972410870688,0.012480157961669545,0.0002610542199783589,0.0010430242298800705,0.0241131450565343,0.0006370223898883373,0.06559382403409753,0.03461014425233091,0.012091222000752692,0.0017879669413862743,0.0,0.008022232110087716,0.0,0.14597591701939958,0.046262956799678255,0.03471546227104983,0.005721630771861652,0.002485247451839706,0.0512119048863203,0.0230660739160542,0.0444666539847326,0.007222053984721172,0.0018991679265507435,0.002589888984373335,0.029535184097250155,0.0137863391277004,0.015324495958452228,0.012904789391653152,0.015016866188576623,0.039316444267291785,0.030170977467327824,0.011771224378635337,0.012741578444390014,0.002561103195418006,0.0021646575708839234,0.00493798099965673,0.016159175185394684,0.002578685869357723,0.026285562782502794,0.007932007099887343,0.03556270699012611,0.007985295118467494,0.03912382738031579,0.001896609956088839,0.005096662543947196,0.0,0.013744067353211152,0.012163346932599232,0.0,0.017295390556322,0.0017076782662351173,0.03368233263854209,0.0008315314159980096,0.0025152168791225432,0.008767491671606013,0.0,0.0038398893502379146,0.010530082598335969,0.017744410303449046,0.013569644829395731,0.042653237115060055,0.010216377070929917,0.001755756443022818,0.040432502224736086,0.040658213883028683,0.020138544786587893,0.0187656958591962,0.006458935175539665,0.0002749229707045269,0.01311465961731824,0.0009837617668963163,0.0028368701612539963,0.0009494152888032177,0.019896169719215463,0.007921329266806415,0.00898037356893867,0.008884937021398406,0.0,0.025823464073641323,0.04438125165109383,0.0,0.012899390773762367,0.0007495492470656398,0.01837928704785711,0.0,0.026069449037215375,0.0031482567617117066,0.005773289439494884,0.05202957819928688,0.001666360518997279,0.0,0.001251784465371676,0.002784936109679589,0.0034896242008281863,0.006104965111043323,0.0017968837255064923
42,0.028075987451667186,0.02835483354541757,0.0021549606521222404,0.020112606732992037,0.00877663238963277,0.0078006738456169,0.011737487649790313,0.01943173594032091,0.026471142087154398,0.041360067641373385,0.020571239735206408,0.002508037191000592,0.0011560359946168183,0.03161021232347477,0.05229331326339296,0.011514276432451594,0.027963420373545437,0.00023586131172485407,0.023914694852451856,0.013874061471760638,0.00611126775818206,0.002224379761562444,0.0003647047003356469,0.03810401649594162,0.000951342006523436,0.056049304383636166,0.020869810461621223,0.0031953115188392877,0.03441582541634289,0.004584153181563418,0.040272332563569165,0.0029527192234008563,0.038633861072001514,0.007556293649936845,0.0007775905571117177,0.005171567013656064,0.02685219473335519,0.020884688037855884,0.04907019562661004,0.0,0.0017733475548877338,0.14597591701939958,0.0,0.03221291687037629,0.0013436695414129273,0.018321632490208243,0.0017078789246433258,0.003236817426836808,0.014172294786285535,0.09113013783089345,0.03784563927759528,0.011408482643707137,0.009340354559331278,0.015813907783157395,0.01635117143987006,0.052982048685372526,0.0021444711327479314,0.0035916188720428867,0.013058563306683755,0.0007354577871027376,0.008883421205808529,0.029634444935235132,0.0018988069108576905,0.006206575844053149,0.0073158937181986615,0.037431226881279554,0.013099431020105103,0.017661789542004373,0.0008190986271561288,0.013315672146396415,0.001274034666920098,0.022611289040699388,0.007237435061813298,0.05717746390253592,0.0,0.002871324677793141,0.019438590500300553,0.0,0.028556357262273183,0.012323991729100016,0.024437406158588366,0.009716589528296883,0.0008656232061856304,0.014558508560268149,0.0,0.0009638871565734888,0.0057944570475839275,0.01882876521955774,0.014280400205941407,0.013205191156876546,0.021715659391436055,0.03930994666295523,0.015231096768440772,0.025910822809350992,0.002001687284522411,0.03145276077827865,0.0021498301091679357,0.011452327886219926,0.0,0.024260905459273983,0.015425461149514048,0.0018216116762051662,0.04265039350972101,0.015772755575362694,0.019194780368518814,0.022418664553359943,0.0,0.016115393850127457,0.011178086001883162,0.0,0.03381510107410377,0.004490783074455094,0.026602407908052225,0.0,0.01872565744920935,0.03590864468884517,0.021647983221936642,0.019734568513675513,0.039770566528779576,0.0,0.01539071213466754,0.01706252032372066,0.0009080605158001352,0.016650366029014433,0.02799416753402231
43,0.002733103398618283,0.027169012035264516,0.023454340513074618,0.005124233141644817,0.0031958638168180383,0.0,0.02430905681893026,0.019898310472467276,0.00344553870266592,0.016423653656647982,0.004721451656888596,0.010396906438633053,0.02585795421566698,0.06291714122860931,0.03146173163285098,0.023402045564781294,0.0023299077956696634,0.0015055999633567714,0.057048693276283896,0.023858839658143022,0.008239631323852954,0.036150285409748725,0.00021446837069835227,0.004525157010985631,0.034739111672532616,0.0036497169875054285,0.0005948063347026559,0.0003056408123463611,0.009910187532571037,0.009862720410307755,0.056936752687187835,0.0016132681723340665,0.00892451351607279,9.069921653253552e-05,0.003854295677457503,0.021129195208120295,0.02241859823265191,0.018114042576738255,0.03756446767546889,0.0,0.01425302193247989,0.046262956799678255,0.03221291687037629,0.0,0.0022047220988864807,0.019767505855459187,0.018912667705516698,0.0008155517609465253,0.010474360671098474,0.03408077856069049,0.0017616304571742847,0.000500729282801308,0.04076767664678517,0.016015176008073326,0.0013489026605493643,0.0006144779302300354,0.003465302580964614,0.02898098358330032,0.023606046378361906,0.002858189646714834,0.06101369333054882,0.04240349949152376,0.06517295655109921,0.005722815274538712,0.022350678391929307,0.0030993847748373294,0.01573323547230407,0.05287189938584371,0.049503866686988786,0.009273523475996753,0.002057308724804342,0.007414197261812945,0.006985582788847924,0.004233780862364515,0.0,0.002483059392265958,0.016309841181956868,0.0,0.00401566705908886,0.009393177002256128,0.0009172770574737054,0.035562445577369296,0.02494343011827979,0.0031121033292714822,0.0,0.01892672509591285,0.00252344339203584,0.030396072655001306,0.02571605847764361,0.02638642339551747,0.000676712006929233,0.024617183280752627,0.0385583117011645,0.00030991787333401025,0.03541036587606803,0.0001261960539741971,0.02209442893977461,0.007760107593068802,0.0,0.005579036729516878,0.005866252172615792,0.0010638994290716939,0.010282555624694321,0.007209591243229099,0.0472837027398306,5.670717353135911e-05,0.0,0.018952588489046816,0.0002492438035883323,0.0,0.0012663502567217967,0.015580004068623633,0.03844806120081214,0.0,0.023981509190814085,0.016686967901754127,0.002280498805207445,0.0023790837059588722,0.03273149863585564,0.0,0.00047172253366676583,0.021942960433632728,0.019994847757971036,0.005445984148644267,0.017414617263384013
44,0.036006915856065025,0.0030058081390868826,0.02497999729397318,0.0071361694013353525,0.003919408054956805,0.0,0.004862399537495021,0.0010809884480089702,0.006834971537209918,0.02058050846128547,0.003513708856002604,0.011130095760455797,0.04371730009461697,0.01409884819491446,0.014431746693215333,0.004123235941195963,0.02771208188202413,0.032385498075299245,0.0008916847188685841,0.02829709493417822,0.01414172022414458,0.00033903644023229113,0.0017372337342874415,0.008394805579003796,0.004015083415477212,0.01857685969166458,0.0024865833304723098,0.0013929286015125864,0.0025775223794148676,0.014587355993511044,0.002287991687863228,0.002481366098087753,0.005554343858892146,0.021182832489619535,0.0011812472822961715,0.014721833938629962,0.033876316303662904,0.0013703977146713447,0.0013263202122847735,0.0,0.028401799600881558,0.03471546227104983,0.0013436695414129273,0.0022047220988864807,0.0,0.03575074799859476,0.001028391979417875,0.004037037554899515,0.02365848504122788,0.03833795022484981,0.002207035262493977,0.010657130053994691,0.004323355971829459,0.009041984787535673,0.0027057959853493056,0.0017864903153617677,0.030109543569622227,0.022905114111230675,0.009038509839356834,0.000261017168330141,0.015340798552064902,0.0015547888986088972,0.008851198169364465,0.0013276319198668764,0.03172273311172044,0.03082076436898199,0.022432434391830076,0.00037572803945057543,0.003112107211195527,0.0010256180131223383,0.0012827366984174624,0.0001561304839862921,0.002699153277975206,0.010157570547430042,0.0,0.011936698585203326,0.003380329440114558,0.0,0.008839729454751836,0.0013389742710700234,0.05045387596045593,5.2064203756614406e-05,0.00784478509511469,0.003447005316895557,0.0,0.004418765339893785,0.008069276048649009,0.00786855556771071,0.0010253740040781349,0.0530836581753513,0.003613494660359679,0.00047063401426800783,0.021157018196781216,0.03227331041250648,0.04876179570658098,0.00894392489521799,0.008731861563297817,0.0003479048576908321,0.03779914528136779,0.0017626312624812086,0.00042330884555149547,0.02161383119365843,0.0003794774964960816,0.00045059082604030246,0.04660160265171304,0.04796751897225345,0.0,0.011611351427599531,0.013076028380571142,0.01995344132258,0.015694246482355005,0.046576214307208506,0.0038034895169038858,0.0,0.03442698685110857,0.02930004125297033,0.02556259370302655,0.045363883308434584,0.0015254889878495565,0.0,0.001771838832554284,0.01779354450599467,0.00110385141011405,0.018712675880048234,0.0014914890040588738
45,0.0024484299932066803,0.00718525017753596,0.00013556308492550606,0.0029497038156449484,0.0456483539963474,0.0,0.002217318947369077,0.00995561002535454,0.001629518126979851,0.03878954970809637,0.019244020199929785,0.0017392943725222276,0.0017629654809165414,0.006180908069115313,0.025108845314956513,0.012968048288806083,0.0025023393130827448,0.0061371354571886855,0.008999133137069166,0.015835865185584625,0.03384360440249979,0.010670740808920333,0.01860119521267996,0.01447163921909107,0.0034438215078704997,0.036355597634479354,0.01230337169974325,0.015365763795723924,0.007467889641167302,0.029331859761309146,0.0116746649846192,0.0027120490378801047,0.0009135392946302888,0.0013759146503701655,0.0186724329907772,0.007957008839728738,0.08821533883043015,0.006566560188087986,0.029062426479226324,0.0,0.004204813143189781,0.005721630771861652,0.018321632490208243,0.019767505855459187,0.03575074799859476,0.0,0.05728359491447828,0.004992952722752387,0.051422660375820946,0.05589803487662122,0.006414302244927114,0.000835687681287009,0.021393425303836904,0.005933537270576372,0.024848788766865523,0.009993553249923485,0.0012671315450248184,0.001924985341630333,0.04163901764189103,0.018092526391153437,0.03806432486004683,0.028497144190368275,0.05643409306985918,0.008696409454803542,0.006784160067529544,0.01766301871764057,0.023486463925871892,0.04230534246686894,0.008973224041526857,0.07335914851110993,0.04071181175468871,0.019810065478273436,0.006318543393382011,0.04392958103137074,0.0,0.04915309898598194,0.013843376624939572,0.0,0.05751596474750584,0.01784234276366986,0.05331466726814028,0.04610098506689864,0.038194172211841806,0.030419640047678224,0.0,0.013654552129152389,0.005492227814375949,0.01212161186613562,0.009976452054543524,0.0031182569924794843,0.0022391548632915326,0.0029894390986437555,0.036785976397075315,0.0007525251062886016,0.043864460333231256,0.008418958107267067,0.006345141919085859,0.033969310665119004,0.026670144659172113,0.004555812409711908,0.0027997881907731435,0.03894466022183685,0.002353171425393252,0.022614318567751226,0.00142520587458931,0.030510179980415063,0.0,0.006632584406971308,0.0011003534803231186,0.0,0.01666815024675895,0.04319960624734229,0.0,0.0,0.004820696775106922,0.015046527755032577,0.02790605673599231,0.0068267142505618154,0.024471910110497954,0.0,0.003547236576722068,0.002646471529518239,0.032296015011787416,0.005493275257554522,0.03869095213791813
46,0.008997160422823957,0.023049986392918206,0.003280606047189652,0.004322904396799977,0.00932846806566794,0.0,0.0027286450158867616,0.029582439083113046,0.001907950529884965,0.004170322716789228,0.0027202164181042675,0.006733844410524658,0.005012188156707596,0.03026533888033118,0.010753863204719367,0.00046658119537381244,0.019146446963654112,0.060714005432782124,0.025601564922174178,0.0033440472067420204,0.002956934924641678,0.012330946707622619,0.0369109221856277,0.0012454659717396654,0.0005709332467809662,0.0010148313797891816,0.010567406165072717,0.004583664623713555,0.0011118884330140535,0.016783774197255023,0.012340107224731434,0.01829673890239698,0.040733519929396424,0.01447408284518371,0.007311894909050565,0.004579200612055105,0.014537858576159352,0.0307076811488069,0.03309791022694536,0.0,0.01485703532815613,0.002485247451839706,0.0017078789246433258,0.018912667705516698,0.001028391979417875,0.05728359491447828,0.0,0.13654682354657333,0.06935496553060103,0.12032381602936672,0.016953716430093236,0.02082479851140161,0.0159042810796989,0.018484059335190244,0.0007385541935546242,0.0022525582842816924,0.00217897851022286,0.003996827988281364,0.005923285021137544,0.005178934570296894,0.0037643964501125247,0.0014546587402051697,0.031893560626846944,0.039196074028729516,0.006263691685901711,0.0023110044234929384,0.017139109481583835,0.05880849726512383,0.03243107896574411,0.0756298345275103,0.0237416581392335,0.006856100929493884,0.0008266312858913158,0.058695493762798395,0.0,0.017244930066804134,0.00164626431121354,0.0,0.029483987187693007,0.030546373304651448,0.045610113955933465,0.012512755647158732,0.005568424144043012,0.027833921102391565,0.0,0.07434604251407678,0.0075509952485176765,0.017110536068417212,0.02817405877531359,0.005551413164519682,0.007233703625428544,0.003509168016445726,0.0625378752528329,0.00889183270515458,0.020436115297494055,0.0001235501266029099,0.003193480176442182,0.020071806767644917,0.0,0.010703218749879189,0.020056486710415197,0.06365785492299114,0.004854113987715588,0.0064945272603494425,0.030235772780445366,0.005086220094566316,0.0,0.0,0.0033087757289459617,0.0,0.05222923868265426,0.0043766482087264635,0.018894982504420486,0.0,0.014735343959023747,0.016583090577340913,0.02913626114965535,0.04204046861166149,0.004144550590637241,0.0,0.023801961364853224,0.009388446511211223,0.014664512769649307,0.0009045963972070456,0.004981598294114768
47,0.002121185627088068,0.04257577282806063,0.006495431090295707,0.057027648640207804,0.010810457265180222,0.0,0.02926238883708066,0.006539782702918641,0.05275174489515726,0.06752171115960373,0.10063527964105372,0.02492212496977286,0.017929034574112653,0.11303858566007352,0.003604066809978662,0.001811784103006669,0.011378527538221987,0.0017715843600853726,0.0075682833347216535,0.06532751441721012,0.03047387499861138,0.02476847597021624,0.023414177447939055,0.002201300041362302,0.005132942386573865,0.021658622273271883,0.028460007276801706,0.0040794907538207505,0.0051218705696366405,0.05093354692604558,0.023617282929927746,0.014941101818877036,0.04168860673298499,0.02877480377633255,0.018054908524584908,0.0534557209950808,0.03912132443186766,0.002593061323533588,0.1457622534298205,0.0,0.03527496054415596,0.0512119048863203,0.003236817426836808,0.0008155517609465253,0.004037037554899515,0.004992952722752387,0.13654682354657333,0.0,0.612497401600683,0.16984629016749725,0.050347117465191576,0.27257351271750707,0.011074447191229042,0.08099229862690698,0.025236095977576232,0.0011756649723717268,0.009834025128610424,0.027243950468555565,0.12094371025749363,0.09068674535885313,0.03817689233769539,0.030458988744642576,0.0020159216932318686,0.05119999755402695,0.00035810718410108624,0.02160764911996048,0.0053899214276649735,0.13500073770056595,0.029027261017990486,0.8740871227021085,0.007664521494698144,0.005297984712245963,0.029634175775250314,0.11701002761650404,0.0,0.08500969192428279,0.014403017016000958,0.0,0.06741643656709684,0.030522459195343427,0.01549606631679565,0.062111431840604914,0.03918271419319193,0.005443341989208388,0.0,0.030385462227916004,0.07710174296664868,0.0295012522937884,0.07592959340734591,0.037343409402368626,0.04836091184874404,0.059741438757334286,0.10053339272338672,0.0681738761014967,0.09266537704875227,0.0052906893740851104,0.04556060570257225,0.002891124748074903,0.04287697866162708,0.017684624957605494,0.12846317467855192,0.01781624455483574,0.028613844004236087,0.0030628145023037893,0.00336896432505296,0.002232978331946871,0.0,0.0,0.004411637759284388,0.04085426163505632,0.061083289579216674,0.03698151174781934,0.019532681665918972,0.0,0.020400078928402492,0.05238306639166654,0.04977678763158926,0.19222582566314875,0.03490120819354167,0.0,0.06474980751370502,0.038784525689733416,0.0474197698553114,0.00858666393793937,0.03473306251101624
48,0.002478738776912532,0.03204614315790935,0.03081121690208291,0.024742274404754898,0.037124191520372676,0.0,0.008716793029985006,0.07264008074936373,0.005057210119282207,0.019145794814401835,0.058013143817292244,0.003467756807634515,0.0032437562734471837,0.1112760761831352,0.05275481484570211,0.012359258951355197,0.005157134495749588,0.01735559801376462,0.011053791398983992,0.0035841958566376576,0.040594967409315084,0.004160575688105004,0.010404982166776494,0.004036292125580478,0.030707761660149012,0.0077930833699200765,0.0276423867308801,0.021223308461168218,0.0008851079378568519,0.06114273542893162,0.010323424862358536,0.002205574206048316,0.04340185619016495,0.04845295176323854,0.040076001638357374,0.019350747977494052,0.01704930061838062,0.0211872427219106,0.03097379338316068,0.0,0.04658774749684329,0.0230660739160542,0.014172294786285535,0.010474360671098474,0.02365848504122788,0.051422660375820946,0.06935496553060103,0.612497401600683,0.0,0.20956798956932815,0.015348844239420494,0.13500198176671688,0.001797501022460636,0.014875058305450908,0.0075459908703773134,0.001995158390724309,0.017452614408198303,0.009682478091303742,0.09215974008214183,0.006748143729990396,0.006375773415622306,0.04334224747679626,0.06615738525761682,0.041865386033348315,0.017825430953775333,0.02408123695102379,0.014961752702243055,0.049150008869588147,0.004683708721343167,0.46595247042561605,0.01079573588951719,0.014259036995791655,0.027934438631971543,0.13225699840210262,0.0,0.0715270290984969,0.007868091698692799,0.0,0.048427967992202677,0.010549844119350522,0.05383170252916002,0.13996103059342985,0.05227824384754658,0.058668347674076964,0.0,0.028539800578027876,0.06058604309972116,0.022087846945670186,0.023036407299636182,0.040908351351939876,0.0021525553161325143,0.009322386244960035,0.14362372466788126,0.003327021899479896,0.053581206225782205,0.04126217058195156,0.0005055660854613608,0.013837182625825879,0.0,9.991075174988073e-05,0.08593000903306995,0.06475004030872727,0.04172575876457677,0.029953311268066458,0.002754507944225468,0.02050758875711135,0.0,0.0321892160578385,0.001565336375600219,0.005341692466169176,0.05770307433571252,0.03380281833915615,0.01572707746878317,0.0,0.010842036740716087,0.03650021446942126,0.053968258164099434,0.14034610589114294,0.04685294204292112,0.0,0.04121670516094939,0.044412587476433736,0.005111020159948715,0.006335557174461095,0.03242332823578491
49,0.035483825907404655,0.0035629822706937926,0.03024440445092578,0.06060270849453408,0.08775137846540591,0.0,0.031035978821311334,0.010758688280298993,0.038493969237376635,0.03141777528321582,0.005485525174568248,0.04038699617538896,0.04525933716195427,0.014731383226096798,0.014490738622845573,0.0017045916328135779,0.05159528964954991,0.005261748036333418,0.031499703204637484,0.003228963661942428,0.026700672258683653,0.04599340621209437,0.020560931478920914,0.029911531780445623,0.030614580036349523,0.001093195831410496,0.014958881237231388,0.023569445721028724,0.013801857319311214,0.027830732399753057,0.0016739673537073982,0.0032722028963208727,0.02006028369105476,0.060467984670901385,0.045712112148091295,0.10465566602948714,0.03363224833331254,0.0011371579403682483,0.11732841354698746,0.0,0.00036310182136342677,0.0444666539847326,0.09113013783089345,0.03408077856069049,0.03833795022484981,0.05589803487662122,0.12032381602936672,0.16984629016749725,0.20956798956932815,0.0,0.027479462803965956,0.03181359418886438,0.02134858327637107,0.0532534484138908,0.0056734149754517635,0.03287435127236142,0.006406886907782634,0.017854112564204005,0.0565004161088532,0.0922792934461495,0.05902763659612427,0.0020373126162155325,0.022063769579091418,0.07329876348938004,0.023524166471744185,0.02052196472373886,0.009999045721393077,0.045012338718920644,0.0034013572415501014,0.10224624282053346,0.05490465440875648,0.009257273052218924,0.018390431182061514,0.3445604272278863,0.0,0.10427978593003331,0.021026048537931993,0.0,0.0090474057985452,0.048187921949943376,0.09200619178012803,0.08535406285754858,0.06814854512382007,0.13957388787526448,0.0,0.05319857392630751,0.039045114162493566,0.07753276499762757,0.024714986383451813,0.013884326186946225,0.02184622147150183,0.027362640244777546,0.05573739688318139,0.0029298410087255666,0.07470464237983865,0.015296122811039654,0.025332877327338865,0.00913913305054042,0.06005497584386245,0.009280527243596482,0.06305027142720906,0.08161656600659374,0.07853749952978557,0.0012672714891824464,0.041608992266796235,0.005792540353177048,0.0,0.03309328167282047,0.023773979307505244,0.0378610189299875,0.030109786913753187,0.0016375647905110655,0.012945290337774917,0.0,0.007201183827584738,0.14576568640214205,0.12550330616807281,0.20272591446618501,0.04723636878240589,0.0,0.055988979909280825,0.062599154675885,0.09355980926744707,0.07182475916564815,0.006566284328829448
50,0.004655923710379185,0.005629988085621753,0.004359576380025891,0.017245567515211092,0.033002723072527565,0.053506214262716206,0.015320941068052108,0.038284681254985735,0.017984682547374918,0.016221299314295615,0.15629151817430806,0.002956796496362407,0.0003075550698578375,0.002519041270664768,0.009219448242060483,0.0005524947942203019,0.05446636710734151,0.028380992877965663,0.2177477671068,0.0055886847978706385,0.01689307174400531,0.014617162281007361,0.051795796657102794,0.006636957223567459,0.0010258023623983719,0.03396046265478748,0.014425591461789232,0.020467495807684054,0.0012884252932749383,0.0054784716573340496,7.689578749909134e-05,9.334842936062064e-05,0.03723924555542962,0.12567878831189247,0.0023207692133049426,0.03525113642876044,0.019826716445725853,0.004115906950203382,0.009694273433041306,0.0,0.0004957804755891096,0.007222053984721172,0.03784563927759528,0.0017616304571742847,0.002207035262493977,0.006414302244927114,0.016953716430093236,0.050347117465191576,0.015348844239420494,0.027479462803965956,0.0,0.028942919058336847,0.05927861806838847,0.049549916167571824,0.02754642122821279,0.0009035274178652695,0.001219844003818629,0.04896026049825296,0.02731459180997191,0.010768060447631027,0.011292757176452532,0.005817191774672723,0.0033546092733331176,0.0014733867265926933,0.008365230584787083,0.038135424599826294,0.009804172735534354,0.0037302411556855673,0.03039075248282012,0.02399762689901914,0.005211677649435159,0.01812978227756445,0.013054454939486914,0.018016942834713393,0.0,0.0466532076010435,0.06757715980997564,0.0,0.0026651472413244184,0.0077992109511322814,0.025578969942107854,0.044362906666772756,0.03489735768989934,0.015465393444742266,0.0,0.00809454755870373,0.03057269664764136,0.02277666113054876,0.028497199203056534,0.031697988384109865,0.023520396779081906,0.01864045327011581,0.02218523239110037,0.05799433842944985,0.007863805564537684,0.008532116004946647,0.019106693412426136,0.014056052432906684,0.0,0.0327903919546584,0.030810104903393334,0.017626643474997466,0.00901132938014363,0.038268582588200234,0.006333755435694278,0.011571599020674906,0.0,0.0,0.005655772650947375,0.0,0.016534882751479227,0.007766521107328003,0.0,0.0,0.06803781230266195,0.04693236649561198,0.011853954228005805,0.032805011911650354,0.019497078090627833,0.0,0.006735320971562671,0.0328635159552916,0.05634335097169228,0.001254794695333112,0.009199875225845672
51,0.009096499774195788,0.010303392535661152,0.0429544174040517,0.017756220354455208,0.02905522612572617,0.02669820558177051,0.0008457933431973554,0.0192213103133232,0.0011501221855013664,0.02938945335811931,0.06345930310772135,0.03149942936109745,0.02677963891712285,0.020279933920498008,0.0021824953366982283,0.020018577538647695,0.014912140433799792,0.010406427160191635,0.010515373870730196,0.0011467363822492338,0.0028513888538436167,0.007043575979357628,0.01419104411534716,0.018828749496387253,0.004435831096427572,0.013657489500468927,0.05012547154551518,0.0341949439772646,0.05640202120661232,0.0021593981756872892,0.0035759489975735886,0.0033659071602258283,0.006114791725557625,0.011017860544532368,0.046543671926191583,0.008734542351204244,0.0012950363191008495,0.02534337641493044,0.01383647568983014,0.0,0.013721346647223668,0.0018991679265507435,0.011408482643707137,0.000500729282801308,0.010657130053994691,0.000835687681287009,0.02082479851140161,0.27257351271750707,0.13500198176671688,0.03181359418886438,0.028942919058336847,0.0,0.0034446087277579113,0.13875838630344675,0.0009112853573593362,0.006157739329583751,0.009180914294323678,0.009053378179352454,0.07150719026949673,0.032078242398632155,0.012587069669167953,0.01887912581977746,0.020407861419613264,0.04178770985236973,0.0006371885261097944,0.039231271259605,0.0008542006472311197,0.028863580623933335,0.027241413460067927,0.10925679852316877,0.017643893406352838,0.006201771445501584,0.007906117051916909,0.029675222168293425,0.0,0.012512163805615616,0.0010927578854882155,0.0,0.03192963903329756,0.008525091705768567,0.03406613815897945,0.10336480901167609,0.04284185491031923,0.08476436856259856,0.0,0.04660724050734333,0.013861491793748563,0.03206488718738505,0.052850432196612014,0.02903550894623593,0.002366974838364607,0.005937153376511682,0.11696398616413305,0.0033868555904886274,0.08639649127068338,0.030825875467450626,0.015313969483570328,0.0019859865099215467,0.010539836341210723,0.00029623562778623765,0.004113340463364396,0.03427968361072451,0.015841025542783608,0.040247180245360434,0.04035141093592693,0.0389135031001563,0.0,0.04199056929626956,0.04686201578677643,0.030073672013013208,0.036840111523461117,0.10215431453686229,0.0,0.0,0.03973830256733188,0.0010574328694732526,0.03993647638383246,0.04815193096003027,0.04832104008072923,0.0,0.0186578200492085,0.00503937938510496,0.07501335027209315,0.011756166533642809,0.033039895675977704
52,0.06246958934403168,0.04451677723191344,0.007214688705567832,0.014841753324883966,0.023458088189859942,0.005285331718105755,0.029618783741340988,0.013017878357697245,0.03933388997050486,0.004517798613556458,0.03912616270962256,0.025814355300745537,0.018667532544405247,0.06750280430863978,0.006484262730519434,0.021407569933698575,0.005081270226687174,0.004062313592536074,0.029558671997401947,0.0050147956197031975,0.00906560477258736,0.002064596463461713,0.030759120346090567,0.05886527513432,0.03136970210968312,0.0420132572323429,0.07144692446013036,0.012857153146102451,0.004515164845133715,0.019510444838475156,0.05258591931261364,0.0007589469872780391,0.031409904371303136,0.04677380765764789,0.004360109233385263,0.004694353796048579,0.006544053061655952,0.0026809334659466224,0.0671619353291023,0.0,0.044060559793535514,0.002589888984373335,0.009340354559331278,0.04076767664678517,0.004323355971829459,0.021393425303836904,0.0159042810796989,0.011074447191229042,0.001797501022460636,0.02134858327637107,0.05927861806838847,0.0034446087277579113,0.0,0.1574472685088003,0.002924772023936931,0.016448424269385684,0.011633389277748027,0.005311759640057445,0.05082811296351321,0.0021909555434410687,0.027504271112912912,0.001591604795379824,0.0562239792092052,0.022633578439834153,0.0034088463166207913,0.0066479801762053745,0.01079562907966745,0.009667363579131002,0.017258738593944153,0.02417278620140413,0.00023960827966698107,0.01846646534374147,0.002731371052742043,0.00899164866015976,0.0,0.00037247891316864355,0.012895545880615169,0.0,0.0005966093952276864,0.021428013672630974,0.05649229731196146,0.03689766761488043,0.036000131153756255,0.016920233808772178,0.0,0.03862709328645175,0.02713522813363597,0.022857914826816633,0.005630877746685851,0.028223597990788392,0.04165240576046797,0.037700643188849504,0.02692206430537481,0.0007123773187658727,0.01073897986679332,0.004547103557653482,0.0042903879733303795,0.009265559000213214,0.0176724691422126,0.01541968252067247,0.012161371995893726,0.024747318553678656,0.0206132654197497,0.018393994156446138,0.025100453109116003,0.001722005632996351,0.0,0.03547620752682639,0.01309955627667372,0.03210225138374454,0.0427569294773317,0.0145650778075181,0.0,0.0,0.00634333752747225,0.005394135833447382,0.0013906581770201543,0.0035609964647553794,0.016260962931636876,0.0,0.020443153542066172,0.01638918288639907,0.0011349011165555445,0.015351164840753129,0.07780195232324781
53,0.033818847675677964,0.0076818351638832895,0.04889326530823486,0.025772350474536344,0.04671705051970622,0.0003601587529898215,0.014242691731756556,0.0014565099079166634,0.007069727307468136,0.04134478331420246,0.025919275852538594,0.027808818706562495,0.04130177488084426,0.004873769947515509,0.001233752471200338,0.019949358969201678,0.02467296600282301,0.020553076995968252,0.033688796375804755,0.023419399077958095,0.028355820328641722,0.0009024450949607432,0.009618970191443563,0.01877934106697584,0.02336893911796839,0.009819339413334974,0.060740221086561255,0.02195656810468367,0.027402632555252462,0.005238822890116281,0.0036581604487923706,0.0010635755348068492,0.08960433665555594,0.07269867858950675,0.03409704142853762,0.0264223715255967,0.011369257256596314,0.021245171312271074,0.04138602087354995,0.0,0.008654182135108993,0.029535184097250155,0.015813907783157395,0.016015176008073326,0.009041984787535673,0.005933537270576372,0.018484059335190244,0.08099229862690698,0.014875058305450908,0.0532534484138908,0.049549916167571824,0.13875838630344675,0.1574472685088003,0.0,0.02889067675302585,0.016838535435173423,0.019327920612205958,0.07595966569065503,0.010398142664342755,0.005754524002730097,0.01813169494576381,0.011738210287632429,0.07618154377734249,0.0667424840330389,0.003041602343981568,0.0014483047940118344,0.004153990886484053,0.012464049673690166,0.019434214445230084,0.0288236093033094,0.042532934245618874,0.033813405170338526,0.02983839042132531,0.031640359224668305,0.0,0.013299856302941128,0.006020084795898903,0.0,0.0018382392277769488,0.011723038038791404,0.04274444904611882,0.0429747921910786,0.026245028893920008,0.039152244418520575,0.0,0.04739266983249753,0.01918436581490106,0.03104775147597608,0.04278442612597952,0.0030217394578622857,0.044269441668046236,0.033513829352959906,0.02707377290113311,0.006024926797494719,0.15484024942493307,0.0005996288682541879,0.007542095291408732,0.003571524362548557,0.0,0.001519592236277947,0.011451154467254766,0.004137804405942122,0.00788843127126109,2.59189695147065e-05,0.006087150559618004,0.052740609632651335,0.0,0.0,0.06252035454188815,0.009008402812677917,0.02560654682738914,0.05508590449068889,0.0358603387466222,0.0,0.05122518745428844,0.0551774850442742,0.006548995483164463,0.03615509621100386,0.030101797073335997,0.0,0.01825626028169864,0.009707428879850141,0.03980842903075777,0.016334492179461903,0.003544431630522149
54,0.023099593449582723,0.03735021230340463,0.046107701501187974,0.0018533769459956617,0.003439527464922392,0.0,0.007418218421356783,0.0146327166122186,0.001951043610818864,0.003219656498139416,0.0072631244347551435,0.014422878390139449,0.027475950572500706,0.001720585969124292,0.0019501236912568727,0.017883616145441997,0.02206430840229061,0.0036914266853549493,0.003434799753204331,0.031214288145537773,0.0014619663842544274,0.030327741343393746,0.0272260296568793,0.019071207685229602,0.036118053563034574,0.0017752064480053645,0.006547987148505597,0.0014158271251498925,0.043057597386493715,0.01730910103101546,0.010984291441184988,0.009673842947608405,0.03804369601617407,0.010100520356216882,0.0004981399475280279,0.0014594102609681644,0.00017473587973697676,0.03614700149861986,0.0023881769862455437,0.0,0.003875350201696154,0.0137863391277004,0.01635117143987006,0.0013489026605493643,0.0027057959853493056,0.024848788766865523,0.0007385541935546242,0.025236095977576232,0.0075459908703773134,0.0056734149754517635,0.02754642122821279,0.0009112853573593362,0.002924772023936931,0.02889067675302585,0.0,0.00225698834776463,0.013210634236169326,0.06800863335361591,0.027640034845565792,0.028998632204831037,0.005560067632949605,0.003482961423877482,0.02010526753311044,0.06509148150110253,0.004120500793812717,0.016054816807040857,0.0012966581812057082,0.002714017447837808,0.0016417357109434142,0.00490182480685705,0.028498021584204187,0.013515284821567337,0.008722463873887679,0.010734624542109815,0.0,0.0013987801668656746,0.007269158748444845,0.0,0.004976634781791616,0.000991751338538683,0.0015394556386193225,0.00044123856918755515,0.0438615906582975,0.004280242383434811,0.0,0.01352623099100786,0.0004255830933945163,0.0018038892737197371,0.0018113848305840849,0.027576564013444434,0.04706582073041196,0.003249799481233733,0.011933447412623777,0.039374239148693174,0.018595576350969405,0.008465975029719259,0.013521607531291144,0.0014081332760120745,0.019249534459407226,0.0006709940920160256,0.006563458763995222,0.0010152134697731586,0.03155724527341383,0.0034361578324546382,0.019171999884657523,0.005352678652841911,0.0,0.0014096063754242393,0.007326462918326451,0.0,0.0018192983011364296,0.007144075700867263,0.0,0.0,0.02524020456953798,0.0011014355032414362,0.004967592298561937,0.0008589415376105132,0.003585111252650318,0.0,0.06335152457903412,0.0017670203307001168,0.010909102407525736,0.050531672192406174,0.0006724328355773958
55,0.03663835452660186,0.03217668465192,5.5416746447090193e-05,0.015563169587081784,0.0685987936633624,0.009639809000763142,0.005416107674639634,0.0010146699617521089,0.001033954815751193,0.014798691275662856,0.004040196029938655,0.0005164983310769176,0.01223071822924977,0.0015001074837264455,0.00014218656926016373,0.006613094939799698,0.017220484642346136,0.017931912137352957,0.007732735278047491,0.044030230490437,0.02150341211299546,0.0006082431815316892,0.02764771049968459,0.022524951749988524,0.0006739054717124168,0.0014764820078244228,0.029900675615771775,0.006959804420984712,0.0053651092290538,0.013065568774489828,0.004099776419492315,0.038851197128659254,0.010232066022182977,0.0003739500986851506,0.000756613941300807,0.019820327883546148,0.018672291556369604,0.002115982131184487,0.037917526642353774,0.0,0.011684112850684854,0.015324495958452228,0.052982048685372526,0.0006144779302300354,0.0017864903153617677,0.009993553249923485,0.0022525582842816924,0.0011756649723717268,0.001995158390724309,0.03287435127236142,0.0009035274178652695,0.006157739329583751,0.016448424269385684,0.016838535435173423,0.00225698834776463,0.0,0.059241945457431125,0.03824969998518589,0.008863105843932777,0.007008094242237838,0.001724154510520697,0.0044661605085052234,0.015852893846772707,0.03257457436410683,0.0013446952632113292,0.002256391498479686,0.0037767942188512626,0.001840901908770287,0.026918343738602492,0.0013884666503159245,0.0002566801967129757,0.02820049242842779,0.06903344892881494,0.0004932863830348369,0.0,0.009220204312723954,0.02065748110607101,0.0,0.022156743062631965,0.0008415822881741644,0.02138607956867025,0.027260933881917068,0.0509214859797046,0.024392423342056463,0.0,0.05468521205018102,0.037802120368203726,0.016113325046240093,0.017410652062571426,0.0011593245359253124,0.037019674683921575,0.01991189079608273,0.01372856763614873,0.005163954804892742,0.05144331248443531,0.019699694136352267,0.001620483148652802,0.0556021292222522,0.0,0.009793433696998713,0.029644197514097144,0.015656873922254788,0.04423409374631816,0.007846816949628436,0.005300028072701761,0.0013225238176893589,0.0,0.006035265437568089,0.03769306121557245,0.0,0.011593088278359176,0.01540864374923048,0.0,0.0,0.034005948590784256,0.003717279281365948,0.030061524553528302,0.05495348682278812,0.0045405366780504166,0.0,0.024042266707949535,0.011962516470411475,0.04730668731266087,0.07049543882024852,0.0025511919019183876
56,0.03383981737353127,0.02648250753881122,0.02150826395008018,0.02498574476160439,0.009703666139185526,0.006727105391020426,0.010489367528164492,0.011990630581905738,0.0031420035781996427,0.028359172140643766,0.02407723109247366,0.0010758346398677566,0.0007918802185002893,0.02471043321766801,0.02300772373056768,0.0011894286596387138,0.03509561939603351,0.008715772125787022,0.004144367840417942,0.011299225732582288,0.023512965122690854,9.802281940817318e-05,0.0005086564508763218,0.0005332278427173595,0.042353927918664803,0.006520085563659262,0.014136446034665245,0.009604462742820733,0.01202330642397851,0.004816887932237128,0.023961080275452105,0.0002914556907995773,0.027628124584226043,0.0012877684425562004,0.017853149785168672,0.0013016408548203325,0.001489659504894823,0.0003954059596807655,0.029423905216398573,0.0,0.0035474505359200303,0.012904789391653152,0.0021444711327479314,0.003465302580964614,0.030109543569622227,0.0012671315450248184,0.00217897851022286,0.009834025128610424,0.017452614408198303,0.006406886907782634,0.001219844003818629,0.009180914294323678,0.011633389277748027,0.019327920612205958,0.013210634236169326,0.059241945457431125,0.0,0.012807756504969257,0.017893297902765448,0.027732188867282605,0.0013508666902287835,0.042030713984529136,0.002117705706584824,0.032795655926349795,0.003782048301799,0.017083298962989997,0.013585219984889534,0.045009403910923874,0.00069126497362384,0.0026038378225882656,0.05804501631401073,0.005187473393936652,0.005756860977006763,0.011897348814269081,0.0,0.020986136201035847,0.0032317190830324053,0.0,0.012830043211625383,0.0025864398051721337,0.0033585237227321176,0.05367726281599381,0.04851566089165668,0.020242940306575755,0.0,0.0028074357971069244,0.03118198566439845,0.005275322285342218,0.007434302364740778,0.015275742331821445,0.014453287451384288,0.02561039418466466,0.03671162264203596,0.015210006983065329,0.038705013281741044,0.0015788620585328636,0.009720666070914572,0.00020562755851185333,0.0,0.010673438134354153,0.004437782584323513,0.0010068137082464633,0.0018117372533988769,0.014109064223073163,0.06037661150495154,0.016968806532796032,0.0,0.0,0.0017172407496217068,0.008881171411010995,0.04067679969397985,0.0016221221515217528,0.0,0.0,0.0026904743418176306,0.019185273984941572,0.002603634044000152,0.0147663788549667,0.0037538041496794697,0.0,0.008720402269057011,0.034929679992049024,0.03559016525840511,0.09727646317861682,0.025073098545027123
57,0.034930719630211444,0.0285415299366525,0.003314582042350331,0.03766176069539789,0.011799334373433853,0.0,0.0018032267506699095,0.027776207673780386,0.04554391320272464,0.004205533603189797,0.020505721840581536,0.031061165875497766,0.02554387541385622,0.049853323953316785,0.024904072038966805,0.001776130575224563,0.003274578514858357,0.01974371068461485,0.026306356859488088,0.0018916956002831555,0.007471473462187457,0.002384969226262275,0.010960513629569407,0.024097369621055516,0.002938370075542284,0.0031733993645496478,0.029263953793935947,0.015382382265128834,0.00041931314755367684,0.017164133928569532,0.0010455806454772616,0.0006152725413746766,0.04122790051558789,0.04681196878347435,0.01184230513043015,0.008162771236834855,0.004921136907558883,0.024808121566926154,0.017898685783377253,0.0,0.0029041336908562153,0.015016866188576623,0.0035916188720428867,0.02898098358330032,0.022905114111230675,0.001924985341630333,0.003996827988281364,0.027243950468555565,0.009682478091303742,0.017854112564204005,0.04896026049825296,0.009053378179352454,0.005311759640057445,0.07595966569065503,0.06800863335361591,0.03824969998518589,0.012807756504969257,0.0,0.026882687215262775,0.010105378338818095,0.0029306184532167344,0.04888207189988269,0.04546457715331673,0.058644153278631074,0.05360537211025067,0.045009813553624704,0.016659603943256673,0.02182814894457795,0.023688035942799023,0.0015900874568265534,0.05425751495873334,0.032823663210516954,0.0013854955675668185,0.021151559132571714,0.0,0.030387790507630404,0.005695006817710537,0.0,0.007647221190919254,0.036892187053007085,0.05461874532455866,0.003611861504124203,0.008296526284408825,0.011081473907020271,0.0,0.04121077804366808,0.014943110841147796,0.03210290345458758,0.009062831103959241,0.01687019167040814,0.021476764593064444,0.032021033216604246,0.015239323748198844,0.004460291641193772,0.021810541181317672,0.0007921282127421268,0.0059205484481571116,0.0019099564963460608,0.01592357492609077,0.0009049634542117362,0.015756189035331523,0.005464017800438188,0.00670205496964774,0.019241821210092127,0.012846678410574306,0.026779162051349847,0.0,0.0,0.0030399241805723716,0.028780572103452556,0.013287262973046606,0.029142024934074518,0.025499687142205622,0.0,0.010470377045575224,0.02025694298229271,0.06876996314272804,0.019767428196713274,0.009501471268435365,0.0,0.013502079727644544,0.0035838054022155137,0.04833905981533495,0.01215258254586276,0.04013269021055986
58,0.00980277692059187,0.004441273400552457,0.034556064119842286,0.020278527779768785,0.06922279474568832,0.0,0.07365049988957902,0.02616628497695652,0.0645572926432985,0.02917584364946566,0.09157302175112286,0.0041689259254552215,0.0160405098839514,0.033607940523116143,0.004222432743701708,0.004959334810565478,0.010935489682318743,0.006974441632990628,0.025407288919623162,0.0021551659059958973,0.061244938896489805,0.0026138885737617594,0.03025966545320713,0.016915994763258096,0.021792108009155375,0.03218017786726973,0.046400759822623636,0.0043690412990812656,0.007017372336241532,0.004342374076425543,0.05822322756482877,0.025360678975335685,0.05228270776829961,0.03288218041801341,0.005902473251644799,0.032872452002430386,0.039336349474233846,0.07092470734764404,0.09436353553121007,0.0,0.029076794638073892,0.039316444267291785,0.013058563306683755,0.023606046378361906,0.009038509839356834,0.04163901764189103,0.005923285021137544,0.12094371025749363,0.09215974008214183,0.0565004161088532,0.02731459180997191,0.07150719026949673,0.05082811296351321,0.010398142664342755,0.027640034845565792,0.008863105843932777,0.017893297902765448,0.026882687215262775,0.0,0.1681531625138541,0.39909737327544964,0.1493527639628966,0.03846987878317404,0.10568025983202911,0.04885458509197566,0.03132131980052773,0.0669968458271083,0.023477537827063206,0.01890035836556824,0.12693604393565164,0.0046051086297555855,0.014402470589607615,0.003008325050586947,0.04834380706184402,0.0,0.1482331606639774,0.003866928249965928,0.0,0.052440793274184674,0.11030513381148552,0.03931499479336832,0.16068617369185306,0.24428789564103665,0.2187244953191502,0.0,0.10022198293535174,0.12135784275435829,0.03606070228563927,0.028438722127097697,0.05260571381553979,0.01047586035727987,0.31888694338021134,0.868927651771239,0.028336075465745476,0.139533873967309,0.041545898449659155,0.012760862793963507,0.042325934168237364,0.0,0.002386013363496938,0.11128749411843762,0.14618731578902874,0.025522501431549785,0.008198772726694253,0.003347180700240126,0.05488101209598176,0.0,0.025670034802934522,0.03237000337442071,0.0,0.034376512571565494,0.06182952869357572,0.005598713360720575,0.0,0.04425260930766408,0.020366488606775878,0.01858449511022671,0.06620720048482341,0.37893544570588433,0.0,0.049099770199459505,0.20141849289195402,0.09644187498399401,0.004654811989914308,0.03969107641182667
59,0.0120821893251666,0.05347014321584827,0.035677221626252184,0.03584614503253164,0.06622927778509062,0.0,0.028464635334681614,0.08167787857979271,0.004189387921949976,0.04318484705437284,0.009363001336666232,0.01615025593192417,0.03342258940550753,0.06165624128769044,0.002727181012641052,0.011202903250446754,0.016530939973246343,0.014392705142901788,0.03472244284643641,0.04630171669139601,0.021098491447107605,0.03735980252731946,0.0009722600266703422,0.006773472671010467,0.014451272454700676,0.022453626561613073,0.04067915459729862,0.024721118335688987,0.00043414344995726747,0.011805530953166443,0.021380320975135664,0.007448756422023889,0.015199408019733608,0.07421388819462513,0.026887066893908237,0.05588803064316803,0.049641672161131155,0.026436564000593202,0.28848909627590497,0.0,0.008720970707855304,0.030170977467327824,0.0007354577871027376,0.002858189646714834,0.000261017168330141,0.018092526391153437,0.005178934570296894,0.09068674535885313,0.006748143729990396,0.0922792934461495,0.010768060447631027,0.032078242398632155,0.0021909555434410687,0.005754524002730097,0.028998632204831037,0.007008094242237838,0.027732188867282605,0.010105378338818095,0.1681531625138541,0.0,0.04574320220201503,0.03302025502114482,0.040995522281714034,0.06103993714606835,0.005397965219331997,0.0030388351702988884,0.006523961593330208,0.05620778249381229,0.005204153079493811,0.030801806112345224,0.0006952774958554168,0.009250083209903424,0.013301396949986881,0.010470919947556515,0.0,0.016942860496660633,0.001552064126753982,0.0,0.00524968429393299,0.02994025657063987,0.2202957101839445,0.30095139163328216,0.1778603466377112,0.18284882817868492,0.0,0.09934908444396423,0.09447602413087902,0.07701849671638701,0.03845172278164204,0.03822044060935385,0.06334657239686556,0.06900299995590434,0.19513710992304154,0.03070206878370172,0.2995406838922136,0.002651314940045496,0.0178476511202437,0.046933354278352435,0.0549563287462968,0.03439035459197216,0.1327751089109059,0.1164022638525728,0.012132660319790078,0.018841883001135862,0.010926066583702449,0.036514677763246815,0.0,0.0011064582690872794,0.061821280036690796,0.0,0.16693316809704192,0.128200660004188,0.03573144413576433,0.0,0.06484718534423126,0.0158059228967357,0.017763420282259513,0.21094084661776952,0.06120475891289928,0.0,0.06502412695415301,0.03469356150591571,0.06153070880457026,0.012193761693298543,0.2704831908213618
60,0.0007949171910238925,0.003595657952474552,0.00039551703502470396,0.014969581355936604,0.01866055056043051,0.008811053002280033,0.014510907382022474,0.009464900643351044,0.01473050318196365,0.039625292277995446,0.012267012304373728,0.02050200493141034,0.018292112210455944,0.039366946923174995,0.017619416041874687,0.015657880262565094,0.03105132846852162,0.03992252184415208,0.006058929593628614,0.0018147340699992943,0.0012750201782112962,0.004090278559210119,0.0033392147711957384,0.03555074773779276,0.020727491370113534,0.002573458936894001,0.06725090094146682,0.00804168600650487,0.002127545113190812,0.05444134305079855,0.04719097610142605,0.0063073039963425165,0.03633114615292724,0.022830219887980754,0.041226855694697875,0.04549276170144232,0.017673110211944128,0.03770692839637247,0.030706567011522856,0.0,0.0028951274092517036,0.011771224378635337,0.008883421205808529,0.06101369333054882,0.015340798552064902,0.03806432486004683,0.0037643964501125247,0.03817689233769539,0.006375773415622306,0.05902763659612427,0.011292757176452532,0.012587069669167953,0.027504271112912912,0.01813169494576381,0.005560067632949605,0.001724154510520697,0.0013508666902287835,0.0029306184532167344,0.39909737327544964,0.04574320220201503,0.0,0.036915586861340055,0.012785871588630596,0.05156943022034655,0.0016536968647212094,0.000858209469857619,0.027447641266383015,0.017465342535344482,0.03780627537451508,0.0013054458499833185,0.00465994532856156,0.0007148128648000374,0.0011366891140498247,0.01758668130094759,0.0,0.016613397704201942,0.001538360988649265,0.0,0.003805382095088076,0.007823290954708274,0.09277418314919286,0.05538467217687087,0.0023151934947317552,0.028504224764516552,0.0,0.01583440661860392,0.014476321928361397,0.017554322886329903,0.0036985323877009304,0.0015809113301581512,0.027913442891177993,0.08041220390120052,0.15812861091282387,0.0017130716103447134,0.01947126565609101,0.001966709807689807,0.00922367138337697,0.03013130601291179,0.0,0.0034046384187146794,0.009603818607363142,0.016267796896761017,0.0013356039989833846,0.014554599672778975,0.0028623925499352476,0.008177164338553493,0.0,0.0,0.0057799131804606415,0.0,0.009532261090204133,0.05879955158584483,0.00900512924514755,0.0,0.02872494510934076,0.027301882522043307,0.0005398953084525258,0.0571722439048352,0.03844933542604555,0.0,0.0038050894596679723,0.026358912267768278,0.04408045503223006,0.024763539940807537,0.008149566696475168
61,0.03820072805883512,0.008824375259725788,0.03804942480543638,0.0330612814119264,0.039143829160706384,0.0,0.08600063294733058,0.05402612526258297,0.01586637748155379,0.04103280689962893,0.028612196883072108,0.006924012662245201,0.03278223101366191,0.012570655561453025,0.018767872073671456,0.032192087231155894,0.012814535965347448,0.0006386874571442879,0.013762668380573698,0.04317302558612841,0.03568579636828776,0.0072576691318189624,0.0005651915441386552,0.005464456384683478,0.0048456038520974815,0.01327801445965049,0.011560511536522006,0.00041029209942180703,0.0028431635295662803,0.001967050545576283,0.0008488985346361918,0.008882017996790966,0.011822495102926303,0.0011974773352831937,0.10402137256253988,0.04477609858191998,0.051513537894554325,0.023603954902681412,0.06799794103725894,0.0,0.0012815046581207384,0.012741578444390014,0.029634444935235132,0.04240349949152376,0.0015547888986088972,0.028497144190368275,0.0014546587402051697,0.030458988744642576,0.04334224747679626,0.0020373126162155325,0.005817191774672723,0.01887912581977746,0.001591604795379824,0.011738210287632429,0.003482961423877482,0.0044661605085052234,0.042030713984529136,0.04888207189988269,0.1493527639628966,0.03302025502114482,0.036915586861340055,0.0,0.07218780712540027,0.060991317264100946,0.012423267701377935,0.05492359682797291,0.03316079728492356,0.008710703979504368,0.002490962644884224,0.023102935002185163,0.006036569232710283,0.006531701923442525,0.031238814370458837,0.04501544181169542,0.0,0.008133033094065278,0.023878038304712624,0.0,0.09054977539478641,0.034515886055324074,0.017716010251843328,0.05314935764989771,0.08679100439353908,0.0292952844466536,0.0,0.0066001354469727705,0.031516359239396156,0.046331810741714864,0.03685459489625741,0.009581931028649496,0.017131867993834614,0.009809996265259403,0.12247020566812465,0.003095427700665796,0.04212607306363808,0.002906919315359673,0.019664633619477012,0.0007309593218337589,0.019238855576841695,0.02624493982667851,0.05308740492010904,0.037938465204190135,0.0382097253157758,0.016195552592809505,0.002218735163375712,0.057120839984046816,0.0,0.07187886625184896,0.010877603580383548,0.0,0.03878135889269756,0.07207416389242721,0.0,0.0,0.0033191312407473104,0.019490325777893613,0.025815733585179704,0.006162888715540913,0.0068025778845738705,0.0,0.021115968891905267,0.014025359223707925,0.03415823546168313,0.03572843653564864,0.0060460399256017615
62,0.007734336244229985,0.0023353184590082206,0.009207384293890408,0.02171260884149261,0.06006251750991573,0.0,0.028788752008397506,0.03407832756538839,0.016500504144897503,0.01265052618485838,0.005399111568630503,0.004198053267548361,0.006004238089443558,0.0038312998850912505,0.005580775755813665,0.0006182642850444606,0.026714467989252026,0.01177474346282162,0.0044195824911955365,0.00245000202277848,0.06937755325465506,0.00197703756185354,0.017436543025909315,0.006610356654650381,0.0065963469767199795,0.0010222691819858879,0.0029963041070996646,0.0008514285844031974,0.028254804030173872,0.01653628489400497,0.019653381083200104,0.002286131676434113,0.005500312073448898,0.003711294754339589,0.02982210804858067,0.02481963866586716,0.014788048565819698,0.007533855733471792,0.01218801842042462,0.0,0.0019446606902140183,0.002561103195418006,0.0018988069108576905,0.06517295655109921,0.008851198169364465,0.05643409306985918,0.031893560626846944,0.0020159216932318686,0.06615738525761682,0.022063769579091418,0.0033546092733331176,0.020407861419613264,0.0562239792092052,0.07618154377734249,0.02010526753311044,0.015852893846772707,0.002117705706584824,0.04546457715331673,0.03846987878317404,0.040995522281714034,0.012785871588630596,0.07218780712540027,0.0,0.20237860657524967,0.07972994105089062,0.05253169683834404,0.027668745145685878,0.0044291441827727695,0.018423003363158563,0.0018479014816184523,0.009289574941798363,0.008348070781003063,0.03179163590613954,0.04158518756754598,0.0,0.007745132570994718,0.03418940969332954,0.0,0.02273500330864245,0.014971778556616059,0.019929755606575564,0.036420331442481337,0.08076013048168462,0.0394663299894976,0.0,0.05897739770419475,0.07481988229363909,0.025185500451458225,0.04415651822805001,0.06796612399385896,0.09111616557159231,0.03244876338147587,0.0418682589064087,0.029311705569901664,0.11682838675818663,0.03587305045296921,0.014789475679002396,0.003333656395345648,0.02074698083833376,0.006217273930724586,0.009230541512595374,0.018573164766345053,0.025726230851934394,0.04264706791065055,0.04255637504534899,0.003982780345123091,0.0,0.04600569463796744,0.004983933021405561,0.003278311508167809,0.019444194939853124,0.02446248101934616,0.0,0.0,0.006686693848452934,0.0336282844816265,0.033301259543709126,0.014508703963988515,0.0036648833041802572,0.0,0.013640394799845088,0.01994504794891004,0.0035802768579282535,0.03391832367161379,0.06978035133966146
63,0.009202339054241683,0.0036872575502123963,0.020457467495642666,0.03510427854269634,0.00798328083873118,0.005249963783637965,0.010307980830141375,0.012467331253277831,0.0023334042272559865,0.012924305264159481,0.018682543091773925,0.02274180057765662,0.026949600654938576,0.00615377033815513,0.0034815485218541212,0.022815845927982113,0.008121228539151629,0.06521700818071062,0.06397753211401187,0.019227009939611427,0.0046021500741217,0.010510950264606552,0.01080327891870199,0.030376699163582658,0.008268703146154759,0.007509944153552759,0.018080550441811633,0.002073807527280975,0.029055785770344462,0.023610834980604095,0.001333836511283069,0.030841627698198815,0.015967349976030554,0.034310346045795845,0.048398345437672484,0.04288328553680521,0.021413397027494938,0.054453428902215315,0.07833563113526533,0.0,0.0013382457854582515,0.0021646575708839234,0.006206575844053149,0.005722815274538712,0.0013276319198668764,0.008696409454803542,0.039196074028729516,0.05119999755402695,0.041865386033348315,0.07329876348938004,0.0014733867265926933,0.04178770985236973,0.022633578439834153,0.0667424840330389,0.06509148150110253,0.03257457436410683,0.032795655926349795,0.058644153278631074,0.10568025983202911,0.06103993714606835,0.05156943022034655,0.060991317264100946,0.20237860657524967,0.0,0.07860191561308291,0.020315196021876473,0.04987344573780566,0.05362761105689146,0.007323706094548245,0.05081997792619709,0.001960679786123779,0.006657724862932824,0.016050837024383535,0.014214233004489403,0.0,0.02453728222558054,0.006882971041133859,0.0,0.0733789144238039,0.016938468312883443,0.22807327620327464,0.0912441491188299,0.10100578160579377,0.023778715649902943,0.0,0.05592461067169807,0.043144488546625795,0.05889028125512092,0.025034125979580903,0.0668433049812133,0.031005661176768746,0.07928791912520988,0.08923175452371712,0.008146017179927582,0.10425711849310507,0.0019431483392947197,0.01962029986674212,0.008905702604688018,0.02400652374677271,0.009044062554671491,0.006338315417316343,0.015834162812546022,0.005010460838538843,0.01248592257915323,0.006694931532940359,0.019798854168065174,0.0,0.029370386987216324,0.0005036551217151839,0.0,0.2860146129741663,0.0997016994347755,0.028832366122124052,0.0,0.12936575660629854,0.04108812189179738,0.0077755041682995565,0.10757360842820878,0.08581511184838449,0.0,0.035280728017890374,0.01767746739051595,0.003188622919877239,0.029249048931038718,0.13948016866793062
64,0.052127171182372894,0.010037810708844854,0.0019238826481466646,0.01484287608191258,0.06353133129423576,0.0,0.002074331430207858,0.002379018949992508,0.03348582077235636,0.02098057349895575,0.010260515024406485,0.06568600981438023,0.003946765462733514,0.014931359190543957,0.018123440941152435,0.005717290182896193,0.05339970886737904,0.042609253057726,0.013965493191768546,0.0052572732791298675,0.051018216940278575,0.0059440393047167205,0.007223246541185867,0.008324148649136049,0.010639292769362771,0.006674772750937414,0.003079531718103867,0.0025442278122725123,0.011361003011299418,0.05037465109200594,0.005533093910304007,0.03424435287674451,0.004982758020855693,0.01287538941161431,0.0031655196418544284,0.06552739428257288,0.013143698197515036,0.027525947553333378,0.00586422202484148,0.0,0.0032367324624514005,0.00493798099965673,0.0073158937181986615,0.022350678391929307,0.03172273311172044,0.006784160067529544,0.006263691685901711,0.00035810718410108624,0.017825430953775333,0.023524166471744185,0.008365230584787083,0.0006371885261097944,0.0034088463166207913,0.003041602343981568,0.004120500793812717,0.0013446952632113292,0.003782048301799,0.05360537211025067,0.04885458509197566,0.005397965219331997,0.0016536968647212094,0.012423267701377935,0.07972994105089062,0.07860191561308291,0.0,0.026542097190534453,0.043895571675374306,0.0159134366516613,0.014251334219686254,0.008463831724698726,0.005579210852234593,0.0016074061770826261,0.015490586115981721,0.004077251202920846,0.0,0.027799134670380508,0.023644102273465785,0.0,0.0077032759807618475,0.007273144550174529,0.031446702169176964,0.02254869980944429,0.0034720758490370527,0.0016241464164577647,0.0,0.018064016268793996,0.012354577430854713,0.03882129970910794,0.028666977175107095,0.005792995278755863,0.012255064692146794,0.010116499167465506,0.0018082240545740488,0.003687995141278448,0.020941363487704936,0.014085166172245776,0.007795111995273313,0.0008150151175119665,0.013401862299235946,0.013772168498976074,0.014511116584480632,0.05078362980819256,0.02974247808218341,0.0030013781936107558,0.0006925643380824303,0.017166271153335036,0.0,0.0,0.016296885484332054,0.0,0.01198753878792507,0.00971478290410644,0.009281821840278886,0.0,0.012184873186069818,0.04251214197620845,0.004797631183549549,0.011229378368304501,0.027679221687032282,0.0,0.006418618479707471,0.0554717089283374,0.00767702079257296,0.010166835571826929,0.004879454406872949
65,0.0018363167466556784,0.011496936463217564,0.030156658282167303,0.003350521546992589,0.025775845916473115,0.025815157729378688,0.025689036519617937,0.002686361553845081,0.007079034726653004,0.006084858519332196,0.0047779301089826785,0.0009675187914734512,0.0268701665824373,0.03812037586476422,0.02587336052732271,0.0024026546669721743,0.006238199418745691,0.031477843775832175,0.02100914869134317,0.011645130471730115,0.04191332897220278,0.00163102752349653,0.032843582279867334,0.00194364505511067,0.0020104265243251684,0.009877139798815443,0.03338064301898793,0.00020075709422315614,0.027401044521538142,0.0011343766795838606,0.0006126759431853953,0.04661816765549649,0.013516137889669079,0.02544425058855229,0.0010101711016851326,0.0008552148834946306,0.0021011910301154324,0.0003532866212993049,0.0025621675949250608,0.0,0.014391304580644826,0.016159175185394684,0.037431226881279554,0.0030993847748373294,0.03082076436898199,0.01766301871764057,0.0023110044234929384,0.02160764911996048,0.02408123695102379,0.02052196472373886,0.038135424599826294,0.039231271259605,0.0066479801762053745,0.0014483047940118344,0.016054816807040857,0.002256391498479686,0.017083298962989997,0.045009813553624704,0.03132131980052773,0.0030388351702988884,0.000858209469857619,0.05492359682797291,0.05253169683834404,0.020315196021876473,0.026542097190534453,0.0,0.044283776904295,0.03870132727595199,0.008112895443887044,0.0046493449422194705,0.0028502325447271313,0.02773378450580401,0.017184937594632257,0.045875276622253075,0.0,0.020604134855649124,0.004599020463095742,0.0,0.029011995166604024,0.0028038368874739204,0.033013124623944415,0.0027848622331721725,0.011968632136062281,0.011954497427019428,0.0,0.022889502640822477,0.016951022728365593,0.01611637304563375,0.025372687659787,0.02371141729976199,0.025374593494121078,0.009512429019112475,0.025359664336507083,0.0010290104668240138,0.001475140496735044,0.03451966938072722,0.003381819047874936,0.0019265427526422134,0.02260792802915626,0.0020141866114937487,0.019131049264866275,0.04490509858356257,0.014991711197320148,0.015580187198294704,7.268474077899794e-05,0.033703763881654275,0.0,0.0,0.014907709448125188,0.0,0.006094466742486786,0.0038546346975584203,0.0,0.0,0.0021168248514782926,0.006971697057568021,0.014306716054375009,0.004893692767719358,0.012570409973717452,0.0,0.03813051949721365,0.017196772218497254,0.03318713432851773,0.046910649403152836,0.060927222811156985
66,0.01372680848276561,9.779588230265773e-05,0.0017894355741356009,0.00484021514931153,0.02522118521364854,0.0,0.005133681884486208,0.0009131340089768309,0.0015757030250663263,0.0009582215804847685,0.020274246226484237,0.032024000521514655,0.0003607451220765247,0.010042363241784105,0.0008388045498040278,0.010216402328716085,0.014103775835914732,0.07163591800062964,0.012986587757316738,0.0006125982743622557,0.02564662929122336,0.018648038220711784,0.004115653863721795,0.03077592062805769,0.027735063817556298,0.00546499607496822,0.001533187056231104,0.004375150622365969,0.017445551160765488,0.00167110066757582,0.01586060948814182,0.003271180505996955,0.013206210143341569,0.004886160199806447,0.01754259916347776,0.006914465480761258,0.0049960085110789245,0.02348166237183218,0.04806331862075633,0.0,0.007507196952228713,0.002578685869357723,0.013099431020105103,0.01573323547230407,0.022432434391830076,0.023486463925871892,0.017139109481583835,0.0053899214276649735,0.014961752702243055,0.009999045721393077,0.009804172735534354,0.0008542006472311197,0.01079562907966745,0.004153990886484053,0.0012966581812057082,0.0037767942188512626,0.013585219984889534,0.016659603943256673,0.0669968458271083,0.006523961593330208,0.027447641266383015,0.03316079728492356,0.027668745145685878,0.04987344573780566,0.043895571675374306,0.044283776904295,0.0,0.02164349579570779,0.00811506088577256,0.010987618461663427,0.010186890740559819,0.011504178774975124,0.0359107229962524,0.007859388043666322,0.0,0.020390511992995682,0.0011386426636994464,0.0,0.016990298510242894,0.0011148235908569693,0.04614444919675013,0.0036004240002488657,0.03664270666549761,0.015213114371315261,0.0,0.011097216499554865,0.014423455950203666,0.022431994868734543,0.0026064740867794553,0.012878746173118957,0.011679396122794753,0.015986546637728666,0.03934576727741611,0.0025997946915009874,0.005639243282283871,0.011863946951778321,0.005599179993702909,0.0011854853786182366,0.002660551248427229,0.0035127687406785253,0.002513275115843724,0.03852219767768666,0.026588878606760347,0.022167616952682496,0.0007018388315500683,0.0054347274845223505,0.0,0.007560463105325427,0.007630992200529482,0.0,0.009343709202141753,0.052304637734174084,0.014489198844045915,0.0,0.0057551305531075665,0.02912062066180727,0.005781340724419337,0.03361604025531018,0.0834851811204133,0.0,0.04211705348795109,0.02218393389347775,0.019125529196491613,0.030162327472401995,0.007850646504682098
67,0.0163077887907828,0.04254723356002129,0.015771230343947864,0.0016741827547151714,0.017525880458959333,0.0,0.11580390420431577,0.08290053759510814,0.03928042255794625,0.06421492794168888,0.04911748062207993,0.003505464530892911,0.0006909859178155346,0.02472006983970643,0.014477671594204135,0.006332835766645614,0.002417187681338192,0.000557455161919568,0.03230152807999077,0.027469112252112984,0.02292088808879796,0.003878921572078305,0.02090285546690359,0.011866444993615137,0.009687259333347346,0.018917826126071815,0.058320798491730136,0.0022679168849869267,0.020895185975660195,0.030569925492851403,0.012392607508813595,0.0015313125733612519,0.0022998114078723853,0.02583723983019111,0.009653584341653757,0.04594760511300782,0.01480833069394964,0.026711650825090225,0.058135960169112384,0.0,0.01646928284949961,0.026285562782502794,0.017661789542004373,0.05287189938584371,0.00037572803945057543,0.04230534246686894,0.05880849726512383,0.13500073770056595,0.049150008869588147,0.045012338718920644,0.0037302411556855673,0.028863580623933335,0.009667363579131002,0.012464049673690166,0.002714017447837808,0.001840901908770287,0.045009403910923874,0.02182814894457795,0.023477537827063206,0.05620778249381229,0.017465342535344482,0.008710703979504368,0.0044291441827727695,0.05362761105689146,0.0159134366516613,0.03870132727595199,0.02164349579570779,0.0,0.011288918730855909,0.11084629307057477,0.0015859681598545225,0.0005076535566489467,0.01394009770618269,0.05132159811576797,0.0,0.026995063886087182,0.10342297187958475,0.0,0.6852298218383248,0.0019663298450857225,0.06308451703534074,0.04602799246330855,0.07778166904951475,0.03017768893391056,0.0,0.039589971106369234,0.06820828762990458,0.044940573797608206,0.07172102106679204,0.014784428778290537,0.0045181302532207685,0.001294953098817163,0.011510750677177398,0.04224294087041536,0.023742191376090054,0.0008360443932048259,0.005712622055152279,0.026055004162084568,0.0,0.03556021114869157,0.006668133032794359,0.007367908945669927,0.01109856578379575,0.024941405164605253,0.0005487325097547936,0.008368379149228092,0.0,0.0,0.0006826213031605204,0.0,0.03762638654999684,0.04484221675493611,0.03108538668935051,0.0,0.05896051089506536,0.003327900731356943,0.019238672870873084,0.02037292892310454,0.04093180879595651,0.0,0.02657751015705636,0.04984954672799377,0.07303684435625947,0.09272238975014688,0.049561225132342096
68,0.01354019526685368,0.028632145606370025,0.003368258891121883,0.018799754697027233,0.03213011552892931,0.0,0.001190455119874561,0.04592587098152994,0.04936925794265562,0.011707110097838378,0.007569695670436313,0.050192205538230235,0.0032222286832327258,0.016525629210186483,0.01001823354060618,0.001975868079817037,0.026949878512513438,0.018538765405450408,0.001810026974255501,0.013358326559964403,0.015738408003652313,0.005922734894106971,0.006686828454374388,0.006791641864410724,0.03165719341613072,0.002842274919016771,0.015266483567368195,0.0006750374309080985,0.013868852675341894,0.004866509582876381,0.019047135294696517,0.0012676075887669061,0.002599101487708538,0.019008164228529776,0.043878185489505415,0.016072160368088555,0.032351250809385175,0.001734914255322302,0.012114794354396427,0.0,0.05651627273005282,0.007932007099887343,0.0008190986271561288,0.049503866686988786,0.003112107211195527,0.008973224041526857,0.03243107896574411,0.029027261017990486,0.004683708721343167,0.0034013572415501014,0.03039075248282012,0.027241413460067927,0.017258738593944153,0.019434214445230084,0.0016417357109434142,0.026918343738602492,0.00069126497362384,0.023688035942799023,0.01890035836556824,0.005204153079493811,0.03780627537451508,0.002490962644884224,0.018423003363158563,0.007323706094548245,0.014251334219686254,0.008112895443887044,0.00811506088577256,0.011288918730855909,0.0,0.03261963067862331,0.029640672424713056,0.007849886880291888,0.005663997493138287,0.017053880939625676,0.0,0.014065814799825735,0.02846519042119552,0.0,0.062109131466302245,0.006807067339025148,0.024984646785015552,0.035598439954654976,0.0027441920071612945,0.0010373319896316534,0.0,0.002227268532229874,0.010552595371593759,0.005911969513719328,0.029004285522825985,0.0043305260813444185,0.022992776851806205,0.010425140289431277,0.04752551063510611,0.0042902302512557835,0.06356969838341661,0.004745056707690905,0.012877482764089773,0.008217200690060041,0.01295331025018792,0.019104984297948893,0.013104158349656824,0.03202477493087065,0.012565225941478318,0.00468743024347834,0.00252352339232548,0.013602875089197936,0.0,0.03238117753076389,0.022331681330676548,0.017600995976115995,0.04690236493735464,0.025297009101441306,0.043998798083196684,0.0,0.050422778713356105,0.008022354290499085,0.01764852599232845,0.002755496825134082,0.034542601094731055,0.0,0.03336784716198175,0.009985667557874741,0.0043880781507869395,0.0016034690133696773,0.0026879973775873678
69,0.0004898296187343012,0.02228066048757541,0.002381057256932344,0.03907540281656651,0.007505271317914988,0.022179891707107918,0.012078211203698876,0.018150736541386072,0.01599281147616455,0.014947584757555192,0.01928814358741328,0.0033092465701632934,0.007089877592113873,0.11851948311271424,0.006030436234217257,0.0036399376398817997,0.009464476373536162,0.005273588873645357,0.041451893759132934,0.05370950979173643,0.02426544484586176,0.014435241781936585,0.06621035565716338,0.035463294702038545,0.025779391806732516,0.008823370611799565,0.035856251480009295,0.021739302970696407,0.001447090712052981,0.005348848065124842,0.027885981390745343,0.000349094374139122,0.0024937005760778887,0.08071492489775452,0.007828256744390624,0.025644939141041975,0.034043799405953264,0.03515813397723905,0.0772597000640053,0.0,0.03484202741702622,0.03556270699012611,0.013315672146396415,0.009273523475996753,0.0010256180131223383,0.07335914851110993,0.0756298345275103,0.8740871227021085,0.46595247042561605,0.10224624282053346,0.02399762689901914,0.10925679852316877,0.02417278620140413,0.0288236093033094,0.00490182480685705,0.0013884666503159245,0.0026038378225882656,0.0015900874568265534,0.12693604393565164,0.030801806112345224,0.0013054458499833185,0.023102935002185163,0.0018479014816184523,0.05081997792619709,0.008463831724698726,0.0046493449422194705,0.010987618461663427,0.11084629307057477,0.03261963067862331,0.0,0.00976961084127912,0.0024049040326987172,0.0371689824994019,0.0682877955664787,0.0,0.022303244765011176,0.03237531051592606,0.0,0.020331879296718626,0.022321699060612456,0.0147454794365707,0.05873608190864357,0.045043590433036886,0.016523893064135355,0.0,0.0027354124092375154,0.04485608251868163,0.01669576123660656,0.016609877769506044,0.02602804900500633,0.03320025333993109,0.058779551360696715,0.10002418749179126,0.0007798833111578491,0.02502030385389,0.029480388621657007,0.0006307233011176824,0.012846338505591116,0.0034135495619407965,0.04868636630832214,0.06408608044440581,0.059085101661021884,0.04215779725997783,0.0555515335830964,0.003573146095930692,0.0073571047219486594,0.0,0.0,0.002686730705611264,0.0,0.0632518653378289,0.06319498570413955,0.0,0.0,0.0640027149160602,0.01751386717392021,0.036481671973005544,0.1668356245544224,0.0020908808109221695,0.0,0.07224136594922292,0.01467616272560576,0.02176881743231201,0.008251461375257915,0.05366476850596321
70,0.0034145207039123437,0.020745886787265393,0.000435068124338843,0.0048616057760861526,0.0007041608189534754,0.004969794013962079,0.02247430783481975,0.00019079025581680376,0.04248411586735604,0.0076298169030670744,0.036050843701783006,0.0006376492905878186,0.00047033820709124313,0.012270876249792576,0.00290873813076797,0.000706453139412002,0.0018042626695812755,0.06241358296916727,0.020480867596714483,0.004639152786734516,0.024682593833655644,2.7610549343541676e-05,0.000301585014744598,0.005912179503825441,0.016545893338704005,0.004380723117238007,0.03607365362520806,0.017017373176296754,0.014425374513931763,0.03207081690545815,0.0008437250318651666,0.00010803192257696153,0.006670658201153679,0.008111797163985001,0.0018260359019549434,0.019271981734068987,0.007696231954653101,0.00023485496781061423,0.03244945544497339,0.0,0.017989295069728205,0.007985295118467494,0.001274034666920098,0.002057308724804342,0.0012827366984174624,0.04071181175468871,0.0237416581392335,0.007664521494698144,0.01079573588951719,0.05490465440875648,0.005211677649435159,0.017643893406352838,0.00023960827966698107,0.042532934245618874,0.028498021584204187,0.0002566801967129757,0.05804501631401073,0.05425751495873334,0.0046051086297555855,0.0006952774958554168,0.00465994532856156,0.006036569232710283,0.009289574941798363,0.001960679786123779,0.005579210852234593,0.0028502325447271313,0.010186890740559819,0.0015859681598545225,0.029640672424713056,0.00976961084127912,0.0,0.0009602967156335717,0.008685376300946518,0.0043802036475429455,0.0,0.0008971352217572697,0.02473535805188583,0.0,0.013048782227222541,0.0037513446475848254,0.0030337597537962923,0.012020410375095974,0.01386283212623876,0.00063345034713477,0.0,0.011985217138480653,0.0009217111155846795,0.006482957801073216,0.015954810112392366,0.03301825061905478,0.00030993801563157573,8.864838104412528e-05,0.010422923092094983,0.028714531463828956,0.004573986984011732,0.002119000957837008,0.03382026664826595,0.0025899422344484824,0.031866852668171,0.0062173754817590075,0.06818103377199207,0.0006773990410578124,0.0012779187961976354,0.02363001439482732,0.03432804287806127,1.0690712884720632e-05,0.0,0.009394856840995369,0.001270563955526322,0.019192504958178234,0.013081621003003262,0.008738593793663178,0.01842997517130383,0.0,0.04563091907526628,0.0011283459886011686,0.0018665330220080918,0.008474189853533105,0.0004607950327834058,0.0,0.0012706047873167897,0.039682752760967416,0.0362001319712366,0.024710872716885036,0.03727895858977888
71,0.05873975419507824,0.020973073248617705,0.0035543110669834857,0.0035009591809012173,0.007889593436955401,0.0006047464422871232,0.00014235108152807504,0.0011269690136409506,0.01315591812410402,0.0016866057059438755,0.001406083912091193,0.008454574683430482,0.006615173675208173,0.0027981829271955276,0.0031666161013624763,0.016123345146687913,0.01296991569109772,0.0016209746371414406,0.0014336219353232392,0.00671487854497058,0.015564715140513106,0.004420263414135435,0.0001585745837955164,0.006344749321521412,0.02401345697267741,0.0048996625351186915,0.008398917208517383,0.025585293994542728,0.0044386484233653305,0.005214122260666337,0.007398346606361397,0.0009158504494767696,0.021858445855438367,0.0027212841286532075,0.020997844004321666,0.025129143457039524,0.013315629115948354,0.0023940630305459534,0.006997915386276097,0.0,0.004583797011137725,0.03912382738031579,0.022611289040699388,0.007414197261812945,0.0001561304839862921,0.019810065478273436,0.006856100929493884,0.005297984712245963,0.014259036995791655,0.009257273052218924,0.01812978227756445,0.006201771445501584,0.01846646534374147,0.033813405170338526,0.013515284821567337,0.02820049242842779,0.005187473393936652,0.032823663210516954,0.014402470589607615,0.009250083209903424,0.0007148128648000374,0.006531701923442525,0.008348070781003063,0.006657724862932824,0.0016074061770826261,0.02773378450580401,0.011504178774975124,0.0005076535566489467,0.007849886880291888,0.0024049040326987172,0.0009602967156335717,0.0,0.008110983402840062,0.0063465758596846665,0.0,0.023740957657160333,0.028883209660102476,0.0,0.017279806070151546,0.004832690930337726,0.0176062433956126,0.0027255506910907564,0.0054513567688344805,0.0011252215984718507,0.0,0.0067556690669006905,0.031235611258954035,0.025886683717963335,0.055878874599197055,0.02262636865085061,0.005149264596308578,0.030182090473917695,0.0029814557333053887,0.003795728364520382,0.03723867854794677,0.00206241812400161,0.015950426263740825,0.003113262846423971,0.00579474223577047,0.0008605817430544722,0.004072359547413899,0.05242059877748485,0.00821548745245817,0.002928167001661142,0.01665289797227007,0.012237631972603198,0.0,0.0,1.8249631168951516e-05,0.012033917127056877,0.0029690647961004594,0.015188254347163184,0.013002838081982458,0.0,0.008171352242733855,0.05635818318484945,0.009186332218191205,0.0022811084065045995,0.0012970378396594965,0.0,0.0011085218008943716,0.003267227721608754,0.0031982079393785695,0.018529161192766083,0.028427426216429724
72,0.0041302119989654615,0.002647161966606392,0.001115480058918376,0.019769640926344485,0.023086331303335705,0.0,0.020790329229609193,0.02063692773670029,0.04921670924814909,0.00565072315238043,0.011351632725199996,0.03723076985236695,0.006391146145048119,0.001817070279231766,0.002978470801439137,0.0034974003107247696,0.03295948003180428,0.04504802234173888,0.028778886765501648,0.003390782854725134,0.049702741347181716,0.002179016615898333,0.001093056043874283,0.04250664168964906,0.0017868602421987588,0.023874944009455265,0.0031875710621982654,0.017401114790742786,0.002192216162475873,0.030282828618061332,0.01618164380664255,0.022996378335165657,0.00485739195830303,0.020894990899767058,0.003965500334458162,0.018999674836173163,0.022233502747764148,0.00802857997770224,0.03875619502523663,0.0,0.000321637656251402,0.001896609956088839,0.007237435061813298,0.006985582788847924,0.002699153277975206,0.006318543393382011,0.0008266312858913158,0.029634175775250314,0.027934438631971543,0.018390431182061514,0.013054454939486914,0.007906117051916909,0.002731371052742043,0.02983839042132531,0.008722463873887679,0.06903344892881494,0.005756860977006763,0.0013854955675668185,0.003008325050586947,0.013301396949986881,0.0011366891140498247,0.031238814370458837,0.03179163590613954,0.016050837024383535,0.015490586115981721,0.017184937594632257,0.0359107229962524,0.01394009770618269,0.005663997493138287,0.0371689824994019,0.008685376300946518,0.008110983402840062,0.0,0.03013998894864587,0.0,0.009780969556666533,0.04606558463525565,0.0,0.0658863169064506,0.0008107233591621438,0.03846563886514686,0.018999689823667867,0.0020897636730470596,0.0029041403205386108,0.0,0.0016093255574835324,0.025889086671555126,0.030953265195860686,0.02468419279162227,0.027571380837783006,0.002671478503747974,0.0021929510518832874,0.005121384295166485,0.004926804685782502,0.0016509292511923516,0.03716504782785525,0.0012574329346251047,0.004358764493095978,0.004007010701052662,0.016036402547229323,0.0027659564057981815,0.001366513006125953,0.01237027677777366,0.0009443044299025249,0.007340891154673016,0.004052634590776679,0.0,0.014534049399103799,0.00015518793786273565,0.0,0.0837710198576044,0.002282321088147075,0.013714792326328934,0.0,0.004942645721068314,0.03028650945355111,0.00796391278260782,0.019631803136511496,0.01051106542299989,0.0,0.007688056668653855,0.014813129226702342,0.0034340100192446635,0.0037182853135608453,0.02209777606877934
73,0.006267445546923215,0.010133920998123996,0.04691289258342931,0.0151522546798848,0.02533966183595065,0.026816682032027743,0.03289066560751182,0.04513925539086611,0.019041671638536296,0.09188460947024911,0.06827806710862125,0.005804301449347019,0.03029218844879048,0.029776529994262245,0.029281240422651702,0.0007650915821131156,0.02735736618142775,0.015114198527434513,0.01143388539402326,0.043216336435115056,0.04307998642867399,0.025493820469905865,0.03604563490519578,0.0323018873113445,0.009318866415570896,0.013656258404160551,0.014869656121332623,0.014784079977846448,0.005520186322384341,0.005143508323074644,0.02722045505109985,0.01109634100244925,0.014044813835464775,0.011818661392966525,0.01717814575370305,0.027851182400106523,0.1400028698394033,0.010344416914163029,0.09537761063279808,0.0,0.014731368563896657,0.005096662543947196,0.05717746390253592,0.004233780862364515,0.010157570547430042,0.04392958103137074,0.058695493762798395,0.11701002761650404,0.13225699840210262,0.3445604272278863,0.018016942834713393,0.029675222168293425,0.00899164866015976,0.031640359224668305,0.010734624542109815,0.0004932863830348369,0.011897348814269081,0.021151559132571714,0.04834380706184402,0.010470919947556515,0.01758668130094759,0.04501544181169542,0.04158518756754598,0.014214233004489403,0.004077251202920846,0.045875276622253075,0.007859388043666322,0.05132159811576797,0.017053880939625676,0.0682877955664787,0.0043802036475429455,0.0063465758596846665,0.03013998894864587,0.0,0.0,0.874146909101776,0.052279251267751126,0.0,0.04810482648370934,0.022067680405667853,0.0394716307535721,0.02699135436919188,0.08672732440212745,0.1465228390466395,0.0,0.08496884604143896,0.014150769550827568,0.048903375988410464,0.16147598309119432,0.03381667525394261,0.027040711355312802,0.08026002363198372,0.1299267041867365,0.00829750352881854,0.03096882821599259,0.011502712973984825,0.003494802487319356,0.028312258031398696,0.0002766713490930543,0.009386572622163698,0.034941801009518436,0.004150516470547846,0.02463696256625987,5.4251645370568475e-05,0.0007191850067974861,0.02050318434133519,0.0,0.0,0.05736093605212402,0.0,0.07377504091624201,0.03333095482091617,0.0,0.0,0.004594986494047033,0.043404553047744446,0.05512223210816103,0.07647115397788551,0.005646258710994606,0.0,0.05118380486458632,0.013224925193301807,0.01288056441156559,0.06001052928748129,0.011567130447744316
74,0.0,0.0,0.0,0.0,0.0,0.0,0.0,0.0,0.0,0.0,0.0,0.0,0.0,0.0,0.0,0.0,0.0,0.0,0.0,0.0,0.0,0.0,0.0,0.0,0.0,0.0,0.0,0.0,0.0,0.0,0.0,0.0,0.0,0.0,0.0,0.0,0.0,0.0,0.0,0.0,0.0,0.0,0.0,0.0,0.0,0.0,0.0,0.0,0.0,0.0,0.0,0.0,0.0,0.0,0.0,0.0,0.0,0.0,0.0,0.0,0.0,0.0,0.0,0.0,0.0,0.0,0.0,0.0,0.0,0.0,0.0,0.0,0.0,0.0,0.0,0.0,0.0,0.0,0.0,0.0,0.0,0.0,0.0,0.0,0.0,0.0,0.0,0.0,0.0,0.0,0.0,0.0,0.0,0.0,0.0,0.0,0.0,0.0,0.0,0.0,0.0,0.0,0.0,0.0,0.0,0.0,0.0,0.0,0.0,0.0,0.0,0.0,0.0,0.0,0.0,0.0,0.0,0.0,0.0,0.0,0.0,0.0,0.0,0.0,0.0
75,0.0066774224689014,0.057620206627357215,0.04111610456324878,0.0685099152727444,0.022278605051110744,0.0,0.04259769742138268,0.06016118049584092,0.009069376754911427,0.12182060085436053,0.06230778628248323,0.0030166426308725672,0.0025906965684904543,0.008654221126281704,0.0054842292634359555,0.00045442858803797497,0.01892512865103441,0.009958396395037615,0.02006943975445047,0.016737764250462545,0.005015326118252302,0.025860757075472054,0.021858309740224024,0.017957822216577424,0.02125254046226042,0.009843428534093946,0.028850271025636632,0.005315003172939765,0.050227997962134625,0.005896777512483164,0.034393054677329817,0.04778611724356716,0.00251593267886741,0.01418131046139426,0.022642661982718824,0.09494269604322163,0.05108805252931565,0.02425891046378427,0.004159535575249882,0.0,0.0004098751529218326,0.013744067353211152,0.002871324677793141,0.002483059392265958,0.011936698585203326,0.04915309898598194,0.017244930066804134,0.08500969192428279,0.0715270290984969,0.10427978593003331,0.0466532076010435,0.012512163805615616,0.00037247891316864355,0.013299856302941128,0.0013987801668656746,0.009220204312723954,0.020986136201035847,0.030387790507630404,0.1482331606639774,0.016942860496660633,0.016613397704201942,0.008133033094065278,0.007745132570994718,0.02453728222558054,0.027799134670380508,0.020604134855649124,0.020390511992995682,0.026995063886087182,0.014065814799825735,0.022303244765011176,0.0008971352217572697,0.023740957657160333,0.009780969556666533,0.874146909101776,0.0,0.0,0.05602208379376442,0.0,0.01810764015741259,0.01850414476560177,0.04174362061263528,0.00955878273151117,0.11381390574474559,0.04061650605362865,0.0,0.0819335713232718,0.010205688306185371,0.022019938443423835,0.09890561685747788,0.0756298132118288,0.03795883679573766,0.08333335137687702,0.07230469107040324,0.018671461958768867,0.060647108596005674,0.007259120350954003,0.04160919726956547,0.03561055454353026,0.005888198972286079,0.001146594226656719,0.012074080322316352,0.00778626503886495,0.005636432352725603,0.002576904592275201,0.013526925235342085,0.046400935961362945,0.0,0.0,0.00966520301792358,0.0,0.12907023170924095,0.052471576806939424,0.0027237266620228177,0.0,0.012388693066940043,0.07644118937634442,0.021458629881339935,0.01524441183136998,0.017225289617629584,0.0,0.001159257915687829,0.02537173003742306,0.02409040504686385,0.01618196759642883,0.05529725623894282
76,0.020824669645165144,0.0031953289038235966,0.022396107647293724,0.010196548290511687,0.022813423069860114,0.002248063057090073,0.004552968003614591,0.038164780752026034,0.03501305053199692,0.007192793633025815,0.00882914905029115,0.02027463982903982,0.00030076368870472216,0.024584484600082897,0.016619890185666297,0.04351295689007436,0.032196798065394105,0.01691041895952161,0.01788741595084399,0.004721328446822987,0.004818118582436259,0.0018964862320420726,0.04109605872271622,0.022817443168950815,0.00880518171242882,0.00242890067979627,0.04655898050076399,0.002367227484085184,0.00033878937956129606,0.007112894924722169,0.017250906428890937,0.012475125719754263,0.025942028067690297,0.0033941275585131197,0.016157672482855052,0.009665661524007555,0.015274911099504004,0.0010217878900298522,0.016448923302280503,0.0,0.006187029307046605,0.012163346932599232,0.019438590500300553,0.016309841181956868,0.003380329440114558,0.013843376624939572,0.00164626431121354,0.014403017016000958,0.007868091698692799,0.021026048537931993,0.06757715980997564,0.0010927578854882155,0.012895545880615169,0.006020084795898903,0.007269158748444845,0.02065748110607101,0.0032317190830324053,0.005695006817710537,0.003866928249965928,0.001552064126753982,0.001538360988649265,0.023878038304712624,0.03418940969332954,0.006882971041133859,0.023644102273465785,0.004599020463095742,0.0011386426636994464,0.10342297187958475,0.02846519042119552,0.03237531051592606,0.02473535805188583,0.028883209660102476,0.04606558463525565,0.052279251267751126,0.0,0.05602208379376442,0.0,0.0,0.06433899498612258,0.024767718381913682,0.02352040568582285,0.045466142836832514,0.0127623594160047,0.002198911486261352,0.0,0.05311126782578239,0.004011986022177203,0.0427351166891218,0.01284541038676186,0.013740804621983694,0.0044435799944517506,0.00720029164192905,0.01432067028636407,0.007089694574671615,0.006569745069904109,0.0054897066203015606,0.01114041452227998,0.04342799753513641,0.0,0.0021174971308061718,0.003383109537670713,0.03276307790036989,0.017626270287689077,0.007965595386944956,0.0023020296163844462,0.04121404525453132,0.0,0.002153881125324878,0.008546776306805436,0.0,0.02429422565061957,0.08137732410466178,0.015386811684532403,0.0,0.016603252761213414,0.007974263709382753,0.03776639753920135,0.009611054861988787,0.02325496463069868,0.0,0.028723850422720156,0.01399672611225775,0.0029372473167929734,0.04468602746075715,0.02507066668699357
77,0.0,0.0,0.0,0.0,0.0,0.0,0.0,0.0,0.0,0.0,0.0,0.0,0.0,0.0,0.0,0.0,0.0,0.0,0.0,0.0,0.0,0.0,0.0,0.0,0.0,0.0,0.0,0.0,0.0,0.0,0.0,0.0,0.0,0.0,0.0,0.0,0.0,0.0,0.0,0.0,0.0,0.0,0.0,0.0,0.0,0.0,0.0,0.0,0.0,0.0,0.0,0.0,0.0,0.0,0.0,0.0,0.0,0.0,0.0,0.0,0.0,0.0,0.0,0.0,0.0,0.0,0.0,0.0,0.0,0.0,0.0,0.0,0.0,0.0,0.0,0.0,0.0,0.0,0.0,0.0,0.0,0.0,0.0,0.0,0.0,0.0,0.0,0.0,0.0,0.0,0.0,0.0,0.0,0.0,0.0,0.0,0.0,0.0,0.0,0.0,0.0,0.0,0.0,0.0,0.0,0.0,0.0,0.0,0.0,0.0,0.0,0.0,0.0,0.0,0.0,0.0,0.0,0.0,0.0,0.0,0.0,0.0,0.0,0.0,0.0
78,0.0006740445449126006,0.0040018185546610435,0.03024383660135225,0.020557902443661902,0.0711468855238042,0.01575315284719923,0.10545157420619429,0.04246299939562946,0.09396021340241692,0.022353284292760747,0.016378250707004636,0.006055191775127323,0.008835376416068531,0.0037941501515701822,0.01942224234622682,0.003064182466043026,0.04320505029540205,0.01304262578311824,0.014977308734735923,0.0082883097670781,0.04860755126385969,0.0054030516540616155,0.010123262280444259,0.01190342254591394,0.035771933056301435,0.016439679580447383,0.006411658513054784,0.0014004274206901512,2.230163045571593e-05,0.02215862536813216,0.013415929924507674,0.0005419860015401265,0.0016396993321504392,0.015659653879598338,0.00331205915277008,0.050567214394476374,0.04875283635503377,0.021430315977065253,0.1282999106976357,0.0,0.01923226712994211,0.017295390556322,0.028556357262273183,0.00401566705908886,0.008839729454751836,0.05751596474750584,0.029483987187693007,0.06741643656709684,0.048427967992202677,0.0090474057985452,0.0026651472413244184,0.03192963903329756,0.0005966093952276864,0.0018382392277769488,0.004976634781791616,0.022156743062631965,0.012830043211625383,0.007647221190919254,0.052440793274184674,0.00524968429393299,0.003805382095088076,0.09054977539478641,0.02273500330864245,0.0733789144238039,0.0077032759807618475,0.029011995166604024,0.016990298510242894,0.6852298218383248,0.062109131466302245,0.020331879296718626,0.013048782227222541,0.017279806070151546,0.0658863169064506,0.04810482648370934,0.0,0.01810764015741259,0.06433899498612258,0.0,0.0,0.03085777426276572,0.13952868328205417,0.061882983690508805,0.12731704051194054,0.031065491824799053,0.0,0.013648698846395673,0.05225745842304952,0.16284944189748032,0.19617271795987254,0.008142669223643262,0.03329768175585655,0.01362619517680652,0.04081889210441054,0.009555130254625312,0.04569937007700299,0.03469133022133098,0.0010310437021972668,0.004824942034503559,0.012669085064076342,0.00272608923787538,0.08494291061354342,0.017152543553180993,0.0034932409893310952,0.031805452362024644,0.0005708072427748109,0.047369038969412594,0.0,0.0,0.0047598967024429515,0.044126734675699116,0.16216225175008733,0.11754099401433729,0.04948168981866182,0.0,0.04689391987865332,0.005315292594518663,0.048279479720385585,0.011310971795114564,0.01036938186194317,0.0,0.06556090603840928,0.06166689695824685,0.010575375518616106,0.10760791652413013,0.020706990444541582
79,0.0034071392097822254,0.029040621581653703,0.05129425876101745,0.03850283116108756,0.00302369527202999,0.0,0.03573381252900557,0.015368656878900464,0.007850356114029055,0.0471612655047399,0.060398326228870265,0.009436171938448902,0.022082590844688044,0.03602820482246196,0.02480328733638068,0.0038258116989861295,0.025934977795986372,0.008839829211925521,0.011949372510603518,0.002707121428692213,0.05130509375942653,0.0050997628838317455,0.06078657802746606,0.004212809735341087,0.023036788613976806,0.0014868424465939779,0.0997988718664851,0.04473309720323951,0.00126247140025913,0.03898889616571147,0.014340949813975953,0.0011697043674983591,0.01156109382162051,0.008293521923267837,0.0049671637592954305,0.023250473540035933,0.010898960883599908,0.01491488455259978,0.02883594693215835,0.0,0.0035676199726538778,0.0017076782662351173,0.012323991729100016,0.009393177002256128,0.0013389742710700234,0.01784234276366986,0.030546373304651448,0.030522459195343427,0.010549844119350522,0.048187921949943376,0.0077992109511322814,0.008525091705768567,0.021428013672630974,0.011723038038791404,0.000991751338538683,0.0008415822881741644,0.0025864398051721337,0.036892187053007085,0.11030513381148552,0.02994025657063987,0.007823290954708274,0.034515886055324074,0.014971778556616059,0.016938468312883443,0.007273144550174529,0.0028038368874739204,0.0011148235908569693,0.0019663298450857225,0.006807067339025148,0.022321699060612456,0.0037513446475848254,0.004832690930337726,0.0008107233591621438,0.022067680405667853,0.0,0.01850414476560177,0.024767718381913682,0.0,0.03085777426276572,0.0,0.014409146936260707,0.1225085161542739,0.07746516765192592,0.025247438271996814,0.0,0.0207087961731873,0.04301367319963074,0.09468929997665945,0.034476217246875066,0.026359187342286622,0.007141311151089903,0.04537200518721877,0.04678954695791692,0.02166789088167322,0.038540331323702125,0.02924135452760265,0.011769059824145856,0.012758885702663309,0.024400832434887023,0.0010182331289141822,0.008286997992060082,0.028692232177890135,0.0105886280963,0.03139432489678908,0.011972101805212588,0.03418849627827386,0.0,0.031898323504107165,0.004773137586389249,0.0,0.018718698982056626,0.10771036516766977,0.029456106141922917,0.0,0.009585442094574263,0.008721006446003097,0.0823967627627019,0.07297575311228066,0.09127141482871112,0.0,0.03227730807427327,0.00363234136144069,0.006737202013404377,0.033850501835987666,0.052993401763839654
80,0.008570207128861876,0.003961941146680262,0.04601686731854721,0.027815047203321185,0.09009024928725051,0.016428153024917052,0.08400364928876865,0.10170079938726014,0.0667405747749532,0.05163204429240779,0.03237279834862929,0.011111421136086583,0.0075920795394699364,0.0220054106625916,0.015502948693631563,0.005039239167056792,0.01526078194246081,0.014163002707024143,0.09465434152900688,0.005672151749326874,0.025565021967592284,0.03289788229131344,0.015739411143521724,0.0167166101030664,0.010848407454150864,0.049395012368142255,0.015190462125839809,0.004561426780467742,0.00323804236723978,0.023441132419427566,0.0027908707316609883,0.022738181773372935,0.05098987231600363,0.003443562849800039,0.07671335661905505,0.02568962594100703,0.09174337521021535,0.010731695156878244,0.27417828499035307,0.0,0.012145564066950623,0.03368233263854209,0.024437406158588366,0.0009172770574737054,0.05045387596045593,0.05331466726814028,0.045610113955933465,0.01549606631679565,0.05383170252916002,0.09200619178012803,0.025578969942107854,0.03406613815897945,0.05649229731196146,0.04274444904611882,0.0015394556386193225,0.02138607956867025,0.0033585237227321176,0.05461874532455866,0.03931499479336832,0.2202957101839445,0.09277418314919286,0.017716010251843328,0.019929755606575564,0.22807327620327464,0.031446702169176964,0.033013124623944415,0.04614444919675013,0.06308451703534074,0.024984646785015552,0.0147454794365707,0.0030337597537962923,0.0176062433956126,0.03846563886514686,0.0394716307535721,0.0,0.04174362061263528,0.02352040568582285,0.0,0.13952868328205417,0.014409146936260707,0.0,0.5260377384131245,0.48414696141541336,0.15011708896454617,0.0,0.023917879933725454,0.14984666025912105,0.18553126600813813,0.28338402225997344,0.17050189158604492,0.08933680487769671,0.027896621940253774,0.08308219839812052,0.0008068011551481759,0.28523335645901143,0.0055996446581035985,0.005756427861433737,0.011299879734436675,0.02892303185501483,0.0016556239260809892,0.1361980923835377,0.05961510844806702,0.003466223781780167,0.03841948194580268,0.04467016938330219,0.09923230577926587,0.0,0.009373934278182925,0.028071401067545788,0.0,1.0,0.19528434984538734,0.0,0.0,0.044806289352420384,0.18512995212485525,0.031230327705371475,0.41162353988935124,0.0702100115635465,0.0,0.0547017956372421,0.09575001913226559,0.03270794361741722,0.07439958992623577,0.39485820347775474
81,0.0300320727210612,0.0020111295363180333,0.05466889679619688,0.007930149294537286,0.10948443179107245,0.02491730711210154,0.0209305485946798,0.12529424411744958,0.03338255437034204,0.09658134046183299,0.03599902118807331,0.012369353503618345,0.03951898820996638,0.057923924851321924,0.004583822392936451,0.0022462445062012503,0.04519751990704034,0.01844471417914187,0.060940458864965075,0.010815378439247209,0.03515707332460355,0.030690931921098407,0.0012821254948703037,0.0008980396203442857,0.0040362913104942,0.029158087303798687,0.02015516340022145,0.0161506487756574,0.003792678720152911,0.011690854769045304,0.021282299587037038,0.039454516274412474,0.06951158606516088,0.062357761061001486,0.03679642100105464,0.015208355247993952,0.033127331123604574,0.05488153983049931,0.2006949818511234,0.0,0.02555888836538479,0.0008315314159980096,0.009716589528296883,0.035562445577369296,5.2064203756614406e-05,0.04610098506689864,0.012512755647158732,0.062111431840604914,0.13996103059342985,0.08535406285754858,0.044362906666772756,0.10336480901167609,0.03689766761488043,0.0429747921910786,0.00044123856918755515,0.027260933881917068,0.05367726281599381,0.003611861504124203,0.16068617369185306,0.30095139163328216,0.05538467217687087,0.05314935764989771,0.036420331442481337,0.0912441491188299,0.02254869980944429,0.0027848622331721725,0.0036004240002488657,0.04602799246330855,0.035598439954654976,0.05873608190864357,0.012020410375095974,0.0027255506910907564,0.018999689823667867,0.02699135436919188,0.0,0.00955878273151117,0.045466142836832514,0.0,0.061882983690508805,0.1225085161542739,0.5260377384131245,0.0,0.4293414226600532,0.4263826583745508,0.0,0.09773732689710168,0.17825263714687165,0.17164515451756732,0.192475155293509,0.06974251883757662,0.07592046438329134,0.13251529416976512,0.3257664690955541,0.015238568465228553,0.37118499859569176,0.00741750766019665,0.013637625106059663,0.022192043739797634,0.05393816063835856,0.0580891297179971,0.13906823756422565,0.07719614134512544,0.008691466564981874,0.03532471633848302,0.04028169712140948,0.03529852911982744,0.0,0.0,0.04127755483493853,0.0,0.26533643675096225,0.17208458035451427,0.01935762740109646,0.0,0.022053916864967032,0.21346617467175047,0.0736690263134682,0.4545323633882667,0.2471749988761525,0.0,0.009792116630031742,0.09682288416116695,0.04237734150381682,0.09903392720626755,0.3693645349351133
82,0.019644875532573648,0.016152099613241884,0.06973302114751058,0.03400880248639003,0.07046354279308444,0.03562617219200216,0.12241209110043752,0.11402759281599238,0.023786774898274857,0.052148243895205275,0.09113092013119971,0.061844936381598034,0.03194805128284891,0.06270470462983622,0.033734693028209736,0.016840305239619328,0.01828547866220525,0.053012713656596565,0.123561738502702,0.05341155510802027,0.048676981071670025,0.024340403147619344,0.0344613514783792,0.004194668504098446,0.018348212676569577,0.00853765337544491,0.11566131013825363,0.00015530267554839867,0.0069523327552734925,0.04096781168210277,0.050893185181216265,0.011048763280319401,0.07858840023496724,0.01525775517246778,0.030680436799139777,0.0739280805628656,0.020731770936782235,0.02294262455894319,0.3387323198957392,0.0,0.0017876098370312214,0.0025152168791225432,0.0008656232061856304,0.02494343011827979,0.00784478509511469,0.038194172211841806,0.005568424144043012,0.03918271419319193,0.05227824384754658,0.06814854512382007,0.03489735768989934,0.04284185491031923,0.036000131153756255,0.026245028893920008,0.0438615906582975,0.0509214859797046,0.04851566089165668,0.008296526284408825,0.24428789564103665,0.1778603466377112,0.0023151934947317552,0.08679100439353908,0.08076013048168462,0.10100578160579377,0.0034720758490370527,0.011968632136062281,0.03664270666549761,0.07778166904951475,0.0027441920071612945,0.045043590433036886,0.01386283212623876,0.0054513567688344805,0.0020897636730470596,0.08672732440212745,0.0,0.11381390574474559,0.0127623594160047,0.0,0.12731704051194054,0.07746516765192592,0.48414696141541336,0.4293414226600532,0.0,0.254404227571443,0.0,0.1588255354006955,0.1785792656532791,0.22934165661872677,0.2846245786185876,0.18228567357760495,0.14291295568826046,0.13855492694555774,0.2684979921038643,0.0037713587459884275,0.3809930219492517,0.0022682828000875834,0.005343576573788222,0.013782295143606531,0.07039656139141355,0.05606343574391208,0.19803944814864924,0.09685746025968305,0.01346334251367548,0.03061741903260264,0.000911731665199816,0.059555711269344384,0.0,0.03600727443674963,0.05702848771538318,0.0,0.3584069547202878,0.136878354472954,0.0,0.0,0.0238907970834879,0.10224660683036199,0.06775642757141116,0.2866524921280604,0.07771162878724425,0.0,0.0037196348774833406,0.11478386695021472,0.0956217545243689,0.09231426912555551,0.41155295698167266
83,0.023822815739880022,0.048330143994367095,0.04917787643035905,0.04378039513677462,0.09766961938631104,0.02959287063728259,0.04304550720668732,0.07437668547466937,0.05511370041306961,0.03366559764770972,0.03283593901626191,0.027457039950492236,0.027569416222982947,0.08115964943482777,0.002112939962674179,0.024283320714505542,0.04590880432116073,0.06668583691506666,0.040217138877449876,0.0003336664571591844,0.035959737172110914,0.019174708756581834,0.0058706769529793855,0.020533176939208694,0.006380734131101682,0.02522404859289258,0.01958613075223413,0.010616829063580805,0.0015966584499169981,0.06934613719747779,0.014318170050520945,0.0002319417547545686,0.022212387798079433,0.0002036381063500287,0.00607716437495775,0.04530890661258331,0.03821173257197566,0.00024719949195410785,0.16138921637456416,0.0,0.0014911110378381704,0.008767491671606013,0.014558508560268149,0.0031121033292714822,0.003447005316895557,0.030419640047678224,0.027833921102391565,0.005443341989208388,0.058668347674076964,0.13957388787526448,0.015465393444742266,0.08476436856259856,0.016920233808772178,0.039152244418520575,0.004280242383434811,0.024392423342056463,0.020242940306575755,0.011081473907020271,0.2187244953191502,0.18284882817868492,0.028504224764516552,0.0292952844466536,0.0394663299894976,0.023778715649902943,0.0016241464164577647,0.011954497427019428,0.015213114371315261,0.03017768893391056,0.0010373319896316534,0.016523893064135355,0.00063345034713477,0.0011252215984718507,0.0029041403205386108,0.1465228390466395,0.0,0.04061650605362865,0.002198911486261352,0.0,0.031065491824799053,0.025247438271996814,0.15011708896454617,0.4263826583745508,0.254404227571443,0.0,0.0,0.12484375018472361,0.0934722469013552,0.08299681023537732,0.04889010503007103,0.13014835718062784,0.0226305513191786,0.06055766959194644,0.31710674625932944,0.023585360183534965,0.27365152927530645,0.005297775723205625,0.013050393444900206,0.049618477017946715,0.05713564966797658,0.002013882231819353,0.09959880824721562,0.13546164299429325,0.0375651075690712,0.033526060173306525,0.02393281062861435,0.056103146279430575,0.0,0.00894577904161379,0.07501266896536032,0.04693537921159844,0.12432540493951554,0.09066625888824507,0.0234011753945271,0.0,0.044865415230878294,0.10916687013354595,0.04170360235033618,0.294348742894602,0.08944663906705738,0.0,0.002667862887669676,0.10090687400447516,0.06546229999944281,0.07463271756085027,0.27097245015708865
84,0.0,0.0,0.0,0.0,0.0,0.0,0.0,0.0,0.0,0.0,0.0,0.0,0.0,0.0,0.0,0.0,0.0,0.0,0.0,0.0,0.0,0.0,0.0,0.0,0.0,0.0,0.0,0.0,0.0,0.0,0.0,0.0,0.0,0.0,0.0,0.0,0.0,0.0,0.0,0.0,0.0,0.0,0.0,0.0,0.0,0.0,0.0,0.0,0.0,0.0,0.0,0.0,0.0,0.0,0.0,0.0,0.0,0.0,0.0,0.0,0.0,0.0,0.0,0.0,0.0,0.0,0.0,0.0,0.0,0.0,0.0,0.0,0.0,0.0,0.0,0.0,0.0,0.0,0.0,0.0,0.0,0.0,0.0,0.0,0.0,0.0,0.0,0.0,0.0,0.0,0.0,0.0,0.0,0.0,0.0,0.0,0.0,0.0,0.0,0.0,0.0,0.0,0.0,0.0,0.0,0.0,0.0,0.0,0.0,0.0,0.0,0.0,0.0,0.0,0.0,0.0,0.0,0.0,0.0,0.0,0.0,0.0,0.0,0.0,0.0
85,0.0035046208900825944,0.019905802504185797,0.019078720882618184,0.011402838807971199,0.05121191343483542,0.0,0.025990468030582508,0.012222979866235438,0.0017461288878946664,0.006071270400816502,0.05906341700713799,0.04519705354822444,0.05891012966660603,0.14246526282595656,0.004705157638314326,0.0022783288417532986,0.015249068229857743,0.014378658346438962,0.0580156375816661,0.005228979296701165,0.011342909074651034,0.042770893481167145,0.022707032814961545,0.0023729631969093266,0.030419427958910547,0.03151807093722027,0.06464150697193594,0.01493651284514201,0.0005830314635787264,0.033963733244713364,0.022360522512014903,0.0032480021903315104,0.026480651709380094,0.027385787929206186,0.013750328386201363,0.08450378240435331,0.042459806767172745,0.06763258818806778,0.06393341699891401,0.0,0.023383278539396035,0.0038398893502379146,0.0009638871565734888,0.01892672509591285,0.004418765339893785,0.013654552129152389,0.07434604251407678,0.030385462227916004,0.028539800578027876,0.05319857392630751,0.00809454755870373,0.04660724050734333,0.03862709328645175,0.04739266983249753,0.01352623099100786,0.05468521205018102,0.0028074357971069244,0.04121077804366808,0.10022198293535174,0.09934908444396423,0.01583440661860392,0.0066001354469727705,0.05897739770419475,0.05592461067169807,0.018064016268793996,0.022889502640822477,0.011097216499554865,0.039589971106369234,0.002227268532229874,0.0027354124092375154,0.011985217138480653,0.0067556690669006905,0.0016093255574835324,0.08496884604143896,0.0,0.0819335713232718,0.05311126782578239,0.0,0.013648698846395673,0.0207087961731873,0.023917879933725454,0.09773732689710168,0.1588255354006955,0.12484375018472361,0.0,0.0,0.15976247221863704,0.12511007899373558,0.041239859866084985,0.09477387631700163,0.08032100296844001,0.054607009309512254,0.12633077075965696,0.015672988040983087,0.06812512155825823,0.0046941684724955855,0.015389515077872814,0.024876687018197105,0.0,0.020373415413452462,0.035339278206070156,0.10781840078683057,0.01990905020294455,0.016142689728090083,0.004230714248381858,0.09280246933318764,0.0,0.008695295512789128,0.02030075641954593,0.0,0.014198424854252798,0.09809030144606554,0.0,0.0,0.03343568076828449,0.02123251824804686,0.06802141694371924,0.08918638584787102,0.1704955707942334,0.0,0.004001280974483099,0.03787467627454529,0.06393734425473539,0.016931383698013554,0.127474957374325
86,0.018029667230764306,0.030419019420004332,0.026983272722859046,0.043614418815624494,0.046394375289629274,0.017613219878387213,0.055468621719200736,0.05403826133346509,0.06629528007531327,0.017409351475938376,0.04888159750735481,0.02870544941955397,0.01065175378590338,0.044808380694283306,0.004005500144352173,0.025900001356628243,0.033834041245186845,0.0016268657921755857,0.08384929168148554,0.017370129082895456,0.020595951636814065,0.00555298696143049,0.011986040991797368,0.005339286432179309,0.01529085316144059,0.03696705898360556,0.04543857451314297,0.05459556797982645,0.020430895804025823,0.009745098039611677,0.006034509867899719,0.012212571288333529,0.03879091515582346,0.004027079962342702,0.015702382620560344,0.046814005920769224,0.0296675685269656,0.10588871566010623,0.2095597801548983,0.0,0.006924563079177756,0.010530082598335969,0.0057944570475839275,0.00252344339203584,0.008069276048649009,0.005492227814375949,0.0075509952485176765,0.07710174296664868,0.06058604309972116,0.039045114162493566,0.03057269664764136,0.013861491793748563,0.02713522813363597,0.01918436581490106,0.0004255830933945163,0.037802120368203726,0.03118198566439845,0.014943110841147796,0.12135784275435829,0.09447602413087902,0.014476321928361397,0.031516359239396156,0.07481988229363909,0.043144488546625795,0.012354577430854713,0.016951022728365593,0.014423455950203666,0.06820828762990458,0.010552595371593759,0.04485608251868163,0.0009217111155846795,0.031235611258954035,0.025889086671555126,0.014150769550827568,0.0,0.010205688306185371,0.004011986022177203,0.0,0.05225745842304952,0.04301367319963074,0.14984666025912105,0.17825263714687165,0.1785792656532791,0.0934722469013552,0.0,0.15976247221863704,0.0,0.23458972250794283,0.231430647986893,0.1080942921323434,0.14418625489627188,0.049137884988260196,0.06925385121751677,0.006370621786288528,0.10822637837869588,0.01671242808510128,0.04244124583820856,0.039661694816362024,0.0,0.030555874225197403,0.02685383919710427,0.02619778935384292,0.017652048984360406,0.04654005833073998,0.0021933053196796126,0.0334809235594376,0.0,0.0,0.002913741366702626,0.0,0.15607530764889968,0.07619081466584532,0.0020458258840157454,0.0,0.009139214198781845,0.08198258474167128,0.038126554226289244,0.17673612618784615,0.0891226656225881,0.0,0.04425389788262086,0.047882541162244274,0.048461829669668506,0.027513760586877514,0.18872536212616683
87,0.006791383456325635,0.005307354458548766,0.0037158588512156325,0.050870610129519725,0.06286045440600825,0.040489108991438434,0.06923617172917794,0.056765102089045644,0.05671052730256009,0.06438863877569108,0.0872356811771684,0.005454716191000545,0.013561735213009754,0.010111149755478398,0.0007218582272027964,0.0703916832534284,0.0713374779292066,0.03278457917001172,0.13321728078585263,0.07618125508983248,0.004144824614477688,0.03117174053905787,0.014472288005232715,0.040893204921706505,0.001255117784454117,0.0014423359147160487,0.10572042185034587,0.016534337272442846,0.008544221644133314,0.05090359459129516,0.05821270584824383,0.0029256178549952085,0.06180238220913853,0.015075440233221825,0.021656708432384614,0.036540255215147976,0.041094214737572805,0.03454162414603783,0.1873948728894537,0.0,0.018904612460528283,0.017744410303449046,0.01882876521955774,0.030396072655001306,0.00786855556771071,0.01212161186613562,0.017110536068417212,0.0295012522937884,0.022087846945670186,0.07753276499762757,0.02277666113054876,0.03206488718738505,0.022857914826816633,0.03104775147597608,0.0018038892737197371,0.016113325046240093,0.005275322285342218,0.03210290345458758,0.03606070228563927,0.07701849671638701,0.017554322886329903,0.046331810741714864,0.025185500451458225,0.05889028125512092,0.03882129970910794,0.01611637304563375,0.022431994868734543,0.044940573797608206,0.005911969513719328,0.01669576123660656,0.006482957801073216,0.025886683717963335,0.030953265195860686,0.048903375988410464,0.0,0.022019938443423835,0.0427351166891218,0.0,0.16284944189748032,0.09468929997665945,0.18553126600813813,0.17164515451756732,0.22934165661872677,0.08299681023537732,0.0,0.12511007899373558,0.23458972250794283,0.0,0.446840000783604,0.17210947145487576,0.21697200773329278,0.11306321152972466,0.023245209936897694,0.017343639089514473,0.1290685334016751,0.0026494207201642793,0.01617488705530978,0.023948160775018528,0.03783972321413566,0.0005648036245424318,0.030314214144532274,0.02177431785542926,0.012068907929881965,0.0014104811181012036,0.0048327542949387296,0.04999377358535625,0.0,0.0571523539809687,0.01841605634703567,0.0,0.25807532493558116,0.06953088318588474,0.03983135395015581,0.0,0.02956211526399785,0.02709886577360667,0.011013881102254602,0.1353895344773424,0.07905220249290608,0.0,0.04826518044263883,0.07957182596481033,0.007496340318037331,0.0630726476858443,0.1311654728143035
88,0.016382345831741998,0.03739643871250516,0.010419566279978415,0.08521817367664722,0.012505778721486765,0.035939749141117604,0.08859277746117591,0.0652109293019668,0.077942811717909,0.04784731970658174,0.12552773046007754,0.007879002726940507,0.0011272441238170388,0.007232937650631223,0.003981093874480685,0.015685935555230807,0.04565162731556055,0.005591539567913766,0.19724580070568945,0.038656181283516236,0.004859064028043632,0.018097339935913222,0.003259118930408396,0.02287280704349785,0.004004247083130977,0.018038020689278407,0.040018780612749265,0.003955847306957729,0.0019065174391197767,0.025784837920632235,0.01594455117934954,0.00022103871205833667,0.057072199827595475,0.0007898160746757695,0.02034972225469162,0.07095360246910543,0.013848419558185346,0.055350897096632656,0.17880907043708488,0.0,0.050268692895850675,0.013569644829395731,0.014280400205941407,0.02571605847764361,0.0010253740040781349,0.009976452054543524,0.02817405877531359,0.07592959340734591,0.023036407299636182,0.024714986383451813,0.028497199203056534,0.052850432196612014,0.005630877746685851,0.04278442612597952,0.0018113848305840849,0.017410652062571426,0.007434302364740778,0.009062831103959241,0.028438722127097697,0.03845172278164204,0.0036985323877009304,0.03685459489625741,0.04415651822805001,0.025034125979580903,0.028666977175107095,0.025372687659787,0.0026064740867794553,0.07172102106679204,0.029004285522825985,0.016609877769506044,0.015954810112392366,0.055878874599197055,0.02468419279162227,0.16147598309119432,0.0,0.09890561685747788,0.01284541038676186,0.0,0.19617271795987254,0.034476217246875066,0.28338402225997344,0.192475155293509,0.2846245786185876,0.04889010503007103,0.0,0.041239859866084985,0.231430647986893,0.446840000783604,0.0,0.2653242232306155,0.3359701539220714,0.2080550983488357,0.137909738278745,0.016675177770945383,0.11201732609910973,0.018165102222159158,0.011619253515460906,0.056795411318860824,0.0,0.01007218039621296,0.06471330606671183,0.07892150838491002,0.028415466723189342,0.01004204244768379,0.025724413986563277,0.06880736142516514,0.0,0.01386269393157316,0.023141494010485427,0.012454817792926828,0.3796845926584549,0.10344427584590046,0.0,0.0,0.008730600170647557,0.02424845993973612,0.04159990544143028,0.05747022471509893,0.11008894982719608,0.0,0.01756937553473662,0.18056652686529331,0.07405492822254237,0.09372153222033103,0.17998811310711552
89,0.033205307942060086,0.014697626017618447,0.008141176753213073,0.04132099713193239,0.011321917816735439,0.04119270769153538,0.05612967589801014,0.014673573885137521,0.06888665369339846,0.019403899158183982,0.047013949884900326,0.03378432049311984,0.00030550637757070965,0.03841670448972914,0.02558413536036294,0.0014130631799956217,0.02786954298140478,0.03238045422876607,0.012775052959730164,0.004220156347631626,0.021314619687262684,0.0031118761051662346,0.0036906062986909456,0.0026641504753109856,0.004905211784755144,0.030150443184842547,0.01308261447105281,0.003642555091134167,0.009938254405729497,0.01225328921208861,0.058195326971417514,0.0013416613461499425,0.049371340159033036,0.005158164949923595,0.017344254869102134,0.054552805655203755,0.002265795514977091,0.03862393724868185,0.14364475903754778,0.0,0.0031118973839486877,0.042653237115060055,0.013205191156876546,0.02638642339551747,0.0530836581753513,0.0031182569924794843,0.005551413164519682,0.037343409402368626,0.040908351351939876,0.013884326186946225,0.031697988384109865,0.02903550894623593,0.028223597990788392,0.0030217394578622857,0.027576564013444434,0.0011593245359253124,0.015275742331821445,0.01687019167040814,0.05260571381553979,0.03822044060935385,0.0015809113301581512,0.009581931028649496,0.06796612399385896,0.0668433049812133,0.005792995278755863,0.02371141729976199,0.012878746173118957,0.014784428778290537,0.0043305260813444185,0.02602804900500633,0.03301825061905478,0.02262636865085061,0.027571380837783006,0.03381667525394261,0.0,0.0756298132118288,0.013740804621983694,0.0,0.008142669223643262,0.026359187342286622,0.17050189158604492,0.06974251883757662,0.18228567357760495,0.13014835718062784,0.0,0.09477387631700163,0.1080942921323434,0.17210947145487576,0.2653242232306155,0.0,0.08635992095693604,0.08762180171638816,0.07011779535865768,0.03724006715643366,0.18793862137023257,0.010151208080312184,0.011769287109059029,0.01722136379745603,0.010532939898061042,0.00699110365446367,0.13365976162002843,0.05614980549877422,0.041462572312575365,0.0033362720976252247,0.007734279923472427,0.04206293833295601,0.0,0.04347694980156049,0.016554937802485393,0.016259944827780426,0.1130253656533319,0.061353349788325746,0.0,0.0,0.050467153710717715,0.04451265518566205,0.015312585324158013,0.1247200907723078,0.009851398392099071,0.0,0.00733673891228101,0.039346301384678185,0.009263524911295841,0.13905998836699038,0.1964408812957443
90,0.017449749063774604,0.01876207200778951,0.0024783318687080606,0.04895272707132626,0.04192077033712518,0.06806600763817765,0.06145509307499811,0.07064970735414737,0.0034375184996335555,0.059593022824186166,0.14610193992192652,0.025980170112780063,0.021157583220651432,0.0516895769965219,0.0032939475287005744,0.0029857087797210595,0.02819800300866394,0.00842070750552118,0.11691388919397394,0.02183679818191639,0.002798355949376798,0.09942535181804177,0.029439277692027106,0.003241337270898027,0.002657594915858368,0.002472897685791081,0.008178186297351063,0.022519072249701674,0.03515345278479858,0.020206981682846747,0.005191101307860075,0.00048741399081498807,0.027022971744191458,0.01833297488175711,0.02369420394777973,0.03639728037647076,0.030610204882053536,0.046860578223427034,0.13649342618189578,0.0,0.0026539213544358744,0.010216377070929917,0.021715659391436055,0.000676712006929233,0.003613494660359679,0.0022391548632915326,0.007233703625428544,0.04836091184874404,0.0021525553161325143,0.02184622147150183,0.023520396779081906,0.002366974838364607,0.04165240576046797,0.044269441668046236,0.04706582073041196,0.037019674683921575,0.014453287451384288,0.021476764593064444,0.01047586035727987,0.06334657239686556,0.027913442891177993,0.017131867993834614,0.09111616557159231,0.031005661176768746,0.012255064692146794,0.025374593494121078,0.011679396122794753,0.0045181302532207685,0.022992776851806205,0.03320025333993109,0.00030993801563157573,0.005149264596308578,0.002671478503747974,0.027040711355312802,0.0,0.03795883679573766,0.0044435799944517506,0.0,0.03329768175585655,0.007141311151089903,0.08933680487769671,0.07592046438329134,0.14291295568826046,0.0226305513191786,0.0,0.08032100296844001,0.14418625489627188,0.21697200773329278,0.3359701539220714,0.08635992095693604,0.0,0.17679679162055809,0.04081683044497183,0.029979576754973602,0.039402406718343455,0.0045156577928192965,0.020503359717980185,0.017575146485849416,0.0,0.0020418130606989133,0.0166619674009065,0.030224384940004692,0.039617421904135225,0.003694323723717847,0.006483060772473813,0.10352935092088589,0.0,0.0,0.004565352675941436,0.004147641492469353,0.14477711596984216,0.047137315882877895,0.0,0.0,0.05631355085301064,0.024295924830726658,0.04135110417106906,0.04856815963337115,0.018712273012875022,0.0,0.0073037899284202025,0.07129638548157023,0.01894038717271715,0.016306729407123875,0.08935058076041953
91,0.02428516635412436,0.026515110132807093,0.0026892105766788414,0.007503229012719478,0.05151667526419193,0.016412905375461646,0.015231377714992961,0.01144001476100409,0.017226047382792407,0.032732945799548205,0.15284650293447452,0.04620813847137816,0.012195781307917163,0.019032641092995746,0.009344502355096455,0.0077608268019961485,0.006578581811037363,0.023766271073441925,0.08366080148542694,0.023141739490189616,0.0076505450684575165,0.007164122044378167,0.0014098803526622664,0.0012923188504987643,0.011651143412665604,0.015207694210453532,0.012123080982224454,0.005589597755223662,0.01911971581379335,0.0020527543814616816,0.025534313408290443,0.05946049429070346,0.05057596070354792,0.06456439712639751,0.02818614276677256,0.030404249359167933,0.008326069814888837,0.00129695295528081,0.08945445179104787,0.0,0.0009936792303205566,0.001755756443022818,0.03930994666295523,0.024617183280752627,0.00047063401426800783,0.0029894390986437555,0.003509168016445726,0.059741438757334286,0.009322386244960035,0.027362640244777546,0.01864045327011581,0.005937153376511682,0.037700643188849504,0.033513829352959906,0.003249799481233733,0.01991189079608273,0.02561039418466466,0.032021033216604246,0.31888694338021134,0.06900299995590434,0.08041220390120052,0.009809996265259403,0.03244876338147587,0.07928791912520988,0.010116499167465506,0.009512429019112475,0.015986546637728666,0.001294953098817163,0.010425140289431277,0.058779551360696715,8.864838104412528e-05,0.030182090473917695,0.0021929510518832874,0.08026002363198372,0.0,0.08333335137687702,0.00720029164192905,0.0,0.01362619517680652,0.04537200518721877,0.027896621940253774,0.13251529416976512,0.13855492694555774,0.06055766959194644,0.0,0.054607009309512254,0.049137884988260196,0.11306321152972466,0.2080550983488357,0.08762180171638816,0.17679679162055809,0.0,0.4073918774521831,0.005593808733708461,0.056388608998532506,0.0041617201641846735,0.020979421321200318,0.04977370707078068,0.018111233645511614,0.01381927044230992,0.023541557890539133,0.12389793002860809,0.015365730249598156,0.001961393564459785,0.0019214588018807118,0.01159754524157786,0.0,0.0,0.021527859289857402,0.0,0.06460581637206157,0.02424361476463036,0.0426030476640171,0.0,0.0019004094362771134,0.02954629402492332,0.007201711764373545,0.09806490895398856,0.06476454104635615,0.0,0.05890693741789409,0.1070393123636372,0.019371408182700733,0.0050761563483029005,0.03713375698932747
92,0.051638514449770044,0.025370390712262953,0.038835143230291524,0.05968530699664837,0.1615966801574199,0.0,0.09394046470633423,0.03192737005455352,0.005181789234180249,0.05114007416894009,0.06819067510330068,0.027815913191043647,0.018481089131423083,0.010340451728258935,0.05968909394858568,0.013371420050814199,0.0367290119653103,0.03432204463683425,0.008123429303849648,0.011530549520733912,0.045456655478382964,0.0041523218844179,0.031672713852599226,0.002506291516084065,0.006478495313604705,0.00363124838118615,0.0889776520312692,0.001174004090274291,0.019656396193324023,0.019591131792783184,0.003624976612794915,0.007452715872460586,0.065574471186481,0.019970277636238765,0.01860949892023427,0.074242339265252,0.043155139694418365,0.01842924004822403,0.12082856649846441,0.0,0.00015631884599425877,0.040432502224736086,0.015231096768440772,0.0385583117011645,0.021157018196781216,0.036785976397075315,0.0625378752528329,0.10053339272338672,0.14362372466788126,0.05573739688318139,0.02218523239110037,0.11696398616413305,0.02692206430537481,0.02707377290113311,0.011933447412623777,0.01372856763614873,0.03671162264203596,0.015239323748198844,0.868927651771239,0.19513710992304154,0.15812861091282387,0.12247020566812465,0.0418682589064087,0.08923175452371712,0.0018082240545740488,0.025359664336507083,0.03934576727741611,0.011510750677177398,0.04752551063510611,0.10002418749179126,0.010422923092094983,0.0029814557333053887,0.005121384295166485,0.1299267041867365,0.0,0.07230469107040324,0.01432067028636407,0.0,0.04081889210441054,0.04678954695791692,0.08308219839812052,0.3257664690955541,0.2684979921038643,0.31710674625932944,0.0,0.12633077075965696,0.06925385121751677,0.023245209936897694,0.137909738278745,0.07011779535865768,0.04081683044497183,0.4073918774521831,0.0,0.05093047808332816,0.21636800012542198,0.005333367003623497,0.014274339453650994,0.033663040709123994,0.05591689899311212,0.006100048394501457,0.08885372067278569,0.20726724175247677,0.05342245741828926,0.008167935303998008,0.04389898204388299,0.011353593804346638,0.0,0.025817499682487786,0.05992975821749433,0.0,0.054487464245890016,0.17071930329493284,0.008407619754276823,0.0,0.04861940857887655,0.032732898008468646,0.009543772412994471,0.1706631640343273,0.1641163678805839,0.0,0.026578271061805304,0.18115206345025783,0.06703947820463216,0.0215083485836464,0.14317988121363145
93,0.013685673580286007,0.004255575418418468,0.02909301664132203,0.018295855764784163,0.046581923457019975,0.0,0.0017674567031529056,0.0008815193925457486,0.025082499992194033,0.0032778334603620796,0.017057104667177837,0.0017821219404382763,0.0036767683527151786,0.007557567605238559,0.00788386553121674,0.05009307145591463,0.001814241876891138,0.0014721343056306128,0.006284985120883604,0.02779376110300205,0.018502088322850746,0.005420806333275137,0.0168445391601544,0.019798035168732023,0.0012627446223948994,0.0004850362798668658,0.026314274614326706,0.0007586639415663068,0.0020395824437945205,0.039662106301511194,0.016421029380121095,0.007655639847208884,0.0030856411260173403,0.014724330788294436,0.001957220629379288,0.004278573031151619,0.004121377406574803,0.033585876331474064,0.0010429837561419905,0.0,0.004331609465613912,0.040658213883028683,0.025910822809350992,0.00030991787333401025,0.03227331041250648,0.0007525251062886016,0.00889183270515458,0.0681738761014967,0.003327021899479896,0.0029298410087255666,0.05799433842944985,0.0033868555904886274,0.0007123773187658727,0.006024926797494719,0.039374239148693174,0.005163954804892742,0.015210006983065329,0.004460291641193772,0.028336075465745476,0.03070206878370172,0.0017130716103447134,0.003095427700665796,0.029311705569901664,0.008146017179927582,0.003687995141278448,0.0010290104668240138,0.0025997946915009874,0.04224294087041536,0.0042902302512557835,0.0007798833111578491,0.028714531463828956,0.003795728364520382,0.004926804685782502,0.00829750352881854,0.0,0.018671461958768867,0.007089694574671615,0.0,0.009555130254625312,0.02166789088167322,0.0008068011551481759,0.015238568465228553,0.0037713587459884275,0.023585360183534965,0.0,0.015672988040983087,0.006370621786288528,0.017343639089514473,0.016675177770945383,0.03724006715643366,0.029979576754973602,0.005593808733708461,0.05093047808332816,0.0,0.009493717914343997,0.0007505098949384806,0.020709386115875063,0.03313954761925405,0.03433164064070697,0.03705223488428976,0.009393225355514803,0.00817654367827124,0.0007205449111001845,0.014724617667043088,0.0017760985610132051,0.005810457801533862,0.0,0.005748942153894212,0.01560135169255293,0.033082282806199785,0.03245982577843037,0.003297191650902741,0.04899538968488668,0.0,0.01976136978570628,0.003046408171126389,0.0011233552589226727,0.0014265145381420936,0.011200152214610867,0.0,0.03139050083394362,0.0036109196149570924,0.034657792444924604,0.021045381856818823,0.028663480591101284
94,0.008019060983015122,0.000741396209614818,0.09059373327418854,0.05655507939236662,0.06999407299736847,0.0518551435630498,0.03607205785587631,0.058104255273969396,0.028504262685038126,0.027986552872437134,0.03090937736916778,0.015798431467836813,0.026108696138527423,0.03134157656083117,0.0006694382789385393,0.0002752467680987205,0.03195222917337538,0.03702538344463053,0.045048705564811505,0.010460977208308585,0.016197937968722896,0.03202855742574895,0.005284843139814812,0.016445198719090108,0.019843042754637993,0.031198362608331587,0.034780715808998004,0.04931153041097818,0.003178224327611701,0.018583274695475525,0.02173451996001245,0.002833339838254249,0.02067533297770986,0.07988529890897855,0.020467720359487795,0.05696199291704483,0.020023067811725335,0.02543218858886505,0.33192263015855494,0.0,0.02317144089347199,0.020138544786587893,0.002001687284522411,0.03541036587606803,0.04876179570658098,0.043864460333231256,0.020436115297494055,0.09266537704875227,0.053581206225782205,0.07470464237983865,0.007863805564537684,0.08639649127068338,0.01073897986679332,0.15484024942493307,0.018595576350969405,0.05144331248443531,0.038705013281741044,0.021810541181317672,0.139533873967309,0.2995406838922136,0.01947126565609101,0.04212607306363808,0.11682838675818663,0.10425711849310507,0.020941363487704936,0.001475140496735044,0.005639243282283871,0.023742191376090054,0.06356969838341661,0.02502030385389,0.004573986984011732,0.03723867854794677,0.0016509292511923516,0.03096882821599259,0.0,0.060647108596005674,0.006569745069904109,0.0,0.04569937007700299,0.038540331323702125,0.28523335645901143,0.37118499859569176,0.3809930219492517,0.27365152927530645,0.0,0.06812512155825823,0.10822637837869588,0.1290685334016751,0.11201732609910973,0.18793862137023257,0.039402406718343455,0.056388608998532506,0.21636800012542198,0.009493717914343997,0.0,0.016194792108121716,0.003470164487744924,0.004268513340720051,0.03401463909267668,0.0629992300648261,0.11074069251979927,0.10670012811103895,0.05065833103631712,0.05793549722806328,0.005177911933320971,0.072992857872657,0.0,0.0,0.0033500763732191227,0.0016954022229388153,0.21864209466186135,0.04995765144628117,0.02140763016232067,0.0,0.0077591504178835145,0.09114842331385349,0.019692411025001626,0.37595083874670865,0.06260768127678494,0.0,0.04065584335590294,0.07485981533682819,0.06604559643771588,0.07667154663642159,0.2946664583473601
95,0.0016362537369185078,0.0011751933316668424,0.015989355933651375,0.003998399773336616,0.02731535709900932,0.01965584444223876,0.01370405953440629,0.012108241424566093,0.0023097055195295773,0.08229594341762522,0.014330260292547305,0.010209445083684019,0.016461949500874297,0.03846636196179069,0.020767132614125838,0.035436745593481145,0.0057657453965187936,0.0569396733496915,0.001734626989595987,0.0033234970519317995,0.013189114597753307,0.0010122414017496564,0.0006480966934947859,0.0024966467069892644,0.0012787448984290838,0.02553515361545417,0.003834254514982201,0.021372232191707946,0.000561310762217742,0.003804549249020904,0.03447156270770556,0.0014503639875978627,0.011912764815687775,0.02952712450345797,0.00393583951339551,0.03506411899527383,0.0012035399547832917,0.04688085506646056,0.0005228463410765407,0.0,0.00255659357765106,0.0187656958591962,0.03145276077827865,0.0001261960539741971,0.00894392489521799,0.008418958107267067,0.0001235501266029099,0.0052906893740851104,0.04126217058195156,0.015296122811039654,0.008532116004946647,0.030825875467450626,0.004547103557653482,0.0005996288682541879,0.008465975029719259,0.019699694136352267,0.0015788620585328636,0.0007921282127421268,0.041545898449659155,0.002651314940045496,0.001966709807689807,0.002906919315359673,0.03587305045296921,0.0019431483392947197,0.014085166172245776,0.03451966938072722,0.011863946951778321,0.0008360443932048259,0.004745056707690905,0.029480388621657007,0.002119000957837008,0.00206241812400161,0.03716504782785525,0.011502712973984825,0.0,0.007259120350954003,0.0054897066203015606,0.0,0.03469133022133098,0.02924135452760265,0.0055996446581035985,0.00741750766019665,0.0022682828000875834,0.005297775723205625,0.0,0.0046941684724955855,0.01671242808510128,0.0026494207201642793,0.018165102222159158,0.010151208080312184,0.0045156577928192965,0.0041617201641846735,0.005333367003623497,0.0007505098949384806,0.016194792108121716,0.0,0.01755294590114298,0.006439551996703886,0.0,0.040323688584733876,0.007816978898744406,0.006684152749509701,0.006530449037439683,0.006446191915816393,0.0029606045974815602,0.0027162501445557943,0.0,0.0,0.0029692182844281365,0.0,0.034169100802638915,0.0013648290424089127,0.02855691005709635,0.0,0.010048429228737872,0.05556551104057704,0.0034174848610195683,0.008553775652039183,0.02382439582775209,0.0,0.01602742159927494,0.003774900543948392,0.0029895934272420512,0.004439614672066142,0.0016997499627108969
96,0.034909592078435206,0.009978468723808753,0.004580087101975504,0.030326474092572987,0.01816515034570326,0.0,0.007866799661260733,0.006039277072499022,0.0016155977511536864,0.006453970763649026,0.0023807552296491777,0.010262110626320525,0.006668138764207709,0.009840833477440074,0.0007178199244099047,0.0014240308446819786,0.006473280721526166,0.00047304976600907867,0.052028941579389025,0.001488889633101698,0.00203920572329467,0.0027943710854734438,0.005206061682218424,0.0021096335422379083,0.0007769370554730468,0.01779979432438904,0.0007970686219777766,0.044259318073285016,0.01246351793897755,0.0008696860494307189,0.02583447352624527,0.003602870426393757,0.0016217446678360888,0.0013401312308165534,0.03289066640050669,0.009553228731556177,0.019024220976787194,0.022107317971005316,0.008753263771359014,0.0,0.0022489389622951873,0.006458935175539665,0.0021498301091679357,0.02209442893977461,0.008731861563297817,0.006345141919085859,0.003193480176442182,0.04556060570257225,0.0005055660854613608,0.025332877327338865,0.019106693412426136,0.015313969483570328,0.0042903879733303795,0.007542095291408732,0.013521607531291144,0.001620483148652802,0.009720666070914572,0.0059205484481571116,0.012760862793963507,0.0178476511202437,0.00922367138337697,0.019664633619477012,0.014789475679002396,0.01962029986674212,0.007795111995273313,0.003381819047874936,0.005599179993702909,0.005712622055152279,0.012877482764089773,0.0006307233011176824,0.03382026664826595,0.015950426263740825,0.0012574329346251047,0.003494802487319356,0.0,0.04160919726956547,0.01114041452227998,0.0,0.0010310437021972668,0.011769059824145856,0.005756427861433737,0.013637625106059663,0.005343576573788222,0.013050393444900206,0.0,0.015389515077872814,0.04244124583820856,0.01617488705530978,0.011619253515460906,0.011769287109059029,0.020503359717980185,0.020979421321200318,0.014274339453650994,0.020709386115875063,0.003470164487744924,0.01755294590114298,0.0,0.0007976113548637905,0.0,0.010980161928217205,0.009170916132985195,0.005732869811235142,0.017613393765162355,0.006816129487300039,0.0036356263273787247,0.006453991528660035,0.0,0.050650578442305215,0.0004884805807068927,0.0,0.00226155612382198,0.0018958003570588781,0.0166446053695398,0.0,0.06285516015202779,0.010838040090767343,0.011456107209317968,0.0004298361163866357,0.022598023900525805,0.0,0.04761727721406439,0.0044152382103688475,0.0014852457176070758,0.02786105227674779,0.009328145913484848
97,0.028197344434152175,0.0023158880691760563,0.0014195790436971852,0.005775541822781526,0.022141485401046837,0.00792878800348825,0.012025367771894542,0.0037793390073612514,0.0852414500266879,0.0017541784479822831,0.007644592931850533,0.003342704545822933,0.00011362256736388846,0.001978728803855573,0.03323362136312598,0.029235605588793036,0.010653614109241663,0.008332628248267063,0.007700060398130424,0.022328691996910024,0.03479964731960881,0.015950838301032135,0.0015795279344325652,0.03742969268726532,0.0011213333327146386,0.01322515044804647,0.029879151036405448,0.016492655692593308,0.0007709507927203251,0.008392068910732095,0.047609580406131946,0.011293411935704146,0.002594241412807302,0.014788443918404566,0.07216749468745515,0.0018956145057385289,0.021697106037299407,0.001224667706541145,0.013555429632492079,0.0,0.0007532077723134413,0.0002749229707045269,0.011452327886219926,0.007760107593068802,0.0003479048576908321,0.033969310665119004,0.020071806767644917,0.002891124748074903,0.013837182625825879,0.00913913305054042,0.014056052432906684,0.0019859865099215467,0.009265559000213214,0.003571524362548557,0.0014081332760120745,0.0556021292222522,0.00020562755851185333,0.0019099564963460608,0.042325934168237364,0.046933354278352435,0.03013130601291179,0.0007309593218337589,0.003333656395345648,0.008905702604688018,0.0008150151175119665,0.0019265427526422134,0.0011854853786182366,0.026055004162084568,0.008217200690060041,0.012846338505591116,0.0025899422344484824,0.003113262846423971,0.004358764493095978,0.028312258031398696,0.0,0.03561055454353026,0.04342799753513641,0.0,0.004824942034503559,0.012758885702663309,0.011299879734436675,0.022192043739797634,0.013782295143606531,0.049618477017946715,0.0,0.024876687018197105,0.039661694816362024,0.023948160775018528,0.056795411318860824,0.01722136379745603,0.017575146485849416,0.04977370707078068,0.033663040709123994,0.03313954761925405,0.004268513340720051,0.006439551996703886,0.0007976113548637905,0.0,0.04953355598685453,0.04051879114970096,0.0402317093175568,0.045136588989171174,0.0016028499374794477,0.006428190057235365,0.02046459867943325,0.035774850524795,0.0,0.0,0.014242373136112924,0.01229407268645713,0.023057149426675666,0.014961795888676459,0.0,0.0,0.00727736100618592,0.0009961874312946894,0.02846643105020446,0.02670343779501047,0.013446895125847357,0.0,0.031143608462938052,0.025928393574514215,0.026520101745015148,0.01445645350993347,0.013447161372678873
98,0.019371285261443848,0.008821976231140819,0.0,0.0,0.0,0.0,0.006759595656190781,0.015897869062581397,0.03509344977691451,0.0,0.0,0.015878731095742223,0.0,0.017224269303431933,0.001029849491059504,0.0,0.0,0.0,0.010567198082208093,0.017948101678076856,0.0,0.007889891410326755,0.0,0.0,0.007993383727709729,0.0,0.0,0.004062675569200421,0.00014610757802630396,0.05476403969492291,0.023918710782459135,0.0,0.04779545216358124,0.0,0.0,0.0024287675250569203,0.0,0.07839790685133777,0.0484645172605305,0.0,0.0,0.01311465961731824,0.0,0.0,0.03779914528136779,0.026670144659172113,0.0,0.04287697866162708,0.0,0.06005497584386245,0.0,0.010539836341210723,0.0176724691422126,0.0,0.019249534459407226,0.0,0.0,0.01592357492609077,0.0,0.0549563287462968,0.0,0.019238855576841695,0.02074698083833376,0.02400652374677271,0.013401862299235946,0.02260792802915626,0.002660551248427229,0.0,0.01295331025018792,0.0034135495619407965,0.031866852668171,0.00579474223577047,0.004007010701052662,0.0002766713490930543,0.0,0.005888198972286079,0.0,0.0,0.012669085064076342,0.024400832434887023,0.02892303185501483,0.05393816063835856,0.07039656139141355,0.05713564966797658,0.0,0.0,0.0,0.03783972321413566,0.0,0.010532939898061042,0.0,0.018111233645511614,0.05591689899311212,0.03433164064070697,0.03401463909267668,0.0,0.0,0.04953355598685453,0.0,0.0766286684847959,0.05453604779002943,0.06850287933543553,0.033548903856618295,0.0015981397043326488,0.0017358498556781469,0.030195755284118015,0.0,0.005586806328169645,0.0166147914803049,0.014065758180948004,0.033749625744446544,0.0647503494086045,0.005476517182203015,0.0,0.014934305352463562,0.010845321915628928,0.0,0.029864264782114187,0.0,0.0,0.0,0.016006320058448886,0.017004510619271343,0.044087120583695134,0.040434809556035775
99,0.005317548332713261,0.0006935329069650325,0.0015121013744441394,0.030480856175588655,0.0031041656243306374,0.0,0.02680823349425993,0.025848650001891123,0.02598463044153879,0.0032243427444296592,0.001750839844423569,0.031717906635055186,0.01123276317640519,0.0021892400801947934,0.026017639732159127,0.00427118532125475,0.04081321321302799,0.00026745815403246613,0.012795488929125975,0.008069225524171376,0.013812453251291455,0.007776585178825179,0.00490114990001348,0.04582801384981868,0.007007163953235237,0.048462873956702145,0.04529337356215324,0.001668426018055947,0.020915824674266652,0.0001876903846506442,0.04087827680068841,0.0013637171303634856,0.004418507479695382,0.0739156424185918,0.0018478883486431259,0.03326910156585118,0.008775454374375526,0.040030032903244805,0.036119474899539816,0.0,0.020323352438329532,0.0009837617668963163,0.024260905459273983,0.005579036729516878,0.0017626312624812086,0.004555812409711908,0.010703218749879189,0.017684624957605494,9.991075174988073e-05,0.009280527243596482,0.0327903919546584,0.00029623562778623765,0.01541968252067247,0.001519592236277947,0.0006709940920160256,0.009793433696998713,0.010673438134354153,0.0009049634542117362,0.002386013363496938,0.03439035459197216,0.0034046384187146794,0.02624493982667851,0.006217273930724586,0.009044062554671491,0.013772168498976074,0.0020141866114937487,0.0035127687406785253,0.03556021114869157,0.019104984297948893,0.04868636630832214,0.0062173754817590075,0.0008605817430544722,0.016036402547229323,0.009386572622163698,0.0,0.001146594226656719,0.0021174971308061718,0.0,0.00272608923787538,0.0010182331289141822,0.0016556239260809892,0.0580891297179971,0.05606343574391208,0.002013882231819353,0.0,0.020373415413452462,0.030555874225197403,0.0005648036245424318,0.01007218039621296,0.00699110365446367,0.0020418130606989133,0.01381927044230992,0.006100048394501457,0.03705223488428976,0.0629992300648261,0.040323688584733876,0.010980161928217205,0.04051879114970096,0.0766286684847959,0.0,0.005373032484139488,0.01797614141153474,0.036620452204163524,0.0001384928293183189,0.0009252741101082213,0.0028121693832185747,0.0,0.0,0.000559824023397599,0.0454185401160524,0.001176610871641409,0.015297929111865307,0.011469979809365404,0.0,0.04341944987686159,0.012320332070313127,0.002337860996117634,0.03785072329537963,0.0297476206482289,0.0,0.033956049766155384,0.011076182692284612,0.002594347277173548,0.029656675904245505,0.01404567458785552
100,0.024261753862186104,0.004363378499718481,0.03144227203553457,0.0800343905400607,0.06428249067704887,0.01583987720588474,0.04079444868013615,0.0077713746008635076,0.06567671355891747,0.015947052613435014,0.01160908559798746,0.0035516604652315654,0.025039837162147235,0.08114740691790127,0.05477586213038042,0.0016444707696133575,0.024264963510465195,0.01802887668859016,0.014060526794116474,0.029082449932700444,0.04924020249261994,0.019934756322231156,0.005442738548875862,0.011395228826570042,0.05405182993992127,0.009240828377579745,0.0025822072857912886,0.020921990818528934,0.0014653087680558995,0.011160035166663354,0.009448699404879033,0.0006108152823952991,0.004288584732364693,0.07301274657579125,0.0024191676770946996,0.0021866870515020852,0.01023657133421434,0.02485631134555598,0.2141206895869782,0.0,0.02140789537235989,0.0028368701612539963,0.015425461149514048,0.005866252172615792,0.00042330884555149547,0.0027997881907731435,0.020056486710415197,0.12846317467855192,0.08593000903306995,0.06305027142720906,0.030810104903393334,0.004113340463364396,0.012161371995893726,0.011451154467254766,0.006563458763995222,0.029644197514097144,0.004437782584323513,0.015756189035331523,0.11128749411843762,0.1327751089109059,0.009603818607363142,0.05308740492010904,0.009230541512595374,0.006338315417316343,0.014511116584480632,0.019131049264866275,0.002513275115843724,0.006668133032794359,0.013104158349656824,0.06408608044440581,0.06818103377199207,0.004072359547413899,0.0027659564057981815,0.034941801009518436,0.0,0.012074080322316352,0.003383109537670713,0.0,0.08494291061354342,0.008286997992060082,0.1361980923835377,0.13906823756422565,0.19803944814864924,0.09959880824721562,0.0,0.035339278206070156,0.02685383919710427,0.030314214144532274,0.06471330606671183,0.13365976162002843,0.0166619674009065,0.023541557890539133,0.08885372067278569,0.009393225355514803,0.11074069251979927,0.007816978898744406,0.009170916132985195,0.0402317093175568,0.05453604779002943,0.005373032484139488,0.0,0.043890844104562704,0.003016882222247534,0.01865276327479523,0.02583482527745129,0.005252005933345449,0.0,0.00715538516422896,0.0009780308453345705,0.0,0.07361358889308371,0.02680348506616178,0.0,0.0,0.011618574757722535,0.04408498163854755,0.002316427425773518,0.2227081586116664,0.04368762271647372,0.0,0.0327354257943657,0.00298513757551949,0.044949028640433555,0.04743789854101643,0.16701314743609902
101,0.006768423001100311,0.004312728313650892,0.005018241725584429,0.002307430365574445,0.0844858080688145,0.018295059484699547,0.03468217105672895,0.03071748331551328,0.06000169776825417,0.046433443736988475,0.06574280633530266,0.004170435405816548,0.029727791798065242,0.0033707566823988223,0.008845483516629775,0.01831720619427548,0.032807128285908274,0.01842730581487182,0.030691676447952437,0.006785639874232086,0.07126253252726232,0.02136433673427838,0.028569084947568175,0.01496156539083805,0.005511623837217544,0.020636574863844258,0.07237729319213675,0.016566605997987156,0.00019865972622621725,0.022944480101375227,0.0027012026144112053,0.007544967962375155,0.006297630380527195,0.005958432644092419,0.007451648838487474,0.006437131998400662,0.02290631475000053,0.01738345242359575,0.09915408661688044,0.0,0.018591965735709624,0.0009494152888032177,0.0018216116762051662,0.0010638994290716939,0.02161383119365843,0.03894466022183685,0.06365785492299114,0.01781624455483574,0.06475004030872727,0.08161656600659374,0.017626643474997466,0.03427968361072451,0.024747318553678656,0.004137804405942122,0.0010152134697731586,0.015656873922254788,0.0010068137082464633,0.005464017800438188,0.14618731578902874,0.1164022638525728,0.016267796896761017,0.037938465204190135,0.018573164766345053,0.015834162812546022,0.05078362980819256,0.04490509858356257,0.03852219767768666,0.007367908945669927,0.03202477493087065,0.059085101661021884,0.0006773990410578124,0.05242059877748485,0.001366513006125953,0.004150516470547846,0.0,0.00778626503886495,0.03276307790036989,0.0,0.017152543553180993,0.028692232177890135,0.05961510844806702,0.07719614134512544,0.09685746025968305,0.13546164299429325,0.0,0.10781840078683057,0.02619778935384292,0.02177431785542926,0.07892150838491002,0.05614980549877422,0.030224384940004692,0.12389793002860809,0.20726724175247677,0.00817654367827124,0.10670012811103895,0.006684152749509701,0.005732869811235142,0.045136588989171174,0.06850287933543553,0.01797614141153474,0.043890844104562704,0.0,0.020189253031295318,0.005366829437048501,0.025092117154092514,0.01851000872022964,0.0,0.014561190510836717,0.054582278064075604,0.0,0.1445349269939059,0.007139636282694228,0.0,0.0,0.009660293283960321,0.048708387180083204,0.008013516826069895,0.06706043139722269,0.0283382558193246,0.0,0.0021538543499848026,0.036826848208944316,0.03367775669887491,0.07068841564243453,0.0869739975495006
102,0.024736422374250923,0.004427627872744373,0.006347057606947705,0.020768740598778812,0.023996143286323605,0.0,0.02918959900658965,0.03869118210045068,0.021853222646744785,0.0021238848652086174,0.031532056582356825,0.031152817566062033,0.0166420267929768,0.01686569319972455,0.0011896249965942809,0.03407433416293273,0.032807994332043414,0.013802139659211513,0.0012253332758384542,0.028028499430073482,0.002778183558858101,0.014278250067569227,0.0020558525845714853,0.04101557400243157,0.000805699043566943,0.07095780216726778,0.001958372790879713,0.0023129027429599574,0.013483264280829627,0.023969013357023596,0.0027565865442392445,0.0112056155314554,0.007385213182462295,0.03601433963624894,0.024706950305630304,0.041594890133817154,0.0004322479410227478,0.00519861754849677,0.015761356966266363,0.0,0.0004419382431428429,0.019896169719215463,0.04265039350972101,0.010282555624694321,0.0003794774964960816,0.002353171425393252,0.004854113987715588,0.028613844004236087,0.04172575876457677,0.07853749952978557,0.00901132938014363,0.015841025542783608,0.0206132654197497,0.00788843127126109,0.03155724527341383,0.04423409374631816,0.0018117372533988769,0.00670205496964774,0.025522501431549785,0.012132660319790078,0.0013356039989833846,0.0382097253157758,0.025726230851934394,0.005010460838538843,0.02974247808218341,0.014991711197320148,0.026588878606760347,0.01109856578379575,0.012565225941478318,0.04215779725997783,0.0012779187961976354,0.00821548745245817,0.01237027677777366,0.02463696256625987,0.0,0.005636432352725603,0.017626270287689077,0.0,0.0034932409893310952,0.0105886280963,0.003466223781780167,0.008691466564981874,0.01346334251367548,0.0375651075690712,0.0,0.01990905020294455,0.017652048984360406,0.012068907929881965,0.028415466723189342,0.041462572312575365,0.039617421904135225,0.015365730249598156,0.05342245741828926,0.0007205449111001845,0.05065833103631712,0.006530449037439683,0.017613393765162355,0.0016028499374794477,0.033548903856618295,0.036620452204163524,0.003016882222247534,0.020189253031295318,0.0,0.012796749929791879,0.010273225683177751,0.07523842085785035,0.0,0.0,0.03505397118503206,0.004220994465102524,0.004450067402729519,0.0459767304938388,0.0,0.0,0.009529140652539656,0.003959960695906895,0.0037406693031006954,0.0025771843557759297,0.04374368416491922,0.0,0.016548357895761593,0.018979181907059783,0.028913071650272903,0.03636201432034641,0.024816229854256636
103,0.013520928698462577,0.0018699701765216388,0.005601233174930351,0.019326612727405088,0.023062316180391146,0.0,0.016273312683288743,0.033348436504814706,0.035171871014947544,0.017573209307354887,0.010447258048754604,0.026974732721434806,0.006675082934455616,0.003155711277152369,0.010310895412251263,0.024067925839866118,0.029559498423459913,0.0022608609213473694,0.026609154823274216,0.020998277054347314,0.0016018336664359177,0.030355018045019565,0.0009561417855086816,0.04790087321301134,0.007951114638397403,0.00044387419739860915,0.0003649653332687803,0.035265807289475766,0.0096952047866238,0.048360776632009383,0.018537340841471937,0.0011844282751164114,0.0008961505671525689,0.006459930616330179,0.009484047062385748,0.021088745536398508,0.004520291137334662,0.0009240348804279354,0.0033547310119460758,0.0,0.008842726742035413,0.007921329266806415,0.015772755575362694,0.007209591243229099,0.00045059082604030246,0.022614318567751226,0.0064945272603494425,0.0030628145023037893,0.029953311268066458,0.0012672714891824464,0.038268582588200234,0.040247180245360434,0.018393994156446138,2.59189695147065e-05,0.0034361578324546382,0.007846816949628436,0.014109064223073163,0.019241821210092127,0.008198772726694253,0.018841883001135862,0.014554599672778975,0.016195552592809505,0.04264706791065055,0.01248592257915323,0.0030013781936107558,0.015580187198294704,0.022167616952682496,0.024941405164605253,0.00468743024347834,0.0555515335830964,0.02363001439482732,0.002928167001661142,0.0009443044299025249,5.4251645370568475e-05,0.0,0.002576904592275201,0.007965595386944956,0.0,0.031805452362024644,0.03139432489678908,0.03841948194580268,0.03532471633848302,0.03061741903260264,0.033526060173306525,0.0,0.016142689728090083,0.04654005833073998,0.0014104811181012036,0.01004204244768379,0.0033362720976252247,0.003694323723717847,0.001961393564459785,0.008167935303998008,0.014724617667043088,0.05793549722806328,0.006446191915816393,0.006816129487300039,0.006428190057235365,0.0015981397043326488,0.0001384928293183189,0.01865276327479523,0.005366829437048501,0.012796749929791879,0.0,0.047623118599710954,0.13841430970072136,0.0,0.01601211373932475,0.0073634048169901175,0.014647639331024169,0.030907325936415805,0.013223662703275378,0.01281759837895695,0.0,0.014968236104330472,0.03551175956630455,4.245834735235403e-05,0.05897338303174488,0.007057621751271796,0.0,0.005380833718546201,0.028201053370512475,0.003794231779426378,0.013108479022649182,0.07810777709119932
104,0.002056397300099768,0.03262882692790342,0.00635437631748483,0.04259517081561633,0.016842069654859466,0.0,0.0657468815668724,0.0025695177906376195,0.0007730084129810877,0.03533921375751173,0.013313131854557295,0.025447441694538428,0.022190984650022238,0.034800388902294005,0.01630764806225474,0.02521347103863283,0.012160044149168886,0.004536525147411982,0.0553957468309931,0.036653572583218344,0.02580887399008536,0.04747344718379216,0.003004730106655667,0.013338957666753103,0.005101563305041179,0.03506094786801186,0.004546700445260749,0.0016716127601355693,0.0003774272465181543,0.029696885937068325,0.002135692477596149,0.04157067692699364,0.010902511563770657,0.023255277437699985,0.020988103801649345,0.002507323048652184,0.02373660968888121,0.0035288428561383624,0.032231555718848795,0.0,0.0035198837284352385,0.00898037356893867,0.019194780368518814,0.0472837027398306,0.04660160265171304,0.00142520587458931,0.030235772780445366,0.00336896432505296,0.002754507944225468,0.041608992266796235,0.006333755435694278,0.04035141093592693,0.025100453109116003,0.006087150559618004,0.019171999884657523,0.005300028072701761,0.06037661150495154,0.012846678410574306,0.003347180700240126,0.010926066583702449,0.0028623925499352476,0.002218735163375712,0.04255637504534899,0.006694931532940359,0.0006925643380824303,7.268474077899794e-05,0.0007018388315500683,0.0005487325097547936,0.00252352339232548,0.003573146095930692,0.03432804287806127,0.01665289797227007,0.007340891154673016,0.0007191850067974861,0.0,0.013526925235342085,0.0023020296163844462,0.0,0.0005708072427748109,0.011972101805212588,0.04467016938330219,0.04028169712140948,0.000911731665199816,0.02393281062861435,0.0,0.004230714248381858,0.0021933053196796126,0.0048327542949387296,0.025724413986563277,0.007734279923472427,0.006483060772473813,0.0019214588018807118,0.04389898204388299,0.0017760985610132051,0.005177911933320971,0.0029606045974815602,0.0036356263273787247,0.02046459867943325,0.0017358498556781469,0.0009252741101082213,0.02583482527745129,0.025092117154092514,0.010273225683177751,0.047623118599710954,0.0,0.016161882043612356,0.0,0.0,0.004295396773549517,0.04139331004534388,0.045328730372285415,0.02149718281680852,0.0,0.0,0.013681427309673852,0.002162982137588896,0.008591222972149492,0.015720621625585577,0.015112876923962869,0.0,0.007850119018009175,0.000552588747432903,0.0026966149573678893,0.012550805569486562,0.0008111005568836783
105,0.03734930823164792,0.02055001441666863,0.0019613039100178156,0.002556023357183709,0.0017467159948505065,0.0,0.006923936239076499,0.058812749807438953,0.04126318173100897,0.08600622277105167,0.0661747142049176,0.017169835197513892,0.03050805662632606,0.000706483875538872,0.013859007264706784,0.03344894233964692,0.07832511519740246,0.0016712211593723314,0.11440957087530697,0.01990191328248206,0.048155882473032346,0.02678709603143036,0.0055172679787878365,0.02116673543945614,0.007584131697807169,0.029636836952917654,0.07507066649009557,0.03654266184356682,0.005231823733421112,0.03981323878293196,0.049820727982344964,0.00010477561626351597,0.013429856890956625,0.013726609702996077,0.01316312166834924,0.021067071452031346,0.0035716436473506494,0.07146662162720488,0.050471473705295075,0.0,0.022258965917885763,0.008884937021398406,0.022418664553359943,5.670717353135911e-05,0.04796751897225345,0.030510179980415063,0.005086220094566316,0.002232978331946871,0.02050758875711135,0.005792540353177048,0.011571599020674906,0.0389135031001563,0.001722005632996351,0.052740609632651335,0.005352678652841911,0.0013225238176893589,0.016968806532796032,0.026779162051349847,0.05488101209598176,0.036514677763246815,0.008177164338553493,0.057120839984046816,0.003982780345123091,0.019798854168065174,0.017166271153335036,0.033703763881654275,0.0054347274845223505,0.008368379149228092,0.013602875089197936,0.0073571047219486594,1.0690712884720632e-05,0.012237631972603198,0.004052634590776679,0.02050318434133519,0.0,0.046400935961362945,0.04121404525453132,0.0,0.047369038969412594,0.03418849627827386,0.09923230577926587,0.03529852911982744,0.059555711269344384,0.056103146279430575,0.0,0.09280246933318764,0.0334809235594376,0.04999377358535625,0.06880736142516514,0.04206293833295601,0.10352935092088589,0.01159754524157786,0.011353593804346638,0.005810457801533862,0.072992857872657,0.0027162501445557943,0.006453991528660035,0.035774850524795,0.030195755284118015,0.0028121693832185747,0.005252005933345449,0.01851000872022964,0.07523842085785035,0.13841430970072136,0.016161882043612356,0.0,0.0,0.06467382697920523,0.02426377311550729,0.0057637287526030295,0.12953697122914215,0.06090630002536221,0.007744903413075572,0.0,0.04922037806388333,0.07110457045763827,0.06490770041018107,0.005755512619301583,0.013812668844109739,0.0,0.018578981109070136,0.011246406243080568,0.0036425837581491307,0.04702059427236169,0.0849686697982465
106,0.0,0.0,0.0,0.0,0.0,0.0,0.0,0.0,0.0,0.0,0.0,0.0,0.0,0.0,0.0,0.0,0.0,0.0,0.0,0.0,0.0,0.0,0.0,0.0,0.0,0.0,0.0,0.0,0.0,0.0,0.0,0.0,0.0,0.0,0.0,0.0,0.0,0.0,0.0,0.0,0.0,0.0,0.0,0.0,0.0,0.0,0.0,0.0,0.0,0.0,0.0,0.0,0.0,0.0,0.0,0.0,0.0,0.0,0.0,0.0,0.0,0.0,0.0,0.0,0.0,0.0,0.0,0.0,0.0,0.0,0.0,0.0,0.0,0.0,0.0,0.0,0.0,0.0,0.0,0.0,0.0,0.0,0.0,0.0,0.0,0.0,0.0,0.0,0.0,0.0,0.0,0.0,0.0,0.0,0.0,0.0,0.0,0.0,0.0,0.0,0.0,0.0,0.0,0.0,0.0,0.0,0.0,0.0,0.0,0.0,0.0,0.0,0.0,0.0,0.0,0.0,0.0,0.0,0.0,0.0,0.0,0.0,0.0,0.0,0.0
107,0.0,0.0,0.004206648525921585,0.02728249367711087,0.0,0.003105518642071358,0.0,0.004789693749116594,0.0,0.0179751859541668,0.020045453292246242,0.0,0.04524172547920442,0.01868863672957667,0.04448047312124799,0.06288078055229367,0.03771719529191722,0.016853602752321027,0.0237686363958332,0.045642468729632596,0.0,0.0012363196281826832,0.025247473513165763,0.02504027170417461,0.010860477807630201,0.02244718999672786,0.020288196900024712,0.0,0.0,0.0,0.0,0.0,0.0,0.0732065606090953,0.0020762113699573457,0.041108048380795625,0.0,0.0,0.03348270545210913,0.0,0.01938998148808265,0.025823464073641323,0.016115393850127457,0.018952588489046816,0.011611351427599531,0.006632584406971308,0.0,0.0,0.0321892160578385,0.03309328167282047,0.0,0.04199056929626956,0.03547620752682639,0.0,0.0014096063754242393,0.006035265437568089,0.0,0.0,0.025670034802934522,0.0011064582690872794,0.0,0.07187886625184896,0.04600569463796744,0.029370386987216324,0.0,0.0,0.007560463105325427,0.0,0.03238117753076389,0.0,0.009394856840995369,0.0,0.014534049399103799,0.0,0.0,0.0,0.002153881125324878,0.0,0.0,0.031898323504107165,0.009373934278182925,0.0,0.03600727443674963,0.00894577904161379,0.0,0.008695295512789128,0.0,0.0571523539809687,0.01386269393157316,0.04347694980156049,0.0,0.0,0.025817499682487786,0.005748942153894212,0.0,0.0,0.050650578442305215,0.0,0.005586806328169645,0.0,0.00715538516422896,0.014561190510836717,0.0,0.01601211373932475,0.0,0.06467382697920523,0.0,0.0,0.0,0.023709470847569764,0.027349097165005484,0.033723710867502886,0.02796951400068604,0.0,0.01365938364398834,0.02765979886189305,0.0,0.017188300216227623,0.0021971057401127202,0.0,0.0,0.03351707536303834,0.0,0.0,0.03310152559039176
108,0.0004172919614657823,0.01611099885820306,0.06162056414370205,0.0005463816908189197,0.04915554046974463,0.009415211487700382,0.0002853336070720672,0.030182612202176346,0.018457991549918763,0.003649620191961479,0.0052875747186048126,8.12343195852244e-05,0.04852240120388035,0.0020001770833876537,0.014727091895028514,0.011792528715581124,0.006018900658773147,0.00028098262961937767,0.0008917630030979884,0.022345158096752547,0.003296506728066201,0.020139278709134602,0.026243180816800736,0.00944050418076124,0.0023568868778483156,0.008279556593565553,0.018470917283814708,0.00041481451128702585,0.015835816794557186,0.00028100722917678015,0.0017874693961188555,0.023721133961124963,0.03180241892711285,0.0015796163939491687,0.0061576302462339316,0.007949466476756997,0.008325387085936446,0.0008222294315225531,0.03495726305880753,0.0,0.004134360742133764,0.04438125165109383,0.011178086001883162,0.0002492438035883323,0.013076028380571142,0.0011003534803231186,0.0033087757289459617,0.004411637759284388,0.001565336375600219,0.023773979307505244,0.005655772650947375,0.04686201578677643,0.01309955627667372,0.06252035454188815,0.007326462918326451,0.03769306121557245,0.0017172407496217068,0.0030399241805723716,0.03237000337442071,0.061821280036690796,0.0057799131804606415,0.010877603580383548,0.004983933021405561,0.0005036551217151839,0.016296885484332054,0.014907709448125188,0.007630992200529482,0.0006826213031605204,0.022331681330676548,0.002686730705611264,0.001270563955526322,1.8249631168951516e-05,0.00015518793786273565,0.05736093605212402,0.0,0.00966520301792358,0.008546776306805436,0.0,0.0047598967024429515,0.004773137586389249,0.028071401067545788,0.04127755483493853,0.05702848771538318,0.07501266896536032,0.0,0.02030075641954593,0.002913741366702626,0.01841605634703567,0.023141494010485427,0.016554937802485393,0.004565352675941436,0.021527859289857402,0.05992975821749433,0.01560135169255293,0.0033500763732191227,0.0029692182844281365,0.0004884805807068927,0.014242373136112924,0.0166147914803049,0.000559824023397599,0.0009780308453345705,0.054582278064075604,0.03505397118503206,0.0073634048169901175,0.004295396773549517,0.02426377311550729,0.0,0.0,0.0,0.02280855035268322,0.06413839560663852,0.05827783797643489,0.0,0.0,0.011801218180326103,0.02174615296523577,0.0003390111227916761,0.017880152630913866,0.018107040190771057,0.0,0.0006935528409175683,0.034150104020930036,0.0187634144117756,0.009474858475072321,0.025697905212035195
109,0.0,0.0,0.0,0.0,0.0,0.0,0.0,0.0,0.0,0.0,0.016907941525496066,0.0029925798274613824,0.011568992768018312,0.023944931134083358,0.03130162143041517,0.0,0.031809648666179614,0.0,0.02155135792927774,0.0,0.0,0.03892883508562558,0.0,0.0,0.0,0.03116832025796954,0.041188846702767,0.0,0.0,0.0,0.0,0.0,0.0,0.005012993796482819,0.012501187456085656,0.03655605066282055,0.029652258501604502,0.0,0.02482845954131749,0.0,0.0,0.0,0.0,0.0,0.01995344132258,0.0,0.0,0.04085426163505632,0.005341692466169176,0.0378610189299875,0.0,0.030073672013013208,0.03210225138374454,0.009008402812677917,0.0,0.0,0.008881171411010995,0.028780572103452556,0.0,0.0,0.0,0.0,0.003278311508167809,0.0,0.0,0.0,0.0,0.0,0.017600995976115995,0.0,0.019192504958178234,0.012033917127056877,0.0,0.0,0.0,0.0,0.0,0.0,0.044126734675699116,0.0,0.0,0.0,0.0,0.04693537921159844,0.0,0.0,0.0,0.0,0.012454817792926828,0.016259944827780426,0.004147641492469353,0.0,0.0,0.033082282806199785,0.0016954022229388153,0.0,0.0,0.01229407268645713,0.014065758180948004,0.0454185401160524,0.0,0.0,0.004220994465102524,0.014647639331024169,0.04139331004534388,0.0057637287526030295,0.0,0.023709470847569764,0.02280855035268322,0.0,0.0,0.057170564362290135,0.0,0.0,0.009614381033676624,0.01005407425064175,0.0,0.0,0.034221618349336715,0.0,0.0,0.005349149785979606,0.011473820212794104,0.0,0.0009473227835990296
110,0.030033881419376414,0.0022357046537261173,0.02737334262567106,0.014211692758999882,0.036127529667420534,0.016557677754750977,0.08985164858108531,0.0943278249360368,0.0858691893078262,0.05359994191811637,0.05428869801960745,0.016944362962264,0.013554849311608932,0.027869521639795728,0.0020947362221782695,0.03202474695107311,0.04340790522238317,0.0069568840809453025,0.0363414309452709,0.022821691764011526,0.027255151435554546,0.0031157302598143768,0.010518522166064415,0.007516353221615818,0.02800824281789981,0.015390692516737199,0.09115628271080628,0.039227802598714466,0.023220820732724752,0.0036083707973717984,0.012052858310915465,0.00767619978935422,0.018164306236186655,0.00915743478730884,0.02711484277935269,0.07334707032526488,0.00976655882366751,0.046284177990880096,0.24786370447108336,0.0,0.016264827582926536,0.012899390773762367,0.03381510107410377,0.0012663502567217967,0.015694246482355005,0.01666815024675895,0.05222923868265426,0.061083289579216674,0.05770307433571252,0.030109786913753187,0.016534882751479227,0.036840111523461117,0.0427569294773317,0.02560654682738914,0.0018192983011364296,0.011593088278359176,0.04067679969397985,0.013287262973046606,0.034376512571565494,0.16693316809704192,0.009532261090204133,0.03878135889269756,0.019444194939853124,0.2860146129741663,0.01198753878792507,0.006094466742486786,0.009343709202141753,0.03762638654999684,0.04690236493735464,0.0632518653378289,0.013081621003003262,0.0029690647961004594,0.0837710198576044,0.07377504091624201,0.0,0.12907023170924095,0.02429422565061957,0.0,0.16216225175008733,0.018718698982056626,1.0,0.26533643675096225,0.3584069547202878,0.12432540493951554,0.0,0.014198424854252798,0.15607530764889968,0.25807532493558116,0.3796845926584549,0.1130253656533319,0.14477711596984216,0.06460581637206157,0.054487464245890016,0.03245982577843037,0.21864209466186135,0.034169100802638915,0.00226155612382198,0.023057149426675666,0.033749625744446544,0.001176610871641409,0.07361358889308371,0.1445349269939059,0.004450067402729519,0.030907325936415805,0.045328730372285415,0.12953697122914215,0.0,0.027349097165005484,0.06413839560663852,0.0,0.0,0.20352096548435433,0.03963256252918689,0.0,0.05638197810787446,0.13432194526914684,0.055336045947102,0.30841786173713037,0.05876491198896294,0.0,0.010995203195259873,0.03814968773974135,0.0276276710172829,0.15326497260502744,0.3301317021835598
111,0.017094943288932886,0.003036816444368869,0.025711188484298125,0.010125397335917205,0.03695377771761281,0.018094932915862023,0.005075530064082056,0.026116931596619757,0.05024319348878415,0.007699747901582922,0.0265517652353727,0.008813294829993556,0.002503049506224252,0.05090256427586059,0.015723444965840137,0.009533507881910593,0.00909694583082515,0.003188654697490289,0.054141091019530935,0.0026732502545742188,0.003065046888433783,0.005314812458271387,0.05253692302585703,0.05411550072002618,0.04460309715268146,0.049457032392422925,0.11798474354604233,0.010443833986532673,0.04415835312449613,0.08029089488021034,0.005628853865836567,0.0019515142977401248,0.015601283532366462,0.06396678669146384,0.002095013555666698,0.14697099194418523,0.01020600829728874,0.04761608465318575,0.1361025516751789,0.0,0.03772846579404784,0.0007495492470656398,0.004490783074455094,0.015580004068623633,0.046576214307208506,0.04319960624734229,0.0043766482087264635,0.03698151174781934,0.03380281833915615,0.0016375647905110655,0.007766521107328003,0.10215431453686229,0.0145650778075181,0.05508590449068889,0.007144075700867263,0.01540864374923048,0.0016221221515217528,0.029142024934074518,0.06182952869357572,0.128200660004188,0.05879955158584483,0.07207416389242721,0.02446248101934616,0.0997016994347755,0.00971478290410644,0.0038546346975584203,0.052304637734174084,0.04484221675493611,0.025297009101441306,0.06319498570413955,0.008738593793663178,0.015188254347163184,0.002282321088147075,0.03333095482091617,0.0,0.052471576806939424,0.08137732410466178,0.0,0.11754099401433729,0.10771036516766977,0.19528434984538734,0.17208458035451427,0.136878354472954,0.09066625888824507,0.0,0.09809030144606554,0.07619081466584532,0.06953088318588474,0.10344427584590046,0.061353349788325746,0.047137315882877895,0.02424361476463036,0.17071930329493284,0.003297191650902741,0.04995765144628117,0.0013648290424089127,0.0018958003570588781,0.014961795888676459,0.0647503494086045,0.015297929111865307,0.02680348506616178,0.007139636282694228,0.0459767304938388,0.013223662703275378,0.02149718281680852,0.06090630002536221,0.0,0.033723710867502886,0.05827783797643489,0.057170564362290135,0.20352096548435433,0.0,0.09418400921907713,0.0,0.06411355416766278,0.012310322233471284,0.04214067279881258,0.18235332668629972,0.06006419668103236,0.0,0.007511912644000754,0.056160562098870305,0.022826896096106265,0.1414020168430736,0.18393567153148235
112,0.015500180882309924,0.0,0.008482096069603966,0.0,0.01847369369175955,0.00038394104090734875,0.0,0.013690940703201471,0.0,0.030097393034675866,0.0,0.0,0.003857532088253178,0.05305592177701893,0.014461860574893662,0.018364714306339125,0.0,0.012755993286782043,0.0,0.0010832207902399828,0.014449712056887453,0.009801501351022724,0.007590526597470783,0.0,0.03196561223250114,0.0,0.0,0.017624382703768635,0.0,0.0,0.0,0.021929458991893365,0.0,0.0,0.0,0.04432375671046864,0.02830035612787309,0.03621449445199885,0.015560705751370614,0.0,0.0,0.01837928704785711,0.026602407908052225,0.03844806120081214,0.0038034895169038858,0.0,0.018894982504420486,0.019532681665918972,0.01572707746878317,0.012945290337774917,0.0,0.0,0.0,0.0358603387466222,0.0,0.0,0.0,0.025499687142205622,0.005598713360720575,0.03573144413576433,0.00900512924514755,0.0,0.0,0.028832366122124052,0.009281821840278886,0.0,0.014489198844045915,0.03108538668935051,0.043998798083196684,0.0,0.01842997517130383,0.013002838081982458,0.013714792326328934,0.0,0.0,0.0027237266620228177,0.015386811684532403,0.0,0.04948168981866182,0.029456106141922917,0.0,0.01935762740109646,0.0,0.0234011753945271,0.0,0.0,0.0020458258840157454,0.03983135395015581,0.0,0.0,0.0,0.0426030476640171,0.008407619754276823,0.04899538968488668,0.02140763016232067,0.02855691005709635,0.0166446053695398,0.0,0.005476517182203015,0.011469979809365404,0.0,0.0,0.0,0.01281759837895695,0.0,0.007744903413075572,0.0,0.02796951400068604,0.0,0.0,0.03963256252918689,0.09418400921907713,0.0,0.0,0.0,0.0,0.0,0.0,0.0,0.0,0.0,0.0,0.0,0.04076411263184511,0.009899462352966813
113,0.0,0.0,0.0,0.0,0.0,0.0,0.0,0.0,0.0,0.0,0.0,0.0,0.0,0.0,0.0,0.0,0.0,0.0,0.0,0.0,0.0,0.0,0.0,0.0,0.0,0.0,0.0,0.0,0.0,0.0,0.0,0.0,0.0,0.0,0.0,0.0,0.0,0.0,0.0,0.0,0.0,0.0,0.0,0.0,0.0,0.0,0.0,0.0,0.0,0.0,0.0,0.0,0.0,0.0,0.0,0.0,0.0,0.0,0.0,0.0,0.0,0.0,0.0,0.0,0.0,0.0,0.0,0.0,0.0,0.0,0.0,0.0,0.0,0.0,0.0,0.0,0.0,0.0,0.0,0.0,0.0,0.0,0.0,0.0,0.0,0.0,0.0,0.0,0.0,0.0,0.0,0.0,0.0,0.0,0.0,0.0,0.0,0.0,0.0,0.0,0.0,0.0,0.0,0.0,0.0,0.0,0.0,0.0,0.0,0.0,0.0,0.0,0.0,0.0,0.0,0.0,0.0,0.0,0.0,0.0,0.0,0.0,0.0,0.0,0.0
114,0.014153950774161152,0.0008721766729342044,0.017236812172757677,0.029242094068052994,0.01290051568302857,0.047118370667208996,0.0031156934325557452,0.025795353613042766,0.014073199298056196,0.03439877539996716,0.003777321928620295,0.003893136646077046,0.03814881825137257,0.02454260321064914,0.014677954802423267,0.0003272622867312123,0.020942658881200654,0.007544339315071643,0.0065729047188728415,0.01603723264880399,0.027927416876758784,0.018389739924269736,0.03334781734030005,0.008370619259154733,0.008041152753607455,0.0055539271411773035,0.02439039261061855,0.014593043156706363,0.0008048575179279463,0.024559813984430606,0.017699813553197566,0.0367787179373538,0.005404116023221876,0.00975368992457251,0.01850540664698417,0.015523112214839794,0.022141211134443492,0.00010880640668696347,0.03533024241682964,0.0,0.06192974270734253,0.026069449037215375,0.01872565744920935,0.023981509190814085,0.03442698685110857,0.004820696775106922,0.014735343959023747,0.020400078928402492,0.010842036740716087,0.007201183827584738,0.06803781230266195,0.03973830256733188,0.00634333752747225,0.05122518745428844,0.02524020456953798,0.034005948590784256,0.0026904743418176306,0.010470377045575224,0.04425260930766408,0.06484718534423126,0.02872494510934076,0.0033191312407473104,0.006686693848452934,0.12936575660629854,0.012184873186069818,0.0021168248514782926,0.0057551305531075665,0.05896051089506536,0.050422778713356105,0.0640027149160602,0.04563091907526628,0.008171352242733855,0.004942645721068314,0.004594986494047033,0.0,0.012388693066940043,0.016603252761213414,0.0,0.04689391987865332,0.009585442094574263,0.044806289352420384,0.022053916864967032,0.0238907970834879,0.044865415230878294,0.0,0.03343568076828449,0.009139214198781845,0.02956211526399785,0.008730600170647557,0.050467153710717715,0.05631355085301064,0.0019004094362771134,0.04861940857887655,0.01976136978570628,0.0077591504178835145,0.010048429228737872,0.06285516015202779,0.00727736100618592,0.014934305352463562,0.04341944987686159,0.011618574757722535,0.009660293283960321,0.009529140652539656,0.014968236104330472,0.013681427309673852,0.04922037806388333,0.0,0.01365938364398834,0.011801218180326103,0.009614381033676624,0.05638197810787446,0.06411355416766278,0.0,0.0,0.0,0.014467946034709278,0.019770362068479153,0.03166562977795784,0.018976291203263954,0.0,0.02843510648011765,0.011378507738546519,0.015648641837712977,0.007238187959880747,0.02421030509786602
115,0.04221987436497539,0.015217370347023196,0.03480722499095454,0.028922298716155554,0.06480848045364533,0.0,0.005972468340543199,0.04274096673065295,0.03262359121898692,0.027435570651072775,0.03598237336873732,0.014984262158256274,0.0013601291093577154,0.040958308522586265,0.00553802086721674,0.023698693422177935,0.015035219532465609,0.02451396229174496,0.00130643898262888,0.0011212278007461903,0.004033732679207819,0.019601260445085807,0.004752873803492308,0.01881355054784656,0.016470596947753203,0.0018301552843181844,0.06746407810653808,0.0017028091789245028,0.011864726634464133,0.015835601348608105,0.013434979986113201,0.0010068482662804767,0.02607239767073303,0.008830898243143169,0.021928091402860946,0.03910633936470337,0.018855221159673592,0.03499312093177307,0.0921513673940109,0.0,0.0038978009086341283,0.0031482567617117066,0.03590864468884517,0.016686967901754127,0.02930004125297033,0.015046527755032577,0.016583090577340913,0.05238306639166654,0.03650021446942126,0.14576568640214205,0.04693236649561198,0.0010574328694732526,0.005394135833447382,0.0551774850442742,0.0011014355032414362,0.003717279281365948,0.019185273984941572,0.02025694298229271,0.020366488606775878,0.0158059228967357,0.027301882522043307,0.019490325777893613,0.0336282844816265,0.04108812189179738,0.04251214197620845,0.006971697057568021,0.02912062066180727,0.003327900731356943,0.008022354290499085,0.01751386717392021,0.0011283459886011686,0.05635818318484945,0.03028650945355111,0.043404553047744446,0.0,0.07644118937634442,0.007974263709382753,0.0,0.005315292594518663,0.008721006446003097,0.18512995212485525,0.21346617467175047,0.10224660683036199,0.10916687013354595,0.0,0.02123251824804686,0.08198258474167128,0.02709886577360667,0.02424845993973612,0.04451265518566205,0.024295924830726658,0.02954629402492332,0.032732898008468646,0.003046408171126389,0.09114842331385349,0.05556551104057704,0.010838040090767343,0.0009961874312946894,0.010845321915628928,0.012320332070313127,0.04408498163854755,0.048708387180083204,0.003959960695906895,0.03551175956630455,0.002162982137588896,0.07110457045763827,0.0,0.02765979886189305,0.02174615296523577,0.01005407425064175,0.13432194526914684,0.012310322233471284,0.0,0.0,0.014467946034709278,0.0,0.03250006985574617,0.19202132162871172,0.011358267254176565,0.0,0.017363995102523046,0.03348687870088873,0.06312230568638469,0.017957054917681216,0.10428114733770574
116,0.05396984904102233,0.013833742779560078,0.007117576668756427,0.04114888453945881,0.023710934410441347,0.0,0.08533130031862761,0.062230950485817664,0.05075076419211138,0.03177775148535635,0.030846628440440463,0.004830406064133575,0.0003879649259127536,0.03203050754476738,0.0075382535988081,0.03305139225442851,0.01727880186742509,0.03368127525405408,0.0027609225671029435,0.006492672000709084,0.02126148505689751,0.06224014564984331,0.011065907439389832,0.019153634828301014,0.005540832769748859,0.030433370153018415,0.006777132115484487,0.008505821119862023,0.010018181884557832,0.019088853102739497,0.04502280943695991,0.002605201070042472,0.013109833698871698,0.038472721283766394,0.006970698824153759,0.058147052538133,0.011844934860213032,0.03584035626730053,0.13163440831052897,0.0,0.0007868840303635193,0.005773289439494884,0.021647983221936642,0.002280498805207445,0.02556259370302655,0.02790605673599231,0.02913626114965535,0.04977678763158926,0.053968258164099434,0.12550330616807281,0.011853954228005805,0.03993647638383246,0.0013906581770201543,0.006548995483164463,0.004967592298561937,0.030061524553528302,0.002603634044000152,0.06876996314272804,0.01858449511022671,0.017763420282259513,0.0005398953084525258,0.025815733585179704,0.033301259543709126,0.0077755041682995565,0.004797631183549549,0.014306716054375009,0.005781340724419337,0.019238672870873084,0.01764852599232845,0.036481671973005544,0.0018665330220080918,0.009186332218191205,0.00796391278260782,0.05512223210816103,0.0,0.021458629881339935,0.03776639753920135,0.0,0.048279479720385585,0.0823967627627019,0.031230327705371475,0.0736690263134682,0.06775642757141116,0.04170360235033618,0.0,0.06802141694371924,0.038126554226289244,0.011013881102254602,0.04159990544143028,0.015312585324158013,0.04135110417106906,0.007201711764373545,0.009543772412994471,0.0011233552589226727,0.019692411025001626,0.0034174848610195683,0.011456107209317968,0.02846643105020446,0.0,0.002337860996117634,0.002316427425773518,0.008013516826069895,0.0037406693031006954,4.245834735235403e-05,0.008591222972149492,0.06490770041018107,0.0,0.0,0.0003390111227916761,0.0,0.055336045947102,0.04214067279881258,0.0,0.0,0.019770362068479153,0.03250006985574617,0.0,0.1663050447854063,0.05127783136426992,0.0,0.03418312450073917,0.028359538321795594,0.060295307181331366,0.007524829811914755,0.028886244146357654
117,0.042631139472519564,0.0018397637245872458,0.036628588985909,0.033933542757076905,0.160901689437285,0.007984841782711775,0.09699203386601507,0.03927052492489796,0.05862308523324976,0.02514437591534411,0.008773886587150845,0.031939242505566595,0.001171750655374821,0.19729762272552553,0.012663494218202561,0.0007365504551506049,0.030427433489938753,0.058016237209246126,0.016225207470759683,0.0019363405984509907,0.026998093333214342,0.014273322385906813,0.0015478623240680993,0.002508016905511744,0.01967836056305875,0.0697672628985894,0.04975051508834131,0.017531131100105516,0.019241713721378194,0.008898074362664153,0.012441182968616845,0.0041777520667534524,0.017013377157694656,0.050367461308888174,0.03689369028881295,0.0727708693515821,0.04291965533212387,0.005606009278567764,0.19074297988980005,0.0,0.02458816135057752,0.05202957819928688,0.019734568513675513,0.0023790837059588722,0.045363883308434584,0.0068267142505618154,0.04204046861166149,0.19222582566314875,0.14034610589114294,0.20272591446618501,0.032805011911650354,0.04815193096003027,0.0035609964647553794,0.03615509621100386,0.0008589415376105132,0.05495348682278812,0.0147663788549667,0.019767428196713274,0.06620720048482341,0.21094084661776952,0.0571722439048352,0.006162888715540913,0.014508703963988515,0.10757360842820878,0.011229378368304501,0.004893692767719358,0.03361604025531018,0.02037292892310454,0.002755496825134082,0.1668356245544224,0.008474189853533105,0.0022811084065045995,0.019631803136511496,0.07647115397788551,0.0,0.01524441183136998,0.009611054861988787,0.0,0.011310971795114564,0.07297575311228066,0.41162353988935124,0.4545323633882667,0.2866524921280604,0.294348742894602,0.0,0.08918638584787102,0.17673612618784615,0.1353895344773424,0.05747022471509893,0.1247200907723078,0.04856815963337115,0.09806490895398856,0.1706631640343273,0.0014265145381420936,0.37595083874670865,0.008553775652039183,0.0004298361163866357,0.02670343779501047,0.029864264782114187,0.03785072329537963,0.2227081586116664,0.06706043139722269,0.0025771843557759297,0.05897338303174488,0.015720621625585577,0.005755512619301583,0.0,0.017188300216227623,0.017880152630913866,0.0,0.30841786173713037,0.18235332668629972,0.0,0.0,0.03166562977795784,0.19202132162871172,0.1663050447854063,0.0,0.02671514455455478,0.0,0.0722882046959392,0.05740006836730198,0.05462791468458258,0.033235622452777176,0.26349384042515533
118,0.043835235079834244,0.047544794105038694,0.030010475626220928,0.03801749746224415,0.0022078517069882165,0.02609478642101163,0.01734016826759487,0.009811049484575689,0.04422209137987585,0.03390361108098661,0.057662693722257165,0.025991989964398023,0.019613266892331636,0.03075752265658365,0.009242400732809972,0.05587011085003763,0.06845426423175512,0.019438567584239636,0.03084836516441699,0.04975542596502352,0.03753679207264557,0.015059945791112906,0.003475608164511626,0.019902066177390487,0.012041427961963962,0.005897274348617725,0.07916955986668961,0.0006313952735500712,0.000870478854452325,0.031036441124310973,0.013382314319726332,0.007523682870670197,0.015821273984260302,0.022599803990939776,0.001685503509795703,0.07575286615165852,0.014680109163420954,0.06027487564334687,0.14253772830064063,0.0,0.011893136300882344,0.001666360518997279,0.039770566528779576,0.03273149863585564,0.0015254889878495565,0.024471910110497954,0.004144550590637241,0.03490120819354167,0.04685294204292112,0.04723636878240589,0.019497078090627833,0.04832104008072923,0.016260962931636876,0.030101797073335997,0.003585111252650318,0.0045405366780504166,0.0037538041496794697,0.009501471268435365,0.37893544570588433,0.06120475891289928,0.03844933542604555,0.0068025778845738705,0.0036648833041802572,0.08581511184838449,0.027679221687032282,0.012570409973717452,0.0834851811204133,0.04093180879595651,0.034542601094731055,0.0020908808109221695,0.0004607950327834058,0.0012970378396594965,0.01051106542299989,0.005646258710994606,0.0,0.017225289617629584,0.02325496463069868,0.0,0.01036938186194317,0.09127141482871112,0.0702100115635465,0.2471749988761525,0.07771162878724425,0.08944663906705738,0.0,0.1704955707942334,0.0891226656225881,0.07905220249290608,0.11008894982719608,0.009851398392099071,0.018712273012875022,0.06476454104635615,0.1641163678805839,0.011200152214610867,0.06260768127678494,0.02382439582775209,0.022598023900525805,0.013446895125847357,0.0,0.0297476206482289,0.04368762271647372,0.0283382558193246,0.04374368416491922,0.007057621751271796,0.015112876923962869,0.013812668844109739,0.0,0.0021971057401127202,0.018107040190771057,0.034221618349336715,0.05876491198896294,0.06006419668103236,0.0,0.0,0.018976291203263954,0.011358267254176565,0.05127783136426992,0.02671514455455478,0.0,0.0,0.09141637101637777,0.038335647420005614,0.06802335119966746,0.03577140013634553,0.06719617164361316
119,0.0,0.0,0.0,0.0,0.0,0.0,0.0,0.0,0.0,0.0,0.0,0.0,0.0,0.0,0.0,0.0,0.0,0.0,0.0,0.0,0.0,0.0,0.0,0.0,0.0,0.0,0.0,0.0,0.0,0.0,0.0,0.0,0.0,0.0,0.0,0.0,0.0,0.0,0.0,0.0,0.0,0.0,0.0,0.0,0.0,0.0,0.0,0.0,0.0,0.0,0.0,0.0,0.0,0.0,0.0,0.0,0.0,0.0,0.0,0.0,0.0,0.0,0.0,0.0,0.0,0.0,0.0,0.0,0.0,0.0,0.0,0.0,0.0,0.0,0.0,0.0,0.0,0.0,0.0,0.0,0.0,0.0,0.0,0.0,0.0,0.0,0.0,0.0,0.0,0.0,0.0,0.0,0.0,0.0,0.0,0.0,0.0,0.0,0.0,0.0,0.0,0.0,0.0,0.0,0.0,0.0,0.0,0.0,0.0,0.0,0.0,0.0,0.0,0.0,0.0,0.0,0.0,0.0,0.0,0.0,0.0,0.0,0.0,0.0,0.0
120,0.0036174527870503994,0.00519520284228935,0.004615086666722113,0.05654018238115118,0.0034275029986977523,0.016490125989321543,0.01871655174621453,0.021307827663166256,0.02483117217041859,0.0035878108387716345,0.011183405200295787,0.0212488026902697,0.0031768091960776507,0.014948130306001851,0.031936278899279455,0.0015231119062821417,0.015009081433417034,0.009519776592617353,0.013965431644500243,0.015482902296695853,0.039486175559623304,0.0017603807693790997,0.0031485463782589653,0.05227619986571688,0.0021179408770728857,0.03693096247857735,0.015117120456175161,0.005915907302583986,0.001425481568578385,0.0022209232856237604,0.003507854385538953,0.0013421144237257291,0.0030489093357533976,0.038994084392404475,0.020418984227452516,0.07873734756380563,0.017802531860157667,0.05591339274010866,0.0826358414631643,0.0,0.014324891817978155,0.001251784465371676,0.01539071213466754,0.00047172253366676583,0.001771838832554284,0.003547236576722068,0.023801961364853224,0.06474980751370502,0.04121670516094939,0.055988979909280825,0.006735320971562671,0.0186578200492085,0.020443153542066172,0.01825626028169864,0.06335152457903412,0.024042266707949535,0.008720402269057011,0.013502079727644544,0.049099770199459505,0.06502412695415301,0.0038050894596679723,0.021115968891905267,0.013640394799845088,0.035280728017890374,0.006418618479707471,0.03813051949721365,0.04211705348795109,0.02657751015705636,0.03336784716198175,0.07224136594922292,0.0012706047873167897,0.0011085218008943716,0.007688056668653855,0.05118380486458632,0.0,0.001159257915687829,0.028723850422720156,0.0,0.06556090603840928,0.03227730807427327,0.0547017956372421,0.009792116630031742,0.0037196348774833406,0.002667862887669676,0.0,0.004001280974483099,0.04425389788262086,0.04826518044263883,0.01756937553473662,0.00733673891228101,0.0073037899284202025,0.05890693741789409,0.026578271061805304,0.03139050083394362,0.04065584335590294,0.01602742159927494,0.04761727721406439,0.031143608462938052,0.0,0.033956049766155384,0.0327354257943657,0.0021538543499848026,0.016548357895761593,0.005380833718546201,0.007850119018009175,0.018578981109070136,0.0,0.0,0.0006935528409175683,0.0,0.010995203195259873,0.007511912644000754,0.0,0.0,0.02843510648011765,0.017363995102523046,0.03418312450073917,0.0722882046959392,0.09141637101637777,0.0,0.0,0.028762822681851537,0.07323562826753452,0.004698476471365268,0.02058139041836959
121,0.00741971268188413,0.002025959676505794,0.030712983962424684,0.02228973137944684,0.02449771970466589,0.03338278057949162,0.004132632834990062,0.011350951027285098,0.04786634094244898,0.008397535613850345,0.014618743543405156,0.05245577040081335,0.020233513588393415,0.008521761323175723,0.0348790455950117,0.004721774942844862,0.06865995315339717,0.05800499459528706,0.014788226947822877,0.038755873069394584,0.024855252475475285,0.0016199943499474213,0.003926170050392915,0.003408683102725494,0.0049829224645032,0.0326056893341259,0.0021946610449943378,0.011672995218740963,0.004497209262598681,0.0008239363835272106,0.0038501622316706226,0.007374912259866198,0.008162066823806888,0.04226957937638287,0.012117261232004817,0.062120973535909806,0.019973522671550625,0.010027124380146645,0.12386810567805603,0.0,0.006494264525024534,0.002784936109679589,0.01706252032372066,0.021942960433632728,0.01779354450599467,0.002646471529518239,0.009388446511211223,0.038784525689733416,0.044412587476433736,0.062599154675885,0.0328635159552916,0.00503937938510496,0.01638918288639907,0.009707428879850141,0.0017670203307001168,0.011962516470411475,0.034929679992049024,0.0035838054022155137,0.20141849289195402,0.03469356150591571,0.026358912267768278,0.014025359223707925,0.01994504794891004,0.01767746739051595,0.0554717089283374,0.017196772218497254,0.02218393389347775,0.04984954672799377,0.009985667557874741,0.01467616272560576,0.039682752760967416,0.003267227721608754,0.014813129226702342,0.013224925193301807,0.0,0.02537173003742306,0.01399672611225775,0.0,0.06166689695824685,0.00363234136144069,0.09575001913226559,0.09682288416116695,0.11478386695021472,0.10090687400447516,0.0,0.03787467627454529,0.047882541162244274,0.07957182596481033,0.18056652686529331,0.039346301384678185,0.07129638548157023,0.1070393123636372,0.18115206345025783,0.0036109196149570924,0.07485981533682819,0.003774900543948392,0.0044152382103688475,0.025928393574514215,0.016006320058448886,0.011076182692284612,0.00298513757551949,0.036826848208944316,0.018979181907059783,0.028201053370512475,0.000552588747432903,0.011246406243080568,0.0,0.03351707536303834,0.034150104020930036,0.005349149785979606,0.03814968773974135,0.056160562098870305,0.0,0.0,0.011378507738546519,0.03348687870088873,0.028359538321795594,0.05740006836730198,0.038335647420005614,0.0,0.028762822681851537,0.0,0.03767264601653192,0.032744923384293315,0.0381335414534803
122,0.015736900108575723,0.003222031814429589,0.060474274065807646,0.056687916576583654,0.007123235064491387,0.04288449585365105,0.01890448274293795,0.022491837160760465,0.0016731302590039267,0.0010374510130686573,0.02294641770655774,0.0010059556936505543,0.0005126097109384301,0.052993600378908795,0.06624019306757116,0.0017856474022316655,0.04613732672947068,0.008828915996469778,0.04287922878689263,0.02836934806571342,0.0035892229412098735,0.014053661206937964,0.0017570120292436828,0.040069973053218,0.01538349056862185,0.020077063206402793,0.007816403179410836,0.016698596896320365,0.00850635189936224,0.00542915760591703,0.026932814922537966,0.023780065408818624,0.026768860949355686,0.037608188821396694,0.0033535531814087535,0.09243963697303542,0.006122774927949637,0.0072771762220441,0.08055322323479204,0.0,0.006253599591155909,0.0034896242008281863,0.0009080605158001352,0.019994847757971036,0.00110385141011405,0.032296015011787416,0.014664512769649307,0.0474197698553114,0.005111020159948715,0.09355980926744707,0.05634335097169228,0.07501335027209315,0.0011349011165555445,0.03980842903075777,0.010909102407525736,0.04730668731266087,0.03559016525840511,0.04833905981533495,0.09644187498399401,0.06153070880457026,0.04408045503223006,0.03415823546168313,0.0035802768579282535,0.003188622919877239,0.00767702079257296,0.03318713432851773,0.019125529196491613,0.07303684435625947,0.0043880781507869395,0.02176881743231201,0.0362001319712366,0.0031982079393785695,0.0034340100192446635,0.01288056441156559,0.0,0.02409040504686385,0.0029372473167929734,0.0,0.010575375518616106,0.006737202013404377,0.03270794361741722,0.04237734150381682,0.0956217545243689,0.06546229999944281,0.0,0.06393734425473539,0.048461829669668506,0.007496340318037331,0.07405492822254237,0.009263524911295841,0.01894038717271715,0.019371408182700733,0.06703947820463216,0.034657792444924604,0.06604559643771588,0.0029895934272420512,0.0014852457176070758,0.026520101745015148,0.017004510619271343,0.002594347277173548,0.044949028640433555,0.03367775669887491,0.028913071650272903,0.003794231779426378,0.0026966149573678893,0.0036425837581491307,0.0,0.0,0.0187634144117756,0.011473820212794104,0.0276276710172829,0.022826896096106265,0.0,0.0,0.015648641837712977,0.06312230568638469,0.060295307181331366,0.05462791468458258,0.06802335119966746,0.0,0.07323562826753452,0.03767264601653192,0.0,0.01290509889327381,0.01629577051517479
123,0.009328167320189016,0.05021803905574106,0.03856447696648698,0.0031922258727985053,0.02756226220782275,0.0157750852411149,0.04102261055082678,0.06636214773005049,0.06249225591330312,0.08273566050516415,0.028749370230693353,0.0016807512472094205,0.0018223423938716174,0.007648003897066307,0.0030849438230148287,0.0005041616874708779,0.0012514030200693911,0.0016397656193029055,0.062137668634223125,0.005462414657590124,0.0013972091536251288,0.014371978898916827,0.009764298848317636,0.03520557541043838,0.002653499526807319,0.03662216146321453,0.05545039491594235,9.746917153391653e-05,0.00030822779705504014,0.03437990398388286,0.0497062136431576,0.0009438142055308786,0.027105161187039213,0.020762174279470514,0.016380843709363904,0.018105066120391654,0.034016980117262584,0.005710103390847484,0.14491553183875036,0.0,0.012515660250234244,0.006104965111043323,0.016650366029014433,0.005445984148644267,0.018712675880048234,0.005493275257554522,0.0009045963972070456,0.00858666393793937,0.006335557174461095,0.07182475916564815,0.001254794695333112,0.011756166533642809,0.015351164840753129,0.016334492179461903,0.050531672192406174,0.07049543882024852,0.09727646317861682,0.01215258254586276,0.004654811989914308,0.012193761693298543,0.024763539940807537,0.03572843653564864,0.03391832367161379,0.029249048931038718,0.010166835571826929,0.046910649403152836,0.030162327472401995,0.09272238975014688,0.0016034690133696773,0.008251461375257915,0.024710872716885036,0.018529161192766083,0.0037182853135608453,0.06001052928748129,0.0,0.01618196759642883,0.04468602746075715,0.0,0.10760791652413013,0.033850501835987666,0.07439958992623577,0.09903392720626755,0.09231426912555551,0.07463271756085027,0.0,0.016931383698013554,0.027513760586877514,0.0630726476858443,0.09372153222033103,0.13905998836699038,0.016306729407123875,0.0050761563483029005,0.0215083485836464,0.021045381856818823,0.07667154663642159,0.004439614672066142,0.02786105227674779,0.01445645350993347,0.044087120583695134,0.029656675904245505,0.04743789854101643,0.07068841564243453,0.03636201432034641,0.013108479022649182,0.012550805569486562,0.04702059427236169,0.0,0.0,0.009474858475072321,0.0,0.15326497260502744,0.1414020168430736,0.04076411263184511,0.0,0.007238187959880747,0.017957054917681216,0.007524829811914755,0.033235622452777176,0.03577140013634553,0.0,0.004698476471365268,0.032744923384293315,0.01290509889327381,0.0,0.1673013120080309
124,0.02492796596589724,0.002307720996590124,0.038455177967430074,0.01935906421891867,0.07864741598709504,0.03540690700470249,0.06551596711960819,0.08712749702694045,0.007961856833465921,0.06573945250385185,0.06884580169258533,0.03250089078430439,0.0002788787329986418,0.04464255771048973,0.00875328582178831,0.0658941898141008,0.013820040307809577,0.0637447650391735,0.09574699226111869,0.003480199916060018,0.04000358757259334,0.027556799196554658,0.022793871051255566,0.010666371753172331,0.0331358182369173,0.0401104028129121,0.011247718446694746,0.018266035677279066,0.016294177222376152,0.002760392692841458,0.022942890747117285,0.0207086787373882,0.009180917925571283,0.09390570945367453,0.005654859256250052,0.0988477670018742,0.002325765381336018,0.058555753481488726,0.49412531692255846,0.0,0.0008002774370362879,0.0017968837255064923,0.02799416753402231,0.017414617263384013,0.0014914890040588738,0.03869095213791813,0.004981598294114768,0.03473306251101624,0.03242332823578491,0.006566284328829448,0.009199875225845672,0.033039895675977704,0.07780195232324781,0.003544431630522149,0.0006724328355773958,0.0025511919019183876,0.025073098545027123,0.04013269021055986,0.03969107641182667,0.2704831908213618,0.008149566696475168,0.0060460399256017615,0.06978035133966146,0.13948016866793062,0.004879454406872949,0.060927222811156985,0.007850646504682098,0.049561225132342096,0.0026879973775873678,0.05366476850596321,0.03727895858977888,0.028427426216429724,0.02209777606877934,0.011567130447744316,0.0,0.05529725623894282,0.02507066668699357,0.0,0.020706990444541582,0.052993401763839654,0.39485820347775474,0.3693645349351133,0.41155295698167266,0.27097245015708865,0.0,0.127474957374325,0.18872536212616683,0.1311654728143035,0.17998811310711552,0.1964408812957443,0.08935058076041953,0.03713375698932747,0.14317988121363145,0.028663480591101284,0.2946664583473601,0.0016997499627108969,0.009328145913484848,0.013447161372678873,0.040434809556035775,0.01404567458785552,0.16701314743609902,0.0869739975495006,0.024816229854256636,0.07810777709119932,0.0008111005568836783,0.0849686697982465,0.0,0.03310152559039176,0.025697905212035195,0.0009473227835990296,0.3301317021835598,0.18393567153148235,0.009899462352966813,0.0,0.02421030509786602,0.10428114733770574,0.028886244146357654,0.26349384042515533,0.06719617164361316,0.0,0.02058139041836959,0.0381335414534803,0.01629577051517479,0.1673013120080309,0.0
