,0,1,2,3,4,5,6,7,8,9,10,11,12,13,14,15,16,17,18,19,20,21,22,23,24,25,26,27,28,29,30,31,32,33,34,35,36,37,38,39,40,41,42,43,44,45,46,47,48,49,50,51,52,53,54,55,56,57,58,59,60,61,62,63,64,65,66,67,68,69,70,71,72,73,74,75,76,77,78,79,80,81,82,83,84,85,86,87,88,89,90,91,92,93,94,95,96,97,98,99,100,101,102,103,104,105,106,107,108,109,110,111,112,113,114,115,116,117
0,0.0,0.0,0.06778888003597885,0.037804553766266145,0.04919873553261448,0.02548754607812153,0.0,0.0,0.0,0.0,0.016430268260599363,0.0,0.0,0.04723898768892365,0.023649107477579246,0.03613490466216348,0.04759834404352935,0.0,0.0,0.0,0.0,0.03296738807740104,0.00018932919267007278,0.07529548641701522,0.0,0.09411078306626573,0.0739385033416712,0.0,0.0,0.0,0.08028366917842142,0.0,0.0,0.028610536153640467,0.0,0.0,0.033438744467620386,0.07453037399120899,0.023571698337031714,0.0,0.03321383154568446,0.023549333587737663,0.0,0.07717529827969612,0.0,0.0,0.0,0.0,0.06889010064829672,0.0,0.015073585942811357,0.12225375985951305,0.07088506495689285,0.03738514778833863,0.07994855785845854,0.06897035548915906,0.07351459261833317,0.01700885283040869,0.0,0.0,0.0814252785262194,0.006117190789953336,0.017655949287455574,0.11189101043795734,0.0,0.012058358097390198,0.03137832312327692,0.003543991427107146,0.0,0.0,0.12917730781725842,0.00468310422909144,0.00420194639331317,0.0,0.035226119303243916,0.0,0.0,0.0,0.04870447198357849,0.0,0.0,0.0,0.024144603007587955,0.007673438744014365,0.027717805914934036,0.062233081231160337,0.035801380783483744,0.012957915512924217,0.10782315363701668,0.02807397391804525,0.0,0.0,0.07716803075078267,0.06261054226068205,0.04351703571362326,0.0,0.04736646636980931,0.01254929461843326,0.04998008593721009,0.024614626499640215,0.0,0.0810994829379467,0.0,0.0,0.0,0.04419045833758132,0.02887711349089647,0.03482071096055012,0.02419515316657598,0.07504149457744096,0.11929684149063426,0.07080650476480378,0.08078169857499434,0.0,0.0,0.01604339523698732,0.017529617545151737,0.036548441919476975
1,0.0,0.0,0.051432580082050365,0.0,0.07226977424130672,0.0,0.020974532951998158,0.05029442629860308,0.04146668307407971,0.0,0.06513266363542589,0.0,0.0012768354258392786,0.029839510892911803,0.0,0.0739833369161023,0.0,0.05290316104078008,0.02914596983008081,0.0,0.0,0.0,0.019946275874023145,0.0,0.0003804410303817283,0.06045055851746779,0.0,0.0,0.03756524739058962,0.0019082249559110758,0.09225677631179631,0.0,0.0,0.0,0.0,0.0,0.0,0.0,0.0,0.0,0.0,0.06252620273429742,0.04706846887260325,0.0,0.01583184511470339,0.03906615973641636,0.07630529146041864,0.06620397865116108,0.0,0.0,0.020234457944436894,0.09582401290623763,0.016209506332359937,0.08297903733053796,0.07128801023787218,0.03724451557020787,0.0629511671583608,0.0,0.11869713445390659,0.0,0.0,0.0,0.004933181396821084,0.002028939964670346,0.019172873472113234,0.0,0.08346212769661701,0.0574079284586227,0.043725473023424714,0.032119599148462935,0.04489690343457601,0.003224258779768111,0.0,0.10549719922691224,0.0,0.0,0.0627137055968618,0.0,0.0,0.026409606979635954,0.10569732807274088,0.039001803575965,0.057649774101143574,0.0,0.04832319978543447,0.0,0.0,0.03880087752105454,0.04409551251333394,0.0023799305552046376,0.0,0.0021444760001013544,0.0196653031685785,0.0,0.019818316107264658,0.00146714915581471,0.0,0.0,2.6469236673476424e-05,0.0,0.06487907573568656,0.0,0.0,0.035715912294942746,0.0,0.0,0.003123672312580403,0.0,0.0,0.0,0.0,0.0,0.09383587101909026,0.0094148811389806,0.0,0.0,0.02625149243254874,0.0
2,0.06778888003597885,0.051432580082050365,0.0,0.0,0.10102609562205833,0.01991122617187347,0.02945864788185609,0.0,0.0,0.0,0.015344787905116326,0.037210076833393474,0.10479146978531176,0.0,0.07385546663749111,0.039739451322803016,0.0,0.0,0.02053632020731036,0.028632378371083934,0.018359811892184365,0.0,0.0,0.11490843363121786,0.0,0.03651739639059631,0.09663880884549919,0.011321700573782569,0.04579093403345417,0.0,0.0401695261496433,0.06030924033839136,0.027619637864655065,0.022741592469166114,0.0,0.03173314674604669,0.0364792841578768,0.04539847835973702,0.0415878625182694,0.0,0.04781281479110844,0.0,0.04386771611823115,0.052300680452153504,0.0,0.0,0.0,0.063669043425648,0.05320206027313196,0.0,0.05435720485983949,0.010690989813650933,0.08667187554529826,0.10097006929640807,0.0,0.039686568383126515,0.0,0.03831197179369464,0.04158200140653178,0.0,0.07316248560844865,0.0,0.0348066529287211,0.0,0.05290964800250983,0.0,0.0,0.0,0.0,0.0,0.0,0.0,0.07230189005114719,0.08547527535951055,0.024195730535570985,0.04926323044501534,0.07404018310692458,0.06255976133098343,0.04744291808147838,0.09958969306300151,0.02509161716873359,0.023765757322504657,0.042227399222627846,0.0,0.0,0.01031999008011022,0.0,0.0,0.025497890771026942,0.051591914130205765,0.1137709670674161,0.030835024095266568,0.008089177598346518,0.0,0.0,0.0,0.01866769965316732,0.006777275920786414,0.0,0.010858028758661788,0.0,0.0,0.009450115037103456,0.12221428188544538,0.0,0.05166309226369611,0.023991661215311443,0.01905478509069392,0.02550111856657984,0.06921396322103895,0.006214893838095266,0.06717309843127452,0.05596801106757119,0.0,0.05057843254607565,0.11010253252147183,0.056785791835574286,0.051827193596699864
3,0.037804553766266145,0.0,0.0,0.0,0.05479403589263568,0.053208379776142324,0.0510206093575889,0.0,0.03939110833477175,0.0,0.02849953755864255,0.0,0.0,0.05899830046554011,0.0,0.07426570834446032,0.004929366483573646,0.0,0.03850219089103536,0.0,0.016255732763354253,0.0,0.0,0.0,0.0,0.07247142276753352,0.0,0.0,0.03134774758068447,0.0,0.0,0.016480761393020522,0.05493419007781531,0.06620116035627842,0.0,0.0187447129223516,0.036678543381806164,0.0,0.19127656475481353,0.030554706889504766,0.018445873537063572,0.039443486450572295,0.0,0.013147377412592321,0.0026245475286298895,0.0,0.05235517468907136,0.024280549905843864,0.0964462167801149,0.026150974133350324,0.0351127390190459,0.023988220297176437,0.05422865361411678,0.0,0.033054731832614474,0.0,0.0696847342553977,0.020952001385282457,0.03389988689715781,0.019534249287858848,0.05917027403921752,0.04341252385329477,0.06083989769018289,0.029384654038630605,0.0,0.0,0.0,0.02478618869891577,0.03622762578518832,0.0,0.0,0.03163279764579757,0.001926347945975902,0.12509403247934703,0.0170944558488988,0.04202558151071939,0.07805560419780842,0.033851691469977394,0.001281863399542932,0.0357872457795625,0.08363790359222158,0.0,0.061292536547513245,0.06205155899045936,0.1219281484005241,0.05082402183028315,0.04501278797959896,0.011075164552268145,0.09811377497428578,0.038663594887047584,0.09927774200544788,0.0,0.06103690938007714,0.0,0.0,0.06044032251431781,0.13152077829041534,0.0,0.041769599030532845,0.034645436336630746,0.06964081075759924,0.0,0.06128933809397847,0.0,0.0,0.0,0.0,0.0,0.05441316789255423,0.05740638718580582,0.08400312971526061,0.05177350452399199,0.0492129879726537,0.11014816947276271,0.01771517796080076,0.10721799375125797,0.0,0.006518381629147322
4,0.04919873553261448,0.07226977424130672,0.10102609562205833,0.05479403589263568,0.0,0.0895600395091364,0.04244926903060592,0.0743124247610601,0.20427202782628087,0.021936045576215656,0.09637348758854022,0.0,0.0,0.0,0.0,0.0,0.03607261389756429,0.0,0.08441176873092253,0.03921960300559183,0.0,0.02181765288168225,0.10155106565302345,0.0,0.04545522520658382,0.0,0.0,0.12104033308999289,0.0,0.0,0.0,0.10805551210735635,0.07778931370740426,0.07929415280939053,0.027282438341280704,0.10772378263774175,0.09082865324479589,0.026246046903081056,0.1123523615322813,0.001646862268631358,0.014188944064228803,0.00786437070615176,0.0,0.0,0.09653057942142905,0.0044206989010617806,0.0,0.06798464991789593,0.08376136648992975,0.02562275088858399,0.058434073710158296,0.041744149648348466,0.08258310574512134,0.0,0.14306395762808946,0.014199558341132654,0.0,0.08797188096274647,0.08371371465226365,0.031062322548153675,0.0662836745694346,0.10322041264671157,0.0,0.11684173300260753,0.04510561150178107,0.05537406431623327,0.026904730495192486,0.05661188973665384,0.0,0.0,0.014893746753804966,0.03978149060853768,0.028324370448052628,0.01878519276831056,0.04904467393970764,0.11456164122699682,0.0,0.080602154801094,0.04706807532283015,0.01205337969668435,0.1268223029485268,0.10858732550303363,0.034790172586668944,0.07786669548341404,0.002014678258616115,0.0,0.06691115957758936,0.06401533102234769,0.1480930628610732,0.08076441979076499,0.05219536078145745,0.0577706349518606,0.03635316940638789,0.043441314848589534,0.0,0.0,0.07454885562174553,0.16103643265303372,0.015256827188341333,0.04741620259540807,0.03137713232253066,0.0,0.0,0.07812073042115611,0.0,0.030190809049931325,0.047160395639895776,0.041500622044265766,0.007770933941795728,0.0896372828520611,0.041757033476621935,0.2219382554216999,0.0017106871711648065,0.0,0.022695358280620317,0.0,0.0,0.09778500461072366
5,0.02548754607812153,0.0,0.01991122617187347,0.053208379776142324,0.0895600395091364,0.0,0.01788446668215548,0.1216000114644427,0.08809505999701427,0.08615727914875783,0.08924738221451528,0.0,0.0,0.04508964567162039,0.0,0.118721385534375,0.0,0.058098237411036355,0.07581627609264775,0.08449891076358348,0.0,0.15754180932257092,0.045872365718148664,0.0,0.0,0.06614388216009234,0.04608480583165004,0.0,0.0,0.020753422089665227,0.0,0.020376770749463757,0.03553557574260347,0.0,0.0,0.03836614448802515,0.0829264835720136,0.0,0.024768545035962628,0.014067802196078356,0.0,0.01752398964490472,0.0,0.0,0.0,0.0,0.0,0.0,0.0,0.12020017286131518,0.059976751677083315,0.011873345832810835,0.0008090862895725035,0.0,0.02165555392412047,0.015112248960218106,0.0,0.0,0.0,0.01979377738750359,0.0,0.0,0.011793892784312516,0.0,0.057993010050715485,0.0,0.0,0.0,0.049826489389613676,0.011164499447303085,0.0013585455054485115,0.0,0.060242905618212314,0.0,0.005050209060551267,0.03538900521062472,0.0,0.03690537371400506,0.0559760144383842,0.08003317212538394,0.06647953354723728,0.0,0.039567592347899014,0.09095761991075446,0.08073761373106239,0.09253823417289223,0.1529083303093927,0.03687112030763863,0.0,0.0,0.11649108997737727,0.04415628973658369,0.0,0.017811794419253135,0.0,0.0,0.03558382899042167,0.04109932543108868,0.0,0.0,0.0,0.0,0.0069764583935650794,0.021151002064745534,0.0,0.037196347297735174,0.040649746844752886,0.0008625125160046822,0.10585006577616418,0.0,0.0,0.017937717623595636,0.05862118787144919,0.037044594197771175,0.07499345733084857,0.09633878766622224,0.035438275703337636,0.07954059918261357
6,0.0,0.020974532951998158,0.02945864788185609,0.0510206093575889,0.04244926903060592,0.01788446668215548,0.0,0.07711306958749438,0.043726021574111235,0.1017860451104462,0.08131882902425294,0.0,0.0,0.08184174103610264,0.0,0.0,0.059409597699904296,0.042384510816091965,0.09757430689652423,0.018954324764107966,0.02212323483257386,0.06559721989392399,0.006209073912553264,0.002814862792681204,0.010399081260357554,0.04945627035638195,0.0,0.035217633308045476,0.0,0.0,0.0,0.039943635150461856,0.018852475436761853,0.04736352606286904,0.0,0.21152165202865217,0.05195503593493022,0.10019412728740747,0.025603074238959474,0.02163047491075803,0.06232614207671548,0.012789986167550421,0.0540923529683804,0.00751234103327632,0.0,0.001496982329752028,0.05585586207055403,0.0,0.023142148267418138,0.02635816311066339,0.0,0.042448305467487145,0.022834962142163292,0.009670874727459833,0.0,0.0,0.0,0.027448933861663596,0.0,0.011422731795442278,0.10300634545696516,0.05578220004477888,0.0,0.0,0.03642688402850282,0.0,0.1611460525327703,0.0,0.004306656805032304,0.0482485895899069,0.0,0.00753115843759416,0.045497807644107706,0.0491221903641193,0.0,0.12188307682443694,0.05896390668437605,0.14118507711571834,0.031282114811825135,0.15638904654821756,0.06325103811572001,0.050109271213351014,0.07957904091030653,0.08756724315507013,0.09028167290056435,0.10217484769975597,0.08186780882898571,0.014925454462766614,0.09811882772863334,0.0,0.060799813899078806,0.0022836278046360933,0.0,0.026348746531588304,0.015185237407328474,0.0412462150819696,0.07468881916206978,0.07297984055329612,0.04714628453289801,0.03078885920345349,0.12513539106148502,0.0,0.0,0.0,0.0,0.1263272158473679,0.0,0.0,0.0,0.0,0.1356551294067335,0.17644404843931094,0.0,0.036070316851906814,0.0,0.038959001993363614,0.031014131432812158,0.11559458494805619
7,0.0,0.05029442629860308,0.0,0.0,0.0743124247610601,0.1216000114644427,0.07711306958749438,0.0,0.009638775627005432,0.06302985869333455,0.0,0.0,0.05485937955089104,0.016136366651733937,0.023801011355958586,0.0,0.052384138670216206,0.0,0.11291684690871759,0.0,0.03547328027100257,0.0031374300178753966,0.01355161512186036,0.0,0.0,0.0,0.022172861248783454,0.0,0.07276985266657972,0.04451374956176701,0.04135747156907025,0.10542833040580546,0.025646698810331874,0.0,0.0,0.11048023755606093,0.007979762168727617,0.0,0.0938123532244386,0.04669506920095891,0.09859391026866157,0.03249604339960885,0.0418304400483906,0.0,0.009136262725200867,0.05662234973928237,0.00889699106153569,0.14874974016537887,0.0,0.06690284488594363,0.016781926547700037,0.0,0.0,0.030484200538526435,0.0,0.0,0.061027963619705666,0.010731256497001207,0.13652057671471132,0.0,0.05633985428379471,0.0,0.0,0.0,0.0,0.0,0.12611798436736535,0.08344330474625138,0.03432034365514331,0.0,0.0003143460393753942,0.0,0.06903696854174025,0.06579226122997936,0.06272345017493641,0.04730533260370148,0.0,0.11862159687310828,0.1070968740455041,0.15190965237868,0.0005111950197441333,0.0,0.007136182278057797,0.0300688793399649,0.029002578109531635,0.0,0.0878824241135266,0.0091569678617602,0.012337776137295224,0.0,0.06654602244011165,0.0,0.0,0.0,0.03571410603011769,0.03814862334805864,0.0,0.03703131169099489,0.06640266047738196,0.030054879676060766,0.0,0.12484752668380583,0.010759909377437434,0.046543919320976936,0.0,0.014420499461379263,0.0,0.030756304885983025,0.027912511299288765,0.0360165915248399,0.11445007504938959,0.04651177371030109,0.0,0.041095760181737676,0.0,0.038934743945327574,0.0,0.00027010800991804227
8,0.0,0.04146668307407971,0.0,0.03939110833477175,0.20427202782628087,0.08809505999701427,0.043726021574111235,0.009638775627005432,0.0,0.07051360245566626,0.012003242741637405,0.0796045359565064,0.039437930938487985,0.08200633667230889,0.0,0.0,0.139492937468578,0.0,0.16474443718675263,0.0,0.07567350449620053,0.016019473281115047,0.04909311572854956,0.0,0.034522257082983815,0.13320266725330887,0.01637084871917355,0.047756829759363635,0.059938775741767945,0.04596902060294118,0.048124796509169496,0.07856532765476237,0.0027516904534842916,0.0,0.09247330943733503,0.11762715865719832,0.09658941733579712,0.025203750157039205,0.000698650743534089,0.01317733658544765,0.005772351491235936,0.04000192127505263,0.0,0.001894274713042679,0.0,0.0,0.08056352615534515,0.0,0.03600013809469477,0.010938479802228632,0.0,0.04172695488557562,0.0,0.0,0.0,0.0,0.07793283188370265,0.10392325108196712,0.0,0.0,0.0,0.004126711428509418,0.0,0.061605595168706784,0.0037827772826283523,0.0,0.07236072967882402,0.10646074952007718,0.011994749408648352,0.09245209564223292,0.0,0.05319221642428542,0.0,0.0,0.07184845837473236,0.1800879515061147,0.0,0.136275700310477,0.05807810996043386,0.029825426371911757,0.07981500343737258,0.0,0.1294910466036224,0.09432361009572371,0.06986244508098866,0.0869463792341705,0.0,0.02883307794382558,0.0,0.0,0.01837333480167726,0.0,0.0,0.1394550896573045,0.07883642652745716,0.04449841824624309,0.13179657792983612,0.12166771741838486,0.044706551240552235,0.0596016978190141,0.0,0.0546825916366333,0.0,0.03252240059754809,0.0,0.0988282899370384,0.0913784979778498,0.0,0.007720872454103874,0.06136951734572391,0.1003345469891806,0.09905251135500641,0.03695122764952744,0.039752834377251564,0.09527203830590368,0.0,0.10075356724003559,0.0
9,0.0,0.0,0.0,0.0,0.021936045576215656,0.08615727914875783,0.1017860451104462,0.06302985869333455,0.07051360245566626,0.0,0.05749888080647715,0.031140243435237365,0.013242483067297823,0.0,0.05821895438432965,0.04156044803640581,0.018792955537515168,0.0,0.08971695605119001,0.0,0.08929259769547494,0.031089579169118937,0.0,0.0,0.06915374829063484,0.005189761553953228,0.013168783201281894,0.0,0.008177957595397465,0.04327934154412239,0.0,0.08988381653909099,0.09299236246123542,0.01255928451070916,0.08007466220100631,0.053986774682693556,0.0,0.0,0.04233061680668537,0.03272270715117036,0.013253418644293873,0.07551854134391263,0.03512460491804803,0.04597944099519012,0.07584439871079522,0.0,0.127109380471456,0.03166319398525404,0.05574187392260148,0.031521323120333594,0.06315380443115648,0.0,0.060745678257619694,0.0,0.032649180683251136,0.06143050466305574,0.0,0.02663701822204773,0.08197250244532164,0.08492395451405264,0.08737400296813991,0.0,0.0,0.010939041479927518,0.0,0.0,0.12163930012666718,0.0,0.0227355061780968,0.0,0.0,0.0,0.062361203494136735,0.11400610432122911,0.0,0.0,0.07719008161713373,0.06974644491011864,0.1492505400659721,0.07696055950512934,0.0,0.00034048766206454874,0.0,0.08541933646549152,0.039507988326970306,0.03461450496990718,0.09068543166534038,0.04807171701715366,0.08248144963643356,0.006528649474582481,0.025070331102650535,0.1827657049322268,0.011314655767721386,0.0,0.0,0.0,0.014146028771682105,0.09162316490491906,0.0,0.03276843424319888,0.07094549537769022,0.13291686287122695,0.040380738736186,0.0,0.0,0.06395128398481115,0.0,0.06761292861572996,0.060953494866123205,0.016384047645352638,0.02508070354431038,0.02524605209739639,0.07009732876071804,0.0014242645941818126,0.014121098274904363,0.0,0.11891970960210266,0.010122014867382073
10,0.016430268260599363,0.06513266363542589,0.015344787905116326,0.02849953755864255,0.09637348758854022,0.08924738221451528,0.08131882902425294,0.0,0.012003242741637405,0.05749888080647715,0.0,0.0,0.0037272215444413915,0.020136989183615922,0.07632545751557987,0.08994857622626443,0.025375778345010633,0.0067440984502777,0.9414269784666015,0.0,0.0,0.030063720049368484,0.0,0.008988243198940595,0.0511263162845257,0.0,0.07385218365483924,0.0,0.04055310543367652,0.07835180678846158,0.03700186561697986,0.006583763824378969,0.0,0.0,0.0,0.07186903227777057,0.030665219681543548,0.08624462779574663,0.03645014615317711,0.0,0.03095496670577717,0.04059371103208309,0.00795495430674091,0.0,0.03665646832548432,0.0,0.15406813810673253,0.09520550783056209,0.0,0.0897411327808816,0.10817168553663326,0.053835550629477674,0.0,0.014601786520927472,0.007237972667940579,0.04291019778421045,0.022756523999813257,0.12886614277256744,0.007339765772873771,0.0,0.03363259621690932,0.0,0.02641322308966427,0.0017549908931550721,0.0008515086567575961,0.0229948439162127,0.0703875376511277,0.007917827399066253,0.0,0.034308814952026645,0.0,0.0,0.10011465270637279,0.0753174296453235,0.0,0.0,0.06890093947812125,0.02422988071395883,0.06385006832226708,0.14680080544928253,0.0489497227723362,0.08125763955101882,0.03381511463791765,0.06212318050646967,0.09674837427453822,0.06622289636785686,0.21563054490358857,0.2188231218900681,0.09493155610642237,0.03249471100996542,0.022855751236779836,0.0,0.0032218185053791756,0.0,0.0,0.0,0.013571710219764034,0.10653659695172306,0.056563052549371454,0.0,0.02643933008121106,0.0,0.04503153482286942,0.01045415013425116,0.03798320479402325,0.03454288859953087,0.05240691430341569,0.0,0.0,0.06593985032831884,0.06663358391091176,0.0,0.057778821720595896,0.0,0.0,0.04489766321461632,0.0,0.053610737132504346
11,0.0,0.0,0.037210076833393474,0.0,0.0,0.0,0.0,0.0,0.0796045359565064,0.031140243435237365,0.0,0.0,0.03738509815217935,0.02698541498130442,0.07383025739499516,0.10378997914382523,0.0626939298929308,0.0,0.0,0.06914629050700463,0.03837509459378577,0.0,0.0,0.06270279277518137,0.0,0.0,0.0,0.02583205559635916,0.0067457354920719935,0.0,0.008942444529448944,0.0,0.0,0.0,0.0,0.07911102859574698,0.0,0.07768665477728628,0.0,0.0,0.0,0.0017581422644635436,0.02233947061508295,0.016770276543763694,0.0,0.0,0.03812219136642589,0.0,0.08572720558364451,0.0,0.058015418957259327,0.04992922348268696,0.05258085781993745,0.02502869658821494,0.0,0.0,0.06609682852861282,0.0,0.004076221304850633,0.04159927465921577,0.012798926455595818,0.0,0.040099317776974334,0.13604560435062865,0.0,0.07079084993903373,0.0,0.07534789963872049,0.0,0.0,0.0,0.08235658755035778,0.0,0.0,0.009404801618191922,0.0,0.016533574161566193,0.0,0.0,0.11849831967560485,0.033668774982869375,0.0953702201752733,0.01179482731353936,0.0,0.007932655108990598,0.06708460165929568,0.049157809040490816,0.09336991412613026,0.05123851278801558,0.0,0.0,0.019861056817213743,0.012612054846795409,0.0,0.03567111313753531,0.07004121746346602,0.0,0.0,0.06020425239719553,0.05688957999500799,0.04388023985211097,0.03107139043669509,0.0,0.0,0.006722744591795866,0.035347739662408326,0.0,0.0,0.00804901541890813,0.0,0.0,0.06376767591103924,0.054066112269420055,0.03380345641010936,0.10278587697276159,0.0,0.0,0.060153141117535405
12,0.0,0.0012768354258392786,0.10479146978531176,0.0,0.0,0.0,0.0,0.05485937955089104,0.039437930938487985,0.013242483067297823,0.0037272215444413915,0.03738509815217935,0.0,0.036329602416634715,0.0,0.0,0.04307253401910226,0.017706019818289995,0.048231181927644896,0.1233225062587676,0.05833965531689517,0.0510580310197878,0.10806824038429981,0.0,0.0,0.0,0.0,0.0,0.04303365277071511,0.0,0.024220926788578772,0.10727893495615508,0.0,0.11701821997763201,0.01704071073373851,0.01954177667586601,0.07168708154174219,0.0,0.03036101910176642,0.0,0.011459577687375043,0.0,0.05733053049923279,0.09204354013811156,0.0,0.005868360635299851,0.036625712041181833,0.0,0.0996363736718534,0.0,0.05964051102916049,0.0372167915761681,0.09106124034115318,0.05867882635810464,0.022515323745348023,0.0,0.054727168208802475,0.027113781756416586,0.05842467353573246,0.03785406051837978,0.0719519927342585,0.011463194964929117,0.05894372222632066,0.0,0.05877363059603153,0.0,0.0,0.0,0.0,0.0,0.0006914829421497528,0.010508312079888714,0.057594087197173856,0.0,0.0,0.015265253904588997,0.04641480712790252,0.01677961462978082,0.07292941564779534,0.040870054790845066,0.043888740202435494,0.12822710046927452,0.021468406915933123,0.02563684981329357,0.0,0.0,0.025998769921985833,0.0,0.026109270706562503,0.0,0.046289793518268854,0.03469343209741251,0.0,0.0,0.0,0.02406429659939672,0.0555508173048051,0.06020290565996073,0.02623192314463022,0.01222189951711512,0.04600784769522157,0.0,0.10163423628596813,0.10530476520174736,0.02598940982292761,0.0217687812107482,0.0,0.008665834991603946,0.08521073289954607,0.0,0.0,0.0,0.014177138875860647,0.0,0.032739745893048275,0.0,0.0,0.0
13,0.04723898768892365,0.029839510892911803,0.0,0.05899830046554011,0.0,0.04508964567162039,0.08184174103610264,0.016136366651733937,0.08200633667230889,0.0,0.020136989183615922,0.02698541498130442,0.036329602416634715,0.0,0.16927692468950625,0.0,0.08758995914444606,0.09974365391476539,0.013916749791109285,0.014063082673700178,0.040195964262048245,0.07092113269078529,0.0,0.0,0.0,0.05336253021902664,0.0,0.0,0.09106334290744596,0.0,0.011872181346811131,0.0,0.0,0.032313534176781095,0.06306995804577359,0.002743261311201586,0.0,0.0,0.059423133817032854,0.001574009031910843,0.0,0.03162130709728638,0.12985267042649595,0.006597917129248994,0.0,0.010914453215938827,0.06652408467398656,0.17742676589305423,0.005380149072111139,0.0,0.0,0.11089755951151602,0.0,0.0,0.0,0.008834829286389623,0.08666259617777167,0.05427393795246181,0.12871106919815492,0.08676438568935983,0.0,0.0,0.0,0.0,0.07602524065678357,0.0,0.025468464302268852,0.0,0.15963829682012093,0.020479360152514312,0.0,0.0,0.06068985449109529,0.0,0.04306309036407955,0.0,0.060676776372858086,0.0,0.0,0.07381737839271009,0.10101050870562941,0.20911720622920163,0.03990041950738786,0.0,0.0,0.06520972753758456,0.11187474606368156,0.03136496967393137,0.0,0.0,0.006549343890341771,0.05268456674267318,0.02088266167597758,0.00043717928397622095,0.038693826057602715,0.0,0.05602830672366376,0.0,0.024811469626531114,0.0007260791382060235,0.0748461920021389,0.0,0.041983485402418884,0.0,0.05379159974460506,0.02553845621438445,0.057816990723834415,0.11918860373117247,0.0,0.0,0.0565099633617109,0.24729443980356003,0.0452022132484812,0.0030635121605423967,0.0,0.03196096230944676,0.0,0.074038063462467
14,0.023649107477579246,0.0,0.07385546663749111,0.0,0.0,0.0,0.0,0.023801011355958586,0.0,0.05821895438432965,0.07632545751557987,0.07383025739499516,0.0,0.16927692468950625,0.0,0.09395960315194166,0.010587428422040406,0.0,0.0,0.0,0.0,0.0,0.011325892055860324,0.0,0.19760841049543335,0.0,0.0,0.004281091043343961,0.09754030516637004,0.023239043676402428,0.0,0.005704274883236423,0.06227702905575767,0.0,0.0,0.07718980805675166,0.0,0.0,0.0,0.0,0.04463060824713978,0.06973805399464485,0.06828902030454939,0.0,0.0538080436432579,0.017503346896032047,0.0,0.1086250184228061,0.022475259980213037,0.0,0.0,0.0,0.0,0.000645080620305907,0.0,0.03412262983175442,0.04426717175522073,0.0,0.0,0.03695717894437916,0.03412269252211468,0.0,0.0,0.03172669205251959,0.04818746093999352,0.0,0.03169833233635372,0.014967539493410963,0.0013803840697165577,0.0,0.0,0.0,0.05028468639211043,0.0,0.0254573176800863,0.040555461132670695,0.042274961576440034,0.02165619067867358,0.0,0.03188937404725137,0.0,0.00653545335402527,0.006369732465986267,0.0,0.0,0.027010615825782736,0.0,0.0,0.10488818397003852,0.016754176623393405,0.0,0.02974944938895078,0.0,0.07084256590588121,0.002313527289347908,0.03860871271550672,0.08348220309966621,0.017607495161057515,0.0,0.0,0.009417159777617454,0.0,0.099924104738104,0.0,0.07031819310373226,0.0,0.024260477430773097,0.032488154225662376,0.029063697439530987,0.0,0.004205482859150168,0.02212430325243813,0.015061559435507221,0.052724822463183434,0.07169131220274916,0.1303721582510196,0.0,0.0
15,0.03613490466216348,0.0739833369161023,0.039739451322803016,0.07426570834446032,0.0,0.118721385534375,0.0,0.0,0.0,0.04156044803640581,0.08994857622626443,0.10378997914382523,0.0,0.0,0.09395960315194166,0.0,0.04611240661173248,0.0,0.059875716008807256,0.016721031260132125,0.0,0.038004565648290085,0.0,0.0,0.028582034111243645,0.0,0.09717915490003104,0.05371713357974218,0.0,0.0,0.10174812445051065,0.0,0.0683802258512387,0.030953697932097915,0.0,0.009708592986520506,0.0,0.0408275041334324,0.16516897965128932,0.0,0.0,0.024945503166283137,0.05143256380753552,0.0,0.0,0.0,0.0,0.025245900960855508,0.00011448233236050471,0.0,0.04446239178862575,0.02104599308043879,0.017584467160458944,0.035111783743201515,0.005977653723530983,0.0,0.0,0.0,0.02032126041087341,0.028614401270834245,0.06977703083310098,0.0,0.05012264161464552,0.0,0.0030101481273906348,0.02173366795375623,0.0,0.0,0.0,0.0,0.034785990054756306,0.0020748766498108885,0.0,0.0,0.09518850674254639,0.0,0.0,0.0062451498746582965,0.0,0.037056464164288504,0.049959773828785324,0.0023649137683817954,0.055519642953762674,0.15227042953981512,0.020202676161170635,0.0008136501940682647,0.0,0.0,0.022654203891644978,0.11236254369453183,0.0,0.07617112102653041,0.0,0.06255003019780912,0.0,0.0,0.0,0.031265514750206176,0.05723136693412962,0.04990190699795832,0.05512043453933828,0.06887864358728672,0.1412598666564011,0.020205053654132315,0.0,0.07016506899974452,0.0,0.04125580298639828,0.0,0.05159055310425239,0.06830707531066306,0.0,0.12521432174345853,0.0,0.0071368505546141915,0.0,0.0,0.14718056602348453
16,0.04759834404352935,0.0,0.0,0.004929366483573646,0.03607261389756429,0.0,0.059409597699904296,0.052384138670216206,0.139492937468578,0.018792955537515168,0.025375778345010633,0.0626939298929308,0.04307253401910226,0.08758995914444606,0.010587428422040406,0.04611240661173248,0.0,0.028584015302506777,0.17670563588173577,0.15816968126220216,0.1261826366588494,0.0,0.0,0.0,0.004513648281060907,0.0,0.01920127907703971,0.0015902976782013487,0.015085220052905836,0.0,0.0,0.052276833877588795,0.13100187746493028,0.043179537325697556,0.0,0.06032048379105092,0.001174081438299958,0.08559743921401486,0.04226298872687132,0.0,0.034168966015852786,0.04830793705018427,0.0,0.059429622915481456,0.0,0.005116351889173289,0.0,0.0025259064085233836,0.06740846637986196,0.10187455586948745,0.0,0.0,0.0,0.04749704432217022,0.03501279265756831,0.06610116037775504,0.0,0.0,0.02096378794957237,0.05625578750030441,0.0,0.04923782389788081,0.0,0.09640542628298322,0.0,0.023333859701593303,0.0,0.05187161939130734,0.0,0.0,0.014574022400237118,0.03551729234524835,0.005345573910821535,0.0,0.054665699823431335,0.05936942958937614,0.04701877818910384,0.023791813589186347,0.0652148335322975,0.024273118701906734,0.06541958567476501,0.02057275521280827,0.052099920441555196,0.12100670911282185,0.061552568669888216,0.0,0.050455628493683874,0.0,0.04135073158794798,0.0,0.035663258650428825,0.0,0.0,0.0,0.0,0.08507370787432791,0.05278166762960796,0.054170746279498895,0.06421382295888678,0.05914626066908088,0.023066629311660376,0.07393870930256766,0.0847305954346224,0.00141193587993725,0.0714594616909156,0.0773041800896849,0.0,0.0,0.0,0.0,0.02687450360146284,0.019275555227910694,0.0928718721388576,0.009978905822126283,0.0967631074378313,0.07888390372832108,1.8682727944296155e-05,0.02026208167044548
17,0.0,0.05290316104078008,0.0,0.0,0.0,0.058098237411036355,0.042384510816091965,0.0,0.0,0.0,0.0067440984502777,0.0,0.017706019818289995,0.09974365391476539,0.0,0.0,0.028584015302506777,0.0,0.0,0.005555188135858496,0.4032530896097157,0.20899366678085995,0.07429916503775852,0.11975229363133082,0.057453181053326786,0.051325169072331464,0.00904747486954134,0.0,0.0,0.03965373687387268,0.012044574927936187,0.0,0.0,0.0,0.0,0.043480392821250415,0.006175453177433982,0.0368058896584997,0.0,0.028131301151755966,0.03134967056153344,0.0,0.0,0.06565658495657663,0.0,0.12311904173698675,0.0,0.025614335501381546,0.0,0.06049732355727763,0.02046518417599956,0.0,0.03989363636756339,0.0,0.024728070927090392,0.0,0.03502304029819367,0.0,0.018749389635553733,0.08774165762950181,0.0,0.0,0.1074007254600986,0.07111081244759623,0.03441070752291605,0.1366378934455319,0.0,0.012857976415986438,0.0,0.13497790045645203,0.0,0.09572249380214894,0.030948654518255684,0.0,0.026826708780445806,0.0018957073456372922,0.0,0.01446257178716923,0.02306944368693591,0.07651802129677907,0.06006863348612994,0.024683918749510765,0.0,0.061479293488524565,0.0031571920614360772,0.05613918994847818,0.012604251928158118,0.04691017428441124,0.053620858994176734,0.0,0.08052967713459007,0.12276953464674407,0.0,0.015207270190040364,0.0,0.0,0.037882615561918076,0.031727850537931895,0.017477807899349072,0.0,0.0,0.0,0.037861134301488665,0.0,0.0,0.0,0.0,0.02865597238034056,0.002200165904336419,0.05127437073339122,0.062325733801879966,0.10571042048188746,0.04288095745555883,0.0,0.10975855395826116,0.0,0.0,0.12113313401537654
18,0.0,0.02914596983008081,0.02053632020731036,0.03850219089103536,0.08441176873092253,0.07581627609264775,0.09757430689652423,0.11291684690871759,0.16474443718675263,0.08971695605119001,0.9414269784666015,0.0,0.048231181927644896,0.013916749791109285,0.0,0.059875716008807256,0.17670563588173577,0.0,0.0,0.10007015295660962,0.0,0.03240576371761357,0.061772639235725346,0.028179844479160183,0.0,0.0,0.01365934691583831,0.0,0.0,0.018291540699485406,0.01621046193588233,0.016327329591872924,0.09505184000623262,0.0193272570954248,0.07923889622975194,0.023173053098677256,0.07458846117393031,0.04415102667074994,0.1784674877456039,0.01851899214452486,0.08972778525253018,0.033067647467184796,0.11399718715139548,0.0,0.017991755249256263,0.049232617839811796,0.0,0.0,0.041669794174275236,0.2484718333123154,0.0,0.04490637018901467,0.07057868023901989,0.0,0.01728748107633362,0.0,0.043363071565703876,0.032891332339724154,0.052526559002487476,0.00793845051873282,0.022553218994947968,0.0,0.12421125097296007,0.009002043460277494,0.03628705283917097,0.027055076599228595,0.03053445194914634,0.0,0.07015852724255538,0.04552237260271384,0.0,0.040898340890866816,0.005888114893879177,0.0,0.02390960547593813,0.0,0.0,0.1368191746642651,0.11929973634459078,0.20152114538699506,0.08942213615964408,0.07249058837153266,0.09639179369573968,0.14784147929212774,0.2519188286670175,0.005678933328004372,0.1261190776200763,0.11529569267938804,0.0,0.0,0.037239203565123585,0.0,0.11672438906215492,0.0,0.02373890684742859,0.020431848521623698,0.026113361993659854,0.05431546002512073,0.0,0.052006382924543085,0.1206499957900069,0.1470430671339868,0.05339555868088555,0.0,0.04841450631838739,0.006208937767034016,0.07579486328619117,0.0,0.0,0.0,0.0,0.016317975377237774,0.0,0.0,0.0,0.08696553147219481,0.11387664341562483,0.11284449827129646
19,0.0,0.0,0.028632378371083934,0.0,0.03921960300559183,0.08449891076358348,0.018954324764107966,0.0,0.0,0.0,0.0,0.06914629050700463,0.1233225062587676,0.014063082673700178,0.0,0.016721031260132125,0.15816968126220216,0.005555188135858496,0.10007015295660962,0.0,0.08240551302721724,0.10434525965378544,0.13581089719885078,0.01899254659466672,0.10047921426818905,0.01203733385712726,0.0,0.0,0.0,0.03550973076607615,0.04938139499829463,0.0,0.0,0.09449519573934241,0.0,0.0,0.015196798334647535,0.0026455502796637323,0.09784086649248845,0.03838676968710173,0.01832046762478843,0.02413856418358533,0.04843104736664467,0.058388313542026296,0.019301967896042334,0.0,0.11897187168768196,0.0,0.0,0.0,0.0,0.0018871706795105618,0.045608164333280084,0.06992272793999908,0.09491487700879585,0.008773434375814338,0.0,0.0,0.09458869415687367,0.0,0.05356868422335471,0.0,0.03792761093936742,0.0,0.009266385596162632,0.0,0.006686377700490611,0.028953688325399178,0.1098440477598055,0.002094736302106684,0.009762438172700718,0.006005988537585662,0.07354624947284656,0.026438476664970016,0.0,0.01152390933240462,0.0,0.010859753447338416,0.0,0.10175623382435944,0.0,0.0,0.03284853848521895,0.11552003412635627,0.07091237055935752,0.0,0.04322116374991412,0.038807511037384855,0.02169912325308686,0.04091481976430876,0.0,0.0,0.0,0.04313691991094807,0.04031989468820598,0.0,0.049751487582130625,0.0,0.05889398729742133,0.023384537768108928,0.07982233656402711,0.035744956067838896,0.10253449448285645,0.02954583984626409,0.0,0.04340413006997848,0.0,0.0024334243793537316,0.019989370949316285,0.0,0.0023804215897287474,0.0,0.08488338665736389,0.03223630851562648,0.08001142071530469,0.050082433900472394,0.0,0.0
20,0.0,0.0,0.018359811892184365,0.016255732763354253,0.0,0.0,0.02212323483257386,0.03547328027100257,0.07567350449620053,0.08929259769547494,0.0,0.03837509459378577,0.05833965531689517,0.040195964262048245,0.0,0.0,0.1261826366588494,0.4032530896097157,0.0,0.08240551302721724,0.0,0.17849849945456467,0.08789127241988283,0.007689254791844037,0.0,0.008443766635911242,0.05953377292506331,0.0,0.0,0.0,0.0,0.06195732537154822,0.02065793313044942,0.0,0.0,0.07295087926789243,0.043502862431532965,0.032738582477380665,0.0964814071904322,0.0,0.0,0.009831298185954544,0.00889271890141897,0.006639327685750894,0.06408381792202186,0.0,0.0,0.027249476920223743,0.05365404324081883,0.028854511261263604,0.002067741646870277,0.0125414828508864,0.06056970691291554,0.0,0.027003971303026366,0.022942206209320404,0.0,0.08717784045630338,0.03773595474122274,0.0,0.07792281825379689,0.15386276925596362,0.0,0.11226493444834798,0.09260845456711939,0.007470675846089411,0.04412913152297931,0.03439272667533856,0.010972537647303267,0.016269932078363965,0.026017324351018105,0.10277024445037414,0.060874280885292856,0.0,0.0,0.05952852292855036,0.06889893640803692,0.04215084951780538,0.05928819324386958,0.09047712369090204,0.06443739814560141,0.01619462994128512,0.031935806366648896,0.0,0.0,0.020695795347853214,0.00258297974343975,0.0,0.010130380604656751,0.012031934965404112,0.0,0.014763982051787564,0.0,0.047758050882254634,0.0,0.011329899196825645,0.05750352563797547,0.1293940940398961,0.0,0.0,0.056819750262109094,0.0894320363264419,0.0,0.0,0.0,0.04386785421088718,0.0,0.0324608629290442,0.02642512431715063,0.0,0.029130045008779155,0.02730617289825845,0.05936309416538068,0.07017210272692107,0.04920434305940743,0.0,0.002217322746820062,0.03280804444564509
21,0.03296738807740104,0.0,0.0,0.0,0.02181765288168225,0.15754180932257092,0.06559721989392399,0.0031374300178753966,0.016019473281115047,0.031089579169118937,0.030063720049368484,0.0,0.0510580310197878,0.07092113269078529,0.0,0.038004565648290085,0.0,0.20899366678085995,0.03240576371761357,0.10434525965378544,0.17849849945456467,0.0,0.022699350804357466,0.05115162453046884,0.011662343339482392,0.062478283117170866,0.0,0.0,0.04624805736087805,0.0,0.0,0.03452970295179545,0.023245298369064707,0.022260975677889892,0.0,0.0,0.04403821567023554,0.01291804202032533,0.03683462340892259,0.0,0.0020027236032785995,0.0,0.06378260353052902,0.0,0.019461331718875815,0.026747331265344693,0.026808904883169962,0.0,0.09446377579888017,0.0241100407516132,0.0132694591459023,0.0,0.0,0.06591502471811043,0.0,0.0,0.0,0.0,0.05780378907773823,0.0,0.01372333368111172,0.0,0.0,0.0,0.0,0.032100626883519986,0.0,0.011267395638683137,0.028845279528416357,0.0,0.0,0.0,0.052881388017583714,0.05257129113280948,0.0,0.0,0.0,0.06744706330672857,0.03964993825855375,0.03460098178470751,0.015009933970543746,0.0823715602756078,0.0,0.06478129552608926,0.0368024860290171,0.0,0.2050001058964055,0.006140073228480926,0.0,0.0063142704699380115,0.054188738609764184,0.0,0.0,0.013503739077895482,0.01772441434039408,0.0,0.025521541714663632,0.04461037021203211,0.03105363992047771,0.06787506185165071,0.09654833023638258,0.03938608636421169,0.0027773565195575393,0.04307804614359864,0.08745250941519864,0.0,0.0,0.022018791142812903,0.0,0.038282823192646774,0.11344079969250113,0.028225617682668985,0.017742661541888118,0.0,0.0,0.025841371542980735,0.029392067558057188,0.041055537348285896
22,0.00018932919267007278,0.019946275874023145,0.0,0.0,0.10155106565302345,0.045872365718148664,0.006209073912553264,0.01355161512186036,0.04909311572854956,0.0,0.0,0.0,0.10806824038429981,0.0,0.011325892055860324,0.0,0.0,0.07429916503775852,0.061772639235725346,0.13581089719885078,0.08789127241988283,0.022699350804357466,0.0,0.02827167300608552,0.09628329041692976,0.0,0.0,0.03575677605304294,0.0,0.0,0.0,0.033935065556249845,0.0,0.0,0.04045344175881801,0.0,0.08632041081009675,0.06898267027817341,0.0,0.0,0.0,0.0,0.0,0.0,0.04025565751569378,0.05404952914037778,0.042158822673925185,0.01806805149065016,0.04394442109606868,0.11490266978860529,0.02255252297752779,0.061418543538271496,0.0,0.06090612924483451,0.05518296888975428,0.0,0.0,0.05780777663234323,0.0,0.00028578874233810834,0.0,0.037850764563236966,0.0,0.010775805032947205,0.07275555075157741,0.008705468004655484,0.03460174437346236,0.0015665406549690338,0.13536192310557016,0.0,0.0,0.0,0.0748480497078124,0.046491427266531195,0.09109427670903075,0.019418705966562783,0.11980892493364369,0.02374429860854046,0.0,0.07256676786378707,0.0,0.0400197732504753,0.0,0.023865879775895465,0.0,0.0,0.052373587424637165,0.0,0.06452857429195419,0.03614204309750493,0.0,0.0,0.0,0.0,0.0,0.006752491252544436,0.007341660403807393,0.06276522090393528,0.0,0.00039032764223846254,0.0,0.008870938872093132,0.05671772377117422,0.044523705201926105,0.0,0.0,0.0940300059810751,0.017051899890442427,0.07458776491965184,0.0,0.002293696676654923,0.0,0.0,0.0,0.006420518400172209,0.0,0.011857935152432702,0.03815632472328584
23,0.07529548641701522,0.0,0.11490843363121786,0.0,0.0,0.0,0.002814862792681204,0.0,0.0,0.0,0.008988243198940595,0.06270279277518137,0.0,0.0,0.0,0.0,0.0,0.11975229363133082,0.028179844479160183,0.01899254659466672,0.007689254791844037,0.05115162453046884,0.02827167300608552,0.0,0.0027706861592487362,0.07986452780837043,0.046224242053169655,0.025689004858908078,0.020844842794089682,0.0,0.0,0.0,0.026134910983104498,0.0,0.04298125839789147,0.0,0.0,0.03355376071415516,0.029964451783480762,0.0,0.0,0.04834213586084461,0.008069742416825263,0.017187188828647434,0.02925872893114371,0.0,0.0,0.0,0.06532581108296547,0.006700731266239126,0.030213714709476022,0.08811924445198281,0.03703249096250007,0.03313077443207457,0.04845514891345743,0.0,0.031008144554700932,0.0212372287808788,0.0,0.06058491351094356,0.010066394324137385,0.00023914457603976892,0.007815595312983379,0.0,0.0,0.06760025854857382,0.024482085452233134,0.00018316452095866462,0.07628439913056284,0.0,0.0,0.05421473011791782,0.050020438743350625,0.0,0.0,0.0,0.0,0.0,0.0,0.0,0.0,0.0,0.0,0.08610240276161613,0.026874008561452594,0.0,0.0,0.0,0.0,0.04317102970741079,0.010926685662363727,0.0,0.0,0.07661651501144703,0.0,0.0853909193423693,0.0,0.030688017293966134,0.07005888934494327,0.09851493560447382,0.02367743528593127,0.0,0.05625225086113757,0.0,0.0,0.0032427997305152093,0.10562703940581337,0.0,0.0,0.017894541904725697,0.0363103662289321,0.0,0.04137783630769374,0.10655036686462564,0.0,0.07917124335101003,0.015097999111546022,0.01883760359532921
24,0.0,0.0003804410303817283,0.0,0.0,0.04545522520658382,0.0,0.010399081260357554,0.0,0.034522257082983815,0.06915374829063484,0.0511263162845257,0.0,0.0,0.0,0.19760841049543335,0.028582034111243645,0.004513648281060907,0.057453181053326786,0.0,0.10047921426818905,0.0,0.011662343339482392,0.09628329041692976,0.0027706861592487362,0.0,0.0,0.0,0.0083047523685823,0.006690740060709172,0.0,0.028128078867081525,0.02524601725324096,0.0,0.0,0.0,0.0,0.023962997074771654,0.0,0.0,0.0,0.0,0.0,0.07175285951541005,0.004803650595745503,0.0,0.0,0.0,0.051914580494305,0.06763070107010438,0.0,0.0,0.049306543499747044,0.04525402433659503,0.07965181881642444,0.0,0.08152109833669438,0.005015843907702554,0.0,0.02142965662853549,0.04080868408200569,0.0,0.011321770981125944,0.014974923247067558,0.0,0.0,0.047065200096567755,0.012857867384526215,0.04791891859541521,0.025390832699884413,0.030596295896018106,0.05214996932158791,0.0,0.015453140503355046,0.044145521569633805,0.019329429364518272,0.07799651981639999,0.04064395847198615,0.011035737020962801,0.0,0.03759074022756953,0.0,0.06465964778857766,0.026100275092718988,0.0,0.0,0.0,0.0,0.0,0.0,0.0,0.03445014022331001,0.0,0.0,0.0,0.01795690685758412,0.0037435531207452365,0.11551875191751955,0.0,0.0,0.0006225391994976471,0.0,0.0,0.024397751323312556,0.0005861740131537462,0.0,0.054168954186635906,0.08883466597448997,0.07180982936110568,0.015300213257996393,0.03590846719450269,0.010752921969662333,0.0271836876614243,0.0,0.0,0.0,0.027797647686027948,0.0,0.06382454688588533
25,0.09411078306626573,0.06045055851746779,0.03651739639059631,0.07247142276753352,0.0,0.06614388216009234,0.04945627035638195,0.0,0.13320266725330887,0.005189761553953228,0.0,0.0,0.0,0.05336253021902664,0.0,0.0,0.0,0.051325169072331464,0.0,0.01203733385712726,0.008443766635911242,0.062478283117170866,0.0,0.07986452780837043,0.0,0.0,0.12289061342342747,0.004942840920352248,0.04902429563181388,0.03753792480000498,0.0,0.07316763649667733,0.034906538550715786,0.0,0.0073949441112372075,0.022775882076644615,0.0,0.07433496763573676,0.029153752376917762,0.0,0.021644215959233524,0.10440368950269602,0.0,0.04031362466829978,0.06719306513363162,0.0,0.03695125426927859,0.0,0.0,0.07186655802874975,0.01603458424199789,0.08386882673991118,0.0,0.0,0.0,0.0,0.0,0.03948347698694241,0.031210764883778518,0.0,0.01595839606457841,0.0,0.010329757570735546,0.0,0.0,0.0,0.037346245677166476,0.0,0.0,0.0,0.0,0.04912440702327,0.0,0.0,0.0,0.03406440834918088,0.0,0.06149359868886856,0.03299657537361945,0.0,0.03571682225405658,0.05555685554390377,0.053060618454032676,0.0,0.033847314307057716,0.04706784474501382,0.0,0.03245813371995151,0.0,0.0,0.02917419412085928,0.03882214195406388,0.02748323505880262,0.0,0.0,0.10320326654810459,0.0,0.04387557583584421,0.1512794925814542,0.0,0.0738865407281536,0.06367045634299842,0.05042696731653439,0.01807935196189931,0.07001873585018957,0.006301557950506037,0.03106042630318237,0.0,0.0,0.0,0.02318936818338501,0.09832315307458292,0.0,0.07907892970582663,0.06057570020357257,0.038489951335472485,0.06023667513010201,0.07487416321002949
26,0.0739385033416712,0.0,0.09663880884549919,0.0,0.0,0.04608480583165004,0.0,0.022172861248783454,0.01637084871917355,0.013168783201281894,0.07385218365483924,0.0,0.0,0.0,0.0,0.09717915490003104,0.01920127907703971,0.00904747486954134,0.01365934691583831,0.0,0.05953377292506331,0.0,0.0,0.046224242053169655,0.0,0.12289061342342747,0.0,0.04102534911514336,0.0,0.02951681957336778,0.04552200382983305,0.021656971321596545,0.0,0.0,0.09055771500766131,0.0,0.11599227030605805,0.0,0.0,0.02656820503995244,0.0,0.016247480727145144,0.0,0.0016306736005093309,0.019557213426210265,0.0,0.04284333695288462,0.02897943151716627,0.0,0.0,0.041308514242998834,0.09311433089548751,0.09840874690879639,0.0,0.06130123718744235,0.02103072213902416,0.05012675044734165,0.018959016194174734,0.08163422949582383,0.14928465187987877,0.010396677147709305,0.0,0.028205367946392113,0.0,0.07416760129516943,0.0,0.11805881001327172,0.015320872924996868,0.048967299603928406,0.0654130184849653,0.018289109361781325,0.0,0.0017348760533018297,0.05293566378789767,0.09047379496153556,0.0,0.1060135977724925,0.0,0.0,0.19580421151431535,0.031941635183330444,0.033254569919725176,0.013845616434696322,0.11245627288682769,0.02243506227150865,0.0,0.0,0.0,0.15283479417647786,0.03201131740705465,0.055902298732222244,0.0,0.0,0.057355912221957836,0.0,0.09942457175370119,0.0,0.11354419307129338,0.0,0.0,0.0,0.140500925582832,0.04557685136260234,0.03358587963276933,0.09252956057256806,0.08165046887734667,0.15073510436603998,0.0,0.0,0.12381532499320429,0.0,0.07756685549628548,0.06974825432062863,0.0,0.0,0.0,0.03613594908548356,0.00156402131261459
27,0.0,0.0,0.011321700573782569,0.0,0.12104033308999289,0.0,0.035217633308045476,0.0,0.047756829759363635,0.0,0.0,0.02583205559635916,0.0,0.0,0.004281091043343961,0.05371713357974218,0.0015902976782013487,0.0,0.0,0.0,0.0,0.0,0.03575677605304294,0.025689004858908078,0.0083047523685823,0.004942840920352248,0.04102534911514336,0.0,0.04143748908220158,0.0,0.0531344406236888,0.0,0.027433129900235675,0.0,0.0,0.025084499086743147,0.0,0.0,0.0,0.0,0.025704570586819075,0.0,0.0,0.0,0.008557482245008288,0.0,0.0,0.04654314328459707,0.046187571502055706,0.027497870197658435,0.07490627831625651,0.018953502863696275,0.04529287436318293,0.0,0.0,0.0,0.011490977528996957,0.0,0.05093832257070832,0.017473622933866683,0.0,0.0,0.0025319350980568542,0.0,0.0,0.004047309564121848,0.0,0.0,0.04792001596962067,0.03330741869103135,0.04798161539915766,0.03306674238580379,0.02955410761657101,0.0,0.0,0.0,0.09450008995253045,0.0,0.03416161171183278,0.0,0.023602466341930795,0.029482077883476596,0.10258164961606733,0.027531361131676882,0.0035308703657905526,0.005526316974566938,0.04935241145388028,0.007184495485706941,0.0,0.0,0.10441066506843559,0.04771772802311876,0.09767904782628427,0.03367307017964534,0.009126683926835258,0.0,0.04623433249379191,0.03672409276561423,0.0,0.07900867132613439,0.0,0.06991392213634962,0.0,0.0,0.0,0.07867849190696888,0.008390710980889275,0.03959266931435906,0.031183521172983772,0.0,0.01622454138999744,0.03508539960556313,0.0,0.01297572381519595,0.022096281405600826,0.02916058183477974,0.0,0.03595663872762452
28,0.0,0.03756524739058962,0.04579093403345417,0.03134774758068447,0.0,0.0,0.0,0.07276985266657972,0.059938775741767945,0.008177957595397465,0.04055310543367652,0.0067457354920719935,0.04303365277071511,0.09106334290744596,0.09754030516637004,0.0,0.015085220052905836,0.0,0.0,0.0,0.0,0.04624805736087805,0.0,0.020844842794089682,0.006690740060709172,0.04902429563181388,0.0,0.04143748908220158,0.0,0.0,0.08304399304762786,0.0,0.049209590658124754,0.0,0.0,0.01659082162161426,0.060474520117402196,0.0,0.0,0.015009617457741074,0.14226264662041876,0.05739886039540011,0.01948526127534953,0.0,0.0,0.0,0.0,0.0,0.0,0.0,0.09221039083211419,0.0,0.060937214337928904,0.09554968515086226,0.0,0.0,0.0,0.013938361772620759,0.0,0.0,0.0,0.06240741892570107,0.0645433796679728,0.024925907033091905,0.06115196863591768,0.0348355995271659,0.03790547920314468,0.023887156259943504,0.0,0.017767585052029924,0.0,0.0,0.0,0.10330133457156392,0.0,0.0,0.0,0.0,0.0,0.0,0.0,0.0,0.044714475879518066,0.0034002028044608063,0.0,0.021299623659874953,0.07778881216951573,0.037660789408669966,0.03553758740622675,0.0,0.0,0.0008609351872795577,0.0,0.0,0.0003282264756927805,0.04169226618933372,0.0,0.0,0.026188804437175837,0.016947339718419423,0.0,0.01033501327477597,0.0,0.035373680753801,0.0,0.02374011486336618,0.09638492517729731,0.0,0.0,0.009455774384446069,0.020198016102031792,0.038712217395924634,0.0,0.0,0.00848061309525622,0.0,0.0,0.015349823266025632
29,0.0,0.0019082249559110758,0.0,0.0,0.0,0.020753422089665227,0.0,0.04451374956176701,0.04596902060294118,0.04327934154412239,0.07835180678846158,0.0,0.0,0.0,0.023239043676402428,0.0,0.0,0.03965373687387268,0.018291540699485406,0.03550973076607615,0.0,0.0,0.0,0.0,0.0,0.03753792480000498,0.02951681957336778,0.0,0.0,0.0,0.009248675065797227,0.056004845371585364,0.025716731096198438,0.0,0.05907819550452063,0.059246287796073466,0.12624231093624144,0.0,0.03927573612693445,0.0,0.029001089411685187,0.0,0.009481730401382105,0.031073350824842957,0.05689786251894276,0.0,0.08788550178151575,0.12169410136120436,0.038800258510328915,0.0007322407417436156,0.0,0.03332074690108111,0.0,0.02257398084910064,0.027245776624268348,0.0,0.029638155431936278,0.003252184663503684,0.018675809811082755,0.1006532630004418,0.0,0.0346217062807952,0.04216073908077702,0.11033859828316288,0.0,0.0,0.053486303314905115,0.0,0.0,0.06645824552707177,0.011544728919418226,0.05521925261177501,0.0,0.0,0.0,0.03674088114093985,0.05972308199571248,0.03983050410059988,0.0,0.07210230501235827,0.09576450521410398,0.0543052852313194,0.0,0.1087901926208415,0.02366006710206541,0.0,0.04277001229337956,0.0,0.031414442728488555,0.0879498914807686,0.0,0.0,0.0,0.0,0.12302584155165183,0.0,0.011579533641750888,0.043922198538593527,0.050255655874595496,0.08517754834178533,0.0,0.05651836633075281,0.0,0.0,0.0,0.0004259138888063736,0.14820609074475258,0.0,0.04563497363554787,0.02550563888649846,0.03026469138980124,0.0,0.0676298508856336,0.0,0.0,0.004538809323654511,0.0,0.0
30,0.08028366917842142,0.09225677631179631,0.0401695261496433,0.0,0.0,0.0,0.0,0.04135747156907025,0.048124796509169496,0.0,0.03700186561697986,0.008942444529448944,0.024220926788578772,0.011872181346811131,0.0,0.10174812445051065,0.0,0.012044574927936187,0.01621046193588233,0.04938139499829463,0.0,0.0,0.0,0.0,0.028128078867081525,0.0,0.04552200382983305,0.0531344406236888,0.08304399304762786,0.009248675065797227,0.0,0.0,0.0,0.0,0.03331171259904736,0.05633857719112409,0.0482351138095716,0.0,0.0,0.06425854911426523,0.023570608273790206,0.07780156007584485,0.12727035980777465,0.0,0.0,0.026303999384021233,0.04104467312061221,0.020921646646389746,0.0,0.0,0.0,0.10796189474152347,0.0,0.022804637905063978,0.00046190473554848536,0.052303248264421925,0.0,0.125950816426477,0.04062788810581546,0.09906276435995665,0.0,0.025885101631976534,0.0,0.005203218482026993,0.0,0.03488667134163767,0.0,0.034416547242958444,0.058363970365006894,0.0009928504828394748,0.013518507991755168,0.021772608100074673,0.032123313388908996,0.030409660008481953,0.021147282462461496,0.014096477998649062,0.029153477507275788,0.0,0.046112570638418,0.09582119616175239,0.008413313055542406,0.046131381689718025,0.0,0.11457456004759681,0.0,0.09351328558455449,0.0,0.042909507319452984,0.0,0.02998475557241962,0.037048639640555464,0.07551269274583611,0.03402999819345917,0.09622746850554433,0.05373269647811266,0.08185685016336391,0.0016569198794646122,0.0,0.0,0.0393263092361184,0.00021071929887082246,0.09327865121227807,0.0,0.0,0.0,0.008204207381877045,0.0,0.0,0.03931079262230605,0.026155900418142388,0.07029970592430666,0.021408631057463757,0.0,0.003607861510952675,0.0,0.058659087057374694,0.08658105697627647,0.04970003671526258
31,0.0,0.0,0.06030924033839136,0.016480761393020522,0.10805551210735635,0.020376770749463757,0.039943635150461856,0.10542833040580546,0.07856532765476237,0.08988381653909099,0.006583763824378969,0.0,0.10727893495615508,0.0,0.005704274883236423,0.0,0.052276833877588795,0.0,0.016327329591872924,0.0,0.06195732537154822,0.03452970295179545,0.033935065556249845,0.0,0.02524601725324096,0.07316763649667733,0.021656971321596545,0.0,0.0,0.056004845371585364,0.0,0.0,0.0,0.0,0.0,0.04554393199277901,0.0,0.012254411559714061,0.0,0.0,0.0,0.0,0.0,0.0,0.0,0.0410369027433061,0.030793670356107875,0.002992161329347955,0.0,0.0,0.005274324297686998,0.0,0.0,0.0,0.07955680134770005,0.0,0.0,0.04611835147987616,0.01104524859307871,0.0,0.013016539533741087,0.0,0.0676620564932942,0.0761825173299531,0.1038691367888377,0.0,0.0010301315937735471,0.0,0.0,0.0,0.0,0.04924692823029561,0.016315772738416237,0.09893313979338697,0.02394761488703998,0.0,0.0,0.0392971536946414,0.06400135662673474,0.017662516192052946,0.0,0.0,0.013044782506330316,0.0,0.0,0.0,0.0,0.10743823845136799,0.0,0.0,0.0,0.0,0.007908986466942573,0.0228174506495396,0.0,0.0,0.0,0.016065135156541652,0.0,0.0,0.06831627194306761,0.0,0.0,0.05203737073190898,0.0,0.0,0.0,0.049263899490969,0.07818419630384107,0.0,0.0,0.0,0.0,0.0,0.0,0.050591903594946634,0.0,0.044228898822736895
32,0.0,0.0,0.027619637864655065,0.05493419007781531,0.07778931370740426,0.03553557574260347,0.018852475436761853,0.025646698810331874,0.0027516904534842916,0.09299236246123542,0.0,0.0,0.0,0.0,0.06227702905575767,0.0683802258512387,0.13100187746493028,0.0,0.09505184000623262,0.0,0.02065793313044942,0.023245298369064707,0.0,0.026134910983104498,0.0,0.034906538550715786,0.0,0.027433129900235675,0.049209590658124754,0.025716731096198438,0.0,0.0,0.0,0.06530726010530626,0.09052749220012457,0.04884512868474784,0.0,0.05510316486983911,0.07094839246808238,0.0,0.0,0.07457906921037967,0.009834179678415475,0.0,0.0,0.08670102785312446,0.08942722585077431,0.07321941328953248,0.03577504707057257,0.06105187503227514,0.0,0.0,0.10937812412668316,0.07536505759398826,0.010689435892965643,0.056883008589013274,0.08199100379018573,0.07886090305420872,0.0,0.05308365707716191,0.0,0.0,0.014728559138929146,0.0,0.0,0.028435522140014744,0.0,0.0020137001403328814,0.0,0.0,0.03946618693313598,0.0027380755716953963,0.0,0.0,0.04708709079732514,0.0,0.0,0.050366360924431156,0.10557401946640761,0.06783850017705347,0.010087754445692997,0.054989795234122715,0.06529951002869008,0.12162399320303612,0.09411155732663999,0.09585145824614595,0.055912730548342886,0.07321044776877786,0.08129831983274535,0.0,0.027692126868894974,0.0032368957548614854,0.0,0.0,0.10737110990209572,0.0,0.0,0.0,0.0,0.0,0.0029568066262867093,0.0,0.0,0.06519689291232689,0.0,0.005713981917473857,0.0,0.0,0.0,0.0216891361197435,0.0,0.009879989656055495,0.01447308470341122,0.0,0.0,0.046218577553938794,0.050534231604249545,0.01812554578374848
33,0.028610536153640467,0.0,0.022741592469166114,0.06620116035627842,0.07929415280939053,0.0,0.04736352606286904,0.0,0.0,0.01255928451070916,0.0,0.0,0.11701821997763201,0.032313534176781095,0.0,0.030953697932097915,0.043179537325697556,0.0,0.0193272570954248,0.09449519573934241,0.0,0.022260975677889892,0.0,0.0,0.0,0.0,0.0,0.0,0.0,0.0,0.0,0.0,0.06530726010530626,0.0,0.07338606959130152,0.11846829735154028,0.0,0.009619209749806564,0.20288221886949437,0.0,0.02947486930465311,0.0,0.0,0.045291117548089774,0.0,0.02705590138609591,0.05434586662409671,0.038805354962063235,0.05857496542594505,0.18053747620442132,0.003141434157946953,0.08870279043547735,0.1214931053882909,0.0,0.0,0.0,0.0,0.04455747235617079,0.11017080486418748,0.04738131678129988,0.0,0.0,0.07457780849390468,0.0,0.04683035676045364,0.0,0.025417186520481007,0.03754937663141243,0.1702943713135845,0.0172690345183626,0.0055390677432544605,0.04201691820251371,0.0,0.0028868589760185632,0.0,0.03388790493774922,0.0,0.0,0.07440821116313259,0.03390505494373045,0.0,0.01693517225272724,0.0,0.030363638218222168,0.0,0.0,0.037621779618026735,0.13573028468263693,0.01703386498602925,0.0,0.10512225009885293,0.04117098670609381,0.0,0.03215290199840384,0.0,0.15280930296311468,0.11029020662724509,0.0,0.07590441585776958,0.0,0.050836089407133495,0.0,0.16445643484680542,0.0,0.011261546517407277,0.018322180290116105,0.09795734129265689,0.0,0.0,0.014772049411879413,0.0478439669490264,0.05861677312299628,0.03352085500207667,0.08108075168560983,0.0857011840224254,0.0517333148280963,0.039148432326554114,0.117269841937301
34,0.0,0.0,0.0,0.0,0.027282438341280704,0.0,0.0,0.0,0.09247330943733503,0.08007466220100631,0.0,0.0,0.01704071073373851,0.06306995804577359,0.0,0.0,0.0,0.0,0.07923889622975194,0.0,0.0,0.0,0.04045344175881801,0.04298125839789147,0.0,0.0073949441112372075,0.09055771500766131,0.0,0.0,0.05907819550452063,0.03331171259904736,0.0,0.09052749220012457,0.07338606959130152,0.0,0.005155397131965135,0.04280354497622105,0.017291249525115963,0.04576754649985143,0.040257213907663326,0.0,0.0,0.005812077564218305,0.0,0.03699458166056419,0.005606105098846346,0.016413988238874945,0.06362006265765575,0.08417658336984445,0.0,0.0,0.0,0.028382172337861642,0.0,0.0,0.03315650273364404,0.023987749220213683,0.0,0.03660924438237846,0.08635925518736533,0.11300460552211278,0.041677207905917946,0.06718933064869725,0.0,0.0,0.03582470206449651,0.0,0.08264455330443919,0.0,0.0,0.04178911776064138,0.0,0.015869865986296822,0.0,0.03533953134891482,0.0,0.0,0.12265012211341625,0.03161534977294951,0.039209260557334015,0.0,0.024410670411602664,0.0,0.04744935822165225,0.03850667329413289,0.0,0.04686369829431974,0.05557206354424474,0.032577902512672265,0.0,0.036068062904771506,0.0,0.06528917575508919,0.1382287795519193,0.0,0.0,0.0,0.004062944707388426,0.0510904210215432,0.0,0.006427465069299948,0.019172024462687183,0.004664149183497763,0.0,0.028083558403425777,0.0,0.0,0.0,0.03938907668353962,0.0,0.0,0.04231396263446087,0.0,0.029261482717279325,0.021813319901728655,0.0,0.024056508499371007,0.0
35,0.0,0.0,0.03173314674604669,0.0187447129223516,0.10772378263774175,0.03836614448802515,0.21152165202865217,0.11048023755606093,0.11762715865719832,0.053986774682693556,0.07186903227777057,0.07911102859574698,0.01954177667586601,0.002743261311201586,0.07718980805675166,0.009708592986520506,0.06032048379105092,0.043480392821250415,0.023173053098677256,0.0,0.07295087926789243,0.0,0.0,0.0,0.0,0.022775882076644615,0.0,0.025084499086743147,0.01659082162161426,0.059246287796073466,0.05633857719112409,0.04554393199277901,0.04884512868474784,0.11846829735154028,0.005155397131965135,0.0,0.10974372086397975,0.07964534870813958,0.18361195580245016,0.0,0.120066890328734,0.0034564408054680524,0.03907830123454455,0.03264060411176657,0.0,0.0020697860013629103,0.05897489126880357,0.021531017975627374,0.15017541821354818,0.05927903034260007,0.0005010111095699095,0.0,0.04027658344002035,0.0,0.03195229402384029,0.0,0.0,0.05480953910204679,0.12350598206827502,0.08681145173264956,0.10056829023407168,0.03287399130147365,0.0712697667872339,0.14590577956750247,0.0,0.006067540255352693,0.07094958834031252,0.03469809368720008,0.030899508289292856,0.039804803280519975,0.047442574871057484,0.01789931908059835,0.013784989144128446,0.10042922600330234,0.019029762834511976,0.10812815896943283,0.028364569330420475,0.046455293043316505,0.0,0.0833405906776163,0.09160561924973515,0.15906508322864124,0.0848428594825649,0.06645046757731228,0.12605348931752533,0.10352942724928506,0.027684261627091707,0.06429712210936032,0.12924717698073704,0.0,0.09891310474931542,0.07457255961297933,0.0,0.0011705449948402945,0.00545615645536742,0.06901151087311308,0.0,0.0,0.09047288305051747,0.03683592453543611,0.0,0.021072116601137104,0.09234804946396719,0.010010588691683045,0.08212211739038787,0.13537886417240624,0.23004366710998647,0.09957204582447228,0.0,0.07295933136720331,0.09401178043987674,0.14001102138444582,0.15637650082939747,0.14549137319387287,0.11910608981990399,0.15803170579622508,0.02048337356650099,0.16482586244222858
36,0.033438744467620386,0.0,0.0364792841578768,0.036678543381806164,0.09082865324479589,0.0829264835720136,0.05195503593493022,0.007979762168727617,0.09658941733579712,0.0,0.030665219681543548,0.0,0.07168708154174219,0.0,0.0,0.0,0.001174081438299958,0.006175453177433982,0.07458846117393031,0.015196798334647535,0.043502862431532965,0.04403821567023554,0.08632041081009675,0.0,0.023962997074771654,0.0,0.11599227030605805,0.0,0.060474520117402196,0.12624231093624144,0.0482351138095716,0.0,0.0,0.0,0.04280354497622105,0.10974372086397975,0.0,0.001763816057457442,0.06530901851308035,0.0,0.020800813471666176,0.03491534642321344,0.0422318680779914,0.05565546615367418,0.1501519864765487,0.023809845535072757,0.05179782530899514,0.0,0.019995185137488065,0.03811142506668878,0.0,0.006866820047925613,0.0,0.0,0.02506754832526718,0.0,0.0,0.06476473432903954,0.08641028913219614,0.029950235925654992,0.07852605559545524,0.0,0.0,0.0064025356445552755,0.0,0.006451771966618863,0.0,0.055601712928481595,0.0,0.0023858866310223323,0.0,0.02924336314782503,0.140567500476801,0.07432245930839329,0.0,0.08262405854196211,0.0082271060258156,0.1960232055147527,0.057926070041224284,0.01128556260862021,0.03543286071342195,0.07128665040135412,0.059726655243892646,0.04296712054220199,0.009127786701955565,0.0,0.0,0.0,0.04186840302457716,0.0,0.029983559195760765,0.0,0.028568518857530086,0.04463191807509738,0.0,0.0014483807502155446,0.01828337005152788,0.030204692201125875,0.0,0.0,0.0425690328056158,0.0,0.0,0.0,0.06661294667794962,0.0,0.0,0.06357593684174138,0.042635979048624685,0.012818120704501152,0.02435892202428807,0.07752101619435847,0.0,0.003931209438676575,0.02288383613657275,0.0,0.048043914663741916,0.0
37,0.07453037399120899,0.0,0.04539847835973702,0.0,0.026246046903081056,0.0,0.10019412728740747,0.0,0.025203750157039205,0.0,0.08624462779574663,0.07768665477728628,0.0,0.0,0.0,0.0408275041334324,0.08559743921401486,0.0368058896584997,0.04415102667074994,0.0026455502796637323,0.032738582477380665,0.01291804202032533,0.06898267027817341,0.03355376071415516,0.0,0.07433496763573676,0.0,0.0,0.0,0.0,0.0,0.012254411559714061,0.05510316486983911,0.009619209749806564,0.017291249525115963,0.07964534870813958,0.001763816057457442,0.0,0.19744501783948643,0.0,0.02282820117797784,0.04001287071465134,0.040313873386545955,0.0,0.0,0.05653573876066429,0.0,0.04394776260064396,0.0,0.0,0.05224270092988694,0.0,0.03099624332664443,0.07675593822855398,0.0,0.0,0.05440432043027145,0.141000613191219,0.04808316707876093,0.07102386997357371,0.052180444914588356,0.0015353212146627378,0.11061178819540413,0.0575679259702956,0.0,0.05234620311022994,0.04589047470951827,0.0,0.07040672685623417,0.0,0.0,0.0,0.0,0.03920264178176395,0.0,0.04585394526988999,0.031911415096825886,0.015577859885062606,0.10733566038907422,0.05015378335970693,0.0,0.14717831760279795,0.21870223276748868,0.0706609949936844,0.10701272672844157,0.07902133301087151,0.09204161888342004,0.0,0.03468662397429602,0.07132605490554146,0.0553572780544097,0.10417412680600972,0.032871520825522124,0.0,0.17611864500872473,0.08673697390617943,0.04194803090672511,0.010918282820696857,0.0,0.0,0.0,0.15790411320712916,0.0,0.0,0.0,0.09579257502310966,0.09985236809702452,0.08135482117725934,0.0,0.06943142786697758,0.07293716116269239,0.000617181166518909,0.13028698909418987,0.12168072412498242,0.017133452344557907,0.013837351985946213,0.0,0.12050972123672096
38,0.023571698337031714,0.0,0.0415878625182694,0.19127656475481353,0.1123523615322813,0.024768545035962628,0.025603074238959474,0.0938123532244386,0.000698650743534089,0.04233061680668537,0.03645014615317711,0.0,0.03036101910176642,0.059423133817032854,0.0,0.16516897965128932,0.04226298872687132,0.0,0.1784674877456039,0.09784086649248845,0.0964814071904322,0.03683462340892259,0.0,0.029964451783480762,0.0,0.029153752376917762,0.0,0.0,0.0,0.03927573612693445,0.0,0.0,0.07094839246808238,0.20288221886949437,0.04576754649985143,0.18361195580245016,0.06530901851308035,0.19744501783948643,0.0,0.015719288885192233,0.0,0.030621121226717726,0.046022604078407206,0.0026933680707671276,0.04104547650794404,0.0577376308764325,0.1557712553389575,0.009847353348468526,0.11355138545977375,0.005781838724819361,0.0,0.11905514484407198,0.05040797566293223,0.0,0.051968732378476934,0.056457188002218654,0.0,0.12156503425584403,0.33500621242771694,0.03921656560497943,0.09898768825531072,0.0011453276919302703,0.07659064471459114,0.0,0.0,0.08625643920935121,0.03763212543770211,0.0,0.053796057764760354,0.06828348834554493,0.0,0.045111715910115396,0.11609634943178908,0.0,0.0,0.14785967832694524,0.04135767547627929,0.32712203895584874,0.2158985727973847,0.396143985739344,0.3123671200845992,0.06076143120370399,0.23868830370433705,0.21218854566875564,0.2005498765189598,0.18819804852629166,0.23429063928667956,0.15722464461648025,0.1557287859808131,0.0,0.3971167363864211,0.0,0.0,0.02482671724367759,0.10887414541707165,0.04412401950706876,0.25491642173113893,0.18485174628519452,0.013178490765298936,0.0026558052878027567,0.07023800365748568,0.05835010904317598,0.07521793568588214,0.07483630724130728,0.055776420923617655,0.23016047972415124,0.19358311842156922,0.03495667833973683,0.05890996391103167,0.132897233538271,0.20516013533717026,0.197739405515785,0.11841573413811339,0.09074610328692258,0.1782007365225913,0.12784649133686443,0.1594785123750742,0.5326372521834375
39,0.0,0.0,0.0,0.030554706889504766,0.001646862268631358,0.014067802196078356,0.02163047491075803,0.04669506920095891,0.01317733658544765,0.03272270715117036,0.0,0.0,0.0,0.001574009031910843,0.0,0.0,0.0,0.028131301151755966,0.01851899214452486,0.03838676968710173,0.0,0.0,0.0,0.0,0.0,0.0,0.02656820503995244,0.0,0.015009617457741074,0.0,0.06425854911426523,0.0,0.0,0.0,0.040257213907663326,0.0,0.0,0.0,0.015719288885192233,0.0,0.01534714010039766,0.0,0.03011478406850497,0.06035015399139979,0.0,0.03005587463860833,0.04994826516202948,0.10148956565495532,0.0,0.0,0.03036271151917864,0.09787098077464583,0.015659943786282753,0.006968631091476838,0.0,0.0,0.0,0.06060551806644103,0.0,0.0,0.0,0.0,0.0,0.0,0.030270366613019902,0.014830759810419312,0.03266448681717714,0.08619096527657139,0.07296092510632322,0.037760268656529164,0.009469770292234003,0.0,0.028332143217267087,0.0,0.0,0.040215824804120275,0.0,0.024637071359850816,0.05551513800195086,0.0,0.0,0.03969605511180873,0.015222792087253467,0.03524157552073815,0.09684546033303669,0.0,0.0,0.0,0.0,0.0,0.04886849574161239,0.0,0.002536519295862186,0.0,0.0,0.04478004876862796,0.04205508121200656,0.03919258575341836,0.0,0.0,0.0,0.048649679257216284,0.04355903624953867,0.0,0.0,0.03318205194260969,0.06359867203890884,0.0,0.1378948993213543,0.003601235715454723,0.0,0.04033081098746875,0.0,0.02775071783436347,0.0,0.009711171494720018,0.02127591857852729,0.0
40,0.03321383154568446,0.0,0.04781281479110844,0.018445873537063572,0.014188944064228803,0.0,0.06232614207671548,0.09859391026866157,0.005772351491235936,0.013253418644293873,0.03095496670577717,0.0,0.011459577687375043,0.0,0.04463060824713978,0.0,0.034168966015852786,0.03134967056153344,0.08972778525253018,0.01832046762478843,0.0,0.0020027236032785995,0.0,0.0,0.0,0.021644215959233524,0.0,0.025704570586819075,0.14226264662041876,0.029001089411685187,0.023570608273790206,0.0,0.0,0.02947486930465311,0.0,0.120066890328734,0.020800813471666176,0.02282820117797784,0.0,0.01534714010039766,0.0,0.030854158097269123,0.09562269024915841,0.06092574333468361,0.0,0.0,0.11068709627734752,0.045483246525077896,0.07308848129116284,0.009534865157866284,0.0,0.0,0.03718969450806892,0.028309673478336916,0.019685000187464486,0.01277991138568832,0.033377553626744966,0.08206891166924059,0.052520471618138595,0.015344087317239023,0.028424431047061192,0.0,0.0,0.0,0.01999047979624779,0.0,0.029758308783736018,0.007974571567764455,0.06750047538855612,0.0,0.07845191767957764,0.0,0.0,0.015224639094056967,0.020114243935258024,0.0,0.0,0.06952015398020454,0.0,0.0,0.0,0.0,0.012867330857434644,0.024211263177760095,0.012269721930850047,0.07056207744972548,0.01834914671610278,0.0,0.08810529393778924,0.07179840797026894,0.03331788064038401,0.039667993443894,0.013718242783797798,0.0,0.029461705985755142,0.0,0.0,0.0,0.028040184088779077,0.0,0.0016442136872932024,0.0,0.0580116700144219,0.09926625911874977,0.0,0.026331470151174152,0.0007011092693402174,0.041288540231476406,0.02813013784174755,0.0,0.0,0.10870526733586093,0.0,0.0,0.0,0.0,0.0,0.0
41,0.023549333587737663,0.06252620273429742,0.0,0.039443486450572295,0.00786437070615176,0.01752398964490472,0.012789986167550421,0.03249604339960885,0.04000192127505263,0.07551854134391263,0.04059371103208309,0.0017581422644635436,0.0,0.03162130709728638,0.06973805399464485,0.024945503166283137,0.04830793705018427,0.0,0.033067647467184796,0.02413856418358533,0.009831298185954544,0.0,0.0,0.04834213586084461,0.0,0.10440368950269602,0.016247480727145144,0.0,0.05739886039540011,0.0,0.07780156007584485,0.0,0.07457906921037967,0.0,0.0,0.0034564408054680524,0.03491534642321344,0.04001287071465134,0.030621121226717726,0.0,0.030854158097269123,0.0,0.0,0.0,0.03090991685665782,0.0,0.0,0.018448507202273604,0.16476727025621257,0.07901957813544026,0.022436123139520297,0.01879192408397078,0.032461650847377496,0.03479400067662571,0.118316955006097,0.0,0.0,0.018347268128032602,0.0,0.0,0.05939428420558355,0.0,0.0,0.0,0.048309587350845215,0.0,0.03555361924261882,0.0,0.009353987459289044,0.0,0.04338033698712412,0.01173146672020473,0.07679758712925934,0.0,0.026258179033948132,0.053097638453618,0.011273795508569712,0.0434180469504244,0.01906740498433393,0.0,0.01738415435105506,0.0,0.009443987124272718,0.018388041733439473,0.026645079851100786,0.02013351475676157,0.031822639380407164,0.05494617341738631,0.0052974224034372805,0.056446294927152876,0.0,0.06625873432749788,0.0,0.020670416709576266,0.0,0.05142360170111671,0.019413016332158146,0.0,0.07954002794142034,0.0,0.03986557176070835,0.006743850425111502,0.03620276921485121,0.022969614981322405,0.0,0.05775733566526192,0.0,0.059761544955783445,0.034176733191017175,0.050007204133569974,0.029473624730107895,0.038568906325102556,0.08440704316412523,0.012241848738505949,0.0,0.0,0.023224940726705296,0.05365830778355741
42,0.0,0.04706846887260325,0.04386771611823115,0.0,0.0,0.0,0.0540923529683804,0.0418304400483906,0.0,0.03512460491804803,0.00795495430674091,0.02233947061508295,0.05733053049923279,0.12985267042649595,0.06828902030454939,0.05143256380753552,0.0,0.0,0.11399718715139548,0.04843104736664467,0.00889271890141897,0.06378260353052902,0.0,0.008069742416825263,0.07175285951541005,0.0,0.0,0.0,0.01948526127534953,0.009481730401382105,0.12727035980777465,0.0,0.009834179678415475,0.0,0.005812077564218305,0.03907830123454455,0.0422318680779914,0.040313873386545955,0.046022604078407206,0.03011478406850497,0.09562269024915841,0.0,0.0,0.0,0.04010915467065621,0.03851093680368058,0.0004932371816511594,0.01623737263124714,0.06903640913840572,0.0,0.0,0.08857849501224387,0.03359841258450123,0.0,0.0,0.0,0.060032195868834244,0.04006807994461289,0.0,0.13552677327871854,0.09513094711487691,0.13420175895991707,0.0,0.044757261357649035,0.0,0.03177241215298248,0.11718994312022385,0.10950667669943785,0.018044809998057618,0.0,0.015992156366133013,0.01529667653661553,0.0,0.0,0.024084575723665413,0.004614234697898037,0.008360714678437325,0.0,0.07735219650111429,0.05320261491348996,0.0,0.034824428083104854,0.0,0.038362571792984725,0.052052458454371175,0.037658832987232195,0.0,0.05044472624859189,0.0714100565822029,0.0,0.07425829101428774,0.0,0.01622793415928313,0.015904496711446118,0.0,0.0,0.012494037871884456,0.0,0.02092740283867557,0.015036966651262357,0.10596884471837072,0.0,0.04257644544551928,0.0,0.0,0.0,0.02494912517251381,0.08637246469781248,0.0,0.0,0.0,0.0,0.06816340381649359,0.0,0.039734626552854035,0.042751594570260634,0.0015595682121417524,0.028897705104652914
43,0.07717529827969612,0.0,0.052300680452153504,0.013147377412592321,0.0,0.0,0.00751234103327632,0.0,0.001894274713042679,0.04597944099519012,0.0,0.016770276543763694,0.09204354013811156,0.006597917129248994,0.0,0.0,0.059429622915481456,0.06565658495657663,0.0,0.058388313542026296,0.006639327685750894,0.0,0.0,0.017187188828647434,0.004803650595745503,0.04031362466829978,0.0016306736005093309,0.0,0.0,0.031073350824842957,0.0,0.0,0.0,0.045291117548089774,0.0,0.03264060411176657,0.05565546615367418,0.0,0.0026933680707671276,0.06035015399139979,0.06092574333468361,0.0,0.0,0.0,0.024972134056502834,0.0,0.0026232382755546433,0.03390470394627443,0.049047093634267985,0.0,0.0,0.0,0.016481945899146137,0.0,0.0016959893717804495,0.06511760656487485,0.044745635646293525,0.01929893393983843,0.0,0.030149821184106557,0.0,0.009824584568285138,0.0,0.062215280402436304,0.06679736408909487,0.047378181696721804,0.0,0.006441517124402545,0.0,0.0019616546112082626,0.0,0.0,0.019380938437926026,0.02274939814686824,0.0,0.0,0.0,0.09432536551296426,0.0,0.014633613009456686,0.0,0.00904507912466005,0.010610967561115804,0.017496256120517667,0.0,0.11745646328523036,0.0,0.0,0.04523198658117579,0.07191836571704911,0.09770862644368826,0.0,0.0,0.0,0.08491469373112266,0.0,0.0,0.0,0.0,0.0,0.09009493402781094,0.08072213229074983,0.026084567334517597,0.027686224981645975,0.04482483257694177,0.03155214934103012,0.09881993281977497,0.008544429907959658,0.07605332249324731,0.05741265435649997,0.052432345696053435,0.0989535347849883,0.0,0.003593214168653525,0.03485484967391831,0.0,0.04024090580534851,0.0
44,0.0,0.01583184511470339,0.0,0.0026245475286298895,0.09653057942142905,0.0,0.0,0.009136262725200867,0.0,0.07584439871079522,0.03665646832548432,0.0,0.0,0.0,0.0538080436432579,0.0,0.0,0.0,0.017991755249256263,0.019301967896042334,0.06408381792202186,0.019461331718875815,0.04025565751569378,0.02925872893114371,0.0,0.06719306513363162,0.019557213426210265,0.008557482245008288,0.0,0.05689786251894276,0.0,0.0,0.0,0.0,0.03699458166056419,0.0,0.1501519864765487,0.0,0.04104547650794404,0.0,0.0,0.03090991685665782,0.04010915467065621,0.024972134056502834,0.0,0.04942772148651204,0.0,0.09664350630504796,0.06654836030777868,0.010071450753121063,0.0,0.019498737942808795,0.0,0.05530819223921577,0.018478068091681822,0.0,0.0,0.07450139008616644,0.01583886518243726,0.05351833566849947,0.05994963677668679,0.12132769705741345,0.0,0.0,0.03505409420798136,0.05077871752583091,0.029999741496387754,0.0,0.15508437266038305,0.085600843022261,0.03529923597920169,0.006237183710573464,0.05335923324584741,0.09761161277814989,0.01028444190732289,0.060369155108132184,0.03787310746561894,0.06121387562111348,0.048337159869286855,0.053175039479203545,0.05457192783046748,0.0,0.0,0.0,0.01982928543064,0.0,0.0,0.0,0.07382814178240465,0.0,0.08917533353670794,0.015247940770436487,0.0035750617731760076,0.0727111991800394,0.05991371362078552,0.009908100214442016,0.0,0.0681608324685213,0.0,0.050075812721775394,0.0,0.028542727319919737,0.014899910285574835,0.0,0.0,0.006247029077727171,0.0639350567610997,0.0,0.0,0.009038227654164895,0.01934593371617752,0.0,0.050500009778104,0.0,0.0,0.0713162712408536,0.0,0.08144260650779306
45,0.0,0.03906615973641636,0.0,0.0,0.0044206989010617806,0.0,0.001496982329752028,0.05662234973928237,0.0,0.0,0.0,0.0,0.005868360635299851,0.010914453215938827,0.017503346896032047,0.0,0.005116351889173289,0.12311904173698675,0.049232617839811796,0.0,0.0,0.026747331265344693,0.05404952914037778,0.0,0.0,0.0,0.0,0.0,0.0,0.0,0.026303999384021233,0.0410369027433061,0.08670102785312446,0.02705590138609591,0.005606105098846346,0.0020697860013629103,0.023809845535072757,0.05653573876066429,0.0577376308764325,0.03005587463860833,0.0,0.0,0.03851093680368058,0.0,0.04942772148651204,0.0,0.19610494808525117,0.13852291860919555,0.15116912899617269,0.0346077853860401,0.02200600742207058,0.014913944078937811,0.0250861962842992,0.0,0.0,0.0,0.007227762613070519,0.004501147660170227,0.0,0.0,0.0,0.06497256315515491,0.07591857004145397,0.0,0.0,0.025498800432915032,0.09036632947430977,0.06198420388647308,0.14601282763640813,0.05236545899485341,0.014388485417254335,0.0,0.05024108349451556,0.021256905683983956,0.0,0.03627783426470657,0.039141377528745434,0.08983818162780724,0.026022972113993705,0.0,0.04723928353825205,0.1378546430564423,0.0025486662636358282,0.01672836996631855,0.03733872653629373,0.0,0.0007623790538946509,0.003301448805432116,0.09969839285303746,0.017425579436145186,0.021419898984460138,0.0,0.0,0.0388442909383415,0.0,0.014697856634026242,0.03801173149539983,0.07406034350081868,0.0,0.012774459283514986,0.032716536020649646,0.0,0.0,0.0,0.0,0.07961196389636725,0.0,0.04244703525634136,0.0,0.03052620946624459,0.020749750638345707,0.08528287278873815,0.0,0.02547990428204284,0.0,0.011054072705762918,0.0,0.0
46,0.0,0.07630529146041864,0.0,0.05235517468907136,0.0,0.0,0.05585586207055403,0.00889699106153569,0.08056352615534515,0.127109380471456,0.15406813810673253,0.03812219136642589,0.036625712041181833,0.06652408467398656,0.0,0.0,0.0,0.0,0.0,0.11897187168768196,0.0,0.026808904883169962,0.042158822673925185,0.0,0.0,0.03695125426927859,0.04284333695288462,0.0,0.0,0.08788550178151575,0.04104467312061221,0.030793670356107875,0.08942722585077431,0.05434586662409671,0.016413988238874945,0.05897489126880357,0.05179782530899514,0.0,0.1557712553389575,0.04994826516202948,0.11068709627734752,0.0,0.0004932371816511594,0.0026232382755546433,0.0,0.19610494808525117,0.0,0.6465610426304355,0.24807875269116017,0.031526044299746446,0.1921818820955123,0.0,0.12700687047556994,0.029546495006866062,0.000469190870251486,0.014601913137104279,0.058457786706694166,0.0977000224524282,0.07947926389814958,0.001993712891232823,0.05728295292694647,0.0,0.03906148258111698,0.0,0.04593459256766953,0.0,0.1323784422582098,0.0,0.9401337558038855,0.0,0.0,0.05868075283266217,0.111738275627729,0.04681884599708269,0.01275453572787133,0.10716199173257443,0.03684717911443135,0.0,0.0,0.01377355631213933,0.0,0.05829423687094014,0.15236972310808608,0.049949035081408785,0.12277297941008881,0.0273196027873872,0.059437782428825206,0.0972982696055799,0.12978417938022674,0.12908341223609177,0.11101072503556086,0.0,0.09827993153332681,0.0,0.09632190051034392,0.036310626255178585,0.1545082067995328,0.02822652923392984,0.03183286215035323,0.0,0.0,0.0,0.0,0.0,0.09177792483212548,0.09902730674032842,0.03148724571171382,0.04387960809861487,0.026210661239941504,0.10186433956734067,0.09708631493694361,0.2116397069504758,0.05929569347546017,0.08341563998499495,0.06721544735995763,0.08574120371096854,0.0,0.010595666300471733
47,0.0,0.06620397865116108,0.063669043425648,0.024280549905843864,0.06798464991789593,0.0,0.0,0.14874974016537887,0.0,0.03166319398525404,0.09520550783056209,0.0,0.0,0.17742676589305423,0.1086250184228061,0.025245900960855508,0.0025259064085233836,0.025614335501381546,0.0,0.0,0.027249476920223743,0.0,0.01806805149065016,0.0,0.051914580494305,0.0,0.02897943151716627,0.04654314328459707,0.0,0.12169410136120436,0.020921646646389746,0.002992161329347955,0.07321941328953248,0.038805354962063235,0.06362006265765575,0.021531017975627374,0.0,0.04394776260064396,0.009847353348468526,0.10148956565495532,0.045483246525077896,0.018448507202273604,0.01623737263124714,0.03390470394627443,0.09664350630504796,0.13852291860919555,0.6465610426304355,0.0,0.27717011055122037,0.0,0.143450955478016,0.0,0.01701822645836411,0.005265699675813075,0.0,0.0,0.015569569240574666,0.09743707346706237,0.0,0.0,0.09549494791267243,0.12796343863906703,0.0320649417406162,0.03503240478960699,0.041319669486159664,0.01568287664530086,0.03707507473728072,0.0,0.5364020472772657,0.02277977624441567,0.02886922328743197,0.052748397358605634,0.165823658326498,0.10315353248589228,0.0,0.0849935935810544,0.0,0.06241711228563903,0.19761958583953868,0.04986214754710291,0.05016444349527192,0.056983718749122725,0.10773785501769134,0.028005482157166094,0.04484580013161341,0.0628931989364937,0.0,0.0,0.17685819291589977,0.0,0.0,0.0620312047205192,0.0,0.013379863619213447,0.0,0.0,0.1169022204173539,0.11719505576137991,0.03960743890569695,0.06677295366700789,0.0,0.03363465204566045,0.07231214892955863,0.0,0.011999958633831504,0.05256129495538171,0.0022811309003440516,0.035330427622278775,0.0,0.04258097926369541,0.07284746916810964,0.132311947715468,0.09889408676103686,0.06307417753239536,0.081223538765232,0.0,0.0006422895551473194,0.020756482890722905
48,0.06889010064829672,0.0,0.05320206027313196,0.0964462167801149,0.08376136648992975,0.0,0.023142148267418138,0.0,0.03600013809469477,0.05574187392260148,0.0,0.08572720558364451,0.0996363736718534,0.005380149072111139,0.022475259980213037,0.00011448233236050471,0.06740846637986196,0.0,0.041669794174275236,0.0,0.05365404324081883,0.09446377579888017,0.04394442109606868,0.06532581108296547,0.06763070107010438,0.0,0.0,0.046187571502055706,0.0,0.038800258510328915,0.0,0.0,0.03577504707057257,0.05857496542594505,0.08417658336984445,0.15017541821354818,0.019995185137488065,0.0,0.11355138545977375,0.0,0.07308848129116284,0.16476727025621257,0.06903640913840572,0.049047093634267985,0.06654836030777868,0.15116912899617269,0.24807875269116017,0.27717011055122037,0.0,0.05419168968478229,0.06132772003573734,0.03877237145588773,0.060419424200509574,0.0,0.04920947983978052,0.0,0.001388851764114264,0.08440743598046262,0.15384830501343175,0.0826817748482954,0.0,0.0006676965002260794,0.14647729276079324,0.04361607436353573,0.008048677251892348,0.005355777169974893,0.0601557130292061,0.0,0.14140301662319898,0.098381596245246,0.0,0.0,0.38208349627239724,0.15301373604655136,0.02954745215672399,0.014991889234473619,0.08406202214647546,0.15877145018274222,0.11075607932979718,0.09736146126983829,0.25679085505030064,0.10543720147785168,0.0,0.14618154439824899,0.011770642928348786,0.0,0.010772384736763663,0.043299448513538945,0.05564952741282828,0.0,0.10653158406798924,0.03202101362949908,0.02698153656303134,0.0,0.13491177757728964,0.0,0.060054062674841625,0.13089495044241867,0.1549266804628651,0.0,0.08782912186107317,0.0,0.07434310635564821,0.0492052151200928,0.08505369110483209,0.03043004861574226,0.0010042943336119462,0.02908122276602023,0.0,0.15084866567798985,0.1448167289684878,0.287471743521263,0.049644831477664415,0.07997655973181142,0.11146854992634563,0.20153503874291867,0.13210778147988722,0.0
49,0.0,0.0,0.0,0.026150974133350324,0.02562275088858399,0.12020017286131518,0.02635816311066339,0.06690284488594363,0.010938479802228632,0.031521323120333594,0.0897411327808816,0.0,0.0,0.0,0.0,0.0,0.10187455586948745,0.06049732355727763,0.2484718333123154,0.0,0.028854511261263604,0.0241100407516132,0.11490266978860529,0.006700731266239126,0.0,0.07186655802874975,0.0,0.027497870197658435,0.0,0.0007322407417436156,0.0,0.0,0.06105187503227514,0.18053747620442132,0.0,0.05927903034260007,0.03811142506668878,0.0,0.005781838724819361,0.0,0.009534865157866284,0.07901957813544026,0.0,0.0,0.010071450753121063,0.0346077853860401,0.031526044299746446,0.0,0.05419168968478229,0.0,0.03539033570952515,0.13155981801667768,0.08730218683992153,0.04611839858681078,0.0,0.0,0.05073594254380685,0.033549415737745426,0.0,0.01951752218312975,0.0,0.0,0.0,0.0,0.059869424248909744,0.012427824990538697,0.0,0.048465243463098794,0.03978362957650695,0.009541596556575268,0.027734198075824525,0.019934153073372048,0.0,0.041887796972262754,0.13822120062700244,0.0,0.0,0.04248039377057851,0.05677347219364882,0.06935373465764991,0.03041244789637092,0.0,0.04770887319309079,0.02215136210201594,0.0,0.03694493778590426,0.00528300693148019,0.0,0.0,0.09869912708178,0.0,0.0019613052893165677,0.0,0.027612042142855602,0.0,0.05654579733666499,0.049960258497033436,0.018094807979278,5.693679780006838e-05,0.07745482322594224,0.0,0.010462799901051142,0.0,0.0,0.0,0.0,0.0,0.0,0.14787657955151726,0.08869624141719919,0.0,0.04415178247564455,0.011744865852210412,0.0,0.06458636441103653,0.11021814395181982,0.0,0.016318584761935997
50,0.015073585942811357,0.020234457944436894,0.05435720485983949,0.0351127390190459,0.058434073710158296,0.059976751677083315,0.0,0.016781926547700037,0.0,0.06315380443115648,0.10817168553663326,0.058015418957259327,0.05964051102916049,0.0,0.0,0.04446239178862575,0.0,0.02046518417599956,0.0,0.0,0.002067741646870277,0.0132694591459023,0.02255252297752779,0.030213714709476022,0.0,0.01603458424199789,0.041308514242998834,0.07490627831625651,0.09221039083211419,0.0,0.0,0.005274324297686998,0.0,0.003141434157946953,0.0,0.0005010111095699095,0.0,0.05224270092988694,0.0,0.03036271151917864,0.0,0.022436123139520297,0.0,0.0,0.0,0.02200600742207058,0.1921818820955123,0.143450955478016,0.06132772003573734,0.03539033570952515,0.0,0.006094667681427421,0.1812784702805189,0.0,0.008866866379326351,0.016273558500070454,0.0,0.07995773935247677,0.0,0.0,0.027734281164284166,0.013653483682915876,0.0582196975372294,0.0,0.0749704808216837,0.0,0.0,0.032019168988566334,0.15752252259434846,0.01392694094513909,0.004976265933808837,0.015900797043366464,0.05208580965377149,0.008612021372093485,0.0,0.061618475108442775,0.0,0.04325061146289249,0.05654388127778007,0.048513934830482615,0.13656374079183295,0.09289184127475925,0.0,0.0153619014136748,0.1007790277943372,0.048565923125724,0.0,0.0,0.1403990787680441,0.0,0.1604404798293191,0.06136952216948528,0.025989481250540722,0.0,0.023677439482506734,0.0,0.0,0.07393347565085151,0.0,0.06199417246714469,0.08377896416209972,0.07308066158691667,0.09433060734169035,0.08521266723652049,0.06755964002217896,0.034155338107588876,0.06757491750788816,0.0,0.0,0.0,0.07974748731188164,0.057343717269315635,0.05628255240211064,0.028800591050247647,0.0,0.14896893344362286,0.0,0.045854405209659145
51,0.12225375985951305,0.09582401290623763,0.010690989813650933,0.023988220297176437,0.041744149648348466,0.011873345832810835,0.042448305467487145,0.0,0.04172695488557562,0.0,0.053835550629477674,0.04992922348268696,0.0372167915761681,0.11089755951151602,0.0,0.02104599308043879,0.0,0.0,0.04490637018901467,0.0018871706795105618,0.0125414828508864,0.0,0.061418543538271496,0.08811924445198281,0.049306543499747044,0.08386882673991118,0.09311433089548751,0.018953502863696275,0.0,0.03332074690108111,0.10796189474152347,0.0,0.0,0.08870279043547735,0.0,0.0,0.006866820047925613,0.0,0.11905514484407198,0.09787098077464583,0.0,0.01879192408397078,0.08857849501224387,0.0,0.019498737942808795,0.014913944078937811,0.0,0.0,0.03877237145588773,0.13155981801667768,0.006094667681427421,0.0,0.159989442620838,0.0,0.02598026886244851,0.0234537307448498,0.0,0.08968091827091873,0.0,0.03996623726968853,0.0,0.06092205029739177,0.036583500015876916,0.0,0.003980839694813422,0.023426919435510896,0.012323086625106509,0.03624864832088679,0.046912649431067446,0.0,0.038992587627224365,0.0,0.016229331689765578,0.0,0.0,0.0,0.003169393692123408,0.107930846278229,0.03168365464620142,0.0594049475653652,0.03336856394660569,0.056977149325673514,0.013345226511150048,0.04051959072562409,0.0,0.05680659681608219,0.08318900824465111,0.07501057335154002,0.03994221551644619,0.0,1.987261946016308e-05,0.0,0.0,0.019846819310898343,0.03970069411657869,0.03084116288245015,0.018690538614603944,0.028558166415401695,0.021478223366934206,0.01977029990257361,0.04086347670968587,0.0034929849743718195,0.07969628081424186,0.0,0.07211678528810209,0.04849046601393155,0.026455482520277702,0.0,0.0,0.0,0.0,0.0,0.015523818424224867,0.03292520136302521,0.027899397038364995,0.0,0.02528411697771415,0.13936666532082914
52,0.07088506495689285,0.016209506332359937,0.08667187554529826,0.05422865361411678,0.08258310574512134,0.0008090862895725035,0.022834962142163292,0.0,0.0,0.060745678257619694,0.0,0.05258085781993745,0.09106124034115318,0.0,0.0,0.017584467160458944,0.0,0.03989363636756339,0.07057868023901989,0.045608164333280084,0.06056970691291554,0.0,0.0,0.03703249096250007,0.04525402433659503,0.0,0.09840874690879639,0.04529287436318293,0.060937214337928904,0.0,0.0,0.0,0.10937812412668316,0.1214931053882909,0.028382172337861642,0.04027658344002035,0.0,0.03099624332664443,0.05040797566293223,0.015659943786282753,0.03718969450806892,0.032461650847377496,0.03359841258450123,0.016481945899146137,0.0,0.0250861962842992,0.12700687047556994,0.01701822645836411,0.060419424200509574,0.08730218683992153,0.1812784702805189,0.159989442620838,0.0,0.04735070405514407,0.025901412908940203,0.0,0.10159185453419912,0.0,0.0,0.03782407726634099,0.015506992562208695,0.10201958571620555,0.11272071951181989,0.0,0.0,0.0,0.0,0.032544494742929905,0.042304027605663076,0.08985320328097264,0.07399910634106628,0.058599167881985936,0.0601615978359735,0.007340075478333229,0.003233677314010802,0.0,0.0,0.0685925163006492,0.03561606618208627,0.024392954448033726,0.0775482468213977,0.07488944812698553,0.028012415252345872,0.04601516412627426,0.08178037825636801,0.0,0.04992703662509613,0.06174935702800149,0.031136778298876393,0.0,0.2453017015847057,0.0,0.0,0.0,0.0,0.0,0.007686752240979447,9.398749911636074e-05,0.006467847027604054,0.0,0.0065216649602448966,0.09530657099020284,0.0,0.13844760266929246,0.020237118065793737,0.006746547068547429,0.09283689295566078,0.0805592205616546,0.09208498142267497,0.09061414469417865,0.0,0.030222867645489215,0.05076190224739611,0.0,0.0,0.08534740516589008,0.0,0.0
53,0.03738514778833863,0.08297903733053796,0.10097006929640807,0.0,0.0,0.0,0.009670874727459833,0.030484200538526435,0.0,0.0,0.014601786520927472,0.02502869658821494,0.05867882635810464,0.0,0.000645080620305907,0.035111783743201515,0.04749704432217022,0.0,0.0,0.06992272793999908,0.0,0.06591502471811043,0.06090612924483451,0.03313077443207457,0.07965181881642444,0.0,0.0,0.0,0.09554968515086226,0.02257398084910064,0.022804637905063978,0.0,0.07536505759398826,0.0,0.0,0.0,0.0,0.07675593822855398,0.0,0.006968631091476838,0.028309673478336916,0.03479400067662571,0.0,0.0,0.05530819223921577,0.0,0.029546495006866062,0.005265699675813075,0.0,0.04611839858681078,0.0,0.0,0.04735070405514407,0.0,0.0,0.01749718698823114,0.1098645672775315,0.014220774716332901,0.06488878435308731,0.0,0.0,0.040783783162261625,0.14438268073684615,0.0,0.02422787429208908,0.0,0.0,0.0,0.00823002184941803,0.06185070813047002,0.027586119574019453,0.0,0.0,0.0,0.005352338633813249,0.0011256509467500626,0.0,0.0,0.0,0.0920948583488015,0.008410790559308389,0.02582172013750925,0.0,0.0,0.0,0.060047742829442925,0.09763014491029007,0.0,0.0,0.0372310890325464,0.035095570196889116,0.0,0.02559005152191946,0.0,0.043243526035309,0.0,0.0,0.0,0.06903297864580743,0.0,0.03778652270582478,0.0,0.003166640217909685,0.0,0.0,0.0,0.0,0.0,0.04905165497001492,0.0,0.00939467325148138,0.0,0.0045278537564902655,0.14098049877278035,0.0,0.01886248244901043,0.10027030955994487,0.0
54,0.07994855785845854,0.07128801023787218,0.0,0.033054731832614474,0.14306395762808946,0.02165555392412047,0.0,0.0,0.0,0.032649180683251136,0.007237972667940579,0.0,0.022515323745348023,0.0,0.0,0.005977653723530983,0.03501279265756831,0.024728070927090392,0.01728748107633362,0.09491487700879585,0.027003971303026366,0.0,0.05518296888975428,0.04845514891345743,0.0,0.0,0.06130123718744235,0.0,0.0,0.027245776624268348,0.00046190473554848536,0.07955680134770005,0.010689435892965643,0.0,0.0,0.03195229402384029,0.02506754832526718,0.0,0.051968732378476934,0.0,0.019685000187464486,0.118316955006097,0.0,0.0016959893717804495,0.018478068091681822,0.0,0.000469190870251486,0.0,0.04920947983978052,0.0,0.008866866379326351,0.02598026886244851,0.025901412908940203,0.0,0.0,0.10664480567389253,0.08305304785719068,0.01795631265986355,0.0,0.0,0.0,0.0,0.06584553193892788,0.0,0.0,0.0,0.0,0.056199869557524484,0.0,0.0,0.055296242944418456,0.15236236896983602,0.0,0.0,0.03915846450205366,0.03655037864020134,0.0,0.01276207549283752,0.04972359230072738,0.10531032398079962,0.05106194418504941,0.12077370328620077,0.07472881655208126,0.03067693141553626,0.023640758818809567,0.0,0.07531441543191965,0.04159127208856256,0.011975556208343518,0.006934737352293527,0.09600003995244538,0.0,0.0007769089518654548,0.11607789564677068,0.0,0.0,0.03246983305579539,0.03479413421200406,0.08733532159966848,0.0,0.0,0.0,0.013558050384534504,0.07835043763063092,0.0,0.0008486407490962484,0.03237971186384993,0.0,0.0647784463988514,0.0,0.061615380178551525,0.11089943198664909,0.0052828076555131035,0.05153361497251876,0.024437896279338216,0.06565304494346282,0.1348613037873902,0.0
55,0.06897035548915906,0.03724451557020787,0.039686568383126515,0.0,0.014199558341132654,0.015112248960218106,0.0,0.0,0.0,0.06143050466305574,0.04291019778421045,0.0,0.0,0.008834829286389623,0.03412262983175442,0.0,0.06610116037775504,0.0,0.0,0.008773434375814338,0.022942206209320404,0.0,0.0,0.0,0.08152109833669438,0.0,0.02103072213902416,0.0,0.0,0.0,0.052303248264421925,0.0,0.056883008589013274,0.0,0.03315650273364404,0.0,0.0,0.0,0.056457188002218654,0.0,0.01277991138568832,0.0,0.0,0.06511760656487485,0.0,0.0,0.014601913137104279,0.0,0.0,0.0,0.016273558500070454,0.0234537307448498,0.0,0.01749718698823114,0.10664480567389253,0.0,0.022816001080619853,0.025011223166533716,0.036628454482692516,0.0,0.08753765689359519,0.0,0.06707429364540521,0.005964473464033382,0.03654585060304446,0.02480039361158541,0.04635169272113872,0.0,0.0,0.11946774713943252,0.0,0.0,0.01664740658531879,0.04450622602631215,0.0,0.020433318524517748,0.0,0.0,0.09638851311591078,0.0844529620069988,0.0,0.0,0.05957406561097996,0.0,0.0,0.009294829302641335,0.02751120718985589,0.041930795528117216,0.05537914096285811,0.01738897935132301,0.030902700618311265,0.0,0.0,0.0,0.0,0.0,0.0,0.0,0.0,0.03024413898148094,0.13094500132475345,0.034318980049420966,0.0,0.0,0.0199512963778929,0.05315323134735412,0.0,0.0,0.0008074148619958847,0.0,0.0,0.022324896015284222,0.0,0.015395092027720587,0.07589722417372165,0.07136169823355175,0.1472653086290619,0.029304253482980804
56,0.07351459261833317,0.0629511671583608,0.0,0.0696847342553977,0.0,0.0,0.0,0.061027963619705666,0.07793283188370265,0.0,0.022756523999813257,0.06609682852861282,0.054727168208802475,0.08666259617777167,0.04426717175522073,0.0,0.0,0.03502304029819367,0.043363071565703876,0.0,0.0,0.0,0.0,0.031008144554700932,0.005015843907702554,0.0,0.05012675044734165,0.011490977528996957,0.0,0.029638155431936278,0.0,0.0,0.08199100379018573,0.0,0.023987749220213683,0.0,0.0,0.05440432043027145,0.0,0.0,0.033377553626744966,0.0,0.060032195868834244,0.044745635646293525,0.0,0.007227762613070519,0.058457786706694166,0.015569569240574666,0.001388851764114264,0.05073594254380685,0.0,0.0,0.10159185453419912,0.1098645672775315,0.08305304785719068,0.022816001080619853,0.0,0.03799397278344912,0.009055996187717874,0.0030097269037518844,0.09490567563626143,0.06317891621817244,0.10262629587497396,0.06733048700721488,0.07749158605316295,0.03535605330142791,0.003334367779054731,0.05224720406658635,0.0,0.11976007158212665,0.07337535136907809,0.0,0.02666475861535189,0.042476697631184605,0.0049025713066862715,0.0,0.07526999292447455,0.10039898242052278,0.0,0.014220824192365408,0.01955499268857935,0.08712574904834369,0.02246147730278948,0.06170095477279031,0.0,0.029753226747852766,0.03231887120409252,0.0,0.027068925325086736,0.0,0.036254950450492665,0.0,0.0,0.0,0.03577185351384365,0.0,0.02406389712567324,0.0,0.0,0.04117603743022433,0.021153967404356645,0.03590186350618877,0.0,0.0,0.06465472823206475,0.0,0.05318285816190424,0.05728431444155355,0.015319625298059148,0.006601375959211603,0.12483595068876355,0.03874541587699885,0.0,0.024435506815000396,0.0,0.09229907175275535,0.013899894673037474,0.07355651748562347
57,0.01700885283040869,0.0,0.03831197179369464,0.020952001385282457,0.08797188096274647,0.0,0.027448933861663596,0.010731256497001207,0.10392325108196712,0.02663701822204773,0.12886614277256744,0.0,0.027113781756416586,0.05427393795246181,0.0,0.0,0.0,0.0,0.032891332339724154,0.0,0.08717784045630338,0.0,0.05780777663234323,0.0212372287808788,0.0,0.03948347698694241,0.018959016194174734,0.0,0.013938361772620759,0.003252184663503684,0.125950816426477,0.04611835147987616,0.07886090305420872,0.04455747235617079,0.0,0.05480953910204679,0.06476473432903954,0.141000613191219,0.12156503425584403,0.06060551806644103,0.08206891166924059,0.018347268128032602,0.04006807994461289,0.01929893393983843,0.07450139008616644,0.004501147660170227,0.0977000224524282,0.09743707346706237,0.08440743598046262,0.033549415737745426,0.07995773935247677,0.08968091827091873,0.0,0.014220774716332901,0.01795631265986355,0.025011223166533716,0.03799397278344912,0.0,0.2715275562315202,0.3386654721150455,0.21589302082920045,0.02023108542652217,0.1435048951437144,0.08011700846581646,0.05259382232392521,0.13201703847278554,0.027922959889281517,0.0232164029165909,0.13883242991973171,0.0,0.027300350403188012,0.0,0.03634290764865234,0.15456145599952245,0.0,0.0771775503509405,0.18351916380480704,0.06453817834036012,0.21316056444113463,0.2846155393334083,0.37887896810150823,0.16422095352084412,0.13803617512415403,0.04180200750805366,0.0,0.059481459044862385,0.012417187814169072,0.3491324602328696,0.91623502539325,0.019222106478137175,0.15414657145174937,0.08336535251938344,0.0,0.06336311888179746,0.0,0.0,0.15519271632260315,0.24695912687300378,0.04982904893741659,0.018213659757782972,0.0,0.07529803556040664,0.05766699556650843,0.04506963395429286,0.0,0.042836372754993086,0.0643903248290071,0.0125773486880476,0.034497076566565456,0.0,0.0024833672217971507,0.10045168972477707,0.48491368400452467,0.0872947558710157,0.2681560004919323,0.14526804153907288,0.0,0.0
58,0.0,0.11869713445390659,0.04158200140653178,0.03389988689715781,0.08371371465226365,0.0,0.0,0.13652057671471132,0.0,0.08197250244532164,0.007339765772873771,0.004076221304850633,0.05842467353573246,0.12871106919815492,0.0,0.02032126041087341,0.02096378794957237,0.018749389635553733,0.052526559002487476,0.09458869415687367,0.03773595474122274,0.05780378907773823,0.0,0.0,0.02142965662853549,0.031210764883778518,0.08163422949582383,0.05093832257070832,0.0,0.018675809811082755,0.04062788810581546,0.01104524859307871,0.0,0.11017080486418748,0.03660924438237846,0.12350598206827502,0.08641028913219614,0.04808316707876093,0.33500621242771694,0.0,0.052520471618138595,0.0,0.0,0.0,0.01583886518243726,0.0,0.07947926389814958,0.0,0.15384830501343175,0.0,0.0,0.0,0.0,0.06488878435308731,0.0,0.036628454482692516,0.009055996187717874,0.2715275562315202,0.0,0.03049469638628661,0.06659366086802157,0.062479744406433634,0.04110305171597426,0.0,0.0033334535882795706,0.0,0.08379790221055508,0.003729045257295127,0.018803222892926397,0.0,0.0,0.0,0.0,0.010622721125247838,0.0,0.0028742509876165025,0.04848663067386023,0.2319223463537084,0.1989901277686586,0.1677663793982066,0.23605229817723997,0.16618541309858337,0.1553705501605491,0.10779692624994316,0.01026625353473502,0.023074297429780947,0.08360418632396915,0.08539678611531419,0.2491402639860665,0.05829419135651321,0.3190378094397709,0.0,0.0,0.07057760493896638,0.12345781338021358,0.021277236260885114,0.14345441621436117,0.2408050753061868,0.024560760386793754,0.03505191144998494,0.02133868498460553,0.001556077582720856,0.002485626707864488,0.07472735299760479,0.0,0.21908447131246792,0.22899843095076214,0.08026966252209802,0.08377024652262416,0.013107138629550636,0.024104754220312646,0.30578548838791975,0.12428021949402118,0.12772519914086614,0.049684525269319824,0.0910762125428794,0.0,0.2835959562371927
59,0.0,0.0,0.0,0.019534249287858848,0.031062322548153675,0.01979377738750359,0.011422731795442278,0.0,0.0,0.08492395451405264,0.0,0.04159927465921577,0.03785406051837978,0.08676438568935983,0.03695717894437916,0.028614401270834245,0.05625578750030441,0.08774165762950181,0.00793845051873282,0.0,0.0,0.0,0.00028578874233810834,0.06058491351094356,0.04080868408200569,0.0,0.14928465187987877,0.017473622933866683,0.0,0.1006532630004418,0.09906276435995665,0.0,0.05308365707716191,0.04738131678129988,0.08635925518736533,0.08681145173264956,0.029950235925654992,0.07102386997357371,0.03921656560497943,0.0,0.015344087317239023,0.0,0.13552677327871854,0.030149821184106557,0.05351833566849947,0.0,0.001993712891232823,0.0,0.0826817748482954,0.01951752218312975,0.0,0.03996623726968853,0.03782407726634099,0.0,0.0,0.0,0.0030097269037518844,0.3386654721150455,0.03049469638628661,0.0,0.03215947348835136,0.013461227186414123,0.0852887196126077,0.0,0.0,0.05135209517328449,0.03440404958537933,0.07146544247495326,8.229513235681894e-05,0.0,0.0,0.0,0.028070206781351473,0.01913152461084644,0.0,0.0,0.0,0.12264990982981723,0.038041148644914834,0.0,0.0,0.0,0.0,0.009939992898442922,0.0,0.0,0.02302850842734495,0.10341194800752837,0.2400147611761546,0.0,0.004035746820424107,0.0,0.0,0.044698658964431245,0.0,0.0,0.0,0.01916833004178687,0.0,0.006655621121072856,0.0,0.016582104260362298,0.0,0.0,0.0,0.0,0.11709700727202618,0.020229764090401458,0.0356115262831625,0.057936813702882665,0.0,0.09376234861613791,0.08138046522358207,0.0,0.021269409171661893,0.07098610218240332,0.04809950541095177,0.0
60,0.0814252785262194,0.0,0.07316248560844865,0.05917027403921752,0.0662836745694346,0.0,0.10300634545696516,0.05633985428379471,0.0,0.08737400296813991,0.03363259621690932,0.012798926455595818,0.0719519927342585,0.0,0.03412269252211468,0.06977703083310098,0.0,0.0,0.022553218994947968,0.05356868422335471,0.07792281825379689,0.01372333368111172,0.0,0.010066394324137385,0.0,0.01595839606457841,0.010396677147709305,0.0,0.0,0.0,0.0,0.013016539533741087,0.0,0.0,0.11300460552211278,0.10056829023407168,0.07852605559545524,0.052180444914588356,0.09898768825531072,0.0,0.028424431047061192,0.05939428420558355,0.09513094711487691,0.0,0.05994963677668679,0.0,0.05728295292694647,0.09549494791267243,0.0,0.0,0.027734281164284166,0.0,0.015506992562208695,0.0,0.0,0.08753765689359519,0.09490567563626143,0.21589302082920045,0.06659366086802157,0.03215947348835136,0.0,0.12954849590490722,0.11030242164826276,0.020692244909317637,0.12205332214738286,0.062365013913143544,0.0,0.0,0.04653804718303465,0.0,0.0,0.0530524944975108,0.05013710670950055,0.006410435055514789,0.04474301563906931,0.11212709083552119,0.07064935035554239,0.0033578547267778904,0.09982316092638487,0.09480582261431322,0.059975790918855035,0.0,0.05783234656804777,0.049376006887274365,0.024088055128169403,0.0,0.02014961241030538,0.0,0.2089404372322994,0.006810926988605951,0.06124755752393576,0.0,0.028114262904535576,0.0,0.043219536232479025,0.05341672827391705,0.08152904136149103,0.06085259834619739,0.07252934886310182,0.035866076662587815,0.0,0.08259111094883459,0.16147380762402305,0.0,0.0,0.06777991724409668,0.1215763112412351,0.0,0.0,0.030889163343070607,0.026352481049373624,0.0,0.0,0.044575046111481165,0.0,0.046806860118771,0.07627400956024745,0.009145619973013748
61,0.006117190789953336,0.0,0.0,0.04341252385329477,0.10322041264671157,0.0,0.05578220004477888,0.0,0.004126711428509418,0.0,0.0,0.0,0.011463194964929117,0.0,0.0,0.0,0.04923782389788081,0.0,0.0,0.0,0.15386276925596362,0.0,0.037850764563236966,0.00023914457603976892,0.011321770981125944,0.0,0.0,0.0,0.06240741892570107,0.0346217062807952,0.025885101631976534,0.0,0.0,0.0,0.041677207905917946,0.03287399130147365,0.0,0.0015353212146627378,0.0011453276919302703,0.0,0.0,0.0,0.13420175895991707,0.009824584568285138,0.12132769705741345,0.06497256315515491,0.0,0.12796343863906703,0.0006676965002260794,0.0,0.013653483682915876,0.06092205029739177,0.10201958571620555,0.040783783162261625,0.0,0.0,0.06317891621817244,0.02023108542652217,0.062479744406433634,0.013461227186414123,0.12954849590490722,0.0,0.27687599466921753,0.14831464174375703,0.11497940487848819,0.057141074173341605,0.0,0.026124056930795933,0.0,0.020654420103817985,0.017338102288467203,0.06394875648816428,0.05584691527994635,0.0,0.075046020811764,0.03532076088435363,0.031868803371141945,0.0,0.0,0.11719699407007288,0.0,0.09168180092410096,0.10717299346440923,0.021128126762836198,0.05566844002347407,0.0668076728140075,0.17038079315546736,0.07047466859229157,0.03366111149732005,0.062284615500718836,0.13738966748808096,0.07149214578735526,0.022518501305662856,0.0,0.046607496297038815,0.0,0.011774680242292359,0.03406397708257624,0.038875722043414614,0.08146604715978517,0.08893051294077356,0.0,0.10335047104877804,0.0,0.007364632602116153,0.012437743302661397,0.0,0.0,0.0,0.039801455715627716,0.06161888312579405,0.0,0.0,0.024182711554318885,0.009215476249270892,0.0,0.034858661760764166,0.027993076077104464
62,0.017655949287455574,0.004933181396821084,0.0348066529287211,0.06083989769018289,0.0,0.011793892784312516,0.0,0.0,0.0,0.0,0.02641322308966427,0.040099317776974334,0.05894372222632066,0.0,0.0,0.05012264161464552,0.0,0.1074007254600986,0.12421125097296007,0.03792761093936742,0.0,0.0,0.0,0.007815595312983379,0.014974923247067558,0.010329757570735546,0.028205367946392113,0.0025319350980568542,0.0645433796679728,0.04216073908077702,0.0,0.0676620564932942,0.014728559138929146,0.07457780849390468,0.06718933064869725,0.0712697667872339,0.0,0.11061178819540413,0.07659064471459114,0.0,0.0,0.0,0.0,0.0,0.0,0.07591857004145397,0.03906148258111698,0.0320649417406162,0.14647729276079324,0.0,0.0582196975372294,0.036583500015876916,0.11272071951181989,0.14438268073684615,0.06584553193892788,0.06707429364540521,0.10262629587497396,0.1435048951437144,0.04110305171597426,0.0852887196126077,0.11030242164826276,0.27687599466921753,0.0,0.15075231863677374,0.027616518437555113,0.10318362068372601,0.04746397009704049,0.0,0.047365863937721124,0.0,0.0,0.02064888084717549,0.0,0.0,0.0,0.0794255870738854,0.028381220770017777,0.2690322684774232,0.15453431569359402,0.13354575663784599,0.040908665192703565,0.059555069855613055,0.04249585373451541,0.08298370064331097,0.024430082516261702,0.09186084854544632,0.031168006587752064,0.14981117509572942,0.16112538992181166,0.0,0.11976801688323747,0.0,0.04355804442542799,0.0,0.05392996577917234,0.0028283254547295297,0.0,0.03193285019057507,0.0,0.02609546886767236,0.0,0.020905148497227348,0.06597973042034293,0.0,0.0,0.3794188460620447,0.11970918777439453,0.06477108200672968,0.1702164317387366,0.059786647444807536,0.0,0.12966936708514223,0.17642085247803227,0.042016121596348904,0.0,0.0,0.012611092605199345,0.20544009551337641
63,0.11189101043795734,0.002028939964670346,0.0,0.029384654038630605,0.11684173300260753,0.0,0.0,0.0,0.061605595168706784,0.010939041479927518,0.0017549908931550721,0.13604560435062865,0.0,0.0,0.03172669205251959,0.0,0.09640542628298322,0.07111081244759623,0.009002043460277494,0.0,0.11226493444834798,0.0,0.010775805032947205,0.0,0.0,0.0,0.0,0.0,0.024925907033091905,0.11033859828316288,0.005203218482026993,0.0761825173299531,0.0,0.0,0.0,0.14590577956750247,0.0064025356445552755,0.0575679259702956,0.0,0.0,0.0,0.0,0.044757261357649035,0.062215280402436304,0.0,0.0,0.0,0.03503240478960699,0.04361607436353573,0.0,0.0,0.0,0.0,0.0,0.0,0.005964473464033382,0.06733048700721488,0.08011700846581646,0.0,0.0,0.020692244909317637,0.14831464174375703,0.15075231863677374,0.0,0.0026240230944759445,0.08116094182800761,0.0,0.02373426537825389,0.00977184738585287,0.009790101721026248,0.0,0.0305207130017274,0.004839103106178505,0.03616677541159201,0.030515531843734706,0.0,0.0,0.0,0.03993844358575189,0.0,0.0,0.02808625309686476,0.0,0.07078056237065904,0.04631500546018509,0.0,0.010559050253485004,0.017173048395951507,0.0,0.0,0.04145276385372188,0.028804046082045207,0.0016319069345075265,0.0,0.030106898558027992,0.025686388679972,0.03009706453194921,0.10648633755703471,0.06447829007263428,0.0,0.0,0.031585554867235244,0.0,0.028348479727541617,0.0,0.0,0.007935630374940236,0.02085134605471184,0.0027366172396836586,0.04538128990465717,0.0,0.0,0.04605057425872644,0.006372477151624803,0.10009602849487097,0.0,0.013240880231909662,0.0
64,0.0,0.019172873472113234,0.05290964800250983,0.0,0.04510561150178107,0.057993010050715485,0.03642688402850282,0.0,0.0037827772826283523,0.0,0.0008515086567575961,0.0,0.05877363059603153,0.07602524065678357,0.04818746093999352,0.0030101481273906348,0.0,0.03441070752291605,0.03628705283917097,0.009266385596162632,0.09260845456711939,0.0,0.07275555075157741,0.0,0.0,0.0,0.07416760129516943,0.0,0.06115196863591768,0.0,0.0,0.1038691367888377,0.0,0.04683035676045364,0.0,0.0,0.0,0.0,0.0,0.030270366613019902,0.01999047979624779,0.048309587350845215,0.0,0.06679736408909487,0.03505409420798136,0.0,0.04593459256766953,0.041319669486159664,0.008048677251892348,0.059869424248909744,0.0749704808216837,0.003980839694813422,0.0,0.02422787429208908,0.0,0.03654585060304446,0.07749158605316295,0.05259382232392521,0.0033334535882795706,0.0,0.12205332214738286,0.11497940487848819,0.027616518437555113,0.0026240230944759445,0.0,0.09163102618207232,0.07632709340492884,0.0,0.006107422656184397,0.005345892817545378,0.060476064317964415,0.037008947126928086,0.06958670436225764,0.019467296327406684,0.0,0.0493102245608937,0.0,0.07055192796157075,0.0,0.022512189713093704,0.01750920271096267,0.041010765647182486,0.03174763267154451,0.02603993707191639,0.014561520555475722,0.0,0.0440751050032741,0.0,0.02204688102019876,0.0,0.0,0.06721683970138069,0.0,0.0,0.05078806068764106,0.0,0.03586815741062688,0.08633491443203402,0.0,0.03073116706135894,0.0,0.07557045799866013,0.0,0.033361295059544924,0.0,0.0,0.0,0.0,0.0,0.0028387119323927536,0.023134836286903503,0.0,0.0,0.08334620208366063,0.027986506176344572,0.06044264074501092,0.08744554941372507,0.12137250029104416
65,0.012058358097390198,0.0,0.0,0.0,0.05537406431623327,0.0,0.0,0.0,0.0,0.0,0.0229948439162127,0.07079084993903373,0.0,0.0,0.0,0.02173366795375623,0.023333859701593303,0.1366378934455319,0.027055076599228595,0.0,0.007470675846089411,0.032100626883519986,0.008705468004655484,0.06760025854857382,0.047065200096567755,0.0,0.0,0.004047309564121848,0.0348355995271659,0.0,0.03488667134163767,0.0,0.028435522140014744,0.0,0.03582470206449651,0.006067540255352693,0.006451771966618863,0.05234620311022994,0.08625643920935121,0.014830759810419312,0.0,0.0,0.03177241215298248,0.047378181696721804,0.05077871752583091,0.025498800432915032,0.0,0.01568287664530086,0.005355777169974893,0.012427824990538697,0.0,0.023426919435510896,0.0,0.0,0.0,0.02480039361158541,0.03535605330142791,0.13201703847278554,0.0,0.05135209517328449,0.062365013913143544,0.057141074173341605,0.10318362068372601,0.08116094182800761,0.09163102618207232,0.0,0.03771580410656165,0.01070565005373495,0.017094502639013326,0.017771616192698854,0.0207051861200124,0.07872883429982949,0.0,0.007729342829853689,0.0,0.03253195423573237,0.0,0.051446003617682506,0.0,0.07010811848115153,0.021501145299110066,0.0,0.0,0.032001911422346416,0.0,0.006845007079418872,0.013296352432167244,0.029954714043609554,0.053346150186068586,0.004312928269377471,0.0,0.021145113984077108,0.0,0.0,0.00597685192970538,0.0,0.0,0.07740188067769344,0.053116888890941856,0.028391945670593444,0.0,0.010550043740572465,0.01698436311920048,0.0,0.0,0.0,0.1002684258724412,0.032549568861758596,0.0,0.050913612460187836,0.0,0.06168053418949112,0.16032416895580914,0.07383910336017002,0.041831040296537274,0.035955198775154705,0.06595290167752187,0.0
66,0.03137832312327692,0.08346212769661701,0.0,0.0,0.026904730495192486,0.0,0.1611460525327703,0.12611798436736535,0.07236072967882402,0.12163930012666718,0.0703875376511277,0.0,0.0,0.025468464302268852,0.03169833233635372,0.0,0.0,0.0,0.03053445194914634,0.006686377700490611,0.04412913152297931,0.0,0.03460174437346236,0.024482085452233134,0.012857867384526215,0.037346245677166476,0.11805881001327172,0.0,0.03790547920314468,0.053486303314905115,0.0,0.0010301315937735471,0.0,0.025417186520481007,0.0,0.07094958834031252,0.0,0.04589047470951827,0.03763212543770211,0.03266448681717714,0.029758308783736018,0.03555361924261882,0.11718994312022385,0.0,0.029999741496387754,0.09036632947430977,0.1323784422582098,0.03707507473728072,0.0601557130292061,0.0,0.0,0.012323086625106509,0.0,0.0,0.0,0.04635169272113872,0.003334367779054731,0.027922959889281517,0.08379790221055508,0.03440404958537933,0.0,0.0,0.04746397009704049,0.0,0.07632709340492884,0.03771580410656165,0.0,0.0,0.16375179548937163,0.0,0.0,0.01344210762491739,0.08775258224965064,0.032409612635293114,0.153568772523441,0.8665414935796881,0.0,0.0860184242680053,0.021991328859391243,0.12253277876784353,0.0,0.06184236730516277,0.1009839525471698,0.07548203632377087,0.058485248631930435,0.018316257614211743,0.0,0.0,0.011372349600709557,0.09008808875203853,0.0,0.0,0.0,0.05680380681374933,0.0,0.07733119032075554,0.0,0.0,0.010552146880990026,0.05374730599235508,0.0,0.0,0.0,0.0,0.0,0.02626714978493844,0.09354594287168928,0.06983242797135011,0.09911811106397198,0.0,0.04140951511099844,0.03348735775447165,0.05519630460552862,0.03830462617487435,0.07740667101272383,0.13985987995568433,0.10030763164863839,0.07449909811923461
67,0.003543991427107146,0.0574079284586227,0.0,0.02478618869891577,0.05661188973665384,0.0,0.0,0.08344330474625138,0.10646074952007718,0.0,0.007917827399066253,0.07534789963872049,0.0,0.0,0.014967539493410963,0.0,0.05187161939130734,0.012857976415986438,0.0,0.028953688325399178,0.03439272667533856,0.011267395638683137,0.0015665406549690338,0.00018316452095866462,0.04791891859541521,0.0,0.015320872924996868,0.0,0.023887156259943504,0.0,0.034416547242958444,0.0,0.0020137001403328814,0.03754937663141243,0.08264455330443919,0.03469809368720008,0.055601712928481595,0.0,0.0,0.08619096527657139,0.007974571567764455,0.0,0.10950667669943785,0.006441517124402545,0.0,0.06198420388647308,0.0,0.0,0.0,0.048465243463098794,0.032019168988566334,0.03624864832088679,0.032544494742929905,0.0,0.056199869557524484,0.0,0.05224720406658635,0.0232164029165909,0.003729045257295127,0.07146544247495326,0.0,0.026124056930795933,0.0,0.02373426537825389,0.0,0.01070565005373495,0.0,0.0,0.04904229579437296,0.06554849236137233,0.008003523331565175,0.0,0.023093128042150243,0.0,0.05056297900205547,0.09539465172294982,0.0,0.05277581578234817,0.06796700932232912,0.0,0.0,0.0,0.005265549002776588,0.0,0.02758120883483616,0.0,0.03224311691166203,0.0,0.07075193917482298,0.0,0.13089873572619815,0.0,0.027292011507239148,0.016808018662754685,0.029099239268807097,0.026569031786739084,0.0048252154866013685,0.06266367350263956,0.0,0.0,0.0,0.020731646048037688,0.07274338486254861,0.04874411142507684,0.03954013170269573,0.0468056770843457,0.053572893689721804,0.09884203560586328,0.08718401735534115,0.013206147415978125,0.03332584350996706,0.0,0.04468921519094159,0.04589269875255928,0.014035295447923944,0.0,0.0,0.0
68,0.0,0.043725473023424714,0.0,0.03622762578518832,0.0,0.049826489389613676,0.004306656805032304,0.03432034365514331,0.011994749408648352,0.0227355061780968,0.0,0.0,0.0,0.15963829682012093,0.0013803840697165577,0.0,0.0,0.0,0.07015852724255538,0.1098440477598055,0.010972537647303267,0.028845279528416357,0.13536192310557016,0.07628439913056284,0.025390832699884413,0.0,0.048967299603928406,0.04792001596962067,0.0,0.0,0.058363970365006894,0.0,0.0,0.1702943713135845,0.0,0.030899508289292856,0.0,0.07040672685623417,0.053796057764760354,0.07296092510632322,0.06750047538855612,0.009353987459289044,0.018044809998057618,0.0,0.15508437266038305,0.14601282763640813,0.9401337558038855,0.5364020472772657,0.14140301662319898,0.03978362957650695,0.15752252259434846,0.046912649431067446,0.042304027605663076,0.00823002184941803,0.0,0.0,0.0,0.13883242991973171,0.018803222892926397,8.229513235681894e-05,0.04653804718303465,0.0,0.047365863937721124,0.00977184738585287,0.006107422656184397,0.017094502639013326,0.16375179548937163,0.04904229579437296,0.0,0.019308687254731192,0.0,0.08086470916739887,0.06200019644314974,0.0,0.05252787136377414,0.04004023124708982,0.018275784537346004,0.005269126740138545,0.10082469834891244,0.05331335092287473,0.0014768042275588636,0.0,0.07861895010551882,0.009911663178643202,0.018007443402814956,0.03311305213606653,0.06711372945233639,0.12273208570881432,0.10005084650382853,0.0,0.0,0.05743073940692222,0.0,0.020854862175351506,0.007668441003905268,0.10777907938236123,0.03764505823394904,0.09160079366350171,0.04470058251388626,0.12467370556824077,0.0,0.013730926935280887,0.0,0.0,0.0,0.08501093839919702,0.0962366799197437,0.0,0.10160856616855159,0.03150670615293632,0.06717584144248744,0.22327412855560377,0.0,0.09306945589979011,0.0,0.04101686543512648,0.0,0.05507939312846169
69,0.0,0.032119599148462935,0.0,0.0,0.0,0.011164499447303085,0.0482485895899069,0.0,0.09245209564223292,0.0,0.034308814952026645,0.0,0.0,0.020479360152514312,0.0,0.0,0.0,0.13497790045645203,0.04552237260271384,0.002094736302106684,0.016269932078363965,0.0,0.0,0.0,0.030596295896018106,0.0,0.0654130184849653,0.03330741869103135,0.017767585052029924,0.06645824552707177,0.0009928504828394748,0.0,0.0,0.0172690345183626,0.0,0.039804803280519975,0.0023858866310223323,0.0,0.06828348834554493,0.037760268656529164,0.0,0.0,0.0,0.0019616546112082626,0.085600843022261,0.05236545899485341,0.0,0.02277977624441567,0.098381596245246,0.009541596556575268,0.01392694094513909,0.0,0.08985320328097264,0.06185070813047002,0.0,0.11946774713943252,0.11976007158212665,0.0,0.0,0.0,0.0,0.020654420103817985,0.0,0.009790101721026248,0.005345892817545378,0.017771616192698854,0.0,0.06554849236137233,0.019308687254731192,0.0,0.0,0.0,0.0,0.0,0.008158287586193344,0.019661058726923027,0.0,0.000690490171541463,0.0,0.02335377002658452,0.0,0.02127988193768056,0.0,0.008751724832042297,0.034135654141413944,0.07357332638223721,0.0,0.0,0.019479922762972487,0.059690663420167586,0.0,0.0,0.0680355398860162,0.0,0.07158796883765495,0.0,0.13797533837768336,0.0,1.1574614968071691e-05,0.04255216473124385,0.0738413068590479,0.0,0.021105275935805475,0.0,0.04311541089951829,0.02749524222066503,0.0,0.04140240964429634,0.09941467079642655,0.0,0.0,0.009422198911712604,0.00038761621748966037,0.0,0.08294294945294342,0.07912729934926716,0.054541052450315985,0.08170520002511845
70,0.12917730781725842,0.04489690343457601,0.0,0.0,0.014893746753804966,0.0013585455054485115,0.0,0.0003143460393753942,0.0,0.0,0.0,0.0,0.0006914829421497528,0.0,0.0,0.034785990054756306,0.014574022400237118,0.0,0.0,0.009762438172700718,0.026017324351018105,0.0,0.0,0.0,0.05214996932158791,0.0,0.018289109361781325,0.04798161539915766,0.0,0.011544728919418226,0.013518507991755168,0.0,0.03946618693313598,0.0055390677432544605,0.04178911776064138,0.047442574871057484,0.0,0.0,0.0,0.009469770292234003,0.07845191767957764,0.04338033698712412,0.015992156366133013,0.0,0.03529923597920169,0.014388485417254335,0.0,0.02886922328743197,0.0,0.027734198075824525,0.004976265933808837,0.038992587627224365,0.07399910634106628,0.027586119574019453,0.055296242944418456,0.0,0.07337535136907809,0.027300350403188012,0.0,0.0,0.0,0.017338102288467203,0.0,0.0,0.060476064317964415,0.0207051861200124,0.0,0.008003523331565175,0.0,0.0,0.0,0.0,0.0,0.045398377570774466,0.06175402044734403,0.0382216569119226,0.0,0.02698879003382237,0.001589868419439564,0.0,0.0,0.0,0.0578309422774684,0.05713539613904592,0.11920086405385127,0.0,0.0,0.058782004564136424,0.0,0.0002932254449097945,0.07683265663981019,0.0,0.03195737097629815,0.0,0.01301772192303514,0.0,0.0,0.08357384020945038,0.0,0.0,0.029846337899479186,0.0,0.0,0.0,0.027033849036090428,0.0,0.021506861904688274,0.029210502119770873,0.0,0.10375655322791695,0.0,0.0,0.0,0.0,0.0,0.00414475933805976,0.0,0.016381152931074915
71,0.00468310422909144,0.003224258779768111,0.0,0.03163279764579757,0.03978149060853768,0.0,0.00753115843759416,0.0,0.05319221642428542,0.0,0.0,0.08235658755035778,0.010508312079888714,0.0,0.0,0.0020748766498108885,0.03551729234524835,0.09572249380214894,0.040898340890866816,0.006005988537585662,0.10277024445037414,0.0,0.0,0.05421473011791782,0.0,0.04912440702327,0.0,0.03306674238580379,0.0,0.05521925261177501,0.021772608100074673,0.04924692823029561,0.0027380755716953963,0.04201691820251371,0.0,0.01789931908059835,0.02924336314782503,0.0,0.045111715910115396,0.0,0.0,0.01173146672020473,0.01529667653661553,0.0,0.006237183710573464,0.0,0.05868075283266217,0.052748397358605634,0.0,0.019934153073372048,0.015900797043366464,0.0,0.058599167881985936,0.0,0.15236236896983602,0.0,0.0,0.0,0.0,0.0,0.0530524944975108,0.06394875648816428,0.02064888084717549,0.0305207130017274,0.037008947126928086,0.07872883429982949,0.01344210762491739,0.0,0.08086470916739887,0.0,0.0,0.0,0.05893885253509216,0.013490729451210149,0.0702449902403281,0.08545592971696124,0.0,0.06365048670759775,0.0,0.0,0.0,0.0,0.020197374624456265,0.019926382207380737,0.012673436918157808,0.04977359965747753,0.0,0.0,0.0,0.009253896233887159,0.0,0.07899391524638465,0.0,0.0,0.009001634400049205,0.03480147856165086,0.0,0.0,0.022950188715685226,0.0,0.0,0.0,0.032650324344933174,0.0,0.0,0.10154434789295322,0.0,0.030809886871971916,0.0,0.06583058538215592,0.007616417472407407,0.040049719852362255,0.017799586878634335,0.013709169720327733,0.025200655311822095,0.0016166252130184323,0.0,0.0
72,0.00420194639331317,0.0,0.07230189005114719,0.001926347945975902,0.028324370448052628,0.060242905618212314,0.045497807644107706,0.06903696854174025,0.0,0.062361203494136735,0.10011465270637279,0.0,0.057594087197173856,0.06068985449109529,0.05028468639211043,0.0,0.005345573910821535,0.030948654518255684,0.005888114893879177,0.07354624947284656,0.060874280885292856,0.052881388017583714,0.0748480497078124,0.050020438743350625,0.015453140503355046,0.0,0.0017348760533018297,0.02955410761657101,0.0,0.0,0.032123313388908996,0.016315772738416237,0.0,0.0,0.015869865986296822,0.013784989144128446,0.140567500476801,0.0,0.11609634943178908,0.028332143217267087,0.0,0.07679758712925934,0.0,0.019380938437926026,0.05335923324584741,0.05024108349451556,0.111738275627729,0.165823658326498,0.38208349627239724,0.0,0.05208580965377149,0.016229331689765578,0.0601615978359735,0.0,0.0,0.01664740658531879,0.02666475861535189,0.03634290764865234,0.0,0.028070206781351473,0.05013710670950055,0.05584691527994635,0.0,0.004839103106178505,0.06958670436225764,0.0,0.08775258224965064,0.023093128042150243,0.06200019644314974,0.0,0.0,0.05893885253509216,0.0,0.5691194916492804,0.04070867712974233,0.060857440867190436,0.02011686079559086,0.06018839881050248,0.058222490664907894,0.10036284366424417,0.12085876031247957,0.14461916352811258,0.021085279472154488,0.02532610010706541,0.06935052428465037,0.0,0.0,0.09104374175999935,0.1419519605877865,0.0,0.019915446502226885,0.015255788448546019,0.004440017280495838,0.057366203467178356,0.000621534235695999,0.0,0.0634343476097665,0.0,0.023401930929440953,0.0,0.0,0.011108128039798215,0.0,0.12833578519217628,0.0,0.10412119905140588,0.05980590094355169,0.0,0.0,0.026993829095005337,0.0855363209705699,0.08919929123081788,0.0,0.08853432025424242,0.005772727936682219,0.01704900536498291,0.06512286498267106,0.0
73,0.0,0.10549719922691224,0.08547527535951055,0.12509403247934703,0.01878519276831056,0.0,0.0491221903641193,0.06579226122997936,0.0,0.11400610432122911,0.0753174296453235,0.0,0.0,0.0,0.0,0.0,0.0,0.0,0.0,0.026438476664970016,0.0,0.05257129113280948,0.046491427266531195,0.0,0.044145521569633805,0.0,0.05293566378789767,0.0,0.10330133457156392,0.0,0.030409660008481953,0.09893313979338697,0.0,0.0028868589760185632,0.0,0.10042922600330234,0.07432245930839329,0.03920264178176395,0.0,0.0,0.015224639094056967,0.0,0.0,0.02274939814686824,0.09761161277814989,0.021256905683983956,0.04681884599708269,0.10315353248589228,0.15301373604655136,0.041887796972262754,0.008612021372093485,0.0,0.007340075478333229,0.0,0.0,0.04450622602631215,0.042476697631184605,0.15456145599952245,0.010622721125247838,0.01913152461084644,0.006410435055514789,0.0,0.0,0.03616677541159201,0.019467296327406684,0.007729342829853689,0.032409612635293114,0.0,0.0,0.0,0.045398377570774466,0.013490729451210149,0.5691194916492804,0.0,0.09870054405227234,0.004752975687065805,0.0029097307492610518,0.0,0.0,0.09803881701201722,0.07016827113958288,0.134943884833728,0.002572726038375677,0.0,0.046843621434756184,0.09960345085140512,0.030353848477977802,0.09426967391488564,0.06792420437130893,0.03352405336072198,0.08878389155608532,0.014070722757764748,0.07887697603515706,0.0681146423862652,0.013227669796175172,0.0,0.010780666135575896,0.0,0.0,0.00045716147042174717,0.026371382096402773,0.05227010902576837,0.0,0.017768582998423654,0.0,0.19583464549304025,0.07948052882542526,0.006118773681027308,0.0,0.09719672151282958,0.008271985164094957,0.0,0.03269002996043937,0.0,0.0341576959292326,0.02627179470470501,0.0,0.08258451079322578
74,0.035226119303243916,0.0,0.024195730535570985,0.0170944558488988,0.04904467393970764,0.005050209060551267,0.0,0.06272345017493641,0.07184845837473236,0.0,0.0,0.009404801618191922,0.0,0.04306309036407955,0.0254573176800863,0.09518850674254639,0.054665699823431335,0.026826708780445806,0.02390960547593813,0.0,0.0,0.0,0.09109427670903075,0.0,0.019329429364518272,0.0,0.09047379496153556,0.0,0.0,0.0,0.021147282462461496,0.02394761488703998,0.04708709079732514,0.0,0.03533953134891482,0.019029762834511976,0.0,0.0,0.0,0.0,0.020114243935258024,0.026258179033948132,0.024084575723665413,0.0,0.01028444190732289,0.0,0.01275453572787133,0.0,0.02954745215672399,0.13822120062700244,0.0,0.0,0.003233677314010802,0.005352338633813249,0.03915846450205366,0.0,0.0049025713066862715,0.0,0.0,0.0,0.04474301563906931,0.075046020811764,0.0,0.030515531843734706,0.0,0.0,0.153568772523441,0.05056297900205547,0.05252787136377414,0.008158287586193344,0.06175402044734403,0.0702449902403281,0.04070867712974233,0.09870054405227234,0.0,0.07184235004920221,0.04829622978676022,0.02187214250615398,0.08034962792590057,0.016792924810969275,0.0,0.09945780642388297,0.0,0.09493037221752247,0.0,0.0186052463326033,0.0,0.0,0.02175829126771891,0.011951185493840819,0.0,0.0,0.02135809902160912,0.07295274391698438,0.0,0.0,0.0,0.06154681614720802,0.0339902812325689,0.017340840537694246,0.0,0.08064229452894091,0.004838632057121272,0.018843975125391342,0.0,0.02350177918572255,0.1570483831483615,0.03456603031536196,0.004971770340107498,0.0,0.07360883814633624,0.006420195029327676,0.04802251330360995,0.04593564226493103,0.0,0.0,0.07172021278025935,0.0
75,0.0,0.0,0.04926323044501534,0.04202558151071939,0.11456164122699682,0.03538900521062472,0.12188307682443694,0.04730533260370148,0.1800879515061147,0.0,0.0,0.0,0.015265253904588997,0.0,0.040555461132670695,0.0,0.05936942958937614,0.0018957073456372922,0.0,0.01152390933240462,0.05952852292855036,0.0,0.019418705966562783,0.0,0.07799651981639999,0.03406440834918088,0.0,0.0,0.0,0.03674088114093985,0.014096477998649062,0.0,0.0,0.03388790493774922,0.0,0.10812815896943283,0.08262405854196211,0.04585394526988999,0.14785967832694524,0.040215824804120275,0.0,0.053097638453618,0.004614234697898037,0.0,0.060369155108132184,0.03627783426470657,0.10716199173257443,0.0849935935810544,0.014991889234473619,0.0,0.061618475108442775,0.0,0.0,0.0011256509467500626,0.03655037864020134,0.020433318524517748,0.0,0.0771775503509405,0.0028742509876165025,0.0,0.11212709083552119,0.03532076088435363,0.0794255870738854,0.0,0.0493102245608937,0.03253195423573237,0.8665414935796881,0.09539465172294982,0.04004023124708982,0.019661058726923027,0.0382216569119226,0.08545592971696124,0.060857440867190436,0.004752975687065805,0.07184235004920221,0.0,0.05585797382052495,0.14529903564715463,0.06263171103157332,0.1650029914631417,0.06461859452585027,0.0,0.05088251426515478,0.21070055099732996,0.2326612447935538,0.0,0.03621536627484234,0.02203230224081546,0.051992504460842526,0.010983520164794633,0.08265652618507284,0.063698079108018,0.0,0.0,0.02846073555530551,0.0,0.08903280504653667,0.028362885343605943,0.0,0.04895128791291736,0.0,0.0854765795117175,0.0,0.0,0.09912944148471269,0.22708013377487873,0.19108233359819998,0.11115919434086305,0.08671378872710933,0.0,0.07299414423375482,0.0,0.0,0.08906045121530898,0.06498845724289208,0.003493886342650945,0.13389235776027344,0.0
76,0.0,0.0627137055968618,0.07404018310692458,0.07805560419780842,0.0,0.0,0.05896390668437605,0.0,0.0,0.07719008161713373,0.06890093947812125,0.016533574161566193,0.04641480712790252,0.060676776372858086,0.042274961576440034,0.0,0.04701877818910384,0.0,0.0,0.0,0.06889893640803692,0.0,0.11980892493364369,0.0,0.04064395847198615,0.0,0.1060135977724925,0.09450008995253045,0.0,0.05972308199571248,0.029153477507275788,0.0,0.0,0.0,0.0,0.028364569330420475,0.0082271060258156,0.031911415096825886,0.04135767547627929,0.0,0.0,0.011273795508569712,0.008360714678437325,0.0,0.03787310746561894,0.039141377528745434,0.03684717911443135,0.0,0.08406202214647546,0.0,0.0,0.003169393692123408,0.0,0.0,0.0,0.0,0.07526999292447455,0.18351916380480704,0.04848663067386023,0.0,0.07064935035554239,0.031868803371141945,0.028381220770017777,0.0,0.0,0.0,0.0,0.0,0.018275784537346004,0.0,0.0,0.0,0.02011686079559086,0.0029097307492610518,0.04829622978676022,0.05585797382052495,0.0,0.002160809134184551,0.17460960024478278,0.11411440490555928,0.04059087003396,0.028833858306949966,0.07341641360717976,0.18358057348494897,0.0,0.03792360239085706,0.0,0.06450714074334986,0.08640023291054365,0.023406873829759662,0.06434704700246167,0.05544252674381655,0.0,0.024841130092276533,0.05481576891671714,0.0,0.004338747484874398,0.056970007670040256,0.01170234867769684,0.0673878590881432,0.007196420846086778,0.06253655344595291,0.07165866716628351,0.0,0.0,0.0,0.1599562620500668,0.06617229603828532,0.0,0.0,0.13388223564671117,0.09239232551998719,0.07812330216731043,0.06923823607427404,0.0,0.0,0.04281149453848472,0.11108834766338688
77,0.0,0.0,0.06255976133098343,0.033851691469977394,0.080602154801094,0.03690537371400506,0.14118507711571834,0.11862159687310828,0.136275700310477,0.06974644491011864,0.02422988071395883,0.0,0.01677961462978082,0.0,0.02165619067867358,0.0062451498746582965,0.023791813589186347,0.01446257178716923,0.1368191746642651,0.010859753447338416,0.04215084951780538,0.06744706330672857,0.02374429860854046,0.0,0.011035737020962801,0.06149359868886856,0.0,0.0,0.0,0.03983050410059988,0.0,0.0392971536946414,0.050366360924431156,0.0,0.12265012211341625,0.046455293043316505,0.1960232055147527,0.015577859885062606,0.32712203895584874,0.024637071359850816,0.06952015398020454,0.0434180469504244,0.0,0.09432536551296426,0.06121387562111348,0.08983818162780724,0.0,0.06241711228563903,0.15877145018274222,0.04248039377057851,0.04325061146289249,0.107930846278229,0.0685925163006492,0.0,0.01276207549283752,0.0,0.10039898242052278,0.06453817834036012,0.2319223463537084,0.12264990982981723,0.0033578547267778904,0.0,0.2690322684774232,0.0,0.07055192796157075,0.051446003617682506,0.0860184242680053,0.05277581578234817,0.005269126740138545,0.000690490171541463,0.02698879003382237,0.06365048670759775,0.06018839881050248,0.0,0.02187214250615398,0.14529903564715463,0.002160809134184551,0.0,0.35309782136493373,0.4855752558873053,0.12409421442967748,0.04109452135810437,0.13091425124188313,0.22609329774186757,0.329625661917405,0.19598409907114228,0.12457813589599936,0.011283181335741218,0.11511323593964946,0.0,0.2669376945985387,0.0,0.0,0.024145006448308172,0.06497475997042483,0.0,0.14549169191126504,0.12691879929050134,0.0,0.023031822748401376,0.09861640949323872,0.14953077383304883,0.02105827399964886,0.05185710326713703,0.0,1.0,0.3101425966445894,0.0,0.07129012536064665,0.16177126963728516,0.0,0.5280859945460875,0.127558166369163,0.09946230473934728,0.09325941829772993,0.06160018775688921,0.06515472030653745,0.33996653680122524
78,0.04870447198357849,0.0,0.04744291808147838,0.001281863399542932,0.04706807532283015,0.0559760144383842,0.031282114811825135,0.1070968740455041,0.05807810996043386,0.1492505400659721,0.06385006832226708,0.0,0.07292941564779534,0.0,0.0,0.0,0.0652148335322975,0.02306944368693591,0.11929973634459078,0.0,0.05928819324386958,0.03964993825855375,0.0,0.0,0.0,0.03299657537361945,0.0,0.03416161171183278,0.0,0.0,0.046112570638418,0.06400135662673474,0.10557401946640761,0.07440821116313259,0.03161534977294951,0.0,0.057926070041224284,0.10733566038907422,0.2158985727973847,0.05551513800195086,0.0,0.01906740498433393,0.07735219650111429,0.0,0.048337159869286855,0.026022972113993705,0.0,0.19761958583953868,0.11075607932979718,0.05677347219364882,0.05654388127778007,0.03168365464620142,0.03561606618208627,0.0,0.04972359230072738,0.09638851311591078,0.0,0.21316056444113463,0.1989901277686586,0.038041148644914834,0.09982316092638487,0.0,0.15453431569359402,0.03993844358575189,0.0,0.0,0.021991328859391243,0.06796700932232912,0.10082469834891244,0.0,0.001589868419439564,0.0,0.058222490664907894,0.0,0.08034962792590057,0.06263171103157332,0.17460960024478278,0.35309782136493373,0.0,0.35687257412043166,0.34501003201488906,0.18099984602422006,0.22953403425779745,0.2954958659298319,0.29173367938040057,0.04791090747384518,0.13430768218983039,0.2128630318097872,0.3974604540929606,0.032654187141584155,0.34038317900550946,0.005092211302678565,0.0,0.03170730433857532,0.12117052798238769,0.07820140201799122,0.1387415953193533,0.1049150951857614,0.0,0.05172237475362461,0.06964101696124757,0.0,0.0,0.06632541546090891,0.0,0.2542144746802552,0.1955811080589997,0.04348635372280608,0.0,0.12812073097959928,0.08181022720905859,0.5354698453383178,0.3872616256208683,0.008381501778072313,0.11951346965717671,0.05402656635601258,0.10682487794425513,0.2112090249531342
79,0.0,0.026409606979635954,0.09958969306300151,0.0357872457795625,0.01205337969668435,0.08003317212538394,0.15638904654821756,0.15190965237868,0.029825426371911757,0.07696055950512934,0.14680080544928253,0.11849831967560485,0.040870054790845066,0.07381737839271009,0.03188937404725137,0.037056464164288504,0.024273118701906734,0.07651802129677907,0.20152114538699506,0.10175623382435944,0.09047712369090204,0.03460098178470751,0.07256676786378707,0.0,0.03759074022756953,0.0,0.19580421151431535,0.0,0.0,0.07210230501235827,0.09582119616175239,0.017662516192052946,0.06783850017705347,0.03390505494373045,0.039209260557334015,0.0833405906776163,0.01128556260862021,0.05015378335970693,0.396143985739344,0.0,0.0,0.0,0.05320261491348996,0.014633613009456686,0.053175039479203545,0.0,0.01377355631213933,0.04986214754710291,0.09736146126983829,0.06935373465764991,0.048513934830482615,0.0594049475653652,0.024392954448033726,0.0920948583488015,0.10531032398079962,0.0844529620069988,0.014220824192365408,0.2846155393334083,0.1677663793982066,0.0,0.09480582261431322,0.11719699407007288,0.13354575663784599,0.0,0.022512189713093704,0.07010811848115153,0.12253277876784353,0.0,0.05331335092287473,0.02335377002658452,0.0,0.0,0.10036284366424417,0.09803881701201722,0.016792924810969275,0.1650029914631417,0.11411440490555928,0.4855752558873053,0.35687257412043166,0.0,0.34112987860971183,0.26809901979912626,0.18286078595701724,0.2743746160356519,0.310082261332049,0.21665226413939365,0.19363210316717674,0.21990874920942163,0.39031643986332176,0.0,0.3735925786925254,0.0,0.0010056049177149117,0.014119901458986372,0.158143852348498,0.10810936858423728,0.22715294966947625,0.10085574584777657,0.0,0.03450355911975718,0.0,0.06018334681256803,0.08088930736738702,0.06613999124285588,0.0,0.3820217342001691,0.16961641431439517,0.0,0.01775039946152291,0.07934261190212356,0.10758421496129958,0.32747268103890315,0.0994301228400345,0.00014102167244219163,0.18962493060627233,0.1733664223307691,0.14680999273914372,0.4163872995223293
80,0.0,0.10569732807274088,0.02509161716873359,0.08363790359222158,0.1268223029485268,0.06647953354723728,0.06325103811572001,0.0005111950197441333,0.07981500343737258,0.0,0.0489497227723362,0.033668774982869375,0.043888740202435494,0.10101050870562941,0.0,0.049959773828785324,0.06541958567476501,0.06006863348612994,0.08942213615964408,0.0,0.06443739814560141,0.015009933970543746,0.0,0.0,0.0,0.03571682225405658,0.031941635183330444,0.023602466341930795,0.0,0.09576450521410398,0.008413313055542406,0.0,0.010087754445692997,0.0,0.0,0.09160561924973515,0.03543286071342195,0.0,0.3123671200845992,0.0,0.0,0.01738415435105506,0.0,0.0,0.05457192783046748,0.04723928353825205,0.0,0.05016444349527192,0.25679085505030064,0.03041244789637092,0.13656374079183295,0.03336856394660569,0.0775482468213977,0.008410790559308389,0.05106194418504941,0.0,0.01955499268857935,0.37887896810150823,0.23605229817723997,0.0,0.059975790918855035,0.0,0.040908665192703565,0.0,0.01750920271096267,0.021501145299110066,0.0,0.0,0.0014768042275588636,0.0,0.0,0.0,0.12085876031247957,0.07016827113958288,0.0,0.06461859452585027,0.04059087003396,0.12409421442967748,0.34501003201488906,0.34112987860971183,0.0,0.17288908269680553,0.07362872376580543,0.14012439709640384,0.011509527024375115,0.11632692514290732,0.026248068365979673,0.07244596480189322,0.4550207075231772,0.0473075711940163,0.2994791413745745,0.0,0.0,0.07617446042852456,0.1283535952088435,0.0,0.1119034294081384,0.2745192440641325,0.0,0.012169859088209911,0.04655215937630017,0.07920951067317109,0.020096435563567414,0.1571905523415931,0.10543898072932201,0.1694914001592636,0.1509402543184743,0.052570068100297754,0.06340330313764159,0.09202068073649207,0.08986681101893303,0.44721831651761784,0.15725322673028994,0.0,0.1751566439981173,0.13389188947932146,0.06613414356517008,0.15595961652870582
81,0.0,0.039001803575965,0.023765757322504657,0.0,0.10858732550303363,0.0,0.050109271213351014,0.0,0.0,0.00034048766206454874,0.08125763955101882,0.0953702201752733,0.12822710046927452,0.20911720622920163,0.00653545335402527,0.0023649137683817954,0.02057275521280827,0.024683918749510765,0.07249058837153266,0.0,0.01619462994128512,0.0823715602756078,0.0400197732504753,0.0,0.06465964778857766,0.05555685554390377,0.033254569919725176,0.029482077883476596,0.0,0.0543052852313194,0.046131381689718025,0.0,0.054989795234122715,0.01693517225272724,0.024410670411602664,0.15906508322864124,0.07128665040135412,0.14717831760279795,0.06076143120370399,0.03969605511180873,0.0,0.0,0.034824428083104854,0.00904507912466005,0.0,0.1378546430564423,0.05829423687094014,0.056983718749122725,0.10543720147785168,0.0,0.09289184127475925,0.056977149325673514,0.07488944812698553,0.02582172013750925,0.12077370328620077,0.0,0.08712574904834369,0.16422095352084412,0.16618541309858337,0.0,0.0,0.09168180092410096,0.059555069855613055,0.02808625309686476,0.041010765647182486,0.0,0.06184236730516277,0.0,0.0,0.02127988193768056,0.0,0.0,0.14461916352811258,0.134943884833728,0.09945780642388297,0.0,0.028833858306949966,0.04109452135810437,0.18099984602422006,0.26809901979912626,0.17288908269680553,0.0,0.20692623793411413,0.19411976376046042,0.046601452585176235,0.14186448036173827,0.08181297457351666,0.0855364667041595,0.25978784492755874,0.019313916842923134,0.045902531365309696,0.0,0.025775794022858834,0.036994119623764136,0.0,0.03284067917289268,0.048674599348977735,0.19720995939723354,0.0,0.026464042639781676,0.0014475864434005854,0.07275778077667774,0.019533731513607815,0.04443105332032694,0.0,0.0,0.13027567329081122,0.0,0.05988120324916613,0.0,0.12240500490899045,0.14160079564681627,0.25472031804655165,0.0028427244060809497,0.06567686196319478,0.11138603692330427,0.0,0.14992793875719487
82,0.024144603007587955,0.057649774101143574,0.042227399222627846,0.061292536547513245,0.034790172586668944,0.039567592347899014,0.07957904091030653,0.007136182278057797,0.1294910466036224,0.0,0.03381511463791765,0.01179482731353936,0.021468406915933123,0.03990041950738786,0.006369732465986267,0.055519642953762674,0.052099920441555196,0.0,0.09639179369573968,0.03284853848521895,0.031935806366648896,0.0,0.0,0.0,0.026100275092718988,0.053060618454032676,0.013845616434696322,0.10258164961606733,0.044714475879518066,0.0,0.0,0.013044782506330316,0.06529951002869008,0.0,0.0,0.0848428594825649,0.059726655243892646,0.21870223276748868,0.23868830370433705,0.015222792087253467,0.012867330857434644,0.009443987124272718,0.0,0.010610967561115804,0.0,0.0025486662636358282,0.15236972310808608,0.10773785501769134,0.0,0.04770887319309079,0.0,0.013345226511150048,0.028012415252345872,0.0,0.07472881655208126,0.05957406561097996,0.02246147730278948,0.13803617512415403,0.1553705501605491,0.0,0.05783234656804777,0.10717299346440923,0.04249585373451541,0.0,0.03174763267154451,0.0,0.1009839525471698,0.005265549002776588,0.07861895010551882,0.0,0.0578309422774684,0.020197374624456265,0.021085279472154488,0.002572726038375677,0.0,0.05088251426515478,0.07341641360717976,0.13091425124188313,0.22953403425779745,0.18286078595701724,0.07362872376580543,0.20692623793411413,0.0,0.2967766142503211,0.2891353582130116,0.1269850207015237,0.16910956141314065,0.04064084100340379,0.08502601131570733,0.009348890850532242,0.09109369840234859,0.025044506795661167,0.09011214101098966,0.07464572747042078,0.0,0.05889671377222522,0.006928491716460402,0.0,0.0,0.06769751697434215,0.0,0.03416721397208672,0.0,0.0,0.0,0.15028541311408805,0.08419519441021867,0.004595889062444833,0.00946004611825315,0.029290935201698183,0.04522744615005639,0.204971903303464,0.09476409373364156,0.07968688808412892,0.02198987576724148,0.06907731970712197,0.018598057832150114,0.20023749813477473
83,0.007673438744014365,0.0,0.0,0.06205155899045936,0.07786669548341404,0.09095761991075446,0.08756724315507013,0.0300688793399649,0.09432361009572371,0.08541933646549152,0.06212318050646967,0.0,0.02563684981329357,0.0,0.0,0.15227042953981512,0.12100670911282185,0.061479293488524565,0.14784147929212774,0.11552003412635627,0.0,0.06478129552608926,0.023865879775895465,0.08610240276161613,0.0,0.0,0.11245627288682769,0.027531361131676882,0.0034002028044608063,0.1087901926208415,0.11457456004759681,0.0,0.12162399320303612,0.030363638218222168,0.04744935822165225,0.06645046757731228,0.04296712054220199,0.0706609949936844,0.21218854566875564,0.03524157552073815,0.024211263177760095,0.018388041733439473,0.038362571792984725,0.017496256120517667,0.0,0.01672836996631855,0.049949035081408785,0.028005482157166094,0.14618154439824899,0.02215136210201594,0.0153619014136748,0.04051959072562409,0.04601516412627426,0.0,0.03067693141553626,0.0,0.06170095477279031,0.04180200750805366,0.10779692624994316,0.009939992898442922,0.049376006887274365,0.021128126762836198,0.08298370064331097,0.07078056237065904,0.02603993707191639,0.032001911422346416,0.07548203632377087,0.0,0.009911663178643202,0.008751724832042297,0.05713539613904592,0.019926382207380737,0.02532610010706541,0.0,0.09493037221752247,0.21070055099732996,0.18358057348494897,0.22609329774186757,0.2954958659298319,0.2743746160356519,0.14012439709640384,0.19411976376046042,0.2967766142503211,0.0,0.49571874996206255,0.2612852115426706,0.3356373827073686,0.12647414309194044,0.015265047780694579,0.0,0.16348927881515063,0.0,0.03458198857187071,0.03239038740325805,0.0850058508910948,0.0,0.004785930593968618,0.02313198447348779,0.0,0.0,0.0,0.055989636475810824,0.12839112096798858,0.03255108614343504,0.0,0.292613674936661,0.14246473326906506,0.08947999211084362,0.0,0.0,0.013881263499696227,0.21595534621922483,0.04234356516866146,0.07252250302722195,0.039069275089808286,0.0,0.05440979129215726,0.12761629842946126
84,0.027717805914934036,0.04832319978543447,0.0,0.1219281484005241,0.002014678258616115,0.08073761373106239,0.09028167290056435,0.029002578109531635,0.06986244508098866,0.039507988326970306,0.09674837427453822,0.007932655108990598,0.0,0.0,0.0,0.020202676161170635,0.061552568669888216,0.0031571920614360772,0.2519188286670175,0.07091237055935752,0.0,0.0368024860290171,0.0,0.026874008561452594,0.0,0.033847314307057716,0.02243506227150865,0.0035308703657905526,0.0,0.02366006710206541,0.0,0.0,0.09411155732663999,0.0,0.03850667329413289,0.12605348931752533,0.009127786701955565,0.10701272672844157,0.2005498765189598,0.09684546033303669,0.012269721930850047,0.026645079851100786,0.052052458454371175,0.0,0.01982928543064,0.03733872653629373,0.12277297941008881,0.04484580013161341,0.011770642928348786,0.0,0.1007790277943372,0.0,0.08178037825636801,0.0,0.023640758818809567,0.0,0.0,0.0,0.01026625353473502,0.0,0.024088055128169403,0.05566844002347407,0.024430082516261702,0.04631500546018509,0.014561520555475722,0.0,0.058485248631930435,0.02758120883483616,0.018007443402814956,0.034135654141413944,0.11920086405385127,0.012673436918157808,0.06935052428465037,0.046843621434756184,0.0,0.2326612447935538,0.0,0.329625661917405,0.29173367938040057,0.310082261332049,0.011509527024375115,0.046601452585176235,0.2891353582130116,0.49571874996206255,0.0,0.18093256000252964,0.3069920691008989,0.2755249071786411,0.17927674037515978,0.02406647143125881,0.11728132419156378,0.035434864994600745,0.02181274633420301,0.1140340418471272,0.0,0.0,0.07190778971269478,0.15722643502710887,0.014591675547532337,4.747669601153405e-05,0.03436242571277737,0.08301750994261564,0.03114214357825903,0.023904270742191643,0.027979390287553384,0.30894640751975705,0.17221703271131433,0.0,0.006936696942697617,0.0179953293082998,0.06643381807471832,0.052721987889535055,0.12575100205789955,0.0,0.16696316721191995,0.11950777712607277,0.042779060396612174,0.19464504922265705
85,0.062233081231160337,0.0,0.01031999008011022,0.05082402183028315,0.0,0.09253823417289223,0.10217484769975597,0.0,0.0869463792341705,0.03461450496990718,0.06622289636785686,0.06708460165929568,0.0,0.06520972753758456,0.027010615825782736,0.0008136501940682647,0.0,0.05613918994847818,0.005678933328004372,0.0,0.020695795347853214,0.0,0.0,0.0,0.0,0.04706784474501382,0.0,0.005526316974566938,0.021299623659874953,0.0,0.09351328558455449,0.0,0.09585145824614595,0.0,0.0,0.10352942724928506,0.0,0.07902133301087151,0.18819804852629166,0.0,0.07056207744972548,0.02013351475676157,0.037658832987232195,0.11745646328523036,0.0,0.0,0.0273196027873872,0.0628931989364937,0.0,0.03694493778590426,0.048565923125724,0.05680659681608219,0.0,0.060047742829442925,0.0,0.009294829302641335,0.029753226747852766,0.059481459044862385,0.023074297429780947,0.0,0.0,0.0668076728140075,0.09186084854544632,0.0,0.0,0.006845007079418872,0.018316257614211743,0.0,0.03311305213606653,0.07357332638223721,0.0,0.04977359965747753,0.0,0.09960345085140512,0.0186052463326033,0.0,0.03792360239085706,0.19598409907114228,0.04791090747384518,0.21665226413939365,0.11632692514290732,0.14186448036173827,0.1269850207015237,0.2612852115426706,0.18093256000252964,0.0,0.06299003627868006,0.08936896854011674,0.08595918199383983,0.07837486708107494,0.2534963122647023,0.01737573975607451,0.017820894977811152,0.03506119671386667,0.023661946821137536,0.0,0.22495922462916879,0.12130689152692838,0.04466248946571784,0.0,0.012338887490198371,0.0,0.09766971843627123,0.0343715843673366,0.036527498832533534,0.13079488366018788,0.10490208394107574,0.0,0.08892781044089568,0.06961008545182125,0.021123208727251225,0.15495958829953035,0.0,0.004681331046364244,0.06035621914227004,0.011400683224053175,0.13715606017711038,0.224684121494858
86,0.035801380783483744,0.0,0.0,0.04501278797959896,0.06691115957758936,0.1529083303093927,0.08186780882898571,0.0878824241135266,0.0,0.09068543166534038,0.21563054490358857,0.049157809040490816,0.025998769921985833,0.11187474606368156,0.0,0.0,0.050455628493683874,0.012604251928158118,0.1261190776200763,0.04322116374991412,0.00258297974343975,0.2050001058964055,0.052373587424637165,0.0,0.0,0.0,0.0,0.04935241145388028,0.07778881216951573,0.04277001229337956,0.0,0.0,0.055912730548342886,0.037621779618026735,0.04686369829431974,0.027684261627091707,0.0,0.09204161888342004,0.23429063928667956,0.0,0.01834914671610278,0.031822639380407164,0.0,0.0,0.0,0.0007623790538946509,0.059437782428825206,0.0,0.010772384736763663,0.00528300693148019,0.0,0.08318900824465111,0.04992703662509613,0.09763014491029007,0.07531441543191965,0.02751120718985589,0.03231887120409252,0.012417187814169072,0.08360418632396915,0.02302850842734495,0.02014961241030538,0.17038079315546736,0.031168006587752064,0.010559050253485004,0.0440751050032741,0.013296352432167244,0.0,0.03224311691166203,0.06711372945233639,0.0,0.0,0.0,0.0,0.030353848477977802,0.0,0.03621536627484234,0.0,0.12457813589599936,0.13430768218983039,0.19363210316717674,0.026248068365979673,0.08181297457351666,0.16910956141314065,0.3356373827073686,0.3069920691008989,0.06299003627868006,0.0,0.22469558899577327,0.06403643683847397,0.05320525525128151,0.020924920681043666,0.0,0.04156314563225182,0.0,0.0,0.0,0.0,0.06326192894734148,0.04749417459245711,0.0,0.013142341969232743,0.16992595520791529,0.0,0.0,0.009317557431996741,0.15272297849910615,0.08958501318783786,0.0,0.08492576156449726,0.0,0.05291263686669364,0.0887136456052509,0.0,0.0,0.10445245893193626,0.008614159850697163,0.012316778502586551,0.11129990846917057
87,0.012957915512924217,0.03880087752105454,0.0,0.011075164552268145,0.06401533102234769,0.03687112030763863,0.014925454462766614,0.0091569678617602,0.02883307794382558,0.04807171701715366,0.2188231218900681,0.09336991412613026,0.0,0.03136496967393137,0.0,0.0,0.0,0.04691017428441124,0.11529569267938804,0.038807511037384855,0.0,0.006140073228480926,0.0,0.0,0.0,0.03245813371995151,0.0,0.007184495485706941,0.037660789408669966,0.0,0.042909507319452984,0.10743823845136799,0.07321044776877786,0.13573028468263693,0.05557206354424474,0.06429712210936032,0.0,0.0,0.15722464461648025,0.0,0.0,0.05494617341738631,0.05044472624859189,0.0,0.0,0.003301448805432116,0.0972982696055799,0.0,0.043299448513538945,0.0,0.0,0.07501057335154002,0.06174935702800149,0.0,0.04159127208856256,0.041930795528117216,0.0,0.3491324602328696,0.08539678611531419,0.10341194800752837,0.0,0.07047466859229157,0.14981117509572942,0.017173048395951507,0.0,0.029954714043609554,0.0,0.0,0.12273208570881432,0.0,0.058782004564136424,0.0,0.09104374175999935,0.09426967391488564,0.0,0.02203230224081546,0.06450714074334986,0.011283181335741218,0.2128630318097872,0.21990874920942163,0.07244596480189322,0.0855364667041595,0.04064084100340379,0.12647414309194044,0.2755249071786411,0.08936896854011674,0.22469558899577327,0.0,0.46425283763967434,0.01075526734093085,0.08512064943718793,0.006808290318498552,0.03079000000336301,0.05878001108704583,0.04068636596551564,0.01935577418950839,0.0,0.19443792280212063,0.0,0.0,0.0,0.0,0.0,0.03743968548822775,0.0,0.05952112329893739,0.040404474118285426,0.09570652239551182,0.0,0.05499456682264842,0.0,0.15761227885891582,0.06459263109478428,0.10779738580538223,0.1727807278403649,0.01294863808768661,0.0,0.03532609480215743
88,0.10782315363701668,0.04409551251333394,0.025497890771026942,0.09811377497428578,0.1480930628610732,0.0,0.09811882772863334,0.012337776137295224,0.0,0.08248144963643356,0.09493155610642237,0.05123851278801558,0.026109270706562503,0.0,0.10488818397003852,0.022654203891644978,0.04135073158794798,0.053620858994176734,0.0,0.02169912325308686,0.010130380604656751,0.0,0.06452857429195419,0.0,0.0,0.0,0.15283479417647786,0.0,0.03553758740622675,0.031414442728488555,0.0,0.0,0.08129831983274535,0.01703386498602925,0.032577902512672265,0.12924717698073704,0.04186840302457716,0.03468662397429602,0.1557287859808131,0.0,0.08810529393778924,0.0052974224034372805,0.0714100565822029,0.04523198658117579,0.07382814178240465,0.09969839285303746,0.12978417938022674,0.17685819291589977,0.05564952741282828,0.0,0.1403990787680441,0.03994221551644619,0.031136778298876393,0.0,0.011975556208343518,0.05537914096285811,0.027068925325086736,0.91623502539325,0.2491402639860665,0.2400147611761546,0.2089404372322994,0.03366111149732005,0.16112538992181166,0.0,0.02204688102019876,0.053346150186068586,0.011372349600709557,0.07075193917482298,0.10005084650382853,0.019479922762972487,0.0,0.0,0.1419519605877865,0.06792420437130893,0.02175829126771891,0.051992504460842526,0.08640023291054365,0.11511323593964946,0.3974604540929606,0.39031643986332176,0.4550207075231772,0.25978784492755874,0.08502601131570733,0.015265047780694579,0.17927674037515978,0.08595918199383983,0.06403643683847397,0.46425283763967434,0.0,0.03993682517041091,0.2275205475466294,0.0,0.01880671915286133,0.037390405248199705,0.12561570683807852,0.0,0.05574636154036758,0.3047957541597836,0.11762751367676283,0.0,0.09593013444823577,0.012875465712382954,0.057998271181079926,0.10823220746247533,0.0,0.027706942913484092,0.23126796788756848,0.01888747618835893,0.0,0.0464987975204246,0.0,0.19052243362145932,0.20540930647143796,0.041878009845977046,0.1761952180849435,0.08816156928617994,0.03182019382978205,0.1320402740064521
89,0.02807397391804525,0.0023799305552046376,0.051591914130205765,0.038663594887047584,0.08076441979076499,0.0,0.0,0.0,0.0,0.006528649474582481,0.03249471100996542,0.0,0.0,0.0,0.016754176623393405,0.11236254369453183,0.0,0.0,0.0,0.04091481976430876,0.012031934965404112,0.0063142704699380115,0.03614204309750493,0.04317102970741079,0.0,0.0,0.03201131740705465,0.0,0.0,0.0879498914807686,0.02998475557241962,0.0,0.0,0.0,0.0,0.0,0.0,0.07132605490554146,0.0,0.0,0.07179840797026894,0.056446294927152876,0.0,0.07191836571704911,0.0,0.017425579436145186,0.12908341223609177,0.0,0.0,0.09869912708178,0.0,0.0,0.0,0.0372310890325464,0.006934737352293527,0.01738897935132301,0.0,0.019222106478137175,0.05829419135651321,0.0,0.006810926988605951,0.062284615500718836,0.0,0.0,0.0,0.004312928269377471,0.09008808875203853,0.0,0.0,0.059690663420167586,0.0002932254449097945,0.009253896233887159,0.0,0.03352405336072198,0.011951185493840819,0.010983520164794633,0.023406873829759662,0.0,0.032654187141584155,0.0,0.0473075711940163,0.019313916842923134,0.009348890850532242,0.0,0.02406647143125881,0.07837486708107494,0.05320525525128151,0.01075526734093085,0.03993682517041091,0.0,0.0058744810374432525,0.0,0.0,0.0718620913017167,0.07712504419325071,0.08169857914871864,0.014829438665537554,0.016643642901960506,0.0,0.030700758631747545,0.0,0.005695765237914076,0.012914833355147311,0.0,0.0743183977178329,0.05440125137283736,0.0008183355958216694,0.11006673506397899,1.0060109808829396e-05,0.0,0.0,0.0,0.012352444114200816,0.06580665363537776,0.0,0.06314452547412672,0.0,0.062457948943366794
90,0.0,0.0,0.1137709670674161,0.09927774200544788,0.05219536078145745,0.11649108997737727,0.060799813899078806,0.06654602244011165,0.01837333480167726,0.025070331102650535,0.022855751236779836,0.0,0.046289793518268854,0.006549343890341771,0.0,0.0,0.035663258650428825,0.08052967713459007,0.037239203565123585,0.0,0.0,0.054188738609764184,0.0,0.010926685662363727,0.03445014022331001,0.02917419412085928,0.055902298732222244,0.10441066506843559,0.0,0.0,0.037048639640555464,0.0,0.027692126868894974,0.10512225009885293,0.036068062904771506,0.09891310474931542,0.029983559195760765,0.0553572780544097,0.3971167363864211,0.04886849574161239,0.03331788064038401,0.0,0.07425829101428774,0.09770862644368826,0.08917533353670794,0.021419898984460138,0.11101072503556086,0.0,0.10653158406798924,0.0,0.1604404798293191,1.987261946016308e-05,0.2453017015847057,0.035095570196889116,0.09600003995244538,0.030902700618311265,0.036254950450492665,0.15414657145174937,0.3190378094397709,0.004035746820424107,0.06124755752393576,0.13738966748808096,0.11976801688323747,0.04145276385372188,0.0,0.0,0.0,0.13089873572619815,0.0,0.0,0.07683265663981019,0.0,0.019915446502226885,0.08878389155608532,0.0,0.08265652618507284,0.06434704700246167,0.2669376945985387,0.34038317900550946,0.3735925786925254,0.2994791413745745,0.045902531365309696,0.09109369840234859,0.16348927881515063,0.11728132419156378,0.2534963122647023,0.020924920681043666,0.08512064943718793,0.2275205475466294,0.0058744810374432525,0.0,0.029049076797340104,0.0,0.0,0.0764129093245146,0.055575463018740834,0.10519637373901185,0.19829230290769057,0.09920769618404714,0.11705722126812954,0.010501018522686305,0.08575038738086437,0.0,0.0,0.0038086723771206315,0.26839365959095923,0.06514212325007113,0.04809162601987878,0.012912280711747411,0.08864207995437215,0.0409457660973677,0.45533255269849615,0.12547526087160069,0.07913929453531197,0.11896134007205243,0.125436999721448,0.10463090954243656,0.2405057847877982
91,0.0,0.0021444760001013544,0.030835024095266568,0.0,0.0577706349518606,0.04415628973658369,0.0022836278046360933,0.0,0.0,0.1827657049322268,0.0,0.019861056817213743,0.03469343209741251,0.05268456674267318,0.02974944938895078,0.07617112102653041,0.0,0.12276953464674407,0.0,0.0,0.014763982051787564,0.0,0.0,0.0,0.0,0.03882214195406388,0.0,0.04771772802311876,0.0008609351872795577,0.0,0.07551269274583611,0.0,0.0032368957548614854,0.04117098670609381,0.0,0.07457255961297933,0.0,0.10417412680600972,0.0,0.0,0.039667993443894,0.06625873432749788,0.0,0.0,0.015247940770436487,0.0,0.0,0.0620312047205192,0.03202101362949908,0.0019613052893165677,0.06136952216948528,0.0,0.0,0.0,0.0,0.0,0.0,0.08336535251938344,0.0,0.0,0.0,0.07149214578735526,0.0,0.028804046082045207,0.06721683970138069,0.021145113984077108,0.0,0.0,0.05743073940692222,0.0,0.0,0.07899391524638465,0.015255788448546019,0.014070722757764748,0.0,0.063698079108018,0.05544252674381655,0.0,0.005092211302678565,0.0,0.0,0.0,0.025044506795661167,0.0,0.035434864994600745,0.01737573975607451,0.0,0.006808290318498552,0.0,0.0,0.029049076797340104,0.0,0.033705924400246036,0.008675746270030269,0.0,0.08082084946123799,0.0,0.0,0.00927443329277993,0.009175421462530987,0.0,0.0,0.0,0.0,0.0,0.06978063525115326,0.0,0.06415227787176582,0.01602333534336485,0.11196633450415913,0.0,0.0,0.00013362116642772832,0.03068448510160464,0.0,0.0,0.0,0.0
92,0.07716803075078267,0.0196653031685785,0.008089177598346518,0.06103690938007714,0.03635316940638789,0.0,0.0,0.0,0.0,0.011314655767721386,0.0032218185053791756,0.012612054846795409,0.0,0.02088266167597758,0.0,0.0,0.0,0.0,0.11672438906215492,0.0,0.0,0.0,0.0,0.0,0.0,0.02748323505880262,0.0,0.09767904782628427,0.0,0.0,0.03402999819345917,0.007908986466942573,0.0,0.0,0.06528917575508919,0.0,0.028568518857530086,0.032871520825522124,0.0,0.002536519295862186,0.013718242783797798,0.0,0.01622793415928313,0.0,0.0035750617731760076,0.0,0.09827993153332681,0.0,0.02698153656303134,0.0,0.025989481250540722,0.0,0.0,0.02559005152191946,0.0007769089518654548,0.0,0.0,0.0,0.0,0.0,0.028114262904535576,0.022518501305662856,0.04355804442542799,0.0016319069345075265,0.0,0.0,0.0,0.027292011507239148,0.0,0.0680355398860162,0.03195737097629815,0.0,0.004440017280495838,0.07887697603515706,0.02135809902160912,0.0,0.0,0.0,0.0,0.0010056049177149117,0.0,0.025775794022858834,0.09011214101098966,0.03458198857187071,0.02181274633420301,0.017820894977811152,0.04156314563225182,0.03079000000336301,0.01880671915286133,0.0,0.0,0.033705924400246036,0.0,0.0,0.0,0.015753732194876628,0.0,0.0,0.031096231669215428,0.0,0.0,0.0,0.11378506904632626,0.0,0.0,0.0,0.0,0.037391627686527686,0.11826669367971614,0.0,0.0,0.0,0.0375470528116462,0.09394574521188223,0.0,0.0,0.06110475112443066,0.01415908554343235
93,0.06261054226068205,0.0,0.0,0.0,0.043441314848589534,0.017811794419253135,0.026348746531588304,0.0,0.1394550896573045,0.0,0.0,0.0,0.0,0.00043717928397622095,0.07084256590588121,0.06255003019780912,0.0,0.015207270190040364,0.0,0.04313691991094807,0.047758050882254634,0.013503739077895482,0.0,0.07661651501144703,0.0,0.0,0.057355912221957836,0.03367307017964534,0.0,0.0,0.09622746850554433,0.0228174506495396,0.0,0.03215290199840384,0.1382287795519193,0.0011705449948402945,0.04463191807509738,0.0,0.02482671724367759,0.0,0.0,0.020670416709576266,0.015904496711446118,0.0,0.0727111991800394,0.0388442909383415,0.0,0.013379863619213447,0.0,0.027612042142855602,0.0,0.019846819310898343,0.0,0.0,0.11607789564677068,0.0,0.0,0.06336311888179746,0.07057760493896638,0.044698658964431245,0.0,0.0,0.0,0.0,0.0,0.0,0.05680380681374933,0.016808018662754685,0.020854862175351506,0.0,0.0,0.0,0.057366203467178356,0.0681146423862652,0.07295274391698438,0.0,0.024841130092276533,0.024145006448308172,0.03170730433857532,0.014119901458986372,0.07617446042852456,0.036994119623764136,0.07464572747042078,0.03239038740325805,0.1140340418471272,0.03506119671386667,0.0,0.05878001108704583,0.037390405248199705,0.0718620913017167,0.0,0.008675746270030269,0.0,0.0,0.11127571019735415,0.08380130552958683,0.07990250570586681,0.03775500784341321,0.0,0.01216240032512719,0.0453676059923893,0.07091252642177154,0.0,0.025570938889034778,0.02761828102481613,0.032199143772094214,0.021045658624919986,0.0,0.0,0.0,0.04556638821799007,0.048749875961651375,0.0,0.06603027112095874,0.05495865865092391,0.04515941720643407,0.014919248543658961,0.02369372736325238
94,0.04351703571362326,0.019818316107264658,0.0,0.0,0.0,0.0,0.015185237407328474,0.03571410603011769,0.07883642652745716,0.0,0.0,0.03567111313753531,0.0,0.038693826057602715,0.002313527289347908,0.0,0.0,0.0,0.02373890684742859,0.04031989468820598,0.0,0.01772441434039408,0.0,0.0,0.01795690685758412,0.0,0.0,0.009126683926835258,0.0003282264756927805,0.12302584155165183,0.05373269647811266,0.0,0.10737110990209572,0.0,0.0,0.00545615645536742,0.0,0.17611864500872473,0.10887414541707165,0.0,0.029461705985755142,0.0,0.0,0.08491469373112266,0.05991371362078552,0.0,0.09632190051034392,0.0,0.13491177757728964,0.0,0.023677439482506734,0.03970069411657869,0.0,0.043243526035309,0.0,0.0,0.03577185351384365,0.0,0.12345781338021358,0.0,0.043219536232479025,0.046607496297038815,0.05392996577917234,0.030106898558027992,0.05078806068764106,0.00597685192970538,0.0,0.029099239268807097,0.007668441003905268,0.07158796883765495,0.01301772192303514,0.009001634400049205,0.000621534235695999,0.013227669796175172,0.0,0.02846073555530551,0.05481576891671714,0.06497475997042483,0.12117052798238769,0.158143852348498,0.1283535952088435,0.0,0.0,0.0850058508910948,0.0,0.023661946821137536,0.0,0.04068636596551564,0.12561570683807852,0.07712504419325071,0.0764129093245146,0.0,0.0,0.11127571019735415,0.0,0.1721441018566522,0.12251366428856575,0.15388975002394734,0.07536664849942702,0.0035901749238718976,0.0038995368218228132,0.06783389658270142,0.012550599881565861,0.037324651641051754,0.031598321579508835,0.07581756445276923,0.14545979937078274,0.01230283848426679,0.03354948784295959,0.024363704047430264,0.0,0.06708921269519812,0.0,0.0,0.03595773807603754,0.03820014448831475,0.0990404495653209,0.09083563778939517
95,0.0,0.00146714915581471,0.0,0.06044032251431781,0.0,0.0,0.0412462150819696,0.03814862334805864,0.04449841824624309,0.0,0.0,0.07004121746346602,0.02406429659939672,0.0,0.03860871271550672,0.0,0.08507370787432791,0.0,0.020431848521623698,0.0,0.011329899196825645,0.0,0.006752491252544436,0.0853909193423693,0.0037435531207452365,0.10320326654810459,0.09942457175370119,0.0,0.04169226618933372,0.0,0.08185685016336391,0.0,0.0,0.15280930296311468,0.0,0.06901151087311308,0.0014483807502155446,0.08673697390617943,0.04412401950706876,0.04478004876862796,0.0,0.05142360170111671,0.0,0.0,0.009908100214442016,0.014697856634026242,0.036310626255178585,0.0,0.0,0.05654579733666499,0.0,0.03084116288245015,0.0,0.0,0.0,0.0,0.0,0.0,0.021277236260885114,0.0,0.05341672827391705,0.0,0.0028283254547295297,0.025686388679972,0.0,0.0,0.07733119032075554,0.026569031786739084,0.10777907938236123,0.0,0.0,0.03480147856165086,0.0,0.0,0.0,0.0,0.0,0.0,0.07820140201799122,0.10810936858423728,0.0,0.03284067917289268,0.05889671377222522,0.0,0.0,0.0,0.0,0.01935577418950839,0.0,0.08169857914871864,0.055575463018740834,0.08082084946123799,0.015753732194876628,0.08380130552958683,0.1721441018566522,0.0,0.0,0.029661925601150038,0.07652645762258613,0.0,0.0,0.0,0.0,0.0,0.10203144528694857,0.0,0.016181208706259657,0.02576698005641204,0.07663053927359492,0.0,0.0,0.06486075087419571,0.05851950474889008,0.05294308621910708,0.007049851221287805,0.0,0.05540642720443364,0.0
96,0.04736646636980931,0.0,0.01866769965316732,0.13152077829041534,0.07454885562174553,0.03558382899042167,0.07468881916206978,0.0,0.13179657792983612,0.014146028771682105,0.013571710219764034,0.0,0.0555508173048051,0.05602830672366376,0.08348220309966621,0.0,0.05278166762960796,0.037882615561918076,0.026113361993659854,0.049751487582130625,0.05750352563797547,0.025521541714663632,0.007341660403807393,0.0,0.11551875191751955,0.0,0.0,0.04623433249379191,0.0,0.011579533641750888,0.0016569198794646122,0.0,0.0,0.11029020662724509,0.0,0.0,0.01828337005152788,0.04194803090672511,0.25491642173113893,0.04205508121200656,0.0,0.019413016332158146,0.012494037871884456,0.0,0.0,0.03801173149539983,0.1545082067995328,0.1169022204173539,0.060054062674841625,0.049960258497033436,0.0,0.018690538614603944,0.007686752240979447,0.0,0.03246983305579539,0.0,0.02406389712567324,0.15519271632260315,0.14345441621436117,0.0,0.08152904136149103,0.011774680242292359,0.0,0.03009706453194921,0.03586815741062688,0.0,0.0,0.0048252154866013685,0.03764505823394904,0.13797533837768336,0.0,0.0,0.0634343476097665,0.010780666135575896,0.0,0.08903280504653667,0.004338747484874398,0.14549169191126504,0.1387415953193533,0.22715294966947625,0.1119034294081384,0.048674599348977735,0.006928491716460402,0.004785930593968618,0.07190778971269478,0.22495922462916879,0.0,0.0,0.05574636154036758,0.014829438665537554,0.10519637373901185,0.0,0.0,0.07990250570586681,0.12251366428856575,0.0,0.0,0.08975442630442368,0.0,0.034153533201904965,0.056489640053860306,0.0,0.01607436716428141,0.0,0.0,0.07501109044886094,0.031373488767182225,0.0,0.0,0.06975860510060682,0.0,0.2767752456524452,0.0591325897007338,0.06909098758198214,0.0,0.06880660042478982,0.08306059114025875,0.20478672965028333
97,0.01254929461843326,0.0,0.006777275920786414,0.0,0.16103643265303372,0.04109932543108868,0.07297984055329612,0.03703131169099489,0.12166771741838486,0.09162316490491906,0.10653659695172306,0.0,0.06020290565996073,0.0,0.017607495161057515,0.031265514750206176,0.054170746279498895,0.031727850537931895,0.05431546002512073,0.0,0.1293940940398961,0.04461037021203211,0.06276522090393528,0.030688017293966134,0.0,0.04387557583584421,0.11354419307129338,0.03672409276561423,0.0,0.043922198538593527,0.0,0.016065135156541652,0.0,0.0,0.004062944707388426,0.0,0.030204692201125875,0.010918282820696857,0.18485174628519452,0.03919258575341836,0.0,0.0,0.0,0.0,0.0681608324685213,0.07406034350081868,0.02822652923392984,0.11719505576137991,0.13089495044241867,0.018094807979278,0.07393347565085151,0.028558166415401695,9.398749911636074e-05,0.0,0.03479413421200406,0.0,0.0,0.24695912687300378,0.2408050753061868,0.01916833004178687,0.06085259834619739,0.03406397708257624,0.03193285019057507,0.10648633755703471,0.08633491443203402,0.07740188067769344,0.0,0.06266367350263956,0.09160079366350171,0.0,0.08357384020945038,0.0,0.0,0.0,0.06154681614720802,0.028362885343605943,0.056970007670040256,0.12691879929050134,0.1049150951857614,0.10085574584777657,0.2745192440641325,0.19720995939723354,0.0,0.02313198447348779,0.15722643502710887,0.12130689152692838,0.06326192894734148,0.19443792280212063,0.3047957541597836,0.016643642901960506,0.19829230290769057,0.0,0.0,0.03775500784341321,0.15388975002394734,0.029661925601150038,0.08975442630442368,0.0,0.014059532581147045,0.0,0.0549624929916696,0.0,0.03271129607255203,0.1157717440888581,0.0,0.21101997194723146,0.0,0.0,0.0,0.053954006834271956,0.0,0.12374798460927355,0.039640850857436745,0.0,0.04186103369493633,0.07388954763169754,0.11743316531364785,0.13712311558552867
98,0.04998008593721009,2.6469236673476424e-05,0.0,0.041769599030532845,0.015256827188341333,0.0,0.04714628453289801,0.06640266047738196,0.044706551240552235,0.0,0.056563052549371454,0.06020425239719553,0.02623192314463022,0.024811469626531114,0.0,0.05723136693412962,0.06421382295888678,0.017477807899349072,0.0,0.05889398729742133,0.0,0.03105363992047771,0.0,0.07005888934494327,0.0,0.1512794925814542,0.0,0.0,0.026188804437175837,0.050255655874595496,0.0,0.0,0.0,0.07590441585776958,0.0510904210215432,0.09047288305051747,0.0,0.0,0.013178490765298936,0.0,0.028040184088779077,0.07954002794142034,0.02092740283867557,0.0,0.0,0.0,0.03183286215035323,0.03960743890569695,0.1549266804628651,5.693679780006838e-05,0.0,0.021478223366934206,0.006467847027604054,0.06903297864580743,0.08733532159966848,0.0,0.0,0.04982904893741659,0.024560760386793754,0.0,0.07252934886310182,0.038875722043414614,0.0,0.06447829007263428,0.0,0.053116888890941856,0.010552146880990026,0.0,0.04470058251388626,1.1574614968071691e-05,0.0,0.022950188715685226,0.023401930929440953,0.0,0.0339902812325689,0.0,0.01170234867769684,0.0,0.0,0.0,0.0,0.0,0.0,0.0,0.014591675547532337,0.04466248946571784,0.04749417459245711,0.0,0.11762751367676283,0.0,0.09920769618404714,0.00927443329277993,0.031096231669215428,0.0,0.07536664849942702,0.07652645762258613,0.0,0.014059532581147045,0.0,0.027930217574879995,0.006638439239966517,0.11000774232838711,0.0,0.07713542646117005,0.009482342777248584,0.0,0.086087186854343,0.0,0.0,0.0017414224223228558,0.0,0.0,0.07732680723515964,0.030399725710075435,0.03014109293640747,0.044468733425909825,0.033548285767451405,0.02347338564659077
99,0.024614626499640215,0.0,0.010858028758661788,0.034645436336630746,0.04741620259540807,0.0,0.03078885920345349,0.030054879676060766,0.0596016978190141,0.03276843424319888,0.0,0.05688957999500799,0.01222189951711512,0.0007260791382060235,0.0,0.04990190699795832,0.05914626066908088,0.0,0.052006382924543085,0.023384537768108928,0.0,0.06787506185165071,0.00039032764223846254,0.09851493560447382,0.0006225391994976471,0.0,0.0,0.07900867132613439,0.016947339718419423,0.08517754834178533,0.0393263092361184,0.0,0.0,0.0,0.0,0.03683592453543611,0.0,0.0,0.0026558052878027567,0.0,0.0,0.0,0.015036966651262357,0.0,0.050075812721775394,0.012774459283514986,0.0,0.06677295366700789,0.0,0.07745482322594224,0.06199417246714469,0.01977029990257361,0.0,0.0,0.0,0.03024413898148094,0.04117603743022433,0.018213659757782972,0.03505191144998494,0.006655621121072856,0.035866076662587815,0.08146604715978517,0.02609546886767236,0.0,0.03073116706135894,0.028391945670593444,0.05374730599235508,0.0,0.12467370556824077,0.04255216473124385,0.0,0.0,0.0,0.00045716147042174717,0.017340840537694246,0.04895128791291736,0.0673878590881432,0.023031822748401376,0.05172237475362461,0.03450355911975718,0.012169859088209911,0.026464042639781676,0.06769751697434215,0.0,4.747669601153405e-05,0.0,0.0,0.0,0.0,0.030700758631747545,0.11705722126812954,0.009175421462530987,0.0,0.01216240032512719,0.0035901749238718976,0.0,0.034153533201904965,0.0,0.027930217574879995,0.0,0.10625515189479512,0.24451588391044402,0.03597075341364601,0.015396037348735032,0.03290550086303051,0.007505117704930956,0.025065314410240243,0.028794366449713532,0.010982562149456131,0.05892330230277168,0.0,0.11929137638873225,0.014713625992748086,0.0,0.05764043672896783,0.0,0.0,0.131384552462307
100,0.0,0.06487907573568656,0.0,0.06964081075759924,0.03137713232253066,0.0,0.12513539106148502,0.0,0.0,0.07094549537769022,0.02643933008121106,0.04388023985211097,0.04600784769522157,0.0748461920021389,0.009417159777617454,0.05512043453933828,0.023066629311660376,0.0,0.1206499957900069,0.07982233656402711,0.056819750262109094,0.09654833023638258,0.0,0.02367743528593127,0.0,0.0738865407281536,0.0,0.0,0.0,0.0,0.00021071929887082246,0.06831627194306761,0.0029568066262867093,0.050836089407133495,0.006427465069299948,0.0,0.0425690328056158,0.0,0.07023800365748568,0.0,0.0016442136872932024,0.03986557176070835,0.10596884471837072,0.09009493402781094,0.0,0.032716536020649646,0.0,0.0,0.08782912186107317,0.0,0.08377896416209972,0.04086347670968587,0.0065216649602448966,0.03778652270582478,0.0,0.13094500132475345,0.021153967404356645,0.0,0.02133868498460553,0.0,0.0,0.08893051294077356,0.0,0.0,0.0,0.0,0.0,0.0,0.0,0.0738413068590479,0.029846337899479186,0.0,0.0,0.026371382096402773,0.0,0.0,0.007196420846086778,0.09861640949323872,0.06964101696124757,0.0,0.04655215937630017,0.0014475864434005854,0.0,0.0,0.03436242571277737,0.012338887490198371,0.013142341969232743,0.0,0.09593013444823577,0.0,0.010501018522686305,0.0,0.0,0.0453676059923893,0.0038995368218228132,0.0,0.056489640053860306,0.0549624929916696,0.006638439239966517,0.10625515189479512,0.0,0.026228518816504814,0.0,0.006245034842900477,0.09298888159649382,0.09519281361732043,0.046672836082418324,0.0,0.0,0.0010622100327601991,0.005655256624739023,0.02968512069378872,0.02399061004317761,0.0,0.0,0.0,0.0,0.0
101,0.0810994829379467,0.0,0.0,0.0,0.0,0.0,0.0,0.12484752668380583,0.0546825916366333,0.13291686287122695,0.0,0.03107139043669509,0.0,0.0,0.0,0.06887864358728672,0.07393870930256766,0.0,0.1470430671339868,0.035744956067838896,0.0894320363264419,0.03938608636421169,0.008870938872093132,0.0,0.0,0.06367045634299842,0.140500925582832,0.06991392213634962,0.01033501327477597,0.05651836633075281,0.09327865121227807,0.0,0.0,0.0,0.019172024462687183,0.021072116601137104,0.0,0.15790411320712916,0.05835010904317598,0.048649679257216284,0.0,0.006743850425111502,0.0,0.08072213229074983,0.028542727319919737,0.0,0.0,0.03363465204566045,0.0,0.010462799901051142,0.07308066158691667,0.0034929849743718195,0.09530657099020284,0.0,0.0,0.034318980049420966,0.03590186350618877,0.07529803556040664,0.001556077582720856,0.016582104260362298,0.08259111094883459,0.0,0.020905148497227348,0.031585554867235244,0.07557045799866013,0.010550043740572465,0.0,0.020731646048037688,0.013730926935280887,0.0,0.0,0.0,0.011108128039798215,0.05227010902576837,0.08064229452894091,0.0854765795117175,0.06253655344595291,0.14953077383304883,0.0,0.06018334681256803,0.07920951067317109,0.07275778077667774,0.03416721397208672,0.055989636475810824,0.08301750994261564,0.0,0.16992595520791529,0.0,0.012875465712382954,0.005695765237914076,0.08575038738086437,0.0,0.0,0.07091252642177154,0.06783389658270142,0.0,0.0,0.0,0.11000774232838711,0.24451588391044402,0.026228518816504814,0.0,0.14528789393197908,0.0503630104997351,0.012948051024259626,0.13000450936985325,0.03216709953969482,0.017398702970741923,0.09331994857837059,0.07119228407584186,0.12411976627307025,0.011340079827617911,0.0,0.02794732828550467,0.0,0.0,0.00013585054325630693,0.06954660310729789
102,0.0,0.0,0.009450115037103456,0.06128933809397847,0.0,0.0069764583935650794,0.0,0.010759909377437434,0.0,0.040380738736186,0.04503153482286942,0.0,0.10163423628596813,0.041983485402418884,0.099924104738104,0.1412598666564011,0.0847305954346224,0.037861134301488665,0.05339555868088555,0.10253449448285645,0.0,0.0027773565195575393,0.05671772377117422,0.05625225086113757,0.024397751323312556,0.05042696731653439,0.04557685136260234,0.0,0.0,0.0,0.0,0.0,0.0,0.16445643484680542,0.004664149183497763,0.09234804946396719,0.0,0.0,0.07521793568588214,0.04355903624953867,0.0580116700144219,0.03620276921485121,0.04257644544551928,0.026084567334517597,0.014899910285574835,0.0,0.0,0.07231214892955863,0.07434310635564821,0.0,0.09433060734169035,0.07969628081424186,0.0,0.003166640217909685,0.013558050384534504,0.0,0.0,0.05766699556650843,0.002485626707864488,0.0,0.16147380762402305,0.10335047104877804,0.06597973042034293,0.0,0.0,0.01698436311920048,0.0,0.07274338486254861,0.0,0.021105275935805475,0.0,0.032650324344933174,0.0,0.0,0.004838632057121272,0.0,0.07165866716628351,0.02105827399964886,0.0,0.08088930736738702,0.020096435563567414,0.019533731513607815,0.0,0.12839112096798858,0.03114214357825903,0.09766971843627123,0.0,0.0,0.057998271181079926,0.012914833355147311,0.0,0.0,0.11378506904632626,0.0,0.012550599881565861,0.0,0.01607436716428141,0.03271129607255203,0.0,0.03597075341364601,0.0,0.14528789393197908,0.0,0.0,0.053262644976810346,0.061438960915708864,0.07575934742636903,0.06283270950963311,0.030685412859240344,0.06213694334987655,0.0,0.03861302253675577,0.004935734912199929,0.0,0.0752951467031788,0.0,0.0,0.07436162607958645
103,0.0,0.035715912294942746,0.12221428188544538,0.0,0.07812073042115611,0.021151002064745534,0.0,0.046543919320976936,0.03252240059754809,0.0,0.01045415013425116,0.0,0.10530476520174736,0.0,0.0,0.020205053654132315,0.00141193587993725,0.0,0.0,0.02954583984626409,0.0,0.04307804614359864,0.044523705201926105,0.0,0.0005861740131537462,0.01807935196189931,0.03358587963276933,0.0,0.035373680753801,0.0,0.0,0.05203737073190898,0.06519689291232689,0.0,0.0,0.010010588691683045,0.0,0.0,0.07483630724130728,0.0,0.09926625911874977,0.022969614981322405,0.0,0.027686224981645975,0.0,0.0,0.0,0.0,0.0492052151200928,0.0,0.08521266723652049,0.0,0.13844760266929246,0.0,0.07835043763063092,0.0,0.0,0.04506963395429286,0.07472735299760479,0.0,0.0,0.0,0.0,0.028348479727541617,0.033361295059544924,0.0,0.0,0.04874411142507684,0.0,0.0,0.0,0.0,0.12833578519217628,0.017768582998423654,0.018843975125391342,0.0,0.0,0.05185710326713703,0.06632541546090891,0.06613999124285588,0.1571905523415931,0.04443105332032694,0.0,0.03255108614343504,0.023904270742191643,0.0343715843673366,0.0,0.03743968548822775,0.10823220746247533,0.0,0.0,0.0,0.0,0.025570938889034778,0.037324651641051754,0.0,0.0,0.1157717440888581,0.07713542646117005,0.015396037348735032,0.006245034842900477,0.0503630104997351,0.0,0.0,0.05123875297264139,0.1250681589712082,0.12347210528477337,0.0,0.0,0.04781637876417964,0.0,0.0355276169966459,0.03444050859506009,0.0,0.05527484121980747,0.03473763897748196,0.0,0.04383314847795919
104,0.0,0.0,0.0,0.0,0.0,0.0,0.0,0.0,0.0,0.0,0.03798320479402325,0.006722744591795866,0.02598940982292761,0.05379159974460506,0.07031819310373226,0.0,0.0714594616909156,0.0,0.04841450631838739,0.0,0.0,0.08745250941519864,0.0,0.0,0.0,0.07001873585018957,0.09252956057256806,0.0,0.0,0.0,0.0,0.0,0.0,0.011261546517407277,0.028083558403425777,0.08212211739038787,0.06661294667794962,0.0,0.055776420923617655,0.0,0.0,0.0,0.0,0.04482483257694177,0.0,0.0,0.09177792483212548,0.011999958633831504,0.08505369110483209,0.0,0.06755964002217896,0.07211678528810209,0.020237118065793737,0.0,0.0,0.0199512963778929,0.06465472823206475,0.0,0.0,0.0,0.0,0.007364632602116153,0.0,0.0,0.0,0.0,0.0,0.03954013170269573,0.0,0.04311541089951829,0.027033849036090428,0.0,0.0,0.0,0.0,0.09912944148471269,0.0,0.0,0.0,0.0,0.10543898072932201,0.0,0.0,0.0,0.027979390287553384,0.036527498832533534,0.009317557431996741,0.0,0.0,0.0743183977178329,0.0038086723771206315,0.0,0.0,0.02761828102481613,0.031598321579508835,0.10203144528694857,0.0,0.0,0.009482342777248584,0.03290550086303051,0.09298888159649382,0.012948051024259626,0.053262644976810346,0.05123875297264139,0.0,0.0,0.128432030066359,0.0,0.02159843072672316,0.022586188904224883,0.0,0.0,0.0768778822771344,0.0,0.01201671128850255,0.025775607412362147,0.0,0.0021281334124102673
105,0.04419045833758132,0.0,0.05166309226369611,0.0,0.030190809049931325,0.037196347297735174,0.1263272158473679,0.014420499461379263,0.0988282899370384,0.06395128398481115,0.03454288859953087,0.035347739662408326,0.0217687812107482,0.02553845621438445,0.0,0.07016506899974452,0.0773041800896849,0.0,0.006208937767034016,0.04340413006997848,0.04386785421088718,0.0,0.0,0.0032427997305152093,0.054168954186635906,0.006301557950506037,0.08165046887734667,0.07867849190696888,0.02374011486336618,0.0004259138888063736,0.008204207381877045,0.0,0.005713981917473857,0.018322180290116105,0.0,0.13537886417240624,0.0,0.09579257502310966,0.23016047972415124,0.03318205194260969,0.026331470151174152,0.05775733566526192,0.0,0.03155214934103012,0.006247029077727171,0.07961196389636725,0.09902730674032842,0.05256129495538171,0.03043004861574226,0.0,0.034155338107588876,0.04849046601393155,0.006746547068547429,0.0,0.0008486407490962484,0.05315323134735412,0.0,0.042836372754993086,0.21908447131246792,0.0,0.06777991724409668,0.012437743302661397,0.3794188460620447,0.0,0.0,0.0,0.02626714978493844,0.0468056770843457,0.08501093839919702,0.02749524222066503,0.0,0.10154434789295322,0.10412119905140588,0.19583464549304025,0.02350177918572255,0.22708013377487873,0.0,1.0,0.2542144746802552,0.3820217342001691,0.1694914001592636,0.0,0.15028541311408805,0.292613674936661,0.30894640751975705,0.13079488366018788,0.15272297849910615,0.05952112329893739,0.027706942913484092,0.05440125137283736,0.26839365959095923,0.06978063525115326,0.0,0.032199143772094214,0.07581756445276923,0.0,0.07501109044886094,0.21101997194723146,0.0,0.007505117704930956,0.09519281361732043,0.13000450936985325,0.061438960915708864,0.1250681589712082,0.0,0.0,0.2789341729467209,0.08903341289582972,0.04419889214541538,0.1392170555558953,0.09878610524788693,0.3784228469102307,0.0,0.002496956568014226,0.0,0.039489589532972005,0.09524795654132535,0.35529420426433744
106,0.02887711349089647,0.003123672312580403,0.023991661215311443,0.0,0.047160395639895776,0.040649746844752886,0.0,0.0,0.0913784979778498,0.0,0.05240691430341569,0.0,0.0,0.057816990723834415,0.024260477430773097,0.0,0.0,0.0,0.07579486328619117,0.0,0.0,0.0,0.0940300059810751,0.10562703940581337,0.08883466597448997,0.03106042630318237,0.15073510436603998,0.008390710980889275,0.09638492517729731,0.14820609074475258,0.0,0.0,0.0,0.09795734129265689,0.0,0.23004366710998647,0.0,0.09985236809702452,0.19358311842156922,0.06359867203890884,0.0007011092693402174,0.0,0.02494912517251381,0.09881993281977497,0.0639350567610997,0.0,0.03148724571171382,0.0022811309003440516,0.0010042943336119462,0.0,0.06757491750788816,0.026455482520277702,0.09283689295566078,0.0,0.03237971186384993,0.0,0.05318285816190424,0.0643903248290071,0.22899843095076214,0.11709700727202618,0.1215763112412351,0.0,0.11970918777439453,0.007935630374940236,0.0,0.1002684258724412,0.09354594287168928,0.053572893689721804,0.0962366799197437,0.0,0.021506861904688274,0.0,0.05980590094355169,0.07948052882542526,0.1570483831483615,0.19108233359819998,0.1599562620500668,0.3101425966445894,0.1955811080589997,0.16961641431439517,0.1509402543184743,0.13027567329081122,0.08419519441021867,0.14246473326906506,0.17221703271131433,0.10490208394107574,0.08958501318783786,0.040404474118285426,0.23126796788756848,0.0008183355958216694,0.06514212325007113,0.0,0.0,0.021045658624919986,0.14545979937078274,0.016181208706259657,0.031373488767182225,0.0,0.086087186854343,0.025065314410240243,0.046672836082418324,0.03216709953969482,0.07575934742636903,0.12347210528477337,0.128432030066359,0.2789341729467209,0.0,0.21158167037045145,0.05274601972489418,0.0,0.08050014169269017,0.26065842853008625,0.10053990989701587,0.0,0.03691910729662821,0.015319656528297145,0.112780119524914,0.13055608738139318
107,0.03482071096055012,0.0,0.01905478509069392,0.0,0.041500622044265766,0.0008625125160046822,0.0,0.030756304885983025,0.0,0.06761292861572996,0.0,0.0,0.008665834991603946,0.11918860373117247,0.032488154225662376,0.04125580298639828,0.0,0.02865597238034056,0.0,0.0024334243793537316,0.0324608629290442,0.022018791142812903,0.017051899890442427,0.0,0.07180982936110568,0.0,0.0,0.03959266931435906,0.0,0.0,0.0,0.049263899490969,0.0,0.0,0.0,0.09957204582447228,0.06357593684174138,0.08135482117725934,0.03495667833973683,0.0,0.041288540231476406,0.059761544955783445,0.08637246469781248,0.008544429907959658,0.0,0.04244703525634136,0.04387960809861487,0.035330427622278775,0.02908122276602023,0.0,0.0,0.0,0.0805592205616546,0.0,0.0,0.0,0.05728431444155355,0.0125773486880476,0.08026966252209802,0.020229764090401458,0.0,0.0,0.06477108200672968,0.02085134605471184,0.0,0.032549568861758596,0.06983242797135011,0.09884203560586328,0.0,0.04140240964429634,0.029210502119770873,0.030809886871971916,0.0,0.006118773681027308,0.03456603031536196,0.11115919434086305,0.06617229603828532,0.0,0.04348635372280608,0.0,0.052570068100297754,0.0,0.004595889062444833,0.08947999211084362,0.0,0.0,0.0,0.09570652239551182,0.01888747618835893,0.11006673506397899,0.04809162601987878,0.06415227787176582,0.037391627686527686,0.0,0.01230283848426679,0.02576698005641204,0.0,0.0,0.0,0.028794366449713532,0.0,0.017398702970741923,0.06283270950963311,0.0,0.0,0.08903341289582972,0.21158167037045145,0.0,0.0,0.0,0.0,0.0,0.0,0.0,0.0,0.0,0.0915754076868073,0.02223885771880976
108,0.02419515316657598,0.0,0.02550111856657984,0.05441316789255423,0.007770933941795728,0.10585006577616418,0.0,0.027912511299288765,0.007720872454103874,0.060953494866123205,0.0,0.00804901541890813,0.08521073289954607,0.0,0.029063697439530987,0.0,0.0,0.002200165904336419,0.0,0.019989370949316285,0.02642512431715063,0.0,0.07458776491965184,0.0,0.015300213257996393,0.0,0.0,0.031183521172983772,0.0,0.04563497363554787,0.03931079262230605,0.07818419630384107,0.0,0.0,0.03938907668353962,0.0,0.042635979048624685,0.0,0.05890996391103167,0.1378948993213543,0.02813013784174755,0.034176733191017175,0.0,0.07605332249324731,0.0,0.0,0.026210661239941504,0.0,0.0,0.14787657955151726,0.0,0.0,0.09208498142267497,0.04905165497001492,0.0647784463988514,0.0008074148619958847,0.015319625298059148,0.034497076566565456,0.08377024652262416,0.0356115262831625,0.0,0.0,0.1702164317387366,0.0027366172396836586,0.0,0.0,0.09911811106397198,0.08718401735534115,0.10160856616855159,0.09941467079642655,0.0,0.0,0.0,0.0,0.004971770340107498,0.08671378872710933,0.0,0.07129012536064665,0.0,0.01775039946152291,0.06340330313764159,0.05988120324916613,0.00946004611825315,0.0,0.006936696942697617,0.08892781044089568,0.08492576156449726,0.0,0.0,1.0060109808829396e-05,0.012912280711747411,0.01602333534336485,0.11826669367971614,0.0,0.03354948784295959,0.07663053927359492,0.0,0.0,0.0,0.010982562149456131,0.0,0.09331994857837059,0.030685412859240344,0.0,0.02159843072672316,0.04419889214541538,0.05274601972489418,0.0,0.0,0.02361586248359666,0.03755382363763059,0.044125022715979005,0.0,0.04829637720502856,0.0,0.02320108647244988,0.0,0.03465689322229178
109,0.07504149457744096,0.0,0.06921396322103895,0.05740638718580582,0.0896372828520611,0.0,0.0,0.0360165915248399,0.06136951734572391,0.016384047645352638,0.06593985032831884,0.0,0.0,0.0,0.0,0.05159055310425239,0.0,0.05127437073339122,0.0,0.0,0.0,0.038282823192646774,0.0,0.017894541904725697,0.03590846719450269,0.0,0.12381532499320429,0.0,0.009455774384446069,0.02550563888649846,0.026155900418142388,0.0,0.0216891361197435,0.014772049411879413,0.0,0.07295933136720331,0.012818120704501152,0.06943142786697758,0.132897233538271,0.003601235715454723,0.0,0.050007204133569974,0.0,0.05741265435649997,0.009038227654164895,0.03052620946624459,0.10186433956734067,0.04258097926369541,0.15084866567798985,0.08869624141719919,0.0,0.0,0.09061414469417865,0.0,0.0,0.0,0.006601375959211603,0.0,0.013107138629550636,0.057936813702882665,0.030889163343070607,0.039801455715627716,0.059786647444807536,0.04538128990465717,0.0028387119323927536,0.050913612460187836,0.0,0.013206147415978125,0.03150670615293632,0.0,0.10375655322791695,0.06583058538215592,0.026993829095005337,0.09719672151282958,0.0,0.0,0.0,0.16177126963728516,0.12812073097959928,0.07934261190212356,0.09202068073649207,0.0,0.029290935201698183,0.0,0.0179953293082998,0.06961008545182125,0.0,0.05499456682264842,0.0464987975204246,0.0,0.08864207995437215,0.11196633450415913,0.0,0.0,0.024363704047430264,0.0,0.06975860510060682,0.053954006834271956,0.0017414224223228558,0.05892330230277168,0.0010622100327601991,0.07119228407584186,0.06213694334987655,0.04781637876417964,0.022586188904224883,0.1392170555558953,0.0,0.0,0.02361586248359666,0.0,0.002386401317248482,0.20665882837204083,0.0031323807202400856,0.01829834102732017,0.06308998349150907,0.12633851350468772,0.0,0.11629685491774272
110,0.11929684149063426,0.0,0.006214893838095266,0.08400312971526061,0.041757033476621935,0.0,0.1356551294067335,0.11445007504938959,0.1003345469891806,0.02508070354431038,0.06663358391091176,0.0,0.0,0.0565099633617109,0.004205482859150168,0.06830707531066306,0.02687450360146284,0.062325733801879966,0.0,0.0023804215897287474,0.029130045008779155,0.11344079969250113,0.002293696676654923,0.0363103662289321,0.010752921969662333,0.02318936818338501,0.0,0.01622454138999744,0.020198016102031792,0.03026469138980124,0.07029970592430666,0.0,0.0,0.0478439669490264,0.0,0.09401178043987674,0.02435892202428807,0.07293716116269239,0.20516013533717026,0.0,0.0,0.029473624730107895,0.0,0.052432345696053435,0.01934593371617752,0.020749750638345707,0.09708631493694361,0.07284746916810964,0.1448167289684878,0.0,0.07974748731188164,0.0,0.0,0.00939467325148138,0.061615380178551525,0.0,0.12483595068876355,0.0024833672217971507,0.024104754220312646,0.0,0.026352481049373624,0.06161888312579405,0.0,0.0,0.023134836286903503,0.0,0.04140951511099844,0.03332584350996706,0.06717584144248744,0.0,0.0,0.007616417472407407,0.0855363209705699,0.008271985164094957,0.07360883814633624,0.07299414423375482,0.13388223564671117,0.0,0.08181022720905859,0.10758421496129958,0.08986681101893303,0.12240500490899045,0.04522744615005639,0.013881263499696227,0.06643381807471832,0.021123208727251225,0.05291263686669364,0.0,0.0,0.0,0.0409457660973677,0.0,0.0,0.04556638821799007,0.0,0.0,0.0,0.0,0.0,0.0,0.005655256624739023,0.12411976627307025,0.0,0.0,0.0,0.09878610524788693,0.08050014169269017,0.0,0.03755382363763059,0.002386401317248482,0.0,0.2632893787053388,0.09924430968265743,0.05362196119438477,0.04657112904266572,0.1016730905749027,0.01091998745087315,0.02341849233369836
111,0.07080650476480378,0.0,0.06717309843127452,0.05177350452399199,0.2219382554216999,0.017937717623595636,0.17644404843931094,0.04651177371030109,0.09905251135500641,0.02524605209739639,0.0,0.06376767591103924,0.0,0.24729443980356003,0.02212430325243813,0.0,0.019275555227910694,0.10571042048188746,0.016317975377237774,0.0,0.02730617289825845,0.028225617682668985,0.0,0.0,0.0271836876614243,0.09832315307458292,0.07756685549628548,0.03508539960556313,0.038712217395924634,0.0,0.021408631057463757,0.0,0.009879989656055495,0.05861677312299628,0.04231396263446087,0.14001102138444582,0.07752101619435847,0.000617181166518909,0.197739405515785,0.04033081098746875,0.10870526733586093,0.038568906325102556,0.0,0.0989535347849883,0.0,0.08528287278873815,0.2116397069504758,0.132311947715468,0.287471743521263,0.04415178247564455,0.057343717269315635,0.0,0.030222867645489215,0.0,0.11089943198664909,0.022324896015284222,0.03874541587699885,0.10045168972477707,0.30578548838791975,0.09376234861613791,0.0,0.0,0.12966936708514223,0.0,0.0,0.06168053418949112,0.03348735775447165,0.0,0.22327412855560377,0.009422198911712604,0.0,0.040049719852362255,0.08919929123081788,0.0,0.006420195029327676,0.0,0.09239232551998719,0.5280859945460875,0.5354698453383178,0.32747268103890315,0.44721831651761784,0.14160079564681627,0.204971903303464,0.21595534621922483,0.052721987889535055,0.15495958829953035,0.0887136456052509,0.15761227885891582,0.19052243362145932,0.0,0.45533255269849615,0.0,0.0,0.048749875961651375,0.06708921269519812,0.06486075087419571,0.2767752456524452,0.12374798460927355,0.0,0.11929137638873225,0.02968512069378872,0.011340079827617911,0.03861302253675577,0.0355276169966459,0.0,0.3784228469102307,0.26065842853008625,0.0,0.044125022715979005,0.20665882837204083,0.2632893787053388,0.0,0.03211581417396883,0.11895110709037177,0.04518744644930795,0.09301769685852082,0.03166134069273798,0.28603945519237733
112,0.08078169857499434,0.09383587101909026,0.05596801106757119,0.0492129879726537,0.0017106871711648065,0.05862118787144919,0.0,0.0,0.03695122764952744,0.07009732876071804,0.057778821720595896,0.054066112269420055,0.014177138875860647,0.0452022132484812,0.015061559435507221,0.12521432174345853,0.0928718721388576,0.04288095745555883,0.0,0.08488338665736389,0.05936309416538068,0.017742661541888118,0.0,0.04137783630769374,0.0,0.0,0.06974825432062863,0.0,0.0,0.0676298508856336,0.0,0.0,0.01447308470341122,0.03352085500207667,0.0,0.15637650082939747,0.0,0.13028698909418987,0.11841573413811339,0.0,0.0,0.08440704316412523,0.06816340381649359,0.0,0.050500009778104,0.0,0.05929569347546017,0.09889408676103686,0.049644831477664415,0.011744865852210412,0.05628255240211064,0.015523818424224867,0.05076190224739611,0.0045278537564902655,0.0052828076555131035,0.0,0.0,0.48491368400452467,0.12428021949402118,0.08138046522358207,0.0,0.0,0.17642085247803227,0.04605057425872644,0.0,0.16032416895580914,0.05519630460552862,0.04468921519094159,0.0,0.00038761621748966037,0.0,0.017799586878634335,0.0,0.03269002996043937,0.04802251330360995,0.0,0.07812330216731043,0.127558166369163,0.3872616256208683,0.0994301228400345,0.15725322673028994,0.25472031804655165,0.09476409373364156,0.04234356516866146,0.12575100205789955,0.0,0.0,0.06459263109478428,0.20540930647143796,0.012352444114200816,0.12547526087160069,0.00013362116642772832,0.0375470528116462,0.0,0.0,0.05851950474889008,0.0591325897007338,0.039640850857436745,0.07732680723515964,0.014713625992748086,0.02399061004317761,0.0,0.004935734912199929,0.03444050859506009,0.0768778822771344,0.0,0.10053990989701587,0.0,0.0,0.0031323807202400856,0.09924430968265743,0.03211581417396883,0.0,0.1478362483011472,0.0,0.08532365030275406,0.03548669956222707,0.1229050538348732
113,0.0,0.0094148811389806,0.0,0.11014816947276271,0.0,0.037044594197771175,0.036070316851906814,0.041095760181737676,0.039752834377251564,0.0014242645941818126,0.0,0.03380345641010936,0.0,0.0030635121605423967,0.052724822463183434,0.0,0.009978905822126283,0.0,0.0,0.03223630851562648,0.07017210272692107,0.0,0.0,0.10655036686462564,0.0,0.07907892970582663,0.0,0.01297572381519595,0.0,0.0,0.003607861510952675,0.0,0.0,0.08108075168560983,0.029261482717279325,0.14549137319387287,0.003931209438676575,0.12168072412498242,0.09074610328692258,0.02775071783436347,0.0,0.012241848738505949,0.0,0.003593214168653525,0.0,0.02547990428204284,0.08341563998499495,0.06307417753239536,0.07997655973181142,0.0,0.028800591050247647,0.03292520136302521,0.0,0.14098049877278035,0.05153361497251876,0.015395092027720587,0.024435506815000396,0.0872947558710157,0.12772519914086614,0.0,0.044575046111481165,0.024182711554318885,0.042016121596348904,0.006372477151624803,0.08334620208366063,0.07383910336017002,0.03830462617487435,0.04589269875255928,0.09306945589979011,0.0,0.0,0.013709169720327733,0.08853432025424242,0.0,0.04593564226493103,0.08906045121530898,0.06923823607427404,0.09946230473934728,0.008381501778072313,0.00014102167244219163,0.0,0.0028427244060809497,0.07968688808412892,0.07252250302722195,0.0,0.004681331046364244,0.0,0.10779738580538223,0.041878009845977046,0.06580665363537776,0.07913929453531197,0.03068448510160464,0.09394574521188223,0.06603027112095874,0.0,0.05294308621910708,0.06909098758198214,0.0,0.030399725710075435,0.0,0.0,0.02794732828550467,0.0,0.0,0.0,0.002496956568014226,0.0,0.0,0.04829637720502856,0.01829834102732017,0.05362196119438477,0.11895110709037177,0.1478362483011472,0.0,0.0,0.10888667100047247,0.0,0.027280128320656405
114,0.0,0.0,0.05057843254607565,0.01771517796080076,0.022695358280620317,0.07499345733084857,0.0,0.0,0.09527203830590368,0.014121098274904363,0.0,0.10278587697276159,0.032739745893048275,0.0,0.07169131220274916,0.0071368505546141915,0.0967631074378313,0.10975855395826116,0.0,0.08001142071530469,0.04920434305940743,0.0,0.006420518400172209,0.0,0.0,0.06057570020357257,0.0,0.022096281405600826,0.00848061309525622,0.0,0.0,0.0,0.0,0.0857011840224254,0.021813319901728655,0.11910608981990399,0.02288383613657275,0.017133452344557907,0.1782007365225913,0.0,0.0,0.0,0.039734626552854035,0.03485484967391831,0.0,0.0,0.06721544735995763,0.081223538765232,0.11146854992634563,0.06458636441103653,0.0,0.027899397038364995,0.0,0.0,0.024437896279338216,0.07589722417372165,0.0,0.2681560004919323,0.049684525269319824,0.021269409171661893,0.0,0.009215476249270892,0.0,0.10009602849487097,0.027986506176344572,0.041831040296537274,0.07740667101272383,0.014035295447923944,0.0,0.08294294945294342,0.0,0.025200655311822095,0.005772727936682219,0.0341576959292326,0.0,0.06498845724289208,0.0,0.09325941829772993,0.11951346965717671,0.18962493060627233,0.1751566439981173,0.06567686196319478,0.02198987576724148,0.039069275089808286,0.16696316721191995,0.06035621914227004,0.10445245893193626,0.1727807278403649,0.1761952180849435,0.0,0.11896134007205243,0.0,0.0,0.05495865865092391,0.03595773807603754,0.007049851221287805,0.0,0.04186103369493633,0.03014109293640747,0.05764043672896783,0.0,0.0,0.0752951467031788,0.05527484121980747,0.01201671128850255,0.0,0.03691910729662821,0.0,0.0,0.06308998349150907,0.04657112904266572,0.04518744644930795,0.0,0.0,0.0,0.06018302109000868,0.03805326902516459,0.05093459346927424
115,0.01604339523698732,0.0,0.11010253252147183,0.10721799375125797,0.0,0.09633878766622224,0.038959001993363614,0.038934743945327574,0.0,0.0,0.04489766321461632,0.0,0.0,0.03196096230944676,0.1303721582510196,0.0,0.07888390372832108,0.0,0.08696553147219481,0.050082433900472394,0.0,0.025841371542980735,0.0,0.07917124335101003,0.027797647686027948,0.038489951335472485,0.0,0.02916058183477974,0.0,0.004538809323654511,0.058659087057374694,0.050591903594946634,0.046218577553938794,0.0517333148280963,0.0,0.15803170579622508,0.0,0.013837351985946213,0.12784649133686443,0.009711171494720018,0.0,0.0,0.042751594570260634,0.0,0.0713162712408536,0.011054072705762918,0.08574120371096854,0.0,0.20153503874291867,0.11021814395181982,0.14896893344362286,0.0,0.08534740516589008,0.01886248244901043,0.06565304494346282,0.07136169823355175,0.09229907175275535,0.14526804153907288,0.0910762125428794,0.07098610218240332,0.046806860118771,0.0,0.0,0.0,0.06044264074501092,0.035955198775154705,0.13985987995568433,0.0,0.04101686543512648,0.07912729934926716,0.00414475933805976,0.0016166252130184323,0.01704900536498291,0.02627179470470501,0.0,0.003493886342650945,0.0,0.06160018775688921,0.05402656635601258,0.1733664223307691,0.13389188947932146,0.11138603692330427,0.06907731970712197,0.0,0.11950777712607277,0.011400683224053175,0.008614159850697163,0.01294863808768661,0.08816156928617994,0.06314452547412672,0.125436999721448,0.0,0.0,0.04515941720643407,0.03820014448831475,0.0,0.06880660042478982,0.07388954763169754,0.044468733425909825,0.0,0.0,0.0,0.0,0.03473763897748196,0.025775607412362147,0.039489589532972005,0.015319656528297145,0.0,0.02320108647244988,0.12633851350468772,0.1016730905749027,0.09301769685852082,0.08532365030275406,0.10888667100047247,0.06018302109000868,0.0,0.0,0.02560199734431614
116,0.017529617545151737,0.02625149243254874,0.056785791835574286,0.0,0.0,0.035438275703337636,0.031014131432812158,0.0,0.10075356724003559,0.11891970960210266,0.0,0.0,0.0,0.0,0.0,0.0,1.8682727944296155e-05,0.0,0.11387664341562483,0.0,0.002217322746820062,0.029392067558057188,0.011857935152432702,0.015097999111546022,0.0,0.06023667513010201,0.03613594908548356,0.0,0.0,0.0,0.08658105697627647,0.0,0.050534231604249545,0.039148432326554114,0.024056508499371007,0.02048337356650099,0.048043914663741916,0.0,0.1594785123750742,0.02127591857852729,0.0,0.023224940726705296,0.0015595682121417524,0.04024090580534851,0.0,0.0,0.0,0.0006422895551473194,0.13210778147988722,0.0,0.0,0.02528411697771415,0.0,0.10027030955994487,0.1348613037873902,0.1472653086290619,0.013899894673037474,0.0,0.0,0.04809950541095177,0.07627400956024745,0.034858661760764166,0.012611092605199345,0.013240880231909662,0.08744554941372507,0.06595290167752187,0.10030763164863839,0.0,0.0,0.054541052450315985,0.0,0.0,0.06512286498267106,0.0,0.07172021278025935,0.13389235776027344,0.04281149453848472,0.06515472030653745,0.10682487794425513,0.14680999273914372,0.06613414356517008,0.0,0.018598057832150114,0.05440979129215726,0.042779060396612174,0.13715606017711038,0.012316778502586551,0.0,0.03182019382978205,0.0,0.10463090954243656,0.0,0.06110475112443066,0.014919248543658961,0.0990404495653209,0.05540642720443364,0.08306059114025875,0.11743316531364785,0.033548285767451405,0.0,0.0,0.00013585054325630693,0.0,0.0,0.0,0.09524795654132535,0.112780119524914,0.0915754076868073,0.0,0.0,0.01091998745087315,0.03166134069273798,0.03548669956222707,0.0,0.03805326902516459,0.0,0.0,0.18345409346359282
117,0.036548441919476975,0.0,0.051827193596699864,0.006518381629147322,0.09778500461072366,0.07954059918261357,0.11559458494805619,0.00027010800991804227,0.0,0.010122014867382073,0.053610737132504346,0.060153141117535405,0.0,0.074038063462467,0.0,0.14718056602348453,0.02026208167044548,0.12113313401537654,0.11284449827129646,0.0,0.03280804444564509,0.041055537348285896,0.03815632472328584,0.01883760359532921,0.06382454688588533,0.07487416321002949,0.00156402131261459,0.03595663872762452,0.015349823266025632,0.0,0.04970003671526258,0.044228898822736895,0.01812554578374848,0.117269841937301,0.0,0.16482586244222858,0.0,0.12050972123672096,0.5326372521834375,0.0,0.0,0.05365830778355741,0.028897705104652914,0.0,0.08144260650779306,0.0,0.010595666300471733,0.020756482890722905,0.0,0.016318584761935997,0.045854405209659145,0.13936666532082914,0.0,0.0,0.0,0.029304253482980804,0.07355651748562347,0.0,0.2835959562371927,0.0,0.009145619973013748,0.027993076077104464,0.20544009551337641,0.0,0.12137250029104416,0.0,0.07449909811923461,0.0,0.05507939312846169,0.08170520002511845,0.016381152931074915,0.0,0.0,0.08258451079322578,0.0,0.0,0.11108834766338688,0.33996653680122524,0.2112090249531342,0.4163872995223293,0.15595961652870582,0.14992793875719487,0.20023749813477473,0.12761629842946126,0.19464504922265705,0.224684121494858,0.11129990846917057,0.03532609480215743,0.1320402740064521,0.062457948943366794,0.2405057847877982,0.0,0.01415908554343235,0.02369372736325238,0.09083563778939517,0.0,0.20478672965028333,0.13712311558552867,0.02347338564659077,0.131384552462307,0.0,0.06954660310729789,0.07436162607958645,0.04383314847795919,0.0021281334124102673,0.35529420426433744,0.13055608738139318,0.02223885771880976,0.03465689322229178,0.11629685491774272,0.02341849233369836,0.28603945519237733,0.1229050538348732,0.027280128320656405,0.05093459346927424,0.02560199734431614,0.18345409346359282,0.0
