,chi1MET1.xvg,chi1PRO2.xvg,chi1SER3.xvg,chi1GLU4.xvg,chi1LYS5.xvg,chi1THR6.xvg,chi1PHE7.xvg,chi1LYS8.xvg,chi1GLN9.xvg,chi1ARG10.xvg,chi1ARG11.xvg,chi1THR12.xvg,chi1PHE13.xvg,chi1GLU14.xvg,chi1GLN15.xvg,chi1ARG16.xvg,chi1VAL17.xvg,chi1GLU18.xvg,chi1ASP19.xvg,chi1VAL20.xvg,chi1ARG21.xvg,chi1LEU22.xvg,chi1ILE23.xvg,chi1ARG24.xvg,chi1GLU25.xvg,chi1GLN26.xvg,chi1HIS27.xvg,chi1PRO28.xvg,chi1THR29.xvg,chi1LYS30.xvg,chi1ILE31.xvg,chi1PRO32.xvg,chi1VAL33.xvg,chi1ILE34.xvg,chi1ILE35.xvg,chi1GLU36.xvg,chi1ARG37.xvg,chi1TYR38.xvg,chi1LYS39.xvg,chi1GLU41.xvg,chi1LYS42.xvg,chi1GLN43.xvg,chi1LEU44.xvg,chi1PRO45.xvg,chi1VAL46.xvg,chi1LEU47.xvg,chi1ASP48.xvg,chi1LYS49.xvg,chi1THR50.xvg,chi1LYS51.xvg,chi1PHE52.xvg,chi1LEU53.xvg,chi1VAL54.xvg,chi1PRO55.xvg,chi1ASP56.xvg,chi1HIS57.xvg,chi1VAL58.xvg,chi1ASN59.xvg,chi1MET60.xvg,chi1SER61.xvg,chi1GLU62.xvg,chi1LEU63.xvg,chi1ILE64.xvg,chi1LYS65.xvg,chi1ILE66.xvg,chi1ILE67.xvg,chi1ARG68.xvg,chi1ARG69.xvg,chi1ARG70.xvg,chi1LEU71.xvg,chi1GLN72.xvg,chi1LEU73.xvg,chi1ASN74.xvg,chi1ASN76.xvg,chi1GLN77.xvg,chi1PHE79.xvg,chi1PHE80.xvg,chi1LEU81.xvg,chi1LEU82.xvg,chi1VAL83.xvg,chi1ASN84.xvg,chi1HIS86.xvg,chi1SER87.xvg,chi1MET88.xvg,chi1VAL89.xvg,chi1SER90.xvg,chi1VAL91.xvg,chi1SER92.xvg,chi1THR93.xvg,chi1PRO94.xvg,chi1ILE95.xvg,chi1SER96.xvg,chi1GLU97.xvg,chi1VAL98.xvg,chi1TYR99.xvg,chi1GLU100.xvg,chi1SER101.xvg,chi1GLU102.xvg,chi1LYS103.xvg,chi1ASP104.xvg,chi1GLU105.xvg,chi1ASP106.xvg,chi1PHE108.xvg,chi1LEU109.xvg,chi1TYR110.xvg,chi1MET111.xvg,chi1VAL112.xvg,chi1TYR113.xvg,chi1SER115.xvg,chi1GLN116.xvg,chi1GLU117.xvg,chi1THR118.xvg,chi1PHE119.xvg,chi1ASP120.xvg,chi1ASP121.xvg,chi1TRP122.xvg,chi1THR123.xvg,chi1HIS124.xvg,chi1LEU125.xvg,chi1SER126.xvg
0,1,2,0,1,2,0,1,2,2,2,2,0,1,2,2,2,1,1,1,1,1,2,2,2,0,2,2,2,0,2,2,0,1,2,2,2,1,1,0,1,2,2,2,2,0,1,0,1,2,1,2,2,1,2,0,0,1,1,2,0,2,1,2,1,2,2,2,1,1,2,2,2,2,2,2,1,2,1,2,1,2,0,1,2,0,2,1,0,0,2,1,0,2,1,1,2,2,2,0,1,1,0,2,1,2,2,1,0,0,2,2,0,0,2,2,2,2,2,2,0
1,2,0,0,1,2,0,1,2,2,2,2,0,1,2,0,2,1,1,2,1,1,1,2,2,1,2,2,0,0,2,2,0,1,2,2,2,1,1,0,1,2,2,2,0,1,1,0,2,2,2,2,2,1,2,0,0,1,1,2,0,2,1,2,2,2,2,2,1,2,2,2,2,2,2,2,1,2,1,2,1,2,2,1,2,1,2,1,0,0,2,1,0,2,1,1,2,2,2,0,1,2,0,2,1,2,2,1,0,0,2,2,0,0,2,2,2,1,2,2,0
2,2,2,1,1,2,0,1,2,2,2,2,0,1,2,2,2,1,0,2,1,1,1,2,2,2,2,2,0,0,2,2,0,1,2,2,2,1,1,0,1,2,2,2,2,0,1,0,2,2,2,2,2,1,2,0,0,1,1,2,1,2,1,2,2,2,2,2,2,2,2,2,2,2,2,2,1,2,1,2,1,2,2,1,2,1,2,1,0,0,2,1,0,2,1,1,2,1,2,0,1,2,0,2,1,2,2,1,0,0,2,2,0,0,2,2,2,2,2,1,0
3,2,0,2,2,2,0,1,2,2,2,2,0,1,2,2,2,1,2,2,1,1,1,2,2,2,2,2,0,0,2,2,0,1,2,2,2,1,1,1,1,2,1,2,2,1,1,0,2,2,2,2,2,1,2,0,0,1,1,2,1,2,1,2,2,2,2,2,2,2,2,2,2,2,2,2,1,2,1,2,1,2,2,1,2,1,2,1,0,0,0,1,0,2,1,1,2,1,2,0,1,2,0,2,1,2,2,0,0,0,2,2,1,0,2,2,2,2,2,2,0
4,2,2,2,2,2,0,1,2,2,2,2,0,1,2,2,2,1,2,2,1,1,1,2,2,2,2,2,0,0,2,2,0,1,2,2,2,1,1,0,1,2,2,2,0,2,1,0,2,2,2,2,2,1,2,0,0,1,1,2,2,2,1,2,2,2,2,2,2,2,2,2,2,2,2,2,1,2,1,2,1,2,2,1,2,1,1,1,0,0,2,1,0,2,1,1,2,1,2,0,1,2,0,2,1,2,2,1,0,0,0,2,1,2,2,2,2,2,2,2,0
5,2,0,1,2,2,0,1,2,2,2,2,0,1,0,2,2,1,2,2,1,1,1,2,2,2,2,2,0,0,2,2,2,1,2,2,2,1,1,0,1,2,2,2,0,2,1,2,2,2,2,2,2,1,2,0,0,1,1,2,1,2,1,2,2,2,2,2,2,2,2,2,2,2,2,0,1,2,1,2,1,2,2,1,2,0,2,0,0,0,2,1,0,2,1,1,2,1,2,0,1,2,0,2,1,2,2,1,0,0,0,2,2,2,2,2,2,2,2,2,2
6,2,2,1,2,2,0,1,2,2,2,2,0,1,1,2,2,1,2,2,1,1,1,2,2,2,2,2,0,0,2,2,0,1,2,2,2,1,1,0,1,2,2,2,0,2,2,2,2,2,2,2,2,1,2,0,0,1,1,2,2,2,1,2,2,2,2,2,2,2,2,2,2,2,2,2,1,2,1,2,1,2,2,1,2,1,2,1,0,0,2,1,0,2,1,1,1,1,2,0,1,2,0,2,1,2,2,1,0,0,0,2,2,2,2,1,2,2,2,2,2
7,2,2,1,2,2,0,1,2,2,2,2,0,1,0,2,2,1,1,2,1,1,1,1,2,2,2,2,0,0,2,2,0,1,2,2,2,1,1,0,1,2,2,2,2,2,2,0,2,2,2,2,2,1,2,0,0,1,1,2,2,2,1,2,2,2,2,2,2,2,2,2,2,2,2,2,1,2,1,2,1,2,2,1,2,0,2,1,0,1,2,1,0,2,1,1,2,1,2,0,1,2,0,2,1,2,2,1,0,0,0,2,0,2,1,2,2,1,2,2,2
8,2,2,1,2,2,0,1,2,2,2,2,0,1,1,2,2,1,1,2,1,1,2,1,2,2,2,2,0,0,2,2,0,1,2,2,2,1,1,0,1,2,2,2,2,2,2,0,2,0,2,2,2,1,2,0,0,1,1,2,1,2,1,2,2,2,2,2,2,2,1,2,2,2,2,2,1,2,1,2,1,2,2,1,2,1,2,1,1,1,0,2,0,2,1,1,2,1,2,0,1,2,0,2,1,2,2,1,0,0,0,2,0,2,1,2,2,2,2,2,2
9,0,2,1,2,2,0,1,1,2,2,2,0,1,1,2,2,1,2,2,1,2,2,1,2,1,2,2,0,0,2,2,0,1,2,2,2,1,1,0,1,2,2,2,2,0,2,0,2,2,2,2,2,1,2,0,0,0,1,2,1,2,1,2,2,2,2,2,2,2,1,2,2,2,2,2,1,2,1,2,1,2,2,1,2,1,1,0,2,1,2,2,0,2,1,1,2,1,2,0,1,2,0,2,1,2,2,1,0,0,0,2,0,2,1,2,2,2,2,2,2
10,2,0,2,2,2,0,1,2,2,2,2,0,1,1,2,2,1,1,2,1,1,2,1,2,1,2,2,2,0,2,2,0,1,2,2,2,1,1,0,1,2,2,2,2,1,2,0,2,2,2,2,2,1,2,0,0,1,1,2,2,2,1,2,2,2,2,2,2,2,1,2,2,2,2,2,1,2,1,2,1,2,2,1,2,1,0,0,1,2,2,2,0,2,1,1,2,1,2,0,1,2,0,2,1,2,0,2,0,0,0,2,0,2,1,2,2,2,2,2,2
11,1,2,2,1,2,0,1,2,2,2,2,0,1,0,2,2,1,1,2,1,0,2,1,2,2,2,2,2,0,2,2,0,1,2,2,2,1,1,0,1,2,2,2,2,1,2,0,2,2,2,2,2,1,2,0,0,1,1,2,1,2,1,2,2,2,2,2,2,2,1,2,2,2,2,2,1,2,1,2,1,2,2,1,2,1,0,1,2,1,2,2,0,2,1,1,2,1,2,0,1,2,0,2,1,2,2,2,0,0,0,1,0,2,1,2,2,2,2,2,2
12,2,2,1,2,2,0,1,2,2,2,2,0,1,1,2,2,1,1,2,1,1,2,1,2,2,2,2,2,0,2,2,0,1,2,2,2,1,1,0,1,2,2,2,2,1,2,0,2,1,2,2,2,1,2,0,0,1,1,2,1,2,1,2,2,2,2,2,2,2,1,2,2,2,2,2,1,2,1,2,1,2,2,1,2,1,0,1,2,1,2,2,0,2,1,1,2,2,2,0,1,2,0,2,1,2,2,2,0,0,0,1,2,2,1,2,2,1,2,1,2
13,0,2,2,2,2,0,1,2,2,2,2,0,1,0,2,2,1,1,2,1,1,2,1,2,2,2,2,0,0,2,2,0,1,2,2,2,1,1,0,1,2,2,2,2,0,2,0,2,2,2,2,2,1,2,0,0,1,1,2,1,2,1,2,2,2,2,2,2,2,2,2,2,2,2,2,1,2,1,2,1,2,2,1,2,1,2,1,2,1,0,1,0,2,1,1,2,2,2,0,1,2,0,2,1,2,2,2,0,0,0,1,0,2,1,1,2,1,2,1,2
14,1,0,1,2,2,0,1,2,2,2,2,0,1,0,2,2,1,1,2,1,0,1,2,2,2,2,2,2,0,2,2,0,1,2,2,2,1,1,0,1,2,2,2,0,1,2,0,2,2,2,2,2,1,2,0,0,1,1,2,2,2,1,2,2,2,2,2,2,2,2,2,2,2,2,2,1,2,1,2,1,2,2,1,2,1,2,1,1,1,2,1,0,2,1,1,2,2,2,0,1,2,0,2,1,2,2,2,0,0,1,1,0,2,2,1,2,1,2,1,2
15,2,2,1,2,2,0,1,2,2,0,2,1,1,2,2,2,1,1,2,1,0,1,2,2,1,2,2,0,0,2,2,0,1,2,2,2,1,1,0,1,2,1,2,0,2,1,0,2,2,2,2,2,1,2,0,0,1,1,2,2,2,1,2,2,2,2,2,2,2,2,2,2,2,2,2,1,2,1,2,1,2,2,1,2,1,2,1,1,1,2,1,0,2,1,1,2,1,2,0,1,2,0,2,1,2,2,2,0,0,0,0,0,2,2,1,2,2,2,2,2
16,2,0,1,2,2,0,1,1,2,0,2,1,1,2,2,2,1,1,2,1,1,1,2,2,1,2,2,0,0,2,2,0,1,2,2,2,1,1,0,1,2,1,2,0,1,1,0,2,2,2,2,2,1,2,0,0,1,1,2,2,2,1,2,2,2,2,2,2,2,2,2,2,2,2,2,1,2,1,2,1,2,2,1,2,1,2,1,1,1,2,1,0,2,1,1,2,1,2,0,1,2,0,2,1,2,2,2,0,0,0,0,2,2,1,1,2,2,2,1,2
17,2,2,1,2,2,0,1,2,2,0,1,0,1,2,2,2,1,1,2,1,1,1,2,2,1,2,2,0,0,2,2,2,1,2,2,2,1,1,0,1,2,2,2,0,1,1,0,2,2,2,2,2,1,2,0,0,1,1,2,2,2,1,2,0,2,2,2,2,2,2,2,2,2,2,0,1,2,1,2,1,2,2,1,2,1,2,1,1,1,2,1,0,2,1,1,2,1,2,0,1,2,0,2,1,2,2,1,0,0,0,1,1,2,2,2,2,2,2,2,2
18,2,2,1,2,2,0,1,2,2,0,1,0,1,2,2,2,1,1,2,1,1,1,2,2,1,2,2,0,0,2,2,2,1,2,2,2,1,1,0,1,2,2,2,2,2,1,0,2,2,0,2,2,1,2,0,0,1,1,2,1,2,1,2,2,1,2,2,2,2,2,2,2,2,2,2,1,2,1,2,1,2,2,1,2,1,2,1,2,1,2,1,0,2,1,1,2,1,2,1,1,2,0,2,1,2,2,1,0,0,0,0,1,2,2,2,2,2,2,2,2
19,2,2,1,2,2,0,1,2,2,0,1,1,1,2,2,2,1,1,2,1,1,1,2,2,1,2,2,0,0,2,2,0,1,2,2,2,1,1,0,1,2,2,2,2,2,1,0,2,2,2,2,2,1,0,0,0,1,1,2,1,2,1,2,1,2,2,2,2,2,2,2,2,2,1,2,1,2,1,2,1,2,2,1,2,1,2,0,2,1,2,1,0,2,1,1,2,1,2,0,1,2,0,2,1,2,2,1,0,0,0,1,2,2,2,1,2,2,2,1,2
20,2,2,1,2,2,0,1,2,2,0,1,1,1,2,2,2,1,1,2,1,1,2,2,2,2,2,2,0,0,2,2,2,1,2,2,2,1,1,0,1,2,2,2,0,2,1,0,2,2,0,2,2,1,2,0,0,1,1,2,2,2,1,2,1,2,2,2,1,2,2,2,2,1,2,1,1,2,1,2,1,2,2,1,2,1,2,1,1,1,2,1,0,1,1,1,1,2,2,0,1,2,0,2,1,2,0,1,0,0,0,0,1,2,2,2,2,2,2,2,2
21,2,2,2,2,2,1,1,2,2,0,1,1,1,2,2,2,1,2,2,1,1,2,2,2,2,2,2,0,0,2,2,0,1,2,2,2,1,1,0,1,2,2,2,2,2,1,0,2,2,2,2,2,1,2,0,0,1,1,2,0,2,1,2,1,2,2,2,0,2,2,2,2,1,2,1,1,2,1,2,1,2,2,1,2,1,2,1,1,1,2,1,0,2,1,1,2,1,2,0,1,2,0,2,1,2,2,1,0,0,0,1,1,2,2,2,2,2,2,2,2
22,2,2,2,2,2,0,1,2,2,0,1,0,1,2,2,2,1,2,2,1,1,1,2,2,2,2,2,0,0,2,2,2,1,2,2,2,1,1,0,1,2,2,2,2,2,1,0,2,2,2,2,2,1,2,0,0,1,1,2,2,2,1,2,1,2,2,2,0,2,2,2,2,1,2,1,1,2,1,2,1,2,2,1,2,1,0,1,1,1,2,1,0,2,1,1,1,1,2,0,1,2,0,2,1,2,2,1,0,0,0,2,1,2,1,1,2,2,2,2,2
23,2,2,1,2,2,0,1,2,2,0,1,1,1,2,2,2,1,2,2,1,2,1,2,2,1,2,2,0,0,2,2,0,1,2,2,2,1,1,0,1,2,2,2,2,2,1,0,2,2,2,2,2,1,2,0,0,1,1,2,2,2,1,2,2,2,2,2,0,2,2,2,2,2,2,1,1,2,1,2,1,2,2,1,2,1,2,1,1,1,0,1,0,1,1,1,2,1,2,0,1,2,0,2,1,2,2,1,0,0,0,0,1,2,2,2,2,2,2,2,2
24,2,2,1,2,2,0,1,2,2,0,1,0,1,2,2,2,1,2,2,1,2,1,2,2,2,2,2,0,0,2,2,0,1,2,2,2,1,1,0,1,2,2,2,2,2,1,0,2,2,2,2,2,1,2,0,0,1,1,2,2,2,1,2,2,2,2,2,1,2,2,2,2,2,2,1,1,2,1,2,1,2,1,1,2,1,1,1,1,1,2,1,0,1,1,1,2,1,2,0,1,2,0,2,1,2,2,1,0,0,0,0,1,2,1,1,2,2,2,2,2
25,2,2,2,2,2,0,1,2,2,0,1,0,1,2,2,2,1,2,2,1,2,1,2,2,1,2,2,0,0,2,2,0,1,2,2,2,1,1,1,1,2,2,2,0,2,1,0,2,2,2,2,2,1,2,0,0,1,1,2,2,2,1,2,2,2,2,2,1,2,2,2,2,2,2,1,1,2,1,2,1,2,2,1,2,1,1,1,1,1,2,1,0,1,1,1,2,1,2,0,1,2,0,2,1,2,2,1,0,0,0,1,1,2,1,1,2,2,2,2,2
26,2,2,2,2,2,0,1,2,2,0,1,0,1,2,2,2,1,2,1,1,2,2,1,2,2,2,2,0,0,2,2,2,1,2,2,2,1,1,1,1,2,2,2,0,2,2,0,2,2,2,2,2,1,2,0,0,1,1,2,2,2,1,2,2,2,2,2,2,2,2,2,2,2,2,1,1,2,1,2,1,2,2,1,2,1,2,0,1,1,2,1,0,1,1,1,2,1,2,0,1,2,0,2,1,2,2,1,0,0,0,2,1,2,1,1,2,1,2,2,2
27,2,2,1,2,2,0,1,2,2,0,1,0,1,2,2,2,1,2,2,1,2,1,2,2,2,2,2,0,0,2,2,2,1,2,2,2,1,1,1,1,2,2,2,0,2,2,0,2,2,2,2,2,1,2,0,0,1,1,2,1,1,1,2,2,2,0,2,2,2,1,2,1,2,2,1,1,2,1,2,1,2,2,1,2,1,2,1,1,1,2,1,0,1,1,1,2,1,2,0,1,2,0,2,1,2,2,1,0,0,0,2,1,2,1,1,2,1,2,2,2
28,2,2,1,2,2,0,1,1,2,0,1,0,1,2,2,2,1,2,2,1,2,1,2,2,1,2,2,0,0,2,2,2,1,2,2,2,1,1,1,1,2,2,2,2,2,2,0,2,2,2,2,2,1,2,0,0,1,1,2,1,2,1,2,2,2,2,2,2,2,1,2,1,0,2,1,1,2,1,2,1,2,2,1,2,1,2,1,1,1,2,1,0,1,1,1,2,1,2,0,1,2,0,2,1,2,2,1,0,0,0,0,1,2,1,2,2,1,2,2,2
29,2,2,1,2,2,0,1,0,2,0,1,0,1,1,2,2,1,2,2,1,2,1,2,2,1,2,2,2,0,2,2,0,1,2,2,2,0,1,1,1,2,2,2,2,2,2,0,2,2,2,2,2,1,2,0,0,1,1,2,1,2,1,2,2,2,2,2,0,2,1,2,1,1,2,1,1,2,1,2,1,2,2,1,2,1,2,1,2,1,2,1,0,2,1,1,2,1,2,0,1,2,0,2,1,2,2,0,0,0,0,0,1,2,1,1,2,2,2,2,2
30,2,2,1,2,2,0,1,0,1,0,1,0,1,2,2,2,1,1,2,1,2,2,2,2,2,2,2,0,0,2,2,0,1,2,2,2,1,1,1,1,2,2,2,2,2,2,0,2,2,2,2,2,1,2,0,0,1,1,2,2,2,1,2,2,2,2,2,0,2,1,2,1,0,1,1,1,2,1,2,1,2,2,1,2,1,2,0,1,1,2,1,0,2,1,1,2,1,2,0,1,2,0,2,1,2,2,1,0,0,0,0,0,2,1,1,2,2,2,2,2
31,2,0,1,2,2,0,1,2,1,0,1,0,1,2,2,2,1,2,2,1,2,1,2,2,1,2,2,0,0,2,2,0,1,2,2,2,1,1,1,1,0,2,2,2,2,2,0,2,2,2,2,2,1,2,0,0,1,1,2,2,2,1,2,2,2,2,2,0,2,1,2,1,1,1,1,1,2,1,2,1,2,2,1,2,1,2,1,1,1,2,1,0,2,1,1,2,1,2,0,1,2,0,2,1,2,2,2,0,0,0,0,0,2,1,1,2,2,2,2,2
32,2,2,1,2,2,0,1,2,1,0,1,0,1,2,2,2,1,2,2,1,2,1,1,2,1,2,2,0,0,2,2,0,1,2,2,2,1,1,1,1,0,2,2,0,2,2,0,2,2,2,2,2,1,2,0,0,1,1,2,2,2,1,2,2,2,2,2,0,2,1,2,1,0,2,1,1,2,1,2,1,2,2,1,2,1,1,1,1,1,2,1,0,2,1,1,2,1,2,0,1,2,0,2,1,2,2,2,0,0,0,0,2,2,1,2,2,2,2,2,2
33,2,0,1,2,2,0,1,2,1,0,1,0,1,2,2,2,1,2,2,1,2,1,1,2,1,2,2,0,0,2,2,0,1,2,2,2,1,1,0,1,0,2,2,2,0,2,0,2,2,2,2,2,1,2,0,0,1,1,2,2,2,1,2,2,2,2,2,0,2,1,2,1,1,2,2,1,2,1,2,1,2,2,1,2,1,1,1,1,1,2,1,0,2,1,1,2,1,2,0,1,2,0,2,1,2,2,1,0,0,0,1,1,2,2,2,2,2,2,2,2
34,2,2,1,1,2,0,1,2,1,0,1,0,1,2,2,2,1,2,2,1,2,1,2,2,1,2,2,0,0,2,2,0,1,2,2,2,1,1,0,1,0,2,2,2,0,2,0,2,1,2,2,2,1,2,0,0,1,1,2,1,2,1,2,2,2,2,2,2,2,2,2,1,1,2,2,1,2,1,2,1,2,2,1,2,1,2,1,1,1,0,1,0,2,1,1,2,1,2,0,1,2,0,2,1,2,2,2,0,0,0,2,0,2,2,0,2,2,2,2,2
35,2,0,1,1,2,0,1,1,1,0,1,0,1,2,2,2,1,1,2,1,2,1,2,2,1,2,2,2,0,2,2,0,1,2,2,2,1,1,0,1,2,2,2,2,1,2,1,2,1,2,2,2,1,2,0,0,1,1,2,1,2,1,2,2,2,2,2,2,2,2,2,1,1,2,2,1,2,1,2,1,2,2,1,2,1,1,1,1,1,2,1,0,2,1,1,1,1,2,0,1,2,0,2,1,2,2,1,0,0,2,2,2,2,2,0,2,2,2,2,2
36,2,2,0,1,2,0,1,2,1,0,1,0,1,2,2,2,1,2,2,1,2,1,2,2,1,2,2,0,0,2,2,0,1,2,2,2,1,1,0,1,2,2,2,2,1,2,2,2,2,2,2,2,1,2,0,0,1,1,2,2,2,1,2,2,2,2,2,1,2,2,2,2,0,2,2,1,2,1,2,1,2,2,1,2,1,2,1,2,1,2,1,0,2,1,1,2,1,2,0,1,2,0,2,1,2,2,1,0,0,2,0,1,2,2,0,2,1,2,2,2
37,2,0,0,1,2,0,1,2,1,0,1,0,1,2,2,2,1,2,2,1,2,1,2,2,1,2,2,0,0,2,2,0,1,2,2,2,1,1,0,1,2,2,2,2,2,2,2,2,2,2,2,2,1,2,0,0,1,1,2,2,2,1,2,2,2,2,2,1,2,2,2,2,2,2,2,1,2,1,2,1,2,2,1,2,1,2,1,2,1,2,1,0,2,1,1,2,1,2,0,2,2,0,2,1,2,2,0,0,0,2,2,1,1,2,0,2,1,2,2,2
38,2,2,0,1,2,0,1,2,2,0,1,0,1,2,2,2,1,1,2,1,2,1,2,2,1,2,2,0,0,2,2,2,1,2,2,2,0,1,0,1,2,1,2,2,2,2,2,2,2,2,2,2,1,2,0,0,1,1,2,1,2,1,2,2,2,2,2,2,1,2,2,2,2,2,1,1,2,1,2,1,2,2,1,2,1,2,1,1,1,2,1,0,2,1,1,2,1,2,0,1,2,0,2,1,2,2,1,0,0,2,1,1,1,1,0,2,2,2,2,2
39,2,2,0,0,2,0,1,2,2,0,1,0,1,2,2,2,1,1,2,1,2,1,2,2,2,2,2,0,0,2,2,2,1,2,2,2,0,1,0,1,2,2,2,2,2,2,2,2,1,2,2,2,1,2,0,0,1,1,2,1,2,1,2,2,2,2,2,2,1,2,2,2,2,2,1,1,2,1,2,1,2,2,1,2,1,2,1,1,1,2,1,0,2,1,1,2,1,2,0,1,0,0,2,1,2,2,1,0,0,2,0,1,2,1,0,2,2,2,2,2
40,2,2,0,1,0,0,1,2,2,0,1,0,1,2,2,2,1,2,2,1,2,1,2,2,2,2,2,0,0,2,2,0,1,2,2,2,0,1,0,1,2,2,2,0,2,2,2,2,2,2,2,2,1,2,0,0,1,1,2,1,2,1,2,2,2,2,2,2,1,2,2,2,2,2,1,1,2,1,2,1,2,2,1,2,1,2,1,1,1,2,1,0,2,1,1,2,1,2,0,1,2,0,2,1,2,2,1,0,0,2,2,2,2,1,0,2,2,2,2,2
41,0,2,0,1,2,0,1,2,2,0,1,0,1,2,2,2,1,1,2,1,2,1,2,2,2,2,2,0,0,2,2,0,1,2,2,2,1,1,0,1,2,2,2,2,1,2,2,2,2,2,2,2,1,2,0,0,1,1,2,1,2,1,2,2,2,2,2,2,1,2,2,2,2,2,1,1,2,1,2,1,2,2,1,2,1,2,1,1,1,2,1,0,2,1,1,2,1,2,0,1,2,0,2,1,2,2,1,0,0,0,2,2,2,1,0,2,2,2,2,2
42,1,2,0,1,2,0,1,1,2,0,1,0,1,2,2,2,1,1,2,1,2,1,2,2,2,2,2,0,0,2,2,0,1,2,2,2,1,1,0,1,2,2,2,2,2,2,0,2,2,2,2,2,1,2,0,0,1,1,2,2,2,1,2,2,2,2,2,2,1,2,2,2,2,2,1,1,2,1,2,1,2,2,1,2,1,0,0,1,0,2,1,0,2,1,1,2,1,2,0,1,2,0,2,1,2,2,1,0,0,0,2,2,2,1,0,2,1,2,1,1
43,0,2,0,2,2,0,1,1,2,0,1,0,1,2,2,2,1,1,2,1,2,1,2,2,2,2,2,0,0,2,2,0,1,2,2,2,0,1,0,1,2,2,2,2,2,2,0,2,2,0,2,2,1,2,0,0,1,1,2,2,2,1,2,2,2,2,2,2,1,2,2,2,2,2,1,1,2,1,2,1,2,2,1,2,0,0,1,1,2,2,1,0,2,1,1,2,1,2,0,1,2,0,2,1,2,0,1,0,0,2,2,2,1,1,0,2,1,2,1,2
44,0,2,0,2,2,0,1,1,2,0,1,0,1,2,2,2,1,2,2,1,2,1,2,2,1,2,2,0,0,2,2,0,1,2,2,2,0,1,0,1,2,2,2,2,2,2,0,2,2,2,2,2,1,2,0,0,1,1,2,2,2,1,2,2,2,2,2,2,1,2,2,2,2,2,1,1,2,1,2,1,2,2,1,2,1,0,1,1,1,2,1,0,2,1,1,1,1,2,0,1,1,0,2,1,2,2,1,0,0,2,1,0,1,1,0,2,1,2,2,2
45,0,2,0,2,2,0,1,0,2,0,1,0,1,2,2,2,1,2,2,1,2,1,2,2,1,2,2,0,1,2,2,0,1,2,2,2,1,1,0,1,2,2,2,0,2,2,0,2,2,2,2,2,1,2,0,0,1,1,2,2,2,1,1,2,2,2,2,1,1,2,2,2,2,2,2,1,2,2,2,1,2,2,1,2,0,0,1,1,1,2,1,0,2,1,1,2,1,2,0,1,2,0,2,1,2,1,1,0,0,2,2,2,2,1,0,2,2,2,1,2
46,0,2,0,2,2,0,1,0,2,0,1,0,1,2,2,2,1,1,2,1,2,1,2,2,1,2,2,0,1,2,2,0,1,2,2,2,1,1,0,1,2,2,2,2,2,2,0,2,2,2,2,2,1,2,0,0,1,1,2,2,2,1,1,2,2,2,2,1,1,2,2,2,2,2,2,1,2,2,2,1,2,2,1,2,1,0,1,1,1,2,1,0,1,1,1,2,1,2,0,1,2,0,2,1,2,1,2,0,0,2,2,2,2,1,0,2,2,2,1,2
47,0,2,0,1,2,0,1,1,2,2,1,0,1,0,2,2,1,1,2,1,2,1,2,2,2,2,2,0,1,2,2,0,1,2,2,2,2,1,0,1,2,2,2,0,2,2,0,2,2,2,2,2,1,2,0,0,1,1,2,2,2,1,1,2,2,2,2,1,1,2,2,2,2,2,2,1,2,2,2,1,2,1,1,2,1,0,1,2,1,2,1,0,0,1,1,2,1,2,0,1,2,0,2,1,2,1,2,0,0,1,2,0,2,1,0,2,1,2,2,2
48,1,2,0,2,2,0,1,2,2,2,1,0,1,2,2,2,1,2,2,1,2,1,2,2,2,2,2,0,1,2,2,0,1,2,2,2,2,1,0,1,2,2,2,2,2,2,0,2,1,2,2,2,1,2,0,0,1,1,2,1,2,1,1,2,2,2,2,1,1,2,2,2,2,2,1,1,2,2,2,1,2,1,1,2,1,0,1,2,1,2,1,0,2,1,1,2,1,2,0,1,2,0,2,1,2,1,2,0,0,1,2,0,2,1,0,2,1,2,2,2
49,2,2,0,2,2,0,1,2,2,2,1,0,1,2,2,2,1,2,2,1,2,1,2,2,2,2,2,0,0,2,2,0,1,2,2,2,2,1,0,1,2,2,2,2,2,2,0,2,1,2,2,2,1,2,0,0,1,0,2,1,2,1,1,2,2,2,2,1,1,2,2,2,2,2,1,1,2,2,2,1,2,1,1,2,1,0,1,2,0,2,1,0,2,1,1,2,1,2,0,1,2,0,2,1,2,1,2,0,0,2,1,0,2,1,0,2,1,2,2,2
50,2,0,0,2,2,0,1,2,2,2,1,0,1,2,2,2,1,1,2,1,2,2,2,2,2,2,2,0,0,2,2,0,1,2,2,2,2,1,0,1,2,2,2,2,1,2,2,2,1,2,2,2,1,2,0,0,1,1,2,1,2,1,1,2,2,2,2,1,1,2,2,2,2,2,1,1,2,1,2,1,2,1,1,2,1,0,1,2,0,2,1,0,2,1,1,2,1,2,0,1,2,0,2,1,2,2,2,0,0,2,2,0,2,1,0,2,1,2,1,2
51,2,0,0,2,2,0,1,2,2,2,1,0,1,2,2,2,1,1,2,1,2,1,2,2,2,2,2,0,0,2,2,0,1,2,2,2,2,1,0,1,2,2,2,0,2,2,2,2,2,2,2,2,1,2,0,0,1,1,2,1,2,1,1,1,2,2,2,1,1,2,2,2,2,2,1,1,2,1,2,1,2,1,1,2,1,0,0,2,0,2,1,0,2,1,1,2,1,2,0,1,2,0,2,1,2,2,2,0,0,2,2,0,2,1,0,2,1,2,1,2
52,2,2,0,2,2,0,1,2,2,2,1,0,1,2,2,2,1,1,2,1,2,1,1,2,2,2,2,2,0,2,2,0,1,2,2,2,2,1,0,1,2,2,2,2,1,2,2,2,2,2,2,2,1,2,0,0,1,1,2,1,2,1,2,0,2,2,2,1,1,2,2,2,2,2,1,1,2,1,2,1,2,1,1,2,1,0,1,1,0,2,1,0,2,1,1,2,1,2,0,1,2,0,2,1,2,0,2,0,0,2,2,0,2,1,0,2,2,2,2,1
53,2,0,0,1,2,0,1,2,2,2,1,0,1,2,2,2,1,1,1,1,2,1,1,2,2,2,2,0,0,2,2,0,1,2,2,2,2,1,0,1,2,2,2,2,1,2,2,2,1,2,2,2,1,2,0,0,1,1,2,1,2,1,2,2,2,2,2,1,1,2,2,2,2,2,1,1,2,1,2,1,2,1,1,2,1,0,1,2,0,2,1,0,2,1,1,2,1,2,0,1,2,0,2,1,2,0,2,0,0,2,2,0,2,1,0,2,1,2,2,1
54,2,0,0,0,2,0,1,2,2,2,1,0,1,2,2,2,1,1,2,1,2,2,1,2,1,1,2,0,0,2,2,2,1,2,2,2,2,1,0,1,2,2,2,2,1,2,2,2,0,2,2,2,1,2,0,0,1,1,2,1,2,1,2,1,2,2,2,1,1,2,2,2,2,2,1,1,2,1,2,1,2,1,1,2,1,0,1,2,0,2,1,0,2,1,1,2,1,2,0,1,2,0,2,1,2,0,2,0,0,2,2,0,2,1,0,2,2,2,2,1
55,2,2,0,0,2,0,1,2,2,2,1,0,1,2,2,2,1,2,2,1,2,1,2,2,1,2,2,0,0,2,2,0,1,2,2,2,0,1,0,1,0,2,2,2,1,2,1,2,0,2,2,2,1,2,0,0,1,1,2,1,2,1,2,2,1,2,2,1,1,2,2,2,2,2,1,1,2,1,0,1,2,2,1,2,1,0,0,2,1,2,1,0,2,1,1,1,1,2,1,1,2,0,2,1,2,2,2,0,0,2,2,0,2,1,0,2,1,2,2,1
56,2,2,0,0,2,0,1,2,2,2,1,0,1,2,2,2,1,2,2,1,2,1,2,2,2,2,2,0,0,2,2,0,1,2,2,2,0,1,0,1,0,2,2,2,1,2,2,2,0,2,2,2,1,2,0,0,1,1,2,0,2,1,2,2,2,2,2,1,1,2,2,1,2,2,1,1,2,1,2,1,2,1,1,2,1,0,0,2,1,2,1,0,2,1,1,1,1,2,0,1,2,0,2,1,2,0,1,0,0,0,2,0,2,1,0,2,1,2,2,1
57,2,2,0,0,2,0,1,2,2,2,1,0,1,2,2,2,1,1,2,1,2,1,1,2,1,2,2,0,0,2,2,0,1,2,2,2,0,1,0,1,0,2,2,2,1,2,2,2,0,2,2,2,1,2,0,0,1,1,2,0,2,1,2,2,2,2,2,2,1,2,2,1,2,2,1,1,2,1,2,1,2,1,1,2,1,0,1,1,1,2,1,0,2,1,1,2,1,2,0,1,2,0,2,1,2,2,1,0,0,0,2,0,2,1,0,2,2,2,2,1
58,2,2,0,0,2,0,1,2,2,1,2,0,1,2,2,2,1,2,2,1,2,1,2,2,1,2,2,0,0,2,2,0,1,2,2,2,0,1,0,1,0,2,2,2,0,2,0,2,1,2,2,2,1,2,0,0,1,1,2,0,2,1,2,2,2,2,2,1,1,2,2,1,2,2,1,1,1,1,2,1,1,1,1,2,1,0,1,1,1,2,1,0,2,1,1,2,1,2,0,1,2,0,2,1,2,2,0,0,0,0,2,0,2,1,0,2,2,2,2,1
59,1,2,0,1,2,0,1,2,2,2,2,0,1,2,2,2,1,2,2,1,2,1,2,2,1,1,2,2,0,2,2,0,1,2,2,0,0,1,0,1,0,2,2,0,0,2,2,2,2,2,2,2,1,2,0,0,1,1,2,0,2,1,2,2,2,1,2,1,1,2,2,0,2,2,1,1,2,1,2,1,2,1,1,2,1,0,1,1,1,2,1,0,2,1,1,2,1,2,0,1,2,0,2,1,2,0,0,0,0,0,2,0,2,1,0,2,1,2,2,1
60,2,2,0,2,2,0,1,2,2,2,2,0,1,2,2,2,1,2,2,1,2,1,2,2,1,2,2,0,0,2,2,0,1,2,2,2,0,1,0,1,0,2,2,2,0,2,2,2,0,2,2,2,1,2,0,0,1,1,2,0,2,1,2,2,2,1,2,1,1,2,2,0,2,2,1,1,2,1,2,1,2,2,1,2,1,0,0,1,1,2,1,0,2,1,1,2,1,2,0,1,2,0,2,1,2,2,1,0,0,0,2,0,1,1,0,2,1,2,2,1
61,2,2,0,1,2,0,1,2,2,2,2,0,1,2,2,2,1,2,2,1,2,1,2,2,2,2,2,0,0,2,2,0,0,2,2,2,0,1,0,1,0,2,2,2,0,2,2,2,1,2,2,2,1,2,0,0,1,1,2,0,2,1,2,2,2,1,2,2,1,2,2,0,2,2,1,1,2,1,2,1,2,2,1,2,1,0,0,1,1,2,1,0,2,0,1,2,1,2,0,1,2,0,2,1,2,2,1,0,0,0,2,0,1,1,0,2,1,2,1,1
62,2,2,0,1,2,0,1,1,2,2,2,0,1,1,2,2,1,2,2,1,2,1,2,2,2,2,2,2,0,2,2,0,2,2,2,2,0,1,0,1,0,2,2,2,0,2,2,2,2,2,2,2,1,2,0,0,1,1,2,0,2,1,2,2,2,2,2,2,1,2,2,2,2,2,1,1,2,1,2,1,2,2,1,2,0,1,1,2,1,2,1,0,2,1,1,1,1,2,0,1,2,0,2,1,2,2,1,0,0,0,2,0,1,1,0,2,1,2,1,1
63,2,2,0,1,2,0,1,1,2,2,2,0,1,1,2,2,1,2,2,1,2,1,2,2,2,2,2,0,0,2,2,0,2,2,2,2,1,1,0,1,0,2,2,2,1,2,2,2,2,2,2,2,1,2,0,0,1,1,2,2,2,1,2,2,2,2,2,2,1,2,2,2,1,2,1,1,2,1,2,1,2,1,1,2,0,2,1,2,1,2,1,0,2,1,1,1,1,2,0,1,2,0,2,1,2,2,2,0,0,2,2,0,2,1,0,2,1,2,1,1
64,0,2,0,2,2,0,1,0,2,2,2,0,1,1,2,2,1,2,2,1,2,1,2,2,2,2,2,0,0,2,2,2,1,2,2,2,1,1,0,1,0,2,2,0,1,2,2,2,2,2,2,2,1,2,0,0,1,1,2,0,2,1,2,2,2,2,2,2,1,2,2,2,1,2,1,1,2,1,2,1,2,1,1,2,1,2,1,2,1,2,1,0,2,1,1,2,1,2,0,1,2,0,2,1,2,2,2,0,0,0,2,0,2,1,0,2,1,2,1,1
65,2,2,0,2,2,0,1,1,2,1,2,0,1,1,2,2,1,2,2,1,2,1,2,2,2,2,2,2,0,2,2,0,1,2,2,2,1,1,0,1,0,2,2,2,1,2,2,2,2,2,2,2,1,2,0,0,1,1,2,0,2,1,2,2,2,2,2,2,1,2,2,2,0,2,1,1,2,1,2,1,2,2,1,2,1,2,1,2,0,2,1,0,2,1,1,2,1,2,0,1,2,0,2,1,2,2,1,0,0,0,2,0,2,1,0,2,1,2,2,1
66,2,2,0,1,2,0,1,1,2,1,2,0,1,1,2,2,1,2,2,1,2,1,2,2,1,2,2,0,0,2,2,0,1,2,2,2,1,1,0,1,0,2,2,2,1,2,2,2,2,2,2,2,1,2,0,0,1,1,2,0,2,1,2,2,2,2,2,2,2,2,2,2,1,2,2,1,2,1,2,1,2,2,1,2,1,2,1,2,0,2,1,0,2,1,1,2,1,2,0,1,2,0,2,1,2,2,1,0,0,0,2,0,2,1,0,2,1,2,2,1
67,2,0,0,2,2,1,1,2,2,1,2,0,1,1,2,2,1,2,2,1,2,1,2,2,1,2,2,0,1,2,2,0,1,2,2,2,1,1,0,1,0,1,2,2,0,2,2,2,2,2,2,2,1,2,0,0,1,1,2,0,2,1,2,2,2,1,2,2,2,2,2,2,1,2,2,1,2,1,2,1,2,2,1,2,1,2,1,1,2,0,1,0,2,1,1,2,1,2,0,1,2,0,2,1,2,2,1,0,0,0,2,0,2,1,0,2,1,2,2,1
68,1,0,0,2,2,1,1,1,2,1,2,0,1,1,2,2,1,2,2,1,2,1,2,2,1,2,2,0,1,2,2,0,1,2,2,2,1,1,0,1,0,2,2,0,0,2,2,2,1,2,2,2,1,2,0,0,1,1,2,0,2,1,2,2,2,2,2,2,2,2,2,2,0,2,2,1,2,1,2,1,2,2,1,2,1,2,1,1,2,0,1,0,2,1,1,2,1,2,0,1,2,0,2,1,2,2,2,0,0,2,2,0,2,1,0,2,1,2,2,1
69,2,2,0,2,2,1,1,2,2,1,2,0,1,0,2,2,1,2,2,1,2,1,2,2,1,2,2,2,1,2,2,0,1,2,2,2,1,1,0,1,0,2,2,2,1,2,2,2,0,2,2,2,1,2,0,0,1,2,2,0,2,1,2,2,2,2,2,2,2,2,2,2,1,2,2,1,2,1,2,1,2,2,1,2,0,1,1,1,2,0,1,0,2,1,1,2,1,2,0,1,2,0,2,1,2,2,2,0,0,2,0,0,2,1,0,2,1,2,2,1
70,2,0,0,2,2,0,1,2,2,0,2,0,1,1,2,2,1,1,2,1,2,2,2,2,1,2,2,0,1,2,2,2,1,2,2,2,1,1,0,1,0,2,2,2,1,2,2,2,2,2,2,2,1,2,0,0,1,2,2,0,2,1,2,2,2,2,2,2,2,2,2,2,1,2,2,1,2,1,2,1,2,2,1,2,1,2,1,2,2,2,1,0,2,1,1,2,1,2,0,1,2,0,2,1,2,2,1,0,0,2,0,0,2,2,0,2,1,2,2,1
71,2,2,0,2,2,0,1,2,2,0,2,1,1,1,2,2,1,2,2,1,2,1,1,2,1,2,2,0,1,2,2,0,1,2,2,2,1,1,0,1,0,2,2,2,0,2,2,2,2,2,2,2,1,2,0,0,1,2,2,0,2,1,2,2,2,2,2,2,2,2,2,2,1,2,2,1,2,1,2,1,2,1,1,2,0,0,1,2,0,2,1,0,2,1,1,2,1,2,0,1,2,0,2,1,2,2,1,0,0,0,1,0,2,2,0,2,1,2,2,1
72,2,0,0,2,2,0,1,1,2,0,2,1,1,1,2,2,1,2,2,1,2,2,1,2,1,2,2,0,0,2,2,0,1,2,2,2,1,1,0,1,0,2,2,2,1,2,2,2,2,2,2,2,1,2,0,0,1,2,2,0,2,1,2,2,2,2,1,2,2,2,2,2,1,2,2,1,2,1,2,1,2,1,1,2,1,0,1,1,2,2,1,0,2,1,1,2,1,2,0,1,2,0,2,1,2,2,0,0,0,0,2,0,2,2,0,2,1,2,1,1
73,2,2,0,2,2,0,1,2,2,1,2,1,1,1,2,2,1,2,2,1,2,1,2,2,2,2,2,0,0,2,2,0,1,2,2,2,1,1,0,1,0,0,2,2,1,2,2,2,2,2,2,2,1,2,0,0,1,2,2,0,2,1,2,2,2,2,1,2,2,2,0,2,1,2,1,1,2,1,2,1,2,1,1,2,1,0,1,1,2,2,1,0,2,1,1,2,1,2,0,1,2,0,2,1,2,2,1,0,0,0,1,0,2,2,0,2,1,2,1,1
74,2,0,0,2,2,0,1,1,2,1,2,1,1,2,2,2,1,1,1,1,2,2,1,2,2,2,2,0,0,2,2,0,1,2,2,2,1,1,0,1,0,2,2,2,2,2,2,2,2,2,2,2,1,2,0,0,1,2,2,0,2,1,2,2,2,2,1,2,2,2,2,2,1,2,1,1,2,1,2,1,2,1,1,2,1,0,1,2,2,2,1,0,2,1,1,2,1,2,0,2,2,0,2,1,2,0,2,0,0,0,1,0,2,2,0,2,1,2,1,1
75,2,2,0,2,2,0,1,0,2,1,2,1,1,2,2,2,1,1,1,1,2,1,1,2,2,2,2,0,0,2,2,0,1,2,2,2,1,1,0,1,0,2,2,2,1,2,2,2,2,2,2,2,1,2,0,0,0,2,2,0,2,1,2,2,2,1,1,2,2,2,1,2,1,2,1,1,2,1,2,1,2,1,1,2,1,0,1,2,1,2,1,0,1,1,1,2,1,2,0,1,2,0,2,1,2,2,2,0,0,0,0,0,1,1,0,2,1,2,2,1
76,2,2,0,2,2,0,1,2,2,1,2,1,1,2,2,2,1,1,2,1,2,2,1,2,2,1,2,0,0,2,2,0,0,2,2,2,1,1,0,1,0,2,2,0,0,2,2,2,0,2,2,2,1,2,0,0,1,2,2,0,2,1,2,2,2,1,1,2,2,2,2,2,0,2,1,1,2,1,2,1,2,2,1,2,1,0,1,2,0,2,1,0,2,1,1,1,1,2,0,1,2,0,2,1,2,2,2,0,0,0,1,0,2,1,0,2,1,2,2,1
77,2,2,0,2,2,0,1,1,2,1,2,0,1,2,2,2,1,1,2,1,2,2,1,2,2,1,2,0,0,2,2,0,1,2,2,2,1,1,0,1,0,2,2,2,1,2,2,2,2,2,2,2,1,2,0,0,1,2,2,0,1,1,2,1,2,1,1,2,2,1,2,2,1,2,0,1,2,1,2,1,2,2,1,2,1,2,1,1,1,2,1,0,2,1,1,1,1,2,0,1,2,0,2,1,2,2,2,0,0,0,1,0,2,1,0,2,2,2,2,1
78,2,2,0,2,2,0,1,2,2,1,2,0,1,2,1,2,1,1,1,1,2,2,1,2,2,1,2,2,0,2,2,0,1,2,2,2,1,1,0,1,0,2,2,2,0,2,2,2,1,2,2,2,1,2,0,0,1,2,2,0,2,1,2,2,2,1,1,2,1,1,2,1,1,2,2,1,2,1,2,1,2,2,1,2,1,2,1,2,2,2,1,0,2,1,1,2,2,2,0,1,2,0,2,1,2,2,2,0,0,0,1,0,2,1,0,2,2,2,2,1
79,2,0,2,2,2,0,1,1,2,1,2,0,1,2,1,2,0,1,1,1,2,2,1,2,2,1,2,2,0,2,2,0,1,2,2,2,1,1,0,1,0,2,2,2,0,2,2,2,1,2,2,2,1,2,0,0,1,2,2,0,2,1,2,2,2,2,1,1,1,1,2,1,1,2,2,1,2,1,2,1,2,2,1,2,1,1,1,2,2,0,1,0,2,1,1,2,2,2,0,1,2,0,2,1,2,2,2,0,0,0,2,0,2,1,0,2,2,2,2,1
80,2,0,2,2,0,0,1,1,2,1,2,1,1,2,1,2,0,1,2,1,2,2,1,2,2,2,2,0,0,2,2,0,1,2,2,2,1,1,0,1,0,2,2,2,0,2,2,2,2,2,2,2,1,2,0,0,1,2,2,0,2,1,2,2,2,2,2,1,1,1,2,1,0,2,2,1,2,1,2,1,2,2,1,2,1,2,1,2,2,2,1,0,2,1,1,0,1,2,0,1,2,0,2,1,2,2,2,0,0,0,2,0,2,1,0,2,2,2,1,1
81,2,2,2,2,2,0,1,2,2,1,2,0,1,2,2,2,0,1,2,1,2,2,1,2,1,2,2,0,0,2,2,0,0,2,2,2,1,1,0,1,0,2,2,2,1,2,1,2,0,2,2,2,1,2,0,0,1,2,2,0,2,1,1,2,2,2,2,1,1,1,2,1,1,2,1,1,2,1,2,1,2,2,1,2,1,2,1,2,2,2,1,0,2,1,1,1,1,2,0,1,2,0,2,1,2,2,1,0,0,0,2,0,2,1,0,2,2,2,1,1
82,2,2,2,2,2,0,1,2,2,1,2,0,1,2,1,2,1,1,1,1,2,2,1,2,1,2,2,0,0,2,2,0,0,2,2,2,1,1,1,1,0,1,2,2,1,2,0,2,0,2,2,2,1,2,0,0,1,2,2,0,2,1,1,2,2,2,2,1,1,1,2,1,1,2,1,1,2,1,2,1,2,2,1,2,1,2,1,1,0,2,1,0,2,1,1,0,1,2,0,1,2,0,2,1,2,2,1,0,0,0,2,0,2,1,0,2,2,2,2,1
83,2,2,2,2,2,0,1,2,2,1,2,0,1,2,0,2,1,2,2,1,2,1,2,2,1,2,2,0,0,2,2,0,1,2,2,2,1,1,0,1,0,2,2,0,1,2,0,2,1,2,2,2,1,0,0,0,1,2,2,0,2,1,2,2,2,2,2,1,1,1,2,1,1,2,1,1,2,1,2,1,2,2,1,2,1,2,1,0,0,2,1,0,2,1,1,1,1,2,0,1,2,0,2,1,2,2,1,0,0,2,2,0,2,1,0,2,2,2,2,1
84,2,2,0,2,2,0,1,2,2,1,2,0,1,2,0,2,1,2,2,1,2,1,2,2,2,2,2,0,0,2,2,0,1,2,2,2,1,1,0,1,0,2,2,2,1,2,0,2,1,2,2,2,1,2,0,0,1,2,2,0,2,1,2,2,2,2,2,2,1,1,0,1,1,2,2,1,2,1,2,1,2,2,1,2,0,0,1,0,2,0,1,0,2,1,1,1,1,2,0,1,2,0,2,1,2,2,1,0,0,1,2,0,2,2,0,2,2,2,2,1
85,2,2,0,2,2,0,1,2,2,2,2,0,1,2,1,2,1,2,2,1,2,1,2,2,2,2,2,0,0,2,2,0,1,2,2,2,0,1,0,1,0,2,2,2,1,2,0,2,1,2,2,2,1,2,0,0,1,2,2,0,2,1,2,2,2,2,2,2,1,1,2,2,1,2,2,1,2,1,2,1,2,2,1,2,1,0,1,0,2,2,1,0,2,1,1,2,1,2,0,1,2,0,2,1,2,2,1,0,0,1,2,0,2,1,0,2,2,2,2,1
86,2,0,0,2,2,0,1,2,2,2,2,0,1,2,2,2,1,2,1,1,2,1,2,2,2,2,2,2,0,2,2,0,1,2,2,2,1,1,0,1,0,2,2,0,1,2,0,2,2,2,2,2,1,2,0,0,1,2,2,0,2,1,2,2,2,2,2,2,1,2,2,1,1,2,2,1,2,1,2,1,2,2,1,2,1,0,1,0,2,0,1,0,2,1,1,2,1,2,0,1,2,0,2,1,2,2,1,0,0,1,2,0,2,1,0,2,1,2,2,1
87,2,2,0,2,2,0,1,2,2,2,2,0,1,2,2,2,1,2,2,1,2,1,2,2,2,2,2,0,0,2,2,0,1,2,2,2,1,1,0,1,0,1,2,2,0,2,0,2,2,2,2,2,1,2,0,0,1,2,2,0,2,1,2,2,2,2,2,2,1,2,2,2,2,2,2,1,2,1,2,1,2,2,1,2,1,0,1,0,2,2,1,0,2,1,1,2,1,2,0,1,2,0,2,1,2,2,1,0,0,1,2,0,2,1,0,2,1,2,1,1
88,2,2,0,2,2,0,1,2,2,2,2,2,1,2,2,2,1,2,2,1,2,1,2,2,2,2,2,0,0,2,2,0,1,2,2,2,1,1,0,1,0,2,2,2,0,2,0,2,2,2,2,2,1,2,0,0,1,2,2,0,2,1,2,2,2,2,2,2,1,2,2,2,2,1,2,1,2,1,2,1,2,2,1,2,1,0,1,0,2,2,1,0,1,1,1,2,1,2,0,1,1,0,2,1,2,2,1,0,0,1,2,0,2,1,0,2,2,2,1,1
89,2,2,0,2,2,0,1,2,2,1,2,0,1,0,2,2,0,2,2,1,2,1,2,2,2,2,2,0,0,2,2,0,1,2,2,2,1,1,0,1,0,2,2,0,2,2,2,2,0,2,2,2,1,2,0,0,1,2,2,0,2,1,2,2,2,2,2,2,1,2,2,2,2,2,2,1,2,1,2,1,2,2,1,2,1,0,1,0,2,2,1,0,2,1,1,2,1,2,0,1,1,0,2,1,2,2,1,0,0,1,2,0,1,1,0,2,2,2,1,1
90,2,2,0,1,2,0,1,2,2,1,2,0,1,0,0,2,1,2,2,1,2,1,2,2,2,1,2,0,0,2,2,0,1,2,2,2,1,1,0,1,0,2,2,0,2,2,0,2,0,2,2,2,1,2,0,0,1,2,2,0,2,1,2,2,2,2,2,2,1,2,2,2,2,2,2,1,2,1,2,1,2,2,1,2,0,0,1,0,2,2,1,0,2,1,1,2,1,2,0,1,2,0,2,1,2,2,2,0,0,1,2,0,1,1,0,2,2,2,1,1
91,2,2,0,2,2,0,1,2,2,1,2,0,1,0,0,2,1,2,2,1,2,1,2,2,1,1,2,0,0,2,2,0,1,2,2,2,1,1,0,1,0,0,2,0,2,2,0,2,0,0,2,2,1,2,0,0,1,2,2,0,2,1,2,2,2,2,2,2,1,2,2,2,2,2,2,1,2,1,2,1,2,1,1,2,0,0,2,2,0,2,1,0,2,1,1,2,1,2,0,1,2,0,2,1,2,2,1,0,0,1,2,0,1,1,0,2,2,2,1,1
92,2,2,0,2,2,0,1,2,2,1,2,0,1,0,2,2,1,2,2,1,2,1,2,2,2,1,2,0,0,2,2,0,1,2,2,2,1,1,0,1,0,2,2,2,2,2,0,2,0,0,2,2,1,2,0,0,1,2,2,0,2,1,2,2,2,2,2,2,1,2,2,2,2,2,2,1,2,1,2,1,2,2,1,2,0,0,1,0,0,2,1,0,2,1,1,2,1,2,0,1,2,0,2,1,2,2,1,0,0,1,2,0,1,1,0,2,2,2,1,1
93,2,2,0,2,2,0,1,2,2,1,2,0,1,2,2,2,1,2,2,1,2,1,2,2,1,1,2,0,0,2,2,0,1,2,2,2,1,1,0,1,0,2,2,2,2,2,0,2,1,2,2,2,1,2,0,0,1,2,2,0,2,1,2,2,2,2,2,2,1,2,2,2,2,2,2,1,2,1,2,1,2,2,1,2,1,1,1,0,2,2,1,0,2,1,1,1,1,2,0,1,2,0,2,1,2,2,1,0,0,1,2,0,1,1,1,2,2,2,1,1
94,2,2,0,2,2,0,1,1,2,1,2,0,1,2,2,2,1,2,2,1,2,1,2,2,1,1,2,0,0,2,2,0,1,2,2,2,1,1,0,1,0,2,2,0,2,2,0,2,1,2,2,2,1,2,0,0,1,2,2,0,2,1,2,2,2,2,2,2,1,2,2,2,2,2,2,1,2,1,2,1,2,2,1,2,1,1,1,0,2,2,1,0,2,1,1,2,1,2,0,1,2,0,2,1,2,2,1,0,0,1,2,0,1,1,2,2,1,2,1,1
95,2,2,0,2,2,0,1,1,2,1,2,0,1,2,2,2,1,2,2,1,2,2,2,2,2,2,2,0,0,2,2,0,1,2,2,2,1,1,0,1,0,2,2,0,2,2,0,2,2,2,2,2,1,2,0,0,1,2,2,0,2,1,2,2,2,2,2,2,1,2,2,2,2,2,2,1,2,1,2,1,2,2,1,2,1,2,1,0,2,2,1,0,2,1,1,2,1,2,0,1,2,0,2,1,2,2,1,0,0,1,2,0,1,1,1,2,1,2,1,1
96,1,2,0,2,2,0,1,1,2,1,2,1,1,2,2,2,1,2,2,1,2,1,2,2,2,2,2,0,0,2,2,0,1,2,2,2,1,1,0,1,0,2,2,2,1,2,0,2,2,2,2,2,1,2,0,0,1,2,2,0,2,1,2,2,2,2,2,2,1,2,2,2,2,2,2,1,2,1,2,1,2,1,1,2,1,2,1,0,2,2,1,0,2,1,1,2,1,2,0,1,2,0,2,1,2,2,1,0,0,1,2,0,1,1,1,2,2,2,2,1
97,1,2,0,1,2,0,1,1,2,1,2,1,1,2,2,2,1,2,2,1,2,1,2,2,2,2,2,0,0,2,2,0,1,2,2,2,1,1,0,1,0,2,2,2,1,2,0,2,2,2,2,2,1,2,0,0,1,2,2,0,2,1,2,2,2,2,2,2,1,2,2,2,1,2,2,1,2,1,2,1,2,2,1,2,1,2,1,2,0,2,1,0,2,1,1,2,1,2,0,1,2,0,2,1,2,2,1,0,0,1,2,0,1,1,1,2,2,2,2,1
98,1,2,0,1,2,0,1,0,2,1,2,1,1,2,2,2,1,2,2,1,2,1,1,2,2,2,2,0,0,2,2,0,1,2,2,2,1,1,0,1,0,2,2,2,2,2,0,2,2,1,2,2,1,2,0,0,1,2,2,0,2,1,2,2,2,2,2,2,1,2,2,2,0,2,2,1,2,1,2,1,2,2,1,2,1,0,1,1,2,2,1,0,2,1,1,1,1,2,0,1,1,0,2,1,2,2,0,0,0,2,2,0,1,1,1,2,2,2,1,1
99,0,2,0,1,2,0,1,1,2,1,2,0,1,2,1,2,1,2,2,1,2,1,2,2,2,2,2,0,0,2,2,0,1,2,2,2,1,1,0,1,0,2,2,2,0,2,0,2,2,2,2,2,1,2,0,0,1,2,2,0,2,1,2,2,2,2,2,2,1,2,2,1,1,2,2,1,2,1,2,1,2,2,1,2,1,0,1,2,0,0,1,0,2,1,1,0,1,2,0,1,2,0,2,1,2,2,1,0,0,1,2,0,2,1,1,2,1,2,1,1
100,0,2,2,1,2,0,1,0,2,1,2,0,1,2,1,2,1,2,2,1,2,1,2,2,1,1,2,0,0,2,2,2,1,2,2,2,1,1,0,1,0,2,2,0,1,2,0,2,2,2,2,2,1,2,0,0,1,2,2,0,2,1,2,2,2,2,2,2,1,2,1,1,1,2,2,1,2,1,2,1,2,2,1,2,1,0,1,1,2,2,1,0,2,1,1,2,1,2,0,1,2,0,2,1,2,2,0,0,0,2,2,0,2,1,2,2,2,2,1,1
101,0,2,1,1,2,0,1,1,2,1,2,0,1,2,2,2,1,2,2,1,2,1,2,2,1,1,2,0,0,2,2,0,1,2,2,2,1,1,0,1,2,2,2,2,1,2,0,2,2,2,2,2,1,2,0,0,1,2,2,0,2,1,2,2,2,2,2,2,2,2,2,1,1,1,2,1,2,1,2,1,2,2,1,2,1,2,1,2,2,2,1,0,2,1,1,2,1,2,0,1,2,0,2,1,2,2,0,0,0,2,2,0,2,1,1,2,1,2,1,1
102,1,2,2,1,2,1,1,1,2,1,2,0,1,2,2,2,1,1,2,1,2,1,2,2,1,1,2,0,0,2,2,0,1,2,2,2,1,1,0,1,0,2,2,2,1,2,2,2,2,2,2,2,1,2,0,0,1,2,2,0,1,1,2,2,2,2,2,2,2,2,2,1,2,0,2,1,2,1,2,1,2,2,1,2,1,1,1,1,2,2,1,0,2,1,1,2,1,2,0,1,2,0,2,1,2,2,1,0,0,2,2,0,2,1,2,2,1,2,1,1
103,2,2,2,1,2,1,1,0,2,1,2,0,1,2,2,2,1,1,2,1,2,1,2,2,1,1,2,0,0,2,2,0,1,2,2,2,1,1,0,1,0,2,2,2,0,2,2,2,0,2,2,2,1,2,0,0,1,2,2,0,1,1,2,2,2,2,1,2,1,2,2,2,2,0,2,1,2,1,2,1,2,2,1,2,0,2,1,2,2,2,1,0,2,1,1,2,0,2,0,1,2,0,2,1,2,2,1,0,0,2,2,0,2,1,1,2,1,2,1,2
104,2,2,2,1,2,1,1,0,2,1,2,0,1,2,2,2,1,1,2,1,2,1,2,2,1,2,2,0,0,2,2,0,1,2,2,2,1,1,0,1,0,2,2,2,0,2,2,2,0,0,2,2,1,2,0,0,1,2,2,0,2,1,2,2,2,2,1,2,1,2,2,2,2,0,2,1,2,1,2,1,2,2,1,2,0,2,1,2,2,2,1,0,2,1,1,2,0,2,0,1,2,0,2,1,2,2,0,0,0,2,2,0,2,1,2,2,1,2,2,2
105,2,2,1,2,2,1,1,1,2,1,2,0,1,2,2,2,1,1,2,1,2,2,2,2,1,2,2,0,0,2,2,2,1,2,2,2,1,1,0,1,1,2,2,2,1,2,2,2,2,2,2,2,1,2,0,0,1,2,2,0,2,1,1,2,2,2,1,2,2,2,2,2,2,0,2,0,2,1,2,1,2,2,1,2,1,1,1,2,0,2,1,0,1,1,1,2,0,2,0,1,2,0,2,1,2,2,1,0,0,2,2,0,2,1,2,2,1,2,2,2
106,2,2,1,2,2,1,1,1,2,1,2,0,1,2,2,2,1,1,2,1,2,1,2,2,1,2,2,0,0,2,2,0,1,2,2,2,1,1,0,1,2,2,2,2,1,2,1,2,2,2,2,2,1,2,0,0,1,2,2,0,2,1,2,2,2,2,1,2,2,2,2,2,2,0,2,0,2,1,2,1,2,2,1,2,1,2,1,1,0,0,1,0,1,1,1,2,0,2,0,1,2,0,2,1,2,2,1,0,0,2,2,0,2,1,1,2,1,2,2,2
107,2,2,1,2,2,1,1,0,2,1,2,0,1,2,2,2,1,1,2,1,2,1,2,2,1,2,2,0,0,2,2,0,1,2,2,2,1,1,0,1,2,2,2,2,1,2,2,2,2,2,2,2,1,2,0,0,1,2,2,0,2,1,2,2,2,2,1,2,2,2,2,2,2,2,2,0,2,1,2,1,2,2,1,2,1,2,1,2,2,2,1,0,2,1,1,2,0,2,0,1,2,0,2,1,2,0,1,0,0,2,2,0,2,1,1,2,1,2,2,2
108,2,2,1,1,2,1,1,0,2,1,2,0,1,2,2,2,1,1,2,1,2,1,2,2,1,2,2,0,0,2,2,2,1,2,2,1,1,1,0,1,2,2,2,2,1,2,2,2,2,2,2,2,1,2,0,0,1,2,2,0,2,1,2,2,2,2,1,2,2,2,2,2,2,2,2,0,2,1,2,1,2,2,1,2,1,2,1,2,2,0,1,0,2,1,1,2,0,2,0,1,2,0,2,1,2,2,1,0,0,2,2,0,2,1,1,2,1,2,2,2
109,2,2,1,1,2,1,1,0,2,1,2,0,1,2,2,2,1,2,2,1,2,1,2,2,1,2,2,0,0,2,2,0,1,2,2,0,1,1,0,1,2,2,2,2,1,2,2,2,2,2,2,2,1,0,0,0,1,2,2,0,2,1,2,2,2,2,1,2,2,2,2,2,2,2,2,0,2,1,2,1,2,2,1,2,1,2,1,2,2,0,1,0,2,1,1,1,0,2,0,1,2,0,2,1,2,2,1,0,0,2,2,0,0,2,1,2,1,2,2,2
110,2,2,1,1,2,1,1,1,2,1,2,0,1,2,2,2,1,2,2,1,2,1,2,2,1,2,2,0,0,2,2,0,1,2,2,1,1,1,0,1,2,2,2,2,0,2,1,2,2,2,2,2,1,2,0,0,1,2,2,0,2,1,2,2,2,2,0,2,2,2,2,2,2,2,2,0,2,1,2,1,2,2,1,2,1,2,1,2,2,2,1,0,2,1,1,2,0,2,0,1,2,0,2,1,2,2,1,0,0,2,2,0,1,2,2,2,1,2,2,2
111,2,0,1,1,2,1,1,1,2,1,2,1,1,2,1,2,1,2,1,1,2,1,2,2,1,2,2,0,0,2,2,0,1,2,2,0,1,1,0,1,0,2,2,0,0,2,2,2,2,2,2,2,1,2,0,0,1,2,2,0,2,1,1,2,2,2,0,2,2,2,2,2,2,2,2,0,2,1,2,1,2,2,1,2,1,2,1,2,0,2,1,0,2,1,1,2,0,2,0,1,2,0,2,1,2,2,1,0,0,2,2,0,1,2,2,2,2,2,2,2
112,2,2,1,0,2,1,1,1,2,1,2,1,1,2,2,2,0,2,2,1,2,1,2,2,1,2,2,0,0,2,2,0,1,2,2,2,1,1,0,1,0,2,2,2,1,2,2,2,2,2,2,2,1,2,0,0,1,2,2,0,2,1,2,2,2,2,0,2,2,2,2,2,2,2,2,0,2,1,2,1,2,2,1,2,1,2,1,2,2,2,1,0,2,1,1,2,0,2,0,1,2,0,2,1,2,2,1,0,0,2,2,0,1,2,2,2,1,2,2,2
113,2,0,1,1,2,1,1,0,2,1,2,1,1,2,2,2,0,2,2,1,2,2,2,2,2,2,2,0,0,2,2,0,1,2,2,2,1,1,0,1,0,2,2,0,1,2,2,2,2,2,2,2,1,2,0,0,1,2,2,0,2,1,2,2,2,2,0,2,2,2,2,1,2,2,2,1,2,1,0,1,2,2,1,2,1,2,1,1,2,0,1,0,2,1,1,2,0,2,0,1,2,0,2,1,2,2,1,0,0,2,2,0,1,2,2,2,2,2,2,2
114,2,2,1,1,2,1,1,1,2,1,2,1,1,2,2,2,0,2,2,1,2,2,2,2,2,2,2,0,0,2,2,2,1,2,2,2,1,1,0,1,0,2,2,0,1,2,2,2,0,2,2,2,1,2,0,0,1,2,2,0,2,1,2,2,2,2,0,2,2,2,2,1,2,2,2,1,2,1,2,1,2,2,1,2,1,2,1,2,2,2,1,0,2,1,1,2,0,2,0,1,2,0,2,1,2,0,0,0,0,2,2,0,1,1,2,2,2,2,2,2
115,2,2,1,0,2,1,1,1,2,1,2,1,1,2,2,2,0,2,2,1,1,1,2,2,2,2,2,0,0,2,2,0,1,2,2,1,1,1,0,1,0,2,2,2,1,2,2,2,2,2,2,2,1,2,0,0,1,2,2,0,2,1,2,2,2,2,0,2,2,2,2,2,2,2,2,1,2,1,2,1,2,2,1,2,1,2,1,2,2,0,1,0,2,1,1,2,0,2,0,1,2,0,2,1,2,1,1,0,0,2,2,0,1,1,1,2,2,2,2,2
116,2,2,0,1,2,1,1,1,2,1,2,1,1,0,2,2,0,2,2,1,1,1,2,2,2,2,2,0,0,2,2,2,1,2,2,2,1,1,0,1,0,2,2,2,1,2,2,2,2,2,2,2,1,0,0,0,1,2,2,0,2,1,2,2,2,2,0,2,2,2,2,2,2,2,2,1,2,1,2,1,2,1,1,2,1,1,1,1,2,2,1,0,2,1,1,2,0,2,0,1,2,0,2,1,2,2,0,0,0,0,2,0,1,1,1,2,2,2,2,2
117,2,2,0,1,2,1,1,0,2,1,2,1,1,1,2,2,0,2,2,1,1,1,2,2,2,2,2,0,0,2,2,0,1,2,2,1,1,1,0,1,0,2,2,0,1,2,2,2,2,2,2,2,1,2,0,0,0,2,2,0,1,1,2,2,2,2,1,2,2,2,2,2,2,2,2,1,2,1,2,1,2,2,1,2,1,2,1,1,2,2,1,0,2,1,1,2,0,2,0,1,2,0,2,1,2,2,1,0,0,0,2,0,2,1,1,2,2,2,2,2
118,2,2,0,2,0,1,1,0,2,1,2,1,1,1,2,2,1,2,2,1,1,1,2,2,2,2,2,0,0,2,2,0,1,2,2,2,1,1,0,1,0,2,2,2,2,2,2,2,2,2,2,2,1,2,0,0,1,2,2,0,2,1,2,2,2,2,2,2,2,2,1,2,2,2,2,1,2,1,2,0,2,2,1,2,1,2,1,0,1,0,1,0,2,1,1,2,2,2,0,1,2,0,2,1,2,2,0,0,0,0,2,0,2,1,2,2,2,2,2,2
119,2,2,0,1,0,1,1,0,2,1,2,1,1,2,2,2,1,2,2,1,1,1,2,2,2,2,2,2,0,2,2,0,1,2,2,2,1,1,0,1,0,2,2,2,1,2,2,2,2,2,2,2,1,2,0,0,1,2,2,0,2,1,2,2,2,2,2,2,2,2,2,2,2,2,2,1,2,1,2,0,2,2,1,2,1,2,1,0,2,2,1,0,2,1,1,2,2,2,0,1,2,0,2,2,2,2,2,0,0,2,2,0,2,1,1,2,1,2,2,2
120,2,2,0,1,0,1,1,0,2,1,2,0,1,2,2,2,1,2,2,1,1,1,2,2,2,2,2,0,0,2,2,0,1,2,2,2,1,1,0,1,0,2,2,0,1,2,2,2,2,2,2,2,1,2,0,0,1,2,2,0,2,1,2,2,2,2,1,2,2,2,2,2,2,2,2,1,2,1,2,0,2,2,1,2,0,2,1,0,1,2,1,0,2,1,1,2,2,2,0,1,2,0,2,1,2,2,2,0,0,0,2,0,2,1,1,2,1,2,2,2
121,2,2,0,1,2,1,1,0,2,1,2,0,1,2,2,2,1,1,2,1,1,1,2,2,2,2,2,0,0,2,2,0,1,2,2,1,1,1,0,1,0,2,2,0,2,2,2,2,2,2,2,2,1,2,0,0,1,2,2,0,2,1,2,2,2,2,1,2,2,2,2,2,2,2,2,1,2,1,2,0,2,2,1,2,2,2,1,0,2,2,1,0,2,1,1,1,1,2,0,1,2,0,2,1,2,2,2,0,0,2,2,0,2,1,1,2,2,2,2,2
122,2,2,0,2,2,1,1,0,2,1,2,0,1,2,2,2,1,2,2,1,1,1,2,2,2,2,2,0,0,2,2,0,1,2,2,2,1,1,0,1,0,2,2,2,2,2,2,2,1,2,2,2,1,2,0,0,1,2,2,0,2,1,2,2,2,2,0,2,2,2,1,1,2,2,2,1,2,1,2,0,2,2,2,2,0,2,1,0,2,2,1,0,2,1,1,2,1,2,0,1,2,0,2,1,2,2,1,0,0,2,2,0,2,1,1,2,2,2,2,2
123,2,2,0,2,2,1,1,2,2,1,2,0,1,2,2,2,1,2,1,0,1,1,1,2,1,2,2,0,0,2,2,0,1,2,2,2,1,1,0,1,0,2,2,2,2,2,1,2,1,2,2,2,1,2,0,0,1,2,2,0,2,1,2,2,2,2,1,2,2,1,2,2,2,2,2,1,2,1,2,0,2,2,1,2,0,1,1,0,2,0,1,0,2,1,1,2,1,2,0,1,2,0,2,1,2,2,1,0,0,0,2,1,2,1,2,2,2,2,2,1
124,2,2,0,1,2,1,1,2,2,1,2,0,1,2,2,2,1,2,1,1,1,1,1,2,1,2,2,0,0,2,2,0,1,2,2,2,1,1,0,1,0,2,2,2,1,2,2,2,1,2,2,2,1,2,0,0,1,2,2,0,2,1,2,2,2,2,1,2,2,1,2,2,1,2,2,1,2,1,2,0,2,2,1,2,0,2,1,0,2,2,1,0,2,1,1,2,1,2,0,1,2,0,2,1,2,2,0,0,0,0,2,2,2,1,2,2,2,2,2,1
125,2,2,0,2,2,0,1,2,2,1,2,0,1,2,2,2,1,2,2,0,1,1,2,2,1,2,2,0,0,2,2,0,1,2,2,2,1,1,0,1,0,1,2,0,1,2,2,2,1,2,2,1,1,2,0,0,1,2,2,0,2,1,2,2,2,2,1,2,2,1,2,2,1,2,2,1,2,2,2,0,2,2,1,2,0,1,1,0,2,2,1,0,2,1,1,2,1,2,0,1,2,0,2,1,2,2,2,0,0,0,2,0,2,1,2,2,1,2,2,1
126,2,2,0,2,2,0,1,2,2,1,2,0,1,2,2,2,1,2,2,0,1,1,2,2,1,2,2,0,0,2,2,0,1,2,2,2,1,1,0,1,0,2,2,0,2,2,2,2,2,2,2,1,1,2,0,0,1,2,2,0,2,1,2,2,2,1,1,2,2,1,2,2,1,2,2,1,2,1,2,0,2,2,1,2,0,2,1,2,2,2,1,0,2,1,1,2,1,2,0,1,2,0,2,1,2,2,2,0,0,1,2,0,2,1,2,2,2,2,2,1
127,2,0,2,2,2,0,1,1,2,1,2,1,1,2,2,2,0,2,2,0,1,1,2,2,2,2,2,0,0,2,2,0,1,2,2,2,1,1,0,1,0,2,2,2,2,2,2,2,1,2,2,1,1,2,0,0,1,2,2,0,2,1,2,2,2,2,1,2,2,2,2,2,1,2,2,1,2,1,2,0,2,1,1,2,0,1,1,2,0,2,1,0,2,1,1,2,1,2,0,1,1,0,2,1,2,0,2,0,0,2,2,0,0,1,1,2,2,2,2,1
128,2,2,1,2,2,0,1,1,1,1,2,1,1,2,2,2,1,2,2,0,1,1,2,2,1,2,2,0,0,2,2,0,1,2,2,2,1,1,0,1,0,2,2,2,2,2,2,2,1,2,2,1,1,2,0,0,1,2,2,0,2,1,2,2,2,2,2,2,2,2,2,2,2,1,2,1,2,1,2,0,2,1,1,2,1,2,1,0,0,0,1,0,2,1,1,2,1,2,0,1,0,0,2,1,2,2,1,0,0,0,2,0,0,1,1,2,2,2,2,1
129,2,2,1,2,2,0,1,1,1,1,2,0,1,2,2,2,1,2,2,1,1,1,2,2,1,2,2,0,0,2,2,0,1,2,2,2,1,1,0,1,0,2,2,2,2,2,0,2,1,1,2,1,1,2,0,0,1,2,2,2,2,1,2,2,2,2,1,2,2,2,2,2,2,0,2,1,2,1,2,0,2,1,1,2,1,2,1,0,0,0,1,0,2,1,1,2,2,2,0,1,2,0,2,1,2,2,2,0,0,2,2,0,0,1,1,2,2,2,2,1
130,2,2,0,2,2,0,1,0,2,1,2,0,1,2,1,2,1,1,2,1,1,1,2,2,1,2,2,0,0,2,2,0,1,2,2,2,1,1,0,1,0,2,2,0,2,2,0,2,0,2,2,1,1,2,0,0,1,2,2,2,2,1,2,2,2,2,1,2,2,1,2,2,2,0,2,1,2,1,2,1,2,1,1,2,1,2,1,0,0,2,1,0,2,1,1,2,1,2,0,1,2,0,2,1,2,0,2,0,0,0,2,2,0,1,2,2,2,2,2,1
131,2,2,0,2,2,0,1,2,2,1,2,0,1,2,1,2,1,2,2,1,1,1,2,2,1,2,2,0,0,2,2,0,1,2,2,2,1,1,0,1,0,2,2,2,2,1,0,2,0,2,2,1,1,2,0,0,1,2,2,2,2,1,2,2,2,2,1,2,2,1,2,2,2,0,2,1,2,2,2,1,2,1,1,2,0,2,1,0,0,2,1,0,2,1,1,2,1,2,0,1,2,0,2,1,2,2,2,0,0,2,2,2,0,2,2,2,2,2,2,1
132,2,2,0,2,2,0,1,2,2,1,2,0,1,2,2,2,1,2,2,1,1,1,1,2,1,2,2,0,0,2,2,0,1,2,2,2,0,1,0,1,0,2,2,0,2,1,0,2,2,2,2,1,1,2,0,0,1,2,2,0,2,1,2,2,2,2,1,2,2,1,0,2,2,0,2,1,0,2,2,1,2,1,1,2,0,2,1,2,0,2,1,0,2,1,1,2,1,2,0,1,2,0,2,1,2,2,2,0,0,0,2,2,0,1,2,2,2,2,1,1
133,2,2,0,2,2,0,1,2,2,1,2,0,1,2,2,2,1,2,2,1,0,1,1,2,1,2,2,0,0,2,2,0,1,2,2,2,1,1,0,1,0,2,2,2,1,2,0,2,0,2,2,1,1,2,0,0,1,2,2,0,2,1,2,2,2,2,1,2,2,1,0,2,2,0,2,1,2,1,2,1,2,1,1,2,0,2,1,1,2,2,1,0,2,1,1,2,1,2,0,1,2,0,2,1,2,2,2,0,0,0,2,2,2,1,2,2,2,2,2,1
134,2,2,1,2,2,0,1,2,2,1,2,0,1,2,2,2,1,2,2,1,1,2,1,2,1,2,2,0,0,2,2,2,1,2,2,2,1,1,0,1,0,2,2,2,1,2,0,2,2,2,1,1,1,2,0,0,1,2,2,0,2,1,2,2,2,2,1,2,2,2,2,2,2,0,2,1,2,1,2,1,2,1,2,2,1,2,1,2,0,2,1,0,2,1,1,1,1,2,0,1,2,0,2,1,2,2,2,0,0,2,0,0,2,1,2,2,2,2,2,1
135,2,2,1,2,2,0,1,2,2,1,2,0,1,2,2,2,1,1,1,1,1,2,2,2,1,2,2,0,0,2,2,0,1,2,2,2,1,1,1,1,0,2,2,2,1,2,0,2,2,2,2,1,1,2,0,0,1,2,2,0,2,1,2,2,2,2,1,2,2,2,2,2,2,0,2,1,2,1,2,1,2,1,1,2,1,0,1,2,2,2,1,0,2,1,1,0,1,2,0,1,2,0,2,1,2,0,2,0,0,1,2,0,0,1,1,2,1,2,2,1
136,2,2,1,2,2,0,1,1,2,1,2,0,1,2,2,2,1,1,2,1,2,2,2,2,2,2,2,2,0,2,2,0,1,2,2,2,1,1,0,1,0,1,2,0,1,2,0,2,1,2,2,1,1,2,0,0,1,2,2,0,2,1,2,2,2,2,1,2,2,2,2,2,1,0,2,1,2,1,2,1,2,1,1,2,1,2,1,2,2,2,1,0,2,1,1,1,1,2,0,1,2,0,2,1,2,2,2,0,0,1,2,0,0,1,1,2,1,2,2,1
137,2,2,0,2,2,0,1,2,2,1,2,0,1,2,2,2,1,1,2,1,2,2,2,2,2,2,2,0,0,2,2,0,1,2,2,2,1,1,0,1,0,2,2,2,1,2,0,2,0,2,2,1,1,2,0,0,1,2,2,0,2,1,2,2,2,2,1,2,2,2,2,2,1,0,2,1,2,1,2,1,2,1,1,2,1,2,1,1,2,2,1,0,2,1,1,2,1,2,0,1,2,0,2,1,2,2,2,0,0,1,2,0,0,2,1,2,2,2,2,1
138,2,2,0,2,2,0,1,2,2,1,2,0,1,2,2,2,1,1,2,1,2,1,2,2,2,2,2,0,0,2,2,0,1,2,2,2,1,1,0,1,0,2,2,2,1,2,0,2,0,1,2,1,1,2,0,0,1,2,2,0,2,1,2,2,2,2,2,2,2,2,2,2,2,0,2,1,2,1,2,1,2,2,1,2,1,2,1,2,0,0,1,0,2,1,1,2,1,2,0,1,2,0,2,1,2,2,2,0,0,2,2,0,0,1,2,2,2,2,2,1
139,2,2,0,2,2,0,1,2,2,1,2,0,1,2,2,2,1,1,2,1,2,1,2,2,2,2,2,0,0,2,2,0,1,2,2,2,1,1,0,1,0,2,2,2,1,2,0,2,0,2,2,1,1,2,0,0,1,2,2,0,2,1,2,2,2,2,2,2,2,2,2,2,2,0,2,1,2,1,2,1,2,1,1,2,1,2,1,1,0,2,1,0,2,1,1,2,1,2,0,1,2,0,2,1,2,2,1,0,0,2,2,0,2,1,2,2,2,2,2,1
140,2,2,0,2,2,0,1,2,2,1,2,0,1,1,2,2,1,2,2,1,2,1,2,2,2,2,2,0,0,2,2,0,1,2,2,2,1,1,0,1,0,2,2,2,1,2,0,2,0,2,2,1,1,2,0,0,1,2,2,0,2,1,2,2,2,2,2,2,2,2,2,2,2,0,2,1,2,1,2,1,2,1,1,2,1,1,1,1,2,2,1,0,2,1,1,2,1,2,0,1,2,0,2,1,2,2,0,0,0,2,2,0,2,1,2,2,2,2,2,2
141,2,2,2,0,2,0,1,2,2,1,2,0,1,1,2,2,1,2,2,1,2,2,2,2,2,2,2,0,0,2,2,2,1,2,2,2,1,1,0,1,0,2,2,2,1,2,0,2,0,2,2,1,1,2,0,0,1,2,2,0,2,1,2,2,2,2,2,2,2,2,2,2,2,0,2,1,2,1,2,1,2,1,1,2,1,2,1,1,2,2,1,0,2,1,1,1,1,2,0,1,2,0,2,1,2,2,1,0,0,2,2,0,2,1,2,2,2,2,2,2
142,2,2,0,2,2,0,1,2,2,1,2,0,1,2,2,2,1,1,2,1,2,1,2,2,1,2,2,0,0,2,2,2,1,1,2,2,1,1,0,1,0,2,2,2,1,2,0,2,0,2,2,1,1,0,0,0,1,2,2,0,2,1,2,2,2,2,2,0,2,2,2,1,2,0,2,1,2,1,2,1,2,1,1,2,1,1,1,2,1,2,1,0,2,1,1,2,1,2,0,1,2,0,2,1,2,2,0,0,0,2,2,0,2,1,2,2,2,2,2,2
143,2,2,1,2,2,0,1,2,2,1,2,1,1,2,2,2,1,2,2,1,2,1,2,2,1,2,2,0,0,2,2,2,1,2,2,2,1,1,0,1,0,2,2,2,1,2,0,2,0,2,2,1,1,2,0,0,1,2,2,0,2,1,2,2,2,2,2,2,2,2,1,2,2,0,2,1,2,1,2,1,2,1,1,2,1,2,1,2,2,2,1,0,2,1,1,2,1,2,0,1,2,0,2,1,2,2,1,0,0,0,2,0,2,1,1,2,2,2,2,2
144,2,2,0,2,2,0,1,2,2,1,2,1,1,2,2,2,1,1,2,1,2,1,2,2,1,2,2,0,0,2,2,0,1,2,2,2,1,1,0,1,0,2,2,2,1,2,0,2,0,2,2,1,1,2,0,0,1,2,2,0,2,1,1,2,2,2,2,2,2,2,2,2,2,0,1,1,2,1,2,1,2,1,1,2,1,1,1,2,2,2,1,0,2,1,1,2,1,2,0,1,2,0,2,1,2,2,1,0,0,0,2,0,2,1,1,2,1,2,2,2
145,2,2,0,2,2,0,1,2,2,1,2,1,1,1,2,2,1,2,2,1,2,1,2,2,1,2,2,0,0,2,2,0,1,2,2,2,1,1,0,1,0,2,2,2,0,2,0,2,0,2,2,1,1,2,0,0,1,2,2,0,2,1,2,2,2,2,2,2,2,2,2,2,2,0,1,1,2,1,2,1,2,1,1,2,0,2,1,2,0,2,1,0,2,1,1,2,1,2,0,1,2,0,2,1,2,2,1,0,0,0,2,0,2,2,1,2,1,0,2,2
146,2,2,0,2,2,0,1,2,2,1,2,1,1,1,2,2,1,2,2,1,2,1,2,2,2,2,2,0,0,2,2,0,1,2,2,2,1,1,0,1,0,2,2,2,0,1,0,2,2,2,2,1,1,2,0,0,1,2,2,0,2,1,2,2,2,2,2,2,2,2,2,2,1,0,1,1,2,1,2,1,2,1,1,2,1,2,1,2,2,2,1,0,2,1,1,2,1,2,0,1,2,0,2,1,2,2,0,0,0,0,2,0,2,1,1,2,1,0,2,2
147,2,2,2,2,2,0,1,1,2,1,2,0,1,1,2,2,1,2,2,1,2,1,1,2,2,2,2,0,0,2,2,0,1,2,2,2,1,1,0,1,0,2,2,2,0,1,0,2,2,2,2,1,1,2,0,0,1,2,2,0,2,1,2,2,2,2,2,2,2,2,2,2,2,0,1,1,2,1,2,1,2,2,1,2,1,2,1,2,2,2,1,0,2,1,1,2,1,2,0,1,2,0,2,1,2,2,0,0,0,0,2,0,2,1,1,2,1,2,2,2
148,2,2,1,2,2,0,1,2,2,1,2,1,1,2,2,2,0,2,2,1,2,1,1,2,1,2,2,0,0,2,2,0,1,2,2,2,1,1,0,1,0,2,2,0,2,1,0,2,2,2,2,2,1,2,0,0,1,2,2,0,2,1,2,2,2,2,2,2,2,2,2,2,1,2,1,1,2,1,2,1,2,2,1,2,1,1,1,2,1,2,1,0,2,1,1,2,1,2,0,1,2,0,2,1,2,2,1,0,0,0,2,0,2,2,1,2,1,2,2,2
149,2,0,0,2,2,0,1,2,2,1,2,1,1,2,2,2,2,2,2,1,2,1,2,2,1,2,2,0,0,2,2,0,1,2,2,0,1,1,0,1,0,2,2,2,2,1,0,2,2,2,2,2,1,2,0,0,1,2,2,0,2,1,2,2,2,2,2,2,2,2,2,2,0,2,1,1,2,1,2,1,2,2,1,2,0,2,1,2,0,2,1,0,2,1,1,2,1,2,0,1,2,0,2,1,2,2,1,0,0,2,2,2,2,2,1,2,2,2,2,1
150,2,0,0,2,2,0,1,2,2,1,2,0,1,2,1,2,2,2,2,1,2,1,2,2,1,2,2,0,0,2,2,0,1,2,2,0,1,1,0,1,1,2,2,2,1,1,0,2,2,2,2,2,1,2,0,0,1,2,2,0,2,1,2,2,2,2,2,2,2,2,2,2,0,2,2,1,2,1,2,1,2,2,1,2,0,2,1,2,0,2,1,0,2,1,1,2,1,2,0,1,0,0,2,1,2,0,1,0,0,1,2,0,2,2,2,2,1,2,1,1
151,2,2,0,1,2,0,1,2,2,1,2,0,1,2,2,2,2,2,2,1,2,1,2,2,1,2,2,2,0,2,2,0,1,2,2,2,1,1,0,1,2,2,2,2,2,1,0,2,2,2,1,2,1,2,0,0,1,2,2,0,2,1,2,2,2,2,2,2,2,2,2,2,1,2,2,1,2,1,2,1,2,2,1,2,0,2,1,1,0,2,1,0,2,1,1,2,1,2,0,1,1,0,2,1,2,0,1,0,0,2,2,0,2,2,2,2,2,2,1,1
152,1,2,0,2,2,0,1,1,2,1,2,1,1,2,2,2,2,2,2,1,2,1,2,2,1,1,2,0,0,2,2,0,1,2,2,2,1,1,0,1,2,2,2,2,1,1,0,2,2,2,2,2,1,2,0,0,1,2,2,0,2,1,2,2,2,2,2,2,2,2,2,2,2,2,1,1,2,1,2,1,2,2,1,2,1,2,1,1,0,0,1,0,2,1,1,1,1,2,0,1,0,0,2,1,2,2,1,0,0,2,2,0,2,2,2,2,1,2,2,1
153,2,2,0,2,2,0,1,1,2,1,2,1,1,2,2,2,2,2,2,1,2,1,2,2,1,1,2,0,0,2,2,0,1,2,2,2,1,1,0,2,2,2,2,2,1,1,0,2,1,2,2,2,1,2,0,0,1,2,2,0,2,1,2,2,2,2,2,2,2,2,2,2,2,2,2,1,2,1,2,1,2,2,1,2,1,2,1,2,2,2,1,0,2,1,1,2,1,2,0,1,1,0,2,1,2,2,1,0,0,2,2,0,2,2,2,2,1,2,2,1
154,2,2,0,2,2,0,1,1,2,1,2,2,1,1,2,2,2,2,2,1,2,1,2,2,1,2,2,0,0,2,2,0,1,2,2,2,1,1,0,2,0,1,2,0,1,1,0,2,2,2,2,2,1,2,0,0,1,2,2,0,2,1,2,2,2,2,2,2,2,2,2,2,2,2,2,1,2,1,2,1,2,2,1,2,0,0,1,2,2,2,1,0,2,1,1,2,1,2,0,1,1,0,2,1,2,2,1,0,0,2,2,0,2,2,1,2,2,2,2,2
155,2,2,0,2,2,0,1,2,2,1,2,0,1,1,2,2,2,1,2,1,1,1,2,2,2,2,2,0,0,2,2,0,1,2,2,2,1,1,0,2,0,1,2,2,0,1,0,2,1,2,2,2,1,2,0,0,1,2,2,0,2,1,2,1,2,2,2,2,2,2,2,2,2,2,2,1,2,1,2,1,2,2,1,2,0,2,1,0,2,2,1,0,2,1,1,2,1,2,0,1,1,2,2,1,2,2,1,0,0,0,2,0,2,2,2,2,2,2,2,2
156,2,0,1,2,2,0,1,2,2,2,2,0,1,2,2,2,2,2,2,1,1,1,2,2,1,2,2,0,0,2,2,0,1,2,2,2,1,1,0,2,0,2,2,2,1,1,0,2,2,2,2,2,1,2,0,0,1,2,2,0,2,1,2,1,2,2,2,2,2,2,2,2,2,2,2,1,2,2,2,1,2,2,1,2,0,1,1,0,2,2,1,0,2,1,1,2,1,2,0,1,1,0,2,1,2,2,1,0,0,0,1,0,2,2,0,2,2,2,2,2
157,2,2,1,2,2,0,1,2,2,2,2,0,1,2,2,2,2,1,2,1,2,1,2,2,1,2,2,0,0,2,2,0,1,2,2,2,1,1,0,1,0,2,2,2,1,1,2,2,2,2,2,2,1,2,0,0,1,2,2,0,2,1,2,1,2,2,2,2,1,2,2,2,2,2,1,1,2,1,2,1,2,2,1,2,0,2,1,0,0,2,1,0,2,1,1,1,2,2,0,2,0,0,2,1,2,2,2,0,0,0,2,0,2,2,0,2,2,2,2,2
158,2,2,2,2,2,0,1,2,2,2,2,0,1,2,2,2,2,2,2,1,0,1,2,2,2,2,2,0,0,2,2,2,1,2,2,2,1,1,0,1,0,2,2,2,0,1,2,2,2,2,2,2,1,2,0,0,1,2,2,0,2,1,2,2,2,2,2,2,1,2,2,2,2,2,1,1,2,1,2,1,2,2,1,2,0,1,1,0,2,2,1,0,2,1,1,2,1,2,0,1,2,0,2,1,2,2,0,0,0,0,2,0,2,2,0,2,2,2,2,2
159,2,2,1,2,2,0,1,2,2,2,2,0,1,2,2,2,2,2,2,1,0,1,2,2,2,2,2,0,0,2,2,0,1,2,2,2,1,1,0,1,0,1,2,0,0,1,2,2,0,2,2,2,1,2,0,0,1,2,2,0,2,1,2,2,2,2,2,2,1,2,2,2,2,2,1,1,2,1,2,1,2,2,1,2,1,2,1,0,0,2,1,0,2,1,1,1,1,2,0,1,2,0,2,1,2,2,1,0,0,2,2,0,2,2,0,2,2,2,2,2
160,2,2,2,2,2,0,1,2,2,2,2,0,1,2,2,2,2,2,2,1,0,2,2,2,2,2,2,0,0,2,2,0,1,2,2,2,1,1,0,1,0,2,2,2,1,2,2,2,0,1,2,2,1,2,0,0,1,2,2,0,2,1,2,2,2,2,2,2,1,2,2,2,2,2,1,1,2,1,2,1,2,2,1,2,1,2,1,0,0,2,1,0,2,1,1,2,1,2,0,1,2,0,2,1,2,2,2,0,0,0,2,0,2,1,0,2,2,2,1,2
161,2,0,0,1,2,0,1,2,2,2,2,0,1,2,2,2,2,2,2,1,0,1,2,2,2,2,2,0,0,2,2,0,1,2,2,2,1,1,0,1,0,2,2,0,1,2,2,2,2,2,2,2,1,2,0,0,1,2,2,0,2,1,2,2,2,2,2,1,1,2,1,2,2,2,1,1,2,1,2,1,2,2,1,2,1,2,1,0,0,0,1,0,1,1,1,2,1,2,0,1,2,0,2,1,2,2,2,0,0,2,2,0,2,1,0,2,1,2,2,2
162,2,2,0,1,2,0,1,2,2,1,2,0,1,2,2,2,2,2,2,1,1,1,2,2,2,1,2,0,0,2,2,0,1,2,2,2,1,1,0,1,0,2,2,2,1,2,0,2,2,2,2,2,1,0,0,0,1,2,2,0,2,1,2,2,2,2,2,2,1,2,1,2,2,2,1,1,2,1,2,1,2,2,1,2,1,1,1,0,2,2,1,0,2,1,1,2,1,2,0,1,2,0,2,1,2,2,0,0,0,2,2,0,2,1,0,2,2,2,2,2
163,2,2,0,1,2,0,1,2,2,2,2,0,1,2,2,2,2,2,2,1,2,1,2,2,2,2,2,0,0,2,2,0,1,2,2,2,1,1,0,1,0,2,2,2,1,2,0,2,2,2,2,2,1,2,0,0,1,2,2,0,2,1,2,2,1,2,2,1,1,2,2,2,2,2,1,1,2,1,2,1,2,2,1,2,1,2,1,0,2,2,1,0,2,1,1,2,1,2,0,2,2,2,2,1,2,2,1,0,0,1,2,0,2,1,0,2,1,2,2,2
164,2,2,0,0,2,0,1,2,2,2,2,0,1,2,2,2,2,2,2,1,1,1,2,2,2,2,2,0,0,2,2,0,1,2,2,2,1,1,0,1,0,2,2,0,2,2,0,2,2,2,2,2,1,2,0,0,1,2,2,0,2,1,2,2,1,2,2,2,1,2,2,2,2,2,1,1,2,1,2,1,2,1,1,2,1,2,1,0,2,2,1,1,2,1,1,2,1,2,0,1,2,0,2,1,2,2,1,0,0,0,2,0,2,2,0,2,1,2,2,2
165,2,2,1,2,2,0,1,2,2,2,2,0,1,2,2,2,2,1,2,1,1,1,2,2,1,2,2,0,0,2,2,0,1,2,2,2,1,1,0,1,0,1,2,0,2,2,0,2,2,2,2,2,1,2,0,0,1,1,2,0,2,1,2,2,2,2,2,2,1,2,2,2,2,2,1,1,2,1,2,1,2,2,1,2,2,2,1,0,2,2,1,1,2,1,1,2,1,2,0,1,2,2,2,1,2,2,1,0,0,2,2,0,2,2,0,2,2,0,2,2
166,2,2,0,2,2,0,1,2,2,2,2,0,1,2,2,2,2,2,2,1,1,1,2,2,2,2,2,2,0,2,2,0,1,2,2,2,1,1,0,1,0,1,2,0,2,2,0,2,2,2,2,2,1,2,0,0,1,0,2,0,2,1,2,2,2,2,2,2,1,2,2,2,1,2,1,1,2,1,2,1,2,2,1,2,2,1,1,0,2,2,1,1,2,1,1,1,1,2,0,1,2,0,2,1,2,2,2,0,0,2,2,0,2,2,0,2,1,0,2,2
167,2,2,0,2,2,0,1,2,2,2,2,0,1,2,2,2,2,1,2,1,1,1,2,2,2,2,2,2,0,2,2,0,1,2,2,2,1,1,0,1,0,1,2,2,2,2,0,2,2,2,2,2,1,2,0,0,1,0,2,0,2,1,2,2,2,2,2,2,1,2,2,2,1,2,1,1,2,1,2,1,2,2,1,2,2,2,1,0,2,2,1,1,2,1,1,1,1,2,0,1,2,0,2,1,2,2,2,0,0,2,2,0,2,2,0,2,1,0,2,2
168,2,2,2,2,2,0,1,2,2,2,2,0,1,0,2,2,2,2,1,0,1,2,2,2,1,2,2,0,0,2,2,0,1,2,2,2,1,1,0,1,0,0,2,0,2,2,0,2,2,2,2,2,1,2,0,0,1,1,2,0,2,1,2,2,2,2,2,1,1,2,2,2,1,2,1,1,2,1,2,1,2,2,1,2,2,1,1,0,2,2,1,1,2,1,1,2,1,2,0,1,2,0,2,1,2,2,2,0,0,1,2,0,2,2,0,2,1,1,1,2
169,2,2,1,2,2,0,1,2,2,2,2,0,1,1,2,2,2,2,2,1,1,2,2,2,2,2,2,0,0,2,2,0,1,2,2,2,1,1,0,1,0,1,2,2,2,2,0,2,2,2,2,2,1,2,0,0,1,0,2,2,2,1,2,2,2,2,2,1,1,2,0,2,1,2,1,1,2,1,2,1,2,2,1,2,2,1,1,0,2,2,1,0,2,1,1,1,1,2,0,1,2,0,2,1,2,2,1,0,0,1,2,0,2,2,0,2,1,0,1,2
170,2,2,1,2,2,0,1,2,1,2,2,0,1,0,2,2,2,2,2,1,1,1,2,2,2,2,2,0,0,2,2,0,1,2,2,2,1,1,0,1,0,1,2,2,2,2,0,2,2,2,2,2,1,2,0,0,1,1,2,2,2,1,2,2,2,2,2,1,1,2,0,2,1,2,1,1,2,1,2,1,2,2,1,2,2,2,1,0,0,2,1,0,2,1,1,1,1,2,0,2,2,0,2,1,2,2,1,0,0,2,2,0,2,2,0,2,1,2,1,2
171,2,2,1,2,2,0,1,2,1,2,2,0,1,2,2,2,2,2,2,1,1,1,2,1,2,2,2,2,0,2,2,0,1,2,2,2,1,1,0,1,0,2,2,0,2,2,0,2,2,2,2,2,1,2,0,0,1,1,2,1,2,1,2,2,2,2,2,1,1,2,2,2,1,2,1,1,2,1,2,1,2,2,1,2,2,1,1,0,2,2,1,0,2,1,1,1,1,2,0,1,2,0,2,1,2,2,1,0,0,2,2,0,2,2,0,2,2,2,1,2
172,2,2,1,2,2,0,1,2,2,2,2,0,1,2,2,2,2,2,2,1,1,1,2,1,2,2,2,0,0,2,2,0,1,2,2,2,1,1,0,1,0,2,2,0,2,2,0,2,2,2,2,2,1,2,0,0,1,1,2,1,2,1,2,2,2,2,2,2,1,2,2,2,1,2,1,1,2,1,2,1,2,2,1,2,2,1,1,0,0,2,1,0,2,1,1,2,1,2,0,1,2,2,2,1,2,2,1,0,2,1,2,0,2,2,0,2,1,2,1,2
173,2,2,1,2,2,0,1,2,2,2,2,0,1,2,2,2,2,2,2,1,1,1,2,1,2,2,2,0,0,2,2,0,1,2,2,2,1,1,0,1,2,2,2,0,2,2,0,2,2,2,2,2,1,2,0,0,1,1,2,2,2,1,2,2,2,2,2,2,1,2,2,2,1,2,2,1,2,1,2,1,2,2,1,2,2,2,1,0,0,2,1,0,2,1,1,1,1,2,0,1,2,0,2,1,2,2,1,0,2,1,2,0,2,2,0,2,1,2,1,2
174,2,2,1,2,2,0,1,2,2,2,2,0,1,2,2,2,2,2,2,1,1,1,2,1,2,2,2,0,0,2,2,0,1,2,2,2,1,1,0,1,2,2,2,0,2,2,0,2,2,2,2,2,1,2,0,0,1,1,2,2,2,1,2,2,2,0,2,2,1,2,2,2,2,2,2,1,2,1,2,1,2,2,1,2,2,2,1,0,0,2,1,0,2,1,1,1,1,2,0,1,2,0,2,1,2,2,0,0,2,2,2,0,2,2,0,2,1,2,1,2
175,2,2,1,2,2,0,1,2,2,2,2,0,1,2,2,2,2,2,2,1,1,1,2,1,2,2,2,0,0,2,2,0,1,2,2,2,1,1,0,1,2,2,2,0,2,2,0,2,2,2,2,2,1,2,0,0,1,1,2,2,2,1,2,2,2,2,1,2,1,2,2,2,2,2,2,1,2,1,2,1,2,2,1,2,2,2,1,0,2,2,1,0,2,1,1,1,1,2,0,1,2,0,2,1,2,2,0,0,2,2,2,0,2,2,0,2,1,2,1,2
176,2,2,1,2,2,0,1,2,2,2,2,0,1,1,2,2,2,1,2,1,1,1,2,1,2,2,2,2,0,2,2,0,1,2,2,2,1,1,0,1,2,2,2,2,2,1,0,2,2,2,2,2,1,2,0,0,1,1,2,2,2,1,2,2,2,2,1,2,1,2,2,2,2,2,0,1,2,1,2,1,2,2,1,2,2,1,1,0,0,0,1,0,1,1,1,1,1,2,0,1,2,0,2,1,2,2,2,0,2,1,2,0,2,1,2,2,2,2,2,2
177,2,2,1,2,2,0,1,2,2,2,2,0,1,2,2,2,2,2,2,1,1,1,2,1,1,2,2,0,0,2,2,0,1,2,2,2,1,1,0,1,2,2,2,0,2,1,0,2,2,2,2,2,1,2,0,0,1,1,2,2,2,1,2,2,2,2,1,2,1,2,2,2,2,2,1,1,2,1,2,1,2,2,1,2,2,2,1,0,0,2,1,0,2,1,1,2,1,2,0,1,2,0,2,1,2,2,2,0,2,1,2,0,2,1,2,2,1,2,1,2
178,2,2,1,2,2,0,1,2,2,2,2,0,1,2,2,2,2,1,2,1,2,1,2,1,2,2,2,0,0,2,2,0,1,2,2,2,1,1,0,1,2,2,2,2,1,1,0,2,2,2,2,2,1,2,0,0,1,1,2,0,2,1,2,2,2,2,1,2,1,2,2,2,2,0,0,1,2,1,2,1,2,2,1,2,2,2,1,0,0,2,1,0,2,1,1,2,1,2,0,2,2,0,2,1,2,2,2,0,2,1,1,0,2,1,1,2,2,2,1,2
179,2,2,1,2,2,0,1,2,2,2,2,0,1,2,2,2,2,1,2,1,2,1,2,1,2,2,2,0,0,2,2,0,1,2,2,2,1,1,0,1,2,2,2,0,0,1,0,2,2,2,2,2,1,2,0,0,1,0,2,2,2,1,2,2,2,2,1,2,1,2,2,2,2,0,0,1,2,1,2,1,2,2,1,2,2,2,1,0,2,2,1,0,2,1,1,2,1,2,0,1,2,0,2,1,2,2,2,0,2,1,0,0,2,1,1,2,2,2,2,2
180,2,2,1,1,2,0,1,2,2,2,2,0,1,2,2,2,2,2,2,1,2,1,2,1,2,2,2,0,0,2,2,0,1,2,2,2,1,1,0,1,2,2,2,0,1,1,0,2,2,2,2,2,1,2,0,0,1,1,2,1,2,1,2,2,2,2,1,2,1,2,2,2,2,0,2,1,2,1,2,1,2,2,1,2,2,1,1,0,0,2,1,0,2,1,1,2,1,2,0,1,2,0,2,1,2,2,1,0,2,2,2,0,2,1,1,2,2,2,2,2
181,2,2,1,1,2,0,1,2,2,2,2,0,1,2,2,2,2,2,2,1,2,1,2,1,2,2,2,0,0,2,2,0,1,2,2,2,1,1,0,1,2,2,2,2,1,1,0,2,2,2,2,2,1,2,0,0,1,1,2,1,2,1,2,2,2,2,0,2,1,2,2,2,2,0,1,1,2,1,2,1,2,2,1,2,2,2,1,0,2,2,1,0,2,1,1,2,1,2,0,1,2,0,2,1,2,2,1,0,2,2,2,0,2,1,2,2,2,2,2,2
182,2,2,1,1,2,0,1,2,2,2,2,0,1,1,2,2,2,2,2,1,2,1,2,1,2,2,2,0,0,2,2,0,1,2,2,2,1,1,0,1,0,2,2,2,0,1,0,2,2,2,2,2,1,2,0,0,1,0,2,1,2,1,2,2,2,2,2,2,1,2,2,2,2,0,1,1,2,1,2,1,2,2,2,2,2,1,1,0,2,2,1,0,2,1,1,2,1,2,0,1,2,0,2,1,2,2,0,0,2,1,2,0,2,1,2,2,2,2,2,2
183,2,2,1,1,2,0,1,2,2,2,2,0,1,2,2,2,2,2,2,1,2,1,2,1,2,2,2,0,0,2,2,0,1,2,2,2,1,1,0,1,0,2,2,0,1,1,0,2,2,2,2,2,1,2,0,0,1,0,2,1,2,1,2,2,2,2,2,1,1,2,2,2,2,0,1,1,2,1,2,1,2,2,1,2,2,0,1,0,2,2,1,0,2,1,1,2,1,2,0,2,2,0,2,1,2,2,2,0,2,1,2,0,2,1,1,2,2,2,2,2
184,2,0,2,0,2,0,1,2,2,2,2,0,1,2,2,2,2,2,2,1,2,1,2,1,1,2,2,0,0,2,2,0,1,2,2,2,1,1,0,1,0,2,2,2,2,1,0,2,2,2,2,2,1,2,0,0,1,0,2,1,2,1,2,2,2,2,2,1,1,2,2,2,2,0,1,1,2,1,2,1,2,2,1,2,2,0,1,0,2,2,1,0,2,1,1,2,1,2,0,1,2,0,2,1,2,2,2,0,2,1,2,0,2,1,1,2,2,2,2,2
185,2,2,2,0,2,0,1,2,2,2,2,0,1,2,2,2,2,2,2,1,2,1,2,2,1,2,2,0,0,2,2,0,1,2,2,2,1,1,0,1,0,2,2,2,2,1,0,2,2,2,2,2,1,2,0,0,1,1,2,1,2,1,2,2,2,2,2,1,1,2,2,2,2,0,1,1,2,1,2,1,2,2,1,2,2,2,1,0,0,2,1,0,2,1,1,2,1,2,0,1,2,0,2,1,2,2,2,0,2,1,2,0,2,1,1,2,2,2,2,2
186,2,2,2,1,2,0,1,2,1,2,2,0,1,2,2,2,2,2,2,1,2,1,2,2,2,2,2,0,0,2,2,0,1,2,2,2,1,1,0,1,0,2,2,0,2,1,0,2,2,2,2,2,1,2,0,0,1,0,2,1,2,1,2,2,2,2,2,2,1,2,2,2,2,0,2,1,2,1,2,1,2,2,1,2,2,2,1,0,2,2,1,0,2,1,1,2,1,2,0,1,2,0,2,1,2,2,2,0,2,1,2,0,2,1,1,2,2,2,2,2
187,2,2,1,1,2,0,1,2,1,2,2,0,1,1,2,2,2,2,2,1,2,1,2,2,1,2,2,0,0,2,2,0,1,2,2,2,1,1,0,1,0,2,2,2,2,1,0,2,2,2,2,2,1,2,0,0,1,1,2,1,2,1,2,2,2,1,2,2,1,2,2,2,2,0,2,1,2,1,2,1,2,2,1,2,2,1,1,0,0,2,1,0,2,1,1,2,1,2,0,1,2,0,2,1,2,2,2,0,2,1,2,0,2,1,1,2,2,2,2,2
188,2,2,1,1,2,0,1,2,1,2,2,0,1,0,2,2,2,2,2,1,2,1,2,2,2,2,2,0,0,2,2,0,1,2,2,2,1,1,0,1,0,2,2,2,2,1,0,2,2,2,2,2,1,2,0,0,1,1,2,2,2,1,2,2,2,1,2,2,1,2,2,2,2,0,2,1,2,1,2,1,2,2,1,2,2,0,1,0,2,2,1,0,2,1,1,2,1,2,0,1,2,0,2,1,2,2,2,0,2,1,2,0,2,1,1,2,2,2,2,2
189,2,2,1,1,2,0,1,2,1,2,2,0,1,2,2,2,2,1,2,1,2,1,2,2,2,2,2,0,0,2,2,0,1,2,2,2,1,1,0,1,0,2,2,2,2,1,0,2,2,2,2,2,1,2,0,0,1,1,2,2,2,1,2,2,2,2,2,0,1,2,2,2,2,0,2,1,2,1,2,1,2,2,1,2,2,0,1,0,0,2,1,0,2,1,1,1,1,2,0,1,2,0,2,1,2,0,2,0,2,1,2,0,2,1,1,2,2,2,2,2
190,2,2,1,1,2,0,1,2,1,2,2,0,1,2,2,2,2,2,2,1,2,1,1,2,2,2,2,0,0,2,2,2,1,2,2,2,1,1,0,1,0,1,2,0,1,1,0,2,2,2,2,2,1,2,0,0,1,1,2,2,2,1,2,2,2,2,2,1,1,2,2,2,2,0,2,1,2,1,2,1,2,2,1,2,2,0,1,0,2,2,1,0,2,1,1,2,1,2,0,1,2,0,2,1,2,2,2,0,2,1,2,0,2,1,1,2,2,2,2,1
191,2,2,1,1,2,0,1,2,1,2,2,0,1,2,2,2,2,2,2,1,2,1,1,2,1,2,2,0,0,2,2,0,1,2,2,2,1,1,0,1,0,0,2,2,1,1,0,2,2,2,2,2,1,2,0,0,1,0,2,2,2,1,2,2,2,2,2,1,1,2,2,2,2,0,2,1,2,1,2,1,2,2,1,2,2,0,1,2,2,2,1,0,2,1,1,1,1,2,0,1,2,0,2,1,2,0,2,0,2,1,2,0,2,1,1,2,2,2,2,1
192,2,2,1,1,2,0,1,2,1,2,2,0,1,2,2,2,2,2,1,0,2,1,1,2,0,2,2,2,0,2,2,0,1,2,2,2,1,1,0,1,0,1,2,0,1,1,0,2,2,2,2,2,1,2,0,0,1,0,2,2,2,1,2,2,2,2,2,0,1,2,2,1,2,2,2,1,2,1,2,1,2,2,1,2,2,0,1,2,2,2,1,0,2,1,1,1,1,2,0,1,0,0,2,1,2,0,2,0,2,2,2,0,2,1,1,2,2,2,2,1
193,2,2,2,2,2,0,1,0,2,2,2,0,1,2,2,2,2,2,2,1,2,1,1,2,2,2,2,0,0,2,2,0,2,2,2,2,1,1,0,1,0,2,2,0,1,1,0,2,0,2,2,2,1,2,0,0,1,0,2,1,2,1,2,2,2,2,2,0,1,2,2,1,2,2,2,1,2,1,2,1,2,2,1,2,2,0,1,2,2,2,1,0,2,1,1,1,1,2,0,1,2,0,2,1,2,2,2,0,2,1,0,0,2,1,0,2,2,2,2,1
194,2,2,2,2,2,0,1,2,2,2,2,0,1,2,2,2,2,2,2,1,2,1,1,2,1,2,2,0,0,2,2,0,2,2,2,2,1,1,0,1,0,2,2,2,1,1,0,2,2,2,2,2,1,2,0,0,1,0,2,1,2,1,2,2,2,2,2,2,1,2,2,2,2,2,2,1,2,1,2,1,2,2,1,2,2,0,1,2,0,2,1,0,2,1,1,1,1,2,0,1,2,0,2,1,2,0,2,0,2,1,1,2,2,1,0,2,2,2,2,1
195,2,2,1,2,2,0,1,2,2,2,2,0,1,2,2,2,2,2,2,1,2,1,1,2,2,2,2,0,0,2,2,0,2,2,2,2,1,1,0,1,0,2,2,0,0,2,0,2,2,2,2,1,1,2,0,0,1,0,2,1,2,1,2,2,2,2,1,2,1,2,2,2,2,0,2,1,2,1,2,1,2,2,1,2,2,0,1,1,2,2,1,1,2,1,1,2,1,2,0,1,2,0,2,1,2,0,0,0,2,0,2,2,2,1,0,2,2,2,2,1
196,2,2,1,2,2,0,1,2,2,2,2,0,1,2,2,2,2,2,2,1,2,1,2,2,2,2,2,0,0,2,2,0,2,2,2,2,1,1,0,1,0,2,2,2,1,2,0,2,1,0,2,2,1,2,0,0,1,0,2,1,2,1,2,2,2,2,1,2,1,2,2,2,2,0,2,1,1,1,2,1,2,2,1,2,2,0,1,2,2,2,1,1,2,1,1,2,1,2,0,1,2,0,2,1,2,0,1,0,2,0,1,1,2,1,0,2,2,2,2,1
197,0,2,1,2,2,0,1,2,2,2,2,1,1,2,2,2,2,2,2,1,2,1,2,2,2,2,2,0,0,2,2,0,2,2,2,2,1,1,0,1,0,2,2,2,1,2,0,2,1,0,2,2,1,2,0,0,1,0,2,1,2,2,2,2,2,2,1,2,1,2,2,2,2,0,2,1,1,1,2,1,2,2,1,2,2,2,1,0,2,2,1,1,2,1,1,2,1,2,0,1,2,0,2,1,2,0,2,0,2,0,1,1,2,1,0,2,2,2,2,1
198,2,2,1,2,2,0,1,0,2,2,2,1,1,2,2,2,2,2,2,1,2,1,2,2,2,2,2,0,0,2,2,0,2,2,2,2,1,1,0,1,0,2,2,0,2,2,0,2,1,2,2,2,1,2,0,0,1,0,2,1,2,1,2,2,2,2,1,2,1,2,2,2,2,0,2,1,1,1,2,1,2,2,1,2,2,2,1,0,2,2,1,1,2,1,1,2,1,2,0,1,2,0,2,1,2,0,2,0,2,0,2,1,2,1,0,2,1,2,2,1
199,2,2,1,2,2,0,1,2,2,2,2,1,1,2,2,2,2,2,2,1,2,2,2,2,1,2,2,2,0,2,2,0,2,2,2,2,1,1,0,1,0,2,2,2,0,2,0,2,1,0,2,2,1,2,0,0,1,0,2,0,2,2,2,2,2,2,1,2,1,2,2,2,2,0,1,1,2,1,2,1,2,2,1,2,2,1,1,0,2,2,1,1,2,1,1,2,1,2,0,1,2,0,2,1,2,2,2,0,2,0,2,1,2,1,0,2,1,2,0,1
200,2,2,1,2,2,0,1,2,2,0,2,0,1,2,2,2,2,2,2,1,2,1,2,2,1,2,2,0,0,2,2,0,2,2,2,2,1,1,0,1,0,2,2,2,0,2,0,2,1,2,2,2,1,2,0,0,1,0,2,0,2,1,2,2,2,2,2,2,1,2,2,2,2,0,1,1,2,1,2,1,2,2,1,2,2,2,1,0,2,2,1,1,2,1,1,2,1,2,0,1,2,0,2,1,2,2,0,0,2,0,2,2,2,1,0,2,1,2,2,1
201,2,2,2,2,2,0,1,2,2,0,2,0,1,2,2,2,2,2,2,2,2,1,2,2,1,2,2,0,0,2,2,0,2,2,2,2,1,1,0,1,0,2,2,0,0,2,0,2,0,2,2,2,1,2,0,0,1,0,2,0,2,1,2,2,2,2,2,2,1,2,2,2,2,0,1,1,2,1,2,1,2,2,1,2,2,2,1,0,2,2,1,1,2,1,1,2,1,2,0,1,2,0,2,1,2,2,1,0,2,0,2,0,2,1,0,2,1,2,2,1
202,2,2,1,2,2,0,1,2,2,0,2,0,1,2,2,2,2,2,2,1,2,1,2,2,1,2,2,0,0,2,2,0,2,2,2,2,1,1,0,1,0,2,2,0,1,2,0,2,0,0,2,2,1,2,0,0,1,0,2,0,2,1,2,2,2,2,2,2,1,2,2,2,2,0,1,1,2,1,2,1,2,2,1,2,2,2,1,0,2,2,1,1,2,1,1,2,1,2,0,1,2,0,2,1,2,2,1,0,2,1,2,0,2,1,0,2,1,2,2,2
203,2,2,1,2,2,0,1,2,2,0,2,0,1,2,2,2,2,2,2,1,2,1,2,2,1,2,2,0,0,2,2,0,2,2,2,2,1,1,1,1,0,2,2,2,1,2,0,2,1,0,2,2,1,2,0,0,1,1,2,0,2,1,2,2,2,2,2,2,1,2,2,2,2,0,1,1,2,1,2,1,2,2,1,2,2,2,1,2,2,2,1,1,2,1,1,2,2,2,0,1,2,0,2,1,2,2,0,0,2,0,2,0,2,1,0,2,1,2,2,2
204,2,2,1,2,2,0,1,2,2,2,2,0,1,2,2,2,2,1,2,1,2,1,2,2,1,2,2,0,0,2,2,0,2,2,2,2,1,1,0,1,0,2,2,2,1,2,0,2,1,2,2,2,1,2,0,0,1,0,2,0,2,1,2,2,2,2,2,2,1,2,2,2,2,0,0,1,2,1,2,1,2,2,1,2,2,2,1,2,0,2,1,1,2,1,1,2,1,2,0,1,2,0,2,1,2,2,0,0,2,0,2,0,2,1,0,2,2,2,2,2
205,2,2,0,2,2,0,1,2,2,2,2,0,1,2,2,2,2,2,2,1,2,1,2,2,2,2,2,0,0,2,2,0,2,2,2,2,0,1,0,1,0,2,2,0,0,2,0,2,0,2,2,2,1,2,0,0,1,1,2,0,2,1,2,1,2,2,2,1,1,2,2,2,2,0,1,1,2,1,2,1,2,2,1,2,2,2,1,1,2,2,1,1,2,1,1,2,1,2,0,1,2,0,2,1,2,2,1,0,2,0,2,0,2,1,0,2,2,2,1,2
206,2,0,0,2,2,0,1,2,2,1,2,0,1,2,2,2,2,2,2,1,2,1,2,2,2,2,2,0,0,2,2,2,2,2,2,2,1,1,0,1,0,2,2,0,1,2,0,2,2,2,2,2,1,2,0,0,1,1,2,0,2,1,2,2,0,2,1,1,1,2,2,2,2,0,2,1,2,1,2,1,2,2,1,2,2,0,1,1,1,2,1,1,2,1,1,2,1,2,0,1,1,0,2,1,2,2,1,0,2,0,2,0,2,2,0,2,1,2,2,2
207,2,2,0,2,2,0,1,2,2,0,2,0,1,1,2,2,2,1,2,1,2,2,2,2,1,2,2,0,0,2,2,2,2,2,2,2,1,1,0,1,0,2,2,2,2,2,0,2,2,2,2,2,1,2,0,0,1,1,2,0,2,1,2,2,0,2,1,1,1,2,2,2,2,0,2,1,1,1,2,1,2,2,1,2,2,0,1,1,2,2,1,1,2,1,1,1,1,2,0,1,2,0,2,1,2,2,1,0,2,0,2,1,2,2,0,2,1,2,2,2
208,2,2,1,2,2,0,1,2,2,0,2,0,1,1,2,2,2,2,2,1,2,1,2,2,1,2,2,0,0,2,2,0,2,2,2,2,1,1,0,1,0,2,2,0,2,2,0,2,2,2,2,2,1,2,0,0,1,0,2,0,2,1,2,2,2,2,1,1,1,2,2,2,2,0,2,1,2,1,2,1,2,2,1,2,2,0,1,1,2,2,1,1,2,1,1,2,1,2,0,1,2,0,2,1,2,2,1,0,2,2,2,1,2,2,0,2,2,2,2,2
209,2,0,1,2,2,0,1,2,2,0,2,0,1,0,2,2,2,2,2,1,2,1,2,2,2,2,2,0,0,2,2,0,2,2,2,2,1,1,0,1,0,2,2,0,2,2,0,2,2,0,2,2,1,2,0,0,1,1,2,0,2,1,2,2,2,2,1,1,1,2,2,2,2,0,2,1,2,1,2,1,2,2,1,2,2,0,1,2,2,2,1,1,2,1,1,2,1,2,0,1,2,0,2,1,2,2,2,0,2,0,2,1,2,2,0,2,2,2,1,2
210,2,2,1,2,2,0,1,2,2,0,2,0,1,2,2,2,2,2,2,1,2,1,2,2,2,2,2,0,0,2,2,0,2,2,2,2,1,1,0,1,0,1,2,2,2,2,0,2,2,0,2,2,1,2,0,0,1,1,2,0,2,1,2,2,2,2,1,1,1,2,2,2,2,0,2,1,2,1,2,1,2,2,1,2,2,0,1,2,2,2,1,1,2,1,1,1,1,2,0,1,2,0,2,1,2,2,2,0,2,0,2,2,2,2,0,2,2,2,1,2
211,2,2,0,2,2,0,1,2,2,0,2,0,1,2,2,2,2,2,2,1,2,1,2,2,2,2,2,0,0,2,2,0,2,2,2,2,1,1,0,1,0,2,2,2,2,2,0,2,2,0,2,2,1,2,0,0,1,1,2,0,2,1,2,2,2,2,1,1,1,2,2,2,2,0,2,1,2,1,2,1,2,2,1,2,2,0,1,2,2,2,1,1,2,1,1,1,1,2,0,1,2,0,2,1,2,0,2,0,2,2,2,2,2,2,0,2,2,2,1,2
212,2,2,0,2,2,0,1,2,2,0,2,1,1,2,2,2,2,2,2,1,2,1,2,2,2,2,2,0,0,2,2,0,2,2,2,2,1,1,2,1,0,2,2,2,2,2,0,2,2,0,2,2,1,2,0,0,1,1,2,0,2,1,2,2,2,2,1,1,1,2,2,2,1,0,2,1,2,1,2,1,2,2,1,2,2,2,1,1,2,2,1,1,2,1,1,2,1,2,0,1,2,0,2,1,2,2,2,0,2,1,2,2,1,2,0,2,2,2,2,2
213,2,2,0,2,2,0,1,2,2,2,2,1,1,2,2,2,2,2,2,1,2,1,2,2,2,2,2,0,0,2,2,0,2,2,2,2,1,1,0,1,0,2,2,0,2,2,0,2,2,0,2,2,1,2,0,0,1,1,2,0,2,1,2,2,2,2,1,1,1,2,2,2,0,2,0,1,2,1,2,1,2,2,1,2,2,2,1,2,2,2,1,1,2,1,1,2,1,2,0,1,2,0,2,1,2,0,2,0,2,1,2,2,1,2,0,2,1,2,2,2
214,2,2,0,2,2,0,1,2,2,1,2,0,1,2,2,2,2,1,2,1,2,1,2,2,1,2,2,0,0,2,2,0,2,2,2,2,1,1,0,1,0,2,2,2,2,2,0,2,0,0,2,2,1,2,0,0,1,0,2,2,2,1,2,2,2,2,1,1,1,1,2,1,1,2,2,1,2,1,2,1,2,2,1,2,2,2,1,2,2,2,1,1,2,1,1,2,1,2,0,1,2,0,2,1,2,2,2,0,2,1,2,1,1,2,0,2,1,2,1,2
215,2,2,0,2,2,0,1,2,2,1,2,0,1,2,2,2,2,1,2,1,2,1,2,2,1,2,2,2,0,2,2,0,2,2,2,2,0,1,0,1,0,2,2,0,2,2,0,2,2,2,2,2,1,2,0,0,1,1,2,2,2,1,2,1,2,2,1,2,1,1,2,1,1,2,2,1,2,1,2,1,2,2,1,2,2,1,1,2,2,0,1,1,2,1,1,1,1,2,0,1,2,0,2,1,2,0,2,0,2,1,0,1,1,2,0,2,1,2,1,2
216,2,2,2,2,2,0,1,2,2,1,2,0,1,2,2,2,2,2,2,1,2,1,2,2,2,2,2,0,0,2,2,0,2,2,2,2,0,1,0,1,0,0,2,2,2,2,0,1,2,2,2,2,1,2,0,0,1,1,2,2,2,1,2,1,2,2,1,2,1,1,2,1,2,2,2,1,2,1,2,1,2,2,1,2,2,2,1,2,0,2,1,1,2,1,1,2,1,2,0,1,2,0,2,1,2,2,2,0,2,1,0,1,1,2,0,2,1,2,1,2
217,2,2,2,2,1,0,1,2,2,2,2,0,1,2,2,2,2,2,2,1,2,1,2,2,2,2,2,0,0,2,2,0,2,2,2,2,1,1,0,1,0,2,2,2,2,2,0,2,0,2,2,2,1,2,0,0,1,1,2,2,2,1,2,1,2,2,2,2,1,1,2,1,2,2,2,1,2,1,2,1,2,2,1,2,2,2,1,1,1,2,1,1,2,1,1,2,1,2,0,1,2,0,2,1,2,2,2,0,2,1,1,1,1,2,0,2,2,2,1,2
218,2,2,1,2,1,0,1,2,2,0,2,0,1,2,2,2,2,2,2,1,2,1,2,2,2,2,2,0,0,2,2,0,2,2,2,2,1,1,0,1,0,1,2,2,2,2,0,2,2,2,2,2,1,2,0,0,1,1,2,1,2,1,2,1,2,2,2,2,1,1,2,1,2,2,2,1,2,1,2,1,2,2,1,2,2,1,1,1,1,2,1,1,2,1,1,1,1,2,0,1,2,0,2,1,2,0,2,0,2,2,1,1,1,2,0,2,1,2,1,2
219,2,2,2,2,2,0,1,2,2,0,2,0,1,2,2,2,2,2,2,1,2,1,2,2,2,2,2,0,0,2,2,0,2,2,2,2,1,1,2,1,0,2,2,0,2,2,0,2,2,2,2,2,1,2,0,0,1,0,2,0,2,1,2,2,2,2,2,2,1,1,2,1,2,2,2,1,2,1,2,1,2,2,1,2,2,2,1,2,2,0,1,1,1,1,1,1,1,2,0,1,2,0,2,1,2,2,2,0,2,2,1,1,1,2,0,2,1,2,1,2
220,2,2,0,2,2,0,1,2,2,0,2,1,1,2,2,2,2,1,2,1,2,1,2,2,2,2,2,0,0,2,2,0,2,2,2,2,1,1,2,1,0,2,2,2,2,2,0,2,2,2,2,2,1,2,0,0,1,1,2,0,2,1,2,2,2,1,2,2,1,1,2,1,2,2,2,1,2,1,2,1,2,2,1,2,2,1,1,1,1,2,1,1,1,1,1,1,1,2,0,1,2,0,2,1,2,2,1,0,2,2,2,1,1,2,0,2,1,2,1,2
221,2,2,1,2,2,0,1,2,2,0,2,0,1,2,2,2,2,2,2,1,2,1,2,2,2,2,2,2,0,2,2,0,2,2,2,2,1,1,2,1,0,2,2,2,2,2,0,2,2,2,2,2,1,2,0,0,1,1,2,0,2,1,2,2,2,1,2,1,1,1,2,1,2,2,2,1,2,1,2,1,2,2,1,2,2,0,1,1,1,2,1,0,1,1,1,2,1,2,0,1,2,0,2,1,2,2,1,0,2,1,2,1,1,2,0,2,1,2,1,2
222,2,2,1,2,2,0,1,2,2,0,2,0,1,2,2,2,2,1,2,1,2,1,2,2,2,2,2,2,0,2,2,0,2,2,2,2,1,1,2,2,0,2,2,0,2,2,0,2,2,2,2,2,1,2,0,0,1,1,2,0,2,1,2,2,2,1,2,1,1,1,2,1,2,2,2,1,2,1,2,1,2,2,1,2,2,2,1,2,2,2,1,0,2,1,1,2,1,2,0,1,2,0,2,1,2,2,1,0,2,1,2,1,1,2,0,2,1,2,1,2
223,2,2,1,2,2,0,1,2,2,0,2,0,1,1,2,2,2,1,2,1,2,1,2,2,2,2,2,2,0,2,2,0,2,2,2,2,1,1,2,2,0,2,2,2,2,2,0,2,2,2,2,2,1,2,0,0,1,0,2,0,2,1,2,2,2,1,2,1,1,1,2,1,2,2,2,1,2,1,2,1,2,2,1,2,2,0,1,2,2,2,1,0,2,1,1,2,1,2,0,1,2,0,2,1,2,0,1,0,2,1,2,1,1,2,0,2,1,2,1,2
224,2,2,1,2,2,0,1,2,2,0,2,0,1,2,2,2,2,2,2,1,2,1,2,2,2,2,2,0,0,2,2,0,2,2,2,2,1,1,0,2,2,2,2,2,2,2,0,2,2,2,2,2,1,2,0,0,1,1,2,0,2,1,2,2,2,1,2,1,1,1,2,1,2,2,2,1,2,1,2,1,2,2,1,2,2,0,1,1,1,2,1,0,2,1,1,2,1,2,0,1,2,0,2,1,2,2,1,0,2,1,2,1,1,2,0,2,1,2,1,2
225,2,2,2,2,2,0,1,0,2,0,2,0,1,2,2,2,2,2,2,1,2,1,2,2,1,2,2,2,0,2,2,0,1,2,2,2,1,1,0,1,2,2,2,2,2,2,0,2,2,2,2,2,1,2,0,0,1,1,2,0,2,1,2,2,2,1,2,1,1,1,2,1,2,1,2,1,2,1,2,1,2,2,1,2,2,0,1,1,1,2,1,0,2,1,1,2,1,2,0,1,2,0,2,1,2,2,0,0,2,1,2,1,1,2,0,2,1,2,1,2
226,2,2,0,2,2,0,1,0,2,0,2,1,1,2,2,2,2,2,2,1,2,1,2,2,2,2,2,0,0,2,2,0,1,2,2,2,1,1,0,1,0,2,2,2,1,2,0,2,2,2,2,2,1,0,0,0,1,1,2,0,2,1,2,2,2,2,2,1,1,1,2,1,2,2,2,1,2,1,2,1,2,2,1,2,2,0,1,1,0,2,1,0,2,1,1,2,1,2,0,1,2,0,2,1,2,2,1,0,2,1,2,1,1,2,0,2,1,2,1,2
227,2,2,0,2,2,0,1,0,2,0,2,0,1,2,2,2,2,2,2,1,2,1,2,2,2,2,2,0,0,2,2,0,1,2,2,2,1,1,0,1,0,2,2,2,1,2,0,2,2,2,2,2,1,2,0,0,1,1,2,0,2,1,2,2,0,2,2,2,1,1,2,1,2,2,2,1,2,1,2,1,2,2,1,2,2,0,1,1,1,2,1,0,2,1,1,2,2,2,0,1,2,0,2,1,2,0,2,0,2,2,2,1,1,2,0,2,2,2,2,2
228,2,2,0,2,2,0,1,0,2,0,2,1,1,2,2,2,2,2,2,1,2,1,2,2,2,2,2,0,0,2,2,0,1,2,2,2,1,1,0,1,0,2,2,2,1,2,0,2,2,2,2,2,1,0,0,0,1,1,2,0,2,1,2,2,0,2,2,2,1,1,2,1,2,2,2,1,2,1,2,1,2,2,1,2,2,0,1,1,1,2,1,0,2,1,1,2,2,2,0,1,2,0,2,1,2,2,2,0,2,2,1,2,1,2,0,2,1,2,2,2
229,2,2,0,2,2,0,1,0,2,0,2,1,1,2,2,2,2,2,2,1,1,1,2,2,2,2,2,0,0,2,2,0,1,2,2,2,1,1,0,1,0,2,2,0,1,2,0,2,1,2,2,2,1,2,0,0,1,1,2,0,2,1,2,2,2,2,2,2,1,1,2,1,2,2,2,1,2,1,2,1,2,2,1,2,2,2,1,1,1,0,1,0,2,1,1,2,2,2,0,1,2,0,2,1,2,2,2,0,2,0,1,2,1,2,0,2,1,2,1,2
230,2,2,0,2,2,0,1,0,2,0,2,0,1,2,2,2,2,2,2,1,2,1,2,2,1,2,2,2,0,2,2,0,1,2,2,2,1,1,0,1,0,2,2,0,0,2,0,2,2,2,2,2,1,2,0,0,1,1,2,0,2,1,2,0,2,2,2,2,1,1,2,2,2,2,2,1,2,1,2,1,2,2,1,2,2,2,1,1,1,2,1,0,2,1,1,2,1,2,0,1,2,0,2,1,2,2,2,0,2,0,2,1,1,2,0,2,1,2,1,2
231,2,2,0,2,2,0,1,0,2,0,2,0,1,2,2,2,2,2,2,1,2,1,2,2,1,2,2,2,0,2,2,0,1,2,2,2,1,1,0,1,0,2,2,0,1,2,0,2,2,2,2,2,1,2,0,0,1,1,2,0,2,1,2,1,2,2,2,2,1,1,2,2,2,2,2,1,2,1,2,1,2,2,1,2,2,1,1,2,0,2,1,0,2,1,1,2,1,2,0,1,2,0,2,1,2,0,2,0,2,0,2,1,1,1,0,2,2,2,1,2
232,2,2,0,2,2,0,1,0,2,0,2,0,1,2,2,2,2,2,2,1,2,1,2,2,1,2,2,0,0,2,2,0,1,2,2,2,1,1,0,1,0,2,2,0,2,2,0,2,2,2,2,2,1,2,0,0,1,1,2,0,2,1,2,2,2,2,2,2,1,1,2,2,2,2,2,1,2,1,2,1,2,2,1,2,2,0,1,0,2,2,1,0,2,1,1,2,1,2,0,1,2,0,2,1,2,2,2,0,2,0,2,2,1,1,0,2,2,2,1,2
233,2,0,0,2,2,0,1,1,2,0,2,0,1,2,2,2,2,2,2,1,2,1,2,2,1,2,2,0,0,2,2,0,1,2,2,2,1,1,0,1,0,2,2,0,2,1,0,2,2,2,2,2,1,2,0,0,1,0,2,0,2,1,2,2,2,2,2,2,1,1,2,2,2,2,2,1,2,1,2,1,2,2,1,2,2,0,1,0,2,2,1,0,2,1,1,2,1,2,0,1,2,0,2,1,2,2,2,0,2,0,2,1,1,1,0,2,2,2,1,2
234,2,2,0,2,2,0,1,2,2,0,2,0,1,2,2,2,2,1,2,1,2,1,2,2,1,2,2,0,0,2,2,0,1,2,2,2,1,1,0,1,2,2,2,0,2,1,0,2,2,2,2,2,1,2,0,0,1,1,2,0,2,1,2,2,2,2,2,2,1,1,2,2,0,2,2,1,2,1,2,1,2,2,1,2,2,2,1,0,2,2,1,0,2,1,1,2,1,2,0,1,2,0,2,1,2,2,2,0,2,0,2,1,1,1,0,2,2,2,1,2
235,2,2,0,2,2,0,1,1,2,0,2,0,1,2,2,2,2,2,2,1,2,1,2,2,1,1,2,2,0,2,2,0,1,2,2,2,0,1,0,1,2,2,2,2,2,2,0,2,2,2,2,2,1,2,0,0,1,1,2,0,2,1,2,2,2,2,2,2,1,1,2,2,0,2,2,1,2,1,2,1,2,2,1,2,2,0,1,2,2,2,1,0,2,1,1,2,1,2,0,1,2,0,2,1,2,0,2,0,2,0,2,2,1,1,0,2,1,2,2,2
236,2,2,0,2,2,0,1,2,2,2,2,0,1,2,2,2,2,2,2,1,2,1,2,2,2,2,2,0,0,2,2,0,1,2,2,2,0,1,0,1,1,2,2,0,2,2,0,2,2,2,2,2,1,2,0,0,1,1,2,0,2,1,2,2,2,2,2,2,1,1,2,2,2,2,2,1,2,1,2,1,2,2,1,2,2,0,1,2,2,0,1,1,2,1,1,2,1,2,0,1,2,0,2,1,2,2,1,0,2,0,2,2,1,1,1,2,1,2,2,2
237,2,2,0,2,2,0,1,2,2,2,2,0,1,1,2,2,2,2,2,1,2,1,2,2,2,2,2,0,0,2,2,0,1,2,2,2,1,1,0,1,1,2,2,2,1,2,0,2,2,2,2,2,1,2,0,0,1,1,2,0,2,1,2,2,2,2,2,2,1,1,2,2,2,2,2,1,2,1,2,1,2,2,1,2,2,0,1,2,2,2,1,1,2,1,1,2,2,2,0,1,2,0,2,1,2,2,1,0,2,0,2,2,1,1,2,2,1,2,2,2
238,2,2,0,2,2,0,1,0,2,2,2,0,1,0,2,2,2,2,2,1,2,1,2,2,2,2,2,0,0,2,2,0,1,2,2,2,1,1,0,1,0,2,2,2,1,2,0,2,2,2,2,2,1,2,0,0,1,1,2,0,2,1,2,2,2,2,2,2,1,1,2,2,2,2,2,1,2,1,2,1,2,2,1,2,2,0,1,2,2,2,1,1,2,1,1,2,2,2,0,2,2,0,2,1,2,2,2,0,2,0,2,1,1,1,1,2,2,2,2,2
239,2,2,0,2,2,0,1,1,2,0,2,1,1,1,2,2,2,2,2,1,2,1,1,2,1,2,2,0,0,2,2,0,1,2,2,2,1,1,0,1,0,2,2,0,0,2,0,2,2,2,2,2,1,2,0,0,1,0,2,0,2,1,2,2,2,2,1,2,1,1,2,1,2,2,2,1,2,1,2,1,2,2,1,2,2,2,1,2,2,2,1,1,2,1,1,1,2,2,0,1,2,0,2,1,2,2,2,0,2,0,2,1,1,1,0,2,2,2,2,2
240,2,2,2,2,2,0,1,0,2,2,2,0,1,2,2,2,2,1,2,1,2,1,1,2,2,2,2,0,0,2,2,0,1,2,2,2,1,1,0,1,0,2,2,0,0,2,0,2,2,2,2,2,1,2,0,0,1,1,2,0,2,1,2,2,2,2,1,2,1,1,2,1,2,2,2,1,2,1,2,1,2,2,1,2,2,2,1,2,2,2,1,1,2,1,1,2,2,2,0,1,2,0,2,1,2,2,2,0,2,0,2,1,1,1,1,2,2,2,2,2
241,2,2,1,2,2,0,1,0,2,2,2,0,1,2,2,2,2,2,2,1,2,1,2,2,2,2,2,0,0,2,2,0,1,2,2,2,1,1,0,1,0,2,2,2,0,2,0,2,1,2,2,2,1,2,0,0,1,0,2,0,2,1,2,2,2,2,1,2,1,1,2,1,2,2,2,1,2,1,2,1,2,2,1,2,2,1,1,2,2,2,1,1,1,1,1,2,2,2,0,1,2,0,2,1,2,2,2,0,2,0,2,1,1,1,1,2,2,2,2,2
242,2,2,0,2,2,0,1,0,2,2,2,0,1,2,2,2,2,2,2,1,2,1,2,2,2,2,2,0,0,2,2,0,1,2,2,2,1,1,0,1,0,2,2,2,1,2,0,2,2,2,2,2,1,2,0,0,1,1,2,0,2,1,2,2,2,1,1,2,1,1,2,1,2,2,1,1,2,1,2,1,2,2,1,2,2,1,1,1,1,2,1,1,1,1,1,2,2,2,0,2,2,0,2,1,2,2,2,0,2,0,2,1,1,1,1,2,2,2,2,2
243,2,2,2,2,2,0,1,1,2,2,2,0,1,2,2,2,2,2,2,1,2,1,1,2,1,2,2,0,0,2,2,0,1,2,2,2,1,1,0,1,0,2,2,0,0,2,0,2,2,2,2,2,1,2,0,0,1,1,2,1,2,1,2,2,2,2,1,2,1,1,2,2,2,2,0,1,2,2,2,1,2,2,1,2,2,0,1,1,1,2,1,1,1,1,1,2,1,2,0,1,2,0,2,1,2,2,2,0,2,0,2,2,1,1,1,2,1,2,2,2
244,2,0,1,2,2,0,1,2,2,2,2,0,1,1,2,2,2,2,2,1,2,1,2,2,1,2,2,2,0,2,2,0,1,2,2,2,1,1,0,1,0,2,2,0,1,1,0,2,2,2,2,2,1,2,0,0,0,1,2,1,2,1,2,2,2,2,1,2,1,1,2,2,2,2,2,1,2,1,2,1,2,2,1,2,2,0,1,1,2,2,1,1,2,1,1,2,1,2,0,1,2,0,2,1,2,2,2,0,2,0,2,0,1,1,2,2,2,2,2,2
245,2,2,1,2,0,0,1,1,2,2,2,0,1,2,2,2,2,2,2,1,2,1,2,2,1,2,2,0,0,2,2,0,1,2,2,2,1,1,0,1,0,1,2,0,1,2,0,2,2,2,2,2,1,2,0,0,1,0,2,1,2,1,2,2,2,2,2,2,1,1,2,2,2,2,2,1,2,1,2,1,2,2,1,2,2,0,1,2,2,2,1,1,2,1,1,2,1,2,0,1,2,0,2,1,2,0,2,0,2,0,2,2,1,1,2,2,1,2,2,2
246,2,2,0,2,2,0,1,0,2,2,2,0,1,2,2,2,2,2,2,1,2,1,2,2,1,2,2,0,0,2,2,2,1,2,2,2,1,1,0,1,0,1,2,2,1,1,0,2,2,2,2,2,1,2,0,0,1,1,2,1,2,1,2,2,2,2,2,2,1,1,2,2,2,2,2,1,2,1,2,1,2,2,1,2,2,0,1,1,0,2,1,1,0,1,1,2,1,2,0,1,2,0,2,1,2,2,2,0,2,0,2,2,1,1,1,2,2,2,2,2
247,2,2,0,2,2,0,1,2,2,2,2,0,1,2,2,2,2,2,2,0,2,1,2,2,1,1,2,0,0,2,2,0,1,2,2,2,1,1,0,1,0,1,2,2,1,1,0,2,2,2,2,2,1,2,0,0,1,0,2,1,2,1,2,2,2,2,2,2,1,1,2,2,2,2,1,1,2,1,2,1,2,2,1,2,2,0,1,2,2,0,1,1,2,1,1,2,1,2,0,1,2,0,2,1,2,0,2,0,2,0,2,0,1,1,2,2,2,2,2,2
248,2,2,0,2,2,0,1,2,2,2,2,0,1,1,2,2,2,2,2,1,2,1,2,2,1,1,2,0,0,2,2,0,1,2,2,2,1,1,0,1,0,0,2,2,1,1,0,2,2,2,2,2,1,2,0,0,1,0,2,1,2,1,2,2,2,2,2,2,1,1,2,1,2,2,1,1,2,1,2,1,2,2,1,2,2,0,1,1,2,2,1,1,2,1,1,2,1,2,0,1,2,0,2,1,2,2,2,0,2,0,2,2,1,1,1,2,2,2,2,2
249,2,2,1,2,2,0,1,2,2,2,2,0,1,2,2,2,2,2,2,0,2,2,2,2,2,1,2,0,0,2,2,0,1,2,2,2,1,1,0,1,0,0,2,2,1,1,0,2,2,2,2,2,1,2,0,0,1,0,2,1,2,1,2,2,2,2,2,2,1,1,2,2,2,2,1,1,2,1,2,1,2,2,1,2,2,0,1,2,0,2,1,1,2,1,1,2,1,2,0,1,2,0,2,1,2,2,1,0,2,0,2,1,1,1,2,2,1,2,2,2
250,2,0,1,2,2,1,1,2,2,2,2,0,1,2,2,2,2,1,2,1,2,1,2,2,2,2,2,0,0,2,2,0,1,2,2,2,1,1,0,1,0,2,2,2,0,1,0,2,2,2,2,2,1,2,0,0,1,0,2,1,2,1,2,2,2,2,2,2,1,1,2,1,2,2,1,1,2,1,2,1,2,2,1,2,2,0,1,2,2,2,1,1,2,1,1,2,1,2,0,2,2,0,2,1,2,2,2,0,2,0,2,2,1,1,1,2,2,2,2,2
251,2,2,1,2,2,1,1,2,2,2,2,0,1,2,2,2,2,1,2,1,2,1,2,2,1,2,2,0,0,2,2,0,1,2,2,2,1,1,0,1,0,2,2,0,0,1,0,2,2,2,2,2,1,2,0,0,1,1,2,1,2,1,2,2,2,2,2,2,1,1,2,1,2,2,2,1,2,1,2,1,2,2,1,2,2,0,1,2,2,2,1,1,2,1,1,2,1,2,0,1,2,0,2,1,2,0,2,0,2,0,2,2,1,1,2,2,2,2,2,2
252,2,0,1,2,2,1,1,2,2,2,2,0,1,1,2,2,2,2,2,1,2,1,2,2,1,2,2,2,0,2,2,0,1,2,2,2,1,1,0,1,0,2,2,2,0,1,0,2,1,2,2,2,1,2,0,0,1,1,2,1,2,1,2,2,2,2,2,2,1,0,2,1,2,2,2,1,2,1,2,1,2,2,1,2,2,0,1,2,2,2,1,1,2,1,1,2,1,2,0,1,2,0,2,1,2,0,2,0,2,2,2,0,1,1,2,2,2,2,2,2
253,2,2,1,2,2,1,1,2,2,2,2,0,1,2,2,2,2,2,2,1,2,1,2,2,1,2,2,0,0,2,2,0,1,2,2,2,1,1,2,1,0,2,2,2,0,2,0,2,1,2,2,2,1,2,0,0,1,0,2,1,2,1,2,2,2,2,2,2,1,0,2,1,2,2,2,1,2,1,2,1,2,2,1,2,2,0,1,1,2,2,1,1,2,1,1,2,1,2,0,1,2,0,2,1,2,0,2,0,2,0,2,0,1,1,2,2,2,2,2,2
254,2,2,2,2,2,1,1,0,2,2,2,0,1,2,2,2,2,1,2,1,2,2,2,2,2,2,2,0,0,2,2,0,1,2,2,2,1,1,2,1,0,2,2,0,0,2,0,2,1,2,2,2,1,2,0,0,1,0,2,1,2,1,2,2,2,2,2,1,1,1,2,1,2,2,2,1,2,1,2,1,2,2,1,2,2,0,1,2,2,2,1,1,2,1,1,1,1,2,0,1,2,0,2,1,2,0,2,0,2,2,2,0,1,1,2,2,2,2,2,2
255,2,2,1,2,2,1,1,2,2,2,2,0,1,2,2,2,2,2,2,1,2,1,2,2,2,2,2,0,0,2,2,0,1,2,2,2,1,1,2,1,0,2,2,2,0,2,0,2,1,2,2,2,1,2,0,0,1,1,2,2,2,1,2,2,2,2,2,1,1,1,2,1,2,2,2,1,2,1,2,1,2,2,1,2,2,0,1,2,0,2,1,1,2,1,1,2,1,2,0,1,2,0,2,1,2,2,1,0,1,2,2,0,2,1,1,2,1,2,2,2
256,2,2,1,2,2,1,1,2,2,2,2,0,1,2,2,2,2,1,2,0,2,1,2,2,2,2,2,2,0,2,2,0,1,2,2,2,1,1,2,1,1,2,2,2,1,2,0,2,1,2,2,2,1,2,0,0,1,1,2,2,2,1,2,2,2,2,2,1,1,1,2,1,2,2,2,1,2,1,2,1,2,2,1,2,2,0,1,2,2,2,1,1,2,1,1,2,1,2,0,1,2,0,2,1,2,2,2,0,1,2,2,0,2,1,2,2,1,2,2,2
257,2,2,1,2,2,1,1,2,2,2,2,0,1,2,2,2,2,2,2,0,2,1,2,2,2,2,2,0,0,2,2,0,1,2,2,2,1,1,2,1,1,2,2,2,1,2,0,2,1,2,2,2,1,2,0,0,1,1,2,2,2,1,1,2,2,2,2,1,1,1,2,1,2,2,2,1,2,1,2,1,2,2,1,2,2,2,1,1,1,2,1,1,2,0,1,2,1,2,0,1,2,0,2,1,2,0,2,0,1,2,2,0,2,1,1,2,2,2,1,2
258,2,2,1,2,2,1,1,2,2,2,2,0,1,2,2,2,2,2,2,1,2,1,2,2,2,2,2,0,0,2,2,0,1,2,2,2,1,1,2,1,0,2,2,2,0,2,0,2,1,2,2,2,1,2,0,0,1,1,2,2,2,1,1,2,2,2,2,1,1,1,2,1,2,2,2,1,2,1,2,1,2,2,1,2,2,1,1,2,2,2,1,1,2,1,1,2,1,2,0,1,2,0,2,1,2,2,1,0,1,2,2,0,2,2,2,2,2,2,1,2
259,2,0,1,2,2,1,1,2,2,2,2,1,1,2,2,2,2,2,2,1,2,1,2,2,2,2,2,0,0,2,2,0,1,2,2,2,1,1,2,1,0,2,2,2,0,2,0,2,1,2,2,2,1,2,0,0,1,1,2,1,2,1,1,2,2,2,2,1,1,1,2,1,2,2,2,1,2,1,2,1,2,2,1,2,2,2,1,2,2,0,1,1,2,1,1,2,1,2,0,1,2,0,2,1,2,2,1,0,1,2,2,0,2,1,2,2,2,2,1,2
260,2,0,1,2,2,1,1,2,2,2,2,1,1,2,2,2,2,1,2,0,2,1,2,2,1,2,2,2,0,2,2,0,1,2,2,2,1,1,2,1,0,2,2,0,1,2,0,2,1,2,2,2,1,2,0,0,1,0,2,1,2,1,0,2,2,2,2,1,1,1,2,1,2,0,2,1,2,1,2,1,2,2,1,2,2,2,1,1,2,2,1,1,2,1,1,2,1,2,0,1,2,0,2,1,2,2,1,0,1,1,2,0,2,2,2,2,1,2,1,2
261,2,2,1,1,2,1,1,2,2,1,2,1,1,2,2,2,2,2,2,1,2,1,1,2,2,2,2,0,0,2,2,0,0,2,2,2,1,1,2,1,0,1,2,2,2,2,0,2,1,2,2,2,1,2,0,0,1,0,2,1,2,1,0,2,2,2,2,1,1,1,2,1,2,0,2,1,2,1,2,1,2,2,1,2,2,0,1,2,2,2,1,1,2,1,1,2,1,2,0,1,2,0,2,1,2,2,1,0,1,1,2,0,1,1,2,2,2,2,1,2
262,2,2,1,1,2,1,1,2,2,1,2,0,1,1,1,2,2,2,2,0,2,1,1,2,1,2,2,2,0,2,2,0,1,2,2,2,1,1,2,1,0,2,2,2,2,2,0,2,1,2,2,2,1,2,0,0,1,0,2,1,2,1,0,2,2,2,2,1,1,1,2,1,2,0,2,1,2,1,2,1,2,2,1,2,1,0,1,2,2,2,1,1,2,1,1,1,1,2,0,1,2,0,2,1,2,2,1,0,2,1,2,0,1,2,2,2,1,2,1,2
263,2,0,1,2,2,1,1,2,2,1,2,0,1,0,1,2,2,2,2,0,2,1,2,2,0,2,2,0,0,2,2,0,1,2,2,2,1,1,2,1,0,2,2,2,2,2,0,2,1,2,2,2,1,2,0,0,1,0,2,1,2,1,0,2,2,2,2,2,1,1,2,1,2,0,2,1,2,1,2,1,2,2,1,2,1,0,1,2,2,2,1,2,2,1,1,1,1,2,0,1,2,0,2,1,2,0,2,0,2,1,2,2,1,2,2,2,2,2,1,2
264,2,0,2,2,2,1,1,2,2,1,2,0,1,1,1,2,2,2,2,1,2,1,2,2,2,2,2,2,0,2,2,0,1,2,2,2,1,1,2,1,0,2,2,0,1,2,0,2,1,2,2,2,1,2,0,0,1,0,2,1,2,1,0,2,2,2,2,2,1,1,2,1,1,0,2,1,2,1,2,1,2,2,1,2,1,0,1,0,2,2,1,0,2,1,1,2,1,2,0,1,2,0,2,1,2,2,1,0,2,1,1,2,1,2,2,2,1,2,1,2
265,2,2,1,2,2,1,1,2,2,1,2,0,1,2,1,2,2,2,2,0,2,1,2,2,1,2,2,0,0,2,2,0,1,2,2,2,1,1,2,1,0,2,2,2,1,2,0,2,1,2,2,2,1,2,0,0,1,0,2,1,2,1,1,1,2,2,2,1,1,1,1,1,1,0,2,1,2,1,2,1,2,2,1,2,1,0,1,2,2,2,1,0,2,1,1,2,1,2,0,1,2,0,2,1,2,0,2,0,1,1,2,2,1,2,2,2,1,2,1,2
266,2,2,0,2,1,1,1,2,2,1,0,0,1,2,1,2,2,0,2,1,2,1,1,2,1,2,2,2,0,2,2,0,1,2,2,2,1,1,2,1,0,2,2,2,1,2,0,2,1,2,2,2,1,2,0,0,1,0,2,1,1,1,1,1,2,2,2,2,1,1,2,1,2,0,2,1,2,1,2,1,2,2,1,2,1,0,1,2,0,0,1,0,2,1,1,1,1,2,0,1,2,0,2,1,2,0,2,0,1,1,2,1,1,2,1,2,1,2,1,2
267,2,2,0,2,0,1,1,2,2,1,0,0,1,2,2,2,2,2,2,1,2,1,2,2,1,2,2,0,0,2,2,0,1,2,2,2,1,1,2,1,0,2,2,2,2,2,0,2,1,2,2,2,1,2,0,0,1,0,2,1,1,1,1,2,2,2,1,2,1,1,2,1,2,0,2,1,2,1,2,1,2,2,1,2,0,0,1,2,2,2,1,0,2,1,1,1,1,2,0,1,2,0,2,1,2,0,2,0,2,1,2,1,1,2,2,2,1,2,1,2
268,2,2,0,2,0,1,1,2,2,1,2,0,1,2,2,2,2,2,2,1,2,1,2,2,1,2,2,0,0,2,2,0,2,2,2,2,1,1,2,1,0,2,2,0,2,2,0,2,1,2,2,2,1,2,0,0,1,0,2,1,1,1,1,2,2,2,1,2,1,1,2,2,2,0,2,1,2,1,2,1,2,2,1,2,0,0,1,0,0,2,1,0,2,1,1,2,1,2,0,1,2,0,2,1,2,0,2,0,1,2,2,1,1,1,2,2,2,2,2,2
269,2,2,1,2,0,1,1,2,2,1,2,0,1,2,2,2,2,2,2,1,2,1,2,2,2,2,2,0,0,2,2,0,2,2,2,2,1,1,2,1,2,1,2,2,0,2,0,2,1,2,2,2,1,2,0,0,1,0,2,1,2,1,1,2,2,2,1,2,1,1,2,2,2,0,0,1,2,1,2,1,2,2,1,2,0,0,1,0,2,2,1,0,2,1,1,1,1,2,0,1,2,0,2,1,2,0,2,0,1,2,2,1,1,2,2,2,1,2,2,2
270,2,2,0,2,0,1,1,2,2,1,2,1,1,2,2,2,2,2,2,0,2,1,1,1,2,2,2,2,0,2,2,0,2,2,2,2,1,1,0,1,2,1,2,2,0,2,0,2,1,2,2,2,1,2,0,0,1,0,2,1,2,1,1,2,2,2,1,2,1,1,2,2,1,2,2,1,2,1,2,1,2,2,1,2,1,0,1,0,2,2,1,0,2,1,1,2,1,2,0,1,1,0,2,1,2,2,2,0,1,2,2,1,1,1,2,2,2,2,1,2
271,2,2,0,2,0,1,1,2,2,1,2,0,1,1,2,2,2,1,2,0,2,1,1,1,2,2,2,0,0,2,2,0,2,2,2,2,1,1,0,1,2,2,2,2,0,2,0,2,1,2,2,2,1,2,0,0,1,0,2,1,2,1,1,2,2,2,1,2,1,1,2,2,1,2,2,1,2,1,2,1,2,2,1,2,1,0,1,0,2,2,1,0,2,1,1,2,1,2,0,1,2,0,2,1,2,2,2,0,1,2,2,1,2,1,2,2,2,2,1,2
272,2,2,0,2,0,1,1,2,2,1,2,0,1,1,2,2,2,2,2,0,2,2,2,1,2,2,2,0,0,2,2,0,2,2,2,2,1,1,0,1,2,2,2,2,0,2,0,2,1,2,2,2,1,2,0,0,1,0,2,1,2,1,1,2,2,2,1,1,1,1,2,1,1,2,2,1,2,1,2,1,2,2,1,2,0,0,1,0,2,2,1,0,2,1,1,2,1,2,0,1,2,0,2,1,2,0,2,0,1,2,2,1,2,2,2,2,2,2,1,2
273,2,2,0,2,0,1,1,2,2,1,2,0,1,2,2,2,2,1,2,0,1,2,2,1,2,2,2,0,0,2,2,0,2,2,2,2,1,1,0,1,2,2,2,2,0,2,0,2,1,2,2,2,1,2,0,0,1,0,2,2,2,1,1,2,2,2,1,0,1,1,2,1,1,2,2,1,2,1,2,1,2,2,1,2,0,0,1,0,0,2,1,0,2,1,1,2,1,2,0,1,2,0,2,1,2,0,2,0,1,2,2,1,2,1,2,2,2,2,1,2
274,2,2,0,2,2,1,1,2,2,1,2,0,1,2,2,2,2,2,2,1,1,1,2,1,0,2,2,2,0,2,2,0,2,2,2,2,1,1,0,1,2,2,2,2,0,2,0,2,1,2,2,2,1,2,0,0,1,0,2,1,2,1,1,2,2,2,1,1,1,1,2,1,1,1,2,1,2,1,2,1,2,2,1,2,1,1,1,0,2,2,1,0,2,1,1,2,1,2,0,1,2,0,2,1,2,0,2,0,1,1,2,1,2,2,2,2,2,2,1,2
275,2,2,0,2,2,1,1,2,2,1,2,0,1,2,2,2,2,2,2,0,1,1,2,1,2,2,2,0,0,2,2,0,2,2,2,2,1,1,0,1,2,2,2,0,0,2,0,2,1,2,2,2,1,2,0,0,1,0,2,1,2,1,1,2,2,2,1,2,1,1,2,1,1,2,2,1,2,1,2,1,2,2,1,2,0,0,1,2,2,2,1,0,2,1,1,2,1,2,0,1,2,0,2,1,2,0,1,0,2,1,2,1,2,2,2,2,2,2,1,2
276,2,2,0,1,2,1,1,2,2,1,2,0,1,2,2,2,2,2,2,0,1,1,2,1,2,2,2,0,0,2,2,0,1,2,2,2,1,1,0,1,2,2,2,2,0,2,0,2,1,2,2,2,1,2,0,0,1,0,2,1,2,1,1,2,2,2,1,2,1,1,2,2,1,2,2,1,2,1,2,1,2,2,1,2,1,0,1,2,2,2,1,0,2,1,1,2,1,2,0,1,2,0,2,1,2,2,2,0,1,1,2,1,2,1,1,2,2,0,1,2
277,2,2,2,2,0,1,1,2,2,1,2,0,1,2,2,2,2,2,2,0,1,1,1,1,2,2,2,0,0,2,2,0,1,2,2,2,1,1,0,1,2,2,2,2,0,2,0,2,1,2,2,2,1,2,0,0,1,0,2,1,1,1,1,2,2,2,1,2,1,1,2,2,1,1,0,1,2,1,2,1,2,2,1,2,0,0,1,1,2,2,1,0,2,1,1,2,1,2,0,1,2,0,2,1,2,2,1,0,2,1,2,1,2,2,1,2,2,1,1,2
278,2,2,1,2,0,1,1,0,2,1,2,0,1,2,2,2,2,2,2,0,1,1,2,1,1,2,2,0,0,2,2,0,1,2,2,2,1,1,0,1,2,2,2,2,0,2,0,2,1,2,2,2,1,2,0,0,1,2,2,1,2,1,1,2,2,2,1,2,1,1,2,2,1,2,1,1,2,1,2,1,2,2,1,2,0,2,1,1,2,2,1,0,2,1,1,2,1,2,0,1,2,0,2,1,2,2,2,0,1,1,2,1,2,2,2,2,1,1,1,2
279,2,2,0,2,2,1,1,2,2,1,2,0,1,2,2,2,2,2,2,0,1,1,2,1,2,2,2,2,0,2,2,0,1,2,2,2,1,1,0,1,2,2,2,2,0,2,0,2,1,2,2,2,1,2,0,0,1,2,2,1,2,1,1,2,2,2,1,2,1,1,2,2,0,2,2,1,2,1,2,1,2,2,1,2,0,2,1,2,0,2,1,0,2,1,1,2,2,2,0,1,2,0,2,1,2,2,1,0,1,1,2,1,2,2,2,2,1,1,1,2
280,2,2,0,2,2,1,1,2,2,1,2,0,1,2,2,2,2,2,2,0,1,1,2,1,1,2,2,0,0,2,2,0,1,2,2,2,1,1,0,1,2,2,2,2,0,2,0,2,1,2,2,2,1,2,0,0,1,2,2,1,2,1,0,2,2,2,1,2,1,1,1,2,1,2,2,1,2,1,2,1,2,2,0,2,0,1,1,2,2,2,1,0,2,1,1,2,2,2,0,1,2,0,2,1,2,2,2,0,1,1,2,1,2,1,2,2,1,1,1,2
281,2,2,0,2,2,1,1,2,2,1,2,0,1,2,2,2,2,2,2,0,1,1,2,1,1,2,2,2,0,2,2,0,1,2,2,2,1,1,0,1,2,2,2,2,0,2,0,2,1,2,2,2,1,2,0,0,1,2,2,1,2,1,1,1,2,2,1,2,1,1,2,2,1,2,2,1,2,1,2,1,2,2,1,2,0,1,1,2,0,2,1,0,2,1,1,0,1,2,0,1,2,0,2,1,2,2,1,0,1,1,2,1,2,2,1,2,2,1,2,2
282,2,2,0,2,2,1,1,2,2,1,2,1,1,2,2,2,2,2,2,0,1,1,2,1,1,2,2,0,0,2,2,0,1,2,2,2,1,1,0,1,2,2,2,2,0,2,0,2,1,2,2,2,1,2,0,0,1,2,2,1,2,1,2,1,2,2,2,2,1,1,2,1,1,2,2,1,2,1,2,1,2,2,1,2,1,2,1,2,0,2,1,0,2,1,1,2,1,2,0,1,2,0,2,1,2,0,1,0,2,1,2,1,2,2,1,2,2,1,2,2
283,2,2,0,2,2,1,1,2,2,1,2,0,1,2,2,2,2,2,2,0,1,1,2,1,2,2,2,0,0,2,2,0,0,2,2,2,1,1,0,1,2,2,2,2,0,2,0,2,1,0,2,2,1,2,0,0,1,2,2,1,2,1,2,2,2,2,2,2,1,1,2,1,1,2,2,1,2,1,2,1,2,2,1,2,1,2,1,2,2,2,1,0,2,1,1,2,1,2,0,1,2,0,2,1,2,0,0,0,2,1,2,1,2,1,1,2,2,2,2,2
284,2,2,1,2,2,1,1,2,2,1,2,0,1,0,2,2,2,2,2,1,2,1,2,1,2,2,2,0,0,2,2,0,1,2,2,2,1,1,0,1,2,2,2,2,0,2,0,2,1,2,2,2,1,2,0,0,1,2,2,1,2,1,2,2,2,2,2,2,1,1,2,1,1,2,2,1,2,1,2,1,2,2,1,2,1,2,1,2,2,2,1,0,2,1,1,2,1,2,0,1,2,0,2,1,2,0,1,0,2,2,2,1,2,1,1,2,1,2,2,2
285,2,2,1,2,2,1,1,2,2,1,2,0,1,2,2,2,2,2,2,1,2,1,2,1,2,2,2,0,0,2,2,0,1,2,1,2,1,1,0,1,2,2,2,0,0,2,0,2,1,2,2,2,1,0,0,0,1,2,2,1,2,1,2,2,2,2,2,2,1,1,2,1,1,2,2,1,2,1,2,0,2,2,1,2,0,1,1,1,2,2,1,0,2,1,1,2,1,2,0,1,2,0,2,1,2,2,0,0,2,1,2,1,2,2,1,2,1,2,2,2
286,2,2,1,2,2,1,1,2,2,1,2,0,1,1,2,2,2,1,2,0,2,1,2,1,1,2,2,0,0,2,2,0,1,2,1,2,1,1,0,1,2,2,1,2,0,2,0,2,0,2,2,2,1,2,0,0,1,2,2,1,2,1,2,2,2,2,2,2,1,1,2,1,2,1,2,1,2,1,2,0,2,2,1,2,1,2,1,0,2,2,1,0,2,1,1,2,1,2,0,1,2,0,2,1,2,2,0,0,2,1,2,1,2,2,2,2,1,0,2,2
287,2,2,1,2,2,1,1,2,2,2,2,0,1,2,2,2,2,2,2,1,2,1,2,1,1,2,2,0,0,2,2,0,1,2,1,1,1,1,0,1,2,2,1,2,0,2,0,2,0,2,2,2,1,2,0,0,1,2,2,1,2,1,2,2,2,2,2,2,2,1,2,1,2,2,2,1,2,1,2,1,2,2,1,2,2,2,1,0,2,2,1,0,2,1,1,2,1,2,0,1,2,0,2,1,2,2,1,0,2,1,2,1,2,2,2,2,2,2,2,2
288,2,2,1,2,2,1,1,2,2,2,2,0,1,2,2,2,2,2,2,1,2,1,2,1,1,2,2,2,0,2,2,0,1,2,1,2,1,1,0,1,2,2,1,2,0,2,0,2,0,2,2,2,1,2,0,0,1,2,2,1,2,1,2,2,2,2,2,2,1,1,0,2,2,2,2,1,2,1,2,1,2,2,1,2,2,2,1,0,2,2,1,0,1,1,1,2,1,2,0,2,2,0,2,1,2,2,1,0,2,1,2,1,1,1,2,2,2,2,2,2
289,2,2,1,2,2,1,1,2,2,1,2,0,1,0,2,2,2,1,2,1,2,1,2,1,2,2,2,0,0,2,2,2,1,2,1,1,1,1,0,1,2,2,1,0,0,2,0,2,0,2,2,2,1,2,0,0,1,2,2,1,2,1,2,2,2,2,2,2,1,1,2,2,1,2,2,1,2,1,2,1,2,2,1,2,2,1,1,0,2,2,1,0,1,1,1,2,2,2,0,1,1,0,2,1,2,2,1,0,2,2,2,1,1,1,2,2,1,2,2,2
290,2,0,1,2,2,1,1,2,2,2,2,0,1,0,2,2,2,2,2,1,2,1,2,1,2,2,2,0,0,2,2,0,1,2,1,1,1,1,0,1,2,2,1,2,0,2,0,2,0,2,2,2,1,2,0,0,1,2,2,1,2,1,2,2,2,2,2,2,1,1,2,2,1,2,2,1,2,1,2,1,2,1,1,2,2,0,1,2,2,2,1,0,2,1,1,2,1,2,0,1,2,0,2,1,2,2,1,0,2,2,2,0,1,1,2,2,1,2,2,2
291,2,2,1,2,2,1,1,2,2,1,2,0,1,2,2,2,2,2,2,1,2,1,2,1,1,2,2,0,0,2,2,0,1,2,1,1,1,1,0,1,2,2,1,2,0,2,0,2,0,2,2,2,1,2,0,0,1,2,2,1,2,1,2,2,2,2,2,2,1,1,2,2,1,2,2,1,2,1,2,1,2,1,1,2,2,0,1,2,2,2,1,1,2,1,1,2,1,2,0,1,2,0,2,1,2,2,1,0,2,1,2,0,1,1,2,2,2,2,2,2
292,2,2,1,2,2,1,1,2,2,2,2,0,1,2,2,2,2,2,2,1,2,1,1,1,2,2,2,0,0,2,2,0,1,2,1,1,1,1,0,2,2,2,1,2,0,2,0,2,0,2,2,2,1,2,0,0,1,2,2,1,2,1,2,2,2,2,2,2,1,1,2,2,0,2,0,1,2,1,2,1,2,1,1,2,2,0,1,0,2,2,1,1,2,1,1,1,2,2,0,1,2,0,2,1,2,2,1,0,2,1,2,0,1,1,2,2,2,2,2,2
293,2,2,2,0,2,1,1,2,0,2,2,0,1,2,2,2,2,2,2,1,2,1,2,1,1,2,2,0,0,2,2,0,1,2,1,1,1,1,0,2,2,2,1,2,0,2,0,2,0,2,2,2,1,2,0,0,1,2,2,1,2,1,2,2,2,2,2,1,1,1,2,1,1,2,2,1,2,1,2,1,2,1,1,2,2,0,1,0,2,2,1,1,2,1,1,2,0,2,0,1,2,0,2,1,2,2,1,0,2,2,2,0,2,1,2,2,2,2,2,2
294,2,2,1,2,2,1,1,2,2,2,2,0,1,2,2,2,2,2,2,1,2,1,1,1,1,2,2,0,0,2,2,0,1,2,1,2,1,1,0,2,2,2,1,0,0,2,0,2,0,2,2,2,1,2,0,0,1,2,2,1,2,1,2,2,2,2,2,1,1,1,2,2,1,2,1,1,2,1,2,1,2,1,1,2,2,0,1,0,2,2,1,1,2,1,1,0,0,2,0,1,2,2,2,1,2,2,1,0,2,2,2,0,2,1,2,2,2,2,2,2
295,2,2,2,2,1,1,1,2,2,2,2,0,1,2,2,2,2,2,2,1,2,1,1,1,1,2,2,0,0,2,2,0,1,2,1,0,1,1,0,2,2,2,1,2,0,2,0,2,0,2,2,2,1,2,0,0,1,2,2,1,2,1,2,2,2,2,2,2,1,1,2,2,1,1,1,1,2,1,2,1,2,1,1,2,2,0,1,1,2,2,1,1,2,1,1,2,0,2,0,1,2,2,2,1,2,2,1,0,2,1,2,0,1,1,2,2,2,2,2,2
296,2,2,1,2,1,1,1,2,2,2,2,0,1,2,2,2,2,2,2,1,2,2,2,1,2,2,2,0,0,2,2,0,1,2,1,2,1,1,0,1,2,2,1,2,0,2,0,2,0,2,2,2,1,2,0,0,1,2,2,1,2,1,2,2,2,2,2,2,1,1,2,2,1,2,2,1,2,1,2,1,2,1,1,2,0,0,1,2,2,2,1,1,2,1,1,2,0,2,0,1,2,2,2,1,2,2,1,0,1,2,2,2,1,1,2,2,2,2,2,1
297,2,2,2,2,1,1,1,2,2,1,2,0,1,2,2,2,2,2,2,0,2,1,2,1,2,2,2,2,0,2,2,0,1,2,1,2,1,1,0,1,2,2,1,2,0,2,0,2,0,2,2,2,1,2,0,0,1,2,2,1,2,1,2,2,2,2,2,2,1,1,1,1,1,2,1,1,2,1,2,1,2,1,1,2,1,0,1,2,2,2,1,0,2,1,1,1,0,2,0,2,2,0,2,1,2,2,0,0,1,2,2,0,1,2,2,2,2,2,2,2
298,2,2,1,2,1,1,1,1,2,2,2,0,1,0,2,2,2,2,2,1,2,1,2,1,2,2,2,0,0,2,2,0,1,2,1,2,1,1,0,1,2,2,1,2,0,2,0,2,0,2,2,2,1,2,0,0,1,2,2,1,2,1,2,2,2,2,2,2,1,1,2,2,1,2,2,1,2,1,2,1,2,1,1,2,1,0,1,0,0,2,1,0,2,1,1,1,0,2,0,1,2,0,2,1,2,2,0,0,1,2,2,0,1,2,2,2,2,2,2,2
299,2,2,2,2,2,1,1,0,2,2,2,0,1,2,2,2,2,2,2,1,2,1,2,1,1,2,2,0,0,2,2,0,1,2,1,2,1,1,0,1,2,2,1,2,0,2,0,2,0,2,2,2,1,2,0,0,1,2,2,1,2,1,2,2,2,2,2,2,1,1,2,2,1,2,1,1,2,1,2,1,2,1,1,2,1,0,1,0,2,2,1,0,2,1,1,2,0,2,0,1,2,0,2,1,2,2,1,0,2,2,2,0,1,2,2,2,1,2,1,2
300,2,0,1,2,2,1,1,0,2,2,2,0,1,2,2,2,2,2,2,1,2,1,2,2,1,2,2,0,0,2,2,0,1,2,1,2,1,1,0,1,2,2,1,2,0,2,0,2,0,2,2,2,1,2,0,0,1,2,2,1,2,1,2,2,2,2,2,2,1,1,2,2,1,2,1,1,2,1,2,1,2,1,1,2,1,0,1,0,2,2,1,0,2,1,1,2,0,2,0,1,2,0,2,1,2,2,1,0,0,2,2,0,1,2,2,2,2,2,2,2
301,2,2,1,2,2,1,1,2,2,2,2,0,1,2,2,2,2,2,2,1,2,1,1,2,1,2,2,0,0,2,2,0,1,2,1,2,1,1,0,1,2,2,1,2,0,2,0,2,0,2,2,2,1,2,0,0,1,2,2,1,2,1,2,2,2,2,2,2,1,1,2,2,2,2,1,1,2,1,2,1,2,1,1,2,1,0,1,0,0,2,1,0,2,1,1,2,0,2,0,1,2,0,2,1,2,2,1,0,0,2,2,1,1,2,2,2,1,2,1,2
302,2,2,1,2,2,1,1,2,2,2,2,0,1,2,2,2,2,2,2,1,2,1,2,2,2,2,2,0,0,2,2,0,1,2,1,0,1,1,0,1,2,2,1,2,0,2,0,2,0,2,2,2,1,2,0,0,1,2,2,1,1,1,2,2,2,2,2,2,1,1,2,2,2,2,1,1,2,1,2,1,2,1,1,2,1,0,1,0,0,2,1,0,2,1,1,2,0,2,0,1,2,0,2,1,2,2,0,0,0,2,2,2,1,1,2,2,1,2,1,2
303,2,2,1,1,2,1,1,2,2,2,2,0,1,2,2,2,2,1,2,1,2,2,2,2,2,2,2,0,0,2,2,0,1,2,1,1,1,1,0,1,2,2,1,2,0,2,0,2,0,2,2,2,1,2,0,0,1,2,2,1,2,1,2,2,2,2,2,2,1,1,2,2,1,2,2,1,2,1,2,1,2,1,1,2,0,0,1,0,0,2,1,0,2,1,1,2,0,2,0,1,2,0,2,1,2,2,0,0,0,2,2,0,1,1,2,2,2,2,1,2
304,2,2,1,1,2,1,1,2,2,2,2,0,1,1,2,2,2,2,2,1,2,1,1,2,2,2,2,0,0,2,2,0,1,2,1,2,1,1,1,1,2,1,1,2,0,2,0,2,0,2,2,2,1,2,0,0,1,2,2,1,2,1,2,2,2,2,2,2,1,1,2,2,1,2,2,1,2,1,2,1,2,1,1,2,1,0,1,0,2,2,1,0,2,1,1,2,0,2,0,1,1,0,2,1,2,2,1,0,0,2,1,0,1,2,2,2,2,2,2,2
305,2,0,0,1,1,1,1,2,2,2,2,0,1,2,2,2,2,2,2,1,2,1,1,2,1,2,2,0,0,2,2,0,1,2,1,2,1,1,1,1,2,2,1,0,0,2,0,2,0,2,2,2,1,2,0,0,1,2,2,1,2,1,2,2,2,2,1,2,1,1,2,1,1,2,2,1,2,1,2,1,2,1,1,2,1,0,1,0,2,2,1,0,2,1,1,2,0,2,0,1,1,0,2,1,2,2,1,0,0,2,1,0,1,2,2,2,1,1,2,2
306,2,2,1,1,2,1,1,2,2,2,2,0,1,2,2,2,2,2,2,0,2,1,1,2,1,2,2,0,0,2,2,0,1,2,1,2,1,1,1,1,2,2,1,2,0,2,0,2,0,2,2,2,1,2,0,0,1,2,2,1,2,1,2,2,2,2,1,2,1,1,2,1,2,2,2,1,2,1,2,1,2,2,1,2,1,0,1,0,1,2,1,0,2,1,1,1,0,2,0,1,1,0,2,1,2,2,1,0,0,2,1,0,1,2,2,2,2,1,1,2
307,2,2,1,1,2,1,1,2,2,2,2,0,1,2,2,2,2,2,2,1,2,1,2,2,1,2,2,0,0,2,2,0,1,2,1,2,1,1,1,1,2,2,2,2,1,2,0,2,0,2,2,2,1,2,0,0,1,2,2,1,2,1,2,2,2,2,1,2,1,1,2,2,2,2,2,1,2,1,2,1,2,2,1,2,1,0,1,0,2,2,1,0,2,1,1,1,0,2,0,1,2,0,2,1,2,2,1,0,0,2,0,0,1,2,2,2,1,1,1,2
308,2,2,1,1,0,1,1,2,2,2,2,0,1,2,2,2,2,2,2,1,2,1,2,2,1,2,2,0,0,2,2,0,1,2,1,2,1,1,1,1,2,2,2,0,1,2,0,2,0,2,2,2,1,2,0,0,1,2,2,2,2,1,2,2,2,2,2,1,1,1,2,2,2,2,2,1,2,1,2,1,2,2,1,2,1,1,1,2,0,2,1,0,2,1,1,2,0,2,0,1,2,0,2,1,2,2,1,0,0,2,0,2,1,2,1,2,1,1,1,2
309,2,2,1,1,0,1,1,2,2,2,2,0,1,2,2,2,2,2,2,0,2,1,2,2,1,2,2,0,0,2,2,0,1,2,1,2,1,1,1,1,2,2,2,0,1,2,0,2,0,2,2,2,1,2,0,0,1,2,2,0,2,1,2,2,2,2,2,1,1,1,2,2,2,2,2,1,2,1,2,1,2,2,1,2,1,2,1,2,2,2,1,0,2,1,1,2,0,2,0,1,2,0,2,1,2,2,1,0,0,2,1,0,1,2,1,2,1,1,1,2
310,2,2,1,1,0,1,1,2,2,2,2,0,1,0,2,2,2,2,2,1,2,1,2,2,2,2,2,2,0,2,2,0,1,2,1,2,1,1,1,1,2,2,2,0,1,2,0,2,0,2,2,2,1,2,0,0,1,2,2,0,2,1,2,2,2,2,2,1,1,1,2,2,2,2,2,1,2,1,2,1,2,2,1,2,1,1,1,2,1,2,1,0,2,1,1,2,0,2,0,1,2,0,2,1,2,2,1,0,0,2,0,0,1,2,1,2,1,1,1,2
311,2,2,2,1,0,1,1,0,2,2,2,0,1,1,2,2,2,2,2,1,2,1,2,2,1,2,2,0,0,2,2,0,1,2,1,2,1,1,1,1,2,2,2,0,1,2,0,2,0,2,2,2,1,2,0,0,1,2,2,0,2,1,2,2,2,2,2,1,1,1,2,2,2,1,2,1,2,1,2,1,2,2,1,2,1,2,1,2,2,2,1,0,2,1,1,1,0,2,0,1,1,0,2,1,2,2,1,0,0,1,0,0,1,1,1,2,1,1,1,2
312,2,2,2,1,0,1,1,0,2,2,2,0,1,1,2,2,2,2,2,0,2,2,2,2,2,2,2,0,0,2,2,0,1,2,1,2,1,1,1,1,2,2,2,2,1,2,0,2,0,2,2,2,1,2,0,0,1,2,2,0,2,1,2,2,2,2,2,1,1,1,2,2,2,2,2,1,2,1,2,1,2,2,1,2,0,1,2,2,1,0,1,0,2,1,1,2,0,2,0,1,0,0,2,1,2,2,1,0,0,2,2,0,1,2,2,2,1,1,1,2
313,2,2,2,1,0,1,1,2,2,2,2,0,1,1,2,2,2,2,2,1,2,2,2,2,1,2,2,0,0,2,2,0,1,2,1,2,1,1,1,1,2,2,2,0,1,2,0,2,0,2,2,2,1,2,0,0,1,2,2,0,2,1,2,2,2,2,2,1,1,2,2,2,2,2,2,1,2,1,2,1,2,2,1,2,2,2,2,2,1,2,1,0,2,1,1,1,0,2,0,1,1,0,2,1,2,2,1,0,0,2,2,0,1,1,2,2,1,1,1,2
314,2,0,2,1,0,1,1,0,2,2,2,0,1,1,2,2,2,2,2,0,2,1,2,2,1,2,2,0,0,2,2,0,1,2,1,2,1,1,1,1,2,2,2,2,1,2,0,2,0,2,2,2,1,2,0,0,1,2,2,0,2,1,2,2,2,2,2,1,1,2,2,2,2,2,2,1,2,1,2,1,2,2,1,2,2,1,2,2,0,2,1,0,2,1,1,1,0,2,0,1,2,0,2,1,2,2,1,0,0,2,2,0,1,1,2,2,1,1,1,2
315,2,2,1,1,0,1,1,0,2,2,2,0,1,1,2,2,2,2,2,1,2,1,2,2,1,2,2,0,0,2,2,0,1,2,1,2,1,1,1,1,2,2,2,0,1,2,0,2,0,2,2,2,1,2,0,0,1,2,2,0,2,1,2,2,2,2,2,1,1,2,2,2,2,2,2,1,2,1,2,1,2,1,1,2,2,2,2,1,2,2,1,0,2,1,1,1,0,2,0,1,2,0,2,1,2,2,1,0,0,2,2,0,1,1,1,2,1,1,1,2
316,2,0,1,1,0,1,1,2,2,2,2,0,1,0,2,2,2,2,2,1,2,1,2,2,1,2,2,0,0,2,2,0,1,2,1,2,1,1,1,1,2,2,2,0,1,2,0,2,0,2,2,2,1,2,0,0,1,2,2,0,1,1,2,2,2,2,2,2,1,2,2,2,2,2,2,1,2,1,2,1,2,1,1,2,2,2,2,1,0,2,1,0,2,1,1,1,0,2,0,1,2,0,2,1,2,2,2,0,0,1,2,2,1,2,2,2,1,1,1,2
317,2,2,1,2,0,1,1,0,2,2,2,0,1,0,2,2,2,2,2,1,2,1,2,2,1,2,2,0,0,2,2,0,1,2,1,2,1,1,1,1,2,2,2,0,0,2,0,2,0,2,2,2,1,2,0,0,1,2,2,0,2,1,2,2,2,2,2,2,1,2,2,2,2,2,2,1,2,1,2,1,2,1,1,2,2,2,2,1,2,2,1,0,2,1,1,2,0,2,0,1,2,0,2,1,2,2,0,0,0,2,2,2,1,2,2,2,1,1,1,2
318,2,2,1,1,0,1,1,0,2,2,2,0,1,1,2,2,2,2,2,1,2,1,2,2,1,2,2,0,0,2,2,0,1,2,1,2,1,1,1,1,2,1,2,2,2,2,0,2,0,2,2,2,1,2,0,0,1,2,2,0,2,1,2,2,2,2,2,2,1,2,2,2,2,2,2,1,2,1,2,1,2,1,1,2,2,2,2,1,0,2,1,0,2,1,1,1,0,2,0,1,2,0,2,1,2,2,0,0,0,2,2,0,2,1,2,2,1,1,1,2
319,2,0,1,2,0,1,1,0,2,2,2,0,1,1,2,2,2,2,2,1,2,1,1,2,1,2,2,2,0,2,2,0,1,2,1,2,1,1,1,1,1,2,2,2,2,2,0,2,0,2,2,2,1,0,0,0,1,2,2,0,2,1,2,2,2,2,2,2,1,2,2,2,2,2,2,1,2,1,2,1,2,1,1,2,2,2,2,2,0,0,1,0,1,1,1,0,0,2,0,1,2,0,2,1,2,2,1,0,0,2,0,2,2,1,2,2,1,1,1,1
320,2,0,2,1,0,1,1,0,2,2,2,0,1,2,2,2,2,2,2,1,2,1,2,2,1,2,2,0,0,2,2,0,1,2,1,2,1,1,1,1,0,2,2,2,0,2,0,2,0,2,2,2,1,2,0,0,1,2,2,0,2,1,2,2,2,2,2,2,1,2,2,2,2,2,2,1,2,1,2,1,2,1,1,2,1,1,2,2,2,2,1,0,2,1,1,2,0,2,0,1,2,0,2,1,2,2,1,0,0,1,1,0,2,1,2,2,1,1,1,1
321,2,0,1,1,1,1,1,0,2,2,2,0,1,2,2,2,2,2,2,1,2,1,2,2,1,2,2,0,0,2,2,0,1,2,1,2,1,1,1,1,0,2,2,0,1,2,0,2,0,2,2,2,1,2,0,0,1,2,2,0,2,1,2,2,2,2,2,2,1,2,2,2,2,2,2,1,2,1,2,1,1,2,1,2,1,2,2,2,2,2,1,0,2,1,1,2,0,2,0,1,2,0,2,1,2,2,1,0,0,1,1,0,2,1,2,2,2,1,1,1
322,2,0,1,1,2,1,1,2,2,2,2,0,1,2,2,2,2,2,2,1,2,1,2,2,1,1,2,0,0,2,2,0,1,2,1,2,1,1,1,1,0,2,2,0,1,2,0,2,0,2,2,2,1,2,0,0,1,2,2,0,2,1,2,2,2,2,2,2,1,2,2,2,2,2,1,1,2,1,2,1,2,2,1,2,1,0,2,2,2,2,1,0,2,1,1,2,0,2,0,1,1,0,2,1,2,2,1,0,0,1,1,0,1,1,2,2,1,1,1,1
323,1,2,1,2,2,1,1,2,2,2,2,0,1,2,2,2,2,2,2,1,2,1,2,2,1,2,2,0,0,2,2,0,1,2,1,2,1,1,1,1,0,2,2,0,1,2,0,2,0,2,2,2,1,2,0,0,1,2,2,0,2,2,2,2,2,2,2,1,1,2,2,2,0,2,2,1,2,1,2,1,2,2,1,2,1,0,2,2,2,2,1,0,1,1,1,2,0,2,0,1,2,0,2,1,2,2,1,0,0,1,0,0,1,1,1,2,1,1,1,1
324,1,0,1,2,2,1,1,2,2,2,2,0,1,2,2,2,2,0,2,1,2,1,2,2,1,2,2,0,0,2,2,0,1,2,1,2,1,1,1,1,0,2,2,2,1,2,0,2,0,2,2,2,1,2,0,0,1,2,2,0,2,1,2,2,2,2,2,2,1,2,2,2,1,2,2,1,2,1,2,1,2,2,1,2,0,1,2,2,2,2,1,0,2,1,1,2,0,2,0,1,2,0,2,1,2,2,1,0,0,1,2,0,1,1,2,2,1,1,1,1
325,0,0,1,2,2,1,1,2,2,2,2,0,1,2,2,2,2,2,2,1,2,1,2,2,1,2,2,0,0,2,2,0,1,2,1,2,1,1,1,1,0,2,2,2,2,2,0,2,0,2,2,1,1,2,0,0,1,2,2,0,1,1,2,2,2,2,2,2,1,2,2,2,1,2,2,1,2,1,2,1,2,2,1,2,0,2,2,0,2,2,1,0,2,1,1,2,0,2,0,1,2,0,2,1,2,2,1,0,0,1,2,0,1,1,1,2,2,1,1,2
326,0,2,1,2,2,1,1,2,2,2,2,0,1,2,2,2,2,2,2,1,2,1,2,2,1,2,2,0,0,2,2,0,1,2,1,2,1,1,1,1,0,2,2,2,2,2,0,2,0,2,2,1,1,2,0,0,1,2,2,0,1,1,2,2,2,2,2,2,1,2,2,2,0,2,2,1,2,1,2,1,2,2,1,2,0,2,2,0,0,2,1,0,2,1,1,2,0,2,0,1,2,0,2,1,2,2,2,0,0,1,1,0,1,1,1,2,1,1,2,2
327,1,0,1,2,2,1,1,2,2,1,2,0,1,0,2,2,2,2,2,1,2,1,2,2,1,2,2,0,0,2,2,0,1,2,1,0,1,1,1,1,0,2,2,0,2,2,0,2,0,2,2,1,1,2,0,0,1,2,2,0,2,1,2,2,2,2,2,2,1,2,2,1,1,2,2,1,2,1,2,1,2,2,1,2,1,2,2,2,0,2,1,0,2,1,1,2,0,2,0,1,2,0,2,1,2,2,2,0,0,2,2,0,1,1,2,2,1,1,2,2
328,2,2,1,2,2,1,1,0,2,0,2,0,1,1,2,2,2,2,2,0,2,1,2,2,1,2,2,0,0,2,2,0,1,2,1,2,1,1,1,1,0,2,2,2,2,2,0,2,0,2,2,2,1,2,0,0,1,2,2,0,2,1,2,2,2,2,1,2,1,2,2,1,1,2,2,1,2,1,2,1,2,2,1,2,1,1,2,2,2,2,1,0,2,1,1,2,0,2,0,1,1,0,2,1,2,2,2,0,0,2,2,0,1,1,2,2,1,2,2,2
329,2,0,1,2,2,1,1,2,2,1,2,0,1,2,2,2,2,2,2,0,2,1,2,2,1,2,2,0,0,2,2,0,1,2,1,2,1,1,1,1,0,2,2,2,1,2,0,2,0,2,2,2,1,2,0,0,1,2,2,0,2,1,2,2,2,2,2,2,1,2,2,2,1,2,2,1,2,1,2,1,2,2,1,2,1,2,2,2,2,0,1,0,2,1,1,2,0,2,0,1,2,0,2,1,2,2,0,0,0,2,2,0,1,1,2,2,1,2,2,2
330,2,0,1,2,2,1,1,2,2,0,2,1,1,2,2,2,2,2,2,0,2,1,1,2,1,2,2,0,0,2,2,0,1,2,2,2,1,1,1,1,2,2,2,2,1,2,0,2,0,2,2,2,1,2,0,0,1,2,2,0,2,1,2,2,2,2,1,2,1,2,2,2,1,2,2,1,2,1,2,1,2,2,1,2,1,1,2,0,2,2,1,0,2,1,1,2,0,2,0,1,2,0,2,1,2,2,1,0,0,2,2,0,1,1,2,2,1,2,1,2
331,2,2,2,2,2,1,1,2,2,0,2,1,1,2,2,2,2,2,1,0,2,1,1,2,1,2,2,0,0,2,2,0,1,2,2,2,1,1,1,1,2,2,2,2,0,2,0,2,0,2,2,2,1,2,0,0,1,2,2,0,2,1,2,2,1,2,0,2,1,2,2,2,1,2,2,1,2,1,2,1,2,2,1,2,0,2,2,0,2,2,1,0,2,1,1,2,0,2,0,1,2,0,2,1,2,2,1,0,0,2,1,0,1,1,2,2,1,2,2,2
332,2,2,2,2,2,1,1,2,2,0,2,0,1,2,2,2,2,2,2,0,1,1,2,2,1,2,2,0,0,2,2,0,1,2,2,2,1,1,1,1,2,2,2,0,0,2,0,2,0,2,2,2,1,2,0,0,1,2,2,0,2,1,2,2,2,2,0,2,1,2,2,2,1,2,2,1,2,1,2,1,2,2,1,2,0,2,2,0,2,2,1,0,2,1,1,2,2,2,0,1,2,0,2,1,2,0,1,0,0,2,1,0,1,1,2,2,1,2,2,2
333,2,2,1,2,2,1,1,2,2,1,2,0,1,2,2,2,2,1,2,1,1,1,2,2,1,2,2,0,0,2,2,0,1,2,2,1,1,1,1,1,2,2,2,0,0,2,0,2,0,2,2,2,1,2,0,0,1,2,2,0,2,1,2,2,1,2,1,2,1,2,2,2,1,2,2,1,2,1,2,1,2,2,1,2,1,2,2,2,2,2,1,0,2,1,1,2,2,2,0,1,2,0,2,1,2,2,0,0,0,2,2,2,1,1,2,2,1,2,2,2
334,2,2,1,2,2,1,1,2,2,1,2,0,1,2,2,2,2,1,2,1,2,1,2,2,1,2,2,0,0,2,2,0,1,2,2,2,1,1,1,1,2,2,2,2,0,2,0,2,0,2,2,2,1,2,0,0,1,2,2,0,2,1,2,2,2,2,1,2,1,2,2,1,1,2,2,1,2,2,2,1,2,2,1,2,1,2,2,2,2,0,1,0,2,1,1,2,2,2,0,1,2,0,2,1,2,2,2,0,0,0,2,2,1,1,2,2,1,2,2,2
335,2,2,2,2,2,1,1,2,2,0,2,0,1,2,2,2,2,1,2,0,2,1,2,2,1,2,2,0,0,2,2,0,1,2,2,2,1,1,1,1,2,2,2,2,2,2,0,2,0,2,2,2,1,2,0,0,1,2,2,0,2,1,2,2,2,2,1,2,1,2,2,2,1,2,2,1,2,2,2,1,2,2,1,2,2,2,2,1,2,2,1,0,2,1,1,2,2,2,0,1,2,0,2,1,2,0,2,0,0,0,2,2,1,1,2,2,1,2,2,2
336,2,2,2,2,2,1,1,2,2,0,2,0,1,2,2,2,2,2,2,1,2,1,1,2,2,2,2,0,0,2,2,0,1,2,2,1,1,1,1,1,2,2,2,0,2,2,0,2,0,2,2,2,1,2,0,0,1,2,2,0,2,1,2,2,2,2,1,2,1,2,2,2,1,2,2,1,2,1,2,0,2,2,1,2,2,2,2,2,1,2,1,1,2,1,1,2,2,2,0,1,2,0,2,1,2,2,2,0,0,1,2,2,1,1,2,2,1,2,2,2
337,2,2,1,2,2,1,1,2,2,1,2,0,1,2,2,2,2,2,2,1,2,1,1,2,2,2,2,0,0,2,2,0,1,2,2,1,1,1,1,1,2,2,2,2,1,2,0,2,1,2,2,2,1,2,0,0,1,2,2,0,2,1,2,2,2,2,1,2,1,2,2,2,1,2,2,1,2,2,2,1,2,2,1,2,2,2,2,2,2,2,1,1,2,1,1,2,2,2,0,1,2,0,2,1,2,2,2,0,2,2,2,1,1,1,2,2,2,2,2,2
338,1,2,1,2,2,1,1,2,2,2,2,0,1,2,2,2,2,1,2,1,2,2,1,2,2,2,2,0,0,2,2,2,1,2,2,2,1,1,1,1,2,2,2,2,1,2,0,2,1,2,2,2,1,0,0,0,1,2,2,0,2,1,2,2,2,2,1,2,1,1,2,1,1,2,2,1,2,2,2,1,1,2,2,2,2,2,2,2,2,2,1,1,2,1,1,2,2,2,0,1,2,0,2,1,2,2,2,0,2,0,2,1,1,1,2,2,1,2,2,2
339,1,0,2,2,2,1,1,2,2,2,2,0,1,2,2,2,2,1,2,0,2,2,1,2,2,2,2,0,0,2,2,0,1,2,2,2,1,1,1,1,2,2,2,2,2,2,0,2,1,2,2,2,1,2,0,0,1,2,2,0,2,1,2,2,2,2,1,1,1,1,2,1,1,2,2,1,2,2,2,1,2,2,0,2,2,2,2,2,2,0,1,1,2,1,1,2,1,2,0,1,1,0,2,1,2,2,2,0,2,0,2,1,1,1,2,2,1,2,2,2
340,2,2,1,2,0,1,1,2,2,2,2,1,1,2,2,2,2,2,2,0,1,1,1,2,2,2,2,2,0,2,2,0,1,2,2,2,1,1,1,1,2,2,2,0,1,2,0,2,1,2,2,2,1,2,0,0,1,2,2,0,2,1,2,2,2,2,1,1,1,1,2,1,1,2,2,1,2,1,2,1,2,2,2,2,0,2,2,2,2,0,1,1,2,1,1,2,1,2,0,1,1,0,2,1,2,2,1,0,2,0,2,1,1,1,2,2,1,2,1,2
341,2,0,1,2,1,1,1,2,2,2,2,1,1,2,2,2,2,2,2,0,1,1,2,2,2,2,2,0,0,2,2,0,1,2,2,2,1,1,1,1,2,2,2,2,1,2,0,2,1,2,2,2,1,2,0,0,1,2,2,0,2,1,2,2,2,2,1,2,1,1,2,1,1,2,2,1,2,1,2,1,2,2,0,2,1,1,2,0,2,2,1,1,2,1,1,2,1,2,0,1,2,0,2,1,2,2,2,0,2,0,2,1,1,1,2,2,1,2,1,2
342,2,2,2,2,0,1,1,2,2,2,2,1,1,2,2,2,2,2,2,0,1,1,2,2,2,2,2,0,0,2,2,0,1,2,2,2,1,1,1,1,2,2,2,2,1,2,0,2,1,2,2,2,1,2,0,0,1,2,2,0,2,1,2,2,2,2,1,2,1,1,2,1,1,2,2,1,2,2,2,1,2,2,0,2,1,1,2,0,2,0,1,1,2,1,1,2,1,2,0,1,2,0,2,1,2,1,2,0,2,0,2,1,1,1,2,2,2,2,1,2
343,0,2,2,2,0,1,1,2,2,2,2,0,1,2,2,2,2,2,2,1,1,1,2,2,2,2,2,0,0,2,2,0,1,2,2,2,1,1,1,1,2,2,2,2,1,2,0,2,1,2,2,2,1,2,0,0,1,2,2,0,2,1,2,2,2,2,1,2,1,1,2,1,2,2,2,1,2,2,2,1,2,2,0,2,1,1,2,0,2,0,1,2,2,1,1,1,1,2,0,1,2,0,2,1,2,1,2,0,2,0,2,2,1,1,2,2,1,2,1,2
344,2,2,2,1,0,1,1,2,2,2,2,0,1,2,2,2,2,1,1,0,1,2,2,2,2,2,2,2,0,2,2,0,1,2,2,2,1,1,1,1,2,2,2,2,0,2,0,2,1,2,2,2,1,2,0,0,1,2,2,0,2,1,2,2,2,2,1,2,1,1,2,1,2,2,2,1,2,2,2,1,2,2,0,2,2,1,2,0,0,2,1,1,2,1,1,2,1,2,0,1,2,0,2,1,2,2,2,0,2,0,2,0,1,1,2,2,1,2,1,1
345,2,2,2,1,0,1,1,2,2,2,2,1,1,2,1,2,2,1,1,0,1,2,2,2,2,2,2,0,0,2,2,0,1,2,2,2,1,1,1,1,2,2,2,2,0,2,0,2,1,2,2,2,1,2,0,0,1,2,2,0,2,1,2,2,2,2,1,2,1,1,2,1,2,0,2,1,2,2,2,1,2,2,0,2,2,1,2,0,1,0,1,1,2,1,1,2,1,2,0,1,2,0,2,1,2,2,2,0,2,0,2,2,1,1,2,2,1,2,1,1
346,2,2,2,1,0,1,1,2,2,2,2,1,1,2,2,2,2,1,1,0,1,1,2,2,2,2,2,0,0,2,2,0,1,2,2,2,1,1,1,1,2,2,2,0,0,2,0,2,2,2,2,2,1,2,0,0,1,2,2,0,2,1,2,2,2,2,1,2,1,1,2,1,2,0,2,1,2,2,2,1,2,2,0,2,2,2,2,2,2,2,1,1,2,1,1,2,1,2,0,1,2,0,2,1,2,1,2,0,2,0,2,1,1,1,2,2,1,2,1,1
347,2,2,2,2,0,1,1,2,2,2,2,1,1,2,2,2,2,1,1,0,1,2,2,2,0,2,2,0,0,2,2,0,1,2,2,2,1,1,1,1,2,2,2,2,0,2,0,2,0,2,2,2,1,2,0,0,1,2,2,0,2,1,2,2,2,2,1,2,1,2,2,2,2,0,2,1,2,2,2,1,2,2,0,2,2,1,2,2,2,2,1,1,2,1,1,2,1,2,0,1,2,0,2,1,2,1,1,0,2,0,2,0,1,2,2,2,1,2,1,1
348,2,2,1,1,0,1,1,2,2,2,2,1,1,2,2,2,2,1,1,0,1,2,2,2,1,2,2,0,0,2,2,0,1,2,2,2,1,1,1,1,2,2,2,2,1,1,0,2,0,2,2,2,1,0,0,0,1,2,2,0,2,1,2,2,2,2,1,2,1,2,2,2,2,0,2,1,2,2,2,1,2,2,0,2,2,1,2,2,2,0,1,1,2,1,1,1,1,2,0,1,2,0,2,1,2,2,0,0,2,0,2,0,1,2,2,2,1,2,1,1
349,2,2,2,1,0,1,1,2,2,2,2,1,1,2,2,2,2,1,2,1,1,2,2,2,1,2,2,0,0,2,2,0,1,2,2,2,1,1,1,1,2,2,2,0,1,1,0,2,0,2,2,2,1,2,0,0,1,2,2,0,2,1,2,2,2,2,2,2,1,2,2,2,2,0,2,1,2,1,2,1,2,2,0,2,2,1,2,0,2,0,1,1,2,1,1,2,1,2,0,1,1,0,2,1,2,2,1,0,2,0,2,0,1,2,2,2,1,2,1,1
350,2,2,2,1,0,1,1,2,2,2,2,0,1,2,2,2,2,2,1,0,1,1,2,2,2,2,2,0,0,2,2,0,1,2,2,2,1,1,1,1,2,2,2,0,1,1,0,2,2,2,2,2,1,2,0,0,1,2,2,0,2,1,2,2,2,1,2,2,1,2,0,2,2,0,2,1,2,1,2,1,2,2,0,2,2,2,2,0,2,2,1,1,2,1,1,2,1,2,0,1,1,0,2,1,2,2,0,0,2,0,2,2,1,2,2,2,1,2,1,1
351,2,2,2,1,0,1,1,2,2,2,2,1,1,2,2,2,2,1,1,0,0,1,2,2,2,2,2,0,0,2,2,0,1,2,2,2,1,1,1,1,2,2,2,2,1,1,0,2,2,2,2,2,1,2,0,0,1,2,2,0,2,1,2,2,2,1,2,2,1,2,2,2,2,0,2,1,2,1,2,1,2,2,0,2,2,1,2,0,2,2,1,1,2,1,1,2,1,2,0,1,2,2,2,1,2,2,1,0,2,0,2,0,1,2,2,2,1,2,1,1
352,2,2,1,1,0,1,1,2,2,2,2,0,1,0,2,2,2,1,1,1,1,2,2,2,2,2,2,0,0,2,2,0,1,2,2,2,1,1,0,1,2,2,2,2,1,1,0,2,2,2,2,2,1,2,0,0,1,2,2,0,2,1,2,2,2,2,2,2,1,2,2,2,2,0,2,1,2,1,2,1,1,2,2,2,2,1,2,0,2,0,1,1,2,1,1,2,1,2,0,1,2,0,2,1,2,2,1,0,2,0,2,2,1,1,2,2,1,2,2,1
353,2,2,1,1,0,1,1,2,2,2,2,0,1,1,2,2,2,1,2,1,2,1,2,2,2,2,2,0,0,2,2,0,1,2,2,2,1,1,2,1,2,2,2,0,2,1,0,2,2,2,2,2,1,2,0,0,1,2,2,0,2,1,2,2,2,2,2,2,1,2,2,2,1,2,0,1,2,1,2,1,2,2,0,2,2,1,2,0,2,2,1,1,2,1,1,2,1,2,0,1,2,0,2,1,2,2,1,0,2,0,2,2,1,1,1,2,1,2,2,1
354,2,2,1,1,0,1,1,2,2,2,2,0,1,1,1,2,2,2,2,1,1,1,2,2,2,2,2,0,0,2,2,0,1,2,2,2,1,1,1,1,2,2,2,2,2,1,0,2,2,2,2,2,1,2,0,0,1,2,2,0,2,1,2,2,2,2,2,2,1,2,2,1,1,2,2,1,2,1,2,1,2,2,0,2,2,1,2,2,2,0,1,1,2,1,1,1,1,2,0,1,2,0,2,1,2,2,1,0,2,0,2,2,1,1,1,2,1,2,1,1
355,2,2,2,1,0,1,1,2,2,2,2,0,1,2,1,2,2,1,1,1,1,1,2,2,2,2,2,0,0,2,2,0,1,2,2,2,1,1,1,1,2,2,2,2,1,1,0,2,2,2,2,2,1,2,0,0,1,2,2,0,2,1,2,2,2,2,2,2,1,2,2,1,1,2,2,1,2,1,2,1,2,2,0,2,2,2,2,2,2,2,1,1,2,1,1,2,1,2,0,1,2,0,2,1,2,2,1,0,2,0,2,2,1,1,1,2,1,2,1,1
356,2,0,1,1,0,1,1,2,2,2,2,0,1,2,2,2,2,1,2,1,1,1,2,2,2,2,2,0,0,2,2,0,1,2,2,2,1,1,1,1,2,2,2,0,1,1,0,2,2,2,2,2,1,2,0,0,1,2,2,0,2,1,2,1,1,2,2,2,1,2,2,2,2,2,2,1,2,1,2,1,2,2,0,2,1,2,2,2,1,2,1,1,2,1,1,1,2,2,0,1,2,0,2,1,2,2,1,0,2,0,2,1,1,1,1,2,1,2,1,1
357,2,2,1,1,0,1,1,0,2,2,2,0,1,2,2,2,2,2,2,1,1,1,2,2,2,2,2,0,0,2,2,0,1,2,2,2,1,1,1,1,2,2,2,0,0,1,0,2,2,2,2,2,1,2,0,0,1,2,2,0,2,1,2,1,2,2,2,2,1,2,2,2,2,2,2,1,2,1,2,1,2,1,0,2,1,2,2,2,2,2,1,1,2,1,1,1,2,2,0,1,2,0,2,1,2,2,1,0,2,0,2,1,1,1,1,2,1,2,1,1
358,2,2,2,2,0,1,1,0,2,2,2,0,1,2,2,2,2,2,2,1,1,1,2,2,2,2,2,0,0,2,2,0,1,2,2,2,1,1,1,1,2,2,2,2,2,1,2,2,1,2,2,2,1,2,0,0,1,2,2,0,2,1,2,2,2,2,2,2,1,2,2,2,2,2,2,1,2,2,2,1,2,1,0,1,1,1,2,2,2,2,1,1,2,1,1,1,1,2,0,1,2,0,2,1,2,2,1,0,2,0,2,1,1,1,2,2,2,2,1,1
359,2,2,2,2,0,1,1,0,2,2,2,0,1,2,2,2,2,2,1,1,1,1,2,2,2,2,2,0,0,2,2,0,1,2,2,2,1,1,1,1,2,2,2,2,2,1,2,2,1,2,2,2,1,2,0,0,1,2,2,0,2,1,2,2,2,2,2,2,1,2,2,2,2,2,2,1,2,2,2,1,2,2,0,1,1,1,2,2,2,2,1,1,2,1,1,1,1,2,0,1,2,0,2,1,2,0,1,0,2,0,2,1,1,1,2,2,1,2,1,1
360,2,2,2,2,0,1,1,0,2,2,2,1,1,2,2,2,2,2,2,1,1,1,2,2,2,2,2,0,0,2,2,0,1,2,2,2,1,1,1,1,2,2,2,2,1,2,2,2,1,2,2,2,1,2,0,0,1,2,2,0,2,1,2,2,2,2,2,2,1,2,2,2,2,2,0,1,2,1,2,1,2,1,0,2,0,1,2,0,2,2,1,1,2,1,1,2,1,2,0,1,2,0,2,1,2,2,1,0,2,0,2,1,2,1,1,2,1,2,1,1
361,2,2,2,2,0,1,1,2,2,2,2,0,1,2,2,2,2,1,2,1,1,1,2,2,2,2,2,0,0,2,2,0,1,2,2,2,1,1,1,1,2,2,2,2,2,2,2,2,0,2,2,2,1,2,0,0,1,2,2,0,1,1,2,2,2,2,2,2,1,2,2,2,2,2,0,1,2,1,2,1,2,2,0,2,1,1,0,0,2,2,1,1,2,1,1,2,1,2,0,1,2,0,2,1,2,2,1,0,2,0,2,1,2,1,2,2,1,2,1,1
362,2,2,2,2,0,1,1,2,2,2,2,0,1,2,2,2,2,1,2,1,1,2,2,2,2,1,2,0,0,2,2,0,1,2,2,2,1,1,1,1,2,2,2,0,2,2,2,2,0,2,2,2,1,2,0,0,1,2,2,0,2,1,2,2,2,2,2,2,1,2,2,2,2,2,2,1,2,1,2,1,2,2,0,2,0,1,0,0,2,2,1,1,2,1,1,2,1,2,0,1,2,0,2,1,2,2,1,0,2,0,0,1,2,1,1,2,1,2,1,1
363,2,2,2,2,1,1,1,0,2,2,2,0,1,2,2,2,2,1,2,1,0,1,2,2,2,2,2,0,0,2,2,0,1,2,2,2,1,1,1,1,2,2,2,2,1,2,2,2,2,2,2,2,1,2,0,0,1,2,2,0,2,1,2,2,2,2,2,2,2,2,2,2,2,2,2,1,2,1,2,1,2,2,0,2,2,1,0,0,2,2,1,1,2,1,1,2,1,2,0,1,2,0,2,1,2,2,1,0,2,0,0,1,2,1,1,2,2,2,2,1
364,2,2,2,2,1,1,1,2,2,2,2,0,1,2,2,2,2,1,2,1,0,1,2,2,2,2,2,0,0,2,2,0,1,2,2,2,1,1,1,1,2,2,2,2,0,2,2,2,2,0,2,2,1,2,0,0,1,2,2,0,2,1,2,2,2,2,2,2,2,2,2,2,2,0,2,1,2,1,2,1,2,2,0,2,2,1,0,0,2,2,1,1,2,1,1,2,1,2,0,1,0,0,2,1,2,2,1,0,2,0,0,2,2,1,1,2,1,2,2,1
365,2,2,2,2,1,1,1,2,2,2,2,0,1,2,2,2,2,1,1,1,0,2,1,2,1,2,2,0,0,2,2,0,1,2,2,2,1,1,1,1,2,2,2,2,0,2,2,2,2,2,2,2,1,2,0,0,1,1,2,0,2,1,2,2,2,2,2,1,2,2,2,2,2,0,2,1,2,1,2,1,2,2,1,2,2,1,0,0,2,2,1,1,2,1,1,2,1,2,0,1,0,0,2,1,2,2,1,0,2,0,0,0,2,1,2,2,1,2,2,1
366,2,0,1,2,1,1,1,2,2,2,2,0,1,2,2,2,2,1,1,1,0,2,1,2,1,2,2,0,0,2,2,0,1,2,2,1,1,1,1,1,2,2,2,2,0,2,2,2,1,2,2,2,1,2,0,0,0,1,2,2,2,1,2,2,2,2,2,2,2,2,2,2,2,0,2,1,2,1,2,1,2,2,1,2,2,1,0,0,2,2,1,1,2,1,1,2,1,2,0,1,1,0,2,1,2,2,1,0,2,0,0,0,1,1,2,2,1,2,1,1
367,2,2,1,2,1,1,1,0,2,2,2,0,1,1,2,2,2,1,1,0,0,2,1,2,1,2,2,0,0,2,2,0,1,2,2,1,1,1,1,1,2,2,2,2,0,2,2,2,1,2,2,2,1,2,0,0,1,1,2,2,2,1,2,2,2,2,2,1,2,2,2,2,2,0,2,1,2,1,2,1,2,1,1,2,2,2,0,2,0,2,1,1,2,1,1,2,1,2,0,1,2,0,2,1,2,2,1,0,2,0,1,0,1,1,1,2,2,2,2,1
368,2,2,1,2,1,1,1,2,2,2,2,0,1,1,2,2,2,1,1,0,0,2,1,2,1,2,2,2,0,2,2,0,1,2,2,1,1,1,1,1,2,2,2,2,0,2,2,2,1,2,2,2,1,2,0,0,1,0,2,2,2,1,2,2,1,2,2,1,2,2,2,2,2,0,2,1,2,1,2,1,2,1,1,2,2,2,0,2,2,2,1,1,2,1,1,0,1,2,0,1,2,0,2,1,2,0,1,0,2,0,0,0,1,1,2,2,2,2,1,1
369,2,2,1,2,1,1,1,0,2,2,2,0,1,1,2,2,2,1,1,0,0,2,1,2,2,2,2,0,0,2,2,0,1,2,2,2,1,1,1,1,0,2,2,2,1,2,2,2,1,2,2,2,1,2,0,0,1,0,2,1,2,1,2,2,2,2,2,1,2,2,2,2,2,0,2,1,2,1,2,1,2,2,1,2,2,2,1,2,2,2,1,1,2,1,1,0,1,2,0,1,2,0,2,1,2,2,1,0,2,0,1,0,2,2,2,2,1,2,1,1
370,2,2,1,2,1,1,1,0,2,2,2,0,1,2,1,2,2,1,2,1,0,2,1,2,2,2,2,0,0,2,2,2,1,2,2,2,1,1,1,1,0,2,2,2,0,2,2,2,2,2,2,2,1,2,0,0,1,0,2,1,2,1,2,2,2,2,2,1,2,2,2,2,2,0,2,1,2,1,2,1,2,2,1,2,2,1,1,2,2,2,1,2,1,2,1,2,1,2,0,2,2,0,2,1,2,2,2,0,2,0,0,2,2,1,1,2,1,2,1,1
371,2,2,1,2,1,1,1,0,2,2,2,0,1,2,1,2,2,1,2,1,1,2,1,2,1,2,2,0,0,2,2,0,1,2,2,2,1,1,1,1,0,2,2,0,0,2,1,2,1,2,2,2,1,2,0,0,1,0,2,1,2,1,2,2,2,2,2,1,2,2,2,2,2,0,2,1,2,1,2,1,2,2,1,2,2,2,1,2,2,2,1,1,2,2,1,2,1,2,0,1,2,0,2,1,2,2,2,0,2,0,0,0,2,1,2,2,1,2,2,1
372,2,0,1,2,1,1,1,0,2,2,2,0,1,2,2,2,2,2,1,1,1,1,1,2,2,2,2,0,0,2,2,0,1,2,2,2,1,1,1,1,0,2,2,2,1,2,1,2,2,2,2,2,1,2,0,0,1,0,2,1,2,1,2,2,2,2,2,1,2,2,2,1,2,2,2,1,2,1,2,1,2,2,1,2,2,2,1,2,2,2,1,1,2,2,1,2,1,2,0,1,2,0,2,1,2,2,2,0,2,0,1,0,2,1,1,2,2,2,2,2
373,2,0,2,2,1,1,1,0,2,2,2,0,1,2,2,2,2,2,1,0,1,2,1,2,1,2,2,2,0,2,2,0,0,2,2,2,1,1,1,1,0,2,2,2,0,2,2,2,1,2,2,2,1,2,0,0,1,1,2,2,2,1,2,2,2,2,2,2,2,2,2,2,2,2,2,1,2,1,2,1,2,2,1,2,2,2,1,2,2,2,1,1,2,2,1,1,1,2,0,1,2,0,2,1,2,2,1,0,2,0,1,2,2,1,2,2,2,2,1,2
374,2,2,1,2,1,1,1,2,2,2,2,0,1,2,1,2,2,2,2,0,2,1,1,2,2,2,2,0,0,2,2,0,1,2,2,2,1,1,1,1,0,2,2,2,0,2,2,2,0,2,2,2,1,2,0,0,1,1,2,2,2,1,2,2,2,2,2,2,2,2,2,2,2,2,2,1,2,1,2,1,2,2,1,2,2,2,1,2,0,0,1,1,2,2,1,1,1,2,0,1,2,0,2,1,2,2,1,0,2,0,0,1,2,1,2,2,2,2,1,2
375,2,0,1,2,1,1,1,2,2,2,2,0,1,2,1,2,2,2,2,1,2,1,1,2,2,2,2,0,0,2,2,0,1,2,2,2,1,1,1,1,0,2,2,2,1,2,2,2,2,2,2,2,1,0,0,0,1,1,2,2,2,1,2,2,2,2,2,2,2,2,2,2,2,2,2,1,2,1,2,1,2,2,1,2,2,2,1,0,2,2,1,1,1,2,1,2,1,2,0,1,2,0,2,1,2,2,0,0,2,2,1,1,2,1,1,2,2,2,1,2
376,2,2,1,2,1,1,1,2,2,2,2,1,1,2,2,2,2,2,2,1,2,1,1,2,1,2,2,0,0,2,2,0,1,2,2,2,0,1,1,1,0,2,2,2,0,2,2,2,2,2,2,2,1,2,0,0,1,1,2,2,2,1,2,2,1,2,2,2,2,2,2,2,2,2,2,1,2,1,2,1,2,2,1,2,2,2,1,0,0,2,1,1,2,2,1,2,1,2,0,1,2,0,2,1,2,2,1,0,2,2,0,1,2,1,2,2,1,2,1,2
377,2,2,1,2,1,1,1,2,2,2,2,1,1,2,2,2,2,2,2,1,2,1,2,2,2,2,2,0,0,2,2,0,1,2,2,2,0,1,1,1,0,2,2,2,0,2,2,2,0,2,2,2,1,2,0,0,1,1,2,1,2,1,2,1,2,2,2,2,2,2,2,2,2,2,2,1,2,1,2,1,2,2,1,2,2,2,1,2,0,2,1,1,2,1,1,2,1,2,0,1,2,0,2,1,2,2,1,0,2,2,0,1,2,1,2,2,1,2,2,2
378,2,2,1,2,1,1,1,1,2,2,2,1,1,1,2,2,2,1,2,1,2,1,2,2,1,2,2,0,0,2,2,0,1,2,2,2,0,1,1,1,0,2,2,2,0,2,2,2,2,2,2,2,1,2,0,0,1,1,2,1,2,1,2,2,2,2,2,0,2,2,2,2,2,2,2,1,2,1,2,1,2,2,1,2,2,2,1,2,2,2,1,1,2,1,1,2,1,2,0,1,2,0,2,1,2,0,1,0,2,1,1,1,2,1,1,2,1,2,2,2
379,2,2,1,2,1,1,1,0,2,2,2,1,1,1,2,2,2,1,2,1,2,1,2,2,1,2,2,0,0,2,2,0,1,2,2,2,1,1,1,1,0,2,2,2,0,2,2,2,2,2,2,2,1,2,0,0,1,0,2,1,2,1,2,2,2,2,2,1,2,2,2,2,1,2,2,1,2,1,2,1,2,2,1,2,2,2,1,1,2,2,1,1,2,1,1,1,1,2,0,1,2,0,2,1,2,2,0,0,2,1,0,0,2,1,1,2,1,2,2,0
380,2,2,1,2,1,1,1,0,2,2,2,0,1,0,2,2,2,2,1,1,2,1,2,2,1,2,2,0,0,2,2,0,1,2,2,2,1,1,1,1,0,2,2,2,1,2,2,2,2,2,2,2,1,2,0,0,1,1,2,1,2,1,2,2,2,2,2,1,2,2,2,2,0,2,2,1,2,1,2,1,2,2,1,2,2,2,1,2,1,0,1,1,2,1,1,2,1,2,0,1,2,0,2,1,2,0,1,0,2,1,0,2,2,1,2,2,1,2,2,0
381,2,0,1,2,0,1,1,2,2,2,2,0,1,0,2,2,2,1,2,1,2,1,2,2,2,2,2,0,0,2,2,0,1,2,2,2,1,1,1,1,0,1,2,2,0,2,2,2,2,2,2,2,1,2,0,0,1,0,2,1,2,1,2,2,2,2,1,1,2,2,2,2,1,2,2,1,2,1,2,1,2,2,1,2,2,2,1,2,2,2,1,1,2,1,1,2,1,2,0,1,1,0,2,1,2,2,0,0,2,2,2,1,2,1,2,2,1,2,1,0
382,2,2,1,1,0,1,1,0,2,2,2,0,1,2,2,2,2,2,2,1,2,1,2,2,2,2,2,0,0,2,2,0,1,2,2,2,1,1,1,1,0,2,2,2,2,2,2,2,2,2,2,2,1,2,0,0,1,1,2,1,2,1,2,2,2,2,1,1,2,2,2,2,1,2,1,1,2,1,2,1,2,2,1,2,2,2,1,2,2,2,1,1,2,1,1,2,1,2,0,1,2,0,2,1,2,2,0,0,2,2,2,2,2,1,2,2,1,2,1,0
383,2,2,1,1,2,1,1,2,2,2,2,0,1,2,2,2,2,1,2,1,2,1,2,2,2,2,2,0,0,2,2,0,1,2,2,2,1,1,1,1,0,2,2,0,2,2,2,2,2,2,2,2,1,2,0,0,1,0,2,1,2,1,2,2,2,2,2,1,2,2,2,2,1,2,0,1,2,1,2,1,2,2,1,2,2,2,1,2,0,2,1,1,2,1,1,2,1,2,0,1,2,0,2,1,2,0,0,0,2,2,2,1,2,1,2,2,2,2,1,0
384,2,2,1,1,2,1,1,2,2,2,2,0,1,2,2,2,2,1,2,1,2,1,2,2,1,2,2,0,0,2,2,2,1,2,2,2,1,1,1,1,0,2,1,2,2,2,2,2,0,2,2,2,1,2,0,0,1,0,2,1,2,1,2,2,2,2,2,1,2,2,2,2,1,2,1,1,2,1,2,1,2,2,1,2,2,1,1,2,2,2,1,1,2,1,1,2,1,2,0,1,2,0,2,1,2,0,1,0,2,2,0,1,2,1,2,2,2,2,1,0
385,2,2,1,1,2,1,1,2,2,2,2,0,1,2,2,2,2,1,2,1,2,1,2,2,2,2,2,0,0,2,2,0,1,2,1,2,1,1,1,1,0,2,1,2,1,2,2,2,2,2,2,2,1,2,0,0,1,0,2,1,2,1,2,2,2,2,2,1,2,2,2,1,1,2,2,1,2,1,2,1,2,2,1,2,2,1,1,2,2,0,1,1,2,1,1,2,1,2,0,1,2,0,2,1,2,0,0,0,2,2,1,1,2,1,2,2,2,2,2,0
386,2,0,1,1,1,1,1,2,2,2,2,0,1,0,2,2,2,2,2,1,2,1,2,2,2,2,2,0,0,2,2,2,1,2,1,2,1,1,1,1,0,2,1,0,2,1,2,2,0,2,2,2,1,2,0,0,1,0,2,1,2,1,2,2,2,2,2,1,2,2,2,1,1,2,2,1,2,1,2,1,2,2,1,2,2,1,1,2,2,2,1,1,2,1,1,2,2,2,0,1,2,0,2,1,2,0,1,0,2,2,0,1,2,1,2,2,2,2,2,0
387,2,0,1,1,1,1,1,2,2,2,2,0,1,1,2,2,2,2,2,1,2,1,2,2,1,2,2,0,0,2,2,0,1,2,1,2,1,1,1,1,0,2,1,2,2,1,2,2,2,2,2,2,1,2,0,0,1,0,2,1,2,1,2,2,2,2,2,1,2,2,2,1,1,2,2,1,2,1,2,1,2,2,1,2,2,2,1,2,2,2,1,1,2,1,1,2,2,2,0,1,2,0,2,1,2,2,1,0,0,2,1,1,2,1,1,2,1,2,2,0
388,2,0,1,1,2,1,1,2,2,2,2,0,1,0,2,2,2,2,2,1,2,1,2,2,1,2,2,0,0,2,2,0,1,2,1,2,1,1,1,1,0,2,2,0,2,1,2,2,0,2,2,2,1,2,0,0,1,0,2,1,2,1,2,2,2,2,2,1,2,2,2,1,1,2,2,1,2,1,2,1,2,2,1,2,2,0,1,0,0,2,1,1,2,1,1,2,1,2,0,1,2,0,2,1,2,2,1,0,0,2,0,2,2,1,2,2,1,2,2,0
389,2,0,1,0,2,1,1,2,2,2,2,0,1,2,2,2,1,1,2,1,2,2,1,2,2,2,2,0,0,2,2,2,1,2,1,2,1,1,1,1,0,2,2,2,2,1,2,2,2,2,2,2,1,2,0,0,1,0,2,1,2,1,2,2,2,2,2,1,2,2,2,2,1,2,2,1,2,1,2,1,2,2,1,1,2,0,1,0,2,2,1,1,2,1,1,2,1,2,0,1,2,0,2,1,2,0,1,0,0,0,0,0,2,1,2,2,1,2,1,0
390,2,0,1,0,2,1,1,2,2,2,2,0,1,2,2,2,1,1,1,1,2,2,1,2,1,2,2,2,0,2,2,0,1,2,1,2,1,1,1,1,0,2,2,0,2,1,2,2,0,2,2,2,1,2,0,0,1,1,2,1,2,1,2,2,2,2,2,1,2,2,2,1,1,2,2,1,2,1,2,1,2,2,1,2,2,0,1,2,1,2,1,1,2,1,1,2,1,2,0,1,2,0,2,1,2,2,1,0,0,0,0,0,2,1,1,2,2,2,1,0
391,2,2,1,2,1,1,1,2,2,2,2,0,1,1,2,2,1,1,1,1,2,2,1,2,1,2,2,2,0,2,2,2,1,2,1,2,1,1,1,1,0,2,2,0,2,2,2,2,1,2,2,2,1,2,0,0,1,1,2,1,2,1,2,2,2,2,2,1,2,2,2,1,1,2,2,1,2,1,2,1,2,1,1,2,2,0,1,2,1,0,1,1,2,1,1,2,1,2,0,1,2,0,2,1,2,2,1,0,0,1,2,2,2,1,1,2,1,2,2,0
392,1,2,1,2,1,1,1,0,2,2,2,0,1,1,2,2,1,1,2,1,2,1,1,2,1,2,2,0,0,2,2,0,1,2,1,2,1,1,1,1,0,2,2,2,1,2,2,2,1,2,2,2,1,2,0,0,1,0,2,1,2,1,2,2,2,2,1,1,2,2,2,2,1,2,2,1,2,1,2,1,2,1,1,2,2,0,1,2,2,2,1,1,2,1,1,1,1,2,0,1,2,0,2,1,2,2,1,0,0,1,2,2,2,1,2,2,1,2,1,0
393,2,0,1,2,1,1,1,1,2,2,2,0,1,1,2,2,1,1,1,0,2,1,1,2,1,2,2,0,0,2,2,0,1,2,1,2,1,1,1,1,0,2,2,2,1,2,2,2,2,2,2,2,1,2,0,0,1,0,2,1,2,1,2,2,2,2,1,1,2,2,2,2,0,2,2,1,2,1,2,1,2,1,1,2,2,0,1,2,2,2,1,1,2,1,1,2,1,2,0,1,2,0,2,1,2,2,1,0,0,1,2,2,2,1,2,2,1,2,1,0
394,2,2,1,2,2,1,1,1,2,2,2,0,1,0,2,2,1,1,2,1,2,1,1,2,1,2,2,0,0,2,2,0,1,2,1,2,1,1,1,1,0,2,2,0,0,2,1,2,0,2,1,2,1,2,0,0,1,1,2,2,2,1,2,2,2,2,2,1,2,2,2,2,1,2,2,1,2,1,2,1,2,1,1,2,2,0,1,1,1,2,1,1,2,1,1,2,1,2,0,1,2,0,2,1,2,0,0,0,0,1,2,0,2,1,1,2,1,2,1,0
395,2,2,1,1,2,1,1,2,2,2,2,0,1,2,2,2,1,0,1,0,2,1,1,2,1,2,2,0,0,2,2,0,1,2,1,2,1,1,1,1,0,2,2,2,0,2,2,2,1,2,2,2,1,2,0,0,1,1,2,1,2,1,2,2,2,2,1,1,2,2,2,2,2,2,2,1,2,1,2,1,2,1,1,2,2,0,1,1,1,2,1,1,2,1,1,2,1,2,0,1,2,0,2,1,2,2,1,0,0,1,2,0,2,1,2,2,2,2,1,0
396,2,2,1,1,2,1,1,2,2,2,2,0,1,2,2,2,1,2,2,1,2,2,1,2,1,2,2,2,0,2,2,0,1,2,1,2,1,1,1,1,0,2,2,2,1,2,2,2,0,2,1,2,1,2,0,0,1,1,2,1,1,1,2,2,2,2,1,0,2,2,2,2,2,2,2,1,2,1,2,1,2,1,1,2,2,1,0,1,1,0,1,1,2,1,1,2,1,2,0,1,1,0,2,1,2,2,0,0,0,2,1,0,2,1,2,2,2,2,1,0
397,2,2,1,2,2,0,1,2,2,2,2,0,1,2,2,2,1,2,2,1,2,1,2,2,1,2,2,0,0,2,2,2,1,2,1,2,1,1,1,1,0,2,2,0,1,2,2,2,2,2,2,2,1,2,0,0,1,1,2,1,2,1,2,2,2,2,2,0,2,2,2,2,2,2,2,1,2,1,2,1,2,1,1,2,2,1,1,1,1,2,1,1,2,1,1,2,1,2,0,1,0,0,2,1,2,0,0,0,0,0,0,0,2,1,1,2,1,2,1,0
398,2,0,1,2,2,0,1,2,2,2,2,0,1,2,2,2,1,1,2,1,2,1,2,2,2,2,2,0,0,2,2,0,1,2,1,2,1,1,2,1,0,2,2,2,2,2,2,2,2,2,1,2,1,2,0,0,1,1,2,1,2,1,2,2,2,2,2,0,2,2,2,2,2,2,2,1,2,1,2,1,2,2,1,2,2,2,1,1,1,2,1,1,2,1,1,2,1,2,0,1,2,0,2,1,2,0,0,0,0,2,0,0,2,1,2,2,1,2,1,0
399,2,2,1,2,2,0,1,2,2,2,2,0,1,2,2,2,1,2,2,1,2,1,2,2,2,2,2,0,0,2,2,0,1,2,1,2,1,1,2,1,2,2,2,2,2,2,2,1,2,2,2,2,1,2,0,0,1,0,2,1,2,1,2,2,2,2,2,0,2,2,1,2,2,2,2,1,2,1,2,1,2,2,1,2,2,1,1,2,2,2,1,1,2,1,1,2,2,2,0,1,2,0,2,1,2,2,0,0,0,2,1,1,2,1,2,2,1,2,1,0
400,2,2,1,1,2,0,1,2,2,2,2,0,1,1,2,2,1,2,2,0,2,1,2,2,2,2,2,0,0,2,2,0,1,2,1,2,1,1,2,1,2,1,2,2,1,2,2,2,0,0,2,2,1,2,0,0,1,0,2,1,2,1,2,2,2,2,2,0,2,2,2,2,2,2,2,1,2,1,2,1,2,1,1,2,2,2,1,2,2,2,1,1,2,1,1,2,2,2,0,1,2,0,2,1,2,2,1,0,0,2,1,2,1,1,2,2,1,2,1,0
401,2,2,1,2,2,0,1,2,2,2,2,0,1,2,2,2,1,2,2,0,2,2,2,2,2,2,2,0,0,2,2,0,1,2,2,2,1,1,2,1,0,1,2,0,2,2,2,2,0,2,2,2,1,2,0,0,1,0,2,2,2,1,2,2,2,2,2,0,2,2,2,2,2,2,2,1,2,1,2,1,2,1,1,2,2,2,1,2,2,2,1,1,2,1,1,2,2,2,0,1,2,0,2,1,2,0,1,0,0,2,1,2,1,1,2,2,2,2,1,0
402,2,2,1,2,2,0,1,0,2,2,2,0,1,2,2,2,1,1,2,0,2,2,2,2,2,2,2,0,0,2,2,0,1,2,1,2,1,1,2,1,0,2,2,2,2,2,2,2,0,2,2,2,1,2,0,0,1,0,2,1,2,1,2,2,2,2,2,0,2,2,2,2,2,2,2,1,2,1,2,1,2,1,1,2,1,2,1,2,2,2,1,1,2,1,1,2,0,2,0,2,1,0,2,1,2,2,1,0,0,2,0,0,1,1,2,2,2,2,1,0
403,2,0,1,2,2,0,1,1,2,2,2,0,1,2,2,2,1,2,2,0,2,2,1,2,2,2,2,2,0,2,2,0,1,2,1,2,1,1,2,1,0,2,2,2,1,2,2,2,0,2,2,2,1,2,0,0,1,0,2,1,2,1,2,2,2,2,2,0,2,2,2,2,2,2,2,1,2,1,2,1,2,2,1,2,1,2,1,2,2,2,1,1,2,1,1,2,0,2,0,1,2,0,2,1,2,2,1,0,0,2,0,0,1,1,2,2,1,2,1,0
404,2,2,1,2,2,0,1,0,2,2,2,0,1,2,2,2,1,2,2,1,2,1,1,2,1,2,2,0,0,2,2,0,1,2,1,2,1,1,2,1,0,2,2,2,1,2,2,2,0,2,1,2,1,2,0,0,1,0,2,1,2,2,2,2,2,2,2,0,2,2,2,2,2,2,2,1,2,1,2,1,2,2,1,2,1,2,1,1,2,2,1,1,2,1,1,2,0,2,0,1,1,0,2,1,2,0,2,0,0,1,0,2,1,1,1,2,1,2,1,0
405,1,2,1,2,2,0,1,2,2,2,2,2,1,2,2,2,1,1,2,1,2,1,1,2,1,2,2,0,0,2,2,0,1,2,1,2,1,1,2,1,2,1,2,2,1,2,2,2,0,2,1,2,1,2,0,0,1,1,2,2,2,1,2,2,2,2,2,1,2,2,2,2,2,2,2,1,2,1,2,1,2,2,1,2,1,2,1,1,1,2,1,1,2,1,1,2,0,2,0,1,2,0,2,1,2,2,2,0,0,2,0,2,1,1,1,2,1,2,1,0
406,1,2,1,2,2,0,1,1,2,2,2,0,1,2,2,2,1,2,2,0,2,1,1,2,1,2,2,0,0,2,2,0,1,2,1,2,1,1,2,1,2,1,2,2,0,2,2,2,0,2,1,2,1,2,0,0,1,1,2,2,2,1,2,2,1,2,2,1,2,2,2,2,1,2,2,1,2,1,2,1,2,2,1,2,1,2,1,1,1,2,1,1,2,1,1,2,0,2,0,1,2,0,2,1,2,2,1,0,0,2,0,2,1,1,2,2,1,2,1,0
407,1,2,1,1,2,0,1,2,2,2,2,0,1,2,2,2,1,2,1,0,2,1,1,2,1,2,2,0,0,2,2,0,1,2,1,2,1,1,2,1,2,0,2,2,1,2,2,2,1,2,1,2,1,2,0,0,1,1,2,2,2,1,2,2,2,2,2,1,2,2,2,2,1,2,2,1,2,1,2,1,2,2,1,2,1,1,1,2,0,2,1,1,2,1,1,2,0,2,0,1,2,0,2,1,2,2,1,0,0,2,0,2,1,1,2,2,1,2,1,0
408,1,2,1,1,2,0,1,2,2,2,2,0,1,1,2,2,1,1,2,1,2,1,1,2,1,2,2,0,0,2,2,0,1,2,1,2,1,1,2,1,2,1,2,2,1,2,1,2,2,2,2,2,1,2,0,0,1,1,2,2,2,1,2,2,2,2,2,2,2,2,2,2,1,2,2,1,2,1,2,1,2,2,1,2,1,2,1,2,2,2,1,1,2,1,1,2,0,2,0,1,2,0,2,1,2,2,1,0,0,2,1,2,1,1,2,2,1,2,2,0
409,1,2,1,1,2,0,1,2,2,2,2,0,1,2,2,2,1,1,1,1,2,2,1,2,2,2,2,2,0,2,2,0,2,2,2,2,1,1,2,1,2,0,2,2,1,2,1,2,1,2,2,2,1,2,0,0,1,1,2,2,2,1,2,2,2,2,1,2,2,2,2,2,2,2,0,1,2,1,2,1,2,2,1,2,1,2,1,2,1,2,1,1,2,1,1,2,0,2,0,1,1,0,2,1,2,2,1,0,0,2,1,2,1,2,2,2,1,2,2,0
410,1,2,1,2,2,0,1,2,2,2,2,0,1,2,2,2,1,1,1,0,2,2,1,2,1,2,2,0,0,2,2,0,1,2,2,2,1,1,2,1,2,0,2,2,1,2,2,2,2,2,2,2,1,2,0,0,1,1,2,1,2,1,2,2,2,2,1,2,2,2,2,2,2,2,2,1,2,1,2,1,2,2,1,2,1,1,1,1,1,0,1,1,2,1,1,2,0,2,0,1,0,0,2,1,2,2,1,0,0,2,1,2,1,2,2,2,1,2,1,0
411,1,2,1,2,2,0,1,2,2,2,2,0,1,2,2,2,1,1,1,0,2,2,1,2,2,1,2,0,0,2,2,0,1,2,2,2,1,1,2,1,2,0,2,2,1,2,2,2,2,2,2,2,1,2,0,0,1,0,2,0,2,1,2,2,2,2,1,2,2,2,2,2,1,2,2,1,2,1,2,1,2,2,1,2,1,2,1,1,2,2,1,1,2,1,1,2,2,2,0,1,2,0,2,1,2,2,1,0,0,2,1,0,1,2,2,2,1,2,1,0
412,1,2,1,2,2,0,1,2,2,2,2,0,1,2,2,2,1,1,1,0,2,2,1,2,2,1,2,2,0,2,2,0,1,2,2,2,1,1,2,1,0,0,2,2,0,2,2,2,2,2,2,2,1,2,0,0,1,1,2,0,2,1,2,2,2,2,1,2,1,2,2,2,1,2,2,1,2,1,2,1,2,2,1,2,1,2,1,1,1,0,1,1,2,1,1,2,2,2,0,1,0,0,2,1,2,2,0,0,0,2,1,2,1,1,2,2,1,2,2,0
413,1,2,1,2,2,0,1,2,2,2,2,0,1,1,2,2,1,1,2,1,2,2,1,2,2,2,2,0,0,2,2,0,1,2,2,2,1,1,2,1,0,0,2,2,0,2,2,2,0,2,2,2,1,2,0,0,1,1,2,0,2,1,2,2,2,1,1,2,1,2,2,2,0,2,0,1,2,1,2,1,2,2,1,2,1,2,1,2,1,2,1,1,2,1,1,2,1,2,0,1,2,0,2,1,2,2,1,0,0,2,2,1,1,1,2,2,2,2,2,0
414,1,2,1,2,2,0,1,2,2,2,2,0,1,2,2,2,1,1,2,1,2,2,1,2,1,2,2,0,0,2,2,0,1,2,2,2,1,1,2,1,0,0,2,2,0,2,2,2,0,2,2,2,1,0,0,0,1,1,2,0,2,1,2,2,2,2,1,2,1,2,2,2,0,2,1,1,2,1,2,1,2,2,1,2,1,2,1,2,2,0,1,1,1,1,1,1,1,2,0,1,2,0,2,1,2,2,2,0,0,2,2,2,1,1,2,2,2,2,2,0
415,1,2,1,2,2,0,1,2,2,2,2,0,1,2,1,2,0,2,1,1,2,2,1,2,2,2,2,0,0,2,2,0,1,2,2,2,1,1,2,1,0,0,2,0,0,2,2,2,2,2,2,2,1,2,0,0,1,2,2,0,2,1,2,2,2,2,1,2,1,2,2,2,1,2,2,1,2,1,2,1,2,2,1,2,1,1,1,2,2,2,1,1,2,1,1,2,1,2,0,1,2,0,2,1,2,0,2,0,0,2,2,0,1,1,2,2,2,2,2,0
416,1,2,1,2,2,0,1,2,2,2,2,0,1,2,2,2,1,1,2,1,2,2,1,2,1,2,2,0,0,2,2,0,1,2,2,2,1,1,2,1,0,0,2,2,1,2,2,2,2,2,2,2,1,2,0,0,1,2,2,0,2,1,2,2,2,2,2,2,1,2,2,2,1,2,2,1,2,1,2,1,2,2,1,2,1,1,1,1,2,2,1,1,2,1,1,0,1,2,0,2,2,0,2,1,2,2,1,0,0,2,1,2,1,1,0,2,1,2,2,0
417,1,2,1,2,2,0,1,2,2,2,2,0,1,2,2,2,1,2,2,1,2,1,2,2,2,2,2,0,0,2,2,2,1,2,2,2,1,1,2,1,0,1,2,0,1,2,2,2,1,2,2,2,1,2,0,0,1,2,2,0,2,1,2,2,2,2,2,1,1,2,2,2,2,2,2,1,2,1,2,1,2,2,1,2,1,2,1,2,2,0,1,1,2,1,1,2,1,2,0,1,2,0,2,1,2,2,2,0,0,2,1,2,1,1,0,2,2,2,2,0
418,1,2,1,2,2,0,1,2,2,2,2,0,1,2,2,2,1,1,2,1,2,1,2,2,2,2,2,2,0,2,2,0,1,2,2,2,1,1,2,1,0,0,2,2,1,2,2,2,0,2,2,2,1,2,0,0,1,2,2,0,2,1,2,2,2,2,2,2,1,2,2,2,2,2,2,1,2,1,2,1,2,2,1,2,1,2,1,2,2,0,1,1,2,1,1,2,1,2,0,1,2,0,2,1,2,0,2,0,0,2,2,2,1,1,0,2,2,2,2,0
419,1,2,1,1,2,0,1,2,2,2,2,0,1,2,2,2,1,2,2,1,2,2,2,2,2,2,2,0,0,2,2,0,1,2,2,2,1,1,2,1,0,1,2,2,0,2,2,2,0,2,2,2,1,0,0,0,1,2,2,0,2,1,2,2,2,2,2,2,1,2,2,2,2,2,2,1,2,1,2,1,2,2,1,2,1,1,1,2,2,2,1,1,2,1,1,2,1,2,0,1,2,0,2,1,2,2,2,0,0,2,2,0,1,1,0,2,2,2,2,0
420,1,2,1,2,2,0,1,2,2,2,2,2,1,2,2,2,1,2,2,1,2,1,2,2,2,1,2,0,0,2,2,0,1,2,2,2,1,1,2,1,0,1,2,2,1,2,2,2,0,2,2,2,0,2,0,0,1,2,2,0,2,1,2,2,2,2,2,2,1,2,2,2,2,2,2,1,2,1,2,1,2,2,1,2,1,1,1,2,2,2,1,1,2,1,1,2,1,2,0,1,2,0,2,1,2,0,2,0,0,1,2,0,2,1,0,2,2,2,2,0
421,1,2,1,2,2,0,1,2,2,2,2,0,1,2,2,2,1,1,2,1,2,1,2,2,2,2,2,0,0,2,2,0,1,2,2,2,1,1,2,1,0,1,2,2,0,2,2,2,1,2,2,2,0,2,0,0,1,2,2,0,2,1,2,2,2,2,2,2,1,2,2,2,2,2,1,1,2,1,2,1,2,2,1,2,1,1,1,1,2,2,1,1,2,1,1,2,1,2,0,1,2,0,2,1,2,2,2,0,0,1,2,2,1,0,0,2,2,2,2,2
422,1,2,1,2,2,0,1,2,2,2,2,0,1,2,2,2,1,1,2,1,2,2,2,2,2,2,2,0,0,2,2,0,1,2,2,2,1,1,2,1,0,1,2,2,0,2,2,2,0,2,2,2,0,2,0,0,1,2,2,0,2,1,2,2,2,2,2,2,2,2,2,2,2,2,0,1,2,1,2,1,2,2,1,2,1,0,1,2,2,2,1,1,2,1,1,2,1,2,0,1,2,0,2,1,2,2,2,0,0,1,0,2,1,0,0,2,2,2,2,2
423,1,2,1,2,2,0,1,2,2,2,2,0,1,2,2,2,1,1,2,1,2,1,2,2,1,2,2,0,0,2,2,0,2,2,2,2,1,1,2,1,0,1,2,2,1,2,2,2,0,2,2,2,0,2,0,0,1,2,2,0,2,1,2,2,2,2,2,2,2,2,2,2,2,2,0,1,2,1,2,1,2,2,1,2,1,0,1,1,2,2,1,1,2,1,1,2,1,2,0,1,2,0,2,1,2,2,2,0,0,1,1,2,1,0,0,2,2,2,2,2
424,1,2,0,2,2,0,1,2,2,2,2,1,1,2,2,2,1,1,2,1,2,1,2,2,2,2,2,0,0,2,2,0,1,2,2,2,1,1,2,1,0,1,2,2,1,2,2,2,0,2,2,2,0,2,0,0,1,2,2,0,2,1,2,1,2,2,2,2,2,2,2,2,2,2,1,1,2,1,2,1,2,2,1,2,1,0,1,2,2,2,1,1,2,1,1,2,1,2,0,1,2,0,2,1,2,2,2,0,0,1,1,2,1,0,0,2,2,2,2,2
425,1,2,0,2,2,0,1,2,2,2,2,1,1,2,1,2,1,2,2,1,2,1,2,2,2,2,2,0,0,2,2,0,1,2,2,2,1,1,2,1,0,1,2,2,0,2,2,2,2,2,2,2,0,2,0,0,1,2,2,0,2,1,2,2,2,2,2,0,2,2,2,2,2,2,1,1,2,1,2,1,2,2,1,2,1,2,1,1,2,0,1,1,2,1,1,2,1,2,0,1,2,0,2,1,2,0,2,0,0,2,0,2,1,0,0,2,2,2,2,2
426,1,2,0,2,2,0,1,1,2,2,2,0,1,2,2,2,1,1,2,1,2,1,2,2,1,2,2,0,0,2,2,0,2,2,2,2,1,1,2,1,0,1,2,0,2,2,2,2,2,2,2,2,0,2,0,0,1,2,2,0,2,1,2,2,2,2,2,0,2,2,2,2,2,2,1,1,2,1,2,1,2,2,1,2,1,1,1,2,2,2,1,1,2,1,1,2,1,2,0,1,1,0,2,1,2,2,2,0,0,2,0,0,1,0,0,2,2,2,2,2
427,1,2,0,2,2,0,1,2,2,2,2,0,1,2,2,2,1,1,2,1,2,1,2,2,2,2,2,0,0,2,2,0,1,2,2,2,1,1,2,1,0,1,2,0,1,2,2,2,2,2,2,2,0,2,0,0,1,2,2,0,2,1,2,2,2,2,1,0,2,2,2,2,2,2,2,1,2,1,2,1,2,2,1,2,1,2,1,2,2,2,1,1,2,1,1,2,1,2,0,1,2,0,2,1,2,0,2,0,0,2,1,2,1,0,0,2,2,2,2,2
428,1,0,0,2,2,0,1,0,2,2,2,0,1,2,2,2,1,1,2,1,2,1,2,2,1,2,2,0,0,2,2,0,1,2,2,2,1,1,2,1,0,1,2,2,1,2,2,2,2,2,2,2,0,2,0,0,1,2,2,0,2,1,2,2,2,2,2,0,2,2,2,2,2,2,2,1,2,1,2,1,2,2,1,2,1,2,1,2,0,0,1,1,2,1,1,2,1,2,0,1,2,0,2,1,2,2,2,0,0,2,1,0,1,0,2,2,1,2,2,2
429,2,2,0,2,2,0,1,1,2,2,2,0,1,2,2,2,1,1,2,1,2,1,2,2,2,2,2,0,0,2,2,0,2,2,2,2,1,1,2,1,0,0,2,2,1,2,2,2,0,2,2,2,0,2,0,0,1,2,2,0,2,1,2,2,2,2,2,0,2,2,2,1,2,2,2,1,2,1,2,1,2,2,1,2,1,1,1,2,2,2,1,1,2,1,1,2,1,2,0,1,2,0,2,1,2,2,2,0,0,2,1,2,1,0,2,2,1,2,1,2
430,2,2,0,2,2,0,1,1,2,2,2,0,1,2,2,2,1,1,2,1,1,2,2,2,1,2,2,0,0,2,2,2,1,2,2,2,1,1,2,1,0,0,2,2,1,2,2,2,2,2,2,2,0,2,0,0,1,2,2,0,2,1,2,2,2,2,2,1,2,2,2,2,2,2,2,1,2,1,2,1,2,2,1,2,1,2,1,1,2,2,1,1,2,1,1,2,1,2,0,1,2,0,2,1,2,0,2,0,0,2,0,0,1,0,2,2,1,2,1,2
431,2,2,0,2,2,0,1,1,2,2,2,0,1,2,2,2,1,2,2,1,1,1,2,2,1,2,2,0,0,2,2,0,1,2,2,2,1,1,2,1,0,1,2,2,2,2,2,2,0,2,2,2,0,2,0,0,1,2,2,0,2,1,2,2,2,2,2,1,2,2,2,2,2,2,2,1,2,1,2,1,2,2,1,2,1,2,1,1,2,2,1,1,2,1,1,2,1,2,0,1,2,0,2,1,2,0,2,0,0,2,0,2,1,0,2,2,2,2,1,2
432,2,0,1,2,2,0,1,2,2,2,2,0,1,2,2,2,1,1,2,1,1,1,2,2,2,2,2,0,0,2,2,0,2,2,2,2,1,1,2,1,0,0,2,2,0,2,2,2,0,2,2,2,0,2,0,0,1,2,2,0,2,1,2,2,2,2,2,2,2,2,2,2,2,2,2,1,2,1,2,1,2,2,1,2,1,1,1,2,2,0,1,1,2,1,1,2,1,2,0,1,2,0,2,1,2,0,2,0,0,1,0,1,1,0,2,2,2,2,2,2
433,2,2,1,2,2,0,1,1,2,2,2,0,1,2,2,2,1,1,2,1,1,1,2,2,2,2,2,0,0,2,2,2,2,2,2,2,1,1,2,1,0,1,2,0,0,2,2,2,0,2,2,2,0,2,0,0,1,2,2,0,2,1,2,2,2,2,2,2,2,2,2,2,2,2,2,1,2,1,2,1,2,2,1,2,1,2,1,2,2,2,1,1,1,1,1,2,1,2,0,1,2,0,2,1,2,2,2,0,0,2,1,0,1,0,2,2,2,2,2,2
434,2,2,1,2,2,0,1,2,2,2,2,0,1,2,2,2,1,1,2,1,1,1,2,2,2,2,2,0,0,2,2,0,1,2,2,2,1,1,2,1,0,1,2,2,0,2,2,2,2,2,2,2,0,2,0,0,1,2,2,0,2,1,2,2,2,2,2,2,2,2,2,1,2,2,2,1,2,1,2,1,2,2,1,2,1,1,1,2,2,2,1,1,2,1,1,2,1,2,0,1,2,0,2,1,2,2,2,0,0,2,1,2,1,0,2,2,2,2,2,2
435,2,2,1,2,2,0,1,2,2,2,2,0,1,0,2,2,1,1,2,1,1,2,2,2,2,2,2,0,0,2,2,0,1,2,2,2,1,1,2,1,0,1,2,0,1,2,2,2,0,2,2,2,0,2,0,0,1,2,2,0,2,1,2,2,2,2,2,2,2,2,2,1,2,2,2,1,2,1,2,1,2,2,1,2,1,1,1,2,2,2,1,1,2,1,1,2,1,2,0,1,2,0,2,1,2,0,2,0,0,2,1,1,1,0,2,2,2,2,2,2
436,2,0,1,2,2,0,1,2,2,2,2,0,1,1,1,2,1,1,2,1,1,1,2,2,2,2,2,0,0,2,2,0,1,2,2,2,1,1,2,1,0,1,2,2,0,2,2,2,2,2,2,2,0,2,0,0,1,2,2,0,2,1,2,2,2,2,2,2,2,2,2,2,2,2,2,1,2,1,2,1,2,2,1,2,1,2,1,2,2,2,1,1,2,1,1,2,1,2,0,1,1,0,2,1,2,0,2,0,0,2,0,1,1,0,2,2,2,2,2,2
437,2,2,1,2,2,0,1,2,2,2,2,0,1,0,2,2,1,1,2,1,1,1,2,2,1,2,2,0,0,2,2,0,1,2,2,2,1,1,2,1,0,1,2,2,0,2,2,2,2,2,2,2,0,2,0,0,1,2,2,0,2,1,2,2,2,2,2,2,2,2,2,2,2,2,2,1,2,1,2,1,2,2,1,2,1,1,1,2,2,2,1,1,2,1,1,1,1,2,0,1,0,0,2,1,2,2,1,0,0,2,2,0,1,0,1,2,2,2,2,2
438,2,2,1,2,2,0,1,1,2,2,2,0,1,2,2,2,1,1,2,1,1,2,2,2,1,2,2,0,0,2,2,0,1,2,2,2,1,1,2,1,0,1,2,0,0,2,1,2,0,2,2,2,0,2,0,0,1,2,2,0,2,1,2,2,2,2,2,2,2,2,2,2,2,2,2,1,2,1,2,1,2,2,1,2,1,2,1,1,2,2,1,1,2,1,1,0,1,2,0,1,0,0,2,1,2,2,0,0,0,0,2,2,1,0,2,2,2,2,1,2
439,2,2,1,2,2,0,1,2,2,2,2,0,1,2,2,2,1,1,2,1,2,1,2,2,2,2,2,0,0,2,2,0,1,2,2,2,1,1,1,1,0,1,2,2,0,2,2,2,2,2,2,2,0,2,0,0,1,2,2,0,2,1,2,1,2,2,2,2,2,2,2,2,2,2,2,1,2,1,2,1,2,2,1,2,1,1,1,1,2,2,1,1,2,1,1,1,1,2,0,1,2,0,2,1,2,2,0,0,0,0,2,2,1,0,2,2,2,2,2,2
440,2,2,1,2,2,0,1,2,2,2,2,0,1,2,2,2,1,2,2,1,2,1,2,2,2,2,2,0,0,2,2,0,2,2,2,2,1,1,2,1,0,1,2,2,0,2,2,2,0,2,2,2,0,2,0,0,1,2,2,0,2,1,2,2,2,2,2,2,2,2,2,2,2,2,1,1,2,1,2,1,2,2,1,2,1,2,1,2,2,0,1,1,2,1,1,1,1,2,0,1,2,0,2,1,2,2,1,0,0,0,2,2,1,0,2,2,2,2,2,2
441,2,2,1,2,2,0,1,2,1,2,2,0,1,2,2,2,1,1,2,1,2,1,2,2,2,2,2,0,0,2,2,0,2,2,2,2,1,1,2,1,0,1,2,0,0,2,2,2,0,2,2,2,0,2,0,0,1,2,2,0,2,1,2,2,2,2,2,2,2,2,2,2,1,2,1,1,2,1,2,1,2,2,1,2,1,1,1,1,1,2,1,1,2,1,1,2,1,2,0,1,2,0,2,1,2,2,1,0,0,0,2,1,1,0,2,2,2,2,2,2
442,2,2,1,2,2,0,1,2,2,2,2,0,1,2,2,2,1,2,2,1,2,1,2,2,2,2,2,0,0,2,2,0,2,2,2,2,1,1,2,1,0,1,2,2,1,1,2,2,2,2,2,2,0,2,0,0,1,2,2,0,2,1,2,2,2,2,2,2,2,2,2,2,1,2,1,1,2,1,2,1,2,2,1,2,1,1,1,2,0,2,1,1,1,1,1,2,1,2,0,1,2,0,2,1,2,2,1,0,0,0,2,2,1,0,2,2,2,2,2,2
443,2,2,1,2,2,0,1,2,2,2,2,1,1,2,2,2,1,1,2,1,2,1,2,2,1,2,2,0,0,2,2,2,1,2,2,2,1,1,2,1,0,1,2,2,0,1,2,2,2,2,2,2,0,2,0,0,1,2,2,0,2,1,2,2,1,2,2,2,2,2,2,2,2,2,1,1,2,1,2,1,2,2,1,2,1,1,1,2,2,2,1,1,2,1,1,2,1,2,0,1,2,0,2,1,2,2,1,0,0,2,2,2,1,0,2,2,2,2,2,2
444,2,0,1,2,2,0,1,2,2,2,2,1,1,2,2,2,1,2,2,1,2,1,2,2,1,2,2,0,0,2,2,0,1,2,2,2,1,1,0,1,0,1,2,0,1,1,2,2,2,2,2,2,0,2,0,0,1,2,2,0,2,1,2,2,1,2,2,2,2,2,2,2,2,2,1,1,2,1,0,1,2,2,1,2,1,2,1,2,0,2,1,1,0,1,1,2,1,2,0,1,2,0,2,1,2,2,1,0,0,2,2,2,1,0,2,2,1,2,2,2
445,2,0,2,2,2,0,1,2,2,2,2,1,1,2,2,2,1,2,2,1,2,1,2,2,2,2,2,0,0,2,2,0,1,2,2,2,1,1,0,1,0,2,2,2,1,2,2,2,2,2,2,2,0,2,0,0,1,2,2,0,2,1,2,2,2,2,2,2,2,2,2,2,2,2,1,1,2,1,2,1,2,2,1,2,1,2,1,2,0,2,1,0,1,1,1,2,1,2,0,1,2,0,2,1,2,0,0,0,0,0,2,1,1,0,2,2,1,2,2,2
446,2,0,2,2,2,0,1,2,2,2,2,0,1,2,2,2,1,2,2,1,2,1,2,2,2,2,2,0,0,2,2,0,2,2,2,2,1,1,0,1,0,2,2,2,1,2,2,2,2,2,2,2,0,2,0,0,1,2,2,0,2,1,2,2,2,2,2,2,2,2,2,2,2,2,1,1,2,1,2,1,2,2,1,2,1,1,1,0,1,2,1,0,2,1,1,2,1,2,0,1,2,0,2,1,2,2,2,0,0,0,2,2,1,0,1,2,1,2,2,2
447,2,2,2,2,2,0,1,2,2,2,2,0,1,2,2,2,1,1,2,1,2,1,2,2,2,2,2,0,0,2,2,0,2,2,2,2,1,1,0,1,0,1,2,2,0,2,2,2,2,0,2,2,0,2,0,0,1,2,2,0,2,1,2,2,2,1,2,2,2,2,2,2,2,2,1,1,2,1,2,1,2,2,1,2,1,2,1,0,2,2,1,0,2,1,1,2,1,2,0,1,2,0,2,1,2,2,2,0,0,0,2,0,2,0,1,2,2,2,2,2
448,2,0,2,2,2,0,1,2,2,2,2,0,1,2,2,2,1,2,2,1,2,1,2,2,2,2,2,0,0,2,2,0,1,2,2,2,1,1,0,1,0,1,2,2,0,2,2,2,1,0,2,2,0,2,0,0,1,2,2,0,2,1,2,2,2,2,2,2,2,2,1,2,2,2,1,1,2,1,2,1,2,2,1,2,1,1,1,0,2,2,1,0,2,1,1,2,1,2,0,1,2,0,2,1,2,2,2,0,0,0,2,0,2,0,1,2,2,2,2,2
449,2,2,2,2,2,1,1,2,1,2,2,0,1,2,2,2,1,1,2,1,2,1,2,2,1,2,2,0,0,2,2,0,1,2,2,2,1,1,0,1,0,2,2,2,2,2,1,2,1,0,2,2,0,2,0,0,1,2,2,0,2,1,2,1,2,2,2,2,2,2,2,2,1,2,1,1,2,1,2,1,2,2,1,2,1,2,1,0,0,2,1,0,2,1,1,1,1,2,0,1,2,0,2,1,2,2,1,0,0,0,2,2,2,0,2,2,1,0,2,2
450,2,0,1,2,2,1,1,2,2,2,2,0,1,2,2,2,1,2,2,1,2,1,2,2,1,2,2,0,0,2,2,0,1,2,2,2,1,1,0,1,0,2,2,2,2,2,1,2,2,2,2,2,0,2,0,0,1,2,2,0,2,1,2,2,2,2,2,2,2,2,2,2,1,2,1,1,2,1,2,1,2,2,1,2,1,2,1,0,2,2,1,0,2,1,1,2,1,2,0,1,2,0,2,1,2,2,0,0,0,2,2,1,2,0,2,2,1,1,2,2
451,2,2,1,2,2,1,1,2,2,2,2,0,1,1,2,2,1,1,2,1,2,1,2,2,1,2,2,0,0,2,2,0,1,2,2,2,1,1,0,1,0,2,2,2,2,2,2,2,2,2,2,2,0,2,0,0,1,2,2,0,2,1,2,2,2,2,1,2,2,2,2,2,2,2,1,1,2,1,2,1,2,2,1,2,1,2,1,0,2,2,1,0,2,1,1,2,1,2,0,1,2,2,2,1,2,2,0,0,0,0,2,0,2,0,2,2,1,1,2,2
452,2,2,1,2,2,1,1,2,2,2,2,1,1,0,2,2,1,2,2,1,2,1,2,2,1,2,2,2,0,2,2,0,1,2,2,2,1,1,0,1,0,2,2,0,2,2,2,2,2,2,2,2,0,2,0,0,1,2,2,0,2,1,2,2,2,2,1,2,2,2,1,2,1,2,0,1,2,1,2,1,2,2,1,2,1,1,1,2,2,2,1,0,2,1,1,2,1,2,0,1,2,0,2,1,2,2,1,0,0,0,2,0,2,0,2,2,1,1,2,2
453,2,2,1,2,2,1,1,2,2,2,2,1,1,1,2,2,1,2,2,1,2,1,2,2,2,2,2,0,0,2,2,0,2,2,2,2,1,1,0,1,0,2,2,2,1,2,2,2,2,2,2,2,0,2,0,0,1,2,2,0,2,1,2,2,2,2,1,2,2,2,2,2,2,2,2,1,2,1,2,1,2,1,1,2,1,1,1,2,0,2,1,0,2,1,1,2,1,2,0,1,2,0,2,1,2,2,1,0,0,2,0,0,2,0,2,2,1,1,2,2
454,2,2,1,2,2,1,1,2,2,2,2,1,1,2,2,2,1,1,2,1,2,1,2,2,2,2,2,2,0,2,2,0,2,2,2,2,1,1,0,1,0,2,2,2,2,2,1,2,2,2,2,2,0,2,0,0,1,2,2,0,2,1,2,2,2,2,1,2,1,2,2,2,2,2,2,1,2,1,2,1,2,2,1,2,1,1,1,2,0,2,1,0,2,1,1,2,1,2,0,1,2,0,2,1,2,2,0,0,0,2,1,1,2,0,1,2,1,1,2,2
455,2,2,1,2,2,1,1,2,2,2,2,1,1,2,2,2,1,1,2,1,2,1,2,2,1,2,2,0,0,2,2,0,1,2,2,2,1,1,0,1,0,2,2,2,2,2,2,2,2,2,2,2,0,2,0,0,1,2,2,0,2,1,2,2,2,2,1,2,1,2,2,2,2,2,2,1,2,1,2,1,2,1,1,2,1,2,1,2,2,2,1,0,2,1,1,2,1,2,0,1,2,0,2,1,2,2,1,0,0,2,1,2,2,0,2,2,1,1,2,2
456,2,0,1,2,2,1,1,2,2,2,2,0,1,2,1,2,1,2,2,1,2,1,2,2,2,2,2,0,0,2,2,0,1,2,2,2,1,1,0,1,0,2,2,2,2,2,2,2,2,2,2,2,0,2,0,0,1,2,2,0,2,1,2,2,2,2,2,2,1,2,2,2,2,2,2,1,2,1,2,1,2,2,1,2,1,2,1,0,0,2,1,0,2,1,1,2,1,2,0,1,2,0,2,1,2,2,1,0,0,0,2,2,2,0,2,2,2,1,2,2
457,2,2,2,2,2,1,1,0,2,2,2,0,1,2,1,2,1,2,2,1,2,1,2,2,2,2,2,0,0,2,2,0,1,2,2,2,1,1,0,1,0,2,2,2,0,2,2,2,2,2,2,2,0,2,0,0,1,2,2,0,2,1,2,2,2,2,2,2,1,2,2,2,2,2,2,1,2,1,2,1,1,2,1,2,1,2,1,0,2,2,1,0,2,1,1,2,1,2,0,1,2,0,2,1,2,2,1,0,0,2,2,0,2,0,2,2,2,1,2,2
458,2,2,2,2,2,1,1,0,2,2,2,1,1,2,2,2,1,2,2,1,2,2,2,2,2,2,2,0,0,2,2,0,1,2,2,2,1,1,0,1,0,2,2,2,0,1,2,2,0,2,2,2,0,2,0,0,1,2,2,0,2,1,2,2,2,2,2,2,1,2,2,2,2,2,2,1,2,1,2,1,2,2,1,2,1,2,1,0,2,2,1,0,2,1,1,2,1,2,0,1,2,0,2,1,2,2,0,0,0,2,2,0,2,0,2,2,2,1,2,2
459,2,2,2,2,2,1,1,1,2,2,2,1,1,2,2,2,1,2,2,1,2,1,2,2,2,2,2,2,0,2,2,0,1,2,2,2,1,1,0,1,0,1,2,2,0,1,0,2,2,2,2,2,0,2,0,0,1,2,2,0,2,1,2,2,2,2,2,2,1,2,2,2,2,2,2,1,2,1,2,1,2,2,1,2,1,2,1,0,2,2,1,0,2,1,1,2,1,2,0,2,2,0,2,1,2,2,1,0,0,2,2,0,2,0,2,2,1,1,1,2
460,2,2,2,2,2,1,1,2,2,2,2,1,1,1,2,2,1,2,2,1,2,1,2,2,2,2,2,0,0,2,2,0,1,2,2,2,1,1,0,1,0,1,2,2,0,1,0,2,2,2,2,2,0,2,0,0,1,2,2,2,2,1,2,2,2,2,1,2,1,2,2,2,2,2,2,1,2,1,2,1,2,2,1,2,1,2,1,0,0,2,1,0,2,1,1,2,1,2,0,1,2,0,2,1,2,2,1,0,0,0,2,2,2,0,2,2,1,1,1,2
461,2,2,2,2,2,1,1,2,2,2,2,1,1,2,2,2,1,2,2,1,2,1,2,2,2,2,2,0,0,2,2,0,1,2,2,2,1,1,0,1,0,2,2,2,0,1,0,2,2,2,2,2,0,2,0,0,1,2,2,1,2,1,2,2,2,2,2,2,1,2,2,2,2,2,1,1,2,1,2,1,2,2,1,2,1,2,1,0,0,0,1,0,1,1,1,2,1,2,0,1,2,0,2,1,2,2,1,0,0,2,2,2,2,0,2,2,1,1,2,2
462,2,2,2,1,2,1,1,2,2,2,2,1,1,2,2,2,1,2,2,1,2,1,2,2,2,2,2,0,0,2,2,0,2,2,2,2,1,1,0,1,0,2,2,2,0,2,0,2,0,2,2,2,0,2,0,0,1,2,2,2,2,1,2,2,2,2,2,2,1,2,2,2,2,1,0,1,2,1,2,1,2,2,1,2,1,1,1,0,0,2,1,0,2,1,1,1,1,2,0,1,2,0,2,1,2,2,2,0,0,2,2,2,2,0,2,2,2,1,2,2
463,2,2,2,1,2,1,1,2,2,2,2,1,1,2,2,2,1,1,2,1,2,1,2,2,2,2,2,0,0,2,2,0,2,2,2,0,0,1,0,1,0,1,2,2,0,2,0,2,1,2,2,2,0,2,0,0,1,2,2,1,2,1,2,2,2,2,2,2,1,2,2,2,2,2,2,1,2,1,2,1,2,2,1,2,1,2,1,0,2,2,1,0,2,1,1,2,1,2,0,1,2,0,2,1,2,2,0,0,0,2,2,0,2,0,2,2,2,1,2,2
464,2,2,2,1,2,1,1,2,2,2,2,1,1,2,2,2,1,1,2,1,2,1,2,2,2,2,2,0,0,2,2,0,2,2,2,2,1,1,0,1,0,0,2,0,1,2,0,2,1,2,2,2,1,2,0,0,1,2,2,1,2,1,2,2,2,2,2,2,1,2,2,2,2,2,2,1,2,1,2,1,2,2,1,2,1,2,1,0,2,2,1,0,2,1,1,2,1,2,0,1,2,0,2,1,2,2,1,0,0,0,2,0,2,0,1,2,1,1,2,2
465,2,2,2,1,2,1,1,2,2,2,2,0,1,2,2,2,1,1,2,1,2,1,2,2,2,2,2,0,0,2,2,0,2,2,2,2,1,1,0,1,0,1,2,2,0,2,0,2,1,2,2,2,1,2,0,0,1,2,2,2,2,1,2,2,2,2,2,2,1,2,2,2,2,2,2,1,2,1,2,1,2,2,1,2,1,2,1,0,2,2,1,0,2,1,1,2,1,2,0,1,2,0,2,1,2,2,1,0,0,0,1,2,2,0,2,2,1,1,2,2
466,2,2,2,1,2,1,1,2,2,2,2,0,1,2,2,2,1,2,2,1,2,1,2,2,2,2,2,0,0,2,2,0,2,2,2,2,1,1,0,1,0,2,2,0,2,2,0,2,2,2,2,2,1,2,0,0,1,2,2,1,2,1,2,2,2,2,2,1,1,2,2,1,2,2,2,1,2,1,2,1,2,2,1,2,1,1,1,0,2,2,1,0,2,1,1,2,1,2,0,1,2,0,2,1,2,2,1,0,0,0,2,0,2,0,1,2,2,1,2,2
467,2,2,2,1,2,1,1,2,2,2,2,0,1,2,2,2,1,1,2,1,2,1,2,2,1,2,2,0,0,2,2,0,2,2,2,2,0,1,0,1,0,2,2,0,2,2,0,2,2,2,2,2,1,2,0,0,1,2,2,1,2,1,2,2,2,2,2,2,2,2,2,1,2,2,2,1,2,1,2,1,2,1,1,2,1,1,1,0,2,2,1,0,2,1,1,2,1,2,0,1,2,0,2,1,2,2,1,0,0,0,2,0,2,0,2,2,2,1,2,2
468,2,2,2,2,2,1,1,0,2,2,2,0,1,2,1,2,1,2,2,1,2,1,2,2,1,2,2,0,0,2,2,0,2,2,2,2,0,1,0,2,2,2,2,2,2,2,0,2,2,2,2,2,1,0,0,0,1,2,2,2,2,1,2,2,2,2,2,2,1,2,2,2,2,2,2,1,2,1,2,1,2,1,1,2,1,1,1,0,0,2,1,0,1,1,1,2,1,2,0,1,2,0,2,1,2,2,1,0,0,0,2,0,2,0,2,2,2,1,2,2
469,2,2,2,2,2,1,1,0,2,2,2,0,1,1,2,2,1,2,2,1,2,1,2,2,1,2,2,0,0,2,2,0,2,2,2,2,0,1,0,2,2,2,2,2,1,2,0,2,2,2,2,2,1,2,0,0,1,2,2,1,2,1,2,2,2,2,2,2,1,2,2,2,2,2,2,1,2,1,2,1,2,1,1,2,1,2,1,2,2,2,1,0,2,1,1,2,1,2,0,1,2,0,2,1,2,2,1,0,0,0,0,0,2,0,1,2,1,1,2,2
470,2,2,2,2,2,1,1,0,2,2,2,1,1,2,2,2,1,2,2,1,2,1,2,2,1,2,2,0,0,2,2,0,2,2,2,2,1,1,0,2,0,2,2,2,1,2,0,2,2,2,2,2,1,2,0,0,1,2,2,2,2,1,2,2,2,2,2,1,1,2,2,2,2,2,2,1,2,1,2,1,2,1,1,2,1,1,1,2,2,2,1,0,2,1,1,2,1,2,0,1,2,0,2,1,2,2,0,0,0,2,1,1,2,0,1,2,2,1,2,2
471,2,2,2,2,2,1,1,2,2,2,2,1,1,2,2,2,1,1,2,1,2,1,2,2,1,2,2,2,0,2,2,0,2,2,2,2,0,1,0,2,2,2,2,0,1,2,0,2,2,2,2,2,1,2,0,0,1,2,2,1,2,1,2,2,2,2,2,1,1,2,2,1,2,2,2,1,2,1,2,1,2,2,1,2,1,2,1,2,2,0,1,0,2,1,1,2,1,2,0,1,2,0,2,1,2,2,1,0,0,0,2,2,2,0,2,2,1,0,2,2
472,2,2,2,2,2,1,1,2,2,2,2,0,1,2,2,2,1,2,2,1,2,1,2,2,1,2,2,0,0,2,2,0,2,2,2,2,0,1,0,2,2,2,2,0,1,2,0,2,1,2,2,2,1,2,0,0,1,2,2,2,2,1,2,2,2,2,2,2,1,2,2,2,2,2,1,1,2,1,2,1,2,2,1,2,1,2,1,1,2,0,1,0,2,1,1,2,1,2,0,1,2,0,2,1,2,2,1,0,0,2,1,1,2,0,2,2,1,0,2,2
473,2,2,2,2,2,1,1,2,2,2,2,0,1,2,2,2,1,1,2,1,2,1,2,2,2,2,2,0,0,2,2,0,2,2,2,2,1,1,0,2,2,2,2,2,0,2,0,2,1,2,2,2,1,2,1,0,1,2,2,0,2,1,2,2,2,2,2,2,1,2,2,2,1,2,1,1,2,1,2,1,2,2,1,2,1,2,1,2,2,2,1,0,2,1,1,2,1,2,0,1,2,0,2,1,2,2,1,0,0,2,2,1,2,0,2,2,2,1,2,1
474,2,2,2,2,2,1,1,2,2,2,2,1,1,2,2,2,1,1,2,1,2,1,2,2,2,2,2,0,0,2,2,0,2,2,2,2,1,1,1,2,2,2,2,0,1,2,0,2,1,2,2,2,1,2,0,0,1,2,2,0,2,1,2,2,2,2,2,2,1,2,2,2,0,2,1,1,2,1,2,1,2,2,1,2,1,2,1,0,2,2,1,0,2,1,1,2,1,2,0,1,2,0,2,1,2,2,1,0,0,2,2,1,2,0,2,2,1,1,2,1
475,2,2,2,2,2,1,1,2,2,2,2,0,1,2,2,2,1,1,2,1,2,1,2,2,2,2,2,0,0,2,2,0,2,2,2,2,1,1,1,2,2,2,2,2,0,2,0,2,1,1,2,2,1,2,0,0,1,2,2,0,2,1,2,1,2,2,1,2,1,2,1,2,0,2,2,1,2,1,2,1,2,2,1,2,1,2,1,0,1,2,1,0,2,1,1,2,1,2,0,1,2,0,2,1,2,2,1,0,0,2,2,1,2,1,2,2,2,1,2,2
476,2,2,2,2,2,1,1,2,2,2,2,0,1,2,2,2,1,1,2,1,2,1,2,2,2,2,2,0,0,2,2,0,2,2,2,1,1,1,1,2,2,2,2,0,2,2,0,2,1,2,2,2,1,2,0,0,1,2,2,0,1,1,2,2,2,2,1,2,1,2,2,2,1,2,2,1,2,1,2,1,2,2,1,2,1,1,1,2,1,2,1,0,2,1,1,2,1,2,0,1,2,0,2,1,2,2,1,0,0,0,2,1,2,1,1,2,1,0,2,2
477,2,2,1,2,2,1,1,2,2,2,2,0,1,2,2,2,1,1,2,1,2,1,2,2,2,2,2,0,0,2,2,0,2,2,2,2,0,1,1,2,2,2,2,2,2,2,0,2,1,2,2,2,1,2,0,0,1,2,2,0,2,1,2,2,2,2,1,2,1,2,2,2,1,2,2,1,2,1,2,1,2,2,1,2,1,1,1,2,2,2,1,0,2,1,1,2,1,2,0,1,2,0,2,1,2,2,1,0,0,0,2,1,2,2,1,2,2,2,2,2
478,2,2,1,2,2,1,1,2,2,2,2,0,1,2,2,2,1,1,2,1,2,1,2,2,2,2,2,0,0,2,2,0,2,2,2,2,0,1,0,2,2,2,2,2,2,2,0,2,1,2,1,2,1,2,0,0,1,2,2,0,2,1,2,2,2,1,1,2,1,2,2,2,1,2,2,1,2,1,2,1,2,2,1,2,1,1,1,2,1,2,1,0,2,1,1,1,2,2,0,1,2,0,2,1,2,2,1,0,0,0,2,1,2,1,1,2,2,2,2,2
479,2,2,1,2,2,1,1,2,2,2,2,0,1,2,2,2,1,1,2,1,2,1,2,2,2,2,2,0,0,2,2,0,2,2,2,2,0,1,0,2,2,2,2,2,1,2,0,2,1,2,2,2,1,2,0,0,1,2,2,0,2,1,2,2,2,2,1,2,1,2,2,2,2,2,2,1,2,1,2,1,2,2,1,2,1,2,1,1,2,0,1,0,2,1,1,2,2,2,0,1,2,0,2,1,2,2,1,0,0,0,2,1,2,1,1,2,2,2,2,2
480,2,2,1,2,2,1,1,2,2,2,2,0,1,2,2,2,1,1,2,1,2,1,2,2,2,2,2,0,0,2,2,0,2,2,2,2,0,1,1,2,2,2,2,2,0,2,0,2,1,2,2,2,1,2,0,0,1,2,2,0,2,1,2,2,2,2,1,2,1,2,2,2,2,2,2,1,2,1,2,1,2,2,1,2,1,2,1,2,2,2,1,0,1,1,1,2,2,2,0,1,2,0,2,1,2,2,0,0,0,1,2,0,2,2,1,2,2,2,2,2
481,2,0,1,2,2,0,1,2,2,2,2,1,1,2,2,2,1,1,2,1,2,1,2,2,1,2,2,0,0,2,2,0,2,2,2,2,0,1,0,2,2,2,2,2,0,2,0,2,1,2,2,2,1,2,0,0,1,2,2,0,2,2,2,2,2,2,1,1,1,2,2,2,1,2,2,1,2,1,2,1,2,2,1,2,1,1,1,1,2,2,1,0,2,1,1,2,2,2,0,1,2,0,2,1,2,2,1,0,0,2,1,0,2,2,1,2,2,2,2,2
482,2,2,1,2,2,0,1,2,2,2,2,0,1,2,2,2,1,1,2,1,2,1,2,2,2,2,2,0,0,2,2,0,2,2,2,2,1,1,0,2,2,2,2,2,0,2,0,2,0,2,2,1,1,2,0,0,1,2,2,0,2,1,2,2,2,2,2,1,1,2,2,2,1,2,2,1,2,1,2,1,2,2,1,2,1,2,1,2,2,2,1,0,2,1,1,2,2,2,0,1,2,0,2,1,2,0,1,0,0,2,1,1,2,2,1,2,1,2,2,2
483,2,2,1,2,2,0,1,2,2,2,2,0,1,2,2,2,1,2,2,1,2,1,2,2,2,2,2,0,0,2,2,0,2,2,2,2,1,1,0,2,2,2,2,2,0,2,0,2,0,2,2,1,1,2,0,0,1,2,2,0,2,1,2,2,2,2,2,1,1,2,2,2,1,2,2,1,2,1,2,1,2,2,1,2,1,1,1,2,2,2,1,0,2,1,1,2,1,2,0,1,2,0,2,1,2,2,1,0,0,2,1,1,2,2,1,2,1,2,2,2
484,2,2,1,2,2,1,1,2,2,2,2,0,1,2,2,2,1,2,2,1,2,1,2,2,2,2,2,0,0,2,2,0,0,2,2,2,1,1,0,2,2,2,2,2,0,2,0,2,1,2,2,1,1,2,0,0,1,2,2,0,2,1,2,1,2,2,2,2,1,2,2,2,1,2,2,1,2,1,2,1,2,2,1,2,1,2,1,1,2,2,1,0,2,1,1,2,1,2,0,1,2,0,2,1,2,2,0,0,0,2,1,1,2,2,1,2,1,2,2,2
485,2,2,1,2,0,1,1,0,2,2,2,0,1,1,2,2,1,2,2,1,2,2,2,2,1,2,2,0,0,2,2,0,1,2,2,2,1,1,0,2,2,2,2,2,1,2,0,2,0,2,2,1,1,2,0,0,1,2,2,0,2,1,2,1,2,2,2,2,1,2,2,2,1,2,2,1,2,1,2,1,2,2,1,2,1,1,1,1,2,2,1,0,2,1,1,1,1,2,0,1,2,0,2,1,2,2,1,0,0,2,2,2,2,2,1,2,2,2,2,2
486,2,2,1,2,0,1,1,2,2,2,2,0,1,1,2,2,1,2,2,1,2,1,2,2,2,2,2,2,0,2,2,0,1,2,2,2,1,1,0,2,2,2,2,2,0,2,0,2,0,2,2,1,1,0,0,0,1,2,2,0,2,1,2,2,2,2,2,2,1,2,2,2,1,2,2,1,2,1,2,1,2,2,1,2,1,1,1,2,1,2,1,0,2,1,1,1,1,2,0,1,2,0,2,1,2,0,0,0,0,2,2,2,2,2,1,2,2,2,2,2
487,2,0,1,2,0,1,1,0,2,2,2,0,1,1,2,2,0,2,2,1,2,1,2,2,2,2,2,0,0,2,2,0,1,2,2,2,1,1,0,2,2,2,2,2,0,2,0,2,0,2,2,1,1,2,0,0,1,2,2,0,2,1,2,2,2,1,2,2,1,2,2,2,1,1,2,1,2,1,2,1,2,2,1,2,1,2,1,2,2,2,1,0,2,1,1,2,1,2,0,1,2,0,2,1,2,2,1,0,0,2,2,2,2,2,1,2,2,2,2,2
488,2,2,1,2,0,1,1,0,2,2,2,0,1,2,2,2,1,2,2,1,2,1,2,2,2,2,2,0,0,2,2,0,1,2,2,2,1,1,0,2,2,2,2,2,0,2,0,2,0,2,2,1,1,0,0,0,1,2,2,0,2,1,2,2,2,1,2,2,1,2,2,2,1,2,2,1,2,1,2,1,2,2,1,2,1,1,1,2,2,2,1,0,2,1,1,2,1,2,0,1,2,0,2,1,2,2,0,0,0,2,2,2,2,2,1,2,2,2,2,2
489,2,2,2,2,2,1,1,1,2,2,2,0,1,1,2,2,1,2,2,1,2,1,2,2,2,2,2,0,0,2,2,0,1,2,2,2,1,1,0,2,2,1,2,2,0,2,2,2,0,2,2,1,1,0,0,0,1,2,2,0,2,1,2,2,2,2,2,2,1,2,2,2,1,2,2,1,2,1,2,1,2,2,1,2,1,1,1,2,0,2,1,0,2,1,1,2,1,2,0,1,2,0,2,1,2,2,0,0,0,2,2,1,2,1,1,2,2,2,2,2
490,1,2,1,2,2,1,1,0,2,2,2,0,1,0,2,2,1,1,2,1,2,2,2,2,2,2,2,0,0,2,2,0,1,2,2,2,1,1,0,2,2,1,2,2,0,2,2,2,2,2,2,1,1,2,0,1,1,2,2,0,2,1,2,1,2,2,2,2,1,2,2,1,1,2,2,1,2,1,2,1,2,2,1,2,1,2,1,2,0,0,1,0,2,1,1,2,1,2,0,1,2,0,2,1,2,2,0,0,0,2,2,0,2,1,1,2,1,2,2,2
491,1,0,1,2,2,1,1,1,2,2,2,0,1,0,2,2,1,1,2,1,2,2,2,2,2,2,2,0,0,2,2,2,1,2,2,2,1,1,0,2,2,2,2,2,0,2,2,2,2,2,2,1,1,2,0,0,1,2,2,0,2,1,2,1,2,2,2,2,1,2,2,1,1,2,2,1,2,1,2,1,2,2,1,2,1,2,1,1,2,2,1,0,2,1,1,2,1,2,0,1,2,0,2,1,2,2,0,0,0,2,2,0,2,2,1,2,1,2,1,2
492,1,2,1,2,2,0,1,1,2,2,2,0,1,1,2,2,1,1,1,1,2,2,2,2,2,2,2,0,0,2,2,0,1,2,2,2,1,1,0,2,2,2,2,2,0,2,0,2,2,2,2,1,1,2,0,0,1,2,2,0,2,1,2,1,2,2,1,2,1,2,2,2,1,2,2,1,2,1,2,1,2,2,1,2,1,1,1,1,0,2,1,0,2,1,1,2,1,2,0,1,2,0,2,1,2,2,0,0,0,2,2,1,1,2,1,2,1,2,1,2
493,1,2,1,2,2,1,1,2,2,2,2,0,1,2,2,2,1,1,2,1,2,2,2,2,2,2,2,0,0,2,2,0,1,2,2,2,1,1,0,2,2,2,2,2,1,2,0,2,2,2,2,1,1,2,0,0,1,2,2,0,2,1,2,1,2,2,1,2,1,2,2,2,1,2,2,1,2,1,2,1,2,2,1,2,1,1,1,2,0,2,1,0,2,2,1,2,1,2,0,1,2,0,2,1,2,2,2,0,2,0,2,2,2,2,1,2,1,2,1,2
494,1,2,1,2,2,1,1,2,2,2,2,0,1,2,2,2,1,1,2,1,2,1,2,2,2,2,2,2,0,2,2,0,1,2,2,0,1,1,0,2,2,2,2,2,0,2,0,2,1,2,2,1,1,2,0,0,1,2,2,0,2,1,2,1,2,2,2,2,1,2,2,2,1,2,2,1,2,1,2,1,2,2,1,2,1,2,1,2,0,2,1,0,2,2,1,2,2,2,0,1,2,0,2,1,2,2,0,0,2,0,2,2,2,2,1,2,1,2,2,2
495,2,2,1,2,2,1,1,2,2,2,2,0,1,2,2,2,1,1,2,1,2,1,2,2,2,2,2,0,0,2,2,0,1,2,2,2,1,1,0,2,2,2,2,2,0,2,0,2,0,2,2,1,1,2,0,0,1,2,2,0,2,1,2,2,2,2,2,2,1,2,2,2,1,2,2,1,2,1,2,1,2,2,1,2,1,1,1,2,2,2,1,0,2,2,1,2,1,2,0,1,2,0,2,1,2,2,0,0,2,0,2,0,2,2,1,2,2,2,2,2
496,0,2,2,2,2,1,1,0,2,2,2,0,1,2,0,2,1,2,2,1,2,1,2,2,2,2,2,0,0,2,2,0,1,2,2,2,1,1,0,2,2,2,2,2,0,2,0,2,0,2,2,1,1,2,0,0,1,2,2,0,2,1,2,2,2,2,2,2,1,2,2,2,1,2,2,1,2,1,2,1,2,2,1,2,1,1,1,2,2,2,1,0,2,2,1,2,1,2,0,1,2,0,2,1,2,2,1,0,2,2,2,2,2,2,1,2,2,2,2,2
497,2,2,2,2,2,1,1,2,2,2,2,0,1,2,2,2,1,2,2,1,2,1,2,2,2,2,2,2,0,2,2,0,1,2,2,2,1,1,0,2,2,2,2,2,0,2,0,2,0,1,2,2,1,2,0,0,1,2,2,0,2,1,2,2,2,2,1,2,1,2,2,2,1,2,2,1,2,1,2,1,2,2,1,2,1,1,1,2,2,2,1,0,2,2,1,2,1,2,0,1,2,0,2,1,2,0,0,0,2,2,2,0,1,2,1,2,2,2,2,2
498,2,2,2,2,2,1,1,2,2,2,2,0,1,2,1,2,1,2,2,1,2,1,2,1,2,2,2,0,0,2,2,0,1,2,2,2,1,1,0,1,2,2,2,0,0,2,0,2,0,2,2,2,1,2,0,0,1,2,2,0,2,1,2,2,2,2,1,2,1,2,2,2,0,2,2,1,2,1,2,1,2,2,1,2,1,2,1,1,0,2,1,0,2,2,1,2,1,2,0,1,2,0,2,1,2,2,1,0,2,2,2,0,1,2,1,2,2,2,2,2
499,2,2,1,2,2,1,1,0,2,2,2,0,1,2,1,2,1,2,2,1,2,1,2,1,2,2,2,0,0,2,2,0,1,2,2,2,1,1,0,1,2,2,2,2,2,2,0,2,0,2,2,2,1,2,0,0,1,2,2,0,2,1,2,2,2,2,2,2,1,2,2,2,1,2,2,1,2,1,2,1,2,2,1,2,1,2,1,1,2,2,1,0,2,2,1,1,1,2,0,1,2,0,2,1,2,2,2,0,2,2,2,0,1,1,1,2,2,2,2,1
500,2,2,1,2,2,1,1,0,2,2,2,0,1,2,2,2,1,2,2,1,2,1,2,2,2,2,2,2,0,2,2,0,1,2,2,2,0,1,1,1,2,2,2,0,2,2,0,2,0,2,2,2,1,2,0,0,1,2,2,0,2,1,2,1,2,2,2,2,1,2,2,2,1,2,2,1,2,1,2,0,2,2,1,2,1,1,1,2,0,2,1,0,2,2,1,2,2,2,0,2,2,0,2,1,2,2,2,0,2,0,2,2,1,2,1,2,1,2,1,1
501,2,2,2,2,2,1,1,0,2,2,2,0,1,2,2,2,1,2,2,1,2,2,2,2,1,2,2,0,0,2,2,0,1,2,2,2,1,1,1,1,2,2,2,2,2,2,0,2,0,2,2,2,1,2,0,0,1,2,2,2,2,1,2,1,2,2,2,2,1,2,2,2,1,2,2,1,2,1,2,0,2,2,1,2,1,1,1,1,2,2,1,0,2,1,1,2,2,2,0,1,2,0,2,1,2,2,1,0,2,2,2,2,2,2,1,2,1,2,1,1
502,2,0,1,2,2,1,1,1,2,2,2,0,1,2,2,2,1,2,2,0,1,1,2,2,1,2,2,0,0,2,2,0,1,2,2,2,1,1,1,1,2,2,2,2,1,2,0,2,0,2,2,2,1,2,0,0,1,2,2,1,2,1,2,2,2,2,2,2,1,2,2,2,1,2,0,1,2,1,2,0,2,2,1,2,1,2,1,2,2,2,1,0,2,1,1,2,1,2,0,1,2,0,2,1,2,2,1,0,2,0,2,2,2,2,1,2,1,2,1,1
503,2,2,1,2,2,1,1,2,2,2,2,0,1,2,2,2,1,2,2,0,1,1,2,2,2,2,2,0,0,2,2,0,1,2,2,2,1,1,0,1,2,2,2,2,0,2,0,2,0,2,2,2,1,2,0,0,1,2,2,0,2,1,2,2,2,2,2,1,1,2,2,2,1,2,2,1,2,1,2,0,2,2,1,2,1,1,1,2,2,2,1,0,2,1,1,2,1,2,0,1,2,0,2,1,2,2,1,0,2,0,2,2,2,2,1,2,1,2,1,1
504,2,0,2,2,2,1,1,1,2,2,2,0,1,2,2,2,1,1,2,0,1,1,2,2,1,2,2,0,0,2,2,0,1,2,2,2,1,1,0,1,2,2,2,0,0,2,0,2,0,2,2,2,1,2,0,0,1,2,2,0,2,1,2,2,2,2,2,1,1,2,2,2,1,2,2,1,2,1,2,0,2,2,1,2,1,2,1,2,2,2,1,0,2,1,1,1,1,2,0,1,2,0,2,1,2,2,1,0,2,0,2,2,2,2,1,2,1,2,1,1
505,1,2,1,2,2,1,1,0,1,2,2,0,1,2,2,2,1,2,2,0,1,1,2,2,2,2,2,0,0,2,2,0,1,2,2,2,1,1,0,1,2,2,1,2,0,2,0,2,0,2,2,2,1,2,0,0,1,2,2,0,2,1,1,2,2,2,2,2,1,2,2,2,2,2,2,1,2,1,2,0,2,2,1,2,1,1,1,2,2,2,1,0,2,1,1,2,1,2,0,1,2,0,2,1,2,2,1,0,2,0,2,2,2,2,1,2,1,2,2,1
506,1,2,1,2,2,1,1,0,2,2,2,0,1,2,2,2,1,2,2,1,1,1,2,2,2,2,2,0,0,2,2,0,1,2,2,2,1,1,2,1,2,2,1,2,1,2,0,2,0,2,2,2,1,2,0,0,1,2,2,0,2,1,2,2,2,2,2,2,1,2,2,2,2,2,2,1,2,1,2,0,2,2,1,2,1,1,1,2,2,2,1,0,1,1,1,2,1,2,0,1,2,0,2,1,2,2,0,0,2,0,2,0,2,2,1,2,1,0,2,1
507,1,2,1,2,2,1,1,1,2,2,2,0,1,2,2,2,1,2,2,0,1,1,2,2,2,2,2,2,0,2,2,0,1,2,2,2,1,1,2,1,2,2,1,2,0,2,0,2,0,2,2,2,1,2,0,0,1,2,2,0,2,1,2,2,2,2,2,2,1,2,2,2,2,2,2,1,2,1,2,0,2,1,1,2,1,2,1,2,2,2,1,0,1,1,1,2,1,2,0,1,2,0,2,1,2,2,1,0,2,0,2,2,2,2,1,2,2,1,2,1
508,2,2,1,2,2,1,1,2,2,2,2,0,1,2,2,2,1,2,2,0,1,1,2,2,1,2,2,0,0,2,2,0,1,2,2,2,1,1,2,1,2,2,1,2,0,2,0,2,0,2,2,2,1,2,0,0,1,2,2,0,2,1,2,2,2,2,2,2,1,2,2,2,2,2,2,1,2,1,2,0,2,1,1,2,1,2,1,2,2,2,1,0,2,1,1,2,1,2,0,1,2,0,2,1,2,2,1,0,2,0,2,1,2,1,1,2,2,1,2,2
509,2,2,1,2,2,1,1,2,2,2,2,0,1,2,2,2,1,2,2,0,1,1,2,2,1,2,2,0,0,2,2,0,1,2,2,2,1,1,2,1,2,2,1,2,0,2,0,2,0,2,2,2,1,2,0,0,1,2,2,0,2,1,2,2,2,2,2,2,1,2,2,2,2,2,2,1,2,1,2,0,2,2,1,2,1,2,0,1,2,2,1,0,2,1,1,2,1,2,0,1,2,0,2,1,2,2,1,0,2,0,2,2,2,2,1,2,2,1,2,2
510,2,0,1,2,2,1,1,2,2,2,2,0,1,2,2,2,1,2,2,1,1,2,2,2,2,2,2,0,0,2,2,0,1,2,2,2,1,1,2,1,2,2,1,2,0,2,0,2,0,2,2,2,1,2,0,0,1,2,2,0,2,1,2,2,2,2,2,2,1,2,2,2,2,2,2,1,2,1,2,0,2,2,1,2,1,2,1,2,2,2,1,0,2,1,1,1,1,2,0,1,2,0,2,1,2,2,1,0,2,0,2,1,2,2,1,2,2,1,2,2
511,2,2,1,2,2,1,1,2,2,2,2,0,1,1,2,2,1,1,2,0,1,2,2,2,2,2,2,2,0,2,2,0,1,2,2,2,1,1,1,1,2,2,1,2,0,2,0,2,0,2,2,2,1,2,0,0,1,2,2,0,2,1,2,2,2,2,2,2,1,2,2,2,2,2,2,1,2,1,2,0,2,2,1,2,1,1,1,2,2,2,1,0,2,1,1,1,1,2,0,1,2,0,2,1,2,2,1,0,2,0,2,2,2,2,1,2,2,1,2,2
512,2,0,2,2,2,1,1,2,2,2,2,0,1,2,2,2,1,1,2,0,1,2,2,2,2,2,2,0,0,2,2,0,1,2,2,2,1,1,2,1,2,2,2,0,0,2,0,2,0,2,2,2,1,2,0,0,1,2,2,0,2,1,2,2,2,2,2,2,1,2,2,2,2,2,2,1,2,1,2,0,2,2,1,2,1,1,1,0,2,2,1,0,2,1,1,2,1,2,0,1,2,0,2,1,2,2,1,0,2,0,1,0,2,2,1,2,2,1,2,2
513,2,0,2,2,2,1,1,2,2,2,2,0,1,2,2,2,1,2,2,0,1,1,2,2,2,1,2,0,0,2,2,0,1,2,2,2,1,1,2,1,2,2,2,0,0,2,0,2,0,2,2,2,1,2,0,0,1,2,2,0,2,1,2,1,2,2,2,2,1,2,2,2,2,2,2,1,2,1,2,0,2,2,1,2,1,1,1,0,2,2,1,0,2,1,1,1,1,2,0,1,2,0,2,1,2,2,1,0,2,0,0,2,2,2,1,2,2,1,2,2
514,2,0,2,2,2,1,1,2,2,2,2,0,1,2,2,2,1,2,2,0,1,1,2,2,1,1,2,0,0,2,2,0,1,2,2,2,1,1,2,1,2,2,2,0,0,2,0,2,0,2,2,2,1,2,0,0,1,2,2,0,2,1,2,1,2,2,2,2,1,2,2,2,2,2,2,1,2,1,2,0,2,2,1,2,1,2,1,0,2,2,1,0,2,1,1,1,1,2,0,1,2,0,2,1,2,2,1,0,2,0,1,0,2,2,1,2,2,1,1,2
515,2,0,1,2,2,1,1,2,2,2,2,0,1,2,2,2,0,2,2,0,1,1,1,2,2,1,2,0,0,2,2,0,1,2,2,2,1,1,0,1,2,2,2,2,1,2,0,2,0,2,2,2,1,2,0,0,1,2,2,0,2,1,2,1,2,2,1,2,1,2,2,2,2,2,2,1,2,1,2,0,2,2,1,2,1,0,1,0,0,2,1,0,2,1,1,1,1,2,0,1,2,0,2,1,2,2,2,0,2,0,0,1,2,2,1,2,2,1,1,2
516,2,0,1,2,2,1,1,1,2,2,2,0,1,2,1,2,1,2,2,0,1,1,1,2,1,1,2,0,0,2,2,0,1,2,2,2,1,1,0,1,2,2,2,0,2,2,0,2,0,2,2,2,1,2,0,0,1,2,2,0,2,1,2,2,2,2,1,2,1,2,2,2,2,2,2,1,2,1,2,0,2,2,1,2,1,0,1,0,2,2,1,0,2,1,1,2,1,2,0,1,2,0,2,1,2,2,2,0,2,0,1,1,2,2,1,2,2,1,1,2
517,2,2,2,2,2,1,1,0,2,2,2,0,1,2,1,2,1,2,2,0,1,1,1,2,2,2,2,0,0,2,2,0,1,2,2,2,1,1,0,1,2,2,2,2,2,2,0,2,0,2,2,2,1,2,0,0,1,2,2,0,2,1,2,2,2,2,1,1,1,2,2,2,2,2,2,1,2,1,2,0,2,2,1,2,1,0,1,0,0,2,1,0,2,1,1,2,1,2,0,1,2,0,2,1,2,2,2,0,2,0,2,1,2,1,1,2,2,1,1,2
518,2,2,2,2,2,1,1,1,2,2,2,0,1,2,1,2,1,2,2,0,1,1,2,2,2,2,2,0,0,2,2,0,1,2,2,2,1,1,0,1,2,2,2,0,2,2,0,2,2,2,2,2,1,2,0,0,1,2,2,0,2,1,2,2,2,2,1,1,1,2,2,2,2,2,2,1,2,1,2,0,2,2,1,2,1,0,1,0,2,2,1,0,2,1,1,2,1,2,0,1,2,0,2,1,2,2,2,0,2,0,2,1,2,1,1,2,2,1,1,2
519,2,2,1,2,2,1,1,0,2,2,2,0,1,2,1,2,1,2,2,0,1,1,1,2,2,2,2,2,0,2,2,0,1,2,2,2,1,1,0,1,2,2,2,2,1,2,0,2,1,2,2,2,1,2,0,0,1,2,2,0,2,1,2,2,2,2,1,1,1,2,2,2,2,2,2,1,2,1,2,0,2,2,1,2,1,0,1,0,1,0,1,0,2,1,1,2,1,2,0,2,2,0,2,1,2,2,2,0,2,0,2,1,2,1,1,2,2,1,1,2
520,2,2,1,2,2,1,1,1,2,2,2,0,1,2,1,2,1,2,2,0,1,1,2,2,2,2,2,0,0,2,2,0,1,2,2,2,1,1,0,1,2,2,2,2,0,2,0,2,0,2,2,2,1,2,0,0,1,2,2,0,2,1,2,2,2,2,1,1,1,2,2,2,2,2,2,1,2,1,2,0,2,1,1,2,1,2,1,0,2,2,1,0,2,1,1,2,1,2,0,1,2,0,2,1,2,2,2,0,2,0,2,1,2,1,2,2,1,1,2,2
521,2,0,2,2,2,1,1,2,2,2,2,0,1,2,2,2,1,1,2,0,1,1,2,2,1,2,2,0,0,2,2,0,1,2,2,2,1,1,0,1,2,2,2,2,0,2,0,2,0,2,2,2,1,2,0,0,1,2,2,0,2,1,2,2,2,2,1,1,1,2,2,2,2,2,2,1,2,1,2,0,2,1,1,2,1,2,1,2,0,2,1,0,2,1,1,2,1,2,0,1,2,0,2,1,2,2,2,0,2,0,2,1,2,2,1,2,2,1,2,2
522,2,0,1,2,2,1,1,2,2,2,2,1,1,2,2,2,1,1,2,1,1,1,2,2,2,2,2,0,0,2,2,0,1,2,2,2,1,1,0,1,2,2,2,0,0,2,0,2,0,2,2,2,1,2,0,0,1,2,2,0,2,1,2,2,2,2,1,1,1,2,2,2,2,2,2,1,2,1,2,0,2,2,1,2,1,2,1,1,2,2,1,0,2,1,1,1,1,2,0,1,2,0,2,1,2,2,2,0,2,0,2,1,2,2,1,2,1,0,2,2
523,2,0,1,2,2,1,1,2,2,2,2,1,1,2,2,2,1,1,2,1,1,2,2,2,2,2,2,0,0,2,2,0,1,2,2,2,1,1,0,1,2,2,2,2,2,2,0,2,0,2,2,2,1,2,0,0,1,2,2,1,2,1,2,2,2,2,1,1,1,2,2,2,2,2,2,1,2,2,2,0,2,2,1,2,1,1,1,2,2,2,1,0,2,1,1,2,1,2,0,1,2,0,2,1,2,2,2,0,2,0,2,1,2,1,2,2,1,2,1,2
524,2,0,1,2,2,1,1,2,2,2,2,0,1,2,2,2,1,1,2,1,1,1,1,2,1,2,2,0,0,2,2,2,1,2,2,2,1,1,0,1,2,2,2,2,2,2,0,2,0,2,2,2,1,2,0,0,1,2,2,1,2,1,2,2,2,2,2,1,1,2,2,2,2,2,2,1,2,1,2,0,2,2,1,2,1,2,1,0,2,2,1,0,2,1,1,2,1,2,0,1,2,0,2,1,2,2,1,0,2,0,2,1,2,1,1,2,1,2,2,2
525,2,0,1,2,2,1,1,2,2,2,2,0,1,2,2,2,1,1,2,1,1,2,2,2,2,2,2,0,0,2,2,0,1,2,2,2,1,1,0,1,2,2,2,0,2,2,0,2,0,2,2,2,1,2,0,0,1,2,2,1,2,1,2,2,2,2,1,1,2,2,2,2,2,2,2,1,2,1,2,0,2,2,1,2,1,1,1,0,2,2,1,0,2,1,1,2,1,2,0,1,2,0,2,1,2,2,1,0,2,0,2,0,2,1,2,2,2,2,2,2
526,2,0,1,2,2,1,1,2,2,2,2,0,1,2,2,2,1,1,2,0,1,2,2,2,2,1,2,0,0,2,2,0,1,2,2,2,1,1,0,1,2,2,2,2,2,2,0,2,0,2,2,2,1,0,0,0,1,2,2,0,2,1,2,2,2,2,2,1,2,2,2,2,2,2,2,1,2,1,2,0,2,2,1,2,1,2,1,0,2,2,1,0,2,1,1,2,1,2,0,1,2,0,2,1,2,2,0,0,2,0,1,0,2,2,1,2,1,2,2,2
527,2,2,1,2,2,1,1,2,2,2,2,0,1,2,2,2,1,1,2,0,1,2,2,2,2,2,2,0,0,2,2,0,1,2,2,2,1,1,0,1,2,2,2,2,2,2,0,2,0,2,2,2,1,2,0,0,1,2,2,0,2,1,2,2,2,2,2,1,2,2,2,1,2,2,2,1,2,1,2,0,2,2,1,2,1,1,1,0,1,2,1,0,2,1,1,2,1,2,0,1,1,0,2,1,2,2,1,0,2,0,2,2,2,2,1,2,1,2,2,2
528,2,0,2,2,2,1,1,2,2,2,2,0,1,2,2,2,1,1,2,1,1,2,2,2,1,2,2,0,0,2,2,0,1,2,2,2,1,1,0,1,2,2,2,2,2,2,0,2,0,2,2,2,1,2,0,0,1,2,2,0,2,1,2,2,2,2,0,1,2,2,2,1,2,2,2,1,2,1,2,0,2,2,1,2,1,2,1,0,2,2,1,0,2,1,1,1,1,2,0,1,0,0,2,1,2,2,1,0,2,0,2,2,2,2,1,2,2,2,2,2
529,2,0,1,2,2,1,1,2,2,2,2,0,1,2,2,2,1,1,2,1,2,2,2,2,2,2,2,0,0,2,2,0,1,2,2,2,1,1,0,1,2,2,2,0,2,2,0,2,0,2,2,2,1,2,0,0,1,2,2,0,2,1,2,2,2,2,2,1,2,2,2,1,2,2,2,1,2,1,2,0,2,2,1,2,1,2,1,2,2,2,1,0,2,1,1,1,1,2,0,2,0,0,2,1,2,2,1,0,2,0,2,2,2,1,1,2,2,2,2,2
530,2,0,1,2,2,1,1,2,2,2,2,0,1,2,2,2,1,1,2,0,2,2,2,2,2,2,2,0,0,2,2,0,1,2,2,2,1,1,0,1,2,2,2,2,2,2,0,2,0,2,2,2,1,2,0,0,1,2,2,0,2,2,2,2,2,2,2,1,2,2,2,2,2,2,2,1,2,1,2,1,2,2,1,2,1,2,1,1,2,2,1,0,2,1,1,2,1,2,0,1,2,0,2,1,2,2,2,0,2,0,2,2,1,2,1,2,2,2,2,1
531,2,0,2,2,2,1,1,2,2,2,2,0,1,2,2,2,1,2,2,1,2,2,2,2,1,2,2,0,0,2,2,0,1,2,2,2,1,1,0,1,2,2,2,2,2,2,0,2,0,2,2,2,1,2,0,0,1,2,2,0,2,1,2,2,2,2,2,2,2,2,2,2,2,2,2,1,2,1,2,1,2,2,1,2,1,2,1,2,2,2,1,0,2,1,1,2,1,2,0,1,0,0,2,1,2,2,2,0,2,0,2,0,1,1,1,2,1,2,2,1
532,2,0,2,2,2,1,1,2,1,2,2,0,1,1,2,2,1,2,2,1,2,1,2,2,1,2,2,0,0,2,2,2,1,2,2,2,1,1,0,1,2,2,2,2,2,2,0,1,0,2,2,2,1,2,0,0,1,2,2,0,2,1,2,2,2,2,1,2,2,2,2,2,2,2,2,1,2,1,2,1,2,2,1,2,1,1,1,2,2,2,1,0,2,1,1,2,1,2,0,1,0,0,2,1,2,2,2,0,2,0,2,1,1,1,1,2,2,2,2,1
533,2,0,2,2,2,1,1,2,1,2,2,0,1,2,2,2,1,1,2,0,2,2,1,2,1,2,2,0,0,2,2,0,2,2,2,2,1,1,0,1,2,2,2,2,2,2,0,1,0,2,2,2,1,2,0,0,1,2,2,0,2,1,2,2,2,2,1,2,2,2,2,2,2,2,2,1,2,1,2,1,2,2,1,2,1,2,1,2,2,2,1,0,1,1,1,2,1,2,0,1,2,0,2,1,2,2,1,0,2,0,2,0,1,1,1,2,2,2,2,1
534,2,2,2,2,2,1,1,1,1,2,2,0,1,2,2,2,1,2,2,0,2,2,1,2,1,2,2,0,0,2,2,0,2,2,2,2,1,1,0,1,2,2,2,0,2,2,0,1,0,2,2,2,1,2,0,0,1,2,2,0,2,1,2,2,2,2,2,2,2,2,1,2,2,2,2,1,2,1,2,1,2,2,1,2,1,1,1,2,2,2,1,0,1,1,1,2,1,2,0,1,2,0,2,1,2,2,1,0,2,0,2,1,1,2,1,2,2,2,2,1
535,2,0,2,2,2,1,1,2,0,2,2,0,1,2,2,2,1,1,2,0,2,2,2,2,1,2,2,0,0,2,2,0,2,2,2,2,1,1,0,1,2,2,2,0,2,2,0,1,0,2,2,2,1,2,0,0,1,2,2,0,2,1,2,2,2,2,2,2,2,2,2,2,2,2,2,1,2,1,2,1,2,2,1,2,1,1,1,2,2,2,1,0,1,1,1,2,1,2,0,1,2,0,2,1,2,2,1,0,2,0,2,2,1,1,1,2,2,2,2,1
536,2,2,2,2,2,1,1,2,0,2,2,0,1,1,2,2,1,1,2,1,2,1,2,2,1,2,2,0,0,2,2,0,2,2,2,2,1,1,0,1,2,2,2,0,2,2,0,1,0,2,2,2,1,2,0,0,1,2,2,0,2,1,2,2,2,2,2,2,1,2,2,0,2,2,1,1,2,1,2,1,2,2,1,2,1,2,1,2,0,2,1,0,1,1,1,2,1,2,0,1,2,0,2,1,2,0,2,0,2,2,1,0,1,1,1,2,2,2,2,1
537,2,0,2,2,2,1,1,2,0,2,2,0,1,2,2,2,1,1,2,1,2,1,2,2,1,2,2,2,0,2,2,2,1,2,2,2,1,1,0,1,2,2,2,2,2,2,0,1,0,2,2,2,1,2,0,0,1,2,2,0,2,1,2,2,2,2,2,2,1,2,2,2,2,1,1,1,2,1,2,1,2,2,1,2,1,1,1,0,0,2,1,0,2,1,1,2,1,2,0,1,2,0,2,1,2,2,2,0,2,2,2,2,1,2,1,2,2,0,2,1
538,2,2,2,2,2,1,1,2,0,2,2,0,1,2,2,2,1,2,2,0,2,1,2,2,1,2,2,0,0,2,2,0,1,2,2,2,1,1,0,1,2,2,2,0,2,2,0,1,0,2,2,2,1,2,0,0,1,2,2,0,2,1,2,2,2,2,1,2,1,2,2,2,2,0,1,1,2,1,2,1,2,2,1,2,1,1,1,0,2,2,1,0,2,1,1,2,1,2,0,1,2,0,2,1,2,2,2,0,2,1,2,2,1,2,2,2,2,0,2,1
539,2,0,1,2,2,1,1,2,0,2,2,0,1,2,2,2,1,2,2,1,2,1,2,2,1,2,2,0,0,2,2,0,1,2,2,1,1,1,0,1,2,2,2,2,2,2,0,1,0,2,2,2,1,2,0,0,0,2,2,0,2,1,2,2,2,2,1,2,1,2,2,2,2,0,2,1,2,1,2,1,2,2,1,2,1,2,1,0,2,2,1,0,2,1,1,2,1,2,0,1,2,0,2,1,2,2,2,0,2,0,2,2,1,1,2,2,1,0,2,1
540,2,0,2,2,2,0,1,2,1,2,2,0,1,1,2,2,1,1,2,1,2,2,1,2,1,2,2,0,0,2,2,0,1,2,2,2,1,1,0,1,2,2,2,2,2,2,0,2,0,2,2,2,1,2,0,0,1,2,2,0,2,1,2,2,2,1,1,2,1,2,2,2,2,0,2,1,2,1,2,1,2,2,1,2,1,2,1,0,2,2,1,0,2,1,1,2,2,2,0,1,2,0,2,1,2,0,2,0,2,0,2,2,2,2,2,2,2,0,2,1
541,1,2,1,2,2,0,1,2,1,2,2,0,1,2,2,2,0,1,2,1,2,1,2,2,1,2,2,0,0,2,2,0,1,2,2,2,1,1,2,1,2,2,2,2,2,2,0,2,0,2,2,1,1,2,0,0,1,2,2,0,2,1,2,2,2,2,1,2,1,2,2,2,2,0,2,1,2,1,2,1,1,2,1,2,1,2,1,1,2,2,1,0,2,1,1,2,2,2,0,1,2,0,2,1,2,2,2,0,2,0,2,0,2,2,2,2,2,2,2,1
542,0,2,1,2,2,0,1,2,1,2,2,0,1,2,2,2,1,2,2,1,2,1,2,2,1,2,2,0,0,2,2,0,1,2,2,2,1,1,2,1,2,2,2,0,2,2,0,2,0,2,2,2,1,2,0,0,1,2,2,0,1,1,2,2,2,2,2,2,2,2,2,2,2,0,2,1,2,1,2,1,2,2,1,2,1,1,1,2,2,2,1,0,2,1,1,2,2,2,0,1,2,0,2,1,2,0,2,0,2,0,2,0,2,2,1,2,2,2,2,1
543,0,2,1,2,2,0,1,2,1,2,2,0,1,2,2,2,1,2,2,0,2,1,2,2,1,2,2,0,0,2,2,0,1,2,2,2,1,1,2,1,0,1,2,2,2,2,0,2,0,2,2,2,1,2,0,0,1,2,2,0,2,1,2,2,2,2,2,2,1,2,2,2,2,0,2,1,2,1,2,1,2,2,1,2,1,1,1,2,0,2,1,0,2,1,1,2,1,2,0,1,2,0,2,1,2,2,2,0,2,0,2,2,2,1,2,2,2,2,2,1
544,2,0,1,2,2,0,1,2,1,2,2,0,1,2,2,2,1,2,2,1,2,1,2,2,1,2,2,0,0,2,2,0,1,2,2,2,1,1,2,1,0,1,2,2,2,2,0,2,0,2,2,2,1,2,0,0,1,2,2,0,2,1,2,2,2,2,2,2,1,2,2,2,2,0,2,1,2,1,2,1,2,2,1,2,1,2,1,2,0,2,1,0,1,1,1,2,1,2,0,1,2,0,2,1,2,0,2,0,2,0,2,2,2,1,2,2,1,2,2,1
545,2,0,1,2,2,0,1,2,2,2,2,0,1,0,2,2,1,2,2,1,2,1,2,2,2,2,2,0,0,2,2,0,1,2,2,2,1,1,2,1,0,1,2,2,1,2,0,2,0,2,2,2,1,2,0,0,1,2,2,0,2,1,2,2,2,2,2,2,1,2,2,2,2,0,1,1,2,1,2,1,2,2,1,2,1,2,1,2,2,2,1,0,2,1,1,2,1,2,0,2,2,0,2,1,2,0,2,0,2,2,2,0,2,1,2,2,2,2,2,1
546,2,2,2,2,2,0,1,2,2,2,2,0,1,0,2,2,1,2,2,0,2,1,2,2,1,2,2,0,0,2,2,0,1,2,2,2,1,1,2,1,0,1,1,2,0,2,0,2,0,2,2,2,1,2,0,0,1,2,2,0,2,1,2,1,2,2,2,2,1,2,2,2,2,0,1,1,2,1,2,1,2,2,1,2,1,2,1,0,2,2,1,0,2,1,1,2,1,2,0,1,2,0,2,1,2,2,2,0,2,2,0,0,2,2,2,2,2,2,2,1
547,2,2,2,2,2,0,1,2,2,2,2,0,1,1,2,2,1,2,2,0,2,1,2,2,1,2,2,0,0,2,2,0,1,2,2,2,1,1,2,1,0,1,2,0,0,2,0,2,0,2,2,2,1,2,0,0,1,2,2,0,2,1,2,1,2,2,2,2,1,2,2,2,2,0,1,1,2,1,2,1,2,1,1,2,1,2,1,1,0,2,1,0,2,1,1,2,1,2,0,1,2,0,2,1,2,2,2,0,2,0,1,0,2,2,2,2,2,2,2,1
548,2,2,2,2,2,0,1,0,2,2,2,0,1,2,2,2,1,1,2,0,2,1,2,2,1,2,2,0,0,2,2,0,1,2,2,2,1,1,2,1,0,1,2,2,0,2,0,2,0,2,2,2,1,2,0,0,1,2,2,0,2,1,2,1,2,2,2,2,1,2,2,2,2,0,2,1,2,1,2,1,2,1,1,2,1,2,1,2,0,2,1,0,2,1,1,1,1,2,0,1,2,0,2,1,2,0,2,0,2,0,0,1,2,2,1,2,2,2,2,1
549,2,2,1,2,2,0,1,0,2,2,2,0,1,2,2,2,1,2,2,0,2,1,2,2,1,2,2,0,0,2,2,0,1,2,2,2,1,1,2,1,0,1,2,2,0,2,0,2,0,2,2,2,1,2,0,0,1,2,2,0,2,1,2,2,2,1,2,2,1,2,2,2,2,0,2,1,2,1,2,1,2,1,1,2,1,1,1,2,2,2,1,0,2,1,1,1,1,2,0,1,0,0,2,1,2,2,2,0,2,0,0,1,2,2,1,2,2,2,1,1
550,2,0,2,2,2,0,1,2,2,2,2,0,1,2,2,2,1,2,2,0,2,1,2,2,1,2,2,0,0,2,2,0,1,2,2,0,1,1,2,1,0,1,2,0,0,2,0,2,0,2,2,2,1,2,0,0,1,2,2,0,2,2,2,2,2,1,2,2,1,2,2,2,2,0,2,1,2,1,2,0,2,1,1,2,1,2,1,2,2,2,1,0,2,1,1,1,1,2,0,1,2,0,2,1,2,2,2,0,2,0,0,1,2,2,1,2,2,2,1,1
551,2,0,2,2,2,1,1,2,2,2,2,0,1,2,1,2,1,2,2,0,2,1,2,2,1,2,2,0,0,2,2,0,1,2,2,2,1,1,2,1,2,1,2,2,1,2,0,2,2,2,2,2,1,2,0,0,1,2,2,0,2,1,2,2,2,2,2,2,1,2,2,2,1,0,2,1,2,1,2,0,2,1,1,2,1,1,1,2,2,2,1,0,2,1,1,1,1,2,1,2,2,0,2,1,2,2,1,0,2,0,0,1,2,2,1,2,2,2,1,1
552,0,2,2,0,2,1,1,1,2,2,2,0,1,2,1,2,1,2,2,0,2,1,2,2,1,1,2,0,0,2,2,0,2,2,2,2,1,1,2,1,2,2,2,0,0,0,0,2,0,2,2,2,1,2,0,0,1,2,2,0,2,1,2,2,2,2,2,2,1,2,2,2,2,0,2,1,2,1,2,1,2,1,1,2,1,1,1,2,2,2,1,0,2,1,1,2,1,2,0,1,2,0,2,1,2,0,1,0,2,0,2,2,2,2,1,2,2,2,1,1
553,0,2,2,0,2,1,1,2,2,2,2,0,1,2,1,2,1,2,2,0,2,1,2,2,1,2,2,0,0,2,2,0,0,2,2,2,1,1,2,1,2,2,2,0,0,2,0,2,0,2,2,1,1,2,0,0,1,2,2,0,2,1,2,2,2,2,2,2,1,2,2,2,2,0,2,1,2,1,2,1,2,1,1,2,1,1,1,2,0,2,1,0,2,1,1,2,1,2,0,1,2,0,2,1,2,2,1,0,2,0,2,0,2,2,1,2,2,2,1,1
554,1,2,0,0,2,1,1,2,2,2,2,0,1,2,1,2,1,1,2,0,2,2,2,2,1,2,2,0,0,2,2,0,0,2,2,2,1,1,2,1,2,2,2,0,0,2,0,2,0,2,2,2,1,2,0,0,1,2,2,0,2,1,2,2,2,2,2,2,1,2,2,2,2,0,2,1,2,1,2,1,2,1,1,2,1,1,1,1,2,0,1,0,2,1,1,2,1,2,0,1,2,0,2,1,2,2,2,0,2,0,2,0,2,2,1,2,2,2,1,2
555,1,0,0,0,2,1,1,2,2,2,2,0,1,2,2,2,1,2,2,0,2,2,2,2,1,2,2,0,0,2,2,0,1,2,2,2,1,1,2,1,2,2,2,2,1,2,0,2,0,2,2,2,1,2,0,0,1,2,2,0,2,1,2,2,2,2,1,1,1,2,2,2,2,0,2,1,2,1,2,1,2,1,1,2,1,2,1,2,2,0,1,0,2,1,1,2,1,2,0,1,2,0,2,1,2,2,2,0,2,0,2,2,2,2,1,2,2,2,2,0
556,1,2,0,0,2,1,1,2,2,2,2,0,1,2,2,2,1,2,2,0,2,1,2,2,2,2,2,2,0,2,2,0,1,2,2,2,1,1,2,1,2,1,2,0,1,2,0,2,0,2,2,2,1,2,0,0,1,2,2,0,2,1,2,2,2,2,1,1,1,1,2,2,2,0,2,1,2,1,2,1,2,2,1,2,1,2,1,2,2,2,1,0,2,1,1,2,1,2,0,1,1,0,2,1,2,2,2,0,2,0,2,0,2,2,1,2,1,2,2,0
557,1,0,0,0,2,1,1,2,2,2,2,0,1,2,2,2,1,1,2,0,2,1,2,2,1,2,2,0,0,2,2,0,1,2,2,2,1,1,2,1,2,2,2,2,1,2,0,2,0,2,2,2,1,2,0,0,1,2,2,0,2,1,2,2,2,2,1,1,1,1,2,2,2,0,2,1,2,1,2,1,2,2,1,2,1,1,1,2,2,2,1,0,2,1,1,2,1,2,0,1,0,0,2,1,2,0,2,0,2,0,2,0,2,2,1,2,2,2,2,0
558,1,2,0,0,2,1,1,2,2,2,2,0,1,2,2,2,1,1,2,0,2,1,2,2,2,2,2,0,0,2,2,0,1,2,2,0,1,1,2,1,0,2,2,2,1,2,0,2,0,2,2,2,1,2,0,0,1,2,2,0,2,1,2,2,2,2,1,1,1,1,2,2,2,0,2,1,2,1,2,1,2,2,1,2,1,2,1,2,2,2,1,0,2,1,1,2,1,2,0,1,1,0,2,1,2,2,2,0,2,0,2,0,2,2,1,2,2,2,2,0
559,1,2,0,0,2,1,1,0,2,2,2,0,1,2,2,2,1,2,2,0,2,1,2,2,1,2,2,0,0,2,2,0,1,2,2,2,1,1,2,1,2,2,2,0,0,2,0,2,0,2,2,2,1,2,0,0,1,2,2,0,2,1,2,2,1,2,1,2,1,1,2,2,2,0,2,1,2,1,2,1,2,2,1,2,1,1,1,2,2,0,1,0,2,1,1,2,1,2,0,1,0,0,2,1,2,2,2,0,2,0,2,0,2,1,2,2,2,2,2,0
560,2,0,0,1,2,1,1,0,2,2,2,0,1,2,2,2,1,2,2,0,2,1,2,2,1,2,2,0,0,2,2,0,1,2,2,2,1,1,2,1,2,2,2,2,0,2,0,2,0,2,2,2,1,2,0,0,1,2,1,0,2,1,2,2,1,2,1,1,1,1,2,2,2,0,2,1,2,1,2,1,2,2,1,2,1,1,1,1,2,2,1,0,1,1,1,2,1,2,0,1,2,0,2,1,2,2,0,0,2,0,1,0,2,2,2,2,1,2,1,0
561,2,2,0,1,2,1,1,0,2,2,2,1,1,2,2,2,1,1,2,0,2,1,2,2,2,2,2,0,0,2,2,0,1,2,2,2,1,1,2,1,2,2,2,2,0,2,0,2,0,2,2,2,1,2,0,0,1,2,1,0,2,1,2,2,2,2,2,2,1,1,2,2,2,0,2,1,2,1,2,1,2,2,1,2,1,1,1,1,2,2,1,0,2,1,1,2,1,2,0,1,2,0,2,1,2,2,1,0,2,0,2,0,2,1,2,2,2,2,2,0
562,2,2,0,1,2,1,1,0,2,2,2,1,1,2,2,2,1,2,2,0,2,1,2,2,2,2,2,0,0,2,2,0,1,2,2,2,1,1,2,1,2,2,2,2,0,2,0,2,0,2,2,2,1,2,0,0,1,2,1,0,2,1,2,2,2,2,2,2,1,1,2,2,2,0,2,1,2,1,2,1,2,2,1,2,1,2,1,2,0,2,1,0,2,1,1,2,1,2,0,2,2,0,2,1,2,2,0,0,2,1,2,0,2,2,2,2,2,2,2,0
563,2,2,0,1,2,1,1,0,2,2,2,1,1,2,2,2,1,2,2,0,2,1,2,2,1,1,2,0,0,2,2,0,1,2,2,2,1,1,2,1,2,2,2,0,0,2,0,2,0,2,2,2,1,2,0,0,1,2,1,0,2,1,2,2,2,2,2,2,1,1,2,2,1,2,2,1,2,1,2,1,2,2,1,2,1,1,1,0,2,2,1,0,2,1,1,1,1,2,0,1,2,0,2,1,2,2,0,0,2,0,1,0,2,1,2,2,1,2,1,0
564,2,2,0,2,2,1,1,0,2,2,2,1,1,2,2,2,1,2,2,1,2,1,2,2,2,2,2,2,0,2,2,0,1,2,2,2,1,1,2,1,2,2,2,2,0,2,0,2,0,2,2,2,1,2,0,0,1,2,1,0,2,1,2,2,2,2,2,2,1,1,2,2,1,2,2,1,2,1,2,1,2,2,1,2,1,2,1,0,2,2,1,0,2,1,1,2,1,2,0,1,2,0,2,1,2,2,0,0,2,0,1,0,2,1,2,2,1,2,2,0
565,2,2,0,2,2,1,1,0,2,2,2,0,1,2,2,2,1,2,2,0,2,1,2,2,1,2,2,0,0,2,2,0,1,2,2,2,1,1,2,1,2,2,2,2,0,2,0,2,0,2,2,2,1,2,0,0,1,2,1,0,2,1,2,2,2,2,2,2,1,1,2,1,1,2,2,1,2,1,2,1,2,2,1,2,1,1,1,0,2,2,1,0,2,1,1,2,1,2,0,1,2,0,2,1,2,2,0,0,2,0,2,0,2,1,2,2,1,2,1,0
566,2,0,0,2,2,1,1,0,2,2,2,1,1,2,2,2,1,2,2,1,2,1,1,2,1,2,2,0,0,2,2,0,1,2,2,0,1,1,2,1,2,2,2,2,1,2,0,2,0,2,2,2,1,2,0,0,1,2,1,0,2,1,2,2,2,2,2,2,1,1,2,1,2,2,2,1,2,1,2,1,2,2,1,2,1,2,1,0,2,2,1,0,2,1,1,2,1,2,0,1,2,0,2,1,2,2,1,0,2,0,2,0,2,1,2,2,1,2,1,0
567,2,2,0,2,2,1,1,1,2,2,2,1,1,2,2,2,1,2,2,1,2,1,2,2,1,2,2,0,0,2,2,0,1,2,1,0,1,1,2,1,2,2,2,0,2,2,0,2,0,2,2,2,1,2,0,0,1,2,1,0,2,1,2,2,2,2,2,2,1,1,2,1,1,2,2,1,2,1,2,1,2,2,1,2,1,2,1,0,2,2,1,0,2,1,1,2,1,2,0,1,2,0,2,1,2,2,0,0,2,0,2,2,2,1,2,2,1,2,1,0
568,2,2,0,2,2,1,1,1,2,2,2,0,1,2,2,2,1,2,2,0,2,1,2,2,1,2,2,0,0,2,2,0,1,2,1,2,1,1,2,1,2,2,2,0,2,1,0,2,0,2,2,2,1,2,0,0,1,2,1,0,2,1,2,2,2,2,2,1,1,1,2,1,1,2,2,1,2,1,2,1,2,2,1,2,1,2,1,1,0,2,1,0,2,1,1,2,1,2,0,1,2,0,2,1,2,2,0,0,2,0,2,2,2,1,2,2,2,2,1,0
569,2,0,0,2,2,1,1,0,2,2,2,0,1,2,2,2,1,1,2,0,2,1,2,2,2,2,2,0,0,2,2,0,1,2,1,2,1,1,2,1,2,2,2,2,1,1,0,2,0,2,2,2,1,2,0,0,1,2,1,0,2,1,2,2,2,2,2,2,1,1,1,1,1,2,2,1,2,1,2,1,2,2,1,2,1,2,1,1,0,2,1,0,2,1,1,2,1,2,0,1,2,0,2,1,2,2,1,0,2,0,2,2,2,2,2,2,1,2,1,0
570,2,2,0,2,2,1,1,0,2,2,2,0,1,2,2,2,1,2,2,1,2,1,2,2,2,2,2,0,0,2,2,0,1,2,1,2,1,1,2,1,2,1,2,2,1,1,0,2,0,2,2,2,1,2,0,0,1,2,1,0,2,1,2,2,2,2,2,2,1,1,2,1,1,2,2,1,2,1,2,1,2,2,1,2,1,2,1,2,2,2,1,0,2,1,1,0,1,2,0,1,2,0,2,1,2,2,2,0,2,0,2,2,2,2,2,2,1,2,1,0
571,2,2,0,2,2,1,1,0,2,2,2,1,1,2,2,2,1,1,2,1,2,1,2,2,2,2,2,0,0,2,2,0,1,2,1,2,1,1,2,1,2,1,1,2,0,1,0,2,0,2,2,2,1,2,0,0,1,2,1,0,2,1,2,2,2,2,2,2,1,1,2,1,1,2,2,1,2,1,2,1,2,2,1,2,1,2,1,1,1,0,1,0,2,1,1,1,1,2,0,1,2,0,2,1,2,2,2,0,2,0,2,2,2,2,2,2,1,2,1,0
572,1,2,0,2,2,1,1,0,2,2,2,1,1,2,2,2,1,1,2,0,1,1,2,2,1,2,2,0,0,2,2,0,1,2,1,2,1,1,2,1,2,2,1,2,0,1,0,2,0,2,2,2,1,2,0,0,1,2,1,0,2,1,2,2,2,2,2,2,1,1,2,1,1,2,2,1,2,1,2,1,2,2,1,2,1,1,1,1,1,0,1,0,2,1,1,1,1,2,0,1,2,0,2,1,2,2,2,0,1,0,0,0,2,2,2,2,2,2,1,0
573,1,0,0,2,2,1,1,0,2,2,2,0,1,2,2,2,1,1,2,1,1,1,2,2,2,2,2,0,0,2,2,0,1,2,1,2,1,1,2,1,2,2,1,2,0,1,0,2,0,2,2,2,1,2,0,0,1,2,1,0,2,1,2,2,2,2,2,2,1,1,2,1,1,2,2,1,2,1,2,1,2,2,1,2,1,1,1,1,1,2,1,0,2,1,1,2,1,2,0,2,2,0,2,1,2,0,1,0,1,0,2,0,2,2,2,2,1,2,1,0
574,1,2,0,2,2,1,1,2,2,2,2,0,1,2,2,2,1,1,2,0,1,1,2,2,2,2,2,0,0,2,2,0,1,2,1,2,1,1,2,1,2,2,1,2,0,1,0,2,0,2,2,2,1,2,0,0,1,2,1,0,2,1,2,1,2,2,2,2,1,1,2,2,1,2,2,1,2,1,2,1,2,2,1,2,1,1,1,0,2,2,1,0,2,1,1,2,1,2,0,1,1,0,2,1,2,0,1,0,2,0,2,2,2,1,2,2,1,2,1,0
575,2,2,2,2,2,1,1,2,2,2,2,0,1,2,2,2,1,2,2,0,1,1,2,2,2,2,2,0,0,2,2,0,1,2,1,2,1,1,2,1,2,2,1,2,0,1,0,2,0,2,2,2,1,2,0,0,1,2,1,0,2,1,2,2,2,2,1,2,1,1,2,2,1,2,2,1,2,1,2,1,2,1,1,2,1,1,1,0,2,2,1,0,2,1,1,2,1,2,0,1,0,0,2,1,2,2,1,0,0,0,2,2,2,1,2,2,1,2,1,0
576,2,2,2,2,2,1,1,2,2,2,2,0,1,2,2,2,0,2,2,0,1,1,2,2,2,2,2,0,0,2,2,0,1,2,1,2,1,1,2,1,2,2,1,2,0,1,0,2,0,2,2,2,1,2,0,0,1,2,1,0,2,1,2,2,2,2,0,2,1,1,2,2,1,2,2,1,2,1,2,1,2,1,1,2,1,2,1,0,2,2,1,0,2,1,1,2,1,2,0,1,1,0,2,1,2,0,1,0,0,0,2,0,2,1,2,2,1,2,1,0
577,2,0,2,1,2,1,1,2,1,2,2,0,1,2,2,2,1,2,2,0,1,2,2,2,2,2,2,0,0,2,2,0,1,2,1,2,1,1,2,1,2,2,1,2,0,1,0,2,0,2,2,2,1,2,0,0,1,2,1,0,2,1,2,1,2,2,1,2,1,1,2,2,1,2,1,1,2,1,2,1,2,2,1,2,1,1,1,0,0,2,1,0,2,1,1,2,1,2,0,1,2,0,2,1,2,2,1,0,0,2,2,1,2,2,2,2,1,2,1,0
578,2,0,2,2,2,1,1,2,2,2,2,0,1,2,2,2,1,2,2,0,1,2,2,2,2,2,2,0,0,2,2,0,1,2,1,2,1,1,2,1,2,2,1,2,0,2,0,2,0,2,2,2,1,2,0,0,1,2,1,0,2,1,2,2,2,2,1,2,1,1,2,2,1,2,1,1,2,1,2,1,2,2,1,2,1,2,1,2,2,2,1,0,2,1,1,1,1,2,0,1,2,0,2,1,2,2,1,0,0,2,2,1,2,1,2,2,2,2,2,0
579,2,2,2,2,2,1,1,2,2,2,2,0,1,2,2,2,1,2,2,1,2,1,2,2,2,2,2,0,0,2,2,0,1,2,1,1,1,1,2,1,2,2,1,2,0,2,0,2,0,2,2,2,1,2,0,0,0,2,1,0,2,1,2,1,1,2,0,2,1,1,2,2,1,1,1,1,2,1,2,1,2,2,1,2,2,1,1,2,2,2,1,0,2,1,1,1,1,2,0,1,2,0,2,1,2,2,1,0,1,2,2,1,2,2,2,2,1,2,1,0
580,2,2,1,2,2,1,1,2,2,2,2,0,1,2,2,2,1,2,2,1,1,2,2,2,2,2,2,0,0,2,2,0,1,2,1,1,1,1,2,1,2,1,1,0,1,2,0,2,0,2,2,2,1,0,0,0,1,2,1,0,2,1,2,2,2,2,0,2,1,2,2,2,1,1,2,1,2,1,2,1,2,2,1,2,2,1,1,2,2,2,1,0,2,1,1,2,1,2,0,1,2,0,2,1,2,2,1,0,1,2,2,1,2,2,1,2,2,2,1,0
581,2,0,1,2,0,1,1,2,2,2,2,0,1,2,2,2,1,1,2,1,1,2,2,2,2,2,2,2,0,2,2,0,1,2,1,2,1,1,2,1,2,2,1,2,0,2,0,2,0,2,2,2,1,2,0,0,1,2,1,0,2,1,2,2,2,2,1,2,1,2,2,2,1,1,2,1,2,1,2,1,2,2,1,2,2,1,1,2,2,0,1,0,2,1,1,1,1,2,0,1,2,0,2,1,2,2,1,0,1,2,2,1,2,2,1,2,1,2,1,0
582,1,0,1,2,2,1,1,2,2,2,2,0,1,2,2,2,1,1,2,1,1,2,2,2,2,2,2,0,0,2,2,0,1,2,1,2,1,1,2,1,2,2,1,2,0,2,0,2,0,2,2,2,1,2,0,0,1,2,1,0,2,1,2,1,2,2,1,2,1,2,2,2,2,2,2,1,2,1,0,1,2,2,1,2,1,2,1,1,2,2,1,0,2,1,1,2,1,2,0,1,2,0,2,1,2,2,1,0,1,2,2,1,1,2,1,2,1,2,1,0
583,1,2,1,2,0,1,1,2,2,2,2,0,1,2,2,2,1,2,2,1,1,1,2,2,1,2,2,0,0,2,2,0,1,2,1,2,1,1,2,1,2,2,1,2,0,2,0,2,0,2,2,2,1,2,0,0,1,2,1,0,2,1,2,1,2,2,1,2,1,2,2,2,2,2,2,1,2,1,2,1,2,2,1,2,1,1,1,1,2,2,1,0,2,1,1,2,1,2,0,1,2,0,2,1,2,2,1,0,1,2,2,1,1,2,2,2,1,2,2,0
584,1,2,1,2,0,1,1,2,2,2,2,0,1,2,2,2,1,1,2,1,0,2,2,2,1,2,2,0,0,2,2,0,1,2,1,2,1,1,2,1,2,2,1,2,0,2,0,2,2,2,2,2,1,2,0,0,1,2,1,0,2,1,2,2,2,2,1,2,1,2,2,2,2,2,0,1,2,1,2,1,2,2,1,2,1,2,1,1,2,2,1,0,2,1,1,2,1,2,0,1,2,0,2,1,2,2,1,0,1,2,2,1,1,1,1,2,2,2,2,0
585,1,2,1,2,2,1,1,2,2,2,2,0,1,2,2,2,1,1,2,1,0,2,2,2,2,2,2,0,0,2,2,0,1,2,1,2,1,1,2,1,2,2,1,2,0,2,0,2,0,2,2,2,1,2,0,0,1,2,1,0,2,1,2,2,2,2,1,2,1,2,2,2,2,2,0,1,2,1,2,1,2,2,1,2,1,1,1,1,2,0,1,0,2,1,1,2,1,2,0,1,2,0,2,1,2,2,1,0,1,2,0,1,1,2,1,2,2,2,1,0
586,1,2,1,2,2,1,1,2,2,2,2,0,1,1,2,2,1,1,2,1,2,2,2,2,1,2,2,0,0,2,2,0,1,2,1,2,1,1,2,1,2,2,1,2,0,2,0,2,0,2,2,2,1,2,0,0,1,2,1,0,2,1,2,2,2,2,1,2,1,2,2,2,2,2,2,1,0,1,2,1,2,2,1,2,1,2,1,2,0,0,1,0,2,1,1,2,1,2,0,1,2,0,2,1,2,2,1,0,1,2,2,0,1,2,1,2,2,2,1,0
587,2,2,1,2,2,1,1,2,2,2,2,0,1,1,2,2,1,2,2,0,2,1,2,2,1,2,2,2,0,2,2,0,1,2,1,1,1,1,2,1,2,2,1,2,0,2,0,2,0,2,2,2,1,2,0,0,1,2,1,0,2,1,2,2,2,2,2,2,1,2,2,2,2,2,2,1,0,1,2,1,2,1,1,2,1,1,1,2,2,2,1,0,2,1,1,2,1,2,0,1,2,0,2,1,2,2,1,0,1,2,2,0,2,2,1,2,0,2,1,2
588,2,2,1,2,2,1,1,2,2,2,2,0,1,2,2,2,1,2,2,1,2,1,2,2,1,2,2,0,0,2,2,0,1,2,1,1,1,1,2,1,2,2,1,2,0,2,0,2,0,2,2,2,1,2,0,0,1,2,1,0,2,1,2,2,2,2,2,2,1,2,2,2,1,2,2,1,2,1,2,1,2,1,0,2,1,2,1,2,2,2,1,0,2,1,1,2,1,2,0,1,2,0,2,1,2,2,1,0,1,1,2,0,2,2,1,2,2,2,1,2
589,1,2,1,2,2,1,1,2,2,2,2,0,1,2,2,2,1,2,2,0,2,1,2,2,2,2,2,0,0,2,2,0,1,2,1,1,1,1,2,1,2,2,1,2,0,2,0,2,0,2,2,2,1,2,0,0,1,2,1,0,2,1,2,2,2,2,2,2,1,2,2,2,1,2,2,1,2,1,2,1,2,1,0,2,1,2,1,2,2,2,1,0,2,1,1,2,1,2,0,1,0,0,2,1,2,2,1,0,1,2,2,1,2,2,1,2,2,2,2,2
590,1,2,1,2,2,1,1,2,2,2,2,0,1,2,2,2,1,2,2,0,2,1,1,2,1,2,2,0,0,2,2,0,1,2,1,1,1,1,1,1,2,2,1,2,0,2,0,2,0,2,2,2,1,2,0,0,0,2,1,0,2,1,2,2,2,2,1,2,1,2,2,2,1,2,2,1,2,1,2,1,2,1,0,2,1,2,1,2,2,2,1,0,2,1,1,2,1,2,0,1,2,0,2,1,2,2,1,0,1,0,2,1,2,2,1,2,2,2,2,2
591,2,2,1,2,2,1,1,2,2,2,2,0,1,2,2,2,1,1,2,0,2,1,2,2,2,2,2,0,0,2,2,0,1,2,1,2,1,1,2,1,2,2,1,2,0,2,0,2,0,2,2,2,1,2,0,0,1,2,1,0,2,1,2,2,2,2,1,2,1,2,2,2,2,0,2,1,2,2,2,1,2,1,1,2,0,2,2,2,0,2,1,0,2,1,1,2,1,2,0,1,2,0,2,1,2,2,1,0,1,0,2,1,2,2,1,2,2,2,2,1
592,1,0,1,2,2,1,1,2,2,2,2,0,1,2,2,2,1,1,2,0,2,1,2,2,1,2,2,2,0,2,2,0,1,2,1,2,1,1,2,1,2,2,1,2,1,2,0,2,2,2,2,2,1,2,0,0,1,2,1,0,2,1,2,2,2,2,1,2,1,2,2,2,2,2,2,1,0,2,2,1,2,1,1,2,0,2,2,2,0,0,1,0,2,1,1,2,1,2,0,1,2,0,2,1,2,2,1,0,1,0,2,2,2,2,2,2,2,2,1,1
593,1,2,1,2,2,1,1,2,2,2,2,0,1,2,2,2,1,1,2,0,2,1,2,2,1,2,2,0,0,2,2,0,1,2,1,0,1,1,2,1,2,2,1,2,1,2,0,2,1,2,2,2,1,2,0,0,1,2,1,0,2,1,2,2,2,2,1,2,2,2,2,2,2,2,2,1,0,1,0,1,2,1,1,2,1,1,2,2,2,0,1,0,2,1,1,2,1,2,0,1,2,0,2,1,2,0,1,0,1,0,2,2,2,1,2,2,2,2,2,1
594,1,2,1,2,2,0,1,2,1,2,2,0,1,2,2,2,0,2,2,0,2,1,2,2,2,2,2,0,0,2,2,0,1,2,1,2,1,1,2,1,2,2,1,2,1,2,0,2,1,2,2,2,1,2,0,0,1,2,1,0,2,1,2,2,2,2,1,2,1,2,2,2,2,0,2,1,0,2,2,1,2,1,1,2,0,1,2,2,2,2,1,0,2,1,1,2,1,2,0,1,2,0,2,1,2,2,1,0,1,0,2,1,2,1,2,2,2,2,1,1
595,1,2,1,2,2,0,1,2,2,2,2,0,1,2,2,2,1,2,2,0,2,1,2,2,2,2,2,0,0,2,2,0,1,2,1,2,1,1,2,1,2,2,1,2,1,2,0,2,1,2,2,2,1,2,0,0,1,2,1,0,2,1,2,2,2,2,1,2,1,2,2,2,2,0,2,1,0,1,2,1,2,1,1,2,0,1,2,2,2,2,1,0,2,1,1,2,1,2,0,1,2,0,2,1,2,2,1,0,1,0,2,1,2,1,2,2,1,2,1,1
596,1,2,1,2,1,0,1,2,2,2,2,0,1,2,2,2,1,2,2,0,2,1,2,2,1,2,2,0,0,2,2,0,1,2,2,2,1,1,2,1,2,2,2,2,1,2,0,2,1,2,2,2,1,2,0,0,1,2,1,0,2,1,2,2,2,2,1,1,1,2,2,2,2,0,2,1,0,2,2,1,2,2,1,2,0,2,2,1,2,0,1,0,2,1,1,2,2,2,0,1,2,0,2,1,2,2,1,0,1,0,2,2,2,1,2,2,1,2,1,1
597,2,0,1,2,2,0,1,2,1,2,2,0,1,2,2,2,1,2,2,1,2,1,2,2,2,2,2,0,0,2,2,0,1,2,2,2,1,1,2,1,2,2,2,2,1,2,0,2,1,2,2,2,1,2,0,0,1,2,1,0,2,1,2,2,2,2,2,2,1,2,2,2,2,0,2,1,2,1,2,1,2,2,1,2,1,1,2,2,2,2,1,0,2,1,1,2,0,2,0,1,2,0,2,1,2,2,1,0,1,0,2,1,1,2,1,2,2,2,1,1
598,1,2,1,2,2,0,1,2,1,2,2,0,1,2,2,2,1,2,2,1,2,1,2,2,1,2,2,0,0,2,2,0,1,2,2,2,1,1,2,2,2,2,2,2,1,2,0,2,1,2,2,2,1,2,0,0,1,2,1,0,2,1,2,2,2,2,2,2,1,2,2,1,2,0,2,1,2,1,2,1,2,1,1,2,1,1,2,2,2,2,1,0,2,1,1,2,0,2,0,1,2,0,2,1,2,2,1,0,1,0,2,1,1,2,2,2,2,2,2,1
599,1,2,1,2,2,0,1,2,1,2,2,0,1,2,2,2,1,2,2,1,2,1,1,2,1,2,2,0,0,2,2,0,1,2,2,2,1,1,2,2,1,2,1,2,1,2,0,2,1,2,2,2,1,2,0,0,1,2,1,0,2,1,2,1,2,2,2,2,1,2,2,2,2,0,2,1,2,1,2,1,2,1,1,2,1,1,2,2,2,2,1,0,2,1,1,1,0,2,0,1,2,0,2,1,2,2,1,0,1,2,2,1,1,2,2,2,1,2,1,1
600,0,2,1,2,2,0,1,2,1,2,2,0,1,2,2,2,1,2,2,1,2,1,1,2,1,2,2,0,0,2,2,0,1,2,2,1,1,1,2,1,1,2,2,2,1,2,0,2,1,2,2,2,1,2,0,0,1,2,1,0,2,1,1,1,2,2,2,2,1,2,2,1,2,0,2,1,2,1,2,1,2,1,1,2,1,1,2,0,2,2,1,0,2,1,1,0,0,2,0,1,2,0,2,1,2,2,1,0,1,2,2,1,1,2,1,2,2,2,1,1
601,2,2,1,2,2,0,1,2,1,2,2,0,1,2,2,2,1,1,2,1,2,1,2,2,1,2,2,0,0,2,2,0,1,2,2,0,1,1,2,1,1,2,1,2,0,2,0,2,1,2,2,2,1,2,0,0,1,2,1,0,2,1,2,2,2,2,2,2,1,2,2,1,2,0,2,1,2,1,2,1,2,2,1,2,1,2,2,0,0,2,1,0,2,1,1,2,0,2,0,1,2,0,2,1,2,2,1,0,1,2,2,1,1,2,1,2,2,2,1,1
602,2,2,1,2,2,0,1,2,2,2,2,0,1,2,2,2,1,1,2,1,2,1,2,2,1,2,2,0,0,2,2,0,1,2,1,0,1,1,2,1,1,2,1,2,0,2,0,2,1,2,2,2,1,2,0,0,1,2,1,0,2,1,2,2,2,2,2,2,1,2,2,2,1,0,2,1,2,1,2,1,2,2,1,2,1,1,1,0,2,2,1,0,2,1,1,2,0,2,0,1,2,0,2,1,2,0,2,0,1,2,2,1,1,2,1,2,2,2,1,1
603,2,2,1,2,2,0,1,2,2,2,2,0,1,2,2,2,1,2,2,1,2,1,2,2,1,2,2,0,0,2,2,0,1,2,1,2,1,1,2,1,1,2,1,2,0,2,0,2,1,2,2,2,1,2,0,0,1,2,1,0,2,1,2,2,2,2,2,2,1,2,2,2,1,0,2,1,0,1,2,1,1,2,1,2,1,1,1,0,2,2,1,0,2,1,1,1,0,2,0,1,2,0,2,1,2,0,2,0,1,2,2,1,1,2,1,2,2,2,1,2
604,2,2,1,2,2,0,1,2,2,2,2,0,1,2,2,2,1,2,2,1,2,1,2,2,2,2,2,0,0,2,2,0,1,2,1,2,1,1,2,1,1,2,1,2,0,2,0,2,1,2,2,2,1,2,0,0,1,2,1,0,2,1,2,2,2,2,2,2,1,2,2,1,2,0,2,1,0,1,2,1,2,2,1,2,1,1,1,0,2,2,1,0,2,1,1,2,0,2,0,1,2,0,2,1,2,2,2,0,1,2,2,1,1,2,1,2,2,2,1,2
605,2,2,1,2,2,0,1,2,2,2,2,0,1,2,2,2,1,2,2,1,2,1,2,2,2,2,2,0,0,2,2,0,1,2,2,2,1,1,2,1,1,2,1,2,0,2,0,2,2,2,2,2,1,2,0,0,1,2,1,0,2,1,2,2,2,2,1,2,1,2,2,2,2,0,2,1,0,1,2,1,2,2,1,2,1,2,1,0,2,2,1,0,2,1,1,2,0,2,0,1,1,0,2,1,2,2,1,0,1,2,2,1,1,2,1,2,2,2,1,2
606,2,0,1,2,2,0,1,2,2,2,2,0,1,2,2,2,1,2,2,1,2,1,2,2,2,2,2,0,0,2,2,0,1,2,2,2,1,1,2,1,1,2,1,2,0,2,0,2,1,1,2,2,1,2,0,0,1,2,1,0,2,1,2,2,2,2,1,1,1,2,2,2,2,0,2,1,0,1,2,1,2,2,1,2,1,1,1,0,2,2,1,0,1,1,1,2,0,2,0,1,1,0,2,1,2,2,1,0,1,0,2,1,1,1,1,2,2,2,1,2
607,2,2,1,2,1,0,1,2,2,2,2,0,1,2,2,2,1,1,2,1,2,1,2,2,2,2,2,0,0,2,2,0,1,2,2,2,1,1,2,1,1,2,2,2,0,2,0,2,2,2,2,2,1,2,0,0,1,2,1,0,2,1,2,2,2,2,1,1,1,2,2,2,2,0,2,1,0,1,2,1,2,2,1,2,1,2,1,0,0,2,1,0,2,1,1,1,0,2,0,1,1,0,2,1,2,2,1,0,1,2,2,1,1,1,1,2,2,2,1,2
608,2,0,1,2,1,0,1,2,2,2,2,0,1,1,2,2,1,2,2,1,2,1,2,2,2,2,2,0,0,2,2,2,1,2,2,2,1,1,2,1,1,2,2,2,0,2,0,2,1,2,2,2,1,2,0,0,1,2,1,0,2,1,2,2,2,2,1,1,1,2,2,2,1,0,2,1,0,1,2,1,2,2,1,2,1,1,1,2,2,2,1,0,2,1,1,2,0,2,0,1,2,0,2,1,2,2,1,0,1,2,2,1,1,1,1,2,1,2,1,2
609,2,0,1,2,1,0,1,2,1,2,2,0,1,0,2,2,1,2,2,1,2,1,2,2,2,2,2,0,0,2,2,0,1,2,2,2,1,1,2,1,1,2,2,2,0,2,0,2,1,2,2,2,1,2,0,0,1,1,1,0,2,1,2,2,2,2,1,1,1,2,1,2,2,0,2,1,1,1,2,1,2,2,1,2,1,2,1,2,2,2,1,0,2,1,1,2,0,2,0,1,1,0,2,1,2,2,1,0,1,0,2,1,1,2,1,2,1,2,1,2
610,2,2,1,2,2,0,1,2,1,2,2,0,1,2,2,2,1,1,2,1,2,1,2,2,2,2,2,0,0,2,2,0,1,2,2,2,1,1,2,1,2,2,2,2,0,2,0,2,2,2,2,2,1,2,0,0,1,1,1,0,2,1,2,2,2,2,1,1,1,2,2,2,2,0,2,1,0,2,2,1,2,2,1,2,1,2,1,2,1,0,1,0,2,1,1,2,0,2,0,1,1,0,2,1,2,2,1,0,1,0,2,1,1,2,1,2,1,2,1,2
611,2,2,1,2,2,2,1,2,1,2,2,0,1,2,2,2,1,1,1,1,2,2,2,2,2,2,2,0,0,2,2,2,1,2,2,2,1,1,2,1,2,1,2,0,0,2,1,2,2,0,2,2,1,2,0,0,1,1,1,0,2,1,2,2,2,2,1,1,1,2,2,2,2,0,2,1,0,1,2,1,1,2,1,2,1,2,1,1,1,2,1,0,2,1,1,1,0,2,0,1,1,0,2,1,2,2,1,0,1,0,2,1,1,1,1,2,1,2,1,2
612,2,2,1,2,2,2,1,2,1,1,2,0,1,2,2,2,1,1,2,1,2,2,2,2,1,2,2,0,0,2,2,0,1,2,2,2,1,1,2,1,2,1,2,0,0,2,2,2,1,0,2,2,1,2,0,0,1,1,1,0,2,1,1,2,2,2,1,0,1,2,2,2,1,1,2,1,0,1,2,1,2,2,1,2,0,2,1,1,1,2,1,0,2,1,1,1,0,2,0,1,1,0,2,1,2,2,1,0,1,2,2,1,2,1,1,2,2,2,1,2
613,2,2,1,2,2,2,1,2,2,1,2,0,1,2,2,2,1,2,2,1,2,1,2,2,1,2,2,0,0,2,2,0,0,2,2,2,1,1,1,1,2,1,2,2,0,2,1,2,1,2,2,2,1,2,0,0,1,1,1,0,2,1,2,2,2,1,1,2,1,1,2,1,1,0,2,1,0,1,2,1,2,2,1,2,1,2,1,1,0,2,1,0,2,1,1,1,0,2,0,1,1,0,2,1,2,2,1,0,1,2,2,1,2,1,1,2,2,2,1,2
614,2,2,1,2,2,0,1,2,2,1,2,0,1,2,2,2,1,2,2,0,2,1,2,2,1,2,2,2,0,2,2,0,1,2,2,2,1,1,1,1,2,2,2,2,0,2,1,2,1,2,2,2,1,2,0,0,1,1,1,0,2,1,2,2,2,1,1,2,1,1,2,1,2,0,2,1,0,1,2,1,2,2,1,2,1,2,1,1,1,2,1,0,2,1,1,0,0,2,0,1,2,0,2,1,2,2,1,0,1,2,2,1,2,1,1,2,2,2,1,2
615,2,2,1,2,0,0,1,2,2,1,2,0,1,2,1,2,1,2,2,0,2,1,2,2,1,2,2,0,0,2,2,0,1,2,2,2,1,1,1,1,2,2,2,2,0,2,2,2,1,2,2,2,1,2,0,0,1,1,1,0,2,1,2,2,2,2,1,2,1,1,2,1,2,2,2,1,2,1,2,1,2,2,1,2,1,2,1,1,1,2,1,0,2,1,1,1,0,2,0,1,2,0,2,1,2,2,2,0,1,1,2,1,2,1,1,2,1,2,1,2
616,2,2,1,2,0,0,1,2,2,1,2,0,1,2,2,2,1,2,2,0,2,1,2,2,1,2,2,0,0,2,2,0,1,2,2,2,1,1,1,1,2,2,2,2,0,2,2,2,1,2,2,2,1,2,0,0,1,1,1,0,2,1,1,2,2,2,1,2,1,1,2,1,2,2,2,1,2,2,2,1,2,2,1,2,1,2,1,1,2,0,1,0,1,1,1,2,0,2,0,1,2,0,2,1,2,2,1,0,1,0,2,1,2,1,1,2,1,2,2,2
617,2,2,1,2,0,0,1,2,2,1,2,0,1,2,2,2,1,2,2,1,2,1,2,2,1,2,2,0,0,2,2,0,1,2,2,2,1,1,1,1,2,2,2,2,0,2,2,2,1,2,2,1,1,0,0,0,1,1,1,0,2,1,2,2,2,2,1,2,1,1,2,1,2,2,2,1,2,2,2,1,2,2,1,2,1,2,1,2,2,0,1,0,2,1,1,2,0,2,0,2,2,0,2,1,2,2,2,0,1,1,2,1,2,1,1,2,1,2,2,2
618,2,2,1,2,2,2,1,2,2,1,2,0,1,2,2,2,1,2,2,1,2,1,2,2,1,2,2,0,0,2,2,0,1,2,2,2,1,1,1,1,2,2,2,2,0,2,2,2,1,2,2,1,1,2,0,0,1,1,1,0,2,1,2,2,2,2,1,2,1,1,2,2,2,2,2,1,2,1,2,1,1,1,1,2,1,2,1,2,0,2,1,0,1,1,1,2,0,2,0,1,2,0,2,1,2,2,2,0,2,1,2,1,2,2,1,2,2,2,2,2
619,2,2,1,2,2,2,1,2,2,1,2,0,1,2,2,2,1,1,2,1,2,1,2,2,1,2,2,0,0,2,2,0,1,2,2,2,1,1,1,1,2,1,2,0,1,2,2,2,1,2,2,1,1,2,0,0,1,1,1,0,2,1,2,2,2,2,1,2,1,1,2,2,2,2,2,1,2,2,2,1,2,1,2,2,1,1,1,2,0,2,1,0,2,1,1,1,2,2,0,1,2,0,2,1,2,2,2,0,1,1,2,1,2,2,1,2,1,2,2,2
620,2,2,1,2,2,2,1,2,2,1,2,0,1,2,2,2,1,1,2,1,2,1,1,2,1,2,2,2,0,2,2,0,1,2,2,2,1,1,1,1,2,1,2,2,2,2,2,2,1,2,2,1,1,2,0,0,1,2,1,0,2,1,2,1,2,2,1,2,1,1,2,2,2,2,2,1,2,1,2,1,2,1,2,2,1,1,1,2,0,2,1,0,2,1,1,1,0,2,0,1,2,0,2,1,2,0,2,0,1,1,2,1,2,2,1,2,1,2,1,2
621,2,2,1,2,2,2,1,2,2,1,2,0,1,1,2,2,1,2,2,0,2,1,1,2,1,2,2,0,0,2,2,0,1,2,2,2,1,1,1,1,2,1,2,0,2,2,2,2,1,2,2,1,1,2,0,0,1,2,1,0,2,1,2,1,2,2,2,2,1,1,2,2,2,2,2,1,2,1,2,1,2,2,2,2,1,2,1,2,0,2,1,0,2,1,1,2,0,2,0,1,2,0,2,1,2,0,2,0,1,1,2,1,2,2,1,2,1,2,1,2
622,2,2,1,2,2,2,1,2,2,1,2,0,1,1,2,2,1,1,2,0,1,1,1,2,1,2,2,0,0,2,2,0,1,2,2,2,1,1,1,1,2,1,2,2,2,2,2,2,1,2,2,1,1,2,0,0,1,2,1,0,2,1,2,2,2,2,2,2,1,1,2,2,2,2,2,1,1,1,2,1,2,2,0,2,1,2,1,2,0,2,1,0,2,1,1,2,0,2,0,1,2,0,2,1,2,2,2,0,1,1,2,2,2,2,1,2,2,2,2,2
623,2,2,1,2,1,2,1,2,2,1,2,2,1,2,2,2,1,1,2,1,1,1,2,2,1,2,2,0,0,2,2,0,1,2,2,2,1,1,1,1,2,1,2,2,2,2,2,2,1,2,2,1,1,2,0,0,1,2,1,0,2,1,2,2,1,2,2,2,1,2,2,2,2,2,2,1,2,1,2,1,2,2,1,2,1,2,1,2,2,2,1,0,2,1,1,2,0,2,0,1,2,0,2,1,2,2,2,0,1,2,2,1,2,2,1,2,2,2,2,2
624,2,2,1,2,1,2,1,2,2,1,2,0,1,2,2,2,1,1,2,1,2,1,2,2,1,2,2,0,0,2,2,0,1,2,2,2,1,1,1,1,2,2,2,0,1,2,2,2,1,2,2,1,1,2,0,0,1,2,1,0,2,1,2,2,2,2,2,2,1,2,2,0,2,2,2,1,2,1,2,1,2,1,0,2,1,2,1,2,0,2,1,0,2,1,1,1,0,2,0,1,2,0,2,1,2,2,2,0,1,1,2,0,2,2,1,2,2,2,2,2
625,2,2,1,2,0,2,1,1,2,1,2,0,1,2,2,2,1,2,2,1,2,1,2,2,2,2,2,0,0,2,2,0,1,2,2,2,1,1,1,1,2,2,2,2,0,2,2,2,1,2,2,1,1,2,0,0,1,2,1,0,2,1,2,2,2,2,2,2,1,2,2,1,2,2,2,1,2,1,2,1,2,1,0,2,1,2,1,2,0,2,1,0,2,1,1,1,0,2,0,1,2,0,2,1,2,2,1,0,2,1,2,2,2,1,1,2,2,2,2,2
626,2,2,1,2,0,2,1,2,2,1,2,0,1,2,2,2,1,2,2,0,2,1,1,2,2,2,2,0,0,2,2,0,1,2,2,2,1,1,1,1,2,2,2,0,0,2,2,2,1,2,2,1,1,2,0,0,1,2,1,0,2,1,2,2,2,2,2,2,1,2,2,1,2,2,2,1,1,1,2,1,2,2,0,2,1,2,1,2,0,2,1,0,2,1,1,1,0,2,0,1,2,0,2,1,2,0,0,0,2,1,1,0,2,1,1,2,2,2,2,2
627,2,2,1,2,0,2,1,1,2,1,2,0,1,2,2,2,1,2,2,0,2,1,1,2,2,2,2,2,0,2,2,0,1,2,2,2,1,1,1,1,2,2,2,2,1,2,2,2,1,2,2,1,1,2,0,0,1,2,1,0,1,1,2,2,2,2,2,2,1,2,2,1,2,2,2,1,1,1,2,1,2,2,0,2,1,2,1,1,2,2,1,0,2,1,1,2,0,2,0,1,2,0,2,1,2,0,0,0,2,2,1,2,2,1,1,2,2,2,2,2
628,2,2,1,2,2,2,1,2,2,1,2,0,1,2,2,2,1,2,2,0,2,1,1,2,1,2,2,0,0,2,2,2,1,2,2,2,1,1,1,1,2,2,2,2,0,2,2,2,1,2,2,1,1,2,0,0,1,2,1,0,2,1,2,2,2,2,2,2,2,2,2,1,2,1,2,1,1,1,2,1,2,2,0,2,2,2,0,2,2,2,1,0,2,1,1,1,0,2,0,1,2,0,2,1,2,2,0,0,2,0,1,2,2,1,1,2,1,2,2,2
629,2,2,1,2,2,2,1,0,2,1,2,0,1,2,2,2,1,2,2,1,2,1,1,2,1,2,2,0,0,2,2,0,1,2,2,2,1,1,1,1,2,2,2,2,0,2,2,2,1,2,2,1,1,0,0,0,1,2,1,0,2,1,2,2,2,2,2,2,2,2,2,1,2,2,2,1,1,1,2,1,2,2,0,2,1,1,0,1,2,2,1,0,2,1,1,2,0,2,0,1,2,0,2,1,2,2,0,0,2,0,2,2,2,1,1,2,2,2,2,2
630,2,2,1,2,2,2,1,2,2,1,2,0,1,2,2,2,1,1,2,1,2,2,2,2,1,2,2,0,0,2,2,0,1,2,2,2,1,1,2,1,2,2,2,0,0,2,2,2,1,2,2,1,1,2,0,0,1,2,1,0,2,1,2,1,2,2,2,2,2,2,2,1,2,2,2,1,1,1,2,1,2,2,2,2,1,1,0,2,2,0,1,0,2,1,1,2,0,2,0,1,2,0,2,1,2,0,0,0,2,0,2,2,1,1,1,2,2,2,2,2
631,2,2,1,2,2,2,1,2,2,1,2,0,1,2,2,2,1,1,2,1,2,2,2,2,1,2,2,0,0,2,2,0,1,2,2,2,1,1,2,1,2,2,2,0,1,2,2,2,1,2,2,1,1,2,0,0,1,2,1,0,2,1,2,1,2,2,2,2,2,2,2,1,2,2,2,1,2,1,2,1,2,2,1,2,1,1,0,0,1,0,1,0,2,1,1,2,0,2,0,1,2,0,2,1,2,2,1,0,2,0,2,1,1,1,1,2,1,2,2,2
632,2,2,1,2,2,2,1,2,2,1,2,0,1,0,2,2,1,2,2,0,2,1,2,2,1,2,2,0,0,2,2,0,1,2,2,2,1,1,2,1,2,2,2,0,1,2,2,2,1,2,2,2,1,2,0,0,1,2,1,0,2,1,1,2,2,2,2,2,2,2,1,2,2,2,2,1,2,1,2,1,2,2,1,2,0,1,0,0,2,2,1,0,2,1,1,1,0,2,0,1,2,0,2,1,2,2,0,0,2,0,2,1,2,1,1,2,1,2,2,2
633,2,2,1,2,2,2,1,2,2,1,2,0,1,1,2,2,1,2,1,0,2,2,1,2,2,2,2,0,0,2,2,0,1,2,2,2,1,1,2,1,2,2,2,0,2,1,2,2,1,2,2,2,1,2,0,0,1,2,1,0,2,1,2,2,2,2,2,2,2,2,2,2,2,2,1,1,1,1,2,1,2,2,2,2,1,1,0,2,2,2,1,0,2,1,1,1,0,2,0,1,2,0,2,1,2,2,1,0,2,0,2,1,2,1,1,2,2,2,2,2
634,2,2,1,2,2,2,1,2,2,1,2,0,1,0,2,2,1,1,2,0,2,1,2,2,2,2,2,2,0,2,2,0,1,2,2,1,1,1,2,1,2,2,2,0,2,2,2,2,1,2,2,2,1,2,0,0,1,2,1,0,2,1,2,2,2,2,2,2,2,2,2,2,2,2,2,1,1,1,2,1,2,2,2,1,0,1,0,2,2,2,1,0,2,1,1,2,0,2,0,1,2,0,2,1,2,2,1,0,2,0,2,1,2,1,1,2,1,2,2,2
635,2,2,1,2,2,2,1,2,2,1,2,0,1,1,2,2,1,2,2,0,2,1,2,2,1,2,2,0,0,2,2,0,1,2,2,0,1,1,2,1,2,2,2,0,2,2,2,2,1,2,2,2,1,2,0,0,1,2,1,0,2,1,2,2,2,2,2,1,2,2,2,2,2,2,2,1,1,0,2,1,2,2,0,1,1,1,0,2,2,2,1,0,2,1,1,2,0,2,0,1,2,0,2,1,2,2,1,0,2,0,2,0,2,1,1,2,1,2,1,2
636,2,0,1,2,2,2,1,2,2,1,2,0,1,1,2,2,1,2,2,1,2,1,2,2,1,2,2,2,0,2,2,0,1,2,2,2,1,1,2,1,2,2,2,0,2,2,2,2,1,2,2,2,1,0,0,0,1,2,1,0,2,1,2,2,2,2,2,1,2,2,2,2,2,2,2,1,1,1,1,1,2,2,2,1,2,1,0,2,0,2,1,0,2,1,1,1,0,2,0,1,2,0,2,1,2,2,0,0,2,0,2,0,2,1,1,2,1,2,2,2
637,2,2,2,2,2,2,1,2,2,1,2,0,1,1,2,2,1,2,2,0,2,1,2,2,1,2,2,0,0,2,2,0,1,2,2,2,1,1,2,1,2,2,2,2,0,2,2,2,1,2,2,2,1,2,0,0,1,2,1,0,2,1,2,2,2,2,2,1,2,2,2,2,2,2,2,1,1,1,2,1,2,2,0,1,2,1,0,1,1,2,1,0,2,1,1,1,0,2,0,1,2,0,2,1,2,2,1,0,2,2,2,0,2,1,1,2,1,2,2,2
638,2,0,2,2,2,2,1,2,2,1,2,0,1,0,2,2,1,2,2,0,2,2,2,2,2,2,2,0,0,2,2,0,0,2,2,2,1,1,2,1,2,2,2,0,0,2,2,2,1,2,2,2,1,2,0,0,1,2,1,0,2,1,2,2,2,2,2,2,2,2,2,1,2,2,2,1,1,1,2,1,1,2,0,1,2,1,0,1,1,2,1,0,2,1,1,2,0,2,0,1,2,0,2,1,2,0,1,0,2,2,2,0,2,1,1,2,1,2,2,2
639,2,2,2,2,2,1,1,2,2,1,2,0,1,0,2,2,1,2,2,0,2,1,1,2,1,2,2,2,0,2,2,0,0,2,2,2,1,1,2,1,2,2,2,0,0,2,2,2,1,2,2,2,1,2,0,0,1,1,1,0,2,1,2,2,2,2,2,2,2,2,2,2,2,2,2,1,1,1,2,1,1,1,0,1,1,1,0,1,2,2,1,0,2,1,1,1,0,2,0,1,2,0,2,1,2,2,1,0,2,2,2,0,2,1,1,2,1,2,1,2
640,2,2,1,2,2,1,1,2,2,1,2,0,1,2,2,2,1,2,2,0,2,1,1,2,1,1,2,0,0,2,2,0,2,2,2,2,1,1,2,1,2,2,2,2,0,2,2,2,1,2,2,2,1,2,0,0,1,1,1,0,2,1,2,2,2,2,2,2,2,2,2,2,2,2,2,1,1,1,2,1,1,1,0,1,1,1,0,1,1,2,1,0,2,1,1,2,0,2,0,1,2,0,2,1,2,2,1,0,2,0,2,0,2,1,1,2,1,2,1,2
641,2,2,1,2,2,1,1,1,2,1,2,0,1,2,2,2,1,2,2,0,2,1,1,2,2,1,2,0,0,2,2,0,1,2,2,2,1,1,2,1,2,2,2,0,0,2,2,2,1,2,2,2,1,2,0,0,1,1,1,0,2,1,2,2,2,2,2,2,2,2,2,2,2,2,2,1,1,1,2,1,1,1,0,2,1,1,0,1,1,2,1,0,2,1,1,2,0,2,0,1,2,0,2,1,2,2,1,0,2,0,2,0,2,1,1,2,1,2,1,2
642,2,0,1,2,2,1,1,1,2,1,2,0,1,2,2,2,1,2,2,1,2,1,1,2,1,2,2,0,0,2,2,0,1,2,2,2,1,1,2,1,2,2,2,0,0,2,2,2,1,2,2,2,1,2,0,0,1,1,1,0,2,1,2,2,2,2,2,2,2,2,2,2,2,1,2,1,1,1,2,1,1,1,0,1,1,1,0,1,1,2,1,0,2,1,1,2,0,2,0,1,2,0,2,1,2,2,0,0,2,0,2,0,2,1,1,2,1,2,1,1
643,2,2,1,2,2,1,1,1,2,1,2,0,1,2,2,2,1,1,2,1,2,1,2,2,1,2,2,0,0,2,2,0,1,2,2,2,1,1,2,1,2,0,2,2,0,2,2,2,1,2,2,2,1,2,0,0,1,1,1,0,2,1,2,2,2,2,2,1,2,2,2,2,2,1,2,1,1,1,2,1,1,1,2,1,1,1,0,2,0,2,1,0,2,1,1,2,0,2,0,1,2,0,2,1,2,2,1,0,2,0,2,0,2,1,1,2,1,2,0,1
644,2,2,1,2,2,1,1,1,2,1,2,0,1,2,2,2,1,1,2,0,2,1,2,2,1,2,2,0,0,2,2,0,1,2,2,2,1,1,2,1,2,0,2,2,0,2,2,2,1,2,2,2,1,2,0,0,1,1,1,0,2,1,2,2,2,2,2,2,2,2,2,2,2,2,2,1,1,1,2,1,1,1,0,1,1,1,0,0,0,2,1,0,2,1,1,2,0,2,0,1,2,0,2,1,2,2,1,0,2,0,2,0,2,1,1,2,1,2,1,1
645,2,2,1,2,2,1,1,2,2,1,2,0,1,2,2,2,1,2,2,1,2,1,2,2,1,2,2,2,0,2,2,0,1,2,2,2,1,1,2,1,2,0,2,2,1,2,2,2,1,2,2,2,1,2,0,0,1,2,1,0,2,1,2,2,2,2,2,2,2,2,2,2,2,2,1,1,1,1,2,1,2,2,1,1,1,1,0,0,2,2,1,0,2,1,1,2,0,2,0,1,2,0,2,1,2,2,1,0,2,0,2,0,2,1,1,2,1,2,1,1
646,2,2,1,2,2,1,1,2,2,1,2,0,1,2,2,2,1,2,2,1,2,1,2,2,1,2,2,0,0,2,2,0,1,2,2,2,1,1,2,1,2,2,2,0,1,2,2,2,1,2,2,2,1,2,0,0,1,2,1,0,2,1,2,2,2,2,2,2,2,2,2,2,2,2,1,1,1,2,1,1,2,1,1,1,1,1,0,0,2,0,1,0,2,1,1,2,0,2,0,1,2,0,2,1,2,2,1,0,2,0,2,0,2,1,1,2,1,2,1,1
647,2,2,1,2,2,1,1,2,2,1,2,0,1,2,2,2,1,2,2,0,2,1,2,2,2,2,2,0,0,2,2,0,1,2,2,2,1,1,2,1,2,2,2,2,1,2,2,2,1,2,2,2,1,2,0,0,1,2,1,0,2,1,2,2,2,2,2,2,2,2,2,1,1,2,2,1,1,1,1,1,2,1,1,2,1,1,0,0,2,2,1,0,2,1,1,2,0,2,0,1,2,0,2,1,2,2,1,0,2,0,2,0,2,1,1,2,1,2,1,1
648,2,2,1,2,2,1,1,2,2,1,2,0,1,2,2,2,1,2,2,0,2,1,2,2,2,2,2,0,0,2,2,0,1,2,2,2,1,1,2,1,2,2,2,0,1,2,2,2,1,2,2,2,1,2,0,0,1,2,1,0,2,1,2,2,2,2,2,2,2,2,2,1,1,2,2,1,1,1,1,1,2,1,1,1,1,1,0,2,2,2,1,0,2,1,1,2,1,2,0,1,2,0,2,1,2,2,1,0,2,0,2,0,2,1,1,2,1,2,1,1
649,2,2,1,2,2,1,1,1,2,1,2,0,1,2,2,2,1,2,2,1,2,1,2,2,2,2,2,2,0,2,2,0,1,2,2,2,1,1,2,1,2,2,2,0,1,2,2,2,2,2,2,2,1,2,0,0,1,2,1,0,2,1,2,2,2,2,2,2,2,2,2,1,1,1,2,1,1,1,2,1,2,1,1,1,0,1,0,2,2,2,1,0,2,1,1,2,1,2,0,1,2,0,2,1,2,2,1,0,2,0,1,0,2,1,1,2,1,2,1,1
650,2,2,1,2,2,1,1,1,2,1,2,0,1,2,2,2,1,2,2,1,2,1,1,2,1,2,2,0,0,2,2,0,1,2,2,2,1,1,2,1,2,2,2,2,1,2,2,2,2,2,2,2,1,2,0,0,1,2,1,0,2,1,2,2,2,2,2,2,1,2,2,1,2,2,2,1,1,1,1,1,2,1,1,1,1,1,0,1,2,2,1,0,2,1,1,1,1,2,0,1,2,0,2,1,2,2,1,0,2,0,2,0,2,1,1,2,1,2,1,1
651,2,2,1,2,2,1,1,0,2,1,2,0,1,2,2,2,1,2,2,0,2,1,1,2,2,2,2,0,0,2,2,0,1,2,2,2,1,1,2,1,2,2,2,2,1,2,2,2,1,2,2,2,1,2,0,0,1,2,1,0,2,2,2,1,2,2,2,2,1,2,2,1,2,2,2,1,1,1,1,1,2,1,1,1,0,1,0,2,2,2,1,0,2,1,1,1,1,2,0,1,2,0,2,1,2,2,1,0,2,0,2,0,1,1,1,2,1,2,1,1
652,2,2,1,2,2,1,1,0,2,1,2,0,1,2,2,2,1,2,2,1,2,1,1,2,2,2,2,0,0,2,2,0,1,2,2,2,1,1,2,1,2,2,2,0,1,2,2,2,1,2,2,2,1,2,0,0,1,2,1,0,2,1,2,2,2,2,2,2,1,2,2,1,2,2,2,1,1,1,1,1,2,1,1,1,1,1,0,2,0,2,1,0,2,1,1,2,1,2,0,1,2,0,2,1,2,2,1,0,2,0,1,0,1,1,1,2,1,2,1,1
653,2,2,1,2,2,1,1,1,2,1,2,1,1,2,2,2,1,2,2,0,2,1,1,2,2,2,2,0,0,2,2,0,1,2,2,2,1,1,2,1,2,2,2,0,1,2,2,2,1,2,2,2,1,2,0,0,1,2,1,0,2,1,2,2,2,2,2,2,2,2,2,2,2,1,2,1,1,1,1,1,1,1,1,1,1,1,0,2,2,2,1,0,2,1,1,2,1,2,0,1,2,0,2,1,2,2,1,0,2,0,2,0,1,1,1,2,1,2,1,1
654,2,2,1,2,2,1,1,2,2,1,2,0,1,2,2,2,1,2,2,1,2,1,1,2,1,2,2,0,0,2,2,0,1,2,2,2,1,1,2,1,2,2,2,0,1,2,2,2,1,2,2,2,1,2,0,0,1,2,1,0,2,1,2,2,2,2,2,2,2,2,2,1,2,1,2,1,1,1,1,1,1,2,1,1,1,1,0,2,2,2,1,0,2,1,1,2,1,2,0,1,2,0,2,1,2,2,1,0,2,0,2,0,1,1,1,2,1,2,1,1
655,2,2,1,1,2,1,1,2,2,1,2,0,1,1,1,2,1,1,2,1,2,1,1,2,2,2,2,0,0,2,2,0,1,2,2,2,1,1,2,1,2,2,2,2,1,2,2,2,1,2,2,2,1,2,0,0,1,1,1,0,2,1,2,2,2,2,2,2,2,2,2,1,2,2,2,1,1,1,1,1,1,1,1,1,0,1,0,2,0,2,1,0,2,1,1,2,1,2,0,1,2,0,2,1,2,2,1,0,2,0,2,0,1,1,1,2,1,2,1,1
656,2,2,1,0,0,1,1,1,2,1,2,0,1,0,2,2,1,2,2,1,2,1,1,2,2,2,2,0,0,2,2,0,1,2,2,2,1,1,2,1,2,2,2,2,0,2,2,2,1,2,2,2,1,2,0,0,1,1,1,0,2,1,2,2,2,2,2,2,2,2,2,1,2,2,2,1,1,1,1,1,1,1,1,1,1,1,0,2,1,2,1,0,2,1,1,2,1,2,0,1,2,0,2,1,2,2,1,0,2,0,2,0,1,1,1,2,1,2,1,1
657,2,2,1,2,2,1,1,1,2,1,2,0,1,0,2,2,1,2,2,1,2,1,1,2,1,2,2,0,0,2,2,0,1,2,2,2,1,1,2,1,2,2,2,0,0,2,2,2,1,2,2,2,1,2,0,0,1,1,1,0,2,1,2,2,2,2,2,2,2,2,2,2,2,2,2,1,1,1,1,1,1,2,0,1,0,1,0,1,1,0,1,0,2,1,1,2,1,2,0,1,2,0,2,1,2,1,1,0,2,0,2,0,2,1,1,2,1,2,1,1
658,2,2,1,1,2,1,1,1,2,2,2,0,1,2,2,2,1,2,2,1,2,1,1,2,1,2,2,0,0,2,2,0,1,2,2,2,1,1,2,1,2,2,2,2,0,2,2,2,1,2,2,2,1,2,0,0,1,2,1,0,1,1,2,2,2,2,2,2,2,2,2,2,2,2,2,1,1,1,1,1,1,1,1,1,1,2,0,2,2,2,1,0,2,1,1,0,1,2,0,1,2,0,2,1,2,1,1,0,2,0,2,0,2,1,1,2,1,2,1,1
659,2,2,1,2,2,1,1,2,2,2,2,0,1,2,2,2,1,2,2,1,2,1,1,2,1,2,2,0,0,2,2,0,1,2,2,2,1,1,2,1,2,2,2,2,0,2,2,2,1,2,2,2,1,2,0,0,1,2,1,0,1,1,2,2,2,2,2,2,1,2,2,2,2,2,2,1,1,1,2,1,1,1,1,1,0,2,0,2,2,0,1,0,2,1,1,2,1,2,0,1,2,0,2,1,2,1,1,0,2,0,2,0,2,1,1,2,1,2,1,1
660,2,2,2,2,2,1,1,2,2,2,2,0,1,2,2,2,1,1,2,1,2,1,1,2,2,2,2,0,0,2,2,0,1,2,2,2,1,1,2,1,2,2,2,0,0,2,2,2,1,2,2,2,1,2,0,0,1,2,1,0,2,1,2,1,2,2,2,2,1,2,2,2,2,2,2,1,1,1,2,1,1,2,1,1,1,1,0,0,0,2,1,0,2,1,1,2,1,2,0,1,2,0,2,1,2,2,1,0,2,0,2,0,1,1,1,2,1,2,1,1
661,2,2,1,2,2,1,1,2,2,2,2,0,1,2,2,2,1,2,2,1,2,2,1,2,1,2,2,0,0,2,2,0,1,2,2,2,1,1,2,1,2,2,2,0,0,2,2,2,2,2,2,2,1,2,0,0,1,2,1,0,2,1,2,1,2,2,2,2,1,2,2,1,2,2,1,1,1,1,2,1,2,2,1,1,1,1,0,2,2,2,1,0,2,1,1,2,1,2,0,1,2,0,2,1,2,2,1,0,2,0,2,0,1,1,1,2,1,2,1,1
662,2,2,1,2,2,1,1,2,2,2,2,0,1,1,2,2,1,2,2,1,2,2,1,2,1,2,2,0,0,2,2,0,1,2,2,2,1,1,2,1,2,2,2,2,1,2,2,2,0,2,2,2,1,2,0,0,1,2,1,0,2,1,2,2,2,2,2,2,1,2,2,2,2,2,2,1,1,1,2,1,2,2,1,1,1,1,0,2,2,2,1,0,2,1,1,2,1,2,0,1,2,0,2,1,2,2,1,0,2,0,2,0,1,1,1,2,2,2,1,1
663,2,2,1,2,2,1,1,2,2,2,2,0,1,0,2,2,1,2,2,1,2,1,1,2,2,2,2,0,0,2,2,0,1,2,2,2,1,1,2,1,2,2,2,2,1,2,2,2,0,2,2,2,1,2,0,0,1,2,1,0,2,1,2,2,2,2,2,1,1,2,2,2,2,2,2,1,1,1,2,1,2,1,1,1,1,1,0,0,2,2,1,0,2,1,1,2,1,2,0,1,2,0,2,1,2,2,1,0,2,0,2,2,1,1,1,2,1,2,1,1
664,2,2,1,2,2,1,1,2,2,2,2,0,1,2,2,2,1,1,2,1,2,1,2,2,2,2,2,0,0,2,2,0,1,2,2,2,1,1,2,1,2,1,2,0,1,2,2,2,0,2,1,2,1,2,0,0,1,2,1,0,2,1,2,2,2,2,2,2,1,2,2,2,2,2,2,1,2,1,2,1,2,2,2,1,0,1,0,2,1,2,1,0,2,1,1,2,1,2,0,1,2,0,2,1,2,2,1,0,2,0,2,1,1,1,1,2,1,2,1,1
665,2,2,1,2,2,1,1,2,2,2,2,0,1,2,2,2,1,2,2,0,2,1,2,2,2,2,2,0,0,2,2,0,1,2,2,2,1,1,2,1,2,1,2,2,1,2,2,2,0,2,2,2,1,2,0,0,1,2,1,0,2,1,2,1,2,2,2,2,1,2,2,2,2,2,2,1,2,1,2,1,2,2,0,2,1,1,0,0,1,2,1,0,1,1,1,2,1,2,0,1,2,0,2,1,2,2,1,0,1,0,2,1,2,1,1,2,1,2,1,1
666,2,0,1,2,2,1,1,2,2,2,2,0,1,2,2,2,1,2,2,0,2,1,2,2,2,2,2,0,0,2,2,0,1,2,2,2,1,1,2,1,2,1,2,0,1,2,2,2,0,2,2,2,1,2,0,0,1,2,1,0,2,1,2,1,2,2,2,2,1,2,2,2,2,2,2,1,2,1,2,1,2,2,0,2,1,1,0,2,2,2,1,0,1,1,1,2,1,2,0,1,2,0,2,1,2,2,2,0,1,0,2,0,2,1,1,2,1,2,1,1
667,2,2,1,2,2,1,1,2,2,2,2,0,1,2,2,2,1,2,2,1,2,1,2,2,1,2,2,0,0,2,2,0,1,2,2,2,1,1,2,1,2,1,2,2,1,2,2,2,0,2,2,2,1,2,0,0,1,2,1,0,2,1,2,1,2,2,1,2,1,2,2,1,2,2,2,1,2,1,2,1,2,2,0,2,0,1,0,2,2,2,1,0,2,1,1,2,1,2,0,1,2,0,2,1,2,2,2,0,1,2,2,2,2,1,1,2,1,2,1,1
668,2,0,1,2,2,1,1,2,2,2,2,0,1,2,2,2,1,2,2,0,2,1,2,2,1,2,2,0,0,2,2,0,1,2,2,2,1,1,2,1,2,2,2,0,1,2,2,2,0,2,2,2,1,2,0,0,1,2,1,0,2,1,2,2,2,2,1,2,1,2,2,1,0,2,2,1,2,1,2,1,2,2,1,2,1,1,0,2,1,2,1,0,2,1,1,2,1,2,0,1,2,0,2,1,2,2,1,0,1,2,2,0,2,1,1,2,1,2,1,1
669,2,0,1,2,2,1,1,2,2,2,2,0,1,2,2,2,1,2,2,0,2,1,1,2,1,2,2,0,0,2,2,0,1,2,2,2,1,1,2,1,2,2,2,0,2,2,2,2,0,2,2,2,1,2,0,0,1,2,1,0,2,2,2,2,2,2,1,2,1,2,2,1,0,2,2,1,2,1,2,1,2,2,2,2,1,1,1,2,1,2,1,0,2,1,1,2,1,2,0,1,2,0,2,1,2,2,1,0,1,2,2,2,2,1,1,2,1,2,1,1
670,2,2,1,2,2,1,1,2,2,2,2,1,1,2,2,2,1,2,2,0,2,1,2,2,1,2,2,0,0,2,2,0,1,2,2,2,1,1,2,1,2,2,2,0,2,2,0,2,0,2,2,2,1,2,0,0,1,2,1,0,2,1,2,2,2,2,0,2,1,2,2,1,1,2,2,1,2,1,2,1,2,2,1,2,0,1,0,2,2,2,1,0,2,1,1,2,1,2,0,1,2,0,2,1,2,2,1,0,1,2,2,1,2,1,1,2,1,2,1,1
671,2,0,1,2,2,1,1,1,2,2,2,1,1,2,2,2,1,1,2,0,2,1,2,2,1,2,2,0,0,2,2,0,1,2,2,2,1,1,2,1,2,2,2,0,2,2,0,2,0,2,2,2,1,2,0,0,1,2,1,0,2,1,2,2,2,2,0,2,1,2,2,1,1,2,2,1,2,1,2,1,2,2,1,2,0,1,0,2,2,2,1,0,2,1,1,1,1,2,0,1,2,0,2,1,2,2,1,0,1,2,2,1,2,1,1,2,1,2,1,1
672,2,2,1,2,2,1,1,2,2,2,2,1,1,2,2,2,1,2,2,0,2,1,2,2,1,2,2,0,0,2,2,0,1,2,2,2,1,1,2,1,2,2,2,2,2,2,0,2,0,2,2,2,1,2,0,0,1,2,1,0,2,1,2,2,2,2,2,2,1,2,2,1,1,2,2,1,2,1,2,1,2,2,1,2,0,1,0,2,2,2,1,0,2,1,1,2,1,2,0,1,2,0,2,1,2,2,1,0,1,2,2,1,2,1,2,2,1,2,1,1
673,2,2,1,1,2,1,1,2,2,2,2,1,1,2,2,2,1,2,2,0,2,1,1,2,1,2,2,2,0,2,2,0,1,2,2,2,1,1,2,1,2,2,2,0,2,2,0,2,0,2,2,2,1,2,0,0,1,2,1,0,2,1,2,2,2,2,2,2,1,2,2,1,1,2,2,1,2,1,2,1,2,2,1,2,1,2,1,2,2,0,1,0,1,1,1,1,1,2,0,1,2,0,2,1,2,2,2,0,1,2,2,2,2,1,2,2,1,2,1,1
674,2,2,1,2,2,1,1,2,2,2,2,1,1,2,2,2,1,2,2,0,2,1,2,2,2,2,2,0,0,2,2,0,1,2,2,2,1,1,2,1,2,1,2,0,2,2,0,2,0,2,2,2,1,2,0,0,1,2,1,0,2,1,2,2,2,2,2,2,1,2,2,1,1,2,2,1,2,1,2,1,2,2,1,2,2,2,1,1,2,2,1,0,1,1,1,2,1,2,0,1,2,0,2,1,2,2,2,0,1,2,2,1,2,1,2,2,1,2,1,1
675,2,2,1,2,2,1,1,1,2,2,2,1,1,2,2,2,1,1,2,0,2,1,2,2,1,2,2,0,0,2,2,0,1,2,2,2,1,1,2,1,2,1,2,0,2,2,0,2,0,2,2,2,1,2,0,0,1,2,1,0,2,1,2,2,2,2,2,2,1,2,2,2,1,2,2,1,2,1,2,1,2,2,1,2,2,2,1,1,2,2,1,0,2,1,1,2,1,2,0,1,2,0,2,1,2,2,2,0,1,2,2,1,2,1,2,2,0,2,1,1
676,2,2,1,2,2,1,1,0,2,2,2,0,1,2,2,2,1,1,2,1,2,1,2,2,2,2,2,0,0,2,2,0,1,2,2,2,1,1,2,1,2,1,2,0,2,2,0,2,0,2,2,2,1,2,0,0,1,2,1,0,2,1,2,2,2,2,2,2,1,2,2,2,0,2,2,1,2,1,2,1,2,2,1,2,1,2,1,1,2,2,1,0,2,1,1,2,1,2,0,2,2,0,2,1,2,2,2,0,1,2,0,0,2,1,2,2,1,2,1,1
677,1,2,1,2,2,2,1,0,2,2,2,0,1,2,2,2,1,1,2,0,2,1,2,2,1,2,2,2,0,2,2,0,1,2,2,2,1,1,2,1,2,1,2,2,2,2,0,2,0,2,2,2,1,2,0,0,0,2,1,0,2,1,2,2,2,2,2,2,1,2,2,2,2,2,2,1,2,1,2,1,2,2,2,2,2,2,1,1,2,2,1,0,2,1,1,2,1,2,0,2,2,0,2,1,2,0,2,0,1,2,2,2,2,1,2,2,1,2,1,1
678,2,0,1,2,2,2,1,1,2,2,2,0,1,2,2,2,1,2,2,0,2,1,2,2,1,2,2,0,0,2,2,0,1,2,2,2,1,1,2,1,2,1,2,0,2,2,0,2,0,2,2,2,1,2,0,0,1,2,1,0,2,2,2,2,2,2,2,2,1,2,2,2,2,2,1,1,2,1,2,1,2,2,1,2,2,1,1,1,2,2,1,0,2,1,1,2,1,2,0,1,2,0,2,1,2,2,2,0,1,2,2,2,2,1,2,2,1,2,1,1
679,1,2,1,2,2,2,1,0,2,2,2,0,1,2,2,2,1,2,2,0,2,1,2,2,1,2,2,0,0,2,2,0,1,2,2,2,1,1,2,1,2,1,2,2,1,2,0,2,0,2,2,2,1,2,0,0,1,2,1,0,2,1,2,2,0,2,2,2,1,2,2,1,2,2,2,1,2,1,2,1,2,2,1,2,2,2,1,1,2,2,1,0,2,1,1,2,1,2,0,1,2,0,2,1,2,2,1,0,1,2,2,2,2,1,1,2,1,2,1,1
680,1,2,1,2,2,2,1,0,2,2,2,0,1,2,2,2,1,2,2,1,2,1,2,2,1,2,2,0,0,2,2,0,1,2,2,2,1,1,2,1,2,1,2,0,2,2,0,2,1,2,2,2,1,2,0,0,1,2,1,0,2,1,2,2,2,2,2,1,1,2,2,1,2,2,2,1,2,1,2,1,2,2,1,2,2,2,1,1,2,2,1,0,2,1,1,2,1,2,0,1,2,0,2,1,2,2,2,0,1,2,2,0,2,1,2,2,2,2,1,1
681,1,2,1,2,2,2,1,0,2,2,2,0,1,2,2,2,1,2,2,1,2,1,2,2,1,2,2,0,0,2,2,0,1,2,2,2,1,1,2,1,2,1,2,2,2,2,0,2,1,2,2,2,1,2,0,0,1,2,1,0,2,1,2,2,2,2,2,1,1,2,2,1,2,2,2,1,2,1,2,1,2,2,0,2,2,2,1,1,2,2,1,0,2,1,1,2,1,2,0,1,2,0,2,1,2,2,2,0,1,1,2,0,2,1,1,2,1,2,1,1
682,2,0,1,2,2,2,1,0,2,2,2,1,1,2,2,2,1,2,2,1,2,1,2,2,1,2,2,0,0,2,2,0,1,2,2,2,1,1,2,1,2,1,2,2,1,2,0,2,1,2,2,2,1,2,0,0,1,2,1,0,2,1,2,2,2,2,2,2,1,2,2,1,2,2,2,1,2,1,2,1,2,1,1,2,0,2,1,1,2,2,1,0,2,1,1,2,1,2,0,1,2,0,2,1,2,2,1,0,2,0,1,0,2,1,1,2,1,2,1,1
683,2,2,0,2,2,2,1,0,2,2,2,1,1,2,2,2,1,2,2,1,2,1,1,2,2,2,2,0,0,2,2,0,1,2,2,2,1,1,2,1,2,2,2,2,1,2,0,2,1,2,2,2,1,2,0,0,1,2,1,0,2,1,2,2,2,2,2,1,1,2,2,2,1,2,2,1,2,1,2,1,2,1,1,2,0,2,1,1,2,2,1,0,2,1,1,2,1,2,0,1,2,0,2,1,2,2,2,0,2,0,1,0,2,1,1,2,1,2,1,1
684,2,2,0,2,2,2,1,1,2,2,2,0,1,2,2,2,1,1,2,0,2,1,1,2,1,2,2,0,0,2,2,0,1,2,2,2,1,1,2,1,2,1,2,2,1,2,0,2,1,2,2,2,1,2,0,0,1,2,1,0,2,1,2,2,2,2,2,2,1,2,2,1,2,2,2,1,2,1,2,1,2,1,1,2,1,2,1,1,2,2,1,0,2,1,1,2,1,2,0,1,2,0,2,1,2,2,1,0,2,0,2,0,2,1,1,2,1,2,2,1
685,2,2,1,2,2,2,1,1,2,2,2,0,1,2,2,2,1,2,2,0,2,1,2,2,2,2,2,0,0,2,2,0,1,2,2,2,1,1,2,1,2,1,2,2,1,2,0,2,2,2,2,2,1,2,0,0,1,2,1,0,2,1,2,1,2,2,2,2,1,2,2,2,2,0,2,1,2,1,2,1,2,1,1,2,1,2,1,1,2,2,1,0,2,1,1,1,1,2,0,1,2,0,2,1,2,2,2,0,2,0,2,2,2,1,1,2,1,2,2,1
686,2,2,1,2,2,2,1,1,2,2,2,0,1,2,2,2,1,2,2,1,2,1,2,2,1,2,2,0,0,2,2,0,1,2,2,2,1,1,2,1,2,1,2,2,1,2,0,2,0,2,2,2,1,2,0,0,1,2,1,0,2,1,2,1,2,2,2,2,1,2,2,2,2,0,2,1,2,1,2,1,2,2,1,2,1,1,1,1,2,2,1,0,1,1,1,1,1,2,0,1,2,0,2,1,2,0,2,0,2,0,2,0,2,1,1,2,1,0,2,1
687,2,0,1,2,2,2,1,1,2,2,2,0,1,0,2,2,1,2,2,0,2,1,2,2,1,2,2,2,0,2,2,0,1,2,2,2,1,1,2,1,2,2,2,2,1,2,0,2,0,2,2,2,1,2,0,0,1,2,1,0,2,1,2,1,2,2,0,2,1,2,2,2,1,0,2,1,2,2,2,0,2,2,1,2,1,1,1,1,2,2,1,0,2,1,1,2,1,2,0,1,2,0,2,1,2,2,2,0,2,0,2,0,2,1,2,2,1,1,2,1
688,2,2,1,2,2,2,1,0,2,2,2,0,1,1,2,2,1,2,2,0,2,1,2,2,2,2,2,0,0,2,2,0,1,2,2,2,1,1,2,1,2,2,2,0,1,2,0,2,0,2,2,2,1,2,0,0,1,2,1,0,2,1,2,2,2,2,0,2,1,2,2,2,2,0,2,1,2,1,2,0,2,2,1,2,1,1,1,1,2,2,1,0,2,1,1,0,1,2,0,1,2,0,2,1,2,2,2,0,2,0,0,0,2,1,2,2,1,1,2,2
689,2,2,1,2,2,2,1,1,2,2,2,0,1,2,2,2,1,2,2,1,2,1,2,2,1,2,2,0,0,2,2,0,1,2,2,2,1,1,2,1,2,2,2,2,1,2,0,2,0,2,2,2,1,2,0,0,1,2,1,0,2,1,2,2,2,2,2,2,1,2,2,1,2,0,2,1,2,1,2,0,2,2,1,2,2,1,0,1,2,2,1,0,2,1,1,2,1,2,0,2,2,0,2,1,2,2,2,0,2,2,0,1,2,1,0,2,1,1,2,2
690,2,2,1,2,2,2,1,1,2,2,2,0,1,2,2,2,1,2,2,1,2,1,2,2,1,2,2,0,0,2,2,0,1,2,2,2,1,1,2,1,2,2,2,0,1,2,2,2,0,2,2,2,1,2,0,0,1,2,1,0,2,1,2,2,2,2,2,2,1,2,2,2,2,0,2,1,2,1,2,0,2,1,1,2,2,1,0,1,2,0,1,0,2,1,1,2,1,2,0,2,2,0,2,1,2,2,2,0,2,0,2,0,1,1,0,2,1,1,2,2
691,2,2,1,2,2,2,1,2,2,2,2,0,1,2,2,2,1,2,2,0,2,1,2,2,1,2,2,0,0,2,2,0,1,2,2,2,1,1,2,1,2,2,2,2,1,2,2,2,0,2,2,2,1,2,0,0,1,2,1,0,2,1,0,2,2,2,2,2,1,2,2,2,2,0,2,1,2,1,2,0,2,1,1,2,2,1,1,1,2,2,1,0,2,1,1,2,1,2,0,1,2,0,2,1,2,2,2,0,2,0,2,0,0,1,0,2,1,0,2,2
692,1,2,1,2,2,2,1,2,2,2,2,0,1,2,2,2,1,1,2,0,2,1,2,2,2,2,2,0,0,2,2,0,1,2,2,2,1,1,2,1,2,2,2,0,1,2,2,2,2,2,2,2,1,2,0,0,1,2,1,0,2,1,0,1,2,2,1,2,1,2,2,2,2,0,2,1,2,2,2,1,2,1,1,2,2,2,0,1,2,2,1,0,2,1,1,2,1,2,0,1,2,0,2,1,2,0,2,0,2,0,2,0,1,1,0,2,1,0,2,2
693,1,2,1,2,2,2,1,2,2,2,2,0,1,1,2,2,1,1,2,1,2,1,2,2,1,2,2,0,0,2,2,0,1,2,2,2,1,1,2,1,2,2,2,2,1,2,2,2,0,2,2,2,1,2,0,0,1,2,2,0,2,1,0,1,2,2,2,2,1,2,2,2,2,2,2,1,2,2,2,1,2,1,1,2,2,2,1,1,2,2,1,0,2,1,1,2,1,2,0,1,2,0,2,1,2,2,2,0,2,0,2,0,2,1,0,2,1,0,2,2
694,1,2,1,2,2,2,1,1,2,2,2,0,1,2,2,2,1,2,2,1,2,1,0,2,1,2,2,0,0,2,2,0,1,2,2,2,1,1,2,1,2,2,2,2,1,2,2,2,0,2,2,2,1,2,0,0,1,2,2,0,2,1,0,0,2,2,1,2,1,2,2,2,2,2,2,1,2,2,2,1,2,1,1,2,2,0,1,1,2,2,1,0,2,1,1,2,1,2,0,1,2,0,2,1,2,2,2,0,2,0,2,0,2,1,0,2,1,0,2,2
695,1,2,1,2,2,2,1,2,2,2,2,0,1,2,2,2,1,1,2,1,2,2,0,2,1,2,2,0,0,2,2,0,1,2,2,2,1,1,2,1,2,2,2,2,2,2,2,2,0,2,2,2,1,2,0,0,1,2,2,0,2,1,0,1,2,2,2,2,1,2,2,2,1,2,2,1,2,2,2,1,2,1,1,2,2,0,1,1,2,2,1,0,2,1,1,2,1,2,0,1,2,0,2,1,2,1,2,0,2,0,2,0,2,1,0,2,1,2,2,2
696,1,2,1,2,2,2,1,2,2,2,2,0,1,2,2,2,1,1,2,1,2,2,0,2,1,2,2,0,0,2,2,0,1,2,2,2,1,1,2,1,2,2,2,2,2,2,2,2,0,2,2,2,1,2,0,0,1,2,2,0,2,1,2,2,2,2,1,2,1,2,1,2,1,2,1,1,2,2,2,1,2,2,1,2,2,0,1,1,2,2,1,0,2,1,1,2,1,2,0,1,2,0,2,1,2,1,2,0,2,0,2,0,1,1,2,2,1,2,2,2
697,1,2,1,2,2,0,1,1,2,2,2,0,1,2,2,2,1,1,2,1,2,1,0,2,2,2,2,2,0,2,2,0,1,2,2,2,1,1,2,1,2,2,2,2,1,2,1,2,0,2,2,2,1,2,0,0,1,2,2,0,2,1,2,2,2,2,1,2,1,2,2,2,0,2,2,1,2,2,2,1,2,2,1,2,2,0,1,1,2,2,1,0,2,1,1,2,1,2,0,1,2,0,2,1,2,1,2,0,2,0,2,0,1,2,2,2,1,2,2,2
698,1,2,1,2,2,2,1,0,2,2,2,0,1,2,2,2,1,1,1,1,1,1,0,2,2,2,2,0,0,2,2,0,1,2,2,2,1,1,2,1,2,2,2,0,1,2,1,2,0,2,2,2,1,2,0,0,1,2,1,0,1,1,2,2,2,2,1,2,1,2,2,2,1,2,2,1,2,2,2,1,2,1,1,2,2,0,1,1,2,2,1,0,2,1,1,2,1,2,0,1,2,0,2,1,2,1,2,0,2,0,0,0,1,2,2,2,1,2,2,2
699,2,0,1,2,2,2,1,0,2,2,2,0,1,2,2,2,1,1,2,1,1,1,0,2,2,2,2,0,0,2,2,0,1,2,2,2,1,1,2,1,2,2,2,2,1,2,2,2,0,2,2,2,1,2,0,0,1,2,1,0,2,1,2,2,2,2,1,2,1,2,2,2,1,2,2,1,2,2,2,1,2,2,1,2,1,0,1,1,2,2,1,0,2,1,1,1,1,2,0,1,2,0,2,1,2,1,2,0,2,0,2,0,1,2,1,2,1,2,2,2
700,0,2,1,2,2,2,1,0,2,2,2,0,1,1,2,2,1,1,2,1,1,2,0,2,1,2,2,0,0,2,2,0,1,2,2,2,1,1,2,1,2,2,2,0,1,2,2,2,0,2,2,2,1,2,0,0,1,2,1,0,2,1,2,2,2,2,1,2,1,2,2,2,1,2,1,1,2,2,2,1,2,2,1,2,2,2,0,1,2,0,1,0,2,1,1,2,1,2,0,1,2,0,2,1,2,2,2,0,2,0,2,0,1,2,1,2,1,2,2,2
701,0,2,2,2,2,0,1,2,2,2,2,0,1,1,2,2,1,1,2,1,1,1,0,2,1,2,2,0,0,2,2,0,1,2,2,2,1,1,2,1,2,2,2,2,1,2,2,2,0,2,2,2,1,2,0,0,1,2,1,0,2,1,2,2,2,2,1,2,1,2,2,2,0,2,1,1,2,1,2,1,2,2,1,2,2,1,1,1,2,2,1,0,2,1,1,2,1,2,0,1,2,0,2,1,2,2,2,0,2,0,2,2,1,2,2,2,1,2,2,2
702,0,0,1,2,2,0,1,2,2,2,2,0,1,0,2,2,1,2,2,1,1,1,0,2,2,2,2,0,0,2,2,0,1,2,2,2,1,1,2,1,2,2,2,0,1,2,2,2,0,2,2,2,1,2,0,0,1,2,1,0,2,1,2,2,2,2,1,1,1,2,2,2,1,2,2,1,2,2,2,1,2,2,1,2,1,1,1,1,2,2,1,0,2,1,1,2,2,2,0,1,2,0,2,1,2,2,2,0,2,0,2,0,2,1,2,2,1,2,1,2
703,2,2,1,2,2,0,1,2,2,2,2,0,1,1,2,2,1,2,2,1,1,1,0,2,2,2,2,2,0,2,2,0,1,2,2,2,1,1,2,1,2,2,2,0,1,2,2,2,1,2,2,2,1,2,0,0,1,2,1,0,2,1,2,2,2,2,1,1,1,2,2,1,1,2,2,1,2,2,2,1,2,2,1,2,0,2,1,1,2,2,1,0,2,1,1,2,2,2,0,1,2,0,2,1,2,1,2,0,2,2,2,0,2,1,0,2,2,2,2,2
704,2,2,1,2,0,0,1,2,2,2,2,0,1,2,2,2,1,2,2,1,1,1,0,2,2,2,2,0,0,2,2,0,1,2,2,2,1,1,2,1,2,2,2,2,1,2,2,2,1,2,2,2,1,2,0,0,1,2,1,0,2,1,2,2,2,2,1,1,1,2,2,2,1,2,2,1,2,2,2,1,2,2,1,2,0,2,1,1,2,2,1,0,2,1,1,2,2,2,0,1,2,0,2,1,2,1,2,0,2,0,2,0,2,1,0,2,2,2,2,2
705,2,0,1,2,0,0,1,1,2,2,2,0,1,2,2,2,1,1,2,1,1,1,0,2,1,2,2,0,0,2,2,0,1,2,2,2,1,1,2,1,2,2,2,2,1,2,2,2,1,1,2,2,1,2,0,0,1,2,1,0,2,1,2,2,2,2,1,1,1,2,2,2,1,2,1,1,2,2,2,1,2,1,1,2,0,1,1,1,2,2,1,0,2,1,1,2,0,2,0,1,2,0,2,1,2,1,2,0,2,0,2,0,2,2,0,2,2,2,2,2
706,2,2,1,2,0,0,1,1,2,2,2,0,1,2,2,2,1,1,2,1,1,1,0,2,2,2,2,0,0,2,2,0,1,2,2,2,1,1,2,1,2,2,2,2,1,2,1,2,1,2,2,2,1,2,0,0,1,2,1,0,2,1,2,2,2,2,1,1,1,1,2,2,2,1,2,1,2,2,2,1,2,1,1,2,0,2,1,1,2,2,1,0,2,1,1,2,0,2,0,1,2,0,2,1,2,1,2,0,2,0,2,0,2,2,0,2,1,2,2,2
707,2,0,1,2,0,2,1,0,2,2,2,0,1,2,2,2,1,2,2,1,0,1,0,2,2,2,2,0,0,2,2,0,1,2,2,2,1,1,2,1,2,2,2,2,1,2,1,2,1,2,2,2,1,2,0,0,1,2,1,0,2,1,2,2,2,2,1,1,1,1,2,1,2,2,2,1,2,2,2,1,2,2,1,2,0,0,0,1,2,2,1,0,2,1,1,2,0,2,0,1,2,0,2,1,2,1,2,0,2,0,2,0,2,1,1,2,1,2,1,2
708,2,0,1,2,2,1,1,0,2,2,2,0,1,2,2,2,1,2,2,1,0,2,0,2,2,2,2,0,0,2,2,0,1,2,2,2,1,1,1,1,2,2,2,2,1,2,1,2,1,2,2,2,1,2,0,0,1,2,1,0,2,1,2,2,2,2,1,1,1,2,2,2,2,2,2,1,2,2,2,1,2,2,1,2,2,0,0,1,2,2,1,0,2,1,1,2,2,2,0,1,2,0,2,1,2,1,2,0,2,0,2,2,2,1,1,2,2,2,2,2
709,2,2,1,2,2,1,1,1,2,2,2,1,1,2,2,2,1,2,2,1,1,2,0,2,2,2,2,0,0,2,2,0,1,2,2,2,1,1,1,1,2,2,2,0,1,2,1,2,1,2,2,2,1,2,0,0,1,2,1,0,1,1,2,2,2,2,1,1,1,2,2,1,2,2,2,1,2,2,2,1,2,2,1,2,2,0,0,1,2,2,1,0,2,1,1,2,2,2,0,1,2,0,2,1,2,1,2,0,2,0,2,1,2,1,2,2,1,2,2,2
710,2,2,1,2,2,1,1,2,2,2,2,0,1,2,2,2,1,1,2,1,1,1,0,2,2,2,2,0,0,2,2,0,1,2,1,2,1,1,0,1,2,2,2,0,2,1,2,2,1,2,2,2,1,2,0,0,1,2,1,0,0,1,2,2,2,2,1,1,1,2,2,2,2,2,2,1,2,2,2,1,2,2,1,2,1,0,0,1,2,2,1,0,2,1,1,2,2,2,0,1,2,0,2,1,2,1,2,0,2,0,2,1,2,1,2,2,2,2,2,2
711,2,2,1,2,2,1,1,2,2,2,2,0,1,2,2,2,1,1,2,1,1,1,0,2,2,2,2,0,0,2,2,0,1,2,2,2,1,1,1,1,2,2,2,0,2,1,2,2,1,2,2,2,1,2,0,0,1,2,1,0,2,1,2,2,2,2,1,1,1,2,2,2,2,2,2,1,2,2,2,1,2,2,1,2,0,0,1,1,2,2,1,0,1,1,1,1,2,2,0,1,2,0,2,1,2,1,2,0,2,2,2,0,2,1,2,2,2,2,2,2
712,1,2,1,2,2,1,1,2,2,2,2,0,1,2,2,2,1,1,2,1,1,2,0,2,2,2,2,0,0,2,2,0,1,2,2,2,1,1,1,1,2,2,2,2,2,1,2,2,1,2,2,2,1,2,0,0,1,2,1,0,2,1,2,2,2,2,1,1,1,2,2,2,2,2,2,1,2,2,2,1,2,2,1,2,0,0,1,1,2,2,1,0,2,1,1,1,2,2,0,1,2,0,2,1,2,2,2,0,2,2,2,0,2,1,2,2,2,2,2,2
713,2,2,1,2,2,1,1,2,2,2,2,0,1,2,2,2,1,1,2,1,1,2,0,2,2,2,2,0,0,2,2,0,1,2,2,2,1,1,1,1,2,2,2,2,2,1,2,2,1,2,2,2,1,2,0,0,0,2,1,0,2,1,2,2,2,2,1,1,1,2,2,2,2,2,2,1,2,2,2,1,2,2,1,2,0,0,1,1,2,2,1,2,1,1,1,1,2,2,0,1,2,0,2,1,2,2,2,0,2,2,1,0,2,1,2,2,1,2,2,2
714,2,2,1,2,2,1,1,1,2,2,2,0,1,2,2,2,1,2,2,1,2,2,0,2,2,2,2,0,0,2,2,0,1,2,2,2,1,1,1,1,2,2,2,2,2,1,2,2,1,2,2,2,1,2,0,0,1,2,1,0,2,1,2,2,2,2,1,1,1,2,2,2,1,2,2,1,2,2,2,1,2,2,1,2,0,2,1,1,2,2,1,0,2,1,1,1,2,2,0,1,2,0,2,1,2,2,2,0,2,2,2,2,2,1,2,2,1,2,2,2
715,2,2,1,2,2,1,1,2,2,2,2,0,1,2,2,2,1,1,2,1,2,2,0,2,2,2,2,0,0,2,2,0,1,2,2,2,1,1,1,1,2,2,2,0,2,1,0,2,1,2,2,2,1,2,0,0,1,2,1,0,2,1,2,2,2,2,1,1,1,2,2,2,1,2,1,1,2,2,2,1,2,2,0,2,0,0,1,1,2,2,1,0,2,1,1,1,1,2,0,1,2,0,2,1,2,0,2,0,0,2,2,0,2,1,1,2,2,2,2,2
716,2,2,1,2,2,1,1,2,2,2,2,0,1,2,2,2,1,1,1,0,2,2,0,2,2,2,2,0,0,2,2,0,1,2,2,2,1,1,1,1,2,2,2,2,2,1,0,2,2,2,2,2,1,2,0,0,1,2,1,0,2,1,2,2,2,2,1,1,1,2,2,2,1,2,1,1,2,2,2,1,2,2,0,2,0,0,0,1,2,2,1,0,2,1,1,2,1,2,0,1,2,0,2,1,2,2,2,0,0,2,2,1,2,1,1,2,1,2,2,2
717,2,2,1,2,2,1,1,2,2,2,2,0,1,2,2,2,1,2,2,1,2,1,0,2,2,2,2,0,0,2,2,0,1,2,2,2,1,1,1,1,2,2,2,2,2,1,0,2,0,2,2,2,1,2,0,0,1,2,1,0,2,1,2,2,2,2,1,2,1,2,2,2,1,2,2,1,2,2,2,1,2,2,0,2,0,0,0,1,2,2,1,0,2,1,1,2,1,2,0,1,2,0,2,1,2,2,2,0,0,2,2,1,2,1,2,2,2,2,2,2
718,2,2,1,2,2,1,1,2,2,2,2,0,1,1,2,2,1,2,2,1,2,1,0,2,2,2,2,0,0,2,2,0,1,2,2,2,1,1,1,1,2,2,2,0,1,1,0,2,0,2,2,2,1,2,0,0,1,2,1,0,2,1,2,1,2,2,2,2,1,2,2,2,1,2,2,1,2,2,2,1,2,2,2,2,0,0,1,1,2,2,1,0,2,1,1,2,1,2,0,1,2,0,2,1,2,2,2,0,0,0,2,0,2,1,1,2,1,2,2,2
719,2,2,1,2,2,1,1,2,2,2,2,0,1,0,2,2,1,2,2,1,2,1,0,2,1,2,2,0,0,2,2,0,1,2,2,2,1,1,2,1,2,2,2,2,1,1,0,2,2,2,2,1,1,2,0,0,1,2,1,0,2,1,2,1,2,2,1,2,1,2,2,2,1,2,2,1,2,1,2,1,2,2,1,2,0,0,1,1,2,2,1,0,1,1,1,2,1,2,0,1,0,0,2,1,2,2,1,0,0,0,2,0,2,1,1,2,2,2,1,2
720,2,2,1,2,2,1,1,2,2,2,2,0,1,1,2,2,1,2,2,1,2,2,0,2,2,2,2,0,0,2,2,0,1,2,2,2,1,1,2,1,2,2,2,2,1,1,0,2,2,2,2,1,1,2,0,0,1,2,1,0,2,1,2,1,2,2,1,2,1,1,2,2,1,2,2,1,2,2,2,1,2,2,1,2,0,0,1,1,2,2,1,0,2,1,1,1,1,2,0,1,2,0,2,1,2,2,2,0,0,2,2,0,2,1,1,2,1,2,2,2
721,2,0,1,2,2,1,1,1,2,2,2,0,1,2,2,2,1,1,2,1,2,2,0,2,2,2,2,0,0,2,2,0,1,1,2,2,1,1,2,1,2,2,2,2,1,1,0,2,0,2,2,2,1,2,0,0,1,2,1,0,2,1,2,2,2,2,0,2,1,1,2,2,1,2,2,1,2,1,2,1,2,1,1,2,0,0,1,1,2,2,1,0,2,1,1,1,1,2,0,1,2,0,2,1,2,2,2,0,0,2,2,0,2,2,1,2,2,2,2,2
722,2,2,1,2,2,1,1,2,2,2,2,0,1,2,2,2,1,1,2,1,2,2,0,2,2,2,2,0,0,2,2,0,1,2,2,2,1,1,2,1,2,2,2,2,1,1,0,2,2,2,2,2,1,2,0,0,1,2,1,0,2,1,2,2,2,2,1,2,1,1,2,2,1,2,2,1,2,1,2,1,2,1,1,2,0,0,1,1,2,2,1,0,2,1,1,1,1,2,0,1,2,0,2,1,2,2,2,0,0,2,2,0,2,1,2,2,2,2,2,2
723,2,2,1,2,2,1,1,2,2,2,2,0,1,2,2,2,1,2,2,1,2,1,0,2,2,2,2,0,0,2,2,0,1,2,2,2,1,1,1,1,2,2,2,0,1,1,0,2,0,2,2,2,1,2,0,0,1,2,1,0,1,1,2,2,2,2,1,2,1,1,2,2,1,2,1,1,2,2,2,1,2,1,1,2,0,0,1,1,2,2,1,0,2,1,1,0,1,2,0,1,2,0,2,1,2,0,2,0,0,2,2,0,2,1,1,2,2,2,2,2
724,2,2,1,2,2,1,1,2,2,2,2,0,1,2,2,2,1,1,2,1,2,1,0,2,2,2,2,0,0,2,2,0,1,2,2,2,1,1,1,1,2,2,2,2,1,1,0,2,0,2,2,2,1,2,0,0,1,2,1,0,2,1,2,2,2,2,1,2,1,1,2,2,1,2,1,1,2,2,2,1,2,2,1,2,1,0,1,1,2,2,1,0,2,1,1,1,1,2,0,1,2,0,2,2,2,2,2,0,0,2,2,0,2,1,2,2,2,2,2,2
725,2,2,2,2,2,1,1,1,2,2,2,0,1,2,2,2,1,2,2,1,2,1,0,2,2,2,2,2,0,2,2,0,1,2,2,2,1,1,1,1,2,1,2,0,1,1,0,2,0,2,2,2,1,2,0,0,1,2,1,0,2,1,2,2,2,2,1,2,1,1,2,2,1,2,2,1,2,2,2,1,2,2,1,2,1,2,1,1,2,2,1,0,2,1,1,1,1,2,0,1,2,0,2,1,2,2,2,0,0,2,2,2,2,1,2,2,1,2,2,2
726,2,2,1,2,2,1,1,2,2,2,2,0,1,2,2,2,1,2,2,1,2,1,0,2,2,2,2,2,0,2,2,0,1,2,2,2,1,1,1,1,2,1,2,0,1,1,0,2,0,2,2,2,1,2,0,0,1,2,1,0,2,1,2,1,2,2,0,2,1,2,2,2,1,2,2,1,2,2,2,1,2,2,1,2,0,1,1,1,2,2,1,0,2,1,1,2,1,2,0,1,2,0,2,1,2,0,2,0,0,2,2,0,2,1,2,2,2,2,2,2
727,2,0,1,2,2,1,1,2,2,2,2,0,1,0,2,2,1,2,2,1,2,1,0,2,2,2,2,0,0,2,2,0,1,2,1,2,1,1,1,1,2,2,2,0,1,1,0,2,0,0,2,2,1,2,0,0,1,2,1,0,2,1,2,1,2,2,1,2,1,2,2,2,1,2,2,1,2,2,2,1,2,2,1,2,0,1,1,1,2,2,1,0,2,1,1,2,1,2,0,1,2,0,2,1,2,2,2,0,0,2,2,0,2,1,1,2,2,2,2,2
728,2,0,1,2,0,1,1,0,2,2,2,0,1,0,2,2,1,1,2,1,2,1,0,2,2,2,2,0,0,2,2,0,1,2,1,2,1,1,1,1,2,2,2,2,1,1,0,2,2,2,2,2,1,2,0,0,1,2,1,0,2,1,2,1,2,2,1,2,1,2,2,2,1,2,2,1,2,1,2,1,2,2,1,2,0,2,0,1,2,2,1,0,2,1,1,2,1,2,0,1,2,0,2,1,2,2,1,0,0,2,2,0,2,2,1,2,2,2,2,2
729,1,2,1,2,2,1,1,2,2,2,2,0,1,0,2,2,1,1,2,1,2,1,0,2,2,2,2,0,0,2,2,0,1,2,1,2,1,1,1,1,2,2,2,0,1,2,0,2,1,1,2,2,1,2,0,0,1,2,1,0,2,1,2,1,2,2,1,2,1,2,2,2,1,1,2,1,2,1,2,1,2,2,1,2,0,1,0,1,2,2,1,0,2,1,1,2,1,2,0,1,2,0,2,1,2,2,2,0,0,2,2,0,2,1,1,2,2,2,1,2
730,2,2,1,2,2,1,1,1,2,2,2,0,1,1,2,2,1,2,2,1,2,1,0,2,2,2,2,0,0,2,2,0,1,2,1,2,1,1,1,1,2,2,2,2,0,2,0,2,1,2,2,2,1,2,0,0,1,2,1,0,2,1,2,1,2,2,2,2,1,2,2,2,1,2,2,1,2,1,2,1,2,2,1,2,0,1,1,1,2,2,1,0,2,1,1,2,1,2,0,1,2,0,2,1,2,2,2,0,0,1,2,0,2,1,2,2,2,2,1,2
731,2,2,1,2,2,1,1,0,2,2,2,0,1,1,2,2,1,2,2,1,2,1,0,2,2,2,2,0,0,2,2,0,1,2,2,2,1,1,1,1,2,2,2,0,1,2,0,2,1,2,2,2,1,2,0,0,1,2,1,0,2,1,2,1,2,2,1,2,1,2,2,2,1,2,2,1,2,2,2,1,2,2,1,2,0,1,1,1,2,2,1,0,2,1,1,2,1,2,0,1,2,0,2,1,2,1,2,0,0,2,2,2,2,1,2,2,2,2,1,2
732,1,2,1,2,2,1,1,2,2,2,2,0,1,1,2,2,1,2,2,1,2,1,0,2,2,2,2,0,0,2,2,0,1,2,2,2,1,1,1,1,2,2,2,2,1,2,0,2,1,2,2,2,1,2,0,0,1,2,1,0,2,1,2,1,2,2,1,2,1,2,2,2,1,2,2,1,2,1,2,1,2,2,1,2,1,1,1,1,2,0,1,0,2,1,1,2,1,2,0,1,2,0,2,1,2,2,2,0,0,1,2,0,2,1,2,2,2,2,1,2
733,2,2,1,2,2,1,1,0,2,2,2,0,1,1,2,2,1,2,2,1,2,1,0,2,2,2,2,0,0,2,2,0,1,2,2,2,1,1,1,1,2,2,2,2,1,2,0,2,1,2,2,2,1,2,0,0,1,2,1,0,2,1,2,2,2,2,1,2,1,2,1,2,1,2,2,1,2,2,2,1,2,2,1,2,0,0,0,1,2,2,1,0,2,1,1,2,1,2,0,1,2,0,2,1,2,2,2,0,0,2,2,0,2,1,1,2,1,2,2,2
734,2,2,2,2,2,1,1,1,2,2,2,0,1,1,2,2,1,2,2,1,2,1,0,2,2,2,2,2,0,2,2,0,1,2,2,2,1,1,1,1,2,2,2,2,1,2,0,2,1,2,2,2,1,2,0,0,1,2,1,0,2,1,2,2,2,2,1,2,1,2,2,2,1,2,2,1,2,2,2,1,2,2,1,2,0,0,1,1,2,2,1,0,2,1,1,2,1,2,0,2,2,0,2,1,2,2,2,0,0,2,2,2,2,2,2,2,2,2,2,2
735,2,0,2,2,2,1,1,1,2,2,2,0,1,1,2,2,1,2,2,1,0,1,0,2,2,2,2,0,0,2,2,0,1,2,2,2,1,1,1,1,2,2,2,0,1,2,0,2,1,2,2,2,1,2,0,0,1,2,1,0,1,1,2,2,2,2,1,2,2,2,2,2,1,2,2,1,2,2,2,1,2,2,1,2,0,0,0,1,2,2,1,0,2,1,1,1,2,2,0,1,2,0,2,1,2,1,1,0,0,1,2,2,2,2,1,2,1,2,1,2
736,2,2,1,2,2,1,1,2,2,2,2,0,1,0,2,2,1,2,2,0,1,1,0,2,1,2,2,0,0,2,2,0,1,2,2,2,1,1,0,1,2,2,2,2,1,2,0,2,1,2,2,2,1,2,0,0,1,2,1,0,1,1,2,2,2,2,1,2,1,2,2,2,1,2,2,1,2,2,2,1,2,2,1,2,0,0,1,2,2,2,1,0,2,1,1,2,0,2,0,1,2,0,2,1,2,2,1,0,0,1,2,2,2,2,2,2,1,2,1,2
737,2,0,1,2,2,1,1,2,2,2,2,1,1,1,2,2,1,1,2,0,1,1,0,2,1,2,2,0,0,2,2,0,1,2,2,2,1,1,0,1,2,2,2,2,0,2,0,2,1,2,2,2,1,2,0,0,1,2,1,0,2,1,2,2,2,2,1,1,1,2,2,2,1,2,2,1,2,2,2,1,1,2,1,2,0,0,0,2,2,2,1,0,2,1,1,2,0,2,0,2,2,0,2,1,2,2,1,0,0,1,2,0,2,2,1,2,1,2,1,2
738,2,0,1,2,2,1,1,2,2,2,2,1,1,0,2,2,1,2,2,0,1,1,0,2,1,2,2,0,0,2,2,0,1,2,2,2,1,1,0,1,2,2,2,0,0,2,0,2,1,2,2,2,1,2,0,0,1,2,1,0,2,1,2,2,2,2,2,1,1,2,2,2,1,2,2,1,2,1,2,1,2,2,1,2,0,0,1,1,2,2,1,0,2,1,1,1,0,2,0,1,2,0,2,1,2,2,0,0,0,1,2,0,2,2,1,2,1,2,2,2
739,2,2,1,2,2,1,1,2,2,2,2,1,1,1,2,2,1,2,2,1,2,1,0,2,2,2,2,0,0,2,2,0,1,2,2,2,1,1,0,1,2,2,2,2,0,1,0,2,1,2,2,2,1,2,0,0,1,2,1,0,2,1,1,2,2,2,2,1,1,2,2,2,1,2,1,1,2,1,2,1,2,1,2,2,1,0,1,1,2,0,1,0,2,1,1,2,0,2,0,2,2,0,2,1,2,2,0,0,0,1,2,0,2,1,2,2,2,2,2,2
740,2,2,1,2,2,1,1,2,2,2,2,1,1,0,2,2,1,2,2,0,2,1,0,2,1,2,2,0,0,2,2,0,1,2,2,2,1,1,0,1,2,2,2,2,0,1,0,2,1,2,2,2,1,2,0,0,1,2,1,0,2,1,2,2,2,2,2,1,1,2,2,2,0,2,1,1,2,1,2,1,2,1,1,2,0,0,1,1,2,2,1,0,2,1,1,2,0,2,0,1,2,0,2,1,2,2,1,0,0,0,2,0,2,1,2,2,2,2,1,2
741,2,2,1,2,2,1,1,2,2,2,2,1,1,2,2,2,1,2,2,1,2,1,0,2,2,2,2,0,0,2,2,0,1,2,2,2,1,1,0,1,2,2,2,2,0,1,0,2,2,2,2,2,1,2,0,0,1,2,1,0,2,1,2,2,2,2,2,1,2,2,2,2,0,2,1,1,2,1,2,1,2,1,1,2,0,0,1,1,2,0,1,0,2,1,1,2,0,2,0,1,2,0,2,1,2,2,1,0,0,2,2,0,2,1,2,2,2,2,2,2
742,2,0,1,2,2,1,1,2,2,2,2,1,1,2,2,2,1,2,2,0,2,1,0,2,0,2,2,0,0,2,2,0,1,2,2,2,1,1,1,1,2,2,2,2,2,1,0,2,0,2,2,2,1,2,0,0,1,2,1,0,2,2,2,2,2,2,2,1,2,2,2,2,1,2,1,1,2,1,2,1,2,1,1,2,0,0,1,1,2,2,1,0,2,1,1,2,0,2,0,1,2,0,2,1,2,2,1,0,0,2,2,2,2,1,2,2,2,2,1,2
743,0,2,1,2,2,1,1,1,2,2,2,0,1,2,2,2,1,2,2,0,2,1,0,2,1,2,2,0,0,2,2,0,1,2,2,2,1,1,0,1,2,2,2,2,1,1,0,2,0,0,2,2,1,2,0,0,1,2,1,0,2,1,2,2,2,2,2,1,1,2,2,2,2,2,1,1,2,1,2,1,2,1,2,2,0,0,1,1,2,2,1,0,2,1,1,2,0,2,0,2,2,0,2,1,2,2,1,0,0,2,2,0,2,1,2,2,1,2,2,2
744,2,0,1,2,2,1,1,2,2,2,2,0,1,2,2,2,1,1,2,1,2,2,0,2,1,2,2,0,0,2,2,0,2,2,2,2,1,1,0,1,2,1,2,2,1,1,0,2,0,2,2,2,1,2,0,0,1,2,1,0,2,1,2,2,2,2,2,1,2,2,2,2,2,2,1,1,2,1,2,1,2,1,1,2,0,0,1,1,2,2,1,0,2,1,1,2,0,2,0,1,2,0,2,1,2,2,1,0,0,1,2,0,2,1,2,2,2,2,2,2
745,2,0,1,2,2,1,1,2,2,2,2,0,1,2,2,2,1,2,2,1,2,1,0,2,2,2,2,2,0,2,2,0,2,2,2,2,1,1,0,1,2,1,2,0,2,1,0,2,1,2,2,2,1,2,0,0,1,2,1,0,2,1,2,2,2,2,2,1,2,2,2,2,2,2,1,1,2,1,2,1,2,1,1,2,0,0,1,1,2,2,1,0,2,1,1,1,0,2,0,1,2,0,2,1,2,2,1,0,0,1,2,0,2,1,1,2,2,2,1,2
746,2,2,1,2,2,1,1,2,2,2,2,0,1,2,2,2,1,2,2,0,2,1,0,2,2,2,2,0,0,2,2,0,1,2,2,2,1,1,0,1,2,2,2,2,2,1,0,2,1,2,2,2,1,2,0,0,1,2,1,0,2,1,2,0,2,2,2,1,2,1,2,2,1,2,1,1,2,1,2,1,2,1,1,2,0,0,2,1,2,2,1,0,2,1,1,2,0,2,0,1,2,0,2,1,2,2,1,0,0,2,2,1,2,1,1,2,1,2,2,2
747,2,0,1,2,2,1,1,2,2,2,2,0,1,2,2,2,1,1,2,0,2,2,0,2,2,2,2,0,0,2,2,0,1,2,2,2,1,1,0,1,2,2,2,0,2,1,2,2,1,2,2,2,1,2,0,0,1,2,1,0,2,1,2,1,2,2,2,2,2,1,2,2,2,2,1,1,2,1,2,1,2,1,2,1,1,0,1,1,2,2,1,0,1,1,1,2,0,2,0,1,2,0,2,1,2,2,2,0,0,1,2,1,2,1,1,2,1,2,2,2
748,2,2,1,2,2,1,1,2,2,2,2,0,1,2,2,2,1,2,2,0,2,1,0,2,2,2,2,0,0,2,2,0,1,2,2,2,1,1,0,1,2,2,2,2,2,1,2,2,1,2,2,2,1,2,0,0,1,2,1,0,2,1,2,2,2,2,2,2,2,1,2,2,2,2,1,1,2,1,2,1,2,1,1,0,1,0,1,1,2,2,1,0,2,1,1,1,0,2,0,1,2,0,2,1,2,2,2,0,0,2,2,1,2,1,2,2,1,2,2,2
749,2,0,1,2,2,1,1,2,2,2,2,0,1,2,2,2,1,2,2,1,2,1,0,2,1,2,2,0,0,2,2,0,1,2,2,2,1,1,0,1,2,2,2,0,2,1,2,2,1,2,2,2,1,0,0,0,1,2,1,0,2,1,2,2,2,2,2,2,2,1,2,2,2,2,1,1,2,1,2,1,2,1,2,0,1,0,1,1,2,0,1,0,2,1,1,2,0,2,0,1,2,0,2,1,2,2,1,0,0,0,2,2,2,1,1,2,2,2,1,2
750,2,0,1,2,2,1,1,1,2,2,2,0,1,2,2,2,1,1,2,0,2,1,0,2,1,2,2,0,0,2,2,0,1,2,2,2,1,1,0,1,2,2,2,0,2,1,0,2,1,2,2,2,1,2,0,0,1,2,1,0,2,1,2,2,2,2,2,2,2,1,2,2,2,2,1,1,2,1,2,0,2,1,1,1,1,0,1,1,2,2,1,0,2,1,1,1,0,2,0,1,2,0,2,1,2,2,2,0,0,2,2,1,2,1,1,2,2,2,1,2
751,2,0,1,2,2,1,1,2,2,2,2,0,1,2,2,2,1,2,2,0,2,1,0,2,1,2,2,0,0,2,2,0,1,2,2,2,1,1,0,1,2,2,2,2,2,1,0,2,1,2,2,2,1,2,0,0,1,2,1,0,2,1,2,2,2,2,2,2,2,2,2,2,2,2,1,1,2,2,2,0,2,1,1,1,0,0,2,1,2,0,1,0,2,1,1,2,0,2,0,1,2,0,2,1,2,2,2,0,0,2,2,0,1,1,1,2,2,2,2,2
752,2,2,1,2,2,1,1,2,2,2,2,0,1,2,2,2,1,2,2,1,2,1,0,2,2,2,2,0,0,2,2,0,1,2,2,0,1,1,0,1,2,2,2,0,2,1,0,2,1,2,2,2,1,2,0,0,1,2,1,2,2,1,2,2,2,2,2,2,2,2,2,2,2,2,1,1,2,1,2,0,2,1,1,1,0,0,1,1,2,2,1,0,2,1,1,2,0,2,0,2,2,0,2,1,2,2,2,0,0,1,2,2,1,1,1,2,1,2,1,2
753,2,0,1,2,2,1,1,2,2,2,2,0,1,2,2,2,1,1,1,0,2,2,0,2,2,2,2,0,0,2,2,0,1,2,2,2,1,1,0,1,2,2,2,2,2,1,0,2,0,2,2,2,1,2,0,0,1,2,1,0,2,1,2,2,2,2,2,2,2,2,1,2,2,2,1,1,2,1,2,0,2,1,1,1,0,0,1,1,2,0,1,0,2,1,1,2,0,2,0,1,2,0,2,1,2,2,2,0,0,2,2,2,2,1,2,2,1,2,2,2
754,2,0,1,2,2,1,1,2,2,2,2,0,1,2,2,2,1,1,2,0,2,2,0,2,1,2,2,0,0,2,2,0,1,2,2,2,1,1,0,1,2,2,2,2,0,2,0,2,0,2,2,2,1,2,0,0,1,2,1,0,2,1,2,2,2,2,2,2,1,2,1,2,2,2,1,1,2,2,2,0,2,1,1,1,2,0,1,1,2,2,1,0,2,1,1,2,0,2,0,1,2,0,2,1,2,2,2,0,0,2,2,0,2,1,2,2,1,2,2,2
755,2,2,1,2,2,1,1,1,2,2,2,0,1,2,2,2,1,2,2,0,2,2,0,2,1,2,2,0,0,2,2,0,1,2,2,2,1,1,0,1,2,2,2,2,1,2,0,2,0,2,2,2,1,2,0,0,1,2,1,0,2,1,2,2,2,1,2,2,1,2,1,2,2,2,1,1,2,2,2,0,2,1,1,1,2,0,1,1,2,2,1,0,2,1,1,2,0,2,0,1,2,0,2,1,2,2,2,0,0,2,2,0,1,1,2,2,1,2,2,2
756,2,0,1,2,2,1,1,1,2,2,2,0,1,0,2,2,1,2,2,0,2,1,0,2,1,2,2,0,0,2,2,0,1,2,2,2,1,1,0,1,2,2,2,0,1,2,0,2,0,2,2,2,1,0,0,0,1,2,1,0,2,1,2,2,2,2,2,2,1,2,2,2,0,2,1,1,2,1,2,0,2,2,1,1,0,0,0,1,2,2,1,0,2,1,1,2,0,2,0,1,2,0,2,1,2,0,2,0,0,1,2,0,1,1,2,2,1,2,1,2
757,2,0,1,2,2,1,1,2,2,2,2,0,1,1,2,2,1,2,2,1,2,1,0,2,1,2,2,0,0,2,2,0,1,2,2,2,1,1,0,1,2,2,2,0,1,2,0,2,0,2,2,2,1,2,0,0,1,2,1,0,2,1,2,1,2,2,2,2,1,2,2,2,1,2,1,1,2,1,2,1,2,2,1,1,0,0,1,1,2,2,1,0,2,1,1,1,0,2,0,2,2,0,2,1,2,2,2,0,0,2,2,0,2,1,1,2,1,2,2,2
758,2,0,1,2,2,1,1,0,2,2,2,0,1,1,2,2,1,2,2,1,2,1,0,2,1,2,2,2,0,2,2,0,1,2,2,2,1,1,0,1,2,2,2,2,1,2,0,2,0,2,2,2,1,2,0,0,1,2,1,0,2,1,2,2,2,2,2,2,1,2,2,2,1,2,1,1,2,1,2,1,2,1,1,1,0,0,1,1,2,2,1,0,2,1,1,1,0,2,0,1,2,0,2,1,2,2,2,0,0,2,2,2,2,1,2,2,0,2,2,2
759,2,0,1,2,2,1,1,1,2,2,2,0,1,2,2,2,1,2,2,1,2,1,0,2,1,2,2,0,0,2,2,0,1,2,2,2,1,1,0,1,2,2,2,0,1,2,0,2,0,2,2,2,1,2,0,0,1,2,1,0,2,1,2,2,1,2,1,2,1,2,2,2,1,2,1,1,2,1,2,1,2,2,1,1,0,0,1,1,2,2,1,0,2,1,1,2,0,2,0,1,2,0,2,1,2,0,2,0,0,2,2,1,2,1,2,2,1,2,2,2
760,2,0,1,2,2,1,1,2,2,2,2,0,1,2,2,2,1,1,2,0,2,1,2,2,1,2,2,0,0,2,2,0,1,2,2,2,1,1,0,1,2,2,2,2,1,2,0,2,0,2,2,2,1,2,0,0,1,2,1,0,2,1,1,2,2,2,0,2,1,2,2,2,2,2,0,1,2,2,2,1,2,2,2,1,1,0,1,1,2,2,1,0,2,1,1,2,0,2,0,1,2,0,2,1,2,2,2,0,0,2,2,1,2,1,2,2,2,2,2,2
761,1,0,1,2,2,1,1,2,2,2,2,0,1,2,2,2,1,2,2,0,2,1,2,2,2,2,2,0,0,2,2,0,1,2,2,2,1,1,0,1,2,2,2,0,1,2,0,2,0,2,2,2,1,2,0,0,1,2,1,0,2,1,2,2,2,2,2,2,1,2,2,2,2,1,2,1,2,1,2,1,2,2,1,1,0,0,1,1,2,2,1,0,2,1,1,2,1,2,0,1,2,0,2,1,2,2,2,0,0,2,2,1,2,1,0,2,2,2,2,2
762,1,2,0,2,2,1,1,1,2,2,2,0,1,2,2,2,1,2,2,0,2,1,2,2,2,2,2,0,0,2,2,0,1,2,2,2,1,1,0,1,2,2,2,2,1,2,0,2,0,2,2,2,1,2,0,0,1,2,1,0,2,1,2,2,2,2,2,2,1,2,2,2,2,2,2,1,2,1,2,1,2,2,1,0,1,0,1,1,2,2,1,0,2,1,1,1,1,2,0,1,2,0,2,1,2,2,2,0,0,0,2,1,2,1,0,2,2,2,2,2
763,1,2,0,2,2,1,1,2,2,2,2,0,1,2,2,2,1,2,2,1,2,1,2,2,1,1,2,0,0,2,2,0,1,2,2,2,1,1,0,1,2,2,2,2,1,2,0,2,0,2,2,2,1,2,0,0,1,2,1,0,2,1,2,2,2,2,2,2,1,2,2,1,2,1,2,1,2,1,2,1,2,2,1,0,1,0,1,1,2,2,1,0,2,1,1,2,1,2,0,1,2,0,2,1,2,2,2,0,0,0,2,1,2,1,0,2,2,2,2,2
764,1,2,0,2,2,1,1,2,2,2,2,0,1,2,2,2,1,2,2,1,2,1,2,2,1,2,2,0,0,2,2,0,1,2,2,2,1,1,0,1,2,2,2,2,1,2,0,2,0,2,2,2,1,2,0,0,1,1,1,0,2,1,2,2,2,2,2,2,1,2,2,2,2,2,2,1,2,1,2,1,2,2,1,0,1,0,1,1,2,2,1,0,2,1,1,2,1,2,0,1,2,0,2,1,2,2,2,0,0,0,1,1,2,1,0,2,2,2,1,2
765,0,2,0,2,2,1,1,2,2,2,2,1,1,2,2,2,1,2,2,0,2,1,1,2,1,2,2,0,0,2,2,0,1,2,2,2,1,1,0,1,2,2,2,2,1,1,0,2,0,2,2,2,1,2,0,0,1,2,1,0,2,1,2,2,2,2,2,2,1,2,2,2,2,2,2,1,2,1,2,1,2,2,1,0,1,0,1,1,2,2,1,0,2,1,1,2,1,2,0,1,2,0,2,1,2,2,2,0,0,0,1,0,2,1,0,2,1,2,1,2
766,0,2,0,0,2,1,1,2,2,2,2,1,1,2,2,2,1,2,2,1,2,1,1,2,1,2,2,0,0,2,2,0,1,2,2,2,1,1,0,1,2,2,2,0,1,1,0,2,0,2,2,2,1,2,0,0,1,2,1,0,2,1,2,2,2,2,1,2,1,2,2,2,2,2,2,1,2,1,2,1,2,2,2,1,0,0,1,1,2,0,1,0,2,1,1,2,1,2,0,1,2,0,2,1,2,2,2,0,0,0,2,0,2,1,0,2,1,2,1,2
767,1,0,0,0,2,1,1,2,2,2,2,0,1,2,2,2,1,1,2,0,2,1,2,2,1,2,2,0,0,2,2,0,1,2,2,2,1,1,0,1,2,2,2,2,0,1,0,2,0,2,2,2,1,2,0,0,1,2,1,0,2,1,2,2,2,2,1,2,1,2,2,2,2,2,2,1,2,1,2,1,1,2,1,0,0,0,1,1,2,0,1,0,1,1,1,2,1,2,0,1,2,0,2,1,2,2,0,0,0,0,2,0,2,1,0,2,1,2,1,2
768,1,2,0,1,2,1,1,2,2,2,2,0,1,2,2,2,1,1,2,0,2,2,2,2,1,2,2,0,0,2,2,0,1,2,2,2,1,1,0,1,2,2,2,2,0,1,0,2,0,2,2,2,1,2,0,0,1,2,1,0,2,1,2,2,1,2,2,1,1,2,2,2,1,2,2,1,2,1,2,1,2,2,1,0,1,0,1,1,1,0,1,0,1,1,1,2,1,2,0,1,2,0,2,1,2,2,1,0,0,0,2,1,2,1,0,2,1,2,1,2
769,1,2,0,1,2,1,1,2,2,2,2,0,1,1,2,2,1,1,2,0,2,2,2,2,2,2,2,0,0,2,2,0,1,2,2,2,1,1,0,1,2,2,2,2,0,1,0,2,0,2,2,2,1,2,0,0,1,2,1,0,2,1,2,2,2,2,2,2,1,2,2,2,0,2,1,1,2,1,2,1,2,1,1,0,1,0,1,1,1,2,1,0,2,1,1,2,1,2,0,1,2,0,2,1,2,2,2,0,0,0,2,1,2,1,0,2,1,2,2,2
770,1,2,0,1,2,1,1,1,2,2,2,0,1,2,2,2,1,1,2,0,2,1,2,2,2,2,2,0,0,2,2,0,1,2,2,2,1,1,0,1,2,2,2,2,0,1,0,2,0,2,2,2,1,2,0,0,1,2,1,0,2,1,2,2,2,2,2,2,1,2,2,2,0,1,1,1,2,1,2,1,2,1,1,0,1,0,2,2,2,2,1,0,2,1,1,2,1,2,0,1,2,0,2,1,2,2,0,0,0,2,1,1,2,1,0,2,2,2,2,2
771,1,2,0,1,2,1,1,2,2,2,2,0,1,1,2,2,1,2,2,0,2,1,2,2,2,2,2,0,0,2,2,0,1,2,2,2,1,1,0,1,2,2,2,2,1,1,0,2,0,2,2,2,1,2,0,0,1,2,1,0,2,1,2,2,2,2,2,2,1,2,2,2,0,2,0,1,2,1,2,1,2,2,1,0,1,0,2,2,2,2,1,0,2,1,1,2,1,2,0,1,2,0,2,1,2,2,1,0,0,2,0,1,2,1,0,2,1,2,2,2
772,1,2,0,1,2,0,1,1,2,2,2,0,1,2,2,2,1,1,2,1,1,1,2,2,1,2,2,0,0,2,2,0,1,2,2,2,1,1,0,1,2,2,2,2,1,1,0,2,0,2,2,1,1,2,0,0,1,1,1,0,2,1,2,2,2,2,2,2,1,2,2,2,1,2,1,1,2,1,2,1,2,2,1,0,1,0,2,2,2,2,1,0,2,1,1,2,1,2,0,1,2,0,2,1,2,2,1,0,0,1,2,2,2,1,0,2,2,2,2,2
773,1,0,0,1,2,0,1,1,2,2,2,0,1,2,2,2,1,2,2,0,1,1,2,2,1,2,2,0,0,2,2,0,1,2,2,2,1,1,0,1,2,2,2,2,1,1,0,2,0,2,2,2,1,2,0,2,1,1,1,0,2,1,2,2,2,2,2,2,1,2,2,2,1,2,1,1,2,1,2,1,2,1,2,0,1,0,2,2,2,0,1,0,2,1,1,2,1,2,0,1,2,0,2,1,2,2,2,0,0,1,2,1,2,1,0,2,1,2,1,2
774,2,0,0,2,2,0,1,2,2,2,2,0,1,2,2,2,0,2,2,0,1,1,2,2,1,2,2,0,0,2,2,0,1,2,2,2,1,1,0,1,2,2,2,2,1,1,0,2,2,2,2,2,1,2,0,2,1,2,1,0,2,1,2,2,2,2,2,2,1,2,2,2,0,2,1,1,2,1,2,1,2,2,1,0,1,0,2,2,2,2,1,0,2,1,1,2,1,2,0,1,2,0,2,1,2,2,2,0,0,2,2,2,1,1,0,2,1,2,2,2
775,2,2,0,1,2,0,1,2,2,2,2,0,1,2,2,2,1,2,2,0,0,1,2,2,2,2,2,0,0,2,2,0,1,2,2,2,1,1,0,1,2,2,2,2,1,1,0,2,2,2,2,2,1,2,0,2,1,2,1,0,2,1,2,2,2,2,2,2,1,2,2,2,0,2,1,1,2,1,2,1,2,2,1,0,1,0,2,2,2,2,1,0,1,1,1,2,1,2,0,1,2,0,2,1,2,2,2,0,0,1,2,0,2,1,1,2,2,2,1,2
776,2,2,0,2,2,0,1,2,2,2,2,0,1,2,2,2,1,2,2,0,0,1,1,2,1,2,2,0,0,2,2,0,1,2,2,2,1,1,0,1,2,2,2,2,0,1,0,2,0,2,2,2,1,2,0,0,1,2,1,0,2,1,2,2,2,2,2,2,1,2,2,2,0,2,1,1,2,1,2,1,2,2,1,0,1,0,2,1,2,2,1,0,2,1,1,2,1,2,0,1,2,0,2,1,2,0,2,0,0,1,2,2,2,1,1,2,1,2,1,2
777,2,2,0,2,2,0,1,2,2,2,2,0,1,2,2,2,1,2,2,0,1,1,2,2,1,2,2,0,0,2,2,0,1,2,2,2,1,1,2,1,2,2,2,2,2,1,0,2,2,2,2,2,1,2,0,0,1,1,1,0,2,1,2,2,2,2,2,2,1,2,2,2,1,2,1,1,2,1,2,1,2,2,1,0,1,0,2,1,2,0,1,0,2,1,1,2,1,2,0,1,2,0,2,1,2,2,1,0,0,2,2,0,2,1,1,2,1,2,1,2
778,1,2,0,2,2,0,1,2,2,2,2,0,1,2,2,2,1,2,2,0,0,1,1,2,1,1,2,2,0,2,2,0,1,2,2,2,1,1,2,1,2,1,2,0,2,1,0,2,0,2,2,2,1,2,0,0,1,1,1,0,2,1,2,2,2,2,2,2,1,2,2,2,0,2,1,1,2,1,2,1,2,2,1,0,1,0,2,1,2,0,1,0,1,1,1,1,1,2,0,1,2,0,2,1,2,2,0,0,0,2,2,2,2,1,1,2,1,2,2,2
779,2,2,0,2,2,0,1,2,2,2,2,0,1,2,2,2,1,1,2,0,0,1,2,2,2,2,2,0,0,2,2,0,1,2,2,2,1,1,2,1,2,2,2,2,2,1,0,2,2,2,2,2,1,2,0,0,1,1,1,0,2,1,2,2,2,2,2,2,1,2,2,2,1,2,1,1,2,2,2,1,2,2,1,0,1,0,2,2,2,2,1,0,1,1,1,2,1,2,0,1,2,0,2,1,2,2,1,0,0,2,2,1,0,1,1,2,2,2,2,2
780,1,0,0,2,1,0,1,2,2,2,2,0,1,2,2,2,1,1,2,0,0,1,2,2,1,2,2,0,0,2,2,0,1,2,2,2,1,1,2,1,2,2,2,0,2,1,0,2,2,2,2,2,1,2,0,0,1,2,1,0,2,1,2,2,2,2,2,1,1,2,2,2,1,2,1,1,2,1,2,1,2,2,2,0,1,0,1,2,2,2,1,0,2,1,1,2,1,2,0,1,2,0,2,1,2,2,1,0,0,1,2,1,2,1,2,2,1,2,1,2
781,1,2,0,2,1,0,1,2,2,2,2,0,1,2,2,2,1,1,2,0,0,2,2,2,1,2,2,0,0,2,2,0,1,2,2,2,1,1,2,1,2,2,2,2,1,1,0,2,1,2,2,2,1,2,0,0,0,2,1,0,2,1,2,2,2,2,1,1,1,2,2,2,1,1,1,1,2,1,2,1,2,2,2,0,1,0,0,2,0,0,1,0,1,1,1,2,1,2,0,1,2,0,2,1,2,2,1,0,0,1,2,0,2,1,1,2,2,2,1,2
782,1,2,1,2,1,0,1,2,2,2,2,0,1,2,2,2,1,1,2,0,0,2,2,2,1,2,2,2,0,2,2,0,1,2,2,2,1,1,2,1,2,1,2,0,2,1,0,2,1,2,2,2,1,2,0,0,1,2,1,0,2,1,2,2,2,2,1,1,1,2,2,2,0,1,2,1,2,1,2,1,2,2,1,0,1,0,0,2,2,2,1,0,2,1,1,1,1,2,0,1,2,0,2,1,2,2,0,0,0,2,2,1,2,1,1,2,1,2,1,2
783,1,0,1,2,1,0,1,2,2,2,2,0,1,2,2,2,1,1,2,0,0,1,2,2,1,2,2,0,0,2,2,0,1,2,2,2,1,1,2,1,2,2,2,0,2,1,0,2,1,2,2,2,1,2,0,0,1,1,1,0,2,1,2,2,2,2,2,1,1,2,2,2,2,0,2,1,2,1,2,1,2,2,2,1,1,0,1,1,2,2,1,0,2,1,1,2,1,2,0,1,1,0,2,1,2,0,0,0,0,2,2,2,2,1,1,2,2,2,1,2
784,1,2,2,2,1,0,1,2,2,2,2,0,1,2,2,2,1,1,2,0,0,1,2,2,1,2,2,0,0,2,2,0,1,2,2,2,1,1,2,1,2,2,2,0,2,0,0,2,1,2,2,2,1,2,0,0,1,1,1,1,2,1,2,2,2,1,1,1,1,2,2,2,2,0,2,1,2,1,2,1,2,2,1,0,1,0,1,1,2,2,1,0,2,1,1,2,1,2,0,1,2,0,2,1,2,2,1,0,0,2,2,1,1,1,1,2,2,2,1,2
785,2,2,2,2,2,0,1,2,2,2,2,0,1,2,2,2,1,1,2,0,1,2,2,2,2,2,2,0,0,2,2,0,1,2,2,0,1,1,2,1,2,2,2,2,2,1,0,2,0,2,2,2,1,2,0,0,0,1,2,1,2,1,2,2,2,1,1,0,1,2,2,2,2,0,2,1,2,1,2,1,2,2,2,0,1,0,1,2,2,0,1,0,2,1,1,2,1,2,0,1,2,0,2,1,2,2,1,0,0,0,2,0,1,1,1,2,1,2,1,2
786,2,2,1,2,2,0,1,2,2,2,2,0,1,0,2,2,1,1,2,1,2,1,2,2,2,2,2,0,0,2,2,0,1,2,2,0,1,1,2,1,0,2,2,2,2,1,0,2,2,2,2,2,1,2,0,0,1,1,2,1,2,1,2,2,2,2,1,1,1,2,2,2,2,0,2,1,2,1,2,1,2,1,0,0,1,0,1,2,2,2,1,0,2,1,1,2,1,2,0,1,2,2,2,1,2,2,1,0,0,0,0,2,1,1,2,2,2,2,2,2
787,2,2,2,2,2,0,1,2,2,2,2,0,1,1,2,2,1,2,2,1,2,2,2,2,2,2,2,0,0,2,2,0,1,2,2,2,1,1,2,1,0,2,2,2,1,1,0,2,0,2,2,2,1,2,0,0,1,1,2,1,2,1,2,2,2,2,1,0,1,2,2,2,2,0,2,1,2,1,2,1,1,1,2,0,1,0,1,2,2,2,1,0,2,1,1,2,1,2,0,1,2,0,2,1,2,2,1,0,0,2,0,0,1,1,2,2,2,2,2,2
788,2,2,2,2,2,0,1,2,2,2,2,0,1,2,2,2,1,2,2,1,2,1,2,2,1,2,2,0,0,2,2,0,1,2,2,0,1,1,2,1,0,2,2,2,0,1,0,2,0,2,2,2,1,2,0,0,1,1,2,1,2,1,2,2,2,2,2,1,1,2,2,2,2,2,2,1,2,1,2,1,2,1,1,0,1,0,1,1,2,2,1,0,2,1,1,2,1,2,0,1,2,0,2,1,2,2,1,0,0,0,2,2,1,1,2,2,2,2,2,2
789,2,2,2,2,2,2,1,2,2,2,2,0,1,1,2,2,1,2,2,1,2,1,2,2,1,2,2,0,0,2,2,0,1,2,2,0,1,1,2,1,0,2,2,0,2,1,0,2,0,2,2,2,1,2,0,0,1,1,2,1,2,1,2,2,2,2,2,1,1,2,2,2,2,2,2,1,2,1,2,1,2,1,1,0,1,0,1,1,2,2,1,0,2,1,1,2,1,2,0,1,2,0,2,1,2,2,1,0,0,2,2,0,1,1,2,2,2,2,1,2
790,2,2,2,2,2,2,1,2,2,2,2,0,1,1,2,2,1,2,2,0,2,1,2,2,2,2,2,0,0,2,2,0,1,2,2,2,1,1,2,1,0,2,2,2,1,1,0,2,0,2,2,2,1,2,0,0,1,1,2,1,2,1,2,1,2,2,2,1,1,2,2,2,2,2,2,1,2,1,2,1,2,2,1,0,1,0,2,2,2,2,1,0,2,1,1,2,2,2,0,1,2,0,2,1,2,2,0,0,0,0,2,0,1,1,1,2,2,2,2,2
791,2,2,2,2,2,2,1,2,2,2,2,0,1,2,2,2,1,2,2,1,2,1,2,2,1,2,2,0,0,2,2,0,1,2,2,2,1,1,2,1,0,2,2,2,1,1,0,2,0,2,2,2,1,2,0,0,1,1,2,1,2,1,2,0,2,0,1,1,1,2,2,2,1,2,2,1,2,1,2,1,2,2,1,0,1,0,2,2,2,2,1,0,2,1,1,2,1,2,0,1,0,0,2,1,2,2,1,0,0,0,2,2,2,1,1,2,2,2,2,2
792,2,2,2,2,2,2,1,2,2,2,2,0,1,2,2,2,1,1,2,0,2,1,2,2,2,2,2,0,0,2,2,0,1,2,2,2,1,1,2,1,0,2,2,2,0,1,0,2,2,2,2,2,1,2,0,0,1,1,2,1,2,1,2,1,2,0,1,1,1,2,2,2,1,2,2,1,2,1,2,1,2,2,1,0,1,0,2,2,2,2,1,0,2,1,1,2,1,2,0,1,1,0,2,1,2,2,0,0,0,0,2,1,2,1,1,2,1,2,2,2
793,2,2,1,2,2,2,1,2,2,2,2,0,1,2,2,2,1,2,2,0,2,1,2,2,1,2,2,0,0,2,2,0,1,2,2,2,1,1,2,1,0,2,2,2,1,1,0,2,0,2,2,2,1,2,0,0,1,1,2,1,2,1,2,1,2,0,1,1,1,2,2,2,1,2,2,1,2,1,2,1,2,2,1,0,1,2,2,2,2,2,1,0,2,1,1,2,1,2,0,1,2,0,2,1,2,2,1,0,0,2,2,2,0,1,1,2,2,2,2,2
794,2,2,1,2,2,2,1,2,2,2,2,0,1,2,2,2,1,1,2,1,2,1,2,2,1,2,2,0,0,2,2,0,1,2,2,2,1,1,2,1,0,2,2,2,1,1,0,2,0,2,2,2,1,2,0,0,1,1,2,1,2,1,2,1,2,2,1,0,1,2,2,1,0,2,2,1,2,1,2,1,2,2,1,0,1,2,2,1,2,2,1,0,2,1,1,2,1,2,0,1,2,0,2,1,2,2,1,0,0,2,2,1,2,1,1,2,2,2,2,2
795,2,2,1,2,2,2,1,2,2,2,2,0,1,2,2,2,1,1,2,1,2,2,2,2,2,2,2,2,0,2,2,0,1,2,2,2,1,1,2,1,2,2,2,0,1,1,0,2,2,2,2,2,1,2,0,0,1,1,2,1,2,1,2,0,2,2,1,0,1,2,2,2,1,2,2,1,2,1,2,1,2,1,1,2,1,0,2,2,2,2,1,0,2,1,1,1,1,2,0,1,2,0,2,1,2,2,1,0,0,2,2,1,2,1,1,2,1,2,2,2
796,2,2,1,2,2,2,1,2,2,2,2,0,1,2,2,2,1,2,2,1,2,1,2,2,2,2,2,0,0,2,2,0,2,2,2,2,1,1,2,1,2,2,2,2,1,1,0,2,2,2,2,1,1,2,0,0,1,1,2,1,2,1,2,1,2,0,1,0,1,2,2,2,1,2,2,1,2,1,2,1,2,2,1,0,1,0,2,2,2,2,1,0,1,1,1,2,1,2,0,1,2,0,2,1,2,2,2,0,0,0,2,2,2,1,1,2,2,1,2,2
797,2,0,1,2,2,2,1,2,2,2,2,0,1,2,2,2,1,2,2,1,2,1,2,2,1,2,2,0,0,2,2,0,1,2,2,2,1,1,2,1,2,2,2,0,2,1,0,2,2,2,2,1,1,2,0,0,1,1,1,1,2,1,2,0,2,0,1,0,1,2,2,2,1,2,1,1,2,1,2,1,2,2,1,0,1,0,2,2,2,2,1,0,2,1,1,2,1,2,0,1,2,0,2,1,2,2,2,0,0,2,2,2,2,1,1,2,1,2,1,2
798,2,2,1,2,1,2,1,2,2,2,2,0,1,2,2,2,1,1,2,1,2,1,2,2,1,2,2,0,0,2,2,0,1,2,2,2,1,1,2,1,2,2,2,0,1,1,0,2,1,2,2,2,1,2,0,0,1,1,1,1,2,1,2,1,2,0,1,0,1,2,2,2,1,2,2,1,2,1,2,1,2,2,1,0,1,0,2,2,2,2,1,0,2,1,1,2,1,2,0,1,2,0,2,1,2,2,2,0,0,2,2,0,2,1,2,2,2,2,2,2
799,2,2,1,2,2,2,1,2,2,2,2,0,1,2,2,2,1,2,2,0,2,1,2,2,1,2,2,0,0,2,2,0,1,2,2,2,1,1,2,1,2,2,2,0,1,1,0,2,1,2,2,2,1,2,0,0,1,1,1,1,2,1,2,1,2,0,1,0,1,2,2,2,1,2,2,1,2,1,2,1,2,2,1,0,1,0,2,2,2,2,1,0,2,1,1,2,1,2,0,1,2,0,2,1,2,2,2,0,0,0,2,0,2,1,2,2,2,2,1,2
800,2,2,1,2,2,2,1,2,2,2,2,0,1,2,2,2,1,2,2,1,2,1,1,2,1,2,2,0,0,2,2,0,1,2,2,2,1,1,2,1,2,2,2,2,1,1,0,2,1,2,2,1,1,2,0,0,1,1,1,1,2,1,2,1,2,0,1,0,1,2,2,2,1,2,2,1,2,1,2,1,2,2,1,0,1,0,2,1,2,2,1,0,2,1,1,1,2,2,0,1,2,0,2,1,2,2,2,0,0,2,0,1,2,1,2,2,2,2,2,2
801,2,2,1,2,0,2,1,2,2,2,2,0,1,2,2,2,1,2,2,1,2,1,1,2,1,2,2,0,0,2,2,0,1,2,2,2,1,1,2,1,2,2,2,0,0,1,0,2,0,2,2,1,1,2,0,0,1,1,2,1,2,1,2,2,2,2,1,0,1,2,2,2,1,2,2,1,2,1,2,1,2,2,1,0,1,0,2,2,2,2,1,0,2,1,1,2,2,2,1,1,2,0,2,1,2,2,2,0,0,2,2,2,0,1,2,2,2,2,2,2
802,2,2,1,2,2,2,1,2,2,2,2,0,1,2,2,2,1,2,2,1,2,1,1,2,1,2,2,0,0,2,2,0,1,2,2,2,1,1,2,1,2,2,2,0,0,2,0,2,0,2,2,1,1,2,0,0,1,1,2,1,2,1,2,2,2,2,1,1,1,2,2,2,1,2,2,1,2,1,2,1,2,2,1,0,1,0,2,2,2,0,1,0,2,1,1,1,2,2,0,1,2,0,2,1,2,2,2,0,0,2,2,0,2,1,2,2,2,2,2,2
803,2,2,1,2,2,2,1,2,2,2,2,0,1,2,2,2,1,1,2,1,2,2,1,2,1,2,2,0,0,2,2,0,1,2,2,2,1,1,2,1,2,2,2,2,0,2,0,2,0,2,2,1,1,2,0,0,1,1,2,1,2,1,2,2,2,2,1,1,2,2,1,2,2,2,2,1,2,1,2,1,2,2,1,0,1,0,2,2,2,0,1,0,1,1,1,2,2,2,0,1,2,0,2,1,2,2,2,0,0,0,2,1,2,1,2,2,2,2,2,2
804,2,2,1,2,2,2,1,2,2,2,2,0,1,2,2,2,1,1,2,0,2,1,2,2,2,2,2,0,0,2,2,0,1,2,2,2,1,1,2,1,2,2,2,2,0,2,0,2,0,2,2,1,1,2,0,0,1,1,1,1,2,1,2,2,2,2,1,1,2,2,2,2,2,2,2,1,2,2,2,1,2,2,1,2,1,0,2,2,2,2,1,0,2,1,1,2,2,2,0,1,2,0,2,1,2,2,1,0,0,0,2,2,2,2,2,2,1,2,2,2
805,2,0,1,2,2,2,1,2,2,2,2,0,1,2,2,2,1,2,2,1,2,1,2,2,2,2,2,0,0,2,2,0,1,2,2,2,1,1,2,1,0,2,2,2,1,2,1,2,0,2,2,1,1,2,0,0,1,1,1,1,2,1,2,2,2,2,1,1,2,2,2,2,2,2,2,1,2,1,2,1,2,1,1,0,1,0,2,2,2,0,1,0,2,1,1,2,2,2,0,1,2,0,2,1,2,2,1,0,0,0,2,2,2,1,2,2,2,2,2,2
806,2,2,1,2,2,2,1,2,2,2,2,0,1,2,2,2,1,2,2,1,1,1,2,2,2,2,2,0,0,2,2,0,1,2,2,2,1,1,2,1,0,2,2,2,1,2,2,2,0,2,2,1,1,2,0,0,1,1,1,1,2,1,2,2,2,2,0,1,2,2,2,2,2,2,2,1,2,1,2,1,2,1,2,0,1,0,2,2,2,0,1,0,2,1,1,2,1,2,0,1,2,0,2,1,2,2,2,0,0,0,2,2,2,1,1,2,2,2,2,2
807,2,0,1,2,2,2,1,2,2,2,2,0,1,2,2,2,1,2,2,1,1,1,1,2,2,2,2,0,0,2,2,0,1,2,2,2,1,1,2,1,0,2,2,2,1,2,2,2,0,2,2,1,1,2,0,0,1,1,1,1,2,1,2,1,2,2,1,1,2,2,2,2,2,2,2,1,2,1,2,1,2,1,2,0,1,0,2,1,2,2,1,0,2,1,1,2,1,2,0,1,2,0,2,1,2,2,1,0,0,0,2,2,2,1,2,2,2,2,2,2
808,1,2,1,2,2,2,1,2,2,2,2,0,1,2,2,2,1,2,2,1,1,2,2,2,2,2,2,0,0,2,2,0,1,2,2,2,1,1,2,1,0,2,2,2,1,2,2,2,0,2,2,1,1,2,0,0,1,1,1,1,2,1,2,0,2,2,1,1,2,2,2,2,2,2,2,1,2,1,2,1,2,1,2,0,1,0,2,2,2,2,1,0,2,1,1,1,1,2,0,1,2,0,2,1,2,2,1,0,0,0,0,2,2,1,2,2,2,2,2,2
809,2,2,1,2,2,2,1,2,2,2,2,0,1,2,2,2,1,1,2,1,1,2,2,2,2,2,2,0,0,2,2,2,1,2,2,2,1,1,2,1,0,2,2,2,0,2,2,2,0,2,2,1,1,2,0,0,1,1,1,1,2,1,2,2,2,2,1,2,2,2,2,2,2,2,2,1,2,1,2,1,2,1,2,2,1,0,2,1,2,2,1,0,2,1,1,2,1,2,0,1,2,0,2,1,2,2,0,0,0,0,2,2,2,1,2,2,2,2,2,2
810,2,2,1,2,2,2,1,2,2,2,2,0,1,2,1,2,1,1,1,0,1,2,2,2,2,2,2,0,0,2,2,0,1,2,2,2,1,1,2,1,0,2,2,2,1,2,2,2,0,2,2,1,1,2,0,0,1,1,1,1,2,1,2,1,2,2,1,2,2,2,2,2,2,2,2,1,2,1,2,1,1,1,0,2,1,2,2,2,2,2,1,0,2,1,1,2,1,2,0,1,2,0,2,1,2,2,1,0,0,0,2,2,2,1,2,2,2,2,2,1
811,1,2,1,2,2,2,1,2,2,2,2,0,1,2,2,2,1,1,2,1,2,1,2,2,2,2,2,2,0,2,2,0,1,2,2,2,1,1,2,1,0,2,2,2,2,2,2,2,0,2,2,1,1,2,0,0,1,1,2,1,2,1,2,1,2,2,2,2,2,2,2,2,2,2,2,1,2,1,2,1,2,1,1,0,1,2,2,1,2,2,1,0,2,1,1,2,1,2,0,1,2,0,2,1,2,2,1,0,0,1,2,2,2,1,1,2,2,2,2,1
812,2,0,2,2,2,2,1,2,2,2,2,0,1,2,2,2,1,1,2,1,2,1,2,2,2,2,2,0,0,2,2,0,1,2,2,2,1,1,2,1,2,2,2,0,2,1,2,2,2,2,2,1,1,2,0,0,1,1,1,1,2,1,2,1,2,2,0,2,2,2,2,2,2,1,2,1,2,1,2,1,2,1,1,0,1,0,2,1,2,2,1,0,2,1,1,2,1,2,0,1,2,0,2,1,2,2,2,0,0,2,2,2,2,1,1,2,1,2,1,1
813,2,2,2,2,2,2,1,2,2,2,2,0,1,1,2,2,1,1,2,1,2,1,2,2,2,2,2,0,0,2,2,0,1,2,2,2,1,1,2,1,0,2,2,2,2,2,2,2,2,2,2,1,1,2,0,0,1,1,2,1,2,1,2,2,2,2,1,2,2,2,2,2,2,1,2,1,2,1,2,1,2,1,1,0,1,0,2,2,2,2,1,0,2,1,1,2,1,2,0,1,1,0,2,1,2,2,1,0,0,1,2,0,1,1,2,2,2,2,2,1
814,2,2,2,2,2,2,1,2,2,2,2,0,1,0,2,2,1,2,2,1,2,1,2,2,2,2,2,0,0,2,2,0,1,2,2,2,1,1,2,1,0,2,2,2,2,1,2,2,0,2,2,1,1,2,0,0,1,1,2,1,2,1,2,1,2,2,0,2,2,1,2,2,2,2,2,1,2,1,2,1,2,2,1,0,1,0,2,1,2,2,1,0,2,1,1,2,1,2,0,1,1,0,2,1,2,2,1,0,0,0,2,2,1,1,1,2,2,2,2,2
815,2,2,2,2,0,2,1,1,2,2,2,0,1,1,2,2,1,2,2,1,2,1,2,2,2,2,2,0,0,2,2,0,1,2,2,2,1,1,2,1,0,2,2,0,2,1,2,2,0,2,2,1,1,2,0,0,1,1,2,1,2,1,2,2,2,2,0,2,2,1,2,2,2,2,2,1,2,1,2,1,2,2,1,0,1,0,2,1,2,2,1,0,2,1,1,2,2,2,0,1,1,0,2,1,2,2,1,0,0,0,2,2,1,1,2,2,1,2,2,2
816,2,2,1,2,0,2,1,1,2,2,2,0,1,1,2,2,1,2,2,1,2,1,2,2,2,2,2,0,0,2,2,0,1,2,2,2,1,1,2,1,0,2,2,0,2,1,2,2,0,2,2,2,1,2,0,0,1,1,1,1,2,1,2,2,2,2,0,2,2,1,2,2,2,2,2,1,2,1,2,1,2,2,1,0,1,0,2,2,2,2,1,0,2,1,1,1,1,2,0,1,0,0,2,1,2,2,2,0,0,0,2,2,1,1,2,2,1,2,2,2
817,2,2,1,2,0,2,1,0,2,2,2,0,1,1,2,2,1,2,2,1,2,1,2,2,2,2,2,0,0,2,2,0,1,2,2,2,1,1,2,1,0,2,2,2,1,1,2,2,2,2,2,2,1,2,0,0,1,1,1,1,2,1,2,1,2,2,0,2,2,1,2,2,0,2,2,1,2,1,2,1,2,2,1,0,1,0,2,2,2,2,1,0,2,1,1,2,1,2,0,1,2,0,2,1,2,2,1,0,0,0,2,2,1,1,1,2,2,2,2,2
818,2,2,1,2,0,2,1,1,2,2,2,0,1,2,2,2,1,2,2,1,2,1,1,2,1,1,2,2,0,2,2,0,1,2,2,2,1,1,2,1,0,2,2,2,1,1,2,2,2,2,2,2,1,2,0,0,1,1,1,1,2,1,2,1,2,2,0,2,2,1,2,2,1,2,2,1,2,1,2,1,2,2,1,1,1,0,2,2,2,2,1,0,2,1,1,2,1,2,0,1,2,0,2,1,2,2,1,0,0,0,2,0,1,1,1,2,2,2,2,2
819,2,2,1,2,0,2,1,2,2,2,2,0,1,2,2,2,1,1,2,0,2,1,1,2,1,2,2,0,0,2,2,0,1,2,2,2,1,1,2,1,0,2,2,2,1,1,2,2,0,2,2,2,1,2,0,0,1,1,1,1,2,1,2,2,2,2,0,2,2,1,2,2,1,2,2,1,2,1,2,1,2,2,1,0,1,0,2,2,2,2,1,0,2,1,1,2,1,2,0,1,2,0,2,1,2,2,0,0,0,0,1,0,1,1,1,2,2,2,2,2
820,2,2,1,2,0,2,1,2,2,2,2,0,1,0,2,2,1,2,2,0,2,1,2,2,1,2,2,0,0,2,2,0,1,2,2,2,1,1,2,1,0,2,2,2,1,1,1,2,0,2,2,2,1,2,0,0,1,1,1,1,2,1,2,2,1,2,0,2,2,1,2,2,1,2,2,1,2,1,2,1,2,2,1,2,1,2,2,1,2,2,1,0,2,1,1,2,1,2,0,1,2,0,2,1,2,2,1,0,0,2,2,0,1,1,1,2,2,2,2,2
821,2,2,1,2,2,2,1,1,2,2,2,0,1,1,2,2,1,1,2,1,2,1,2,2,2,2,2,0,0,2,2,0,1,2,2,2,1,1,2,1,0,2,2,2,1,2,2,2,0,2,2,2,1,2,0,0,1,1,1,1,2,1,2,2,1,2,1,2,2,1,2,2,1,2,2,1,2,1,2,1,2,2,1,0,1,2,2,2,2,2,1,0,2,1,1,2,1,2,0,1,2,0,2,1,2,2,2,0,0,2,2,0,1,1,1,2,2,2,2,2
822,2,2,1,2,2,2,1,2,2,2,2,0,1,1,2,2,1,1,2,1,2,1,2,2,2,2,2,0,0,2,2,0,1,2,2,2,1,1,2,1,2,2,2,2,1,2,2,2,0,2,2,2,1,2,0,0,1,1,1,1,2,1,2,2,2,2,1,2,2,1,2,2,1,1,2,1,2,2,2,1,2,2,1,0,1,0,2,2,2,2,1,0,2,1,1,2,1,2,0,1,2,0,2,1,2,2,2,0,0,2,2,2,1,1,1,2,2,2,2,2
823,2,2,1,2,2,2,1,2,2,2,2,0,1,1,2,2,1,1,2,0,2,1,2,2,1,2,2,0,0,2,2,0,1,2,2,2,1,1,2,1,2,2,2,2,0,2,2,2,0,2,2,2,1,2,0,0,1,1,1,1,2,1,2,2,2,2,1,2,2,2,2,2,0,1,2,1,2,1,2,1,2,1,1,0,1,0,2,2,2,0,1,0,2,1,1,2,1,2,0,1,2,0,2,1,2,2,1,0,0,2,2,0,1,0,0,2,1,2,2,2
824,2,2,1,2,2,2,1,2,2,2,2,0,1,2,2,2,1,1,2,1,2,1,2,2,2,2,2,2,0,2,2,0,1,2,2,2,1,1,2,1,0,2,2,2,0,2,2,2,0,2,2,2,1,2,0,0,1,1,1,1,2,1,2,2,2,1,1,2,2,2,2,2,1,2,2,1,2,1,2,1,2,1,1,1,0,0,2,2,2,2,1,0,2,1,1,2,1,2,0,1,2,0,2,1,2,2,0,0,0,2,1,0,2,0,0,2,2,2,1,2
825,2,2,1,2,2,2,1,2,2,2,2,0,1,1,2,2,1,2,2,1,2,1,1,2,2,2,2,0,0,2,2,0,1,2,2,2,1,1,2,1,0,2,2,2,0,2,2,2,0,2,2,2,1,2,0,0,1,1,1,2,2,1,2,2,2,1,1,2,2,2,2,2,1,2,2,1,2,1,2,1,2,2,1,0,1,0,2,2,2,2,1,0,2,1,1,2,1,2,0,1,2,0,2,1,2,2,0,0,0,2,1,0,2,0,0,2,2,2,1,2
826,2,2,1,2,2,2,1,2,2,2,2,0,1,2,2,2,1,1,2,0,2,1,2,2,2,2,2,0,0,2,2,0,1,2,2,2,1,1,2,1,0,2,2,2,0,2,2,2,0,2,2,2,1,2,0,0,1,1,2,1,2,1,2,2,2,2,2,2,2,2,2,2,1,2,1,1,2,1,2,1,2,2,1,0,1,0,2,1,2,2,1,0,2,1,1,1,1,2,0,1,2,0,2,1,2,2,1,0,0,1,2,2,2,0,0,2,2,2,1,2
827,2,2,1,2,0,2,1,2,2,2,2,0,1,2,2,2,1,2,2,0,2,2,2,2,2,2,2,0,0,2,2,0,1,2,2,2,1,1,2,1,0,2,2,2,0,2,2,2,0,2,2,2,1,2,0,0,1,1,2,1,2,1,2,2,2,2,2,2,2,2,2,2,0,2,1,1,2,1,2,1,2,2,1,0,1,0,2,2,2,2,1,0,2,1,1,1,1,2,0,1,2,0,2,1,2,2,1,0,0,1,2,2,2,0,0,2,2,2,2,2
828,2,2,1,2,0,2,1,2,2,2,2,0,1,2,2,2,1,2,2,1,2,1,2,2,1,2,2,2,0,2,2,0,1,2,2,2,1,1,2,1,0,2,2,2,0,1,0,2,0,2,2,2,1,2,0,0,1,1,2,2,2,1,2,1,1,2,2,2,2,2,2,2,1,2,1,1,2,1,2,1,2,2,0,0,1,2,2,2,2,0,1,0,2,1,1,2,1,2,0,1,2,0,2,1,2,2,1,0,0,2,2,1,2,0,0,2,2,2,2,2
829,2,0,1,2,0,2,1,2,2,2,2,0,1,2,2,2,1,1,2,1,2,1,2,2,2,2,2,0,0,2,2,0,1,2,2,2,1,1,2,1,0,2,2,2,0,1,0,2,2,2,2,2,1,2,0,0,1,1,2,2,2,1,2,1,2,2,2,2,2,2,2,2,1,2,1,1,2,1,2,1,2,2,0,1,1,2,2,2,2,2,1,0,2,1,1,2,1,2,0,1,2,0,2,1,2,2,0,0,0,2,2,2,1,0,0,2,2,2,1,2
830,2,0,1,2,0,2,1,2,2,2,2,0,1,2,2,2,1,2,2,1,2,1,2,2,1,2,2,0,0,2,2,0,1,2,2,2,1,1,2,1,0,2,2,2,1,1,0,2,2,2,2,2,1,2,0,0,1,1,2,1,2,1,2,2,2,2,2,2,2,2,2,2,1,2,1,1,2,1,2,1,2,2,0,0,1,2,2,2,2,0,1,0,2,1,1,2,1,2,0,1,2,0,2,1,2,2,1,0,0,1,2,2,1,0,0,2,1,2,2,2
831,2,2,2,2,0,2,1,2,2,2,2,0,1,2,2,2,1,2,2,0,2,1,1,2,1,2,2,0,0,2,2,0,1,2,2,2,1,1,2,1,0,2,2,2,0,1,0,2,2,2,2,2,1,2,0,0,1,1,2,1,2,1,2,2,2,2,2,2,2,2,2,2,1,2,1,1,2,1,2,1,1,1,0,0,1,0,2,2,2,2,1,0,2,1,1,2,1,2,0,1,2,0,2,1,2,2,1,0,0,2,2,2,1,0,0,2,1,2,2,2
832,2,2,2,2,0,2,1,2,2,2,2,0,1,2,2,2,1,2,2,1,2,1,1,2,1,2,2,0,0,2,2,0,1,2,2,2,1,1,2,1,0,2,2,0,0,1,0,2,2,2,2,2,1,2,0,0,1,1,2,1,2,1,2,2,2,2,2,2,2,2,2,2,1,1,1,1,2,1,2,1,2,1,1,0,0,2,2,2,2,0,1,0,2,1,1,2,1,2,0,1,2,0,2,1,2,2,1,0,0,2,2,2,1,1,0,2,2,2,2,2
833,2,2,2,2,0,2,1,2,2,2,2,0,1,2,2,2,1,1,2,1,2,2,1,2,2,2,2,0,0,2,2,0,1,2,2,2,1,1,2,1,0,2,2,2,0,1,0,2,2,2,2,2,1,2,0,0,1,1,2,1,2,1,2,2,2,2,2,2,2,2,2,1,2,1,1,1,2,1,2,1,2,1,1,1,1,2,2,2,2,2,1,0,2,1,1,2,1,2,0,1,2,0,2,1,2,2,1,0,0,1,0,0,2,1,0,2,2,2,2,2
834,2,2,2,2,0,2,1,2,2,2,2,0,1,2,2,2,1,1,2,1,2,1,1,2,2,2,2,0,0,2,2,0,1,2,2,2,1,1,2,1,0,2,2,2,0,1,0,2,2,2,2,2,1,2,0,0,1,1,2,1,2,1,2,2,2,2,2,2,2,2,2,1,0,2,1,1,2,1,2,1,2,2,1,0,1,2,2,2,2,2,1,0,2,1,1,1,1,2,0,1,2,0,2,1,2,2,1,0,0,1,0,0,1,1,0,2,2,2,2,2
835,2,0,2,2,0,2,1,2,2,2,2,0,1,2,2,2,1,1,2,1,2,2,2,2,2,2,2,2,0,2,2,0,1,2,2,0,1,1,2,1,0,2,2,0,0,1,2,2,2,2,2,2,1,0,0,0,1,1,2,2,2,1,2,1,2,2,2,2,2,2,2,1,1,1,1,1,2,1,2,1,2,2,1,1,1,2,2,2,2,2,1,0,2,1,1,1,1,2,0,1,2,0,2,1,2,0,1,0,0,1,0,1,1,1,0,2,1,2,2,2
836,2,0,2,2,0,2,1,2,2,2,2,0,1,2,2,2,1,1,2,1,1,1,2,2,2,2,2,0,0,2,2,0,1,2,2,0,1,1,2,1,0,2,2,0,0,1,1,2,2,2,2,2,1,2,0,0,1,1,2,2,2,1,2,1,2,2,2,2,2,2,2,2,1,2,1,1,2,1,2,1,2,1,1,1,1,2,2,2,2,0,1,0,2,1,1,2,0,2,0,1,2,0,2,1,2,2,1,0,0,2,0,1,1,1,0,2,1,2,2,2
837,2,2,2,2,0,2,1,2,2,2,2,0,1,2,2,2,1,1,2,1,1,2,2,2,1,2,2,2,0,2,2,0,1,2,2,0,1,1,2,1,0,2,2,2,0,1,1,2,2,2,2,2,1,2,0,0,1,1,2,2,2,1,2,1,2,2,2,2,2,2,2,2,1,1,1,1,2,1,2,1,2,1,0,1,1,2,2,2,2,0,1,0,2,1,1,2,0,2,0,1,1,0,2,1,2,0,1,0,0,2,0,1,1,1,0,2,2,2,2,2
838,2,2,1,2,0,2,1,2,2,2,2,0,1,2,2,2,1,1,2,1,2,1,2,2,1,2,2,2,0,2,2,0,1,2,2,0,1,1,2,1,0,2,2,2,0,1,2,2,2,2,2,2,1,2,0,0,1,1,2,2,2,1,2,1,2,2,2,2,2,2,2,2,1,2,1,1,2,1,2,1,2,1,0,1,1,2,1,2,2,2,1,0,2,1,1,2,0,2,0,1,2,0,2,1,2,0,1,0,0,1,2,1,1,2,0,2,2,2,2,2
839,2,0,2,2,0,2,1,2,2,2,2,0,1,2,2,2,1,1,2,1,2,1,2,2,1,2,2,0,0,2,2,0,1,2,2,0,1,1,2,1,0,2,2,0,0,1,2,2,2,2,2,2,1,2,0,0,1,1,2,1,2,1,2,1,2,2,2,2,2,2,2,2,2,2,1,1,2,1,2,1,2,2,0,1,1,0,1,2,2,2,1,0,2,1,1,2,0,2,0,1,2,0,2,1,2,2,1,0,0,0,2,2,1,2,0,2,2,2,2,2
840,2,2,2,2,0,2,1,2,2,2,2,0,1,2,2,2,1,1,2,1,2,1,2,2,2,2,2,0,0,2,2,2,1,2,2,0,1,1,2,1,0,2,2,2,0,1,2,2,2,0,2,2,1,2,0,0,1,1,2,1,2,1,2,1,1,2,2,2,2,2,2,2,2,2,1,1,2,1,2,1,2,2,0,1,1,2,1,2,2,0,1,0,1,1,1,2,2,2,0,1,2,2,2,1,2,2,1,0,0,0,2,2,1,1,0,2,2,2,2,2
841,2,2,2,2,0,2,1,2,2,2,2,0,1,1,2,2,1,1,2,0,2,1,2,2,1,2,2,0,0,2,2,0,1,2,2,1,1,1,2,1,0,2,2,2,0,1,2,2,2,2,2,2,1,2,0,0,1,1,2,2,2,1,2,1,1,2,2,2,2,2,2,2,2,2,1,1,2,1,2,1,2,2,0,1,1,2,1,1,2,0,1,0,2,1,1,2,2,2,0,1,2,0,2,1,2,2,1,0,0,0,2,2,1,1,0,2,2,2,2,2
842,2,2,1,2,0,2,1,2,2,2,2,0,1,2,2,2,1,2,2,0,2,1,1,2,1,2,2,0,0,2,2,0,1,2,2,0,1,1,2,1,0,2,2,0,0,1,2,2,2,2,2,2,1,2,0,0,1,1,2,2,2,1,2,2,2,2,2,2,2,2,2,2,2,2,1,1,2,2,2,1,2,2,1,1,1,2,1,1,2,0,1,0,2,1,1,2,2,2,0,1,2,0,2,1,2,2,1,0,0,2,2,0,1,1,0,2,2,2,2,2
843,2,2,1,2,0,2,1,2,2,2,2,0,1,2,2,2,1,2,2,0,2,1,1,2,2,2,2,2,0,2,2,0,1,2,2,0,1,1,2,1,1,2,2,2,0,2,2,2,2,2,2,2,1,2,0,0,1,1,2,2,2,1,2,2,2,2,2,2,2,2,2,2,2,2,1,1,2,2,2,1,2,2,1,1,1,2,2,2,2,2,1,0,2,1,1,1,1,2,0,1,2,0,2,1,2,2,1,0,0,2,2,0,1,1,0,2,2,2,2,2
844,2,2,1,2,0,2,1,2,2,2,2,0,1,2,2,2,1,2,2,0,2,2,1,2,1,2,2,0,0,2,2,0,1,2,2,0,1,1,2,1,1,2,2,2,0,2,0,2,2,2,2,2,1,2,0,0,1,1,2,1,2,1,2,1,1,2,2,2,2,2,2,1,2,2,1,1,2,2,2,1,2,1,1,1,1,2,2,2,2,2,1,0,2,1,1,1,1,2,0,1,2,0,2,1,2,2,1,0,0,1,2,2,1,1,0,2,2,2,2,2
845,2,2,1,2,0,2,1,2,2,2,2,0,1,2,2,2,1,2,2,0,2,1,1,2,2,2,2,0,0,2,2,0,1,2,2,0,1,1,2,1,0,2,2,2,0,2,0,2,2,2,2,2,1,2,0,0,1,1,2,1,2,1,2,2,2,2,2,2,2,2,2,1,2,1,1,1,2,1,2,1,2,1,1,1,1,2,2,2,2,2,1,0,2,1,1,2,1,2,0,1,2,0,2,1,2,2,1,0,0,1,2,0,1,1,0,2,1,2,2,2
846,2,0,1,2,0,2,1,2,2,2,2,0,1,2,2,2,1,2,2,0,2,1,1,2,2,1,2,0,0,2,2,0,1,2,2,0,1,1,2,1,0,2,2,2,0,2,0,2,2,2,2,2,1,2,0,0,1,1,2,1,2,1,2,2,2,2,2,1,2,2,2,1,2,1,1,1,2,1,2,1,2,1,1,1,1,0,2,2,2,0,1,0,1,1,1,2,1,2,0,1,2,0,2,1,2,2,1,0,0,2,2,0,1,1,0,2,2,2,2,2
847,2,2,1,2,0,2,1,2,2,2,2,0,1,2,2,2,1,2,2,0,2,1,1,2,2,2,2,0,0,2,2,0,1,2,2,1,1,1,2,1,0,2,2,0,0,2,0,2,2,2,2,2,1,2,0,0,1,1,2,1,2,1,2,2,2,2,2,1,2,2,2,1,2,1,1,1,2,1,2,1,2,1,1,0,1,0,2,2,2,2,1,0,2,1,1,1,1,2,0,1,2,0,2,1,2,2,1,0,0,0,2,0,1,1,0,2,2,2,2,2
848,2,2,2,2,0,2,1,2,2,2,2,0,1,2,2,2,1,2,2,0,2,1,1,2,2,2,2,0,2,2,2,0,1,2,2,0,1,1,2,1,0,2,2,2,1,2,0,2,2,2,2,2,1,2,0,0,1,1,2,1,2,1,2,2,2,2,2,1,2,1,2,1,2,2,1,1,2,1,2,1,2,2,1,0,1,0,2,2,2,2,1,0,2,1,1,2,1,2,0,1,2,0,2,1,2,2,1,0,0,0,2,0,1,1,0,2,1,2,1,2
849,2,0,1,2,0,2,1,1,2,2,2,0,1,2,2,2,1,2,2,0,2,1,1,2,2,2,2,0,0,2,2,0,1,2,2,0,1,1,2,1,0,2,2,2,2,2,0,2,1,2,2,2,1,2,0,0,1,1,2,1,2,1,2,2,2,2,2,1,2,1,2,1,2,2,1,1,2,1,2,1,2,2,1,0,1,0,2,1,2,2,1,0,2,1,1,2,1,2,0,1,2,0,2,1,2,2,1,0,0,2,2,0,1,1,0,2,2,2,2,2
850,2,2,1,2,0,2,1,2,2,2,2,0,1,1,2,2,1,2,2,0,2,1,1,2,1,2,2,0,0,2,2,0,1,2,2,0,1,1,2,1,0,2,2,2,2,2,0,2,1,2,2,2,1,2,0,0,1,1,2,2,2,1,2,2,2,2,2,1,2,1,2,1,2,2,1,1,2,1,2,1,2,2,1,0,1,0,2,2,2,2,1,0,2,1,1,2,1,2,0,1,2,0,2,1,2,2,1,0,0,2,2,0,1,1,0,2,1,2,2,2
851,2,2,1,2,0,2,1,2,2,2,2,0,1,0,2,2,1,2,2,0,2,1,1,2,1,2,2,0,0,2,2,0,1,2,2,0,1,1,2,1,0,2,2,2,2,2,0,2,1,2,2,2,1,2,0,0,1,1,2,0,2,1,2,2,2,2,2,2,2,1,2,1,2,2,1,1,2,1,2,1,2,2,1,0,1,2,2,2,2,2,1,0,1,1,1,2,1,2,0,1,2,0,2,1,2,2,1,0,0,2,2,0,1,1,0,2,1,2,2,2
852,2,2,1,2,0,2,1,2,2,2,2,0,1,2,2,2,1,2,2,0,2,1,1,2,2,2,2,0,0,2,2,0,1,2,2,0,1,1,2,1,0,2,2,2,2,2,0,2,1,2,2,2,1,2,0,0,1,2,2,0,2,1,2,2,2,2,2,1,2,1,2,1,2,2,1,1,2,1,2,1,2,2,1,0,1,0,2,2,2,0,1,0,1,1,1,2,1,2,0,1,1,0,2,1,2,2,1,0,0,0,2,0,1,1,0,2,1,2,2,2
853,1,2,1,2,0,2,1,2,2,2,2,0,1,2,2,2,1,2,2,0,2,1,2,2,2,2,2,0,0,2,2,0,1,2,2,0,1,1,2,1,0,2,2,2,2,2,0,2,1,2,2,2,1,2,0,0,1,2,2,0,2,1,2,2,2,2,2,1,2,1,2,1,2,2,1,1,2,1,2,1,2,2,1,0,1,0,2,2,2,0,1,0,2,1,1,2,2,2,0,1,0,0,2,1,2,2,1,0,0,0,2,2,1,0,0,2,2,2,2,2
854,2,2,1,2,0,2,1,2,2,2,2,0,1,1,2,2,1,2,2,0,2,1,2,2,2,2,2,2,0,2,2,0,1,2,2,1,1,1,2,1,0,2,2,0,2,2,0,2,1,2,2,2,1,2,0,0,1,2,2,0,2,1,2,2,2,2,2,2,2,2,2,1,2,2,1,1,2,1,2,1,2,2,1,0,1,0,2,2,2,2,1,0,2,1,1,2,2,2,0,1,1,0,2,1,2,0,1,0,0,0,2,0,1,0,0,2,1,2,1,2
855,2,0,1,2,0,2,1,2,2,2,2,0,1,2,2,2,1,2,2,0,2,1,2,2,2,2,2,0,0,2,2,0,1,2,2,1,1,1,2,1,0,2,2,2,2,2,0,2,1,2,2,2,1,2,0,0,1,1,2,0,1,1,2,2,2,2,2,2,2,2,2,1,2,2,0,1,2,2,2,1,2,2,2,0,1,0,2,1,2,2,1,0,2,1,1,2,2,2,0,1,1,0,2,1,2,0,1,0,0,2,2,0,1,0,0,2,1,2,1,2
856,2,2,2,2,0,2,1,2,2,2,2,0,1,2,2,2,1,1,2,0,2,1,2,2,1,2,2,0,0,2,2,0,1,2,2,2,1,1,2,1,0,2,2,2,0,2,0,2,1,2,2,2,1,2,0,0,1,1,2,0,2,1,2,2,2,2,2,1,2,2,2,2,2,2,2,1,2,1,2,1,2,2,1,0,1,0,2,1,2,2,1,0,2,1,1,1,2,2,0,1,0,0,2,1,2,0,1,0,0,0,2,2,1,0,0,2,1,2,1,2
857,1,2,1,2,0,2,1,2,2,2,2,0,1,2,2,2,1,2,2,0,2,1,2,2,1,2,2,0,0,2,2,0,1,2,2,2,1,1,2,1,0,2,2,2,0,2,0,2,1,2,2,2,1,2,0,0,1,2,2,0,2,1,2,2,2,2,1,2,2,2,2,2,2,2,2,1,2,1,2,1,2,2,1,0,1,0,2,2,2,2,1,0,2,1,1,2,2,2,0,1,2,0,2,1,2,2,0,0,0,0,1,2,1,0,0,2,1,2,1,2
858,1,2,2,2,0,2,1,2,2,2,2,0,1,2,2,2,1,1,2,0,2,2,2,2,2,2,2,0,0,2,2,0,1,2,2,2,1,1,2,1,0,2,2,2,0,2,0,2,1,2,2,2,1,2,0,0,1,2,2,0,2,1,2,2,2,2,2,1,2,2,2,2,2,2,2,1,2,1,2,1,2,2,1,0,1,0,2,2,2,2,1,0,2,1,1,2,1,2,0,1,1,0,2,1,2,2,0,0,0,0,2,2,1,0,0,2,1,2,1,2
859,1,2,2,2,0,2,1,2,2,2,2,0,1,2,2,2,1,2,2,0,2,1,2,2,1,2,2,0,0,2,2,0,1,2,2,2,1,1,2,1,0,2,2,2,0,2,0,2,1,2,2,2,1,2,0,0,1,2,2,0,2,1,2,2,2,2,2,1,2,2,2,2,2,2,2,1,2,1,2,1,2,2,2,0,0,0,2,2,2,2,1,0,2,1,1,1,1,2,0,1,2,0,2,1,2,2,0,0,0,2,2,0,1,0,0,2,1,2,2,2
860,1,2,2,2,0,2,1,2,2,2,2,0,1,2,2,2,1,2,2,0,2,1,2,2,1,2,2,0,0,2,2,0,1,2,2,2,1,1,2,1,0,2,2,2,0,2,0,2,1,2,2,2,1,2,0,0,1,2,2,0,2,1,2,2,2,2,2,1,2,2,2,2,2,0,1,1,2,1,2,1,2,2,2,0,0,0,2,2,2,2,1,0,1,1,1,1,1,2,0,1,2,0,2,1,2,2,0,0,0,2,2,2,1,0,2,2,2,2,2,2
861,1,2,2,2,0,2,1,2,2,2,2,0,1,2,2,2,1,2,2,0,2,1,2,2,2,2,2,0,0,2,2,0,1,2,2,2,1,1,2,1,0,2,2,2,0,2,0,2,1,2,2,2,1,2,0,0,1,2,2,0,2,1,2,1,2,2,2,1,2,2,2,2,2,0,1,1,2,1,2,1,2,2,2,0,0,0,2,2,2,0,1,0,1,1,1,1,1,2,0,1,2,0,2,1,2,2,1,0,0,1,2,2,1,0,0,2,1,2,2,1
862,1,0,2,2,0,2,1,2,2,2,2,0,1,2,2,2,1,2,2,0,2,1,1,2,1,2,2,0,0,2,2,0,1,2,2,2,1,1,2,1,0,2,2,2,0,2,0,2,1,2,2,2,1,2,0,0,1,2,2,0,2,1,2,1,2,2,2,1,2,2,2,2,2,2,1,1,2,1,2,1,2,2,1,2,1,0,1,2,2,2,1,0,2,1,1,2,1,2,0,1,2,0,2,1,2,2,0,0,0,2,2,0,1,0,0,2,1,2,1,1
863,1,0,2,2,0,2,1,2,2,2,2,1,1,2,2,2,1,2,2,0,2,1,2,2,2,2,2,0,0,2,2,0,1,2,2,2,1,1,2,1,0,2,2,2,0,2,0,2,1,2,2,2,1,2,0,0,1,2,2,0,2,1,2,1,2,2,2,1,2,2,2,2,2,2,1,1,2,1,2,1,2,2,1,2,0,1,2,2,2,2,1,0,2,1,1,1,1,2,0,1,2,0,2,1,2,2,0,0,0,2,2,0,1,0,0,2,2,2,2,1
864,2,2,2,2,0,2,1,2,2,2,2,0,1,2,2,2,1,2,2,0,2,1,2,2,1,2,2,0,0,2,2,0,1,2,2,2,1,1,2,1,0,2,2,2,0,2,0,2,1,2,2,2,1,2,0,0,1,2,2,2,2,1,2,1,2,2,2,1,2,2,2,2,2,2,1,1,2,1,2,1,2,2,1,2,1,1,1,2,2,2,1,0,2,1,1,2,1,2,0,1,2,0,2,1,2,2,1,0,0,2,2,0,1,0,0,2,1,2,2,1
865,2,2,2,2,0,2,1,2,2,2,2,0,1,2,2,2,1,2,2,0,2,1,2,2,1,2,2,0,0,2,2,0,1,2,2,2,1,1,2,1,0,2,2,2,2,2,0,2,1,2,2,2,1,2,0,0,1,2,2,1,2,1,2,1,2,2,2,2,2,2,2,2,2,2,1,1,2,1,2,0,2,2,1,2,0,2,1,2,2,0,1,0,2,1,1,1,1,2,0,1,2,0,2,1,2,2,1,0,0,2,2,0,1,0,0,2,1,2,2,1
866,2,0,2,2,0,2,1,2,2,2,2,0,1,2,2,2,1,1,2,0,1,1,2,2,1,2,2,0,0,2,2,0,1,2,2,2,1,1,2,1,0,2,2,2,2,2,0,2,1,2,2,2,1,2,0,0,1,2,2,1,2,1,2,1,2,2,2,2,2,2,2,2,2,2,1,1,2,1,2,0,2,2,1,2,2,2,1,2,1,0,1,0,2,1,1,2,1,2,0,1,2,0,2,1,2,0,2,0,0,2,2,2,1,0,0,2,1,2,2,1
867,2,2,1,2,0,2,1,2,2,2,2,0,1,2,2,2,1,1,2,0,0,1,2,2,2,2,2,0,0,2,2,0,1,2,2,2,1,1,2,1,0,2,2,2,2,2,0,2,1,2,2,2,1,2,0,0,1,2,2,1,2,1,2,1,2,2,2,2,2,2,2,2,2,2,1,1,2,1,2,0,2,2,1,1,2,1,1,2,2,2,1,0,2,1,1,2,1,2,0,1,2,0,2,1,2,2,0,0,0,2,2,2,1,0,0,2,1,2,2,1
868,2,2,2,2,0,2,1,2,2,2,2,0,1,2,2,2,1,2,2,0,0,2,2,2,2,2,2,2,0,2,2,0,1,2,2,2,1,1,2,1,0,2,2,2,2,2,0,2,1,2,2,2,1,2,0,0,1,2,2,1,2,1,2,1,2,2,2,2,2,2,2,2,2,2,1,1,2,1,2,0,2,1,1,1,2,2,1,2,2,2,1,0,2,1,1,2,1,2,0,1,2,0,2,1,2,2,1,0,0,2,2,0,1,0,0,2,1,2,1,1
869,2,2,2,2,0,2,1,1,2,2,2,0,1,2,2,2,1,2,2,0,0,2,2,2,2,2,2,0,0,2,2,0,1,2,2,2,1,1,2,1,0,1,2,2,0,2,0,2,2,2,2,2,1,2,0,0,1,2,2,2,2,1,2,1,2,2,2,2,2,2,2,2,2,2,1,1,2,1,2,0,2,2,1,1,2,1,1,2,2,2,1,0,2,1,1,2,1,2,0,2,2,0,2,1,2,2,0,0,0,2,2,0,1,0,0,2,1,2,2,1
870,2,0,2,2,0,2,1,2,2,2,2,0,1,2,1,2,1,2,2,1,0,1,2,2,2,2,2,0,0,2,2,0,1,2,2,2,1,1,2,1,0,1,2,2,1,2,2,2,2,2,2,2,1,2,0,0,1,2,2,2,2,1,2,2,2,2,2,2,2,2,2,2,1,2,1,1,2,1,2,0,2,2,1,1,1,1,1,1,2,2,1,0,2,1,1,2,1,2,0,1,2,0,2,1,2,0,0,0,0,2,2,2,1,0,0,2,1,2,1,1
871,2,0,2,2,0,2,1,2,2,2,2,0,1,2,1,2,1,1,2,1,0,2,1,2,1,2,2,0,0,2,2,0,1,2,2,2,1,1,2,1,0,2,2,2,1,1,2,2,1,2,2,2,1,2,0,0,1,2,2,2,2,1,2,2,2,2,2,2,2,2,2,2,1,2,1,1,2,1,2,0,2,2,1,1,2,2,1,2,2,2,1,0,2,1,1,2,1,2,0,1,2,0,2,1,2,2,1,0,0,2,2,0,2,0,0,2,1,2,1,1
872,2,2,2,2,0,2,1,2,2,2,2,0,1,2,1,2,1,1,2,1,0,2,1,2,1,2,2,0,0,2,2,0,1,2,2,2,1,1,2,1,0,2,2,2,1,1,2,2,1,2,2,2,1,2,0,0,1,2,2,2,2,1,2,2,2,2,2,2,2,2,2,2,2,2,1,1,2,1,2,0,2,2,1,1,2,1,1,1,2,2,1,0,2,1,1,2,1,2,0,1,2,0,2,1,2,2,1,0,0,2,2,2,2,0,0,2,1,2,1,1
873,2,0,2,2,0,2,1,2,2,2,2,0,1,2,1,2,1,1,2,1,0,2,1,2,1,2,2,2,0,2,2,0,1,2,2,2,1,1,2,1,0,1,2,0,2,1,0,2,0,2,2,2,1,2,0,0,1,2,2,2,2,1,2,2,2,2,2,2,2,2,2,2,2,2,1,1,2,1,2,0,2,2,1,1,1,1,1,1,2,0,1,0,2,1,1,2,1,2,0,1,2,0,2,1,2,2,1,0,0,2,2,0,1,0,0,2,1,2,1,1
874,2,2,2,2,0,2,1,2,2,2,2,0,1,2,1,2,1,1,2,1,2,2,2,2,2,2,2,0,0,2,2,0,1,2,2,2,1,1,2,1,0,2,2,2,1,1,0,2,0,2,2,2,1,2,0,0,1,2,2,2,2,1,2,2,2,2,2,2,2,2,2,2,0,2,1,1,2,1,2,0,2,2,1,0,1,2,1,1,2,2,1,0,2,1,1,0,1,2,0,1,2,0,2,1,2,2,1,0,0,2,2,0,1,0,0,2,1,2,1,2
875,2,0,1,2,0,2,1,2,2,2,2,0,1,2,1,2,1,1,2,0,2,1,2,2,1,2,2,0,0,2,2,0,1,2,2,2,1,1,2,1,0,2,2,2,1,1,2,2,0,2,2,2,1,2,0,0,1,1,2,1,2,1,2,2,2,2,2,2,2,2,2,2,0,2,1,1,2,1,2,0,2,2,0,0,0,1,1,2,2,2,1,0,2,1,1,2,1,2,0,1,1,0,2,1,2,2,1,0,0,1,2,0,1,0,0,2,1,2,1,2
876,2,2,1,2,0,2,1,2,2,2,2,0,1,2,1,2,1,2,2,1,2,1,2,2,1,2,2,0,0,2,2,0,1,2,2,2,1,1,2,1,0,2,2,2,1,1,2,2,0,2,2,2,1,2,0,0,1,1,2,1,2,1,2,2,2,2,2,2,2,2,2,2,1,2,1,1,2,1,2,0,2,2,0,0,1,1,1,2,2,2,1,0,2,1,1,2,1,2,0,1,1,0,2,1,2,2,1,0,0,2,2,2,1,0,0,2,1,2,1,2
877,2,2,1,2,0,2,1,0,2,2,2,0,1,1,1,2,1,1,2,0,2,1,2,2,1,2,2,2,0,2,2,0,1,2,2,2,1,1,2,1,0,1,2,2,1,1,2,2,0,2,2,2,1,2,0,0,1,1,2,0,2,1,2,1,2,2,2,2,2,2,2,2,1,2,1,1,2,1,2,0,2,2,0,0,1,1,1,2,2,2,1,0,2,1,1,2,1,2,0,1,0,0,2,1,2,2,1,0,0,1,2,2,1,0,0,2,1,2,1,2
878,2,2,1,2,0,2,1,0,2,2,2,0,1,1,1,2,1,1,2,0,2,1,2,2,1,2,2,0,0,2,2,0,1,2,2,2,1,1,2,1,0,1,2,2,0,1,2,2,0,2,2,2,1,2,0,0,1,1,2,0,2,1,2,2,2,2,2,2,2,2,2,2,1,2,1,1,2,1,2,0,2,2,1,0,0,2,0,2,2,2,1,0,2,1,1,2,1,2,0,1,2,0,2,1,2,2,2,0,0,1,2,2,1,0,0,2,1,2,1,2
879,2,2,1,2,0,2,1,0,2,2,2,0,1,1,1,2,1,1,2,1,2,1,2,2,1,2,2,0,0,2,2,0,1,2,2,2,1,1,2,1,0,1,2,2,1,1,1,2,0,2,2,2,1,2,0,0,1,1,2,0,2,1,2,2,2,2,2,2,2,2,2,2,0,2,2,1,2,1,2,0,2,2,1,1,0,0,1,1,2,2,1,0,2,1,1,2,1,2,0,1,2,0,2,1,2,2,2,0,0,2,1,2,1,0,0,2,1,2,2,2
880,2,2,2,2,0,2,1,0,2,2,2,0,1,2,2,2,1,1,2,0,2,1,2,2,2,2,2,0,0,2,2,0,1,2,2,2,1,1,2,1,0,2,2,2,0,1,2,2,0,2,2,2,1,2,0,0,1,1,2,0,2,1,2,2,2,2,2,2,2,2,2,2,1,2,2,1,2,1,2,0,2,2,1,0,0,0,1,2,2,2,1,0,2,1,1,2,1,2,0,1,2,0,2,1,2,2,2,0,0,2,0,2,1,0,0,2,2,2,2,2
881,2,2,2,2,0,2,1,1,2,2,2,0,1,2,2,2,1,2,2,0,2,1,2,2,2,2,2,0,0,2,2,0,1,2,2,2,1,1,2,1,2,2,2,2,1,1,2,2,0,2,2,2,1,2,0,0,1,1,2,0,2,1,2,2,2,2,2,2,2,2,2,1,1,2,2,1,2,1,2,0,2,2,1,1,0,2,2,2,2,0,1,0,1,1,1,2,1,2,0,1,2,0,2,1,2,2,2,0,0,0,1,2,1,0,2,2,2,2,2,2
882,2,2,2,2,0,2,1,0,2,2,2,0,1,2,2,2,1,2,2,0,2,1,2,2,2,2,2,0,0,2,2,0,1,2,2,2,1,1,2,1,0,2,2,0,1,1,2,2,0,2,2,2,1,2,0,0,1,1,2,0,2,1,2,2,2,2,2,2,2,1,2,1,1,2,1,1,2,1,2,0,2,2,1,1,0,2,2,2,2,2,1,0,2,1,1,2,1,2,0,2,2,0,2,1,2,2,2,0,0,0,2,2,1,0,2,2,1,2,2,2
883,2,0,2,2,0,2,1,0,2,2,2,0,1,2,2,2,1,2,2,0,2,1,2,2,1,2,2,0,0,2,2,0,1,2,2,2,1,1,2,1,1,2,2,2,1,1,2,2,0,2,2,2,1,2,0,0,1,2,2,2,2,1,2,2,2,2,2,0,2,1,2,1,1,2,1,1,2,1,2,0,2,1,1,1,0,1,2,2,2,2,1,0,2,1,1,2,1,2,0,1,2,0,2,1,2,0,2,0,0,2,2,2,1,0,2,2,2,2,2,2
884,2,2,2,2,0,2,1,0,2,2,2,0,1,2,2,2,1,2,2,0,2,1,2,2,1,2,2,0,0,2,2,0,1,2,2,2,1,1,2,1,2,1,2,2,1,1,2,2,0,2,2,2,1,2,0,0,1,1,2,2,2,1,2,2,2,2,2,1,2,1,2,1,1,2,1,1,2,1,2,0,2,1,1,1,0,2,2,1,2,2,1,0,2,1,1,2,1,2,0,1,2,0,2,1,2,2,2,0,0,2,2,2,1,0,1,2,1,2,2,2
885,2,2,2,2,0,2,1,2,2,2,2,0,1,2,2,2,1,1,2,0,2,1,2,2,1,2,2,2,0,2,2,0,1,2,2,2,1,1,2,1,2,2,2,2,1,1,2,2,0,2,2,2,1,2,0,0,1,1,2,2,2,1,2,2,2,2,2,1,2,1,2,1,1,2,1,1,2,1,2,0,2,1,1,1,0,2,2,1,2,0,1,0,1,1,1,2,1,2,0,1,2,0,2,1,2,2,2,0,0,2,2,0,1,0,2,2,2,2,2,2
886,2,0,2,2,0,0,1,2,2,2,2,0,1,1,2,2,1,2,2,1,2,1,2,2,2,2,2,0,0,2,2,0,1,2,2,2,1,1,2,1,0,2,2,0,1,1,2,2,0,2,2,2,1,2,0,0,1,0,2,2,2,1,2,2,2,2,2,1,2,1,2,2,1,2,1,1,2,1,2,0,2,2,1,2,2,2,2,2,2,2,1,0,1,1,1,1,1,2,0,1,2,0,2,1,2,2,2,0,0,0,2,0,1,0,2,2,2,2,2,2
887,2,0,2,2,0,0,1,2,2,2,2,0,1,1,2,2,1,2,2,1,2,1,2,2,2,2,2,0,0,2,2,0,1,2,2,2,1,1,2,1,0,2,2,0,2,1,2,2,0,2,2,2,1,2,0,0,1,0,2,2,2,1,2,2,2,2,2,1,2,2,2,2,0,2,1,1,2,1,2,0,2,2,1,2,2,1,2,2,2,0,1,0,1,1,1,2,1,2,0,1,2,0,2,1,2,2,2,0,0,2,2,0,1,0,2,2,2,2,2,2
888,2,2,2,2,0,0,1,2,2,2,2,0,1,0,2,2,1,2,2,1,2,1,2,2,0,2,2,0,0,2,2,0,1,2,2,2,1,1,2,1,0,2,2,2,1,2,2,2,0,2,2,2,1,2,0,0,1,0,2,2,2,1,2,2,2,1,2,1,2,2,2,2,1,2,1,1,2,2,2,0,2,2,1,2,2,2,2,2,2,2,1,0,2,1,1,2,1,2,0,1,2,0,2,1,2,2,2,0,0,2,2,2,1,0,1,2,0,2,2,2
889,2,2,2,2,0,0,1,2,2,2,2,0,1,1,2,2,1,2,2,1,2,1,2,2,2,2,2,0,0,2,2,0,1,2,2,2,1,1,2,1,0,2,2,2,1,2,2,2,0,2,2,2,1,2,0,0,1,1,2,1,2,1,2,2,2,2,2,1,2,2,2,2,1,2,1,1,2,1,2,0,2,2,1,2,2,1,2,2,2,0,1,0,2,1,1,2,1,2,0,1,2,0,2,1,2,2,1,0,0,0,2,2,1,0,1,2,1,2,2,2
890,2,2,2,2,0,0,1,2,2,2,2,0,1,2,2,2,1,2,2,0,2,1,2,2,1,2,2,0,0,2,2,0,1,2,2,2,1,1,2,1,0,2,2,0,2,2,2,2,0,2,2,2,1,2,0,0,1,1,2,2,2,1,2,2,2,2,2,1,2,2,2,2,0,2,1,1,2,1,2,0,2,2,1,1,2,1,2,2,2,2,1,0,2,1,1,2,1,2,0,1,2,0,2,1,2,2,0,0,0,0,2,2,1,0,2,2,1,2,2,2
891,2,2,2,2,0,0,1,2,2,2,2,0,1,1,2,2,1,2,2,0,2,1,2,2,1,2,2,2,0,2,2,0,1,2,2,2,1,1,2,1,0,2,2,2,1,2,2,2,0,2,2,2,1,2,0,0,1,1,2,2,2,1,2,2,2,2,2,1,2,2,2,2,1,2,1,1,2,1,2,0,2,2,1,2,0,0,1,1,2,2,1,0,2,1,1,2,1,2,0,1,2,0,2,1,2,2,0,0,0,0,2,0,2,0,2,2,1,2,2,2
892,2,2,2,2,0,2,1,2,2,2,2,0,1,1,2,2,1,1,2,1,2,1,2,2,1,2,2,0,0,2,2,0,1,2,2,2,1,1,2,1,0,2,2,2,1,2,1,2,0,2,2,2,1,2,0,0,1,1,2,2,2,1,2,2,2,2,2,1,2,2,2,2,1,2,1,1,2,1,2,0,2,2,1,2,0,0,0,2,2,0,1,0,2,1,1,2,1,2,0,1,2,0,2,1,2,2,1,0,0,0,2,2,2,0,2,2,1,2,2,1
893,2,2,2,2,0,2,1,2,2,2,2,0,1,0,2,2,1,1,2,0,2,1,2,2,0,0,2,0,0,2,2,0,1,2,2,2,1,1,2,1,0,2,2,2,0,2,2,2,0,2,2,2,1,2,0,0,1,1,2,0,2,1,2,2,2,2,2,1,2,2,2,2,1,2,1,1,2,1,2,0,2,2,1,2,0,2,1,2,2,2,1,0,2,1,1,2,1,2,0,1,2,0,2,1,2,2,1,0,0,0,2,2,2,0,2,2,2,2,2,1
894,2,0,2,2,0,2,1,2,2,2,2,0,1,1,2,2,1,2,1,0,2,1,2,2,1,1,2,0,0,2,2,0,1,2,2,2,1,1,2,1,0,2,2,2,0,2,2,2,0,2,2,2,1,2,0,0,1,2,2,0,2,1,2,1,2,2,2,1,2,2,2,2,0,2,1,1,2,1,2,0,2,2,1,2,0,2,1,2,2,0,1,0,2,1,1,2,1,2,0,1,1,0,2,1,2,2,1,0,0,0,2,2,2,0,2,2,1,2,2,1
895,2,2,2,2,0,2,1,2,2,2,2,1,1,1,2,2,1,2,2,0,2,1,2,2,2,2,2,0,0,2,2,0,1,2,2,1,1,1,2,1,0,2,2,2,1,2,2,2,0,2,2,2,1,2,0,0,1,2,2,0,2,1,2,2,2,2,2,1,2,2,2,2,1,2,1,1,2,1,2,0,2,2,1,2,2,1,0,2,2,2,1,0,2,1,1,2,1,2,0,1,1,0,2,1,2,2,1,0,0,2,2,2,2,0,2,2,1,2,1,1
896,2,0,2,2,0,2,1,2,2,2,2,1,1,2,2,2,1,1,2,1,2,1,1,2,1,2,2,0,0,2,2,0,1,2,2,0,1,1,2,1,0,2,2,2,0,2,2,2,0,2,2,2,1,2,0,0,1,2,2,0,2,1,2,2,1,2,2,1,2,2,2,2,1,2,1,1,2,1,2,1,2,2,1,2,2,1,1,2,2,2,1,0,2,1,1,2,1,2,0,1,2,0,2,1,2,2,1,0,0,1,2,1,2,0,1,2,1,2,1,1
897,2,0,2,2,0,2,1,2,2,2,2,1,1,2,2,2,1,1,1,1,2,1,1,2,2,2,2,0,0,2,2,0,1,2,2,0,1,1,2,1,0,2,2,2,0,2,2,2,2,2,2,2,1,2,0,0,1,2,2,0,2,1,2,1,2,2,2,1,2,2,2,2,2,2,1,1,2,1,2,1,2,2,1,2,2,2,1,2,0,0,1,0,2,1,1,2,1,2,0,1,2,0,2,1,2,2,1,0,0,2,1,2,2,0,1,2,1,2,1,1
898,2,2,2,2,2,2,1,2,2,2,2,0,1,2,2,2,1,2,2,1,2,1,2,2,2,2,2,0,0,2,2,0,1,2,2,0,1,1,2,1,1,2,2,2,0,2,2,2,2,2,2,2,1,2,0,0,1,2,2,0,2,1,2,1,2,2,2,1,2,2,2,2,1,2,1,1,2,1,2,1,2,2,1,2,2,2,1,2,2,2,1,0,2,1,1,2,1,2,0,1,2,0,2,1,2,2,0,0,0,2,2,1,2,0,1,2,1,2,1,1
899,2,2,2,2,0,2,1,2,2,2,2,0,1,2,2,2,1,2,2,1,2,1,1,2,2,2,2,0,0,2,2,0,1,2,2,0,1,1,2,1,0,1,2,2,0,2,2,2,2,2,2,2,1,2,0,0,1,2,2,0,2,1,2,2,2,2,2,1,2,2,2,2,0,2,1,1,2,1,2,1,2,2,1,2,2,0,1,2,2,2,1,0,2,1,1,2,1,2,0,1,2,0,2,1,2,0,2,0,0,2,0,1,2,0,2,2,1,2,1,1
900,2,2,2,2,0,2,1,2,2,2,2,0,1,1,2,2,1,2,2,1,2,1,2,2,1,2,2,2,0,2,2,0,1,2,2,1,1,1,2,1,0,2,2,2,1,2,0,2,2,2,2,2,1,2,0,0,1,2,2,0,2,1,2,2,2,2,2,1,2,2,2,2,1,2,1,1,2,1,2,1,2,1,1,2,1,0,1,1,2,2,1,0,1,1,1,2,1,2,0,1,2,0,2,1,2,2,2,0,0,2,0,1,2,0,2,2,2,2,1,1
901,2,2,2,2,0,2,1,2,2,2,2,0,1,0,2,2,1,2,2,1,2,1,2,2,1,2,2,0,0,2,2,0,1,2,2,1,1,1,2,1,0,2,2,2,1,2,0,2,2,2,2,2,1,2,0,0,1,2,2,0,2,1,2,2,2,2,2,1,2,2,2,2,2,1,1,1,2,1,2,1,2,1,1,2,1,0,1,1,2,2,1,0,2,1,1,2,1,2,0,1,2,0,2,1,2,2,2,0,0,2,0,1,2,0,2,2,1,2,1,1
902,2,0,2,2,0,2,1,2,2,2,2,0,1,1,2,2,1,2,2,1,2,1,2,2,2,2,2,2,0,2,2,0,1,2,2,1,1,1,2,1,0,2,2,2,1,2,0,2,2,2,2,2,1,2,0,0,1,2,2,0,2,1,2,2,2,2,2,1,2,2,2,2,1,2,1,1,2,1,2,1,2,1,1,2,1,0,1,2,2,2,1,0,2,1,1,2,1,2,0,1,2,0,2,1,2,0,2,0,0,2,0,1,2,0,2,2,2,2,1,1
903,2,2,1,2,0,2,1,2,2,2,2,0,1,0,2,2,1,2,2,1,2,1,2,2,1,2,2,0,0,2,2,0,1,2,2,1,1,1,2,1,0,2,2,2,1,2,0,2,1,2,2,2,2,2,0,0,1,2,2,0,2,1,2,2,2,2,2,1,2,2,2,2,0,2,1,1,2,1,2,1,2,1,1,2,1,0,1,1,2,2,1,0,2,1,1,2,1,2,0,1,2,0,2,1,2,2,2,0,0,2,2,1,2,0,2,2,2,2,1,1
904,2,0,1,2,0,2,1,1,2,2,2,0,1,0,2,2,1,2,2,1,2,1,2,2,1,2,2,2,0,2,2,0,1,2,2,1,1,1,2,1,0,2,2,2,0,2,0,2,1,2,2,2,1,2,0,0,1,2,2,0,2,1,2,2,2,2,2,1,2,2,2,2,2,2,1,1,2,1,2,1,2,1,1,2,1,0,1,2,2,0,1,0,2,1,1,2,1,2,0,2,2,0,2,1,2,2,2,0,0,2,2,1,2,0,2,2,2,2,1,1
905,2,2,1,2,0,2,1,0,2,2,2,0,1,2,1,2,1,1,2,1,2,1,2,2,1,2,2,0,0,2,2,0,1,2,2,1,1,1,2,1,0,2,2,2,0,2,0,0,1,2,2,2,1,2,0,0,1,2,2,0,2,1,2,2,2,2,2,1,2,2,2,2,2,2,1,1,2,1,2,1,2,1,1,2,1,0,1,1,2,2,1,0,2,1,1,2,1,2,0,1,0,0,2,1,2,2,2,0,0,2,2,1,2,0,2,2,2,2,1,1
906,2,2,1,2,0,2,1,2,2,2,2,0,1,2,1,2,1,2,2,1,2,1,2,2,2,2,2,0,0,2,2,0,0,2,2,1,1,1,2,1,0,2,2,2,0,2,0,0,1,2,2,2,1,2,0,0,1,2,2,0,2,1,2,2,2,2,2,1,2,2,2,2,2,2,1,1,2,1,2,1,2,1,1,2,1,0,1,2,2,2,1,0,2,1,1,2,1,2,0,1,1,0,2,1,2,0,2,0,0,2,2,1,2,0,2,2,1,2,1,1
907,2,0,1,2,2,2,1,2,2,2,2,0,1,2,1,2,1,1,2,1,2,2,2,2,2,2,2,0,0,2,2,0,1,2,2,1,1,1,2,1,0,2,2,2,0,2,0,0,1,2,2,2,1,2,0,0,1,2,2,0,2,1,2,2,2,2,2,1,2,2,2,2,2,2,1,1,2,1,2,1,2,2,1,2,1,0,1,2,2,2,1,0,2,1,1,2,1,2,0,1,2,0,2,1,2,2,2,0,0,2,2,2,2,0,2,2,2,2,1,1
908,2,2,1,2,2,2,1,2,2,2,2,0,1,2,1,2,1,1,2,1,2,1,2,2,2,2,2,0,0,2,2,0,1,2,2,1,1,1,2,1,0,2,2,2,0,2,0,0,1,0,2,2,1,2,0,0,1,2,2,0,2,1,2,2,2,2,2,1,2,2,2,2,2,2,1,1,2,1,2,1,2,2,1,0,1,0,1,2,2,2,1,0,2,1,1,2,1,2,0,1,2,0,2,1,2,0,2,0,0,2,1,1,2,0,2,2,2,2,1,1
909,2,0,1,2,2,2,1,2,2,2,2,0,1,2,1,2,1,2,2,1,2,1,2,2,2,2,2,0,0,2,2,2,1,2,2,1,1,1,2,1,0,2,2,2,0,2,0,0,1,2,2,2,1,2,0,0,1,2,2,0,2,1,2,2,2,2,2,1,2,2,2,2,2,2,1,1,2,1,2,1,2,2,1,1,1,0,1,1,2,2,1,0,2,1,1,2,1,2,0,1,2,0,2,1,2,0,1,0,0,2,1,1,2,0,1,2,2,2,1,1
910,2,0,1,2,2,2,1,2,2,2,2,0,1,2,1,2,1,1,2,1,2,1,2,2,2,1,2,0,0,2,2,0,1,2,2,1,1,1,2,1,0,1,2,2,0,2,0,0,1,2,2,2,1,2,0,0,1,2,2,0,2,1,2,2,2,2,2,1,2,2,2,2,2,2,1,1,2,1,2,1,2,2,1,1,1,0,1,2,2,2,1,0,2,1,1,2,1,2,0,1,2,0,2,1,2,0,2,0,0,2,2,1,2,0,1,2,2,2,1,1
911,2,0,1,2,0,2,1,2,2,2,2,0,1,2,1,2,1,2,2,1,2,1,2,2,2,2,2,2,0,2,2,0,1,2,2,1,1,1,2,1,0,2,2,2,0,2,0,0,1,2,2,2,1,2,0,0,1,2,2,0,2,1,2,2,2,2,2,1,2,2,2,2,2,2,1,1,2,1,2,1,2,2,1,1,1,0,1,2,2,2,1,0,1,1,1,2,1,2,0,1,2,0,2,1,2,0,2,0,0,1,1,1,2,0,2,2,2,2,1,1
912,2,2,1,2,0,2,1,2,2,2,2,0,1,2,1,2,1,1,2,1,2,1,2,2,2,2,2,0,0,2,2,0,1,2,2,1,1,1,2,1,0,2,2,2,0,2,0,0,1,2,2,2,1,2,0,0,1,2,2,0,2,1,2,2,2,2,2,1,2,2,2,2,2,2,1,1,2,1,2,1,2,2,1,1,1,0,1,2,2,2,1,0,1,1,1,2,1,2,0,1,2,0,2,1,2,2,2,0,0,2,1,2,2,0,2,2,2,2,1,1
913,2,2,1,2,0,2,1,2,2,2,2,0,1,2,1,2,1,2,2,0,2,1,2,2,2,2,2,0,0,2,2,0,1,2,2,1,1,1,2,1,0,2,2,2,1,2,0,0,1,2,2,2,1,2,0,0,1,2,2,0,2,1,2,2,2,1,2,1,2,2,2,2,2,2,1,1,2,1,2,1,2,2,1,1,1,0,1,2,2,2,1,0,1,1,1,2,1,2,0,1,2,0,2,1,2,2,2,0,0,2,1,0,2,0,2,2,2,2,1,1
914,2,2,1,2,0,2,1,2,2,2,2,0,1,2,1,2,1,2,2,1,2,1,2,2,2,2,2,0,0,2,2,0,1,2,2,1,1,1,2,1,0,2,2,2,0,2,0,0,1,2,2,2,1,2,0,0,1,2,2,0,2,1,2,2,2,2,2,1,2,2,2,2,2,2,1,1,2,1,2,1,2,2,1,1,0,0,1,2,2,2,1,0,2,1,1,2,2,2,0,2,2,0,2,1,2,2,2,0,0,2,1,1,2,0,2,2,2,2,1,1
915,2,2,1,2,0,2,1,2,2,2,2,0,1,2,1,2,1,1,2,1,1,1,2,2,2,2,2,0,0,2,2,0,1,2,2,1,1,1,2,1,0,2,2,2,0,2,0,0,1,2,2,2,1,2,0,0,1,2,2,2,2,1,2,2,2,2,2,1,2,2,2,2,2,2,1,1,2,1,2,1,2,2,1,1,0,0,1,2,2,2,1,0,2,1,1,2,1,2,0,1,2,0,2,1,2,0,2,0,0,2,1,1,2,0,2,2,2,2,2,1
916,2,2,1,2,0,2,1,1,2,2,2,0,1,2,2,2,1,1,2,1,1,1,2,2,2,2,2,0,0,2,2,0,2,2,2,1,1,1,2,1,0,2,2,2,0,2,0,0,1,2,2,2,1,2,0,0,1,2,2,0,2,1,2,2,2,2,2,1,2,2,2,2,2,2,1,1,2,1,2,1,2,2,1,1,2,0,1,2,2,2,1,0,2,1,1,2,1,2,0,1,2,0,2,1,2,2,2,0,0,2,1,0,2,0,2,2,2,2,2,1
917,2,0,1,2,0,2,1,1,2,2,2,1,1,2,2,2,1,2,2,1,1,1,2,2,2,2,2,0,0,2,2,0,2,2,2,1,1,1,2,1,0,1,2,0,0,2,0,0,1,2,2,2,1,2,0,0,1,2,2,0,2,1,2,2,2,2,2,1,2,2,2,2,2,2,1,1,2,1,2,1,2,2,1,1,2,2,1,2,2,0,1,0,2,1,1,2,1,2,0,1,2,0,2,1,2,2,1,0,0,2,1,1,2,0,0,2,2,2,2,1
918,2,0,1,2,0,2,1,1,2,2,2,0,1,2,2,2,1,2,2,1,1,1,2,2,2,2,2,0,0,2,2,0,2,2,2,1,1,1,2,1,0,2,2,2,0,2,0,0,1,2,2,2,1,2,0,0,1,2,2,0,2,1,2,1,2,2,2,1,2,2,2,2,2,2,1,1,2,1,2,1,2,2,1,1,2,1,1,1,2,2,1,0,2,1,1,2,2,2,0,1,2,0,2,1,2,0,2,0,0,2,1,1,2,0,0,2,2,2,2,1
919,2,2,1,2,0,2,1,0,2,2,2,0,1,2,2,2,1,2,2,1,1,1,2,2,2,2,2,0,0,2,2,0,1,2,2,1,1,1,2,1,0,2,2,2,0,2,0,0,1,2,2,2,1,2,0,0,1,2,2,0,2,1,2,2,2,2,2,0,2,2,2,2,2,2,1,1,2,1,2,1,2,2,1,1,2,2,1,2,0,0,1,0,2,1,1,1,1,2,0,1,2,0,2,1,2,0,2,0,0,0,1,1,2,0,0,2,2,2,2,1
920,2,0,1,2,0,2,1,1,2,2,2,0,1,2,2,2,1,2,2,1,1,1,2,2,2,2,2,0,0,2,2,0,1,2,2,1,1,1,2,1,0,2,2,2,0,2,0,2,1,2,2,2,1,2,0,0,1,2,2,0,2,1,2,2,2,2,1,2,2,2,2,2,2,0,1,1,2,1,2,1,2,2,1,1,2,2,2,2,0,2,1,0,2,1,1,1,0,2,0,1,2,0,2,1,2,0,2,0,0,0,0,1,2,0,0,2,2,2,2,1
921,2,2,1,2,0,2,1,1,2,2,2,2,1,2,2,2,1,1,2,1,1,1,2,2,2,2,2,0,0,2,2,0,1,2,2,1,1,1,2,1,0,2,2,2,0,2,0,2,1,2,2,2,1,2,0,0,1,2,2,0,2,1,2,2,2,2,2,2,2,2,1,2,2,0,1,1,2,1,2,1,2,2,1,1,2,2,2,2,2,0,1,0,1,1,1,1,0,2,0,1,2,0,2,1,2,0,2,0,0,0,0,2,2,0,0,2,2,2,1,1
922,2,2,1,2,0,2,1,1,2,2,2,0,1,2,2,2,1,2,2,1,1,1,2,2,2,2,2,0,0,2,2,0,1,2,2,1,1,1,2,1,0,2,2,2,0,2,0,2,1,0,2,2,1,2,0,0,1,2,2,2,2,1,2,2,2,2,2,2,2,2,1,2,2,0,1,1,2,1,2,1,2,2,1,1,2,2,2,1,2,2,1,0,2,1,1,2,0,2,0,1,2,0,2,1,2,0,2,0,0,1,1,1,2,0,0,2,2,2,1,1
923,2,2,1,2,0,2,1,2,2,2,2,0,1,2,2,2,1,1,2,1,1,1,2,2,1,2,2,0,0,2,2,0,1,2,2,1,1,1,2,1,0,1,2,2,1,2,0,2,1,2,2,2,1,2,0,0,1,2,2,0,2,1,2,2,2,2,2,2,2,2,2,2,2,0,2,1,2,1,2,1,2,1,1,2,2,2,2,2,2,2,1,0,2,1,1,1,0,2,0,1,2,0,2,1,2,0,2,0,0,2,1,1,2,0,0,2,2,2,1,1
924,2,0,1,2,0,2,1,2,2,2,2,0,1,2,2,2,1,1,2,1,1,1,2,2,1,2,2,0,0,2,2,0,1,2,2,1,1,1,2,1,0,2,2,2,0,2,0,2,1,2,2,2,1,2,0,0,1,2,2,0,2,1,2,2,2,2,2,2,2,2,2,2,1,0,2,1,2,1,2,1,2,1,1,2,1,2,2,2,2,2,1,0,2,1,1,2,0,2,0,1,2,0,2,1,2,2,2,0,0,1,0,2,2,0,0,2,2,2,1,1
925,0,2,1,2,0,2,1,2,2,2,2,0,1,2,2,2,1,2,2,1,1,1,2,2,1,2,2,0,0,2,2,0,1,2,2,1,1,1,2,1,0,2,2,2,0,2,0,2,1,2,2,2,1,2,0,0,1,2,2,0,2,1,1,2,2,2,2,2,1,2,2,2,2,0,2,1,2,1,2,1,2,2,1,2,0,1,2,0,2,2,1,0,1,1,1,2,0,2,0,1,2,0,2,1,2,0,2,0,0,1,1,1,2,0,0,2,2,2,1,1
926,2,2,1,2,0,2,1,2,2,2,2,0,1,2,2,2,1,2,2,1,1,2,2,2,1,2,2,2,0,2,2,0,1,2,2,1,1,1,2,1,0,2,2,2,0,1,0,2,2,2,2,2,1,2,0,0,1,2,2,1,2,1,2,2,2,2,2,2,1,2,2,2,2,0,2,1,2,1,2,1,2,2,2,2,0,2,2,2,2,2,1,0,2,1,1,2,0,2,0,1,2,0,2,1,2,0,2,0,0,1,2,1,2,0,0,2,2,2,1,1
927,1,2,1,2,0,2,1,2,2,2,2,0,1,2,2,2,1,2,2,1,0,2,2,2,1,2,2,0,0,2,2,0,1,2,2,1,1,1,2,1,0,2,2,2,0,1,0,2,1,2,2,2,1,2,0,0,1,2,2,1,2,1,2,1,2,2,2,1,1,2,2,2,2,2,2,1,2,1,2,1,1,2,1,2,0,1,2,2,2,0,1,0,2,1,1,2,0,2,0,1,2,0,2,1,2,2,2,0,0,2,2,1,2,0,2,2,2,2,1,1
928,1,2,1,2,0,2,1,2,2,2,2,0,1,2,2,2,1,2,2,1,0,2,2,2,2,2,2,0,0,2,2,0,1,2,2,1,1,1,2,1,0,2,2,0,2,1,0,2,1,2,2,2,1,2,0,0,1,2,2,1,2,1,2,2,2,2,2,2,1,2,2,2,1,1,2,1,2,1,2,1,2,2,1,2,1,2,2,2,2,0,1,0,2,1,1,2,0,2,0,1,2,0,2,1,2,2,2,0,0,2,2,0,2,0,2,2,2,2,1,1
929,1,2,2,2,0,2,1,2,2,2,2,0,1,1,2,2,1,2,2,1,0,2,1,2,2,2,2,0,0,2,2,0,1,2,2,1,1,1,2,1,0,2,2,2,2,1,0,2,2,2,2,2,1,0,0,0,1,2,2,1,2,1,2,2,2,2,2,2,1,2,2,1,1,1,2,1,2,1,2,1,2,2,1,2,1,2,2,2,2,0,1,0,2,1,1,2,0,2,0,1,2,0,2,1,2,0,2,0,0,2,2,0,2,0,2,2,2,2,2,1
930,1,2,2,2,0,2,1,2,2,2,2,0,1,1,2,2,1,2,1,1,0,2,1,2,1,2,2,2,0,2,2,0,1,2,2,1,1,1,2,1,0,2,2,0,2,1,0,2,2,2,2,2,1,2,0,0,1,2,2,1,2,1,2,1,2,2,2,2,1,2,1,2,1,2,2,1,2,1,2,1,2,2,1,2,0,1,2,2,2,2,1,0,2,1,1,2,0,2,0,1,2,0,2,1,2,0,2,0,0,2,2,0,2,0,2,2,2,2,1,1
931,0,2,2,2,0,2,1,2,2,2,2,0,1,1,2,2,1,2,1,1,0,2,1,2,2,1,2,0,0,2,2,0,1,2,2,1,1,1,2,1,0,2,2,0,2,2,0,2,2,2,2,2,1,2,0,0,0,2,2,1,2,1,2,1,2,2,2,2,1,2,2,1,1,2,2,1,2,1,2,1,2,1,1,2,0,1,2,2,2,2,1,0,2,1,1,1,0,2,0,1,2,0,2,1,2,0,2,0,0,2,2,0,0,0,2,2,2,2,1,1
932,1,2,2,2,0,2,1,2,2,2,2,0,1,1,2,2,1,2,1,1,0,2,1,2,2,1,2,2,0,2,2,0,1,2,2,1,1,1,2,1,0,2,2,0,2,2,0,2,2,1,2,2,1,2,0,0,1,1,2,1,2,1,2,2,2,2,2,2,1,2,2,2,1,2,2,1,2,1,2,1,2,1,1,2,0,1,2,2,2,0,1,0,2,1,1,2,0,2,0,1,2,0,2,1,2,0,2,0,0,2,0,0,2,0,2,2,1,2,1,1
933,1,2,2,2,0,2,1,2,2,2,2,2,1,1,2,2,1,1,1,1,0,2,1,2,2,1,2,2,0,2,2,0,1,2,2,1,1,1,2,1,0,2,2,0,2,2,0,2,2,2,2,2,1,2,0,0,1,1,2,2,2,1,2,2,2,2,2,2,1,2,2,2,1,2,2,1,2,1,2,1,2,1,1,2,2,2,2,1,2,0,1,0,2,1,1,2,0,2,0,1,2,0,2,1,2,2,2,0,0,2,1,2,2,0,2,2,2,2,2,1
934,1,2,1,2,0,2,1,2,2,2,2,1,1,2,2,2,1,1,1,0,1,2,1,2,2,1,2,0,0,2,2,0,1,2,2,1,1,1,2,1,0,2,2,0,2,2,0,2,2,2,2,2,1,2,0,0,1,2,2,0,2,1,2,2,2,2,2,2,1,2,2,2,1,2,2,1,2,1,2,1,2,1,1,2,2,0,2,2,2,2,1,0,2,1,1,2,0,2,0,1,2,0,2,1,2,0,2,0,0,0,1,0,2,0,2,2,2,2,2,2
935,1,2,1,2,0,2,1,2,2,2,2,1,1,2,2,2,1,1,2,1,1,2,1,2,2,2,2,0,0,2,2,0,1,2,2,1,1,1,2,1,0,2,2,0,2,2,0,2,2,2,2,2,1,0,0,0,1,2,2,0,2,1,2,2,2,2,2,2,1,2,2,1,1,2,2,1,2,1,2,1,2,1,1,2,2,0,2,2,2,2,1,0,2,1,1,2,0,2,0,1,2,0,2,1,2,2,2,0,0,0,0,0,2,0,2,2,2,2,2,2
936,1,2,1,2,0,2,1,2,2,2,2,0,1,2,2,2,1,2,2,1,0,1,1,2,1,2,2,0,0,2,2,0,1,2,2,1,1,1,2,1,0,2,2,2,2,2,0,2,0,2,2,2,1,2,0,0,1,2,2,0,2,1,2,2,1,2,2,2,2,2,2,1,1,2,1,1,2,1,2,1,2,1,1,2,0,0,2,2,2,2,1,0,2,1,1,2,0,2,0,1,2,0,2,1,2,2,2,0,0,0,0,1,2,0,2,2,2,2,2,2
937,1,2,1,2,0,2,1,2,2,2,2,0,1,2,2,2,1,2,2,1,0,1,2,2,1,2,2,0,0,2,2,0,1,2,2,1,1,1,2,1,0,2,2,2,2,2,0,2,0,2,2,2,1,2,0,0,1,2,2,0,2,1,2,2,2,2,2,2,2,2,2,1,1,2,1,1,2,1,2,1,2,2,1,2,2,0,2,2,2,2,1,0,2,1,1,2,0,2,0,1,2,0,2,1,2,0,2,0,0,0,0,1,2,0,2,2,2,2,2,2
938,1,2,1,2,0,2,1,2,2,2,1,0,1,1,2,2,1,2,2,1,0,1,2,2,2,2,2,0,0,2,2,0,1,2,2,1,1,1,2,1,0,2,2,0,2,2,0,2,2,2,2,2,1,2,0,0,1,1,2,0,2,1,2,2,2,2,2,2,2,2,2,2,1,2,1,1,2,1,2,1,2,2,1,2,2,2,2,2,1,2,1,0,2,1,1,2,0,2,0,1,2,0,2,1,2,0,2,0,0,2,2,2,2,0,0,2,2,2,2,2
939,1,2,1,2,0,2,1,2,2,2,1,0,1,2,2,2,1,2,2,1,1,1,2,2,2,2,2,0,0,2,2,0,1,2,2,1,1,1,2,1,0,2,2,2,2,2,0,2,2,2,2,2,1,2,0,0,1,2,2,0,2,1,2,2,2,2,2,2,2,2,2,2,1,2,1,1,2,1,2,1,2,2,1,2,2,2,2,2,2,0,1,0,2,1,1,2,0,2,0,1,2,0,2,1,2,2,1,0,0,2,0,0,2,0,0,2,2,2,2,2
940,1,2,2,2,0,2,1,2,2,2,2,0,1,2,2,2,1,2,2,1,1,1,2,2,2,2,2,2,0,2,2,0,1,2,2,1,1,1,2,1,0,2,2,0,2,2,0,2,2,2,2,2,1,2,0,0,1,2,2,0,2,1,2,2,2,2,2,2,2,2,2,2,0,2,1,1,2,1,2,1,2,2,1,2,2,0,2,2,2,0,1,0,2,1,1,2,0,2,0,1,2,0,2,1,2,2,1,0,0,2,2,0,2,0,0,2,2,2,2,2
941,1,2,2,2,0,2,1,2,2,2,2,0,1,2,2,2,1,2,2,1,1,1,2,2,1,2,2,0,0,2,2,0,1,2,2,1,1,1,2,1,0,1,2,2,2,2,0,2,2,2,2,2,1,2,0,0,1,2,2,0,2,1,2,2,2,2,2,2,2,2,2,2,0,2,1,1,2,1,2,1,2,2,1,2,2,2,2,2,2,2,1,0,2,1,1,1,0,2,0,1,2,0,2,1,2,0,1,0,0,2,2,1,2,0,0,2,2,2,2,2
942,2,2,1,2,0,2,1,2,2,2,2,0,1,2,2,2,1,2,2,1,1,1,2,2,2,2,2,0,0,2,2,0,1,2,2,1,1,1,2,1,0,2,2,2,1,2,0,2,2,2,2,2,1,2,0,0,1,2,2,0,2,1,2,2,2,2,2,2,2,2,2,2,1,2,1,1,2,1,2,1,2,2,1,2,2,2,2,2,2,2,1,0,2,1,1,2,0,2,0,1,2,0,2,1,2,2,1,0,0,0,0,1,2,0,0,2,2,2,2,2
943,2,0,1,2,0,2,1,1,2,2,2,0,1,2,2,2,1,1,2,1,1,2,2,2,2,2,2,0,0,2,2,0,1,2,2,1,1,1,2,1,0,2,2,2,0,2,0,2,0,2,2,2,1,2,0,0,1,2,2,0,2,1,2,1,2,2,2,2,2,2,2,2,1,2,1,1,2,1,2,1,2,2,2,2,2,2,2,2,2,0,1,0,2,1,1,2,0,2,0,1,2,0,2,1,2,2,1,0,0,0,0,2,2,0,0,2,2,2,2,2
944,2,2,1,2,0,2,1,1,2,2,2,0,1,2,2,2,1,1,2,1,1,1,2,2,2,2,2,2,0,2,2,0,1,2,2,1,1,1,2,1,0,2,2,0,0,2,0,2,2,2,2,2,1,2,0,0,1,2,2,2,2,1,2,2,2,2,2,2,2,2,2,2,0,2,1,1,2,1,2,1,2,2,1,2,2,1,2,2,2,2,1,0,2,1,1,2,0,2,0,1,2,0,2,1,2,2,1,0,0,0,2,0,2,0,2,2,2,2,2,2
945,2,2,1,2,0,2,1,1,2,2,2,0,1,2,0,2,1,1,2,1,1,2,2,2,2,2,2,0,0,2,2,0,1,2,2,1,1,1,2,1,0,2,2,2,0,2,0,2,2,2,2,2,1,2,0,0,1,2,2,2,2,1,2,2,2,2,2,2,2,2,1,2,1,1,1,1,2,1,2,1,2,2,1,2,2,1,2,2,2,2,1,0,2,1,1,2,0,2,0,1,2,0,2,1,2,2,1,0,0,1,2,2,2,0,2,2,2,2,2,2
946,2,2,1,2,0,2,1,1,2,2,2,0,1,2,1,2,1,1,1,1,1,2,2,2,1,2,2,0,0,2,2,0,1,2,2,1,1,1,2,1,0,2,2,2,0,1,0,2,2,0,2,2,1,2,0,0,1,2,2,0,2,1,2,1,2,2,2,2,1,2,2,2,1,2,1,1,2,1,2,1,2,2,1,1,2,1,2,2,2,0,1,0,2,1,1,1,0,2,0,1,2,0,2,1,2,2,1,0,0,1,2,0,2,0,2,2,2,2,2,2
947,2,2,1,2,0,2,1,1,2,2,2,1,1,2,1,2,1,1,2,1,2,2,2,2,2,2,2,2,0,2,2,2,1,2,2,1,1,1,2,1,0,2,2,2,0,1,0,2,2,0,2,2,1,2,0,0,1,2,2,0,2,1,2,2,2,2,2,2,1,2,2,2,1,2,1,1,2,1,2,1,2,2,1,1,2,2,2,1,2,2,1,0,2,1,1,2,0,2,0,1,2,0,2,1,2,2,1,0,0,1,2,0,2,0,2,2,2,2,2,2
948,2,2,1,2,0,2,1,1,2,2,2,0,1,2,2,2,1,2,1,1,2,1,2,2,2,2,2,0,0,2,2,0,1,2,2,1,1,1,2,1,0,2,2,2,1,1,0,2,2,0,2,2,1,2,0,0,1,2,2,0,2,1,2,2,2,2,2,2,1,2,2,2,1,2,1,1,2,1,2,1,2,2,1,1,2,1,2,2,2,2,1,0,2,1,1,2,0,2,0,1,2,0,2,1,2,0,1,0,0,1,2,0,2,0,2,2,2,2,2,2
949,2,2,1,2,0,2,1,1,2,2,2,0,1,2,2,2,1,2,2,1,2,1,2,2,2,2,2,0,0,2,2,0,1,2,2,1,1,1,2,1,0,2,2,0,1,1,0,2,1,2,2,2,1,2,0,0,1,2,2,0,2,1,2,2,2,2,2,2,1,2,2,2,1,2,1,1,2,1,2,1,2,2,1,1,2,2,2,2,2,0,1,0,2,1,1,2,0,2,0,2,2,0,2,1,2,2,1,0,0,2,2,0,1,0,2,2,2,2,2,2
950,2,2,1,2,0,2,1,2,2,2,2,0,1,1,2,2,1,2,2,1,2,1,2,2,2,2,2,0,0,2,2,0,1,2,2,1,1,1,2,1,2,2,2,2,1,1,0,2,2,2,2,2,1,2,0,0,1,2,2,2,2,1,2,2,2,2,2,2,1,2,2,2,1,2,1,1,2,1,2,1,2,2,1,1,2,2,2,2,2,2,1,0,2,1,1,2,2,2,0,1,2,0,2,1,2,2,1,0,0,2,2,0,1,0,1,2,2,1,2,2
951,2,2,1,2,0,2,1,2,2,2,2,0,1,1,2,2,0,2,2,1,2,1,2,2,2,2,2,0,0,2,2,0,1,2,2,1,1,1,2,1,0,2,2,2,1,1,0,2,0,2,2,2,1,2,0,0,1,2,2,2,1,1,2,2,2,2,2,2,1,2,2,2,1,2,1,1,2,1,2,1,2,1,1,1,2,2,2,2,2,0,1,0,2,1,1,1,1,2,0,1,2,0,2,1,2,2,1,0,0,2,2,0,1,0,2,2,2,1,2,2
952,2,2,1,2,0,2,1,2,2,2,2,0,1,1,2,2,1,2,2,1,2,1,2,2,1,2,2,0,0,2,2,0,1,2,2,1,1,1,2,1,2,2,2,2,1,1,2,2,0,2,2,2,1,2,0,0,1,2,2,2,1,1,2,1,2,2,2,2,1,2,2,2,1,2,2,1,2,1,2,1,2,2,1,1,2,2,2,2,2,2,1,0,2,1,1,0,1,2,0,1,2,0,2,1,2,0,1,0,0,0,2,0,2,0,2,2,2,1,2,2
953,2,2,1,2,0,2,1,2,2,2,2,0,1,1,2,2,1,2,2,1,2,1,1,2,1,2,2,0,0,2,2,0,1,2,2,1,1,1,2,1,0,2,2,2,1,1,0,2,0,2,2,2,1,2,0,0,1,2,2,2,2,1,2,1,2,2,2,2,1,2,2,1,1,2,2,1,2,1,2,1,2,2,1,1,0,2,1,2,2,2,1,0,2,1,1,2,1,2,0,1,2,0,2,1,2,0,1,0,0,0,2,0,2,0,2,2,1,1,2,2
954,2,2,1,2,0,2,1,2,2,2,2,0,1,0,2,2,1,2,2,1,2,1,1,2,1,2,2,2,0,2,2,0,1,2,2,1,1,1,2,1,0,2,2,2,2,1,0,2,2,2,2,2,1,2,0,0,1,2,2,1,2,1,2,1,2,2,2,2,1,2,2,2,1,2,2,1,2,1,2,1,2,2,1,1,0,2,0,2,2,2,1,0,2,1,1,2,1,2,0,1,2,0,2,1,2,2,1,0,0,0,1,1,0,0,2,2,1,1,2,2
955,2,2,1,2,0,2,1,2,2,2,2,0,1,1,2,2,1,2,2,1,2,1,1,2,2,2,2,0,0,2,2,0,1,2,2,1,1,1,2,1,0,2,2,2,2,1,0,2,2,2,2,2,1,2,0,0,1,2,2,2,2,1,2,0,2,2,1,2,1,2,2,2,1,2,2,1,2,1,2,1,2,1,1,1,1,2,1,2,2,0,1,0,2,1,1,2,1,2,0,1,2,0,2,1,2,2,1,0,0,0,0,1,2,0,2,2,1,1,2,2
956,2,2,1,2,0,2,1,1,2,2,2,0,1,1,2,2,1,2,1,1,2,2,1,2,0,2,2,2,0,2,2,0,1,2,2,1,1,1,1,1,0,2,2,2,1,1,0,2,2,2,2,2,1,2,0,0,1,2,2,2,2,1,2,2,2,2,1,2,1,2,2,2,1,2,2,1,2,1,2,1,2,1,1,1,1,2,1,2,2,0,1,0,1,1,1,2,1,2,0,1,2,0,2,1,2,2,1,0,0,2,1,2,2,0,2,2,2,1,1,2
957,2,2,2,2,0,2,1,2,2,2,2,0,1,1,2,2,1,1,1,1,2,2,1,2,1,2,2,0,0,2,2,0,1,2,2,1,1,1,2,1,0,2,2,0,1,1,0,2,1,2,2,2,1,2,0,0,1,2,2,2,1,1,2,2,2,2,1,2,1,2,2,2,0,2,2,1,2,1,2,1,2,1,1,2,1,2,1,2,2,0,1,0,1,1,1,2,1,2,0,1,2,0,2,1,2,2,1,0,0,2,0,1,2,0,2,2,1,1,1,2
958,2,2,2,2,0,2,1,2,2,2,2,0,1,1,2,2,1,2,2,1,2,2,1,2,1,2,2,2,0,2,2,0,1,2,2,1,1,1,2,1,0,2,2,2,1,1,0,2,1,2,2,2,1,2,0,0,1,2,2,2,2,1,2,2,2,2,1,2,1,2,2,2,1,2,2,1,2,1,2,1,2,1,1,2,1,1,1,2,2,2,1,0,2,1,1,2,1,2,0,1,2,0,2,1,2,2,1,0,0,2,2,1,2,0,2,2,2,1,1,2
959,2,2,2,2,0,2,1,2,2,2,2,0,1,2,2,2,1,2,2,1,2,1,2,2,2,2,2,0,0,2,2,0,1,2,2,1,1,1,2,1,0,2,2,2,1,1,0,2,1,2,2,2,1,2,0,0,1,2,2,2,2,1,2,2,2,2,1,2,1,2,2,2,1,2,2,1,2,1,2,0,2,1,1,2,2,1,0,1,2,0,1,0,2,1,1,2,1,2,0,1,2,0,2,1,2,2,1,0,0,2,2,2,1,0,2,2,2,1,1,2
960,2,2,2,2,0,2,1,2,2,2,2,0,1,2,2,2,1,1,1,1,2,1,1,2,2,2,2,0,0,2,2,0,1,2,2,1,1,1,2,1,0,2,2,2,1,1,0,2,1,2,2,2,1,2,0,0,1,2,2,1,2,1,2,2,2,2,1,2,1,2,2,2,1,2,2,1,2,1,2,0,2,1,1,1,2,2,1,1,0,0,1,0,1,1,1,2,1,2,0,1,2,0,2,1,2,2,1,0,0,2,1,2,1,0,2,2,2,1,1,2
961,2,2,1,2,0,2,1,2,2,2,2,0,1,2,2,2,1,1,2,1,2,1,2,2,1,2,2,0,0,2,2,0,1,2,2,1,1,1,2,1,0,2,2,0,1,1,0,2,1,2,2,2,1,2,0,0,1,2,2,0,2,1,2,2,2,2,1,1,1,2,2,2,1,2,2,1,2,1,2,0,2,1,1,2,0,2,0,2,2,2,1,0,2,1,1,2,1,2,0,1,1,0,2,1,2,0,2,0,0,1,0,0,1,0,2,2,2,1,1,2
962,1,2,1,2,0,2,1,2,2,2,2,0,1,2,2,2,1,2,2,1,2,1,1,0,2,2,2,0,0,2,2,0,1,2,2,1,1,1,2,1,2,2,2,0,0,1,0,2,1,2,2,2,1,2,0,0,1,2,2,0,2,1,2,2,2,2,2,1,1,2,2,2,0,2,0,1,2,2,2,1,2,1,1,2,0,2,1,2,2,2,1,0,2,1,1,2,1,2,0,1,1,0,2,1,2,0,2,0,0,2,0,0,1,0,2,2,2,1,1,2
963,2,2,1,2,0,2,1,2,2,2,2,0,1,2,2,2,1,1,2,1,2,1,1,0,2,2,2,2,0,2,2,0,1,2,1,1,1,1,2,1,2,2,2,2,0,1,0,2,2,2,2,2,1,2,0,0,1,2,2,0,2,1,2,2,2,2,2,1,1,2,2,2,0,2,1,1,2,2,2,1,2,1,1,2,1,1,0,2,2,0,1,0,2,1,1,2,1,2,0,1,2,0,2,1,2,0,2,0,0,2,1,0,1,0,2,2,2,1,1,2
964,2,2,2,2,0,2,1,2,2,2,2,0,1,2,2,2,1,2,2,1,2,1,1,0,2,2,2,0,0,2,2,0,1,2,2,1,1,1,2,1,2,2,2,0,1,1,0,2,2,2,2,2,1,2,0,0,1,1,2,0,2,1,2,2,2,2,1,1,1,2,2,2,1,2,1,1,2,1,2,1,2,2,1,2,1,1,0,1,2,2,1,0,2,1,1,2,1,2,0,1,2,0,2,1,2,2,1,0,0,2,0,0,1,0,2,2,2,1,1,2
965,2,2,2,2,0,2,1,2,2,2,2,0,1,2,2,2,1,2,2,1,2,1,2,0,2,2,2,0,0,2,2,0,1,2,2,1,1,1,2,1,2,1,2,0,0,1,0,2,2,2,2,2,1,2,0,0,1,1,2,0,2,1,2,2,2,2,1,1,1,2,2,2,1,2,2,1,2,1,2,1,2,2,1,2,1,1,1,2,2,2,1,0,2,1,1,2,1,2,0,1,2,0,2,1,2,2,1,0,0,1,0,0,1,0,2,2,2,1,1,2
966,2,2,1,2,0,2,1,1,2,2,2,0,1,2,2,2,0,2,2,1,2,1,2,0,2,2,2,0,0,2,2,0,1,2,2,1,1,1,2,1,2,2,2,0,0,1,0,2,2,2,2,2,1,2,0,0,1,2,2,0,2,1,2,2,2,2,1,1,1,2,2,2,1,2,2,1,2,0,2,1,2,2,1,2,1,1,1,1,2,2,1,0,2,1,1,0,1,2,0,1,2,0,2,1,2,1,1,0,0,2,2,0,1,0,2,2,2,1,1,2
967,2,2,1,2,0,2,1,2,2,2,2,0,1,1,2,2,1,2,2,1,2,1,2,1,1,2,2,0,0,2,2,0,1,2,2,1,1,1,2,1,2,2,2,0,0,1,0,2,0,2,2,2,1,2,0,0,1,2,2,0,2,1,2,2,2,2,1,1,1,2,2,2,0,2,2,1,2,2,2,1,2,2,1,2,1,0,0,2,2,2,1,0,2,1,1,2,1,2,0,1,2,0,2,1,2,2,1,0,0,2,1,0,1,0,2,2,2,1,1,2
968,2,2,1,2,0,2,1,2,2,2,2,0,1,1,2,2,1,2,2,1,2,1,2,1,2,2,2,0,0,2,2,0,1,2,2,1,1,1,2,1,2,2,2,0,0,1,0,2,0,2,2,2,1,2,0,0,1,2,2,0,2,1,2,2,2,2,1,1,1,2,2,2,1,2,2,1,2,2,2,1,1,2,1,2,1,0,0,1,2,2,1,0,2,1,1,2,1,2,0,1,2,0,2,1,2,2,2,0,0,2,1,2,1,0,2,2,2,1,1,2
969,2,2,1,2,0,2,1,2,2,2,2,0,1,2,2,2,1,2,2,1,2,1,2,1,2,2,2,0,0,2,2,0,1,2,2,1,1,1,2,1,2,2,2,0,2,1,2,2,1,2,2,2,1,2,0,0,1,2,2,0,2,1,2,2,2,2,1,2,1,2,2,2,2,2,2,1,2,2,2,1,2,2,1,2,1,1,2,2,2,2,1,0,2,1,1,2,1,2,0,1,1,0,2,1,2,2,2,0,0,2,2,1,1,0,2,2,2,1,2,2
970,2,2,1,2,0,2,1,2,2,2,2,0,1,1,2,2,1,2,2,1,2,1,2,1,2,2,2,0,0,2,2,0,1,2,2,1,1,1,2,1,2,2,2,0,1,1,1,2,1,2,2,2,1,2,0,1,1,1,2,0,2,1,2,2,2,2,1,2,1,2,2,2,2,2,2,1,2,2,2,1,1,2,1,2,1,1,1,2,2,0,1,0,2,1,1,2,1,2,0,1,2,0,2,1,2,2,2,0,0,1,2,1,1,0,2,2,2,1,1,2
971,2,2,1,2,0,2,1,2,2,2,2,0,1,2,2,2,1,2,2,1,2,1,2,1,1,2,2,0,0,2,2,0,1,2,1,1,1,1,2,1,2,2,2,2,1,1,2,2,0,2,2,2,1,2,0,1,1,2,2,0,2,1,2,2,2,2,1,2,2,2,2,2,2,2,2,1,2,2,2,1,2,2,1,2,1,1,0,1,2,2,1,0,2,1,1,2,1,2,0,1,2,0,2,1,2,2,2,0,0,0,2,1,1,0,2,2,2,1,1,2
972,2,2,1,2,0,2,1,2,2,2,2,1,1,1,2,2,1,2,2,1,2,1,2,1,2,2,2,0,0,2,2,0,1,2,1,2,1,1,2,1,2,2,2,0,1,1,2,2,0,2,2,2,1,2,0,1,1,2,2,0,2,1,2,2,2,2,2,1,2,2,2,2,2,2,2,1,2,1,2,1,2,2,1,2,1,1,1,2,2,0,1,0,2,1,1,1,1,2,0,1,2,0,2,1,2,2,2,0,0,0,2,1,1,0,2,2,2,1,1,2
973,2,0,1,2,0,2,1,2,2,2,2,1,1,1,2,2,1,2,2,0,2,1,2,1,1,2,2,0,0,2,2,0,1,2,2,2,1,1,2,1,2,2,2,0,1,1,2,2,2,2,2,2,1,2,0,2,1,2,2,0,2,1,2,2,2,2,2,2,2,2,2,2,2,2,2,1,2,1,2,1,2,1,1,2,1,1,1,2,2,2,1,0,2,1,1,0,1,2,0,2,2,0,2,1,2,2,2,0,0,0,2,2,1,0,2,2,2,1,1,2
974,2,0,1,2,0,2,1,1,2,2,2,0,1,1,2,2,1,2,2,1,2,1,2,1,2,2,2,0,0,2,2,0,1,2,2,2,1,1,2,1,2,2,2,0,0,1,2,2,1,2,2,2,1,2,0,1,1,2,2,0,2,2,0,2,2,2,1,1,2,2,2,2,2,2,2,1,2,1,2,1,2,1,1,2,1,1,0,1,2,2,1,0,2,1,1,2,1,2,0,1,2,0,2,1,2,2,2,0,0,0,2,2,1,0,2,2,2,1,1,2
975,2,0,1,2,0,2,1,0,2,2,2,0,1,0,2,2,1,2,2,1,2,1,2,2,2,2,2,0,0,2,2,0,1,2,2,2,0,1,2,1,2,2,2,2,0,1,2,2,0,2,2,2,1,2,0,1,1,2,2,0,2,1,0,2,2,2,1,1,2,2,2,2,2,2,2,1,2,1,2,1,2,1,1,2,1,1,0,1,2,2,1,0,2,1,1,2,1,2,0,1,2,0,2,1,2,0,2,0,0,0,2,1,1,0,2,2,2,1,1,2
976,2,0,1,2,0,2,1,1,2,2,2,0,1,1,2,2,1,2,2,1,2,1,2,1,2,2,2,0,0,2,2,0,1,2,2,2,0,1,2,1,2,2,2,2,1,2,2,2,2,2,2,2,1,2,0,0,1,2,2,0,2,1,1,2,2,2,1,1,2,2,2,2,2,2,2,1,2,1,2,1,2,1,1,2,1,1,0,2,2,0,1,0,2,1,1,2,1,2,0,1,2,0,2,1,2,2,1,0,0,0,2,1,1,0,2,2,2,1,1,2
977,2,2,1,2,0,2,1,1,2,2,2,1,1,1,2,2,1,1,2,1,2,1,2,1,1,2,2,0,0,2,2,0,1,2,2,2,0,1,2,1,2,2,2,2,1,2,2,2,2,2,2,2,1,2,0,0,1,2,2,0,2,1,1,2,2,2,1,1,2,2,2,1,2,2,2,1,2,1,2,1,2,1,1,2,1,1,1,2,2,0,1,0,2,1,1,2,1,2,0,1,2,0,2,1,2,2,1,0,0,0,2,1,1,0,2,2,1,1,1,2
978,2,2,1,2,2,2,1,0,2,2,2,0,1,2,2,2,1,1,2,1,2,2,2,1,1,2,2,0,0,2,2,0,1,2,0,1,0,1,2,1,2,2,2,0,0,2,2,2,2,2,1,2,1,2,0,0,1,2,2,0,2,1,1,2,2,2,1,1,2,2,2,2,2,2,2,1,2,1,2,2,2,1,1,2,1,1,1,2,2,0,1,0,2,1,1,1,1,2,0,1,2,0,2,1,2,2,1,0,0,0,2,2,1,0,1,2,2,1,1,2
979,2,2,1,2,0,2,1,1,2,2,2,0,1,2,2,2,1,2,2,1,2,1,2,1,2,2,2,0,0,2,2,0,1,2,0,2,0,1,2,1,2,2,2,2,1,2,2,2,0,2,1,2,1,2,0,0,1,2,2,0,2,1,1,2,2,2,1,1,2,2,2,2,2,2,2,1,2,1,2,1,2,1,1,2,1,1,0,2,2,0,1,0,2,1,1,2,1,2,0,1,2,0,2,1,2,2,1,0,0,0,2,1,1,0,1,2,0,1,1,2
980,2,0,1,2,0,2,1,1,2,2,2,0,1,2,2,2,1,2,2,1,2,1,2,2,2,2,2,0,0,2,2,0,1,2,2,2,0,1,2,1,2,2,2,2,0,2,2,2,0,2,1,2,1,2,0,0,1,1,2,0,2,1,1,2,2,2,1,1,2,2,2,2,2,2,2,1,2,1,2,1,2,1,1,2,1,1,0,2,2,0,1,0,2,1,1,2,2,2,0,1,2,0,2,1,2,2,1,0,0,0,2,2,1,0,2,2,2,1,1,2
981,2,0,1,2,0,2,1,0,2,2,2,0,1,2,2,2,0,2,2,1,2,1,2,2,2,2,2,0,0,2,2,0,2,2,2,2,0,1,2,1,2,2,2,2,0,2,2,2,0,0,1,2,1,2,0,0,1,1,2,0,2,1,1,2,2,2,2,1,2,2,2,2,2,2,2,1,2,1,2,1,2,2,1,2,1,1,0,2,2,2,1,0,2,1,1,2,2,2,0,1,2,0,2,1,2,2,1,0,0,0,2,1,1,0,2,2,2,2,1,2
982,2,0,1,2,2,2,1,0,2,2,2,0,1,2,2,2,1,1,2,1,2,1,2,2,2,2,2,0,0,2,2,0,2,2,0,2,0,1,2,1,2,2,2,2,0,2,2,2,0,2,1,2,1,2,0,0,1,1,2,0,2,1,1,2,2,2,1,1,2,2,2,2,2,2,2,1,2,1,2,1,2,2,1,2,1,1,0,2,2,2,1,0,2,1,1,2,2,2,0,1,1,0,2,1,2,2,1,0,0,0,2,1,1,0,2,2,0,2,1,2
983,2,2,1,2,2,2,1,1,2,2,2,0,1,2,2,2,1,1,2,1,2,1,2,2,2,2,2,0,0,2,2,0,2,2,2,2,0,1,2,1,2,2,2,2,0,2,2,2,0,0,1,2,1,2,0,0,1,1,2,0,2,1,1,2,2,2,1,1,2,2,2,2,2,0,2,1,2,1,2,1,2,2,1,2,1,1,1,2,2,2,1,0,2,1,1,2,2,2,0,1,1,0,2,1,2,2,1,0,0,0,1,0,1,0,2,2,0,2,1,2
984,2,0,1,2,2,2,1,2,2,2,2,0,1,2,2,2,1,1,2,1,2,1,2,2,2,2,2,0,0,2,2,0,2,2,2,2,0,1,2,1,2,2,2,0,2,2,0,2,0,2,2,2,1,2,0,0,1,1,2,0,2,1,1,2,2,2,1,1,2,2,2,2,2,2,2,1,2,1,2,1,2,2,1,2,1,1,1,1,2,2,1,0,2,1,1,2,2,2,0,1,2,0,2,1,2,2,1,0,0,0,0,2,1,0,2,2,2,2,1,2
985,2,2,1,2,2,2,1,2,2,2,2,0,1,2,2,2,1,2,2,1,2,1,2,2,2,2,2,0,0,2,2,0,2,2,2,2,0,1,2,1,2,2,2,2,2,2,0,2,2,1,2,2,1,2,0,0,1,1,2,2,2,1,1,2,2,2,1,1,2,2,2,2,2,2,2,1,2,1,2,1,2,2,1,2,1,1,1,2,2,2,1,0,2,1,1,2,1,2,0,1,2,0,2,1,2,2,1,0,0,0,0,1,1,0,2,2,0,2,1,2
986,2,2,1,2,2,2,1,1,2,2,2,0,1,2,2,2,1,1,2,1,2,1,2,2,2,2,2,0,0,2,2,0,1,2,2,2,0,1,2,1,2,2,2,2,0,1,0,2,0,2,2,2,1,2,0,0,1,1,2,1,2,1,1,2,2,2,1,1,2,2,2,2,2,2,2,1,2,1,2,1,2,2,1,2,1,1,1,2,2,2,1,0,2,1,1,2,1,2,0,1,2,0,2,1,2,2,1,0,0,0,2,1,1,0,2,2,2,2,1,1
987,2,2,1,2,1,2,1,1,2,2,2,0,1,2,2,2,1,2,2,1,2,1,2,2,2,2,2,2,0,2,2,0,0,2,2,2,1,1,2,1,2,2,2,2,1,1,0,2,0,2,2,2,1,2,0,0,1,1,2,1,2,1,1,2,2,2,0,1,2,2,2,2,2,0,2,1,2,2,2,1,2,2,1,2,1,1,1,2,2,2,1,0,2,1,1,2,1,2,0,1,2,0,2,1,2,1,1,0,0,0,2,1,1,0,2,2,2,2,1,1
988,2,0,1,2,2,2,1,1,2,2,2,0,1,2,2,2,1,1,1,1,2,1,1,2,2,2,2,0,0,2,2,0,0,2,2,0,1,1,2,1,2,2,2,2,0,1,0,2,1,2,2,2,1,2,0,0,1,1,2,1,2,1,1,2,2,2,0,1,2,2,2,2,2,0,2,1,2,2,2,1,2,2,1,2,1,0,1,2,2,0,1,0,2,1,1,2,1,2,0,1,2,0,2,1,2,1,1,0,0,0,2,1,1,0,2,2,2,2,1,1
989,2,2,1,2,2,2,1,1,2,2,2,0,1,2,2,2,1,1,2,0,2,1,1,2,1,2,2,0,0,2,2,0,0,2,2,0,1,1,2,1,2,2,2,2,0,1,0,2,2,2,2,2,1,2,0,0,1,1,2,1,2,1,1,2,2,2,0,1,2,2,2,2,2,0,2,1,2,2,2,1,2,2,1,2,1,0,1,2,2,0,1,0,1,1,1,2,1,2,0,1,2,0,2,1,2,1,1,0,0,0,2,1,1,0,2,2,2,2,1,1
990,2,2,1,2,2,2,1,0,2,2,2,0,1,2,2,2,1,1,1,1,2,1,1,2,1,2,2,2,0,2,2,0,0,2,2,0,1,1,2,1,2,2,2,2,0,1,0,2,2,0,2,2,1,2,0,0,1,1,2,0,2,1,1,2,2,2,0,1,2,2,2,2,2,0,2,1,2,2,2,1,2,2,1,2,1,0,0,2,2,0,1,0,2,1,1,2,1,2,0,2,2,0,2,1,2,1,1,0,0,0,2,1,1,0,2,2,2,2,1,1
991,2,2,1,2,2,2,1,0,2,2,2,0,1,2,2,2,1,1,1,1,2,1,1,2,2,2,2,0,0,2,2,0,0,2,2,1,1,1,2,1,2,2,2,2,0,1,0,2,1,2,2,2,1,2,0,0,1,1,2,0,2,1,1,2,2,2,1,1,2,2,2,2,2,0,2,1,2,2,2,1,2,2,1,2,1,0,1,2,2,2,1,0,2,1,1,2,1,2,0,1,1,0,2,1,2,1,1,0,0,0,2,1,1,0,2,2,2,2,1,1
992,2,2,1,2,0,2,1,1,2,2,2,1,1,2,2,2,1,2,2,1,2,1,1,2,2,2,2,0,0,2,2,0,0,2,2,2,1,1,2,1,2,2,2,2,1,1,0,2,2,2,2,2,1,2,0,0,1,1,2,0,2,1,1,2,2,2,2,1,2,2,2,2,2,0,2,1,2,2,2,1,2,2,1,2,1,0,1,2,2,2,1,0,2,1,1,2,1,2,0,1,2,0,2,1,2,1,1,0,0,0,2,1,1,0,1,2,2,2,1,2
993,2,0,1,2,0,2,1,0,2,2,2,1,1,2,2,2,1,2,1,0,2,1,1,2,2,2,2,2,0,2,2,0,0,2,2,2,1,1,2,1,2,2,2,0,1,1,2,2,2,2,2,2,1,2,0,0,1,1,2,0,2,1,1,2,2,2,2,1,2,2,2,2,2,0,2,1,2,2,2,1,2,2,1,2,1,0,1,1,2,2,1,0,2,1,1,2,1,2,0,1,2,0,2,1,2,1,1,0,0,0,2,1,1,0,0,2,2,2,1,2
994,2,2,1,2,0,2,1,1,2,2,2,1,1,2,2,2,1,2,2,1,2,1,1,2,2,2,2,0,0,2,2,0,0,2,2,2,1,1,2,1,2,2,2,2,1,1,2,2,2,2,2,2,1,2,0,0,1,1,2,0,2,1,1,2,2,2,2,2,2,2,2,2,2,0,2,1,2,1,2,1,2,2,1,2,1,0,1,1,2,0,1,0,1,1,1,2,1,2,0,1,2,0,2,1,2,1,1,0,0,0,2,1,1,0,0,2,2,2,1,2
995,2,0,1,2,0,2,1,1,2,2,2,0,1,2,2,2,1,1,1,0,2,1,1,2,2,2,2,0,0,2,2,0,0,2,2,2,1,1,2,1,2,2,2,2,1,1,2,2,2,2,2,2,1,2,0,0,1,1,2,0,1,1,1,2,2,2,2,1,2,2,2,2,2,0,2,1,2,2,2,1,2,2,1,2,1,0,1,2,2,0,1,0,1,1,1,2,1,2,0,1,2,0,2,1,2,1,1,0,0,0,2,2,1,0,0,2,1,2,2,2
996,2,0,1,2,0,2,1,0,2,2,2,0,1,2,2,2,1,1,1,1,2,2,1,2,1,1,2,2,0,2,2,0,0,2,2,2,1,1,2,1,2,2,2,2,1,1,2,2,2,2,2,2,1,2,0,0,1,1,2,1,2,1,1,2,2,2,1,1,2,2,2,2,2,0,2,1,2,1,2,1,2,2,1,2,1,1,1,2,2,0,1,0,2,1,1,2,1,2,0,1,2,0,2,1,2,2,1,0,0,0,1,1,1,0,0,2,2,2,2,2
997,2,2,1,2,0,2,1,1,2,2,2,0,1,2,2,2,1,2,2,1,2,2,1,2,2,2,2,0,0,2,2,0,0,2,2,2,1,1,2,1,2,2,2,0,2,1,2,2,2,2,2,1,1,2,0,0,1,1,2,1,1,1,1,2,2,2,1,1,2,2,2,2,2,0,2,1,2,1,2,1,2,2,1,2,1,1,1,2,2,0,1,0,2,1,1,2,1,2,0,1,2,0,2,1,2,2,1,0,0,0,2,1,1,0,2,2,2,2,2,2
998,2,0,1,2,0,2,1,0,2,2,2,0,1,2,2,2,1,1,1,1,2,2,1,2,2,2,2,0,0,2,2,0,0,2,2,2,1,1,2,1,2,2,2,2,2,1,2,2,2,2,2,2,1,2,0,0,1,1,2,1,2,1,1,2,2,2,1,1,2,2,2,2,2,0,2,1,2,1,2,1,2,2,1,2,1,1,1,1,2,0,1,0,2,1,1,2,1,2,0,2,2,0,2,1,2,2,1,0,0,0,1,1,1,0,2,2,1,2,2,2
999,2,2,1,2,0,2,1,2,2,2,2,0,1,2,2,2,1,1,1,1,2,2,1,2,2,2,2,0,0,2,2,0,0,2,2,2,1,1,2,1,2,2,2,2,0,1,2,2,0,2,2,2,1,2,0,0,1,1,2,1,2,1,1,2,2,2,1,1,2,2,2,2,2,0,2,1,2,1,2,1,2,2,1,2,1,2,0,2,2,2,1,0,2,1,1,2,1,2,0,1,2,0,2,1,2,2,0,0,0,0,2,2,1,0,2,2,2,2,1,2
1000,2,2,1,2,0,2,1,2,2,2,2,1,1,2,2,2,1,1,2,1,2,1,1,2,1,2,2,0,0,2,2,0,0,2,2,2,1,1,2,1,2,2,2,2,1,1,2,2,2,2,2,2,1,2,0,0,1,1,2,1,2,1,1,2,2,2,1,1,1,2,2,2,2,0,2,1,2,1,2,1,2,2,1,2,1,1,0,2,2,0,1,0,1,1,1,1,1,2,0,1,2,0,2,1,2,0,2,0,0,0,1,1,1,0,1,2,2,2,2,2
