,chi2MET1.xvg,chi2PRO2.xvg,chi2GLU4.xvg,chi2LYS5.xvg,chi2PHE7.xvg,chi2LYS8.xvg,chi2GLN9.xvg,chi2ARG10.xvg,chi2ARG11.xvg,chi2PHE13.xvg,chi2GLU14.xvg,chi2GLN15.xvg,chi2ARG16.xvg,chi2GLU18.xvg,chi2ASP19.xvg,chi2ARG21.xvg,chi2LEU22.xvg,chi2ILE23.xvg,chi2ARG24.xvg,chi2GLU25.xvg,chi2GLN26.xvg,chi2HIS27.xvg,chi2PRO28.xvg,chi2LYS30.xvg,chi2ILE31.xvg,chi2PRO32.xvg,chi2ILE34.xvg,chi2ILE35.xvg,chi2GLU36.xvg,chi2ARG37.xvg,chi2TYR38.xvg,chi2LYS39.xvg,chi2GLU41.xvg,chi2LYS42.xvg,chi2GLN43.xvg,chi2LEU44.xvg,chi2PRO45.xvg,chi2LEU47.xvg,chi2ASP48.xvg,chi2LYS49.xvg,chi2LYS51.xvg,chi2PHE52.xvg,chi2LEU53.xvg,chi2PRO55.xvg,chi2ASP56.xvg,chi2HIS57.xvg,chi2ASN59.xvg,chi2MET60.xvg,chi2GLU62.xvg,chi2LEU63.xvg,chi2ILE64.xvg,chi2LYS65.xvg,chi2ILE66.xvg,chi2ILE67.xvg,chi2ARG68.xvg,chi2ARG69.xvg,chi2ARG70.xvg,chi2LEU71.xvg,chi2GLN72.xvg,chi2LEU73.xvg,chi2ASN74.xvg,chi2ASN76.xvg,chi2GLN77.xvg,chi2PHE79.xvg,chi2PHE80.xvg,chi2LEU81.xvg,chi2LEU82.xvg,chi2ASN84.xvg,chi2HIS86.xvg,chi2MET88.xvg,chi2PRO94.xvg,chi2ILE95.xvg,chi2GLU97.xvg,chi2TYR99.xvg,chi2GLU100.xvg,chi2GLU102.xvg,chi2LYS103.xvg,chi2ASP104.xvg,chi2GLU105.xvg,chi2ASP106.xvg,chi2PHE108.xvg,chi2LEU109.xvg,chi2TYR110.xvg,chi2MET111.xvg,chi2TYR113.xvg,chi2GLN116.xvg,chi2GLU117.xvg,chi2PHE119.xvg,chi2ASP120.xvg,chi2ASP121.xvg,chi2TRP122.xvg,chi2HIS124.xvg,chi2LEU125.xvg
0,58.5729,34.0928,165.21,143.941,74.7909,187.278,179.71,205.304,289.2396,61.1994,87.6826,185.72,182.625,102.346,21.7197,198.144,166.102,303.8549,311.26120000000003,164.463,186.743,271.9517,41.2865,297.3849,286.551,3.83945,300.5856,180.928,202.479,188.754,49.5765,199.932,50.0237,305.0419,177.428,167.39,32.0812,56.1575,357.60923,42.9187,169.84,95.4603,156.432,32.8593,311.4138,277.0886,282.7582,290.026,176.075,61.3594,153.196,185.637,165.895,280.95,184.191,204.591,190.195,179.822,176.437,183.131,315.528,89.2748,191.084,99.4253,97.4733,76.1185,95.0041,319.5335,103.518,276.3029,41.3105,168.767,225.722,55.3978,298.3411,311.5943,191.648,176.012,157.892,6.57612,282.2461,63.1048,78.6475,187.513,91.3385,176.427,180.625,72.3205,11.1463,224.08,81.6834,74.5658,176.913
1,306.1395,33.6275,195.159,301.3864,33.815,175.857,310.8131,192.426,286.27819999999997,124.25,293.33140000000003,164.717,182.524,170.705,348.8922,162.655,155.891,331.9922,295.5983,76.0173,325.0427,292.1271,312.5066,302.2528,317.2919,347.6302,309.604,169.845,185.749,173.55,46.261,191.58,57.2457,292.0593,181.747,172.321,22.894,66.8369,120.027,280.6366,209.35,87.1366,182.449,15.9804,343.9902,115.354,278.42560000000003,299.0477,293.4328,66.3464,316.6156,176.014,172.084,304.6614,181.158,284.8313,159.033,168.169,165.268,178.404,348.7518,341.4189,67.9487,94.3965,263.6287,142.856,98.1532,348.3527,280.5942,284.15070000000003,34.6609,163.81,195.645,72.1168,186.424,315.5613,182.885,12.287,273.1284,1.01558,270.2783,70.4631,80.0765,192.268,76.0671,179.752,178.908,278.46320000000003,191.773,130.52,109.595,237.261,178.511
2,298.356,33.5073,161.582,294.7818,77.4345,185.592,332.0516,192.89,286.2004,92.7074,162.846,184.757,182.04,181.115,343.258,184.339,172.37,302.6195,300.6231,70.4102,289.9667,273.20140000000004,323.4506,298.3693,294.2756,324.3721,302.335,173.97,195.578,176.42,60.9067,202.621,48.1084,307.6645,295.6783,174.472,22.7393,65.4542,151.24,274.0569,184.465,75.4084,166.251,32.6189,181.575,259.723,310.8866,301.3418,204.537,69.3646,163.2,174.23,170.708,297.488,189.843,194.971,175.211,184.9,305.67470000000003,158.505,333.6174,335.8092,177.747,105.288,274.4971,141.461,99.0472,349.5216,260.31870000000004,297.5099,316.8137,152.23,302.484,57.3043,302.1059,292.0615,190.954,310.8472,173.112,348.542,277.1142,65.3318,107.519,200.451,70.4932,182.775,187.047,331.4685,185.157,337.3335,104.323,91.7964,175.868
3,62.8397,41.1143,190.817,67.1149,69.6308,182.591,305.3704,202.817,291.7763,50.6538,185.791,190.786,185.268,151.791,343.0658,195.959,165.286,303.9615,309.5011,175.255,38.2902,276.2655,330.9689,300.6841,289.4787,325.8562,301.5835,172.405,171.779,168.641,64.0302,191.752,51.1816,293.372,301.7228,190.765,42.8564,59.3142,296.681,235.737,177.544,102.103,186.57,35.7483,157.392,278.0212,256.997,312.7574,194.173,151.315,160.152,185.375,156.017,293.6891,210.339,199.678,174.487,162.292,306.7847,174.871,10.5629,314.8371,177.648,78.4592,253.73000000000002,150.65,99.3321,336.08,287.2961,283.2506,316.6457,167.27,292.8696,53.4981,261.98,312.194,178.449,0.881924,170.488,26.2686,282.52639999999997,59.7306,72.1728,207.54,68.8629,158.977,190.776,335.4823,344.5061,324.8915,111.596,313.5099,48.1275
4,77.128,35.4916,186.309,329.1803,72.9372,164.368,289.4264,201.12,294.79089999999997,87.8155,175.983,189.751,181.202,176.05,166.732,174.612,63.7328,289.8994,295.6565,192.698,32.7367,275.5626,319.6751,298.8101,311.9466,30.1823,300.8701,183.778,177.6,158.58,68.1478,194.51,54.6894,284.0023,310.6995,193.136,31.2857,58.6072,321.52660000000003,308.9597,185.249,86.2361,174.816,37.7728,343.6221,291.0878,275.6762,284.3553,304.8981,73.502,161.832,170.611,164.269,288.8191,195.771,151.748,180.378,163.321,283.4509,162.576,79.0763,287.7048,181.96,93.5135,275.9156,50.4835,84.2959,325.2604,288.17449999999997,296.3672,327.1387,68.0724,297.8117,43.64,284.0685,304.984,183.137,178.856,178.873,6.49186,273.9101,54.1692,82.213,180.835,122.169,302.8703,182.879,343.6167,20.9665,179.583,97.3242,301.2995,67.8984
5,60.2407,39.657,167.929,165.708,70.5288,152.553,340.4868,208.304,292.79359999999997,85.6431,174.29,169.974,179.702,174.215,174.864,179.33,161.01,307.3542,300.1673,206.939,305.3687,281.231,317.1596,292.0027,293.0584,324.7879,305.058,279.50509999999997,178.104,172.886,50.6532,177.539,58.943,307.4912,321.2625,172.332,34.9076,73.5956,157.228,298.5569,170.271,248.035,168.577,37.4888,357.67309,298.2719,292.4056,303.1299,294.3979,168.701,159.093,178.468,172.64,307.0085,183.012,285.15250000000003,178.838,164.636,185.083,158.834,353.44746,328.6743,168.889,59.1374,304.7044,145.71,76.3725,326.4588,282.8556,281.92629999999997,44.0369,165.741,272.984,63.5108,282.1356,320.446,188.158,15.5374,169.02,5.78762,298.8969,54.334,95.1272,169.068,93.7401,294.8793,190.843,313.8679,7.64958,164.912,98.2439,315.4479,70.6379
6,287.9674,30.2667,182.535,299.2112,59.3545,163.576,194.899,201.865,292.3854,68.4418,184.464,175.787,197.504,163.521,165.884,285.3965,185.447,297.123,308.1062,201.665,303.1004,287.76120000000003,323.5311,308.2021,309.086,328.3078,284.3529,182.685,184.992,183.536,70.8961,96.9192,71.8228,290.7796,345.0756,146.669,28.9232,177.373,230.709,281.3428,166.28,273.2504,176.876,43.8465,333.6303,291.0115,319.904,317.2934,298.6047,149.065,162.341,179.893,152.408,298.3413,176.745,288.1118,81.6421,172.526,178.618,187.844,128.478,274.4551,180.769,85.7782,287.3258,133.807,97.3821,328.734,274.0287,303.7961,31.1543,135.494,305.9616,80.2594,222.395,312.5706,177.107,165.58,186.872,4.79109,277.9635,51.0723,94.428,174.821,76.6035,331.7415,171.741,299.0663,197.561,331.64639999999997,113.847,303.0881,73.8821
7,287.7269,46.5115,173.466,322.631,60.6624,193.022,314.7657,215.673,302.8556,80.3672,162.93,168.068,181.049,198.82,185.886,256.444,176.429,294.3551,291.3826,286.8085,305.1947,281.1904,320.01,196.073,302.2248,325.2118,300.2411,168.045,193.115,167.19,66.9739,189.221,49.2327,296.908,299.3109,172.849,322.6384,175.322,321.6951,297.735,175.279,274.1281,188.64,38.6816,10.4209,269.9605,312.0856,308.7761,306.2648,47.2424,161.981,205.624,153.692,311.3346,189.541,182.466,284.9594,175.752,163.479,177.425,116.915,7.67179,186.901,84.7359,287.8672,62.7759,95.634,290.8922,256.246,298.6674,33.8373,152.675,181.614,53.6324,165.959,313.0635,177.472,190.699,155.275,349.9994,283.5151,49.8416,96.9966,163.995,79.2778,312.5625,159.316,116.62,172.178,137.873,108.319,277.93420000000003,174.995
8,286.7875,34.7712,304.1509,300.1943,61.4494,186.747,332.4018,209.313,305.6058,81.8724,184.399,164.999,185.175,155.476,166.116,186.974,161.384,304.6601,290.2301,301.9966,295.9968,283.05809999999997,324.632,207.754,299.3373,35.3183,301.6755,184.025,191.284,179.552,68.2958,178.478,46.9484,285.97,304.1836,193.401,325.6546,175.583,332.0549,288.0582,161.562,255.51,172.934,338.6556,352.84317,263.91610000000003,279.1403,313.6853,289.3539,154.791,149.11,191.15,179.809,317.1194,172.968,298.0404,269.9258,181.86,170.927,190.667,338.743,112.522,174.547,93.8171,275.4218,149.015,175.686,351.07891,62.1187,312.7665,317.4414,144.958,319.1696,88.5009,207.674,318.3742,178.482,163.055,213.257,345.2583,288.2643,51.1995,87.0739,183.078,83.1987,190.787,193.913,317.5579,341.4679,154.134,107.703,248.94400000000002,65.0053
9,301.5217,26.2204,174.574,165.848,81.3282,151.729,298.2893,194.445,312.5177,120.101,173.8,196.496,185.4,174.017,184.561,181.876,169.963,310.4943,304.6955,192.687,318.1484,277.6178,320.2528,304.4105,300.80740000000003,325.4374,291.7083,186.108,180.047,172.302,67.6571,186.301,43.5115,295.9758,293.9405,188.839,40.073,177.337,201.437,298.7258,175.806,254.558,172.962,29.649,336.0656,245.959,251.446,300.6262,305.0244,55.1355,153.295,156.019,175.186,285.2186,162.215,285.5143,310.877,172.314,184.89,80.0046,332.1896,352.87246,161.516,74.9164,293.4948,67.9264,119.231,327.9044,281.1528,289.41110000000003,335.5782,58.1679,321.892,63.6757,171.077,308.725,200.653,6.38356,183.545,35.1629,275.8983,51.325,95.3331,197.696,72.2523,177.239,176.366,277.8643,6.08325,2.95623,88.0528,226.281,178.612
10,302.6497,343.4997,152.022,201.957,76.756,194.893,267.8933,207.113,289.6538,60.7192,159.467,178.121,170.201,202.581,175.106,160.873,149.634,296.6282,299.122,236.36,176.276,278.12,314.55060000000003,286.4863,299.4844,335.6562,299.7183,187.248,202.155,177.478,78.5841,170.618,53.1572,280.45910000000003,45.3112,170.986,46.5098,154.594,139.396,291.4866,174.954,247.527,160.587,17.6074,332.1356,277.52070000000003,326.5844,300.71410000000003,310.2248,106.473,177.074,176.484,167.773,291.1636,175.043,328.2766,300.6092,170.985,289.3014,183.831,11.6458,337.813,177.414,103.21,276.66790000000003,151.45,82.7163,332.6942,50.2031,293.438,42.8086,166.67,287.0152,52.3713,180.703,307.6142,192.242,7.59092,316.0194,0.0534494,282.3864,54.1473,77.7654,177.364,77.5757,176.198,194.832,346.1736,15.2954,327.3992,97.3681,242.86,62.4791
11,308.8502,27.1163,175.132,306.0381,49.2532,182.145,313.5712,158.127,289.36199999999997,264.1228,183.484,70.745,188.404,153.769,176.576,69.617,47.3338,308.8832,289.7058,281.2315,298.3658,267.6258,323.618,312.8034,298.1721,322.9066,304.2553,196.887,172.092,173.153,57.5797,186.778,48.9778,187.034,317.0716,185.716,34.1776,168.401,309.2065,303.1015,197.181,261.0819,164.163,37.1726,359.99421802,273.0786,354.99168,302.5277,286.0739,74.3599,161.821,154.515,166.786,289.0697,183.834,297.2282,270.6669,162.905,294.2008,168.558,65.8262,126.496,182.49,89.1039,277.0762,137.414,91.2264,341.8849,41.6989,281.1889,38.8554,164.356,204.179,52.2637,181.348,307.7899,181.517,319.7309,183.222,348.7094,282.0186,56.4567,82.5345,180.378,77.5437,165.78,182.522,302.4886,339.072,334.2279,80.7512,236.83499999999998,179.176
12,287.2495,323.2629,137.988,201.385,84.299,186.435,319.3951,167.046,305.2563,255.478,100.112,60.2128,192.306,157.907,160.843,71.7207,158.456,302.062,318.5261,212.099,331.1756,279.0745,328.8792,300.426,312.6817,326.4806,294.196,196.123,169.82,176.866,70.8176,89.9974,74.5879,200.256,296.0339,182.055,326.3165,152.717,152.648,295.9821,176.107,258.53700000000003,153.971,39.0936,3.68361,269.5219,14.528,291.6313,174.645,71.0652,79.2914,189.289,170.861,306.7627,168.423,276.54179999999997,302.4895,190.081,287.493,174.342,349.7555,341.7107,190.913,97.1279,275.9549,65.7521,180.376,333.6725,58.5875,294.9859,22.9732,171.555,279.0417,61.1216,283.1722,316.7144,176.613,303.3915,183.626,353.01322,291.0093,60.1916,82.8182,185.622,105.865,182.246,181.315,304.5971,338.3018,332.9473,82.9397,253.541,172.514
13,293.3825,32.9584,69.1189,305.78499999999997,66.3687,166.661,312.6237,178.585,289.6262,249.05200000000002,196.173,315.6102,187.161,182.981,150.958,196.741,52.5599,303.616,319.0931,183.045,318.1932,239.412,312.85609999999997,297.8351,310.4217,329.9602,282.3829,169.696,181.293,173.5,69.2291,71.7854,61.6411,173.064,37.9765,172.469,332.9141,156.512,94.8778,299.2036,171.399,272.6965,161.045,26.9987,183.517,284.448,1.77837,306.46500000000003,307.2155,56.3944,151.734,302.9441,177.967,305.1886,188.178,200.653,221.469,181.788,176.416,196.152,308.88779999999997,20.9748,327.6731,78.0578,256.854,47.5134,91.9429,305.1239,92.015,294.8381,36.346,153.018,293.3296,49.1479,203.75,333.9894,183.398,117.028,175.168,342.8851,288.2864,39.3421,91.2679,207.496,87.4286,178.568,173.639,334.4799,358.42076,168.654,99.8659,244.344,185.952
14,290.7032,45.3611,197.614,181.035,70.0712,299.6226,319.7326,192.335,287.3381,238.243,176.737,318.9893,181.966,265.5924,174.155,198.889,56.5294,297.0936,306.31759999999997,182.902,300.6793,259.887,326.2287,305.5286,320.016,352.50396,283.823,168.043,204.752,183.118,72.9288,191.111,53.1131,54.6893,40.074,177.328,24.0218,160.169,191.388,299.66700000000003,181.584,285.5031,169.022,29.8432,179.538,287.1432,300.8618,299.4274,187.244,122.392,163.049,317.41089999999997,156.164,293.09680000000003,163.278,185.475,263.9172,180.481,171.45,179.76,329.0971,103.966,50.262,93.2487,282.34090000000003,150.248,104.272,329.1985,275.4053,300.2438,34.7806,164.66,294.9156,50.7261,185.772,315.81600000000003,194.335,19.3005,174.376,3.89311,286.5664,58.5601,97.1633,182.385,87.6679,176.561,170.211,324.947,354.00474,331.9512,89.5843,293.7976,156.408
15,64.2298,32.7268,180.747,297.9439,78.1909,189.92,297.2961,171.123,299.4213,284.2285,173.13,317.1454,193.083,177.971,187.406,168.977,53.8551,305.12239999999997,302.83820000000003,289.746,306.15070000000003,255.586,325.7143,287.2867,307.2687,333.2575,304.0688,178.103,178.594,180.81,66.3049,172.773,44.6905,66.5453,41.0382,171.665,34.0345,163.988,106.342,324.369,166.605,271.0691,171.448,34.4265,189.335,307.2341,356.41749,290.9978,186.134,67.3638,167.264,177.853,163.845,294.3505,175.514,198.273,311.27819999999997,161.602,189.357,184.922,332.6987,333.6006,66.9503,94.8502,298.8602,141.702,98.4926,344.3316,274.0324,287.4779,40.8063,171.99,321.8383,74.3489,173.519,305.7272,198.231,178.091,182.821,358.78118,290.5197,66.1287,84.6775,190.082,85.6313,190.302,188.889,315.2168,183.187,42.3642,93.1439,268.3947,181.829
16,80.3128,44.059,298.2007,186.771,60.6203,185.99,318.21659999999997,160.277,286.9307,277.0249,276.546,302.1325,184.364,266.0801,168.296,170.426,142.933,297.0931,275.4402,183.473,292.438,307.5654,315.3213,299.6356,306.8849,36.9167,290.6407,181.344,190.271,179.564,66.4266,172.475,57.3885,76.5505,48.3595,181.406,42.7291,171.383,352.6304,304.96569999999997,161.059,255.973,161.862,36.2527,174.042,269.512,8.04149,302.6932,313.3098,60.7677,153.417,182.357,156.312,304.2073,182.363,185.57,294.0584,176.71,274.6725,191.64,307.8263,265.7572,69.2288,94.9259,263.4674,146.12,124.305,336.3835,265.515,291.27070000000003,36.7215,159.315,182.802,64.8245,181.874,333.4019,180.884,349.8298,178.88,4.24653,267.0093,60.0353,95.5392,192.543,87.8535,178.067,177.313,290.6598,161.198,346.963,94.7001,81.512,171.914
17,53.4068,30.4479,176.74,181.267,76.289,198.83,310.5961,155.25,297.62919999999997,68.8061,159.836,170.762,180.253,192.187,201.297,152.54,46.5771,295.1946,298.1472,201.062,297.422,279.8207,324.0073,288.2989,291.8788,330.61220000000003,304.3947,190.62,193.765,166.008,49.3933,183.178,57.4527,59.5861,180.926,179.679,32.5282,170.717,338.2932,291.576,177.58,266.1782,173.929,44.1174,162.14,273.4934,350.09427,290.7204,301.0378,58.3502,174.156,187.663,154.171,161.079,157.902,166.223,297.0129,181.16,195.242,165.56,119.66,260.6146,53.2475,83.0009,256.45,136.309,107.936,324.0008,264.44169999999997,293.4629,34.7415,146.132,161.519,43.0348,177.745,301.9767,174.31,172.981,198.519,0.619098,276.3781,60.3835,95.9807,206.307,96.0576,198.757,189.295,349.8447,172.405,144.763,84.238,118.628,185.6
18,55.7527,22.7445,293.007,294.3018,73.0048,177.505,326.1718,179.546,288.9943,74.5339,191.722,181.101,174.393,174.17,175.061,298.1544,60.8986,297.2199,302.1852,156.916,303.9757,277.4766,330.4913,279.72360000000003,303.4719,322.5298,304.9033,175.968,192.646,183.928,59.22,184.565,48.8749,76.6304,152.235,174.242,343.5653,166.756,352.2054,302.0222,169.976,273.7133,188.232,32.9608,170.531,250.696,0.680297,281.2691,207.196,71.2768,62.5726,163.381,301.5304,179.577,159.629,151.081,303.17560000000003,159.628,164.13,177.156,314.8951,130.178,65.7235,74.0285,255.251,141.022,168.464,299.2842,247.963,294.206,334.6159,176.893,181.852,48.8615,162.471,316.1597,189.842,169.675,179.091,359.813245,277.6549,58.0376,82.6092,198.286,76.4028,187.217,168.061,321.0632,185.417,185.431,119.295,69.3919,175.36
19,69.8271,39.0652,300.5379,187.958,51.1206,201.939,184.603,164.717,296.7126,272.12850000000003,301.9778,186.339,188.661,190.283,172.875,253.95999999999998,89.7069,283.9249,290.53409999999997,188.015,299.9047,277.5091,324.1277,308.8725,294.7813,334.2554,286.3818,185.753,172.273,188.11,82.1186,172.772,47.6485,57.3515,53.0637,186.2,33.1687,177.274,359.571183,311.4751,192.964,271.841,178.37,327.1579,189.273,286.3211,349.9713,297.4224,294.0415,58.0546,307.9308,68.0665,163.393,59.9472,162.949,178.938,302.5721,167.854,187.174,175.155,318.3023,348.2865,32.2078,93.2202,260.0547,70.17,101.812,291.2895,286.3318,301.5418,37.6137,170.068,312.9789,50.6789,297.9051,314.9445,193.267,339.4606,165.093,2.97633,272.1547,58.6605,93.5679,170.702,95.7728,162.823,189.753,283.9201,177.459,158.798,103.868,257.593,173.196
20,84.118,47.7504,324.2904,304.0337,76.8675,168.78,188.658,163.098,295.5623,259.216,160.5,154.973,171.531,180.932,181.718,310.9425,60.124,288.6127,296.2739,174.489,296.0811,167.075,333.7901,297.1495,300.5998,328.3581,281.2809,191.07,182.259,188.127,59.2393,152.097,62.1154,63.5686,32.1079,174.053,331.0121,168.527,131.651,306.4187,199.108,259.51099999999997,174.431,45.0589,162.446,280.8287,339.1126,295.7727,283.203,58.4304,298.7671,153.744,186.653,67.9496,170.195,39.1804,296.3368,191.014,302.2871,186.561,347.3108,352.53718,46.2871,62.6896,296.3423,58.5082,104.288,331.8433,278.8269,286.0059,37.297,156.923,283.97450000000003,44.9759,299.4036,304.838,203.667,333.2229,181.022,334.1114,276.8827,47.4841,97.7598,203.484,93.4116,183.422,199.942,305.4749,176.222,37.3508,87.2975,140.851,66.7995
21,301.825,26.7316,89.5662,303.2682,69.9228,191.968,196.375,206.826,290.205,252.644,178.754,308.8023,182.367,275.1071,180.495,305.75509999999997,55.2677,296.602,298.6829,192.753,325.0663,257.521,21.8071,300.4208,303.6411,30.0759,302.5325,197.747,191.806,176.47,45.5278,62.3884,67.7999,56.8932,42.4359,180.19,31.8061,182.346,122.032,304.7018,212.299,266.9373,176.388,34.6438,173.962,302.8967,4.96616,291.0172,166.218,55.7905,291.9921,186.033,161.932,164.157,194.114,181.729,238.67700000000002,176.344,172.824,178.27,11.025,348.3707,60.876,76.0399,264.80899999999997,123.017,97.4746,333.5632,279.1711,286.8685,39.5878,173.481,290.1336,83.2785,198.284,296.6943,196.884,16.92,171.756,1.95792,263.9144,56.4464,82.8311,181.581,94.7142,180.155,186.768,343.8628,181.502,192.544,92.155,213.684,185.656
22,65.2584,327.3178,293.8412,195.277,81.0373,172.388,316.7228,188.033,308.1309,275.812,188.456,322.0068,184.52,295.1955,176.613,300.9242,69.5027,315.2932,300.5057,295.0312,296.4773,254.898,325.0972,300.6953,283.7409,24.6359,307.2279,180.0,182.835,173.589,73.3474,79.0324,59.3942,66.6077,66.3835,182.156,325.7899,173.204,357.85686,307.0339,206.197,248.989,164.908,30.5046,199.385,267.4575,0.874384,295.7896,282.9789,43.3462,311.2548,182.951,179.64,63.109,180.769,198.679,263.2516,162.579,173.518,192.885,110.697,37.0764,25.6799,85.8491,283.248,57.9373,103.258,331.9586,274.1423,299.3834,320.2871,156.988,158.419,67.8611,174.217,303.8435,184.989,8.16099,182.961,346.3619,263.6445,57.6317,83.6899,176.585,106.895,184.351,189.641,300.4474,183.507,201.983,83.8086,277.47,174.556
23,67.1358,37.2915,293.8579,180.048,77.9734,164.153,305.83050000000003,181.192,307.4092,85.378,164.401,326.0706,190.901,270.7825,171.677,303.01890000000003,61.4332,314.9241,303.2296,180.028,319.4607,276.0137,331.4351,308.4511,297.8703,333.2658,304.1547,200.12,160.791,178.765,54.449,60.6099,58.0946,70.7525,60.1522,187.93,327.8414,173.823,42.6385,311.0498,150.168,262.2121,184.019,29.3603,178.688,248.522,359.039303,295.7045,286.00350000000003,57.9263,313.2412,177.427,167.42,159.629,183.742,176.294,285.70730000000003,168.429,294.8587,181.053,342.4259,15.5963,40.3141,54.6369,274.0787,142.441,81.022,345.3016,271.4693,279.1882,45.4143,168.524,297.8489,49.5127,319.2129,314.6785,195.348,345.9642,171.838,354.05709,283.7221,45.891,88.033,193.761,91.0166,172.523,180.178,306.9939,192.552,183.15,95.5311,261.97450000000003,176.758
24,68.8168,32.7619,193.081,194.775,68.8968,178.503,318.0158,192.534,249.78,95.1554,175.77,313.4875,189.899,233.788,177.061,301.1049,77.4843,305.9168,311.3727,216.158,316.45,273.6167,322.322,296.97090000000003,298.1118,320.0624,312.9066,190.024,183.317,176.95,80.4935,160.923,63.7282,71.1144,41.82,169.661,24.749,161.178,340.1889,289.8059,195.232,259.83,189.138,39.6204,190.515,279.7846,359.61588,297.1877,294.5514,162.22,158.511,163.976,295.0314,302.4582,180.326,65.3626,272.9079,180.558,297.05219999999997,188.832,351.09792,287.7444,56.5267,104.309,284.9312,135.144,92.1374,302.8066,273.0998,292.8616,42.1944,152.363,287.6884,45.1431,190.8,286.2878,181.697,187.5,186.839,16.5104,276.8298,33.0705,92.9308,186.686,78.7795,182.26,168.605,299.0556,187.534,176.694,92.4272,83.824,176.646
25,64.5922,35.2315,49.7264,291.35,66.8858,171.605,303.7386,170.918,280.274,79.9436,172.936,306.606,168.453,311.7235,178.787,298.3531,55.8323,310.4226,297.9258,146.425,302.3795,266.5953,332.6337,292.9679,297.4935,336.3231,319.9905,186.238,205.943,183.764,54.5635,185.511,54.4225,186.443,302.3087,190.222,42.0569,166.195,44.2212,314.1056,195.511,267.4149,161.739,33.9409,1.53358,295.48969999999997,350.39764,286.9068,300.7106,73.1401,166.198,160.648,296.8824,285.8267,173.891,58.2345,321.6466,152.695,140.049,179.729,18.2685,274.8455,71.76,88.7455,288.3668,134.268,89.3745,313.9008,277.9812,288.39480000000003,42.0412,165.017,151.289,57.706,211.027,320.3861,182.689,201.217,183.724,359.9640559,280.0639,50.1968,94.1847,184.964,89.3124,167.814,180.795,296.918,177.715,326.1508,93.1205,282.002,182.501
26,65.5141,32.7599,62.1834,288.0681,72.5139,177.499,54.1021,165.078,282.5567,77.3765,184.772,314.3679,195.013,172.61,178.211,308.8168,63.4484,311.6194,277.9095,195.655,304.4192,271.1237,322.8153,287.4747,288.4586,348.8419,295.8689,175.341,187.342,176.0,71.2545,182.461,52.5833,150.576,295.2772,179.591,41.4712,170.474,177.992,299.336,167.926,287.8491,183.684,32.0461,346.3327,265.3016,356.33608,297.7715,307.7235,63.37,96.352,166.75,303.588,313.9434,176.171,47.2686,167.292,183.648,291.7703,187.211,140.118,328.1227,64.4158,99.2675,268.4319,151.807,94.7202,309.7452,74.3446,295.6663,39.7484,177.436,176.487,48.5298,190.528,301.4436,194.158,180.085,197.967,12.9196,269.9251,69.9398,91.5713,184.869,93.5498,292.7725,323.5092,325.0529,198.268,176.448,90.2912,275.8358,166.101
27,71.0369,33.1739,266.6266,169.498,92.3549,155.362,308.11379999999997,185.621,306.0075,82.2669,180.176,311.352,188.724,169.593,185.586,310.395,64.0062,314.2751,281.37940000000003,190.669,324.8485,264.3559,318.2842,297.3326,320.2356,327.3935,295.7032,185.052,198.127,161.151,71.8914,167.465,58.5575,186.115,300.1014,177.205,326.4568,160.716,178.378,284.4579,192.045,253.90699999999998,169.809,24.6558,183.433,287.6207,345.9927,309.3754,184.918,43.0623,311.0289,199.301,305.375,323.2408,174.568,52.8616,280.6533,192.477,180.832,195.283,331.5586,310.2439,55.7893,108.484,280.1749,70.215,99.5281,339.3458,94.6378,289.5729,36.1998,145.511,161.775,66.009,170.316,325.3593,179.687,182.643,196.968,17.7103,295.8729,41.8662,88.5895,206.22,81.8328,194.184,190.495,291.5285,202.585,345.0926,90.7607,274.0666,180.322
28,62.6893,36.6527,49.6049,307.2813,63.6972,178.165,185.214,223.137,301.6043,89.9622,81.9671,305.5306,185.163,107.087,185.584,302.4198,57.4156,315.0706,264.6948,202.372,299.5428,260.1452,319.9164,290.9483,312.4482,316.4008,296.2765,178.253,187.37,173.373,58.0053,189.562,66.052,65.8161,315.6784,178.174,33.9492,163.591,105.572,314.579,188.526,270.45799999999997,173.164,41.3641,179.891,281.42650000000003,351.26097,301.4528,179.944,64.0746,290.7807,193.054,168.514,306.6206,168.823,70.2668,282.9846,188.087,278.8284,178.08,329.372,344.4332,65.0127,111.479,276.6416,68.9307,116.072,303.1015,84.087,289.1581,28.8832,162.183,156.701,58.8421,171.315,303.2951,193.054,186.828,183.47,358.82664,287.8512,58.5167,72.3733,196.769,78.4925,283.5505,188.795,298.9647,202.358,341.2627,85.3901,304.3235,178.73
29,177.114,44.5052,177.001,297.8301,55.6761,158.515,178.562,207.621,294.4123,88.3556,151.107,180.712,176.596,153.472,171.528,308.1317,52.6628,315.0357,277.7637,170.006,309.658,280.01980000000003,320.69100000000003,289.12260000000003,300.1451,329.2231,284.0424,172.693,176.852,174.981,71.3142,94.4194,46.3964,188.813,315.9329,181.794,40.2462,162.628,189.7,306.0807,186.509,268.5919,169.421,31.0875,345.0455,281.5871,0.550687,313.8949,194.089,174.782,288.5028,183.868,181.383,302.2944,167.412,52.2314,292.8207,180.536,179.566,174.509,338.9844,24.0775,52.0627,106.352,295.76009999999997,128.837,90.657,324.4669,80.0324,291.8982,37.8001,171.356,167.404,53.2873,163.309,307.3437,175.052,180.607,183.625,46.4675,289.9651,54.1223,76.4078,193.599,79.3257,294.0098,194.439,309.2983,188.463,332.9038,119.53,265.5496,202.917
30,281.5751,43.2649,280.2421,78.7159,92.6298,192.758,195.325,157.687,303.7768,76.6223,163.476,183.623,188.612,179.04,168.352,308.9027,178.535,312.6598,272.6627,185.573,319.3313,265.0537,321.55060000000003,302.799,295.68510000000003,33.7766,296.7292,178.166,193.243,176.013,66.6056,71.4602,60.8759,191.319,306.8414,189.734,327.0272,172.321,300.5969,297.5287,199.056,280.9939,169.322,45.1116,17.1615,272.6782,348.2869,305.3223,71.8623,65.2385,159.509,185.479,295.6836,176.479,184.344,66.9697,266.4628,177.616,195.747,181.62,353.59439,317.1625,62.5781,74.4139,272.528,58.459,98.1259,356.74305,283.3352,306.9026,321.814,152.253,166.376,87.1906,177.634,303.8949,175.135,190.305,170.228,7.70435,265.5518,50.7362,83.4638,168.33,84.6126,298.1011,187.212,278.5827,197.947,209.982,92.6792,262.3931,162.272
31,293.1117,35.6178,168.418,61.0873,86.0103,204.258,191.883,178.28,292.55219999999997,61.7913,171.589,192.268,186.54,178.352,176.11,317.0243,58.5071,323.9461,252.918,208.4,315.0039,269.6823,324.9517,183.886,299.3749,334.6322,301.9662,177.732,174.615,168.281,77.7088,188.751,52.1982,195.604,190.052,175.966,39.4396,154.693,329.6658,304.6697,184.616,288.1728,169.829,36.9805,344.4902,269.8919,353.49341,285.7703,197.59,55.0214,305.0281,192.979,183.499,165.695,190.073,71.4945,314.1022,160.889,306.9394,184.881,321.9808,17.2284,36.1043,77.4839,279.5806,79.5506,89.0338,328.8163,261.9521,299.1737,43.3417,159.676,160.286,65.5921,193.222,317.3236,187.943,184.794,179.702,43.0929,280.1089,64.0976,79.9117,211.386,95.9262,196.0,185.698,350.87542,171.329,219.074,104.886,268.3969,168.059
32,299.7524,38.4569,187.462,294.3778,67.8788,179.11,291.05129999999997,189.596,288.5955,83.285,174.801,299.6505,183.071,294.2729,175.272,314.2267,80.7846,316.3341,280.7647,167.309,305.3499,275.6883,327.2034,310.5801,308.0675,321.4975,296.0665,191.892,178.482,188.859,72.0035,182.84,56.8654,66.8989,170.475,191.336,4.64946,163.152,344.2122,299.1491,193.363,262.3199,162.813,22.2318,336.937,279.6915,349.2821,287.30719999999997,291.5369,56.5494,194.761,191.722,176.725,159.041,192.921,73.7892,186.507,163.307,179.897,172.108,17.4142,277.6077,75.8892,109.891,291.7349,61.6839,98.3928,321.2344,273.9459,289.2442,24.2763,146.005,303.6354,67.0255,188.125,293.63689999999997,193.409,205.848,199.045,7.08035,278.9117,73.6161,89.6772,180.743,102.451,149.516,198.375,299.1011,174.152,149.734,96.771,269.81759999999997,194.415
33,294.76189999999997,46.9784,229.12,73.1344,76.0861,191.761,198.422,191.658,304.0109,86.7467,173.428,309.5973,193.756,166.482,165.313,308.5661,53.5472,296.8385,274.4483,196.569,313.8877,277.1155,321.5952,284.7426,306.6637,320.8698,312.1335,185.287,214.847,175.88,57.9753,176.669,35.0617,69.4105,166.884,194.832,38.0779,174.836,321.7078,308.4789,185.507,279.2518,158.166,36.0343,339.1786,269.7686,20.8358,297.0747,292.4269,46.0781,118.316,159.559,163.924,149.735,156.713,55.4144,293.5123,168.738,188.927,164.043,0.884,347.4739,283.4939,94.6,277.5666,62.744,90.7062,301.2509,276.7907,273.9067,44.9024,148.219,299.3461,80.4701,290.5597,316.1966,194.216,38.3892,266.9635,10.702,292.9473,41.0812,81.2723,171.294,102.22,187.108,181.846,269.7511,198.743,38.9736,61.1528,81.3772,185.49
34,286.381,40.8756,173.166,64.3216,64.2919,187.332,173.061,169.096,287.27139999999997,78.3402,203.791,323.4074,199.443,176.565,178.105,313.1291,46.5906,297.1737,268.6277,176.679,307.0577,280.7887,324.0714,288.1028,300.8426,334.4117,303.329,165.467,197.072,165.998,53.1188,185.797,55.3189,78.547,42.3452,181.976,331.39549999999997,173.859,54.9998,305.2729,169.669,272.4146,172.008,41.3136,318.7375,294.5614,328.7928,305.2751,316.1741,53.3749,162.634,161.792,162.628,166.994,175.349,194.997,278.2464,169.717,172.6,166.92,17.311,345.3138,328.2136,78.3074,266.5478,130.741,174.191,313.6877,63.9225,282.9836,33.6664,156.957,306.4353,62.7908,294.7804,300.9283,189.739,150.541,192.46,2.94464,292.90819999999997,61.8959,99.8323,180.514,82.7565,192.053,177.705,263.5644,204.896,206.749,91.1836,275.52,178.979
35,283.75329999999997,337.6308,183.698,63.8864,66.2021,179.414,171.889,163.271,283.841,76.3886,200.74,297.7724,180.742,310.3465,162.353,300.5687,58.9191,301.3549,274.7316,200.342,311.5007,271.2262,323.0126,299.4499,306.5692,328.5166,316.2576,169.977,179.002,171.026,40.1674,192.486,63.0484,57.8555,157.083,183.695,327.0148,154.873,133.623,308.98,178.185,262.3017,170.302,35.5209,172.561,272.3848,332.0626,293.4481,298.703,80.1827,304.7914,178.647,169.638,184.835,190.789,59.7147,292.758,162.913,177.711,161.137,293.3799,350.08247,317.5695,101.319,295.7555,58.4848,115.234,326.636,65.3508,280.4502,42.2141,180.089,189.27,73.3798,243.74599999999998,295.9539,195.369,195.957,204.832,352.88754,281.2068,53.5653,94.9305,185.818,93.9611,174.936,157.212,280.5704,205.718,173.461,105.466,194.991,181.443
36,289.53589999999997,37.6463,175.779,198.831,56.0524,192.835,186.384,190.789,294.4747,81.0771,181.088,169.465,178.265,182.554,175.291,309.99,81.3053,299.6186,282.36109999999996,186.844,295.0484,282.1993,324.5727,303.7163,313.4163,324.8512,306.3894,183.75,202.08,173.06,60.9891,181.528,37.8578,95.1051,198.429,163.671,34.5177,171.888,313.77729999999997,290.5831,192.661,260.3519,170.799,32.5387,168.386,279.827,3.13173,302.7135,289.7477,68.0838,313.7918,166.664,188.171,141.824,195.358,60.8243,301.0845,152.402,294.6932,170.551,276.5394,101.674,306.8359,81.4191,280.9397,66.3689,145.199,325.3132,81.9063,286.72450000000003,50.8085,85.6405,77.5702,61.5132,166.164,321.3332,300.3322,189.031,172.902,18.3667,264.4498,63.6233,88.0015,175.447,105.001,306.642,207.46,279.89300000000003,183.571,188.02,97.1653,292.6241,190.871
37,309.2567,34.6438,186.254,287.1691,84.2334,182.932,176.346,184.827,290.6342,32.3182,187.664,319.926,181.302,291.2432,178.135,316.1064,48.6661,307.5731,276.5608,178.254,296.7362,250.5,333.6087,303.7814,312.1967,336.11220000000003,295.9192,184.085,203.26,174.951,71.5161,187.165,45.9806,176.281,196.388,183.039,30.51,178.718,328.9651,289.3377,186.766,277.7743,184.319,40.9514,158.262,276.7754,17.9348,288.4119,284.7767,66.0736,305.0452,171.109,150.884,164.58,190.135,51.0291,301.0002,168.38,287.7041,158.397,12.0641,338.1551,315.1829,74.9242,264.3357,87.1985,185.972,332.6066,57.8365,300.0691,34.592,161.951,160.105,60.7653,161.152,298.1363,304.7694,181.911,219.429,358.45529,282.0433,64.8759,83.5207,158.482,93.5581,205.131,179.584,298.5101,184.569,197.538,89.9141,275.1298,64.4103
38,300.8067,41.0858,192.23,173.385,81.0141,186.922,165.139,201.298,295.07460000000003,100.517,177.772,320.5437,184.977,290.4782,172.457,308.6965,83.7995,305.836,266.4643,183.348,304.1237,259.729,321.4005,316.8596,300.40409999999997,323.0498,300.1397,169.214,196.501,168.886,54.7462,177.152,65.5744,74.4641,170.715,176.563,343.7441,174.017,349.0731,300.3097,192.269,259.182,168.59,28.6428,161.61,269.2559,338.5881,294.2673,300.9034,61.4584,315.3689,176.679,308.627,163.723,180.555,267.0872,280.168,172.161,293.6548,172.21,261.75509999999997,279.9341,288.6221,79.8815,261.85,58.5383,95.3744,335.4189,33.359,300.4208,329.5386,166.543,162.755,54.3432,190.493,312.7947,195.727,170.577,175.23,5.73267,278.3661,57.6418,86.4464,181.301,85.2604,193.622,181.77,297.0391,202.059,153.433,112.099,309.0747,162.677
39,302.2631,45.9575,190.305,180.453,75.0621,184.336,187.782,189.565,296.6356,77.8314,195.607,292.9493,195.336,281.4995,186.311,315.7842,69.7138,295.9887,272.0448,186.442,313.2309,258.207,324.7939,296.6894,304.17,344.8753,293.0892,160.813,182.752,178.975,87.3849,181.79,50.0134,68.7937,191.47,159.825,43.463,156.002,347.2831,290.2255,164.007,296.05989999999997,180.302,43.103,186.367,299.8385,349.2292,288.6405,291.171,57.2173,309.9988,166.309,297.0999,79.9388,158.057,301.0113,308.8968,147.396,85.0052,160.524,339.9104,356.24778,320.0869,46.6125,284.3933,141.575,143.866,314.48199999999997,79.4265,274.3318,32.2469,159.371,170.499,58.0824,163.06,310.2309,191.323,190.694,197.105,4.42827,291.6475,67.1059,91.0717,191.477,99.9883,293.6478,180.175,290.014,205.442,182.771,103.544,279.0328,175.163
40,297.18399999999997,20.671,187.096,201.67,59.6915,180.294,297.8579,180.071,330.0181,84.2579,174.725,304.66859999999997,182.888,101.21,179.897,288.9771,152.993,300.6843,284.3009,200.709,299.2462,273.4797,317.0075,304.7027,323.4207,351.85001,313.4702,159.836,221.704,168.739,59.8478,80.7241,45.01,173.875,170.209,187.033,43.3449,175.333,176.309,293.8749,165.875,272.5665,172.816,30.4311,178.236,282.2835,348.396,292.1445,307.41790000000003,59.2675,298.338,157.58,313.7301,89.6969,179.989,179.677,297.0531,159.858,313.2906,176.962,11.8908,340.4404,309.9636,105.835,300.723,56.3957,95.6981,320.837,61.8929,288.2477,27.2247,158.058,159.208,52.6119,166.446,307.0964,180.954,171.275,187.945,7.5789,291.4392,72.5353,64.0646,176.003,99.3204,194.721,185.577,267.6321,187.807,43.6704,107.954,273.36400000000003,189.263
41,287.0694,37.9103,173.682,189.832,98.9866,169.274,358.87625,179.589,296.9637,55.8843,177.544,332.166,183.733,155.995,175.768,299.9408,61.4,290.90070000000003,272.7059,191.897,311.6297,266.11969999999997,332.9744,303.8212,299.49580000000003,324.3905,292.5248,175.715,174.443,171.548,70.7533,174.0,57.4776,180.624,142.149,173.301,44.3355,162.213,225.867,289.5351,201.265,272.8854,175.606,33.8166,175.695,290.38030000000003,341.752,192.096,171.944,61.9672,314.8162,178.368,300.3972,161.193,199.866,190.592,293.38030000000003,166.439,168.662,169.307,357.10324,293.75509999999997,310.8241,76.268,277.39570000000003,77.3608,89.0954,328.3476,75.1824,287.7555,43.6472,167.72,193.256,59.5053,301.0373,300.5239,191.032,177.493,187.373,29.2329,291.0935,47.4455,90.6026,185.857,99.0918,50.4573,163.71,230.266,210.337,163.846,86.2595,238.21699999999998,64.6571
42,306.5209,26.016,185.645,293.429,66.6771,156.7,169.644,186.616,301.8707,98.224,156.448,282.6758,180.29,181.793,175.753,310.5456,64.621,308.38009999999997,247.059,232.487,189.718,268.04110000000003,327.2677,309.5175,297.0946,35.0346,296.5329,162.349,181.607,158.414,57.8763,69.5836,51.0533,192.354,176.331,177.149,35.4344,180.141,137.973,281.0541,165.434,261.1571,184.879,329.1841,171.862,285.00530000000003,5.81266,291.3376,189.881,68.8697,316.2871,176.25,186.759,147.341,169.356,281.1572,312.8333,184.599,46.4746,161.087,327.7258,293.0894,320.6595,94.7104,260.5508,149.081,165.575,325.2197,42.2775,195.377,28.8661,167.865,279.3995,58.447,193.412,313.8197,167.552,359.00171,192.252,20.704,293.5578,54.8262,75.9076,180.319,83.2072,61.8098,174.806,88.0865,189.115,173.272,95.2931,283.4583,168.334
43,314.2726,34.6768,189.216,280.2572,81.9332,167.176,179.3,178.445,305.5206,65.0177,70.6688,177.791,191.665,231.745,172.419,190.564,145.399,304.852,275.9335,310.6094,185.66,268.2457,335.7142,294.0896,283.9015,322.2352,309.8436,164.801,177.128,176.33,51.1344,156.007,58.1478,277.0246,176.295,167.712,38.5251,179.001,12.7102,283.9785,180.164,285.141,166.297,23.0881,186.103,269.7371,318.7604,296.1458,184.413,57.5441,172.888,162.611,178.439,161.529,175.135,291.8976,302.0305,176.143,280.9636,67.4899,332.1832,337.3798,285.98879999999997,94.0123,274.1408,84.3702,91.5143,339.6328,54.6802,270.2326,41.8762,159.801,202.82,48.3088,182.71,303.5795,192.481,5.90687,181.807,17.3645,292.4451,56.067,86.9139,190.925,99.4498,307.3347,174.874,98.3193,186.236,178.774,90.0606,294.2362,170.61
44,297.297,44.4321,278.4234,313.724,91.5993,165.066,178.692,176.152,191.531,82.5539,181.758,329.565,190.083,186.554,189.895,179.498,64.8361,304.984,278.7585,170.21,301.88689999999997,268.44259999999997,325.0516,299.9664,321.694,338.1907,297.7348,195.239,176.606,179.521,75.5812,193.091,53.8523,84.3777,161.789,146.656,30.8411,180.247,358.02035,312.9376,162.161,273.72069999999997,178.478,36.6321,171.754,288.3325,353.83546,311.8017,196.06,65.5823,309.9601,176.884,164.389,161.575,182.168,301.9044,290.813,170.222,309.71569999999997,64.7487,320.6209,17.1018,358.19061,95.3317,294.3748,140.035,96.5776,321.8603,65.8658,286.1128,38.6145,162.316,303.788,48.7306,143.996,290.67449999999997,181.998,159.751,200.55,354.49488,286.2835,35.3129,93.5756,191.222,97.6269,294.4213,188.501,105.145,196.707,327.9789,88.1665,269.3702,174.996
45,306.2261,33.227,185.193,285.95889999999997,63.0978,189.455,192.57,175.395,297.73199999999997,34.2797,90.6101,309.1485,181.253,286.3399,156.618,169.247,67.8263,307.1349,281.2879,303.3351,312.9662,256.925,314.8101,294.0955,304.0603,341.4432,325.31,165.274,175.704,181.274,73.3844,205.69,58.1687,93.6564,67.1793,156.173,24.2522,157.901,164.32,291.3704,186.652,272.63530000000003,182.566,38.4449,342.1566,253.14,297.6417,304.8756,311.421,67.8674,190.713,170.336,156.684,163.804,176.766,181.811,290.02930000000003,55.3508,183.597,68.9069,279.259,109.683,300.9729,96.0967,284.0875,69.1139,164.377,345.2119,47.4629,284.7362,34.7584,175.339,287.9513,36.4291,195.735,310.6676,181.759,321.3804,173.618,337.6028,266.0652,60.9045,80.7339,174.368,93.4689,319.1068,178.384,99.6535,215.377,55.1757,99.7409,228.941,180.732
46,54.7438,47.0459,194.185,276.2915,79.0361,200.298,167.619,170.84,307.358,70.7459,145.271,182.244,191.759,191.24,174.852,198.586,136.961,309.7562,255.522,176.832,303.2285,322.3298,337.7619,307.16610000000003,312.5516,333.815,303.6944,178.993,176.594,171.758,66.5418,187.357,55.2065,182.736,188.728,189.394,41.3656,179.829,200.804,283.9028,174.143,265.24739999999997,178.155,30.4359,8.52769,261.0461,355.86004,287.8842,286.2437,55.6109,170.762,185.132,182.636,165.561,172.721,159.426,272.2301,54.7357,179.176,61.8435,269.6965,85.7085,319.2537,101.226,272.5628,85.3199,93.4755,334.9302,47.4317,284.4003,37.4734,145.733,304.6404,62.1128,191.897,310.2051,280.1225,349.5553,192.077,1.80416,284.5926,44.4942,105.365,166.552,85.2451,291.352,189.706,67.0657,170.858,40.615,96.7212,305.2869,182.011
47,56.8853,42.573,173.041,301.9348,47.7521,184.594,173.804,303.5786,184.97,89.3144,173.145,312.3285,190.93,180.141,178.725,306.3205,69.1239,319.2845,267.5307,176.72,323.7394,256.567,320.3437,292.2237,305.1512,343.4704,317.2281,176.547,197.791,176.729,70.5005,49.366,58.3541,171.526,57.2221,168.86,341.0533,171.26,353.30413,306.7393,168.636,256.063,177.462,36.0343,11.6088,296.9982,341.0607,285.2363,280.6934,82.4414,173.317,167.503,167.579,188.181,175.022,160.85,310.7314,61.6627,299.447,69.6367,96.3013,344.5873,55.3691,67.5583,281.61289999999997,58.0149,94.8798,342.1833,43.5189,284.84680000000003,34.2202,173.243,290.9162,48.9662,207.026,306.8261,301.2981,357.5819,183.363,11.6986,298.841,52.5813,92.7839,182.163,100.194,313.3079,170.07,62.3217,209.376,125.865,69.2505,209.004,185.435
48,64.6164,37.4382,73.7066,177.394,89.1892,184.364,166.043,286.4498,314.09749999999997,56.3221,151.06,31.4671,195.669,138.657,184.743,180.804,165.305,57.0742,270.2715,179.145,298.91859999999997,299.3474,331.8484,189.701,288.87239999999997,34.2762,298.399,168.383,174.779,167.68,50.2175,51.7335,57.4752,200.721,309.6167,168.478,43.7937,174.591,227.378,306.5378,159.798,282.6535,174.213,30.2789,179.043,305.7883,353.32795,308.7846,306.7596,70.3481,164.743,170.361,177.039,172.943,190.024,167.2,263.87760000000003,65.3084,310.8752,76.4999,241.719,270.0928,304.0199,73.1678,283.15319999999997,56.9266,141.978,315.7615,55.7768,302.2561,42.6219,172.889,183.69,61.5014,179.538,321.0311,187.458,181.209,180.073,20.8371,279.9339,60.1439,85.0493,185.263,89.0853,307.5183,96.6604,64.3644,339.3373,345.2648,92.8088,252.144,173.381
49,284.65999999999997,39.67,159.973,294.8316,85.0751,160.362,167.752,177.355,300.65070000000003,76.9117,295.8068,305.7752,181.756,254.728,170.049,182.142,64.8492,55.3425,271.2181,183.748,191.314,280.0653,313.616,186.938,303.3627,334.8681,303.77049999999997,181.191,165.425,175.08,59.997,68.5209,63.3949,196.727,300.9427,187.631,32.0231,168.812,47.3897,303.1069,200.004,275.2717,175.301,40.2319,178.377,283.5715,7.90653,290.1114,178.002,57.4046,169.254,152.995,80.4966,171.297,198.795,163.805,285.5718,53.4488,181.186,70.738,359.712049,289.61,303.6512,81.9015,276.6972,49.5221,172.083,314.1887,286.18420000000003,291.0049,42.058,163.063,177.461,58.84,300.79449999999997,333.8426,185.431,343.5063,180.686,8.29776,257.932,47.2752,98.3219,176.737,97.5854,300.0645,185.396,76.3377,332.2639,111.009,55.2701,263.9607,163.552
50,296.4604,22.615,145.763,175.955,71.8879,205.503,160.871,303.5382,295.2786,70.8283,179.314,170.408,189.35,141.299,192.283,166.318,138.465,51.3947,279.6528,303.3544,81.2281,283.7737,328.9493,56.5549,309.6995,340.5582,313.4871,172.441,177.305,177.8,69.7464,58.4306,53.131,163.289,325.0551,180.85,34.6161,155.35,351.74936,302.5226,165.82,285.1287,143.763,30.9708,117.74,265.2409,23.6424,294.62919999999997,203.676,63.8522,278.0294,171.245,48.4923,167.008,182.794,164.057,300.3251,68.5248,163.334,70.68,262.22860000000003,332.0268,316.9922,93.0744,298.2398,69.0137,167.099,330.8891,278.51279999999997,298.76120000000003,38.4034,160.902,294.1501,60.0392,293.8754,311.2557,172.573,347.9969,191.851,9.31234,289.8435,59.2402,78.7124,179.606,83.0927,296.1675,173.381,220.162,325.9434,332.2,75.6588,293.3259,143.915
51,248.80200000000002,25.9557,160.091,170.908,69.2997,189.127,183.763,157.051,185.921,95.9417,109.265,180.974,187.438,163.785,180.282,167.988,154.634,82.8977,251.887,190.175,79.0944,281.8257,321.5829,61.4689,289.98699999999997,35.4127,295.3682,193.753,189.487,166.626,59.0755,71.0675,71.0706,168.014,304.2081,184.406,322.5666,166.041,150.344,289.70799999999997,183.089,277.2459,166.211,20.109,185.35,287.7906,348.6228,299.1141,304.1955,44.0709,292.96659999999997,186.364,296.4408,173.064,174.733,166.095,290.176,49.8573,305.8405,51.6957,282.09069999999997,303.7301,313.5995,57.2761,292.2719,72.3656,93.8929,343.9267,278.00509999999997,291.5887,47.1042,164.704,325.41949999999997,56.7446,290.5408,289.20910000000003,184.688,63.9419,181.525,358.52327,294.54200000000003,48.5406,93.7995,188.135,76.4863,299.5604,162.967,70.4379,320.3532,324.3184,71.0897,267.1998,180.162
52,307.2287,34.2473,179.865,39.0881,77.639,177.537,181.761,314.8203,186.774,74.816,167.006,327.6029,175.372,184.981,178.069,165.752,186.424,82.9611,260.5049,196.811,20.4597,266.3791,331.2819,192.739,290.0813,325.6669,300.0488,183.274,184.045,187.158,86.0062,177.044,60.4991,160.315,312.0948,178.697,26.0442,65.9228,307.6597,293.73699999999997,160.397,288.9911,169.661,28.1318,345.9319,280.7266,357.02085,296.6155,303.5742,64.7585,308.109,171.451,161.306,171.621,165.884,170.065,286.0564,57.3697,290.5536,66.5077,359.805158,1.18846,328.3612,95.5752,252.334,70.1986,160.532,310.84680000000003,249.79399999999998,307.6907,39.0077,155.738,301.6749,73.2791,224.112,300.1777,176.648,342.3046,191.118,358.66774,300.7272,44.0063,100.34,190.393,87.6498,172.978,158.15,318.0695,339.3198,193.943,98.0326,285.7292,182.022
53,304.5532,36.7501,183.979,152.142,90.1375,182.749,163.916,306.7771,311.727,88.0161,181.536,337.7053,183.38,188.286,180.904,193.891,120.793,63.5289,220.295,196.004,286.8775,273.234,324.5043,191.486,282.8421,324.2477,298.6058,185.555,196.915,185.398,71.7758,200.399,52.9227,175.46,298.0941,162.199,37.9813,80.7453,159.195,296.67719999999997,180.039,251.66899999999998,150.354,31.3711,326.8141,273.5299,321.1059,320.0921,314.2254,53.6433,315.374,95.2509,187.067,191.581,178.498,269.1868,313.251,60.4158,309.5741,46.9476,274.1906,325.1471,342.8737,80.7025,269.0528,155.543,93.406,321.0748,98.5362,282.678,44.1123,178.38,194.481,58.9412,248.817,304.2846,185.867,338.4495,193.655,13.0221,294.8043,49.5575,96.8611,173.151,68.5775,198.956,183.916,88.8309,312.8034,163.468,86.6846,277.6287,169.008
54,294.0767,36.5864,176.664,52.9813,94.3589,178.399,170.175,277.6309,162.094,97.0962,206.463,356.83266,176.967,176.228,197.655,179.575,53.7397,46.1325,253.187,178.757,165.876,257.39300000000003,342.4528,177.205,314.7563,348.6808,304.7565,180.203,177.955,174.021,58.094,198.94,58.8319,161.956,285.7257,179.06,39.8273,48.9011,302.528,289.5679,168.927,272.9227,149.938,39.8321,8.43589,270.2521,10.5077,286.8159,304.9706,65.5976,317.6475,179.221,69.8664,307.8521,153.804,52.7897,297.8706,163.575,300.5057,75.4566,87.9514,136.404,41.2125,94.4223,123.775,57.3031,157.031,331.8491,68.2287,208.134,46.7511,160.884,299.2145,83.3261,185.188,303.2636,103.058,7.43071,157.421,349.8877,242.138,52.9551,85.5398,183.741,97.3133,200.797,178.628,111.096,330.6478,175.197,76.7071,261.3838,177.222
55,288.2436,15.312,173.09,198.987,82.5244,190.918,168.426,280.3984,200.099,96.2897,199.674,171.424,181.968,165.219,186.554,178.571,163.493,55.1165,264.7473,308.21479999999997,168.096,280.2851,38.8962,200.299,305.2178,326.375,292.6923,197.439,182.824,175.484,68.4811,189.308,46.9071,269.0727,299.4097,178.967,22.4792,167.21,131.57,292.8728,162.469,283.0684,178.462,43.8267,175.329,263.32439999999997,333.4596,307.5543,297.5213,97.369,171.155,181.354,160.377,307.0101,186.714,63.9483,297.8662,162.769,281.6656,151.23,268.5175,101.458,67.1186,88.0458,88.4935,71.006,98.4728,310.9473,7.17258,296.9705,41.0697,170.805,286.2835,58.2682,194.599,302.8508,177.041,346.9919,184.254,4.23637,305.787,64.6783,87.5943,163.154,98.5493,204.104,196.066,170.135,351.41659,4.32904,92.6012,296.786,47.9628
56,292.5366,33.6734,188.056,314.7591,92.8084,163.309,189.076,309.9459,323.2885,62.4953,204.206,196.184,191.049,160.134,203.964,172.071,181.262,65.4621,264.2914,182.036,180.148,266.94169999999997,323.5188,191.129,308.287,323.5481,310.8722,181.726,179.099,186.065,70.7778,166.272,60.2128,192.761,303.6918,178.442,33.3059,45.5214,302.0906,283.3857,201.702,272.1855,162.639,43.2118,337.9437,260.9814,352.23119,305.161,301.48040000000003,59.2751,139.259,183.973,169.983,316.1184,172.071,61.3301,194.072,173.317,293.9055,157.015,54.3089,325.296,65.4592,97.9486,110.231,56.368,105.292,319.5888,273.072,306.7764,30.0357,155.869,276.5184,42.5682,168.991,303.054,171.426,354.26822,198.564,347.3351,306.1028,72.7947,92.7909,183.541,90.59,185.51,164.014,120.473,324.7518,156.016,92.4049,265.923,172.755
57,291.7277,36.4874,176.839,297.5945,68.5491,167.656,173.81,295.8807,208.76,65.6461,204.562,177.892,180.604,190.122,173.774,168.807,135.224,48.153,269.05150000000003,169.687,199.015,257.571,28.1322,190.93,286.3576,326.12149999999997,304.1576,175.421,167.329,171.525,72.9904,165.66,56.3151,213.566,310.6112,175.813,44.0483,58.4833,138.999,287.62350000000004,167.975,258.571,169.208,38.696,332.0121,282.3139,0.409275,291.3559,298.4679,80.648,169.515,160.252,158.933,307.8011,190.569,74.2747,285.4483,164.568,295.3754,163.362,246.352,349.47,58.589,252.537,82.7163,56.4473,110.247,324.6755,275.2651,276.7754,35.4145,171.095,296.8693,60.6882,177.374,309.126,178.545,33.9759,161.18,3.01939,300.7716,60.1435,98.6542,173.773,81.2362,175.94,196.621,88.5958,338.6932,153.034,87.7772,222.343,191.844
58,291.9314,45.0279,293.51120000000003,311.0638,99.9075,184.872,154.455,302.9865,196.585,83.6431,167.673,174.329,191.166,180.372,191.995,182.358,58.8577,61.8522,260.23,161.624,303.2892,254.047,35.084,187.168,301.3363,327.0023,306.5251,188.322,171.416,176.837,62.9156,189.238,47.7897,183.933,200.1,183.985,326.2614,58.2765,331.5636,295.281,171.075,264.2577,170.535,22.5784,354.3515,277.6219,324.048,283.9289,324.4377,50.2221,151.493,166.626,156.589,304.2444,181.997,49.5349,206.888,165.199,320.2316,171.587,94.4653,321.3004,50.2988,239.647,90.8155,187.381,91.2212,313.0707,266.1642,304.085,36.0422,132.928,300.4076,67.274,295.1973,318.8931,188.367,341.4366,195.314,19.4118,319.3355,48.7608,103.822,170.602,97.9574,195.189,159.467,103.61,335.7253,23.7945,100.06,252.084,186.011
59,45.9011,42.5199,201.465,292.1041,82.2355,172.319,177.009,294.7024,204.658,68.5397,199.743,306.3771,185.599,161.565,187.572,178.228,167.5,67.7413,261.0668,173.457,324.1334,258.077,313.7094,194.397,302.0489,323.6473,295.4226,169.995,167.909,171.998,72.6055,156.685,57.6846,192.958,197.377,171.807,30.9556,62.3232,311.9042,303.5876,168.554,271.2352,178.343,44.1648,169.935,275.1753,355.7901,332.251,307.5698,65.1567,161.956,179.262,174.925,323.0531,173.17,54.383,284.759,189.582,302.512,166.836,100.61,12.2574,64.9657,261.3238,107.753,165.001,94.2357,9.92269,290.9116,308.505,41.5923,158.905,299.0087,63.0839,265.96680000000003,300.7824,217.169,10.1903,170.469,348.6749,273.2665,58.5626,97.2785,180.009,81.3313,174.276,208.604,90.3303,346.4226,23.0695,74.1162,285.6536,187.151
60,68.8695,31.8655,162.799,188.256,89.3231,190.197,169.908,296.5078,187.322,79.0352,153.853,33.1339,198.308,183.49,179.672,301.16610000000003,74.4593,68.338,271.6837,201.849,311.1996,311.5845,329.4472,299.1467,303.6599,339.2521,298.3986,175.53,168.055,167.165,54.2293,188.961,56.4617,180.583,314.8509,177.093,319.295,73.5239,311.80219999999997,302.5297,170.595,253.364,167.504,31.85,132.605,284.0921,250.882,297.8911,81.8436,48.8229,173.533,183.691,161.289,295.9196,159.709,64.3183,171.557,184.458,308.9147,164.412,275.61289999999997,152.876,58.4444,286.907,113.92,149.467,96.6954,320.5848,286.7473,308.2581,39.5873,45.5254,281.0484,40.2463,176.198,298.5074,189.213,13.1414,283.3387,27.289,280.9719,55.1215,109.403,178.04,85.9797,200.853,187.634,105.104,343.6822,164.159,83.6828,244.02100000000002,176.668
61,51.6655,40.671,183.735,303.6875,103.356,186.79,181.133,289.4492,197.928,65.7228,192.758,298.5852,188.211,191.605,205.446,318.136,43.9237,49.3096,276.5619,55.1917,305.7245,299.9928,323.3938,297.817,299.55,331.9518,296.1867,190.371,189.366,185.351,57.4083,167.837,63.4996,160.861,36.9453,178.557,31.8437,56.6877,305.2421,288.3795,164.805,250.664,166.53,37.1464,351.82619,280.6755,257.783,302.8377,304.3165,63.1958,143.77,181.633,176.697,296.8129,182.604,63.742,288.2451,167.363,287.7828,177.682,256.18399999999997,116.339,40.4039,258.407,97.992,76.9007,102.132,326.7467,266.3307,287.166,26.6808,154.376,262.8275,47.0603,169.528,306.5937,189.051,329.5252,183.633,24.1833,263.7588,46.3915,83.4332,173.337,83.7333,297.69010000000003,178.076,118.821,321.597,136.801,86.1979,272.1416,163.042
62,61.5955,44.6374,170.359,312.0402,88.6705,193.59,174.155,291.1019,200.956,73.3718,189.066,7.79888,178.68,172.442,191.18,169.254,60.6138,61.3813,256.68,292.5081,190.162,277.1531,319.2377,187.971,320.8175,325.7504,299.37239999999997,193.824,163.031,164.507,69.3762,188.818,52.1113,178.496,321.7683,179.874,322.0094,60.8402,324.436,291.3261,170.199,256.308,178.763,43.1953,336.9902,267.2903,96.6682,307.9956,285.11969999999997,73.7874,154.289,164.933,163.586,314.371,181.594,72.7137,192.193,165.053,168.214,165.607,27.6228,90.0086,54.6492,258.13599999999997,104.293,128.058,169.349,16.5026,284.0521,298.1316,320.5915,182.319,302.11310000000003,58.5004,193.96,304.1178,187.605,359.495177,182.475,4.54998,295.8769,63.5511,88.5271,180.316,80.2101,288.8972,187.302,72.4475,341.3136,341.8071,88.7288,64.1541,181.451
63,294.9113,25.173,193.609,280.5794,99.346,186.466,162.228,299.9441,202.564,70.7581,162.557,284.7358,190.926,186.11,183.469,162.05,73.3549,51.8898,263.6058,193.008,315.6047,271.4167,315.6498,180.845,306.3714,334.1384,296.7339,186.205,172.611,180.563,57.1126,285.8441,50.9067,176.804,305.9215,184.45,321.6235,43.007,149.558,324.8304,162.253,260.7912,160.243,30.356,180.345,272.1414,9.2529,290.0981,302.2891,58.8769,172.608,182.667,183.82,167.487,187.648,170.645,199.143,166.657,279.9599,179.547,18.5612,331.505,316.9411,251.761,116.325,74.8582,87.9954,5.01479,266.8808,303.1243,35.4999,159.694,207.356,57.6116,296.3341,308.9298,180.377,345.9297,67.1072,17.3056,305.0709,61.6212,91.5508,175.346,94.4092,66.0063,195.571,120.788,341.2064,161.116,80.7377,251.233,199.314
64,284.5682,345.0662,185.167,309.4392,86.7135,154.273,169.707,306.8698,267.6682,77.382,261.15409999999997,184.15,172.416,191.648,190.133,172.276,58.6736,60.6785,276.1914,191.738,310.2289,283.3212,343.2713,61.3504,288.6741,322.4763,297.2494,168.867,175.805,172.882,64.6468,205.377,65.2439,167.791,317.8639,182.408,31.8358,72.6092,319.5518,303.9165,177.103,276.3188,167.205,27.3257,144.611,328.352,356.13587,294.0965,296.3272,57.0545,163.552,180.164,199.394,41.9212,160.165,162.4,182.762,181.986,180.019,206.244,314.6542,129.087,182.52,218.509,83.3871,78.2733,94.7838,321.6239,262.2845,301.6939,36.5486,170.079,292.6136,55.2607,277.5159,311.4326,192.572,335.48199999999997,178.507,26.8507,266.46479999999997,64.157,82.5419,177.244,74.7135,300.838,156.553,73.6633,343.3976,313.8274,89.868,281.0857,195.982
65,292.2256,324.7489,189.155,294.5584,77.0227,185.81,186.009,291.7743,303.0772,89.2141,192.144,179.148,183.524,269.8185,171.825,191.34,115.829,306.6945,263.9305,172.656,300.5016,267.42359999999996,36.4887,174.366,299.7006,330.6585,303.3742,174.395,178.174,162.653,62.5206,184.26,51.8963,170.435,299.3546,173.986,323.2968,41.1693,132.184,302.4193,195.463,280.9566,176.447,30.9346,359.527361,269.3184,114.494,310.576,293.9689,36.7351,111.073,175.074,170.519,160.847,188.89,274.7613,272.7453,176.008,179.836,170.392,330.3969,332.0645,287.481,259.047,85.681,59.3811,174.702,2.5969,259.373,293.6502,356.45542,69.4537,200.624,82.3636,183.799,302.6735,186.42,37.7077,181.611,12.9071,280.2884,54.7368,94.8712,176.532,88.9442,292.3913,191.114,81.2314,328.1293,151.157,100.769,263.2324,135.016
66,306.5875,26.2172,188.22,290.7529,102.79,174.232,170.107,289.6588,193.184,79.4896,209.087,310.6999,191.605,304.0833,183.505,176.841,46.757,303.4368,272.9857,162.411,303.2333,252.676,328.7117,295.5168,332.0919,332.7823,287.2222,188.685,189.346,169.265,73.2015,204.351,45.6585,183.474,300.7469,181.241,37.7236,62.8828,129.953,318.9033,174.873,258.302,196.391,36.3032,327.1143,275.0153,58.6933,309.6898,288.6909,73.3775,95.7982,182.782,153.669,161.522,187.382,162.127,310.14300000000003,134.855,317.8728,168.93,270.8328,106.097,307.0149,286.1569,90.591,64.1156,93.9647,320.3306,276.4979,295.1649,39.5842,178.228,190.989,76.4742,301.2425,324.7889,201.46,19.1408,179.189,358.08679,287.7164,72.2371,87.1423,180.992,79.7752,312.5902,169.388,102.102,327.6062,174.675,78.6541,281.0413,39.2396
67,299.6687,357.33941,175.148,312.56669999999997,76.5119,165.758,164.938,320.7332,296.5466,73.7911,182.235,171.877,194.037,191.013,180.724,171.219,78.1504,303.7062,260.4859,173.609,182.672,270.677,330.4171,287.8734,295.0152,344.4183,309.2293,177.985,185.907,161.672,60.2765,183.172,65.457,177.128,51.8631,184.316,36.917,52.3004,290.81010000000003,299.994,193.796,271.9471,174.198,45.0387,357.30023,291.91970000000003,102.171,303.70550000000003,282.0708,56.6893,168.831,173.92,161.176,167.643,223.888,176.505,278.9622,168.942,159.507,70.0808,349.1815,350.61008,290.6207,255.374,72.3991,82.7944,95.9427,347.2005,91.5746,284.3378,34.5746,169.175,297.2147,52.0277,194.963,330.2031,189.097,28.4205,211.217,1.94547,299.1815,69.6165,79.9664,217.345,91.6898,165.948,187.215,48.5949,342.1481,356.8955,80.5204,284.0308,51.035
68,84.8355,34.6423,169.608,178.092,70.1503,192.967,144.873,306.9707,296.793,77.0067,105.283,170.917,177.515,173.298,185.726,308.8961,48.3971,296.4485,280.7251,178.389,303.7095,281.8077,333.3381,297.3969,325.2099,343.5393,296.7956,188.326,171.236,179.21,50.1078,191.562,50.338,195.485,63.7988,176.274,49.6694,48.7955,173.811,290.4891,175.666,263.885,175.574,33.8557,159.737,292.0009,96.8123,305.0718,269.4696,164.836,98.089,175.039,167.428,148.525,184.634,68.0645,179.913,149.924,74.3647,163.72,271.7392,322.9608,133.92,261.5317,79.5786,75.4276,98.5598,304.7031,279.5287,291.1334,28.8452,173.346,284.0838,83.4149,304.5075,306.5909,191.473,337.5639,178.781,348.1372,268.6076,40.7899,93.7272,166.572,89.0591,172.351,191.241,96.4484,322.026,3.50679,85.2893,265.7129,59.3868
69,57.797,38.0677,176.556,288.2748,97.3181,172.384,154.291,292.3968,186.434,82.7259,174.776,322.8327,177.935,271.506,177.272,309.0484,61.8782,305.4932,259.522,198.961,317.1489,291.2408,333.2568,293.1517,292.7126,331.9699,300.0986,180.589,190.09,176.753,78.2082,194.825,62.7372,182.21,305.7634,172.718,45.4386,63.2751,20.1829,290.8858,179.623,273.3804,156.907,334.5582,158.85,292.129,129.192,285.0492,300.8717,70.9472,94.4986,175.177,171.245,168.48,190.987,156.703,172.065,167.866,269.6598,185.97,258.142,20.0866,187.848,263.0654,76.1725,137.796,103.674,342.6689,74.2858,285.60699999999997,36.7584,165.435,300.9388,73.6039,175.567,312.2688,183.272,1.08377,183.267,6.24302,294.8218,70.2301,91.3055,170.709,95.2795,150.13,172.466,54.117,354.00572999999997,29.6818,78.9408,302.3378,63.2358
70,46.4307,47.1207,185.898,287.1964,80.0527,176.361,202.903,307.5871,187.688,102.793,185.809,307.0311,188.005,304.3659,175.872,313.5505,60.8046,311.5056,267.1504,187.443,310.1509,268.5339,325.1043,293.2461,293.83410000000003,327.1339,291.91179999999997,160.11,190.026,172.864,87.7781,176.578,54.6439,173.129,278.6758,174.175,330.6821,68.4249,136.791,304.669,173.362,300.0088,162.022,33.7532,163.939,286.98969999999997,97.8627,294.3057,323.3507,62.0878,104.921,185.71,185.131,304.0691,183.55,160.707,62.0979,164.894,292.53340000000003,169.225,243.062,211.537,305.902,247.385,86.91,76.118,101.436,329.1456,99.4279,282.3062,39.8422,163.607,292.4905,68.1205,176.858,311.0763,191.892,341.9125,186.13,22.8781,291.6005,51.4247,93.1651,191.846,94.5679,177.563,200.753,79.1843,335.1905,134.56,98.9812,115.541,59.3302
71,68.0807,31.8194,185.275,290.8675,73.0116,149.205,204.829,306.9463,201.259,72.3541,269.1088,18.0548,195.492,252.352,194.248,259.12,92.4915,319.6273,254.06,157.791,288.8505,277.1037,319.4941,296.16700000000003,324.4276,332.8273,306.8175,178.846,182.521,190.992,52.5651,139.429,61.9373,179.542,292.1358,183.209,324.1293,71.7465,173.473,284.5157,174.431,266.289,186.938,32.9417,139.452,300.7845,122.349,304.6778,285.6936,47.5956,92.9496,188.571,159.016,307.0796,168.756,153.857,274.6077,181.539,295.2289,156.958,281.8597,96.9476,303.4199,270.4462,87.7556,59.9341,96.1953,339.1065,56.2779,311.4977,39.3788,174.836,194.467,56.2849,276.5188,300.2686,182.407,20.3056,166.915,1.96131,293.51300000000003,49.529,95.1304,174.404,87.2363,180.424,187.792,264.7739,340.0481,169.265,87.485,249.329,86.0101
72,70.1593,41.8596,57.4682,300.9058,81.634,164.226,172.743,282.7899,185.953,78.1479,157.781,325.55129999999997,192.912,176.827,180.595,312.4963,80.1716,302.3085,266.9633,178.957,311.48720000000003,246.515,333.2238,305.6991,284.5644,334.931,308.05129999999997,162.106,208.06,174.022,66.3147,166.234,69.0251,81.6958,294.8963,194.865,33.256,59.0795,343.557,304.1416,160.074,274.00509999999997,179.82,30.8184,192.878,292.4807,129.431,306.0001,306.6846,67.5968,93.4628,188.073,174.335,290.5553,196.17,162.121,295.2919,172.66,185.463,185.13,330.1103,126.43,294.2194,260.1963,88.3789,67.79,129.275,327.7382,82.1017,297.9328,31.5519,165.782,290.3016,87.151,173.932,316.6746,167.364,22.6825,187.832,19.8453,295.4635,71.7045,78.8689,185.369,107.483,173.79,170.068,86.6962,341.3949,2.28807,84.005,264.4341,58.4964
73,70.2113,29.5387,75.2114,290.5761,90.1609,199.335,166.052,301.89390000000003,192.648,253.951,156.052,308.8043,182.991,298.7671,191.914,244.699,86.9091,310.8822,257.998,152.645,308.1536,285.0623,328.673,306.4331,307.004,319.1256,311.2042,172.546,211.511,173.131,76.9547,174.748,52.7223,195.514,303.4444,175.441,328.3,176.261,176.349,305.7485,188.333,246.89,168.86,29.1925,159.488,260.5156,121.594,278.5281,300.4719,129.546,77.3204,177.833,123.419,306.7994,155.151,162.569,227.754,152.315,277.8306,184.563,276.2994,106.782,174.094,245.753,100.95,153.919,95.9413,348.0216,88.227,309.9299,35.0436,154.175,310.298,64.7388,64.8308,311.1681,175.625,354.66995,168.884,355.7713,297.1528,67.5319,89.7924,181.212,88.9901,44.9477,163.535,284.9089,12.164,12.3388,108.839,270.2042,88.6701
74,59.2692,31.5029,37.923,323.229,74.1267,188.299,302.8307,288.209,286.74490000000003,253.186,197.673,319.7516,183.066,203.117,195.49,166.243,68.8562,305.5311,265.3472,200.851,317.7909,262.59069999999997,332.2698,290.6651,303.9532,336.6334,304.629,165.098,173.309,176.071,43.8697,169.545,48.3785,195.132,263.5631,200.608,33.0423,165.259,341.212,299.9377,177.551,239.059,160.395,26.609,153.413,259.254,140.713,303.10540000000003,306.8682,76.2874,88.1553,183.248,171.483,294.85519999999997,172.514,72.5718,314.5305,181.77,164.327,169.771,258.423,282.1222,191.849,261.3359,83.7316,148.577,99.2502,348.523,67.2423,289.7287,22.1347,278.6409,289.0826,50.5688,170.802,307.3799,172.331,1.20114,296.3849,2.68542,296.0846,67.4425,86.7948,163.066,94.4026,52.1497,175.033,285.1874,327.34770000000003,309.9295,73.3516,312.9125,58.1906
75,48.963,41.0334,310.3834,299.5074,89.9758,191.458,305.3512,274.26120000000003,190.122,282.9123,98.5869,325.4861,190.956,194.277,173.688,283.5724,58.8424,315.8548,265.1903,281.9283,272.4493,268.8211,327.4594,301.9665,304.8935,330.0559,306.0982,173.197,184.028,175.185,70.3555,174.759,60.3457,185.561,62.9221,195.898,330.1125,174.008,332.71,284.9006,171.026,209.8,175.95,41.3007,175.303,274.01099999999997,166.962,298.1739,217.135,33.2294,98.7797,200.268,145.657,172.051,166.708,66.0279,180.515,161.783,208.587,174.028,352.3844,334.8362,188.692,251.35,88.7186,71.7714,89.2073,345.1077,68.8675,302.2596,37.231,163.564,285.8437,57.9954,142.617,303.8855,196.197,344.5492,194.882,3.10638,268.7077,46.6077,94.6312,185.587,81.6982,200.094,168.118,289.8159,344.2717,320.295,76.6559,307.7676,61.4968
76,172.022,33.6151,196.206,95.4904,68.0683,175.678,296.9164,293.3913,201.885,69.5538,192.142,189.052,183.54,198.255,174.908,174.738,73.4076,309.2163,276.8738,157.647,301.6563,278.108,311.4664,287.05719999999997,336.1555,328.5553,293.8325,59.5282,192.243,167.605,61.7069,136.987,57.6455,187.625,65.9766,189.462,34.9941,163.765,313.9731,281.5172,163.706,216.85,173.813,30.7989,176.916,295.6228,86.0739,301.0573,283.2341,49.0497,105.058,175.318,311.3847,165.377,187.935,66.1141,183.795,171.954,223.986,149.314,5.61563,357.5854,292.1675,257.519,279.5323,131.705,97.0844,321.694,259.951,291.2079,27.3774,178.947,166.139,72.4772,262.7984,309.5458,196.615,191.103,157.337,355.34783,281.8758,70.6466,105.026,175.015,95.6809,197.921,184.322,292.4124,337.7505,147.369,70.4549,288.7259,72.2516
77,290.243,37.9612,184.314,79.6813,86.6833,201.173,330.4856,298.8678,291.5371,98.2881,191.409,168.187,178.26,301.12239999999997,179.103,190.29,151.888,310.0851,261.8458,164.736,309.1724,288.016,327.1295,298.5131,305.4471,325.113,301.1178,55.718,187.178,158.206,78.5548,186.589,58.8756,62.0557,71.2228,190.071,29.3756,168.298,147.962,289.1576,182.264,191.785,178.055,32.0609,344.0184,272.476,234.738,295.9474,340.7217,65.6885,100.932,181.962,141.63,164.893,173.911,42.8652,191.347,160.522,151.243,170.218,354.7447,134.0,311.1427,263.1211,268.3029,147.797,92.5737,309.5295,280.6346,281.9414,30.6033,169.213,321.543,70.9129,290.1167,320.0983,187.196,178.329,181.082,51.7009,290.9094,60.6602,97.0368,174.951,92.5361,55.9638,187.876,288.7065,339.1201,156.37,64.0217,249.838,124.452
78,296.5607,35.96,165.131,159.061,103.782,190.507,312.5824,286.8043,214.772,79.1211,184.436,319.9131,174.15,158.989,180.255,175.505,50.8153,290.4614,267.3755,196.784,318.9976,284.0878,332.2289,295.7301,321.8201,337.605,301.299,56.4163,196.848,161.244,69.4373,192.449,72.8411,157.119,45.1448,190.617,29.1903,155.504,141.606,295.0342,196.769,196.55,168.681,38.446,314.6813,273.604,74.867,304.4223,302.3924,57.6698,83.4953,187.425,162.007,309.1227,183.501,55.8845,281.1279,157.025,192.852,187.526,342.6525,346.1734,297.6583,257.625,263.983,84.9584,98.7506,305.9823,312.372,285.533,39.2328,164.588,277.456,49.105,305.7011,318.5991,185.892,194.662,189.422,341.8062,293.9693,55.6965,92.8154,187.662,84.9116,55.2155,203.667,276.9052,344.0527,121.09,83.0656,278.55629999999996,68.2365
79,63.6147,41.2891,180.662,166.151,93.4639,195.374,297.08,279.0736,194.307,58.5488,184.446,179.291,194.458,168.198,176.7,189.589,275.3595,292.3028,285.1509,174.205,312.7988,266.9253,328.84680000000003,309.7249,317.3767,354.95081,309.6043,166.345,181.08,174.344,61.0953,173.095,57.0606,162.883,61.5517,189.969,37.1947,162.442,140.766,287.2063,175.993,205.163,175.361,42.898,316.6099,297.2096,73.6972,293.556,147.879,58.3123,101.01,184.38,186.672,300.3119,183.68,63.8377,277.8297,163.66,280.2521,172.77,338.9304,26.0135,295.685,239.81900000000002,276.6419,141.155,90.9584,315.5407,265.2781,290.9465,31.9578,153.974,290.4617,83.3246,289.947,264.31510000000003,180.508,185.029,179.891,341.2649,293.4874,64.7222,90.1563,178.52,85.8241,44.8865,174.546,298.52049999999997,341.3704,316.0692,76.1814,278.4748,46.1188
80,64.8752,28.1661,284.7196,74.4578,80.0826,197.117,308.2319,176.743,304.396,50.72,173.152,172.655,184.906,193.264,179.85,159.533,280.2902,299.1489,272.53409999999997,174.368,297.8854,282.4083,325.1111,312.2056,289.6358,319.2802,311.3342,162.827,184.091,180.822,60.2493,97.2066,55.3075,150.421,56.138,183.037,327.2812,172.789,40.3775,303.2121,160.344,260.4887,178.663,24.6104,198.986,271.631,99.4015,301.4353,300.5075,65.0271,169.05,197.732,164.873,293.2278,184.476,54.0422,296.6732,165.913,295.4558,177.969,351.36501,129.502,336.4214,280.4569,274.0492,161.478,105.04,342.5698,280.5628,299.8671,38.3507,185.224,202.756,73.608,294.1026,312.7548,196.054,128.245,174.127,1.91126,288.0498,67.786,94.5856,183.192,84.0376,165.055,192.311,300.4806,345.1749,22.4964,109.019,286.6854,291.0799
81,82.0764,33.3901,181.946,171.145,81.6231,190.324,299.8389,180.116,179.897,76.2428,166.808,299.2125,193.631,194.316,195.414,187.292,278.9862,294.0135,164.075,177.321,298.592,276.2425,22.4941,287.7931,317.7729,335.2001,298.0336,166.203,170.915,172.085,63.7992,190.395,45.1652,164.302,290.3829,168.122,342.4858,166.377,155.864,208.957,158.982,271.1309,164.335,27.9717,166.523,293.4304,142.503,305.6106,173.964,55.6006,174.741,187.82,170.047,290.584,190.942,65.8822,317.3224,163.32,178.15,155.726,343.9777,254.418,303.1986,255.482,285.76030000000003,62.4915,200.077,346.0016,284.3258,284.9638,44.5025,169.096,177.395,71.0069,194.022,308.3938,179.055,190.024,182.699,14.0584,296.5754,65.275,80.3053,188.249,101.216,173.129,182.466,307.78340000000003,310.5168,323.6235,91.6948,238.122,169.301
82,72.1902,319.9693,199.695,298.02570000000003,69.6268,179.754,325.55,168.216,295.15049999999997,69.7409,156.755,308.4869,185.786,285.9414,173.909,184.081,270.2355,295.1903,201.816,204.689,324.4742,254.691,327.8571,302.3813,296.1664,324.3087,296.8975,80.7291,202.519,175.778,67.9402,75.2877,54.5805,176.884,299.769,182.873,36.668,144.986,138.137,184.165,169.499,252.23399999999998,192.831,34.6849,168.664,267.5799,101.207,298.8978,307.7792,60.4147,174.407,178.4,176.543,329.8454,156.052,91.2857,299.5443,169.997,286.5182,172.52,10.9704,320.757,46.4656,244.368,274.668,85.4128,101.896,342.8057,280.3632,287.7968,323.7059,167.568,312.3149,41.3424,304.6424,311.683,191.409,170.111,199.25,20.3121,296.0435,54.1532,94.1325,172.285,105.818,197.397,186.706,322.7471,2.80738,190.737,74.4325,262.0305,185.902
83,56.9229,326.5077,170.914,273.8951,106.258,179.727,315.8423,155.868,295.505,57.9659,169.52,49.4495,185.378,263.2519,168.805,145.697,267.2597,312.912,155.912,297.6675,277.896,294.2294,317.78340000000003,311.2505,310.0309,329.8642,309.3494,159.261,200.726,169.506,51.5925,171.314,56.0452,161.33,309.7721,167.521,328.1832,65.7302,131.251,288.4252,191.368,256.383,167.972,37.5582,143.525,282.6835,120.797,304.5615,260.1307,44.754,68.2444,191.416,172.681,303.2239,190.717,197.934,310.1268,174.991,38.6075,183.682,289.3239,119.132,300.51279999999997,232.769,295.0353,62.1799,76.5615,333.4878,247.348,312.0437,35.435,170.797,283.53520000000003,51.1259,288.105,306.7797,177.196,10.8919,172.33,355.85676,316.7876,173.307,97.717,195.347,93.7321,305.40229999999997,175.926,277.3507,348.4334,324.4984,72.3858,262.9002,180.201
84,84.7479,36.8522,178.212,152.028,96.0884,166.686,305.2727,279.0225,196.911,90.4005,163.297,190.702,176.206,168.888,178.621,177.49,71.373,295.4731,174.34,179.132,312.2841,288.672,323.7431,295.43510000000003,301.3322,330.2747,300.5847,65.1602,185.766,171.495,68.1909,178.288,57.6464,174.255,299.762,189.85,326.9075,64.1629,161.514,282.1777,174.884,276.08410000000003,174.84,29.1876,346.682,273.3979,99.6399,275.98199999999997,151.429,58.4944,168.916,199.217,158.162,299.442,185.721,182.991,300.1698,61.0169,312.5713,182.457,359.849309,352.80689,309.8438,252.482,279.2996,59.33,149.933,296.3882,248.40300000000002,283.0788,31.1447,61.0704,196.312,61.4907,195.573,312.9433,174.838,168.967,164.481,344.384,293.54949999999997,50.7089,91.8852,206.552,76.1506,192.28,177.64,280.30129999999997,334.9463,183.353,87.318,267.0483,177.183
85,54.8916,34.4541,172.212,176.664,76.814,179.144,309.3472,269.2349,293.2439,55.4295,181.498,182.581,193.354,204.864,187.303,182.07,59.4113,320.2309,182.708,198.058,310.8671,288.51959999999997,32.0327,283.08889999999997,302.1352,322.5775,305.1656,175.304,182.445,176.691,79.7333,187.253,48.5282,175.928,308.6205,157.637,343.5436,162.623,143.176,283.9378,179.344,239.481,163.193,36.8916,340.6024,291.251,238.377,289.6706,90.0022,70.8937,68.459,158.925,178.322,304.4229,194.822,141.289,299.0764,37.6828,289.73699999999997,181.183,297.6395,61.4859,313.8864,273.1459,276.9524,154.368,116.23,304.5615,84.4775,297.3744,30.5616,158.674,304.4813,35.9135,303.4464,302.241,169.577,163.146,166.16,345.0915,285.183,57.5445,106.873,181.186,85.4451,190.199,172.412,296.1327,327.4624,110.588,80.7405,294.2176,175.705
86,58.0155,32.5855,200.029,197.003,88.4261,161.643,291.2878,188.705,179.876,94.3373,151.862,179.459,184.737,281.76959999999997,207.327,293.4824,50.8398,295.3734,153.259,184.957,181.758,287.8132,323.7188,302.2665,296.6063,324.9343,308.4338,153.578,182.754,170.167,65.93,174.223,56.3459,164.803,315.9857,191.332,33.7414,46.5144,320.5538,300.362,177.411,258.587,172.049,33.072,155.691,263.8669,331.5684,305.4353,300.76890000000003,49.2126,156.614,180.135,155.625,283.0808,172.466,171.914,303.04200000000003,64.9242,296.58299999999997,184.845,344.5862,72.4418,55.3912,240.47899999999998,263.4278,62.9221,92.1512,311.2802,275.22360000000003,276.5634,40.5689,174.093,308.7046,58.0457,302.9747,301.2788,175.387,164.555,183.481,3.52865,277.9904,47.4426,78.9454,172.473,77.2817,185.554,164.889,295.2956,339.9154,146.356,95.8351,282.8828,62.2728
87,59.834,354.67476,207.674,188.724,90.381,186.787,306.4082,175.96,289.4004,73.012,192.129,294.2856,190.656,278.3895,179.481,172.105,76.3405,322.7663,173.265,201.799,323.4893,286.087,27.8496,307.79449999999997,305.0227,335.9817,293.9304,64.0375,187.017,149.79,60.5891,196.15,39.6134,181.676,305.6342,166.317,45.1394,51.0308,292.5152,300.2658,167.437,76.9914,182.164,49.0023,37.3267,292.8997,343.8103,305.1647,284.1675,177.384,170.339,191.566,123.704,304.0104,189.843,156.671,296.9411,63.6547,295.4354,194.817,300.0634,120.9,50.8991,243.313,263.7112,174.631,91.439,339.0832,283.4995,293.8489,40.6765,180.264,59.6643,50.6217,309.3875,317.6852,180.729,215.297,185.146,346.0975,274.1479,67.7894,107.362,181.44,94.154,187.08,181.608,279.525,351.83635,171.359,91.1818,288.1918,65.876
88,51.9971,31.0407,190.344,311.2229,76.4479,175.566,312.8521,185.272,308.78,65.1511,176.595,301.7232,185.017,318.2365,188.293,164.24,45.575,301.0382,163.35,198.64,308.3735,273.8619,333.5997,292.19280000000003,301.39639999999997,324.0572,312.8091,190.024,171.139,185.337,73.6657,187.37,70.2509,165.143,295.46,180.753,333.3786,71.3371,147.531,299.12919999999997,189.108,106.995,179.096,11.3282,163.515,280.0038,324.2965,297.1016,307.8981,123.535,165.458,186.381,187.68,65.3773,172.582,165.037,286.4815,64.303,150.471,181.892,251.99,333.7276,46.2549,246.02100000000002,258.462,146.105,105.511,358.47824,283.128,279.50329999999997,38.6611,175.247,201.643,41.9254,267.7113,313.0899,193.841,14.853,188.571,346.4809,282.35630000000003,57.0254,94.1425,187.055,92.4976,168.514,149.284,287.2233,332.8909,340.1019,81.1418,302.5911,72.9827
89,60.3008,41.1055,200.345,183.53,73.5713,172.906,309.1335,181.084,204.452,96.0624,180.486,24.1581,184.288,205.93,177.655,187.095,146.121,303.7937,297.6015,207.5,318.7515,276.50350000000003,328.5354,304.497,301.9258,322.061,297.601,170.944,174.82,186.965,67.6554,162.499,55.5803,196.963,318.5137,177.02,323.2928,161.582,305.4445,283.1304,158.013,70.4926,178.205,45.6497,168.79,284.4584,91.3567,301.6098,292.28589999999997,68.5117,161.511,162.797,165.024,161.678,168.465,188.137,205.216,59.3195,296.8343,184.406,294.2611,252.372,56.8646,255.095,260.0195,130.775,83.9099,331.6817,284.1377,299.323,43.5871,166.149,185.04,83.8577,171.642,317.4422,172.087,14.2378,173.068,357.5477,304.9299,54.941,93.7727,195.557,88.1186,172.63,185.661,273.3551,341.921,157.084,73.7051,280.2626,54.3331
90,51.9912,38.394,251.655,187.171,70.9037,167.708,313.6923,206.814,284.9629,88.6788,175.003,168.66,167.342,169.404,191.158,176.094,37.0323,293.4758,295.0989,186.684,308.7182,302.5002,30.3613,292.3467,290.72929999999997,327.28430000000003,299.3354,172.531,192.217,184.626,61.6247,163.952,63.5085,167.16,290.31010000000003,176.321,37.77,160.822,303.5605,309.0642,168.252,81.2576,162.33,38.9887,174.952,265.4963,112.845,275.9809,312.1556,65.8909,164.73,184.563,300.5486,160.524,184.471,178.981,302.8289,177.051,314.19,179.864,346.9607,99.3722,52.615,266.8584,287.7717,144.637,99.4745,319.97429999999997,274.9327,302.9229,31.8813,166.653,270.6682,86.3876,262.411,310.5353,191.947,323.9994,188.685,12.0195,287.1722,57.3419,87.7173,170.833,90.1253,181.938,184.61,303.6416,353.14589,311.3602,74.4952,277.8267,147.043
91,201.002,44.8941,176.081,316.2967,95.08,193.502,298.4749,177.598,200.168,79.3211,148.688,181.85,191.013,183.214,177.676,188.604,138.683,290.7455,297.1991,181.499,292.6693,266.8505,39.3196,312.0673,290.37760000000003,323.0819,307.117,166.773,173.311,157.702,83.9211,158.564,55.7529,197.688,315.3064,168.299,21.8132,178.274,359.016353,298.9913,176.052,82.4204,187.016,30.307,173.09,281.247,207.469,304.8456,283.7394,46.7471,178.316,166.048,162.535,160.278,175.552,153.584,270.0685,176.949,167.676,163.788,321.2232,131.856,45.5275,249.21699999999998,279.0961,61.3546,182.848,341.3599,273.31399999999996,302.8392,36.134,62.4723,288.0578,55.2185,299.75260000000003,310.3594,193.099,357.79807,210.705,5.21664,281.70799999999997,40.8386,88.8346,207.182,79.6212,175.484,200.255,89.2099,317.5168,47.2212,86.1089,160.396,195.651
92,79.5994,42.2125,174.804,296.0761,87.0936,165.282,305.3953,160.746,213.468,73.2634,171.648,184.275,187.096,162.209,193.736,281.4886,57.7106,300.7593,319.5789,206.222,306.5157,293.5759,325.3952,304.40999999999997,288.9865,325.4208,311.3952,165.529,191.924,179.132,61.266,189.934,58.3713,320.4086,318.1406,180.19,34.6561,176.493,315.3976,314.80899999999997,171.885,103.208,168.034,29.0692,184.48,283.3722,340.5766,295.71590000000003,325.7755,56.7446,297.7774,162.297,183.434,164.234,189.863,164.506,297.4981,186.028,170.1,178.574,20.9412,346.0241,71.4388,269.3547,318.8607,150.644,116.863,330.7636,285.38800000000003,289.6948,23.6088,75.3697,290.5108,84.5949,286.7481,307.2741,169.791,4.87513,185.092,16.3444,283.515,64.3841,72.3744,178.464,88.3479,314.362,182.785,304.4831,351.20305,319.5474,80.2613,279.8293,171.132
93,66.7941,42.3968,194.864,291.2181,103.954,182.259,179.13,191.266,191.206,66.5335,188.556,61.4507,191.261,166.361,173.143,307.1434,67.1546,315.32370000000003,278.58320000000003,197.965,306.2029,266.5076,334.9323,300.7641,309.5356,324.5264,295.9517,182.416,169.981,160.517,74.5046,173.814,56.8637,196.539,282.6843,176.249,32.2787,182.496,316.4264,315.5206,173.032,86.4591,169.129,31.3656,165.534,267.6223,340.2616,301.3232,278.68330000000003,60.2477,166.894,196.774,159.228,175.774,168.008,124.212,289.97180000000003,167.217,282.803,172.64,270.1478,102.03,56.7645,265.6784,253.512,59.2697,94.8172,309.6748,295.8053,284.1352,34.4731,172.056,294.2299,51.1342,260.2418,299.8466,189.507,183.191,189.283,347.2842,285.0311,46.7784,110.452,173.518,83.8183,39.1762,191.738,280.834,332.1432,159.515,64.882,282.523,54.9705
94,311.5543,328.5308,203.686,297.448,84.8283,187.843,173.444,175.031,213.544,253.378,199.321,43.9375,188.406,185.24,183.796,176.211,100.625,298.1549,314.8848,288.7952,288.8136,272.9409,318.8393,292.70029999999997,291.3219,324.1621,295.371,185.02,199.809,164.401,83.4055,198.041,47.2824,292.497,301.6983,183.649,27.1231,163.525,314.2183,289.4415,177.55,99.4684,171.137,329.2655,181.79,281.7656,340.4892,303.3268,179.189,76.3533,78.2405,157.948,174.289,159.447,197.519,192.707,303.0524,175.575,299.798,177.852,31.6123,89.9982,47.5224,287.1195,310.117,71.4194,91.4899,305.76959999999997,63.2212,301.0435,32.1577,152.344,311.1703,73.9107,199.794,297.7282,175.162,187.819,181.497,5.80097,290.6453,63.0581,89.3666,188.102,83.6675,34.2487,176.573,98.3056,335.6913,174.079,73.2076,291.4451,193.982
95,313.1376,38.0738,161.558,174.783,108.292,190.814,177.837,173.672,304.02139999999997,251.207,186.429,47.0114,181.558,316.6513,179.906,198.48,69.4697,305.00260000000003,301.63009999999997,174.301,305.552,271.4581,316.1363,295.1743,301.2924,322.3405,298.2876,191.814,188.02,175.748,57.5637,176.902,51.8316,182.659,284.7666,178.876,40.0435,163.564,299.5054,288.5701,163.986,121.809,166.597,39.4123,338.1992,271.7436,115.693,292.20140000000004,290.0094,43.7744,302.4853,145.832,171.012,282.2647,206.999,148.315,299.5974,167.803,308.6629,170.058,117.393,354.14517,57.084,287.6862,266.4154,151.8,99.0264,356.66546,47.4861,308.3429,35.7399,152.167,273.6104,68.8638,293.873,303.6964,186.972,322.7267,189.998,355.08807,298.47860000000003,173.539,96.5717,179.127,99.2281,43.5731,190.534,113.406,299.9522,167.145,79.8892,94.5971,179.709
96,291.0614,38.8514,282.4539,307.4827,61.4413,181.847,311.1746,181.597,194.486,259.998,204.928,294.9616,187.765,202.83,182.391,179.969,141.218,311.155,298.0572,161.992,181.772,292.6263,329.4699,291.5605,305.8851,335.3537,302.2191,190.487,189.752,182.735,58.8607,179.364,46.4446,187.447,298.0696,201.237,39.6048,158.745,303.6881,309.199,176.194,123.569,175.947,29.7753,356.23477,271.6357,101.436,308.9136,309.5693,51.5553,300.9855,164.58,172.659,295.1787,162.463,201.844,279.3091,165.043,282.7192,182.965,62.0015,350.92646,49.6383,219.961,264.3173,126.028,151.968,338.2413,63.3183,277.1119,30.9832,163.644,194.686,55.0689,295.1394,311.5862,189.271,187.289,181.596,1.31086,285.3782,178.728,93.0664,186.404,83.2923,52.5822,173.531,302.3719,340.8466,297.1984,72.2754,271.9908,183.82
97,293.4044,33.2812,255.237,167.73,94.9005,199.791,296.117,179.351,296.73109999999997,235.622,191.248,163.791,181.343,273.288,189.219,165.692,45.0371,306.7254,302.4377,177.602,300.5462,275.6411,325.1581,281.8944,302.0383,337.2641,300.9367,179.204,200.256,186.449,63.8178,171.35,49.7564,202.688,308.4506,180.074,41.5407,162.018,348.9854,181.276,176.018,95.3671,155.533,28.5716,358.83276,275.9141,116.345,301.4158,303.3701,66.0419,170.841,176.527,158.756,306.8084,198.082,191.888,287.7982,160.525,173.557,174.839,5.48711,104.17,50.4361,239.084,265.0779,69.5981,170.504,329.9581,73.0802,305.3335,40.7196,56.0189,198.985,54.0284,164.696,299.5424,182.1,178.167,174.269,26.8648,287.3279,55.6921,96.9872,194.959,127.069,52.4261,173.505,138.928,337.6308,311.236,79.2054,286.7799,167.907
98,284.0016,30.3329,288.0665,177.1,79.2125,184.401,308.7977,185.648,285.6601,256.625,192.358,310.23720000000003,188.136,310.4296,184.824,267.6273,44.5521,317.8105,294.2974,261.5422,314.1961,284.05129999999997,321.9233,59.6421,294.0552,320.3227,298.9695,180.273,188.677,178.506,81.3947,184.759,60.2554,180.35,315.0684,159.073,323.8526,178.716,132.779,286.4056,166.466,94.6723,182.779,19.9583,331.3771,275.7969,337.7182,300.4896,288.3441,78.9334,168.883,170.346,147.271,302.8602,175.161,161.819,300.2527,171.853,306.9159,172.66,249.312,10.1626,51.9411,268.2244,288.4634,158.938,110.765,335.9987,100.922,298.5686,28.8646,163.793,177.963,61.5104,293.334,301.3685,201.011,183.703,177.56,9.08296,269.3777,61.0682,91.41,179.198,91.6596,55.0332,145.621,98.5169,347.2906,22.1279,96.517,287.1266,61.4595
99,294.8705,37.0008,282.9125,197.204,113.103,191.921,310.6059,184.036,193.696,221.456,176.757,281.3334,170.614,208.773,193.884,178.19,71.5668,311.0046,306.7946,184.966,278.9329,269.2609,330.3274,75.2311,302.0419,339.9264,297.7016,177.842,208.686,171.379,73.0808,183.953,61.6905,174.336,310.94780000000003,161.557,323.7813,169.743,344.5394,281.228,177.455,109.444,182.319,48.815,353.06939,261.9645,341.688,293.5372,290.7177,66.9894,317.4178,180.921,180.002,310.9427,182.048,161.723,306.4444,189.563,302.0932,61.628,297.9536,3.80557,324.2523,261.2006,260.1744,70.6108,160.852,325.4241,42.2615,280.5553,34.2152,167.426,291.6862,58.4822,288.1293,315.2887,185.542,192.461,181.398,28.3689,305.5363,59.2174,105.726,301.7512,79.8907,193.549,192.482,142.056,340.1475,338.47090000000003,86.501,264.7547,67.8265
100,290.81,326.8036,184.102,199.52,73.3993,189.233,60.7139,167.592,292.7585,250.19,187.681,75.18,179.261,186.112,199.796,296.261,49.1138,295.6997,304.7512,184.776,312.3685,275.1257,42.1955,205.335,292.054,340.5112,296.475,175.0,175.212,171.024,47.5005,208.008,40.2599,181.374,295.696,170.129,337.4548,180.69,121.709,311.1478,166.703,71.0604,178.067,37.8484,12.4175,285.605,99.9444,311.3775,282.5276,76.0763,293.4701,172.346,196.439,150.589,186.215,319.2428,330.1451,196.544,291.4458,61.6186,359.387697,297.1746,302.5798,220.455,268.6058,94.3648,111.362,321.0059,270.0664,282.7634,42.6809,165.051,290.2528,55.0857,175.707,310.91700000000003,186.604,195.948,170.326,18.8088,294.3894,59.6799,84.3862,189.98,69.0581,178.125,173.782,303.6496,319.0255,216.3,103.437,257.495,57.0993
101,296.2975,40.4553,198.172,184.952,76.822,177.021,289.4145,182.741,297.4851,265.1123,196.182,186.042,181.101,280.7068,175.112,168.872,70.7734,290.6576,308.4408,174.183,305.9238,288.6964,326.7111,304.1341,311.8483,324.5768,317.1135,178.036,201.91,177.98,64.8286,198.574,35.8857,190.193,302.5348,181.436,25.4351,181.183,291.51869999999997,279.896,155.981,97.4645,177.965,6.10565,318.8312,274.0223,93.2365,310.2968,299.9076,70.6686,316.0269,178.434,188.764,151.279,148.876,177.037,241.606,81.2774,180.067,67.7101,256.123,344.1186,322.32529999999997,62.6898,291.1048,80.3377,101.766,332.14549999999997,267.3402,294.3352,49.4898,166.316,189.612,61.002,199.274,295.1436,193.977,172.732,174.909,32.3802,295.655,48.4453,93.406,193.76,92.9839,156.02,167.357,248.64499999999998,330.8193,316.336,74.3382,274.2424,78.1785
102,302.7297,43.1804,188.893,185.343,55.3854,207.02,335.3979,185.099,297.3729,273.9575,181.16,184.689,196.357,291.9252,185.888,158.544,54.3288,295.8219,295.1358,180.132,294.3138,264.7437,315.3884,289.492,299.5088,342.2299,311.4867,187.652,175.404,166.896,79.8266,226.966,76.3476,288.28520000000003,318.2671,176.863,40.1592,158.64,194.256,304.0322,153.293,84.5143,181.121,22.5102,355.6359,248.77100000000002,279.0116,289.5115,309.6563,68.5748,303.7762,173.12,177.1,148.619,198.89,186.271,264.3371,72.782,273.9579,58.6868,265.6592,266.419,338.4491,41.3382,276.86990000000003,141.205,102.461,344.9946,259.93399999999997,288.7701,36.3513,166.34,289.1168,44.6606,298.47249999999997,321.6064,191.396,186.5,171.388,8.169,301.335,66.2325,96.3363,187.704,83.0437,172.179,188.47,65.0719,343.8472,100.707,82.706,280.1193,58.1946
103,294.5619,43.6988,292.17359999999996,188.719,89.5513,194.377,318.9746,173.271,295.6108,270.7941,156.822,45.8886,185.299,281.9812,178.979,169.877,142.395,301.7739,260.89369999999997,161.98,324.6117,286.14639999999997,27.7904,303.2691,302.2215,328.1362,277.5472,188.605,192.72,173.187,57.4835,186.471,40.7731,294.1925,314.8553,188.037,323.945,150.524,191.999,285.3397,187.814,87.5591,176.396,34.2891,319.4279,274.3412,101.457,297.3943,298.2095,52.6655,179.58,60.2845,173.058,145.532,192.418,169.79,313.4593,68.7537,290.8609,90.8903,8.46715,315.5842,285.3019,88.4983,252.864,153.103,99.7868,306.1428,279.8347,307.0256,31.1974,170.294,70.203,57.2077,295.9627,311.5145,186.74,2.88738,175.199,11.4021,294.3182,85.2849,93.786,198.316,88.8574,313.7048,182.276,89.1938,328.6274,25.1785,65.9361,276.1888,172.18
104,296.4745,30.6018,186.591,167.769,81.7997,193.852,303.5526,154.322,285.8911,260.5016,195.988,314.5974,188.101,159.046,179.675,165.328,69.4371,305.5177,265.2587,164.21,301.0983,266.1503,323.3746,294.9278,296.7412,327.8646,311.6599,301.7293,187.862,158.691,66.1453,173.366,65.4848,297.7688,316.3131,190.36,44.3601,41.7057,137.351,293.1886,169.881,84.5898,178.536,35.7878,344.36,294.9655,129.236,310.1792,304.211,56.8752,160.507,163.704,149.136,151.806,168.038,292.7729,298.8754,52.8538,187.745,58.5696,295.9859,233.538,178.579,59.2609,273.47069999999997,137.077,165.588,317.9549,266.0358,282.776,34.8948,169.24,325.1116,58.7578,313.8021,294.8118,201.125,174.026,174.929,337.3526,306.7873,51.942,108.328,183.821,87.0972,324.9527,193.665,87.8353,312.0582,2.5757,87.182,278.005,180.072
105,286.3666,38.5411,189.507,185.815,90.6839,177.34,328.6475,172.394,196.775,253.476,198.526,176.617,186.864,172.679,179.589,163.861,142.657,300.0466,264.95619999999997,176.49,317.9106,293.7862,326.8207,305.818,291.4565,336.90840000000003,300.4122,300.1832,207.131,171.247,70.577,192.693,59.8895,303.90070000000003,298.1782,172.83,334.72860000000003,50.9084,330.3089,275.6674,173.96,76.8882,169.694,42.89,322.8316,257.36,254.32,300.995,304.6505,64.7126,156.544,173.835,165.559,170.21,182.403,194.152,291.4283,54.7338,292.6913,75.6027,5.1232,352.75848,295.8598,90.6905,261.9184,66.933,178.021,357.94188,306.0344,275.7761,25.7986,58.8448,325.1277,70.472,298.498,320.9172,191.336,233.06,188.736,24.349,288.9065,53.9871,94.1622,182.745,72.645,179.25,189.03,70.6213,321.6027,5.19696,70.3193,294.0371,168.011
106,283.3068,32.6963,188.411,187.65,69.744,173.232,321.5347,161.267,188.012,224.886,211.118,300.9396,190.066,71.6748,177.094,204.384,68.9301,303.1295,269.4316,159.403,299.355,257.344,325.4418,287.9389,299.4497,338.5028,302.4862,296.8721,205.886,168.651,59.9428,177.851,65.9713,285.7342,346.7703,173.19,33.9754,46.0838,188.998,296.6894,159.584,86.5404,172.823,33.0867,328.378,290.98810000000003,322.5641,311.26800000000003,308.0293,58.1464,152.868,178.244,156.413,279.6231,197.854,299.1633,282.7624,48.7142,296.1847,165.092,354.04966,302.5983,167.065,81.8139,263.0951,69.9746,102.858,318.3469,275.0697,284.9915,322.8592,71.3944,320.6473,77.6336,285.0855,302.8519,188.884,332.273,189.283,350.61577,285.4916,62.1383,98.1932,180.648,69.5619,294.4187,165.587,58.6992,335.279,337.4054,85.2097,264.4011,171.277
107,299.5015,34.8161,190.044,182.935,99.2406,171.391,295.1076,174.261,187.661,255.663,279.3947,310.3557,199.25,164.952,179.931,182.031,140.092,302.3197,269.2653,174.408,310.9937,249.049,322.8249,285.6339,307.1181,328.2051,305.6229,174.042,175.373,159.84,68.7303,162.47,53.9889,305.3612,316.3968,181.678,29.2032,60.3682,196.66,312.09000000000003,172.052,93.1094,177.41,38.4753,193.22,285.0903,130.441,303.1006,306.02570000000003,67.2049,177.043,187.256,178.261,301.617,201.0,322.1377,300.3242,182.467,303.5502,166.557,352.229,329.8052,40.5296,106.243,89.1741,69.2247,103.162,317.1,275.6032,281.4033,45.9266,166.734,186.529,70.0246,216.729,312.2183,173.894,174.743,189.9,5.88173,289.0068,61.7679,72.7054,188.137,100.352,286.8594,181.916,48.328,333.4124,2.10054,85.8716,268.8773,195.859
108,274.3863,50.5511,177.079,199.126,80.5162,192.309,63.1927,171.687,184.351,238.269,165.123,313.6132,184.894,175.94,181.574,195.324,66.0024,311.421,261.0721,199.425,311.8043,256.754,321.7095,285.7913,296.07280000000003,330.5796,301.4806,176.049,180.468,171.485,47.8474,191.223,58.3582,304.388,311.9873,166.745,31.784,55.3523,17.111,297.2207,182.347,91.7639,181.166,38.8973,187.761,301.7614,99.6688,301.47860000000003,307.259,70.3861,167.407,192.492,159.975,290.9125,204.559,303.80219999999997,262.1411,152.547,288.1011,163.572,23.8826,355.38663,49.0513,99.4762,92.1912,66.495,91.5254,325.9587,280.65319999999997,277.9753,312.2032,179.133,321.5576,71.1666,296.4046,304.4406,188.001,181.281,190.498,15.0848,290.3723,55.6192,95.3042,178.203,87.8561,279.8761,178.709,60.0343,344.7869,23.8192,75.8637,252.40300000000002,182.147
109,300.1239,33.871,205.765,188.312,74.309,163.504,294.5553,168.023,189.963,253.389,178.821,330.7582,179.296,197.472,173.364,193.762,81.7328,289.8546,185.58,283.827,297.699,286.1346,317.9463,296.4979,294.9339,325.4112,285.9923,184.207,176.871,171.819,70.7197,176.475,62.4373,279.4883,46.6588,171.384,324.78430000000003,59.1396,174.838,297.5881,201.011,82.9069,171.738,39.0267,359.010452,113.082,105.512,284.39549999999997,304.6631,50.7159,157.706,158.81,161.606,309.3304,186.727,270.4199,186.592,162.733,178.395,172.669,341.961,358.58425,51.2138,70.0583,110.99,80.2024,106.303,342.1769,50.8308,288.4092,333.6598,64.7146,205.234,65.9486,296.3668,304.1696,193.188,354.40439,183.625,20.3425,275.12170000000003,181.874,99.3746,172.329,83.9871,150.345,193.965,80.5359,341.8773,134.267,75.8691,78.5159,182.959
110,197.142,29.2629,195.191,156.129,95.0341,182.52,187.11,158.577,298.4471,239.26600000000002,194.391,29.8569,185.922,184.554,180.883,200.45,78.9935,309.67629999999997,261.2351,180.057,295.2083,274.562,325.7667,301.2043,305.7897,336.373,296.4733,159.937,196.768,173.221,76.7057,184.657,56.4143,302.5989,282.4692,183.446,32.8024,49.7535,163.02,295.8095,194.559,77.1445,188.806,25.8653,178.881,280.5973,122.696,300.6595,299.0424,56.7126,163.158,184.813,172.467,318.2579,165.634,162.747,311.5194,183.774,71.9381,198.902,356.15664,301.4223,57.1059,85.7367,244.964,62.5045,90.226,316.3817,63.1593,300.1234,33.9236,167.189,323.4911,60.5096,199.519,314.7229,201.034,353.66083,174.883,25.0958,283.32529999999997,52.5971,91.7438,190.95,95.9304,174.285,188.345,95.9968,332.5881,347.5625,84.3897,288.0223,182.57
111,302.8967,35.6269,183.942,184.034,76.5174,191.078,173.849,183.181,196.878,283.5475,176.672,169.937,180.557,186.409,181.009,188.242,44.7748,306.1332,263.0897,314.3994,306.211,278.0811,327.6777,293.48130000000003,288.5439,330.17719999999997,294.2012,192.134,180.308,183.588,79.6245,170.077,65.3178,308.9125,305.4049,186.559,321.3485,55.9409,132.031,303.2678,174.077,74.98,171.778,32.1236,169.651,271.6142,107.134,299.20640000000003,305.822,49.1474,157.173,162.576,283.56100000000004,303.8404,165.926,164.335,281.9336,167.816,271.1233,185.191,255.32,7.06986,170.874,86.1583,282.28409999999997,65.0123,96.8803,332.6138,60.9019,296.0477,320.5625,168.952,286.34950000000003,42.4134,193.09,304.9849,180.457,11.1063,237.55200000000002,358.68697,286.7866,63.4836,82.4825,188.527,106.528,176.949,150.478,273.1796,326.1062,172.143,65.4087,268.4817,198.463
112,286.9973,24.6861,171.219,187.127,75.2962,181.816,171.318,159.136,298.4124,265.1035,198.867,196.185,190.389,77.931,186.188,186.836,70.9645,298.3245,265.8113,179.909,310.0141,292.473,328.3767,76.8559,320.6136,347.852,307.6424,173.345,173.338,174.015,58.4846,198.095,48.6008,305.4832,312.7092,176.017,39.4427,62.2107,146.525,313.7054,168.239,91.6933,187.576,40.1331,178.897,269.69280000000003,61.6763,295.0582,331.5323,63.0502,163.265,281.2991,181.846,64.7397,174.527,195.016,315.1049,185.357,292.7117,184.025,343.8824,93.5017,168.073,83.5056,298.62149999999997,44.5901,167.199,316.1962,68.5793,291.6654,44.0175,155.046,184.814,57.9316,140.14,307.106,174.214,12.0068,186.025,5.0844,284.1463,69.3965,96.6608,190.323,71.2827,150.77,174.708,278.3679,325.6879,152.713,76.2944,262.52639999999997,179.509
113,296.7019,46.7917,171.995,190.891,79.3867,179.904,180.732,194.836,299.4724,226.983,194.768,282.2667,177.543,181.177,206.899,172.806,59.4517,309.6591,269.0554,192.865,301.79290000000003,262.87,30.2993,191.913,314.6083,328.5644,309.8552,192.321,166.236,162.197,61.6343,177.804,57.8151,294.4773,52.1433,177.688,37.93,75.8518,301.5245,299.256,183.626,80.6528,161.881,40.786,21.4581,246.701,335.8962,292.355,186.524,138.179,153.915,177.173,190.321,282.6907,164.925,196.884,314.3985,146.704,287.7682,170.093,258.771,333.1453,62.4164,106.06,301.3606,147.051,99.864,313.1665,67.4137,278.293,47.6813,161.041,291.766,66.5674,173.073,306.3395,170.331,13.8937,193.587,348.3331,262.5312,42.3275,91.1257,186.614,75.0851,285.6304,193.45,301.6255,327.5313,177.289,85.0279,249.437,187.807
114,301.6463,47.325,183.797,190.839,90.2094,194.165,164.84,145.489,205.843,253.457,159.508,306.3417,185.434,222.69,187.369,166.411,68.3463,307.694,282.22950000000003,289.0938,298.0041,259.31399999999996,43.3167,199.045,304.9116,339.5834,301.0826,186.134,177.625,173.168,66.3575,188.285,56.6506,313.526,287.9369,163.986,320.4156,146.831,50.1869,289.4389,176.618,65.9895,167.857,33.8458,169.545,293.2605,344.9792,287.9083,73.7007,63.5984,167.427,314.1941,173.088,306.5734,171.965,194.106,289.0195,162.535,292.1327,170.406,265.6257,108.947,324.0777,105.307,294.7804,137.917,172.003,343.9493,42.1942,297.8362,30.0993,175.81,275.74469999999997,81.9461,180.443,307.9978,105.492,22.135,168.36,18.0897,300.1495,52.2458,100.045,189.61,89.6064,282.0785,181.671,279.1108,340.7248,349.7625,74.695,265.672,176.858
115,290.8517,38.8899,173.748,180.346,66.5337,176.283,181.917,158.903,287.75329999999997,243.449,185.404,323.0211,187.625,291.7129,178.551,174.942,51.0669,302.794,274.6391,291.8497,311.0166,292.8195,315.8896,308.2205,306.9821,336.108,296.0164,169.221,201.079,180.969,50.1452,193.372,55.5324,319.16949999999997,287.1598,179.946,325.8812,179.562,347.5439,310.38009999999997,134.889,71.5194,171.63,31.5429,155.778,278.2348,136.409,299.2554,299.98199999999997,68.6241,73.7033,157.732,155.257,316.9081,165.765,172.805,315.0741,177.147,182.966,176.335,109.135,271.7058,55.3134,84.1674,290.6749,58.0177,101.84,340.8638,289.8288,283.3442,36.1412,166.454,320.4703,56.6722,50.6859,314.6116,185.909,358.19192,214.022,27.1137,286.44169999999997,63.7621,110.977,187.355,92.8084,306.2569,201.63,163.352,341.5737,160.681,86.4982,295.4772,194.489
116,280.7623,40.2955,185.983,160.764,88.7241,189.228,177.716,164.907,187.233,272.92359999999996,184.612,179.122,179.686,179.798,184.619,280.498,55.9903,304.3842,171.41,222.692,168.438,284.76030000000003,325.7862,184.811,316.0633,325.9777,291.71479999999997,187.909,185.086,159.082,61.3775,181.62,65.7563,309.0672,302.5179,180.154,43.4839,168.758,311.8094,299.9248,190.599,88.6025,181.826,28.6162,341.0578,298.2415,117.34,300.9599,194.95,55.8328,157.164,168.405,173.714,170.607,184.463,169.968,280.658,164.193,321.3247,185.575,15.9356,104.337,62.2507,59.0115,291.7934,63.6221,116.165,321.9472,283.6021,300.6672,347.9781,152.541,256.028,58.2245,172.841,301.77909999999997,188.205,181.632,178.047,10.1332,292.34770000000003,72.7438,93.2923,190.555,83.1618,303.19010000000003,184.126,135.818,324.9301,175.272,82.448,267.4842,170.17
117,294.9452,37.5245,236.402,147.605,69.1176,183.667,169.578,162.422,279.7118,258.301,159.341,167.704,165.104,167.77,196.877,310.3712,58.9742,293.0763,41.1169,167.753,297.4382,295.45799999999997,322.7777,177.459,272.2163,320.5463,295.9533,185.438,198.047,172.821,83.4844,202.71,42.3172,296.0339,320.0344,178.653,328.8287,181.948,224.204,294.1483,172.346,75.3052,167.117,35.1769,4.19047,309.7096,106.94,301.8532,295.83389999999997,55.3007,165.396,174.376,181.363,168.671,180.538,206.918,261.86199999999997,154.106,277.8523,166.726,330.121,254.654,56.7817,91.6249,260.0791,66.9582,102.689,342.0325,276.9085,293.7781,31.5047,61.7482,312.52909999999997,62.5838,271.605,299.0055,172.305,292.8295,189.356,17.0131,285.4866,192.325,86.913,180.95,79.7082,312.6124,170.687,268.7558,315.9055,342.4862,84.5604,263.4055,176.471
118,292.2665,22.5371,191.625,140.19,63.2202,182.195,169.93,164.284,179.94,276.56600000000003,167.191,193.202,176.348,150.237,189.706,339.261,57.771,309.3415,314.3679,82.3553,332.2543,263.8767,36.7283,300.4424,273.68399999999997,330.8183,303.6221,170.508,202.2,152.285,74.2773,170.483,53.2344,301.1923,298.3455,170.8,326.8441,181.015,335.9716,292.9336,156.565,96.6753,171.743,34.1733,327.335,308.6992,184.911,295.32529999999997,303.8901,74.3988,143.413,178.329,168.511,160.035,175.965,191.987,286.0771,185.583,228.45,174.123,324.6991,352.14923,47.9508,94.1895,291.568,55.7212,167.661,331.8127,290.66769999999997,290.5169,34.342,162.704,190.766,72.056,194.941,303.7167,152.083,5.6612,176.276,15.8333,279.2957,45.0954,86.5596,178.61,67.2148,321.97860000000003,183.592,270.4044,328.8488,336.9397,78.2152,269.94849999999997,182.935
119,299.9277,19.8217,196.765,169.103,68.7264,188.571,175.345,173.66,313.6103,268.03409999999997,166.617,175.379,193.99,286.3976,197.896,306.08209999999997,79.2621,309.7553,326.448,192.947,326.22860000000003,301.6696,323.8532,290.5149,294.2637,328.2901,293.5377,169.947,178.131,160.023,53.015,156.069,50.4337,294.4873,313.2287,171.537,328.8239,173.249,330.2806,308.19169999999997,182.113,88.0636,162.702,41.1759,139.605,290.0043,341.6449,295.2066,173.671,52.705,172.14,181.632,167.383,160.878,169.239,193.456,286.1174,162.352,189.313,186.221,353.25517,351.34709,44.9684,77.6063,281.5998,65.6881,170.196,339.3705,282.4341,304.3563,31.6852,183.389,193.653,37.1525,321.6654,304.05989999999997,182.543,198.792,177.967,40.4981,284.23699999999997,47.7425,90.9331,181.406,98.7084,185.216,163.897,327.9282,321.1845,197.088,61.6745,258.53,171.437
120,291.8954,31.9003,192.465,179.112,88.1744,188.902,174.224,143.288,207.116,238.689,179.932,311.6017,190.906,291.4827,191.133,297.7433,137.042,301.9608,301.4205,284.4991,313.6497,272.74850000000004,320.3575,297.8063,284.6158,324.9277,286.3364,170.109,180.102,164.054,64.795,149.259,50.3924,297.1125,298.66790000000003,174.918,325.3972,157.454,116.964,304.3174,183.989,89.4469,171.201,36.784,177.503,262.4174,84.9667,277.7445,146.506,65.3945,159.883,174.543,157.192,163.281,169.394,209.537,262.6001,169.212,309.5586,180.298,7.84336,110.287,70.8609,82.8527,268.2109,130.8,91.2745,312.4115,290.3331,288.555,33.5423,166.44,306.3922,65.3978,187.699,308.6524,179.935,198.18,169.074,353.85688,288.9823,63.7959,100.479,185.365,76.5362,185.046,182.928,318.6422,335.856,142.055,74.3085,257.992,65.9783
121,291.8431,21.4304,165.482,182.355,84.4902,186.454,167.11,166.396,213.35,277.1872,199.107,317.0364,187.995,246.463,182.477,293.6218,56.4158,305.3053,308.596,184.82,317.5924,284.0014,333.8893,296.2606,297.7158,349.7135,299.1091,125.418,202.974,175.797,70.9094,176.333,56.7131,283.183,313.5624,166.187,42.8241,60.8158,151.166,308.3109,169.63,80.45,182.491,40.9929,159.331,280.6567,333.74490000000003,316.6462,183.74,53.5313,152.713,185.181,195.987,158.476,181.869,195.129,283.51779999999997,181.923,198.885,180.818,345.40840000000003,289.6876,51.6255,82.2847,275.7389,75.1913,91.2811,323.3157,297.0727,296.7962,27.2791,151.237,281.8326,52.728,170.604,325.20029999999997,172.773,15.1262,294.3075,15.0403,278.1502,56.8119,111.686,182.772,95.0902,177.399,158.341,337.6793,329.9829,307.2042,88.6622,263.1172,170.7
122,295.5836,322.984,177.743,283.3212,95.3771,164.52,169.675,166.46,170.39,247.292,155.373,313.752,184.535,241.591,174.104,321.8106,102.209,309.0064,313.5571,185.017,195.797,279.6112,36.0088,293.1997,303.3299,330.4214,300.414,170.798,183.927,162.307,67.7437,163.009,52.7991,293.5043,315.5793,174.417,34.5933,62.2092,143.635,308.0799,184.888,85.0025,183.5,34.3956,143.777,278.01210000000003,79.3669,296.0,275.7198,53.9546,158.62,295.25509999999997,178.895,154.921,164.428,194.2,273.06510000000003,167.152,174.246,185.745,326.6003,310.0227,38.4174,81.691,260.004,64.5767,83.5073,335.5349,286.775,301.4233,37.4037,70.2996,310.275,76.9632,182.013,322.3858,191.006,172.928,187.743,7.56578,289.4651,66.3464,91.0443,195.768,92.5387,188.14,185.624,312.6325,352.17873,147.884,90.1229,285.2726,172.486
123,304.6496,31.3095,314.0372,306.2359,100.122,219.175,158.992,199.365,203.759,269.7437,169.077,184.275,189.799,187.962,176.643,314.23109999999997,67.1662,302.578,299.7537,217.588,317.913,269.1811,325.5703,301.1337,289.41949999999997,327.07529999999997,303.7268,175.057,208.509,157.272,80.5097,171.229,56.2926,295.9251,308.2627,176.886,28.2152,167.731,318.70709999999997,299.6671,175.734,94.0424,167.853,35.1426,350.98143,268.4909,129.156,289.0619,148.925,52.7603,173.888,191.838,159.693,180.832,163.937,192.448,303.8835,169.062,293.5849,176.338,336.2663,109.139,40.848,66.278,284.1247,149.018,89.1767,347.9779,295.8383,287.7441,29.6355,168.617,321.3102,75.5122,285.8804,314.5292,167.363,194.093,168.14,8.73948,290.5094,61.5502,92.2091,189.692,80.8489,65.1591,179.763,301.4583,312.90070000000003,140.581,80.6124,290.3947,182.837
124,298.1437,36.5604,179.453,305.1553,72.6938,178.347,159.452,165.481,301.7367,271.2094,190.812,294.2056,179.648,212.793,167.678,311.7034,60.5935,305.2797,284.5937,180.017,297.3254,241.728,316.6346,304.1869,304.0057,332.0145,294.1781,161.12,198.791,175.647,60.1736,188.211,60.8661,290.1989,188.936,186.582,315.4203,42.0462,160.297,304.7457,177.584,98.4125,192.425,33.0386,14.1623,283.3999,178.971,307.2739,303.43,58.7361,176.219,173.04,158.764,155.372,166.196,183.98,295.9819,169.657,307.7502,169.069,337.1733,117.284,59.3346,98.2586,253.88400000000001,52.9632,160.143,329.1827,293.9372,288.8656,29.5625,154.633,307.5137,82.2246,276.2041,309.0467,183.027,177.106,182.09,10.5669,303.0846,54.2649,94.4459,183.333,107.762,41.3901,185.13,312.2111,329.4813,88.8274,94.1552,289.0501,188.096
125,303.5443,37.3919,183.517,289.3519,103.707,192.628,165.782,163.64,306.7959,243.764,189.393,184.569,193.87,191.977,172.824,300.1799,68.2599,310.899,322.2485,280.0526,312.1707,263.2084,324.77729999999997,290.8283,306.2171,333.19780000000003,300.1668,194.13,208.846,162.72,60.2117,181.963,52.045,295.974,298.3621,61.7069,27.8052,73.8777,326.9628,304.28520000000003,182.173,91.2745,180.175,41.1007,100.154,278.9858,82.5356,305.3623,285.597,74.7441,298.55899999999997,300.6607,184.282,299.439,187.806,199.03,283.5079,194.384,308.5086,174.171,110.021,348.8401,62.5538,93.1271,288.1135,125.809,94.84,333.2514,284.074,290.0535,33.9907,142.096,308.4456,56.8687,226.348,302.3208,184.859,0.739091,194.917,347.8743,288.4827,56.9876,81.9841,189.848,92.4532,50.6608,172.8,254.625,327.0873,189.19,87.0367,242.829,188.769
126,291.1057,29.086,178.141,294.8408,82.6641,155.018,170.589,192.093,316.128,241.438,205.592,171.252,179.75,172.918,176.69,309.2497,72.0079,308.718,318.2175,184.951,310.4735,286.601,335.2005,302.3232,301.1206,328.6014,319.4072,179.635,180.264,183.368,52.6075,174.15,49.7227,305.0447,190.124,167.714,37.7901,60.1839,306.112,312.9586,154.805,90.3412,169.881,36.6872,141.859,286.3189,91.9601,297.76800000000003,177.873,54.6328,286.2982,317.9656,287.1693,154.83,155.773,185.845,311.3824,57.7139,33.7438,165.528,2.88421,124.059,61.16,92.7986,259.084,58.9409,85.4797,313.7618,282.4785,297.0148,326.3136,160.772,292.86469999999997,69.6183,297.1921,303.65840000000003,194.786,174.441,166.124,12.3778,307.6556,54.6789,85.2934,190.077,83.7399,26.4839,164.876,310.9159,332.7779,339.8999,82.3574,285.9139,187.376
127,281.39480000000003,42.6512,184.357,308.8664,78.484,177.39,166.469,213.43,190.58,247.179,151.257,188.612,180.46,295.7454,178.013,294.2371,68.6289,314.7742,306.9961,292.7065,304.1121,254.714,326.9204,290.4904,300.3287,334.7068,291.8285,182.437,193.084,163.325,74.8676,178.933,48.2172,294.4213,296.0005,189.859,329.351,44.1794,305.8438,308.3534,164.846,105.067,164.026,36.4479,189.157,287.9642,99.7827,304.3764,287.2734,69.9455,183.997,161.962,185.136,188.425,164.965,174.113,305.9675,47.7095,195.065,192.692,106.929,346.472,43.6968,89.5046,284.2279,138.396,109.54,319.7359,58.3451,300.6262,36.6489,166.702,291.599,59.594,305.8137,315.09069999999997,191.774,153.988,198.819,345.4762,290.0288,75.4595,77.6347,187.747,83.8922,50.4643,197.553,332.741,328.1056,323.4873,75.946,274.32439999999997,168.285
128,274.4621,44.9861,162.507,306.152,61.5051,174.477,169.889,184.754,205.77,227.448,165.991,299.0211,186.352,276.1538,183.206,315.087,60.8835,297.31759999999997,296.4791,172.631,316.1518,266.0027,39.7723,302.0224,309.1883,333.9991,294.8211,189.975,207.482,179.066,75.3865,169.401,59.2026,279.102,310.769,152.431,322.6909,58.1478,126.541,307.499,176.402,107.254,178.274,40.5394,196.249,291.1039,96.7181,301.0684,304.1908,71.4353,171.03,178.556,169.906,161.325,171.428,165.414,290.3973,68.1607,147.472,174.38,147.995,2.89525,76.0968,61.1598,272.6895,77.6998,93.2792,327.5955,286.6642,295.9777,30.4324,168.969,213.294,59.7557,274.31870000000004,306.7618,187.246,172.211,166.244,10.989,287.6117,84.5956,102.318,181.97,82.9296,183.804,196.037,328.91610000000003,332.6501,165.397,84.7293,299.663,189.657
129,302.029,28.9525,167.223,199.191,73.3648,189.801,170.748,201.685,298.6296,249.13299999999998,87.6116,48.8985,182.783,169.601,177.223,293.5482,124.433,298.7844,298.7837,164.156,184.593,307.9611,330.2273,296.5406,300.2453,326.692,289.6223,193.536,221.429,164.116,74.3479,184.264,66.518,305.8812,304.8701,183.561,17.6902,52.1263,254.175,315.8581,168.681,95.2028,179.389,41.1814,348.6673,300.2094,118.888,299.3528,318.205,47.6594,158.782,160.202,161.402,153.188,162.263,151.834,64.8993,61.1502,182.654,180.817,318.1672,327.4006,51.3834,87.2527,286.9296,81.568,88.3569,319.2153,274.986,315.37239999999997,22.5577,39.6429,324.2088,62.8681,285.2359,311.3589,167.523,192.545,167.589,36.353,281.9126,57.5854,82.8811,202.929,93.6988,185.696,191.104,315.9073,343.9202,343.7349,76.76,259.5,168.685
130,292.2153,46.9242,67.0329,197.273,70.1503,167.706,174.993,174.647,289.19370000000004,214.379,73.9145,76.4253,180.537,190.403,184.111,309.9531,144.377,293.6279,331.5332,158.429,318.4763,258.556,46.1004,309.7555,314.8986,322.9145,311.1847,163.81,174.893,236.69299999999998,68.5395,173.727,62.6531,293.90049999999997,173.653,196.089,30.5079,49.7035,26.3681,301.0701,173.576,93.4826,173.252,28.6335,180.55,294.43240000000003,14.2747,293.5344,304.121,63.8558,157.944,173.474,172.101,167.007,175.684,153.761,63.7273,60.2289,298.1395,191.929,1.77171,347.2411,50.3063,101.154,302.1819,89.3269,84.4544,309.4306,290.1005,303.1733,31.0455,56.7092,292.9129,38.2014,307.0828,312.15250000000003,185.064,119.623,167.578,21.3916,291.4141,47.1532,93.0125,189.334,90.8964,200.109,180.933,289.1327,339.1845,168.62,72.8026,286.0378,171.98
131,293.7962,32.8558,144.35,185.136,94.5458,180.358,157.536,309.40229999999997,289.7571,251.361,182.138,68.3681,185.866,175.673,187.553,311.8531,60.291,314.4276,292.5983,191.482,322.4312,244.586,324.2158,289.08050000000003,300.6371,328.2217,314.6433,185.598,169.954,209.244,64.8805,194.482,47.748,176.401,62.3965,176.931,50.8612,45.8217,355.6194,306.3159,197.183,92.5496,187.345,36.8494,132.924,289.31669999999997,359.195141,309.8453,299.1247,70.328,305.0714,172.703,162.224,154.21,176.975,189.047,59.4196,183.011,306.9279,211.496,351.3425,12.7502,49.992,93.7506,305.2882,77.3542,100.854,345.0421,288.117,303.9051,47.685,165.538,293.2339,40.2942,290.21680000000003,292.6604,181.576,3.91617,187.217,34.4561,296.5521,64.7869,102.671,284.4309,82.2637,52.1625,183.888,310.5087,317.6689,135.069,86.9565,263.2103,187.308
132,288.5045,24.4437,176.4,296.5613,65.7287,182.898,172.743,270.1852,196.043,34.9918,168.799,298.3872,196.352,65.3873,207.675,311.0562,81.8644,316.3879,305.1838,188.492,309.7033,252.364,325.5869,291.92470000000003,303.9895,330.5846,301.0192,287.97950000000003,211.432,188.857,59.1425,197.666,76.3106,184.201,296.3165,157.04,29.7456,60.4215,336.5991,166.505,182.109,84.6192,173.007,27.8144,151.896,280.9264,281.4558,299.3323,295.3177,59.6714,292.6577,179.876,176.43,308.1195,156.715,169.016,50.9349,175.458,60.6348,176.848,333.2879,350.83958,52.7861,68.2407,269.3109,64.8601,103.752,324.6418,71.4047,286.495,37.0188,185.078,269.7267,56.6119,298.1044,304.4157,172.435,4.86015,182.024,0.635709,297.3967,70.0443,113.014,200.012,94.3934,297.0409,189.732,293.44280000000003,350.21229,359.367152,72.4595,260.5185,175.178
133,310.5889,34.9642,174.838,288.1889,71.135,200.585,180.249,308.2754,273.9281,89.8044,177.379,304.8515,179.219,83.8223,167.595,305.1864,70.9033,307.4669,284.6486,149.241,296.5329,294.1046,318.8957,272.8399,307.7869,326.4192,293.4773,302.1531,186.569,170.358,48.8526,168.544,60.4698,284.9635,302.5057,169.046,37.5685,57.2254,0.209943,288.8883,178.803,79.3699,172.463,34.2331,158.677,292.4674,268.6434,305.2207,311.8671,56.6707,163.219,176.116,150.595,296.4557,182.357,158.605,49.933,156.694,190.019,174.726,136.986,343.9121,319.919,94.2136,266.6857,64.7729,131.359,321.5672,60.1924,289.6634,36.0142,66.3066,303.6643,43.6807,316.5684,308.8122,309.688,10.1724,177.073,14.6867,288.5734,47.0138,104.845,192.307,89.5609,182.779,191.458,278.0829,312.6286,172.381,75.5426,276.575,179.328
134,283.19,42.8341,193.769,199.434,98.9332,176.939,180.477,306.9388,304.20640000000003,53.8912,165.478,302.8613,178.724,302.4383,172.356,297.1563,55.1305,299.7095,303.1048,159.346,282.3112,288.2202,326.53,194.395,294.6773,324.4809,309.6049,196.839,189.923,187.317,77.0834,201.004,57.1054,308.0451,298.12850000000003,174.033,29.4152,58.8389,311.624,316.4808,215.961,92.3704,174.444,33.1377,153.364,279.4152,28.597,297.6576,287.6229,76.5833,173.52,177.55,151.785,306.6547,181.978,280.05150000000003,43.6669,162.667,299.5603,176.11,312.8239,91.4946,67.4812,71.4676,265.4106,63.8003,89.6396,356.51006,59.5483,293.6603,42.1645,166.519,183.707,65.7278,288.62850000000003,305.4382,296.0381,358.73462,182.852,12.0968,285.1116,64.1308,97.6099,192.772,70.0638,180.383,172.16,296.8664,335.4558,39.5454,90.2527,276.5798,181.302
135,292.8813,36.318,159.081,186.882,92.7433,180.217,176.869,287.5345,197.867,97.8837,174.29,10.7938,176.532,281.1238,186.087,309.1527,58.5324,307.0888,310.6921,183.238,306.49649999999997,281.8599,312.9114,304.1327,309.2476,329.3886,299.5386,193.637,166.174,175.743,66.5153,178.827,54.8968,280.5004,310.0849,180.257,41.3486,70.1971,153.126,316.1204,184.282,110.835,168.596,35.5566,162.378,275.6402,6.04653,292.5087,297.4653,54.3648,154.399,157.439,144.659,164.504,182.96,284.9561,45.8672,168.188,177.168,184.824,344.8906,90.2665,320.0093,75.5657,294.2163,78.6204,94.6387,326.8989,64.9594,299.4394,47.4162,53.7555,318.5803,78.7074,181.438,311.90070000000003,189.469,179.615,176.966,16.259,275.8375,60.0764,99.448,294.02570000000003,102.221,311.7908,166.6,323.304,344.6076,293.5538,80.4236,266.0292,171.477
136,304.07529999999997,34.6161,168.224,165.356,76.9748,195.5,169.235,292.79449999999997,173.75,102.477,182.797,301.8845,174.119,171.741,190.364,313.0049,79.0453,301.332,315.12919999999997,191.914,313.3999,250.41500000000002,316.9385,294.4294,299.6191,336.7668,296.2405,190.869,173.185,176.182,81.3457,204.67,41.5466,284.8277,177.461,174.579,30.2474,63.2824,179.339,306.6816,170.118,91.4508,191.373,40.2837,184.992,279.1387,355.5652,293.1764,175.921,49.9103,327.4931,180.897,299.6501,303.4928,200.953,305.8215,59.5207,181.965,187.755,176.041,328.9659,345.2252,325.4548,114.582,290.6205,77.3149,91.012,332.2586,273.3277,299.319,34.5546,170.449,328.3161,52.2076,196.097,310.2044,180.719,358.56676,168.183,2.16349,292.1028,50.8651,75.8223,296.8055,99.0566,294.1261,190.149,300.4463,318.7477,171.528,91.8738,251.43099999999998,314.5635
137,296.2208,33.4121,182.193,160.903,92.6976,173.895,178.051,309.6683,199.149,75.3837,197.677,162.529,176.01,291.8602,182.733,308.3095,62.6244,300.6288,319.00260000000003,183.046,318.1906,252.10500000000002,321.2254,314.9797,307.0619,324.3037,300.3281,282.4033,199.409,177.646,68.9471,196.548,47.3351,275.4522,195.215,161.964,350.14957,45.38,163.776,297.3125,184.908,91.0157,165.0,36.7847,157.61,283.3704,324.3363,290.7711,293.525,56.2784,304.2463,171.588,177.357,290.09180000000003,200.511,300.8264,51.6548,147.059,182.327,159.729,3.70328,51.834,317.161,91.3523,271.5578,58.8664,177.911,338.1984,73.3383,273.4427,327.3807,189.228,177.875,64.235,165.05,296.2754,189.464,14.8005,173.802,9.70686,291.4224,59.4887,84.7601,195.262,95.9752,181.827,193.08,298.9251,314.652,195.163,96.9258,274.2518,166.269
138,288.4347,31.2134,210.279,292.9675,93.0198,184.525,179.093,293.1075,302.4911,35.0152,166.404,160.949,186.157,271.9836,180.696,311.4986,69.6074,295.9638,295.6151,288.6296,305.5881,284.8217,327.1442,300.1412,314.9298,325.6726,312.229,157.588,179.353,169.027,72.9709,186.563,57.0038,293.0731,222.421,180.088,38.7251,73.9479,194.199,309.3315,170.325,88.6354,159.351,28.8907,169.939,284.8771,157.994,296.5353,301.3821,62.3676,307.8344,189.08,181.607,325.65409999999997,204.711,192.625,40.7188,173.938,304.4649,173.484,9.09815,243.413,297.754,97.8559,270.0037,46.2763,102.471,334.7193,108.389,292.9903,37.7188,160.344,196.232,56.933,270.5433,305.2737,204.861,182.973,182.65,354.23839,289.9328,55.7999,77.996,185.311,91.5892,293.9581,160.606,320.1442,332.3706,353.32118,87.4979,77.669,159.903
139,289.0383,35.6081,195.609,169.486,96.67,187.38,172.574,303.4785,220.885,99.2609,155.499,324.4563,180.521,296.226,184.961,297.2022,70.1457,303.3397,304.8216,285.817,299.4866,261.53520000000003,330.8161,297.1696,311.8402,330.1337,305.201,182.644,177.702,176.009,71.6086,195.586,62.7293,296.2429,179.737,187.287,33.1772,60.2687,330.2949,296.8498,156.582,87.78,176.799,44.0519,162.059,272.1922,134.703,283.4295,299.1443,56.2972,63.1488,169.465,150.394,313.6486,175.019,204.73,63.4124,181.672,179.763,182.521,6.56508,8.58452,303.1561,83.2962,270.4284,145.066,109.025,274.1174,286.81510000000003,295.0234,43.0324,182.186,297.1438,68.3686,177.533,311.1795,194.538,168.426,190.053,3.72011,279.7258,46.965,109.004,196.926,82.2462,56.1802,183.75,342.2327,344.0159,123.649,84.6806,257.966,173.02
140,272.97450000000003,38.7553,192.16,166.904,72.7631,180.413,185.995,310.2656,214.687,89.0418,159.828,185.811,184.167,174.305,168.043,307.3653,61.1476,302.2281,299.7651,201.562,298.0718,286.047,317.1008,294.9892,316.9621,337.0961,307.1338,151.705,188.205,189.556,62.0441,192.633,55.2601,285.635,314.7117,174.49,38.0388,50.6033,315.0597,295.0349,170.457,84.7833,185.43,27.7836,341.7973,257.48199999999997,146.723,306.9745,282.7473,66.9105,313.5041,173.086,181.768,295.7439,188.749,185.358,62.4411,183.9,189.607,168.676,251.458,354.97529,301.3556,67.2062,275.5099,199.638,107.77,15.1973,256.133,280.6397,29.4434,159.889,197.369,48.6609,279.3601,300.4307,299.1986,5.35608,159.009,39.2331,278.8329,69.3506,93.8665,199.674,87.9248,297.87,191.023,319.8927,352.5056,350.14815,102.956,251.868,196.419
141,299.5456,27.3969,181.06,161.422,62.4633,225.401,173.347,183.114,212.705,68.9709,249.81900000000002,174.043,184.895,256.747,179.312,346.6408,81.9898,311.5391,296.65999999999997,200.39,292.8807,266.4171,316.5145,303.6889,300.3961,341.8821,284.2193,293.4789,193.866,172.557,67.6878,193.564,44.4126,281.3713,179.362,176.169,37.031,73.7846,342.9696,306.375,171.561,95.3708,166.904,42.5394,335.3917,281.3044,14.7078,305.7718,297.2018,77.2478,316.6648,197.43,187.441,301.53430000000003,160.604,203.862,46.2326,187.36,181.016,153.208,21.3243,6.28234,289.1967,92.6826,272.4314,129.348,97.2576,30.3859,269.0798,281.4625,40.4196,178.381,344.7309,44.9551,187.002,300.2284,286.05899999999997,343.7154,184.722,25.9568,285.3199,47.5247,89.2763,185.847,78.348,41.4123,176.781,338.6118,324.145,154.6,84.6133,284.5824,188.191
142,294.0017,45.8169,178.667,181.27,100.122,166.089,174.4,159.737,195.126,69.6994,98.5757,179.887,171.049,173.929,176.823,280.4814,62.8218,308.89,302.9168,300.0625,295.8807,218.412,324.7004,297.4253,292.8507,28.7875,296.6789,276.1875,194.279,184.877,59.7144,198.588,43.4387,203.892,316.8268,160.085,31.7613,67.2209,311.3274,295.81510000000003,166.035,68.3528,171.636,14.4817,311.5082,255.05,146.148,300.54970000000003,297.9658,55.7726,299.2982,85.3586,183.479,297.7114,167.434,192.41,62.2236,192.165,207.114,72.8747,261.9466,266.6121,316.9778,89.5843,286.1973,55.744,88.7671,288.6595,285.2835,302.2139,43.5622,153.169,278.499,87.8826,185.35,289.6706,302.6259,184.199,172.203,33.5888,292.7104,75.0204,92.5343,163.436,80.3897,31.718,174.535,346.1277,339.2934,135.685,85.9555,260.7086,195.937
143,267.5779,34.0907,173.638,286.3392,102.0,170.729,182.634,169.505,290.7254,264.6634,206.648,168.691,181.713,151.04,197.141,275.75620000000004,73.8474,298.2948,298.4838,187.555,309.0563,283.6895,324.3109,292.0138,285.2521,333.1987,298.0303,167.679,184.294,174.831,72.875,204.236,39.5867,294.8273,276.3279,183.317,38.4948,52.3046,322.829,323.6941,172.665,117.108,178.854,26.6243,352.05808,261.6561,91.3324,307.6457,302.9432,69.0405,163.197,178.466,168.829,281.7383,170.055,159.28,57.4816,164.72,210.373,182.289,119.048,355.71683,325.9806,100.226,263.9414,62.1236,98.3777,328.8957,258.77,293.2538,41.8765,173.463,326.84000000000003,52.072,179.307,309.8565,313.4493,352.12365,198.77,5.27521,302.331,60.1288,90.5318,208.314,91.0745,301.1052,183.078,340.4945,358.82762,327.1629,60.6866,249.65300000000002,180.134
144,300.8231,32.879,192.531,293.4712,89.2637,182.323,172.07,170.364,186.153,250.874,277.13599999999997,60.0993,189.049,159.532,176.044,169.035,70.276,307.5862,301.6246,285.3366,300.2498,281.7731,326.619,304.0184,296.4254,322.8815,306.8746,196.08,179.431,179.438,68.5196,189.797,63.3359,178.384,322.8426,166.677,41.8268,70.5024,2.59013,176.38,174.027,76.9825,170.174,36.7097,13.8445,270.9205,109.503,297.9197,276.81759999999997,55.1844,202.894,293.0739,155.256,310.2012,171.23,167.481,49.66,174.038,181.922,172.914,334.0402,5.7519,315.2898,107.864,259.20799999999997,73.1318,94.3991,353.37757,263.6024,288.3721,40.9267,176.491,194.842,48.1639,280.7022,328.0593,198.598,7.35705,186.096,6.55972,297.8154,54.2597,93.6862,181.417,95.0675,296.991,187.988,336.1974,342.39639999999997,326.5071,75.8722,291.9977,171.579
145,297.4367,44.3794,188.624,153.528,89.2637,178.071,180.143,182.954,308.339,234.66899999999998,201.362,272.193,196.438,179.065,179.498,166.598,53.7974,302.6718,278.32370000000003,168.466,311.2761,278.9147,322.8021,296.5631,311.2435,344.9499,292.4772,172.414,169.349,175.469,68.6995,190.94,34.399,181.526,301.1134,172.919,29.2998,57.042,123.704,177.085,163.357,94.6962,168.106,28.6924,3.85475,234.882,101.666,303.7937,288.91089999999997,60.3293,297.65409999999997,166.425,148.533,154.02,185.043,159.829,58.9532,70.4065,178.919,178.638,255.523,4.15353,187.94,113.278,253.853,66.7973,106.052,277.8435,269.66020000000003,287.3103,34.6023,197.629,274.32349999999997,69.8594,208.418,274.33050000000003,188.854,175.416,176.664,9.06515,277.4121,71.3832,85.1551,194.667,101.185,162.461,180.625,311.9409,315.3908,157.697,88.5599,248.91500000000002,193.85
146,315.3318,37.3809,183.883,169.659,84.7964,169.392,183.339,149.332,308.7897,253.822,159.953,20.5831,182.014,190.399,179.639,185.864,81.0211,313.1356,319.9582,167.495,283.4015,268.1222,322.3519,291.6123,312.91859999999997,325.576,300.3676,191.731,195.677,182.509,60.0707,182.2,47.5047,168.879,322.2192,174.575,28.8399,49.4418,307.7825,299.8269,170.795,90.6842,186.358,17.3462,336.668,274.7602,189.345,289.9971,331.2432,279.9842,311.471,170.312,173.394,295.23720000000003,174.862,180.793,52.5479,173.798,183.334,194.791,131.152,333.4663,165.276,88.3909,293.9486,56.3739,97.9634,306.3308,290.1297,296.5498,33.875,149.134,173.14,65.166,299.29,297.4918,186.393,187.791,140.28,6.29504,296.8719,61.9052,110.509,193.535,84.0843,192.373,201.743,331.4485,340.9146,334.4377,84.8676,280.748,186.445
147,303.9026,40.2625,181.038,184.296,84.0432,187.665,191.85,176.367,285.4836,259.40999999999997,171.306,298.9685,182.173,295.3189,177.907,184.323,121.637,315.0317,286.1907,159.182,294.197,274.0039,322.5632,291.2281,303.0242,342.7571,298.1084,299.5002,194.69,162.747,59.8651,187.082,38.8318,193.816,322.8474,185.048,338.2473,57.3588,303.6678,275.831,172.876,79.1626,161.366,341.8507,332.1333,302.3079,96.3309,288.7137,303.4867,63.3863,288.5708,192.039,170.443,314.3886,175.087,156.601,72.0258,169.833,198.666,180.581,15.1715,62.7914,186.94,93.3896,273.2516,49.626,93.1782,301.1639,260.67560000000003,305.8581,30.561,71.9451,274.76030000000003,67.0605,290.6064,291.8308,206.096,184.254,176.412,358.59791,283.274,61.3662,96.2818,194.462,80.9533,198.652,186.436,313.0989,323.7561,176.019,92.0101,271.244,181.881
148,296.7567,32.2613,170.968,177.064,97.7965,179.244,194.273,280.8425,294.502,249.82999999999998,156.048,318.1058,191.598,291.3892,185.137,173.581,158.561,297.8906,322.582,165.874,170.182,286.3482,321.8901,292.5213,312.0345,338.2677,303.2035,191.107,196.085,183.723,68.2315,199.734,66.2904,314.7539,307.9993,159.262,40.6192,53.4235,183.377,279.8874,171.602,88.3929,184.76,29.7262,177.303,282.021,77.6622,286.21659999999997,290.017,49.6479,292.4226,290.4847,176.319,288.2702,174.422,163.441,52.0353,169.11,286.32370000000003,194.584,311.892,123.075,192.019,86.7296,266.7437,41.6773,100.1,313.73969999999997,285.4669,318.19939999999997,36.2297,170.301,266.2786,52.4779,164.29,312.1809,190.243,196.607,184.902,32.6447,297.0181,58.2691,96.9323,192.895,74.4742,185.447,179.531,284.246,339.2643,169.583,66.5571,86.3039,195.013
149,295.3826,331.61469999999997,175.102,185.476,68.2632,179.083,173.102,171.157,296.6107,266.5756,170.677,307.7856,173.26,246.74599999999998,181.591,181.004,53.1518,298.0516,283.3277,158.917,292.2572,274.9089,320.8743,199.786,294.8184,336.1693,297.4536,280.1703,174.969,174.157,60.0874,188.23,42.1247,285.6918,305.2599,173.769,323.1755,60.1743,346.0666,310.5181,171.775,67.0975,176.515,35.4439,158.151,246.473,354.24309,302.003,289.1874,54.5014,302.5813,154.211,203.252,322.55989999999997,176.908,164.677,42.6587,171.649,202.427,174.001,294.467,310.8688,174.215,75.6994,270.2667,42.7921,118.92,321.334,292.3386,289.8018,37.615,164.968,285.08140000000003,62.8929,174.807,302.5475,185.888,188.245,191.792,5.15391,290.15409999999997,65.4087,91.1626,202.972,105.551,188.692,147.125,296.6789,333.6904,135.034,74.222,273.3813,170.266
150,305.6486,41.6397,175.605,183.785,115.067,185.964,177.137,161.407,297.8906,265.5367,183.539,316.8923,192.214,194.258,178.588,170.305,53.6554,298.2515,306.5664,155.074,192.846,267.3408,316.5686,302.7072,303.5454,331.8744,300.9759,181.7,175.962,182.319,53.8964,193.014,38.4991,301.3199,302.3973,185.693,29.1946,71.0032,309.5584,284.0003,169.3,113.751,147.896,33.2149,196.954,249.63,109.916,299.2499,308.13530000000003,72.7353,295.8691,169.726,175.769,296.3476,180.0,52.9295,54.3904,166.687,188.179,177.785,339.6634,243.369,185.8,92.3472,261.1569,57.5646,117.885,310.4877,183.432,191.835,33.4379,152.904,208.266,49.3942,296.2013,316.6172,174.902,178.434,207.72,26.004,274.6479,50.9965,83.6033,173.571,97.878,168.584,191.216,303.3349,326.9341,324.1758,72.9169,261.8209,177.499
151,288.7367,38.4027,194.882,178.124,71.3942,163.397,179.723,181.182,202.988,253.773,183.692,318.5132,173.294,174.063,179.882,180.367,57.9747,300.115,285.0811,175.68,286.3943,253.84699999999998,325.4096,295.0552,303.2717,331.7909,298.7092,159.012,189.143,178.176,61.1467,191.334,50.7128,198.072,306.4228,172.74,37.9555,49.312,313.1179,302.01959999999997,173.799,102.18,176.064,31.5317,174.317,97.6962,9.79024,302.9125,292.5732,162.087,307.1652,181.312,308.7362,315.0546,184.355,63.3977,70.1314,176.977,185.274,172.803,267.55740000000003,302.6797,327.2976,78.4018,278.5973,74.4305,88.7903,0.293981,275.0126,297.1406,20.6792,193.515,204.381,79.0374,223.423,297.6299,192.61,166.404,202.745,10.7724,286.0789,49.9493,83.2947,183.864,102.559,188.74,158.448,298.1964,315.9271,17.5049,88.2528,274.3506,142.3
152,299.623,47.8697,195.044,172.519,78.9452,180.96,178.781,159.726,288.3944,268.452,160.243,336.026,189.356,184.162,179.107,277.6304,76.019,296.8354,288.3782,205.601,310.8284,264.2039,329.4765,285.58799999999997,306.0755,331.684,305.7647,191.347,178.245,173.772,69.949,195.009,43.1065,193.153,320.4576,178.724,41.9787,60.9039,109.645,281.7119,169.599,80.8904,177.954,33.9219,176.505,299.1225,165.62,286.8386,315.0647,66.4587,80.7794,172.165,306.6333,305.6283,182.483,73.9444,48.2906,171.841,292.6079,181.786,255.825,351.80608,66.1182,88.6862,280.1339,153.722,88.6128,325.4356,73.7521,284.56510000000003,35.9194,169.451,294.0544,55.2358,186.436,318.7567,88.716,146.033,180.032,21.1744,280.4123,54.9145,108.726,199.072,74.3308,193.087,170.339,318.9678,343.2383,25.1724,80.1211,227.489,176.087
153,293.32,40.3414,197.281,174.621,88.45,167.525,174.877,166.328,182.264,246.423,282.9521,296.9501,187.987,88.2041,174.152,173.934,63.8381,301.5451,307.986,190.24,304.71320000000003,272.8106,317.8754,285.8911,303.1611,321.0774,295.8689,184.167,171.271,188.054,61.3935,197.63,57.1297,173.125,319.7403,168.087,36.612,37.1954,10.521,300.4205,179.227,98.1987,174.37,27.5027,3.13195,286.028,346.1487,291.9395,284.30219999999997,59.2821,171.502,170.38,159.061,291.76030000000003,168.532,57.9648,59.2878,180.253,280.8215,192.505,319.0476,267.2982,66.3051,115.202,280.0017,137.653,111.015,322.3563,89.7865,287.8604,42.8717,166.569,263.9694,77.0279,285.5181,310.8066,188.761,166.681,162.394,17.372,288.4088,51.8961,94.2527,186.054,84.9273,312.1715,164.618,308.1729,310.8949,347.6468,90.6059,261.4509,167.419
154,283.05219999999997,40.8598,193.751,186.488,88.9922,179.459,176.308,192.197,202.637,245.586,174.142,299.91020000000003,172.173,306.4755,180.696,162.872,87.9833,294.5335,300.4208,180.96,296.299,250.90800000000002,326.5285,304.4918,318.779,328.0995,313.7153,205.952,166.634,302.7856,59.2718,187.722,48.6355,290.0896,313.3127,170.262,42.3808,58.678,220.693,312.3567,178.895,94.2072,182.581,32.9588,340.591,269.2799,344.6463,313.5443,319.1984,63.0491,170.23,187.378,168.679,307.0551,179.736,170.304,53.9884,150.2,314.9405,165.656,343.1605,87.9825,317.1398,80.3077,239.636,56.0432,97.5036,345.0471,90.6136,290.6933,27.1255,175.601,283.3494,41.0364,226.486,302.345,163.358,139.384,191.467,23.5589,273.5472,58.972,79.9882,198.278,80.0559,188.99,198.35,316.3306,344.2052,130.57,65.8765,267.009,179.207
155,192.054,33.4856,200.162,177.915,96.4005,193.83,187.264,177.968,296.9569,281.0965,169.821,312.61,180.329,296.6852,205.126,179.416,77.9345,306.3097,279.8425,201.975,295.2328,277.486,34.4598,173.206,322.54290000000003,322.5539,303.6367,168.834,184.079,186.27,71.0174,191.26,61.1972,315.6503,26.7502,172.64,41.5772,169.426,174.885,293.8166,163.35,84.5418,170.44,32.3176,338.04110000000003,288.9123,131.424,313.61990000000003,284.3028,58.3145,165.515,159.4,165.269,318.7442,163.272,60.0388,58.7784,167.739,189.859,164.191,265.4261,126.658,306.3841,83.146,262.98040000000003,72.3312,101.841,327.5164,46.0536,275.1694,27.1432,158.191,285.4435,70.5807,59.3667,326.9208,173.166,186.493,188.712,351.74838,261.9883,62.158,68.2722,196.646,94.8865,205.127,166.941,319.5031,339.272,324.2263,92.7022,307.7351,180.694
156,197.448,42.8167,196.81,193.867,70.8165,197.519,173.253,185.702,203.554,276.99,165.434,309.2727,185.589,317.24580000000003,181.151,181.793,63.2865,307.4562,292.0801,320.1579,317.694,274.9711,322.2052,181.906,313.7736,327.5363,302.578,195.167,188.188,295.5937,65.2536,191.122,47.0645,211.883,29.6906,188.512,41.3752,146.363,286.5656,304.5934,181.596,101.113,177.042,26.5607,330.0931,337.8277,0.499106,287.1689,296.0765,68.9926,189.98,169.251,179.708,306.2547,182.485,56.6436,52.2987,168.001,198.09,180.438,252.326,136.078,303.5727,97.1474,311.8655,61.9163,178.183,349.1737,48.7776,301.6194,29.6455,165.755,199.602,84.5934,215.363,307.3685,186.915,174.412,188.754,8.41448,284.6189,51.6185,88.8108,170.395,90.4405,167.736,192.345,293.2312,346.5395,310.3489,81.9138,287.4069,194.457
157,289.7169,45.8971,162.51,176.023,88.7798,186.124,187.706,201.333,200.298,275.3095,168.82,158.956,182.609,278.3624,185.478,163.567,73.1941,297.328,296.3893,286.5685,325.2918,275.2566,325.0261,85.2801,302.94,322.9634,309.5347,197.432,178.682,212.951,78.3074,192.82,36.2223,176.356,57.2191,166.783,10.0904,175.222,179.646,304.8345,182.302,112.442,188.402,330.0963,3.76645,280.5404,117.558,303.4724,286.5049,48.6948,278.7126,183.27,177.677,304.2975,164.778,58.1412,60.3861,125.055,292.972,193.336,323.1527,306.1308,167.284,52.0856,285.0469,62.2061,101.694,340.978,282.5627,293.6046,25.9343,161.514,201.229,52.1883,188.962,311.5681,174.093,166.483,182.589,354.35259,279.1252,46.035,90.788,209.468,90.2044,183.019,181.895,306.7563,328.7248,296.1941,86.3989,266.6116,171.966
158,178.972,38.2034,183.17,177.781,86.2514,207.421,167.742,175.09,193.348,270.7959,192.968,199.35,192.524,170.275,182.388,150.766,77.942,297.5495,299.2809,192.318,316.2919,276.3916,317.9799,298.053,311.6557,334.2933,306.6027,188.13,185.083,272.4576,58.0667,191.284,44.6795,285.4072,70.585,203.481,34.0766,184.06,316.1341,298.528,163.953,86.9934,176.533,36.9512,353.38522,275.8745,86.9961,311.0995,320.3573,64.4975,274.3519,180.086,164.201,291.5251,155.424,54.3382,42.7469,159.318,185.678,173.489,328.1387,324.9777,308.2992,77.8989,243.551,162.463,93.4897,7.29214,283.7291,291.68399999999997,41.7675,160.923,281.5165,62.9298,191.118,304.0192,180.193,180.255,170.592,356.24668,298.2001,142.945,96.4161,180.02,88.5767,190.878,180.18,291.7096,340.8413,166.417,82.8724,282.5536,181.116
159,287.5402,43.0038,165.412,194.163,101.382,167.571,205.247,175.921,182.401,259.433,158.085,189.512,192.446,181.95,208.074,175.486,58.3615,302.1969,312.2362,285.9114,179.965,274.5151,325.8145,281.7269,304.0598,333.0791,295.5931,173.722,170.585,186.033,76.7002,190.276,52.5114,309.08820000000003,297.3927,165.427,31.8571,169.624,321.0062,301.5796,161.075,80.7313,182.442,22.2458,332.4121,266.0132,106.866,285.6946,299.6765,51.1876,295.5307,205.913,300.204,309.996,171.827,65.6996,64.75,172.321,190.682,181.53,285.681,124.043,307.077,84.0041,267.6176,181.388,173.476,348.7922,283.9442,287.5897,30.4136,163.14,201.977,69.2853,194.5,299.2283,172.238,194.549,179.027,20.4009,277.6533,71.2566,102.7,164.161,93.0237,183.231,163.303,316.662,347.5433,136.692,77.0336,301.5747,175.304
160,313.0495,324.3358,164.785,181.829,82.0278,175.077,169.588,155.202,200.067,216.069,171.293,314.9685,184.743,188.651,171.878,169.159,62.4677,313.5332,300.2446,188.722,301.6832,278.99670000000003,316.5837,294.938,298.9035,332.8444,304.6063,187.848,188.658,177.273,54.8804,197.101,56.7979,294.7561,340.969,168.6,35.1763,160.568,144.423,290.7958,171.051,91.2116,182.547,41.4383,1.92886,281.5745,130.999,320.188,306.6228,39.2664,285.3299,175.917,165.279,295.8315,167.483,61.0181,51.2333,177.67,297.3311,166.369,252.369,275.30060000000003,319.7424,94.375,289.5458,172.524,169.545,342.8298,283.5824,294.892,37.4861,165.018,198.157,46.1726,182.477,318.1206,199.473,183.914,160.428,5.56492,291.1018,68.3249,83.6959,172.728,79.991,215.293,162.145,311.5115,328.4828,333.7115,67.7416,273.3082,186.443
161,325.7819,38.6615,127.911,178.883,70.1789,180.457,176.044,153.196,301.858,255.513,152.755,322.808,191.342,309.91700000000003,184.54,67.0705,76.8159,315.1639,320.5109,173.551,315.3375,263.38689999999997,320.3518,300.1716,310.1985,338.4504,289.774,200.283,190.473,182.382,75.8595,205.295,46.7972,301.8181,312.7177,188.669,38.2797,182.226,156.321,291.0226,168.266,91.6209,186.066,43.3773,347.8028,275.41610000000003,121.176,293.2459,283.554,51.2148,309.4486,184.352,173.893,297.2983,197.213,56.9942,54.7255,170.168,319.3101,180.017,327.6095,341.1862,298.8171,82.0958,281.2864,182.568,97.7325,344.5173,287.3669,280.9843,37.0352,167.332,280.9155,85.9026,193.091,306.0344,189.832,179.528,156.966,26.5808,292.3834,77.4356,102.771,192.308,92.575,185.687,199.374,286.2778,322.5707,305.9848,100.217,223.55,74.4961
162,302.123,42.1852,192.947,188.967,80.7742,150.301,153.354,167.01,270.0475,217.497,170.194,327.8665,196.987,267.1135,185.94,62.4695,73.7193,301.9971,310.6046,160.796,295.4121,269.3088,322.3762,312.1127,291.9312,334.8353,313.4901,185.878,161.574,172.679,69.0638,199.701,42.0928,164.838,315.6019,171.342,38.5087,180.027,154.32,310.7393,186.024,86.0372,186.615,39.6357,343.0407,232.607,79.4407,301.1116,290.44100000000003,164.471,282.4894,174.582,162.588,300.854,184.286,46.9913,78.0145,157.654,179.149,163.875,320.5028,3.78634,314.7576,87.2726,315.9442,181.706,107.342,4.96266,283.573,314.1102,34.6202,147.793,192.36,88.189,195.824,314.0261,190.135,189.961,169.409,42.2125,278.3003,59.2871,85.0152,184.776,87.071,119.319,172.873,322.7023,329.3067,321.0763,111.867,256.0,50.5709
163,294.8331,43.9578,166.652,156.561,95.4463,177.686,172.674,167.086,212.464,243.392,184.19,289.1504,186.166,225.648,192.163,46.5924,116.503,271.8802,305.9017,169.939,195.705,258.063,321.8059,55.2583,301.6469,330.9459,302.8145,179.341,176.046,167.895,72.0953,200.117,58.5936,180.343,290.4926,182.096,331.6582,149.42,331.623,298.0524,186.097,78.9019,168.019,33.8437,359.188584,280.9769,98.7097,276.5964,194.109,48.6736,174.592,193.915,175.791,294.1521,166.312,67.3852,55.6447,183.532,308.733,167.098,347.9156,338.1138,313.3601,64.2007,282.5619,201.737,100.481,309.933,255.251,294.4928,43.5065,163.367,307.8181,41.5496,163.036,310.0147,187.441,355.82966,177.188,344.7645,291.6619,41.5048,103.452,162.248,90.6363,298.1177,181.54,303.8896,327.9961,172.457,95.9748,283.6799,174.279
164,293.2448,37.3217,182.811,171.106,79.9196,184.177,171.69,280.5675,201.568,231.619,166.307,308.5217,176.098,177.521,189.481,79.5891,174.252,300.8041,294.83029999999997,166.705,165.068,294.5636,326.6251,66.3022,292.1708,328.1603,314.2818,190.59,193.961,181.499,52.7984,201.441,58.4273,311.7827,251.44299999999998,166.459,42.5314,156.116,155.538,299.171,185.075,77.3448,171.502,31.7997,15.642,275.0194,100.273,320.3385,44.1569,56.1671,159.874,183.172,307.5093,291.272,173.868,63.1861,55.4968,159.028,325.1135,70.0356,332.3895,320.16859999999997,191.004,83.9853,292.5364,101.023,102.83,329.95799999999997,248.149,301.1704,32.7031,142.516,316.1392,59.0336,194.195,315.19100000000003,168.221,331.9773,163.72,13.8756,306.2613,49.7773,104.525,206.22,86.1212,303.7587,179.84,331.1603,329.1185,294.1728,97.0175,257.507,179.949
165,292.55719999999997,30.0475,189.605,189.456,78.4031,198.098,179.288,176.805,314.5122,222.455,179.055,327.5756,188.372,174.736,191.07,60.6241,167.948,315.1491,307.1847,296.1692,175.185,300.7176,323.01,310.0547,288.0351,328.3268,298.4687,189.313,183.092,166.802,43.6387,184.476,46.1817,301.8489,175.761,179.736,329.8811,167.064,169.762,289.4675,169.964,105.327,171.587,41.6056,344.2857,293.4981,343.7845,286.5906,294.017,63.4189,166.367,181.562,152.726,178.073,170.143,62.8406,70.7101,174.768,185.58,160.622,330.0494,337.1735,184.552,85.889,293.5034,107.716,92.9426,332.8549,265.1497,288.13710000000003,39.9639,70.5857,293.2382,52.7675,291.2491,315.06510000000003,198.742,13.7672,299.6112,21.3462,264.7884,55.4883,94.8061,185.105,91.8952,279.15840000000003,184.054,310.776,330.142,327.841,85.2421,292.3539,68.0621
166,311.0922,30.6684,177.137,189.159,92.6464,200.488,163.643,165.411,294.3656,273.9649,177.992,296.8905,174.9,192.037,181.762,190.285,169.453,304.5847,303.3316,162.032,186.901,268.831,317.4055,53.7286,286.1672,333.3036,293.7589,161.746,170.044,191.094,69.2017,202.331,53.1186,309.832,69.0181,182.676,36.381,182.791,151.768,297.8605,195.38,93.7898,178.804,37.7081,352.29479,291.4781,167.064,302.3614,319.7514,66.5254,175.954,158.63,164.871,162.063,203.382,63.5265,57.5578,167.409,174.605,172.018,299.0335,338.3704,189.589,102.913,274.9095,153.156,93.6527,334.2395,255.13400000000001,292.2097,33.6124,75.1262,188.958,55.6653,303.04290000000003,305.7584,191.409,14.029,220.727,16.3714,303.1166,56.8217,105.357,177.872,94.8048,297.9341,167.538,349.697,331.3794,308.29,93.8225,87.7134,61.7375
167,294.3584,33.6039,159.126,168.508,88.3809,173.816,181.119,164.508,206.334,270.1461,177.469,318.0512,174.127,305.3145,176.575,92.8209,164.603,293.8681,302.35,187.013,311.7051,271.8186,36.0405,302.5531,309.1064,335.056,285.3548,180.991,175.048,172.346,62.8386,185.359,42.183,291.5953,182.887,173.862,332.6022,162.869,149.785,289.5606,157.086,83.628,174.744,31.1574,353.6805,266.0709,172.968,291.8729,289.6435,50.2014,76.452,176.317,181.908,166.432,170.134,70.3621,183.8,157.567,276.3324,175.363,110.522,307.36220000000003,172.504,53.9345,252.12900000000002,154.899,91.3528,312.7822,312.70550000000003,281.5294,38.3879,167.256,283.1298,65.3246,311.12850000000003,312.2496,178.309,190.144,173.072,355.53503,309.3745,65.4109,97.268,185.278,94.7729,312.4277,199.242,323.1619,346.3561,137.123,99.2708,278.1358,179.748
168,306.2389,31.5212,165.233,162.95,71.9445,171.393,178.704,173.114,303.2661,252.55200000000002,180.135,200.747,179.372,186.892,181.109,54.1854,156.425,306.3085,288.6035,176.753,285.0167,267.8754,317.5472,289.4975,278.2193,334.1691,311.4765,177.466,168.279,171.488,50.1183,184.851,53.6626,299.4008,146.889,185.139,27.3263,184.083,157.776,297.3299,183.644,100.13,170.284,37.384,9.37059,289.7577,122.439,297.6185,298.129,68.6667,161.806,146.99,172.176,173.718,180.105,60.0765,56.7518,186.0,187.784,186.65,270.6585,95.1387,333.0303,68.1085,274.7443,58.5472,88.2526,334.8538,255.49200000000002,296.7755,37.9008,170.555,314.1093,76.9534,290.642,301.9871,176.732,312.4382,189.736,14.098,281.4193,67.65,111.355,188.704,86.2899,300.3791,182.849,321.6856,351.07202,357.02314,110.11,313.8261,191.46
169,292.4894,28.1991,173.317,182.664,65.1937,198.518,176.278,169.931,299.133,289.1786,171.652,165.892,173.868,181.845,174.231,53.8781,66.935,311.3731,299.185,84.2362,304.5158,279.1862,324.1605,299.9452,295.0475,343.74490000000003,288.3441,137.732,171.872,174.205,67.8608,205.5,44.4043,302.2652,176.893,177.512,22.7179,45.7918,141.223,299.1323,176.372,99.8148,171.796,31.6727,352.01328,271.8918,178.972,301.1873,298.2749,58.0953,167.687,157.118,163.49,172.122,155.546,50.5782,147.088,173.19,303.7956,173.554,318.6704,37.9072,311.1792,76.5274,278.4227,143.911,92.7238,348.947,264.1392,313.366,35.0713,167.509,196.311,62.2255,294.6681,296.065,204.341,346.5605,201.576,343.6153,276.2401,49.6879,100.031,182.474,77.9791,45.4668,180.92,318.1738,325.2339,357.3747,92.9745,248.582,169.171
170,299.5998,46.404,187.282,184.699,99.6935,192.473,177.318,151.544,191.278,245.834,162.977,187.195,185.209,214.32,174.958,56.2135,72.2538,307.9045,286.2247,287.0946,315.5014,264.7573,322.5777,188.235,291.6176,327.2067,298.5431,198.166,199.902,172.934,74.0384,151.886,44.9243,302.5308,315.4175,182.678,322.7289,70.5907,296.8433,283.30899999999997,178.09,112.64,178.012,35.3026,330.2426,272.5757,339.3642,304.3569,285.9633,45.8989,309.1623,163.063,197.79,317.9926,180.7,59.2784,53.5474,184.757,197.934,192.136,124.038,114.129,314.2136,87.3106,286.3532,67.5146,98.2645,334.4154,282.4695,287.10699999999997,30.2772,176.549,166.113,63.2261,234.678,314.7392,189.89,187.691,160.656,1.83892,277.1959,47.0809,92.627,197.078,98.1989,311.789,173.112,309.0366,336.5062,7.27225,92.5308,249.50799999999998,169.134
171,301.608,45.3897,197.256,190.332,93.5521,162.489,172.787,145.094,281.7636,237.00900000000001,215.367,267.306,184.0,205.168,190.484,60.1159,148.278,303.99490000000003,163.051,269.5443,310.3031,260.0233,322.1188,180.774,318.0846,322.0126,299.8508,182.905,200.332,178.489,55.8595,93.6361,50.125,291.6491,283.1127,184.072,324.9239,55.8067,13.7483,283.2253,172.292,74.5492,169.01,37.9221,351.73493,265.1785,274.447,306.1477,304.0878,50.9219,263.2172,175.0,167.312,300.6077,182.272,57.6337,71.9966,69.7985,288.27049999999997,56.378,110.634,343.5312,334.3522,87.4716,249.473,142.223,91.6499,314.7181,297.3665,298.3687,25.7226,182.124,289.1621,53.4363,268.03700000000003,307.1707,193.652,175.965,180.941,16.7131,294.6068,67.9172,90.7296,177.472,92.077,283.9031,161.161,333.3946,320.037,169.048,84.404,116.299,187.926
172,288.4193,37.6353,209.575,183.413,99.2723,197.79,170.8,164.24,316.3241,269.4294,198.026,304.32280000000003,180.915,194.935,175.405,63.9498,162.983,309.853,310.882,188.487,328.1308,279.8421,324.3795,63.1142,303.35609999999997,339.4097,313.1481,186.245,177.78,182.863,71.5137,88.7488,44.0308,296.0,192.1,182.961,31.3206,43.0615,152.81,284.4394,166.576,106.452,174.276,45.9706,352.20234,294.27070000000003,276.1619,305.1239,176.353,78.7738,173.853,171.881,168.487,155.238,181.49,261.8198,69.8928,70.5647,197.695,62.7846,325.3143,265.8729,306.2589,61.1694,250.03199999999998,82.5052,158.69,351.91886,289.0219,300.5526,43.9976,154.966,173.763,76.118,288.5327,308.8172,180.643,195.058,192.364,12.2285,289.2269,54.4074,90.2656,193.013,87.8681,41.601,172.067,328.5166,335.4337,140.619,96.6949,245.212,183.545
173,289.1139,31.5366,170.89,188.375,88.5324,179.104,192.318,172.561,174.514,249.901,185.596,271.9136,184.276,292.7215,185.522,60.8121,70.2286,300.9101,303.4483,281.9773,300.6393,275.7339,321.6999,283.7599,304.3768,320.94259999999997,293.86199999999997,175.598,178.699,162.378,43.8087,124.809,47.9917,301.4205,177.12,183.251,15.8309,69.822,35.2243,293.8238,171.316,88.457,171.955,38.0998,168.121,260.8848,339.8914,300.2588,103.229,62.6067,168.524,298.5584,290.6345,179.197,154.188,168.117,67.7905,57.1432,210.066,63.5885,18.2954,357.73949,318.7211,59.3945,257.687,52.9181,133.084,317.0351,259.275,310.437,37.3584,175.02,266.6635,64.2315,256.699,314.638,182.154,187.145,198.459,13.638,277.6927,56.0806,103.846,198.773,101.623,52.0828,176.149,341.4747,319.2961,162.134,85.0598,254.61,184.393
174,305.5249,36.9713,192.205,170.171,103.335,210.196,174.592,171.367,289.2536,251.195,173.383,179.878,186.936,163.069,175.771,200.316,72.8448,291.45889999999997,290.2507,169.587,301.2487,294.867,322.0181,67.2836,296.4138,323.763,306.5681,165.952,170.341,169.504,44.8718,103.524,58.4415,179.195,24.5554,173.639,39.2927,52.6552,176.655,282.1377,176.168,80.33,168.692,41.403,168.128,299.07370000000003,302.85360000000003,290.34569999999997,284.6691,59.3285,154.851,295.6189,175.826,150.194,156.616,192.664,80.4234,65.657,163.46,56.1763,268.3274,7.60163,311.8832,91.0721,261.7643,66.3971,107.975,309.9509,277.3209,299.0066,330.9837,176.955,196.565,61.4221,280.1717,302.6449,179.42,356.30242,171.831,339.5238,283.5011,47.1443,93.0429,189.477,101.282,316.267,182.437,305.4143,340.5495,138.14,105.113,288.7386,177.615
175,270.8761,37.8904,190.737,184.061,69.1617,176.149,183.654,165.07,284.2163,270.4626,158.311,179.884,184.092,176.764,190.621,319.4843,63.5354,315.4592,300.3958,180.079,286.16679999999997,262.8396,333.9934,300.7307,310.3211,325.1174,297.918,293.2527,199.65,166.783,71.232,84.2786,49.3306,197.699,312.3993,192.963,34.0823,69.0946,287.82550000000003,291.24469999999997,176.235,90.5014,169.045,35.6105,174.672,297.0391,112.146,288.6049,292.8265,54.3768,176.714,152.896,162.15,288.2418,181.15,193.809,56.9902,185.885,182.917,71.5522,344.4369,136.169,298.9207,54.4459,288.1137,52.4945,105.57,338.9037,278.5707,295.296,38.8394,162.271,317.1389,62.4712,311.5322,303.006,204.734,356.44492,193.204,24.3499,283.672,44.8157,93.6427,194.528,100.256,301.4568,183.124,322.2815,320.6154,154.522,97.4868,246.43200000000002,173.155
176,277.1559,47.054,187.476,170.349,85.7701,184.969,188.345,188.581,195.632,273.7627,191.74,180.973,193.632,283.8041,190.82,333.0815,91.817,307.8765,308.9223,182.425,321.8772,267.2103,316.5951,288.72,296.2807,320.7078,305.8976,194.663,193.629,167.749,72.8953,88.942,59.5993,187.496,302.4344,175.323,326.4087,75.3795,4.50127,298.50419999999997,170.123,91.9418,169.524,26.4453,164.412,286.4778,279.34770000000003,303.939,192.965,73.7075,155.45,186.992,165.811,295.3301,197.357,158.314,174.119,174.15,307.1028,167.155,256.95799999999997,142.294,302.6884,71.3109,267.8492,160.438,93.3675,321.2901,286.7641,198.669,45.1457,151.253,184.225,56.9004,214.837,313.9194,203.391,4.31483,180.649,358.16919,277.7692,60.6488,106.748,172.413,93.7843,305.3418,178.233,327.05219999999997,355.65109,103.56,88.1267,232.56,179.587
177,276.4766,44.7147,195.409,65.2179,60.3802,175.285,165.909,285.07,309.076,271.6059,160.841,39.6942,178.041,287.44100000000003,181.56,314.8094,71.4794,300.7289,310.9106,176.472,299.5841,283.2152,341.5475,294.9212,301.2111,328.9524,310.2357,186.589,182.614,177.228,57.8641,101.247,70.9938,186.4,187.164,194.319,337.3029,58.0251,146.82,285.8402,161.078,97.32,172.49,18.9052,143.062,257.73900000000003,320.7985,282.9219,156.93,68.2486,160.957,298.3671,167.492,302.6554,170.965,179.518,63.4237,173.205,180.59,173.913,16.2968,22.5185,318.0538,63.2891,284.7124,64.9738,119.27,336.2538,282.7283,200.154,44.1473,73.0111,76.8413,57.2208,154.963,303.2446,194.39,336.6573,223.761,357.51196,290.163,58.9593,95.5999,179.853,90.4986,184.559,193.456,294.2568,312.6946,280.8565,73.3031,283.6069,160.057
178,291.3446,43.4356,175.789,176.83,78.2447,208.167,171.231,215.832,202.861,267.7508,180.856,173.911,188.331,164.943,194.911,316.286,77.7584,302.5043,297.5462,171.112,303.89639999999997,269.7666,323.5402,290.7437,303.3294,324.7854,309.6158,191.597,180.101,165.637,59.4624,95.2994,55.0857,181.11,66.0806,181.032,324.1903,56.6379,336.8507,303.4492,164.411,90.5021,159.746,47.3886,150.24,260.3097,335.0486,297.9416,293.9543,67.9159,157.942,293.0144,158.395,297.2634,161.755,203.697,283.9623,158.104,291.7865,162.18,356.2681,281.0014,173.391,85.5785,279.6264,62.7344,109.468,357.75545,20.3257,288.9406,40.9733,71.5732,165.472,65.0955,264.6426,312.2983,165.952,349.8676,172.69,15.1428,295.4206,56.3726,96.3811,195.867,80.8074,291.413,193.97,277.0501,350.35414,302.6576,72.4068,254.087,186.358
179,299.4597,41.9403,191.651,162.584,92.0329,183.173,173.109,302.8687,217.074,261.545,185.877,172.639,184.137,189.083,172.477,319.4736,90.462,292.7373,304.2299,137.416,322.5897,265.22950000000003,32.1177,309.4901,319.2655,332.2396,296.6799,185.583,186.531,181.501,62.773,99.281,40.2614,194.612,76.5889,174.056,346.8508,67.1032,299.5432,283.55240000000003,155.868,93.0265,190.295,41.5364,335.9963,283.6805,355.14552,294.2866,198.418,48.3506,173.267,280.0231,157.106,297.5836,169.349,171.751,271.6431,178.802,301.9374,178.958,3.88406,326.8072,175.691,78.649,273.1386,67.6483,108.513,316.8049,83.3349,229.043,34.59,151.903,283.2258,65.4382,195.308,298.3275,181.076,10.7066,183.004,343.2607,284.344,64.0873,95.2844,192.67,92.2844,46.0125,170.575,1.45096,339.284,5.09708,92.7368,263.4382,184.742
180,296.1535,42.7843,189.884,173.667,104.272,173.633,173.065,294.3829,191.168,249.75900000000001,178.02,168.623,182.628,187.967,194.153,305.6128,65.0971,311.4155,288.04449999999997,170.594,309.8532,290.55989999999997,323.9922,298.2314,302.6265,329.8393,310.9117,188.219,216.586,183.375,58.6944,104.187,56.5933,172.769,298.8278,172.381,317.957,70.0869,129.426,290.024,194.588,88.2699,179.397,25.7291,355.06643,280.3922,125.307,306.0792,277.48969999999997,56.2653,176.472,302.3347,173.559,327.2685,188.448,44.2913,186.441,175.408,309.9817,162.635,298.0688,129.78,191.132,71.4012,279.5068,137.947,92.5938,311.3681,83.2079,304.8467,324.1787,163.343,308.4434,57.2326,307.609,319.9018,187.206,351.2719,276.82370000000003,35.1059,284.4593,57.7716,90.1944,178.889,94.8662,49.2683,190.941,316.40840000000003,355.32237,313.0832,81.9896,266.1828,186.9
181,303.5336,33.838,183.595,189.902,87.8192,196.141,185.252,289.0503,304.22249999999997,275.396,177.393,187.26,192.199,205.772,182.352,309.9275,71.5358,303.2709,286.342,193.278,316.8119,281.6114,324.0152,294.1324,301.4981,352.59029,296.7279,149.618,188.254,184.582,78.3395,123.297,51.3031,160.572,307.8365,164.056,320.1874,76.007,329.1392,304.8913,191.916,92.0517,171.603,15.7699,4.85425,264.6008,1.08727,304.0914,215.951,49.2587,177.924,288.0204,144.801,315.1755,138.868,182.791,301.7278,176.783,180.602,50.0278,286.9144,327.89549999999997,194.611,65.2556,299.0395,75.9168,99.4552,332.5266,283.9033,302.2587,336.4819,162.027,290.2127,56.2094,191.534,313.8119,170.716,207.535,257.065,351.72761,283.9332,53.2265,110.935,181.252,78.7463,303.4314,187.146,334.5236,322.6524,275.582,117.31,264.4579,181.615
182,296.991,39.0468,168.451,168.071,99.4104,200.445,161.058,302.7677,316.9859,265.59159999999997,196.96,201.759,184.573,170.685,186.739,318.6728,105.523,313.0972,304.4116,176.871,299.5576,290.664,31.9239,294.5007,297.596,338.6025,294.8454,203.407,174.286,167.27,53.3105,155.466,47.3148,169.778,316.1497,188.803,326.8598,62.8681,314.3874,284.5555,159.577,101.73,162.782,31.4887,186.257,303.0451,137.002,289.2586,304.3936,83.8887,178.581,190.749,165.683,291.5323,161.826,297.2668,299.3249,164.667,197.66,168.973,243.35399999999998,337.492,176.113,89.1922,256.13,75.0125,90.7054,329.8301,272.1123,269.5256,41.714,172.742,212.173,60.9356,190.496,314.01120000000003,187.818,192.576,175.919,357.09909,286.4948,57.5823,79.7808,183.054,91.824,296.9174,172.283,309.1667,325.4759,119.814,86.9703,81.0771,184.052
183,310.913,50.2953,202.491,175.762,71.8602,182.031,160.483,297.4439,200.245,260.7869,190.278,304.5613,180.649,299.0613,175.898,307.0608,56.0397,294.98900000000003,299.9797,195.108,298.0082,282.5206,28.0242,305.8521,288.2541,324.4696,313.9246,172.806,175.835,171.22,68.4497,174.206,54.367,304.2197,298.7988,170.749,35.5594,56.3177,304.9838,306.5612,176.006,82.3231,161.796,31.7608,170.475,269.1088,103.986,283.9317,283.7022,46.0479,155.658,177.846,159.494,302.6372,169.816,163.067,43.7381,171.72,198.781,173.085,248.227,129.265,182.381,78.1831,308.3457,64.1859,100.531,356.81102,69.7051,308.7765,41.1219,159.977,297.6607,55.3173,64.6879,301.2845,207.975,131.096,182.044,13.1963,286.9223,58.8017,74.776,185.841,90.4219,304.5554,189.1,324.694,338.4307,169.052,94.3773,249.987,65.31
184,296.3764,42.4444,165.376,303.8894,76.3545,167.425,172.588,292.5074,300.7602,269.0054,177.242,325.6087,188.544,280.4893,165.639,300.3425,58.8821,301.6952,292.4383,168.696,187.714,279.63599999999997,326.4376,299.8752,287.0804,344.5171,275.1818,183.726,193.634,163.674,61.5403,163.38,44.8441,288.2803,301.83140000000003,182.261,336.9397,175.701,51.6769,277.4816,140.729,83.3038,176.05,41.6342,164.75,279.7173,273.0148,295.7421,292.9239,63.7931,186.588,176.079,288.1319,178.001,194.815,171.992,284.6731,174.255,179.85,156.785,22.0187,97.3406,224.525,101.212,269.7715,63.6923,103.737,341.6373,85.3426,286.40409999999997,38.0808,156.876,199.469,69.3493,187.083,296.4352,172.529,2.11278,139.382,21.0638,286.4776,62.4172,95.4987,199.718,99.3984,278.0182,181.451,0.36425,334.6032,14.1593,100.548,243.724,77.1066
185,281.986,41.5739,180.524,296.3528,65.5023,196.911,159.715,276.15070000000003,185.595,255.111,188.308,331.592,191.606,310.3935,197.315,327.8272,278.5252,298.9653,311.1062,156.49,304.5888,266.9522,329.1554,299.5303,295.0862,328.9325,290.0336,174.533,188.727,178.91,68.6217,80.9451,57.4175,300.1312,303.6081,158.359,11.7997,166.406,338.8029,313.12080000000003,188.747,80.132,190.492,30.0887,352.84416,265.6638,328.5404,280.9262,281.1949,47.9309,164.439,169.63,295.5491,159.075,170.283,155.97,299.6108,161.262,211.606,182.118,69.0107,103.584,177.018,69.4975,274.6148,148.214,100.366,359.330979,85.8293,303.3818,35.6494,167.436,317.8951,70.9367,188.403,296.3139,201.167,20.5853,187.519,317.5345,290.78610000000003,60.7883,105.281,186.0,71.9362,290.66679999999997,186.6,324.4034,338.34680000000003,4.30325,76.8054,159.116,315.0041
186,291.59770000000003,39.5817,195.774,289.8745,77.5534,170.419,173.903,282.92629999999997,293.1368,274.23,188.935,187.605,181.113,153.9,184.353,296.6636,291.182,291.724,303.496,198.881,312.6115,295.24559999999997,328.5668,274.2636,303.7084,328.7224,314.7814,169.14,183.128,174.971,67.5041,97.3297,68.0331,290.6434,43.1911,184.5,34.1639,164.386,189.668,286.9379,175.969,91.174,200.022,37.9595,357.52333,252.80200000000002,330.5488,308.1025,310.1889,73.9247,179.427,339.5235,297.9995,152.598,170.634,172.764,64.7102,160.567,169.019,185.89,275.7857,286.2315,183.782,58.0077,289.1589,66.7975,93.2093,10.1949,269.71569999999997,285.334,34.0677,143.399,288.5469,75.5163,284.24379999999996,304.4249,195.932,2.51581,185.531,350.4125,287.0922,64.0235,76.9357,194.462,100.064,70.8373,174.181,337.1154,344.1611,322.0951,94.8078,179.998,167.973
187,297.6115,33.0257,195.929,291.2825,80.4885,181.485,157.231,294.097,206.188,268.1069,280.9526,180.065,187.254,157.626,168.997,330.4898,273.7478,303.0989,293.8452,176.767,316.274,278.831,329.1511,294.5868,320.1588,321.1981,313.2147,187.928,179.519,164.556,69.6286,82.1271,75.4947,186.967,329.9565,183.435,38.4845,175.179,124.174,298.2045,161.994,87.8603,174.336,45.6078,332.2682,295.8521,333.3147,282.9733,177.707,45.2484,161.775,301.6758,154.056,153.151,167.663,191.908,62.2395,187.807,310.2728,176.363,123.559,8.67391,182.829,81.3088,256.171,60.6409,97.6934,324.0521,300.1143,282.76890000000003,38.1715,80.6917,191.78,58.9571,282.266,305.2275,191.048,12.9246,173.649,27.803,294.363,52.7964,106.618,181.286,85.9741,35.7756,182.92,355.62049,344.8784,14.2633,103.402,300.8559,185.045
188,298.7245,31.6293,195.292,319.1339,91.9341,173.714,146.956,303.847,212.837,259.284,198.542,173.757,194.482,156.617,186.167,317.293,138.285,300.3239,300.59929999999997,196.113,306.9653,260.4544,330.9472,297.5427,304.4328,339.8667,308.2489,172.394,170.845,182.871,54.9639,183.9,41.8676,170.501,311.9678,185.478,48.8716,168.669,131.254,296.6269,170.557,90.6503,182.169,41.7448,308.2706,267.7593,94.8985,306.8164,181.144,59.4366,151.908,175.673,170.962,151.766,155.41,306.94870000000003,48.7319,170.728,290.9099,172.205,341.0373,352.74788,173.37,99.2872,279.1729,139.591,99.1903,297.5591,288.0335,294.1713,32.5516,160.805,176.236,66.9584,181.925,313.5406,181.253,7.77736,177.704,351.29048,283.1309,64.8601,99.5195,196.748,94.0455,34.5273,183.096,339.998,334.3389,349.995,69.772,277.062,173.007
189,302.359,30.1979,189.69,280.5114,96.1752,167.249,178.288,299.7248,201.252,261.1141,173.808,295.2239,194.396,202.228,194.332,326.3678,44.558,302.6716,301.0192,173.102,306.3867,261.415,324.6847,301.8246,293.8166,321.6787,288.55,190.486,184.945,169.82,69.8646,194.879,67.8497,191.364,185.136,169.254,34.5455,170.578,183.17,293.6738,169.346,90.9963,175.449,45.0008,177.493,271.9925,72.0569,311.3283,162.428,55.5759,165.405,184.579,160.5,161.034,172.179,301.6572,56.3927,172.008,169.633,184.386,112.37,291.2528,183.885,91.4725,262.1367,144.885,104.395,331.7673,267.2341,293.0426,43.3511,163.119,325.3032,66.4653,288.0539,306.4659,198.482,342.3234,183.509,348.3204,304.5656,75.1443,86.863,215.772,97.8149,53.7264,181.781,338.47090000000003,350.02608,279.1949,72.3511,307.014,161.279
190,294.8058,39.4413,208.383,294.8714,65.9534,206.21,182.431,293.7412,291.1297,277.9764,186.565,301.4784,170.607,186.985,192.623,307.4234,75.2073,311.7178,300.779,284.6047,322.3368,275.35339999999997,325.1235,300.0332,315.859,327.1258,304.8397,163.137,186.279,173.91,75.4818,184.924,41.3752,282.4452,161.561,176.806,33.6821,172.021,320.8202,288.757,181.231,83.732,159.818,27.5445,165.032,308.4668,333.0245,302.0449,124.772,55.2472,304.8402,66.6596,154.031,63.288,172.094,298.787,64.9882,178.836,285.35429999999997,168.346,331.1916,330.0,181.962,80.5191,286.8032,76.2337,97.404,324.66610000000003,273.2471,313.7494,27.5768,168.544,324.8359,41.5354,183.92,301.7824,182.625,14.7291,172.664,328.1666,286.5152,34.5881,105.922,182.29,86.2868,50.6431,189.838,322.3469,321.5181,341.5116,80.6684,298.0845,188.101
191,283.297,36.6909,187.362,288.2203,100.771,167.2,178.474,292.9187,201.256,249.70999999999998,186.478,303.7609,186.49,177.396,163.874,304.412,69.1244,299.1717,303.0578,171.664,198.744,281.852,323.4445,317.7367,301.726,32.9326,291.4792,178.195,191.288,167.506,72.8815,196.354,50.8127,173.946,273.4748,160.344,34.7861,147.644,328.7499,144.014,188.658,106.416,171.557,31.8318,146.568,295.3644,83.796,297.375,307.671,69.9639,300.0538,293.96320000000003,158.414,174.267,179.924,301.02049999999997,297.8871,160.145,185.918,159.481,336.3893,349.3798,183.215,72.9932,276.0363,73.2714,98.2304,4.36521,294.7416,291.5888,35.3037,166.097,284.77139999999997,44.7298,282.0724,306.9847,181.106,176.87,282.3998,20.8553,284.2206,61.0827,93.6571,187.566,98.7121,282.8297,157.938,319.1877,326.5123,13.2516,102.711,254.46699999999998,166.0
192,291.6828,40.1161,178.052,306.1258,96.0229,202.487,161.376,291.0661,198.452,268.9708,183.377,312.9339,179.25,170.284,176.246,312.7501,46.6866,309.9004,297.65999999999997,204.907,301.401,275.353,317.7496,194.17,283.8712,331.7367,288.0123,194.7,195.764,175.467,61.2472,186.505,61.2387,190.63,32.427,143.602,36.1618,60.4169,313.969,304.9886,175.856,100.375,175.549,32.0053,182.55,288.2587,95.3508,278.2912,216.802,78.0694,309.1723,286.4415,147.926,291.8656,165.517,309.7672,292.19939999999997,66.643,174.859,183.305,6.87195,1.09371,184.803,103.686,260.4568,72.0768,89.9157,355.02523,297.696,290.2012,28.4373,161.536,182.113,45.9832,191.92,310.1032,178.556,185.791,304.9398,356.69627,295.4932,63.3953,108.244,176.724,90.1384,208.104,183.087,150.62,309.9061,3.45434,75.0914,274.3718,183.52
193,301.7267,44.2039,86.4617,300.451,73.2264,172.126,162.503,308.782,301.5792,254.54500000000002,182.047,333.1499,188.033,161.332,174.476,304.3541,62.7175,305.1363,293.5324,190.478,296.1834,275.16700000000003,325.2212,300.71320000000003,291.1116,334.5761,306.4549,189.277,182.036,191.88,72.9383,195.034,51.0704,161.894,71.6466,198.571,328.6634,52.0981,321.2558,300.037,165.753,80.9374,180.309,41.2786,175.673,267.894,101.426,302.5777,295.18330000000003,63.9098,151.289,155.915,160.281,306.2938,178.991,307.2232,289.1288,47.7353,180.964,179.575,359.9896281,3.59575,194.543,78.8842,275.5056,152.471,88.8221,337.1393,269.781,288.942,34.8721,170.89,196.55,56.0172,190.358,309.34839999999997,181.408,350.39644,181.16,8.3853,277.9944,49.3426,102.46,199.292,85.7131,180.943,180.145,166.464,336.8197,168.457,69.8112,306.0439,178.68
194,296.089,23.131,193.222,291.4526,88.5389,185.244,176.659,310.4175,186.983,253.79500000000002,83.7091,300.9221,171.194,281.10519999999997,184.811,329.8008,74.8243,293.8721,320.2902,187.396,310.1319,257.786,327.9553,301.3486,296.433,338.4008,293.0748,196.779,184.428,176.356,66.2491,153.908,47.4608,184.861,50.7985,189.471,29.0615,53.5627,44.0874,291.91589999999997,160.981,101.391,182.931,329.054,177.086,256.865,149.149,299.9948,297.1637,75.3349,296.2708,177.122,168.16,324.8265,181.762,152.818,294.942,49.3583,295.6932,184.693,353.96048,356.14527,200.022,94.4483,301.4812,56.2329,153.182,331.6989,304.9307,307.7318,41.5481,171.704,209.365,75.392,270.3856,295.9703,202.745,180.872,184.773,17.4778,284.7865,43.9067,92.0489,189.673,90.5043,301.3175,173.289,141.667,326.6108,153.663,96.3915,82.8991,178.788
195,295.7722,45.0001,205.077,287.0827,92.5833,164.212,170.587,305.8363,194.836,237.159,176.334,323.7591,178.54,323.05830000000003,191.088,318.9701,52.8655,295.3816,301.2708,164.369,306.3255,269.5197,320.2739,301.34590000000003,304.0589,326.0256,300.2045,293.4477,196.305,181.193,77.0493,186.001,63.8398,184.118,308.3181,176.029,36.087,62.7215,104.029,289.7923,169.61,97.4264,167.114,29.1995,197.092,287.477,100.516,284.6004,274.459,60.951,168.141,176.496,189.852,291.5509,178.927,290.961,271.6177,59.0203,350.95880999999997,187.741,0.344798,334.2509,168.522,93.9006,259.585,80.449,90.1981,318.66020000000003,293.4528,284.43510000000003,35.1023,163.979,200.904,60.6682,301.5774,312.3749,189.319,168.456,162.469,2.48434,283.7926,44.5288,113.346,207.264,79.7473,179.52,176.466,169.574,329.5315,350.24464,85.9486,271.3814,192.454
196,298.4945,42.8231,170.263,283.1009,64.1235,191.658,171.168,303.5653,297.9301,278.6046,175.985,304.771,184.242,290.8157,188.76,305.1347,72.2306,303.3201,302.8584,250.171,283.0569,298.0025,29.8251,283.949,277.0313,327.4356,309.5679,179.442,181.755,167.487,46.0962,175.17,47.0754,175.457,296.06510000000003,180.091,34.5242,152.422,289.1406,292.9816,168.629,114.194,178.592,31.4746,140.133,275.9833,72.9812,307.7765,298.9953,50.6373,308.3356,180.575,170.561,300.3367,170.807,164.433,318.1913,173.108,193.156,205.641,348.9546,340.5074,180.698,105.743,288.4038,164.329,97.0611,339.8612,286.9172,296.3795,33.5034,151.34,293.4984,61.9171,292.3564,298.6259,186.869,307.3423,159.999,356.34384,286.1107,51.6798,103.072,204.231,91.8729,182.094,179.59,148.285,324.4065,133.765,84.0418,278.0238,173.487
197,311.863,24.145,183.683,293.0769,71.6374,175.189,169.27,279.8347,303.68399999999997,268.4738,179.455,321.8402,187.835,183.743,183.226,309.9957,182.375,307.9329,275.05920000000003,248.894,183.46,265.653,314.7336,292.3924,309.7846,331.4648,294.11879999999996,195.139,190.425,167.487,63.6858,185.054,51.2006,184.842,300.0219,178.588,35.875,161.291,151.168,295.1166,174.765,96.9028,164.131,24.9278,125.555,272.81669999999997,95.9096,309.20799999999997,299.6354,61.5635,325.7322,196.372,183.339,302.9078,162.405,189.249,298.2932,164.707,177.183,175.124,309.6491,11.4375,192.804,82.6064,296.8257,134.828,90.2549,325.1526,286.103,279.9017,25.6993,152.052,310.5148,66.1787,195.789,298.323,195.013,197.915,169.28,9.99919,277.4124,61.7891,88.5597,167.565,87.9656,161.835,160.227,134.963,328.9995,311.2475,100.432,283.90319999999997,188.761
198,296.3772,36.012,140.488,295.3752,73.7186,195.285,175.665,293.1506,297.57280000000003,256.428,189.286,305.4814,166.993,195.409,173.735,305.6784,45.3603,295.6656,316.84770000000003,182.964,184.274,259.258,328.3861,296.6295,299.7596,332.9749,286.6898,180.592,172.832,163.237,66.6775,181.731,42.1238,183.13,310.8501,183.25,45.5839,174.88,162.913,314.4304,182.637,89.7664,175.839,23.1821,146.745,278.5558,129.569,298.0688,301.6425,61.4096,170.618,187.836,294.8045,298.20029999999997,181.824,176.307,303.6123,163.199,273.01300000000003,172.28,303.7801,12.4866,179.657,96.7424,289.3517,68.5841,85.2832,308.1807,321.9622,300.6885,42.1898,191.882,322.0319,51.4098,174.374,318.9742,175.369,19.9497,192.833,10.0649,300.74490000000003,39.8096,85.9358,178.311,72.9534,195.07,184.242,149.399,338.2814,155.678,103.199,266.1999,165.761
199,281.45029999999997,32.6822,184.286,298.6856,89.1413,180.823,174.567,292.07,315.2634,284.85360000000003,200.595,302.698,178.029,153.954,173.783,307.83299999999997,58.6393,314.1402,304.5941,290.1475,315.3884,260.2363,309.2058,300.6968,295.65819999999997,327.1402,298.1103,178.601,199.454,161.759,57.5133,190.942,47.073,161.461,288.21299999999997,181.937,326.7827,171.038,331.77819999999997,296.2204,168.943,106.766,170.896,33.6824,175.394,284.7185,101.494,291.62350000000004,317.2733,72.1126,156.726,176.122,299.8171,173.956,167.706,175.275,294.6222,168.789,282.6393,180.221,18.8753,93.1303,175.628,80.1814,260.1019,59.0917,103.208,319.3866,294.3051,298.9599,24.9407,54.5491,288.3223,59.6797,191.408,301.1234,299.2565,4.08206,185.753,15.9233,283.6368,65.398,86.6977,194.477,88.3407,191.47,191.326,167.797,339.2208,159.107,81.9503,286.0997,181.946
200,288.90250000000003,37.7219,176.865,287.59770000000003,80.6533,149.878,181.3,297.9713,316.2165,259.402,168.299,304.2083,188.249,170.986,170.944,306.9799,58.3139,313.7817,290.17740000000003,190.442,313.81510000000003,263.1415,329.8675,295.2434,293.0186,323.7861,307.4883,196.725,184.769,163.054,65.4337,176.39,46.0593,189.061,302.0218,175.658,36.5836,156.624,296.26890000000003,300.5604,183.36,77.017,178.965,45.6539,181.599,267.5102,17.4904,284.0528,285.0138,55.278,56.823,184.597,306.1011,298.2504,168.481,180.955,300.9285,174.255,177.321,166.288,354.52832,279.0236,179.039,107.912,287.4633,56.9699,102.274,315.9287,267.1227,271.3539,35.2772,156.756,302.0941,73.5551,303.0947,304.3466,290.2321,341.8849,191.178,325.6321,286.4056,60.3889,90.6096,204.646,104.596,308.47429999999997,178.239,160.38,326.0232,338.1494,72.7681,244.37900000000002,165.664
201,294.543,32.2972,178.262,285.7634,100.237,175.946,179.737,296.8954,288.991,248.975,181.944,311.3635,186.577,164.687,177.329,318.5527,65.7056,285.1427,318.0125,171.125,304.65070000000003,267.6326,320.425,308.1639,304.2185,331.6431,297.6388,180.853,173.234,182.115,66.6792,147.087,56.0116,179.273,303.4776,183.729,324.8199,169.541,324.9205,292.71389999999997,160.979,102.181,174.393,39.6822,165.846,236.59300000000002,106.055,293.9352,198.978,76.512,283.1596,175.249,172.262,300.4049,180.132,302.1719,287.128,161.59,296.55740000000003,149.754,97.5098,351.65248,175.768,79.7372,286.6126,62.4702,97.8098,316.5075,283.8023,283.8881,336.2325,166.803,324.2777,76.4602,160.832,311.4317,175.833,350.94946,295.5394,13.4677,268.58820000000003,62.3482,93.8062,178.271,101.226,304.5952,182.558,157.282,340.903,307.4157,76.1188,181.032,168.037
202,299.2106,37.3582,193.087,279.09590000000003,95.3237,193.403,179.969,289.96569999999997,294.3079,246.003,186.953,85.7146,180.808,163.505,176.707,305.2644,82.0438,309.9325,316.6945,197.107,328.2886,281.76959999999997,326.6222,280.8759,318.7803,330.342,313.9782,179.098,172.061,165.352,69.3372,188.655,53.8287,166.448,11.8512,172.024,43.7467,173.142,290.3525,282.8354,154.194,98.774,158.022,46.6057,336.1028,264.8179,336.4157,294.1405,270.9314,57.2547,301.7566,165.085,314.4667,290.6078,172.587,275.7543,296.8406,161.996,175.405,174.644,351.73089,350.90406,302.9898,105.461,267.009,57.3817,89.0937,320.1313,248.924,284.9952,25.5892,167.46,312.7123,61.8144,65.3847,294.7717,177.592,26.3271,188.335,6.97434,279.1097,44.2935,92.6099,187.203,87.134,76.7759,176.669,166.389,331.7693,5.1574,91.4441,279.9695,177.608
203,305.7708,33.5215,175.169,291.82370000000003,82.114,180.971,157.811,298.75350000000003,295.40049999999997,243.031,164.634,182.717,180.55,162.11,191.827,310.7849,37.6482,305.7066,326.6598,196.658,280.5048,253.308,320.0889,295.5052,292.1856,323.8902,308.4861,184.211,161.385,184.948,68.0149,184.927,54.5043,178.047,296.2927,169.42,33.2949,186.906,162.323,291.82280000000003,176.818,78.9441,174.777,28.4122,355.06708,303.553,109.636,301.8535,284.7594,57.9878,291.4353,170.386,320.4759,286.1952,179.007,272.6196,297.812,165.787,181.534,178.615,140.816,348.5304,307.744,82.2453,269.2023,74.4292,100.288,319.4096,268.4594,291.1496,36.0116,158.3,196.193,63.6353,214.348,312.8563,191.683,2.33003,182.041,359.775215,287.0111,41.8099,93.4348,199.022,85.9179,155.128,181.898,162.696,331.7194,172.73,73.3576,280.7725,178.483
204,301.1184,43.7497,191.234,270.508,91.9717,157.569,166.387,283.4198,174.225,243.99599999999998,185.364,307.5344,178.548,291.7966,182.464,319.3156,64.3865,301.0096,301.18330000000003,196.699,314.02819999999997,277.29449999999997,333.7036,305.9223,300.8518,322.9315,295.3089,189.747,164.299,177.171,55.85,209.425,38.3374,181.706,297.2242,185.449,41.3792,182.991,334.5184,284.222,161.039,112.155,179.54,35.3668,357.36858,295.8586,0.224587,295.1942,181.478,71.463,313.8896,184.777,292.62239999999997,310.7496,191.94,294.09000000000003,283.1905,170.206,181.678,207.371,357.68201,352.7799,308.3135,67.4512,265.4343,141.163,89.838,348.1601,256.23,287.0923,24.8631,166.013,298.105,63.0681,287.155,311.7587,180.0,8.19438,179.239,348.7731,293.0718,44.7829,83.6323,177.88,82.9144,193.173,161.163,139.138,339.0579,171.341,95.3676,263.34860000000003,51.8889
205,308.2203,39.9209,92.7227,299.5762,89.2456,177.529,166.338,288.948,297.02750000000003,259.80899999999997,94.3419,313.2707,192.277,301.2281,191.774,308.39300000000003,62.9385,298.8368,307.54359999999997,177.994,287.9857,239.296,316.0222,295.7808,309.9236,329.0671,297.0837,173.342,175.187,184.239,54.737,178.918,37.4784,180.145,298.1304,162.303,350.50058,158.187,340.2914,294.1665,186.382,88.6985,177.358,31.398,355.26248,283.5881,349.9054,302.519,169.652,74.2633,300.2874,166.155,300.0075,304.2774,174.222,271.1519,267.9338,150.367,211.459,176.291,325.8129,117.682,325.5478,105.683,262.6665,65.5117,57.2958,355.25571,278.19370000000004,295.3109,37.0581,161.808,189.012,58.7049,196.094,302.383,164.219,345.2646,180.21,15.2114,288.105,61.5089,93.79,182.293,92.3927,190.508,174.141,149.28,326.7846,116.51,87.718,270.4597,185.841
206,279.02819999999997,36.7995,169.854,282.8096,73.457,178.762,157.306,295.8619,307.2488,267.35609999999997,194.373,308.67560000000003,182.526,203.281,176.285,311.6699,58.7434,275.7626,287.4825,187.071,305.9968,262.2027,331.9188,296.0438,295.2171,322.5536,302.8132,175.091,193.605,178.317,75.0001,180.615,60.4366,180.486,300.4846,177.522,3.55903,156.74,147.183,276.9385,185.285,100.442,175.787,41.5844,309.0399,301.547,326.2102,298.0508,300.3722,67.9094,291.74649999999997,166.341,164.976,302.6816,171.555,286.3799,309.7033,167.347,303.61990000000003,173.193,339.1109,19.609,307.2291,104.382,285.1489,134.425,100.951,317.3979,274.0095,304.7678,40.9925,56.8241,70.6688,83.7707,315.7562,312.8438,194.938,183.844,191.069,14.1918,287.361,54.5113,89.8202,181.263,84.9853,168.554,175.433,123.784,329.8334,52.0541,83.4522,235.71699999999998,173.753
207,307.0518,34.5933,150.373,291.1512,102.556,165.594,187.403,297.0133,288.0276,256.09000000000003,202.691,187.579,178.721,184.577,189.184,291.07550000000003,53.0423,305.8906,312.0312,258.31600000000003,312.57280000000003,284.2215,334.5691,289.0324,313.3159,346.3247,287.5665,194.116,181.346,182.421,73.521,200.956,59.8045,168.054,319.4799,171.563,328.7288,150.169,303.117,305.3881,177.471,98.466,177.027,18.6925,324.6521,281.256,120.758,307.8089,306.3061,119.037,64.3692,181.113,156.573,298.29,194.936,311.0922,293.7779,188.1,196.83,180.73,349.0755,316.9072,325.3209,72.5379,281.418,133.258,90.6531,311.749,297.2896,290.1184,34.9791,158.704,307.7206,71.9004,177.027,297.6697,198.135,182.02,173.154,344.6987,290.6279,66.7584,92.2305,196.921,88.413,311.6819,192.713,145.512,326.1235,196.329,92.9638,300.9764,72.5856
208,285.84090000000003,7.61321,74.858,296.8282,85.4976,180.699,173.734,307.0378,317.18240000000003,276.4231,163.4,174.692,185.844,288.9237,183.975,299.3714,93.6577,305.8705,295.3408,309.8777,309.9441,275.9696,43.6964,311.7899,306.7679,340.1451,303.8855,173.827,175.251,182.015,70.1175,195.312,53.2877,187.75,340.4487,161.954,34.5743,183.569,316.1936,290.38509999999997,174.543,86.8531,178.592,36.1482,351.17552,286.2865,71.4173,294.4213,286.5363,147.138,302.6997,158.644,163.308,66.1866,177.55,186.632,171.794,170.142,181.487,181.837,352.31905,322.2358,310.8302,92.0974,275.6397,60.8954,93.9334,353.51811,296.6332,309.13,40.417,162.523,314.4754,57.1115,291.55830000000003,297.7125,191.905,3.31467,188.308,10.005,284.288,59.4294,102.715,190.549,88.6253,202.181,187.242,143.792,340.2181,349.5282,69.4474,280.6401,85.7837
209,290.1031,40.6959,144.922,299.5106,55.9785,179.323,174.147,307.6527,293.5171,263.4818,173.886,287.6784,186.238,282.2269,175.101,309.1271,75.8936,309.4917,290.4065,192.701,299.0748,275.631,325.5554,302.547,284.4226,334.2395,308.6751,167.862,176.402,176.452,57.3185,182.564,62.3447,168.601,321.8105,185.584,43.4396,156.402,241.587,302.0478,171.779,85.3732,181.865,36.6164,352.78438,302.2147,107.878,285.87080000000003,321.7895,45.0419,167.951,164.572,179.011,161.686,158.161,185.767,295.4637,71.4698,147.816,174.006,311.1563,334.4983,307.9512,89.5461,270.778,123.919,94.7462,336.2564,266.4123,289.4584,36.4916,174.307,287.5372,59.0852,188.987,318.5867,200.073,348.7156,159.287,351.63691,288.7948,49.1925,72.5832,170.695,80.6299,176.358,179.941,147.397,333.52,134.297,87.4513,262.0008,179.703
210,290.623,43.4737,188.602,271.113,91.7947,201.305,178.052,311.7499,194.812,273.2038,183.949,306.9732,188.612,259.557,187.241,310.23810000000003,50.225,302.3852,295.7754,196.112,303.0394,277.8958,329.3121,300.7536,311.3523,323.0159,171.789,165.931,183.464,163.941,72.6717,163.844,60.0937,181.7,304.8255,174.66,40.235,159.117,172.84,296.6221,165.816,69.294,170.851,30.3737,354.06441,282.5492,97.0702,308.0875,309.3893,64.0114,293.2587,163.552,172.772,167.336,169.834,188.071,289.7145,44.4181,213.001,190.26,308.9772,340.2452,175.255,96.5763,264.1434,83.1574,90.6527,331.1898,288.7624,301.8135,38.9861,162.745,206.395,53.0185,189.109,310.87239999999997,184.101,319.2522,183.891,358.34251,289.9143,41.9085,79.1283,187.437,87.0713,179.892,184.676,171.48,342.9736,346.7579,90.3401,268.7516,184.192
211,297.6629,36.4081,196.043,53.7325,85.6219,174.939,169.38,287.0428,197.058,255.769,151.573,180.869,193.63,195.281,191.671,286.5344,150.179,305.1942,306.1843,181.287,168.104,280.571,318.7322,304.779,302.4504,321.1893,291.1964,181.177,184.016,178.124,63.182,173.656,40.0874,238.688,286.6992,145.678,30.5845,171.792,191.767,307.1456,177.05,98.3499,170.994,36.412,170.221,263.71,332.011,300.3923,307.9464,65.9451,300.0584,173.921,321.01800000000003,66.0325,169.725,307.8524,323.9428,52.269,180.1,176.738,349.7135,324.55,161.066,98.384,272.0845,75.0289,173.701,334.1097,243.495,293.0131,338.1356,170.183,155.987,55.5291,174.642,315.118,194.252,357.22171,175.333,12.8348,275.8566,61.0291,91.4139,197.048,90.5528,191.734,152.71,137.858,337.2811,155.784,74.3654,238.44,152.153
212,291.2926,30.1375,182.929,301.7363,95.4284,172.877,180.011,290.85609999999997,295.9209,257.469,165.311,192.794,186.705,199.126,185.194,305.794,59.9946,318.7698,312.883,169.158,297.5084,281.8018,331.5804,292.8225,307.0951,320.5218,302.637,183.042,178.683,181.951,55.5407,177.249,48.4124,294.2434,74.8477,181.294,43.5622,166.607,312.72339999999997,296.4276,162.988,100.313,193.458,35.1666,195.898,261.7886,98.4931,281.4346,319.3886,58.7062,294.7842,162.027,295.8591,311.9991,192.087,299.955,332.7465,41.5765,204.884,153.986,99.8058,250.45499999999998,189.734,94.1921,296.4643,130.161,94.4807,328.9303,263.8855,283.8379,317.5671,149.717,315.2461,59.5614,202.575,305.2506,192.51,198.756,180.82,10.7374,290.4852,57.1439,90.4171,196.385,96.1315,180.048,186.81,180.247,334.837,356.62765,99.0157,264.6793,184.604
213,294.6729,41.092,169.775,281.0357,103.831,192.569,167.588,306.51,181.62,261.1497,159.919,188.767,193.309,191.148,191.851,211.812,57.3402,303.4665,307.2951,204.748,313.7815,264.6212,322.7106,304.8942,295.4737,330.7304,302.3684,191.206,187.919,174.357,74.3551,196.603,58.6028,148.98,188.115,181.212,324.5817,155.816,320.9802,298.9301,192.662,98.5493,172.277,43.5482,150.251,269.6056,98.5926,295.31,291.1909,167.467,298.6132,86.8536,306.3883,298.27750000000003,166.362,316.3752,197.576,156.877,178.054,175.264,298.0917,335.5854,181.598,89.6711,269.3732,66.4229,99.4891,349.4047,283.778,298.1665,40.6249,169.464,210.403,55.9055,184.738,307.619,178.895,345.5383,179.888,6.9774,260.36220000000003,68.1292,70.3468,204.813,101.904,177.426,163.936,148.904,337.1525,351.63319,72.9678,292.9928,125.476
214,279.6941,43.2695,187.846,157.301,92.5297,192.372,160.158,311.6148,310.1741,270.6575,180.678,200.523,190.179,203.722,191.854,293.9283,66.6707,296.9547,268.1307,190.085,317.0796,290.3363,328.2735,298.3616,299.3126,325.3799,306.9471,181.194,192.395,164.296,47.2146,185.479,47.84,179.515,311.3698,64.6779,43.3209,179.583,189.388,181.503,177.393,69.2618,178.042,11.99,8.12444,258.03499999999997,111.604,302.95,209.064,57.5909,303.8308,294.7787,92.9524,321.8868,180.366,303.9189,195.237,177.207,209.866,168.705,120.173,327.254,165.529,96.4169,267.4737,55.2668,95.7155,336.6049,299.7241,294.10429999999997,45.392,60.7209,188.098,68.9165,305.2556,299.3763,199.429,353.82421,172.577,33.4741,306.0798,47.5329,81.8882,187.084,106.413,189.861,181.212,138.644,328.88779999999997,14.7133,67.9384,270.5398,88.4417
215,288.10630000000003,39.4285,184.188,170.841,93.2099,189.227,173.315,301.0745,307.57439999999997,248.72899999999998,149.891,155.923,184.73,270.856,173.755,316.1735,78.7762,312.5337,293.5082,181.679,321.2973,298.3588,319.1665,296.5316,269.4432,333.0361,306.03679999999997,181.496,177.355,173.332,73.9409,201.965,54.1758,177.62,297.5554,181.453,27.5324,172.548,39.3179,310.2967,162.266,82.0333,160.753,38.465,13.3472,285.0782,105.86,294.4598,269.5219,154.084,161.991,170.081,155.076,311.6592,176.648,308.6594,211.818,163.133,168.213,166.439,333.4552,359.318521,175.876,91.2917,281.9868,139.447,99.3126,291.0941,277.8627,289.0084,335.7679,179.572,183.886,55.4389,275.1357,313.7453,186.326,19.4294,164.216,343.1954,287.0603,42.3302,89.8586,181.557,88.5387,182.594,193.297,148.02,320.6254,172.135,73.8878,272.8621,67.2488
216,308.4112,47.8689,177.943,171.771,68.7909,187.954,171.64,305.5062,232.324,268.8567,198.059,168.45,182.918,188.99,185.584,347.52909999999997,76.2866,304.27750000000003,303.8064,301.1418,307.71659999999997,257.08799999999997,328.289,307.79,301.6,331.7041,307.1537,197.001,183.925,193.792,84.3324,197.29,53.247,177.39,295.2494,177.144,29.5322,161.755,172.393,286.6568,178.055,82.3678,193.67,35.0474,7.51835,271.8472,124.47,307.6,277.178,152.446,312.1784,313.1776,155.581,312.8877,186.735,159.295,182.147,194.088,302.1616,171.345,110.884,292.8413,184.695,102.876,292.1248,153.946,88.4358,325.22339999999997,268.2632,309.2774,46.5706,156.774,276.41089999999997,67.942,212.928,312.4789,177.469,351.03733,296.5829,353.21632,285.5653,56.5146,104.793,186.35,100.575,279.467,189.665,160.545,340.6602,126.417,63.3906,257.243,62.4501
217,300.672,38.0705,177.85,178.487,72.3672,183.519,170.3,280.5181,304.3772,240.935,186.538,164.34,189.881,176.988,183.825,309.5175,135.192,317.6194,313.8884,176.704,287.5941,289.6727,323.8557,296.3589,311.55,334.5466,288.8145,147.899,176.258,195.268,58.1309,197.148,69.4966,203.82,162.884,166.997,32.3122,181.699,183.674,304.6004,169.926,108.311,177.352,31.9873,349.492,282.82,100.423,276.2357,282.9427,65.311,163.315,183.254,167.377,295.6068,176.138,300.3759,303.4829,162.412,174.595,173.662,329.1279,127.874,191.544,77.1311,274.291,61.3749,98.1709,320.0803,311.5018,282.45,38.4198,75.9095,301.14639999999997,60.0836,175.72,312.1184,169.112,12.8061,182.135,20.4433,281.84159999999997,72.8267,79.7078,182.339,104.606,292.9541,193.992,166.657,321.5375,59.5363,82.4761,273.22090000000003,66.8237
218,287.9583,29.0545,186.158,165.486,88.2233,173.216,178.749,301.68489999999997,294.5824,256.921,189.739,191.9,194.907,190.785,190.102,309.1481,74.3453,302.1789,300.7796,177.284,56.9577,256.86400000000003,324.0147,285.9252,304.5547,326.3742,306.9952,181.51,170.977,182.579,72.9589,191.262,42.9227,169.955,61.1572,174.046,25.8277,162.488,195.635,307.2916,164.965,93.2079,177.336,26.6327,332.7271,289.3345,90.5165,304.0303,292.3804,147.993,173.026,161.402,159.514,307.4574,168.982,82.5275,180.672,162.933,280.7219,65.3652,144.277,112.088,176.59,72.6549,264.6646,145.73,112.12,349.3787,300.9847,296.5156,40.32,159.18,181.347,58.4725,296.5613,307.1733,176.34,9.35223,179.708,33.5703,288.2376,33.7864,104.793,176.219,72.5211,304.3003,172.94,168.235,336.1148,126.366,88.0641,279.5639,57.2363
219,308.1982,37.488,201.274,170.789,95.4056,190.295,181.179,291.9352,182.776,241.039,188.38,292.298,194.706,190.642,197.182,295.4602,66.9938,318.8782,299.1456,188.801,305.2745,277.6545,333.6743,48.372,298.4386,328.5262,309.2336,184.376,182.587,160.437,69.9621,195.28,43.7051,189.305,306.6372,169.364,38.8619,155.333,320.5892,291.1643,183.667,93.515,165.482,37.2885,347.1513,283.6065,340.2951,292.9806,302.6243,59.2168,314.6942,164.127,178.904,301.2594,183.654,76.7888,286.432,184.522,165.868,168.893,320.0634,350.1841,175.597,73.4691,264.39570000000003,52.5277,102.341,310.05060000000003,288.7058,284.3626,325.3609,178.364,239.546,54.0615,178.236,322.6241,184.826,14.3542,189.024,348.4547,287.5528,59.2412,100.861,202.01,93.9543,45.2782,180.634,134.74,342.2704,359.9418714,77.4793,272.2877,182.341
220,299.8885,29.8793,193.143,190.869,82.1156,193.45,177.818,297.8784,193.823,286.53679999999997,164.569,183.147,181.231,181.528,171.071,286.2424,74.0688,322.4576,301.7565,295.72450000000003,295.6453,274.3301,327.3587,299.1838,308.4185,39.515,296.3014,180.78,178.738,156.055,56.0318,193.039,62.8461,185.058,299.9869,176.634,37.9116,172.965,168.679,317.7804,172.035,79.1111,181.634,30.624,328.5566,275.9599,105.705,280.7287,315.5819,64.4322,165.293,173.774,71.9067,294.0716,164.064,44.199,300.0694,166.398,277.34000000000003,155.409,352.30597,354.19153,180.454,71.5822,275.8243,58.0986,94.357,323.9688,309.6123,292.15139999999997,32.6401,156.253,187.831,44.4871,177.952,312.0086,174.567,35.9819,178.661,349.6525,293.0523,48.0773,87.3588,191.338,79.6454,31.182,173.963,143.663,320.5076,339.0678,84.4754,273.5276,62.516
221,294.03430000000003,31.7241,187.142,173.482,65.8048,177.341,176.795,293.2959,203.506,270.2906,183.668,176.024,178.639,185.99,180.966,297.6406,65.6527,294.2301,303.5655,181.711,322.6118,264.09069999999997,335.7354,298.4864,299.4643,321.2711,289.8155,171.613,184.917,175.288,60.3586,208.915,57.2164,204.466,319.759,179.774,39.2459,164.382,342.9008,302.2847,171.026,98.8006,180.442,39.3216,15.9104,267.2359,78.8975,299.5509,302.14390000000003,57.4556,278.8028,160.526,166.292,293.41089999999997,169.934,69.0682,295.3769,164.663,160.339,173.658,318.278,105.032,186.655,77.1224,270.1299,158.054,97.5338,329.1303,271.5952,304.1121,38.4414,155.75,193.066,59.1945,168.563,304.9374,196.004,197.834,185.818,5.26253,280.5796,58.2291,97.8839,183.385,85.7304,51.0409,173.196,153.48,346.8803,156.557,73.0697,174.55,172.385
222,293.7202,38.4738,138.369,175.024,96.9496,177.544,185.21,289.6433,215.625,280.65250000000003,188.861,178.254,190.879,185.558,193.629,295.6711,53.4508,305.6338,298.9867,155.057,63.5623,261.41020000000003,38.9601,179.776,310.4341,34.524,310.706,176.998,185.249,186.257,77.2703,196.617,58.3418,175.876,313.1087,177.569,38.8294,162.955,6.74004,296.2263,183.304,105.364,176.128,21.8856,347.2553,285.9193,114.379,286.8633,295.87649999999996,65.675,159.931,152.71,155.652,313.8934,164.422,79.6726,182.943,173.512,188.127,188.159,312.5208,302.3924,187.018,103.114,295.757,71.7917,103.84,338.8589,253.564,317.986,37.2719,163.458,167.894,52.754,302.698,305.293,183.231,190.53,191.242,350.73292,298.4526,68.0986,83.7134,199.661,90.0905,39.8136,161.921,136.669,327.4506,155.117,91.4035,302.2268,171.15
223,299.7489,25.9972,184.646,170.692,91.671,178.823,165.8,305.978,277.1555,248.69299999999998,169.385,178.463,181.107,198.462,180.925,307.0486,69.1512,305.5153,281.0167,155.098,313.0827,293.0337,332.2191,287.8943,313.6324,332.1314,303.7644,184.024,208.819,191.903,75.4674,183.994,54.1257,178.478,313.7476,172.184,37.3473,166.307,180.3,295.4077,172.872,111.27,163.465,39.5216,351.34031,262.8434,109.698,301.8271,309.7878,72.654,152.127,176.718,151.682,291.9658,177.395,57.7382,264.6938,157.016,189.119,159.736,314.1496,341.4507,186.749,70.0488,273.58889999999997,58.7044,107.922,321.0143,268.569,292.9189,43.0804,53.9164,323.5856,68.6706,296.98879999999997,301.9049,190.579,170.432,180.297,34.9473,261.44939999999997,34.3753,85.9906,195.822,92.4689,307.1971,171.869,158.768,329.8746,324.6973,85.8695,44.6584,174.574
224,292.2169,28.377,193.367,165.3,85.6731,156.823,162.453,282.8146,184.939,229.72,177.954,167.476,174.301,142.824,184.887,192.058,78.2628,301.6592,292.1749,168.275,301.1912,266.52729999999997,331.8641,280.5826,306.1286,0.534732,312.7649,174.789,179.854,177.107,71.3535,183.895,71.689,188.302,284.0854,168.996,32.5396,164.437,82.3435,282.9645,161.378,99.951,181.944,32.5018,347.5174,294.1143,103.239,292.36879999999996,321.3533,58.2962,320.7116,193.162,153.654,293.7296,176.938,81.9662,303.3094,176.819,191.312,190.841,299.047,137.406,185.299,87.4418,249.78300000000002,146.569,95.5739,316.474,293.15999999999997,301.44780000000003,43.5823,149.009,201.347,58.7491,302.2484,304.1252,192.373,173.231,185.056,14.6558,301.0056,37.9425,88.9651,187.221,73.9891,50.566,174.597,161.434,325.6385,4.5534,90.9396,268.44370000000004,181.352
225,300.49,34.6375,193.703,303.0768,80.4415,219.203,162.834,289.2529,301.8165,253.994,169.889,326.2601,185.558,274.7589,184.817,186.931,72.9945,311.8762,306.2678,67.1557,327.189,306.7889,324.8368,297.5921,294.62829999999997,329.2767,293.8791,182.46,180.87,156.117,84.3932,200.263,53.7633,180.501,318.3563,157.477,37.6388,172.014,194.655,299.359,183.677,113.939,170.9,29.0115,340.5825,295.4464,9.25727,316.0887,311.0592,46.7557,318.9147,172.32,186.026,303.6603,168.499,162.514,285.7583,161.744,185.165,173.664,296.51189999999997,340.6645,189.996,79.8007,256.283,139.08,86.3515,310.3823,252.69,312.0974,42.7963,174.214,196.394,56.8292,191.22,304.1543,184.436,3.44297,165.104,47.7777,288.9283,44.2662,90.1568,188.209,87.6284,299.3421,126.141,172.365,330.2638,7.5118,74.0983,73.5833,182.969
226,285.1185,26.8188,192.001,272.0863,76.377,198.163,167.949,293.7501,203.553,247.715,183.537,165.333,169.489,291.2034,14.161,156.482,58.0649,311.9147,306.2949,163.714,291.9155,293.5176,311.3779,303.5559,295.7749,326.9647,308.1995,201.11,190.618,169.576,78.724,199.83,59.5791,181.492,306.267,179.474,40.5805,180.859,171.079,286.582,175.242,73.8115,179.788,35.2882,346.67719999999997,301.3868,95.8251,300.9038,286.6126,53.1175,307.3073,172.105,183.489,303.3605,163.129,176.973,288.0193,182.145,186.6,184.916,24.7783,125.659,307.8221,75.6226,278.4922,73.0575,86.6601,35.1111,280.5518,299.7917,36.1611,160.398,185.827,69.2404,182.896,310.3528,187.502,6.78397,206.497,34.1177,288.9056,54.3945,98.8037,178.902,77.4476,35.3883,185.678,156.649,354.06146,175.977,73.2559,280.462,54.8505
227,293.19759999999997,19.7867,190.759,284.2108,58.3158,177.21,166.317,295.9513,194.215,264.2693,153.882,175.877,192.238,289.1242,352.14442,167.806,70.9221,310.6306,298.7363,182.958,311.1714,265.0268,325.9447,309.3291,311.1438,332.0171,290.8607,173.887,198.001,169.416,72.9982,189.403,72.7663,176.375,304.7722,192.355,326.5245,185.466,173.633,286.9792,188.009,98.7064,175.181,31.3442,359.369775,289.4586,204.963,295.6562,349.415,75.2925,277.0641,165.438,184.567,293.5641,174.785,176.076,176.175,170.239,300.7932,173.822,322.70640000000003,357.45776,324.8296,99.5024,313.2967,60.8309,99.3613,337.8718,291.342,296.7803,33.499,182.509,269.6329,60.7039,167.105,320.0589,168.532,9.02493,305.78589999999997,18.0552,276.4705,45.7138,105.049,182.398,81.6034,57.3004,168.33,148.998,337.7792,324.5684,101.806,255.31900000000002,138.107
228,285.8481,42.4838,188.534,178.493,77.0751,160.064,165.324,294.307,301.9192,250.726,164.161,327.06,183.177,87.0343,347.3657,175.165,272.905,304.9752,302.2104,178.665,293.3838,269.9225,312.7177,291.842,293.3606,328.6258,306.6298,166.793,166.83,162.808,55.9066,194.035,51.5659,184.465,197.605,192.419,330.2616,66.8058,123.297,309.6316,179.353,96.9139,184.816,32.4167,1.7069,267.9508,88.8248,309.8698,301.2948,157.611,302.0165,178.375,168.153,165.747,180.55,164.254,301.4087,161.327,205.029,171.482,330.5403,11.4556,332.8863,89.7054,260.1906,151.457,91.0367,321.5043,297.25350000000003,309.8912,39.6394,148.788,215.731,68.1402,172.358,305.6108,198.169,178.27,185.511,349.7133,282.3936,57.7497,83.7799,184.166,80.584,50.0189,179.822,137.088,340.3512,154.282,102.837,267.9257,61.7854
229,300.8079,42.3349,191.277,282.318,78.929,296.3004,155.375,291.8982,301.4489,222.121,286.8412,183.843,168.178,194.319,349.7739,152.58,282.3936,306.4029,302.5953,180.159,37.5735,267.8959,38.957,295.6857,298.135,47.4083,305.8871,305.1879,193.116,163.747,71.0123,200.473,67.9255,172.065,194.008,184.732,329.2946,69.7018,169.441,293.9473,170.889,87.3786,168.654,35.6064,352.68952,282.7364,27.9346,270.5576,304.9057,136.1,305.7219,154.179,183.722,177.589,165.038,151.185,301.5759,63.9321,286.8874,190.806,124.628,346.1886,339.0181,109.346,278.2308,141.748,81.8891,321.5715,286.8936,286.5532,41.1044,159.433,326.8664,60.5019,296.3089,313.3977,178.4,16.3186,163.776,344.6831,281.88120000000004,65.1987,80.2564,190.664,78.3422,59.884,189.531,155.917,359.334476,170.561,85.3035,308.3542,56.1321
230,196.89,20.2118,171.804,151.047,94.9086,295.4672,157.854,297.7164,193.212,277.0222,169.79,172.694,195.512,195.948,6.56715,169.637,272.51009999999997,303.2772,312.4469,282.6365,301.4644,294.4471,323.1335,297.8288,300.6435,328.1811,304.7971,182.201,184.49,175.989,63.1256,196.588,52.545,189.575,274.1399,179.193,46.4978,54.6184,206.497,295.0261,160.099,69.798,63.655,37.6288,358.95406,291.1035,329.1806,305.9096,320.3068,148.326,170.134,160.471,165.471,309.8254,176.756,201.865,320.8783,163.528,284.8888,163.799,3.93485,338.4654,188.053,69.6185,260.45619999999997,146.979,95.301,328.22090000000003,281.6973,309.1415,327.1075,158.093,319.5546,73.2764,285.7013,318.0879,181.883,330.0255,207.306,7.39563,274.3632,66.9924,96.9534,168.774,95.7173,30.0165,184.897,134.239,3.56296,303.148,75.995,324.2144,57.262
231,300.1187,28.9999,186.117,297.0323,98.5578,295.1065,169.943,316.4583,193.601,281.9871,177.801,344.1346,183.952,163.505,357.54016,278.6004,57.261,302.9911,309.0106,201.142,308.8825,288.9028,317.47090000000003,278.3771,316.4517,323.5702,314.6866,184.792,172.709,179.231,60.0449,187.017,42.0571,194.281,302.8936,155.202,34.846,57.1489,147.78,312.78589999999997,175.442,83.301,53.307,37.377,176.034,280.5365,331.7644,297.6139,288.7941,78.1321,177.753,169.27,292.36,303.8975,161.26,159.973,291.7129,47.2374,195.027,165.674,2.67187,326.2669,181.847,91.7824,251.213,138.806,108.362,339.4018,287.6672,283.4395,21.3601,154.601,304.5779,47.0927,294.43600000000004,300.322,203.283,350.0499,173.908,356.20909,251.365,50.5884,94.2671,184.186,88.1593,293.04,170.428,134.452,342.2353,157.91,95.8629,277.72180000000003,195.51
232,282.1725,27.0883,190.259,160.075,92.7059,280.7863,163.517,316.229,289.6229,281.3102,162.293,185.249,184.576,181.03,350.33994,266.91089999999997,72.8844,300.2505,300.7851,186.852,298.0952,282.0754,326.9665,196.331,304.4472,323.811,326.1097,175.575,174.023,177.726,60.5695,202.011,48.5625,191.75,295.0912,180.948,330.3213,49.8416,125.579,277.03679999999997,172.638,81.6963,51.8391,35.6888,167.239,270.7543,6.25155,302.0139,293.7761,134.156,156.45,147.645,322.2125,282.8581,175.822,60.8888,311.6592,48.7968,182.655,169.603,137.922,342.573,174.847,76.7121,270.0191,145.359,98.8546,324.2664,314.4917,293.7855,36.456,180.472,313.2401,85.566,286.885,306.8134,181.657,338.3291,189.427,37.1934,293.2021,63.2806,97.3646,172.892,75.3863,296.66179999999997,152.877,138.891,328.9115,155.057,99.9182,264.1947,145.044
233,297.065,40.6835,178.914,167.879,98.268,183.56,162.279,308.1272,295.0613,262.4611,158.621,188.216,187.935,162.462,17.5668,274.7389,71.604,303.0212,297.1116,294.2169,313.2114,81.5437,324.5774,177.546,299.2986,333.4496,292.4663,187.232,193.301,177.16,66.3845,186.935,52.0452,177.239,322.757,161.142,40.3194,56.9517,161.368,292.2574,160.25,89.217,47.606,43.9042,174.898,315.0718,96.6646,287.1666,314.4076,71.6366,159.975,167.326,147.094,158.882,185.903,66.7018,316.3587,65.7674,178.56,160.812,120.203,136.476,80.9739,83.3657,326.5428,154.061,100.293,328.4261,256.54200000000003,296.4243,34.1005,159.337,286.0705,79.0123,204.155,306.4296,177.606,170.91,188.898,19.1658,297.5607,193.061,88.1511,196.127,103.906,284.6808,169.543,165.981,357.16127,242.292,97.868,224.215,180.391
234,307.1725,34.6486,193.117,178.046,95.6705,213.967,171.483,303.2514,291.2471,248.207,181.073,180.906,186.304,274.2158,4.44706,302.6995,53.5518,311.8948,304.5396,305.4563,286.5156,94.4643,324.6064,204.05,314.2765,328.6779,313.6093,188.425,186.142,167.862,41.1499,214.698,46.2829,174.285,192.279,159.335,320.9572,59.2255,139.823,301.1851,167.886,92.6836,59.7686,329.8533,165.205,270.0694,89.5981,302.2202,173.471,69.9508,169.465,290.952,306.74739999999997,171.285,164.34,45.0371,283.3516,52.8506,302.6788,176.609,103.473,343.41179999999997,55.4603,83.2105,261.2434,68.7666,106.138,337.6423,272.3623,302.4683,30.8361,166.449,313.6624,60.2298,181.104,295.85429999999997,188.315,201.606,328.004,20.0739,280.0108,57.6442,89.6086,184.344,86.8857,38.2303,184.868,152.922,352.30288,173.048,76.2417,307.4177,183.921
235,290.6356,49.8499,175.171,187.207,77.862,178.968,160.393,307.791,297.82439999999997,253.441,167.085,208.898,190.3,187.576,14.3752,286.568,87.4922,310.3297,300.6822,320.9684,298.5022,285.404,37.5219,182.191,294.1304,322.89549999999997,299.5002,169.341,183.946,169.566,62.4338,191.615,56.7022,191.739,307.89549999999997,175.177,48.9555,62.8308,351.82269,312.3973,189.998,89.1826,46.8634,34.4705,145.622,288.2051,260.9366,294.455,188.465,52.2021,301.8111,182.09,156.387,167.163,176.837,66.7628,311.5241,71.3793,197.576,164.982,20.4656,331.2379,54.1887,91.4209,275.59950000000003,56.7358,111.331,339.6068,265.1792,302.6652,40.8264,153.872,320.6331,57.2726,288.5531,304.681,190.287,213.646,167.529,19.4263,281.9574,47.3388,78.0506,196.202,86.5922,48.0553,175.104,118.243,319.5571,329.70029999999997,86.6656,282.1552,141.496
236,285.7421,334.6261,195.327,182.146,65.5014,192.952,154.942,276.604,305.5857,245.441,193.064,302.1608,190.466,189.072,349.5524,176.032,61.5653,315.16790000000003,277.2431,194.191,301.4782,269.6329,329.0236,179.385,189.755,336.6874,300.1873,180.174,198.076,177.816,90.376,191.848,56.8473,198.422,313.8385,190.533,40.1156,54.1847,211.572,296.7156,184.603,82.4737,60.6547,33.2471,175.095,290.1724,351.74816,292.1198,276.4574,53.6564,147.96,161.929,178.592,158.368,159.182,57.8968,290.1313,41.4675,185.789,175.871,312.198,277.5743,46.2355,94.4599,300.9621,66.6327,91.7986,347.0271,269.9629,306.6092,43.7515,156.826,292.4413,51.2754,303.8361,291.4289,181.778,359.476435,171.224,35.658,281.1974,55.7105,79.5445,171.309,92.971,48.8659,163.806,164.162,337.5232,286.98900000000003,63.9675,175.874,179.695
237,298.0349,327.552,181.76,198.125,73.2566,182.355,170.658,311.2922,216.432,247.997,170.99,319.0865,175.808,183.182,3.42767,295.52549999999997,120.358,307.11220000000003,305.9343,182.056,321.538,271.1333,337.5672,298.0668,176.154,31.8093,291.8001,169.279,174.531,179.699,66.0144,209.021,49.6235,176.783,297.4371,187.946,30.0299,172.133,347.8704,305.3855,164.492,79.4639,70.9938,38.3979,166.063,291.37760000000003,60.472,274.00419999999997,140.493,66.0734,165.672,175.155,163.785,147.288,169.903,63.7677,298.5932,163.844,258.87,176.99,342.0904,115.794,296.88009999999997,81.4611,275.2335,158.538,99.1026,320.7887,265.18240000000003,313.8844,15.5387,149.543,274.4336,63.3708,302.1613,308.4934,195.127,329.4881,173.269,46.0343,275.91970000000003,66.0373,91.8669,189.671,87.8043,51.4497,165.592,155.11,345.1587,1.91673,89.15,257.387,174.402
238,298.8731,331.6243,187.069,167.963,85.521,207.959,168.017,298.5872,301.4314,262.3535,171.689,306.136,186.092,305.6825,355.2863,174.281,73.1064,303.4833,313.9441,294.0074,321.8313,287.8064,319.1556,279.438,311.548,323.1003,317.3148,179.727,161.752,182.803,61.6324,201.3,41.6187,183.624,293.3807,179.322,34.9225,164.158,334.9317,263.5235,175.894,89.0152,65.8747,36.8382,134.448,60.6619,95.1691,304.08209999999997,161.726,63.6063,164.714,170.821,159.575,153.169,163.354,54.3698,309.1217,166.086,297.5763,159.313,212.253,18.2077,312.2269,94.7225,272.8815,89.8766,76.6662,346.1829,263.8729,282.2629,39.1323,153.019,308.2588,57.1251,173.211,299.4171,185.086,173.382,152.369,27.2481,286.8043,61.1651,96.4338,194.031,90.3469,186.377,191.92,176.441,317.2488,304.5482,79.8542,250.623,182.888
239,283.0743,43.2257,190.258,175.97,78.2755,181.465,183.429,299.1653,295.5961,253.685,180.167,305.26030000000003,179.56,181.709,1.60538,165.06,141.227,299.35,297.3307,174.808,195.22,267.7253,335.1285,188.218,303.096,314.3894,307.7358,179.451,172.868,172.368,77.9874,191.865,40.4574,187.485,198.082,178.929,29.3971,176.547,359.321035,215.172,167.474,88.3477,56.0524,23.3847,172.812,285.0133,71.2224,310.0477,167.366,41.2918,157.766,161.71,158.731,161.734,175.053,61.0821,278.1108,179.0,288.4395,162.76,353.19061,242.747,313.3812,107.924,271.0759,154.292,107.716,337.72860000000003,296.2803,311.2401,27.9397,162.91,309.9826,48.3709,205.48,307.1553,188.534,196.435,200.558,23.6619,297.73040000000003,57.4946,86.6502,195.366,94.5404,286.06489999999997,167.457,128.358,336.173,101.938,74.6254,243.114,61.5656
240,315.2966,44.3984,193.506,181.134,70.4771,189.328,182.787,300.8231,305.0826,262.3313,203.085,319.711,186.99,194.272,11.2469,289.09950000000003,154.135,290.6808,299.7203,319.7556,301.2063,280.1575,33.8397,296.6275,282.6096,327.8327,298.7138,177.891,181.383,180.844,57.2726,196.986,46.4693,178.685,359.891929,174.072,328.5638,159.138,192.753,298.3501,189.606,86.0335,64.9613,40.3427,143.592,265.2102,311.6629,288.1422,82.8663,49.6191,163.467,300.6151,175.11,149.894,177.701,63.9734,278.2634,167.464,168.406,172.37,344.4585,355.46312,185.967,89.4082,267.1751,154.822,87.4732,298.7907,271.3725,285.3436,10.6467,171.431,281.7279,63.9542,303.0027,313.3033,193.43,194.77,187.164,33.0213,280.5745,58.5947,96.4233,180.561,99.5534,196.068,191.472,126.241,323.15250000000003,333.3029,86.9019,188.949,179.879
241,283.1562,30.7368,170.406,161.687,77.1746,192.371,161.852,277.6193,200.121,260.6798,199.421,291.0508,183.737,145.178,19.1852,194.733,162.602,298.3815,304.5385,258.972,303.2197,317.8945,328.8608,222.011,293.5272,328.3806,290.1101,180.954,170.986,173.395,88.4559,197.269,41.4157,167.05,296.6909,173.821,336.0757,153.294,320.1175,292.192,164.786,75.734,74.8464,41.2082,168.104,278.9217,1.38277,297.2804,155.867,76.136,299.36310000000003,67.6696,169.654,172.674,169.211,150.01,182.581,155.109,184.797,195.722,108.194,124.462,176.604,103.226,271.48199999999997,133.877,105.403,306.795,299.4816,313.6392,44.8865,155.007,295.27049999999997,67.1885,200.095,306.2045,177.524,284.9323,175.194,16.7351,286.2312,52.6198,97.4936,192.229,94.0599,183.635,164.833,147.326,334.0019,358.4083,99.3781,264.4557,183.055
242,293.101,23.1478,176.207,148.013,68.1607,181.803,150.281,286.754,304.2664,253.827,172.729,319.0413,174.73,156.825,348.8985,280.9081,62.3936,317.5878,292.5817,190.357,314.8678,274.5917,319.9223,191.763,301.306,331.6637,298.0463,185.028,185.867,174.053,57.7747,207.393,54.7375,191.71,333.916,184.882,33.4856,160.871,60.4066,309.2161,178.314,93.4243,61.4514,42.6613,173.944,254.971,332.5452,305.387,189.766,59.4253,309.1916,182.111,166.567,177.003,171.225,55.9986,296.38779999999997,165.834,177.781,185.118,296.9036,118.39,174.403,98.2483,263.8877,51.768,141.942,323.3488,277.2565,294.6854,40.2854,173.488,280.3164,52.1621,300.6913,287.3492,196.322,71.4322,186.523,34.7822,267.793,46.4543,90.4199,178.955,107.931,181.351,196.652,170.8,334.8722,196.919,69.4548,297.3691,187.823
243,285.4948,42.6197,180.831,193.9,77.6307,284.7967,164.094,297.9316,306.7296,224.988,193.758,303.4562,193.817,154.826,337.1472,182.105,50.315,305.4379,292.6997,149.189,303.8875,264.7539,324.5294,304.8611,303.6841,322.5697,301.6714,164.979,174.173,160.347,72.0318,174.314,63.8826,182.777,294.0327,180.115,32.3219,154.112,339.5756,297.7275,182.807,77.9757,45.2063,21.8923,192.221,258.959,340.6418,302.7362,187.773,77.8833,169.043,305.7632,166.915,154.943,165.441,309.6386,289.348,163.235,302.0511,72.5473,149.872,124.882,181.39,85.6821,271.202,142.088,88.3593,338.9731,275.5043,281.13800000000003,36.3803,174.656,285.0854,56.9938,316.9178,312.6697,189.091,2.8305,210.727,29.2169,298.111,49.356,74.9684,171.501,82.5972,182.215,187.714,122.071,335.7932,318.9154,72.4041,215.72,178.315
244,294.73720000000003,39.1452,186.784,196.101,80.1862,280.2556,167.18,300.5379,278.3757,219.247,190.289,182.118,180.734,173.117,359.505614,168.003,60.8044,316.2429,299.0012,165.065,304.3168,281.0488,319.2861,307.8977,289.2682,336.4561,300.1518,165.148,182.884,200.654,66.7666,190.367,51.9607,170.831,51.8345,187.932,29.0058,171.33,348.6709,299.9984,166.265,100.954,58.4075,45.8282,189.235,284.41700000000003,321.4962,301.4577,294.0023,58.1344,161.518,324.8011,164.771,157.499,154.439,171.729,301.0496,175.815,186.106,162.542,349.1941,355.23287,190.045,98.8264,266.2718,142.878,94.1406,3.04562,261.5489,298.1568,30.7715,181.448,291.9757,72.8701,298.3218,305.6898,200.857,185.048,208.772,19.1886,287.2258,66.6797,87.6238,181.49,98.2144,188.662,152.991,149.368,321.38779999999997,117.451,87.4162,254.16,183.594
245,296.8299,40.0643,275.367,174.454,80.1674,295.9762,170.998,295.4919,297.32,254.704,194.568,178.05,188.568,166.958,0.491456,163.437,68.7025,292.3607,297.3818,173.629,291.4453,263.2022,326.0164,174.168,190.007,334.9645,284.6912,172.047,161.694,174.12,53.3754,184.225,46.5782,198.454,307.0702,191.386,31.7173,165.69,201.651,68.2101,170.8,98.5421,72.4199,28.2533,166.863,292.164,0.788924,291.8086,173.085,58.6992,167.281,161.899,173.941,167.734,186.795,301.6524,188.23,173.614,197.74,188.769,2.01071,341.8604,178.856,80.4111,270.62149999999997,60.2263,98.5773,335.8687,79.7436,293.1716,322.2315,164.211,309.0458,51.4094,303.9163,311.7578,180.426,182.351,165.151,31.7666,286.0209,53.9168,91.7803,176.904,87.9897,192.336,187.917,167.403,337.1967,201.22,95.6268,156.197,173.986
246,289.3412,43.1441,215.837,173.589,89.8682,276.0565,161.959,298.53499999999997,288.75260000000003,267.077,167.988,178.801,183.106,166.287,354.7106,269.3912,59.9254,320.0537,290.0301,82.8234,299.913,265.1569,323.4176,191.084,310.2602,335.8943,286.5674,180.389,184.649,178.039,46.6348,167.67,45.7614,198.924,290.2883,181.832,39.3432,167.099,142.104,314.65840000000003,181.59,97.1607,62.8047,31.6513,190.452,271.716,281.2165,306.1033,180.041,62.8286,155.547,178.023,313.7312,304.0973,200.178,297.8364,282.325,164.4,282.5626,145.378,264.6979,112.876,173.681,89.3605,288.3935,137.103,94.1574,345.1905,90.1012,315.457,28.3108,143.005,291.6792,54.3412,276.2906,303.7377,181.637,164.897,180.841,39.7244,261.629,52.1523,97.6448,190.803,79.8304,178.2,168.285,148.424,325.3803,210.252,77.7485,245.86700000000002,172.766
247,304.389,33.3004,194.419,179.304,75.9425,290.2751,181.452,295.2086,194.842,254.655,178.342,174.85,182.78,172.584,2.07136,158.143,165.326,317.274,316.6843,162.809,185.635,274.2626,331.5153,291.40909999999997,171.923,44.9027,285.361,186.664,170.068,164.299,45.6327,172.302,58.6094,152.832,324.15999999999997,179.468,39.6165,68.4245,308.752,300.4914,164.472,80.2391,56.6534,28.4122,172.533,94.0774,318.2423,296.1491,297.5001,173.701,297.7553,191.795,310.0973,291.4439,199.743,288.3047,284.4308,162.057,181.801,186.02,257.812,13.3406,183.857,83.2888,290.0239,134.27,104.836,276.01869999999997,88.1244,296.4538,42.6817,170.637,305.1961,47.9853,275.1261,297.7004,182.356,334.7845,274.1529,18.6295,265.2728,60.1709,92.3976,194.575,84.9139,183.533,192.196,187.07,347.8864,337.539,80.5656,275.52639999999997,66.427
248,291.7679,23.082,186.699,159.343,64.3133,297.5691,168.468,283.6119,294.2718,270.6287,190.746,165.633,176.936,91.3626,336.7824,200.449,55.2741,307.6764,306.0336,154.698,300.8296,259.036,323.8422,299.0853,314.6526,341.2555,310.53589999999997,180.251,172.978,175.038,51.243,167.08,62.153,196.335,294.3449,174.144,5.37717,164.523,136.186,303.3662,161.154,84.2358,65.3257,43.5707,189.484,282.1863,315.5985,303.0407,183.853,158.074,171.574,187.418,307.7777,302.6642,184.119,295.6481,194.958,185.964,302.1201,174.823,2.5109,40.2694,172.466,67.4999,274.3842,151.061,103.941,317.5938,53.1243,282.0519,28.3197,151.643,291.0528,60.0649,319.3181,312.5995,207.36,357.36082,181.181,8.566,274.1885,55.8096,110.92,167.822,88.3002,175.983,187.209,158.392,337.096,171.493,81.1999,244.257,61.509
249,292.7095,38.4219,176.969,165.429,88.8941,152.838,156.031,279.2662,280.4611,271.5553,161.768,50.7527,176.732,179.137,6.16639,178.013,90.3525,297.794,294.0168,150.029,304.0182,286.9523,323.6203,194.96,302.2486,9.39974,302.7702,188.114,170.36,206.823,52.072,167.297,61.2928,189.198,290.8062,176.992,26.8076,176.683,127.571,192.405,197.184,73.1717,59.8651,39.1705,173.866,254.012,353.62113,319.6168,196.306,152.798,176.697,191.072,155.153,296.8189,158.99,288.5288,196.708,157.612,295.0845,156.13,263.2682,321.0396,329.7277,61.1754,292.7385,155.416,91.9203,340.9133,298.3046,305.5315,47.4012,159.956,313.6488,54.7713,288.873,297.11469999999997,190.548,208.213,161.14,24.6624,276.4539,44.5418,97.8704,200.299,99.0051,198.887,191.765,148.053,332.5947,226.756,77.1598,259.924,53.8335
250,297.4568,32.7138,155.005,186.43,87.8687,195.128,160.437,301.4621,174.541,240.765,187.101,54.4391,181.744,167.119,0.0890757,288.6136,62.9451,280.7953,293.7425,184.889,292.5385,259.851,321.8283,144.324,297.4502,39.0221,303.2051,185.909,195.745,169.497,61.4456,194.597,58.6957,187.413,302.986,171.375,327.7674,153.148,191.402,167.489,170.367,89.567,80.8302,30.2973,174.655,305.5466,348.8664,286.3371,196.291,60.5531,169.638,181.975,289.4546,315.0223,162.445,171.656,285.3581,186.686,306.8437,173.299,246.345,336.6219,305.7844,64.4068,273.6402,145.73,85.309,308.9429,257.11199999999997,278.2971,30.151,160.008,302.8367,33.571,161.92,332.59590000000003,206.763,352.07437,165.942,50.7174,289.4816,169.839,107.348,210.685,80.8807,194.128,161.674,146.879,337.2594,24.6296,91.9651,299.672,181.132
251,309.2406,37.1932,192.394,168.415,77.6141,204.925,156.725,301.79970000000003,258.822,250.58499999999998,159.41,341.3927,190.98,172.495,11.119,58.7814,93.4978,310.2908,308.4942,256.83799999999997,313.797,275.3997,322.8904,290.4747,304.5952,331.157,305.1274,174.306,168.532,180.048,58.8061,168.418,52.8314,184.68,297.0819,165.963,315.0247,140.813,325.2355,298.5472,175.321,68.0442,58.4721,33.8485,195.465,273.9951,303.9163,290.2596,280.022,146.317,305.7254,163.821,292.2203,302.3403,176.21,187.651,311.6059,179.758,293.6271,170.418,266.6635,127.921,297.0164,65.3148,275.2032,289.6482,100.442,345.9971,326.3451,293.7543,44.4229,164.847,312.70550000000003,24.3309,287.1413,310.4149,197.702,10.4718,201.616,41.297,282.2342,47.3364,90.1397,197.088,83.3626,188.382,174.08,172.001,335.745,282.16679999999997,93.8523,242.72199999999998,72.1762
252,297.4201,35.343,176.825,156.075,71.8494,183.86,162.468,294.6624,294.7149,264.02909999999997,175.693,179.722,179.736,183.493,44.3337,64.1636,152.299,302.3332,297.6887,307.4947,305.5746,280.36990000000003,331.2838,275.5842,279.4142,333.3469,280.7649,191.389,177.286,179.676,48.106,179.719,63.4318,192.101,287.8762,174.884,39.6586,160.685,309.1791,292.5449,164.533,75.4075,71.9041,32.0362,168.161,263.55240000000003,347.5185,295.9572,275.5383,139.732,299.2702,187.545,307.9814,303.97090000000003,162.23,156.153,27.5231,165.882,183.815,167.139,314.0287,88.5663,296.4689,97.2206,284.406,156.85,95.1774,336.6492,301.1068,309.4823,38.1402,177.296,321.0689,71.8676,281.52570000000003,312.2965,174.252,164.92,168.842,185.484,290.0723,56.9207,98.1287,175.746,110.598,197.447,204.455,127.217,338.0469,161.959,64.1308,269.5946,74.9269
253,296.7309,40.2492,175.151,193.439,90.8844,192.931,158.234,154.801,297.8174,253.805,180.221,177.554,189.848,159.504,357.2322,166.194,278.1141,308.273,301.241,208.784,327.7503,281.1432,321.7502,202.455,293.7119,331.0218,298.8375,177.662,178.706,173.4,72.4999,201.887,62.8275,197.957,302.8145,199.856,46.0281,147.392,11.3651,278.1508,173.742,78.1138,58.9645,32.4762,190.008,307.7231,299.3688,281.1166,178.592,41.6867,176.511,168.789,166.975,148.559,157.655,136.969,309.4858,164.741,192.569,72.5952,341.5095,348.6337,309.7928,79.0411,274.8954,71.7402,109.311,306.2422,247.265,307.9465,28.5385,177.192,289.9198,61.3635,176.755,301.9975,187.9,196.417,183.93,190.196,312.1151,60.4187,104.414,206.545,93.6188,205.315,188.802,128.681,333.2009,119.237,92.2246,280.1999,179.971
254,297.3735,33.758,170.11,179.841,85.1804,201.104,168.537,160.342,204.55,259.218,165.429,190.437,197.125,159.357,5.65071,65.635,274.1279,306.762,296.3476,172.953,320.74739999999997,271.942,314.9902,199.065,299.2982,324.1277,312.8257,193.419,192.093,163.015,43.4905,189.373,55.0284,165.701,313.2602,150.621,29.4018,165.378,201.956,283.7101,175.528,69.9381,61.6013,37.5046,176.599,269.94079999999997,346.9165,294.3051,197.032,61.5572,164.636,177.306,55.4024,152.232,171.949,168.645,322.55740000000003,170.065,167.84,190.046,109.239,78.9135,314.3937,99.2911,265.4246,57.5823,117.959,341.7789,285.4942,286.9765,35.6031,158.211,196.839,65.6826,275.226,304.0407,203.044,4.85491,179.24,173.905,270.0283,53.2779,86.5439,193.017,93.5568,180.269,187.868,116.066,318.9768,324.3225,91.4035,62.5197,181.689
255,291.4248,31.5838,159.783,302.703,85.0952,178.801,167.461,158.01,265.5831,226.343,179.646,181.955,188.35,190.137,352.33741,93.8676,285.5539,294.4887,301.9538,178.683,302.5245,292.3283,346.7447,292.1032,309.3968,34.7459,301.8519,146.388,191.041,172.251,49.2351,183.97,54.845,166.864,295.8951,186.024,323.1518,169.552,195.592,72.6374,130.976,81.7636,59.088,29.9498,356.62153,286.6566,345.5186,297.8297,288.5478,69.9403,153.877,164.775,163.141,157.73,175.344,162.219,295.1264,183.644,156.772,199.142,343.9344,336.1882,333.7739,86.1544,296.6946,81.7835,86.3878,290.3394,291.65409999999997,200.454,348.2815,161.99,286.6157,57.748,288.0123,315.9805,198.171,343.929,169.336,178.115,290.4347,56.7651,93.5598,185.53,95.2983,175.32,169.803,84.5825,324.069,145.612,74.8375,74.0115,103.909
256,293.4885,31.9145,159.47,278.2173,92.1748,177.707,164.496,173.046,188.038,258.505,181.522,163.246,184.49,161.597,355.7136,172.003,71.355,304.5604,315.23040000000003,187.525,299.3059,275.1115,332.43,293.3045,284.8283,330.3768,287.18989999999997,180.875,216.384,171.204,50.4092,191.791,64.5347,60.6978,68.9707,189.562,36.0367,168.659,323.9269,298.0799,170.203,87.1513,51.753,34.2856,342.6066,286.8828,97.9825,284.8283,297.1807,61.5106,317.6641,173.468,153.811,158.261,174.868,163.556,293.1749,147.125,175.052,172.827,319.824,7.26526,307.4947,90.8415,282.0081,61.9438,103.652,348.3057,286.5392,288.1181,41.5787,170.585,188.142,53.449,192.81,317.8433,193.28,345.3953,166.93,209.731,269.1555,69.1486,81.2734,189.98,102.268,146.687,191.44,116.014,332.3109,161.057,79.6105,66.4528,50.682
257,190.363,47.6767,100.433,287.4903,65.6993,204.259,154.22,175.549,183.125,279.3358,66.0372,318.692,190.392,173.267,357.7031,305.194,85.2668,310.8084,287.7001,296.0226,301.8126,287.9301,323.5199,298.662,308.5562,328.9944,297.5233,185.145,183.856,173.753,62.8451,186.114,52.953,61.3743,53.9149,170.397,42.3634,147.54,12.8287,297.0953,172.73,92.4838,66.3807,33.0685,318.44259999999997,236.213,316.9898,288.929,284.6403,67.3355,318.6038,169.314,179.146,166.873,159.09,182.889,303.8933,179.48,192.762,172.026,345.3888,332.7851,147.89,66.0496,276.7996,78.8134,93.4092,352.1439,61.5114,276.8058,36.9931,187.435,314.7417,62.6627,168.511,308.6463,185.707,348.1892,182.145,198.307,277.9219,61.0148,96.2463,186.43,87.873,165.821,182.099,140.018,343.297,171.732,86.0215,55.6619,70.4126
258,287.1708,36.0291,171.973,281.5756,81.3179,182.519,158.067,175.885,199.629,270.2009,186.382,289.478,177.314,264.4557,357.48224,296.0757,70.7704,302.8289,313.258,242.56900000000002,166.239,262.8698,315.6692,294.123,299.1727,340.6767,296.3213,185.102,175.342,181.105,64.1164,198.806,70.0137,186.082,300.9737,197.378,25.0655,163.367,325.8369,304.1714,177.957,102.698,46.6984,28.2974,40.8841,298.2965,355.59295,296.2151,208.714,60.8689,154.545,173.615,164.141,153.242,181.223,166.332,314.5467,163.118,306.6956,168.708,8.91652,106.388,326.8334,79.5458,280.8016,132.922,92.4204,319.3127,272.5177,286.8238,35.277,171.883,294.46590000000003,83.4962,194.575,305.34159999999997,190.696,345.7271,212.618,183.196,278.0759,66.7328,112.285,181.782,96.027,186.508,202.845,142.377,321.0193,148.202,89.5037,40.5705,56.1735
259,290.7934,34.8357,185.635,292.6293,81.6764,183.649,178.491,171.588,199.827,253.51,286.075,298.62760000000003,182.677,259.407,348.74,194.856,81.8521,315.2199,300.7093,189.961,314.7058,253.893,317.4554,316.4242,321.3375,338.24490000000003,307.9766,202.554,184.96,182.976,73.1458,219.508,46.6339,205.908,294.7686,181.346,33.9663,167.534,113.866,297.3307,195.436,86.3013,58.982,38.1846,331.8908,269.4705,336.6896,295.0965,314.3928,57.7261,185.375,166.567,301.6701,168.848,170.831,157.338,292.6027,179.557,178.498,175.849,353.57734,90.2796,39.6485,111.79,266.59770000000003,67.1553,99.0148,324.4001,307.51279999999997,301.6325,41.0784,177.889,272.4036,74.2897,278.4142,309.8427,174.48,182.844,170.007,202.194,280.5365,47.4151,75.9259,197.711,102.211,180.975,176.608,147.642,329.5543,160.08,85.0546,83.3379,180.573
260,310.78520000000003,31.8544,176.813,274.5893,80.6959,160.798,176.068,172.227,201.146,247.311,163.417,300.4081,199.335,273.52139999999997,3.30571,177.216,115.218,298.6399,307.7904,173.05,181.091,289.5912,327.1807,298.8934,314.7255,341.2563,292.5039,194.88,186.538,172.653,97.6225,193.217,47.0706,74.6867,56.2902,180.737,37.212,153.558,359.168257,82.2425,170.965,84.5781,70.8561,39.7723,1.84219,282.0005,313.01800000000003,298.5066,306.8387,46.4206,160.084,179.354,163.016,300.3062,172.557,159.39,284.5078,183.013,184.626,184.733,327.0933,316.6458,45.1442,85.8733,263.67719999999997,154.577,96.305,294.6856,259.877,291.1872,42.4541,160.504,164.62,54.0018,201.458,312.0454,200.153,139.02,185.335,205.322,250.00900000000001,39.4291,78.0106,179.458,88.959,183.787,167.624,171.174,324.4552,181.013,88.9905,82.4733,189.579
261,310.9299,35.6396,192.666,292.1821,87.3495,185.425,176.194,180.018,207.308,243.982,184.338,299.1168,201.942,263.8442,357.76375,187.112,63.6777,300.9414,307.8057,156.823,310.7943,281.8247,322.6231,308.6367,304.3759,325.127,312.2373,299.1968,168.418,186.354,74.6884,179.069,54.56,179.836,306.00419999999997,182.291,31.4859,68.9327,331.1634,287.4148,183.267,91.7239,65.054,332.9764,357.88593,274.7539,348.4622,295.4213,291.30920000000003,47.256,158.735,180.433,156.426,294.89369999999997,161.822,171.665,290.8034,160.59,190.421,182.946,124.087,284.7745,76.527,86.0307,281.7631,151.282,121.536,331.7974,272.9112,287.34680000000003,27.7031,174.979,296.09839999999997,67.1815,195.076,303.7054,177.648,189.073,181.238,201.22,261.7114,60.2869,92.5278,187.274,81.4744,170.843,177.255,132.65,323.1416,135.313,64.5843,58.235,187.587
262,302.3256,49.4936,184.565,57.3181,78.4397,162.362,175.193,168.383,186.786,227.572,182.829,33.5689,188.037,295.5502,5.46034,190.2,49.7596,310.5006,301.9236,184.237,323.0775,274.468,328.9869,286.6791,289.9447,333.9938,304.217,292.6573,178.556,179.326,58.53,191.266,57.0851,189.237,308.0577,170.92,32.286,158.716,353.45122,223.99,172.447,80.2448,72.93,35.2184,348.1761,248.365,303.746,292.5714,275.9951,78.719,160.596,188.917,151.684,291.1291,172.372,151.265,283.09090000000003,136.734,293.2583,59.0323,270.1354,97.3406,177.527,73.5012,265.7754,47.6817,101.103,351.78116,279.1375,280.025,38.5544,154.427,291.055,67.9821,190.773,318.497,185.248,152.585,182.553,190.819,288.4516,48.8414,90.6389,194.552,76.3486,169.801,200.529,161.972,345.832,34.4451,86.7126,110.019,64.967
263,293.12149999999997,28.888,175.268,280.7944,91.8939,161.98,167.163,165.599,231.576,253.942,175.968,39.2796,183.27,246.99099999999999,357.34454,170.058,87.8574,292.096,309.4956,191.467,310.9425,269.4652,334.361,304.4367,297.6148,323.5586,317.4383,184.872,187.337,170.391,62.6059,198.625,64.166,165.615,61.882,184.159,326.0944,163.827,340.8328,305.0863,172.264,85.521,64.3146,30.9757,17.0277,272.0019,349.0373,300.2306,305.0745,48.497,154.902,167.43,152.225,287.3837,163.09,159.739,296.3572,54.3467,301.4996,91.9097,331.9035,98.0715,306.4221,84.7346,269.2174,55.1143,98.3967,326.6788,275.9833,257.842,27.8013,162.522,304.0096,49.6112,185.377,313.3857,189.407,359.212844,194.702,184.075,297.3337,50.2044,86.9054,194.13,68.2936,304.6456,166.478,104.864,322.0903,342.1529,85.0152,262.7137,106.189
264,292.1264,29.7389,177.579,300.223,84.6946,175.052,184.279,173.575,191.432,248.268,190.306,176.42,177.041,177.404,346.4652,287.1678,54.9062,309.9373,293.0616,211.308,331.9021,271.812,334.9865,302.8114,301.7958,321.89639999999997,293.6865,186.747,174.93,175.775,74.9848,201.413,58.0286,182.67,296.7615,187.317,33.6159,164.428,155.197,300.6496,206.292,89.6149,59.9835,27.9381,356.97801,276.9144,326.0706,292.8225,287.7415,155.107,171.621,173.253,159.193,289.9368,193.619,53.152,305.0045,58.2188,311.8098,41.1765,280.28340000000003,343.8077,332.7637,66.3081,280.1024,160.216,110.131,315.0342,281.1248,292.5271,28.6137,149.131,187.048,45.8886,195.746,302.7878,189.538,163.252,165.1,205.709,281.0965,54.19,85.8399,188.99,92.7994,297.77,185.675,161.469,330.0994,354.6529,77.7815,243.71699999999998,179.137
265,283.7783,27.9296,306.4309,313.2421,79.4407,192.385,181.503,52.3002,298.1999,284.0963,177.799,304.1095,184.772,182.296,16.6786,194.086,66.2194,304.8156,297.6657,200.711,187.493,263.6533,333.7584,296.642,289.0894,333.4568,291.2626,190.963,175.745,184.23,50.8036,204.865,56.1512,205.801,318.5756,156.977,41.5886,171.497,4.19254,300.8876,168.261,94.9576,56.1052,36.157,326.8905,293.11109999999996,15.7948,315.0951,291.2563,132.491,80.9158,179.819,180.012,307.5925,177.504,66.306,313.8852,48.9068,189.379,61.4941,342.646,121.162,320.6374,101.99,285.0107,60.9341,91.8642,315.2755,294.5288,284.9434,36.2479,166.123,324.1375,48.1267,181.077,302.2121,180.863,186.686,306.214,210.588,292.4509,62.3026,94.7078,188.015,77.643,297.6349,166.186,144.352,336.111,13.0248,91.9473,306.5637,186.675
266,281.5327,45.889,183.372,307.5093,82.0925,181.83,173.367,162.198,183.691,238.89499999999998,168.949,179.506,174.411,275.1082,357.94298,179.188,53.7579,296.6142,298.6185,196.083,178.283,303.0589,333.7084,300.0461,291.8394,314.4496,301.76279999999997,183.142,187.227,175.563,68.1882,189.076,43.8909,190.342,312.4642,174.804,334.2592,159.32,167.211,169.166,163.454,78.9212,74.7207,33.3821,337.928,279.3873,297.4714,317.9812,302.4464,57.4372,296.7646,187.404,172.048,322.4645,173.563,54.2516,286.9508,41.7103,176.481,79.0466,7.51639,291.3863,326.18489999999997,90.4252,273.3743,54.4029,95.0474,348.2909,288.13800000000003,291.4115,26.5694,159.817,305.9553,50.9449,285.1666,301.4498,188.141,347.9829,204.339,201.425,281.4733,42.4458,111.527,190.18,94.0494,291.5138,168.968,147.118,357.30148,106.811,83.2693,261.1471,194.777
267,290.17629999999997,39.5227,100.43,285.7663,80.4496,177.928,185.829,60.4101,166.039,247.147,71.9485,182.844,185.545,163.734,18.2711,181.694,74.9286,315.6528,302.8986,299.477,181.232,261.4511,328.7006,295.6213,303.7688,338.0159,310.6466,298.194,196.461,179.372,59.7625,187.472,71.8265,174.877,33.4392,168.033,11.747,177.354,19.6295,73.8797,162.244,86.0683,45.0438,31.8281,0.941265,280.91790000000003,288.4499,300.3113,294.575,152.762,319.5062,181.253,184.619,301.4554,183.86,45.7002,266.2213,62.4365,196.596,73.7438,355.65656,331.8036,334.1951,87.4481,298.825,63.8429,98.374,337.7322,260.6892,290.0758,32.1383,175.546,188.26,59.8543,286.4054,301.6336,71.0488,155.313,175.919,191.781,277.3489,59.8239,93.256,189.692,74.5232,290.2616,179.373,148.991,320.4742,148.365,85.985,262.1837,182.418
268,294.8829,27.4852,179.25,298.3431,85.9839,172.776,174.086,59.4856,185.058,246.247,188.847,179.062,194.839,187.134,22.719,176.251,68.8282,297.5243,286.3541,191.195,308.9232,296.3154,325.7233,285.0387,289.8371,319.0481,288.9104,173.262,168.661,165.794,85.611,180.258,55.7195,287.9699,51.9405,167.586,325.2274,161.816,43.0383,296.8914,171.48,75.8988,55.8043,12.993,340.5093,287.9133,352.07295,285.36220000000003,298.7972,56.1221,172.449,146.895,171.334,320.2008,179.658,172.785,280.651,60.0971,283.3899,62.8216,357.84703,123.155,320.6379,87.224,285.1528,75.2796,77.4758,332.3185,315.0013,305.613,39.7482,162.62,302.0082,48.2391,280.2668,305.2605,189.322,169.207,159.202,185.221,286.2944,51.7527,81.912,182.312,98.9643,291.9509,167.678,180.157,330.9046,184.591,91.7796,253.666,167.496
269,296.5434,44.7722,170.602,312.8497,88.7142,172.53,190.768,58.217,190.965,245.452,175.056,328.3308,199.151,188.558,7.89691,174.78,61.6315,292.2018,296.3471,194.082,68.6481,270.3627,326.3908,312.782,307.5185,330.0496,303.0414,192.09,191.912,170.877,63.4368,188.912,53.3146,293.3934,62.9984,166.26,36.6874,161.255,53.9686,296.1251,179.246,90.2739,53.0165,32.1918,327.5833,263.477,280.8565,298.8069,297.6126,55.4299,294.745,157.347,52.957,150.249,174.191,150.386,288.8,60.2515,183.56,64.9113,7.56469,2.92278,342.663,87.3289,265.18219999999997,64.3636,98.2,319.9234,287.4663,297.9422,315.7715,182.145,289.6166,47.9335,255.22199999999998,311.4802,172.165,201.066,177.64,192.084,280.0338,50.3884,88.5966,158.089,90.9598,188.737,157.324,145.266,334.2058,343.6011,80.1368,277.28679999999997,177.14
270,304.7272,45.2146,88.6211,290.005,90.6966,182.762,179.894,61.6951,218.298,253.412,160.066,203.869,176.005,179.925,342.8589,172.529,86.2873,282.2031,302.5393,181.168,185.007,265.6338,334.0738,290.9416,306.1343,34.5988,303.416,186.488,184.174,176.457,41.0688,201.423,68.4103,289.93510000000003,186.801,188.353,25.6982,156.843,308.1425,311.5473,157.731,85.9537,75.9915,42.5828,164.652,282.6245,346.4029,302.9231,295.5701,74.7852,297.1825,167.089,175.518,302.7719,178.35,59.9868,315.7901,82.6033,298.1042,66.1276,129.895,290.3833,323.1792,95.4843,285.2774,93.5159,83.2888,0.0621921,272.6137,284.5185,30.0125,161.019,287.2563,60.517,291.6757,318.6258,196.504,180.279,185.468,181.537,282.4393,59.4705,104.514,164.733,81.133,288.6617,172.285,137.465,333.4782,338.0139,85.3772,259.589,194.31
271,305.2659,27.2496,190.08,317.5734,109.909,181.485,171.024,52.3488,205.686,279.0312,172.571,184.529,201.22,293.7108,17.1954,166.655,68.1404,306.8215,298.378,308.94939999999997,186.835,284.3419,321.1356,298.6939,280.1315,338.8781,319.3768,197.953,191.814,169.012,54.5366,194.814,53.7496,308.4404,313.9465,166.175,35.477,167.133,8.92395,297.902,167.913,89.5972,58.5877,37.1324,175.351,300.1379,276.11379999999997,294.2187,284.88009999999997,67.2362,179.117,176.375,168.573,304.4662,166.643,50.8527,156.63,169.345,293.6671,178.792,336.814,113.881,317.2536,63.2172,273.2193,63.6207,135.213,339.6702,276.4362,291.6781,33.3303,175.042,295.01099999999997,49.3385,187.373,311.6704,189.154,118.27,308.3971,186.405,288.4733,54.9866,98.4396,184.093,93.607,53.446,176.221,149.513,321.4562,323.76120000000003,62.6952,170.193,148.977
272,291.9511,31.7215,58.518,295.2083,75.774,184.245,158.201,52.4531,191.321,263.33230000000003,193.593,179.166,173.732,182.054,347.669,166.871,61.1148,309.3161,294.58119999999997,173.73,194.726,282.0627,318.26,292.29470000000003,296.1737,42.3383,309.3438,185.092,176.45,171.517,62.2711,198.765,57.567,309.4436,315.2711,168.767,39.4641,160.742,263.2865,288.3992,169.769,92.9003,67.4276,37.658,129.064,296.4955,315.416,289.0182,219.413,88.8607,161.292,182.731,282.485,299.5559,176.044,60.9907,190.443,169.637,324.4171,157.864,335.0657,358.0327,287.1196,84.5053,274.0951,62.2899,97.2367,321.929,264.4552,290.9066,37.7604,143.084,193.141,50.796,212.623,309.6963,177.516,325.3834,307.98,190.726,294.0308,75.0507,103.929,189.23,103.596,303.086,176.639,137.38,321.8481,321.3178,66.3253,180.531,77.9856
273,305.9889,34.0727,74.9935,181.549,76.7632,175.2,181.974,45.1147,179.671,268.9158,184.329,181.705,180.465,278.372,350.22978,289.7434,75.9211,306.8713,296.3084,280.1315,306.839,258.429,327.98109999999997,289.13009999999997,323.1136,37.3573,298.5868,172.554,180.35,169.496,54.1345,200.75,60.9196,294.1594,275.7666,169.262,332.3018,160.864,321.0385,304.7549,180.746,95.8497,59.6407,31.5596,358.7968,263.7486,351.75614,303.077,201.676,158.811,164.124,283.3306,297.0147,289.6016,169.435,53.8434,326.2204,181.154,187.953,171.21,262.0163,348.3601,304.8815,95.5847,284.57439999999997,148.697,169.425,319.4351,276.2574,305.473,33.6262,185.672,323.012,65.2895,207.714,307.6501,182.046,193.566,184.482,195.393,279.2107,44.3368,100.318,152.701,88.5593,304.0163,182.781,116.003,330.1379,6.59349,73.3156,194.774,179.121
274,284.5765,37.2548,158.601,204.116,83.8472,174.81,175.98,67.2655,209.5,206.879,207.87,186.151,184.498,166.283,346.1369,177.279,61.4619,299.1596,299.658,179.549,54.1583,284.0309,331.6425,283.09590000000003,322.6266,328.5598,286.0465,171.087,185.138,178.147,74.698,198.611,81.4176,288.3122,294.7271,168.963,32.0321,165.773,182.823,292.6341,173.768,64.1076,58.7405,31.3571,1.1583,272.8865,7.00757,285.5432,278.0789,144.868,155.709,178.45,161.589,276.022,154.2,62.6653,297.7562,164.305,284.9209,167.51,128.92,355.36237,65.0367,72.8369,299.2101,73.3031,98.9713,295.3113,285.6081,172.413,27.9862,55.3003,160.966,75.5388,180.259,310.70889999999997,188.963,163.631,187.888,196.668,276.2301,54.0101,84.2601,179.88,79.3596,72.9156,187.766,149.834,339.5367,347.7866,77.7947,276.62739999999997,183.9
275,304.4806,22.0576,185.525,305.1929,90.4654,163.572,175.145,71.0471,195.63,250.875,298.5957,50.1651,187.939,176.106,343.4151,174.211,51.0444,316.5623,311.8977,287.7732,313.6381,276.1442,313.4626,299.1581,302.0314,327.9011,295.3059,173.897,184.597,167.617,48.4963,182.167,61.4783,298.856,316.3927,166.742,38.9894,153.095,129.118,273.1726,169.719,100.846,66.8148,24.5119,10.2205,267.56,11.2456,296.2571,295.8888,71.1227,156.173,164.057,169.787,280.8672,182.127,52.8248,276.4959,166.153,290.7608,178.401,341.6154,120.765,56.549,89.75,283.1073,60.8379,90.5985,331.1245,280.0261,307.7604,33.9789,178.575,320.1922,76.473,179.182,310.6486,196.466,183.478,160.261,183.812,293.5716,77.2089,91.6089,186.029,101.207,289.8288,192.935,143.706,328.7533,339.569,82.008,284.1452,166.013
276,289.2424,324.7019,188.723,290.0467,93.0997,160.748,181.988,66.0966,193.172,264.0573,164.537,316.0845,188.284,295.606,354.39171,166.938,60.326,304.3119,304.7186,180.313,305.4122,290.8557,317.5692,299.2197,289.56870000000004,324.1332,309.0174,191.356,164.759,177.916,84.2909,193.109,46.9425,290.4205,306.6438,191.798,29.9249,172.965,173.32,173.769,170.402,80.0194,64.3174,15.2167,339.2857,294.1792,343.0184,315.9374,284.4733,61.8031,152.846,178.732,164.668,317.9913,162.891,53.3028,170.371,167.265,186.987,182.812,341.8858,289.89549999999997,56.5055,78.5988,278.7469,64.4993,107.407,336.9582,277.77139999999997,315.5256,41.2106,161.682,307.2153,70.4369,203.974,299.7399,170.244,194.21,187.861,181.299,281.7836,54.2697,108.811,182.697,95.1326,289.2641,172.968,171.017,331.9424,342.5889,93.2232,183.783,181.8
277,296.4704,33.1522,178.897,174.463,99.7866,164.255,189.26,67.3662,202.154,255.743,189.054,322.4774,191.232,304.1294,351.00569,179.306,85.26,317.7909,297.1549,158.888,48.1092,116.393,332.4788,281.20799999999997,284.31600000000003,329.413,307.171,190.014,187.267,174.59,68.9941,200.166,50.0937,307.281,299.8981,183.597,351.66292,153.375,182.966,184.33,146.47,73.3284,78.4047,26.245,334.8875,285.0379,324.0875,278.9771,181.253,143.118,157.476,188.393,153.439,296.3276,166.453,158.517,175.296,167.295,191.883,173.19,320.213,359.866248,57.5258,71.3184,267.5151,131.871,81.0285,286.04179999999997,279.3567,292.7968,35.9373,60.232,314.4334,76.0208,305.4441,313.4509,169.158,340.5546,179.147,194.246,284.1414,58.0549,84.529,173.459,99.3293,50.014,170.376,121.332,316.0125,172.614,80.7217,290.2532,62.5702
278,295.197,25.4307,183.91,187.305,75.7159,189.988,175.48,51.6996,199.094,276.7638,174.962,302.9616,193.339,210.068,336.2982,188.658,44.1816,307.71500000000003,304.367,282.3117,304.0719,80.4161,330.7005,305.5391,301.6565,335.2156,305.6012,184.942,167.669,170.538,70.3925,195.246,45.194,169.081,38.962,168.003,48.992,165.557,18.2292,316.1055,179.117,86.6343,55.6561,27.84,2.74662,291.1212,16.134,291.5153,191.717,147.834,156.603,170.547,156.998,299.5238,151.599,58.5934,180.182,177.938,230.399,179.021,12.3903,0.00853409,55.4045,82.5817,278.9468,63.6591,102.519,315.9738,306.8004,287.44939999999997,31.5943,168.679,324.5325,46.9495,173.879,321.8676,179.811,359.377425,260.0287,163.327,291.7669,60.4928,84.7455,178.772,91.3488,29.9489,177.692,109.659,347.8229,173.612,90.1432,287.4135,83.1224
279,309.4993,41.7737,187.481,194.46,58.7121,190.896,178.86,63.6939,207.932,250.09199999999998,165.032,324.3175,189.17,281.1671,354.44723,185.955,269.2338,299.2999,318.6498,206.985,320.5935,260.0413,321.8881,303.6431,281.6195,339.9683,289.0197,189.239,194.944,178.991,72.1242,198.389,49.3455,171.104,169.339,192.105,345.4307,167.092,310.7528,289.38890000000004,192.712,62.2096,85.5439,29.6396,0.279884,273.651,12.3006,303.0344,189.694,58.1753,172.04,179.378,167.293,290.2837,189.169,154.712,302.825,164.068,179.817,183.577,1.40025,309.7116,71.5037,79.9908,274.4365,70.9682,117.38,297.0277,268.9431,302.8311,30.9746,167.618,293.7991,70.8805,179.228,309.4598,184.957,184.711,271.4673,216.43,275.2402,56.5179,103.869,219.821,79.6748,314.94010000000003,189.419,119.428,354.51914,312.5,87.1235,286.337,186.935
280,295.00440000000003,36.9842,208.096,173.449,85.7857,176.366,173.786,63.8423,214.29,265.2469,184.178,326.0826,185.339,275.2686,7.43902,302.6346,293.5193,313.0539,294.7048,71.9817,314.6468,282.80809999999997,327.7461,292.4114,292.7076,329.81,292.2811,203.526,182.669,179.002,61.5441,181.586,54.9973,195.678,186.463,177.183,33.2933,84.0852,334.7609,163.374,174.227,88.3265,66.568,38.4034,150.95,237.151,326.387,296.0564,218.004,65.2459,165.593,298.386,156.246,296.9901,180.503,160.552,301.5029,170.74,309.4903,186.583,15.9545,348.1505,64.9131,76.4117,259.592,56.8117,93.2146,328.8852,295.863,300.156,23.0123,172.43,306.8653,59.3112,193.737,312.5695,207.389,168.654,183.54,28.2116,291.3427,38.4346,92.4425,185.958,81.4827,296.2819,173.669,148.234,331.3961,327.6744,92.9818,266.253,181.809
281,302.7529,43.0134,177.075,179.776,77.7525,168.288,170.404,60.5008,189.561,262.0137,182.057,308.7066,185.142,154.034,358.27498,334.8666,271.7016,293.8089,313.9469,185.725,57.0038,297.4447,36.3497,297.7367,310.2275,327.8752,281.5479,186.181,165.906,179.025,59.9831,186.23,63.3799,178.314,280.193,180.853,32.6182,170.537,358.53955,191.216,166.611,80.7578,59.7631,340.6402,180.86,263.2862,253.019,302.82,175.331,81.0448,150.252,149.048,146.609,288.3113,161.792,159.095,287.8532,170.08,183.529,189.905,127.716,3.36462,55.5717,105.476,261.7076,63.9233,107.201,304.47429999999997,281.23199999999997,292.7617,32.679,66.6452,312.9504,70.9023,160.143,277.9052,186.095,336.097,208.835,4.12151,293.19870000000003,72.1395,97.3271,194.525,98.8657,293.36490000000003,191.088,165.758,337.3581,123.54,80.7804,259.411,180.248
282,296.1869,49.5087,173.118,181.26,92.9026,174.641,186.395,55.8856,300.5781,259.568,180.756,178.055,179.648,216.418,340.4417,304.9175,75.8621,295.4517,308.0472,189.677,75.3653,275.1196,323.7214,286.3289,298.9105,40.6629,302.4112,146.423,174.244,203.881,58.6623,182.052,39.4263,188.517,300.0494,188.08,36.3908,164.631,5.41083,275.8394,173.936,108.311,33.5329,34.5036,182.588,268.3921,337.175,293.483,186.262,64.8434,162.576,181.28,164.863,282.0174,169.757,315.2979,180.478,172.174,195.193,167.772,124.839,109.903,73.2054,106.999,300.9142,138.331,92.0978,347.9172,269.31669999999997,305.1364,33.8361,165.973,324.5268,78.5856,304.4892,287.3747,192.083,183.765,186.657,0.788378,283.4855,51.2039,114.011,189.269,79.175,179.417,191.738,162.209,16.2629,149.284,80.5737,332.7335,146.678
283,297.5313,19.0071,202.088,196.033,82.3734,176.532,164.319,58.1528,273.477,252.811,163.079,185.791,174.81,180.846,12.4578,295.2597,56.5903,290.1356,311.7554,192.388,312.58140000000003,286.0386,339.5227,299.1279,299.9213,329.4128,311.8814,185.53,196.827,172.497,49.8687,200.583,63.8748,249.714,298.418,175.033,322.3387,162.603,300.3345,304.0884,183.445,84.5864,67.0097,30.8831,159.254,288.6402,342.872,302.1257,173.901,64.5101,21.9369,182.786,166.617,292.4385,172.442,178.089,282.0712,157.584,305.7795,163.772,9.19497,126.268,49.8829,100.557,288.36379999999997,156.587,109.11,299.0642,287.5964,285.688,36.1353,170.622,320.99490000000003,71.9441,286.16880000000003,313.3673,199.397,204.741,186.674,23.9082,287.5784,60.2748,97.4546,178.941,82.768,181.839,188.939,157.662,339.5551,345.1245,79.9688,124.974,179.649
284,275.8209,41.9669,187.131,188.893,53.2873,192.945,158.189,61.4494,191.375,258.56600000000003,286.7066,185.995,187.798,179.752,351.90684,298.448,65.4916,311.337,308.5967,187.802,175.843,284.0779,30.9089,302.0065,292.6486,329.4645,297.2273,180.304,197.74,168.844,53.8232,194.978,53.1199,175.586,321.0095,174.693,339.7353,164.258,314.33050000000003,283.5263,166.357,98.0793,79.4584,29.171,183.67,262.63530000000003,12.7471,286.63509999999997,303.4271,148.047,153.604,167.804,288.4101,315.5908,167.889,181.532,188.737,161.317,284.8162,184.828,117.095,323.3442,44.579,67.2303,308.7411,120.791,96.9533,334.5448,73.0229,191.156,38.6464,186.091,314.305,62.2024,285.1085,315.1399,184.738,23.7633,180.172,7.89451,292.3635,62.4677,84.37,191.326,90.5541,186.57,185.912,292.5312,332.89639999999997,165.378,95.0741,276.0456,174.965
285,289.2571,43.2617,188.372,177.253,105.134,178.073,190.281,70.2183,204.053,279.3562,160.997,199.887,171.417,173.559,7.16056,313.493,62.2865,283.9704,309.3007,180.004,26.5688,288.7692,320.8213,291.0159,296.3482,329.2186,313.2134,295.8335,177.157,182.796,58.054,191.684,38.8921,298.5013,322.1998,176.455,16.5513,166.465,190.965,286.673,190.704,86.3026,42.5498,31.3558,167.884,274.1579,297.4793,310.409,288.53430000000003,81.2331,148.558,171.781,308.6194,307.5913,173.987,158.984,179.321,75.9089,307.8052,183.78,4.06763,4.16271,52.1003,110.334,259.825,138.922,101.832,322.6124,73.9855,286.0566,29.7067,182.958,291.7688,69.9317,294.0618,298.5234,197.189,25.2751,176.094,8.97379,276.68510000000003,45.9408,103.699,187.428,86.8173,180.775,177.412,320.1855,351.66554,13.4317,86.1537,176.225,190.367
286,307.7296,33.8273,174.199,170.331,98.8848,195.014,161.763,64.3668,184.349,243.089,185.096,46.345,172.965,303.0276,357.36509,298.0484,162.81,300.5311,304.3449,325.704,297.5025,259.407,48.1523,186.992,302.3538,323.6591,298.2935,200.45,179.719,172.704,42.5811,189.097,49.1994,196.198,298.3927,171.525,39.7491,168.67,50.0846,291.2685,183.367,92.9133,52.8996,36.169,166.131,269.4456,13.1762,300.9917,169.53,69.1027,305.1442,189.601,298.1105,313.47860000000003,179.971,173.228,302.6064,45.0303,303.3998,189.007,350.99607,357.39678,58.2861,93.515,289.8583,68.7768,169.478,350.50102,65.2999,291.5468,36.4356,143.64,289.2356,52.2323,178.085,321.2073,164.833,354.35303,187.652,11.458,271.044,59.3368,99.0275,189.801,76.5958,199.807,191.704,293.8821,319.2548,22.0325,87.7831,84.7212,190.56
287,189.085,28.7636,93.1668,181.76,84.9794,154.932,159.917,55.8069,210.557,176.145,166.781,312.041,185.974,301.4301,359.2653,345.5877,57.1417,301.0878,300.1106,179.922,293.8515,257.911,318.1672,308.4404,281.6245,317.9592,318.4678,193.224,180.237,173.995,68.8922,190.673,50.2508,185.093,32.7319,169.224,22.4595,170.931,154.064,294.0312,170.964,86.4149,69.1556,41.2589,345.3324,282.3383,338.9107,299.9004,180.546,79.9091,312.9552,213.383,310.2845,317.9089,166.551,156.91,309.4085,58.2951,160.87,187.831,349.1116,123.181,68.1312,100.621,280.4248,50.7224,97.1548,350.60571,52.4513,277.1225,41.2463,157.375,293.6004,60.8143,288.915,287.1479,192.823,195.273,175.271,44.5162,291.8722,60.71,76.6706,187.983,100.21,170.004,188.865,305.5083,322.9438,108.04,72.9912,261.0863,169.413
288,299.6468,38.3798,195.538,195.372,76.3209,171.602,152.412,59.3208,180.101,211.523,202.152,289.5161,187.721,211.493,359.224647,278.9327,176.402,76.2638,284.9258,175.067,193.019,268.217,318.7585,288.0736,309.5234,318.94169999999997,282.8656,178.64,184.129,191.742,68.8198,181.725,43.023,168.391,240.49099999999999,188.975,319.0344,175.586,247.013,319.8714,188.164,82.7332,57.4958,26.9982,337.283,65.0211,345.9938,317.0353,192.048,39.8153,319.0448,172.59,310.686,302.351,178.762,174.658,71.7596,55.3529,289.5416,183.995,352.08699,316.8408,49.1078,69.5843,268.0381,63.4219,93.1599,348.7417,255.433,304.2384,40.1613,168.405,315.0199,59.2093,296.8316,320.1822,172.537,179.796,180.299,34.8893,255.512,69.3683,90.6241,171.647,75.578,188.526,219.223,301.1903,327.8877,165.488,83.1982,102.045,193.56
289,294.5217,41.5555,180.548,187.283,82.8947,199.739,185.628,52.2884,190.992,84.0354,174.457,175.802,179.07,168.375,335.0637,178.534,79.8667,74.5608,297.2369,165.301,186.821,293.9366,40.6354,306.6999,313.1337,318.9735,304.0555,185.39,183.138,190.198,42.4372,198.502,40.1921,182.94,302.8018,166.588,36.2203,158.159,199.372,290.7044,175.594,79.7884,44.6786,359.401904,169.158,290.1497,342.8956,281.0683,302.5889,56.7413,305.556,196.958,302.3496,312.712,183.598,176.199,306.0182,58.7525,178.841,181.362,344.7401,341.7717,49.757,91.1003,276.2028,154.289,85.7157,312.9636,295.5118,295.4366,27.4828,172.775,183.439,43.3006,255.826,306.1931,184.524,172.912,162.338,32.8569,293.47360000000003,50.3456,80.7307,196.956,86.7913,296.2029,159.513,300.6363,340.6,8.3688,73.6211,251.112,76.3484
290,303.7727,31.5807,178.175,180.973,68.1021,197.372,172.675,52.0517,190.58,272.4944,185.08,192.278,187.492,188.755,5.92545,200.235,67.7655,39.2962,295.8818,178.656,41.6406,281.4827,325.8105,301.66179999999997,310.7493,323.69939999999997,306.3096,170.503,175.031,172.533,51.7302,208.886,69.7086,167.668,316.5238,176.17,43.838,169.918,172.316,288.6114,181.15,81.7216,65.3493,40.643,343.1372,261.0246,284.7147,303.4647,289.0219,90.9919,306.655,178.715,307.8112,158.527,175.939,165.741,297.9292,62.7626,175.094,188.59,124.997,348.0064,59.7649,108.912,282.6714,77.2087,88.909,306.119,258.807,292.4973,29.6267,174.127,302.2552,57.6958,299.6676,312.4015,181.304,182.829,286.5879,358.93483,284.9946,68.1203,101.459,171.244,95.8635,201.359,172.962,278.5342,336.6953,325.9998,107.474,319.5274,62.6839
291,286.9291,25.1361,200.829,180.223,81.2929,181.026,327.3613,59.281,303.838,243.917,187.877,203.772,192.831,178.419,13.6563,180.406,65.2119,65.7218,293.8277,181.516,178.808,292.6573,325.3464,174.455,293.9643,323.9527,305.1704,178.721,181.617,170.886,59.5759,196.059,33.0821,173.343,304.8169,172.651,336.8423,157.193,318.4697,284.1645,176.593,95.5533,65.0426,28.4506,161.806,313.4782,2.76028,298.896,302.7345,66.7717,154.999,158.161,164.888,155.419,175.267,163.949,282.2917,61.9451,139.018,167.523,115.047,357.17614,53.2288,94.5133,270.3586,145.248,95.2695,8.1004,281.5089,303.7211,32.724,169.507,203.574,62.8489,307.6578,313.0985,175.787,31.8644,178.481,25.6088,291.6192,59.9878,94.7043,207.355,98.4425,311.8806,189.398,289.5171,337.4719,176.817,100.814,279.532,55.1474
292,295.0061,37.5763,181.274,286.1639,94.9289,171.26,308.4035,63.0386,187.766,249.65699999999998,173.622,293.28520000000003,179.45,188.585,9.3624,178.027,63.0004,74.976,298.7068,172.709,311.0584,274.2228,317.5594,168.678,309.1343,326.6896,293.3958,186.2,181.787,171.916,76.9707,182.966,62.2677,189.395,57.6446,172.062,37.3276,161.598,9.2459,300.1163,185.498,81.3724,70.601,34.3735,189.227,257.773,12.8697,302.4338,285.9567,68.4352,140.884,190.444,166.776,291.38,174.062,162.259,193.608,61.9263,301.25419999999997,188.926,141.383,309.7439,65.0925,94.8846,276.5772,63.1857,123.589,336.8892,269.3754,296.6498,31.7851,164.826,318.47339999999997,50.2346,205.109,301.7654,170.555,329.1176,169.875,19.2449,269.7614,57.0246,80.0332,191.669,88.8325,300.532,171.739,306.0665,338.4222,330.3097,87.7538,287.8987,63.9601
293,301.9826,31.6221,157.3,295.7819,79.6996,173.893,287.2701,73.3414,179.463,227.589,194.229,314.1456,173.561,159.757,8.84232,288.467,61.9912,53.3703,287.0232,157.594,298.555,295.6028,330.1033,169.228,298.2371,327.8747,300.7965,307.7308,179.488,168.102,50.2256,204.436,50.1269,190.954,188.781,182.924,31.7865,149.88,339.2182,294.1852,158.812,85.4271,46.0366,44.2341,164.006,264.1483,331.4274,289.7531,288.8613,142.871,153.149,178.454,172.779,178.18,169.908,163.922,279.3569,61.745,211.172,173.321,335.0311,328.41949999999997,63.498,101.742,286.6709,56.7168,99.7973,344.7725,280.64390000000003,306.3331,44.4113,177.849,268.7357,62.1836,218.831,295.3828,179.976,2.10272,178.383,6.2793,279.7333,54.8406,89.6547,196.461,92.2913,295.1236,216.642,300.4332,344.1676,164.318,103.452,275.7842,44.0065
294,298.1058,33.8197,277.312,301.3899,78.3574,171.81,42.3243,43.1152,191.772,257.413,201.88,29.7793,186.475,297.3386,1.60472,183.722,272.65840000000003,65.2022,295.6869,168.508,303.5503,261.0331,332.9766,197.635,303.0394,325.4081,313.3616,182.3,187.254,184.755,69.0419,193.919,56.6929,174.74,291.8009,182.994,41.9817,164.647,330.2642,299.364,162.442,89.8444,72.6987,14.5774,173.814,282.4912,344.5238,296.9252,321.56510000000003,57.7687,178.942,171.354,189.737,169.796,158.894,156.591,280.5797,64.4266,167.948,184.058,321.7459,281.48040000000003,55.0983,74.7806,225.449,59.789,97.903,345.8509,271.3474,302.6906,36.746,158.201,326.2179,47.6339,177.515,297.3471,179.86,9.63713,172.312,34.8915,271.3982,72.2096,93.0086,168.733,104.821,301.2032,170.504,304.8566,347.977,319.9297,81.7712,174.009,68.7539
295,301.0142,30.4407,214.977,297.8032,103.612,184.649,315.7173,59.6309,189.12,270.8243,151.748,333.7311,174.849,195.366,9.2424,168.4,279.8281,79.2654,278.0378,158.351,303.7126,282.3165,315.5171,180.522,317.1843,337.3613,294.6338,185.487,187.583,150.244,63.874,201.487,52.9889,145.626,306.3422,172.3,43.7526,66.396,4.43548,302.37080000000003,147.917,70.4305,63.8491,35.2204,190.649,264.7143,11.5148,303.5766,294.8075,61.8772,164.885,179.228,172.232,156.995,168.926,285.0182,282.3456,46.7799,307.463,178.266,124.96,109.012,48.9971,84.6283,244.921,133.931,146.266,332.4066,284.42539999999997,293.9855,325.8094,169.304,288.4099,72.7663,191.355,314.5082,180.247,263.84770000000003,193.041,339.6092,283.6316,61.8201,74.1088,178.515,108.074,152.373,294.4345,281.4237,343.7454,328.5194,70.8364,193.018,181.743
296,191.461,30.8382,189.611,290.1916,80.8166,175.877,334.9158,64.6346,200.7,257.187,168.738,294.3973,178.314,292.6949,22.7732,188.648,281.719,60.4036,285.0787,187.174,310.394,252.42700000000002,39.0848,194.961,302.3543,331.599,292.2331,189.899,208.669,177.908,50.2228,181.062,49.8637,189.159,294.9475,182.336,35.8396,82.3205,321.8007,283.83209999999997,182.129,84.8924,78.7329,40.6838,174.198,326.5171,99.2304,289.54470000000003,298.2256,51.7151,85.6741,204.109,306.11,317.3722,191.481,171.772,283.6872,68.2212,189.421,184.465,262.0881,101.501,55.1423,78.3965,241.262,165.887,156.161,335.6296,281.2088,291.8548,38.6665,176.868,217.888,66.4426,191.839,306.201,180.337,344.1805,171.526,26.6192,282.3048,41.3031,88.3925,166.587,83.1261,316.2885,258.744,117.669,343.0658,311.2404,55.3153,69.8174,175.373
297,281.53,327.041,169.368,292.3894,63.1679,169.455,310.0401,56.4774,292.9809,229.397,295.6348,184.421,190.167,195.347,3.74875,141.36,65.8361,54.4796,287.3152,174.649,306.7454,248.495,321.9523,179.212,302.8784,326.7838,303.9398,279.3377,189.721,166.017,70.187,191.076,55.527,193.835,308.0329,167.209,321.1579,66.636,176.752,302.7723,182.412,96.4578,47.6143,37.52,163.035,296.2051,306.58209999999997,303.1919,293.65930000000003,55.4607,155.131,186.824,170.679,316.1704,180.638,148.466,339.3865,66.5157,186.088,188.815,72.5089,116.473,56.1668,92.5756,257.63599999999997,77.4935,85.7306,20.3688,286.59590000000003,300.7075,43.0092,81.3531,158.669,77.8124,302.2059,304.9882,186.374,338.0466,177.241,17.6176,320.5401,55.464,78.4717,194.109,96.0934,310.0789,154.141,117.696,339.8808,347.5174,108.363,296.9063,171.248
298,306.6993,326.5395,192.885,306.4248,75.256,162.474,317.6721,164.497,173.52,245.54500000000002,164.779,300.5606,188.481,180.684,33.1802,284.8675,70.9542,69.169,298.3291,174.813,296.9942,261.9391,320.8594,199.315,301.1864,323.3482,306.6118,185.533,194.252,177.809,37.4575,202.926,69.4831,182.04,308.9018,177.517,341.1144,58.1095,171.303,292.9857,177.644,85.2494,72.0582,35.713,184.48,286.4519,345.4973,289.90909999999997,166.237,67.2749,204.927,166.274,170.367,320.5155,173.732,188.468,305.8916,65.3572,275.7238,178.394,77.6963,335.4207,53.8864,73.3378,255.223,76.4886,84.9681,340.6488,274.9676,274.0974,35.089,166.489,317.5578,62.7655,269.4986,306.0248,184.103,348.9354,168.939,359.9146053,286.8265,80.5461,93.9134,191.045,94.2732,319.68489999999997,153.034,137.243,335.5105,164.817,97.0307,281.2823,172.845
299,314.2881,324.569,287.199,169.864,85.9054,180.869,316.2119,172.265,186.253,241.011,176.723,308.1707,182.59,282.0953,23.675,170.875,60.5719,54.3733,302.1549,72.7464,52.2557,311.9377,320.5319,189.493,278.706,329.9396,301.82439999999997,183.692,194.604,173.534,38.8919,200.455,33.7372,180.42,186.499,180.241,31.9939,172.114,318.5757,289.8135,174.108,98.6754,72.9891,33.5838,158.109,266.879,6.05768,290.9061,181.373,134.929,180.938,177.088,156.916,301.0063,163.213,301.2625,315.9798,58.5543,204.644,176.221,56.7203,103.079,177.533,83.7093,235.928,80.6878,90.209,337.1149,292.9051,305.069,38.5439,163.124,294.0235,59.6146,281.6527,323.0017,195.567,327.4051,191.703,29.9918,277.435,55.9763,108.941,175.509,89.6243,302.065,173.204,127.53,337.9327,331.4624,94.8378,287.3637,186.118
300,51.4382,45.5061,189.43,296.7021,77.9822,172.018,330.1436,165.103,203.185,252.305,191.286,185.747,174.628,151.576,343.4813,186.667,55.5971,56.7756,287.1952,166.665,36.6192,278.6474,327.7117,190.901,298.9541,329.4267,287.7016,174.53,183.682,169.957,65.8039,181.297,55.0642,173.496,309.6952,184.175,39.5047,144.601,327.8967,288.0874,179.334,98.5916,63.1623,34.0215,176.601,278.11879999999996,354.81398,288.4638,179.418,55.9676,188.729,199.302,158.845,311.733,167.158,147.422,302.1003,55.6437,145.214,192.33,63.6573,298.0201,314.2244,95.0836,279.85699999999997,73.5884,102.701,357.34574,249.174,299.7411,42.0317,63.2743,319.9991,71.8654,211.986,307.9932,185.502,196.301,193.262,1.81203,308.9182,64.3866,104.527,179.829,92.2282,201.089,177.032,114.863,341.2621,166.639,103.614,287.6305,162.956
301,37.0013,39.6225,195.398,307.0099,80.575,167.317,312.693,190.274,320.6405,267.7008,167.056,169.524,190.867,160.819,2.35954,206.11,51.2999,50.7292,282.4676,178.896,301.4735,284.1279,322.5187,193.246,292.3777,328.8552,308.7946,195.64,206.542,184.94,68.8912,189.338,41.5778,175.214,302.4982,170.624,47.2004,179.166,345.5373,318.3824,170.742,92.6378,54.1752,43.1672,184.626,254.554,0.338241,303.4936,172.339,162.519,96.3916,199.908,183.382,303.9818,192.196,311.4328,277.5295,55.2946,150.015,180.892,359.369119,343.2676,311.2066,84.2686,243.796,65.4828,81.7063,353.39593,265.0784,287.1245,42.2442,162.423,330.8076,54.2973,270.5985,294.71659999999997,189.67,0.588718,285.743,13.3873,267.6905,72.4643,89.2029,190.566,97.915,178.59,165.613,121.93,327.0469,142.314,115.223,298.5925,178.82
302,62.0712,41.888,194.182,245.142,93.6796,181.225,48.8121,179.222,210.831,241.22,174.265,321.6245,165.766,204.89,354.34412,179.051,65.3174,60.0384,297.0447,156.711,311.8352,250.977,325.8157,189.164,301.6893,324.2553,293.5432,175.368,188.589,179.027,50.2598,190.085,49.7405,174.741,307.8972,183.299,21.3127,179.806,300.8957,291.1995,164.399,87.7964,74.3908,38.2755,328.6816,292.6894,74.7416,307.5865,170.339,53.5048,161.987,177.564,156.251,313.284,143.125,295.30060000000003,314.0947,178.935,178.809,164.783,296.5775,310.1935,316.4707,56.5416,257.522,70.9021,84.2227,334.7884,281.9549,306.1302,30.434,150.144,293.8673,75.9061,287.0627,293.4037,177.502,351.71081,192.368,21.5129,292.4145,64.3266,96.8764,189.432,94.5592,179.159,184.343,167.012,337.19259999999997,296.6796,83.2752,298.45029999999997,176.524
303,64.3078,338.4344,273.7934,173.697,84.4137,169.617,288.4905,299.4988,302.0726,70.4447,209.843,172.87,191.625,152.366,347.7509,176.135,156.868,80.8651,283.1843,176.894,173.679,275.5133,324.7497,183.858,309.7208,329.6423,292.9252,181.084,190.838,179.788,57.2985,200.361,44.9303,182.823,309.0125,182.342,35.9117,162.279,87.3996,305.0391,174.498,83.1945,62.0195,37.4123,343.5147,277.093,91.714,299.321,319.1406,281.2751,148.725,172.281,183.267,298.3243,219.225,308.9215,312.639,150.465,308.6491,176.903,343.4015,125.206,325.34590000000003,75.6687,276.9913,151.449,82.9313,328.8056,278.3195,304.07529999999997,38.2076,166.168,315.7643,66.4084,279.1866,307.8143,197.875,192.512,171.886,350.77074,304.6146,85.7094,88.49,176.88,92.0718,168.374,185.759,134.736,317.5028,125.379,72.388,96.6284,168.336
304,77.6113,39.8732,290.976,159.467,74.2673,200.069,167.208,304.38009999999997,294.7,83.2935,201.884,177.856,192.937,139.528,29.478,186.297,179.185,64.2613,293.8991,297.74,166.117,274.3247,321.1416,188.132,306.7521,326.6176,300.6603,190.125,203.344,176.925,53.462,201.824,50.0893,196.812,293.178,176.048,40.7147,162.499,151.061,286.1894,161.835,90.2396,73.9003,36.8414,21.1313,280.2255,85.1247,316.755,275.2158,284.56,86.5701,187.465,177.933,304.1188,180.494,166.03,259.98,165.886,272.392,185.142,326.2761,143.915,178.191,78.9946,279.91110000000003,141.469,103.086,333.1516,291.1825,291.8845,27.3162,161.567,175.894,88.7606,305.8089,313.3015,175.309,190.79,192.569,19.7794,293.59159999999997,48.5114,82.5798,218.771,96.2358,174.732,179.109,146.83,348.159,282.9241,83.7926,296.9276,179.704
305,67.3479,331.6195,176.67,290.3249,97.4749,157.238,168.465,300.1501,200.468,90.4305,174.519,177.526,182.032,173.294,18.1383,174.038,287.2378,70.8198,292.22270000000003,151.233,163.037,293.05830000000003,325.5254,182.195,297.799,344.4436,298.2567,180.373,198.976,186.231,61.0191,208.347,51.3538,183.757,289.3096,181.977,312.0602,186.372,209.235,306.2254,177.171,91.3738,62.8042,40.9668,354.49717,246.268,116.196,299.7202,291.0138,291.5348,109.706,168.624,181.867,304.3738,184.076,169.437,295.396,166.611,271.6787,193.663,2.85631,13.9085,168.785,80.0431,269.8413,67.7996,94.1382,338.5689,268.7582,297.83979999999997,37.1633,174.339,314.7656,82.2712,182.114,312.9072,196.617,296.1286,203.98,44.2873,306.0385,68.2523,87.8439,189.023,93.9741,188.238,181.775,155.949,335.6525,120.241,79.0242,221.187,162.588
306,70.0222,336.22,165.442,192.107,105.949,197.77,319.1557,307.0949,304.19259999999997,63.6837,203.524,174.553,169.615,166.945,354.04906,172.333,73.3078,52.458,292.4373,90.5845,285.9227,281.5617,314.1734,184.187,286.6538,327.8058,295.8485,194.584,204.741,181.164,53.6468,194.212,50.0609,189.313,169.96,168.629,336.7626,163.541,319.8301,311.2809,190.01,99.211,66.5447,337.7358,358.2405,277.278,332.9656,295.8662,299.8681,271.5985,138.765,157.04,174.201,300.86379999999997,185.111,184.426,192.377,176.9,307.8208,181.593,352.48609,128.319,185.033,77.3987,289.2206,135.701,91.6454,337.1903,246.671,316.4079,42.4814,176.752,163.13,67.6301,175.918,297.8293,168.606,318.4862,198.0,350.45643,298.7554,56.4175,80.2901,174.917,88.6434,189.502,199.288,139.818,330.4885,2.28023,77.1685,248.418,192.807
307,62.914,331.8885,271.0083,306.536,74.9753,183.501,306.7178,177.859,284.6576,86.0938,171.971,169.779,189.019,167.045,19.6147,189.458,65.8613,68.0876,302.1193,171.798,169.437,263.41700000000003,318.0668,175.037,320.7217,333.9973,294.7214,183.75,192.107,171.404,46.556,189.25,44.3687,218.998,46.9499,182.601,335.0215,180.012,322.5804,294.9104,190.279,84.0883,63.454,35.402,26.661,296.4189,300.1603,294.4525,294.04859999999996,280.3221,183.207,178.818,188.762,310.1152,191.335,175.219,186.247,157.3,171.263,173.473,337.6535,344.0933,186.484,95.6126,280.8961,133.328,102.885,329.96569999999997,264.4763,310.9461,28.6235,156.44,300.2592,69.25,48.0073,302.3525,178.202,17.072,181.516,350.93963,288.00509999999997,55.6675,78.8504,183.41,90.7201,176.366,168.708,137.1,327.3645,300.2839,83.473,256.641,179.032
308,69.9635,18.2615,174.571,174.03,90.0924,175.876,188.192,307.6717,213.457,54.8752,180.501,184.835,181.285,291.632,331.4122,264.1993,55.5231,60.5821,305.4271,306.80899999999997,177.359,280.7421,41.6233,190.989,297.9787,327.0432,305.0964,182.282,201.684,185.902,70.5126,197.096,45.9089,101.061,310.467,170.64,38.3287,179.65,147.632,298.9778,165.907,87.6342,67.5396,39.9126,347.8224,286.7641,346.8454,289.36199999999997,300.5957,274.52549999999997,105.0,170.379,176.448,315.4506,180.706,162.336,279.2873,154.339,148.852,162.803,351.88427,343.0053,175.707,87.1712,289.8304,149.079,89.9087,305.446,276.9204,288.914,37.2802,168.612,206.558,62.0739,168.21,303.5414,183.612,5.64497,162.76,2.48786,299.4259,78.9162,89.3329,184.507,83.0843,179.198,179.245,149.67,326.7554,140.632,84.5867,282.4453,177.992
309,63.3749,48.0868,188.52,63.6257,88.3692,190.318,175.376,297.8027,195.051,81.9181,184.706,40.7115,181.542,187.944,7.56436,165.344,51.1059,45.774,280.24850000000004,140.778,327.1228,257.627,320.8634,201.377,290.7488,334.6625,299.5768,158.122,211.763,184.703,60.0057,190.998,63.996,276.9044,326.8445,155.694,41.7765,172.182,150.278,284.77930000000003,168.163,91.3999,63.8538,37.7132,343.7814,294.6727,327.8254,287.2583,288.4839,275.8324,89.8771,168.951,166.527,304.6806,222.274,198.057,255.277,176.086,193.007,157.044,314.5138,119.115,180.957,74.5076,257.946,137.609,90.1592,317.1823,269.83,307.0241,23.4956,174.391,211.254,61.3503,180.59,311.08820000000003,186.993,338.6029,205.472,19.4703,269.2179,41.4438,91.7525,193.126,101.002,290.2711,197.439,145.593,315.3381,337.9305,76.113,270.5844,179.27
310,66.3561,322.5382,182.469,304.6184,90.4852,192.113,299.494,294.4077,291.1527,81.9076,179.873,328.9345,165.982,178.07,356.72469,171.915,164.071,61.5436,285.7307,177.636,313.5419,299.6503,321.4257,181.021,292.6416,38.0456,297.0918,184.066,182.105,175.01,75.2378,184.481,58.6027,264.1575,291.41179999999997,174.636,26.8482,163.959,344.6273,293.53520000000003,189.56,88.6887,76.554,43.5148,354.07382,293.0819,148.226,298.4863,293.2626,280.875,137.106,179.994,182.238,296.2342,191.957,192.811,298.3567,172.382,175.872,188.312,293.8026,334.4156,181.488,41.6888,287.5363,134.263,98.4612,282.0521,267.828,297.6192,41.4451,172.209,315.2957,34.0115,190.184,313.1819,184.026,12.605,181.286,29.957,285.5047,177.626,77.2765,179.739,84.5269,294.7441,184.784,113.062,343.1563,152.424,99.1023,272.9087,176.679
311,53.4699,35.186,290.0477,206.198,71.063,169.006,307.8322,310.1351,295.151,76.3486,157.052,183.771,182.834,154.701,357.33194,199.308,175.548,62.0648,267.5556,312.4524,165.688,268.6666,39.9577,183.383,317.4531,341.1231,291.73879999999997,188.209,204.488,168.342,55.0885,192.711,34.1922,287.73900000000003,320.7273,183.103,353.18862,165.301,180.486,286.00329999999997,181.242,86.6017,55.8477,38.7159,7.38039,249.652,79.2204,306.3293,301.6518,282.9681,99.0931,174.44,154.091,319.4137,174.991,178.362,173.0,145.201,271.47950000000003,172.896,333.3516,358.46369,306.5047,83.1006,272.7329,141.472,175.461,317.9877,270.1085,287.26800000000003,37.5383,153.849,313.0161,75.0278,316.3597,303.8087,182.56,350.90864,177.772,9.42929,279.36990000000003,51.8024,86.2685,178.982,104.09,207.822,188.832,100.851,330.5198,132.882,91.6088,288.345,194.526
312,50.4651,26.7116,194.89,304.9355,58.2899,196.193,287.2131,301.0566,191.995,69.9749,165.32,35.9984,177.117,153.595,3.33205,162.821,165.238,54.1562,272.6572,174.747,171.449,264.8203,334.1375,175.584,301.09929999999997,327.81510000000003,307.0858,185.786,177.45,180.113,62.1045,200.243,59.2634,277.19280000000003,294.6154,176.084,38.8181,174.069,308.91700000000003,283.9379,175.442,81.9085,53.6055,42.9611,359.459414,279.9627,82.8379,317.1596,313.7855,37.3224,90.8778,155.129,143.944,301.0619,178.599,301.1231,291.836,151.823,194.456,166.965,336.84,352.31883,289.4578,93.4857,284.4523,159.332,91.6203,1.84681,275.5939,297.7014,35.451,55.9935,182.055,81.3222,313.1103,302.8065,197.778,2.70539,179.615,350.18885,288.9823,76.7188,101.551,172.968,96.7417,186.957,175.02,143.108,339.6826,161.958,89.8057,86.5984,177.128
313,68.3032,33.3813,279.9823,300.807,98.2691,170.853,317.2178,207.49,199.763,74.1996,177.451,304.8087,188.599,171.282,2.68953,167.351,203.035,66.0366,297.1965,161.237,295.5699,261.8395,326.383,196.289,299.5699,333.6206,308.645,183.516,186.575,170.565,69.6595,204.323,58.1475,179.848,188.91,170.69,29.9428,149.458,215.737,278.7198,218.799,80.631,60.214,42.2143,190.536,295.3453,163.535,308.5602,306.317,59.0055,89.5827,185.349,175.868,317.1373,200.355,171.126,158.931,170.212,319.40250000000003,165.271,276.6912,332.7096,183.23,59.9912,237.52100000000002,82.5779,104.763,346.2259,286.18489999999997,265.9131,46.6383,165.205,197.897,63.6479,178.545,305.2576,192.115,181.455,187.298,8.68911,283.8643,69.7057,78.3241,184.02,83.8001,194.142,172.92,349.9782,333.3315,158.212,92.0596,185.639,179.303
314,66.7641,32.1159,278.8641,288.96659999999997,60.3872,179.088,58.3823,177.609,289.8347,74.6167,124.33,312.8073,193.556,285.7187,20.5497,175.69,56.7054,82.6409,302.2993,160.262,178.789,277.1177,318.4201,187.175,294.7074,323.8242,306.4106,166.203,169.51,204.638,55.8001,194.293,39.9045,279.9511,64.3609,187.582,30.3805,170.122,114.092,299.2159,173.35,94.8691,73.4615,42.5053,162.923,291.9548,338.40070000000003,306.68489999999997,295.2948,88.7874,110.466,189.721,193.14,308.7503,173.795,326.8159,307.5893,169.371,285.39459999999997,202.753,109.98,21.4341,188.052,77.2777,269.2085,66.4583,84.3248,317.3276,289.6838,288.4856,34.4832,162.275,13.4379,55.0784,204.028,318.6319,181.62,182.989,189.507,339.7063,267.5545,52.6237,81.4537,167.373,89.3212,187.761,158.626,339.3966,339.6724,161.619,88.0579,273.3952,179.488
315,55.321,327.3462,196.988,285.0414,92.1283,183.914,182.771,156.12,180.089,103.293,185.986,191.085,184.747,170.094,351.57027,292.9797,56.143,62.6934,295.8535,67.0144,175.857,261.5587,333.1583,188.632,288.0218,343.3726,310.8859,181.737,177.859,173.795,81.7867,180.264,56.4471,292.5508,59.2283,189.602,330.3415,152.272,353.22924,292.77729999999997,174.364,90.9108,55.2528,37.5222,169.559,284.4959,332.9413,297.3405,303.2314,153.607,76.0077,190.496,183.155,309.198,164.861,311.1468,293.32259999999997,191.082,305.3241,176.618,340.9065,50.725,184.492,77.0083,268.618,138.444,91.5355,333.7459,295.0694,286.1487,33.1626,63.1814,280.8432,41.9094,291.8462,306.0286,184.252,196.655,280.06669999999997,13.2913,302.01120000000003,30.5416,101.842,167.678,95.5413,193.568,186.384,294.0732,174.242,134.436,100.046,297.9635,177.687
316,191.96,321.5065,186.292,290.0874,75.4877,164.959,178.91,182.05,190.331,83.6625,191.767,159.077,173.67,223.769,36.4354,277.5708,70.6727,65.4205,287.75530000000003,189.468,306.7537,272.0559,316.5531,198.592,295.1586,330.0207,302.0226,186.061,182.62,179.634,54.2759,191.691,55.6633,195.467,303.0857,175.9,43.1419,164.324,343.7312,292.7616,170.228,83.9735,65.5093,42.0202,153.243,304.7053,322.5604,296.3434,319.4902,134.106,169.583,162.053,182.298,298.6788,179.548,279.9483,175.17,148.688,158.012,161.634,327.578,21.3925,188.568,84.8863,274.48879999999997,60.4108,92.1214,340.2317,65.0409,287.72339999999997,327.2001,175.711,293.2385,61.1021,84.464,317.4516,186.064,198.004,172.057,2.74225,298.3315,46.5353,89.4158,172.421,93.5061,178.873,190.132,307.2509,157.043,158.574,81.269,278.0848,181.921
317,292.8823,327.3771,301.8354,308.7576,87.9984,165.935,178.975,174.997,182.927,77.1219,191.838,163.898,187.627,156.964,28.4516,279.7041,70.0553,38.0312,277.9566,169.438,188.844,283.6643,340.3822,187.21,300.989,25.3149,312.5542,193.235,187.934,180.809,80.4211,175.223,50.8514,294.0323,293.73130000000003,158.288,24.2711,176.462,316.8106,284.4739,171.198,79.1686,70.0234,42.6658,195.112,264.2761,108.631,296.25509999999997,284.8595,133.605,160.309,168.129,169.43,295.8359,185.817,306.5796,297.6212,172.286,170.744,181.938,359.378135,6.0126,175.804,71.1994,263.2417,129.431,302.269,352.90664,54.5447,285.8601,44.1352,163.089,327.3464,73.2894,305.7697,300.7492,186.903,182.616,172.241,4.34464,281.67719999999997,59.0366,96.0104,189.9,75.8134,174.884,193.044,334.5908,156.625,310.5499,71.512,176.411,183.548
318,73.2013,322.67560000000003,211.694,162.702,74.056,187.11,292.2078,186.696,207.419,67.6967,166.938,156.837,176.213,177.575,2.14392,173.812,63.6448,56.5645,290.20709999999997,184.571,198.818,260.2776,319.2601,182.552,218.208,324.76189999999997,291.7273,281.7383,190.547,168.302,48.3983,172.862,55.5962,251.527,320.0256,176.797,3.86407,166.823,238.547,317.09839999999997,165.237,95.2956,86.7442,25.2048,168.579,299.6587,116.606,273.4737,282.348,71.8023,151.636,259.834,305.9527,144.51,211.993,71.314,314.942,171.011,188.538,59.9857,296.39390000000003,87.0472,170.869,52.4925,207.133,65.2418,301.0912,301.062,306.4067,297.3635,43.2327,158.106,175.406,52.5899,299.4636,305.1741,201.392,11.4745,189.182,345.987,291.211,60.9205,74.4721,196.211,85.8141,161.506,177.184,312.8912,182.611,286.1995,83.6431,287.08889999999997,187.916
319,77.4848,339.2065,153.358,180.099,100.134,190.224,285.0278,286.7728,198.889,71.7257,161.725,157.699,183.174,261.6741,359.858051,295.5947,58.8172,64.8807,296.269,167.398,173.774,264.0145,335.4536,173.83,321.9865,332.7224,299.8079,161.793,191.669,177.468,41.0415,202.643,51.2866,189.486,296.9064,166.555,329.8749,160.466,159.46,306.0114,166.841,107.942,62.012,41.196,181.853,272.7663,87.8443,298.4437,291.5732,51.0044,179.869,191.162,152.561,154.938,201.037,47.6539,281.0309,181.643,290.9219,154.471,353.68236,129.239,185.018,103.02,237.37099999999998,59.1821,306.1275,340.8943,286.4537,287.8001,35.886,154.259,169.217,46.1817,174.496,311.6631,180.533,189.205,178.49,30.0524,290.6788,56.626,76.1039,200.867,101.292,191.352,189.875,301.6079,152.101,167.616,84.9975,152.982,187.388
320,82.7587,330.8819,174.281,185.433,84.4364,190.288,303.15070000000003,287.5477,287.6657,83.3755,159.644,176.974,179.705,291.7979,4.34346,160.569,122.774,59.1508,286.1392,175.637,182.681,246.76600000000002,315.4673,204.748,291.9588,326.2505,281.2774,186.907,216.947,180.627,55.3866,180.394,42.2928,196.45,191.684,190.832,336.5454,166.067,178.026,270.5843,170.152,91.5827,63.9981,33.5488,171.796,252.265,98.0417,290.2045,126.388,80.271,153.149,168.938,307.3467,158.77,198.429,48.6006,188.091,171.014,312.4235,181.433,275.3875,113.529,289.7958,62.7637,272.4705,144.607,91.546,319.3787,259.407,300.951,335.9806,178.506,179.247,67.0626,183.526,317.8575,177.856,184.625,168.032,12.6623,285.6258,46.3721,90.9829,185.362,82.9707,176.307,207.526,302.0924,171.946,10.1269,87.3491,253.69400000000002,169.589
321,69.9851,33.9502,190.488,184.754,113.254,165.978,308.9019,276.9441,193.735,89.0367,152.679,316.2557,180.899,153.328,9.95919,329.1101,16.0526,62.9413,290.8691,181.738,178.318,277.6383,318.0061,181.641,291.8817,332.2677,303.1359,179.484,184.853,183.92,42.5508,195.367,55.9714,194.355,175.918,169.718,318.0671,172.669,36.9464,299.3854,178.024,100.713,54.0427,45.7648,161.177,275.8786,354.28106,305.65409999999997,315.3394,61.86,311.5077,173.875,168.286,166.941,196.94,276.5288,304.4045,77.4934,180.701,171.572,348.644,353.14316,326.8516,74.7232,276.45730000000003,61.6301,95.6401,338.3274,293.4595,281.0526,333.5143,168.635,180.169,50.8069,283.72839999999997,312.1595,180.513,135.653,204.093,4.39379,283.1962,68.1708,87.7719,200.16,88.0336,64.7892,192.418,296.3729,168.712,162.284,79.2289,305.0063,171.789
322,63.4882,38.603,162.519,190.327,65.9429,167.46,314.5544,281.8956,192.792,59.5398,166.913,301.1782,190.115,235.15,345.1071,165.856,60.8398,56.5151,303.7531,173.79,191.574,243.623,322.1582,189.206,303.6949,330.2481,314.2341,186.711,185.467,198.204,52.2443,176.584,51.6621,186.609,179.39,169.76,39.4166,153.631,162.832,317.048,158.39,94.1557,55.9654,33.9559,171.392,291.7206,101.952,293.0011,198.578,52.6986,152.162,183.755,161.157,298.531,182.765,301.7434,303.0397,182.859,202.744,174.215,341.8719,339.3594,305.1153,76.888,297.6388,59.1052,181.763,9.24219,261.9107,283.3533,343.5126,163.253,319.1367,42.0698,301.8295,307.78679999999997,193.137,4.83578,176.188,349.5061,291.9083,57.4409,83.2726,185.077,71.5605,48.2284,187.996,314.4586,157.647,310.2739,61.334,74.9116,193.448
323,192.92,36.6617,180.207,197.429,82.6152,192.372,318.6869,286.9989,196.018,82.4689,182.751,324.9174,187.807,190.192,15.4909,181.805,60.5114,74.0504,284.66859999999997,182.09,334.6886,282.5253,325.4455,195.855,299.3323,347.2547,303.98969999999997,162.297,185.546,173.009,58.4197,202.018,47.6853,166.194,175.71,188.615,22.1948,179.232,192.477,306.962,177.669,73.4268,69.7426,32.5584,181.709,288.30899999999997,105.434,299.75509999999997,275.0498,54.7007,253.715,177.26,307.5198,293.039,173.778,295.1014,273.0508,180.971,182.866,175.281,346.7844,256.381,276.7622,88.0422,261.0768,69.3241,159.681,359.9837815,271.0765,298.9994,36.8017,172.167,311.784,68.7538,153.292,303.5115,188.378,5.96358,288.3508,12.3424,282.49850000000004,61.0494,101.632,183.421,82.428,297.8227,195.781,299.209,154.601,35.1787,78.7232,292.4352,165.096
324,200.09,41.6042,186.76,187.882,81.233,202.548,328.6008,172.86,196.346,49.6332,199.647,27.8881,190.25,186.433,25.5786,179.501,181.934,41.5258,281.7305,170.001,289.9284,270.96,319.9104,192.448,279.8671,337.5397,295.5237,184.243,202.536,164.264,74.4846,198.841,48.5138,186.654,303.5432,178.043,328.1917,178.072,26.976,297.46410000000003,161.63,79.6561,73.0747,323.1558,185.442,285.1766,117.375,308.6702,296.7113,49.9309,312.9902,162.783,304.7057,283.1816,186.944,331.1857,276.4484,174.919,308.8616,171.319,5.71063,333.8183,297.793,64.7074,253.885,162.786,81.1205,325.1791,276.3177,285.2732,45.2177,155.518,305.0792,64.6492,201.264,313.91610000000003,166.233,5.43469,176.748,351.99853,285.08050000000003,63.3526,99.3482,204.703,88.0926,15.9677,192.096,335.739,166.097,163.861,88.2921,272.4098,195.324
325,287.6504,37.0515,237.075,188.873,51.1906,186.282,311.6583,172.533,289.0971,69.8979,165.865,286.8327,181.668,277.453,9.72412,182.859,153.528,68.4289,299.3883,170.12,298.6486,277.0425,314.9338,165.312,314.7279,331.9338,314.692,196.758,182.336,173.598,58.2627,196.344,52.2749,177.167,50.376,171.584,36.4992,178.587,194.323,297.4979,174.355,88.6301,71.6073,40.3191,352.85366,260.3121,76.8537,302.0169,299.8833,44.0603,174.296,193.325,170.443,306.717,160.824,308.7759,183.921,171.029,69.9757,177.157,248.276,254.3,332.5814,73.7488,277.5557,62.0173,103.99,23.7124,286.9569,274.4748,51.605,161.633,312.6751,52.6274,184.413,317.0523,182.28,19.4186,186.04,174.014,279.1788,56.9258,82.7513,169.46,92.6279,309.4003,177.907,316.512,158.858,156.17,79.9576,282.1384,80.5993
326,160.712,24.5216,292.1386,179.504,83.9679,178.852,291.9809,162.675,190.495,88.2825,180.606,264.4596,182.382,271.9711,15.4992,208.48,63.9516,63.7368,305.55129999999997,180.324,183.052,269.3284,328.3666,200.149,303.0668,323.7143,300.4113,195.741,206.605,179.642,54.2891,191.708,58.2301,186.717,38.6944,174.411,28.7674,163.31,163.43,175.479,171.896,76.5701,56.9439,18.078,349.2023,288.8921,99.7865,304.1468,304.0342,48.2966,168.789,175.65,156.218,295.28520000000003,157.683,308.3445,292.197,183.323,283.2712,180.351,308.3881,332.0495,188.216,99.7432,280.6925,153.633,91.3488,318.0856,255.739,281.5437,34.5974,152.637,266.3342,76.8045,177.057,312.2974,202.503,133.625,311.8308,176.109,292.7881,70.5491,90.0193,199.489,102.237,283.6379,168.469,337.7296,161.072,9.64263,92.9935,279.5607,144.955
327,186.97,36.2966,293.9486,183.229,67.6932,191.857,187.049,280.4515,160.639,94.6728,87.4819,322.6556,192.257,180.767,10.129,322.3288,69.1184,276.8921,311.4117,171.218,315.1696,278.9653,338.308,300.1774,310.9363,328.3209,298.6327,199.208,191.481,170.555,61.3767,202.795,68.8304,208.856,65.197,183.827,328.722,163.756,349.2711,297.0652,163.066,73.3645,63.8833,41.7184,351.09721,278.5885,324.837,300.1599,188.358,62.9207,148.725,188.388,167.433,306.1058,176.198,326.0823,281.5299,167.67,177.528,184.207,95.868,326.9384,193.157,81.0048,273.19939999999997,147.688,79.4649,346.8766,270.6489,311.1714,322.8773,155.851,197.741,67.3232,244.043,301.4886,173.223,37.8815,185.513,199.343,281.5883,61.588,82.9128,203.515,78.6549,173.304,182.263,339.4116,175.164,192.485,66.9839,262.2697,187.002
328,305.2716,35.3174,281.7614,173.797,91.834,160.784,179.554,178.967,195.926,80.9973,203.377,43.2583,185.893,207.084,344.2377,323.0413,71.526,321.4898,293.4435,191.781,193.362,280.7183,319.0238,295.6861,315.0208,329.1896,313.1744,170.85,175.68,179.494,52.9606,166.479,33.7811,290.531,301.8373,179.063,28.7839,189.292,348.0055,322.0792,156.539,76.3678,46.8334,36.5179,179.024,267.327,247.025,300.1781,175.511,55.6137,174.64,168.786,158.031,309.3639,177.967,88.7067,300.3796,170.312,279.7548,66.7568,34.7223,93.4844,302.2284,92.2314,264.0394,42.5948,97.6198,311.0638,260.4068,290.90340000000003,28.948,170.404,310.3737,51.3923,175.959,302.8687,186.16,334.9821,189.568,181.642,293.7682,47.0798,82.495,185.517,94.965,207.047,188.65,319.3872,153.268,300.0645,87.8522,261.2552,184.285
329,297.5954,39.1486,163.022,175.878,92.5193,156.949,281.628,302.9567,198.851,102.22,90.6491,329.0632,180.633,178.218,10.3798,312.61,75.2447,317.2052,303.426,202.9,303.186,304.27570000000003,317.166,307.3734,313.7274,326.4346,299.1222,192.475,225.339,175.752,59.0812,176.671,54.3821,308.019,42.3767,171.161,42.0161,185.09,0.673357,311.1007,174.492,85.4195,46.0248,38.5669,168.66,34.6262,168.296,294.4297,165.804,68.9784,167.63,175.522,173.061,299.8601,172.918,305.2456,202.968,181.376,286.9219,203.567,343.3757,123.849,321.0044,87.8792,281.6762,54.9451,175.46,324.9269,265.19759999999997,293.5723,30.5853,181.785,204.14,52.888,196.164,316.7685,175.627,17.387,175.091,181.599,273.2627,52.1181,94.537,174.276,82.9491,208.034,187.494,308.8128,160.474,329.9321,67.2993,297.3002,178.612
330,170.326,31.7178,196.068,201.577,98.6573,179.351,337.0164,312.8519,187.57,85.1335,194.228,337.1587,172.237,182.266,354.13949,288.6746,280.58299999999997,292.0694,285.4081,276.4607,192.64,266.3894,327.94870000000003,283.5223,297.43489999999997,319.6028,305.9337,179.731,176.713,176.617,69.167,196.287,55.8109,270.0152,308.5586,173.34,25.5925,158.835,293.6074,307.2516,172.612,101.323,59.6113,31.9787,175.654,287.0218,355.76037,303.0973,189.661,55.3624,172.0,306.2665,173.536,152.923,167.394,297.7739,275.6885,55.0183,192.17,55.8747,352.81301,345.0559,304.9599,83.9045,298.30830000000003,147.903,173.514,336.4568,297.6959,293.2273,28.5912,157.353,281.6663,54.0595,314.5375,303.2995,190.521,181.699,168.984,186.618,292.7786,44.7932,87.9243,186.851,85.7872,323.4443,196.484,321.724,169.519,121.115,108.531,249.362,184.004
331,306.1859,31.108,172.399,169.615,84.1055,173.364,317.0757,194.198,207.097,88.0898,189.531,321.9939,181.185,157.052,357.74233,347.3126,278.967,297.0664,296.8977,200.68,312.2904,300.3246,326.5086,309.1313,291.1254,30.9473,310.6232,154.51,200.498,167.65,63.4082,195.414,38.564,174.995,330.9562,178.156,37.7009,190.155,142.45,299.1896,167.191,72.4398,58.8074,33.4165,172.216,265.3011,358.81724,293.2699,293.51869999999997,50.0995,159.512,180.632,167.35,148.853,167.721,174.907,291.33299999999997,46.4787,151.952,192.536,346.3961,120.54,343.6284,105.532,277.5955,50.3034,96.9441,344.6666,92.2279,289.3663,35.6206,156.378,327.9837,56.5389,166.343,293.5963,180.096,166.211,182.818,193.177,282.8428,40.7309,73.092,170.764,102.913,313.1898,170.715,319.992,177.593,325.6936,95.8902,293.848,188.617
332,306.7555,23.4271,173.142,198.296,98.5421,183.583,167.435,187.61,205.3,78.3398,172.66,194.231,173.447,175.364,5.49356,314.9615,286.921,297.6373,292.11109999999996,189.411,309.0047,286.9593,315.4465,292.0151,301.50419999999997,335.1607,317.2661,179.758,187.808,177.576,63.5636,188.892,16.042,191.34,271.824,172.086,44.368,185.002,39.8372,296.7346,164.836,258.63599999999997,74.7061,36.7517,150.872,272.3529,191.781,301.5521,161.793,46.23,163.905,184.298,156.733,298.335,176.91,287.038,173.282,160.238,312.7514,184.562,99.1781,349.1302,164.407,94.1797,296.9462,146.058,84.3182,319.3892,57.5495,287.56399999999996,37.3501,60.6836,296.5399,81.0036,191.947,306.4611,176.726,173.47,182.395,210.033,286.7626,54.5364,88.7363,183.523,76.3014,30.4628,163.71,311.379,154.357,141.202,107.827,266.7644,182.642
333,297.6236,44.1694,191.594,185.651,85.4012,163.84,159.024,278.2743,188.891,66.0035,163.267,323.3112,187.733,215.983,343.3318,310.6881,272.9291,296.0499,309.0524,188.172,295.48199999999997,267.59000000000003,337.3637,291.12649999999996,304.4358,322.0164,295.3365,155.239,179.934,166.163,45.1824,184.351,72.1307,187.148,302.1313,175.954,40.6633,153.927,314.9952,320.4113,179.106,235.628,60.7518,41.9848,168.927,264.273,348.7505,298.2574,319.9134,60.223,150.758,191.908,156.596,281.336,167.203,319.9164,287.0087,170.086,292.8286,161.434,124.878,354.7742,146.587,86.4486,280.8337,123.801,95.5685,323.213,256.925,300.4551,46.2567,180.997,315.0778,59.6683,215.296,309.6508,175.95,19.7528,268.5084,180.42,270.8759,77.4248,92.6235,195.454,75.8407,62.6985,177.816,324.672,169.781,303.9821,99.9857,305.2699,170.55
334,304.5458,41.1695,238.685,179.29,59.2294,169.774,275.605,167.456,212.488,67.0106,193.115,327.5689,176.937,185.556,354.4481,306.84159999999997,289.6151,303.2016,297.2732,185.446,316.6467,250.958,323.0885,206.052,290.7221,332.2151,292.8269,160.919,176.219,177.135,53.6752,197.021,44.0557,186.196,304.7735,177.527,321.2964,51.6041,353.57756,292.7709,172.58,202.167,46.9443,39.6483,178.047,275.8124,340.9138,306.8313,286.6273,72.4822,178.405,163.632,175.509,308.9309,177.611,290.3606,284.69010000000003,181.71,182.564,171.335,321.2567,265.9433,182.949,87.5042,280.5424,140.93,94.2761,289.3827,258.509,295.30129999999997,41.0568,169.792,190.136,46.953,184.173,305.7844,187.529,349.4036,187.157,180.685,293.4719,55.0122,82.009,181.58,94.1425,38.4777,196.402,321.4857,166.488,229.594,77.855,163.744,172.428
335,178.026,38.508,195.018,183.983,95.3753,206.093,286.8757,296.9173,192.642,106.427,185.513,297.50419999999997,185.146,191.161,4.76584,307.3478,64.3851,312.3866,297.6907,208.147,299.9334,287.2023,320.2674,193.849,301.94169999999997,43.9005,303.6696,178.741,198.647,179.823,48.8035,184.75,55.5798,289.0706,297.2921,178.133,37.6431,151.667,345.8817,173.526,170.195,239.29500000000002,55.1206,27.307,184.626,274.5787,89.1262,307.6119,297.9663,52.0243,154.67,155.765,180.386,307.8217,199.616,246.212,308.0407,176.905,280.6759,188.883,327.4267,319.552,186.95,65.1512,269.9113,137.621,95.5073,306.4726,287.0606,280.7683,39.8942,154.826,319.1407,63.4862,278.6356,312.1529,180.291,241.10500000000002,199.974,170.035,280.2682,66.6409,76.5476,169.554,89.4089,33.6835,189.057,302.01279999999997,160.654,323.3867,74.6223,288.2962,193.412
336,290.9407,40.7377,171.664,200.554,69.3888,175.871,307.8555,179.963,173.687,101.645,178.193,304.8727,185.079,201.344,12.5097,304.0946,79.0588,311.3148,314.22950000000003,184.191,287.0537,260.129,325.8535,177.806,298.3726,335.9185,286.6542,60.4735,205.962,176.263,54.1631,186.915,47.1604,290.2848,291.7153,196.578,42.2709,172.631,136.952,167.892,165.809,242.752,51.5416,43.9506,168.243,311.4883,129.321,294.3337,283.6202,77.0681,177.448,157.088,164.04,297.269,169.133,152.721,276.5809,164.632,275.2769,186.748,62.6673,129.895,188.484,76.3001,281.3056,85.9293,171.444,327.4591,325.5873,297.071,23.2962,160.269,212.63,77.6019,192.818,294.4259,180.14,187.257,178.384,189.71,289.25329999999997,59.7195,87.0374,219.798,95.2423,315.09749999999997,164.924,322.35609999999997,154.907,330.36469999999997,92.6043,169.935,190.839
337,189.65,39.1605,96.9177,295.2328,85.6223,193.896,188.255,286.3396,171.126,79.0119,170.168,295.26030000000003,190.28,277.5779,349.9643,290.93600000000004,60.4941,303.9931,305.9705,282.8906,294.0013,254.51600000000002,326.0344,311.2567,296.0312,324.9587,300.46320000000003,167.024,188.192,182.236,52.2776,178.266,63.2149,176.581,308.591,193.315,21.7574,176.952,6.30651,301.0698,184.288,247.99,45.0075,31.8883,141.624,277.96479999999997,349.2967,301.1908,309.15160000000003,84.3567,259.194,171.405,170.943,302.8027,176.899,168.574,275.6612,162.987,184.025,177.349,341.2469,348.8624,185.898,58.1611,271.4053,68.4215,108.384,283.6266,295.9065,306.6702,28.8736,173.442,175.201,70.5721,253.587,304.2688,189.892,196.764,177.342,172.49,273.20709999999997,68.4844,87.8251,180.579,86.1443,286.63779999999997,182.409,316.82370000000003,155.474,282.146,102.708,329.7203,178.743
338,292.4523,329.3567,190.665,307.7812,90.2875,184.375,176.925,178.511,162.287,56.4722,163.064,298.8322,180.897,274.7681,345.3732,194.676,69.1473,312.6397,296.911,190.483,194.51,262.5098,342.383,295.7996,306.5955,336.515,304.2251,184.78,194.744,175.747,53.1044,166.368,65.6509,181.6,300.0547,165.283,32.0054,170.673,157.571,276.3658,177.618,247.30700000000002,59.5361,23.3701,148.475,257.74,107.143,308.0048,306.9893,59.4911,172.488,180.487,148.977,297.0015,193.39,175.148,182.748,170.175,322.1126,172.915,11.6049,236.708,175.397,97.9843,284.2912,49.222,110.358,326.5016,267.6354,302.20640000000003,32.596,160.192,270.9183,63.5654,182.234,306.2744,179.478,188.287,176.595,187.391,287.9996,53.9375,109.012,202.014,83.8175,294.14660000000003,164.88,324.686,197.41,194.233,67.9684,288.7382,177.441
339,68.6479,32.8091,192.688,169.243,81.3341,190.566,180.903,169.567,290.9459,90.8387,186.477,304.9962,195.988,304.4,345.5984,217.813,58.3274,307.3736,177.604,191.537,323.1422,264.6712,31.6295,267.4267,302.2482,341.554,289.27,202.975,200.499,170.241,49.126,211.484,49.5883,197.708,64.4626,159.997,322.1676,152.687,330.1475,64.3139,160.241,258.904,53.4409,31.4824,170.819,272.1186,100.082,300.7101,274.2706,54.2151,155.974,196.635,169.772,319.3075,154.168,188.652,287.4104,165.889,165.108,186.206,295.2425,317.9471,179.437,65.6059,257.521,94.139,165.535,334.8829,284.1669,302.241,55.3792,78.6921,292.6914,85.6525,191.435,312.6063,192.58,181.962,170.303,187.354,270.6897,54.9936,77.5131,210.013,105.046,325.1834,200.266,316.196,151.019,162.594,94.3864,185.385,173.21
340,92.0312,39.7998,178.617,300.8583,65.7139,203.321,319.6607,199.672,294.495,79.503,188.468,323.2815,187.906,323.5774,350.06979,159.037,57.2833,288.4302,186.892,182.618,311.5003,282.4625,313.6047,292.2516,305.3866,340.6972,310.7725,166.964,175.402,176.119,62.4087,158.65,51.9481,194.556,303.1808,157.742,27.9451,157.844,308.7031,319.808,167.362,271.716,65.8502,28.4141,9.32983,268.2378,99.4441,297.9086,290.6198,55.5484,170.922,174.467,177.341,305.8189,167.444,191.68,59.4445,183.244,300.6795,167.549,322.4452,111.377,172.48,85.6574,282.8349,151.774,105.478,5.07653,277.82370000000003,292.7403,29.2884,168.822,304.4415,51.3921,294.2109,315.9389,196.657,4.3203,184.11,190.27,292.2018,40.2833,100.81,195.465,96.0353,49.2375,178.375,322.4006,171.073,37.8629,85.3243,202.089,186.508
341,319.0725,319.8436,320.7096,309.9183,63.5304,192.118,306.0045,188.438,202.61,66.8283,188.633,284.6801,200.181,258.89,29.9463,193.828,72.4888,309.6606,175.308,178.387,304.2944,275.3071,316.9347,299.0114,290.6819,331.3393,301.7647,182.631,178.774,178.079,64.0416,182.34,65.5738,295.9649,309.9596,178.878,36.0037,155.413,327.3951,294.17740000000003,179.421,269.6794,58.3206,40.3707,14.194,287.8401,355.79884,295.3135,304.5595,64.395,90.6697,181.268,187.851,299.277,184.732,194.143,290.44759999999997,169.711,298.787,165.602,334.3796,118.222,178.638,72.2925,287.3958,132.328,86.5487,343.9912,301.2913,269.0904,36.8513,159.735,323.8377,46.4108,272.9512,312.8008,191.127,180.133,184.822,180.701,286.6067,68.8142,91.156,185.637,96.9236,52.5759,172.562,325.4383,164.368,95.9846,80.9678,182.207,182.749
342,296.7427,326.0913,177.64,180.675,100.775,173.557,309.062,177.673,173.473,64.1262,178.324,41.2732,184.653,298.4618,23.6234,183.633,146.042,55.4697,186.711,311.8529,293.1185,270.9598,323.5518,311.13620000000003,291.7341,40.5549,319.5182,169.76,184.2,158.611,57.6064,180.429,53.2296,291.7867,324.8392,170.034,39.3242,171.925,319.2605,310.6811,171.946,276.0393,55.0802,27.7862,2.74968,286.5484,190.648,299.7375,189.466,52.8386,185.377,299.1406,157.758,317.8938,172.648,157.797,308.4489,157.649,276.1929,179.251,96.9675,117.284,206.509,66.4065,298.5164,147.991,101.987,323.1119,265.94759999999997,316.3177,39.1646,171.363,314.1012,69.8598,287.1254,294.278,192.363,180.465,273.8062,219.121,276.5682,35.2576,90.7364,185.12,90.9939,43.9834,164.981,303.8582,161.001,341.3195,75.9965,163.645,178.599
343,294.839,329.4052,198.023,195.674,98.3198,176.976,309.2281,176.931,192.047,81.7573,184.396,41.7092,181.611,279.6251,9.88586,173.269,184.05,56.4034,185.987,192.389,309.274,269.1099,328.9908,188.491,69.3222,329.7283,300.2455,167.933,177.188,173.913,56.243,170.401,50.3036,306.8226,305.3009,166.035,326.549,182.319,181.429,308.085,193.822,271.4367,55.0513,38.1055,157.323,253.20499999999998,355.019,300.9475,305.0535,59.42,298.5879,171.127,173.983,306.2276,155.613,166.373,301.2513,171.181,297.3534,163.273,349.2615,11.6978,301.2723,71.545,291.7249,46.734,95.8792,278.2857,267.9147,297.9361,41.888,65.3213,285.2702,57.0044,281.2425,299.9705,186.069,168.284,204.181,197.619,305.5794,67.62,91.2684,203.193,88.3147,41.7219,186.262,320.4978,160.732,326.3453,88.4095,136.463,174.704
344,304.9877,47.1414,163.611,167.774,90.595,187.015,159.058,304.3864,222.233,104.068,174.389,316.8506,199.24,204.679,23.1939,179.356,55.076,78.0781,264.3718,191.867,191.2,264.5475,325.5926,184.825,305.6762,319.4343,176.238,182.081,206.868,144.661,60.4755,160.632,59.7682,284.52070000000003,300.1152,190.216,329.1589,160.557,350.34704,169.894,175.92,268.6364,61.1342,41.1953,161.652,276.1982,79.4562,306.1277,308.8874,54.235,165.749,177.175,164.331,303.7629,175.983,203.772,67.8713,149.179,289.9812,176.625,324.23810000000003,357.42213,292.8444,74.6202,285.7744,62.9494,100.583,338.097,259.788,298.4746,40.6732,166.744,291.0565,73.2011,286.5023,306.4997,186.426,337.5925,181.757,181.939,270.71299999999997,62.5654,93.4794,212.278,95.2948,182.923,195.391,325.2763,150.392,14.6163,82.9104,285.3532,121.318
345,305.1433,38.5894,202.076,167.862,62.6351,174.009,311.803,195.989,191.999,68.4499,155.001,314.8745,188.285,163.219,28.119,170.464,52.4985,54.9289,271.081,173.763,301.438,262.8573,310.368,172.254,303.6859,24.875,303.123,183.284,190.267,172.478,57.4436,201.463,65.2575,290.5245,309.9677,181.237,28.0405,173.571,153.134,172.464,187.117,233.466,60.3792,38.8441,348.3543,285.40409999999997,127.184,293.61199999999997,288.9252,62.4679,149.468,163.584,174.466,269.0684,189.516,315.1436,58.0573,168.591,188.689,179.06,341.084,0.619208,292.8425,88.3013,273.00350000000003,151.111,92.1489,320.0176,297.196,291.125,40.6429,183.552,316.511,58.0837,292.0657,306.8488,200.608,17.169,175.348,202.103,285.90160000000003,50.8597,92.4036,191.425,69.6664,191.71,177.361,323.9302,151.032,183.145,82.5513,259.219,175.991
346,291.8366,35.2656,174.067,307.6514,79.7386,176.217,295.8274,293.878,195.376,73.9057,96.6119,321.9563,170.765,192.909,337.144,293.9106,141.141,78.9972,262.4637,161.354,284.4224,280.1166,322.1272,174.817,305.5525,347.445,281.92740000000003,190.009,176.983,149.486,54.2234,83.5832,59.8915,286.7762,59.165,179.543,35.3303,173.828,94.1388,180.894,150.741,254.317,52.6134,34.9288,0.862362,292.4691,143.104,299.84590000000003,301.7169,74.7094,150.017,175.013,156.426,301.4367,152.943,303.0199,277.0169,162.45,185.341,172.555,224.645,129.176,298.137,80.6319,289.7893,149.058,95.3783,332.0809,265.0793,305.5693,35.0477,167.227,274.6888,75.3262,176.933,302.2633,194.725,2.59362,182.826,218.929,293.9479,50.5076,72.7217,197.945,107.314,293.6511,184.249,303.3347,159.657,199.788,76.1392,282.8902,185.527
347,282.57529999999997,319.7483,181.301,297.8653,77.7955,209.501,336.2669,301.9474,214.963,79.1565,158.453,294.9343,188.627,267.2579,41.8099,198.11,32.1796,82.1467,259.801,157.189,285.0258,246.921,324.9753,185.042,295.2836,332.6442,294.3411,182.852,195.466,160.495,61.2477,88.6685,58.8865,280.7948,196.362,164.955,35.9563,162.931,336.8354,181.823,172.168,257.682,46.5373,33.8699,11.8361,267.77049999999997,97.9261,291.8796,304.3152,143.079,162.929,160.746,159.493,303.1452,162.256,300.7718,302.8508,160.756,177.821,174.981,265.0454,285.3257,310.4748,88.1521,272.4535,146.754,90.1399,305.9864,284.526,307.78679999999997,43.8269,165.327,296.3266,76.0477,166.081,311.9062,187.374,354.26648,173.57,167.209,294.4106,48.9464,91.9011,192.235,79.6335,186.566,167.745,315.1018,164.587,199.979,77.3184,271.54380000000003,186.209
348,304.7908,22.0877,302.5778,199.084,85.4902,194.834,331.0371,321.9017,182.816,77.2734,175.613,280.2392,181.5,189.498,6.07473,315.6354,76.9908,62.4266,274.7771,284.08119999999997,310.7498,263.0302,315.7101,177.859,292.748,332.7368,289.1705,212.13,204.424,160.936,69.0935,197.145,54.8481,308.6072,300.1021,188.475,37.831,183.824,184.768,308.1396,177.287,271.9713,45.0849,45.1507,351.89547,276.9833,119.463,304.9722,310.5161,61.8885,168.097,180.596,150.733,293.0339,164.62,327.0401,292.9209,181.167,179.573,175.01,272.5778,269.4904,300.4651,73.7245,314.1863,120.016,182.179,353.93098,266.519,300.1113,37.4633,152.946,312.0664,50.1944,201.499,312.6019,170.086,346.5579,183.631,176.269,279.0328,66.4614,90.3605,183.96,78.9941,184.806,206.006,307.9241,143.789,193.44,98.4195,302.1949,191.879
349,304.1097,316.81759999999997,295.6744,321.1434,105.793,182.829,194.38,201.048,158.903,72.7034,199.918,321.0516,177.464,175.731,38.0486,186.207,64.5353,56.4051,252.37900000000002,193.859,180.312,265.0415,325.7875,187.747,289.8347,319.3298,306.0698,215.598,181.538,161.028,40.2776,173.709,70.1872,287.2609,317.4042,183.697,40.1082,164.454,236.356,294.8102,178.507,247.377,73.4063,41.1199,175.72,290.1377,90.1135,300.3163,310.3214,27.8393,170.019,175.821,156.799,324.4866,182.343,300.8277,85.9769,173.619,203.188,181.772,287.5057,103.635,320.3636,102.194,271.1666,50.7207,110.866,7.91571,298.3369,302.1444,38.4307,79.0379,277.1553,53.6613,206.067,309.6062,177.618,335.7948,166.521,195.502,284.0375,50.2062,98.5204,215.429,101.042,167.478,213.294,309.27570000000003,147.324,206.878,86.9561,286.7376,190.584
350,180.719,18.4158,175.84,279.7564,103.842,175.516,171.9,199.824,172.161,51.538,158.841,179.618,183.448,168.609,2.29255,284.4939,63.6137,63.7199,273.9162,305.8956,313.4762,254.166,332.22429999999997,185.889,292.0595,329.2614,305.6342,186.381,189.26,190.45,59.069,191.776,52.5479,326.6837,306.4029,168.32,31.0277,172.472,140.629,287.7031,180.567,255.411,55.3206,36.1468,169.65,280.1927,118.22,291.49649999999997,292.5776,65.6351,169.665,146.88,161.588,300.1791,181.5,309.7103,71.5955,164.098,158.684,179.773,4.39909,272.5111,304.7754,101.178,279.6006,155.966,98.5467,335.2354,39.1847,297.6066,44.5733,155.709,301.7461,48.8017,290.1403,303.214,174.993,29.0999,166.217,185.324,279.2223,46.3408,85.9389,201.02,97.2169,153.968,171.821,314.2741,164.736,341.2625,84.266,285.6984,79.5963
351,192.199,23.0197,195.148,291.47860000000003,95.9542,152.672,164.588,196.022,197.269,51.732,180.831,304.7285,199.559,175.876,357.66059,181.19,72.4269,296.6317,276.2957,297.44939999999997,291.8833,286.2312,323.82439999999997,156.53,295.8665,330.9254,302.22,181.201,179.281,168.107,79.9499,188.474,59.3866,298.7726,33.9868,169.082,35.6114,154.165,340.336,294.9227,173.495,270.9244,48.6887,34.5822,1.39042,250.599,103.306,282.6441,277.7642,71.8973,84.2981,181.689,143.151,301.057,167.711,304.539,305.2994,163.504,308.9311,179.634,270.5235,111.555,286.5071,67.4062,305.86310000000003,151.174,83.8804,0.753079,85.0633,272.085,35.8169,145.293,146.305,88.2705,262.08299999999997,318.4234,197.246,359.23033,167.458,194.592,281.894,66.257,85.881,162.994,111.801,180.869,213.363,326.892,161.496,314.2807,85.2314,264.4815,189.712
352,84.4334,23.8293,284.8604,290.4336,93.3574,184.996,157.832,204.281,187.968,107.464,166.118,295.0064,183.95,55.4292,4.52313,176.858,82.3754,318.478,262.0318,201.849,275.5779,278.2011,39.8044,184.244,303.27,328.5856,301.0118,185.647,167.117,163.43,61.6147,148.872,45.3477,297.4279,298.6681,170.949,30.8308,174.232,125.367,293.7851,181.438,267.659,41.7693,42.1544,352.36473,286.2988,93.0689,295.3887,299.1467,64.9351,148.986,192.224,297.3718,285.57529999999997,164.614,174.217,294.3319,159.598,304.1394,188.22,269.6449,8.23787,310.1671,68.8973,287.1145,132.433,120.537,320.6104,71.1843,301.1558,44.1517,157.528,176.998,59.2834,292.7847,310.0442,190.553,10.4681,184.612,176.952,289.5655,62.17,94.9027,170.392,91.1928,171.372,180.889,345.667,153.901,311.7884,75.3848,297.0194,159.969
353,82.743,326.5403,196.361,202.661,100.357,160.707,164.228,212.741,186.945,76.2699,191.895,300.348,185.641,157.35,356.37455,166.406,90.1998,295.0005,268.8165,180.387,324.3704,269.75440000000003,319.98,182.4,294.7256,329.3508,298.3894,189.656,172.19,160.716,71.3808,174.509,67.3081,166.952,309.4923,161.824,333.3779,155.749,8.07329,299.3736,159.391,255.44400000000002,45.3745,44.5836,340.8011,263.9259,173.464,305.3352,192.264,60.0567,295.6229,175.006,163.019,310.0614,186.643,282.8296,276.8165,175.142,291.6595,173.554,256.048,276.1116,48.3942,69.6078,274.6344,71.2517,84.6834,325.8526,99.3025,292.6854,31.5235,161.944,296.0392,46.1559,288.6011,308.1191,190.74,164.699,193.757,210.69,298.8532,58.3703,92.6781,191.253,84.4935,185.199,190.404,310.2659,164.085,22.6438,87.1541,291.5109,169.55
354,80.4725,325.2376,191.617,194.573,99.1643,176.17,172.514,210.372,187.637,97.8914,169.237,173.161,184.668,150.261,355.98091,167.471,70.0535,308.7803,258.698,79.944,317.752,269.92449999999997,321.6472,181.777,296.0794,340.4243,312.6314,192.521,194.256,179.872,65.4258,171.119,41.905,202.576,305.3656,172.205,15.8774,137.487,339.2359,294.61109999999996,184.625,252.378,55.608,22.4045,347.7775,264.0068,109.074,304.4323,178.519,68.7008,155.102,160.326,66.1044,309.6154,191.995,167.644,176.481,168.052,268.51099999999997,198.138,80.5318,131.651,63.1138,104.856,277.5188,62.0113,102.107,315.5001,50.1391,309.8274,319.4002,173.523,285.4842,59.8556,298.11990000000003,307.9831,198.511,177.454,173.967,204.529,284.3961,59.2205,98.5272,185.389,106.944,153.565,163.64,339.0381,169.065,358.08002,95.9284,274.7128,181.504
355,62.7459,317.3717,195.048,182.465,95.4777,183.32,305.6266,210.092,186.599,95.2528,191.858,192.834,182.26,182.027,354.57465,188.789,82.1682,303.7362,274.454,165.954,174.204,288.498,313.97339999999997,297.08,310.0748,316.8689,296.6544,191.892,169.732,174.881,69.0236,152.573,46.7231,177.297,56.6473,185.087,37.5339,165.173,324.585,277.0899,154.269,254.554,60.3277,39.0757,359.612165,300.0457,103.311,292.0016,309.4075,147.494,170.987,171.344,67.9537,289.31759999999997,274.27549999999997,172.789,80.0671,161.72,295.6492,170.611,275.6861,306.5791,41.0211,56.985,267.8267,152.882,79.1185,299.5938,290.7566,298.8,46.6606,168.631,315.1556,76.5362,179.53,306.34590000000003,178.656,188.528,177.125,211.831,280.3568,54.3062,87.963,190.153,104.833,280.9266,203.023,338.7083,169.754,223.83,77.8725,95.9031,171.851
356,176.958,41.3186,179.683,167.518,105.338,179.94,302.8178,199.969,188.44,82.9712,184.154,312.7826,186.332,190.921,359.9048245,275.6424,70.3214,310.5187,186.059,182.901,199.215,253.90800000000002,313.0399,299.7154,295.6009,338.87239999999997,307.3054,179.585,184.326,176.136,74.9983,196.577,66.8301,183.115,346.8997,173.287,27.1998,170.465,15.0294,285.1154,169.392,279.6902,54.8271,32.1739,346.3004,288.4621,98.304,305.2992,300.1416,56.3116,171.927,187.136,151.738,286.1167,281.2781,190.99,181.785,182.5,194.091,170.881,357.99521,127.637,56.0137,74.2996,257.306,144.217,84.6705,324.5808,280.3518,287.9695,36.704,58.0393,304.5917,73.8174,162.814,316.6405,184.99,165.106,203.5,185.692,289.9473,55.4144,86.5025,189.936,79.1968,200.319,167.885,295.649,154.264,281.5493,86.953,40.7289,176.486
357,79.1104,40.7648,170.188,230.396,96.1256,190.36,176.429,207.815,200.844,65.2098,177.78,304.906,191.052,313.076,13.8249,155.807,65.0916,62.0127,176.562,157.888,311.8937,295.54449999999997,319.8908,289.421,305.8027,320.8055,295.7384,179.716,185.759,172.199,54.1594,170.409,55.8889,184.818,309.5063,143.527,42.9708,153.661,16.6811,278.3626,171.914,273.4936,71.6586,33.7464,2.51778,309.3828,139.639,292.4276,183.161,38.4023,300.507,187.005,172.657,280.291,266.9202,187.379,62.3605,191.626,189.783,183.12,273.5843,279.26189999999997,42.6165,228.531,264.2712,138.84,103.397,341.7046,260.378,302.0609,42.7293,164.214,189.424,81.2069,181.328,309.9098,208.119,199.397,157.215,203.515,286.0871,71.0235,100.031,180.392,93.2755,187.07,185.649,318.4752,158.789,303.6103,107.579,263.9231,152.265
358,84.6406,324.764,174.463,296.4151,74.7529,180.051,176.749,197.878,189.621,81.8755,168.122,310.8107,176.29,293.355,357.61535,295.3223,61.3065,58.0627,263.741,157.431,181.605,276.37940000000003,317.1575,303.8584,299.1942,326.4295,305.5418,172.651,181.605,185.78,50.7368,179.471,43.2748,95.7501,312.8323,180.127,33.3761,178.813,134.875,300.0081,180.628,288.7605,56.265,19.7889,307.9615,291.46680000000003,344.7178,291.2556,300.0284,53.9941,165.827,175.474,179.805,315.4835,281.2951,188.117,175.653,173.402,185.181,171.324,347.821,120.91,54.0308,277.2208,282.7316,72.534,104.542,346.9307,275.7162,300.826,30.9917,144.529,329.5967,67.7981,194.461,307.7853,181.919,121.759,194.688,206.63,285.7548,52.6576,101.975,183.095,93.338,306.4637,173.633,340.388,172.586,299.8673,95.0067,281.9338,187.957
359,53.9998,26.5348,282.3659,281.0809,105.126,160.906,206.234,210.948,204.709,78.8687,149.327,309.2827,176.772,277.1873,29.3864,178.99,74.4462,59.4627,239.95499999999998,151.535,170.848,278.565,33.5106,201.475,311.8463,29.9298,295.4388,166.505,174.923,171.168,60.9621,161.853,48.3717,248.466,51.2827,174.451,34.172,162.551,165.584,291.8707,179.123,255.76,65.9355,37.947,346.416,265.2178,114.118,292.7719,295.7434,51.365,84.3605,180.243,165.76,302.1622,273.4501,192.712,191.551,182.765,183.722,185.639,96.6976,324.5228,44.0107,250.768,308.869,141.43,86.8076,316.138,247.803,282.679,33.226,169.053,57.5479,62.9869,279.26099999999997,311.2967,206.869,172.812,180.573,184.594,269.76009999999997,58.042,104.478,194.803,90.0067,299.9797,176.572,307.9074,165.132,120.135,69.0211,307.5387,176.18
360,73.6985,38.0932,279.0754,289.2232,72.3738,170.431,182.752,201.681,166.968,68.4437,154.176,307.0153,183.509,170.698,344.8572,165.25,66.5044,302.4554,256.009,178.577,278.1768,305.7387,340.2957,295.3686,295.0025,331.1398,302.2768,188.329,180.127,175.782,82.8197,216.111,38.3594,177.053,291.663,164.071,33.3647,146.723,174.875,286.4688,180.927,272.3035,61.6601,35.8365,10.8978,280.7186,144.346,309.3059,313.6143,75.3321,167.788,167.37,305.2528,319.8943,276.8088,160.749,179.701,171.491,292.3863,152.299,343.0466,125.716,185.309,247.267,283.6823,148.719,83.6175,322.2109,251.80599999999998,275.9237,47.5095,172.086,194.967,47.8212,183.774,300.5145,170.683,23.3976,181.922,190.988,286.7079,49.5137,97.025,194.24,79.9711,286.0197,204.977,332.3775,160.369,344.4481,89.006,291.5131,176.168
361,176.403,37.3978,199.144,295.11879999999996,103.533,165.632,177.925,187.1,282.4848,64.4654,170.194,173.109,181.007,275.5969,357.29821,166.355,53.4676,309.389,269.8119,167.534,289.9375,285.3161,315.7676,297.5785,300.923,332.6632,304.1683,145.298,180.356,169.745,54.1653,172.977,47.9567,195.296,315.0992,183.114,34.7033,179.936,128.05,305.1055,196.595,285.61199999999997,175.188,42.5472,335.0224,270.5013,76.2258,300.457,295.997,62.6705,151.034,174.313,300.7206,298.5643,270.948,174.651,49.8586,147.557,315.9984,180.577,337.8852,308.6983,167.346,245.82999999999998,271.1517,130.352,100.111,358.31366,275.4133,295.69190000000003,332.7677,169.904,70.4591,60.5251,310.3362,308.6852,195.141,166.012,184.507,179.976,290.6806,52.7664,86.6072,175.193,97.9346,305.8242,177.663,292.77840000000003,168.847,328.3893,70.7407,91.3252,174.966
362,301.46,319.9219,183.393,215.576,106.247,173.921,201.331,151.762,195.812,107.926,182.183,179.703,175.873,177.215,12.0455,183.385,57.2794,292.3576,267.93399999999997,175.654,303.3821,271.1419,330.3962,291.2631,300.8063,336.5784,304.2695,178.239,179.217,179.472,67.0233,195.277,65.8363,300.5405,298.4211,179.925,38.3369,163.909,150.182,309.3413,171.09,252.02800000000002,179.281,40.5519,320.2615,256.249,111.721,307.8927,304.77,61.4582,159.772,158.71,190.768,319.1399,285.8061,167.546,63.3665,165.835,174.254,153.413,353.13999,15.1166,319.3165,255.34699999999998,283.0701,150.088,99.0627,335.6504,230.021,285.5698,39.3257,153.527,183.919,63.9638,280.19370000000004,307.2727,171.876,172.877,185.503,192.865,293.9089,280.188,93.4903,182.046,90.4343,49.416,180.173,331.7813,182.329,318.9882,97.8474,307.08,166.03
363,173.622,36.6815,202.71,291.2646,71.0952,162.634,307.4029,187.003,303.4459,62.1521,178.207,194.916,188.442,92.2097,348.5667,157.857,68.7823,304.8609,278.9613,175.561,316.5457,260.0383,321.1511,291.0773,305.1405,324.9843,291.97860000000003,160.145,182.424,170.564,96.3557,176.91,57.2645,295.7264,187.454,173.84,32.8187,163.744,108.888,305.3247,157.177,274.0964,178.643,40.9429,326.9259,279.4162,101.883,304.467,278.1361,68.7556,307.5345,191.152,175.68,307.5758,183.538,160.532,65.8673,171.255,296.0934,188.847,108.449,53.3451,45.3371,263.8473,306.0974,132.329,97.1927,303.4143,45.4739,304.0969,34.0358,137.061,185.653,55.9489,293.3682,293.63779999999997,208.129,188.936,194.712,204.839,275.5108,62.1316,86.7557,174.09,94.4958,304.8531,166.921,314.8343,145.271,18.9278,107.892,287.1374,196.785
364,62.699,40.7503,303.8496,291.4296,111.727,175.517,305.9649,164.565,194.193,63.6508,163.295,318.9075,185.668,179.266,11.5266,167.853,59.9507,303.136,274.5653,294.3529,143.641,262.15250000000003,318.87149999999997,291.0154,308.53520000000003,326.7009,317.1019,181.531,174.692,173.312,64.0567,152.82,73.7656,175.416,301.27139999999997,50.8673,36.7558,190.788,113.665,290.0881,169.566,260.8902,176.258,28.9625,6.27012,279.53610000000003,88.1414,297.05,295.4667,66.2028,317.4261,166.666,166.071,304.7405,211.107,158.622,47.6645,177.912,284.3118,166.522,337.7591,82.074,184.063,278.4031,284.14570000000003,158.672,90.8573,295.2324,286.7713,286.7403,47.558,158.986,319.19169999999997,73.8345,297.9988,308.5556,191.431,175.342,161.587,196.43,300.6944,67.4873,102.072,193.747,97.1939,291.0712,178.723,328.3561,143.581,150.588,102.011,116.064,169.18
365,312.6696,328.9312,306.8239,305.7658,80.41,170.733,311.2184,163.678,206.702,91.2865,160.868,288.6306,175.957,177.941,350.64812,176.396,140.078,303.6197,272.8084,192.656,289.0693,273.0349,325.4586,302.1708,310.2108,334.9059,312.7833,185.868,175.886,198.111,60.4954,196.26,61.4114,56.6805,309.65999999999997,77.0625,42.008,160.7,164.414,298.1367,187.366,276.0561,180.386,41.9549,10.8432,269.7885,182.508,294.432,201.945,55.871,305.6226,191.475,193.01,295.4864,258.925,168.106,61.4311,170.963,185.999,174.859,10.2069,2.20567,77.5383,230.258,290.91089999999997,161.003,95.5652,334.2004,270.0534,282.8942,26.5887,162.934,287.28520000000003,54.1358,278.8511,302.4418,178.883,355.38794,198.819,174.237,284.3146,45.6128,103.784,178.455,99.2937,190.914,164.128,317.131,141.768,156.637,80.7381,300.0221,165.185
366,303.6481,40.9849,280.75530000000003,316.6526,64.0785,165.404,298.7704,293.5195,215.853,101.546,187.631,284.1295,195.279,192.453,354.90775,172.617,62.0393,309.4298,266.8464,223.361,309.4766,291.4283,327.0563,282.7665,291.8768,330.8511,301.8482,161.099,185.011,178.119,65.6109,178.016,59.9271,294.0856,169.159,69.8563,31.6487,167.263,347.8833,298.5785,180.369,267.0081,182.94,31.7937,326.4973,305.2658,108.074,181.757,322.9654,61.3524,309.1018,173.141,186.186,300.3797,171.838,307.8771,68.3229,163.378,185.299,156.463,264.6308,90.1017,173.74,272.3103,280.5636,62.076,104.264,342.4582,288.4499,296.9821,340.3591,169.037,281.6062,65.647,294.723,303.5251,189.118,355.98375,184.337,210.652,274.8304,74.8163,73.6596,188.07,107.309,183.821,162.991,304.8236,149.653,77.8819,78.1822,291.3669,184.87
367,66.2705,30.1362,190.671,316.1114,70.4887,168.601,313.30219999999997,169.964,155.761,85.2202,172.458,250.538,181.126,187.444,355.0826,173.007,127.895,287.9625,259.453,187.733,310.519,257.568,322.5818,312.5031,301.1538,336.0385,306.3983,168.265,185.653,157.601,62.1589,164.885,68.2986,180.398,315.5897,60.142,329.8391,161.613,173.209,287.6628,195.004,274.9491,168.307,33.6284,331.0628,263.1135,181.527,296.3495,334.0996,69.6037,314.32529999999997,182.597,155.378,173.461,174.384,286.6498,70.6628,158.605,275.26099999999997,178.732,279.1744,103.477,56.6399,281.8324,270.7244,76.6868,98.2975,319.4052,278.906,281.3249,34.4344,153.609,311.1432,67.2401,305.0871,318.9423,177.986,358.1399,192.177,169.698,290.7013,48.9376,92.9188,191.949,91.328,281.55039999999997,188.054,304.1259,171.653,101.397,98.9326,320.7907,60.6162
368,52.0109,39.1085,207.038,294.3472,68.5375,165.04,321.3157,191.397,197.746,58.6172,192.815,289.9689,192.316,186.982,352.13218,181.992,74.8851,298.2978,248.738,192.888,302.978,277.6241,321.8282,306.46410000000003,290.7241,31.8192,296.5502,171.678,190.883,176.349,65.7554,186.867,59.066,187.785,315.4966,79.7438,32.7004,150.816,186.683,297.42470000000003,161.59,291.1168,157.264,37.8967,306.7345,285.1675,195.501,295.1533,315.0885,56.7787,305.1145,178.686,165.177,151.29,176.653,295.5878,69.4843,172.976,95.9291,64.9679,299.1664,125.658,53.7758,223.688,256.772,73.0601,89.0587,356.11554,265.2257,294.08799999999997,24.6686,175.224,288.91679999999997,58.8225,262.8562,313.964,190.863,0.695597,188.612,179.996,291.74850000000004,46.8035,85.3938,209.305,105.205,165.476,199.809,306.6818,142.735,133.532,94.1762,285.7419,57.3537
369,55.4907,28.0942,161.946,319.3302,99.4522,181.426,338.3999,156.017,201.153,100.105,298.08209999999997,309.9708,201.194,157.606,11.46,190.862,69.233,309.1894,276.9221,185.592,329.1239,293.2914,44.4124,302.9502,289.3322,344.9149,314.2274,173.027,173.669,168.992,56.2458,190.553,56.1107,303.51890000000003,305.8137,76.2992,338.3925,161.033,214.702,285.1067,163.222,269.253,177.067,26.5346,2.03584,253.162,112.752,294.83820000000003,290.8078,72.9946,142.111,172.419,170.578,161.861,173.251,315.5675,58.0374,168.674,304.1088,183.875,326.4378,256.298,49.0038,260.4732,277.78319999999997,77.7947,86.2062,337.7626,284.8538,311.7864,339.6003,165.866,320.3039,61.5519,299.6757,305.916,182.8,0.755921,173.319,170.359,292.1909,63.2626,97.7165,176.071,84.0144,192.267,183.361,310.2982,175.871,327.4486,69.0339,277.9924,69.1744
370,191.633,37.3567,199.561,302.0932,86.7043,171.68,314.1777,207.387,288.3408,90.9397,186.934,295.2829,197.722,197.534,353.11682,313.6995,68.9314,310.5126,261.1643,176.118,325.061,250.642,19.4252,297.8996,300.7888,335.0056,304.4229,169.853,181.127,186.285,78.0674,169.193,54.5893,277.5542,314.58820000000003,50.7965,35.8739,162.791,174.149,286.5326,190.393,273.90430000000003,170.72,34.3474,358.97395,284.5769,128.65,297.455,299.5369,53.5174,184.147,184.123,179.385,168.34,176.188,316.3844,67.3542,164.836,189.204,178.354,0.180436,351.02951,52.5822,273.18420000000003,281.9008,68.6289,179.114,313.1072,287.6097,292.2875,43.6811,151.834,187.687,96.2071,198.448,303.3941,182.766,176.039,188.769,174.814,301.3029,54.6409,92.7433,177.661,95.2826,191.085,180.324,297.422,142.763,164.538,98.4265,203.784,65.3637
371,179.067,42.7942,197.937,304.9516,88.5249,169.085,323.4843,203.579,179.185,85.2543,153.853,183.243,187.485,275.3521,337.0004,301.1333,59.4397,301.0402,271.1841,309.6753,341.735,291.2065,27.8511,296.0424,309.4375,329.7838,300.8697,178.865,183.42,158.644,71.1,174.643,51.8952,295.2254,299.2138,174.436,44.2878,153.876,184.553,306.0292,172.498,295.4392,169.613,30.689,304.9289,309.3387,126.563,292.9357,291.6768,51.0511,167.203,171.504,150.599,166.796,173.997,164.356,67.679,156.724,303.5655,182.624,265.0017,18.6097,59.2609,243.386,276.3872,66.6074,96.7452,336.9952,261.3761,280.9579,320.4445,160.354,297.1707,56.0008,198.555,316.1737,191.369,176.9,196.405,191.295,271.3668,51.3947,77.9494,199.61,94.4066,168.593,174.601,337.942,174.253,156.638,102.331,315.6671,54.0149
372,276.2637,39.8494,194.988,173.131,97.9322,176.52,316.5243,179.764,279.8067,65.1141,178.071,171.696,180.969,198.156,1.27239,304.0511,83.2201,303.5108,265.9682,190.049,312.3191,267.5609,320.2738,290.5787,323.3744,335.6842,285.8925,175.028,179.517,173.799,80.3713,173.825,52.0609,305.9376,306.2042,183.359,41.4904,200.977,344.7005,305.2382,174.583,275.07259999999997,165.125,17.0568,354.22233,293.6164,88.7402,299.213,282.9394,166.3,302.9878,162.904,193.747,158.893,176.152,72.5054,178.273,185.346,280.0854,191.461,275.73699999999997,341.4456,61.9545,244.987,301.3551,70.1355,106.667,328.1505,275.459,301.6386,38.0893,159.989,183.693,63.3125,179.696,299.9696,196.406,171.088,174.439,193.402,293.2035,56.253,87.0815,190.879,105.384,164.313,207.205,303.5345,155.959,152.93,87.9457,296.5639,66.7809
373,59.1495,29.0462,196.485,283.9516,70.9426,157.692,297.84159999999997,170.037,288.725,62.1362,162.537,37.6454,195.585,202.811,4.46848,319.562,49.2155,309.2663,268.2827,179.919,183.945,284.28499999999997,322.1718,298.52750000000003,313.8194,338.6835,292.3505,169.208,166.091,176.59,68.418,203.493,42.5171,303.6087,44.9083,166.54,30.3499,172.968,315.0394,296.1491,184.95,258.93399999999997,169.197,40.7506,346.964,262.7952,156.055,303.4012,287.1392,61.9715,76.8901,187.008,176.398,162.161,181.5,51.7133,78.9596,170.805,182.408,184.52,287.8039,276.7511,51.6756,267.7907,314.2998,145.61,90.8821,334.1142,260.8601,310.5098,30.5435,166.025,321.2408,60.8954,261.43989999999997,304.0047,190.376,183.929,207.786,189.331,298.9336,53.0109,74.7212,194.57,72.3554,175.15,158.446,331.6021,165.463,308.9302,71.6446,275.4945,67.6755
374,54.8568,33.3136,154.2,192.657,97.6705,165.203,317.5287,187.348,301.6503,100.826,189.709,337.7606,174.763,180.471,349.2554,315.4787,67.0964,318.421,265.5885,197.442,289.2752,265.854,332.8656,320.4297,336.8085,328.2727,299.1287,182.338,164.232,158.92,62.7128,197.116,62.1911,296.8573,52.1716,175.375,38.4923,160.146,161.594,303.8479,168.0,278.843,166.354,31.9208,175.965,279.0238,122.895,298.2433,285.0382,70.5293,302.0373,176.572,157.581,298.0555,168.594,60.3913,69.3933,161.263,178.474,178.706,350.30409,311.4781,53.6873,289.7163,259.65999999999997,66.9459,163.675,10.531,293.305,299.6109,39.1105,180.713,205.691,65.7496,204.998,336.73199999999997,190.264,196.167,185.061,163.196,280.146,51.8218,81.1615,207.529,102.1,187.159,176.972,305.53430000000003,159.211,164.547,92.0139,288.81759999999997,70.6952
375,67.8551,39.7436,216.526,163.302,80.4094,174.854,304.5036,189.97,194.536,78.0854,191.26,328.9887,186.654,295.2722,349.2449,197.691,61.8114,292.6332,270.6597,201.67,323.001,275.9175,324.6202,305.2605,294.2124,329.3642,313.71479999999997,168.176,196.78,183.44,45.7769,188.845,61.1423,183.527,310.4086,160.276,40.0085,175.221,162.15,296.3572,174.246,273.4147,192.327,34.2956,165.218,288.5485,166.818,305.7566,292.5712,77.1908,310.2353,177.493,187.884,299.479,170.57,71.7192,58.9079,164.366,183.837,186.014,91.4161,345.0538,67.2565,239.00799999999998,269.02070000000003,67.7658,118.293,311.8411,284.9625,290.40229999999997,18.6995,146.296,291.62739999999997,47.5331,296.8557,302.7806,192.719,184.258,190.967,190.548,306.491,53.3966,99.3162,194.125,71.7174,161.753,198.332,308.08,169.404,180.572,100.001,268.6898,184.036
376,71.6263,37.7075,164.975,311.7416,88.3206,167.965,60.8228,206.512,283.2854,80.5914,166.62,314.08,181.536,304.6406,1.01492,297.4098,153.593,297.2288,259.348,149.331,307.7373,256.879,28.4163,318.63689999999997,303.9583,333.2708,295.1114,187.772,184.779,169.005,83.2385,197.437,52.5374,286.0133,330.2419,177.613,39.2936,142.148,165.562,176.92,189.163,269.9819,176.419,30.4274,182.38,246.00400000000002,94.132,292.9541,284.4523,59.0675,310.2145,155.766,166.279,272.3186,165.632,159.74,67.4589,186.037,85.3035,182.163,350.46736,253.149,53.7085,257.51099999999997,287.6416,60.7321,88.8421,315.8517,304.3104,278.9906,322.8015,158.382,172.499,59.2683,294.0799,320.6762,187.698,186.303,183.118,171.17,294.6382,51.6553,92.6292,171.347,91.2546,307.7362,200.639,312.5376,159.165,316.874,89.7622,272.2078,172.511
377,69.9278,38.5387,70.3625,183.156,57.3491,192.871,54.8022,175.154,298.1708,87.9689,166.681,60.4082,181.143,185.422,352.05481,318.4656,150.791,298.8488,275.9182,86.7768,294.5514,265.85450000000003,316.0775,304.9512,290.5862,336.6459,297.5851,167.715,194.453,168.97,72.7611,193.03,68.3915,295.5028,54.8704,175.65,35.6398,172.881,318.57,157.766,175.091,281.19259999999997,153.41,35.0414,171.674,267.2127,173.209,296.5185,288.4748,66.412,313.4123,178.588,172.054,295.5996,179.012,145.433,61.2724,183.478,171.355,182.217,15.647,32.3234,52.6959,247.62,276.62350000000004,82.8562,80.803,332.0995,286.1027,311.9621,25.3903,173.333,201.323,58.8695,154.63,305.4377,196.9,180.043,177.078,186.864,285.2278,54.2693,81.4618,178.407,84.7258,289.8981,180.675,298.2854,151.873,351.31103,65.5751,269.4244,175.689
378,45.5103,34.5595,164.024,67.6849,82.971,183.133,31.0898,189.727,287.78700000000003,87.3477,173.068,314.9631,194.766,303.5677,17.897,319.3875,153.693,298.2113,270.1585,180.589,302.8125,268.3193,317.1776,294.1761,298.6191,325.8706,293.4669,183.842,181.091,164.481,67.9214,190.933,69.5571,303.3952,312.2358,174.533,45.3894,72.6905,335.2801,76.3233,188.253,264.2973,176.32,320.415,165.048,88.7035,64.444,292.9768,293.8616,61.4289,310.1933,168.021,152.971,286.7575,183.439,158.367,75.1616,169.347,192.975,162.865,152.003,100.69,50.9683,263.5886,263.8324,107.568,92.7669,322.9937,285.5789,306.5137,35.6981,167.831,173.652,64.6049,186.057,298.3905,180.516,357.4453,214.466,182.178,296.1293,69.5683,86.9856,192.254,84.04,287.1629,169.579,346.3402,178.668,341.4881,86.7572,264.1329,165.882
379,43.468,35.7493,303.6468,292.3371,89.4709,195.541,302.8753,183.186,205.875,72.4525,184.916,64.7327,173.955,172.835,344.509,293.8922,73.3215,297.1077,263.553,185.456,323.5682,269.7507,43.6522,302.8438,307.6361,326.8336,299.4984,203.968,176.431,177.012,77.0511,194.046,58.5149,306.543,284.1647,171.726,25.6231,56.4626,309.4287,85.204,169.979,256.32,166.016,39.1944,171.951,292.2431,126.765,290.2303,311.9814,73.8045,304.513,179.214,151.083,314.7998,171.529,153.838,49.8892,163.939,43.1113,169.945,134.43,332.6367,52.7747,277.4868,254.353,69.4057,112.675,311.2955,283.2432,291.55240000000003,41.149,164.3,176.745,59.486,246.691,299.2573,186.598,19.6746,182.919,191.708,276.3155,56.8949,109.611,175.794,78.3129,178.186,159.352,306.4215,173.276,7.66764,84.3748,292.623,180.008
380,51.6435,44.4208,177.485,300.2817,96.1116,177.32,313.9856,200.389,196.616,68.8304,174.434,187.731,185.157,172.073,357.43536,315.1203,96.1365,316.0942,254.173,313.7467,186.763,284.8616,334.3702,305.3056,299.5976,334.1795,284.5125,196.309,188.344,180.639,71.2319,183.488,48.8864,307.1235,298.6322,188.58,41.8603,61.2529,336.9963,289.0031,162.162,281.5912,165.564,32.3493,153.687,291.0752,108.215,297.6885,313.1637,68.4469,177.767,183.703,185.162,286.4609,168.627,245.921,66.4866,177.52,63.0436,182.07,340.9671,308.2076,35.312,244.636,267.4773,143.828,96.0063,342.618,277.9607,281.6419,33.366,164.743,189.181,92.2099,290.7305,299.9923,175.215,23.2579,167.26,195.425,293.1337,58.6952,118.783,197.364,90.6568,201.579,178.988,352.78198,147.956,167.664,73.6403,290.1204,163.618
381,50.9303,324.9677,66.4574,196.292,101.553,202.76,293.5141,179.111,213.405,53.0613,163.773,299.1653,183.867,188.574,352.60428,308.3324,67.9979,301.0247,276.9347,185.798,303.9246,261.4133,325.98969999999997,310.6418,296.5045,342.1546,293.9234,182.648,169.74,173.911,46.0093,195.307,49.4772,166.174,195.717,174.742,335.8879,57.5209,320.7675,283.1781,170.737,266.78409999999997,174.118,326.1724,177.013,290.9352,75.3723,293.205,301.747,58.6343,186.316,174.929,157.642,301.497,201.658,190.676,176.769,166.796,300.8297,170.38,295.5048,106.678,53.0132,245.571,245.627,35.5284,96.0016,337.9538,266.1094,284.7065,34.9723,158.725,314.1288,34.1986,192.999,300.1869,159.893,14.7288,163.038,201.712,274.0228,64.6464,109.179,181.284,93.4575,188.376,158.853,321.251,153.622,28.4677,84.0365,277.6346,175.936
382,79.2384,33.2617,203.912,300.0473,86.6704,187.526,288.3741,182.308,301.9201,69.2186,207.828,312.7107,180.658,282.256,350.66451,304.3445,118.309,297.2677,260.9742,193.299,307.414,271.223,43.6997,294.4063,294.4393,323.15840000000003,311.12850000000003,199.664,185.515,180.377,62.4229,187.282,44.9936,192.171,171.965,177.136,317.962,74.1542,353.56838,309.9957,177.451,268.7626,176.823,36.4925,154.977,287.9518,93.6011,299.1247,308.1816,69.7781,173.413,161.52,174.788,300.9495,197.903,175.764,43.0239,170.75,302.4554,175.285,4.32336,11.2126,58.0695,259.624,260.2769,68.0634,97.254,324.051,288.9017,290.6161,34.7892,166.101,207.116,51.5278,243.618,320.5529,171.608,2.88956,164.102,190.611,263.3826,48.7238,92.2548,202.277,103.727,173.293,200.188,313.4871,142.328,351.22185,74.0023,245.293,196.767
383,53.6016,24.6392,181.466,176.38,75.8885,164.249,165.91,165.586,189.167,33.6692,180.835,352.84208,187.839,305.0767,356.50394,213.133,47.2334,302.0269,261.7994,183.131,298.80989999999997,286.2459,11.1057,310.4997,305.9123,324.9563,296.8396,191.061,189.238,173.703,71.6564,198.72,47.0134,285.3565,325.3372,173.835,318.5523,163.584,311.6506,293.4865,166.263,270.12739999999997,175.552,26.9006,158.548,298.6967,129.831,301.2357,309.8403,69.1355,168.075,177.346,171.318,298.3483,164.976,160.483,177.036,169.174,274.3058,165.843,11.125,299.6703,62.8908,278.3448,265.1777,139.933,95.0359,326.6476,264.2543,294.4459,35.4263,153.439,318.2839,62.0938,191.637,296.077,182.9,30.4809,49.3806,191.476,294.15319999999997,57.7102,89.2971,181.254,86.5165,165.885,165.248,1.46681,171.929,8.57654,74.8921,265.6074,172.474
384,79.4905,328.0447,201.875,285.4083,84.2655,159.763,182.239,177.676,202.659,68.3106,189.543,322.749,188.329,74.1896,8.69227,302.0228,67.1273,303.5828,269.0692,201.262,324.3623,285.0606,321.2446,302.4047,305.6974,324.5902,298.6724,186.611,192.022,191.185,68.6282,222.362,58.1716,172.681,304.37,166.445,39.0359,147.675,191.286,277.7723,172.687,285.7189,188.194,38.1315,122.88,292.1867,142.004,298.0567,299.5397,61.6214,160.916,176.698,199.053,302.135,183.562,144.71,184.654,179.94,181.97,165.346,356.1621,359.827234,54.654,253.199,254.107,78.4499,84.1025,315.617,84.332,295.4232,13.0811,172.483,190.65,57.2707,262.0808,311.045,186.818,5.86512,176.537,193.542,278.3307,35.4014,101.643,206.03,84.9328,37.1571,184.04,334.5743,159.317,120.48,86.5989,288.6571,183.442
385,36.5023,33.7068,175.534,302.5778,82.0794,190.704,175.904,176.333,192.332,63.1099,190.419,278.652,193.064,171.154,351.35583,307.6317,87.0807,310.3295,270.9779,180.309,301.3497,268.3388,330.2242,315.9199,303.609,315.6773,303.6899,169.271,186.368,178.534,68.2127,187.286,55.6318,198.698,311.9278,163.918,315.7184,169.505,158.964,299.2803,205.505,286.0288,191.826,12.3307,171.655,283.2745,354.71869,312.5525,176.822,62.1053,165.536,176.425,188.534,302.867,176.697,285.4833,59.4893,173.325,190.653,172.952,318.6232,356.73627,42.8326,269.5444,274.5087,57.9635,107.942,295.592,82.941,307.3025,36.4256,152.435,316.8711,56.8626,288.65319999999997,299.01189999999997,168.953,18.1147,151.744,188.377,296.8367,70.5501,96.6152,196.596,87.9545,29.491,177.686,315.5809,153.188,6.53699,90.9718,243.838,174.179
386,51.8135,36.7501,192.138,181.626,92.7951,188.597,178.291,179.702,299.0307,61.6166,192.891,177.516,189.583,260.19849999999997,351.59298,320.1326,43.4037,305.9068,269.2375,181.246,310.505,265.1814,335.5708,302.4436,307.3911,327.40999999999997,292.1338,175.554,177.122,172.147,59.4751,191.677,59.1293,191.076,297.5564,176.157,22.394,166.198,161.185,60.1682,173.056,251.584,171.64,36.5814,157.896,255.719,280.2659,293.4551,195.535,53.3135,161.869,196.476,166.544,321.8437,155.241,297.0024,160.375,173.088,296.4269,180.927,310.9823,303.3415,54.9954,263.8531,288.7655,70.5558,123.51,331.747,289.5167,296.5016,41.4032,154.125,185.566,84.083,289.1309,304.6107,198.216,209.559,180.625,200.307,264.37,70.9874,94.9171,217.275,101.675,295.7061,179.652,302.4287,158.135,8.09253,82.3266,281.7624,193.892
387,70.6834,337.3276,183.817,302.5358,96.9262,158.894,223.006,181.473,302.4338,90.2392,183.595,172.076,193.417,141.03,347.0875,299.0591,135.906,304.5849,269.17719999999997,164.438,307.0488,276.8132,327.3345,300.9405,295.5509,327.7173,299.1878,172.393,176.185,166.195,64.9251,172.803,51.2393,180.596,313.743,182.41,323.8902,59.9612,154.992,90.002,156.065,263.0973,177.872,37.9134,185.321,259.868,280.1601,293.424,171.323,62.5943,158.481,300.4726,184.637,166.516,163.74,171.196,165.155,159.922,272.7534,181.861,311.0855,2.47691,59.8386,277.354,255.889,81.7422,93.2003,339.39,273.5446,302.6853,34.7809,82.6046,314.7771,55.2561,179.414,317.07370000000003,179.817,359.345077,178.95,188.298,283.985,40.3453,87.0343,189.898,80.9368,42.2608,186.169,332.3148,137.977,335.4643,77.2526,270.7303,65.0603
388,49.2353,44.4273,196.296,278.9624,92.933,171.336,178.485,178.618,295.90819999999997,69.1534,180.639,167.124,181.797,189.358,15.1839,230.683,169.396,305.8569,274.7489,154.707,302.8823,287.587,31.4229,311.9772,304.66179999999997,328.0624,308.099,169.698,188.378,170.624,54.0805,175.829,49.6187,162.315,306.1734,155.885,34.7824,44.7411,320.0441,292.7666,171.754,276.0681,182.25,26.9777,159.911,289.7753,4.33035,288.2173,290.0835,64.3286,154.341,184.517,158.407,139.513,176.214,147.594,68.0505,169.032,39.6013,171.321,107.617,326.2491,45.7837,274.5032,292.2145,64.4291,88.7855,311.888,305.4128,282.7794,319.0797,166.19,273.6307,52.8486,192.502,306.3754,193.334,180.341,285.4927,164.5,281.93489999999997,52.0605,92.8163,172.413,100.005,304.9136,169.95,345.6202,154.517,149.576,81.6414,275.1786,73.9654
389,46.7997,34.3156,192.953,288.4036,80.5035,178.855,168.368,150.972,294.6731,85.8001,204.834,297.2961,184.32,83.1259,3.19304,305.5373,65.9864,331.0883,268.8239,183.927,64.5454,274.9211,324.8214,285.1114,307.3159,332.2765,307.1239,181.321,178.621,183.675,56.9866,184.435,50.4858,181.624,189.075,162.346,43.4293,169.051,2.14491,298.3882,189.586,266.09180000000003,169.942,38.6966,144.241,252.14600000000002,85.7353,307.8347,279.1441,57.4956,156.851,159.228,172.625,152.217,176.984,169.401,50.2447,165.957,186.643,196.635,346.887,119.196,55.9856,266.1943,267.4424,42.7623,104.269,334.8329,294.2426,310.5486,39.6919,167.236,306.4613,72.8643,185.905,315.9794,190.398,157.19,172.157,185.014,292.2846,61.4687,117.84,185.529,95.4047,294.202,182.488,343.9081,153.115,156.849,95.4498,312.3034,58.841
390,54.3939,43.4479,166.191,197.139,82.2324,181.283,281.5887,51.2725,202.383,81.1424,270.552,305.2124,186.412,69.2365,9.91449,316.8121,57.8055,307.6981,278.7591,177.176,316.6829,248.69,329.0772,287.4231,301.2583,335.6927,310.8118,178.038,178.836,178.48,77.3929,187.901,58.1419,160.698,294.4889,155.779,35.1376,157.042,179.802,285.4391,158.484,261.627,170.953,26.4138,178.551,283.8836,6.43514,297.0118,316.8405,60.6418,315.2511,166.114,159.703,141.619,176.549,161.601,59.0555,175.722,168.346,176.241,1.36397,107.743,65.4323,275.9346,276.3411,141.127,89.835,293.38030000000003,90.4453,282.0754,322.4236,153.812,292.1869,40.1003,279.7704,310.5996,190.968,159.85,164.518,182.199,280.3741,47.0317,75.3813,188.021,84.3224,53.5909,175.097,344.29110000000003,157.085,181.684,84.174,206.742,54.4271
391,65.3548,31.9192,303.2047,192.945,87.5839,204.938,322.24649999999997,176.959,222.606,92.9604,157.648,315.5318,179.95,275.1402,348.0246,315.5346,57.4003,298.0542,261.722,191.629,301.5409,290.9447,323.9334,180.322,281.9595,324.6582,299.08910000000003,184.831,195.683,180.21,66.7999,190.326,50.5821,184.807,330.0737,176.224,28.5952,185.05,155.461,312.7961,169.675,272.4761,166.497,46.9983,160.935,286.1167,85.9959,301.7699,286.6674,62.8705,176.347,163.245,167.554,163.251,195.811,175.452,41.7343,164.399,288.3988,185.209,344.7003,358.51759,51.9999,264.8585,265.60429999999997,77.4235,87.054,336.1436,87.6006,286.3949,40.5735,156.61,310.479,64.0565,187.516,316.5905,175.462,195.132,152.665,200.334,288.0733,53.2908,91.328,201.301,98.9355,302.4397,162.141,314.1004,158.628,4.26194,79.7462,84.5645,176.55
392,73.4191,26.0039,292.1865,170.372,87.7279,184.327,164.368,183.666,162.861,58.4932,82.4912,320.4644,181.269,173.982,3.42581,311.6107,67.6623,309.6928,266.5129,285.5902,294.7074,265.26890000000003,312.6764,312.0371,312.7163,321.7721,288.12080000000003,167.419,174.381,166.763,57.3057,197.857,62.6531,174.146,297.5106,189.741,41.6344,154.323,216.198,288.201,170.924,275.2581,172.486,21.9239,191.421,273.53499999999997,96.3391,309.3741,302.3528,54.1389,150.666,180.236,155.794,163.065,164.836,154.065,167.069,162.676,308.1908,172.845,352.74105,346.8451,58.2219,267.5262,278.8573,146.417,96.4443,331.7888,257.649,300.4508,39.669,163.929,189.088,65.0075,215.127,312.0661,201.904,197.26,145.479,198.331,280.6491,47.1694,83.6479,188.296,83.8323,283.1014,163.962,347.5831,160.622,352.29558,88.4035,350.95512,182.735
393,48.7276,32.9358,192.079,175.127,78.2552,170.26,187.443,161.234,313.2351,44.4563,212.157,309.3492,187.931,182.271,1.46364,292.1909,54.4962,301.6526,268.19780000000003,189.257,309.4471,272.4513,320.0937,301.443,304.4269,334.6362,290.9754,189.827,182.942,166.496,72.1294,192.678,40.073,182.012,60.8752,179.059,23.4158,150.019,299.1786,299.0772,205.288,264.7462,173.262,21.5643,151.664,269.9238,84.6554,300.4389,300.2833,58.8306,172.134,184.279,173.352,168.073,170.673,180.563,74.0034,179.33,177.491,174.038,274.55060000000003,5.81026,65.9027,259.315,260.2682,86.214,98.8245,310.1791,282.1744,284.4661,44.2231,162.566,292.1579,63.9057,264.8577,312.4751,194.526,175.782,184.575,196.343,287.7101,50.7041,98.8859,190.18,93.3378,300.88,174.971,326.7626,153.861,171.631,81.3737,282.424,304.7377
394,70.1639,15.964,186.398,296.8741,112.538,165.174,168.422,190.252,215.345,99.7888,197.993,307.5607,175.572,190.484,356.65518,265.1204,84.0767,316.0801,271.8642,162.03,308.8648,285.5165,333.4113,319.2179,293.0817,334.4458,306.8656,166.975,186.101,175.77,59.2006,192.075,76.021,176.872,177.365,171.663,39.7782,173.065,153.881,298.038,172.39,280.0526,176.405,35.8584,184.232,263.4232,353.12403,291.2495,315.4253,59.1333,194.477,200.111,152.449,168.847,180.996,162.735,76.0378,161.29,164.462,179.939,0.640081,90.5757,52.041,279.80629999999996,293.6865,73.7328,90.4249,350.81488,298.9378,296.87149999999997,16.4605,137.697,291.2996,48.9328,295.4532,309.4766,190.329,177.517,177.925,178.241,280.7546,54.1959,106.162,197.339,91.5884,257.531,172.064,336.2241,156.53,173.36,79.1397,257.525,178.476
395,58.5982,326.1589,294.6089,175.219,66.4614,178.36,172.141,180.039,267.7908,70.3363,193.753,316.2624,183.106,163.072,15.0195,180.0,67.7988,290.9405,259.499,155.449,300.1032,274.2464,343.442,306.6383,302.9756,332.346,287.7872,89.0963,165.453,171.167,70.8764,193.013,59.2629,180.796,48.5993,178.858,38.514,167.505,329.4688,299.9467,167.31,269.2902,174.572,30.871,347.0094,248.404,346.971,306.4514,186.345,63.1569,151.564,168.629,164.622,157.275,183.191,156.134,177.738,178.196,285.0092,173.357,356.53683,107.851,54.7934,263.8873,257.669,67.3896,90.7701,344.7458,280.4498,303.1735,330.8131,182.456,213.531,74.3061,313.0452,304.3197,168.133,331.6431,179.532,198.589,292.2957,55.4436,88.3511,189.03,98.2508,302.103,187.782,320.3752,166.809,333.9633,100.842,299.5331,162.437
396,68.1539,332.499,195.656,160.073,73.0354,174.636,175.187,180.496,185.377,96.7288,163.628,67.0681,178.897,156.944,353.63416,192.777,60.2447,301.0155,264.9538,154.06,298.8132,264.0402,323.4939,305.634,303.7591,316.594,310.4304,181.198,181.012,182.999,64.2047,192.828,44.6067,195.085,320.5183,180.202,41.4283,175.229,154.751,297.7254,174.443,274.3847,170.066,35.2331,346.2395,271.251,351.14481,271.8597,156.417,72.1008,168.247,174.997,155.19,149.212,179.126,207.56,173.984,164.579,49.5793,181.089,276.4364,9.42163,57.4016,263.923,285.7261,64.301,94.7421,342.0044,279.4604,286.5537,42.4809,165.64,297.7488,64.463,280.6783,310.9825,174.139,354.68711,191.304,188.931,278.5838,41.9376,87.1016,186.335,92.0878,308.89549999999997,187.834,310.6792,170.403,257.698,95.6739,283.3985,182.533
397,66.9955,37.8226,186.629,191.566,73.6828,175.249,180.617,171.615,307.6981,70.6239,157.115,301.3728,181.171,175.389,7.58524,191.092,54.5447,310.2328,275.1891,189.735,299.1192,267.2682,323.3912,307.9982,308.6504,325.8833,293.7805,168.521,173.601,177.246,52.6137,148.237,49.8442,67.3131,313.84000000000003,180.612,40.6832,185.651,337.1298,186.154,169.277,273.8539,176.24,28.0223,333.9943,277.7869,66.8844,279.0191,307.9081,48.734,204.987,184.44,166.343,186.191,181.588,205.92,62.1651,166.593,291.5209,182.163,255.82299999999998,134.87,61.1933,275.147,274.4482,74.3353,99.3036,303.6282,267.5091,301.05129999999997,31.7088,159.846,201.959,62.6686,209.399,311.5287,180.26,1.9094,201.27,202.331,279.9471,67.6417,86.9772,177.604,97.8399,290.8865,193.454,3.65454,132.847,313.4658,86.6695,278.7523,68.6884
398,66.5191,38.175,182.599,309.0472,79.8514,173.642,292.2934,284.2823,205.738,82.7336,145.728,39.3681,175.023,153.944,352.40353,278.5114,65.1327,315.3223,273.8185,161.801,319.3507,279.399,326.9698,293.6552,312.6307,328.5921,295.0111,199.658,167.871,165.378,57.308,170.793,48.722,307.5327,306.5096,172.7,322.2822,173.743,164.874,298.4906,193.896,267.0087,183.848,39.2869,20.2891,259.052,307.8181,303.0333,294.946,75.333,156.045,169.166,177.767,165.709,157.104,215.475,176.363,177.155,309.0601,187.684,316.6405,12.9551,57.8779,268.6685,275.2887,138.221,94.8683,299.3386,288.7996,307.9865,45.1542,168.43,167.118,45.3111,185.555,294.0528,186.529,359.675112,182.262,180.475,278.5363,58.4852,82.6285,184.78,97.6494,288.9924,187.735,357.23067,158.24,161.922,87.0895,275.0635,47.6165
399,58.1174,43.0971,160.257,285.6328,107.598,148.864,195.564,301.9737,180.846,55.0634,184.437,302.8589,191.96,293.9842,4.13451,174.674,50.972,314.3863,268.692,177.228,291.6121,273.8412,323.3322,302.003,314.5869,331.8029,298.8257,166.08,177.671,177.142,61.3731,189.984,63.2226,174.388,222.67,178.638,24.9712,161.083,326.5735,307.0427,168.439,258.401,159.144,36.4938,0.296604,304.8125,1.6598,299.6012,299.2267,66.8777,173.554,187.623,144.542,151.818,184.041,179.264,55.9483,170.223,182.431,170.189,15.9236,337.9115,49.9144,259.772,294.4848,152.209,80.0736,328.0029,250.262,297.901,324.0525,163.871,196.927,60.356,171.034,309.8556,179.203,5.59169,171.647,177.748,271.4759,64.4084,89.0516,184.484,83.4435,303.8966,162.513,331.2443,151.233,184.888,75.958,201.228,180.363
400,65.4227,36.9504,175.234,180.68,85.5481,191.357,173.516,280.0069,209.024,85.5983,175.219,284.7647,180.0,171.38,20.0599,182.099,56.1964,293.1825,247.062,188.938,312.2067,245.737,8.69249,290.2303,276.1348,322.9879,295.8621,175.995,186.329,172.431,59.4983,189.711,46.8145,173.386,185.323,180.372,36.0877,169.217,1.24321,307.25350000000003,193.948,270.1615,180.776,28.681,12.2628,281.699,78.0871,304.369,305.6667,52.6147,156.656,187.779,164.774,296.31600000000003,169.611,107.47,59.1298,170.485,287.1022,182.825,272.1638,271.0912,72.1034,268.9218,285.5637,57.5884,69.4485,332.7011,274.92539999999997,288.023,41.4268,156.273,194.566,51.5263,271.5472,304.0711,185.348,8.66069,186.436,191.458,306.7263,71.5233,83.9958,187.845,99.0338,285.1145,201.153,354.28932,149.044,347.5942,52.5498,253.91,59.6172
401,62.8165,331.663,153.444,164.65,78.1662,180.463,175.67,323.1287,303.4372,94.7998,298.9739,12.833,188.129,199.342,12.5395,186.993,65.1893,311.3845,270.5673,201.811,302.9332,285.9637,327.28340000000003,288.7941,305.5877,332.2829,299.4385,187.308,184.708,174.918,58.7099,192.503,45.3612,184.723,303.7524,178.654,36.1786,162.203,316.3787,295.87350000000004,197.157,278.94100000000003,187.61,32.3757,339.2464,273.2657,35.7712,323.1116,292.48810000000003,66.3956,169.682,184.011,172.551,314.7821,158.01,302.9583,69.9156,187.088,317.0628,184.057,283.0406,306.1251,87.8734,269.23969999999997,92.474,166.57,88.8563,356.07555,270.9316,284.20640000000003,31.7031,167.833,304.9398,61.607,296.4094,302.1223,181.479,8.94275,171.867,189.029,280.7883,51.5112,101.763,191.226,88.5621,292.6341,184.977,303.7305,159.636,173.371,89.7308,290.44870000000003,177.144
402,65.6205,35.6943,199.517,195.816,67.9386,174.832,188.785,300.9912,190.783,60.2309,175.724,331.8007,181.562,278.4748,348.9164,177.124,70.2329,305.3687,276.0502,191.9,312.4603,248.43200000000002,332.0726,296.77139999999997,304.44870000000003,327.8418,304.8089,176.478,211.833,184.096,63.6287,202.633,46.8743,171.803,309.0167,157.784,346.6763,182.781,326.3519,297.6611,167.783,287.4865,172.319,34.0299,12.9133,279.2971,86.3089,298.609,290.3634,51.351,159.887,172.556,173.427,167.898,154.005,177.17,60.3487,179.476,305.3553,180.416,99.9048,349.2883,66.25,282.3745,97.7521,127.877,94.075,329.9067,304.3293,281.9741,42.5996,162.879,276.7232,50.6774,284.7181,310.2645,189.006,304.5691,189.198,175.318,273.4132,59.6987,81.8886,207.031,98.5884,300.746,149.382,300.8415,171.229,176.513,57.7303,265.9982,59.7055
403,72.7272,321.6006,198.906,182.133,84.4689,175.259,183.651,337.0108,309.0349,55.8806,182.198,302.9708,173.012,297.0341,351.07563,170.176,71.6704,314.336,261.2581,284.1643,329.092,288.99649999999997,343.1325,295.97839999999997,300.1777,318.6586,304.8764,166.901,171.326,186.826,61.9215,178.645,52.0157,171.782,174.659,176.261,325.028,166.732,334.3429,301.5835,162.979,280.33889999999997,173.217,325.9373,348.2196,291.4904,104.555,302.5992,196.948,88.0421,173.498,159.6,164.115,162.414,164.351,168.815,164.952,182.216,296.5458,176.776,97.3644,356.61005,52.7734,252.058,89.7028,129.569,100.612,355.21593,260.9253,296.5942,28.2528,160.798,295.4532,55.3447,294.7858,301.5388,189.734,174.294,171.917,169.826,283.29,65.6004,94.9101,201.724,91.7173,281.8799,173.325,314.2186,162.901,169.362,95.4125,263.7202,36.5759
404,61.6166,28.4181,290.3095,193.267,90.3876,186.127,168.834,295.2254,284.0777,58.0689,183.881,303.4829,178.301,194.773,3.20342,178.241,116.196,300.8505,276.3435,202.575,297.6187,264.0496,318.1111,300.5349,294.481,333.8771,301.6535,161.246,184.147,187.44,72.5779,183.874,44.5103,175.971,74.4746,170.555,337.4205,155.439,111.92,300.8334,171.192,282.6955,180.522,22.6724,177.169,256.42,323.0992,304.396,182.391,60.571,304.9363,189.81,287.5345,147.675,188.946,278.4737,70.2738,162.47,187.439,187.294,4.53799,96.705,72.8944,272.1042,78.0451,128.49,96.976,329.1368,297.6668,290.6753,42.8628,168.546,166.244,77.8388,190.767,303.4077,153.746,42.3684,171.303,207.127,294.57280000000003,35.7432,91.1521,194.534,104.393,315.2846,193.441,300.5034,151.332,345.9647,86.5312,206.466,44.6931
405,70.6458,331.4226,185.198,168.04,101.388,180.387,181.581,301.6399,295.2674,92.6593,161.697,172.14,170.401,79.4461,357.81708,155.544,69.8891,315.9591,285.6474,289.0247,320.7339,274.1631,320.5481,305.1553,299.877,332.4674,296.7746,180.642,170.228,179.416,61.2494,189.184,34.1258,174.76,299.383,175.473,331.6604,150.072,323.9638,306.65250000000003,182.951,271.5464,176.981,43.0862,173.342,275.31010000000003,4.38455,296.2129,175.187,85.4436,315.8393,183.694,174.23,311.0947,182.476,174.423,45.6902,155.854,183.391,176.149,324.9364,331.8287,57.821,276.8003,100.474,94.3222,100.519,353.61799,295.7933,293.2011,325.6512,155.65,165.141,87.7748,187.602,301.3825,178.998,11.5881,205.173,202.45,287.9441,63.2117,87.0995,175.271,96.472,299.03679999999997,187.85,328.2656,163.868,292.97069999999997,91.8292,285.2199,55.613
406,53.131,27.8852,182.208,185.86,84.71,198.548,184.406,311.705,302.7938,85.3751,189.24,188.206,182.869,216.562,17.1741,178.077,52.9704,311.7275,275.0757,185.963,295.9922,273.1135,318.5377,301.4784,303.5592,319.1035,298.0801,179.425,187.406,176.328,53.3616,185.312,51.0026,192.757,59.5563,190.02,30.2746,164.941,293.3008,300.4475,178.977,262.7658,182.64,40.063,163.835,276.034,1.59379,279.5056,176.277,151.228,290.40229999999997,291.4767,174.417,308.0795,184.391,161.239,52.2492,165.063,272.05899999999997,174.176,14.6849,321.1624,57.5213,269.1818,90.679,115.282,82.1313,335.639,262.1506,282.46590000000003,23.8398,58.9758,307.4909,73.7557,302.3467,305.6622,186.113,182.645,171.931,175.655,294.656,50.2833,109.776,171.517,88.1273,328.8959,177.931,322.8499,165.339,338.027,76.692,297.0375,58.977
407,50.8981,334.983,197.953,187.271,56.0644,180.345,189.021,168.433,302.4193,63.4635,161.762,176.01,196.7,185.662,2.28282,180.863,79.5847,305.6008,241.988,203.212,74.726,290.5118,318.54290000000003,180.627,292.45140000000004,328.1244,305.4098,185.134,169.981,173.456,62.7446,203.904,53.6265,188.977,320.2967,172.811,31.2465,137.335,12.5626,303.689,170.824,254.547,167.805,36.9042,168.174,268.942,89.821,298.5402,188.802,48.3466,153.853,159.136,150.88,274.7685,175.648,155.453,54.7617,167.227,155.021,156.288,132.192,269.4493,42.1686,282.9936,95.4955,61.2886,84.6386,294.2266,273.06,302.3079,45.2843,167.992,206.834,66.66,182.594,306.953,177.986,354.10845,174.119,211.176,285.6861,42.1732,92.1741,212.024,98.0098,297.8541,190.838,334.9846,163.696,202.077,94.4337,264.3287,103.212
408,58.8813,35.0689,181.344,170.058,89.3068,179.201,171.506,294.5123,202.809,63.9953,200.327,292.2119,194.32,200.207,345.8067,178.452,74.7242,294.6856,252.089,296.9217,294.0161,269.6106,317.7124,186.796,296.0479,354.6352,314.407,175.016,195.166,183.422,69.6452,196.534,45.5953,176.299,303.4713,177.778,43.6621,145.119,354.27882,294.734,189.914,271.0335,179.943,31.8662,175.214,264.9546,81.8952,279.5896,210.117,63.8027,318.8688,285.1816,154.892,286.6872,177.004,152.249,44.8205,174.375,284.8122,161.302,128.3,269.3036,56.8454,264.93129999999996,113.309,154.792,100.84,305.7898,268.1029,282.1372,35.9928,150.922,312.3848,75.5024,295.0083,312.427,188.194,15.5774,174.1,167.828,281.5147,54.2892,97.6552,181.862,74.5751,309.7666,153.791,337.6332,152.28,183.974,97.1871,255.524,69.3498
409,72.7427,323.98040000000003,284.3793,186.468,73.0927,211.221,166.095,307.0499,202.038,100.819,178.416,300.4806,191.375,158.023,21.9057,180.109,92.5944,308.3746,260.2324,201.979,68.32,267.754,320.45550000000003,192.723,302.438,320.3961,298.775,178.876,209.613,175.609,62.3658,193.921,46.5204,192.326,309.6212,191.741,16.1351,148.853,311.3365,299.0596,163.879,263.4883,174.063,42.9218,147.627,266.2307,1.37424,310.2545,297.0978,44.6887,287.22929999999997,175.955,175.652,157.3,173.473,160.791,51.0146,177.132,278.5148,182.021,78.7235,115.049,54.8701,264.5312,82.5834,72.932,108.515,323.0345,304.9375,288.8537,32.3303,166.136,337.4818,55.507,266.5967,326.7571,192.974,0.150821,177.228,196.048,279.382,37.0179,111.203,188.286,95.1724,302.2609,188.92,0.654288,147.219,348.8041,76.0158,253.42700000000002,50.0125
410,66.639,39.807,163.289,166.133,85.0825,176.334,173.146,293.8738,295.27,88.0745,185.102,322.9217,184.094,283.0443,7.76621,172.239,71.3992,310.1653,247.369,195.314,17.4356,280.057,313.5354,297.37919999999997,284.3867,345.9953,311.544,173.512,171.855,177.657,60.1413,189.944,32.1517,184.51,290.4327,184.453,32.4842,158.731,163.728,290.1248,184.201,257.608,187.653,35.9637,160.707,259.577,351.04372,295.4652,270.7568,66.1318,304.3595,188.609,186.637,191.197,192.931,151.837,66.408,175.17,181.439,174.048,27.8425,357.25318,45.4524,263.22860000000003,122.529,62.2367,98.4801,341.0661,297.2495,300.94,37.4838,149.393,311.3711,49.1293,298.09839999999997,301.2425,185.534,355.83097,191.442,169.782,283.8879,54.0446,81.4358,173.404,87.8579,307.5536,183.541,316.9373,152.037,154.082,89.8922,275.08410000000003,58.0301
411,72.212,323.9758,145.531,196.064,88.653,183.897,170.664,194.553,178.774,77.7882,164.278,315.11220000000003,176.893,215.07,12.2634,232.37900000000002,81.6433,314.6677,270.50620000000004,142.932,296.53679999999997,310.5117,322.5001,299.1493,307.18,321.8301,310.2037,192.468,170.467,188.831,56.2536,181.99,51.7578,172.391,172.735,184.632,43.7017,148.455,265.9735,295.1933,180.342,264.3369,173.833,43.8416,340.3779,284.1682,357.07459,299.569,189.977,56.3186,160.51,181.609,164.515,298.9083,176.948,170.879,72.2714,176.405,295.7592,70.2052,355.80491,304.66790000000003,192.549,254.135,103.903,150.25,134.952,333.8607,295.91089999999997,284.1556,44.3377,169.683,192.497,74.2435,190.846,304.0018,190.573,302.9174,190.17,194.156,272.5102,50.4078,80.7098,193.468,91.8991,298.0716,172.738,304.3288,146.471,169.11,90.1573,270.8868,101.397
412,57.6859,31.6032,165.102,184.579,95.9566,184.502,178.507,180.349,301.4635,57.5012,181.744,178.246,185.613,298.6873,359.030342,164.152,51.7165,298.7889,263.7489,168.47,291.3658,240.083,314.6415,303.1911,276.5627,327.7415,309.3573,177.421,173.9,178.874,67.8047,186.541,55.8758,168.651,300.4745,165.847,35.7465,176.723,340.045,312.37239999999997,163.55,268.0835,175.196,29.4827,331.0742,241.074,326.2837,303.3788,193.695,51.4885,300.2216,191.705,160.215,61.3021,177.138,163.056,62.0728,162.536,267.4767,164.225,276.60360000000003,253.418,188.496,286.0603,86.1432,149.376,103.105,322.0699,273.5452,303.7106,35.1535,174.356,300.0109,52.9385,290.229,320.7599,188.263,189.133,178.921,193.803,294.9201,64.2617,82.9436,176.633,81.7411,301.7365,175.1,344.4719,168.131,340.1924,76.2951,74.0744,58.3936
413,60.9089,37.2367,185.314,180.961,102.91,165.064,175.202,172.812,194.771,70.42,194.116,177.721,190.759,170.024,22.018,169.738,96.1452,300.3276,261.8353,200.565,298.7616,296.7016,326.1458,289.6055,303.8625,322.464,309.2679,167.243,182.659,166.115,66.4467,180.756,62.4686,193.365,308.3805,176.96,15.4966,172.723,346.3618,286.2618,166.642,266.7507,180.494,34.0148,336.1612,250.25799999999998,337.8063,302.4397,299.4642,61.4501,316.9014,178.988,157.149,48.8696,167.879,250.34199999999998,70.415,180.756,273.3104,176.061,283.7713,132.686,189.441,272.4977,80.5958,65.3499,102.958,331.6754,291.5517,277.99649999999997,37.5442,156.983,290.9789,59.4484,301.31600000000003,306.249,197.519,181.61,174.067,174.401,288.8525,60.442,97.6551,191.104,95.7805,295.2042,181.036,4.40106,161.317,342.0085,88.2579,299.0787,144.352
414,61.6424,50.5255,181.27,291.0054,96.6058,176.685,187.626,166.58,188.887,102.925,183.281,179.087,180.898,304.3694,10.6651,174.977,125.271,80.0549,264.98990000000003,264.9827,173.554,249.52800000000002,324.0939,301.7544,297.2251,335.7413,298.6685,164.47,180.729,179.696,62.3685,191.31,30.8748,174.737,288.84069999999997,174.384,32.6766,154.987,229.464,287.961,197.422,266.7944,174.216,40.749,352.44626,101.324,13.8823,293.8017,301.9114,128.916,161.104,176.372,166.424,98.6494,186.367,169.4,54.9327,167.712,159.342,161.165,272.8718,0.793296,165.969,284.5568,115.752,67.6447,92.2255,347.5871,280.9157,304.3633,30.4376,50.1034,285.74469999999997,90.4273,290.4812,311.22249999999997,204.702,205.682,176.862,195.459,297.3866,71.1306,113.21,191.554,93.1448,308.9094,188.81,327.9961,165.044,314.0269,92.7647,273.9642,54.0287
415,65.449,24.6515,181.02,300.0015,92.126,205.796,180.213,209.239,184.17,72.4739,183.377,189.108,179.463,177.234,352.50068,176.87,63.5527,58.843,264.8771,198.838,302.0268,263.5312,337.316,297.3661,317.3102,323.9861,299.8507,190.515,183.335,161.089,64.4888,183.758,43.5183,162.566,300.864,172.242,321.8429,166.054,0.770128,302.9668,183.293,289.46299999999997,190.269,28.8841,341.2388,290.5475,83.0228,306.9397,282.9042,166.945,76.0575,187.559,156.671,160.231,168.349,266.20029999999997,57.9067,178.995,294.0861,175.363,265.8834,353.88683,178.531,228.342,97.4252,78.1955,93.5531,336.0488,290.0872,190.455,29.2097,151.139,168.643,51.9628,312.0402,311.3185,187.614,190.126,172.684,194.479,280.9883,65.1355,117.809,178.236,100.443,300.7119,172.636,329.2625,150.716,19.11,91.4303,306.6731,290.6074
416,58.6985,32.5717,180.482,315.0304,77.1462,153.541,176.14,178.848,192.363,95.0439,167.811,313.3677,187.897,190.865,3.05764,176.473,83.2092,313.9552,267.8544,203.281,291.3433,279.8679,22.562,297.0996,301.0922,335.1352,292.837,190.566,191.972,178.25,58.9497,183.672,51.4719,188.741,178.816,165.759,331.2513,154.034,336.8398,284.0126,174.465,262.2982,177.647,30.3756,354.3786,275.98990000000003,338.84069999999997,306.6879,295.3275,70.0767,321.6051,175.463,175.497,164.546,173.186,249.774,57.3091,176.943,285.4859,167.277,253.14,342.135,142.614,279.0041,83.101,54.1065,93.8556,333.4404,265.5927,280.17449999999997,322.6697,160.474,290.49,47.701,256.53700000000003,327.1927,181.652,187.127,185.359,185.701,293.0096,49.234,68.5932,178.615,82.435,309.6307,167.16,320.6713,170.12,334.1892,114.234,300.1255,283.7813
417,69.4643,40.9062,176.383,173.435,70.8812,152.644,300.6048,311.4688,308.4456,57.8147,151.156,294.3551,178.057,194.471,359.876192,170.418,63.8377,308.7971,267.802,189.899,322.1193,278.073,29.4716,295.6447,316.7774,35.7078,317.9034,176.173,186.285,181.161,53.9216,187.626,57.5041,160.699,184.798,171.454,23.9671,164.965,135.182,298.3109,181.214,278.8417,163.686,32.2864,178.291,278.80719999999997,356.87266,297.8782,295.1992,48.825,154.555,164.09,148.763,174.689,189.772,266.72069999999997,85.9282,180.987,167.582,200.016,271.8157,118.146,58.6242,266.7056,100.104,280.856,95.8635,354.35368,287.6622,287.714,35.1435,175.257,301.5527,77.019,304.5899,314.1161,179.356,178.974,174.03,197.245,301.5451,54.2538,101.384,173.02,94.85,314.4597,175.507,317.074,170.81,164.843,67.9332,287.2432,49.4582
418,60.5111,38.7415,171.811,301.97,105.559,175.188,307.9934,292.753,281.6024,41.6996,161.026,43.0492,183.969,295.58,6.07888,181.411,128.373,289.1008,271.7169,176.878,295.5642,253.362,32.1862,311.774,303.3587,317.9742,308.1921,165.677,179.114,166.926,54.2687,185.293,38.8571,197.528,186.4,162.353,15.6099,181.632,143.818,301.104,160.421,263.8053,175.679,32.728,166.984,277.2375,1.1524,285.8918,298.3444,68.1629,164.837,167.993,156.458,260.8297,179.672,271.7615,45.4764,152.968,314.8531,166.414,8.12859,95.4998,57.9342,273.5459,87.1768,321.2173,108.222,332.3904,280.7568,291.9334,40.9359,157.462,182.281,39.7701,177.712,317.7491,168.78,195.35,204.817,198.865,279.0533,64.3854,84.9964,201.518,100.629,302.0766,168.001,334.1298,158.126,15.2613,93.8684,249.21800000000002,56.5817
419,74.1873,42.8391,159.873,185.972,87.4677,167.762,296.9335,297.4121,209.746,77.0781,177.829,302.6152,190.738,259.93,6.9985,181.467,126.875,312.1059,272.3197,196.085,318.9554,267.4678,325.7805,293.1929,305.4001,323.6479,306.46479999999997,176.92,190.986,183.344,61.942,184.592,55.497,161.364,302.4122,160.214,31.3247,159.192,302.7529,297.5631,171.744,261.2462,161.358,32.2316,169.122,273.3506,347.3137,313.0433,188.007,157.878,151.978,163.404,158.635,283.8215,181.827,271.1144,61.2212,194.538,299.2702,169.158,293.7724,308.9162,56.2956,273.6846,78.7013,79.5493,92.8239,327.7451,294.9415,305.9615,36.7912,143.565,193.523,81.085,295.5276,309.67629999999997,189.458,352.43085,180.828,185.51,287.375,70.5787,75.8002,203.727,89.4351,296.3643,181.678,320.07,146.411,162.049,87.8806,121.625,85.6829
420,63.5573,328.3072,199.439,189.021,92.7291,165.211,328.4857,306.4619,202.336,88.3787,195.161,191.035,179.618,192.357,7.2305,186.784,74.8519,310.6984,262.7736,114.329,290.2902,278.3397,331.59159999999997,297.1018,316.182,327.6325,305.7984,180.38,186.663,160.433,52.488,200.67,51.7433,194.064,192.485,168.964,39.4999,170.997,150.79,305.8773,164.746,263.5095,171.445,33.756,160.232,284.05150000000003,2.82006,304.6649,198.675,50.3399,308.6552,171.979,171.968,141.485,164.445,247.88299999999998,67.1243,182.769,93.5795,183.677,349.844,105.994,60.1223,259.896,111.846,66.0227,112.111,328.9561,273.3549,291.7398,21.0649,157.508,274.4656,66.6408,191.152,311.12,186.824,338.4058,193.937,185.063,282.1624,48.9068,97.3152,168.364,90.3117,315.6963,162.278,298.6351,182.796,182.692,75.3684,281.3166,66.1427
421,50.9517,41.7595,184.563,181.825,78.314,198.76,315.645,181.151,284.1393,79.3801,175.654,312.2753,180.544,295.3089,348.3846,175.233,56.9002,303.6037,277.7963,252.805,303.9836,265.2738,319.8401,295.6639,300.8214,330.8161,316.6882,177.42,196.456,170.194,60.3164,192.755,40.6279,187.73,285.9158,175.885,36.0359,165.28,302.0502,293.18399999999997,179.201,284.43,192.478,34.7463,162.099,261.2821,339.6341,309.11310000000003,304.9208,150.893,158.111,155.352,146.816,299.199,198.95,264.7324,65.2107,172.244,175.242,187.959,277.1325,315.8611,62.0791,255.107,99.4773,139.361,102.177,330.1346,277.2095,303.3841,341.7134,154.219,313.8879,54.6439,297.631,306.6945,184.99,191.357,173.396,168.593,268.1617,61.3098,84.0981,186.212,83.5255,305.2659,193.667,313.5863,151.256,174.471,87.5003,267.1847,82.7836
422,61.7666,336.138,296.6422,191.495,77.4624,167.6,312.0137,291.3295,311.7753,66.7811,171.948,51.4028,177.017,191.015,349.3496,166.565,54.6144,329.5742,267.04,213.378,305.7442,261.222,322.0387,302.1461,293.28409999999997,321.0514,307.58050000000003,184.933,176.5,156.146,52.2305,179.633,60.3059,195.465,61.6,180.479,38.0417,51.8616,174.708,89.0261,183.459,277.1367,160.421,27.793,153.741,278.9681,9.59342,307.2193,304.8533,71.6604,97.3283,159.068,151.741,287.3273,209.312,165.189,68.7906,177.75,288.85339999999997,177.437,17.087,129.201,64.3845,266.1461,96.8296,61.6155,110.375,318.0569,275.6244,287.2452,36.7064,153.183,309.5846,60.6066,195.208,311.5488,169.115,208.835,170.511,183.012,292.84659999999997,47.1397,102.739,186.09,82.4737,303.7325,181.732,305.2799,166.174,330.9999,64.7045,286.784,51.7737
423,54.7788,37.1635,181.424,280.4832,96.7832,184.941,332.2178,297.8513,226.437,78.1269,195.323,308.4867,171.647,188.209,7.66698,157.933,136.332,297.5645,265.4878,288.4831,309.5957,250.93099999999998,322.2822,306.9882,305.0854,328.0458,305.763,175.075,195.296,179.858,77.7693,191.636,38.856,190.11,52.961,187.943,34.462,82.0309,143.475,295.5926,177.35,269.905,166.161,24.2867,178.099,256.44100000000003,328.8029,291.488,295.6989,69.5202,160.891,182.129,181.383,314.2319,169.544,183.895,39.7661,183.343,186.28,173.642,318.7585,120.434,49.5417,256.315,92.387,69.1928,100.014,347.746,268.7479,303.0007,32.3029,165.656,187.266,66.6275,201.222,311.8745,295.5848,191.755,166.912,177.524,300.9991,181.09,108.172,184.85,87.4798,303.8212,175.249,347.8019,142.676,171.293,85.8694,236.048,168.594
424,55.3814,37.7145,293.0511,302.9251,81.0705,168.525,301.7984,287.8206,293.0817,36.8059,172.131,314.1845,190.639,163.452,3.96054,174.37,66.1895,304.0647,260.0055,181.551,319.1737,293.1095,323.6478,288.7871,302.4665,338.1015,304.7991,191.159,179.511,182.314,75.9382,176.508,65.5641,154.064,44.4596,176.846,42.9793,74.2294,172.665,293.5849,175.342,258.194,177.854,43.2158,166.668,38.5037,357.51918,297.8775,294.0618,60.9688,145.555,175.295,147.168,306.4355,170.751,164.485,54.2888,176.668,187.594,164.234,249.808,354.14714,54.7095,274.4208,103.194,53.9095,104.003,326.005,268.1761,289.8113,25.0327,184.11,209.853,54.5867,179.832,307.212,184.573,308.8148,173.216,193.579,301.5,69.1838,88.462,166.903,81.1975,276.2482,166.919,332.0624,153.794,143.234,86.6105,292.3705,52.8753
425,52.2644,325.7634,292.4631,298.3529,88.4596,178.319,297.3368,190.814,302.6396,75.0947,191.553,316.0771,189.752,188.634,1.95344,173.627,41.1403,298.1326,277.60360000000003,177.581,313.8215,291.6821,325.4501,296.068,313.4346,320.1981,315.2846,187.474,194.051,178.574,69.3626,185.364,44.6834,178.161,41.4432,181.354,317.6538,44.3969,295.9749,311.18399999999997,174.718,254.56,175.222,33.2674,176.447,264.5095,89.2888,305.4915,289.445,55.1652,336.5685,160.355,184.415,265.5158,180.564,178.731,66.1586,45.903,298.8264,174.032,12.8231,341.5408,54.7533,251.69799999999998,97.3473,85.6625,84.4862,325.9363,285.2818,282.24850000000004,28.0239,167.549,203.298,69.0573,294.858,305.5996,185.485,138.116,186.956,188.946,289.1132,58.9148,88.5915,183.258,70.6369,291.2805,198.796,349.0808,162.535,137.511,91.6974,274.6176,73.0127
426,71.6602,324.6597,187.939,289.558,98.4197,184.668,191.489,173.467,294.24580000000003,56.6886,186.369,299.3791,185.605,276.6773,13.3261,178.82,70.6095,307.866,175.177,295.2556,305.4347,268.0656,31.1506,202.411,299.48199999999997,38.5232,311.08389999999997,157.022,185.767,170.689,67.9557,201.18,53.489,159.92,62.3027,179.806,46.2184,65.7921,164.748,299.8125,176.268,277.6184,166.398,47.1515,182.041,257.71500000000003,1.13404,272.3744,193.74,78.4193,295.8588,298.239,183.944,314.9683,173.824,156.711,59.2152,46.0302,191.492,82.9819,288.2493,43.291,49.7981,262.1918,96.0003,168.389,104.576,332.7231,290.0684,295.04269999999997,40.3322,144.332,303.9495,56.3793,286.76959999999997,311.4826,181.813,7.61933,193.633,182.003,275.5886,62.4275,109.141,192.607,95.007,296.0,173.958,339.6265,159.64,348.6155,78.3935,281.0722,76.1408
427,54.7794,31.4229,304.1832,283.5881,86.0324,169.013,173.68,190.178,209.472,89.1251,181.782,307.7825,183.765,173.364,347.5703,168.395,144.471,298.8073,186.296,189.147,302.46,267.19870000000003,326.4327,185.91,79.0558,328.8042,303.3548,195.923,179.852,173.557,55.1471,180.888,61.5602,168.666,281.3242,186.821,39.8173,61.781,170.857,293.80129999999997,175.106,263.7358,172.721,35.8145,143.079,319.2035,285.13509999999997,291.8285,288.4158,45.444,310.7087,156.435,197.469,306.7539,169.819,172.94,66.4981,51.2142,173.424,78.9426,91.2513,358.77528,48.0778,268.0079,107.419,48.7984,90.8531,317.9347,293.0699,294.304,31.7759,171.971,284.4252,58.0278,189.525,308.40319999999997,198.661,175.007,180.462,181.96,282.6684,48.2124,76.3639,187.743,97.9464,287.1914,176.09,329.68240000000003,148.287,270.2875,75.9403,291.58889999999997,64.548
428,88.7549,36.9899,205.694,288.8639,77.7789,174.72,180.981,203.775,276.4698,85.4668,183.651,177.273,178.124,184.131,350.67303,168.58,58.8679,250.66,163.185,212.548,312.6373,253.78300000000002,326.9477,181.636,293.0756,317.274,294.1497,188.418,194.063,158.697,55.6375,184.184,47.7101,167.176,318.803,177.772,37.1818,76.0304,29.7758,301.2915,145.611,257.967,172.86,30.5137,350.23153,269.5732,97.7694,296.2518,286.5331,62.6596,167.274,163.479,186.788,171.28,175.13,182.602,59.7676,83.2662,285.692,69.9503,358.25858,333.5689,59.7037,282.9119,76.4736,80.3689,97.9364,345.5682,272.45,307.1898,37.0432,164.495,293.5442,61.4536,272.0347,297.0767,193.353,144.747,175.095,197.722,286.54359999999997,42.524,94.8865,173.283,89.5653,200.38,174.067,328.6818,143.737,127.266,87.1965,271.6544,55.3569
429,62.685,26.0932,193.938,319.0166,77.8782,180.489,174.999,314.1904,171.789,86.002,143.931,170.526,180.968,166.472,4.28598,173.088,93.1358,287.6993,169.568,193.041,296.04110000000003,276.7271,337.4935,294.9092,313.9749,39.119,308.2008,176.782,179.848,170.68,71.1406,182.382,61.548,162.131,303.8575,188.544,31.8205,56.1833,179.168,305.5684,173.956,267.90840000000003,175.574,35.5937,338.41610000000003,287.9148,81.8209,285.8035,296.8852,72.9744,155.977,173.951,183.047,168.187,162.994,185.969,61.2938,47.6076,37.7328,61.7628,337.2223,327.9378,308.7962,248.80599999999998,71.5142,69.071,99.7339,349.3238,272.3899,282.8692,43.9123,151.361,176.234,78.3288,190.14,303.6024,192.085,177.014,170.275,195.478,286.7169,30.1876,93.1343,170.614,91.0439,185.873,173.683,359.172628,148.275,326.4297,72.729,306.11310000000003,63.1634
430,46.4042,30.9231,216.882,287.7774,87.5517,178.66,305.2196,294.471,189.614,54.0042,158.945,47.273,193.668,209.386,6.13177,166.193,53.161,311.1283,164.245,172.053,319.1409,270.9143,322.1698,308.4852,299.477,330.843,306.5706,165.77,187.934,165.975,60.8497,185.711,67.2252,185.912,290.2771,174.268,21.3877,56.3581,21.4168,291.63530000000003,177.595,272.1361,186.81,42.6477,353.53461,308.461,355.2921,304.1334,289.0538,62.8404,144.824,175.517,179.089,162.418,174.92,171.891,65.8776,54.7746,177.416,64.8612,347.9015,31.0437,308.6469,261.5473,100.937,67.1658,112.92,311.4035,263.68510000000003,289.0958,33.0822,158.211,182.721,75.9951,173.762,320.3934,199.791,195.906,233.914,192.677,281.788,83.351,93.7613,194.222,97.2066,192.227,158.25,338.3095,163.096,80.2722,82.5357,235.41899999999998,72.1868
431,67.703,32.7378,164.878,184.976,102.637,183.966,310.5456,309.3334,196.2,73.8727,185.661,174.477,183.993,159.642,18.3048,172.094,61.5937,315.1335,167.086,195.06,306.0126,285.185,39.588,298.1505,281.2949,327.4183,307.5698,197.403,191.446,164.793,73.4775,182.081,52.135,190.285,315.2179,182.445,35.7941,57.1789,154.974,278.7176,174.978,258.53499999999997,171.819,33.3653,346.0108,279.4583,85.0771,310.1852,294.8875,55.2513,153.033,178.916,185.153,169.45,185.299,169.317,58.6723,55.7365,181.792,79.5911,333.2927,294.7597,292.32550000000003,273.0451,95.0212,69.221,101.569,331.8962,267.0724,282.0662,35.6988,160.716,183.118,61.2829,278.869,308.4454,192.894,326.1718,195.327,197.246,289.2273,46.4053,90.2673,165.608,76.5823,182.381,175.397,350.04487,158.493,293.5705,67.5929,300.2444,54.3998
432,67.0897,40.3847,169.413,131.746,94.6457,175.121,37.8458,312.2098,304.9835,69.1862,178.033,193.778,179.453,193.77,15.1245,167.919,47.2638,304.2715,183.097,181.486,314.0199,298.78589999999997,43.3493,300.7206,288.2497,327.7739,265.2635,176.68,168.107,172.392,70.0963,200.24,59.2769,205.054,299.8009,158.672,30.4925,61.8964,318.1753,291.6016,192.791,273.9513,168.63,25.2915,335.5644,269.89300000000003,22.0303,300.3668,298.1002,70.2185,178.927,174.679,169.8,176.603,174.614,176.378,47.452,79.1391,195.658,57.67,340.5442,280.0858,65.8881,253.304,93.0702,70.6913,105.848,343.0219,266.8914,281.65139999999997,49.2198,168.675,322.5842,63.4517,170.456,296.09839999999997,201.682,7.94565,175.203,190.688,274.2641,49.7874,100.132,185.716,88.3038,167.795,162.887,339.2355,164.713,165.097,91.956,237.523,61.8986
433,58.1576,35.6169,187.486,182.936,101.451,179.785,324.8735,312.9232,205.334,95.6436,172.438,192.336,195.64,166.539,354.08463,184.326,88.5357,285.42650000000003,72.1012,300.1025,293.7661,291.526,327.6711,303.2698,304.5895,320.4504,309.651,170.71,192.06,178.029,64.6903,186.399,56.1999,194.176,55.9866,174.24,29.6901,58.1652,315.1703,299.242,185.43,273.1039,166.521,37.9389,8.08094,279.4489,92.3284,303.77049999999997,287.524,63.6298,176.98,187.166,179.495,170.763,178.175,166.772,72.3012,42.3754,184.275,85.3966,343.3065,21.0242,198.486,249.934,89.6058,71.1861,104.632,340.2975,292.9618,293.9501,24.01,171.961,176.288,51.3897,189.905,309.0056,178.81,337.8373,165.147,176.618,290.9761,51.5543,94.9831,173.734,97.4075,184.491,174.605,25.2224,164.393,176.36,88.6167,267.7759,91.066
434,61.0066,40.3805,259.733,159.762,85.1315,163.158,337.8144,282.1812,296.0991,97.6582,151.779,185.476,190.392,160.722,4.34652,165.464,58.0658,310.4145,184.177,203.725,295.0303,291.747,40.9377,189.682,297.6784,320.2062,309.519,144.117,174.911,167.901,67.568,191.245,36.7091,190.783,298.9784,180.495,24.0037,63.2036,310.5314,307.4457,169.815,260.3082,170.881,25.7227,172.808,302.8871,78.8488,298.933,302.6001,46.5808,161.521,192.373,176.842,164.015,185.003,165.805,64.039,62.7665,180.14,72.1441,3.56187,346.7751,318.2706,245.031,90.8376,62.1731,154.771,323.0762,269.5551,293.1681,37.4434,167.453,281.5165,73.2542,59.4213,312.1186,201.398,349.0926,176.335,221.541,293.2726,46.3725,103.116,186.648,93.5937,191.338,174.346,341.7649,151.801,116.7,73.8456,248.173,66.5636
435,50.8212,34.7264,296.678,293.82529999999997,53.0794,177.384,59.8725,177.4,295.1105,78.1885,164.917,303.9169,184.611,300.8876,9.24197,177.851,76.1226,315.2059,169.955,287.91179999999997,290.4712,276.98130000000003,322.7394,307.5141,308.2105,335.6707,300.8614,169.565,189.045,181.436,79.7924,176.933,42.4777,193.616,183.875,173.141,319.839,63.6502,347.447,292.7137,170.438,278.1178,171.417,23.9554,176.228,273.197,96.4318,303.6096,292.1882,70.1186,160.622,172.204,185.864,181.18,164.294,189.666,62.5206,53.5909,294.81579999999997,90.5725,335.7992,78.314,77.3462,282.18489999999997,92.14,60.6125,99.7689,301.85450000000003,315.9857,278.4527,40.688,169.919,307.6343,53.2289,166.699,306.882,204.693,329.9455,173.081,176.559,265.2718,58.5493,95.6887,204.688,84.8342,179.91,194.084,348.0293,137.569,36.1664,67.9312,281.6319,42.2517
436,56.2188,35.9946,270.5449,160.888,91.7314,183.068,70.7798,308.34770000000003,285.66020000000003,83.9199,169.254,20.6405,194.833,293.3147,355.35242,158.745,54.4716,307.1663,269.5768,203.64,301.9901,241.37900000000002,329.0725,292.7142,285.0686,328.1222,294.83979999999997,174.842,165.615,172.997,44.1263,183.416,50.5558,187.555,299.8938,169.65,44.7841,75.6087,166.704,295.729,180.227,264.75,173.113,39.4872,3.78404,289.1212,345.2672,306.6855,198.212,50.2579,168.015,178.312,164.43,183.19,175.009,188.099,44.726,66.7133,304.5027,75.6111,267.6475,11.8247,277.8438,258.45799999999997,119.212,71.1983,97.4561,336.3345,263.9695,295.6776,34.5122,174.745,263.0663,48.4032,80.3145,301.4448,194.79,196.466,180.166,182.564,280.0272,71.5524,83.4295,207.649,75.0364,185.787,195.509,340.9469,185.445,141.06,89.8671,258.183,44.8556
437,76.8046,13.3322,163.389,161.908,107.252,170.916,326.1805,291.1125,195.516,64.9369,176.532,309.0602,179.599,286.1665,355.53154,183.526,70.5844,314.57439999999997,278.0462,181.722,300.7294,260.7604,328.9126,295.5852,310.2313,339.3552,302.7015,162.173,174.552,165.509,62.5838,196.898,51.5058,173.712,53.2954,177.046,320.5459,78.1238,331.2447,294.4908,177.57,281.5723,175.982,33.7864,172.67,270.5104,78.0215,300.19,163.749,61.0392,165.722,201.359,184.971,168.6,177.2,179.702,85.0515,53.8271,290.2893,72.7722,279.733,328.715,49.1439,271.6881,135.005,65.1102,99.3997,320.0646,287.2299,291.6493,48.756,164.109,286.9175,49.5317,195.027,314.5543,176.344,14.9876,174.598,184.408,276.1339,45.1995,92.4972,192.462,71.4093,204.036,195.771,0.414739,154.844,348.5752,79.3227,274.9464,61.7086
438,59.5658,32.2364,324.4608,300.6085,88.7098,175.805,325.23720000000003,293.6974,195.545,90.1017,154.855,296.7062,204.491,211.082,347.3526,156.959,82.2145,291.2495,278.4791,184.814,39.5279,280.3892,319.7488,295.5835,291.2934,36.0166,296.7687,186.78,179.035,191.626,62.0927,197.684,50.5036,175.01,48.6594,184.504,333.5962,41.5958,148.763,308.8318,171.522,271.9374,165.449,5.11435,359.083235,241.632,62.5234,302.2709,307.7978,61.2523,167.8,182.719,179.059,305.3429,172.538,186.529,61.5447,65.1185,187.869,77.9911,6.53306,132.85,39.5043,256.76300000000003,114.971,68.6752,89.5655,302.1032,267.2546,300.7074,37.5184,177.448,307.0905,53.34,165.609,306.7067,184.85,354.6011,179.731,182.72,294.5278,63.9006,95.3787,177.789,88.7483,194.33,176.603,350.70385,169.815,91.5788,62.6332,249.63,77.2211
439,56.2043,43.6914,193.029,283.04449999999997,84.3567,158.335,321.1257,294.8923,219.225,95.7855,169.892,277.0571,176.404,201.851,3.65061,307.1974,54.7499,302.2215,275.9757,274.7718,320.4078,267.9466,329.7484,303.1791,317.6663,332.3906,300.06759999999997,189.642,173.526,174.954,40.8614,192.902,65.0525,183.033,30.0442,184.802,22.2171,54.9672,138.494,321.1087,163.042,272.347,184.044,39.7504,306.4683,257.259,83.2256,313.8048,276.1823,53.8079,180.338,187.999,163.621,167.409,207.885,63.2336,53.4923,178.291,305.3282,76.2586,12.3222,327.533,51.9221,244.463,111.089,92.8449,104.255,333.0657,258.579,297.1799,36.6127,138.251,163.71,59.5791,255.423,300.7404,177.809,224.94,181.192,180.5,306.3335,181.77,111.109,186.833,75.9443,195.706,179.975,358.37803,176.908,154.551,95.3014,340.8884,59.568
440,50.6111,35.054,304.3392,85.5958,92.1942,172.387,56.3021,192.394,290.7666,89.2686,199.794,327.1986,174.832,215.064,3.73323,181.545,69.0973,312.421,277.7231,299.5491,300.9582,281.829,323.2031,286.9175,292.02160000000003,326.638,302.0754,177.769,184.416,177.337,77.9484,194.35,297.3109,203.022,300.47180000000003,181.823,43.3977,37.9574,174.44,303.87850000000003,177.098,284.8192,185.77,39.8998,169.448,296.336,71.4884,294.3738,316.1288,57.7539,181.958,184.98,155.154,160.413,177.14,160.01,47.7158,195.352,177.248,181.666,282.19259999999997,89.6973,62.2859,235.13,92.373,53.0187,86.7487,357.8856,275.3564,300.5846,36.4885,160.631,182.709,62.09,296.6886,316.0666,184.673,177.57,168.917,175.596,293.46569999999997,61.1677,95.2262,188.51,83.8113,193.546,159.289,312.8698,160.566,352.42735,67.8173,276.51800000000003,67.4215
441,56.5189,44.8173,201.894,287.9618,102.409,167.581,171.626,183.001,198.838,87.5764,286.0303,316.2093,196.866,288.0729,19.2971,163.092,56.4119,303.4342,274.0613,197.915,305.1053,263.8383,321.9646,299.1066,301.94939999999997,41.1785,301.59680000000003,168.399,178.657,171.675,73.8714,205.285,302.35,180.864,313.6606,176.695,315.0586,66.9947,150.522,294.76189999999997,180.375,284.4493,170.552,38.9297,172.521,241.596,233.65699999999998,290.0985,153.898,47.1237,274.3702,180.104,142.009,167.351,171.184,82.4891,62.8965,170.421,77.4902,174.776,1.4232,82.5331,330.0495,258.071,89.1495,62.4805,94.8422,343.7421,285.5328,309.5341,27.7612,177.817,321.99739999999997,64.9594,186.353,304.3108,186.816,346.8488,190.516,183.435,281.97069999999997,56.858,93.6009,204.305,106.741,190.428,159.652,336.4232,145.984,162.393,80.5138,289.7893,38.2021
442,158.668,49.8258,77.2052,177.353,64.1917,173.286,160.543,188.538,177.356,84.9961,96.0323,313.8405,183.325,305.4951,9.99771,183.217,69.1421,316.6739,299.1966,186.596,309.5226,291.3205,343.4719,313.8363,307.3143,323.4545,289.1555,157.736,174.65,185.644,70.4325,168.054,303.629,185.234,305.8184,177.407,26.3324,50.0796,150.642,290.4545,169.514,274.2179,182.995,332.4281,170.348,266.1277,89.5584,310.4071,204.19,61.6471,269.4126,203.533,169.894,169.16,184.052,60.3408,51.5745,155.916,201.465,159.606,2.61901,108.482,54.2392,268.1891,98.3274,79.9492,90.9122,337.2956,154.333,308.6614,25.1538,168.745,189.494,46.915,184.527,314.7135,186.304,286.5496,198.383,186.027,277.5371,63.1446,92.5919,175.633,101.181,201.176,157.093,296.3753,164.961,207.309,78.6152,257.449,85.4144
443,66.6668,335.7847,164.043,195.97,86.4582,179.461,310.4914,179.544,210.747,97.6763,160.9,318.9285,183.676,263.054,8.95805,174.859,66.9271,303.0934,298.0246,59.1658,307.4203,264.1049,323.9046,297.1545,288.3181,325.4405,286.6563,180.518,189.853,181.753,66.9085,192.575,49.2779,199.019,184.375,179.62,29.1974,52.6843,197.382,299.4001,162.503,260.9121,179.032,36.6913,317.8926,282.3693,53.6862,306.4389,282.5247,81.0262,140.972,178.918,148.115,294.2954,184.888,70.8659,68.6142,172.646,288.891,167.805,344.7698,312.4989,316.563,267.7534,78.8291,68.5259,75.7996,313.5229,252.935,307.3751,325.3312,156.076,190.984,56.9395,174.064,314.7355,200.56,357.34192,183.304,191.55,299.8363,55.4448,91.3705,178.25,96.1227,171.873,209.623,330.5337,148.171,176.341,77.0402,285.7371,178.043
444,64.7745,32.0238,203.943,301.0078,85.9039,188.259,313.0152,65.5112,202.323,71.3837,290.67560000000003,182.356,195.395,172.508,359.34005,168.246,54.4199,300.7777,292.4643,200.063,293.591,279.50329999999997,325.4389,290.3816,330.4771,321.8112,313.776,166.706,179.761,178.069,56.1372,196.067,60.2915,191.176,308.6434,198.23,34.3979,57.0746,131.053,309.2932,204.61,263.2932,177.754,30.706,351.12415,258.062,347.7473,295.9983,287.66610000000003,65.0601,164.129,159.878,163.597,301.2893,172.973,171.431,71.5542,175.895,180.149,166.352,259.644,128.246,309.733,250.43200000000002,100.758,136.223,94.1393,341.9016,321.7081,279.0449,46.5946,161.082,295.802,70.8893,170.075,295.7587,168.351,3.61455,183.658,193.31,298.0036,62.7425,100.826,177.2,69.4452,173.493,189.239,310.4433,151.293,179.251,90.755,177.306,184.774
445,79.5403,332.2351,190.264,301.0965,84.7055,177.262,306.7771,170.915,201.007,97.8942,162.745,316.58,180.128,293.2769,0.143936,175.197,52.9299,317.2943,298.2078,199.259,312.7802,291.75329999999997,331.3673,291.5618,303.9703,328.5185,292.207,172.608,165.635,184.126,65.1838,188.709,40.5322,179.268,280.6936,198.357,33.0409,169.122,314.6997,286.86,166.263,284.4683,181.702,29.1137,341.2014,265.9823,303.4053,299.2663,309.7572,61.0693,162.605,172.04,162.448,314.2875,185.21,156.705,63.2836,154.405,283.2642,179.92,328.6492,314.8369,311.1587,266.94870000000003,89.1706,56.7457,106.709,331.454,263.98199999999997,293.3258,29.0786,157.248,329.9368,59.9439,194.921,313.2386,198.416,192.385,183.151,215.185,286.05219999999997,66.069,96.9426,183.449,78.5085,186.419,192.033,329.6518,156.119,199.171,97.2276,283.836,175.662
446,56.1691,318.8258,170.99,179.776,91.1897,175.059,300.5991,198.991,179.2,69.9897,177.898,48.142,185.325,295.6171,18.7859,168.237,60.8283,293.65070000000003,300.7733,212.46,316.1752,279.5604,313.3677,195.463,301.3363,326.15930000000003,306.3478,191.214,190.339,171.339,62.1051,174.126,60.858,169.442,324.8617,177.298,26.2993,166.295,315.937,295.7128,178.679,295.7684,168.851,24.1534,10.4244,267.5965,286.9365,309.0587,201.706,28.4833,107.234,190.61,182.918,285.5323,173.204,160.613,71.0628,170.763,167.223,159.797,66.7988,93.0285,71.0248,264.9467,80.4666,64.9417,97.6791,327.4378,261.7882,277.2095,40.3154,155.883,319.0043,67.6263,189.372,329.0444,189.609,335.2285,223.314,185.861,297.838,67.4748,99.3691,199.742,98.2804,187.369,166.723,312.9728,166.526,299.8706,73.0664,251.154,174.002
447,63.2331,36.6048,181.087,293.0579,93.8186,191.459,285.1594,62.407,190.146,78.6615,186.146,20.744,199.442,170.194,8.6396,188.169,112.261,307.0403,294.8921,307.7102,309.4633,294.6508,35.8934,285.8492,302.649,325.8496,294.01279999999997,177.486,190.779,184.63,70.3077,189.363,51.3589,192.266,312.4397,158.03,36.0451,151.907,40.2039,298.5826,180.414,267.4477,168.904,38.7074,178.956,292.3911,7.12734,282.9267,299.0396,70.8838,165.904,63.7,169.431,321.037,175.298,170.814,65.428,167.011,292.58119999999997,191.025,265.0102,99.6611,64.1848,265.6766,103.755,66.2935,99.226,358.0527,263.0396,299.3096,44.8135,163.026,310.8684,74.5155,299.3203,293.4806,188.384,302.3369,200.348,173.277,259.16200000000003,54.4463,83.6691,189.025,94.7239,305.1665,184.427,303.2344,171.549,265.8134,78.6055,262.75329999999997,167.166
448,58.0682,28.5864,182.571,291.258,74.3894,160.835,309.0484,77.8331,311.8677,48.1728,195.229,191.922,191.253,288.3395,3.52515,169.315,68.2995,302.352,300.3108,178.577,306.8381,275.7193,320.5299,292.5637,280.3883,328.242,312.6956,187.588,164.756,177.112,62.1427,187.212,63.5682,280.747,298.4548,165.438,29.26,164.863,304.3178,291.5931,194.197,259.188,173.597,26.5299,354.10911,279.8211,6.79031,292.09159999999997,189.566,284.3811,169.245,196.253,154.743,272.98699999999997,179.588,183.399,64.3926,183.485,261.0061,77.9643,354.81267,332.3683,56.0845,255.905,103.265,144.04,105.831,346.9734,267.5969,300.485,28.0491,169.3,276.7839,74.9647,285.9838,315.4286,199.9,200.343,179.393,189.122,278.4715,54.9447,81.6397,176.601,95.5411,320.915,177.081,316.2364,141.113,354.61771,66.6618,175.125,181.095
449,68.0081,327.721,323.337,307.7561,76.8113,181.284,301.30899999999997,88.549,292.0132,260.6776,159.435,192.963,186.81,177.105,345.8112,187.529,67.825,296.284,288.39549999999997,196.242,297.9081,280.8737,336.0958,297.1764,309.4923,332.5498,304.7803,181.259,174.311,179.113,52.7037,185.849,61.7008,182.928,327.3291,173.148,27.7659,167.212,313.2823,288.5994,169.329,284.1887,175.454,31.1847,156.643,273.0456,313.046,306.6739,190.315,68.8811,173.564,306.8549,183.375,308.6404,180.304,155.859,62.4369,176.252,276.9999,187.26,335.7299,331.2078,53.6833,280.46389999999997,101.219,62.3803,93.689,334.5376,262.719,307.2914,37.7892,163.131,278.0702,65.9984,271.6717,300.7742,177.009,177.781,293.4756,181.595,281.089,52.4312,85.6899,193.964,82.2473,301.7142,185.633,351.3331,130.15,335.1583,89.3441,115.274,164.205
450,64.3832,8.12072,188.944,173.923,75.4706,181.769,165.773,56.0921,298.1201,270.8538,176.049,186.339,172.944,143.462,358.51114,313.5453,170.458,294.2509,300.3852,194.695,305.7981,277.7978,30.4422,303.7471,303.2238,324.4437,313.71659999999997,198.191,202.285,181.563,49.7348,190.388,64.9357,194.856,274.0012,182.817,325.7901,160.205,313.1186,306.3446,168.897,274.6103,184.348,38.0694,175.15,267.9935,209.665,310.4987,306.82370000000003,64.4672,166.117,198.157,157.979,296.7591,177.846,183.673,54.3729,168.612,294.76800000000003,178.398,356.30657,331.6761,82.4381,251.09,101.574,76.0133,105.596,336.2435,276.5612,303.2768,32.8344,172.783,296.5384,50.774,157.835,306.5745,182.462,166.312,179.487,201.549,278.1242,56.9647,102.516,188.658,95.1969,297.3012,190.467,330.4572,174.111,182.407,89.2783,23.1353,173.527
451,61.3714,323.413,206.337,300.8666,99.8974,170.658,163.992,53.0812,215.238,270.4379,173.849,156.933,173.73,162.997,350.84132999999997,320.4379,68.5502,310.8765,289.6634,197.271,312.9857,271.1941,321.9451,183.506,324.8219,326.1635,302.0106,182.551,190.857,176.232,75.5985,186.012,39.2809,200.019,298.837,179.227,317.5817,168.219,163.153,286.9518,177.647,272.6821,174.206,33.9431,190.654,292.8453,169.527,306.3081,323.0992,55.0286,175.435,181.03,188.295,305.8902,179.978,194.197,59.4012,170.229,292.0147,180.769,354.25883,121.739,36.0374,260.74670000000003,127.808,50.6455,92.1177,304.7672,273.4139,289.1493,24.1582,152.157,292.2844,58.4959,174.189,304.0612,173.712,4.19353,175.791,192.007,287.3763,66.2747,95.3665,182.291,84.7245,287.43489999999997,179.913,329.4411,137.656,335.5155,97.8621,78.6064,177.203
452,63.4504,328.7856,155.275,195.154,67.8221,167.861,159.653,55.8502,207.356,93.3463,174.77,179.967,187.493,289.7143,358.08045,325.9814,73.1086,296.9875,291.62260000000003,233.76999999999998,281.6263,295.5596,320.1319,304.7407,301.9754,321.1854,311.26120000000003,175.965,165.917,189.922,66.999,186.994,73.134,171.314,327.5085,165.307,38.5347,169.867,253.398,295.0792,171.54,270.2827,182.644,28.9892,342.053,290.0723,121.355,290.79200000000003,305.7732,271.8983,156.058,70.6298,168.436,309.9717,161.845,175.631,187.843,176.797,179.982,174.825,337.16700000000003,115.353,69.461,255.86599999999999,97.4042,58.6902,108.443,320.85360000000003,274.68899999999996,297.7796,35.0493,164.52,264.3746,63.3645,180.292,309.4377,175.585,351.70947,184.31,193.249,273.804,61.1312,88.3064,181.025,111.318,309.4126,177.913,310.2659,156.913,14.5335,78.1612,96.7686,178.299
453,62.5875,321.6289,186.846,190.639,88.5523,151.07,167.78,53.1719,295.719,72.016,159.278,164.35,188.491,216.006,5.44722,309.7857,74.2196,303.6857,301.1615,177.265,303.9805,288.894,320.1944,304.9759,318.9549,334.949,302.6908,121.092,188.665,163.774,51.0551,171.712,64.5968,172.619,174.799,187.822,320.0139,159.968,14.3872,299.0827,169.604,285.5906,177.09,32.3075,332.5716,293.1119,136.136,306.5247,202.12,65.3416,144.217,219.861,156.229,307.1098,153.034,295.61490000000003,292.74649999999997,177.205,290.9024,195.407,308.104,279.2183,63.8047,256.109,107.081,133.694,85.3492,344.8316,319.5302,308.803,26.9036,173.814,202.277,73.0999,288.8442,301.8191,190.177,159.413,170.766,192.533,276.4318,50.7773,81.0233,187.147,91.2448,311.565,187.842,317.8702,157.13,172.388,87.7676,74.8777,173.169
454,53.8123,321.7731,283.5794,297.0092,89.084,188.403,42.3638,55.1991,200.638,91.2522,155.144,180.931,185.775,163.962,4.07856,313.1712,51.7018,303.4322,291.5052,200.543,302.7422,247.551,336.8068,278.6205,298.9994,324.4434,311.5532,178.386,200.216,175.224,54.4481,184.395,44.7092,182.052,182.6,160.351,38.4687,159.602,270.48220000000003,322.2046,166.263,259.765,183.804,34.7481,328.3229,254.94799999999998,103.857,298.4714,307.4157,56.632,291.3433,177.872,161.999,193.555,160.073,192.743,313.59680000000003,171.842,196.997,183.689,104.965,343.8669,74.9024,282.141,98.3602,68.9075,101.884,339.42719999999997,281.0635,287.8274,38.0816,153.362,303.5465,63.0817,288.2908,297.3949,194.468,234.793,189.638,190.018,278.2024,62.9525,87.6371,182.903,91.9816,293.06600000000003,154.73,298.8292,162.904,180.126,91.495,83.8852,177.042
455,50.089,42.3666,189.824,285.006,104.293,156.46,320.2913,73.6583,186.051,62.1379,179.744,185.352,200.185,184.745,350.56834,322.3585,60.3784,310.3751,306.3957,277.7332,314.1345,274.9963,319.7599,301.4627,307.6055,324.3374,300.5003,187.036,167.428,164.645,85.9056,161.166,47.6199,184.669,310.4763,171.853,38.6919,163.986,61.444,312.0354,170.432,254.21699999999998,176.783,12.812,327.071,283.5988,88.6994,299.2812,287.4517,77.3014,298.8003,180.791,179.171,172.225,163.186,157.286,306.6717,160.076,192.863,195.631,340.2621,100.639,78.7367,272.1304,98.1707,72.2999,105.729,333.4662,286.4832,281.529,38.3815,161.812,183.46,60.7321,171.955,337.304,193.765,192.87,181.343,180.647,297.7888,67.9247,84.7595,189.834,109.769,318.7034,162.186,290.4948,137.396,189.249,74.3407,44.4854,170.805
456,58.977,31.0522,290.438,187.322,94.1867,177.992,301.1414,64.2051,153.199,73.6351,187.318,171.489,181.971,288.6278,357.21581,200.816,75.025,296.7631,311.6931,204.94,305.726,272.4078,321.7987,303.8332,312.5289,320.2648,293.4771,186.89,191.472,189.547,73.2614,152.658,61.7325,182.773,319.3737,192.811,28.4996,181.772,304.819,277.105,161.402,244.377,170.718,37.5499,20.4277,288.9633,88.8316,298.0321,295.6595,73.2682,306.2814,146.584,173.133,161.138,164.731,158.796,267.6804,172.773,190.062,174.269,4.97359,330.1921,51.5556,250.643,103.516,297.3223,100.148,349.654,261.6293,304.9691,39.345,165.673,191.56,45.502,300.1184,313.5559,162.33,191.709,182.707,183.755,286.6417,50.9489,109.004,180.312,93.4407,296.7251,199.221,325.4622,144.229,310.8166,89.5452,287.2961,181.183
457,62.0129,341.0421,304.9191,292.8427,83.85,176.873,325.1472,62.1216,184.112,87.1049,184.733,156.58,187.97,263.1914,343.1742,306.0535,65.666,301.2177,303.9486,204.703,300.781,272.8834,325.352,304.0025,285.2817,35.2148,291.9613,137.777,209.321,173.082,61.3292,68.8991,60.3585,179.374,188.566,186.023,43.1505,174.275,171.992,299.5933,158.846,273.81759999999997,178.672,38.2484,357.47399,280.5183,106.906,295.89639999999997,296.0292,65.9444,301.8075,160.139,293.4513,164.441,170.202,153.396,308.3424,167.646,199.87,182.907,346.3985,323.7985,40.3676,266.6684,105.236,280.8118,79.3885,350.17369,289.5304,292.3749,40.5883,165.499,328.6236,74.3233,206.61,308.6444,190.39,174.83,177.354,193.395,278.14300000000003,60.6359,83.1593,188.482,88.1167,192.029,182.347,335.8593,162.822,323.08140000000003,94.4147,279.414,170.106
458,64.1432,32.9509,117.818,183.975,94.7971,166.121,299.849,64.9283,208.483,75.6663,164.142,173.039,182.452,183.377,7.11554,337.8974,69.3534,46.7738,182.586,300.5943,311.8474,266.2145,320.8648,50.4505,288.3863,325.1469,298.0998,175.54,172.167,158.646,54.12,95.3652,41.7732,165.351,310.5377,160.717,20.8961,179.786,293.8865,292.8903,162.027,267.8426,161.791,37.6019,9.15979,269.672,350.52091,297.5864,310.4748,72.6533,167.151,152.392,164.384,166.581,157.029,270.97180000000003,281.437,182.254,188.787,172.292,322.8797,324.164,35.8409,277.957,118.505,285.04179999999997,102.658,310.5395,78.78,248.292,40.1591,167.329,320.0471,66.2627,187.652,299.6466,189.03,223.253,168.953,207.2,282.7259,41.0257,103.479,189.651,85.2451,189.825,185.091,3.68645,177.178,155.712,85.5769,73.1335,170.203
459,67.2867,324.7078,290.4655,279.86879999999996,92.8482,176.769,318.1216,57.0486,201.794,92.9352,186.348,168.472,174.893,155.778,8.68134,300.3572,70.099,294.2819,312.5236,209.224,323.4351,302.7081,27.899,195.211,311.4579,325.6297,291.7413,164.532,174.144,183.089,65.4509,74.9159,58.8765,179.114,52.9199,162.105,318.7152,182.674,110.438,316.7857,190.432,269.5549,174.329,42.4938,3.10485,268.0177,93.5828,299.0016,299.1566,63.006,300.8811,174.875,172.297,160.435,174.439,163.272,291.2167,172.938,282.5132,182.269,320.2134,339.6709,57.0033,264.5914,99.2622,273.37170000000003,93.5419,313.0448,285.1705,183.236,322.8397,157.11,288.0817,47.7984,181.56,311.1567,189.89,180.529,293.2409,205.342,278.4828,165.692,97.5858,193.592,86.9757,170.606,187.96,298.4587,182.254,121.066,104.084,248.95999999999998,177.438
460,59.6618,316.8309,308.6015,290.4021,78.6071,187.272,320.0154,213.984,310.0591,78.7972,165.614,169.241,179.642,155.213,348.0758,298.17,71.8558,304.8076,307.1314,177.492,291.5212,264.6194,310.6105,309.79110000000003,314.3144,340.3541,288.4971,149.874,208.171,193.029,72.544,90.7775,59.1035,178.935,47.2785,182.02,329.5746,169.952,180.342,295.4464,194.701,297.9674,167.765,37.8694,191.224,269.0644,110.282,292.3157,244.632,59.0902,160.987,179.316,159.302,175.598,181.755,155.747,285.63,180.017,286.9634,178.834,304.0374,240.74200000000002,54.3867,253.268,82.5295,279.6699,102.062,326.8205,279.7529,288.2147,33.3524,171.561,294.4889,69.7106,168.455,306.3693,184.31,184.45,186.962,171.849,286.9433,57.3174,102.21,196.428,92.1984,180.04,164.96,323.8139,164.81,241.263,74.314,258.069,170.546
461,49.437,41.5018,181.157,278.9766,79.4328,185.963,314.6505,181.508,198.997,74.2143,164.538,182.04,185.325,171.078,11.9664,307.59929999999997,60.1728,306.48969999999997,188.525,202.354,311.7215,295.517,321.2748,176.488,295.81669999999997,327.7155,297.5929,173.88,201.108,181.145,42.4737,75.6995,81.3405,179.262,179.734,181.505,33.6778,175.061,316.0605,285.984,160.521,289.09749999999997,157.454,38.2495,18.1263,310.2301,257.281,301.7975,311.5307,55.8642,160.927,176.726,157.901,171.402,168.126,192.789,279.245,171.117,195.624,174.237,322.3969,0.587406,60.9319,272.6163,97.1797,294.4951,100.056,349.9667,260.7389,297.4413,34.4301,153.58,285.3216,73.9934,287.8075,302.4967,185.296,349.3925,184.628,211.938,292.4088,48.5396,97.461,172.046,89.3815,175.843,193.283,352.53194,172.677,7.13127,77.4187,234.635,166.437
462,62.0638,25.5384,282.8519,318.2716,82.6182,172.152,292.2978,186.105,302.4418,84.6681,198.524,306.7813,188.188,162.422,10.4356,314.254,114.548,297.2275,314.0844,187.897,310.2836,255.071,342.8311,184.255,301.4782,352.58767,299.1867,177.709,165.992,164.202,55.3672,105.934,49.5848,175.85,308.1976,163.332,41.9455,179.175,192.663,284.4246,171.914,277.4556,163.779,325.8267,27.5003,269.5774,78.0716,289.6223,288.3841,44.0109,164.415,177.697,300.3681,170.48,190.961,167.729,203.574,181.216,161.604,187.254,336.4634,340.8356,54.8518,244.48399999999998,94.0752,292.7167,103.758,313.6814,258.538,279.5348,326.1239,153.306,47.7436,49.6503,185.31,308.2926,197.628,327.7758,290.8375,196.986,276.3234,52.1724,89.7743,193.518,87.0337,171.883,198.0,311.3373,159.623,94.5445,84.5022,355.82529,175.774
463,47.2918,38.1892,154.471,173.888,97.2116,174.262,314.6402,185.796,201.095,90.8282,160.665,179.232,189.069,177.287,358.95712,293.5772,70.5435,303.1415,287.3739,270.22,323.7586,268.6555,354.58668,280.0974,298.0532,325.5576,296.579,184.592,207.538,178.502,70.4288,99.6395,58.2396,202.363,208.862,181.924,43.3349,144.263,326.0155,274.0853,162.392,264.8428,170.154,331.6055,323.989,269.05240000000003,92.0229,306.063,304.4826,65.0381,155.024,176.887,307.3172,156.04,161.882,302.7826,287.9052,158.713,186.46,162.806,19.2363,120.871,35.034,249.75799999999998,103.083,280.4307,159.682,312.1803,266.9753,294.6161,40.7753,173.703,307.8586,37.5435,168.165,297.2476,178.614,346.6274,183.216,194.18,283.59770000000003,62.6008,109.852,179.649,90.833,187.462,184.232,338.2231,167.268,139.225,68.3854,251.672,185.401
464,62.0916,37.0485,186.62,206.2,84.1875,170.606,296.2313,213.049,178.787,90.2,89.248,181.435,185.26,205.878,343.5146,302.898,139.634,304.8135,310.2534,189.095,281.8435,262.94849999999997,323.7549,308.0382,304.7774,331.98,300.838,183.376,190.403,167.304,66.8301,95.5368,49.7301,173.281,206.299,169.903,35.397,163.328,131.864,291.3424,170.418,262.7502,175.342,36.4153,359.139406,266.4761,159.952,307.9042,168.655,57.5248,299.8136,191.245,179.627,177.833,179.65,190.159,307.621,172.063,169.867,173.939,347.92,88.4874,60.8855,290.1936,99.2109,291.5218,85.557,344.4985,279.7514,283.5018,43.0938,153.385,174.056,66.222,180.554,326.5488,190.732,7.2952,189.789,216.811,288.8975,55.615,101.161,195.755,93.1319,183.37,177.612,335.8829,173.341,301.1044,75.2381,285.058,199.673
465,62.457,318.9481,180.145,168.302,87.2044,185.429,340.15930000000003,168.604,203.819,79.9237,161.43,176.639,178.943,297.8685,5.34952,298.5203,64.494,301.1246,296.7996,201.106,305.1019,262.0756,41.9474,168.641,280.1888,322.2538,303.3174,191.314,202.845,177.604,56.0034,105.428,52.1031,191.417,190.038,182.247,18.8234,158.527,136.941,293.9554,162.956,272.44849999999997,179.885,36.4723,0.290921,281.3538,105.724,258.657,212.939,50.2244,161.624,169.526,63.1167,301.6341,194.641,164.98,293.7187,155.699,272.19759999999997,183.575,121.403,273.6983,70.4504,269.1617,90.3199,288.0145,88.6276,337.2774,277.3711,272.8017,27.1273,61.6059,274.67650000000003,66.6515,156.263,294.8304,189.021,9.57932,132.278,187.414,296.1632,176.152,99.1155,191.54,98.9075,184.01,192.619,341.2159,143.913,310.0008,105.621,279.6797,179.002
466,51.4516,36.84,192.817,184.563,80.3801,166.823,322.7783,165.496,202.451,91.7757,164.778,180.299,196.307,185.226,348.3934,316.8539,65.8872,309.9824,310.6481,191.332,318.4177,281.4595,339.7327,181.24,296.8315,7.60534,288.4398,176.481,182.413,180.131,69.8612,83.763,64.411,187.839,183.022,166.702,319.4987,163.383,342.6429,296.9777,199.457,272.8692,159.774,33.034,338.6209,275.4719,310.9753,295.9673,311.0815,64.1006,160.334,152.074,194.842,302.3734,152.329,152.703,290.79359999999997,183.271,315.2105,180.163,354.22167,139.279,62.5812,267.8297,108.663,126.634,87.2253,346.4337,274.8061,323.8532,329.0453,177.107,201.269,52.6602,210.415,312.29110000000003,188.928,1.97137,190.697,190.865,301.7907,56.3962,93.7321,182.323,99.8692,188.033,153.737,331.0939,164.354,144.475,92.634,258.68,170.013
467,65.932,22.6914,194.719,283.4823,104.777,171.571,309.7426,176.958,197.881,47.096,183.717,183.528,191.785,221.692,20.1698,320.5887,284.8556,290.76300000000003,292.7589,287.0535,314.8186,308.5385,323.4688,298.9229,270.6143,339.4328,315.7066,173.939,217.682,184.404,62.549,87.6994,57.6538,187.569,310.3028,181.09,38.3793,171.688,309.0272,298.2919,177.481,274.36310000000003,151.442,36.2354,337.7477,293.1504,155.724,310.3607,320.8652,48.8742,166.655,166.753,62.1727,269.7033,171.368,175.134,296.584,175.016,265.8161,195.167,8.576,107.224,58.2317,256.901,96.079,149.021,101.294,338.6084,265.89279999999997,298.3822,32.5501,161.198,299.6947,73.6644,292.2676,301.8762,195.005,295.5078,159.562,200.198,274.3755,65.9938,81.8665,182.438,93.0071,197.869,187.359,313.2191,162.566,145.936,91.9398,105.186,173.735
468,60.6388,334.3112,268.3969,304.688,99.1997,202.548,306.4755,196.002,283.4845,255.909,162.452,177.301,183.956,302.4355,357.68288,298.2552,289.2398,293.2907,292.6953,186.811,291.6335,283.1143,328.3072,305.8696,291.3848,349.1754,298.9166,176.072,206.983,166.015,83.3047,110.723,52.5077,168.381,289.8046,177.948,34.1918,165.79,178.803,184.278,166.358,257.201,165.243,37.2893,178.254,267.4955,355.44345,301.6417,262.8973,60.4167,161.419,190.228,158.403,291.2939,175.968,300.7267,301.4511,192.568,47.9449,195.826,330.0155,340.2181,174.873,282.6876,107.64,144.521,94.8712,328.6866,271.2623,295.7308,34.7404,162.512,294.1606,75.894,286.3464,305.9291,201.026,358.4636,173.798,195.705,291.2353,49.5094,86.7952,187.347,92.8303,193.984,171.876,349.7874,177.839,170.747,81.0482,309.2836,60.4705
469,64.3432,42.0222,291.759,296.52,90.6778,181.047,276.9435,165.029,296.4354,259.723,104.828,300.1185,177.734,191.577,1.37905,305.0683,50.1668,319.4703,309.3413,178.689,298.0168,268.54859999999996,338.8873,292.3325,293.9283,345.4436,298.639,187.952,187.462,174.023,69.958,97.4857,76.0453,184.256,293.8994,185.164,36.8041,167.109,152.876,286.0691,193.135,257.332,169.383,326.1193,175.418,253.011,196.142,291.9131,297.2592,61.635,153.296,202.108,173.479,303.6774,183.7,297.5038,328.526,180.886,180.626,153.064,158.414,120.024,141.856,246.476,115.909,139.954,103.899,304.8854,285.4909,291.3297,28.7765,169.903,295.6379,58.9921,311.5932,320.6794,200.18,22.5192,172.524,204.15,284.7974,60.4193,84.7302,197.409,103.081,177.083,187.462,335.872,155.32,318.7366,70.6991,75.3187,146.636
470,65.4518,34.9015,177.547,161.752,99.0787,179.375,325.0888,177.753,190.538,256.039,173.694,299.2816,171.172,159.026,4.10129,304.5442,67.6775,311.80219999999997,306.632,303.9906,303.1946,295.2899,318.3895,188.071,290.22839999999997,336.2357,306.5072,172.614,168.967,184.855,55.2758,89.2519,46.8732,174.084,313.4943,187.767,40.0208,156.715,176.009,56.1267,179.142,262.4902,152.555,31.6522,141.847,86.6383,330.6941,296.9154,313.6925,37.8572,298.2939,163.597,167.948,299.7067,167.972,297.4902,297.1385,175.57,195.273,202.519,342.8429,266.1975,179.874,280.7953,64.6136,55.3095,99.1241,318.6835,308.1691,292.3985,319.3182,180.787,289.2439,61.5572,184.006,311.8017,178.923,347.1729,189.826,199.289,283.6167,48.1997,88.2517,210.172,91.0782,166.257,173.479,14.7157,164.688,128.771,81.6285,106.859,200.064
471,66.8076,24.6093,179.886,182.245,97.531,189.666,320.6705,187.775,201.954,84.9619,180.602,310.6754,187.557,315.8445,13.9169,321.3522,274.6011,301.0972,305.6646,195.045,286.73220000000003,264.6673,335.8363,178.497,295.33299999999997,344.0898,298.4392,188.87,173.576,170.957,60.6958,93.2071,45.721,179.227,301.0017,179.819,340.8948,169.096,338.0146,291.3146,172.464,276.7769,169.975,24.9921,177.445,259.43899999999996,75.8241,314.1775,291.5634,59.4795,169.947,153.599,141.54,297.6413,191.01,205.94,310.8617,154.734,185.625,157.45,341.0424,126.671,333.9011,265.55899999999997,97.3799,74.7675,83.2796,351.92716,297.6015,288.4565,40.0498,73.5978,296.5572,65.6454,307.9486,315.7978,202.235,4.11266,200.142,205.949,278.9663,69.3829,108.036,200.677,84.9468,185.931,190.183,7.161,176.355,248.22,89.8564,64.0713,161.599
472,54.6785,330.5015,171.359,156.426,85.5174,176.088,296.8469,172.6,188.53,78.0367,186.591,295.3146,196.852,152.485,5.51574,308.59680000000003,138.469,311.9024,279.41179999999997,169.006,310.5556,290.7075,326.661,201.754,281.7239,338.2056,295.6008,183.007,195.996,186.363,77.2299,116.818,42.651,196.79,303.9484,166.164,37.7436,170.127,173.176,300.1843,156.725,274.0532,181.27,37.0967,179.844,291.0673,102.534,298.3877,299.635,93.8864,155.557,185.307,153.443,300.0947,169.197,195.69,161.367,162.722,175.265,167.714,143.722,108.598,319.0184,261.9728,89.2587,137.32,79.995,318.9533,269.8496,300.2739,31.1667,160.355,273.3582,56.5841,303.0286,312.8744,203.182,180.526,178.023,191.33,290.3838,52.1253,105.893,186.141,97.0325,184.784,179.32,340.3405,162.934,343.5139,107.225,73.414,67.0271
473,65.5681,323.51,187.371,162.011,79.3039,171.904,300.55989999999997,182.043,281.9411,74.382,185.295,320.27729999999997,185.929,278.11490000000003,14.04,291.6912,69.9531,306.9211,291.76390000000004,181.09,301.165,293.6794,323.522,196.239,312.4233,318.9899,307.7998,174.793,164.927,180.859,53.2323,102.292,70.0546,157.056,47.1203,172.128,38.2824,166.481,138.684,310.145,154.108,261.4099,173.219,38.319,152.228,279.7201,344.9853,291.5317,284.0532,55.4874,168.468,162.337,162.88,150.347,171.948,203.966,297.2211,168.994,175.723,157.363,354.06922,351.40217,335.4359,271.64300000000003,96.6405,148.745,101.005,305.14300000000003,293.8958,311.8254,337.8348,181.041,312.4019,53.3873,313.8633,314.8414,201.804,289.7552,181.449,178.717,292.72839999999997,58.9137,94.7151,191.455,82.5278,187.461,182.232,325.8478,185.229,37.33,69.0674,90.3322,169.5
474,48.8121,23.1608,164.272,206.08,67.2458,187.436,316.6421,207.074,270.9384,86.6431,156.932,53.6099,185.782,285.2354,1.70144,273.90319999999997,50.2379,302.974,298.2893,178.569,321.71500000000003,257.178,319.3597,72.2584,310.0058,325.1297,296.2396,195.342,186.369,164.694,67.8145,95.1335,52.9983,182.373,329.5829,160.035,319.76800000000003,148.564,348.0262,286.8181,173.02,284.6742,176.517,43.2663,139.606,292.3533,98.2771,298.4021,292.0012,63.0355,181.166,165.644,195.64,291.1109,168.9,204.838,281.1279,194.91,194.885,169.716,325.2007,327.4504,321.3968,282.8507,88.1151,157.106,89.8029,340.89639999999997,59.0566,288.0591,25.1549,169.262,298.5007,37.9485,284.4978,317.2884,199.38,185.362,172.638,201.065,268.1119,58.6944,86.2162,180.506,109.418,201.475,179.244,328.4643,149.113,150.702,99.3151,263.6918,158.467
475,56.0067,35.5821,72.2472,172.541,68.6171,187.732,331.59,188.024,297.2347,80.1152,183.697,298.8766,183.602,294.92560000000003,356.13347,285.2499,69.7794,318.0724,303.8157,194.487,299.8385,270.0248,319.9658,303.9963,308.3464,330.314,324.7456,175.476,180.95,177.081,48.3741,92.2827,69.0632,163.698,315.6953,170.339,331.3527,167.689,190.426,300.4592,156.357,282.4284,183.783,33.4423,161.642,273.3905,100.266,305.5627,293.2192,67.3575,170.651,195.499,175.323,313.1925,164.532,187.095,294.0963,167.903,183.669,66.3051,322.8944,350.35742,299.4129,275.3888,89.5465,57.0641,110.343,355.58618,71.6217,294.4686,46.5345,159.085,302.3599,45.0854,295.91589999999997,305.6102,179.596,188.616,170.836,181.222,276.7623,49.4462,79.496,192.955,88.6513,177.761,168.453,330.6922,164.446,158.205,94.4407,263.34929999999997,62.7379
476,73.6043,338.22,175.087,304.8351,83.4848,182.073,324.4818,193.609,189.749,80.9394,184.262,299.2774,181.873,282.7626,1.79892,272.9662,50.9283,313.72180000000003,278.0263,194.312,305.0926,283.6143,324.5013,303.5629,302.0738,320.0926,294.4078,172.946,188.405,171.414,64.663,96.1332,56.3033,183.546,186.104,169.955,321.5025,55.6222,316.585,288.567,173.554,272.7634,160.47,26.3439,181.874,249.018,101.842,290.8703,12.5292,63.4338,160.125,173.345,315.3764,291.34069999999997,160.089,190.873,157.164,170.765,282.0168,179.057,331.2808,334.4631,320.84839999999997,268.19100000000003,83.1502,148.31,85.1317,359.215686,97.174,274.8192,35.6816,166.416,307.9394,49.3039,291.7537,312.446,185.23,7.71856,210.721,168.588,291.1807,66.2338,83.0805,197.595,90.7558,184.671,180.078,328.4772,179.851,12.2536,73.3331,283.1162,90.5847
477,62.0151,36.1178,178.073,305.59839999999997,79.4656,177.238,327.5741,181.611,200.811,85.8661,152.437,312.34680000000003,183.925,298.4268,7.09018,280.3514,62.3482,296.7639,313.486,160.58,307.1535,281.2844,323.7562,296.7217,291.2563,38.6449,292.19870000000003,194.819,166.269,171.279,64.607,108.839,62.8098,192.093,169.812,192.291,331.4416,59.2189,342.072,282.8841,159.81,266.321,162.69,33.4637,11.6554,266.5295,162.473,306.3535,291.5948,54.6466,162.867,173.372,167.459,313.78589999999997,169.541,202.223,175.916,160.4,175.154,179.348,344.3423,284.1592,291.1909,271.41769999999997,94.3261,122.227,99.2129,341.478,70.0004,289.711,28.2517,160.746,277.9533,64.1041,197.821,325.5725,182.024,342.0895,191.693,186.45,282.5643,51.7505,90.1869,199.542,83.8669,183.964,180.939,312.2294,148.705,0.925528,79.8369,254.72899999999998,178.182
478,69.2551,30.666,197.9,46.2975,72.8485,159.921,306.811,185.641,300.8603,68.5113,187.422,6.43383,181.942,282.3998,350.71259,281.9012,40.1869,305.9035,310.5725,183.688,314.3172,259.884,333.1408,165.57,185.333,334.8893,277.0274,186.097,188.332,179.98,56.7979,81.9905,51.3029,169.725,24.4942,186.23,38.1874,49.2532,131.285,197.915,171.27,289.2665,165.815,35.3102,154.71,284.1922,75.743,314.7268,292.5362,72.5716,285.0634,149.497,186.195,302.5791,164.219,161.07,289.4046,157.799,175.026,193.124,341.4393,13.638,326.6402,265.8016,105.872,160.367,99.6058,334.1785,58.7958,183.025,37.0579,163.831,204.172,42.9456,208.7,315.7759,198.043,7.75309,189.984,195.241,263.06100000000004,56.4969,86.8439,201.693,87.268,180.693,169.073,302.4088,156.63,328.3391,89.5557,246.719,185.968
479,76.6918,319.9892,177.008,178.08,72.1893,168.461,295.0906,183.554,305.2452,70.2607,159.509,321.4654,181.209,271.9407,340.8179,277.5177,140.771,290.841,309.1796,187.425,302.3544,291.7839,315.7914,305.1145,311.1862,39.4778,291.7703,183.246,172.242,175.155,78.6761,79.2864,69.3484,213.145,312.5027,186.481,30.513,39.5996,156.704,298.2137,172.279,268.5672,168.016,34.3201,145.425,263.235,358.95821,302.5127,299.3118,148.877,185.864,167.621,155.278,322.6852,173.683,173.197,256.969,174.335,300.4603,163.143,338.3,164.334,312.3118,244.05,85.9741,142.893,105.99,312.8211,100.204,299.3246,40.5442,160.892,173.216,45.6749,289.6114,322.34770000000003,193.368,8.58321,178.675,186.662,287.6626,57.8142,77.8517,188.132,82.9176,184.159,182.363,324.2869,157.844,343.0536,110.217,277.5212,186.063
480,52.3922,23.7473,290.6816,189.463,81.6656,170.555,185.333,190.482,161.094,57.9884,163.823,302.5925,173.479,282.4022,17.5858,278.86990000000003,67.2425,314.4054,313.1655,170.854,313.4258,273.696,322.7083,178.005,313.3841,341.1022,280.5221,193.429,197.528,171.363,62.5488,106.44,40.7592,165.946,192.88,176.09,321.5603,59.7554,114.214,297.2982,203.654,265.14549999999997,155.295,40.6397,174.183,75.7966,93.5176,295.3818,307.5802,58.7014,170.774,179.317,157.626,317.7828,176.749,279.15250000000003,181.666,186.286,178.067,176.501,115.349,312.8504,305.49490000000003,252.23000000000002,77.4741,147.904,93.2508,331.5631,65.7002,296.4466,38.4956,180.383,195.338,56.7706,285.1324,287.322,189.627,355.38373,173.533,204.093,285.8605,62.5925,104.502,184.165,75.2869,297.8902,182.711,322.5427,174.553,147.362,71.2123,82.5934,182.202
481,58.1642,315.7261,179.091,174.027,77.4034,181.674,182.96,167.889,204.148,85.093,155.497,318.23720000000003,162.12,283.6001,358.05073,286.9083,64.3531,294.4235,287.6788,150.428,197.636,275.6638,38.8731,183.662,283.1779,40.3917,319.0701,180.476,185.712,171.559,77.4889,104.471,59.3993,201.511,293.2177,174.459,33.3483,59.4439,14.4862,287.4983,171.438,265.04449999999997,169.267,38.6246,168.53,296.4697,359.9800112,297.0767,278.9445,67.8307,308.9621,189.53,308.0487,295.9889,172.327,175.013,301.5945,44.3261,73.3742,178.036,326.7199,327.326,186.403,225.774,88.9151,76.0291,91.9805,353.84595,310.7572,295.8772,321.9377,163.725,193.419,74.248,302.5369,309.1575,185.567,353.44204,173.411,167.685,295.62149999999997,58.0568,101.785,195.246,82.2903,48.193,207.62,327.2556,159.807,178.01,96.3625,256.007,163.778
482,75.7193,30.6613,173.477,159.831,91.2639,185.872,298.9883,174.506,182.74,74.5892,169.849,288.4017,191.508,270.1798,354.29325,279.5771,74.0594,289.5793,287.3046,165.262,313.4645,271.4463,334.2536,181.141,269.0315,328.1508,311.2856,189.824,185.017,188.27,57.1641,88.5755,39.9787,175.454,314.7667,162.251,320.0396,64.7573,309.7468,306.8704,172.691,267.0668,192.84,32.0383,183.012,285.08050000000003,108.724,299.8214,174.355,278.9511,73.7923,183.025,143.625,312.943,160.413,163.992,288.0615,55.2383,317.6096,176.832,112.725,3.49892,189.337,258.187,98.2838,99.5262,97.1965,322.0758,270.9135,268.0111,41.5515,155.754,181.642,56.926,203.164,311.0609,186.271,299.597,169.396,176.309,296.8414,53.6366,98.5137,172.5,95.2662,56.7672,176.379,322.9352,148.972,131.013,81.2727,275.4973,74.9293
483,60.5994,45.1284,185.259,296.3929,48.1599,176.995,54.2085,297.0713,201.168,68.0504,195.455,276.2854,178.811,293.1658,351.50249,276.2098,53.3649,305.2212,294.212,193.196,306.6981,284.0034,318.2938,300.77750000000003,310.1949,322.4282,298.029,191.877,198.132,171.624,55.2308,138.857,76.2847,190.832,294.53589999999997,169.971,34.9957,74.6433,353.47438999999997,310.855,183.12,253.406,195.88,31.8224,199.436,269.651,108.634,322.2084,296.8084,57.3972,261.33,191.497,173.857,298.1999,175.176,185.907,272.5725,47.9617,320.7575,173.44,24.0616,93.166,178.917,259.896,112.037,61.2672,78.0711,338.5113,298.6674,290.6619,37.3306,177.007,148.453,64.1046,272.38710000000003,312.5133,203.11,193.658,101.852,183.363,302.7566,59.0216,78.2988,203.416,80.8443,176.19,174.144,4.57613,158.536,341.7832,79.802,189.709,148.887
484,55.6502,317.0615,176.19,288.9688,90.779,166.326,64.1203,293.2181,294.7241,254.76999999999998,99.1173,282.3915,191.474,280.3387,344.5777,274.1012,67.7946,290.8865,320.2491,179.921,321.3447,266.5668,328.3489,189.937,304.28589999999997,333.4966,306.9316,190.601,191.519,179.429,70.2283,184.726,61.574,188.9,285.5561,167.89,33.5025,51.4907,311.826,281.0235,183.538,280.2021,176.794,31.7297,172.31,265.1003,101.724,271.4212,296.27,68.3683,272.0786,175.004,161.591,306.795,183.891,140.034,316.5179,56.8943,304.0461,70.0524,335.4042,3.19162,172.769,269.8128,95.8301,72.0914,85.008,349.331,279.9416,297.1571,325.4623,177.228,178.083,65.313,282.7974,299.5893,189.374,192.428,182.321,176.115,284.7255,286.2998,86.7537,163.89,77.1156,186.68,190.65,328.7965,157.862,107.456,93.7305,251.334,178.402
485,55.4312,38.4705,189.489,312.5615,85.3219,165.865,59.0972,306.9157,181.454,252.417,165.519,288.89639999999997,186.847,284.7288,11.4794,275.0319,65.8953,281.74490000000003,308.429,190.516,307.0724,271.54269999999997,325.8184,315.2874,307.1196,341.4404,298.0154,199.463,184.452,153.92,76.8651,201.586,52.1556,163.624,301.7271,160.35,42.0381,84.5945,312.9009,292.6221,173.004,260.0258,164.802,30.9059,155.917,269.30809999999997,139.548,297.1313,289.3674,52.4021,271.1309,202.887,157.971,307.83820000000003,175.329,43.6254,306.2476,56.3407,300.4683,168.436,347.552,118.066,188.008,243.289,80.9475,62.342,93.512,343.9826,264.24469999999997,300.805,40.2107,60.124,186.67,55.422,180.84,305.58,188.805,20.4545,186.129,185.748,288.84090000000003,282.24760000000003,106.167,168.453,85.5409,198.041,159.106,282.4385,169.159,334.384,98.4787,286.6806,179.153
486,49.9872,37.3628,178.66,179.983,78.1245,190.873,305.3713,289.2328,202.114,244.201,194.029,312.6589,189.568,273.5535,340.5283,275.4767,80.4456,296.635,305.4423,158.932,298.9745,276.2626,334.7048,292.1636,307.2866,327.6416,317.0928,182.66,193.677,173.882,53.8169,202.071,50.3825,166.884,297.2271,167.352,45.9247,52.5061,122.263,303.8232,165.243,263.6402,192.984,26.7165,172.57,281.8044,100.114,295.8558,305.8043,83.1399,101.211,181.427,174.59,305.2974,184.88,70.3673,300.5064,58.014,301.1232,180.581,347.0372,303.3845,175.118,247.131,74.093,178.212,113.811,325.0405,268.895,305.4261,42.2882,172.842,307.7952,69.1941,198.951,304.9261,187.893,201.358,186.453,195.314,286.3272,69.4391,87.4538,183.451,85.8429,193.99,164.605,302.7168,164.464,312.6412,76.6708,295.7113,181.934
487,49.1393,30.8815,180.032,199.259,93.1988,188.986,339.7242,296.9447,288.6261,257.823,163.472,293.7287,180.046,302.0801,342.5035,272.558,153.047,295.0034,308.7097,179.835,295.2928,273.0349,323.7728,311.7521,294.1846,326.4148,303.7876,184.094,183.749,161.049,65.1178,177.828,50.6912,197.566,299.9793,176.493,31.8625,68.6188,173.354,290.2968,175.76,266.039,178.241,25.6049,191.234,274.2536,334.8209,302.9216,272.3949,141.515,101.294,183.8,158.554,316.0124,199.25,64.8975,298.4854,63.1304,295.9764,189.737,301.6508,8.12553,197.099,269.3295,99.0148,135.299,99.3228,301.9986,277.7847,299.261,42.5708,148.616,320.5691,68.3885,192.622,309.3623,177.011,194.944,200.609,186.408,309.3623,62.181,90.4933,182.175,84.6598,171.122,183.067,282.956,152.586,29.6569,108.309,213.866,178.176
488,73.1641,320.6721,291.0243,294.0809,84.7372,202.756,334.1009,307.1793,304.5547,245.966,153.003,183.046,189.739,271.6179,358.14559,284.2941,274.0936,297.0778,303.5578,157.917,272.3405,293.8048,324.7207,293.95050000000003,309.5315,333.057,294.4557,185.032,191.96,175.906,78.5673,187.877,34.0845,182.986,313.2665,181.336,4.59405,58.9055,173.816,301.1077,179.713,271.0437,187.437,44.9888,107.533,301.3522,114.58,317.8856,300.7059,47.9656,55.5975,195.357,163.343,277.6912,169.223,58.6996,275.5682,50.5511,180.343,79.1544,144.735,128.029,316.19780000000003,230.236,82.3556,63.9979,97.6063,333.171,274.2758,291.0009,44.611,136.617,208.413,78.3697,187.126,307.0621,138.137,13.4612,207.172,180.604,301.4183,51.881,91.9545,185.289,77.2139,180.7,192.164,297.353,168.044,80.771,94.2852,266.6794,176.432
489,52.2856,41.7704,204.016,305.46,75.0342,173.754,308.5757,306.7592,295.3513,262.7102,191.633,297.2277,182.985,157.581,352.66854,288.7454,163.484,306.11,298.8576,202.022,322.5908,274.0672,326.638,290.3525,300.2129,339.5168,291.0626,198.703,166.737,172.633,68.8702,117.253,49.6934,207.738,306.3212,155.112,22.6217,67.7098,287.6615,281.6132,169.017,269.1643,168.685,27.7197,134.944,272.6436,87.6314,294.0023,305.1855,71.0965,84.966,194.702,156.108,314.0403,206.376,46.9489,210.297,58.5674,303.3576,197.09,4.27134,123.988,319.4638,279.8598,124.064,70.3531,177.914,330.339,71.8877,290.0089,29.2255,186.456,180.303,51.2356,263.1891,302.3651,189.063,14.2851,203.017,173.976,277.9603,61.1375,98.9486,197.618,85.976,174.466,183.222,341.4294,178.442,312.6163,85.215,283.4467,191.475
490,35.0499,34.6408,293.6115,274.7445,90.0247,186.27,341.53,296.7755,283.34069999999997,260.9783,84.4885,188.513,187.715,277.23609999999996,3.87967,289.7657,75.7056,72.049,288.07439999999997,175.094,191.018,283.2891,34.2753,300.83820000000003,306.757,334.9354,317.1406,179.675,183.827,172.092,57.4459,197.29,48.3527,171.103,305.2677,182.685,325.6581,66.4526,161.885,303.0457,183.194,256.994,171.809,34.6701,143.34,271.275,118.662,304.8633,311.2424,38.5133,52.6572,175.46,187.868,305.50419999999997,166.714,48.455,284.8877,51.6063,304.0463,194.508,335.1715,346.5045,299.0202,260.6964,113.907,48.5228,181.64,290.22159999999997,236.19299999999998,294.3372,18.2618,72.018,300.3429,36.4409,275.4269,304.6561,174.255,354.02234,179.222,189.68,289.127,53.8011,94.0477,190.846,103.4,186.81,179.767,314.6048,168.753,339.3172,95.7542,293.22860000000003,177.093
491,63.0533,30.5126,179.314,298.2143,90.8437,177.972,296.93399999999997,156.602,301.2308,254.851,181.407,190.492,190.976,200.297,15.392,286.3945,137.936,61.2153,284.8547,188.066,327.5168,274.2661,317.7165,305.0769,299.2355,42.2567,305.0325,156.725,206.127,174.523,59.6869,203.448,59.4161,188.964,305.1851,183.314,32.9284,61.0394,147.844,293.3423,188.781,269.8104,180.903,28.9577,350.89138,268.4869,75.5297,288.7804,295.6014,56.6541,50.9292,178.187,171.075,302.6458,174.697,47.5399,316.8635,64.1323,303.7266,186.211,306.1929,134.595,321.0247,280.6791,96.7887,58.0387,161.658,332.0462,275.3399,284.5828,42.4023,168.138,292.9775,89.1347,304.141,303.0355,188.251,11.0703,155.142,195.071,289.6361,57.4591,101.754,181.593,107.092,162.442,195.307,319.8098,149.058,140.209,92.2285,290.0376,165.679
492,63.3096,33.7446,179.556,282.9521,80.5224,196.917,54.6662,176.796,294.9295,248.378,158.107,157.024,193.914,271.0162,15.9939,285.0022,54.0013,77.1761,290.6307,183.553,318.9766,251.36700000000002,30.8599,296.9928,296.1819,25.1278,281.6376,183.241,206.126,183.992,66.9516,209.925,49.5199,185.219,299.4735,178.757,41.7236,167.108,37.4214,298.0725,190.121,287.1743,182.009,23.7346,6.77523,266.8578,113.286,290.2754,288.2217,64.7653,259.755,179.085,178.121,298.4598,182.483,191.359,171.306,57.7758,200.822,189.732,116.938,299.5249,306.9583,275.9394,91.3759,62.3112,92.4447,354.54012,261.59180000000003,290.7116,328.9613,175.577,278.9792,36.9558,188.592,316.9846,187.691,335.0005,179.326,166.419,277.877,60.7227,75.7401,187.851,101.146,199.274,167.642,335.3,165.966,299.1889,74.6058,255.822,169.587
493,55.0616,29.1807,249.942,304.1613,54.8607,190.292,333.6489,206.742,308.3855,258.692,87.2776,178.891,178.668,283.6578,352.86918000000003,286.7366,74.1942,302.6294,306.5845,197.723,311.7632,275.09590000000003,36.845,289.5681,305.8075,326.5565,308.0655,180.07,201.568,189.084,64.3006,196.633,67.2934,188.121,294.568,165.173,41.86,160.091,332.3583,165.206,177.377,258.469,167.553,30.8092,345.5437,280.9415,71.1905,298.53340000000003,309.1894,67.1713,165.505,154.533,166.424,306.3902,191.06,162.396,310.6956,148.185,325.3928,174.978,283.4703,98.7707,303.4575,280.0281,108.19,72.0127,109.125,1.06847,279.474,300.4374,35.2615,66.0546,204.594,67.8879,258.553,312.65409999999997,188.691,7.52688,187.883,182.636,272.4358,74.349,67.1195,175.31,102.197,180.891,191.795,283.0996,155.199,2.85481,87.6732,282.9809,202.123
494,66.1185,317.63,198.287,297.999,73.7865,195.491,299.4512,175.661,174.816,275.8304,165.008,313.8645,168.527,270.0443,7.59463,283.04269999999997,144.874,320.6497,309.805,184.524,318.2086,283.498,324.8088,305.6318,279.8467,339.3268,298.4961,197.035,202.551,167.441,47.7895,204.034,71.6486,188.113,297.2846,180.769,331.6306,180.087,177.322,288.0285,188.805,267.6707,182.271,33.6632,167.465,93.6716,132.035,294.2077,309.7409,36.9427,178.74,155.43,160.296,288.7047,182.363,156.213,298.019,161.535,288.6551,179.418,113.44,353.88453,293.7921,262.1245,87.2681,56.156,95.4102,347.5835,281.4521,304.5973,24.8615,165.032,177.827,55.542,191.758,317.3327,204.983,359.061925,171.57,186.87,271.733,166.608,79.0869,164.255,91.5353,166.804,167.944,266.3252,181.035,331.0541,94.9949,290.2739,162.877
495,61.7106,323.9739,158.212,300.9672,90.0042,179.802,302.3326,197.745,291.5511,255.11599999999999,175.142,179.945,174.367,277.4951,10.029,286.1587,50.9016,316.0747,297.363,200.474,309.5052,253.382,326.0317,291.404,303.2518,332.2427,291.77840000000003,189.008,198.491,163.313,60.665,177.99,65.292,299.7008,294.4327,195.218,27.8302,174.148,342.1435,290.4139,171.174,278.3895,175.782,35.5194,183.84,283.74739999999997,8.88549,288.8035,313.371,89.1861,83.6109,174.361,168.696,313.8062,187.741,168.471,166.675,175.692,188.305,173.362,212.622,128.681,349.9461,258.593,94.7145,70.3162,94.3797,316.527,293.6878,286.3669,34.8136,154.14,324.6724,64.7804,287.60540000000003,299.5137,181.867,11.6358,188.065,198.286,289.1183,47.3408,102.633,176.907,98.2983,172.771,149.367,278.4557,164.237,284.0864,90.3935,255.73000000000002,193.382
496,52.468,334.765,283.7839,295.3624,59.1264,169.426,293.7538,197.634,193.805,255.75900000000001,189.936,164.188,196.729,182.387,25.4563,273.9955,60.807,293.2958,288.526,169.695,191.352,277.6219,332.2788,303.1921,278.72360000000003,330.09,300.2639,176.579,195.724,180.019,60.9688,187.235,57.5657,156.9,171.045,178.425,26.4509,165.571,28.3322,309.8984,206.061,276.0477,180.4,1.16081,173.012,298.6669,226.396,302.83050000000003,287.0778,274.1128,150.196,183.739,182.075,309.2114,141.051,160.048,293.5635,153.024,172.557,151.712,355.46662,100.698,308.8119,248.683,101.781,145.623,105.221,336.3088,287.8666,298.5762,330.9836,179.717,322.7841,76.3863,198.312,311.4892,182.272,18.7019,193.806,182.309,284.7104,63.2675,79.7234,182.476,105.65,184.643,173.153,326.3989,169.092,2.85377,86.3567,258.093,166.275
497,62.8793,338.4758,187.676,309.1374,76.0077,182.063,311.8209,181.711,291.628,244.289,82.3759,180.125,188.527,243.287,0.0791309,291.7405,143.465,293.5846,323.7654,181.637,176.571,277.0405,326.6919,305.4704,309.31510000000003,328.7127,305.8687,172.956,189.437,173.493,58.6538,184.911,44.8774,81.4007,171.608,178.113,34.3788,168.142,341.5786,301.6704,173.808,271.1379,171.54,43.4017,136.57,284.0544,173.17,302.4271,298.00509999999997,275.3654,89.2298,184.851,160.994,315.626,171.669,156.784,275.5069,201.378,297.9409,181.654,341.7225,85.4047,314.023,268.2808,112.16,140.771,105.384,321.85,260.6359,310.9149,31.9727,165.225,176.415,53.4062,292.121,307.6401,183.696,10.3058,181.252,178.125,285.4658,69.4022,65.2466,180.482,89.1658,179.617,197.625,301.7,160.495,153.205,88.9721,291.5379,181.398
498,60.818,34.637,304.4464,299.7684,83.5547,172.796,316.9374,188.052,201.807,261.5715,178.538,282.6728,181.205,263.6819,5.60732,280.7652,66.3516,310.4878,292.7047,173.929,166.816,290.57259999999997,320.86379999999997,266.66089999999997,307.3387,328.8992,285.7117,181.534,183.484,161.181,58.2219,158.902,68.1814,180.428,63.1702,169.716,30.3912,159.105,341.5778,301.9681,157.322,274.0786,179.724,45.8342,170.35,299.892,109.262,307.7222,312.7383,271.6513,91.6813,189.745,173.83,306.5173,191.655,162.223,171.046,166.051,305.2461,179.291,336.5936,118.811,312.6648,262.7107,105.881,137.549,98.3374,7.70023,270.8124,303.3428,42.3594,163.377,303.4836,52.0661,320.0949,317.7406,201.737,345.6681,185.322,192.995,287.3039,50.7082,94.4033,199.102,72.5607,183.893,152.443,311.6409,169.385,330.6945,89.6896,246.752,204.686
499,57.5399,38.3448,182.601,309.3472,79.9917,160.045,279.8725,185.482,286.3619,264.7099,179.564,299.7876,185.425,295.988,15.915,293.00239999999997,76.4946,298.5501,284.3465,153.816,69.9914,289.5602,326.794,302.7546,295.9026,334.6733,307.8951,189.046,209.201,174.613,58.3023,143.332,45.2014,197.511,307.7886,186.302,32.1176,163.117,347.0902,285.017,195.905,282.7278,173.381,27.8995,189.365,270.4753,182.47,305.6596,296.1185,262.5872,71.9836,168.027,167.917,305.8947,195.715,198.422,277.6403,175.652,299.7366,163.016,352.13404,287.06759999999997,300.0495,261.2047,104.78,164.966,103.374,349.3534,280.4891,288.9142,27.5985,64.4691,220.851,55.2631,168.016,309.4855,188.155,175.224,180.007,185.569,297.4932,70.6729,91.5711,182.293,82.635,172.159,167.531,306.4936,142.986,324.3364,74.2115,293.7961,170.552
500,50.8556,314.4413,65.34,294.58050000000003,94.8276,171.875,306.15229999999997,258.61400000000003,266.26009999999997,249.922,172.009,299.4501,184.067,274.4103,354.95261,285.2767,148.298,296.6817,310.944,177.629,182.27,274.574,318.9664,288.4595,290.4405,329.1842,297.4653,187.765,167.739,191.837,43.8855,103.157,47.6855,171.947,307.1483,167.038,33.2592,170.723,353.72053,293.9125,184.754,277.3802,173.12,33.3376,156.703,270.75239999999997,100.96,298.5722,304.9692,281.9201,104.975,172.145,182.106,308.8637,149.218,153.316,285.3823,171.267,280.0309,172.733,330.2348,97.0024,344.0977,252.239,101.041,154.977,82.7572,337.4109,250.477,291.1703,33.1079,165.974,301.7099,78.6349,201.609,315.4242,190.783,190.661,177.406,208.711,278.0892,65.4786,101.367,180.422,91.5397,179.963,187.672,292.7011,161.342,138.208,68.6438,280.9749,61.2698
501,48.938,332.4207,55.9823,291.2385,91.3597,163.34,300.5691,175.999,185.951,249.363,183.462,297.00350000000003,180.451,283.4027,345.2804,291.2845,88.0629,317.9239,284.9878,171.517,212.518,280.5127,324.3649,301.5023,284.4945,336.1022,297.964,186.533,184.868,184.292,77.6023,95.0135,41.0384,188.86,303.8044,161.924,37.601,158.828,319.1427,304.8439,175.464,278.5828,173.312,39.2702,164.778,246.994,91.3629,306.3098,276.3515,271.5356,90.8352,178.023,138.549,295.0998,159.403,168.952,291.4137,165.895,197.387,173.244,314.6288,332.4121,292.29470000000003,295.8751,104.632,160.431,86.0855,305.7263,256.44,281.7065,39.772,167.545,273.9889,68.936,186.744,284.1927,197.668,182.512,190.993,193.132,309.9922,64.8359,86.6142,167.753,85.1481,194.401,183.948,324.3216,160.109,231.441,87.1753,270.9279,175.497
502,46.6726,337.7726,193.125,240.897,90.4742,204.337,188.638,289.2471,183.493,230.62,253.44,285.8537,184.487,281.3005,4.71306,282.4284,75.7241,302.8205,302.853,194.431,307.76800000000003,275.4051,319.8957,293.7709,303.4879,333.2752,287.73,174.273,171.956,177.366,83.3321,179.594,49.8947,193.591,299.6137,154.679,41.9963,166.658,342.6337,289.1706,169.178,249.34300000000002,169.848,27.5638,161.246,330.5678,104.599,301.8242,330.0808,266.9676,96.7474,112.691,189.922,301.4412,170.384,173.593,282.86289999999997,173.332,280.0913,179.876,320.7437,116.516,282.5543,276.8614,101.535,178.605,94.8318,320.3932,262.2258,287.2488,30.0002,176.532,281.2789,66.3787,280.4299,314.6804,197.36,166.898,183.772,197.622,280.02070000000003,57.731,60.4224,162.759,90.9733,196.644,184.131,327.59839999999997,150.27,165.531,95.2646,283.8444,162.906
503,60.0873,325.5528,190.721,188.135,72.5703,173.065,317.6637,167.697,292.7915,226.961,191.491,307.48109999999997,196.941,195.175,350.00444,260.4922,66.8779,295.536,287.9704,205.965,316.5741,265.0738,309.8331,302.07529999999997,294.8445,328.4781,303.9471,190.874,166.006,181.601,62.7588,133.651,61.023,302.6961,304.3535,156.816,42.4674,155.402,158.615,300.6459,172.18,283.6064,171.761,44.1744,176.579,294.7161,123.384,292.6372,196.448,270.2974,115.744,171.472,181.127,317.4375,177.082,166.296,301.7165,179.088,182.962,196.048,347.2023,292.8567,312.4123,257.347,126.532,141.297,104.464,342.2122,262.0847,282.507,329.4416,163.399,302.9668,71.1088,293.9518,299.961,178.736,176.452,191.528,181.701,274.5478,62.0904,89.5579,182.612,72.0281,300.0832,181.226,350.51402,180.063,326.4227,98.5578,275.1308,182.259
504,74.2637,33.5082,173.71,180.187,88.5348,199.527,285.0883,47.7633,186.499,270.09929999999997,211.148,175.37,188.908,172.013,358.18908,293.2664,71.7063,308.3221,292.9075,193.435,311.2981,256.879,326.299,297.8714,305.5057,337.772,307.8291,170.696,175.488,164.629,77.6688,197.519,47.4564,156.554,287.7354,183.128,32.734,169.345,349.7801,289.4119,190.408,267.1297,169.327,41.1906,352.10836,279.754,334.4276,300.9951,292.1914,56.9408,115.096,156.155,182.201,313.8286,183.345,52.1404,285.2836,186.264,175.91,161.255,335.3757,122.133,304.6243,265.5662,127.961,62.4369,93.8797,326.4432,286.6067,296.2794,47.4302,70.2917,222.225,82.6488,289.0901,314.0235,194.516,182.551,179.706,158.85,297.3217,70.7165,86.3493,194.065,107.394,186.018,175.29,285.55920000000003,170.467,188.451,99.8069,269.3754,178.494
505,59.3591,42.9465,284.67359999999996,289.6359,94.836,202.211,61.124,53.4449,281.89300000000003,241.32999999999998,197.82,183.84,179.696,60.9745,13.3196,299.4496,277.1282,291.0976,307.6089,208.791,329.1205,275.9675,319.6375,183.166,307.97180000000003,331.4418,300.6339,173.769,198.228,174.215,65.1576,178.757,43.0198,196.965,311.3857,171.06,35.7439,165.298,1.18824,283.4304,145.687,259.106,169.162,38.0024,341.8476,274.3821,101.421,296.8956,302.8215,72.0697,147.783,187.271,169.1,285.9769,160.156,37.1089,333.2563,183.082,178.424,171.754,345.6192,233.07999999999998,313.4977,275.21569999999997,89.6097,159.317,104.449,346.2308,288.121,295.9299,31.4732,274.4273,280.6959,58.1535,287.7771,304.1004,187.021,198.17,205.154,190.197,296.0234,63.4048,81.5256,179.123,90.9233,210.41,192.969,322.4375,157.497,141.711,76.6524,290.8384,171.794
506,66.977,314.3427,290.95029999999997,185.727,83.2624,180.996,303.375,63.248,204.501,241.45600000000002,177.544,177.706,190.84,178.423,359.282021,278.6382,148.664,284.06870000000004,294.3514,226.639,188.733,276.85699999999997,314.5917,166.42,302.0353,324.9886,276.1933,184.657,179.059,182.051,58.6383,181.083,53.6356,181.666,304.657,162.293,41.9661,60.1615,159.893,291.5195,167.962,278.0373,167.407,39.0956,347.6533,270.9492,259.324,298.4163,302.5713,59.181,105.609,183.911,302.2764,311.0045,194.658,300.7893,280.99,149.947,60.6199,57.9865,359.149023,328.1252,311.9154,257.223,74.2995,67.5199,120.025,319.1758,290.7241,280.8498,29.7137,166.136,320.7829,74.7934,290.1209,310.245,186.304,181.39,188.468,173.669,288.4312,65.4834,96.1812,184.907,99.7206,224.682,174.056,324.51120000000003,183.445,334.2903,69.2483,266.2127,178.805
507,68.7782,40.9774,188.572,295.6897,88.2817,182.474,313.3618,60.0032,203.053,251.446,175.555,184.34,189.209,187.471,18.2478,188.987,58.0955,301.5486,298.0443,194.484,307.0829,267.5502,35.016,295.0023,304.6174,327.272,299.6768,170.297,179.106,175.994,60.383,205.316,55.238,178.785,309.2631,168.146,41.8307,64.2589,70.5881,298.4294,181.277,276.5234,168.638,33.5256,313.3178,298.4695,247.3,294.4296,279.8752,75.4685,97.0276,167.406,274.2654,307.7899,159.873,177.329,286.3606,62.608,38.9262,179.175,287.4067,1.50276,315.5044,275.94,78.4716,172.422,149.824,291.5356,271.014,286.9997,42.8191,168.065,321.0298,76.9114,191.359,312.8056,182.625,1.79608,189.056,202.021,286.1027,62.1265,85.5315,185.211,96.284,190.74,154.442,337.4373,168.569,349.2965,87.0706,272.5003,158.225
508,68.0275,319.4646,179.812,74.4048,71.8627,187.479,320.6986,90.3381,305.8513,251.87099999999998,189.787,172.529,185.197,168.259,359.859691,154.635,50.9239,292.52549999999997,282.742,184.407,328.249,277.43309999999997,322.2146,300.7944,301.72950000000003,324.1193,291.9288,189.885,174.358,178.117,68.5104,197.867,59.8161,174.099,312.9403,180.418,4.05042,72.4261,325.652,301.3016,152.041,245.511,200.184,41.9099,317.3806,278.7992,221.828,294.0464,303.7432,146.999,96.6837,175.182,307.7712,301.97090000000003,164.855,178.785,279.4181,61.1462,53.0956,169.116,351.12762,45.7372,281.3828,264.6538,108.104,148.607,98.6291,326.2731,275.2473,286.3953,26.9776,56.767,298.9972,67.5781,255.179,295.8718,168.835,2.03367,174.803,182.073,298.7531,39.6686,96.1114,181.835,97.9973,184.529,187.173,321.8219,168.146,164.937,92.3483,246.301,147.448
509,55.7129,332.3517,261.6436,187.704,86.4864,195.398,314.0619,56.8383,216.662,234.003,172.441,185.122,183.238,144.02,358.07433,249.60399999999998,57.6835,313.8313,299.6549,168.221,336.1246,269.1409,324.5865,303.27570000000003,299.6014,328.9229,310.2471,187.175,193.704,167.069,56.3501,206.645,62.7612,182.374,301.5066,180.711,42.6989,70.8899,341.294,321.1639,195.961,258.457,167.641,38.3388,160.419,284.6588,91.9361,297.9714,285.9058,83.0193,109.261,179.391,164.527,170.239,178.955,279.38620000000003,300.0096,55.8043,191.134,148.948,340.5386,1.9364,315.6937,248.154,97.5034,90.5338,96.2893,337.2396,282.0388,268.5403,351.70936,155.494,322.0428,65.2258,289.4649,310.4282,191.636,8.62823,187.136,190.354,276.6106,43.6118,108.068,190.92,85.3997,191.692,187.957,328.844,143.282,153.136,79.1369,285.9843,80.1211
510,62.0892,321.0947,183.537,195.584,74.6558,175.242,58.4662,197.753,208.167,264.2378,173.553,313.6014,191.143,71.8005,347.9487,302.0004,47.1692,298.08,287.13800000000003,176.513,299.3664,274.0862,321.7032,172.09,311.6663,324.5412,301.1453,165.593,187.964,176.6,61.9181,201.951,57.8226,173.278,305.1725,172.403,332.6917,55.5366,144.934,296.263,176.017,249.70600000000002,173.731,36.2846,171.122,274.8852,149.756,283.6576,306.6234,61.7419,106.897,194.715,154.183,171.959,192.991,280.4152,295.4873,48.2229,180.057,151.977,347.14300000000003,12.8265,308.214,287.27160000000003,95.0124,68.2326,111.004,321.0044,284.21299999999997,303.4575,326.6004,151.801,286.8509,75.4584,283.7737,299.8833,202.221,354.05862,190.265,178.807,286.1244,65.9335,85.719,182.424,84.5077,184.744,187.027,348.8058,167.813,5.83474,101.802,277.1452,187.866
511,63.3433,15.7952,326.2214,281.9495,71.3994,188.592,43.5832,283.4141,200.276,255.84699999999998,187.541,289.36310000000003,175.182,162.597,10.7974,269.6938,171.066,290.9129,321.301,185.184,315.1553,277.3962,32.739,293.2178,314.3752,323.648,291.3166,161.506,182.304,167.276,65.7636,186.627,63.2527,162.723,304.4554,166.066,45.5987,42.3441,163.994,298.5223,183.689,268.5499,171.792,30.9871,174.711,273.915,127.674,275.9444,294.6862,55.2977,114.227,173.727,171.106,169.797,159.334,284.6958,290.4026,50.0995,314.7475,172.864,19.3405,330.4306,317.0327,263.054,109.364,87.6793,103.478,335.7614,308.60609999999997,180.58,28.8288,60.9524,188.51,79.1799,278.16769999999997,306.89459999999997,179.08,40.5763,197.519,181.552,300.494,56.8589,93.8195,189.384,84.8839,183.99,185.925,321.7853,157.957,22.363,96.5504,186.778,175.492
512,59.1954,330.3004,91.609,151.904,70.0598,183.823,307.0321,181.498,176.857,270.3995,183.346,318.8278,174.0,153.326,13.2479,289.8974,51.079,307.4073,287.4508,192.199,284.7858,241.401,322.4029,292.4953,301.0401,330.1223,302.84929999999997,186.846,180.323,180.993,58.9616,189.501,54.0946,212.348,321.47270000000003,185.579,30.5678,62.4582,315.091,304.3704,166.942,258.52,165.758,20.9491,146.122,277.83119999999997,125.823,302.0487,304.2681,51.6041,109.849,184.69,165.847,174.611,188.969,175.02,287.915,58.0262,169.77,173.886,344.0951,358.01069,306.1829,244.152,103.773,66.5871,101.277,311.7706,280.7184,289.44010000000003,49.0119,87.9269,315.4806,82.2319,180.597,290.2131,186.237,347.045,168.338,179.144,292.0983,67.9969,92.334,182.751,84.8946,188.249,199.393,325.139,146.418,10.6105,77.1934,297.4187,186.66
513,64.7621,31.289,307.6681,183.46,98.4647,168.541,187.483,285.1465,181.375,264.735,156.87,344.8148,201.795,180.542,1.30573,263.9647,75.4777,292.789,322.03,192.476,318.0771,264.8845,326.8581,305.0484,317.06600000000003,328.8537,298.1797,185.547,169.545,154.815,70.0819,187.865,44.4086,176.811,308.8992,184.89,335.4122,64.8745,158.281,295.0217,183.004,268.7643,171.382,16.5104,170.002,266.358,81.9653,305.836,280.6153,54.0631,93.7658,183.456,175.82,166.188,192.024,163.464,283.2176,55.1472,259.06600000000003,181.003,301.7123,339.7544,93.4423,270.8365,109.373,68.6249,104.715,353.50084,282.94259999999997,287.0306,39.7584,166.781,305.6336,50.6928,194.365,308.5956,195.54,173.007,181.657,166.719,271.8417,80.5434,96.7072,201.902,75.9697,196.123,190.607,338.2185,154.4,149.22,72.4873,245.71699999999998,193.535
514,64.6322,43.8524,294.9584,182.886,95.283,176.363,324.3057,285.6286,289.2007,237.178,163.479,328.9014,196.049,80.8281,5.63235,283.3781,71.364,296.7816,301.7258,146.3,279.46680000000003,288.8243,340.9396,298.81669999999997,298.7181,331.8246,296.39459999999997,181.634,188.712,184.481,47.2002,212.016,54.3972,311.0818,301.6819,166.694,25.379,167.089,29.819,282.5301,180.166,273.2648,184.567,38.1223,182.504,254.136,109.27,271.5897,306.2522,70.4637,108.124,168.167,177.704,159.128,170.576,148.539,325.7847,59.1573,316.3112,189.146,6.43645,96.9681,319.5967,270.9847,89.1726,60.4451,114.996,5.57093,285.9773,298.8163,31.3936,75.4355,301.76120000000003,84.4616,213.485,295.8997,181.477,197.374,179.456,175.044,271.033,68.8105,96.5164,177.523,90.5921,177.145,148.435,287.91679999999997,168.204,160.301,97.0278,247.135,170.074
515,71.4965,337.9254,275.9361,178.891,74.3208,177.055,296.1325,197.072,240.56799999999998,261.7673,178.826,51.5595,183.085,73.8627,353.62324,292.687,52.2397,289.8325,310.5797,183.401,301.6076,290.9341,325.0733,299.4656,298.6692,321.915,295.0335,95.6952,179.179,182.13,59.3641,191.993,62.7693,297.7975,311.7342,184.416,42.4661,175.003,21.3853,291.9931,165.231,247.265,162.506,35.63,172.995,265.7164,65.1932,314.9926,282.2763,53.496,93.2613,186.341,161.975,167.43,170.047,56.2838,311.4245,163.262,182.45,143.07,5.10626,345.3715,279.4107,255.82299999999998,96.7367,125.547,148.278,318.0024,289.6229,296.6905,41.0572,162.339,310.3249,53.9098,293.8054,313.4246,185.615,195.752,183.683,202.104,297.25,66.1578,101.844,191.869,100.3,187.0,193.066,315.8515,147.487,150.768,77.5888,297.8012,166.414
516,53.541,28.6119,295.4346,188.975,85.7002,179.458,327.59839999999997,289.7539,283.9533,279.69759999999997,196.46,302.3181,190.228,53.4689,6.03779,285.87149999999997,60.4442,296.7974,302.067,166.785,307.461,275.2083,322.4063,299.129,310.3979,327.481,290.733,187.76,186.857,196.131,51.0929,218.92,48.7958,313.2799,311.55060000000003,173.715,37.1613,162.029,308.6085,311.471,167.978,278.5377,174.361,25.9507,23.1397,272.6386,341.6871,289.7864,305.0653,57.3004,310.0036,185.697,177.951,292.0055,202.188,67.9096,269.4715,175.459,181.404,171.039,333.3288,324.3276,323.0534,295.6872,103.638,141.0,102.528,358.18526,57.6096,194.48,31.0703,170.641,175.811,40.932,191.674,320.9861,172.642,72.9606,191.121,181.216,285.9462,60.531,93.472,171.712,93.9172,186.196,177.229,339.3216,178.428,135.399,95.7663,264.0809,188.26
517,76.2155,31.5273,179.244,182.594,98.2607,185.863,30.9372,263.4939,212.718,274.9473,176.805,321.1287,190.852,196.424,352.15382,269.6787,62.8969,303.6561,273.7654,175.425,301.5302,279.1404,25.9028,304.284,301.1278,330.7466,287.6427,173.562,185.064,160.671,58.2087,196.711,41.6552,174.88,304.1058,185.637,30.8989,166.361,263.3161,301.8645,185.367,239.464,167.522,8.31,289.7599,295.7789,1.54953,300.7086,284.765,85.7509,178.348,170.853,165.395,304.53,175.622,51.596,187.736,139.369,182.822,169.704,339.9308,1.74613,286.5206,258.781,80.0157,59.7394,108.456,359.63719,285.4594,293.4594,42.5408,161.54,297.6968,46.4662,289.5859,315.4807,205.454,96.4236,186.303,187.543,279.317,75.5292,96.5556,168.486,83.2196,178.958,189.841,332.04200000000003,167.137,249.9,76.7944,300.6508,175.534
518,41.7026,330.6764,291.2325,178.334,81.8414,190.213,336.0258,301.4878,288.041,258.429,170.559,50.51,180.929,155.841,359.309013,275.3775,160.854,312.4576,307.3495,181.095,290.5982,261.4933,317.7616,311.8671,301.2467,328.1297,308.5661,185.991,188.938,171.259,61.8555,196.611,48.6952,196.984,324.1413,174.568,28.8763,169.686,319.5136,302.1623,188.216,270.4018,174.153,34.1737,182.309,284.2106,358.20307,305.472,342.6208,46.6995,165.486,179.696,154.82,290.7315,197.018,57.9897,209.633,169.835,308.045,173.226,11.1787,348.9783,321.9902,252.225,80.9005,77.4321,107.662,297.2656,306.4412,288.4652,38.138,165.704,285.3001,66.1901,282.5886,324.2622,186.713,181.514,171.132,179.844,281.64369999999997,71.7657,91.784,190.508,70.6692,188.605,197.239,280.9815,157.939,175.348,83.6542,311.3567,166.371
519,68.2503,47.8054,200.689,199.769,89.8178,171.578,329.4903,302.1293,180.643,261.0913,186.955,327.5883,184.739,197.162,9.02406,258.773,176.62,313.6219,280.8473,165.63,183.565,271.39279999999997,38.3253,189.831,311.9597,327.5588,306.6905,180.292,196.701,167.7,51.9234,197.169,46.4103,277.788,51.2334,170.311,31.4166,62.3709,285.8653,306.5021,175.477,268.3374,160.726,45.2366,348.0592,301.3011,81.9264,294.99490000000003,197.19,55.5169,177.202,192.355,158.614,322.9895,166.329,56.4462,317.8575,169.792,279.43989999999997,179.033,5.19609,297.1329,163.741,253.096,84.5435,131.854,84.3429,353.04382,303.8157,258.626,43.8507,178.897,172.822,65.7578,195.394,307.86469999999997,200.758,184.587,173.346,195.82,290.8417,52.4827,97.4997,185.033,86.1152,190.515,185.68,321.71320000000003,156.413,149.392,90.8033,262.2475,178.533
520,73.7101,336.9189,294.975,197.575,80.1432,183.314,341.9584,186.991,183.803,259.938,160.525,311.2275,191.975,73.6629,10.9836,179.754,168.658,304.5396,292.1662,189.691,311.9538,269.3116,321.2435,208.987,322.9875,324.7179,324.9021,180.012,206.838,168.842,48.9232,172.575,52.7817,273.38030000000003,197.45,163.069,31.7122,182.686,149.276,298.65070000000003,164.591,279.1653,168.903,41.7113,0.537355,270.0141,75.5789,282.8309,302.6259,50.5465,318.0307,182.233,166.551,282.06579999999997,174.716,74.2296,157.417,176.792,177.658,177.388,123.678,130.937,187.799,270.4488,102.417,149.647,101.979,315.5341,276.0653,287.8352,44.901,56.6813,227.951,100.881,150.19,297.1689,176.357,180.586,173.11,179.658,264.08029999999997,62.9301,87.9878,201.973,86.3963,177.087,173.868,327.4159,162.035,331.1678,76.3019,257.952,185.076
521,79.4466,37.0802,199.054,211.901,86.59,195.405,318.9292,291.0768,292.9469,256.98199999999997,179.631,167.106,186.973,59.8244,349.6523,295.7511,75.8905,316.1219,306.3081,174.15,306.3977,236.88299999999998,328.1502,293.4214,304.9547,322.0286,313.5116,167.366,169.159,188.106,55.2924,191.771,58.3423,161.652,72.0588,184.368,33.1715,169.901,200.097,311.1397,174.393,252.834,182.412,29.6049,345.7645,258.802,91.732,321.0549,296.416,54.1576,302.6672,181.78,306.3236,297.1239,181.654,64.6569,296.9223,174.856,172.32,181.887,348.3115,30.683,172.446,264.9182,107.382,153.734,103.615,296.7031,272.4431,264.6637,32.2023,166.559,294.7697,53.5358,186.885,304.1231,185.738,191.314,171.28,171.027,277.4097,60.2705,88.3606,180.522,96.1706,185.601,164.012,307.2044,166.657,321.0971,86.0182,274.5611,175.196
522,68.343,36.3211,172.881,176.37,87.3477,175.845,313.52660000000003,312.2222,201.236,263.2171,175.198,186.433,183.967,74.0611,18.0405,289.0242,65.6555,315.2556,300.873,180.523,296.9921,259.508,328.6953,292.0836,312.88009999999997,335.2087,298.5333,197.106,200.53,174.091,72.0587,200.012,72.9191,154.301,100.114,180.233,345.114,156.383,331.1566,300.5058,171.539,249.721,183.651,34.1619,18.0276,279.1848,117.787,301.37080000000003,301.4303,71.168,157.352,163.146,302.8488,280.0955,176.938,58.9186,301.4983,155.397,187.83,165.482,27.7902,357.61961,316.9705,252.077,112.023,154.068,94.3936,318.3826,264.97450000000003,288.3775,44.1471,172.311,192.881,53.9461,191.155,313.3565,174.483,144.024,173.082,174.896,293.58230000000003,57.6898,85.4993,184.861,80.6935,205.214,180.387,313.2589,164.372,183.483,86.9549,96.1834,177.964
523,69.3292,328.1261,303.8519,290.54470000000003,80.8734,172.026,322.2293,315.1829,305.8134,233.743,195.535,176.686,174.954,159.96,358.45803,273.29269999999997,76.464,316.2673,301.9575,199.286,305.9652,262.0922,312.2756,280.1384,313.0716,331.7159,284.9655,193.743,190.147,165.462,58.1987,163.304,54.7809,157.16,170.147,181.966,37.0165,154.652,339.2846,282.5825,191.228,283.9655,181.108,40.1248,166.113,277.6807,122.428,297.0167,327.78,51.1376,188.299,159.763,178.804,163.108,162.951,62.7085,188.163,172.258,58.0779,190.32,3.57061,0.121861,296.0601,259.60699999999997,89.5907,79.3557,114.91,343.5935,261.7536,300.6106,30.3494,61.2675,289.8371,61.3142,203.712,307.8885,187.093,174.573,154.808,178.471,298.5261,63.8888,103.671,197.512,80.6292,183.601,200.182,322.4614,172.754,163.349,100.344,312.8588,177.528
524,66.6941,34.8709,195.029,272.3617,95.7717,176.793,317.4103,297.0046,190.063,265.1193,97.1771,198.933,182.14,182.167,10.7363,271.0802,133.011,288.61289999999997,311.676,184.737,317.7273,263.0951,329.8028,298.4104,306.9432,337.017,301.7127,188.156,205.458,175.7,70.4001,205.022,53.9876,202.767,318.4859,178.565,338.3931,162.585,346.0438,303.6614,183.86,257.83,180.494,29.4051,184.396,272.6616,151.734,300.1119,306.3791,280.14570000000003,76.2144,164.234,161.083,213.876,165.939,192.167,232.357,193.271,169.698,155.062,346.599,139.751,293.8633,269.8998,90.0331,133.328,95.876,327.8464,282.2031,308.0911,28.1473,160.409,286.1228,68.9185,180.566,317.8936,179.774,176.757,175.679,179.126,292.7362,64.59,106.387,186.988,100.276,163.226,159.105,330.973,150.189,18.1085,86.2182,275.9914,176.787
525,63.4917,326.376,174.387,302.4121,104.689,168.726,313.6141,286.2389,299.0674,222.354,89.6735,173.092,194.993,156.482,359.797836,292.9603,68.4905,311.4196,299.4941,167.576,313.7266,282.9215,323.96479999999997,184.45,316.0773,322.4828,291.397,190.433,197.066,165.008,82.6756,173.812,47.5213,210.638,299.1578,171.958,32.2717,169.834,173.198,293.1662,188.3,271.1651,181.649,330.54200000000003,176.927,285.1537,112.487,288.4315,289.6317,279.6182,177.564,169.243,174.435,305.138,164.802,63.9825,290.777,164.505,169.015,171.479,338.5897,358.55999,317.2876,268.7469,82.7815,122.994,101.542,353.40893,264.6417,300.1701,25.6848,158.52,202.74,74.0162,294.3607,301.382,184.984,353.08294,190.736,188.754,271.55830000000003,72.0077,102.215,167.706,72.8161,167.482,188.696,333.0068,161.64,159.457,102.64,254.072,182.933
526,61.5224,337.25,303.3819,278.1255,101.526,218.199,301.3667,313.8864,281.6324,254.099,173.777,175.847,178.816,162.841,352.2478,284.8322,52.9321,316.462,319.6504,167.773,325.7692,279.61199999999997,322.4931,284.5218,309.8687,3.89999,283.3016,160.336,209.782,189.192,60.8652,115.186,59.7262,196.412,58.509,105.598,30.7076,163.793,163.797,305.8462,181.314,251.373,170.825,35.7259,18.1015,275.7814,99.0406,297.544,283.69939999999997,271.6103,168.578,179.42,158.454,296.805,166.262,47.9626,167.653,162.501,290.12649999999996,163.107,356.67802,99.2552,333.8532,255.11,81.6786,138.344,82.3614,310.6599,293.6777,286.7152,40.3446,160.434,63.6238,56.3296,298.394,301.3796,195.902,10.7375,183.617,199.22,281.0758,46.3255,110.687,194.906,88.4823,174.608,152.729,294.2364,213.786,9.81221,91.8054,298.3011,178.351
527,64.0606,317.4906,180.98,291.7948,90.2088,189.776,318.0549,293.22270000000003,305.909,274.1965,191.364,191.301,187.861,50.0964,21.5389,294.6148,90.9418,290.3549,299.3948,188.888,190.949,291.5382,40.1025,309.952,298.3778,325.5954,301.573,168.025,196.653,180.442,61.329,181.08,47.12,191.657,303.1371,73.8887,46.2794,156.521,151.255,140.813,175.208,272.28319999999997,165.465,32.2852,317.501,259.782,70.8698,291.39570000000003,278.586,75.55,138.564,180.262,182.745,315.5798,171.468,60.5714,278.7204,165.822,181.565,183.241,329.0944,103.094,318.1526,272.0721,86.8802,66.6906,97.9993,345.6528,260.9906,288.6497,37.9997,173.023,320.5365,44.2758,289.5781,299.0064,185.314,50.1738,186.14,205.992,262.1092,58.7705,96.3944,180.539,81.9229,161.847,171.713,316.9658,133.863,190.504,69.4828,279.5604,173.028
528,164.999,323.7742,81.8274,292.4758,98.0337,180.341,313.4904,311.5727,202.687,251.983,178.107,169.048,192.622,177.591,2.56991,298.1591,59.0913,291.1836,288.6453,162.025,302.6259,282.4021,332.2815,304.1067,328.066,329.9168,293.4724,168.096,171.134,177.696,55.9731,198.261,49.0125,175.625,303.7513,165.911,25.5306,181.971,179.396,305.5511,174.053,291.8577,174.116,35.4992,347.0464,241.215,94.1288,299.5773,304.8958,55.1547,154.131,156.972,155.933,315.2521,174.635,57.3974,304.9215,53.9099,303.7803,78.2858,138.663,135.253,312.0004,260.2412,97.1244,140.482,97.5631,320.9096,268.6778,307.9536,36.8744,166.863,316.6698,57.5354,191.043,314.8246,169.91,354.93627,169.461,213.196,288.9866,67.9738,91.9925,191.071,97.52,190.249,173.128,313.4088,158.169,146.979,89.9898,274.4279,144.449
529,164.321,329.2245,297.3313,192.03,96.6476,174.335,315.3701,270.61469999999997,169.945,256.967,187.86,168.102,182.125,185.8,347.8799,249.82299999999998,174.871,303.303,306.8843,186.182,323.2075,280.8485,324.628,316.8385,312.7415,326.5065,318.29290000000003,191.878,182.001,169.718,72.5398,195.166,60.3496,197.571,298.7413,184.262,332.308,167.515,174.342,278.6858,168.162,240.251,179.121,35.0567,0.498996,300.2661,80.2851,303.4399,277.9924,65.8316,164.185,182.116,154.691,293.21680000000003,179.699,55.4361,320.4951,66.2731,187.749,64.0111,350.98875,140.605,308.5714,261.9527,90.7259,71.6681,95.1056,343.8068,268.7075,286.6979,36.1465,171.703,311.2499,71.3241,200.503,304.2049,187.633,171.95,180.68,185.044,286.9207,85.6949,83.937,183.946,81.6336,200.678,166.264,305.1011,149.614,183.192,86.6068,245.269,186.425
530,187.5,34.3433,198.464,172.965,104.639,178.531,303.3524,198.745,167.648,239.05599999999998,204.288,329.4101,191.694,177.276,356.90326,272.2343,55.6087,284.0008,291.868,176.04,307.1948,255.13,331.0279,314.3148,299.1717,331.0718,302.2318,82.9742,167.037,171.137,79.9108,201.744,56.2886,186.879,317.8868,182.488,38.9655,66.4681,329.2136,277.6868,177.134,271.6256,181.775,43.9552,0.348514,297.3007,105.812,302.3944,301.57280000000003,54.819,171.671,165.524,145.126,298.1785,170.917,175.001,314.5038,56.6281,288.0643,68.089,145.041,333.66179999999997,279.5132,279.0511,105.778,70.2996,110.101,342.3765,280.3734,312.1639,34.6349,161.943,320.924,55.2334,282.2066,303.75260000000003,185.303,163.376,178.36,187.599,277.9087,58.071,97.317,195.825,90.6402,175.733,179.712,300.7351,179.034,11.5113,78.7253,287.3472,175.642
531,89.6584,35.9661,184.074,185.385,72.6299,165.919,309.7811,297.72339999999997,182.353,258.329,86.4706,317.8816,197.055,176.312,343.4724,289.5716,66.697,304.3866,288.5769,187.576,304.527,285.3242,317.9294,305.8447,305.9505,357.04511,290.4533,163.091,201.448,176.035,68.8912,206.178,54.4579,200.245,28.0321,160.001,36.8902,164.181,351.87602,300.9927,186.976,263.4488,171.034,39.4798,352.71925,252.35399999999998,130.215,296.6028,298.5866,58.0835,165.78,199.875,173.327,293.9451,164.919,164.883,292.77729999999997,43.9952,200.146,66.5997,349.604,327.7059,294.0299,260.8273,76.9665,125.967,98.4476,319.80060000000003,271.6347,297.7864,40.1047,167.262,321.1113,57.0895,286.1624,313.2043,205.304,216.174,290.6769,189.767,265.6187,55.1587,89.4453,189.086,98.7668,182.075,202.233,331.4141,173.0,352.01852,85.048,250.89600000000002,200.193
532,300.944,42.4676,190.486,204.612,84.7995,187.225,315.3683,318.5086,176.624,269.3971,63.983,299.6234,179.496,173.434,4.06064,283.4758,139.558,295.1221,308.8598,195.366,288.8304,266.9089,320.5892,295.5996,274.4451,344.1038,299.8586,156.499,197.492,157.861,74.2174,186.99,50.8324,79.4435,280.1417,174.295,338.0588,166.884,339.1025,289.914,181.194,279.09180000000003,160.859,30.6429,351.27387,304.39300000000003,335.5383,301.392,293.166,65.7548,158.759,148.326,157.937,298.8036,180.936,155.167,289.0458,47.3248,185.359,72.3878,265.265,350.91553,320.7022,283.3254,62.0474,66.5698,97.9124,329.5951,256.86,289.4693,34.3759,158.323,317.3146,58.8647,291.6512,312.2445,192.489,71.6866,198.114,171.362,281.92719999999997,52.3269,103.904,199.238,116.184,174.984,204.102,356.72862,155.322,139.661,99.7169,293.1025,166.003
533,160.722,38.2511,218.227,181.887,105.034,179.013,294.93989999999997,310.2341,167.671,253.876,191.338,320.5946,180.05,178.951,353.88978,259.718,158.269,293.4595,289.2321,158.403,177.743,287.2723,331.1929,286.9458,303.32,39.5713,308.4536,142.756,176.05,176.061,61.5131,195.139,53.785,168.881,292.9675,195.575,33.4573,160.538,320.7877,296.5066,187.853,256.515,179.286,42.0109,347.2099,287.3559,95.4483,308.8251,280.6014,56.7362,149.615,203.497,176.657,157.513,168.601,280.3593,269.0679,72.0221,180.581,69.4003,6.83195,19.2919,320.8509,273.9732,80.7958,158.352,104.957,325.8319,258.047,279.8371,37.4315,172.645,305.4226,47.4584,296.22339999999997,322.8471,195.46,4.12599,176.383,209.827,291.6502,66.8985,88.6685,189.532,89.0628,181.408,228.801,309.448,173.998,132.49,101.065,290.1247,74.043
534,55.1593,32.5822,180.679,179.256,91.476,183.269,312.9857,299.9421,175.918,268.15340000000003,210.504,321.1867,180.258,157.131,2.25944,178.021,158.017,299.1155,299.3209,301.4563,201.443,268.9101,317.5209,177.816,294.7573,326.47860000000003,288.1758,173.291,178.113,181.072,68.8995,201.708,53.6698,195.52,303.4929,174.959,27.0684,180.088,61.0656,283.9516,166.35,255.139,166.197,327.5826,32.3538,304.6275,101.861,303.0547,292.61310000000003,272.577,80.4406,170.222,158.404,177.778,171.666,291.6112,164.677,64.2462,178.85,66.4349,309.0784,302.1179,311.3016,250.34,87.9846,143.059,117.292,313.6103,94.8269,278.5349,38.2528,159.771,164.531,65.7639,187.694,303.5657,191.277,352.98765,175.137,201.639,275.2061,51.2629,76.3473,175.76,83.087,177.053,177.482,291.2231,180.563,189.113,87.3346,270.9858,40.9825
535,57.9113,47.207,166.99,171.48,82.6331,166.054,300.574,294.34090000000003,206.726,251.789,168.636,53.9777,194.847,185.965,9.89876,174.025,157.921,308.4671,310.8542,206.422,220.428,270.6081,32.175,290.6692,300.1919,330.0419,311.3303,177.65,184.241,179.604,58.3202,88.7654,51.8113,176.288,305.6823,170.261,34.5848,71.9758,23.6125,301.1403,167.843,282.8487,178.367,39.3227,346.6715,261.95619999999997,113.146,292.5699,303.6573,49.1004,168.327,149.406,172.538,157.231,163.009,191.296,307.8157,54.7797,168.084,70.3134,351.71362,0.682483,306.1323,265.7693,73.083,147.302,104.429,341.98720000000003,57.6481,289.5578,35.0912,161.661,345.1717,66.4703,238.30599999999998,299.7021,175.591,15.4208,160.749,193.732,291.6418,61.1375,95.8744,191.876,95.5958,172.271,184.563,303.3681,166.764,290.8021,81.3979,268.7744,184.922
536,65.5558,37.4257,216.63,195.079,83.5805,177.709,314.8787,324.3841,291.9933,250.43,168.802,73.1014,185.36,171.493,334.0869,60.2602,161.244,260.6404,298.4762,170.928,27.4579,272.7396,10.5134,303.1603,293.5886,321.6733,305.2139,182.396,181.669,174.954,67.9085,206.934,39.2031,168.84,312.7262,168.119,337.262,79.7274,240.08499999999998,297.8725,195.928,271.1364,184.851,39.199,316.5192,272.2085,115.5,299.95,286.243,54.9831,191.646,165.134,167.767,161.243,180.163,284.4764,291.6248,54.6498,316.373,75.9696,275.6876,330.5239,314.7559,268.1401,114.647,46.4344,173.92,345.8235,33.7842,315.30899999999997,20.1639,177.579,313.1192,63.1754,182.429,310.2119,184.196,26.7071,193.739,185.922,268.8843,60.9834,69.4743,178.219,95.7512,191.491,178.317,302.9421,152.439,335.4554,105.604,265.53589999999997,167.078
537,65.8369,28.9846,191.823,300.1513,66.9079,213.175,310.40160000000003,300.3788,302.9568,258.273,186.342,70.6303,186.516,184.484,10.2006,184.227,59.0522,293.1078,287.9409,166.815,308.3313,277.1002,318.2901,294.1033,306.7804,334.4983,297.8144,288.7045,176.693,171.44,68.9681,202.168,56.67,179.998,196.435,165.088,324.9216,54.6348,171.52,300.0874,184.443,271.2614,173.743,33.6507,342.9437,264.2461,208.055,295.6088,184.564,57.633,158.043,198.427,164.984,306.2316,166.66,192.036,307.0293,68.9165,300.4146,75.6951,33.862,96.9515,300.2824,280.2998,107.951,55.076,95.7475,314.8037,93.4068,293.1482,34.7022,183.344,297.243,57.5933,159.322,289.7386,155.404,178.606,196.336,183.661,284.823,58.2431,91.4944,177.921,86.3703,178.232,178.367,326.54290000000003,188.046,163.922,100.368,278.9978,185.125
538,59.8097,42.8997,297.2124,287.3326,79.454,192.838,312.2957,77.5914,298.7675,259.845,149.625,187.915,188.758,195.44,4.8595,180.715,52.3888,294.6904,297.7735,180.11,298.0939,301.212,326.1066,297.80740000000003,295.3378,324.8003,310.797,171.013,178.7,175.776,69.1727,181.372,55.7778,180.457,186.081,161.633,32.6117,61.2606,1.63958,283.7673,193.767,296.1067,191.257,41.2425,355.91075,297.1316,212.301,307.0628,276.2568,43.8293,149.579,189.972,182.28,157.88,171.878,165.762,270.3819,53.4857,185.305,61.3928,262.9142,8.84483,303.3386,264.3541,92.3804,72.847,91.4507,329.8544,60.4462,294.4384,36.2555,156.536,307.0322,66.4712,277.931,304.4194,194.404,184.869,167.131,177.008,288.7279,49.7841,88.9435,193.22,87.9927,169.988,173.553,302.6359,160.508,109.904,84.947,146.791,193.68
539,62.1086,324.5581,203.995,285.3318,50.1264,171.421,341.8653,181.725,284.8691,261.1409,187.2,176.483,180.414,162.997,348.5149,188.548,66.1879,304.1234,311.444,182.145,297.6878,285.8621,324.3733,296.7368,300.4688,331.2155,311.5425,132.227,180.66,175.401,42.7203,189.79,55.4156,176.141,188.388,172.672,39.8462,153.447,330.7906,296.4806,162.446,270.1345,188.086,32.573,173.336,304.1021,176.609,303.5584,308.9233,59.9575,155.114,278.247,309.6434,169.752,168.435,181.676,323.5571,66.697,165.492,76.9746,86.8343,354.13118,310.1574,244.631,98.4002,136.702,109.523,314.5055,73.8362,289.7605,34.422,167.633,339.5509,56.0397,298.3488,314.44,193.492,171.782,186.244,187.915,290.7339,54.7366,108.133,180.651,90.0431,199.591,168.314,291.0084,152.329,94.1473,62.1034,281.8507,181.939
540,43.8616,48.8371,207.296,296.2844,60.3756,189.342,292.6184,196.085,295.1979,247.683,184.28,180.291,175.131,192.354,8.94865,295.4318,154.154,294.88009999999997,314.2595,191.384,321.1365,282.7462,316.2275,43.24,290.1442,329.9779,297.9684,194.788,177.128,179.954,60.1935,107.49,58.2245,173.926,171.896,60.6595,34.5949,168.308,322.5466,113.788,178.952,267.5934,180.835,37.9822,164.838,266.6169,332.9106,311.9143,291.2882,53.9939,154.0,279.58,282.3685,187.464,163.724,180.107,289.7316,61.5017,310.5981,172.862,5.48875,280.4945,190.241,272.1379,85.6897,140.633,93.9205,294.4543,276.7946,291.6751,28.0238,182.362,293.282,70.94,281.9139,307.4206,183.557,182.77,172.188,195.917,288.2873,55.8425,88.01,167.043,78.5614,190.906,185.074,180.122,173.173,190.271,85.1555,230.077,173.685
541,63.0268,38.1625,298.7825,207.891,75.6883,174.72,317.4098,179.046,284.21389999999997,267.6707,170.442,184.074,199.456,173.487,35.3367,172.677,61.1111,279.64,306.9451,191.967,322.662,291.4319,39.2463,174.424,296.9111,345.8738,312.9654,177.928,173.999,176.584,69.5264,192.686,69.8559,173.097,331.9926,189.696,29.5684,182.483,170.088,274.3804,195.503,269.4443,162.193,36.5515,178.283,275.49670000000003,347.663,298.4754,297.0438,58.5036,156.268,173.366,158.359,185.313,161.855,193.691,291.9887,47.1196,294.683,190.754,289.0894,112.708,322.66700000000003,288.57439999999997,86.9873,51.1742,111.826,349.0711,298.9652,311.3856,33.5586,181.834,296.0167,75.395,288.3784,310.8636,187.679,194.18,205.225,176.981,288.7981,47.6419,81.6222,204.755,93.7629,180.31,171.805,146.986,191.615,359.351197,83.3983,261.6729,185.259
542,60.8274,330.1645,271.1722,174.119,93.9091,198.304,324.4383,187.812,296.412,279.9348,180.242,158.853,185.16,69.8284,353.60072,165.038,79.2114,306.9775,304.6091,165.517,290.6939,263.8621,327.2113,183.763,305.8753,328.6897,298.6478,186.762,182.417,148.934,71.3345,140.69,64.8252,187.75,304.8756,161.176,41.3243,170.956,208.492,299.0114,173.522,265.2371,178.077,42.7546,353.21266,288.0262,84.1836,302.7648,122.896,66.1384,299.6129,186.857,166.102,300.1882,179.888,173.746,275.8179,45.308,66.8935,181.569,355.88714,278.5224,60.3122,269.03,95.7659,79.6286,99.3446,300.8971,272.5923,285.7085,38.0582,160.691,195.233,32.6022,290.1163,332.2374,192.551,188.59,190.552,167.95,277.2019,57.3132,92.4117,171.853,88.7663,187.898,176.992,102.774,178.639,350.54014,91.2203,270.477,189.777
543,72.6562,333.4395,233.477,185.326,56.0211,170.977,317.1832,294.5868,280.9756,249.137,164.262,60.0873,174.633,193.727,18.5275,185.548,67.6886,306.52660000000003,308.5438,165.227,185.879,268.5068,327.5815,300.0361,292.7377,325.5268,317.616,188.137,193.092,165.157,53.2248,89.9535,66.0052,185.024,321.0427,165.306,345.3079,156.514,334.5595,304.1062,175.388,273.743,160.933,22.2646,335.385,264.928,1.25993,284.47180000000003,286.4677,75.9082,185.995,186.707,154.744,306.3448,187.584,160.134,210.919,184.318,293.4319,202.956,321.0571,108.452,55.8725,270.5631,77.6211,54.1303,96.6156,297.8727,286.5897,293.4955,35.7375,163.123,158.441,65.9477,161.376,312.5319,174.562,170.315,186.688,177.901,277.7751,37.0238,87.1073,188.759,85.484,174.901,146.983,129.043,180.539,126.444,99.0229,291.4908,194.405
544,53.5284,26.576,70.8016,199.881,82.7893,172.152,301.0056,315.5482,297.1379,265.5868,161.025,160.526,192.64,161.18,4.34499,171.568,164.717,301.76890000000003,309.3527,159.534,308.7138,256.44100000000003,316.7872,313.4147,291.5673,326.907,308.7407,178.011,176.379,186.54,86.7021,182.514,53.8042,177.849,22.3352,161.723,23.7504,181.55,306.5327,292.77819999999997,200.599,259.22,175.894,34.7435,356.23576,280.1627,125.108,303.9902,295.6106,60.9485,161.168,176.423,165.496,303.5854,163.376,269.0596,200.986,169.107,308.1908,185.971,121.252,121.881,60.7292,289.7429,101.116,147.056,90.2691,285.5126,284.4921,298.7439,25.0307,157.353,94.6203,64.4291,208.731,319.7875,77.8882,176.225,180.834,206.941,281.0917,171.185,75.0691,183.707,95.1724,178.302,172.719,121.253,176.448,148.638,100.824,261.9046,101.741
545,61.2242,44.3567,160.94,199.129,84.3821,163.866,296.2754,294.2334,296.1607,267.2974,184.831,54.2856,184.609,168.241,21.9326,176.546,166.285,62.2614,285.6759,67.08,296.0259,264.9712,321.3834,312.7514,305.2817,37.1339,302.5344,181.612,160.965,156.443,68.7238,172.166,56.8222,52.2345,55.3324,180.21,43.0438,164.814,339.4135,287.2054,195.896,268.8257,159.572,30.8957,2.7305,282.6048,132.004,311.5712,291.4633,60.5534,288.0265,167.303,171.601,302.00509999999997,176.191,275.8009,280.0904,169.184,157.225,177.467,25.4317,130.266,44.5175,255.821,107.818,94.6749,101.564,328.4213,275.6804,288.5827,40.0707,160.589,322.5195,80.1339,162.84,310.4213,190.201,352.07661,186.698,171.517,271.7121,50.3829,82.8617,188.981,81.3977,217.933,185.389,152.506,153.374,331.7005,92.7353,277.5597,173.726
546,68.0598,40.231,184.305,314.8837,54.7001,171.379,303.8863,299.2914,299.0379,274.4558,167.362,183.59,182.125,131.916,15.3403,173.481,178.549,50.678,278.2434,183.126,172.423,268.0835,324.3275,314.0041,312.5057,326.783,287.24850000000004,160.451,190.547,174.249,66.9633,195.787,62.7429,189.295,302.4962,171.281,30.1378,150.157,345.9165,296.3942,173.469,262.8438,189.243,37.5387,7.81899,307.1449,163.28,315.9308,302.64390000000003,66.7405,155.283,186.728,178.984,305.131,162.614,307.9091,267.4219,175.387,305.4844,170.606,333.91610000000003,96.9324,76.7814,245.369,99.1765,143.814,92.3081,358.46131,286.8153,304.8504,15.3614,158.366,215.902,52.0442,182.033,321.2874,178.599,6.26805,182.101,188.839,268.6298,47.6004,98.5213,171.96,77.0561,179.436,183.675,128.294,198.317,147.154,92.0592,271.3836,64.1784
547,64.9714,29.7794,310.0253,222.872,95.7484,187.06,286.1692,294.4737,306.9175,248.124,88.5794,311.3114,190.603,190.936,357.47186,180.272,174.616,60.3951,293.5701,176.826,279.3096,258.91700000000003,322.7643,151.44,315.3839,325.6278,297.9319,174.374,192.283,180.994,57.3491,195.149,73.3604,181.993,182.865,152.263,331.8666,148.058,32.4464,296.017,193.411,252.30599999999998,145.82,37.1824,356.30302,265.66610000000003,114.015,295.4142,278.648,61.5088,157.372,203.602,170.228,307.1675,183.693,331.963,222.505,164.346,127.89,189.583,357.70042,345.137,52.9129,261.30719999999997,108.079,64.6191,90.6565,349.9184,295.3412,293.6656,38.391,161.406,185.971,62.6553,195.334,310.6115,184.931,200.067,187.188,165.274,278.9546,70.4405,89.6514,199.985,107.28,188.395,174.117,160.683,181.387,182.697,93.3515,249.666,54.461
548,52.0358,37.9127,179.19,303.4833,75.9386,166.825,299.4569,303.71500000000003,304.6675,259.866,191.213,287.4952,191.357,158.879,8.76899,183.521,176.583,73.5514,283.9028,186.799,299.1998,306.2643,320.2084,276.2085,299.0237,323.3505,310.8936,190.427,180.552,167.991,60.6547,185.995,69.0463,165.988,46.583,169.676,24.0636,187.565,168.515,299.5321,179.495,266.8184,170.852,342.9598,1.80766,287.3627,112.723,301.0832,293.64459999999997,43.105,76.767,164.88,159.347,302.7891,173.641,308.3272,321.9976,173.192,174.585,170.886,67.6007,102.177,64.5797,274.9287,82.9795,161.5,106.834,319.6487,256.901,298.2432,37.7975,162.939,334.931,56.3466,313.7074,339.9148,185.654,166.147,190.546,191.419,288.557,48.6806,96.6149,172.986,85.072,178.475,148.277,145.305,161.372,206.56,90.4195,275.0378,69.7715
549,55.5635,36.8505,196.017,294.7163,78.1124,176.191,288.8587,275.8598,290.8223,240.92000000000002,166.253,299.9163,186.976,183.9,33.709,184.358,162.657,71.7549,286.1419,154.835,310.5875,263.59000000000003,322.3302,290.2348,291.3982,29.9573,310.9878,150.279,201.699,173.632,84.9028,190.838,47.1548,192.743,70.4065,186.746,322.8204,178.304,144.827,290.4152,201.554,271.8796,171.72,37.7516,10.4144,282.65819999999997,319.8418,306.5673,230.922,56.0062,291.7675,166.902,170.875,301.4761,183.985,301.6502,309.29290000000003,158.703,304.6818,169.332,335.163,130.535,320.4373,258.58799999999997,93.9384,139.886,93.9395,278.6776,72.0598,312.1342,39.6901,153.857,209.698,76.4185,290.9123,310.5425,172.835,184.7,180.139,215.637,278.067,57.8052,84.7797,180.694,78.7016,195.277,169.12,170.049,153.706,323.6534,94.3419,252.78300000000002,202.165
550,58.1543,329.1585,167.527,297.1726,90.2429,206.454,302.1483,185.697,308.6559,260.8201,188.053,318.807,184.368,177.911,355.04829,180.551,68.5095,47.9329,294.8777,182.181,319.5523,279.415,323.3516,305.4843,297.3917,325.5862,295.6182,187.865,165.038,173.675,60.4941,199.23,46.1633,172.289,53.3236,180.519,327.1973,158.021,299.3089,296.4936,168.769,275.0562,171.874,43.7635,155.751,288.6835,99.9739,282.93129999999996,282.1346,51.2959,175.789,172.741,150.002,303.3758,164.643,298.2382,172.998,47.7751,295.69079999999997,156.312,340.2289,123.271,310.1692,269.227,95.5665,79.8053,96.1275,327.721,307.9521,283.7177,34.7973,70.4677,292.1948,84.3921,276.3573,325.7156,198.43,225.92,169.557,163.052,279.3945,60.3745,92.4239,189.015,97.2737,190.669,186.026,174.939,210.781,330.8355,93.8551,253.47,187.639
551,53.5358,331.2965,172.396,269.225,78.4519,159.387,293.4183,192.191,307.9554,247.495,176.144,312.0587,188.448,305.9671,343.9064,164.599,75.5224,305.6183,304.0052,177.361,288.1784,282.899,329.2929,289.7827,290.387,324.9694,303.9908,179.496,214.494,185.072,61.3943,190.13,59.5317,197.291,66.9236,185.895,30.8232,161.592,325.6818,289.2667,172.423,272.676,186.094,35.4543,191.454,257.469,140.452,304.0931,288.6578,61.2748,305.9645,161.358,164.575,293.9794,169.092,316.6316,300.7971,63.5361,175.897,167.642,312.9981,88.1086,314.5296,250.602,103.424,91.5702,99.4231,316.9413,286.4977,300.6699,21.9518,72.4324,325.9475,65.8537,194.293,300.7239,167.303,182.659,196.949,199.063,292.7882,42.5035,88.6843,177.329,92.276,174.613,163.955,169.606,176.362,194.383,111.666,269.1451,177.952
552,42.4599,40.2788,194.974,187.034,63.3043,177.244,299.7283,168.9,303.5797,258.004,190.077,319.6946,180.465,293.7462,345.6223,166.28,67.7032,288.1977,322.8917,185.484,319.0716,286.2099,38.1304,288.2473,305.9191,321.3782,298.58979999999997,178.732,199.048,175.694,77.1326,190.53,47.309,187.114,169.521,177.523,23.1637,162.019,355.23043,298.9462,197.917,278.8642,173.509,26.4191,153.615,303.16700000000003,116.325,297.9625,273.93330000000003,61.7107,311.806,171.943,163.412,283.2453,187.857,305.9265,197.74,162.613,189.377,167.77,130.792,87.5989,174.169,266.6245,102.595,152.68,82.8841,331.70889999999997,87.648,275.94010000000003,26.0077,160.4,306.1771,57.8718,182.979,304.4708,170.271,177.003,168.964,188.036,290.1067,59.6665,88.6976,191.535,83.6346,300.3943,178.878,172.834,183.802,180.468,100.696,279.7291,183.28
553,63.0599,354.01753,265.3864,157.268,64.7474,164.799,330.2268,163.556,295.4308,249.488,201.994,276.8057,169.433,273.6229,3.62121,300.4378,68.5808,289.781,289.1881,290.5829,36.2545,302.8654,320.1046,294.7541,297.1934,41.0891,307.87,169.636,181.717,168.162,64.3742,196.278,53.8771,136.733,270.2083,176.243,24.2183,165.747,16.3484,298.77660000000003,172.232,283.7333,164.335,29.4612,134.012,272.3219,82.9657,308.1336,300.7781,63.6268,321.0005,180.594,287.1993,301.5393,179.738,286.0185,296.8827,175.817,289.419,175.717,114.32,353.89412,55.6439,211.366,97.0244,79.5415,94.8871,314.1518,71.4539,286.1547,45.9372,164.354,302.20889999999997,90.3563,273.4916,311.9061,196.917,182.74,199.909,172.623,255.511,71.9662,94.8576,195.247,87.5772,294.2116,180.259,162.085,193.369,267.5082,86.4959,281.4841,174.993
554,71.809,34.3676,156.92,186.962,73.2966,175.125,307.5534,178.833,295.5109,260.8258,179.208,301.5324,179.621,267.4606,348.0284,171.587,70.9063,304.8017,296.7659,196.381,303.166,227.381,316.1899,302.9111,303.4457,332.5613,286.9304,170.421,187.317,155.518,77.0795,187.882,43.0669,190.073,183.871,184.8,35.1116,171.602,324.588,277.4586,192.747,273.87239999999997,182.011,36.3845,162.765,282.0665,91.2915,294.1435,309.5004,73.1243,168.958,169.489,191.344,306.9646,199.47,165.559,255.128,178.904,175.483,178.186,311.2691,342.4759,69.4966,250.809,85.5944,31.1152,99.1853,309.5367,84.1453,282.6269,38.7992,187.908,304.7147,73.5068,284.97159999999997,307.59929999999997,179.583,152.981,196.289,194.545,279.1608,59.3247,94.1285,185.442,87.0973,317.2058,206.646,145.972,128.42,169.433,83.9368,287.7798,175.933
555,68.1882,28.8476,179.185,195.889,67.9107,180.511,319.3232,174.491,302.7673,260.6002,184.437,57.9239,180.374,284.8667,328.9012,161.144,53.0075,307.8277,301.801,177.613,316.7221,266.943,330.6878,301.3973,310.0886,323.8301,298.0323,184.519,171.619,175.759,59.9199,168.564,58.8122,178.037,175.938,196.31,28.9964,157.085,334.3748,299.3594,195.021,276.8565,165.939,29.8739,171.719,273.039,115.306,300.3779,297.718,51.8872,169.882,154.718,298.6956,327.1564,189.452,179.551,286.3744,165.113,194.161,185.895,134.871,306.8464,62.5829,272.8546,107.78,59.537,101.53,314.4075,75.6929,209.459,44.37,154.743,203.636,68.88,315.80740000000003,303.3721,195.706,185.072,212.349,191.197,276.7,39.0805,84.2008,187.954,91.9221,291.0318,195.574,163.321,155.234,185.569,87.6629,267.216,200.323
556,55.3316,24.2729,167.087,161.018,75.6777,184.928,315.4891,177.691,315.0079,266.5529,198.36,55.3082,188.568,286.8007,14.508,178.492,69.7593,295.9042,319.1764,192.328,300.3623,281.9191,327.3239,287.0457,311.1453,336.2032,313.4371,176.287,201.887,185.266,67.9919,184.056,56.3573,170.738,190.462,166.718,28.5628,165.042,171.74,293.4755,186.763,276.3891,155.977,33.226,186.934,303.1699,341.5531,299.263,311.2138,51.4983,170.103,168.93,158.411,278.2912,160.139,80.9663,275.7928,175.59,189.039,167.941,155.55,339.5939,57.2766,269.4409,95.7572,143.841,106.58,344.9697,282.8206,309.3692,28.5423,64.8941,303.726,55.8081,271.2506,315.2517,174.34,359.010671,187.28,179.956,289.7165,64.9601,92.2346,185.022,71.9748,313.5496,175.44,131.75,13.365,172.044,91.4631,305.5489,181.474
557,53.5598,39.4306,186.912,289.3491,59.3344,171.648,304.4067,207.099,300.5357,222.499,185.155,70.495,179.179,290.271,359.67992,193.827,50.1004,305.4609,307.5515,306.0342,302.6145,280.284,314.9123,322.9433,291.7039,29.7037,296.437,193.903,224.777,183.601,59.1809,193.4,59.5667,201.193,172.206,185.962,37.2705,174.627,325.866,297.7129,162.271,284.1262,181.226,28.0709,188.988,304.337,98.9394,304.6179,274.4468,53.5723,67.3487,177.086,164.409,306.11310000000003,183.281,179.279,170.738,167.342,180.614,163.185,352.29086,108.01,56.1391,270.4348,103.848,151.112,110.422,330.7762,294.9438,276.673,26.7323,143.981,308.6985,71.1061,299.4947,304.5501,175.665,6.26892,178.028,217.031,279.2734,68.1015,88.4753,192.956,103.551,315.6157,165.821,131.379,30.3212,2.78837,105.193,246.44299999999998,177.154
558,62.5768,23.6105,285.36109999999996,299.8916,41.7286,171.787,307.9383,196.586,294.8696,243.497,172.813,41.8392,184.563,298.0325,353.2355,189.628,42.6766,298.1721,298.9649,203.917,308.9896,273.818,326.9975,287.2825,297.4002,331.9889,301.2393,163.605,177.598,178.689,46.1629,198.337,67.6716,188.345,40.984,175.765,29.0478,171.561,176.814,298.606,173.012,276.98609999999996,181.268,42.8051,118.573,288.2281,83.2531,283.88599999999997,304.3095,63.3759,158.393,177.796,168.549,158.377,181.908,159.807,275.4314,162.769,292.218,169.695,318.2588,110.691,314.6324,267.8872,97.3981,75.6245,110.536,348.9197,257.503,311.22249999999997,35.1185,158.762,327.0718,65.894,204.743,298.9745,182.695,357.3699,175.683,188.323,283.8014,47.0855,92.9946,192.376,91.5674,311.2323,193.012,164.678,342.9616,224.038,94.0997,262.3168,179.592
559,58.6183,42.2816,170.048,293.1473,68.6396,174.009,304.8056,201.864,317.004,263.6614,287.21,66.0273,193.495,271.8105,5.93768,173.373,63.6255,306.0875,313.9386,282.3095,296.8122,276.3221,324.3942,300.9656,310.2943,319.0428,300.9125,187.444,185.432,166.826,52.5485,198.656,61.6114,183.864,197.631,171.335,25.2661,173.691,165.615,302.5739,167.55,257.044,170.596,38.0943,159.643,296.1327,126.55,294.1573,308.996,59.0323,159.485,167.478,294.12760000000003,153.619,171.6,301.4163,291.0989,183.697,297.372,67.0519,3.99485,5.85026,343.0774,268.403,92.947,145.07,96.6368,347.8081,280.7221,295.6322,39.4774,182.287,202.004,57.5467,290.8996,314.4378,194.31,351.08984,290.6895,200.501,298.7677,69.0382,72.937,189.913,96.0661,306.5137,181.699,153.013,20.7283,198.274,95.0288,297.3092,165.528
560,58.5523,34.893,139.191,289.6127,69.5508,172.773,309.3483,188.372,311.7648,256.563,171.07,55.6926,179.723,194.002,330.3748,175.342,67.1562,302.7848,308.6109,143.007,313.8001,296.7891,332.5386,295.2718,317.2525,331.7273,301.0974,171.761,193.549,175.841,47.6253,181.599,51.1228,168.546,338.2799,186.413,22.9622,144.002,147.217,304.2072,190.217,275.9383,176.703,31.019,131.953,80.0236,99.0205,306.0663,298.8974,52.4495,151.141,166.951,163.741,153.19,175.218,186.175,304.6832,171.284,179.996,186.344,311.506,261.46659999999997,316.8849,270.3207,90.8876,59.7085,162.63,315.2409,268.3742,298.6097,45.907,164.584,166.227,42.9747,205.063,315.2798,177.989,8.78254,186.02,177.625,286.8168,50.809,73.4369,194.779,88.4974,306.52660000000003,169.138,142.655,349.6038,135.321,102.748,232.99,164.045
561,57.0761,42.0178,195.227,316.5636,69.5525,192.6,299.68240000000003,200.314,294.4036,248.72899999999998,184.417,67.609,179.233,181.494,0.445557,292.7041,86.675,311.141,301.37850000000003,183.076,187.549,269.3363,32.0301,292.8286,312.4568,341.5352,300.5773,189.414,189.601,190.128,44.4994,187.634,54.1386,149.217,290.8502,168.221,314.0859,162.09,349.5011,290.7496,154.08,282.2256,173.23,27.3508,357.44443,286.0699,103.543,285.0344,300.7602,55.6738,157.475,184.735,148.386,303.01120000000003,168.673,157.453,278.6551,177.565,173.752,174.319,250.515,340.3895,185.017,268.3265,92.5946,60.4335,102.223,354.57946,264.06690000000003,283.7684,42.7987,177.729,193.245,68.6787,157.598,304.6981,200.986,193.965,173.545,188.227,284.9826,60.3905,80.101,178.887,90.923,290.1551,180.988,107.33,31.3812,330.4917,96.7002,254.971,181.722
562,58.7879,335.975,188.222,286.34929999999997,61.8459,181.003,316.0985,197.075,277.5424,242.655,133.508,163.526,176.919,148.365,349.8531,166.358,58.2712,296.3173,288.62739999999997,174.688,183.79,308.243,323.7772,303.4988,312.7678,338.5766,299.6561,173.973,198.168,162.027,62.3231,189.112,52.2766,187.66,312.4364,163.47,28.5267,172.316,153.398,295.4278,204.591,288.53,186.228,40.252,75.9448,264.9858,102.129,276.7734,291.0921,55.5625,283.7491,161.45,176.172,283.8991,167.442,41.9793,181.12,175.196,188.093,188.796,339.1412,355.55711,178.779,254.821,99.6593,57.3371,116.563,330.9916,279.9517,189.712,44.3563,171.684,200.143,49.6145,97.5317,318.3779,181.721,340.24490000000003,171.486,190.01,316.6268,50.013,80.9717,198.843,83.7137,181.195,186.063,139.317,24.5629,120.505,80.3297,242.787,181.821
563,63.9625,331.8984,184.314,269.8528,81.0412,180.81,326.6762,217.102,293.8021,262.3181,164.623,53.7961,181.305,171.12,2.30359,162.797,68.3561,304.3071,294.94,203.315,196.752,288.3183,327.15229999999997,296.998,306.5404,322.4334,295.8007,173.103,183.659,172.529,55.0553,191.601,64.7318,177.102,294.1143,162.746,27.1539,147.271,313.3238,296.8251,198.202,252.83499999999998,178.132,30.2715,2.84301,284.27070000000003,118.157,295.9596,290.2799,60.1688,165.643,173.589,315.125,302.13779999999997,176.819,283.25329999999997,301.0843,178.149,293.3687,171.433,298.5804,325.3404,190.677,280.6257,108.117,146.961,119.915,306.8641,282.7038,299.6997,29.5258,177.308,191.427,54.9584,211.005,299.5559,181.972,350.83215,178.097,169.906,275.8745,47.4706,86.0088,185.422,87.1484,309.1221,168.551,148.598,151.049,342.5682,81.2895,287.2506,165.299
564,61.5054,331.3298,177.486,295.0173,48.7808,208.675,322.0509,216.05,298.1142,265.6497,158.365,325.5697,191.701,157.582,333.3735,179.951,53.9111,68.5079,288.9783,191.84,184.888,286.8343,318.3085,176.199,310.4584,26.4262,306.8469,178.756,175.593,158.994,62.2504,188.349,52.5323,181.792,321.687,185.595,39.9974,163.432,346.48,315.1488,194.068,267.255,178.259,32.9725,337.7301,275.3549,94.6437,292.824,315.2664,52.2038,181.98,160.656,169.112,303.9402,167.353,155.231,294.8993,168.967,52.3793,166.227,103.523,136.497,341.2668,277.9185,120.164,49.6365,93.1522,344.8958,280.7642,302.0864,35.4943,74.0183,186.148,64.0425,170.47,317.6031,201.756,203.03,141.292,162.549,291.2374,52.6665,86.744,200.579,96.5144,200.487,177.429,123.874,20.7491,177.439,71.5582,241.95,186.637
565,56.7487,37.6876,295.4969,180.618,79.4166,194.318,319.742,219.1,283.94370000000004,236.13400000000001,217.434,28.2135,167.564,155.612,355.62771,185.226,144.111,72.8229,286.3707,184.452,169.872,276.40430000000003,317.4654,173.618,314.0401,7.89779,305.2211,162.067,198.935,173.549,62.7746,198.085,36.8533,168.237,320.3101,166.346,37.1683,171.291,359.496434,306.4148,179.825,264.5934,177.685,24.7297,351.34206,305.3752,178.192,305.7214,286.95820000000003,188.019,96.8278,163.313,173.076,307.9593,191.642,164.223,289.8019,181.369,298.1976,186.574,106.676,356.94336,326.071,280.9901,111.761,80.0724,80.8496,351.59276,267.0038,293.8224,22.271,151.849,187.634,59.4784,198.14,306.7434,198.352,187.235,189.72,208.683,263.50149999999996,48.4962,82.1745,188.703,100.139,199.745,182.575,134.268,25.3254,291.1071,86.2477,262.6329,177.798
566,53.6547,325.5834,187.957,179.751,78.5039,161.444,304.0365,202.799,324.1754,259.449,186.872,296.4356,187.278,157.779,45.1907,175.942,49.2985,69.4559,281.2709,143.447,179.108,285.0956,347.4907,179.823,313.9406,332.0691,305.905,174.827,194.5,184.087,63.1332,187.377,47.2514,180.436,310.1894,179.979,45.4808,163.682,315.6461,295.5168,204.345,262.98040000000003,169.566,30.2775,332.6202,279.0578,102.543,312.9362,285.2996,61.8662,156.934,183.051,161.871,304.8085,174.591,182.811,275.6967,167.064,182.956,181.141,346.2957,353.05649,318.6549,263.3065,95.807,132.065,105.058,325.7391,276.8115,277.0021,37.6731,165.101,186.287,56.2644,199.366,307.14639999999997,187.203,168.835,198.811,192.215,295.1722,54.0995,100.225,177.799,82.7284,169.912,164.685,136.869,45.8545,150.337,96.5194,249.72899999999998,152.546
567,63.7299,320.2872,201.409,314.359,79.6656,190.782,323.4631,196.283,288.38,268.3525,178.515,320.7039,184.549,157.26,12.5144,319.5426,66.6884,75.0772,280.5064,162.14,168.474,257.823,29.2298,197.583,306.1422,336.3014,293.2439,188.333,191.109,172.975,48.5527,185.344,53.4099,72.5408,281.9651,74.9942,34.2952,169.365,7.89899,304.185,164.825,268.2131,163.328,40.0031,317.2005,278.0404,172.034,306.2131,283.7571,59.7897,161.72,188.109,165.413,319.7565,169.665,165.103,280.7075,189.836,293.5836,170.001,0.495609,279.94780000000003,301.9024,268.5542,97.4074,137.657,91.7833,341.8292,273.1973,303.7048,35.4561,159.591,297.0034,56.07,294.2075,323.0289,179.79,5.71103,193.405,206.169,272.0321,51.6264,96.5569,175.819,103.552,310.8057,188.099,135.532,152.949,329.5082,89.7538,255.88299999999998,177.507
568,51.9927,35.6457,299.7538,302.8746,74.1287,176.401,321.2276,203.816,294.59839999999997,272.1836,163.153,286.5239,186.252,148.194,350.45698,303.5219,112.827,63.8486,298.42560000000003,197.177,311.2516,276.1612,314.9293,187.921,322.2359,328.5635,297.2415,192.003,183.401,160.305,55.164,187.984,62.7358,62.9277,341.5289,58.5004,20.5665,149.233,71.8382,266.0232,165.681,279.2238,169.898,20.3973,336.5416,286.9916,152.717,302.1682,192.982,58.2249,321.2291,299.9955,177.599,303.991,196.945,178.259,287.6441,177.435,220.034,170.618,330.3267,76.1485,336.4229,270.6905,92.8618,157.072,99.5608,314.5088,56.8805,295.4427,26.9279,168.228,151.494,41.0889,269.5555,310.0448,175.712,323.3308,152.89,183.211,279.8531,54.501,79.8589,191.565,92.3581,185.395,197.416,309.0824,182.719,8.32495,98.5757,289.1597,170.55
569,302.4238,326.6252,188.695,88.9597,76.3626,171.559,318.9654,206.963,312.985,229.017,164.848,278.295,183.659,299.4827,9.50425,167.113,52.5468,50.1583,301.8538,170.336,190.904,304.0116,37.2026,177.295,302.4265,342.319,284.4705,159.898,190.623,191.683,49.6691,194.339,51.2658,68.0947,174.181,65.1244,40.8751,163.022,163.903,300.0096,190.176,295.0867,167.188,34.3295,359.165088,262.6291,91.1748,298.8233,159.894,66.6844,156.314,154.931,74.8711,323.326,150.637,161.908,176.014,156.458,168.824,176.303,301.9942,351.39867,184.405,268.9843,96.7503,130.41,173.01,7.41519,253.082,293.0566,28.7469,164.483,275.9763,58.6906,207.214,310.0259,172.226,310.6346,184.294,337.6692,278.65160000000003,56.4922,83.8566,186.036,97.1817,192.604,172.145,304.3768,175.86,310.90930000000003,89.4683,280.8778,174.924
570,75.5673,46.7688,184.915,284.6361,99.4878,171.623,315.848,211.662,279.3593,258.166,195.832,319.6585,186.479,220.622,343.1788,189.081,83.9119,62.0247,296.5681,166.373,181.25,258.551,316.5444,172.652,313.2801,27.2079,303.70029999999997,179.459,179.511,181.344,64.9675,186.372,50.4785,71.621,290.9356,63.462,30.0368,158.657,142.393,287.0681,197.248,253.00799999999998,156.163,34.175,320.4954,259.587,316.7223,311.984,308.926,159.15,310.86469999999997,188.657,176.304,174.949,190.294,166.594,294.3993,169.517,176.23,173.606,352.63532,120.129,170.5,248.023,90.621,60.851,93.3815,359.651506,259.781,297.0474,42.3577,79.805,183.107,63.6493,285.256,305.323,201.538,340.7543,190.502,344.236,291.65930000000003,54.2953,98.9241,192.017,89.7911,191.797,165.043,302.73040000000003,155.525,2.48696,75.7515,235.68,178.801
571,62.6611,44.1307,171.994,303.6433,93.8225,187.67,296.9346,205.834,301.7186,256.304,175.071,317.7244,185.628,175.773,341.8906,174.398,86.303,57.4553,294.4902,56.9649,186.012,289.454,328.2589,304.19259999999997,296.1487,323.8926,304.9525,192.835,198.531,170.169,71.4628,202.735,50.1756,300.6546,322.9237,64.7318,334.5798,148.767,359.9625259,285.6125,192.491,266.5129,175.077,22.4792,340.8181,239.623,98.8253,312.6775,332.9281,168.3,307.1825,192.884,177.788,299.2121,182.029,172.762,278.3366,179.21,289.8336,162.574,16.5535,120.897,306.5018,288.1723,95.0699,59.6587,86.5091,328.7464,271.017,302.8183,40.8454,185.345,177.789,61.6962,196.185,295.7144,177.608,18.7313,154.692,2.37823,319.39390000000003,77.8246,80.2612,201.841,118.39,325.7787,190.884,318.738,139.985,320.6327,96.2984,259.666,183.473
572,186.832,30.4494,163.726,308.6072,70.8008,159.768,314.9996,204.183,301.9767,224.777,203.242,319.4301,191.446,170.143,340.2358,183.449,52.7975,59.8089,299.1181,173.42,307.2326,310.034,323.1866,288.5699,282.438,333.0643,292.7965,190.23,189.376,162.743,54.8957,193.697,82.1833,308.39300000000003,309.2849,57.3823,29.6355,160.93,27.9868,284.2412,172.447,279.6098,163.899,26.9609,349.1302,267.38689999999997,103.324,306.8168,291.8146,33.598,308.472,171.896,166.283,311.75509999999997,197.348,168.593,302.9389,188.893,177.492,181.781,20.6753,17.128,305.41700000000003,270.6078,97.7638,60.9493,85.0629,330.6536,281.3215,299.4169,333.6727,171.92,282.3403,62.9934,193.45,303.5974,194.898,349.1933,164.35,9.68959,286.3494,76.2309,75.1582,199.463,97.9233,287.7221,188.525,340.1631,177.161,331.3095,104.56,275.9524,181.207
573,277.3147,36.6299,175.489,287.2469,90.9668,177.017,325.5458,204.025,309.0924,270.3673,160.112,67.9937,185.905,206.037,33.9118,184.919,177.434,63.9308,295.69370000000004,159.565,65.4459,259.05,322.1521,296.4454,304.2065,340.3658,309.6947,188.248,179.229,176.202,49.0006,182.774,50.5668,309.1543,291.5949,65.2138,40.0227,171.211,199.648,308.1639,172.13,256.585,169.528,30.3253,355.18915,177.956,335.2292,295.14279999999997,282.9366,65.0084,160.885,175.055,181.605,309.3442,205.588,152.867,315.1016,174.738,179.754,168.671,336.6269,314.9794,306.2376,261.5479,84.8501,148.657,176.399,281.5375,255.486,292.8027,47.0249,172.0,294.9702,63.2242,208.424,301.5896,196.285,214.349,157.315,15.8506,274.8318,70.9149,77.8515,197.796,109.812,56.0869,212.291,274.1166,182.647,129.068,74.1756,281.5512,57.1557
574,315.3351,45.498,307.1366,175.274,75.3635,170.887,302.7443,212.493,304.6896,265.9883,190.187,32.0771,192.927,172.547,26.0816,278.03700000000003,175.968,65.4688,286.081,233.567,53.1636,285.5765,322.2926,292.5507,313.3612,333.6505,292.451,171.939,184.54,181.725,51.5119,185.343,62.8076,195.876,325.52570000000003,193.883,44.7658,158.773,198.276,306.3051,189.422,281.6035,172.205,34.449,325.6638,69.7383,17.3181,300.894,291.1357,63.6693,88.2703,159.684,172.382,140.777,196.929,185.708,286.7885,178.616,74.6567,173.484,343.0776,264.2894,287.01009999999997,269.0172,94.275,75.3009,96.74,329.0085,267.251,285.2205,23.395,169.03,314.0202,70.053,284.8214,307.0124,200.441,196.176,168.195,5.613,274.1065,61.2653,89.7936,195.014,117.756,283.9774,190.59,289.023,148.345,355.4452,83.0707,78.631,192.082
575,296.5649,37.9253,70.6021,184.146,66.4641,222.734,313.1755,204.951,296.0316,271.3262,175.56,64.3134,188.963,249.124,342.3829,156.944,73.5097,55.6028,308.4798,160.586,337.3345,297.7135,34.1711,303.5162,314.1843,323.5077,303.6088,176.35,203.568,184.776,62.242,191.094,50.1537,293.3925,283.0122,158.975,328.3797,157.416,197.55,305.6677,173.222,260.0865,173.009,40.2988,351.98432,260.4911,163.734,299.3665,278.7903,52.6611,158.364,188.082,157.414,152.344,208.117,145.388,284.5683,182.813,192.344,185.993,275.2575,25.6355,321.6798,281.81870000000004,85.5029,83.7701,102.053,344.6531,270.6019,282.9407,318.688,178.583,186.226,28.1127,276.7754,316.9928,178.713,190.126,188.998,358.6991,294.6722,55.2603,89.1892,179.722,89.7434,284.9384,184.482,312.0932,164.419,143.645,84.0573,282.84090000000003,179.008
576,287.611,40.2594,181.296,182.281,85.9807,180.909,324.6312,197.067,317.1286,271.5866,93.2701,310.9232,190.368,282.742,21.2375,179.422,41.6971,72.2635,303.293,177.502,307.4801,289.8021,323.7341,281.7154,315.234,322.5194,289.9525,193.66,196.902,173.595,69.901,187.133,68.3767,288.4049,312.972,181.007,326.7144,161.626,3.21165,294.622,175.996,273.2088,170.701,35.0467,5.0359,160.565,114.582,301.2582,287.6295,58.5112,302.8421,194.193,163.833,159.109,183.709,150.61,293.72950000000003,190.336,299.5654,173.873,6.83791,331.376,212.578,265.6192,98.651,53.7602,101.592,319.7386,257.173,283.7836,37.1133,161.424,193.612,64.9747,286.2513,305.0523,200.624,25.1345,194.097,354.07986,277.1867,64.5189,68.9745,191.348,91.3028,293.2457,173.324,291.446,175.835,116.383,97.6681,268.5541,152.189
577,289.33410000000003,43.4435,182.363,203.124,90.5318,178.603,306.8698,192.517,299.3611,261.9057,202.69,304.9521,183.464,292.6053,317.818,296.8146,62.4072,70.2476,302.8182,161.905,200.346,270.3424,325.0053,281.9819,315.7602,40.8428,299.7769,176.057,180.494,182.397,69.8749,195.243,67.9885,295.4105,301.3349,169.456,27.377,163.695,314.506,304.523,173.42,269.4137,178.832,41.5555,358.87614,269.8571,126.913,289.1531,283.296,58.0313,100.506,178.179,177.105,154.801,172.024,294.6444,323.6374,173.086,41.2073,166.755,331.3659,341.6691,282.9222,263.8947,106.731,77.0313,83.7729,344.4905,261.2881,178.893,48.9882,165.195,308.1157,51.1995,302.6801,311.1137,188.226,181.0,189.907,33.0799,274.5961,64.7748,94.3107,182.365,102.717,304.0803,162.281,322.5319,172.801,155.502,101.083,255.40699999999998,191.272
578,292.8848,44.7143,290.5018,48.9247,58.4446,186.322,321.5976,190.903,301.3632,232.36599999999999,183.265,311.056,180.907,194.052,349.9142,189.074,51.3534,65.7598,300.4033,176.744,301.5199,226.6,33.4655,299.1338,315.7711,321.3056,291.262,175.104,186.688,164.935,51.7975,166.439,59.0631,298.7758,324.3612,163.581,36.9158,165.174,179.653,291.5822,180.388,273.2521,169.887,31.0498,351.66838,253.66,92.1359,319.1664,287.7307,61.3362,300.8455,87.0428,161.554,184.002,95.5282,287.3183,35.2029,167.689,300.939,180.367,17.2499,264.8591,310.5153,254.50799999999998,106.738,64.3542,102.377,336.401,279.3797,285.4466,28.8714,166.236,293.3387,53.7723,193.474,297.3591,192.077,195.964,169.034,25.3598,285.264,47.5698,91.5296,177.239,84.0314,320.1812,152.667,330.1878,13.2413,332.8422,78.6608,280.1513,166.891
579,315.0151,336.7049,316.7162,212.04,92.5925,170.713,323.9684,286.3385,323.3829,98.2933,296.2706,25.7542,188.394,175.8,342.8707,165.617,46.0973,62.0098,292.6722,172.058,181.155,270.7543,323.6323,184.959,301.7273,321.204,303.3734,173.147,197.723,173.034,63.0729,154.785,59.6935,298.3234,301.4312,190.137,43.5803,166.162,290.2332,297.44780000000003,197.258,259.919,161.584,37.017,349.2373,249.68,90.445,306.6664,285.7523,61.1769,310.4972,152.149,156.869,58.8259,210.143,165.77,53.8638,152.685,79.1443,63.4857,5.78141,331.1856,318.5813,262.4933,107.581,137.517,104.54,344.5931,278.1969,286.1029,27.0313,170.23,165.498,63.1879,186.07,320.2508,174.191,170.506,179.877,31.9963,260.6676,41.529,94.4525,200.636,107.109,301.7347,151.998,313.148,9.16405,220.674,63.0046,267.2154,193.091
580,299.6431,36.6852,108.627,183.853,66.9455,188.751,316.5361,301.2701,298.427,76.7639,156.678,319.2874,174.405,197.856,1.25687,287.33299999999997,49.5186,58.8347,301.5062,317.5056,294.6904,285.0508,321.2492,179.296,309.02570000000003,331.9367,308.0465,186.818,173.391,180.708,64.7688,173.967,58.3206,297.3722,311.5375,59.0848,36.7709,169.102,305.6672,307.0062,167.284,277.7812,167.082,35.8306,353.72509,295.05150000000003,82.8562,302.4412,291.2502,65.1666,314.01030000000003,167.783,162.511,161.955,195.656,174.464,54.0586,163.932,186.384,63.3468,8.75413,358.58949,289.23019999999997,269.1781,94.7016,137.754,86.8695,331.3837,265.726,287.5695,323.5673,162.815,194.078,96.3387,181.076,292.1271,185.503,6.10117,159.573,5.96566,282.2352,76.1091,83.5805,186.214,90.7084,284.8025,177.813,347.7547,325.1664,320.9559,97.0543,270.2849,177.32
581,76.4146,338.2141,195.936,308.0122,63.4108,201.488,318.4275,300.77,304.9704,73.6423,184.931,331.6324,179.157,199.383,351.80564,169.88,52.0915,58.3779,291.85429999999997,155.503,165.317,287.969,329.5714,175.613,291.8976,323.2749,306.6232,171.369,201.543,180.484,63.9181,193.346,60.5059,295.1402,62.8135,74.2145,29.0891,168.202,341.6388,299.8105,185.572,272.0692,179.539,36.8011,351.84236,276.4021,348.2618,310.1461,270.6368,43.7773,303.5218,186.33,161.485,309.8379,191.781,303.5786,44.9514,168.576,298.9787,172.671,265.4458,115.028,330.895,283.4163,107.292,150.919,100.007,327.712,286.1357,305.6257,30.5207,166.226,195.487,76.4208,168.824,309.7728,192.364,342.2023,186.935,33.0781,277.2967,41.335,76.1016,188.4,97.268,303.4774,179.49,312.8784,358.15345,335.8208,73.9698,257.51300000000003,179.756
582,61.2199,31.4522,193.435,286.1617,43.4601,178.509,293.34929999999997,290.9909,283.7776,87.7801,155.403,296.6385,182.03,167.702,183.308,196.6,71.741,71.4169,288.2597,55.5383,169.425,253.473,325.2774,168.848,316.76120000000003,37.9153,299.0604,183.993,185.898,189.337,46.9664,192.942,54.9392,297.6231,283.8644,70.9771,41.3276,167.159,168.909,303.3839,155.795,258.274,157.483,32.6152,331.2659,277.4357,349.3426,308.7818,302.6792,64.0919,310.7161,179.275,179.744,300.64,205.794,310.628,58.7224,169.425,217.491,176.851,337.2876,314.4798,293.0052,269.14549999999997,105.715,73.2531,93.2836,357.96855,263.9865,288.5496,29.1719,166.307,204.704,41.1529,184.67,331.627,189.107,167.516,204.137,39.6903,294.9129,70.9192,94.8852,202.348,98.7591,292.4492,186.047,345.6082,339.50260000000003,349.1383,100.703,262.0967,171.971
583,308.95799999999997,345.15070000000003,186.157,284.44010000000003,79.7816,166.997,310.3736,187.529,310.4761,87.4107,155.772,326.6354,180.301,179.176,183.125,290.641,51.5506,64.9552,297.4312,183.791,334.9745,286.6255,336.2346,184.603,295.9303,337.3077,284.9065,168.989,174.564,176.399,63.8917,148.878,21.2323,299.946,290.5191,169.849,35.0853,168.516,208.211,291.0954,143.747,254.86700000000002,153.219,46.2331,355.92102,292.3432,87.9189,306.3153,305.2244,53.5096,310.0272,170.242,151.856,306.4462,168.621,264.5635,63.8493,172.372,187.902,139.698,268.695,99.8351,313.46,237.01,84.4183,64.0444,78.121,308.4627,262.33410000000003,290.4948,41.3483,173.8,172.655,72.9248,290.2262,316.3284,194.702,169.4,209.93,335.9703,266.4595,38.455,86.8662,197.919,94.4483,289.57550000000003,163.622,316.41020000000003,189.148,301.0649,97.2186,257.129,157.883
584,301.80060000000003,36.732,296.2287,190.075,93.2289,185.349,305.4244,190.372,304.9617,76.9897,176.301,316.1381,198.171,235.208,190.422,289.6938,59.839,54.1183,289.5491,172.464,196.992,287.8799,329.3657,295.7349,298.7892,39.8337,301.0109,172.282,186.466,176.815,67.6956,162.667,50.0252,284.0799,299.1505,186.897,31.5748,176.654,141.908,318.0079,185.114,270.0377,168.022,36.7012,16.0066,279.024,354.15326,290.459,284.1927,62.6205,296.9488,176.186,203.982,282.2702,184.537,154.162,63.2373,153.224,180.484,183.844,288.6977,295.9952,189.953,252.149,91.586,88.0393,91.6358,359.538836,284.3508,290.6148,40.2393,177.009,173.302,44.2872,288.5696,317.0731,184.502,169.694,191.243,352.85104,276.2769,49.5398,82.0244,196.401,91.0835,298.1246,175.884,334.8957,159.865,325.5869,91.3812,271.3757,171.117
585,295.1026,331.7129,206.826,203.791,76.6835,183.843,319.2546,180.715,148.022,99.5494,156.659,306.5397,190.787,280.7105,217.308,294.9798,62.8511,47.0134,297.3595,212.563,349.8713,267.6979,319.7022,208.858,304.5962,353.07376,298.4047,176.975,204.31,168.664,75.3458,118.785,71.0724,298.0434,305.2959,193.653,35.4044,98.2487,144.013,290.2596,174.112,271.1419,177.297,34.8788,4.05539,275.146,147.785,290.9048,280.453,125.251,302.3594,184.065,182.155,300.1167,199.758,194.889,175.348,176.876,169.357,177.536,11.6438,323.8832,305.7693,281.4442,97.3609,127.371,97.023,336.0046,322.4677,295.6877,29.7743,162.22,294.7197,70.0063,199.518,309.0624,183.805,351.48938,154.179,12.3598,276.3634,50.2597,106.727,176.538,97.72,299.3994,180.057,324.1566,165.611,20.4039,72.828,265.8701,182.315
586,311.6065,34.0196,296.6068,77.3278,78.7922,193.158,349.7411,288.5902,309.4012,88.4034,151.675,289.3045,177.498,284.7946,174.556,283.3473,61.5279,69.5281,289.4584,194.21,313.1732,278.1808,320.6923,192.745,301.0563,329.8083,286.09069999999997,170.388,169.804,165.037,60.4079,161.496,56.8549,294.5829,308.2918,185.616,37.215,181.239,192.318,287.0511,157.403,269.2703,179.434,38.7686,347.9917,264.0129,82.8466,305.3333,293.0376,67.0167,171.877,180.258,152.726,181.747,175.319,192.188,64.8584,169.554,304.9818,175.469,303.2792,357.52158,47.7066,266.9753,109.927,69.7427,92.759,324.3896,248.70999999999998,288.0919,33.5641,174.194,292.284,44.3324,196.888,309.7588,189.169,167.221,191.662,16.5394,276.4152,46.9452,87.2988,212.017,77.7435,287.82349999999997,189.402,342.7955,173.642,33.7276,103.387,137.394,152.054
587,288.8403,319.0929,210.207,301.9984,89.1914,180.921,311.4905,304.1213,182.319,67.5572,194.543,299.13009999999997,177.677,295.806,187.226,287.8943,56.3778,69.8839,309.6655,172.57,182.815,274.8671,316.9972,303.7648,307.1548,318.8719,306.9638,179.387,177.359,174.698,75.0809,132.369,44.8391,168.01,302.641,175.286,33.8585,157.599,127.5,287.7015,176.987,262.8602,172.717,34.0067,33.7988,272.2441,99.9258,286.9962,308.1707,75.3651,168.251,173.002,154.907,313.97270000000003,170.666,78.6128,171.325,172.895,194.984,69.7772,297.4006,306.7489,315.5086,277.2746,84.2476,155.632,104.314,336.2107,273.6412,293.58140000000003,29.7758,149.085,206.488,80.7326,203.542,317.1822,177.098,230.559,174.032,349.2268,265.0076,61.3183,80.2426,198.07,87.866,295.7369,161.402,331.9345,144.575,335.5052,97.6147,290.3674,168.336
588,180.98,330.6349,188.304,184.785,71.6342,163.748,326.8581,191.853,191.298,278.2002,93.5008,284.0845,178.843,194.995,172.299,287.8919,67.1745,64.9275,290.5521,141.826,185.976,282.69960000000003,332.8328,280.7026,305.5075,332.2514,292.402,167.664,190.424,177.341,76.2044,138.889,50.1218,280.6858,314.4547,177.878,29.5706,176.912,138.527,286.6384,176.775,272.58050000000003,177.582,30.3513,301.4541,293.0433,101.869,295.8868,280.2559,39.8446,150.634,190.754,164.757,305.4779,181.126,73.1154,56.4878,170.24,191.642,164.526,115.76,120.157,284.2421,263.6472,109.914,71.4628,93.1913,337.586,272.1967,299.8842,33.4556,41.1628,171.699,49.9725,185.75,312.7977,173.775,170.968,190.948,0.559867,298.27570000000003,58.0042,105.432,198.022,78.4427,309.3396,204.54,344.897,144.574,231.368,85.5168,250.287,178.421
589,155.253,36.4876,199.576,181.363,77.9285,161.312,275.5125,168.852,201.181,232.45499999999998,159.957,65.3897,174.5,137.688,172.665,302.604,126.454,58.5014,292.7965,196.919,302.6119,270.5562,323.9519,298.6288,322.0695,33.3702,306.1368,189.362,172.456,177.881,50.5899,106.793,55.3688,192.172,53.5913,168.149,35.9725,181.304,12.2439,288.3659,174.542,269.1775,156.715,41.5907,157.324,257.817,348.0576,295.8113,294.7684,56.7712,310.277,169.404,183.132,324.9721,163.799,52.7856,52.9882,160.454,166.222,73.5648,8.09985,350.01679,290.5235,240.749,89.5006,149.879,171.016,333.128,291.7037,293.1675,44.0739,160.727,291.4982,44.8336,297.771,309.1664,189.461,182.23,183.257,11.5373,287.6749,55.1901,104.874,180.704,93.4431,300.1218,171.312,334.9558,172.622,324.0862,79.0729,186.039,155.572
590,72.8492,322.3567,173.538,310.1904,82.809,183.453,309.46569999999997,194.126,194.455,264.9289,197.434,177.465,189.25,173.758,196.322,272.5798,59.5,77.1901,292.5508,193.332,294.0817,273.7579,324.5859,309.15840000000003,296.1126,322.0487,301.1777,177.085,196.551,170.242,84.0161,170.104,67.9883,294.6832,335.5553,188.72,317.1887,151.047,273.9688,292.80830000000003,192.601,282.179,177.22,39.1284,162.755,286.4299,68.5622,305.3923,304.848,63.2513,295.555,157.939,158.616,288.409,159.503,66.7805,291.7161,175.779,219.244,74.7686,109.924,7.20362,303.2774,281.5487,103.218,137.984,94.5832,322.1864,275.76800000000003,304.9291,42.5288,181.708,282.8218,55.5282,287.4919,306.6372,190.658,205.327,200.888,8.45447,280.5769,65.1587,74.5496,181.505,72.9665,198.857,167.911,299.6309,152.493,349.896,75.2385,259.056,171.95
591,61.9547,43.0306,165.263,291.40319999999997,65.1904,179.61,278.8745,169.082,183.26,257.45,182.315,149.047,183.354,158.14,192.501,274.9003,181.129,69.1047,277.0987,190.41,349.2465,263.7102,21.3678,188.337,311.3565,322.2249,305.1473,173.617,179.971,168.033,82.2687,176.479,64.3653,277.7686,283.5665,166.599,324.8232,187.521,316.8211,307.7147,185.51,263.7087,167.625,37.629,187.773,286.2992,99.4581,290.6434,291.1852,53.6748,302.9135,188.447,315.2299,64.3257,180.664,62.6329,299.3854,167.586,195.541,68.8225,148.092,320.1123,306.6394,269.0106,101.597,130.577,90.2687,310.814,265.6852,282.7344,46.2763,172.297,207.428,47.7976,187.932,302.9937,185.748,9.62948,192.017,25.2912,280.544,27.4958,84.5658,181.113,75.6077,199.011,171.274,298.0642,152.135,37.483,73.7317,270.127,202.363
592,61.591,331.7607,262.2228,284.0377,104.614,188.918,285.20529999999997,194.317,181.332,245.849,160.671,171.86,183.939,176.879,207.696,289.09950000000003,48.7378,69.5182,282.188,202.771,172.392,288.66020000000003,338.1387,200.538,302.40250000000003,319.5066,294.2489,171.805,178.944,170.87,74.9137,158.71,65.5803,297.1689,285.3541,177.337,36.7134,169.956,14.022,312.1169,166.839,276.2425,165.045,42.9367,339.3144,310.4704,96.5599,291.5903,305.0467,57.9884,318.9497,173.669,325.3159,160.914,174.604,49.9727,319.5308,184.585,178.511,188.315,295.1863,325.6164,194.71,243.15300000000002,108.726,148.027,72.0445,352.0065,294.1605,295.2392,41.125,140.008,291.48609999999996,63.0209,185.257,298.7975,186.94,6.06904,178.462,3.26899,284.0829,44.2752,80.4767,169.833,98.7567,185.638,181.382,305.6663,171.208,176.324,75.4619,264.0439,185.443
593,273.0425,35.9524,260.9954,302.8954,59.4012,177.258,287.5383,166.529,295.5817,265.2419,194.459,63.8012,175.806,83.0077,178.612,294.5662,54.7873,83.0217,289.5473,189.337,175.644,263.6088,332.0014,177.578,316.9662,342.6676,288.3644,168.006,182.006,169.921,89.8193,67.5992,49.4077,300.6854,322.4175,161.287,39.1074,175.063,152.351,322.2844,163.864,258.148,177.764,34.1582,326.2125,292.1857,86.4101,301.2641,288.3119,70.4089,290.6796,175.007,304.0237,168.72,178.648,161.883,300.497,181.594,146.477,171.141,0.437689,2.67253,323.1367,255.138,95.1842,78.9224,97.1454,322.0998,265.67719999999997,297.2641,37.8411,162.012,186.412,62.3767,180.533,304.4236,207.514,176.673,180.144,8.95892,276.1103,59.3159,78.3345,191.749,86.2092,191.821,179.869,281.0927,168.648,191.684,96.5842,254.094,169.077
594,287.60339999999997,320.5247,206.624,164.984,73.2776,197.394,181.318,175.905,187.899,268.8078,162.752,322.7969,187.871,145.606,200.859,256.858,155.566,68.4016,303.03520000000003,174.359,176.932,275.5416,319.6428,311.0179,315.1877,337.2299,295.5048,200.636,178.084,162.839,60.4989,178.029,75.6055,296.9523,318.8295,178.879,48.5031,62.1261,341.3014,302.0939,179.366,286.9438,156.305,34.5568,332.7906,274.1629,128.287,289.0964,285.5729,63.3136,141.337,166.402,180.241,163.278,152.931,160.719,177.741,176.732,195.945,171.123,315.1845,359.528891,283.1735,259.01800000000003,81.7828,155.753,89.6672,313.05830000000003,274.1762,295.0853,45.1859,156.553,297.4369,45.7041,225.699,307.8559,164.705,32.9562,165.54,343.3449,293.9693,57.5823,79.1323,189.552,80.6277,203.846,163.694,276.46680000000003,153.052,54.7119,97.143,226.258,170.484
595,284.248,34.7208,175.758,175.95,104.968,180.952,181.353,196.901,192.815,75.9314,179.757,342.7299,189.492,156.611,190.933,161.23,173.823,75.6687,304.8177,167.903,177.742,299.8265,316.4449,296.2123,290.4946,339.3336,303.0674,184.137,183.24,158.135,78.265,160.162,42.7048,282.8907,296.5148,161.412,327.7806,45.9701,308.08389999999997,300.9355,168.133,274.84000000000003,161.581,40.2586,302.5405,282.8665,340.1756,314.0869,298.9667,45.8423,156.544,174.912,169.282,166.167,186.839,178.407,179.111,163.844,297.5095,191.101,343.8063,309.3643,304.1377,242.066,89.0714,64.5817,99.0035,16.8003,302.7012,293.7576,34.4486,171.927,216.553,45.8943,176.52,300.2817,192.281,0.00929908,190.281,9.12372,279.1171,72.5287,87.8251,193.746,86.1937,187.755,184.821,292.54449999999997,175.626,4.52903,72.8776,279.7258,146.219
596,293.4218,323.3198,210.565,295.8819,76.7192,167.437,178.7,186.185,294.45820000000003,75.5284,176.65,320.8235,184.712,169.869,156.77,54.3023,172.861,54.4114,297.8494,175.191,176.165,276.0786,319.6038,306.5777,265.8243,30.0893,308.3498,179.654,195.171,180.692,68.7947,80.0367,56.0974,290.97,307.2597,180.704,43.8432,171.629,333.0994,296.4089,180.174,294.6692,176.638,38.3345,313.0957,80.3341,67.7085,290.5333,301.0963,61.1001,144.916,158.04,161.815,154.294,175.644,177.057,194.465,159.295,298.706,185.939,156.087,7.79429,297.6248,278.044,100.317,141.673,91.7258,319.2252,279.135,283.23789999999997,37.1596,186.229,311.3976,77.0405,299.0794,324.8609,198.935,331.1932,183.804,15.5228,292.7606,59.0027,98.455,180.898,103.361,193.885,175.728,317.4575,151.017,155.999,101.813,285.1023,176.049
597,60.4525,332.3171,210.963,184.852,80.9109,180.381,183.436,179.908,171.087,61.5129,208.188,315.0105,176.912,183.322,171.859,55.8232,163.419,76.2581,278.49649999999997,299.9539,317.4163,284.3568,321.283,284.66970000000003,314.5101,41.7742,310.3492,179.306,210.367,171.983,61.8694,95.6337,48.3067,306.0801,305.5473,175.801,26.2114,167.608,201.947,302.6274,168.052,275.6019,164.988,28.5821,178.565,288.6069,108.246,311.478,285.3394,68.3644,265.6721,178.261,172.144,200.628,178.765,70.2083,307.9287,176.587,313.4728,173.875,94.633,301.0897,295.1959,285.7625,100.554,66.7115,177.145,323.668,235.061,285.632,34.7816,167.891,279.6114,57.0252,289.2198,301.4022,185.739,162.098,189.265,353.87426,300.288,51.1565,103.189,166.345,89.6001,174.33,183.369,174.778,169.263,153.922,91.6455,235.13400000000001,181.13
598,69.6808,41.3536,173.987,164.485,79.5283,169.933,167.765,193.943,201.083,60.7472,159.873,317.1708,190.508,178.873,186.075,63.7754,78.2143,76.176,294.4373,174.378,316.7756,276.4156,324.47090000000003,291.1577,312.1967,328.9235,287.1999,187.74,168.709,177.013,63.1544,116.003,54.7578,286.4835,303.0416,181.322,43.0829,160.075,181.574,311.0286,175.148,263.7403,170.058,42.757,183.478,275.6948,89.0497,309.9142,295.0773,36.0273,310.0154,185.603,314.7159,157.41,185.776,172.227,294.6323,149.601,290.182,179.107,318.541,333.0111,196.049,264.4671,89.9168,80.1641,91.2087,301.9284,257.808,299.2259,39.0969,170.813,328.6529,78.9941,298.3968,305.3033,183.516,31.403,201.655,344.6332,295.8326,53.2302,80.8054,184.544,91.9208,191.732,167.873,159.66,154.939,170.579,90.4697,273.2069,180.134
599,186.182,337.9765,184.733,167.996,90.3943,172.048,63.6235,168.896,291.3898,80.7374,168.109,318.1434,199.189,302.8149,173.783,58.3043,56.3516,71.5887,292.1024,158.909,296.6372,260.9687,38.0771,290.3492,309.4534,353.10458,305.6545,184.529,190.739,176.612,86.8496,217.906,47.9613,287.11879999999996,312.7232,178.238,334.9256,155.917,184.046,289.31,154.078,243.587,178.342,25.3352,181.9,268.961,201.917,316.2419,287.9767,72.574,313.3218,175.615,289.546,153.944,166.509,291.2486,297.4061,181.351,188.914,154.55,322.3283,12.1561,178.578,250.04000000000002,109.999,69.231,114.664,312.7739,269.94939999999997,286.25530000000003,39.5797,176.677,309.8954,45.003,187.892,300.3381,182.709,167.875,177.715,17.7055,280.5879,39.7731,105.781,189.411,102.759,201.224,182.11,162.842,150.006,145.098,79.0637,76.5161,165.667
600,288.0969,27.1277,188.853,70.3925,74.2904,142.388,332.8555,168.079,283.935,82.7915,170.473,310.7869,169.065,271.0892,170.93,54.4367,134.929,291.7083,308.4448,193.357,315.3405,278.3183,313.8787,290.0727,302.3743,328.2357,313.5478,183.303,204.87,192.404,50.8144,168.873,61.2599,300.16089999999997,313.62850000000003,192.797,328.82280000000003,157.489,21.191,301.5988,172.552,248.909,187.356,33.819,328.5219,258.808,116.627,289.5256,194.492,58.3058,299.9961,162.264,168.585,294.3582,167.039,168.047,163.227,174.571,44.1131,180.731,338.5903,343.9413,182.966,224.482,84.1862,68.0092,98.2849,323.83209999999997,274.1703,294.2801,27.8589,157.0,286.3133,68.0884,215.332,323.9058,185.896,173.362,178.936,352.63095,279.9018,54.2975,86.4313,194.942,96.7043,189.318,179.165,160.071,149.903,163.882,96.0821,285.0406,67.2788
601,49.01,326.6591,180.395,183.641,76.3451,175.902,46.0436,162.98,207.897,74.9839,185.485,301.22249999999997,191.159,194.139,183.573,48.6007,63.7853,306.6338,293.37649999999996,167.348,296.2527,294.1355,321.907,287.5086,311.6729,331.3599,302.6474,193.003,197.267,176.909,58.7287,189.681,37.9341,302.3519,294.1359,175.624,343.4614,167.703,184.175,303.9425,164.68,262.8852,191.287,41.1722,359.139734,256.946,333.9755,294.0876,27.6054,158.327,89.5706,169.366,180.222,327.0208,197.972,154.478,301.9364,168.569,302.8851,169.998,358.61173,305.1247,174.696,255.935,87.7544,142.878,84.3646,347.238,321.3808,285.1585,37.5454,161.154,180.44,52.9964,188.769,306.7716,294.8021,14.0815,179.758,44.188,281.5005,61.1104,106.461,183.718,96.3965,198.948,195.935,138.452,134.797,350.31797,78.1621,264.0829,72.6307
602,281.9314,343.155,183.326,188.144,79.1554,185.715,283.2537,195.732,198.688,71.9721,165.824,319.5335,185.051,196.836,173.143,48.6036,69.5936,308.1093,304.9575,150.393,173.762,255.56900000000002,335.5321,294.3381,282.5987,327.9378,304.4509,204.016,189.13,180.545,68.0573,81.8523,50.0567,297.6724,195.75,160.304,318.6862,175.303,30.8898,297.6704,183.195,282.5248,171.099,40.8243,327.315,303.584,69.4052,300.3553,297.1184,49.5433,159.306,185.205,303.8657,165.759,160.037,207.835,285.456,162.708,174.424,171.682,354.78699,355.24948,185.47,237.988,103.736,79.2729,93.4037,320.9605,290.6001,290.3439,43.5902,155.703,196.327,53.316,305.0908,313.15229999999997,294.7348,15.5857,191.135,25.8396,282.3025,40.1048,78.9255,183.979,88.8783,181.312,184.73,132.95,170.336,357.30482,57.0583,263.5927,49.7787
603,289.4164,21.5053,178.285,171.914,77.9877,180.504,300.8839,189.04,190.592,84.0808,152.472,44.7352,184.443,202.718,174.568,54.8791,69.8681,309.6589,308.2268,52.8309,278.1683,273.6853,324.8007,283.8738,294.9719,318.2634,289.9206,174.455,185.145,189.459,72.0212,97.9902,52.3002,168.975,309.2983,151.411,325.14300000000003,181.042,12.3714,299.9948,195.167,263.352,178.561,29.0206,8.79259,278.8387,103.317,304.8365,298.7254,50.8842,147.576,176.288,294.0028,153.155,183.465,164.826,306.4124,188.208,290.3489,184.195,15.9007,351.88433,181.751,274.9158,108.204,77.1348,91.0129,306.674,273.1023,305.5186,39.696,153.831,298.4544,74.1826,166.697,311.76189999999997,183.885,117.216,179.906,8.01526,281.198,54.5901,97.1763,174.196,90.8602,186.028,195.781,144.303,158.257,352.90415,84.7,274.5106,55.92
604,180.289,328.6897,77.938,184.211,74.4897,194.79,340.8485,186.214,294.5861,88.0587,188.631,46.7528,183.736,192.317,171.724,170.36,64.8654,296.6577,302.2917,185.729,319.5912,280.698,331.627,291.5566,282.3434,323.1969,299.8044,175.487,181.6,174.817,53.7074,86.9172,81.8222,175.422,300.3947,181.074,39.1257,172.052,170.525,175.322,166.816,268.8386,184.917,36.6208,329.522,296.8653,89.6068,291.003,193.584,146.312,146.524,173.066,162.37,301.4821,160.234,290.3866,300.4594,184.203,306.3977,151.266,337.9311,327.01890000000003,181.053,272.00149999999996,82.8658,140.025,94.4317,329.5405,295.3763,306.6943,41.1586,176.869,192.025,47.6636,193.031,308.0426,190.463,179.013,183.741,359.364966,292.3124,53.7812,102.331,174.786,88.8788,197.232,190.38,125.465,134.58,46.2543,78.2458,243.799,70.9173
605,66.6305,26.835,188.229,187.451,73.4795,194.257,291.1866,171.025,290.876,81.2043,167.19,176.865,178.745,183.281,176.859,164.113,56.9273,305.2596,307.951,166.988,200.201,272.6093,325.8441,193.355,304.9608,337.862,307.1421,197.731,172.765,179.841,68.7757,89.2346,57.2648,188.573,44.7628,164.475,26.3059,170.371,155.352,305.3558,172.757,275.4603,164.431,32.3789,304.1786,239.06799999999998,74.7555,304.7394,289.4444,63.366,164.728,160.741,297.7999,160.38,180.791,154.427,73.0985,164.024,287.9194,65.8321,282.1795,339.4499,184.673,289.0442,102.137,53.0748,87.7534,357.33777,175.314,297.0074,39.5749,72.4774,288.5861,64.3797,184.32,310.2392,187.053,21.3656,186.047,3.90152,280.9902,76.9278,77.4056,175.091,96.4379,49.7424,189.582,156.711,166.838,347.179,69.5202,268.79470000000003,171.87
606,195.24,335.0757,103.851,102.903,65.6641,174.919,331.4778,173.789,193.927,78.4125,174.575,295.8125,187.57,295.146,185.174,205.486,75.7926,304.7544,173.604,179.156,297.1531,280.09659999999997,319.4847,73.7064,312.5076,339.8869,303.4993,179.223,206.046,168.099,58.0958,191.526,54.3429,161.919,308.523,173.6,33.4786,170.816,312.3522,290.4689,177.439,279.65139999999997,170.453,38.4824,3.02114,288.733,146.263,299.7275,288.065,63.1358,177.11,161.696,158.113,63.4894,165.013,172.919,62.8683,160.012,183.265,177.249,98.8115,308.9376,183.376,265.7971,93.1886,60.8766,81.9607,293.94870000000003,270.4113,294.9635,323.5944,176.306,191.329,59.3363,202.177,303.6326,183.479,358.85366,179.552,14.9227,272.6459,63.5905,69.4084,204.795,81.4671,291.3197,178.897,122.202,161.085,141.913,94.0712,273.275,174.551
607,68.4282,45.4449,303.8748,176.601,105.662,178.097,323.1521,62.233,183.177,100.714,183.91,53.8492,186.621,280.6893,182.623,182.728,66.0236,319.4607,167.422,297.36,318.7794,271.1228,329.0223,68.5793,323.1027,339.0383,297.3838,186.044,159.387,185.434,69.3477,179.525,61.5414,171.4,304.6806,173.678,30.7055,178.29,15.2579,294.9416,171.048,275.3965,164.646,48.7162,353.04207,266.5854,102.712,302.5342,295.8665,56.8741,154.681,154.73,158.942,299.3852,154.146,193.16,66.8642,174.382,166.341,173.982,130.781,338.1896,167.331,265.9908,90.2222,52.5599,96.4138,319.5569,275.6492,301.65,47.4086,176.897,284.3895,61.2969,199.459,314.9865,177.295,1.8529,212.041,320.8375,289.5674,59.7388,90.4519,175.772,95.4136,298.3802,175.069,127.676,151.378,175.177,80.6578,189.58,170.48
608,77.6723,36.3567,171.713,70.9188,83.0416,160.437,321.1288,73.2771,289.8951,92.9463,295.2318,306.6291,190.596,301.4019,172.663,184.278,52.0998,313.3969,169.04,188.776,199.855,242.186,324.3096,307.1482,299.4061,328.9471,306.3456,189.155,189.633,157.998,56.4189,186.833,52.4423,177.496,317.9309,174.714,23.9569,148.685,211.029,301.1031,165.076,261.6264,182.202,43.0751,351.14623,270.0199,134.101,307.5053,293.5194,65.5618,312.0705,159.581,189.193,303.3354,188.938,189.696,314.4468,165.772,178.921,76.53,348.2172,7.94336,203.526,260.0169,110.212,42.6227,107.195,336.6947,73.649,291.1628,37.3728,72.6442,207.159,78.6366,179.85,303.6183,190.453,357.19187,172.858,358.64807,307.8424,68.4574,82.7628,200.476,88.5666,192.927,175.767,146.995,149.149,173.774,111.333,281.142,195.942
609,298.295,27.1954,296.1406,185.408,72.7814,161.342,306.91790000000003,180.592,199.559,75.294,170.545,297.9274,188.074,285.6431,159.536,182.203,171.325,299.6396,183.182,196.054,316.1558,285.7445,326.9781,298.3175,306.9895,2.52958,306.9292,156.265,184.082,162.807,49.4462,88.1691,60.9677,168.273,296.9563,184.129,34.6963,177.98,211.902,198.032,181.201,254.709,189.943,38.3645,340.4785,284.2567,85.832,295.6962,287.7072,54.5937,309.1031,186.115,182.088,308.12149999999997,162.894,197.503,294.7887,159.414,296.5218,56.3597,358.70818,316.1503,193.736,235.464,97.5025,62.7193,107.965,328.62,65.5104,286.8665,38.4963,157.873,278.2018,50.6582,184.728,316.672,180.529,184.027,196.339,4.76311,270.5126,73.869,80.5628,181.002,94.8784,179.98,172.309,165.531,153.828,330.0942,82.1148,263.6016,184.067
610,307.1347,40.6146,188.849,284.105,74.8845,179.168,298.4115,185.768,191.297,65.5141,194.688,284.5046,183.503,292.7307,174.13,172.621,75.7539,303.4942,177.183,186.6,52.3435,301.1278,319.1499,296.2289,310.3996,337.1775,300.80060000000003,188.599,206.832,177.947,72.0027,86.9823,60.8433,153.546,305.0708,167.768,334.0402,154.963,343.3203,176.944,173.245,256.199,180.396,28.6758,332.1832,273.9817,88.2141,312.0292,298.9216,56.2261,308.2395,185.417,166.107,290.8373,191.925,199.741,328.067,180.537,321.2597,170.472,350.78986,295.7261,182.814,252.91500000000002,90.2139,149.582,89.6231,321.0619,69.7948,282.6485,32.4255,173.482,293.0847,56.3678,309.1161,306.7957,163.74,359.815977,183.112,10.1501,282.4887,59.9362,95.7772,192.705,98.0525,200.291,202.711,150.396,151.015,354.5858,61.5547,252.64600000000002,171.386
611,178.861,36.2035,191.683,171.618,83.058,172.134,323.0878,172.526,204.458,88.1615,175.381,183.623,189.259,280.6491,170.111,176.373,148.528,73.2395,190.271,192.823,36.3532,266.6424,327.4227,293.5612,306.4132,322.7887,301.776,191.199,182.207,189.009,56.887,86.4702,44.7828,168.905,316.4456,165.666,24.6136,157.795,178.852,188.41,175.329,256.721,183.231,33.2439,345.8352,300.6629,3.35686,289.5415,191.422,151.786,321.8379,302.4653,161.801,291.0203,200.865,191.767,305.6081,180.864,297.4755,165.082,311.5629,334.8859,185.12,272.9808,92.8236,154.326,90.8263,333.5489,52.0501,292.9842,19.6303,157.588,282.9532,57.2606,279.8009,321.2982,190.622,18.0975,191.066,344.7711,266.4486,54.8028,98.0911,174.951,79.5482,199.186,191.541,130.512,158.602,54.9899,85.4381,303.0146,174.43
612,282.7923,46.4901,156.722,166.951,55.6985,179.188,316.0517,169.729,284.4442,257.379,158.923,165.209,177.478,271.5703,178.704,181.918,83.2405,46.8531,197.653,208.548,298.7811,275.69,320.8716,292.2733,289.1071,326.3333,325.0999,181.278,170.658,171.633,75.0431,96.7155,42.6001,295.7469,46.868,184.178,35.2967,169.274,156.807,50.181,172.335,267.41949999999997,160.564,35.7572,353.30937,308.3532,155.737,292.1137,177.047,65.9565,307.6349,186.994,141.845,303.66020000000003,173.314,157.442,303.8906,167.688,282.4964,79.8634,290.2237,347.9902,164.563,269.84860000000003,98.607,103.027,90.4892,324.2481,276.2796,306.3931,30.9446,156.855,189.762,70.0463,130.317,307.1279,176.916,1.11754,173.7,2.5439,286.7607,50.5445,94.4883,188.87,90.244,202.604,183.976,148.327,159.71,47.6955,62.9346,271.2097,179.658
613,306.6589,36.7121,148.054,294.6615,80.097,174.449,315.0951,208.256,190.025,247.77100000000002,185.656,317.2158,178.272,181.867,181.572,164.215,161.269,44.1438,196.382,162.317,290.37760000000003,279.2432,312.1066,187.496,305.7453,322.3222,292.0842,174.061,186.564,176.855,69.8714,89.3068,45.4178,302.5878,319.58050000000003,182.586,34.2017,161.06,130.988,54.4608,174.672,271.1786,191.136,32.6233,177.421,280.0211,359.794667,291.0865,304.6843,78.9408,314.3036,172.753,159.382,303.496,179.139,184.613,307.3264,167.059,281.9366,84.4769,164.2,2.55909,51.9986,253.749,79.0429,78.6731,94.0026,347.2503,276.99379999999996,305.79970000000003,311.061,174.8,203.165,63.7636,180.181,318.1443,174.456,357.82386,186.116,358.58906,285.99670000000003,64.9122,87.0815,188.473,90.6214,188.375,168.408,137.59,136.982,225.241,99.4804,246.124,179.189
614,174.01,29.5306,197.089,292.8802,85.8302,176.199,193.663,284.0856,182.947,61.8861,150.661,318.33140000000003,191.716,162.681,168.671,169.748,183.381,67.5916,194.777,171.447,291.9695,276.8819,322.8351,179.755,312.45,38.3249,292.4894,184.38,188.842,175.772,59.6189,78.5686,50.3714,300.7746,324.3264,172.462,34.3988,149.826,335.5795,183.01,188.737,243.582,154.547,37.8661,181.738,278.20050000000003,88.2461,299.4132,308.8277,70.9288,308.32280000000003,164.288,172.724,311.6459,170.732,185.884,296.6398,167.758,56.4777,84.0144,163.907,10.7236,48.5733,290.06399999999996,99.0964,138.128,84.4273,341.5451,306.0495,286.7374,338.2688,186.413,291.7363,55.3235,206.492,299.5102,291.8307,17.0789,186.196,345.3837,273.3994,54.0837,88.1844,175.027,87.902,188.1,163.297,150.223,123.995,334.6137,88.0834,162.986,185.238
615,76.8612,29.184,196.871,301.98879999999997,61.2647,181.368,172.732,272.6358,189.174,100.517,215.468,297.2717,173.64,163.327,199.351,56.0025,182.855,49.4121,203.027,166.389,167.01,251.885,339.381,193.007,318.6964,322.6524,294.50239999999997,202.56,182.713,177.672,68.2215,68.2696,55.8937,287.1671,284.99739999999997,171.163,40.9849,164.264,310.2213,306.2405,172.904,289.0173,170.629,45.7999,185.438,266.2654,189.272,311.1318,295.799,45.3496,301.8054,167.627,205.757,302.3446,182.269,172.864,282.4756,175.317,299.7909,74.7732,345.7428,350.87805,56.5726,276.4556,116.859,67.1953,135.908,281.58410000000003,287.10720000000003,297.8028,41.4163,156.317,286.0028,58.2562,290.803,316.5422,167.102,2.1943,298.8007,347.4297,290.6458,47.7814,74.7326,192.71,94.089,180.847,152.303,155.655,155.45,195.779,86.166,275.9951,183.199
616,69.8218,25.031,169.058,286.5197,76.0828,188.539,322.0831,266.5098,297.9523,59.0277,171.28,321.8501,188.776,156.041,200.074,73.947,175.506,47.3086,183.639,183.716,166.0,292.4042,323.70550000000003,183.55,286.0979,25.0078,290.12170000000003,192.879,174.72,176.283,54.5292,73.6649,64.8966,297.1134,291.2965,168.132,327.4851,166.44,351.2024,313.2239,175.574,264.1834,173.023,41.0872,2.71209,285.5784,49.7972,293.4551,267.6874,133.884,297.9068,180.023,165.456,317.5406,181.241,169.588,286.1539,178.428,308.116,81.6561,276.1816,338.2196,57.6966,287.7824,101.47,133.504,90.2927,306.2761,285.41089999999997,303.4188,39.5814,174.66,310.4619,46.3225,296.0588,315.4671,186.902,4.69776,176.942,8.11373,283.3661,50.7631,91.1047,187.462,105.317,189.856,178.157,125.354,145.165,110.169,86.1915,253.36,180.569
617,65.3174,33.7184,86.8708,297.7171,105.824,174.53,303.7893,285.2584,208.977,77.7711,104.373,346.9168,186.433,183.372,182.289,54.7904,59.351,77.6806,178.354,203.075,290.6325,264.7412,320.1053,189.756,302.43330000000003,318.8218,294.3971,172.945,188.038,166.079,60.8853,81.7577,68.5397,192.354,296.72,179.82,39.4925,160.685,162.121,291.9605,159.556,266.6462,178.861,35.4709,334.0166,305.022,256.188,295.712,303.8081,68.3124,152.306,192.899,187.752,298.2058,153.79,299.7021,67.6768,177.802,181.487,171.389,326.8152,12.4164,44.3761,270.3115,108.686,146.139,96.7942,346.6558,251.731,294.3188,326.3252,169.03,255.346,60.7021,171.39,290.0358,180.66,20.2157,173.936,21.0834,282.807,52.95,96.1525,194.233,86.7135,182.304,184.83,133.734,145.083,179.625,72.5635,275.0457,158.706
618,47.2732,43.6743,157.132,302.8191,76.0088,189.444,314.5139,310.2814,198.02,62.6898,159.293,167.611,172.534,162.622,177.587,56.8493,61.9088,58.0901,178.009,192.349,182.202,267.1935,324.72270000000003,193.167,300.2367,332.8206,309.0347,148.983,188.534,163.265,64.8973,88.3562,43.3626,164.815,303.0683,181.145,325.068,163.032,358.11411,278.475,187.15,277.5142,158.517,26.7113,350.63588,329.4726,350.17011,302.7264,201.703,60.6477,308.4492,154.806,195.889,311.8734,176.805,170.415,40.962,168.386,187.278,173.893,8.30945,348.4455,51.2292,261.8511,108.967,61.5042,97.3292,336.4592,299.9336,299.7641,34.0331,146.831,310.8648,73.2691,188.544,305.5394,186.206,342.9428,158.611,29.6194,279.8986,54.8747,77.7083,198.026,107.723,188.387,192.244,169.175,173.135,301.6731,74.1413,88.8854,167.385
619,73.9774,28.8382,158.444,305.9166,75.3423,292.3406,308.9588,296.8802,204.614,73.1549,162.741,302.5913,186.998,281.9458,177.598,300.4997,59.3044,67.4904,185.715,178.033,311.3836,281.8262,320.26,190.337,325.5253,24.9042,283.502,171.447,192.172,175.592,51.059,94.3148,46.0149,186.841,320.5653,172.272,344.9687,159.0,158.368,301.8462,200.446,259.871,164.36,40.3414,340.4074,243.685,101.891,298.9404,303.8732,80.167,168.798,174.898,184.762,318.0114,199.958,285.3152,71.0943,172.595,293.3934,178.287,4.09168,21.2506,50.0964,266.7671,93.9541,74.9323,100.609,328.0523,283.2994,294.0686,32.13,184.576,275.63800000000003,81.601,154.927,307.5014,179.482,0.300648,182.852,322.0863,270.3749,49.7004,93.4092,201.167,91.3309,204.168,190.233,140.523,166.141,354.58974,84.0839,279.4863,180.86
620,303.0165,45.3584,168.922,175.037,83.0995,274.1673,321.1955,321.9729,296.591,73.6767,188.608,316.7721,185.581,153.661,183.905,167.583,278.2002,66.9752,182.524,290.27909999999997,155.311,286.6163,325.92,195.053,302.5487,321.4573,310.1524,187.147,193.494,165.543,57.0864,82.5636,52.825,176.487,311.7438,178.744,30.3603,156.892,175.588,203.436,197.472,248.481,166.008,36.9346,358.60654,305.7669,124.076,309.7962,278.2085,81.6541,298.036,157.772,162.376,310.2744,182.272,166.561,51.6946,162.552,307.242,66.0017,5.57443,359.651069,171.553,262.2878,116.76,81.2452,110.441,335.5185,261.1357,298.8967,37.5477,168.09,279.0175,59.7724,191.112,310.4232,182.932,10.7599,199.051,17.6386,285.9222,46.4978,88.3754,192.012,101.38,187.546,71.6805,122.31,157.476,322.3604,91.7571,272.1759,185.998
621,295.5843,39.7148,188.123,184.704,101.732,284.326,314.65999999999997,278.8598,296.0714,72.2016,156.194,307.7629,180.862,164.717,181.436,245.93200000000002,46.8822,61.8284,99.7829,194.973,191.838,283.1348,32.2646,186.652,310.3096,322.8214,300.7191,186.621,180.849,173.461,57.5168,183.031,59.0981,93.6206,56.4576,174.467,19.1653,163.369,160.943,183.435,163.096,272.84860000000003,154.68,37.3208,341.6559,289.67359999999996,342.7734,297.2013,322.1919,61.6474,182.613,172.91,165.096,302.3791,172.877,270.2982,64.0809,159.393,169.226,162.634,266.8193,36.5641,199.932,269.2351,127.703,71.1417,90.1399,319.6391,299.6669,299.8634,29.3761,169.724,309.54200000000003,65.8745,197.186,301.707,203.387,153.005,156.753,50.9834,273.4368,50.313,95.733,192.702,97.2473,182.573,83.8977,134.903,154.664,30.8356,94.1073,82.4967,203.035
622,302.58979999999997,340.5978,199.401,178.628,77.53,292.8455,312.0085,295.161,298.4674,70.6642,163.703,324.2139,182.844,304.1547,171.695,158.568,69.4684,45.0683,162.258,202.179,184.765,286.12829999999997,319.5433,182.072,310.4678,333.228,316.1639,173.175,184.821,181.077,70.2237,183.46,45.8617,167.063,290.0153,168.132,317.2663,170.26,20.7029,292.2558,165.23,278.8129,173.332,37.1215,336.3615,291.3153,128.905,301.4605,289.2015,62.7427,59.2677,182.617,160.081,156.592,167.746,302.3736,66.4885,186.607,184.715,174.713,321.1721,10.5405,173.828,272.712,94.4492,56.6838,172.65,313.0045,252.37099999999998,300.4295,31.9204,159.527,306.9371,75.1207,293.1941,300.3285,205.82,174.685,187.105,40.8614,257.403,73.0636,77.0804,184.82,105.092,182.524,176.275,132.168,169.626,176.658,85.3326,304.9317,156.277
623,287.9827,33.1849,192.643,185.784,78.9621,282.12739999999997,304.9058,280.7287,317.5536,64.9691,178.854,164.415,184.639,289.9237,185.439,170.259,52.1228,54.0339,184.476,295.0047,158.314,277.12239999999997,327.0595,193.076,183.813,28.7525,294.7634,291.5176,199.838,183.806,62.0279,163.359,51.7318,67.291,283.59860000000003,159.111,36.0692,152.346,16.1768,276.219,179.875,250.642,181.123,38.1212,8.39696,275.4697,160.57,310.7891,282.437,33.9757,73.7294,183.464,155.15,194.564,169.732,294.5867,59.2257,170.361,90.4815,167.231,11.4966,336.0932,54.7527,283.21320000000003,96.4125,73.1308,95.6153,337.3284,260.8725,270.9026,42.556,167.962,314.9992,52.1117,281.3034,302.8437,185.667,168.376,173.289,15.5562,256.16700000000003,56.2035,84.4323,194.498,67.2179,185.951,181.194,188.855,162.781,158.895,85.0085,268.5713,292.6306
624,172.711,38.827,177.547,180.007,63.8073,298.2006,306.4237,293.0173,291.616,57.8411,161.032,308.51890000000003,188.697,144.427,187.358,180.243,282.7007,82.2976,176.01,188.05,295.5642,267.6979,325.4719,62.0546,299.157,329.09929999999997,304.793,185.23,170.265,183.836,57.4479,176.67,42.9093,66.1884,172.299,165.122,43.6883,154.374,315.7637,293.5399,174.744,282.2037,165.58,39.4219,351.83996,277.6958,106.647,298.0095,334.8303,64.9657,168.895,161.792,150.359,180.304,190.127,162.721,48.6517,162.07,303.1937,162.601,131.723,7.0351,309.7496,247.168,86.1522,56.5063,118.994,326.0365,256.244,317.9613,322.4441,157.604,238.41500000000002,66.8762,286.7519,319.3816,187.701,164.986,177.625,11.5,282.3429,80.6531,99.0056,175.487,98.8612,57.6418,159.916,149.89,163.303,140.168,76.0391,251.303,182.279
625,181.17,36.6946,169.982,176.399,99.5997,291.5922,325.5961,308.0085,214.527,62.0476,155.819,188.015,184.841,162.962,182.586,186.431,298.9067,76.0472,187.003,180.271,308.1359,286.83050000000003,330.4402,298.62239999999997,318.3414,320.8379,309.0803,212.213,198.115,176.156,88.4434,192.656,64.2641,187.164,318.5123,166.804,35.0099,150.091,354.1067,294.0419,160.571,288.88,177.897,37.3857,7.88576,295.8556,111.906,292.1021,299.359,44.5707,169.203,158.928,141.052,161.541,188.353,189.045,52.5538,174.391,181.654,158.59,133.64,310.0836,319.2223,287.479,95.3094,131.991,101.327,315.5687,272.113,298.3949,47.1065,179.99,189.996,57.67,281.8007,310.5078,198.228,186.255,172.108,26.4451,258.11199999999997,36.7488,80.9007,193.266,109.167,68.1284,301.6017,128.123,155.903,336.8245,78.8923,266.8309,166.201
626,187.535,25.8335,295.91769999999997,77.1825,96.2902,177.4,326.4099,288.8559,193.422,99.4273,193.432,184.051,179.113,156.68,180.964,171.413,186.853,67.3402,192.156,300.4437,337.027,297.0822,327.4088,298.5774,310.3739,314.5938,312.6781,166.125,193.553,179.956,60.8764,193.747,52.3719,308.6281,276.5951,186.201,329.3556,160.519,68.0532,294.7382,175.252,282.1427,163.357,36.4327,352.40455,274.01120000000003,332.5525,290.2429,327.41020000000003,52.0879,170.232,192.147,151.371,168.834,179.765,159.057,51.1478,162.173,162.842,160.11,333.1339,338.7062,310.0613,276.36879999999996,106.807,64.6711,101.626,330.8871,308.723,300.2416,44.4317,148.102,195.154,46.9033,294.56780000000003,313.7562,187.706,151.862,178.069,2.51186,300.1108,66.0921,87.6946,207.019,108.294,299.09680000000003,147.98,134.527,158.466,157.905,85.9004,268.9107,185.3
627,147.092,35.6387,185.072,182.065,85.4264,161.155,309.2105,279.4509,308.8571,42.2873,185.946,161.642,188.448,173.167,189.451,176.888,166.456,64.8895,169.149,162.93,305.0233,279.9999,334.6653,298.54,308.1302,327.7495,305.4846,188.794,197.869,169.523,62.2396,183.914,44.7776,298.7473,292.0759,178.503,333.5601,161.081,350.90373,285.7107,178.503,267.60699999999997,179.876,31.8575,336.7788,277.685,128.35,296.775,309.94,60.5193,150.251,180.65,168.71,317.139,155.395,187.89,57.4799,162.087,300.8816,166.175,338.3798,0.197484,305.3913,279.6168,127.837,88.5954,154.943,318.7798,260.8859,307.5786,39.7559,154.038,303.3918,66.0395,284.7201,302.7581,195.22,11.3564,182.338,9.98946,280.42719999999997,38.7754,88.9715,189.634,100.121,305.0179,183.815,131.822,155.718,295.3392,97.8316,278.6882,169.604
628,38.3131,39.8035,72.7908,222.478,107.584,169.672,328.0281,283.2023,183.624,50.1128,167.67,45.5916,176.762,183.134,190.949,177.973,51.5606,57.729,173.413,190.639,293.02930000000003,274.3028,325.7318,179.577,299.1371,331.0685,309.3243,181.122,159.505,173.021,61.3014,184.615,69.3331,313.9048,327.0967,181.436,318.7788,152.818,343.1537,289.6625,169.839,263.1483,168.443,32.9251,149.671,291.3533,93.7139,306.3428,304.4476,63.8486,59.2618,169.265,161.976,161.714,187.682,181.17,61.5998,173.157,313.1052,188.331,336.294,336.5738,307.7241,266.7563,128.726,77.1132,90.0599,317.28340000000003,283.77909999999997,293.7433,32.4331,176.3,310.7961,52.9315,281.534,314.5519,190.278,345.4876,172.546,327.9017,283.1748,58.0778,72.9633,167.682,90.8356,297.9993,183.458,180.389,147.107,201.148,102.17,284.3763,57.755
629,56.7846,35.5172,133.917,147.009,93.2737,182.761,302.1348,291.5223,174.414,94.3344,158.451,301.5086,194.257,189.642,200.073,159.261,155.684,53.2495,164.872,185.148,301.5013,260.7825,33.1889,177.7,313.6538,343.0547,307.9609,189.187,153.412,170.313,74.5035,180.259,38.225,293.0868,313.8698,181.649,345.5846,177.447,148.01,300.0175,193.92,265.79290000000003,149.421,40.9293,332.0866,263.2254,108.846,315.9538,290.5453,50.0623,315.2266,177.901,181.249,156.194,154.003,161.763,48.4183,156.217,176.011,65.3419,337.0461,346.1286,298.7588,270.3271,98.0085,76.2837,95.8434,341.9653,267.57,291.2461,37.2629,154.107,285.5578,54.285,301.509,317.7275,187.583,329.7617,189.416,19.6688,285.02660000000003,48.109,86.466,194.625,63.9417,278.472,165.036,163.23,170.764,143.206,83.0633,305.4756,174.039
630,62.3715,36.6922,109.463,288.7382,92.8062,181.937,311.4986,300.7184,304.4922,92.5289,186.097,308.245,187.165,175.233,212.63,173.618,67.4263,61.3106,192.038,178.567,170.645,270.77750000000003,321.8608,173.894,282.4686,337.0245,288.1297,172.767,195.272,165.959,72.3233,106.904,51.0092,298.37149999999997,180.936,174.42,38.472,174.667,165.719,305.0874,205.845,299.7067,158.144,35.5633,347.2206,260.1338,313.8901,297.6384,191.674,73.3595,293.63530000000003,184.928,180.677,151.929,176.1,192.14,66.822,167.446,166.403,168.29,30.2854,3.84448,321.9798,234.51,85.5471,77.042,89.7917,338.3968,83.4674,286.63120000000004,47.8097,157.581,192.461,76.2702,300.6845,304.1468,187.867,170.534,174.123,347.0046,280.4257,54.3091,105.028,191.718,91.88,286.4762,176.587,193.558,151.519,327.6576,111.826,274.3731,169.596
631,285.7556,44.7641,185.526,302.6394,81.5015,171.885,312.4522,299.8781,288.4814,89.3953,151.666,283.342,175.338,82.5594,173.264,162.883,62.6419,72.3191,185.564,189.023,185.263,271.7475,324.36469999999997,52.1999,308.7057,32.2989,314.5318,167.416,173.125,183.63,50.6903,191.271,63.9926,291.5577,296.6162,175.849,325.2894,150.849,163.807,287.7393,193.067,280.3374,176.741,28.8452,340.5025,271.1495,104.742,299.7585,289.5792,71.6263,304.1939,177.409,179.113,161.668,191.154,205.613,174.877,175.711,308.9689,192.012,167.615,15.6768,298.6414,262.3066,102.692,75.1817,96.1273,327.1623,84.9929,300.259,44.0186,153.233,250.56,60.7891,285.5935,301.0244,195.976,178.141,183.332,353.1625,280.3435,68.863,90.9462,187.795,79.8492,308.297,187.459,179.371,149.85,18.9601,70.7824,271.7058,162.846
632,305.9463,37.4788,181.675,306.8637,100.418,188.178,57.7487,274.2374,194.375,251.351,160.793,297.1222,191.109,278.7637,192.024,170.955,163.397,69.6102,278.8245,296.1611,185.797,301.3768,334.1553,197.444,313.1205,330.2974,302.2622,186.48,174.178,172.693,59.9278,184.443,70.8939,301.6617,278.0235,179.165,39.0822,149.181,142.876,285.1093,173.785,279.38890000000004,160.756,43.34,343.0131,243.02800000000002,251.684,310.1347,183.035,58.4633,165.305,180.478,143.903,283.8822,169.906,157.008,47.7087,164.649,302.5192,168.945,304.0725,57.6236,311.5158,286.5632,87.2717,63.4152,170.777,346.5112,29.2781,293.2332,42.4171,168.153,305.3396,75.5692,188.618,310.3517,84.7381,359.429443,189.596,339.844,293.9361,63.1059,94.9982,181.814,104.531,187.624,178.257,131.002,155.279,10.4141,81.841,310.6595,84.8303
633,293.5346,28.8543,299.3594,312.3831,73.8594,185.085,310.7323,309.8139,309.1011,223.174,194.026,300.7108,183.81,167.118,192.084,168.837,149.333,72.7731,177.736,191.54,68.3552,263.07550000000003,39.4413,196.928,300.0461,326.1259,303.0396,182.271,168.87,154.838,77.3942,179.917,60.4274,309.5271,319.4117,185.891,34.8731,154.358,317.0702,296.9794,182.464,288.5347,153.05,31.0205,326.3949,283.8989,343.7128,297.9335,295.587,71.1275,187.242,168.869,174.746,291.1783,183.248,188.115,194.465,181.174,303.4877,166.1,304.485,356.30089,314.6197,255.832,103.4,64.3441,163.764,349.874,41.3733,288.7821,39.4676,173.364,201.963,42.9633,174.963,307.9106,286.3755,174.437,186.8,25.1394,297.1812,52.8095,88.8923,182.042,93.3561,307.3803,181.299,112.504,164.643,17.2644,93.0289,329.7639,79.6643
634,304.2765,20.9483,300.1944,302.8137,92.2926,176.51,306.0412,291.6648,188.264,245.45600000000002,49.6337,302.56510000000003,185.83,170.288,188.3,168.193,176.751,58.5309,166.215,175.043,174.544,272.18330000000003,322.4033,195.351,318.0136,320.8254,299.748,178.911,191.805,168.33,73.7184,178.158,70.8541,293.33410000000003,298.2023,179.219,37.078,152.846,337.4415,279.7643,199.587,269.0769,167.662,28.3663,8.74954,280.5168,97.7713,299.3739,278.93600000000004,62.6929,180.56,103.707,310.7931,291.1039,178.778,157.421,56.1521,172.028,317.7046,151.505,341.38,349.1539,305.41179999999997,253.014,109.626,63.6734,178.525,340.2254,74.1889,287.0925,45.3532,155.119,315.2751,67.9487,177.361,304.6608,290.3508,187.382,188.48,0.175081,307.8453,54.259,99.3901,187.44,84.0049,308.0673,168.147,142.483,168.83,326.945,87.0685,240.029,57.3432
635,190.551,40.0501,162.27,289.5836,65.5643,189.244,283.0609,284.5796,208.082,252.969,95.0853,21.0349,177.267,192.483,188.203,174.558,177.238,71.8877,156.314,186.791,324.8513,291.1133,317.6218,153.095,298.3364,330.8744,296.7657,178.099,187.854,179.05,78.0607,184.553,62.043,301.4686,299.4013,65.4859,325.4629,169.228,152.454,58.4007,198.596,235.253,154.844,26.7283,117.405,262.2928,3.91048,308.5775,287.69079999999997,67.2593,159.069,174.528,165.109,292.55060000000003,203.606,173.533,69.4634,169.388,282.172,187.897,140.551,346.878,299.2578,267.0643,105.523,64.6975,161.87,331.3314,94.7163,297.3849,38.2136,166.556,175.883,47.3095,278.6101,302.6804,193.445,187.3,176.813,17.5671,293.8295,66.4133,88.1884,172.781,98.3632,174.909,178.643,130.14,143.225,336.8361,91.3267,271.1993,69.4249
636,291.453,38.0344,173.821,305.4353,98.4695,182.137,177.396,297.8834,203.258,255.113,175.509,307.8614,190.601,306.39459999999997,194.21,241.652,61.3517,59.898,176.448,270.6667,285.3259,296.1858,37.2837,182.34,304.0846,334.0305,313.2073,308.7862,197.168,172.205,57.4886,192.073,77.3536,297.6583,331.9445,60.0314,39.3023,163.631,343.8079,176.204,172.672,282.9921,158.82,32.0176,162.241,300.1443,90.3998,295.95,301.1656,55.4955,70.0467,172.605,155.295,165.913,177.395,167.247,58.5549,166.937,319.6314,164.654,344.81,326.9931,316.9079,256.874,95.5577,67.6182,105.027,332.1373,45.4191,307.1755,327.5566,179.912,181.092,23.711,310.6726,311.1788,178.819,196.198,171.962,353.77492,283.4565,66.6533,92.8735,180.633,76.1731,283.8277,183.061,344.346,154.38,329.0763,86.1636,286.3333,71.4847
637,301.12850000000003,35.4757,180.725,167.869,90.9193,183.687,286.5396,283.86879999999996,189.542,224.486,89.625,302.8348,181.35,213.467,179.284,173.918,55.3044,60.6899,171.376,179.147,301.1304,279.7387,316.8112,185.064,307.3124,345.2795,283.1785,192.331,191.35,180.395,67.0845,202.049,39.7342,293.2262,185.718,164.028,40.1309,148.685,344.5796,197.618,185.847,279.8692,167.265,33.9322,198.044,269.371,87.9652,301.1995,297.1689,54.5021,149.089,188.648,157.805,315.2959,183.101,57.7119,52.7946,168.879,205.292,187.383,336.2684,349.8399,59.5774,275.8828,110.607,54.56,106.165,105.122,271.8126,294.544,34.9343,171.12,309.3319,72.2761,299.4663,307.8544,192.504,185.828,199.744,51.7693,296.1817,51.6926,79.7379,209.666,86.4475,289.7036,193.129,333.02819999999997,177.792,175.669,75.6551,260.654,66.0491
638,291.7763,39.046,157.749,182.322,78.411,187.906,297.0133,283.756,189.46,255.715,60.6715,174.983,182.708,189.031,166.879,163.803,169.908,70.5129,267.2575,66.0561,303.1253,290.2019,329.4708,188.196,318.4397,331.2538,302.162,193.695,193.757,168.769,55.2965,160.141,77.4242,292.5508,210.999,190.795,30.3763,184.795,310.3748,301.5093,201.165,270.7965,172.352,36.3256,174.493,284.3979,355.89643,313.529,303.5323,75.0207,102.5,183.503,182.862,157.514,180.525,63.0821,59.7424,159.818,322.2266,165.318,347.4281,312.0696,309.7376,259.041,82.1719,148.357,100.261,305.5305,256.556,300.2242,34.5598,171.559,276.3882,48.9929,301.6999,326.8019,192.554,178.164,183.891,8.1028,306.5869,49.4603,83.9337,167.834,74.2126,297.8296,186.261,300.6988,155.154,166.467,86.9431,75.8288,53.203
639,277.6113,37.6386,183.249,309.9059,72.6693,183.029,283.1123,271.8793,301.5853,271.5235,180.064,194.916,186.016,173.619,208.315,151.665,179.466,71.1551,164.315,183.557,337.0223,271.2608,36.4249,195.247,286.3777,312.4544,319.3866,190.835,193.119,168.518,74.7903,207.578,68.2759,294.43420000000003,171.564,176.593,35.8872,185.391,162.106,150.205,201.876,271.5443,162.945,37.0107,134.275,301.7923,88.7024,303.8428,294.4661,56.149,90.2671,175.286,169.201,155.88,175.022,60.3586,56.3348,174.312,186.898,165.17,103.224,58.9497,73.2581,249.475,89.6108,158.693,93.2617,296.8225,291.3514,289.9799,343.9801,167.346,172.95,81.4266,178.585,308.6716,175.719,179.663,181.193,18.3432,313.2708,61.6463,71.7819,190.947,92.0585,182.123,185.425,322.6599,157.905,356.9355,84.4631,85.3103,57.7513
640,293.4512,37.0135,173.149,308.5851,90.3688,147.81,310.8529,278.5617,288.8254,254.66899999999998,178.189,168.612,177.295,159.982,183.075,162.015,173.248,46.2615,298.2902,283.7702,349.3863,285.8452,325.3417,194.472,318.219,325.4134,296.2317,167.018,206.483,184.759,66.4692,192.759,55.2251,288.5652,206.284,180.126,47.1352,62.7609,321.4371,191.493,190.96,261.25419999999997,167.095,42.686,180.586,268.6717,359.738496,291.331,308.85360000000003,59.331,87.9933,171.082,191.079,298.8009,189.169,192.869,42.7008,158.832,178.763,159.011,323.4483,6.37569,315.1801,249.12099999999998,97.6779,59.5719,89.7546,345.4183,291.7051,299.312,35.9902,159.016,77.0906,55.4015,81.4942,310.8887,193.096,185.121,151.391,6.99478,321.4423,66.4152,86.4469,204.89,91.7842,181.587,152.813,307.9201,321.7483,31.5666,83.6531,62.7456,85.8724
641,299.571,38.7283,73.1542,291.5493,57.9421,171.222,294.6081,298.4304,293.6631,264.3899,174.443,178.951,192.779,169.37,183.284,173.68,155.634,60.8671,290.2195,177.586,344.7545,280.2595,32.4222,187.154,308.1023,335.5812,293.0414,184.069,178.427,167.843,67.396,199.66,63.4925,295.1579,325.7598,189.177,34.7894,37.8601,296.8066,179.992,203.105,290.5147,166.389,20.3228,347.5648,297.6984,123.18,293.366,208.475,61.3407,106.521,216.301,180.086,46.3462,191.321,50.3373,55.9752,179.55,185.228,175.498,301.3621,15.6272,196.772,257.12,100.637,56.3858,93.8467,341.0437,264.8784,299.3402,33.6526,177.809,269.9541,64.4818,193.447,331.4166,157.975,75.9953,182.916,45.7497,298.0449,165.415,94.8608,194.221,66.6777,205.105,188.636,336.9967,317.8342,166.914,71.223,63.7302,59.7896
642,298.9874,322.2549,143.374,185.575,77.9569,185.49,299.9984,285.1894,196.474,214.482,183.036,313.7186,188.328,265.7632,197.292,178.597,58.8912,52.8467,298.7034,279.5437,313.394,267.4708,315.6513,188.928,315.5284,341.1386,302.6458,174.542,176.858,175.832,65.3071,185.622,50.8009,292.1404,314.2024,190.776,331.7557,163.626,148.22,311.3564,208.852,268.2516,171.385,32.685,182.649,268.01210000000003,128.182,292.2448,293.3867,56.9935,108.877,188.466,162.919,160.446,184.058,164.603,61.8915,158.892,42.0051,170.579,12.7829,349.2885,317.0234,268.8673,82.1703,139.912,95.4138,346.4225,274.7779,298.569,25.8072,179.574,176.717,63.2327,172.814,306.8516,185.296,358.17646,170.243,189.14,303.4593,54.1593,74.9624,177.683,91.4471,183.61,170.724,333.6071,338.5785,43.9112,97.1287,96.2899,51.3902
643,83.2068,27.7181,161.863,172.106,105.974,167.881,276.8119,275.1825,206.49,252.586,163.757,294.83029999999997,175.966,286.0743,197.345,182.182,147.727,55.7252,269.2291,193.605,330.4859,252.101,334.1588,196.976,298.1841,325.6514,310.0594,195.22,182.853,164.959,53.1615,176.236,64.5061,302.8685,330.2961,178.519,320.3674,172.339,342.5613,291.5182,193.855,270.8031,171.907,32.95,184.723,279.2107,4.84759,294.0348,286.2493,58.7526,190.06,166.403,167.72,64.7103,182.984,152.081,43.7191,160.641,292.404,188.171,357.07341,348.004,312.9924,275.6962,101.723,67.3446,103.017,298.322,265.274,295.8437,31.344,162.614,291.2953,70.1473,180.603,299.6892,189.401,359.481681,187.848,195.809,336.1299,62.1936,96.9959,201.079,86.6545,192.352,181.54,333.22180000000003,20.506,298.4891,96.983,79.6085,38.496
644,66.6784,39.7056,99.7357,306.4162,82.5205,176.879,295.4394,281.27070000000003,295.0508,236.452,157.806,176.201,192.784,176.066,210.837,178.738,54.275,73.0579,286.7112,87.1528,329.32,270.8973,326.0234,182.824,301.829,335.5021,303.5469,183.416,186.326,169.55,60.9463,173.709,56.1037,298.0895,334.6751,169.25,323.8849,175.109,64.0764,288.2785,168.676,263.07280000000003,177.728,36.461,178.9,274.0709,345.0867,312.9206,282.6164,52.4019,96.7402,171.131,167.219,295.4211,184.961,163.226,66.1877,190.311,310.5924,159.407,343.4549,20.4896,320.8442,282.3716,103.875,66.2452,88.964,338.6289,262.6471,291.8973,319.5265,166.748,199.132,57.9349,174.601,319.9193,184.416,26.0905,165.398,186.198,317.3629,66.2686,90.1517,183.195,85.7048,178.588,185.112,344.1526,335.693,345.4386,83.9729,57.7703,80.5547
645,61.1583,34.1706,118.548,181.883,80.7381,170.772,296.6306,290.1897,302.6307,258.584,211.017,180.642,187.883,196.162,184.508,177.086,137.838,69.3049,269.3037,163.998,283.3379,305.0933,315.5204,197.988,297.2627,326.071,290.139,170.672,197.602,167.211,43.8673,91.7355,52.9096,302.7682,303.5869,170.15,19.8422,168.066,332.0831,294.7238,169.395,283.6467,160.656,31.0271,170.848,270.6564,234.63,311.2566,298.9699,54.5639,101.353,190.086,170.223,288.8634,165.239,302.5758,62.0487,167.005,166.647,74.6388,342.4307,7.51333,318.9066,277.6803,125.306,74.0727,101.286,323.3319,251.48000000000002,292.1585,29.0705,162.047,294.0074,66.3311,75.4317,313.5894,292.5401,10.6104,165.081,166.466,263.4693,49.905,77.5975,190.67,100.797,188.228,181.638,308.1165,349.8197,127.099,80.1657,82.6857,64.8287
646,183.595,34.9384,76.7532,175.672,94.8072,204.661,314.2059,192.857,208.681,260.88,185.217,306.4221,171.262,193.564,173.643,178.392,62.9735,64.1369,277.9103,140.457,303.1125,290.1279,39.4254,192.605,310.0997,327.9907,311.7541,182.315,188.144,190.719,71.4077,184.44,66.815,290.6073,292.09680000000003,166.574,30.3762,156.725,175.295,293.3773,163.118,266.9536,177.806,44.9774,172.047,267.7275,173.546,279.4693,326.8603,137.276,85.3656,172.392,165.438,302.4241,171.354,313.8145,55.3346,186.47,288.0925,170.456,339.1721,35.6525,321.9259,272.9031,83.2372,105.939,93.2951,348.5964,288.7948,294.82460000000003,34.1829,190.676,291.4414,64.0722,200.507,312.8698,189.719,15.1535,180.33,207.533,272.0459,49.8014,108.301,170.066,102.674,286.3788,151.097,346.5867,348.9606,138.165,107.26,46.1087,160.717
647,67.4626,37.4082,187.043,307.80740000000003,76.3191,202.331,313.3203,188.385,172.538,257.878,173.239,178.416,182.575,183.717,181.704,314.01120000000003,51.2378,61.9276,245.803,196.43,318.002,275.1991,330.9378,170.0,296.4794,328.3483,300.4463,183.585,200.568,167.032,56.6921,188.754,69.0745,285.4697,288.993,164.672,340.3051,164.772,150.864,305.8355,179.433,272.0915,171.691,41.6841,153.783,289.6337,87.4964,307.6708,318.1152,90.0123,93.602,150.12,166.24,337.2137,172.585,305.149,40.9237,174.545,197.775,163.668,23.0612,319.7969,302.0397,266.9708,97.7633,71.3229,150.883,338.7809,76.6784,289.0671,33.5827,170.28,278.3215,54.4072,235.231,308.51189999999997,174.344,350.48965,192.873,208.959,283.121,55.3584,100.261,171.827,83.3261,309.6665,184.79,319.8351,346.861,316.6644,88.3802,68.8726,62.8701
648,54.8909,42.7091,174.449,293.6601,71.1859,171.238,308.9604,191.882,166.591,259.66700000000003,183.956,50.2073,176.668,191.49,215.206,169.35,61.2531,58.5641,259.259,318.4396,306.1745,266.3787,329.9451,81.9181,302.0449,320.78589999999997,300.9315,186.123,167.493,173.294,58.2372,92.7896,54.4181,309.9938,273.9735,170.435,42.1883,168.786,147.575,291.4387,189.232,258.164,179.043,42.3407,131.464,289.533,79.3484,297.6643,268.6782,65.0324,117.869,176.611,167.754,290.1176,193.266,323.9566,48.0935,174.07,81.6246,195.882,335.5769,308.9254,300.9886,231.704,114.904,157.665,205.868,315.5508,91.7446,289.9412,41.9756,56.2406,314.5207,83.6087,191.628,305.1606,191.496,182.413,202.46,188.317,322.574,56.5094,89.7233,179.339,81.385,299.50260000000003,190.151,337.5529,349.425,295.9638,77.4668,123.518,53.7795
649,178.636,32.2281,167.033,177.276,81.1776,194.298,307.9764,189.655,179.5,238.808,165.663,296.4745,184.831,160.419,209.655,163.85,65.932,68.925,290.3324,305.8016,329.0874,291.4794,328.435,196.272,295.4779,2.22643,294.4535,181.146,190.639,175.21,66.2336,169.474,44.963,287.7682,53.9209,162.831,30.1817,157.721,350.72527,300.3095,193.706,282.2004,161.759,40.8863,15.3487,282.1707,103.031,299.4623,305.9004,64.7585,111.399,176.743,169.902,305.2611,180.826,294.2795,42.7946,170.023,280.7653,170.231,312.1112,76.8789,285.762,255.894,103.725,148.634,75.0178,341.1173,278.6339,282.1078,38.4178,166.793,210.803,41.7802,193.409,304.6647,191.265,346.494,175.634,175.467,289.4603,63.1378,97.5504,187.058,92.2814,299.2156,179.554,353.89076,340.9117,158.864,91.8463,66.4767,63.0327
650,56.8466,25.6917,295.6477,312.8904,78.884,181.373,315.3375,183.669,167.7,257.81600000000003,215.586,310.9775,184.367,171.345,188.408,186.971,177.012,59.9476,294.7061,202.612,2.99753,278.6704,28.106,171.115,288.2493,329.5298,300.7005,176.649,186.624,163.423,58.1532,168.386,52.4211,279.4336,54.4564,173.266,329.2767,144.95,160.423,291.5938,178.758,268.8576,171.07,31.9352,179.231,292.6341,138.069,297.9326,313.9627,57.8429,147.264,189.016,175.871,305.9863,186.172,309.1914,68.1061,186.754,309.5245,177.327,90.9169,146.842,279.5595,242.172,84.5903,62.6557,96.4401,343.7602,259.962,293.6714,41.4421,158.761,205.252,70.9798,192.301,318.8883,180.228,191.93,189.523,201.886,282.22950000000003,60.4346,97.5889,182.868,81.5195,291.0132,178.961,326.5962,322.7294,133.344,83.2155,78.0242,69.3925
651,190.367,42.2937,291.8546,203.747,83.1029,170.865,319.43240000000003,311.74739999999997,178.796,279.2126,75.2161,56.8187,181.709,175.488,201.64,298.6662,172.745,55.8179,300.64390000000003,295.8722,11.1612,285.2486,325.8433,177.073,288.5259,21.0916,303.8841,174.135,180.876,184.534,62.4642,188.787,63.6061,294.2346,290.30240000000003,166.597,29.1597,159.594,203.914,286.1109,169.306,277.9492,182.674,40.9492,315.0319,288.3297,122.463,290.5906,296.8729,66.8326,145.431,167.928,195.221,304.4107,164.175,291.1179,57.039,166.499,288.5697,188.579,336.6677,342.2955,35.3638,265.9733,92.5768,135.865,97.0898,336.5978,256.11400000000003,297.5288,31.3553,157.481,208.381,59.8408,163.31,318.9123,171.782,37.4785,180.37,191.048,287.9787,73.101,88.876,197.003,113.009,304.5145,182.159,306.2787,353.70489,310.0816,89.8754,106.591,48.8255
652,293.8286,32.4139,200.053,309.8025,65.3736,179.408,297.52,192.059,169.159,237.1,176.26,319.749,180.528,161.276,189.341,174.194,170.618,68.2936,289.2385,195.507,304.6658,283.1903,331.585,199.87,308.9995,325.0431,290.15160000000003,179.592,177.242,178.518,74.5815,199.026,56.9109,203.818,320.575,173.842,36.779,172.776,308.7905,299.0289,180.493,275.2395,168.957,41.768,334.4817,272.6867,348.1202,303.8112,274.9279,51.1158,98.3106,181.124,183.082,292.5644,192.358,155.993,70.425,174.353,336.993,175.994,154.447,354.98643,307.306,249.618,107.421,74.0039,105.689,346.3452,51.6386,291.773,26.373,160.828,275.25239999999997,45.22,174.169,320.1905,184.262,153.811,172.84,188.001,286.1375,51.0452,89.0676,197.392,89.2578,307.8229,182.497,353.58302,352.07644,17.598,86.7111,91.9444,194.726
653,74.5865,33.3171,155.407,294.5699,54.5572,180.121,201.056,299.1435,174.584,272.1342,172.194,324.0342,176.405,160.755,201.945,191.88,169.463,55.5479,287.7587,191.763,285.74379999999996,277.5136,318.3745,187.767,314.8673,335.9631,300.3279,173.024,186.216,184.885,83.9037,187.87,56.3577,182.956,43.6162,171.781,45.5242,161.579,341.063,298.6476,174.317,280.4354,161.069,45.6907,138.204,296.9245,133.953,289.6483,314.247,97.6011,92.4827,167.056,174.376,288.0298,187.45,161.879,60.9187,178.89,157.925,173.101,351.7322,81.7096,292.5102,273.1477,117.272,60.9867,93.9076,346.1195,65.5064,278.637,332.5434,169.204,283.9156,42.8805,188.308,298.2023,197.218,177.536,170.716,170.806,291.1866,55.6463,102.686,184.451,83.5641,299.5559,182.926,350.82537,326.262,319.0767,63.5857,92.7138,178.201
654,292.0278,318.2437,205.76,306.0547,78.9714,181.53,291.8718,301.21569999999997,169.524,240.0,285.3032,192.049,178.003,168.363,186.878,173.083,181.336,68.9183,194.656,190.886,326.3064,278.5548,324.985,196.166,305.2592,33.6194,283.4095,195.301,212.102,171.85,62.9761,185.695,48.455,196.548,51.8472,163.616,23.7779,171.209,328.077,314.8933,197.727,271.7801,174.369,39.626,167.06,283.2235,144.037,300.4057,309.1982,137.907,163.936,159.967,169.018,341.3409,169.706,166.743,62.8045,168.426,263.3557,187.358,107.009,7.70479,295.2086,266.324,117.076,64.6239,97.8595,342.9287,62.2446,282.91179999999997,30.6279,170.181,292.9292,61.9486,167.0,305.6528,181.998,7.0668,167.802,190.396,266.3883,66.9551,84.5851,185.177,86.1786,318.7254,150.379,344.7119,332.8557,302.7776,71.8654,71.4801,196.949
655,294.2369,43.1683,205.139,287.60360000000003,75.7839,189.941,342.2082,280.7251,173.282,215.525,169.271,181.033,191.249,170.201,169.458,154.97,162.3,62.1077,300.179,296.3231,322.7112,288.9712,321.8485,199.807,303.3087,326.8432,291.8547,190.972,199.997,161.698,69.9947,192.815,57.3275,305.7858,292.8767,162.142,35.6176,163.303,311.9366,310.1425,193.362,267.9232,160.263,39.2879,200.031,288.0065,95.3151,283.3672,295.7188,51.9392,168.992,163.888,300.5974,298.0172,175.104,176.304,61.0853,192.148,314.7961,179.502,338.5992,279.31690000000003,305.0546,275.0006,94.8432,130.068,93.9192,338.9529,96.3264,290.2045,20.7586,184.215,288.8982,56.2117,204.593,317.908,188.569,14.4817,200.907,193.455,289.2634,58.0157,91.6194,199.286,96.01,301.0581,173.331,341.9129,331.2344,179.767,92.9118,87.9217,172.596
656,288.5218,33.2753,179.713,290.1678,72.4997,165.803,303.1467,307.0792,169.772,279.7816,294.9719,176.003,188.794,165.163,181.21,271.6177,61.864,63.7166,303.1423,198.329,51.8946,273.59069999999997,35.1763,195.462,293.9722,317.4252,316.4653,186.335,193.23,180.654,59.6021,189.209,53.161,295.5465,308.9409,165.689,36.7222,174.451,10.0002,294.7092,182.133,252.523,167.984,27.7829,165.953,293.6345,136.51,299.8341,298.4862,55.1357,144.581,185.441,310.7729,304.2653,191.521,166.728,57.9849,176.867,130.772,169.88,139.997,107.043,320.2803,227.148,105.859,124.22,94.9482,305.545,81.9575,316.0705,27.7759,164.989,282.045,44.7038,171.468,315.1864,174.498,341.8768,189.307,181.856,282.9901,48.6122,89.5089,200.885,94.7821,311.8402,167.72,318.6218,350.10389,309.27729999999997,107.144,64.3441,103.91
657,176.656,36.8002,181.112,278.5148,80.0245,180.738,300.4874,302.7223,163.69,242.473,179.881,293.21680000000003,174.303,169.486,201.544,255.16,59.3621,47.263,292.3133,292.1205,210.531,264.4791,323.4043,197.627,308.9864,327.6558,315.2618,181.291,187.704,157.842,64.6387,189.021,42.7074,304.0361,59.7109,168.526,25.2117,182.629,328.844,304.094,189.173,241.067,166.118,45.1896,317.1046,286.9925,282.1687,307.8203,167.878,47.125,169.73,302.9432,161.205,301.90070000000003,175.483,174.587,157.367,164.118,301.1171,178.283,115.025,309.2657,183.683,271.0689,110.057,52.8488,102.382,348.2507,17.8821,277.6005,36.0896,167.02,302.4628,61.0588,190.241,318.0748,197.543,355.92954,193.499,180.248,289.6601,52.709,102.697,176.171,88.6327,324.6886,196.099,338.7369,6.28652,333.6424,76.5884,60.1793,194.189
658,150.958,333.016,191.947,270.6529,89.5181,178.139,313.6497,285.99760000000003,298.6268,266.411,180.126,328.4151,181.816,180.048,187.548,190.511,72.487,64.8907,264.725,171.903,186.598,279.5202,40.2618,178.918,305.3879,320.9791,307.8642,184.79,175.597,175.436,73.0465,199.901,40.9228,300.2035,186.122,149.448,327.11379999999997,162.603,138.002,132.649,198.365,270.7329,183.379,29.6488,328.8035,259.546,118.316,295.70889999999997,306.6429,67.9657,172.296,168.79,164.504,293.4266,174.532,288.8258,305.495,166.821,198.569,161.316,306.4379,1.46014,182.784,262.7063,106.979,58.1639,103.717,301.036,91.1871,318.2153,8.95062,170.743,275.4107,37.5678,197.698,297.836,198.051,346.015,201.33,195.656,290.087,50.9965,81.5243,173.878,82.364,299.1404,181.366,352.34419,347.12,213.581,97.0001,56.3741,185.31
659,296.8767,37.3438,180.037,296.9064,92.1523,165.663,316.0797,314.1511,184.059,262.0939,59.055,315.59929999999997,180.794,153.336,193.546,289.57640000000004,97.8354,76.822,290.222,159.607,284.8003,253.279,318.8175,200.491,309.2858,330.175,294.7669,191.875,188.2,172.047,49.9974,197.564,70.5208,308.2522,183.535,158.485,33.4883,126.372,326.54970000000003,293.0861,167.27,255.519,161.26,33.8157,29.394,93.6934,125.314,302.2058,292.1784,47.1646,195.828,192.611,157.431,314.8225,178.223,188.708,72.5475,182.618,291.8991,192.642,92.0672,339.2075,198.834,269.6189,96.3492,73.0492,90.9829,342.9139,83.261,288.7069,43.5021,161.982,279.664,64.6169,307.9506,293.0949,192.255,359.705711,180.35,187.703,284.4504,61.6971,93.7675,174.292,97.1461,287.6561,184.427,329.8771,323.2096,164.255,81.7468,53.1686,181.07
660,64.965,36.6334,282.817,191.601,87.0531,179.102,309.6163,301.6294,189.704,255.227,196.439,294.8795,182.098,154.292,184.307,176.716,70.9905,70.8154,294.6196,193.426,170.177,262.0325,323.6154,190.738,303.0901,327.3284,293.1722,182.509,193.558,163.385,67.5594,195.137,64.0176,289.5156,174.147,154.01,28.037,167.583,315.9212,288.5802,174.652,264.2376,172.154,27.3468,178.77,299.4912,175.504,292.74490000000003,191.194,39.6732,308.2484,193.387,165.79,296.0123,174.441,172.628,59.7872,164.936,175.939,177.159,340.6269,317.7968,186.389,283.3124,103.067,43.8938,97.4527,321.3908,63.651,303.8672,33.9088,150.99,195.408,64.0222,303.4537,307.707,181.978,1.98754,186.745,171.117,117.382,63.1591,94.5941,187.286,79.8122,327.3822,172.032,322.1222,334.5558,33.8357,100.631,87.3816,169.387
661,276.9105,35.472,288.4248,186.881,90.7384,174.991,318.3285,309.4351,287.5173,257.063,157.163,312.787,181.527,165.142,175.625,179.959,52.9988,53.9594,291.4578,148.025,195.974,268.8273,329.4605,194.636,308.5322,335.9474,309.9323,162.479,176.391,166.58,45.9734,190.526,53.7159,295.0791,194.336,164.232,321.5609,143.57,342.2832,298.7993,167.875,278.0853,170.758,32.4817,181.578,250.053,109.141,315.2708,174.96,54.1296,181.045,209.213,160.048,181.955,189.898,154.067,63.5189,163.42,176.282,186.944,318.8843,335.8379,307.9158,268.6419,83.7135,68.185,105.008,296.5015,76.6972,289.19079999999997,41.1941,159.547,197.501,53.3738,288.464,291.0068,292.2034,10.0057,219.427,186.837,99.2337,68.6078,87.4356,184.083,86.154,308.7665,170.085,341.0033,328.6273,165.969,93.4753,73.2376,170.906
662,71.2713,43.2754,196.893,185.258,81.279,175.481,332.9836,293.6417,295.9708,259.758,164.036,298.43489999999997,175.678,194.446,160.738,171.224,152.79,69.0922,297.7022,159.502,319.5274,281.42650000000003,324.5338,188.18,311.6511,329.7169,306.5712,182.539,192.249,167.399,72.9329,188.645,67.3411,287.1792,169.62,158.237,47.4605,165.587,348.1364,310.6684,200.614,245.162,164.364,28.5455,316.43399999999997,290.18510000000003,159.468,299.9574,169.241,59.7254,268.50419999999997,165.861,193.739,175.772,197.311,148.317,62.6998,173.867,197.095,160.987,298.9061,281.7233,277.3723,248.851,80.4476,58.8802,94.8771,337.4625,77.9643,189.772,31.6535,163.976,285.22360000000003,63.611,192.418,310.376,179.497,12.3552,193.317,200.262,116.834,67.0983,91.3119,174.167,100.997,303.9941,172.129,4.43395,332.7517,30.2105,69.6072,65.8634,184.99
663,188.303,35.7576,169.09,193.698,96.1072,159.202,306.7078,296.6153,294.8336,235.325,169.232,285.9053,174.301,177.716,195.441,170.999,62.6059,66.7579,295.52639999999997,150.116,328.8295,296.9206,340.8039,175.283,300.2385,36.8363,290.6185,206.522,182.533,161.674,81.9651,182.631,65.8002,304.1614,159.431,162.574,314.3832,163.738,159.241,268.4683,191.434,272.9,163.284,36.8728,1.2478,271.8581,317.95,288.48969999999997,41.8108,52.2936,154.825,176.096,174.911,306.2938,169.974,163.6,179.9,166.889,190.162,189.677,330.7124,339.95889999999997,174.558,253.316,90.3844,127.559,108.365,314.5456,287.1311,302.2342,25.1006,44.1917,222.108,80.9663,188.853,278.976,192.464,16.1184,171.232,177.151,104.712,65.5946,95.8394,173.565,72.2271,281.5638,191.987,353.93065,331.0258,3.25938,97.4258,72.586,176.753
664,298.7122,20.97,144.01,169.323,82.5432,168.134,294.29,296.7926,284.2919,278.4815,177.348,296.2077,183.61,70.6226,184.203,181.164,50.0613,68.5489,288.159,161.402,315.3414,260.711,324.1795,184.305,327.5144,329.6769,298.98040000000003,167.936,174.884,164.41,77.0872,196.242,64.6534,173.315,208.327,167.307,324.5664,154.912,216.675,288.1116,191.294,266.9906,182.111,32.5313,2.24698,253.63,145.078,298.159,314.4361,63.079,156.302,161.752,167.85,306.8945,191.307,165.241,47.9162,182.563,308.8544,191.668,347.8494,316.149,301.4843,274.4051,97.6765,65.6269,105.755,305.6113,289.8822,301.2334,30.4348,154.696,216.51,59.2248,59.825,314.6879,194.746,33.7645,191.21,11.6075,81.8943,65.1067,100.995,205.47,84.6036,299.2042,166.903,288.2645,333.6555,177.319,107.806,72.0656,171.065
665,294.86,30.6049,200.656,205.196,78.2995,164.664,316.7752,301.4262,299.2355,272.999,192.419,295.1828,190.909,163.805,180.363,174.646,64.5767,70.0605,289.0806,197.409,286.7179,260.8066,316.7907,98.7587,309.6555,324.4956,280.0911,183.731,186.338,176.357,72.3041,187.503,61.5551,167.273,162.611,177.242,38.0519,161.267,108.057,300.7181,184.193,263.8456,170.457,30.7116,1.09273,300.1145,97.3041,299.7622,273.8515,146.124,158.734,170.067,166.734,161.74,196.546,174.303,68.4092,168.441,297.3517,169.125,127.072,121.533,47.0956,262.0022,85.9952,139.58,92.0388,341.0279,271.4316,312.9927,41.6445,174.039,67.7556,64.4076,188.506,300.5424,202.148,6.95505,177.948,326.4596,131.173,57.6351,82.1407,181.608,89.4548,292.0183,177.866,288.5807,343.1508,28.0501,102.86,278.8121,58.6329
666,185.128,33.492,186.24,192.764,95.1779,138.161,331.4027,299.3345,291.94169999999997,252.074,165.485,299.0071,183.525,297.9842,171.067,162.319,74.7566,299.9847,300.3163,187.033,302.2585,262.59680000000003,325.251,189.716,312.754,339.3773,320.0054,185.578,194.221,171.016,63.7741,194.256,53.7434,198.211,60.4971,155.809,324.3487,157.863,351.39802,283.5107,176.824,242.328,179.391,25.5723,338.4399,260.5276,356.22002,296.4619,308.8758,50.7451,176.777,144.668,310.3574,148.503,166.297,174.066,162.339,185.153,180.104,193.395,330.7754,149.359,43.049,276.05719999999997,93.2971,57.8168,102.829,317.7627,271.2472,293.379,42.5828,156.244,201.511,67.5739,187.527,295.8652,193.928,321.8588,160.179,354.01731,107.616,70.8097,95.092,189.922,95.2085,300.0807,191.595,66.1575,347.2018,37.3984,102.137,100.707,52.6854
667,175.477,325.3041,238.64499999999998,178.495,89.9928,172.771,322.8745,310.42719999999997,194.471,272.7464,82.2128,316.7754,178.746,325.0361,186.608,170.236,149.114,309.1647,275.0232,175.454,180.643,297.8965,317.2691,169.525,312.6493,333.323,302.7841,163.896,196.117,189.33,59.2742,187.901,50.8693,298.3442,53.5242,165.453,36.3969,179.066,339.8066,279.0754,166.278,259.363,171.51,41.6025,16.9746,261.6648,122.149,299.399,316.1586,58.2461,165.195,148.3,159.806,153.36,168.983,188.586,73.0507,166.559,149.351,186.763,268.9191,349.2386,43.2186,223.248,91.4177,154.41,113.318,310.0694,276.142,282.6655,26.4213,185.261,199.186,64.3513,300.7772,302.6938,202.589,348.4955,172.86,345.4895,125.338,52.5295,85.5966,186.149,82.9452,298.2049,173.092,310.97249999999997,332.3109,316.8169,94.8478,66.2032,63.9562
668,71.5028,323.9581,196.611,184.629,98.3523,174.439,319.4845,310.2313,286.7462,244.5,166.214,294.7101,177.397,286.6218,192.046,189.975,60.5293,304.1884,293.294,163.513,203.375,269.0386,318.9187,272.9697,297.339,317.9224,322.19259999999997,181.645,184.225,175.62,50.3109,184.408,59.1512,285.5942,189.997,182.087,32.0241,167.893,326.2057,313.7939,164.486,276.0974,166.953,43.6402,8.89794,265.2677,81.6385,301.15250000000003,291.1409,62.2532,164.163,175.179,168.187,163.119,143.251,192.786,51.0938,164.954,293.577,181.206,337.7599,114.629,51.7567,234.264,99.412,64.3824,89.5766,333.1679,265.8991,292.1113,40.4147,67.8991,288.76800000000003,74.6941,297.3193,304.2086,191.62,5.47553,181.506,7.91549,112.252,54.2082,86.4651,195.93,96.2539,295.0458,163.35,137.278,328.3567,128.863,92.9477,111.432,34.1251
669,68.7375,31.8863,178.709,193.563,94.1567,186.227,307.3572,287.6414,177.094,230.922,82.0993,300.141,174.987,221.523,192.915,160.725,66.1757,303.5386,314.534,62.6974,306.6412,283.9162,327.0935,291.102,295.8687,326.9298,306.5096,182.775,194.546,175.421,47.9997,185.782,67.2893,304.0697,168.413,177.548,29.6629,171.39,330.9995,282.25620000000004,177.168,281.0346,178.931,42.8208,356.44613,291.7152,100.702,308.2597,297.5295,52.3424,163.268,177.926,153.844,171.263,162.902,191.686,69.5661,164.991,155.561,183.357,4.14293,141.002,72.2147,263.5374,88.7469,58.3853,170.562,320.36990000000003,260.2378,274.3422,37.3451,146.753,279.91859999999997,62.1386,181.635,302.7039,193.631,349.844,172.607,340.4761,107.21,46.5117,72.1277,166.856,103.432,294.3195,174.188,244.5,315.4024,173.462,97.395,71.138,60.7749
670,56.893,30.1027,194.551,68.7438,103.817,182.933,298.6721,56.931,313.2812,253.34699999999998,190.813,325.5372,181.734,172.226,178.83,284.76120000000003,60.6855,288.4799,298.4414,182.752,300.1164,267.1205,330.8154,292.2232,302.3756,336.3732,291.6728,180.673,190.208,176.783,48.0871,200.074,45.4801,290.9787,66.1709,189.23,41.9015,171.966,328.5363,307.2856,181.915,273.76279999999997,171.114,20.1255,182.315,294.16769999999997,110.885,333.0554,282.4857,49.5924,152.699,169.72,164.335,159.691,173.079,187.808,80.8093,164.909,199.494,195.663,108.335,3.51401,316.5357,237.216,88.2179,64.265,167.567,307.64390000000003,304.8628,282.9012,36.1546,173.931,164.063,57.6325,302.2267,306.11379999999997,185.288,225.9,173.316,27.1867,115.566,56.4219,76.0523,177.989,78.3115,298.0485,181.487,251.148,323.6351,173.228,77.6446,60.2473,62.3063
671,56.9362,325.5144,309.8143,56.7688,74.5284,168.756,293.72,326.8589,183.279,257.06600000000003,186.737,317.8156,188.202,297.3453,178.539,162.465,64.6245,313.8397,305.62,184.294,302.405,268.5725,327.9106,287.477,295.8171,340.3169,306.8692,186.684,186.978,174.781,42.2937,189.679,63.8623,311.2598,80.8227,185.503,320.0108,160.583,141.842,296.4829,175.228,261.5093,171.9,50.3516,356.87299,264.5994,89.0868,300.5386,291.55219999999997,64.5368,165.986,168.335,158.819,180.047,182.626,198.803,311.5825,162.61,173.179,171.075,335.8898,345.1594,353.03081,251.745,96.8777,63.0804,169.503,326.9204,296.0016,272.9621,30.7495,154.56,173.26,55.2935,277.8904,311.8489,179.91,139.861,173.272,20.3687,127.558,68.195,98.0301,191.474,99.0591,282.6388,188.14,308.9142,331.0512,183.028,68.416,16.3395,45.1747
672,65.2691,36.2981,299.5952,74.7172,102.037,186.142,330.8038,298.2806,176.506,266.3616,167.626,57.4304,180.257,208.37,186.604,295.7244,57.2313,295.8929,293.617,278.8627,303.2355,246.011,327.3514,300.1323,287.7074,327.618,320.364,189.076,205.155,161.013,45.8838,195.324,62.8004,290.0046,155.621,184.517,40.3021,164.925,166.357,300.2116,163.729,281.48969999999997,167.233,33.439,306.1181,296.3465,100.432,314.4531,333.5261,65.0776,298.7909,193.258,167.986,174.586,175.738,193.677,315.30899999999997,178.144,184.734,147.906,337.9551,320.8383,300.701,267.9056,81.1304,76.7862,106.279,321.8184,291.6429,314.2748,34.2812,180.371,278.3841,52.1652,252.846,296.9967,185.195,183.98,187.531,3.54876,114.452,55.8321,76.5932,196.353,84.8742,294.3982,189.422,155.27,340.3716,198.345,99.0006,69.1276,61.188
673,291.90319999999997,38.2993,296.7301,67.1439,66.5693,171.595,333.2262,311.4688,280.7135,257.806,267.4665,325.4656,184.543,188.189,193.335,170.394,88.0102,309.3835,303.2851,296.0313,144.205,111.308,318.7126,292.1856,298.9081,320.3087,293.5663,180.465,193.302,187.281,63.2504,198.286,56.1877,305.5794,182.193,183.124,24.7114,167.258,355.34838,304.9873,174.718,276.7428,165.853,37.3344,353.75274,252.235,177.439,292.4806,196.074,65.6238,147.905,160.407,174.595,300.635,163.263,199.296,289.5408,180.745,197.911,173.891,265.517,209.619,326.91790000000003,267.3142,111.752,137.885,88.4233,319.9762,244.72,300.1588,35.7719,154.648,206.473,65.8251,177.877,289.41020000000003,175.168,186.011,192.779,9.97241,113.559,58.1311,99.8841,178.503,91.5481,170.031,177.404,311.3738,331.1048,202.814,88.0207,93.7764,53.2716
674,290.7363,40.3176,300.1161,72.833,87.4527,165.905,309.56669999999997,317.4739,299.8173,268.539,190.19,307.8245,184.27,295.3245,356.57716,173.882,68.8306,302.1855,308.0236,194.385,295.9421,280.0487,329.8258,195.7,301.1731,319.9901,299.2479,179.16,180.78,173.393,57.1019,187.316,54.6365,304.0223,307.6734,184.342,39.5624,166.791,332.0545,173.193,195.328,267.90250000000003,162.568,31.6369,358.99996,262.7017,120.424,314.9769,281.0129,128.764,148.227,183.943,156.515,271.9633,175.864,160.358,303.3464,171.986,179.036,187.22,139.786,64.4215,170.45,256.35,91.5814,135.086,94.9488,296.2725,274.5795,308.6619,33.9671,157.115,321.3583,60.7767,203.089,321.7384,172.995,14.1939,197.588,351.33704,107.49,42.6263,87.0957,190.441,96.7721,176.199,161.525,337.8441,314.3528,0.649261,86.4715,99.9173,81.7369
675,287.66970000000003,338.4257,194.337,72.6937,90.2888,179.895,307.7762,300.4841,296.366,250.59300000000002,222.175,296.414,191.632,160.06,350.83991,166.432,55.9342,305.4693,293.0466,181.974,175.888,290.3337,327.86,273.8529,310.3193,36.144,298.2713,173.865,168.803,170.377,71.0346,194.844,45.8579,302.1648,336.0933,159.046,32.9744,159.644,129.138,284.4846,171.72,276.8808,184.841,34.1846,184.638,296.9508,91.6942,313.625,94.7614,39.8784,178.839,308.1801,158.877,293.6729,158.771,173.696,158.895,164.621,202.739,181.459,319.3018,331.0552,183.448,268.01189999999997,113.732,148.753,113.842,299.1816,257.043,305.90999999999997,37.0243,55.7079,316.7149,74.0532,307.3478,320.946,183.093,10.96,169.403,348.9076,139.324,58.651,80.4957,190.193,87.0079,199.163,183.18,332.2241,319.0331,0.649479,106.288,83.1826,185.228
676,297.9746,35.1465,171.389,67.2191,91.8327,174.569,334.7514,294.9807,205.558,268.4135,157.856,28.2478,191.136,163.726,21.1199,188.538,148.293,301.2124,300.1659,174.028,189.137,267.8076,329.7523,282.8695,313.5767,339.9747,305.92470000000003,171.836,186.018,173.333,62.1287,181.977,51.4863,244.31900000000002,306.4204,180.127,21.3934,152.002,350.05362,296.0556,179.756,253.618,165.289,26.8309,189.33,258.129,102.628,297.92470000000003,312.92560000000003,52.3271,157.102,310.7839,164.55,296.5543,185.254,185.677,191.415,167.708,201.0,179.887,331.2091,156.088,194.399,241.253,87.5108,78.2191,101.673,346.7155,275.4865,291.5312,30.1799,161.966,317.2173,61.1299,193.91,298.82,184.48,179.489,185.994,15.0633,121.538,60.3653,79.0916,172.857,88.1217,186.46,165.287,330.7853,336.6229,41.3215,85.6517,61.9112,173.449
677,256.83799999999997,41.9984,287.8858,67.2517,104.628,168.101,318.2673,310.2455,207.029,251.699,167.462,310.90319999999997,177.964,161.876,6.86353,171.664,74.9907,316.6242,299.1059,71.131,300.2359,275.9796,319.3191,287.0808,288.927,331.2316,284.453,181.975,174.02,181.132,41.7931,201.101,59.858,173.712,311.1771,175.101,35.5806,177.746,333.9689,301.1569,165.96,264.25350000000003,170.913,36.221,353.57821,276.0356,93.2512,300.93240000000003,271.1784,56.4759,167.705,324.81669999999997,153.411,287.88710000000003,182.068,177.809,232.24200000000002,150.726,179.772,170.118,116.987,358.41639,286.8498,265.8856,101.657,130.767,105.322,344.3089,274.3569,292.7223,38.5581,159.419,305.6991,57.0919,197.862,309.5474,180.536,13.061,225.584,345.5518,100.792,68.3281,98.9095,184.114,107.113,183.07,183.992,286.457,349.2316,204.429,74.0498,96.8801,184.051
678,51.7003,39.9016,321.185,63.2244,76.0571,205.635,306.4794,273.8388,193.01,256.069,105.701,322.03340000000003,186.83,168.606,11.2001,297.8248,60.2117,306.4554,293.0933,177.158,306.3067,270.7255,325.2249,280.5732,320.8222,33.9838,299.8252,144.504,185.455,175.509,57.3541,196.777,61.1563,281.7772,306.0954,181.93,38.8087,177.28,19.7685,292.0585,175.515,260.9721,169.305,38.1465,12.6767,262.0747,160.498,315.1521,319.5148,49.0517,160.267,162.431,54.5689,291.1732,171.337,188.394,190.057,150.708,186.636,192.467,256.672,337.1835,304.3771,256.556,91.9521,75.4416,99.082,354.7942,279.6414,296.1958,32.437,183.406,170.874,46.418,179.697,304.4874,190.113,5.36679,180.76,354.58371999999997,125.774,79.1596,100.875,198.301,93.8103,196.601,178.364,323.1366,337.3287,18.2216,79.6761,57.6269,176.146
679,295.2135,330.1311,281.2872,60.26,68.0567,213.891,318.2328,313.6889,307.9045,233.397,158.852,190.187,192.409,172.38,339.0164,177.068,91.2254,298.1225,313.0709,267.2257,357.73129,281.6804,324.0109,293.6722,298.8409,328.6567,300.9121,180.118,183.463,178.752,74.976,190.618,44.3897,195.898,294.1645,184.388,319.9411,171.773,137.753,289.8825,178.127,277.3906,185.816,27.2828,164.341,246.67000000000002,117.515,294.8756,278.8588,61.3163,169.025,160.433,164.952,300.7384,174.746,176.148,183.056,172.957,285.8196,139.064,268.3695,109.29,297.6472,259.747,112.843,151.421,96.5308,338.4706,296.2541,314.8788,38.7052,175.303,207.17,48.9889,187.837,303.1154,182.967,344.6574,168.456,20.4703,103.481,169.717,101.675,202.819,103.17,186.857,189.539,335.9142,329.9273,330.5466,46.1882,42.6035,200.697
680,185.749,326.0441,188.011,66.9,79.9436,175.113,31.9831,189.564,212.317,254.81900000000002,188.914,58.6653,191.199,162.937,16.4649,192.972,62.648,291.1512,299.3625,179.712,300.7154,269.33299999999997,324.5338,287.9844,304.6146,329.3766,312.6428,175.826,183.934,179.444,70.6646,205.792,57.6343,302.161,297.0428,164.569,324.698,163.487,140.631,281.7578,177.431,262.11289999999997,164.122,26.1489,159.081,288.99739999999997,350.24595,281.4228,291.3146,48.5258,315.2824,182.868,160.243,307.1998,183.213,168.078,159.544,167.226,172.8,168.563,13.2103,343.1343,284.7386,260.7547,105.904,127.828,101.177,318.4254,286.77,297.4533,24.0819,68.6634,320.0731,64.7421,203.511,311.4736,179.925,26.4385,185.888,28.1114,119.713,45.3501,91.681,186.429,83.5349,192.74,176.83,359.188365,340.2625,21.9074,97.3485,56.324,180.964
681,177.557,319.50509999999997,205.206,79.3489,55.7881,191.548,300.2966,302.7572,196.391,254.89,172.32,175.216,186.003,199.11,6.47011,187.076,57.8372,302.2844,307.9325,167.479,301.1621,287.9538,327.5765,292.2191,295.5155,336.0476,306.7949,184.495,181.248,185.66,47.3181,197.136,49.6225,307.04449999999997,343.4782,170.199,30.682,165.945,353.43418,292.6973,185.408,273.8678,178.552,39.425,146.842,278.8028,351.2024,302.5593,282.1922,56.9275,166.463,170.485,165.89,313.1919,196.365,184.11,277.247,158.004,288.3919,173.305,4.30073,354.86928,323.4338,244.18200000000002,88.0563,151.09,94.9277,353.91092,251.924,290.5002,32.8355,181.797,296.187,61.0827,306.8639,329.0111,187.425,181.508,175.183,9.80669,119.955,46.2648,99.6326,187.865,81.6922,205.461,203.379,0.205353,351.57331,333.2508,83.6215,105.666,167.767
682,290.7459,30.4064,184.509,64.6232,95.5435,182.824,306.7336,280.1313,291.84860000000003,259.817,151.883,163.767,184.515,165.248,0.109621,288.7334,58.6758,300.7635,304.0872,181.303,170.662,281.1264,338.0795,185.763,306.8929,336.9283,307.9995,188.957,187.352,163.339,69.4957,205.16,63.0137,204.67,299.2427,201.82,322.2562,165.908,176.368,289.0813,163.563,254.997,168.807,324.4001,183.919,238.535,102.155,305.5405,301.431,55.1587,73.0994,159.656,169.497,297.7169,186.222,152.581,289.6524,161.47,174.478,149.562,333.0173,134.863,298.3286,271.2343,109.022,67.0441,108.186,332.8389,295.0722,300.6424,31.1034,163.298,282.9241,61.593,274.911,310.6127,187.105,3.87311,186.87,349.8775,123.832,73.3613,88.9173,184.916,98.1296,178.485,165.13,313.6656,326.3844,347.242,72.6299,81.3807,179.528
683,317.4956,28.0286,184.961,71.5841,103.663,177.67,317.2329,291.0639,220.531,207.66,189.628,171.344,181.285,179.761,5.99757,278.2267,50.9668,295.83,293.1064,160.856,315.4585,252.06,323.9164,196.627,315.0199,335.258,297.9241,171.866,187.404,178.542,55.3372,206.76,59.0625,283.6806,293.0074,169.481,324.5426,160.377,41.0045,291.0307,174.174,281.3666,158.414,46.5858,139.342,308.9035,115.846,296.1006,303.3126,67.8965,319.106,189.884,163.836,309.9334,197.291,156.072,163.931,162.393,293.8281,175.731,282.6728,354.86928,304.5145,241.825,95.0365,152.861,101.99,331.9713,281.7558,309.8068,35.5898,159.883,307.9053,58.365,173.142,296.26800000000003,186.044,331.498,186.385,14.4504,114.006,62.2642,112.675,188.157,82.1076,177.177,175.525,294.8301,314.6477,357.5795,80.6885,80.8974,184.979
684,312.4362,35.8975,178.729,77.2625,89.1253,180.587,311.3388,309.7017,295.8809,213.279,144.185,170.736,175.611,179.657,344.8229,165.63,59.3038,307.2177,305.9544,157.582,283.6594,261.7475,325.1624,178.054,291.5402,323.9492,299.5718,180.082,193.982,188.847,65.4039,183.227,38.2108,188.657,303.2676,203.144,36.181,172.19,128.44,309.983,185.082,289.4619,187.532,38.9666,175.592,291.6757,81.3258,312.3016,173.709,57.5692,307.3615,185.285,180.951,305.0828,178.934,153.199,296.32529999999997,78.3673,185.439,188.09,318.4907,346.9021,329.2116,265.5105,83.5838,81.0847,88.2126,325.4075,270.9749,289.2529,331.5857,158.87,183.525,61.3023,167.286,319.1254,182.803,12.3694,175.113,13.0363,115.15,53.3196,82.6455,195.825,98.2588,178.79,154.546,326.3309,348.2732,353.05255999999997,78.6224,44.2859,173.475
685,294.4548,18.6346,196.33,76.021,97.3863,179.114,321.169,306.3677,318.2595,269.7898,168.879,168.435,175.78,279.777,352.25567,180.698,66.4998,301.38530000000003,291.27750000000003,154.94,311.6087,273.0633,326.1394,165.825,303.9128,337.481,314.9484,193.899,179.038,175.146,64.7594,188.761,47.6113,156.873,302.2648,184.461,20.0203,170.646,286.2502,298.5765,184.462,272.2679,183.006,34.9996,162.693,266.4427,91.3215,302.5356,169.319,54.5161,75.4868,193.172,160.812,294.3809,160.089,181.855,303.9416,53.1669,163.621,167.232,10.6408,92.0233,314.9456,265.33979999999997,84.6581,148.976,85.9275,348.2063,286.5114,288.8483,43.3309,157.925,190.869,48.5934,65.8214,304.0444,175.831,5.02364,96.4974,21.1903,107.495,53.0923,76.8841,190.58,92.7555,179.732,175.369,332.0298,333.0192,337.8047,72.5333,61.4214,190.862
686,305.1483,21.1951,173.455,67.7669,100.209,197.58,314.7036,305.4001,183.319,244.005,185.042,182.97,169.411,162.819,350.50277,194.047,65.9731,300.2422,300.5976,173.635,180.599,267.0886,332.5648,187.038,300.8203,325.7961,291.5575,177.879,195.641,187.813,61.8181,195.739,54.2855,202.749,48.6445,179.353,38.6724,174.132,295.4062,175.515,170.044,259.704,172.924,43.5532,14.4869,236.64499999999998,339.4422,306.8381,143.895,54.186,298.70550000000003,304.7075,309.9352,299.7622,188.427,165.378,278.2099,57.4171,182.159,67.8912,274.0757,358.43169,317.3028,279.4183,84.2067,135.971,103.282,304.41700000000003,275.7652,305.9636,51.2297,180.511,299.6289,58.833,177.07,293.0055,180.169,199.119,289.5637,6.84648,107.215,52.5074,91.6511,180.403,101.846,176.689,169.668,313.8141,328.2724,95.7118,76.0492,202.818,191.324
687,63.5614,343.3832,196.055,58.1069,98.7329,161.166,303.5906,192.779,189.875,265.5588,186.188,180.262,186.692,172.601,347.5593,180.262,167.935,304.2142,301.4762,173.825,276.31399999999996,297.6262,318.76,196.195,318.777,327.5028,302.4661,293.0404,191.021,171.891,58.0068,184.45,53.1675,188.431,320.2436,190.023,337.1547,60.5625,345.0957,336.7711,174.854,273.4543,164.286,37.8425,331.964,247.102,143.682,288.3509,288.52570000000003,55.9503,295.524,180.923,297.0315,295.7856,178.85,163.04,281.9908,50.148,168.923,66.9914,342.8982,346.4809,294.7385,274.6735,89.2757,52.2729,97.7508,310.7021,270.2586,303.4429,27.6046,175.448,305.5271,91.3361,195.099,292.3104,184.942,19.8809,72.4964,357.14237,95.8876,65.5547,83.9604,189.04,79.9493,296.4245,190.451,329.8332,323.5105,324.27049999999997,102.165,75.7954,173.619
688,59.4316,39.6046,202.947,188.553,89.4473,181.957,298.427,310.3264,191.695,263.4608,174.874,47.713,184.781,155.367,12.8424,171.566,163.111,306.0628,301.2196,178.551,306.3365,264.85630000000003,314.8828,176.524,297.1866,35.8394,280.25,304.2229,187.119,184.958,49.7682,188.524,38.9695,165.895,326.349,171.7,40.8129,54.6756,329.1749,279.7232,201.443,257.949,175.203,33.4924,351.46238,77.4174,99.2319,294.33029999999997,305.1533,55.3433,322.9345,167.163,189.61,299.0889,183.894,306.8611,292.0476,53.0045,321.9582,73.8876,332.1925,107.212,291.9667,255.549,90.2628,147.493,125.811,338.106,253.45999999999998,295.0499,37.1467,174.501,294.4844,76.1366,307.0135,313.3983,196.135,355.21188,170.759,0.537901,114.641,64.114,83.7567,194.123,97.7552,190.377,166.957,314.2634,328.1196,186.21,84.716,99.8305,186.162
689,191.421,44.1318,194.915,178.97,97.2001,170.555,338.2644,322.4389,191.932,239.662,182.087,290.8648,185.008,137.643,2.15299,201.761,78.658,317.9458,291.2099,146.651,302.9756,260.7412,326.7897,87.7932,314.3469,331.3505,301.2061,200.125,206.603,172.034,83.1915,192.192,34.1778,189.915,179.094,171.351,32.6702,61.9904,351.82914,303.5188,169.368,263.5594,174.949,25.7415,160.796,301.5525,69.7184,295.1182,292.8144,55.8242,305.065,174.73,172.578,303.8968,170.843,284.2893,287.6953,48.5514,183.536,61.4055,5.79135,356.1904,329.9167,265.7728,79.7034,144.499,93.9084,322.397,295.0058,278.9166,39.9786,161.313,66.6522,55.7818,305.145,317.5857,184.111,302.3658,72.3668,12.0364,105.675,63.5955,89.3459,177.209,79.7104,181.824,175.032,322.5298,327.15070000000003,355.16303,81.8534,87.1434,177.326
690,294.65409999999997,25.6912,189.921,175.544,88.566,168.524,311.8402,181.28,198.146,271.1948,180.389,320.1282,181.997,295.051,358.74948,171.617,40.8791,305.3114,317.3301,168.998,188.196,282.0251,319.573,186.528,312.3553,321.4215,316.304,184.611,192.339,169.435,56.5769,197.808,59.8075,182.703,46.6735,169.391,38.7266,67.1643,359.9063545,293.5934,175.923,271.4761,157.084,26.9266,187.913,283.4362,162.166,292.8822,305.3673,69.8406,316.1392,107.75,188.06,312.6554,156.197,304.0702,312.62,63.7065,63.7098,67.9568,21.4747,116.546,304.3287,273.8431,104.95,62.7435,97.0656,347.1637,274.0617,296.8894,38.9454,159.637,162.524,81.8316,196.4,323.2677,197.588,175.89,168.366,7.43071,103.791,36.7508,85.0275,187.121,88.2391,179.706,160.343,313.9789,319.7267,215.378,100.397,73.2039,194.755
691,286.9595,26.2696,195.181,182.335,84.9798,169.291,317.1376,295.6436,294.1236,224.39,161.97,317.8518,182.849,306.2261,349.57280000000003,165.662,176.54,310.1135,302.102,60.2272,183.884,271.3666,316.571,310.1448,320.3669,2.03584,307.7867,189.887,173.934,173.977,73.8415,199.672,49.8204,183.515,314.86469999999997,185.7,43.8874,69.5016,337.7977,311.4927,177.211,270.87760000000003,164.458,26.166,162.083,268.3687,19.4269,299.3924,309.3232,66.6963,159.327,159.488,153.971,295.3734,153.869,296.7928,301.3217,53.6079,306.6711,81.3628,329.9606,331.0578,317.6626,265.8576,92.7758,138.711,109.294,322.4835,269.3608,280.4775,38.1815,164.703,291.62149999999997,66.6251,291.2801,320.6737,180.694,213.659,168.181,26.5937,124.102,55.4338,91.9497,183.269,62.295,183.561,154.947,346.5496,330.4275,162.561,93.9119,57.8966,129.759
692,300.7473,49.4528,194.764,174.945,71.8344,197.358,307.7287,292.2739,231.951,241.211,177.467,308.8399,184.033,296.7244,356.00932,310.0121,65.4323,314.553,318.252,188.925,286.6509,249.49200000000002,317.7961,180.076,316.5933,319.0529,298.38530000000003,181.915,184.501,175.188,52.716,194.307,52.0096,151.296,186.728,180.152,45.4104,48.2843,0.457687,294.7469,169.656,271.9809,175.099,336.6719,179.818,278.4661,2.80214,298.7509,293.8973,52.3046,158.156,202.487,294.6349,297.2371,175.383,312.8036,291.4766,51.4008,194.433,82.7952,274.407,102.106,314.5855,278.6456,96.722,139.805,91.3475,356.1233,291.71389999999997,289.2893,36.084,177.656,187.363,53.8831,291.6557,316.21659999999997,201.272,354.87595,195.828,10.1963,117.751,75.8118,99.577,180.428,114.942,172.522,173.538,328.9784,321.9006,358.37399,89.2668,94.7895,170.049
693,311.5108,35.7513,191.269,185.385,86.4427,167.669,292.9675,307.766,309.0913,263.73789999999997,99.8574,334.7673,179.735,181.49,348.5202,191.187,63.657,319.2998,281.0647,297.2961,197.114,260.9499,328.6905,185.329,302.0499,338.3985,305.3982,190.442,179.973,179.173,52.466,189.521,62.395,176.798,52.1098,189.514,45.3673,164.634,160.801,289.1955,190.686,266.392,171.617,45.2735,171.222,262.9631,330.9895,296.0608,199.046,42.0203,298.5391,289.3962,310.502,299.4251,178.143,306.6646,301.7073,61.9841,297.4097,53.8932,349.7916,66.8623,318.5455,249.85899999999998,91.589,173.725,96.6223,319.3295,283.13009999999997,277.642,42.6568,157.011,167.246,55.8178,170.799,317.6964,185.952,343.4414,151.342,350.59162,114.808,40.3022,68.2287,172.34,90.4051,197.828,163.313,340.4262,312.7255,160.813,87.9135,70.8766,191.314
694,277.7664,35.3625,195.136,195.849,96.3074,174.635,187.309,52.201,197.316,261.0126,90.9484,299.5408,182.444,288.0584,4.31833,173.118,44.7912,315.7014,304.6649,286.3807,176.297,276.6777,316.6049,199.422,309.7715,327.6967,296.6411,183.654,209.748,173.35,58.4804,185.655,63.6051,178.181,295.6693,187.017,46.9694,162.089,144.481,82.7251,172.472,244.248,169.72,35.4619,170.942,284.4215,321.4761,305.5407,187.471,50.5563,306.856,188.188,174.56,307.6367,164.328,175.454,283.85630000000003,60.2604,35.6621,65.355,98.4092,234.061,337.8928,263.7895,85.9317,76.6852,91.6185,313.9284,292.228,290.6338,45.6753,163.135,213.631,65.6253,192.548,312.7544,189.524,314.579,184.157,4.24511,111.725,49.63,94.6824,196.612,85.2775,211.898,188.757,331.8318,325.6933,158.733,70.1866,51.8297,166.929
695,191.538,35.6416,321.16089999999997,171.109,77.6884,176.038,178.077,309.3822,303.6212,255.345,177.032,162.234,167.108,291.5188,4.35439,166.964,53.0912,299.0499,281.7334,270.0646,175.626,266.65319999999997,28.6087,180.774,302.1911,326.3982,309.4073,192.098,183.122,168.169,58.1923,197.044,52.4532,172.74,299.2357,174.901,22.7483,163.885,118.027,302.3496,189.006,279.3331,177.082,46.133,152.257,262.2871,7.12581,299.6595,186.644,60.2856,300.1988,181.003,166.595,313.3745,169.687,161.143,298.0392,70.622,181.707,45.4534,359.056898,36.7506,316.0639,253.286,113.461,70.549,100.753,317.498,84.1082,290.6723,41.8261,163.787,191.454,49.7527,296.4929,321.7348,189.278,163.89,141.115,10.4344,104.47,52.6361,81.4172,182.983,79.7866,196.536,194.073,315.5364,324.8322,327.5836,66.8521,84.1483,177.346
696,55.0334,23.4746,201.544,191.206,93.611,183.03,326.3654,296.6282,206.944,253.438,170.73,264.0925,193.554,182.049,344.1716,168.774,67.1911,294.6943,305.3394,202.034,305.5715,306.0974,322.2446,287.5817,289.0077,40.1486,303.7937,183.852,178.576,172.541,62.0011,191.391,56.5632,170.648,301.2251,178.9,44.3812,158.848,117.248,313.7312,151.359,269.8646,177.485,39.9889,177.23,306.905,330.1414,294.04470000000003,306.3059,62.0896,297.7853,164.54,183.373,158.373,165.311,162.28,300.6721,59.5042,159.484,76.2232,358.17968,104.545,345.5601,260.7989,110.149,70.309,86.6486,311.3746,99.8863,298.8991,47.296,168.174,292.3008,67.8809,192.128,313.7856,183.04,339.3448,175.264,347.8242,122.927,62.4135,66.3835,186.93,73.9107,187.421,165.65,339.4239,325.0409,345.0144,104.048,90.0453,164.414
697,35.7301,30.7876,195.955,170.399,67.9286,193.311,306.8269,299.5668,198.07,289.6142,195.911,171.332,164.108,179.608,352.45741,309.59069999999997,63.9065,313.642,295.8945,177.416,66.1702,270.4101,319.5121,295.7395,315.0385,325.9668,303.9215,188.688,195.744,177.41,52.2699,196.211,63.0548,172.54,60.9214,171.692,44.2026,171.036,167.829,310.7616,166.213,275.0297,162.019,44.2518,156.503,268.3084,297.2575,292.0704,300.0129,54.5097,313.1975,183.654,180.889,158.931,174.956,248.64499999999998,290.9715,46.7139,192.266,77.7503,3.13261,77.0907,280.89279999999997,264.4461,85.2945,152.942,100.215,341.881,83.3239,295.3476,34.8766,167.171,299.8582,58.1707,298.9339,319.1075,174.371,194.908,183.874,341.2467,116.852,43.3375,90.5648,183.656,96.4106,283.0782,172.958,323.3827,339.866,160.122,90.6282,90.5736,170.944
698,66.1665,36.6988,278.57439999999997,185.594,89.6315,179.786,291.7382,300.0151,200.184,276.6495,90.1043,186.444,186.323,183.205,345.3883,176.327,55.6008,300.92560000000003,308.935,168.73,346.6014,265.1405,26.3806,305.2804,325.58140000000003,314.4367,302.0462,184.792,204.051,168.094,67.7489,189.09,48.3042,181.39,306.1778,183.208,28.0356,164.073,179.082,302.8383,184.068,281.0479,166.484,25.8342,161.954,260.7654,301.7153,300.6843,299.378,65.6824,314.8787,160.857,170.569,156.654,184.335,159.438,302.3396,74.236,188.545,49.5885,349.8803,340.4389,55.6546,259.453,97.7086,161.407,99.234,289.0477,53.3502,287.4681,41.9173,156.056,296.7613,52.2456,259.469,288.6567,174.669,176.683,182.773,0.554184,106.533,56.7103,94.5585,194.506,100.733,281.567,182.337,343.4901,322.115,315.2376,67.4626,102.673,176.294
699,64.2027,44.6598,269.4651,189.104,83.0106,192.965,297.17470000000003,321.0924,178.385,275.1041,75.4138,175.408,177.315,194.622,26.7765,297.0473,58.6253,53.7023,295.0337,195.253,317.0448,270.9335,308.2153,284.3005,276.84950000000003,327.00350000000003,288.7888,292.8596,204.886,177.767,61.8592,208.278,43.405,191.044,169.83,163.605,28.7947,152.004,323.4034,300.3515,167.532,253.16500000000002,173.462,28.7255,169.702,289.0063,353.16676,295.0852,322.4923,44.1348,162.555,149.755,177.458,171.107,176.941,173.136,305.5206,56.7367,280.3485,61.7508,347.901,38.693,0.487959,268.5342,74.9343,73.3202,119.125,311.9882,258.993,299.1581,31.1773,183.024,197.955,57.8737,297.9601,325.692,175.253,177.331,174.68,19.4926,85.8335,49.1337,92.2327,196.659,86.3579,30.8401,186.99,305.9433,337.6089,137.366,102.903,90.1961,184.086
700,66.2883,12.349,163.702,194.848,96.3155,172.762,328.3327,316.3158,203.604,237.55200000000002,89.0587,176.396,178.0,166.256,12.9061,173.398,72.6074,311.2338,305.7717,187.711,190.085,270.369,324.8855,284.1887,293.325,324.8873,303.5504,170.217,178.241,187.395,63.1652,197.806,48.5672,187.711,297.6611,162.057,28.4252,172.806,344.2507,281.4809,172.733,275.1727,181.828,24.1348,161.69,264.3618,3.65006,289.8956,300.0777,62.881,167.623,158.164,159.339,141.272,165.276,164.946,183.737,67.8132,187.788,77.7284,128.732,6.01517,309.8533,279.2054,90.2392,156.026,84.3197,310.9898,269.369,301.92629999999997,40.5722,180.421,276.8279,46.4674,220.51,317.6779,171.91,190.257,181.53,18.1477,104.9,48.5573,105.136,185.058,128.765,52.1462,189.774,330.349,345.8698,330.5827,75.9906,76.8489,204.768
701,178.525,44.513,194.492,192.875,89.0993,163.251,304.9599,282.2417,292.053,268.0323,165.529,192.487,181.961,299.6394,351.14142,168.107,42.7784,287.1698,296.0776,169.402,199.59,287.983,320.9435,187.215,304.7573,334.8672,291.0939,166.366,188.823,174.56,61.0033,192.484,53.4038,197.253,288.9509,166.659,25.2579,152.002,246.07999999999998,297.0776,171.42,290.5014,46.2226,39.3769,153.575,278.522,344.184,296.07439999999997,284.93510000000003,55.5733,141.319,160.307,164.47,163.839,171.406,299.85360000000003,298.5553,53.2326,277.8501,57.5351,266.4018,314.461,318.4892,265.0367,100.775,152.652,93.6306,301.6408,264.8944,307.4822,42.7255,168.846,174.045,62.5862,212.007,303.39300000000003,187.224,166.523,177.897,327.8093,111.3,76.224,92.3114,183.629,80.1532,299.5249,182.164,308.5892,330.5438,313.5446,72.885,252.10500000000002,64.1568
702,308.4292,315.2391,175.991,175.841,84.4898,207.116,318.2503,58.6332,185.686,264.3847,181.269,28.9442,184.041,179.916,9.45616,208.179,92.9511,316.2519,314.3913,189.06,194.446,276.14,333.7735,185.439,288.6811,334.834,300.7477,167.29,183.984,162.086,61.6689,187.349,63.8032,174.437,197.696,185.696,22.8613,188.645,243.902,282.8048,180.537,279.96410000000003,49.2462,39.614,171.248,283.4646,352.27141,303.9462,304.5366,57.56,178.362,176.892,167.804,167.542,174.609,166.567,274.8192,71.0956,272.7781,53.9297,351.9617,339.0611,184.647,280.27160000000003,110.404,67.5076,126.662,328.3996,305.0797,291.0434,26.8319,164.273,189.618,58.7337,208.487,320.8917,182.702,171.968,179.436,357.49317,117.591,62.1259,97.202,179.865,81.2017,71.531,151.309,318.007,344.6284,146.243,90.6184,276.7518,152.493
703,95.3449,37.4172,193.938,174.263,111.313,152.54,307.5165,293.7914,196.781,265.8746,88.5765,308.2698,189.161,152.789,4.12763,171.701,64.7872,307.20709999999997,308.438,191.103,295.9385,245.214,327.8096,177.117,290.13800000000003,336.0465,313.9566,184.976,205.21,176.198,60.4414,188.683,46.1004,170.253,308.8783,197.788,350.39228,153.716,332.2564,277.9194,166.349,253.054,54.0247,48.0338,151.003,279.4625,318.2094,289.1834,179.846,70.4113,146.576,320.0519,313.6191,170.08,192.785,176.573,324.49649999999997,67.277,300.6885,69.1261,333.2669,258.437,187.997,259.038,94.2925,58.5735,95.5009,335.7709,283.2029,300.677,39.1262,174.11,276.6062,55.3097,187.766,310.6309,172.957,190.188,168.613,349.8366,133.465,63.5437,88.7147,289.2046,105.321,51.3692,183.352,300.0641,333.817,307.2995,79.8007,152.702,156.903
704,73.5114,23.5707,183.627,176.884,84.8015,174.59,66.0614,296.9091,211.989,260.7571,82.6995,305.9599,174.339,168.912,351.31441,293.1332,52.3129,75.3087,296.9334,281.39570000000003,172.545,272.2939,326.9766,186.258,294.5538,320.3095,289.8181,188.262,181.284,165.083,51.5017,187.745,49.6414,168.971,315.4847,183.637,43.0135,149.088,170.375,306.7497,171.213,274.6128,64.7428,40.9971,175.489,285.39459999999997,6.81916,295.6986,289.06780000000003,70.0185,159.418,178.213,176.778,149.892,184.339,163.672,288.7624,40.2739,176.056,133.94,336.0966,2.71646,323.7772,270.09929999999997,75.3115,58.5578,110.611,324.004,301.808,291.8016,33.1946,169.688,269.6858,59.3236,302.5581,305.5912,182.385,174.556,179.442,357.21449,99.9883,51.1165,85.6462,182.082,103.71,25.754,178.708,315.0234,332.7349,301.18399999999997,94.9147,269.8287,188.285
705,73.5643,43.8468,177.878,180.786,109.826,191.362,309.09000000000003,66.4078,196.892,266.0464,172.524,181.205,196.621,296.9882,42.847,171.561,160.084,73.7339,290.3066,191.945,56.2762,255.421,318.4693,180.029,305.9435,323.6487,306.2842,296.8433,200.549,180.587,61.0173,194.646,66.3652,161.481,37.9208,200.924,42.3518,154.222,358.4754,303.4365,182.683,286.4933,68.2829,33.4929,166.361,240.938,10.1409,292.6859,179.378,60.7349,155.09,75.2792,170.571,147.006,161.797,184.324,181.665,55.3431,174.352,174.101,340.928,129.426,312.8218,269.69780000000003,144.53,53.4058,97.6479,337.1145,277.8427,300.9036,28.1801,166.277,298.5798,67.6388,290.7684,319.6559,184.559,171.048,183.68,9.41289,110.905,54.3862,94.8953,176.419,111.2,311.0415,159.934,319.2216,330.2817,319.3973,88.4939,283.9442,190.749
706,173.917,29.7839,276.7033,187.359,78.3544,192.083,351.3578,328.1498,204.57,251.72899999999998,164.468,309.7937,167.686,200.08,53.7804,197.285,64.4683,77.2777,308.1615,168.456,20.3764,277.8055,357.08051,296.7303,292.3386,323.6755,294.2723,203.72,187.615,171.063,81.6198,200.815,54.6015,61.1895,299.1768,171.11,36.1763,193.72,339.497,287.7255,181.659,265.6368,76.6736,37.4948,146.809,308.6021,359.048046,289.8306,283.2583,44.1698,308.1348,180.114,158.854,291.14480000000003,180.388,67.4397,175.961,49.2681,309.0608,153.182,352.47238,350.53238,327.6158,255.32,112.349,142.424,90.8058,337.4701,291.8922,290.4463,30.3842,168.076,298.1887,67.9289,286.5091,303.5079,190.392,150.01,180.163,16.0636,117.231,65.7084,92.9358,190.684,86.8655,178.863,152.438,327.4307,321.5904,308.1005,95.088,165.352,177.132
707,134.05,30.1875,304.5687,194.801,68.4844,175.838,307.6197,294.5166,305.2872,255.44799999999998,164.323,312.6379,180.134,157.154,32.338,165.127,54.9604,69.8161,290.50350000000003,180.068,326.0019,255.304,330.1121,297.3313,309.71569999999997,332.0085,303.8976,165.733,187.988,169.568,54.6763,186.348,63.9377,69.2838,64.9087,177.742,33.3128,170.172,326.5179,310.6805,203.754,281.6848,77.1493,30.9145,157.025,268.1769,345.1542,292.858,294.84159999999997,54.8334,292.9386,164.304,170.141,62.5926,182.405,163.896,301.648,57.9388,269.9276,68.1146,348.6081,320.5,309.197,263.7354,101.398,137.415,97.4037,347.4761,281.5949,274.0357,36.0554,154.769,293.6284,55.7336,290.1078,305.5511,175.725,11.3562,177.641,39.8769,136.327,40.8667,106.859,199.124,88.512,309.5625,179.741,311.9192,328.4766,191.804,79.0717,248.611,176.44
708,97.5524,29.2379,203.806,183.813,90.2888,156.88,319.0872,311.3941,193.664,250.715,182.147,297.2878,183.013,167.983,353.02371,178.181,44.5997,55.9293,283.7587,185.177,169.437,278.7405,323.3552,303.2328,307.7415,331.6873,304.6098,184.936,192.75,172.501,40.7716,197.409,60.4718,71.134,49.6787,180.026,39.1386,170.59,343.9992,300.60450000000003,162.337,294.4046,67.8372,37.7051,182.769,270.9185,301.4275,311.3849,290.02070000000003,57.1904,300.7563,161.499,158.988,302.0646,182.479,182.981,298.3044,51.7438,200.44,187.43,1.32376,105.967,185.119,271.26009999999997,93.4661,65.4424,105.895,311.052,258.771,192.004,31.9033,180.233,307.7504,57.4116,293.0804,321.2685,182.067,174.246,178.843,359.495669,108.693,46.505,65.4474,191.088,93.0842,306.1374,160.386,325.4083,335.3413,350.34168999999997,92.2366,300.9171,169.281
709,69.318,34.6069,282.1954,172.207,76.7462,189.179,178.362,292.8479,189.628,263.9006,185.305,316.7129,187.104,178.719,20.2584,181.693,123.809,74.1737,289.8216,138.2,182.188,260.1344,320.9719,285.2444,293.1491,327.9168,302.18240000000003,184.604,195.541,178.097,47.4168,196.134,68.7744,60.5723,57.8182,174.638,329.4129,146.245,319.4653,310.3128,176.664,269.0004,61.9729,39.362,182.619,271.7785,341.6052,298.0316,281.8103,140.589,171.839,168.666,166.966,298.6668,178.178,193.122,317.6274,181.537,167.19,123.204,255.514,358.22405,183.043,277.07460000000003,75.5686,138.683,99.5685,294.1383,275.1239,280.6377,34.1258,173.06,285.1421,62.5066,191.205,316.6078,166.822,161.379,163.54,40.2367,124.605,48.554,82.8623,197.475,112.425,304.1204,177.494,289.4452,328.2801,354.89748,87.8548,49.2287,76.9842
710,64.8684,40.5099,264.0256,175.876,72.3032,175.238,180.332,304.3504,189.604,223.103,176.286,177.793,178.061,151.969,23.4096,181.691,66.2119,83.9368,278.9768,80.7383,173.234,269.6982,47.2231,299.0529,302.6891,319.2107,307.7538,162.292,175.983,176.454,56.969,197.425,51.4143,185.771,291.3413,168.231,31.1394,174.863,11.9957,304.5314,176.36,265.77639999999997,64.8017,30.1603,108.382,277.9266,0.765975,297.9553,299.2847,117.893,166.992,183.087,173.964,289.9526,168.373,185.179,313.0867,156.949,306.549,186.286,346.7855,91.6123,157.619,262.8291,71.0963,157.396,112.782,328.0338,269.2426,291.0931,39.5611,146.342,253.188,44.9048,192.066,311.9127,203.9,194.496,186.027,21.905,109.197,51.4234,70.5293,179.978,87.6113,288.1153,170.128,318.0918,352.28037,131.994,80.8493,71.2418,54.9742
711,60.4479,35.2779,281.5807,209.577,78.215,157.594,206.457,309.6629,193.755,253.26600000000002,173.656,306.6779,185.59,298.7472,10.0208,266.2516,89.4759,78.0263,300.6159,164.61,159.565,278.023,315.2925,293.3383,301.7475,326.6778,284.1848,172.235,186.36,155.908,63.9489,190.222,52.7833,174.586,314.7892,169.239,320.065,157.85,326.186,300.2739,173.527,275.6186,68.739,36.4875,355.67426,286.4424,356.71682,298.5116,307.4021,146.892,169.055,151.989,181.287,307.398,175.489,193.391,279.1331,174.933,290.2718,159.936,115.026,303.1815,204.596,268.837,90.5542,140.701,101.656,322.53,298.7276,289.63620000000003,34.0876,169.041,321.6011,49.7944,207.807,315.113,186.605,182.543,190.745,328.1969,88.3369,59.3617,105.081,195.089,83.9202,293.5052,173.377,339.4232,350.70549,334.2853,77.6875,65.0165,62.1169
712,57.1822,38.4099,165.756,178.414,96.9159,162.654,271.61310000000003,300.6689,305.783,239.606,161.034,316.9697,188.614,248.747,5.819,279.8686,147.128,62.4401,292.9261,154.847,300.8232,281.15319999999997,328.4556,299.2392,304.8562,3.67607,303.8727,168.722,180.539,160.012,50.9565,196.024,51.344,163.61,316.69010000000003,175.555,33.3404,167.731,169.734,288.6368,174.687,262.4059,61.7197,27.0961,333.8024,266.7087,338.3682,305.2794,195.811,59.2443,190.756,176.759,168.568,160.07,159.97,167.737,298.2165,178.267,171.063,178.327,248.736,126.249,182.908,260.4327,89.4359,61.2933,105.614,331.3129,274.34090000000003,290.5646,23.9559,172.286,316.5472,45.7067,186.601,315.9117,197.953,178.322,177.414,13.6854,81.7554,59.2728,90.0812,170.015,70.0576,208.971,156.944,302.4438,323.2315,170.74,95.5643,79.4633,84.5497
713,163.112,30.1995,183.995,178.023,86.895,170.238,301.8793,285.3734,203.448,259.536,153.557,70.4887,178.446,190.662,11.5297,168.608,57.9073,66.807,276.7798,195.134,175.251,281.3728,314.1257,296.4865,294.5339,39.4772,315.383,167.432,201.139,177.461,71.5956,194.836,49.3969,186.968,297.1596,173.072,39.1484,168.017,154.319,297.5083,167.103,259.967,51.2822,34.0718,13.5175,264.10360000000003,357.73091,295.9578,201.876,67.3788,154.944,182.635,145.633,166.188,190.017,167.276,296.8307,177.827,322.2894,164.01,333.4573,329.494,167.633,269.4439,83.9514,166.967,102.307,299.9671,261.5668,297.3248,41.5692,172.116,277.0594,58.9139,286.9715,301.6947,201.094,171.737,173.911,1.98948,112.645,66.441,80.0582,180.259,85.9177,287.6934,177.937,314.2544,319.514,307.33820000000003,96.4603,48.8388,69.6431
714,183.01,325.174,211.3,191.635,95.0673,170.904,201.785,284.7511,197.559,251.714,167.231,50.5251,176.66,297.7573,28.9131,177.67,50.7292,49.083,300.2946,197.102,64.7806,277.0698,319.4292,295.4914,304.5967,348.7346,298.4578,178.53,184.651,190.427,64.5037,202.772,52.3405,145.163,306.689,180.843,29.0494,167.273,126.013,283.4808,163.372,263.9172,68.6385,42.2104,165.829,294.7527,341.045,299.7257,193.486,74.4777,163.817,173.391,166.474,161.921,169.635,164.841,184.345,156.835,309.7457,154.511,334.5125,128.923,162.427,264.6094,109.122,164.022,91.8417,334.0002,95.6742,306.94259999999997,15.9937,168.727,313.2211,51.2468,178.944,326.6297,194.421,305.1145,189.868,354.31478,113.876,62.9617,72.7744,177.093,87.1814,36.8813,179.005,337.6384,320.743,293.5873,94.5185,49.4493,165.054
715,170.878,328.2592,282.4221,194.285,100.162,169.36,271.3996,315.5326,205.76,251.078,177.141,292.7727,184.732,264.5226,0.245788,178.852,65.7436,76.533,289.42629999999997,63.7076,315.6797,265.0108,38.8094,304.1231,297.7721,331.9202,301.1206,171.778,203.497,194.511,54.814,201.205,60.9972,144.594,190.8,197.542,24.7946,185.71,159.455,291.3757,165.866,275.7504,77.0039,33.8228,176.13,247.137,16.6809,295.7408,193.739,66.1851,171.85,187.352,163.621,163.439,191.534,161.828,250.52800000000002,175.642,189.026,179.154,2.46904,329.60360000000003,182.03,242.482,91.3483,141.615,85.0795,336.6711,76.8684,271.826,31.7573,170.501,300.1744,62.6367,292.9387,305.4764,195.24,162.07,177.695,33.9579,117.366,49.1083,78.4539,186.09,97.2668,51.0531,182.157,303.3245,354.87474,309.9074,87.2392,65.5554,180.426
716,93.8178,38.6445,292.1231,190.987,86.5412,184.525,322.3388,308.0626,316.154,245.826,177.07,339.0588,203.433,207.475,341.089,195.675,71.2568,77.3465,289.8921,180.593,308.7113,271.283,325.5333,313.7779,272.4636,321.4042,318.5185,182.938,192.837,181.09,68.2821,207.388,34.4691,177.926,294.3636,161.741,36.0929,169.736,162.112,282.0046,165.009,278.08820000000003,60.4919,33.8221,181.191,293.9373,343.0751,290.7794,295.7522,74.2843,168.322,172.38,289.4461,157.225,201.493,161.659,295.0378,60.0174,209.334,68.7967,351.46807,292.1663,168.141,296.69259999999997,84.9732,280.4776,86.1356,309.829,80.7252,306.2144,42.0255,165.121,203.036,59.4194,172.554,310.2062,191.371,6.90484,168.674,16.8852,118.186,55.5698,81.0189,189.01,81.1534,46.5214,174.105,353.35396,332.0068,301.1012,109.714,95.3608,186.798
717,92.3194,318.62149999999997,193.46,195.814,97.5428,183.135,316.8231,299.8795,187.425,234.80200000000002,178.338,284.3138,190.825,157.112,3.40691,181.1,72.6681,51.7133,289.3547,176.426,172.35,283.3399,326.3234,193.802,299.1049,318.446,303.9736,191.718,181.795,181.828,71.4742,185.72,55.6972,160.783,307.7407,169.838,38.0674,165.511,121.541,295.44169999999997,172.365,270.729,66.0224,33.3814,185.29,287.64369999999997,338.737,292.0944,289.7642,60.5996,58.2384,166.499,307.3832,175.451,207.955,300.875,293.2248,59.3675,174.476,191.393,110.173,290.84590000000003,200.423,263.9986,83.0481,306.892,90.5172,345.1267,82.3686,288.4479,40.9853,166.003,280.979,71.6302,294.5117,335.8812,190.438,338.2638,167.182,2.98453,124.425,45.625,88.4598,215.795,94.7203,176.727,181.748,309.9581,340.5335,336.2234,95.6316,77.5446,156.807
718,185.223,36.112,204.274,204.096,77.0656,179.0,313.59680000000003,301.8848,196.018,267.9576,101.719,297.6176,184.008,205.415,346.2308,160.501,70.1999,65.7218,303.6175,168.85,308.1339,256.016,32.5659,191.511,308.52909999999997,334.1795,295.4467,177.404,184.52,175.498,51.286,188.264,57.2778,161.217,310.8919,169.562,32.511,153.682,187.394,299.7242,163.612,264.3826,64.1741,34.0738,160.532,243.77100000000002,355.90539,286.1304,291.2211,61.5925,160.142,182.205,139.782,166.584,169.347,301.63530000000003,290.707,63.7887,185.459,179.731,340.6404,266.4228,328.3924,261.0675,80.283,293.5466,102.303,336.5517,111.881,301.6423,29.1625,157.27,176.023,67.8742,300.977,326.5084,197.95,194.176,158.153,10.3124,111.673,64.6652,81.8853,198.866,85.4327,180.164,185.341,332.9145,331.5321,307.2413,83.0381,240.45600000000002,178.811
719,168.494,34.1291,174.78,193.613,87.4107,192.108,321.8219,277.759,199.661,275.09770000000003,88.8873,331.3208,182.371,178.278,11.872,159.374,71.5795,73.5252,292.7358,169.225,311.5589,259.041,323.3112,196.546,327.3905,323.9483,283.2622,190.389,190.624,184.669,59.921,196.07,29.2615,178.56,310.65070000000003,171.819,52.4106,162.519,306.5664,292.72,184.133,249.272,51.9484,35.397,172.391,284.6888,353.19791,300.2477,298.5166,69.7366,162.454,186.461,152.485,157.069,166.262,287.2622,284.2985,63.5103,170.595,205.608,337.8401,344.2345,329.4293,266.6073,101.275,281.26779999999997,105.525,340.5984,88.6425,291.7271,40.4428,181.559,322.7206,72.4971,289.8601,314.054,198.032,182.254,191.56,347.8151,105.962,42.7172,99.4192,183.307,76.1646,184.455,180.511,159.578,335.0499,182.103,80.5914,283.0391,167.715
720,69.7471,37.9925,283.1057,182.447,94.9401,191.899,280.4226,313.0878,197.762,255.135,160.772,320.189,187.394,167.864,5.59694,58.3965,139.992,45.5881,293.8609,170.941,299.8588,267.8806,329.7383,173.357,299.03589999999997,325.748,315.8098,181.872,186.328,164.383,63.4882,186.041,52.9094,207.676,305.3075,163.286,35.574,154.578,87.7178,285.3234,157.09,276.867,67.8663,36.2737,157.121,273.6331,351.27387,288.2051,299.4693,61.216,157.766,178.561,308.426,156.784,158.031,280.7937,268.4445,38.1527,311.9643,173.056,347.7381,333.7189,47.4079,284.8822,81.8064,127.776,81.9924,314.5705,79.6352,299.7637,31.6727,85.5924,208.57,65.7716,285.4918,305.2919,177.124,193.622,310.5902,14.5363,113.808,56.8746,91.4817,186.495,113.528,208.246,181.728,129.045,9.40633,53.6707,102.671,267.2247,176.667
721,74.672,40.6957,181.492,190.38,62.7417,194.88,304.3908,303.0799,184.148,263.2807,81.1365,294.7462,172.314,272.9812,353.57821,173.364,49.9321,68.8557,299.2515,147.832,316.4643,271.51,41.9649,179.002,288.90319999999997,1.17579,304.9154,184.487,177.351,164.549,50.5749,182.04,77.1741,177.557,290.5912,174.051,41.9391,165.792,302.5765,273.006,179.208,258.14,55.6356,37.2013,168.856,268.7779,346.6492,288.3371,280.3881,63.1276,162.342,157.448,317.976,161.066,180.709,202.352,299.5194,69.3337,204.082,181.95,333.6251,123.992,36.4415,252.612,79.2689,135.111,101.853,322.3904,71.0869,298.6845,40.0112,160.466,271.8413,60.2569,225.811,315.4076,184.931,217.045,179.0,19.8271,103.246,43.4029,85.0014,187.314,94.3532,180.227,190.25,106.946,328.8927,156.684,89.8822,69.061,58.5292
722,61.988,32.4981,188.611,185.312,102.899,171.37,305.8812,304.2004,176.759,259.19,175.404,305.2012,184.316,163.662,6.28105,165.824,139.915,60.0648,305.3665,197.053,309.8473,255.711,318.3563,165.405,294.53409999999997,329.3161,306.4501,186.238,184.951,162.424,51.089,189.942,49.9096,64.8245,284.5391,185.913,326.5047,158.835,343.6128,273.9346,162.135,264.6295,54.9753,47.2044,340.601,269.3762,358.32011,311.7487,196.088,68.7365,180.112,205.583,307.9986,160.038,184.949,165.668,282.6473,63.074,197.914,180.602,137.903,319.5139,43.4053,257.98900000000003,98.1092,153.441,117.25,352.40364,64.3251,290.7507,28.2436,185.293,276.3665,64.8658,182.053,313.865,187.917,356.46722,198.024,329.4256,102.925,72.496,93.6116,198.302,84.1606,198.15,165.383,161.684,336.2374,173.257,72.7333,82.2364,62.0155
723,79.2985,330.0188,186.726,188.831,65.5575,187.118,310.8822,318.9219,171.907,260.2617,173.764,55.7135,176.386,167.322,345.8804,276.0734,69.5287,68.4325,280.043,213.606,178.345,281.4467,327.3464,187.16,318.5541,28.0818,295.5227,166.508,183.354,179.436,48.9296,191.503,67.4798,179.457,310.2484,175.787,344.2381,170.521,92.9845,293.80129999999997,167.854,280.2036,75.702,321.8273,349.6163,280.1267,352.27315,294.7992,316.9101,62.3555,168.699,182.029,309.3583,156.617,178.021,291.8521,293.79089999999997,67.2991,303.4545,178.421,357.02106,316.19780000000003,50.6432,259.459,97.1572,135.479,95.7246,325.2155,60.5538,284.7391,46.7423,175.036,283.2738,59.2911,211.798,313.5736,177.234,353.14152,199.613,344.3045,104.756,45.3136,91.8751,182.817,91.7368,205.718,172.282,192.153,339.4064,211.332,90.2785,67.3227,56.6943
724,47.8092,42.5546,176.292,175.777,92.9271,195.232,284.5118,295.8637,180.255,259.244,184.052,302.2143,187.341,173.496,18.6056,278.1264,66.8731,66.3851,276.78610000000003,190.646,333.8764,270.4317,34.6746,184.359,303.7886,37.7529,295.0324,172.248,182.069,174.63,55.876,188.992,48.6168,181.097,307.8385,176.097,27.1115,153.455,162.53,296.7274,171.402,275.9134,73.0592,34.5262,304.9258,284.649,347.0488,297.989,289.12829999999997,77.0813,162.042,195.282,317.423,176.404,171.158,180.043,310.0923,47.7281,200.971,166.331,344.4767,343.2566,56.5218,272.2555,94.8022,149.708,97.1102,310.8944,57.254,289.0702,45.1783,177.133,313.1557,55.231,302.5802,315.19010000000003,188.321,3.60952,172.224,342.802,104.16,64.84,97.6654,188.382,85.528,187.254,184.969,148.845,324.1614,317.3675,95.561,261.9855,55.3228
725,194.61,35.0379,287.3956,177.157,86.8027,151.323,303.6438,293.98720000000003,217.565,242.04500000000002,166.352,308.5509,181.381,63.8692,15.5844,172.88,76.1221,318.13620000000003,309.0752,192.309,302.1205,268.8932,310.9909,293.2212,287.1076,332.5239,308.1889,179.322,173.786,181.977,74.7315,192.653,66.8332,74.302,306.452,162.872,38.3368,152.028,1.27893,293.8241,167.743,276.0987,66.466,33.9396,337.9963,260.7152,355.15635,305.1775,295.34839999999997,64.9927,159.899,153.175,161.874,60.0546,201.698,165.794,296.5185,53.1513,308.8183,176.703,300.3706,338.2574,35.368,269.6089,92.9492,153.944,84.3327,321.9145,85.222,284.757,35.5854,164.242,264.8658,61.1711,172.612,298.7547,196.827,180.675,186.666,17.3832,105.227,62.7429,98.8857,190.355,91.6146,190.615,166.519,166.855,355.75298,323.08209999999997,83.0799,77.5608,66.3656
726,189.847,327.81669999999997,179.242,180.844,93.8851,168.212,288.4726,310.5216,211.226,255.261,186.958,322.3578,192.898,168.785,16.9163,265.2998,82.4707,315.031,306.1599,193.767,335.1177,270.2473,315.9232,298.2264,294.63530000000003,334.6014,300.2363,177.08,186.883,176.611,75.0884,202.846,48.0435,183.299,319.9558,160.476,35.1769,152.98,331.5485,286.1375,185.74,270.0471,73.0159,40.0962,4.65558,260.6177,225.43,300.0824,320.872,52.5837,153.831,183.457,163.448,147.803,159.641,178.475,270.1572,55.1274,325.0322,182.977,254.914,335.585,49.6396,261.0356,103.385,130.933,100.822,331.77139999999997,265.02570000000003,315.5927,40.2942,152.895,167.304,45.8453,308.4968,309.5,179.493,195.693,165.067,34.5466,95.109,48.794,93.8623,179.222,93.7487,179.454,165.591,169.35,317.6582,184.438,84.749,106.804,67.119
727,303.5237,327.9147,287.3868,183.066,101.519,167.824,308.6079,61.5967,193.984,262.8597,180.36,298.3743,181.96,64.8561,355.36532,298.2701,61.4588,312.3597,306.3499,194.897,314.7606,271.12059999999997,329.9058,306.2265,290.8906,319.2196,298.5947,177.567,183.501,184.418,50.7018,194.074,59.9669,184.888,306.5864,184.103,39.8136,155.801,151.483,303.4229,173.558,277.9604,60.1543,316.0047,327.2918,299.9034,171.064,295.4491,313.0226,64.1786,155.377,159.042,161.13,164.063,162.611,152.078,305.1567,70.1612,300.455,187.792,254.709,286.9773,50.4691,279.6027,103.255,147.381,104.967,314.10450000000003,283.5826,308.0657,36.8624,166.782,186.191,69.1393,176.32,306.8123,198.399,190.623,167.799,16.7709,104.063,56.6093,82.4117,186.255,97.1982,180.656,157.631,120.05,329.3568,355.49536,85.5601,99.2841,46.962
728,307.399,329.7626,156.911,184.248,82.2614,185.686,299.7439,300.0772,201.867,265.5773,88.0917,326.1807,186.258,177.751,18.4038,169.073,145.584,301.3042,299.0752,180.106,324.7281,284.8334,331.8813,184.578,299.7434,326.4214,307.9962,181.762,199.209,173.35,89.6166,193.195,54.6352,172.931,309.7122,183.909,37.2832,63.8167,354.67705,314.5664,146.587,269.0457,45.4248,39.9651,344.8455,283.2741,273.38599999999997,299.6852,191.374,74.0623,139.889,59.4208,169.929,171.927,174.131,195.262,304.1785,48.1014,56.9226,153.939,337.8319,106.807,65.309,245.928,78.9319,76.5614,170.072,292.5647,274.8637,306.0394,37.3881,153.947,316.0813,90.1865,278.973,304.4216,180.602,10.8872,185.971,6.16062,121.971,66.6393,90.3749,171.361,84.7449,198.803,165.514,134.337,346.4024,162.139,74.7508,86.5545,70.3871
729,202.931,30.6853,204.154,193.82,78.2353,186.557,323.4488,306.4222,221.627,269.5297,202.224,325.8249,176.257,173.356,358.41855,187.221,103.402,287.9924,299.5633,177.117,310.8779,287.80219999999997,318.3944,290.2128,303.39459999999997,321.0474,305.4941,178.13,172.315,179.186,61.512,194.869,40.5294,192.386,302.3755,180.832,38.0626,180.846,183.958,310.7316,175.593,277.6522,82.6746,42.0507,341.9909,285.0643,94.0149,314.1578,201.677,75.196,181.808,79.1077,169.604,163.602,173.598,191.928,294.1475,73.9272,189.666,166.792,105.546,247.34300000000002,317.72339999999997,274.7105,92.9103,79.0093,99.6722,324.7625,299.8513,298.1648,35.103,160.571,297.0339,54.1479,276.2871,295.9374,201.597,36.0775,179.417,354.15299,101.48,66.279,78.0481,175.39,82.4573,176.744,168.248,151.92,348.5026,181.352,91.2001,57.4109,154.162
730,73.7772,35.2495,279.3021,177.09,58.6091,180.44,297.7935,292.8908,283.06010000000003,269.0526,180.176,318.725,198.685,233.988,335.1061,186.051,57.8606,305.2789,297.5326,200.169,334.2831,270.2027,322.836,312.2647,307.6698,316.1284,309.7662,189.592,203.131,174.91,68.1213,214.252,59.3892,93.7877,302.7451,192.89,324.97249999999997,163.559,128.075,294.4576,170.038,255.122,176.89,42.0684,335.5691,282.7594,295.17719999999997,292.3777,182.361,70.361,164.415,195.081,159.629,167.949,169.637,309.5117,317.2448,48.753,293.01099999999997,107.882,357.89167,329.1247,336.9903,257.20799999999997,101.877,70.4572,92.4023,342.52570000000003,279.3802,285.5818,37.5451,162.893,285.99850000000004,57.4418,288.5517,294.69960000000003,186.788,325.1825,172.916,343.7367,119.18,52.4562,99.7156,165.317,85.0674,172.935,173.71,192.329,334.5864,347.1078,73.6017,93.6769,39.3791
731,77.2933,30.8362,309.5624,166.665,84.7795,174.304,309.0668,264.1032,193.175,250.216,174.513,306.4756,188.053,287.284,15.5264,174.03,54.5856,302.4719,289.6166,197.867,316.36220000000003,285.8168,325.0004,301.9926,309.7861,40.0144,301.5209,182.206,181.075,168.625,66.3219,207.394,60.4449,170.889,310.7423,190.26,43.9226,54.658,35.0571,309.5029,174.3,268.9775,173.368,29.29,338.1506,279.804,349.3271,305.4371,198.849,55.9368,296.8734,180.474,164.455,158.686,175.021,171.859,307.1519,59.1363,293.1211,79.0885,83.6429,268.1431,303.6165,265.0942,96.0813,75.5765,129.636,321.6269,245.204,293.9137,30.5848,166.783,104.227,60.3342,299.7948,290.678,194.539,195.205,192.257,358.24025,123.716,55.989,95.9445,184.106,102.841,167.246,177.215,116.456,357.57456,172.484,80.1505,65.3281,78.5933
732,61.1843,37.1978,197.308,181.701,95.8266,175.714,317.9384,302.6589,305.973,255.394,187.018,304.1128,190.796,241.26600000000002,2.33134,79.0744,58.8332,311.4863,305.5634,191.429,299.9659,251.312,38.9236,181.806,300.8889,330.2902,305.3689,174.911,173.724,180.361,70.6646,184.913,73.5805,169.286,310.6459,185.847,25.872,57.0095,314.536,283.4124,162.912,263.3607,169.65,29.4693,322.9703,266.29110000000003,38.9824,306.6316,176.913,59.8956,190.16,278.2324,158.643,171.972,180.819,205.757,268.0107,59.6025,192.958,65.4391,270.8183,127.167,314.9238,246.49099999999999,85.1688,150.2,98.3085,328.8496,300.7976,320.99649999999997,42.5189,152.388,292.1728,84.1326,298.1457,311.6222,204.563,359.574462,195.054,27.9921,95.8158,69.3235,85.7191,182.963,84.388,191.173,156.346,154.16,325.9223,340.302,106.442,92.0961,190.762
733,78.5146,37.3116,184.997,184.573,78.1525,165.611,315.0535,298.6967,193.554,268.175,147.321,337.3101,165.794,172.044,355.03015,59.3256,145.661,292.0425,281.3364,290.9662,299.2392,275.0487,326.8889,52.8694,296.96410000000003,347.5886,295.2893,179.552,183.175,167.793,63.2607,193.463,58.2848,166.574,293.1886,171.164,323.5527,64.7596,319.8137,306.1774,166.138,264.7176,183.877,32.1252,321.7983,282.5641,0.995688,301.6244,192.099,57.8474,145.925,284.774,145.452,160.932,174.475,173.034,58.8159,43.0652,200.973,82.2184,264.5425,127.952,300.6345,255.713,88.7549,97.0346,116.266,17.6689,267.98109999999997,309.7041,324.1634,50.1594,273.1204,66.6858,291.1624,308.476,181.417,8.52179,283.8922,15.1443,116.68,61.5613,102.023,187.534,94.0705,178.064,184.19,149.46,327.8452,207.251,111.843,82.3958,159.687
734,62.7948,31.4351,184.093,178.131,83.5723,191.929,296.2804,292.5464,205.169,237.09,201.457,323.3023,184.722,169.247,15.7552,169.122,173.014,303.8793,204.69,171.014,315.0249,284.09090000000003,317.8286,306.2439,284.6313,334.2942,318.0496,170.701,188.659,176.804,54.8544,191.752,68.1622,176.889,81.223,183.811,30.6713,46.22,216.048,310.0735,201.444,279.8129,172.29,25.9925,5.42591,268.5561,327.7221,284.5125,183.22,47.8961,311.2938,183.536,168.481,163.087,181.66,169.496,48.3657,66.9821,185.76,68.6593,18.0042,320.1271,305.776,280.3451,97.3429,68.4689,109.038,314.0484,288.051,291.363,345.4526,163.608,201.058,64.5013,193.0,295.6259,186.889,347.7958,175.676,348.6409,104.462,48.89,87.4504,190.581,85.6917,187.408,180.133,177.336,326.4415,6.48782,87.2758,83.7833,60.7915
735,198.117,47.2647,50.3636,175.81,83.5021,169.151,315.375,196.963,304.4941,230.65,183.653,325.5945,184.388,174.922,354.05285,156.877,66.8275,320.0347,205.714,216.139,296.7208,279.6142,315.8057,297.0069,287.9374,331.9671,284.4246,183.92,192.279,172.082,67.1395,185.537,57.7548,203.208,310.99580000000003,157.852,319.7108,66.0341,309.875,287.0459,167.407,256.876,175.404,32.2041,156.314,286.3804,352.61316,304.079,187.625,88.6587,307.596,199.029,197.394,155.951,178.973,176.457,57.3422,158.402,198.155,77.6068,4.05914,54.8274,309.3533,262.5296,92.6054,43.6036,98.3605,327.5269,260.8152,293.2423,33.4149,156.868,297.5766,65.7639,273.9529,298.069,206.154,339.8839,190.535,339.2191,118.012,63.6113,87.8642,181.874,79.9381,190.601,166.109,145.665,318.5735,129.515,84.8778,93.8958,43.4559
736,83.4407,41.2439,75.0565,188.883,74.8786,180.964,56.1335,274.7242,300.0811,254.84,180.254,329.2516,180.55,175.68,354.5104,157.949,65.3832,301.03340000000003,310.8811,186.024,312.99490000000003,280.4869,321.9825,300.77570000000003,295.1288,332.4459,300.96500000000003,175.458,176.912,150.765,69.4537,199.827,42.2134,164.473,291.3256,178.487,40.3845,56.6665,346.4862,297.2955,175.707,272.7807,160.467,39.2956,189.672,279.8808,38.6786,298.3706,224.656,57.8129,311.1945,202.99,179.71,151.629,193.523,171.548,67.2998,53.2228,157.846,52.2731,261.4598,84.6823,305.6825,263.3808,67.6407,81.0981,96.0272,95.6109,271.3001,299.6073,40.0874,166.849,271.0837,47.1432,190.355,296.5489,182.248,348.6747,181.175,13.0503,106.824,54.6254,101.381,189.648,91.7846,185.892,189.057,148.753,318.1078,330.0996,79.0599,90.7967,55.4325
737,87.2625,40.2527,323.69939999999997,173.143,68.2464,192.59,312.9365,298.6537,191.007,233.173,161.89,299.3063,176.325,80.1722,0.0925727,162.531,71.159,306.0029,309.7398,314.5771,168.843,271.7567,326.568,152.892,300.7921,327.978,295.8313,180.401,190.8,159.451,70.2703,197.842,50.1225,180.47,55.4024,190.815,32.1293,60.2298,323.2144,291.1245,173.758,265.3894,169.144,33.106,169.102,260.1414,305.0369,309.0369,303.6647,64.8147,299.1819,180.274,191.912,160.934,184.613,189.055,49.1111,60.1503,59.7374,54.0907,303.3169,130.581,323.3893,247.773,94.113,64.6856,98.469,110.641,289.5485,319.4943,29.3158,163.672,259.327,103.733,310.0511,301.9078,197.107,5.17587,181.87,22.2534,117.747,56.4043,81.3479,188.293,88.513,186.599,174.614,153.922,345.0658,42.0569,83.9655,80.2969,65.8714
738,68.8979,25.408,293.3602,174.003,62.4625,200.573,288.9001,311.6642,206.218,265.0681,162.025,318.522,180.389,195.507,0.4755,168.978,177.846,298.4873,303.6973,164.802,316.2067,287.4869,317.4731,302.9056,299.4792,327.3206,292.08029999999997,176.806,189.175,174.453,52.5966,203.015,53.418,180.294,52.8512,174.784,323.7348,179.452,165.129,293.0713,191.036,294.9981,166.314,36.8308,170.481,254.537,245.459,301.0292,306.2106,72.699,307.3021,194.153,151.956,164.295,175.755,196.442,55.9582,48.7311,184.728,57.4361,263.1893,297.4334,349.0052,270.894,106.046,99.9109,93.8234,304.3436,297.3497,291.9218,36.5847,171.796,302.0137,80.0079,173.925,277.3821,186.445,4.22544,300.303,9.31256,125.299,44.4456,97.0044,179.286,92.3811,174.602,171.136,142.584,343.3001,295.90430000000003,79.1439,96.0932,174.534
739,61.3019,325.789,168.331,178.093,92.2203,181.641,322.4382,310.0148,195.69,285.3195,170.747,315.9228,189.882,99.9575,4.93425,163.348,44.934,307.1029,290.8363,294.8402,310.2787,259.123,323.4832,194.556,307.8558,332.6364,303.2608,183.393,184.362,172.239,80.9892,192.932,53.9228,179.71,71.1868,182.652,38.2119,177.037,134.496,298.6614,170.173,269.7581,178.52,21.4362,190.722,284.0615,101.806,306.0404,320.22950000000003,39.7998,91.3032,183.495,178.817,168.791,177.981,196.467,61.0514,65.8143,173.75,52.8534,356.43115,334.6284,310.388,278.66179999999997,75.585,78.7701,105.915,320.8773,298.851,289.38710000000003,39.2465,159.657,175.487,65.6538,170.446,307.6212,173.491,304.9374,279.6328,1.38342,109.549,44.1189,86.1122,190.058,91.6113,178.077,166.864,123.76,355.7242,107.18,92.9251,80.4507,57.4842
740,61.7965,42.4364,50.5782,289.5475,77.2524,184.695,329.0925,308.3903,307.8898,240.964,178.708,173.854,185.968,64.1041,0.0545423,160.788,62.5066,302.6562,318.3071,163.383,295.3496,277.3843,325.1034,284.7371,288.7008,336.7141,299.2641,170.175,199.37,187.06,71.0738,191.513,39.4169,178.217,44.1084,179.605,37.8587,175.111,272.2587,298.6257,165.89,283.90070000000003,176.529,34.7673,151.873,306.03,95.7737,300.9361,313.3308,36.7543,151.564,173.811,159.665,163.948,175.23,181.697,52.159,60.6882,209.327,59.8655,3.59444,128.216,50.8955,279.095,87.7807,67.6543,159.638,310.8735,237.022,304.798,35.3961,75.8485,171.131,69.5281,188.271,290.1451,177.738,7.66851,172.481,355.17134,121.558,43.7932,92.3774,213.972,67.7612,284.8136,187.7,131.104,329.6769,46.4116,70.1936,85.2375,54.1631
741,85.9647,37.7726,74.5094,290.3986,90.0409,186.227,302.4189,308.8242,179.124,255.107,169.401,181.934,186.967,198.603,350.19896,181.981,63.8792,286.4255,295.1586,182.343,292.3666,274.3603,326.2378,299.7163,288.5478,338.2298,288.3043,178.93,189.308,166.325,58.012,204.559,73.7339,175.321,309.4978,168.607,39.4451,165.706,350.11809,299.9985,176.267,271.5954,178.763,28.8435,161.95,265.6959,1.06257,295.3513,325.1399,64.0733,164.088,185.873,148.583,138.128,182.025,166.76,56.8294,63.0371,283.4209,66.9007,98.7082,252.023,30.7062,271.1607,71.4573,75.8516,93.0823,314.3128,287.1663,277.2523,333.9374,166.533,71.2589,73.895,203.429,312.4235,178.658,137.824,176.839,345.0613,115.047,56.9242,106.259,204.389,91.6338,44.7241,156.523,164.493,335.2438,102.102,93.4497,88.6473,64.9126
742,293.975,341.9686,172.972,301.6305,91.0603,173.871,310.0969,305.2533,195.212,260.5202,165.141,315.3219,180.423,58.7396,9.32284,153.056,85.9701,306.0569,304.3303,158.45,293.3737,249.526,334.4329,296.204,300.2765,350.37338,301.1342,178.11,185.081,156.753,66.2054,200.13,50.7631,196.308,279.7121,176.91,34.0093,182.727,330.7774,293.6417,184.868,267.433,183.748,28.7573,107.63,281.3624,347.4809,300.3366,325.5639,56.1992,152.341,194.794,162.394,152.475,175.375,161.88,65.5622,65.5775,252.29500000000002,60.6914,267.7913,343.7611,74.498,269.1346,91.6048,73.5726,102.523,324.3931,282.06780000000003,288.6796,31.3525,170.372,295.88030000000003,60.255,196.863,318.3285,160.609,127.076,189.906,345.6696,114.171,53.7133,92.3551,197.075,86.4064,291.4412,185.393,129.573,346.4193,327.6023,105.245,77.8281,67.4714
743,300.207,317.0466,188.286,302.6689,86.2405,198.425,302.1221,314.4208,218.009,243.83100000000002,163.263,319.4465,177.66,171.387,9.17946,168.222,171.808,312.0301,295.3999,167.381,300.426,278.8662,313.0565,306.4501,298.3759,326.177,291.0111,154.973,185.386,179.987,66.3105,193.012,53.3977,182.365,307.5508,173.449,331.5822,189.632,339.7272,290.50620000000004,169.025,288.5775,182.344,36.2721,347.1681,288.39570000000003,103.896,291.8128,260.668,58.0675,161.898,82.6202,155.184,162.324,183.56,163.243,63.3634,54.8538,286.3364,169.454,267.089,339.597,47.8859,255.515,88.5332,86.852,115.198,331.4491,290.9079,302.1566,42.6379,165.062,191.748,65.0343,189.37,306.8147,196.926,184.593,190.055,27.4505,100.018,54.8837,96.9476,177.079,101.545,169.134,216.71,129.175,322.9368,181.376,84.5938,57.2311,64.1756
744,307.969,33.9245,172.843,301.7085,88.1105,171.386,313.8728,313.3997,207.542,208.463,162.804,306.73969999999997,191.972,210.656,3.42112,170.304,84.9693,310.7994,295.3929,184.512,305.0297,274.284,325.8441,308.9892,308.5905,11.7863,294.2415,174.913,190.102,194.482,65.6129,191.503,43.996,178.533,322.37,167.338,36.1939,59.7763,318.4566,307.1821,182.44,269.7776,166.885,26.6148,253.334,299.9625,91.4015,310.224,291.3257,62.8633,171.227,176.749,196.802,197.17,173.918,164.075,58.5058,38.0939,305.5097,69.2061,252.888,255.70499999999998,49.7636,277.98900000000003,77.0544,74.6202,99.5403,332.9807,289.4386,285.1742,35.1376,171.352,199.592,51.3335,172.99,320.9107,176.313,18.2813,167.919,349.2042,102.768,51.6955,82.6053,176.482,78.274,208.038,186.554,137.04,349.9298,162.486,89.8516,256.146,53.0007
745,174.016,330.3103,185.32,185.743,89.6866,171.999,301.99,305.489,172.136,252.411,170.988,308.3388,182.885,191.804,12.7573,89.2901,52.1969,313.5494,282.5754,185.261,200.175,298.2833,333.9113,299.78340000000003,318.4884,327.7832,304.1914,188.603,180.642,188.365,75.8228,175.141,54.7563,191.205,295.318,166.796,43.1265,76.3,285.8324,298.6263,176.842,277.38530000000003,187.544,34.5787,339.001,270.3347,93.9219,302.7403,312.719,60.7151,312.1086,178.243,186.146,160.538,161.52,149.205,56.3094,54.1189,202.798,54.6451,27.4395,125.574,309.70799999999997,275.4449,84.679,80.5678,115.435,341.0413,255.152,290.6183,34.7841,179.925,289.1956,55.2908,177.997,322.4911,212.489,6.77993,180.142,12.7279,121.468,56.7129,91.5171,189.264,85.3496,186.236,181.211,139.327,326.2272,175.531,80.648,87.2446,56.026
746,80.8179,317.0609,165.312,198.394,87.8882,192.743,330.1381,308.8211,279.2142,268.80809999999997,164.325,298.0644,187.403,164.664,350.60435,180.338,56.0748,295.9859,295.8861,162.625,288.9819,299.7664,320.1116,294.2745,292.4172,34.7844,301.7523,194.476,183.855,169.898,63.7475,194.554,52.409,190.438,191.766,180.0,43.1188,58.8466,6.13391,299.7442,175.816,274.9385,168.559,31.8553,166.515,292.1203,111.258,288.2517,351.96937,60.1192,300.7928,73.7491,164.896,164.272,170.617,179.729,62.9757,59.7758,173.462,68.5446,254.82,114.571,319.946,288.33230000000003,98.7222,148.373,90.9705,297.8503,262.3086,288.3094,34.0968,175.046,244.006,81.4946,304.1781,307.6703,183.741,172.994,186.479,21.9228,122.089,103.225,77.5585,198.177,93.6051,304.2862,184.346,130.017,332.5573,333.9829,98.1282,94.5434,64.1851
747,295.7618,38.1815,183.967,178.912,84.9538,159.797,294.1005,292.1808,306.64459999999997,234.458,183.458,47.3738,187.555,78.3116,339.7609,156.737,66.0345,295.84159999999997,288.7806,187.986,298.5538,283.57370000000003,325.5408,288.5924,309.1767,319.0605,302.2169,182.744,183.696,173.421,71.2206,188.087,56.2255,175.126,308.86310000000003,174.506,324.3572,47.7742,197.832,294.8961,159.042,261.5685,173.862,36.6168,155.765,285.93219999999997,351.36239,291.1048,280.7203,155.1,300.7864,174.232,162.985,175.723,179.48,176.412,44.8902,54.3552,299.0912,78.7907,241.551,115.94,303.0573,282.7167,89.9238,288.1671,160.663,332.6689,262.30219999999997,298.44010000000003,29.5247,157.732,310.1577,68.3784,280.1977,307.8135,190.405,173.3,171.127,26.1188,117.134,52.7946,85.0097,188.831,90.9394,297.6308,189.3,114.85,335.4429,352.70788,105.894,69.0546,73.805
748,284.0672,41.2373,166.101,226.519,98.4828,191.287,305.4493,312.7083,173.695,255.93099999999998,275.6207,296.2059,182.583,159.374,0.432224,171.217,64.8636,318.6935,314.2475,269.6187,307.9591,280.05,324.0825,181.941,318.4911,336.9735,287.345,163.084,196.572,177.038,60.6836,189.795,59.7326,173.357,284.2364,180.402,46.0318,47.7796,2.40216,297.77570000000003,179.311,278.0787,168.746,46.7248,162.381,263.0433,196.205,305.4128,282.471,72.482,292.2317,271.3207,154.173,171.839,169.339,160.619,44.73,52.2063,175.013,77.2329,265.6601,2.22053,320.1,279.19759999999997,102.657,285.8483,102.732,342.5341,242.374,289.0835,45.466,151.461,330.9515,57.0759,317.0918,302.27,186.215,357.18499,182.448,20.4445,119.362,58.9955,101.976,174.981,83.4849,206.015,183.182,121.632,334.8444,265.2994,79.4244,82.5429,40.9278
749,294.2537,38.4519,71.6005,180.901,94.4728,189.631,322.2881,278.2127,206.182,264.8286,170.383,317.9043,186.374,186.142,10.0301,189.819,82.5163,316.3243,288.0075,169.499,301.6452,244.143,324.3826,196.469,296.3707,343.7253,325.3707,138.05,202.615,185.927,60.4396,191.614,55.9112,190.406,298.3789,179.175,331.9574,60.7174,336.5078,270.1039,184.347,292.762,170.129,37.0233,181.287,252.748,114.884,293.5958,300.13620000000003,62.3584,314.7521,211.624,164.764,170.96,175.279,153.701,56.3549,53.4626,194.039,70.1,259.28,351.53003,297.8465,286.7274,78.6044,299.804,115.052,297.3508,277.9061,290.5514,43.3089,178.92,296.4039,56.0395,292.26800000000003,299.5863,200.897,18.8147,183.513,16.5427,96.5857,49.8197,97.9718,185.663,98.1073,207.126,181.601,154.99,331.948,155.815,79.11,70.0412,63.5035
750,305.987,329.6806,171.105,180.838,82.8964,176.837,342.886,320.7767,289.7952,261.1956,189.371,299.7651,195.436,161.933,359.739916,171.396,69.8902,299.2233,286.9457,204.539,319.9116,287.2276,324.1315,189.959,283.5222,325.74580000000003,301.5197,125.21,186.798,171.797,62.9486,188.407,40.1431,176.393,308.7676,171.425,44.8629,59.3789,151.864,289.9767,168.166,274.2673,179.947,36.1708,311.2731,272.9059,83.7727,297.0426,287.4955,54.0235,320.0484,186.521,166.596,161.051,169.355,163.905,61.3422,65.0361,147.583,87.5935,264.447,314.6387,311.7498,280.5931,76.8848,282.8727,93.3892,298.5162,268.7941,288.6595,41.4749,94.8973,200.746,67.2822,292.6613,304.5443,197.075,2.93153,174.861,18.6425,111.832,68.9373,91.0752,196.001,83.9436,175.691,143.242,143.339,358.22055,134.342,92.1809,52.2037,176.171
751,282.3938,37.6887,195.895,184.53,85.6018,169.329,301.4264,312.2957,194.733,247.26,189.497,190.711,186.559,281.3023,304.1574,157.564,158.306,297.3573,281.2866,195.751,307.9449,278.73699999999997,324.1039,294.1875,306.4322,329.7018,309.60450000000003,182.363,187.801,177.169,75.0499,195.732,53.4569,284.6725,211.236,178.425,40.1239,51.3855,327.7928,282.466,170.862,285.243,168.716,32.2275,178.749,286.351,354.52755,303.6431,273.0531,66.9889,297.1088,161.858,172.009,160.216,169.358,161.434,70.0988,40.9014,172.507,180.474,347.2736,264.6521,31.1496,260.7165,97.0921,281.34929999999997,108.301,341.6932,275.5091,277.0544,33.2116,166.972,282.5045,52.1557,286.05,296.428,182.683,178.012,168.64,19.6136,113.242,72.852,88.076,182.935,92.5719,209.235,172.377,152.373,332.2906,116.592,100.705,60.6832,166.22
752,287.5745,322.301,181.557,162.65,91.8858,172.289,315.1304,309.8026,301.4234,282.3028,197.084,172.293,176.695,184.608,1.4232,252.965,60.7542,307.0172,324.6815,286.1318,321.8652,278.8897,315.1154,311.8755,303.7824,325.6693,311.7383,194.499,191.451,171.744,69.1582,202.304,30.9062,226.697,299.02570000000003,176.304,27.1878,46.9424,306.2926,295.51779999999997,155.147,280.9549,181.056,50.1531,161.169,252.865,170.933,286.7054,291.5818,64.9294,278.79380000000003,185.977,164.318,296.2514,164.165,154.76,57.0999,39.0039,313.3344,175.912,331.5423,16.1927,295.2208,251.82,83.3614,71.3518,89.0654,332.53679999999997,268.4123,285.5105,30.9396,170.323,281.4139,62.6316,204.456,311.3194,188.544,145.912,180.977,319.5675,120.168,50.8219,90.8221,202.889,87.0795,171.561,149.071,167.352,342.8648,7.04767,69.6275,43.8685,183.947
753,280.3044,39.1063,190.253,174.602,86.2339,173.971,66.2692,296.4271,194.709,259.378,167.366,330.0362,191.494,155.877,357.89227,176.676,53.7461,309.8399,287.8733,198.122,320.7144,261.2308,320.8643,160.475,304.4867,323.3212,299.9126,191.539,177.668,170.257,75.2962,201.55,63.0229,201.885,157.821,173.568,41.8128,63.4486,356.72961,299.65,193.099,283.1304,175.92,30.7587,167.906,289.5652,151.335,300.3043,305.6892,41.5512,311.2701,89.0722,184.564,272.08209999999997,208.937,165.356,44.2992,51.8375,187.305,179.337,319.7344,311.193,329.7755,267.67629999999997,107.019,64.9605,94.099,326.653,264.72950000000003,292.2702,339.7582,156.613,201.294,57.5926,292.15930000000003,325.8429,179.369,12.2218,169.912,19.0151,106.729,49.1554,101.371,189.616,113.848,180.902,182.407,147.552,327.6463,345.191,104.476,87.7853,176.063
754,300.499,45.8835,200.39,173.727,94.4892,164.777,302.6796,298.4516,284.7202,261.1539,200.518,298.1832,176.971,189.405,346.6606,185.182,72.7337,320.0088,274.9392,187.512,302.3586,272.4062,316.8541,196.536,310.4646,332.354,311.8949,193.033,176.249,173.033,44.3553,192.186,73.8365,97.6658,295.4801,181.124,37.9676,59.81,317.127,291.3558,159.902,277.4121,171.42,26.0127,156.282,251.587,110.176,311.3267,301.698,57.0,166.754,168.425,170.722,299.9675,180.192,212.556,51.8956,49.6597,275.5787,179.449,276.1834,127.671,175.25,247.322,115.051,62.2264,83.6919,16.3788,97.2374,279.4833,45.2499,159.066,309.6671,56.9472,294.7041,305.4623,195.032,15.5458,159.828,358.25119,124.627,46.441,86.9559,193.041,78.9812,299.7613,181.921,137.651,328.7571,125.118,97.6133,106.646,174.758
755,290.5232,43.8094,169.883,200.313,72.5692,196.459,24.6636,286.9658,189.466,257.127,101.397,304.8833,186.619,165.401,7.18034,173.632,55.1719,314.5523,314.1498,180.921,297.4865,265.0013,320.0551,190.875,307.4935,330.3383,287.9923,168.798,180.673,164.281,64.9739,188.247,32.435,308.7163,187.622,171.118,32.2532,67.2186,347.1197,296.0151,175.429,283.4667,154.991,29.6526,158.84,277.1477,96.9125,298.7127,300.3846,48.7416,174.301,179.514,167.596,163.625,185.264,161.315,52.1535,45.4901,291.452,163.715,290.4083,344.9319,321.7874,233.762,104.964,68.4898,84.6114,356.38984,272.6692,291.16020000000003,41.0532,161.077,262.5367,64.9615,184.201,316.4528,204.42,18.9403,197.664,349.8564,127.897,62.9333,85.5606,196.449,81.0694,293.4623,152.834,155.572,323.856,344.7086,73.6887,82.9379,182.46
756,305.3418,27.0496,290.6106,192.952,95.1735,173.079,313.1302,308.0918,175.454,263.1257,179.7,176.775,184.981,178.363,5.34078,194.571,64.0128,82.8661,288.2709,178.161,191.429,306.4407,332.4416,293.4876,305.0878,334.7369,288.9067,157.017,195.504,174.368,62.6391,193.255,53.0576,298.1389,192.03,161.859,29.5593,35.9471,338.6096,266.9866,182.454,274.6674,157.489,34.5281,184.747,38.6642,91.384,314.7887,296.5107,63.549,175.445,188.316,169.258,151.726,175.37,177.042,56.7658,65.81,166.688,162.075,329.2713,328.5798,72.5344,262.5956,86.8778,68.4793,87.5148,324.4874,287.7412,295.0751,44.9828,167.526,319.5202,71.0998,241.066,304.7057,55.1801,293.228,185.082,34.9124,99.7785,64.1688,95.7407,180.194,88.9557,65.6959,179.804,158.468,341.2809,271.9653,65.5246,68.7886,162.668
757,191.871,34.1665,179.323,186.267,78.5008,178.934,179.936,307.124,291.1717,235.482,140.29,33.6896,182.835,190.363,309.6456,173.154,124.339,75.8204,307.45799999999997,170.445,297.6334,282.9866,318.1998,304.808,315.6174,336.5938,301.0453,198.974,204.88,175.871,69.6968,205.623,41.5394,309.1219,75.0482,158.858,26.0937,54.7396,168.117,301.0913,181.832,256.161,171.481,24.0606,190.612,268.5195,112.942,305.4184,281.478,53.7517,177.841,196.79,174.977,163.826,168.891,292.676,64.6265,67.9653,297.289,94.5091,330.8929,323.3938,187.144,262.8723,91.7328,75.8211,108.498,333.7108,263.8954,295.9044,36.7579,155.982,306.4579,58.094,206.751,305.5759,180.248,200.821,99.8047,348.8267,141.502,58.4162,81.151,204.801,89.649,297.3461,199.502,152.963,328.7676,147.37,85.3339,60.9192,65.4881
758,291.9183,43.9412,185.317,194.703,89.9008,191.047,55.2244,297.6162,268.2949,79.8634,161.806,299.5874,175.984,218.683,24.1976,311.8135,51.3014,65.9138,289.0569,163.94,184.683,280.2738,322.6745,297.8095,293.9449,29.9303,318.1729,178.475,212.848,172.463,51.1919,204.258,35.0543,293.9684,83.0962,165.373,33.744,67.4495,167.756,301.0496,180.012,270.9849,174.467,41.9288,161.555,306.2799,121.296,288.2228,282.83230000000003,60.0867,295.0467,180.02,165.941,155.997,174.922,170.59,73.911,69.9324,205.369,104.992,72.2392,241.338,305.3234,243.721,90.2733,78.0956,95.5907,347.0363,256.075,287.0085,35.105,159.092,321.7497,51.6397,302.5183,313.5841,187.821,346.3596,187.546,351.00919,111.451,62.4872,82.2086,174.636,84.4552,183.246,163.185,148.538,323.9979,187.594,100.981,54.1246,70.8836
759,189.704,328.8947,210.774,186.998,68.2151,184.013,311.77049999999997,308.0439,281.7401,247.69799999999998,296.341,318.7976,189.253,220.308,351.43954,281.6698,78.5356,57.275,294.8351,186.092,169.66,292.7873,317.0158,310.185,315.219,338.5153,292.7135,172.095,199.388,176.802,49.5513,202.58,66.2465,297.1827,285.4988,162.189,45.1818,61.7731,335.7404,294.0426,181.097,289.5971,176.964,43.0138,147.805,296.4105,108.814,315.4022,299.8885,56.9286,272.815,184.11,167.222,160.55,185.362,174.856,66.1593,60.3363,172.376,167.874,9.58774,326.9164,300.9068,255.788,102.567,56.1809,162.66,319.4474,333.9971,300.4653,328.9685,173.922,168.7,62.4719,183.698,313.3999,199.626,4.90627,171.465,14.5544,128.558,16.2171,89.9539,167.974,88.8257,200.795,176.628,85.9883,325.71479999999997,336.8155,85.4056,67.1004,69.7626
760,202.913,321.0836,190.496,294.8565,98.8157,186.029,307.7305,300.5908,198.742,250.849,183.925,280.4733,194.002,296.4127,16.9779,185.027,68.8313,68.0077,293.5886,180.032,303.65250000000003,299.8951,325.8704,283.9664,293.0428,321.6322,276.6585,174.908,199.681,178.38,61.5591,180.836,55.2356,158.32,171.59,172.869,328.3944,55.5407,194.526,310.6711,171.053,275.7744,187.98,32.2559,190.238,275.652,96.8178,267.48720000000003,300.48720000000003,66.2065,255.964,164.854,188.259,158.78,164.301,173.07,54.0645,59.8312,192.8,177.777,18.8997,339.4169,304.5401,264.54949999999997,83.7165,51.9188,96.3068,350.04859,271.1397,289.2249,45.2502,181.016,319.961,69.0227,328.8103,306.1887,166.382,203.333,193.257,4.25079,114.491,283.1951,119.073,192.816,111.52,178.154,148.9,110.925,350.88679,339.4951,84.099,58.6288,75.2951
761,291.8936,40.871,176.974,183.951,81.5245,180.931,293.8161,297.27909999999997,195.477,240.721,161.219,306.041,190.629,236.034,34.0463,189.217,173.105,307.8938,312.1731,176.714,160.994,274.1793,44.3945,180.214,275.299,320.8597,304.82439999999997,185.162,174.595,170.989,49.458,199.369,48.0734,114.066,177.407,166.145,330.9617,68.7615,128.348,295.729,200.674,270.9207,174.656,28.8841,350.37491,269.0351,114.072,280.8276,214.863,55.3971,274.3117,174.497,161.065,162.96,174.626,185.261,70.8405,46.9681,192.507,67.0126,300.6129,14.1525,309.71569999999997,251.007,90.562,65.7954,115.303,9.95712,268.3447,282.7842,28.5328,160.735,179.803,59.3551,298.0653,317.4116,187.95,183.121,186.824,331.827,129.411,64.4484,106.521,200.445,94.9748,180.589,187.835,122.872,332.6848,337.7556,101.637,79.7467,47.7718
762,299.2057,7.32798,187.404,173.88,80.1421,166.187,317.7338,295.1607,190.019,273.39459999999997,102.522,301.4367,185.327,229.37,352.18857,156.871,53.6766,287.688,286.4758,302.0438,195.939,269.8027,327.41610000000003,167.656,301.9468,339.4894,302.479,175.147,205.802,179.392,64.298,184.418,60.7771,297.907,294.7953,174.066,317.5904,57.2405,169.41,303.619,169.966,255.56799999999998,160.767,40.9237,3.19512,273.3918,111.732,297.907,300.1425,155.369,172.304,177.16,159.064,141.093,187.794,185.326,175.469,63.7341,218.657,182.449,281.484,342.8473,292.6955,260.9047,100.995,70.6801,100.733,345.1565,284.5503,281.5565,322.0233,159.97,206.094,66.1828,303.2194,309.1621,195.137,9.33387,185.361,13.9751,121.829,67.6378,99.3098,176.43,85.506,295.6027,186.229,146.678,325.4765,144.89,72.5411,74.1764,81.3635
763,57.9207,29.507,182.412,187.633,82.0864,177.723,302.4663,286.4249,202.348,228.353,192.115,302.3203,185.334,273.9341,12.5648,174.908,52.3907,312.6231,302.6519,307.5799,291.1885,284.635,330.1237,289.1489,310.1102,326.1692,301.3921,145.326,190.509,166.206,63.6593,199.08,80.7171,279.2301,301.5201,171.247,47.5635,54.4778,156.783,303.0001,170.829,278.8288,171.689,36.5508,357.37121,243.603,98.5666,313.1874,282.85,68.8133,157.266,182.832,165.087,155.806,170.633,172.094,163.218,173.37,176.502,158.479,99.7645,353.98147,293.2422,267.2125,111.597,72.2228,93.5498,323.3304,295.3356,293.3115,22.5542,168.999,329.101,69.6046,270.0202,302.39,194.751,25.1833,183.33,354.43259,115.894,63.1311,106.888,180.519,77.8401,294.9035,182.78,117.341,341.7715,143.707,77.1685,100.7,46.1177
764,56.6746,26.333,173.239,193.903,94.31,207.294,316.9446,192.62,289.34950000000003,241.80200000000002,190.245,185.483,188.06,211.595,351.62423,186.286,54.591,288.33140000000003,284.0434,195.038,312.3514,259.59000000000003,319.7389,299.2287,313.2331,333.3047,303.8138,187.02,186.751,165.811,61.2378,186.786,60.281,303.4824,314.2647,168.297,338.7865,69.9267,142.377,289.4522,174.467,271.8616,169.267,42.1208,342.2121,270.37080000000003,98.9361,286.8641,304.8125,53.7939,164.526,206.878,184.196,158.888,171.521,312.6832,149.657,163.855,294.8191,157.836,322.4647,18.7684,316.0122,258.165,85.9592,76.9906,100.136,312.6564,309.8935,291.08,36.8078,165.387,277.6971,58.4402,296.7207,304.2953,188.651,3.66525,187.193,8.87073,116.451,69.2164,85.1789,174.971,110.528,161.676,187.35,133.206,348.4654,136.611,83.1956,73.1248,179.799
765,92.5225,34.0165,279.9621,194.665,65.3913,173.726,280.4919,191.959,295.4779,237.723,165.968,174.634,188.219,193.044,349.4285,166.632,63.8995,304.1449,294.4937,196.271,297.3248,269.2972,30.4479,303.6249,308.0505,330.118,308.537,195.455,152.659,186.11,51.5368,184.346,70.7664,298.8547,312.7746,172.646,321.4805,50.6949,133.61,303.6643,165.435,252.769,175.315,39.3161,333.6791,267.1067,203.863,301.1412,321.8914,51.0063,174.635,188.108,161.263,158.71,199.645,287.3888,75.7913,180.354,283.7396,192.607,248.924,354.50887,319.7398,234.73399999999998,101.889,43.2739,95.4992,323.3156,278.0481,276.966,29.7341,62.8386,183.611,72.7945,187.292,305.9081,193.996,10.1516,178.805,28.8996,101.526,59.2926,82.9533,193.09,81.8322,312.9044,181.42,129.981,325.7624,309.8108,72.2208,80.3143,192.923
766,66.2207,320.1951,191.747,163.805,95.933,168.873,338.1304,186.986,173.086,252.346,112.319,163.65,188.791,167.282,21.7606,188.814,67.7561,310.5351,296.0591,309.75,305.5477,287.1652,42.6639,313.7972,299.3351,327.5393,289.5624,184.585,175.023,169.695,96.7983,191.43,60.5118,309.0539,310.8866,172.36,330.9,46.63,163.539,285.4649,163.962,270.1712,162.473,38.5035,10.356,121.942,126.634,301.6681,306.663,63.8797,173.572,197.67,146.176,295.3111,178.771,173.103,176.253,164.135,176.011,171.94,9.46141,351.16721,299.0895,248.69400000000002,100.262,145.791,85.9539,331.0021,255.80200000000002,304.1716,33.8168,133.817,295.8886,54.2361,191.338,306.2309,174.02,349.7522,193.582,26.2184,99.8047,82.02,81.6008,180.105,84.6026,297.8227,140.081,179.981,338.7863,159.739,74.4434,74.3367,157.033
767,280.3815,44.7208,297.1392,180.666,93.9438,175.205,60.2115,178.177,289.4684,268.5333,182.351,192.525,183.92,162.731,358.86445,289.5718,61.7027,299.36310000000003,304.0262,202.469,303.8123,270.9305,315.7224,298.806,316.6928,328.1334,303.5707,177.517,176.305,162.585,66.6994,206.466,53.5856,64.5526,317.8643,179.561,333.3375,54.9567,110.101,300.7969,165.048,284.8702,175.555,31.9033,322.961,271.2074,134.145,298.1359,340.1834,59.9719,175.979,165.925,305.7146,283.6076,191.44,172.518,40.1534,169.342,165.692,189.88,136.958,332.1034,301.9901,254.563,93.4173,141.05,81.4318,332.128,285.2183,285.2463,45.3582,150.319,201.363,54.3609,174.347,303.951,179.241,186.158,169.529,1.65412,122.79,63.2358,101.785,180.252,74.78,295.0105,172.662,143.503,328.9586,174.062,70.2466,270.2963,179.949
768,200.398,334.9312,174.623,197.853,56.7465,181.529,33.984,188.714,288.8344,243.495,194.537,178.169,184.101,288.0622,3.88907,173.487,66.6943,295.55719999999997,303.531,284.6903,313.9942,300.9986,40.4603,301.76189999999997,299.4663,327.9546,303.9506,178.394,197.736,186.624,49.7072,195.42,55.2282,56.2006,319.889,155.575,329.4996,50.091,166.774,291.6099,180.112,271.8352,177.545,13.9557,0.503695,263.55740000000003,338.1633,288.9892,314.668,71.8805,168.142,186.632,160.264,303.6566,174.924,195.387,170.157,167.397,309.7732,151.564,18.2997,105.999,291.5681,286.5847,78.0403,144.966,94.6905,335.0607,279.71680000000003,296.97860000000003,40.1263,151.971,166.252,87.1543,200.276,308.6124,181.189,12.0522,186.704,29.6107,96.9594,52.373,84.1342,178.368,83.6391,305.93330000000003,178.872,161.098,325.1144,181.639,97.8591,270.1545,183.886
769,70.6878,326.6719,179.397,189.596,81.8639,196.19,295.4809,195.172,286.8106,248.065,186.342,186.497,189.522,308.1383,351.81963,159.467,82.7133,291.14279999999997,172.008,292.0831,320.2742,275.63620000000003,316.4323,291.1776,311.473,356.83091,292.647,192.451,192.178,174.152,51.5919,192.084,50.2617,195.094,345.3055,187.147,33.7953,74.8001,180.639,297.61220000000003,211.287,254.934,162.564,41.9267,346.9257,265.5276,159.276,304.909,289.7119,66.5344,150.612,191.075,290.977,317.1074,167.503,305.7463,70.6795,150.097,302.3286,153.011,341.474,349.1883,306.5065,278.7963,89.3769,137.093,99.2393,351.74793999999997,272.5422,290.4117,41.6384,167.911,279.3219,50.4477,287.08119999999997,319.6349,199.348,326.3412,176.229,354.28287,118.157,42.3175,96.7467,183.701,88.1661,185.534,166.077,115.299,334.6253,340.8625,86.1406,250.43099999999998,167.585
770,62.3549,29.9061,185.967,193.952,80.8008,178.861,302.7599,177.037,300.1218,253.92000000000002,189.621,173.979,174.36,305.6008,354.6199,174.447,75.4967,296.028,290.25350000000003,204.852,327.5658,293.9722,328.684,300.4444,292.16200000000003,37.7811,302.2305,180.379,181.968,164.761,68.3465,191.572,44.1064,191.759,190.338,177.835,39.2429,72.9324,148.079,281.6105,168.048,277.9662,188.241,38.7161,352.13087,278.48900000000003,346.4184,298.3807,302.1535,55.6244,91.6841,183.312,163.559,293.9988,161.903,192.12,72.3812,162.851,303.5996,180.161,328.8719,268.9088,325.7674,272.7398,84.1737,160.729,94.5766,319.4955,290.9826,287.13890000000004,39.4125,170.853,49.8604,55.1388,305.7306,313.1002,200.935,15.5625,161.823,8.02062,103.493,55.4159,82.5183,180.732,89.0735,188.415,159.664,115.729,313.4451,13.5582,83.3725,281.6966,163.32
771,71.1717,323.5588,170.885,194.455,58.9451,185.258,291.62260000000003,191.42,296.5414,273.959,176.736,166.959,175.4,339.2446,355.62683,156.091,57.1865,322.1996,313.65250000000003,190.334,318.2422,250.925,333.63779999999997,289.7248,307.6057,330.5068,306.0847,185.65,180.147,176.305,44.3005,192.757,59.9778,70.3606,182.626,159.882,329.1565,66.785,296.9191,289.3034,163.275,263.054,172.843,33.3098,6.85413,254.409,98.3692,291.6788,299.0587,69.0791,164.059,157.066,154.088,304.3486,198.699,167.459,61.7056,183.349,287.1394,185.994,121.927,120.737,314.9604,261.9575,96.1844,146.594,96.0425,3.81552,78.7159,262.6155,41.036,169.774,311.4159,66.9147,274.3996,304.3613,184.921,26.0164,181.002,357.84309,101.18,62.8251,94.1631,180.548,77.1473,184.456,163.6,108.273,339.687,301.0507,81.2699,306.154,176.523
772,59.9304,318.2785,174.101,293.4889,75.334,183.223,291.0788,203.184,286.78700000000003,258.947,180.478,187.071,174.568,275.6467,328.9489,167.731,44.7676,305.7289,289.0656,159.693,298.7284,290.747,337.4918,288.6726,305.2533,330.4611,300.9617,295.6136,191.959,163.487,65.268,183.239,52.4561,168.34,185.237,153.694,35.9467,63.0369,3.00803,305.30129999999997,173.144,276.0782,178.165,39.0447,6.73938,302.0215,127.452,293.4194,300.1021,49.712,162.813,181.06,271.3384,298.7573,197.147,283.9092,49.3629,174.234,185.309,169.103,325.915,123.933,315.1563,269.2122,90.7344,87.4756,91.7932,346.6805,93.5388,300.1486,339.1336,167.503,304.6948,62.3099,212.517,299.0818,164.815,353.80661,171.728,340.5525,109.12,43.4912,88.2751,180.776,84.476,172.886,177.809,140.0,336.9327,96.0521,81.4386,253.25,169.676
773,184.327,46.373,182.334,289.308,72.5869,182.786,332.2908,191.263,193.631,261.2904,164.005,185.999,176.095,155.872,354.52417,167.772,69.3654,304.1965,307.956,202.094,302.4722,290.8915,325.696,294.9363,307.3618,330.4797,304.8629,170.193,189.46,180.99,76.6548,195.198,45.7207,194.642,40.5928,174.523,323.4646,60.96,280.335,299.58389999999997,176.994,270.7205,175.266,37.3967,348.8021,283.742,68.2774,308.6491,299.3439,53.1127,314.1638,162.608,304.9982,290.8117,188.379,175.257,61.4083,182.503,167.487,178.649,118.214,325.1624,187.543,268.91179999999997,111.656,58.1764,100.989,294.5247,56.3925,294.8067,15.6873,159.026,269.8442,66.5064,182.145,295.2276,164.113,175.609,183.881,350.27065,112.994,54.8579,98.2572,200.443,90.2365,207.845,174.392,148.813,332.6518,343.1996,97.155,266.1472,180.662
774,54.8421,37.5124,300.8516,301.9945,84.4887,166.709,178.278,298.7756,278.201,254.437,185.848,185.544,184.36,162.106,10.1197,281.8537,76.817,293.2461,280.1744,307.5524,307.5699,292.6159,38.2816,289.6511,319.5755,324.6119,298.1047,183.354,182.347,171.882,66.2162,197.167,43.3603,200.169,44.754,181.857,330.401,49.8074,264.3456,290.9242,173.729,264.6297,166.581,32.748,4.84475,276.403,74.6131,292.5939,289.6481,62.3842,79.1998,179.601,160.027,305.2639,160.427,166.815,59.0898,168.566,179.989,173.401,284.685,323.8534,195.776,237.578,92.9775,151.021,102.617,329.8816,100.383,289.7746,24.9098,173.905,201.008,73.3322,164.572,317.2592,192.642,183.266,181.063,41.1383,89.8414,57.7923,85.4403,160.038,70.2173,184.895,184.418,131.661,331.2227,346.8638,71.3717,269.1846,66.2605
775,69.3711,341.2491,289.6614,185.571,73.5086,181.355,308.3696,289.0958,183.535,272.6539,298.3116,326.93240000000003,183.756,174.938,10.5306,188.928,59.1221,308.0629,305.6416,165.978,302.0423,275.8026,317.1852,298.0216,323.92470000000003,318.8784,295.05150000000003,175.162,187.469,166.635,59.5564,194.129,63.1575,174.485,65.5829,183.26,320.75350000000003,60.8361,302.3109,289.96410000000003,169.495,266.67,171.605,31.9174,5.42952,272.3289,10.888,299.7963,290.2671,58.1169,166.28,166.053,165.592,277.37170000000003,180.064,171.447,181.854,170.11,285.3961,172.163,4.48586,352.74449,303.5136,248.95600000000002,107.798,136.091,85.8242,313.7734,295.1099,305.3341,45.7539,165.856,286.7202,43.8855,201.743,307.9978,195.655,129.547,181.233,335.8269,105.713,43.5331,104.581,185.153,92.3365,296.7296,200.118,144.009,337.9353,318.8065,78.2919,291.66179999999997,45.8637
776,182.762,335.65930000000003,176.81,182.223,87.7731,192.883,313.0943,193.019,206.064,275.4975,173.198,170.993,191.189,176.471,345.5013,181.524,44.7317,290.6559,286.12940000000003,176.441,300.3701,284.3118,322.9151,303.2973,300.5386,320.644,298.2259,198.621,182.21,151.195,76.9742,193.642,52.648,304.77570000000003,301.86990000000003,175.069,330.2987,65.1255,305.9212,301.3278,182.34,257.321,165.411,43.6896,344.4238,288.13689999999997,292.9993,297.1477,185.346,168.064,154.268,191.149,169.028,309.4268,177.211,158.96,69.1884,167.278,173.51,177.597,140.529,269.0476,314.3255,276.3759,91.4762,126.101,89.9148,328.2141,286.7442,290.6004,38.8624,162.269,307.4127,56.9601,289.4127,302.6427,183.158,179.609,201.75,6.03757,100.331,45.5227,94.7316,179.92,108.581,198.425,180.377,135.463,330.3175,328.9624,75.256,289.1014,66.9555
777,168.542,46.5683,164.974,217.158,86.171,184.874,331.8329,184.624,289.3926,261.3549,180.226,153.819,183.949,183.792,345.6342,186.657,60.4176,305.8429,300.946,186.936,294.74850000000004,292.4914,46.9677,295.8991,305.8355,336.17470000000003,286.779,186.135,177.753,177.945,81.149,192.19,58.631,182.064,353.53166,194.344,337.6585,43.0711,307.9327,299.9497,161.883,290.3947,171.83,35.2995,351.0894,103.078,147.572,304.2756,298.8943,114.222,68.7956,173.632,149.583,295.9297,164.255,154.805,175.964,180.453,194.64,185.021,112.274,311.0394,79.9917,257.129,94.7174,161.343,104.145,322.5331,264.34950000000003,288.19370000000004,26.7928,160.853,196.261,60.2965,289.8749,331.5822,189.256,167.699,169.422,8.34126,122.658,52.1728,98.7427,190.896,93.3187,191.892,185.397,162.982,346.2134,337.408,90.2013,313.59749999999997,55.1895
778,175.985,29.1802,171.633,317.51279999999997,69.177,198.984,308.09680000000003,191.51,303.8623,236.749,189.333,170.793,173.894,179.045,349.61469999999997,175.908,56.1396,318.96410000000003,303.97270000000003,160.56,290.151,283.9039,334.0924,300.4588,288.9207,330.8594,299.7832,193.187,199.754,173.127,53.046,195.937,48.8637,297.8349,192.856,177.63,22.3817,62.0907,332.8706,293.2199,175.536,278.5694,166.669,38.6615,323.0974,311.38530000000003,174.39,298.2939,297.0262,64.8177,181.391,165.494,157.29,303.4842,188.196,159.567,181.459,173.475,320.4432,179.137,137.92,1.14322,58.956,241.226,90.8708,126.411,99.1503,326.4767,265.0771,311.7427,37.7859,157.379,292.2855,74.3181,189.621,310.4761,185.153,181.573,182.454,11.1918,114.669,56.7537,98.2511,206.827,88.2631,175.361,155.398,134.095,327.0264,320.15070000000003,77.4334,288.77819999999997,186.135
779,84.8025,41.4119,199.447,180.655,83.6284,178.472,318.5165,198.207,200.342,256.841,292.235,328.6422,181.07,275.85519999999997,19.5926,333.3971,68.1784,288.9172,304.3224,176.138,298.0854,236.167,39.5513,293.3211,314.2142,320.0003,298.0852,192.516,180.435,166.632,59.3243,192.333,54.0287,183.679,160.872,166.351,324.371,49.3371,302.2126,294.7317,173.517,265.9544,181.477,33.4064,344.0481,294.7459,166.371,305.1427,292.94010000000003,75.2309,163.717,158.243,164.537,295.44010000000003,166.943,169.097,191.642,169.384,315.6668,180.919,345.6246,63.2788,71.1461,246.416,89.1712,129.056,112.811,342.0729,276.3359,292.6013,36.3172,172.555,176.227,79.2621,187.545,304.3624,190.049,185.601,178.978,31.9431,131.536,73.6994,68.2682,182.48,94.5394,186.089,179.393,121.321,346.4586,1.30846,84.3735,269.36379999999997,168.343
780,52.5437,38.4877,179.309,288.5006,74.8528,183.719,325.3581,183.839,280.2377,280.0954,168.776,284.4796,172.134,309.0076,358.19258,294.9619,172.942,291.4482,326.3431,279.73789999999997,301.4869,279.6314,315.3925,294.9809,310.0311,336.5814,309.6762,176.285,207.286,176.35,55.5547,182.796,51.744,301.0004,316.8668,171.455,39.656,61.0322,36.8719,308.8063,175.122,286.7001,172.1,328.4298,24.9014,274.3825,79.3624,290.127,299.9419,57.0916,165.358,165.552,154.729,303.91020000000003,182.827,161.553,58.7392,173.53,310.1109,167.294,347.8953,119.571,55.4653,253.61599999999999,83.4728,69.85,109.183,327.0221,267.5724,315.337,33.1705,65.9573,193.105,44.0557,70.7153,313.2675,177.929,313.3979,179.347,353.00797,106.198,45.1433,106.958,183.698,78.0058,176.415,180.19,102.358,337.131,352.89967,87.344,268.0045,171.01
781,180.15,41.3033,171.311,192.45,79.4007,155.51,306.5406,190.569,299.6049,259.598,157.604,305.2478,195.807,200.941,356.0456,189.132,64.9041,298.2146,287.21590000000003,293.0208,313.5398,272.4587,319.8091,303.6431,295.9246,2.44937,312.8771,205.294,189.937,174.776,57.4265,196.16,58.1705,291.8446,322.0151,174.095,36.4517,66.1402,16.3295,303.8949,168.303,272.7944,164.718,31.984,355.48039,294.6634,107.857,282.8843,297.4306,45.5692,165.416,159.91,158.83,303.6244,175.064,302.5786,67.1024,162.63,287.1955,169.002,326.4598,351.90159,51.763,263.7876,83.939,147.881,102.248,338.4667,280.5836,295.8194,41.5232,69.0737,294.7473,61.461,172.056,321.4075,189.704,344.2616,176.325,341.3947,98.9993,69.4214,84.3285,184.884,74.813,197.6,185.206,139.226,321.39390000000003,15.0934,67.2274,276.0784,177.991
782,181.642,42.3552,171.454,294.8213,90.459,201.217,307.0754,190.899,309.6057,272.1492,175.592,283.6187,176.201,266.5226,352.43637,167.758,65.0087,297.233,303.8648,270.9127,301.4141,264.1222,326.2325,304.8684,300.9653,335.84159999999997,318.3517,184.221,199.915,167.931,72.0468,197.582,56.6752,287.0596,308.5237,165.91,330.5055,64.6954,297.87149999999997,307.0458,175.221,262.1299,186.355,34.2897,327.0611,270.2202,77.6721,299.9992,326.0339,66.961,154.124,167.142,179.791,297.2181,183.11,285.5734,68.4743,167.495,197.848,185.831,161.493,344.8448,67.5944,244.238,101.253,151.031,79.1702,332.1984,278.2552,291.2121,34.6962,161.461,281.0861,79.5695,201.274,307.6033,165.024,1.29206,172.542,329.7097,104.108,52.593,82.0515,192.533,80.8502,172.215,182.991,132.88,347.1946,353.78585,98.1856,257.38,161.867
783,94.8943,38.1929,189.628,183.761,71.3814,183.777,324.2558,187.639,205.825,255.276,161.84,313.7754,188.631,71.1347,346.7051,175.424,59.7565,291.7254,295.44849999999997,204.96,319.5494,286.5049,319.7925,291.8557,301.0033,335.6538,316.1929,186.335,186.334,177.307,62.2569,186.893,52.8472,289.8448,308.601,186.638,327.10540000000003,54.4175,298.626,300.3509,169.772,257.21500000000003,191.44,19.7034,191.339,262.187,172.139,294.3288,317.9612,39.3185,300.1539,189.104,163.199,175.378,178.599,173.604,58.0713,179.357,262.14,174.76,329.4064,312.6466,57.5222,248.13299999999998,117.231,101.469,102.132,327.0483,263.0396,303.4986,39.5184,66.4137,277.68330000000003,71.8749,271.7968,301.7128,196.896,193.393,156.467,1.58037,108.164,66.6077,92.1074,199.381,93.823,172.255,177.373,128.739,327.5486,153.049,94.5158,298.0098,159.421
784,88.5182,22.4452,195.979,294.568,73.4325,197.136,302.7253,186.723,296.2645,258.121,175.79,304.4828,190.681,182.709,5.53006,292.6966,63.4585,305.8825,316.4539,297.6944,295.7509,281.9447,326.26030000000003,285.7851,289.4678,352.74373,300.6749,162.739,199.403,174.683,52.7769,178.459,51.4658,189.126,316.44100000000003,172.1,330.7999,52.9496,319.9927,305.4146,196.337,238.00900000000001,171.39,40.9449,152.812,274.7926,75.5624,309.5186,286.301,48.6946,299.7277,183.726,177.427,167.721,195.133,177.119,56.7221,187.152,175.816,160.968,319.4474,310.3732,51.104,255.561,102.32,84.3746,99.1516,26.0924,264.2499,288.9997,38.2086,155.242,311.5025,61.8745,277.11879999999996,311.7316,190.684,201.323,172.202,18.4688,110.141,66.3169,90.0094,190.49,96.0135,290.2241,187.662,120.709,327.1883,318.562,87.5533,271.3499,154.664
785,185.564,47.6097,198.49,198.916,90.0645,195.811,314.4271,191.839,286.6975,250.188,166.962,199.494,186.241,183.466,354.95387,279.1925,172.945,289.9634,313.5872,179.664,298.832,262.6707,326.8739,292.8685,309.3037,334.2086,283.6053,201.697,211.866,172.39,50.9011,205.11,58.9555,299.9078,311.8058,168.374,321.7541,56.0585,137.451,300.7804,178.638,260.0571,175.573,39.1739,299.0489,292.81010000000003,99.1166,311.204,286.7748,69.9732,330.0671,177.8,155.783,166.15,173.349,172.167,68.5496,156.605,297.1875,182.335,293.0776,115.821,54.3048,254.334,90.7974,78.6941,94.7153,323.6041,271.2595,307.2861,38.6176,45.5581,182.046,60.7612,199.499,313.5016,180.962,196.615,192.632,12.5877,126.897,58.2815,111.363,211.196,104.027,312.7803,180.129,146.215,354.40199,172.289,91.6137,260.7478,81.3164
786,58.1012,39.1231,278.8028,268.4664,74.4217,162.861,321.9377,256.139,219.537,256.406,186.821,177.039,187.59,195.547,343.2615,281.1008,70.7372,304.188,294.2288,301.9192,304.0769,272.2931,322.4461,301.9791,309.15250000000003,327.1899,288.0123,195.781,196.842,177.718,69.7165,214.804,60.9906,292.89549999999997,149.647,193.469,323.0236,53.3771,296.76279999999997,285.0512,166.034,278.4304,186.306,45.484,5.12593,284.1406,94.8546,300.6339,305.9085,72.9853,302.0126,179.0,175.313,170.007,177.826,185.755,41.4362,162.668,202.024,190.021,345.0019,27.0031,42.8307,243.572,96.1621,82.9688,93.9699,357.16269,280.5118,196.005,320.8361,166.427,163.906,55.5348,298.1402,304.7927,202.73,180.554,185.673,355.64891,105.51,73.7306,91.9706,182.991,80.643,50.6971,186.799,165.387,334.1765,165.0,72.8264,291.3116,169.861
787,296.7462,34.8672,196.064,298.561,82.3638,183.402,315.54359999999997,195.128,313.284,253.785,200.356,287.2104,185.991,285.7858,11.5463,178.219,65.2431,312.1929,300.3462,182.065,166.19,306.9019,320.9935,273.8254,307.70709999999997,333.8043,285.6059,181.176,207.917,178.307,52.9852,189.859,60.6512,301.3591,312.9772,165.801,34.1691,60.6718,340.7538,282.6039,174.943,256.688,156.412,31.7478,355.43985,259.332,121.397,302.2576,278.44939999999997,167.716,298.4985,186.492,168.007,298.5491,165.673,303.9781,62.0284,163.454,185.449,196.244,115.471,329.6997,63.8576,268.9588,101.023,45.2726,99.8633,311.161,281.6644,284.0567,15.9781,174.984,294.5573,75.874,305.7898,324.5549,172.955,304.8883,187.913,17.4526,111.538,67.1314,102.957,152.651,100.54,280.5154,156.215,138.986,163.44,8.99542,87.5543,274.7744,187.252
788,87.6728,37.8797,276.2268,193.118,79.612,196.344,309.7996,302.6911,291.6486,254.748,176.284,182.585,183.861,161.745,352.86689,188.187,53.925,306.4782,306.5693,178.493,204.255,281.79200000000003,330.2674,293.294,292.1792,342.0189,304.5893,152.028,187.81,172.357,60.0983,205.304,50.1304,285.9502,316.84159999999997,177.256,337.9802,61.106,320.7864,306.7083,170.922,274.4584,168.81,30.4856,359.876411,280.4211,103.306,306.2489,284.9316,182.686,307.5766,148.681,176.738,297.3727,167.486,168.203,64.2097,178.479,200.476,191.211,137.17,136.947,63.2522,260.1241,88.8288,158.067,90.0052,335.168,278.86109999999996,289.6554,45.7384,58.8262,180.74,82.5965,180.733,314.9551,171.792,354.15947,170.06,359.9103779,126.4,71.0601,86.9831,185.306,94.5399,302.7402,171.525,147.635,151.902,170.915,83.0504,259.493,168.33
789,276.843,325.0202,288.902,277.0339,89.7532,165.721,290.948,292.8733,177.029,260.06399999999996,175.971,179.648,178.07,177.517,345.4806,182.857,60.5325,294.259,303.2828,68.4616,298.8054,266.7609,320.0339,303.7792,308.5481,330.6247,303.1791,175.564,202.233,156.57,67.7449,197.086,58.2528,281.8667,308.8426,168.627,327.0576,56.3648,334.6614,323.6452,172.738,275.5955,176.806,322.0255,357.37395,294.3025,109.013,304.7664,258.46,51.4323,159.997,188.128,149.296,311.8808,180.891,171.245,55.0543,174.033,289.8218,176.92,338.0466,137.396,59.4524,255.32,95.9603,63.3133,90.0391,323.4592,266.3958,281.6198,29.3982,161.276,209.402,77.8771,273.4952,317.6234,193.606,202.92,181.969,27.0089,104.492,58.3414,94.2598,192.937,75.5239,301.6655,196.674,137.308,152.857,166.0,69.0362,270.6504,173.815
790,291.5955,38.4543,194.351,265.3816,85.4674,181.583,303.5679,277.6125,199.211,265.0979,183.369,181.27,180.745,180.142,354.86666,162.429,273.94259999999997,314.9056,294.0277,144.16,291.7697,292.1299,323.9966,301.4906,297.8181,326.5492,295.97450000000003,131.002,195.552,173.009,57.6741,191.009,57.5603,299.1247,305.6185,176.585,28.9743,65.4907,306.3269,71.7111,181.197,279.0148,176.497,328.7509,196.687,319.7,325.1992,297.9206,294.6467,60.602,316.2808,164.24,168.594,291.0924,185.383,167.927,55.6026,172.05,296.4127,172.821,113.219,340.4302,63.5695,264.1753,67.7518,71.1319,107.008,318.9014,276.3319,293.64279999999997,24.1991,163.472,322.0955,87.6282,290.928,316.4972,175.639,178.978,189.55,11.3533,102.053,51.5654,81.0342,185.103,99.469,51.2885,181.262,155.471,153.804,40.2514,64.2888,263.2331,165.494
791,311.4374,35.8435,215.579,260.3819,73.4028,175.803,308.0784,186.868,202.597,263.6883,177.348,347.6092,175.746,158.376,16.9943,180.422,85.0027,298.385,291.7955,180.683,308.7846,280.81489999999997,329.6548,321.1216,299.7371,322.7335,287.4862,161.903,192.987,168.718,63.3324,205.06,43.8144,301.97,285.7084,174.988,323.5711,59.6163,134.778,88.0716,171.235,246.723,183.12,26.2211,23.5602,259.15999999999997,88.6307,297.7582,307.0778,44.167,305.6939,144.287,177.937,143.213,172.328,181.969,59.9061,49.295,89.4298,192.88,92.9975,264.9339,57.067,265.1,89.5913,82.6586,81.8263,342.9833,290.17359999999996,296.1509,33.0883,170.285,321.1673,41.7798,218.597,304.8004,178.155,6.25876,179.434,19.7635,126.799,66.0271,94.1244,183.618,87.3886,45.6965,191.18,116.335,158.738,17.2386,89.0867,250.089,168.003
792,308.3084,40.212,187.914,303.1865,79.4151,164.544,322.1982,300.1021,260.13599999999997,246.522,166.108,178.255,183.023,183.167,12.6258,324.6252,78.957,303.3386,309.9017,175.866,304.7182,272.2528,323.0909,297.5999,309.0047,331.8602,292.9231,188.173,198.583,172.326,52.5361,188.418,61.6564,182.721,294.0736,165.259,329.716,56.6748,110.824,47.6061,180.182,276.8921,177.253,12.5681,31.6358,287.9607,77.5883,292.5415,272.2926,60.7743,302.1256,163.685,185.193,294.217,165.483,139.322,48.9061,57.4114,198.789,181.105,345.6958,106.786,59.3234,251.471,103.908,58.9637,97.4512,338.9422,261.5226,294.7214,47.944,163.922,309.54200000000003,54.7593,177.066,316.2821,204.656,0.740184,191.123,12.3806,99.6434,57.8328,87.9999,206.928,87.5803,41.7258,179.836,157.184,151.102,23.072,82.388,258.867,180.695
793,293.2496,34.8858,183.999,290.9282,80.6467,186.21,302.0508,299.5336,308.7508,272.4885,169.891,168.929,179.706,192.264,0.0621921,294.7162,68.1839,306.3061,312.3822,96.4484,324.065,296.5639,320.9524,181.444,303.6007,335.34,303.251,185.913,189.127,177.79,82.8927,196.374,61.3419,174.921,315.2741,184.6,45.1057,61.4446,326.2054,311.2977,168.331,275.5604,160.757,31.4627,22.9371,283.4098,140.949,300.2015,301.5153,65.7163,307.9112,171.844,167.149,295.9334,164.88,178.259,64.3008,65.7965,197.103,174.543,334.5252,353.28708,36.9969,236.034,77.9483,78.0642,87.4874,332.689,243.514,288.3168,32.8497,165.622,276.4307,55.9453,199.127,331.1431,184.091,162.268,176.096,30.7047,114.245,58.4487,88.6325,210.291,93.9532,36.8286,152.74,134.605,171.232,349.2913,81.2082,235.284,168.657
794,290.2762,334.4412,181.563,294.8091,84.5923,188.072,306.1861,312.3532,287.9301,258.35,190.915,177.519,185.026,175.985,344.0704,314.0328,67.0198,297.9424,295.4241,135.514,291.1321,268.2203,324.3881,176.185,298.1367,324.0178,309.7103,181.135,190.711,171.952,55.7848,199.515,41.8757,187.055,67.4086,169.825,34.6073,69.9934,144.653,288.0058,165.289,267.9936,164.567,42.9273,163.463,285.3229,185.086,293.5031,182.792,65.9962,256.574,185.684,171.653,313.8193,174.043,182.318,56.8952,46.0812,173.842,167.476,352.35599,266.8143,54.1417,263.7161,97.4984,150.541,96.1138,331.0926,275.7833,195.294,336.9464,158.825,332.7786,68.6415,303.4335,309.4043,186.844,7.80774,191.847,354.60744,120.386,62.3558,88.7748,178.08,90.5513,289.7279,180.133,144.218,160.476,172.058,85.7076,258.08799999999997,179.79
795,305.2275,38.0139,186.963,179.96,73.742,167.353,65.9698,307.8966,283.2937,249.031,189.57,170.712,188.874,202.725,350.22606,174.063,68.6413,294.9916,310.5963,145.93,293.3733,260.5036,329.8535,295.3738,318.3294,330.0629,302.9019,185.977,180.675,173.585,53.7812,178.314,55.714,170.863,284.7087,155.616,43.5476,54.9899,164.14,309.37239999999997,164.807,272.8749,183.836,331.5673,350.40507,262.545,328.9452,298.3297,152.393,57.9838,168.651,190.175,165.827,290.5435,175.431,156.898,65.332,42.3819,316.3212,185.775,300.46320000000003,341.2428,183.346,275.9425,101.315,72.0615,103.786,322.0816,309.9869,295.4044,327.0097,165.382,314.0849,69.9785,275.9941,308.4609,206.623,319.3268,187.474,3.04234,107.489,64.6859,74.3402,197.655,86.2892,171.036,177.31,159.797,159.832,353.24195,83.4586,266.70709999999997,171.022
796,176.693,31.9466,170.946,197.35,84.9153,175.737,290.6749,297.3849,214.38,244.458,169.075,186.294,196.349,132.641,347.0656,169.677,49.0762,311.9444,296.6223,281.1861,328.8256,271.4726,328.6215,164.364,305.4843,327.2237,301.3728,194.701,207.82,171.192,50.1957,176.279,59.7418,176.033,286.6459,166.584,328.4241,53.8986,183.859,298.5092,169.068,248.62900000000002,178.934,33.6128,183.277,286.481,338.0762,306.5376,165.537,80.0833,174.71,180.716,177.701,301.1766,198.583,176.334,52.8937,62.5025,305.9789,180.938,342.3695,356.71791,178.109,248.404,89.1085,58.2603,103.815,322.2533,266.4101,288.7334,318.8988,156.237,286.5685,53.1413,189.558,292.0785,203.188,173.791,171.935,24.6638,102.154,54.9274,108.213,186.342,78.375,184.486,166.993,188.574,173.503,31.9433,95.2852,275.5163,176.852
797,277.2128,32.6375,193.058,295.9646,50.2188,198.728,324.762,303.8317,295.3286,267.402,100.021,159.931,182.861,169.126,350.27174,161.65,82.416,284.635,310.7952,293.9311,301.6967,262.305,322.8491,295.1529,283.1081,332.258,305.154,186.972,187.152,167.431,69.5355,175.054,70.8919,291.5288,43.6885,163.597,33.7344,55.3108,318.3246,303.96479999999997,168.501,278.8833,164.062,20.4566,173.52,302.5804,107.102,298.2017,286.3381,55.9302,171.573,181.48,163.113,309.1997,188.753,157.516,54.7123,50.6564,196.282,191.312,260.0127,130.352,190.204,259.375,93.0055,75.272,97.9521,331.6108,55.3956,311.8301,42.9535,170.056,314.10609999999997,60.7957,182.515,322.4627,72.1356,0.886623,191.116,352.30441,111.437,51.1477,97.7108,187.524,94.9001,178.913,167.803,136.933,150.29,354.43412,85.9415,218.072,169.244
798,290.31399999999996,29.9404,177.15,260.05989999999997,65.8736,199.048,316.778,315.0944,304.4961,249.353,183.478,313.5736,187.634,293.9892,3.04125,184.692,65.3226,315.0743,299.5935,191.163,60.4211,274.8238,315.9759,293.7729,306.8932,324.4805,290.5774,178.25,180.536,177.086,34.6867,187.381,54.89,300.154,302.80989999999997,160.344,33.286,75.5014,302.2051,302.98969999999997,187.942,269.2317,175.888,33.596,174.435,285.7752,169.633,295.3669,206.802,54.3236,185.845,180.08,154.882,302.3815,183.965,187.166,53.1461,57.0158,279.2049,188.482,329.0879,319.5909,177.123,246.929,92.2291,127.711,93.8094,325.3513,77.0815,292.5482,43.7493,161.342,201.167,55.2402,203.447,301.0686,171.887,356.86282,176.556,358.57676,103.818,48.0971,90.2268,185.413,66.5459,192.09,189.827,150.465,154.543,315.7668,77.9468,170.084,172.266
799,51.9207,321.065,190.335,314.1891,85.7846,195.32,302.112,311.4907,298.3658,215.197,187.859,188.479,176.459,157.422,12.1837,194.449,58.596,309.5551,301.4948,288.9314,65.4227,292.015,333.15,298.1738,83.2665,330.7211,290.5715,182.644,211.394,166.384,71.1289,204.554,63.2269,296.87080000000003,287.2642,170.194,42.2302,59.0505,343.368,315.2919,182.581,272.1643,187.239,322.6448,164.065,276.2941,111.066,316.0434,291.2824,62.3577,178.833,166.387,150.589,57.5756,202.816,199.178,57.6901,58.2074,176.294,161.029,49.0349,146.653,177.598,239.405,72.8349,56.538,103.121,349.3876,80.3177,307.2552,32.5518,58.7172,189.214,60.6407,233.035,321.4913,183.654,339.195,154.909,18.5537,104.168,54.668,101.589,212.768,84.7447,146.364,182.311,140.422,181.061,192.188,90.6116,290.1383,185.658
800,61.3134,25.4273,194.888,291.6037,90.4166,192.568,291.382,327.8368,275.7912,251.03,169.579,174.839,188.12,159.517,0.549485,181.331,68.8041,76.167,306.2167,187.908,293.03409999999997,281.2105,327.8653,285.0086,304.0068,330.4443,293.7276,309.3497,190.388,164.059,94.1623,189.864,298.5048,304.405,47.3648,164.771,42.4635,57.2864,192.124,301.7939,186.892,277.7088,174.188,32.2133,357.10871,276.231,260.5223,289.0762,298.7414,78.0373,193.043,185.462,168.004,175.564,198.479,169.493,68.5316,65.3796,67.2554,161.253,110.176,120.035,62.6186,263.115,99.6263,74.1161,180.541,341.3841,41.5177,291.1482,35.9903,166.345,293.2402,55.6851,208.827,309.7364,180.582,184.898,181.748,19.5542,109.564,40.1321,92.0505,179.657,97.7686,319.7756,173.209,116.482,133.903,334.651,97.1136,281.2644,78.9697
801,193.473,330.6785,189.89,287.0786,95.2699,182.55,281.5555,295.5107,301.9828,240.315,184.047,165.297,195.743,154.445,8.43207,183.595,47.5539,75.527,271.726,197.195,322.8544,270.86469999999997,323.3122,311.2731,297.8918,22.9001,284.2398,188.249,221.725,159.599,75.1534,184.856,49.6981,300.2554,54.2209,168.17,325.5451,62.3117,291.1336,289.34000000000003,159.343,287.3678,178.685,34.7125,359.599925,254.24099999999999,255.868,311.82439999999997,339.1066,54.8105,164.542,182.93,156.797,302.0601,193.467,188.478,56.6834,57.4443,192.189,191.472,347.3214,341.8445,313.6162,259.705,89.9546,77.1739,93.7874,302.5414,83.161,194.44,32.4632,182.154,191.062,66.2344,289.9596,305.8956,189.803,336.9185,193.499,357.23132,127.433,63.2256,91.1907,193.202,89.4557,296.787,155.379,176.067,162.788,171.754,116.833,261.98969999999997,186.187
802,292.7312,326.4932,183.692,307.1386,73.2667,182.799,327.35,293.1683,197.855,261.8684,193.8,191.614,194.572,189.168,22.1874,181.511,67.7036,313.5997,299.4439,182.474,305.6088,279.443,315.5433,300.7991,309.7103,326.6416,295.2536,174.131,180.908,166.484,62.5392,209.293,41.9531,303.3076,283.7353,176.218,334.389,58.7075,206.534,298.4928,179.536,273.7617,156.965,33.8101,324.7213,288.3925,95.1536,284.63800000000003,311.7191,66.0991,159.744,143.982,138.154,310.0129,198.237,306.5915,59.2507,64.237,177.54,178.458,269.4226,112.645,312.5376,247.73399999999998,98.5458,58.3677,93.9492,348.456,268.4288,297.5547,30.3493,151.418,276.866,63.1447,291.5432,308.7646,181.507,15.8951,167.368,6.3355,106.476,47.4538,81.0451,175.298,79.037,176.573,178.28,185.114,158.598,1.14363,78.6831,273.52750000000003,186.222
803,59.0642,41.9828,158.313,307.3856,88.4237,198.54,303.4477,298.5013,193.279,274.1655,197.697,172.992,184.069,197.418,357.85926,280.0248,69.0581,321.1299,301.2054,250.935,313.4191,269.5157,39.1771,289.9003,303.6282,318.8472,313.2574,169.395,188.376,165.048,44.6633,182.77,50.3323,308.3757,293.9545,157.321,325.4383,72.3281,339.2477,285.5935,179.021,259.589,178.778,25.2648,319.7191,261.6071,102.231,309.1334,296.8327,52.4515,167.403,168.406,152.886,302.8256,196.262,175.619,57.2982,57.6778,304.1306,173.988,349.9792,288.9752,307.4919,267.3711,114.192,62.9664,106.479,106.891,286.2043,290.9625,38.6884,49.6844,184.285,90.8839,195.947,323.1173,182.343,316.686,177.799,336.67719999999997,108.646,65.9816,101.211,192.057,77.9348,84.7405,145.755,183.883,176.391,336.9814,82.4761,276.0933,187.029
804,68.6877,40.9677,162.294,159.822,88.5272,177.278,313.2417,313.578,189.619,261.2906,214.779,167.244,188.057,276.3183,349.1753,159.22,60.1503,303.516,310.8894,173.077,307.4141,272.501,321.0461,191.642,282.3996,341.5754,294.7173,190.119,194.661,173.814,53.4617,198.968,59.0811,192.605,292.1204,166.338,319.8578,46.8267,160.064,286.19169999999997,160.72,263.9078,176.196,41.3427,357.34706,294.40049999999997,349.7625,306.6165,287.90409999999997,182.255,63.5413,163.314,291.1097,161.49,197.679,307.5861,53.8551,46.0595,285.3918,171.238,93.79,333.6938,299.8177,248.041,105.625,59.8051,91.9464,324.5064,304.8131,285.0162,31.0693,69.9065,286.6915,61.9151,163.94,297.9393,179.671,329.3117,163.411,2.31539,123.233,43.5932,89.0851,174.291,95.5869,74.3534,175.444,180.653,163.497,129.361,98.6481,249.69799999999998,190.902
805,287.4917,322.6476,154.392,174.07,85.4685,182.63,328.4475,303.87239999999997,196.663,242.409,173.342,179.409,180.464,215.177,355.03233,178.674,58.5254,297.8579,297.5807,188.848,313.6029,291.017,324.7583,184.625,302.9837,326.7927,303.0818,199.901,194.942,171.277,52.0611,202.58,69.2514,298.2351,193.195,166.599,318.1104,57.5347,342.995,285.92719999999997,181.668,260.7646,171.317,34.1551,351.66117,265.02549999999997,99.5744,305.339,303.4433,74.0974,51.3434,186.667,168.526,290.3919,163.046,281.3192,59.9621,178.783,308.3095,185.153,344.9971,105.855,309.1359,261.5014,83.1742,164.454,96.9194,283.9035,271.6317,283.3521,28.3433,158.37,313.2499,47.4804,169.468,284.62149999999997,168.446,192.41,172.001,29.2316,118.166,68.8612,86.9445,172.516,92.0076,83.0479,183.492,200.51,162.717,319.9107,79.8935,256.951,167.847
806,292.4211,31.8644,178.469,146.447,102.209,175.181,184.166,287.7894,199.991,269.8766,176.756,182.079,195.893,293.2614,9.54883,161.751,78.2672,315.1803,308.384,176.829,306.0296,287.68489999999997,323.9072,290.45,315.6323,328.7952,309.5826,149.97,187.82,170.878,58.4603,200.825,54.7259,294.9508,189.125,172.407,328.0688,156.68,331.4903,311.8282,178.057,252.34,172.486,32.4896,9.37365,260.4092,80.8468,294.7356,294.3174,68.5208,73.7038,183.983,179.308,289.2038,173.259,190.332,63.5283,65.3282,287.5021,190.693,128.972,91.5445,315.5325,253.69799999999998,80.9555,175.888,87.0399,333.1883,278.12350000000004,303.3952,36.9169,176.873,311.8756,67.9708,175.129,285.95640000000003,188.427,203.682,176.929,15.6879,120.909,62.3159,89.5385,188.273,100.725,75.5541,178.857,197.538,151.877,287.9459,90.2467,279.7278,54.2387
807,61.3932,31.6277,163.789,174.437,74.4725,166.38,182.102,308.2332,302.2504,242.59699999999998,152.907,174.211,181.093,75.5375,3.91267,178.884,54.2173,305.2375,284.6694,182.309,292.41179999999997,287.4255,326.6861,320.4825,299.8072,327.52729999999997,300.0046,176.113,216.048,177.374,58.2295,199.102,58.4721,302.8909,308.0249,164.504,340.8526,176.59,187.141,303.2293,171.649,265.9071,164.736,41.3947,0.675488,279.8836,96.3157,287.62739999999997,309.949,59.414,155.238,181.683,303.9911,63.3018,150.935,193.686,68.4774,64.4621,178.953,67.0441,327.70709999999997,1.56429,301.7489,225.261,84.7432,50.7849,82.7313,348.7372,64.1543,308.8793,44.7776,169.64,310.9454,67.4198,202.726,305.4491,182.331,24.8011,159.561,15.0387,107.022,63.5907,95.0406,174.156,84.6358,78.4556,168.311,168.417,159.407,11.2715,72.544,118.437,188.773
808,67.2685,23.0086,191.306,177.375,71.3968,184.938,323.6906,315.2076,328.8689,228.931,166.029,201.911,184.365,165.454,351.72914,182.608,124.199,69.5163,286.7549,192.801,289.5158,281.4483,316.5472,284.03700000000003,307.0781,323.3798,305.4561,180.08,176.606,170.433,56.969,194.014,71.2455,288.47090000000003,346.7793,175.418,327.5695,161.677,111.74,295.8857,200.996,259.319,172.104,42.4167,6.36629,290.41110000000003,69.1904,297.1351,298.55989999999997,62.1184,311.4524,170.094,163.206,42.7994,179.89,173.639,51.5991,43.6636,164.84,177.997,325.9545,133.366,65.8129,253.025,103.658,56.0773,91.4496,304.0004,73.3366,273.9583,21.9142,167.969,290.523,54.0501,195.112,284.30830000000003,185.487,356.60819,215.163,13.393,117.515,45.0187,97.5445,184.826,71.4398,72.6619,156.458,190.592,152.645,29.6694,75.4114,166.473,172.34
809,293.98199999999997,33.1083,160.39,288.5268,79.8975,191.308,305.5966,304.3431,312.1781,249.877,192.209,190.703,191.625,175.161,348.8423,177.981,54.9383,64.7067,294.43129999999996,297.966,278.4674,283.3681,333.2491,312.5666,295.3965,39.9784,311.8001,171.836,196.091,184.271,80.5514,192.035,54.9675,299.8898,158.884,165.683,38.0676,157.862,165.0,298.6586,178.541,288.13030000000003,170.81,35.4389,305.8319,267.9539,8.50748,299.7419,227.193,55.3792,310.1816,279.1792,169.961,65.6451,185.712,159.164,46.5282,49.5462,284.6788,175.6,267.7198,0.643141,204.365,268.1869,100.446,135.811,76.2409,324.5794,285.7149,301.4099,38.0257,174.545,305.7921,30.3994,190.32,304.672,170.645,350.3625,192.998,338.6175,102.943,67.1037,90.1318,194.475,90.4131,81.7986,191.19,177.393,165.284,165.58,108.363,260.2627,160.274
810,181.991,331.8156,180.826,298.0983,73.4535,186.024,298.98,287.6438,300.54359999999997,270.4844,198.742,171.758,174.274,180.023,0.660407,60.8127,67.8444,310.83299999999997,308.3016,196.398,38.2635,281.4543,309.6856,285.70140000000004,304.0223,329.216,305.198,191.035,179.534,166.348,75.2409,195.239,66.4419,304.1969,303.4674,173.031,27.2376,150.78,219.253,303.5401,188.61,252.187,167.358,32.7995,349.9105,266.4246,289.6555,303.4593,190.581,133.675,189.305,297.0439,153.052,308.28499999999997,169.867,327.2709,172.533,58.049,291.4592,159.273,2.30676,348.2204,182.123,259.014,87.6435,145.879,101.731,348.4433,310.8944,295.6777,38.856,163.331,308.6326,61.7657,265.0292,305.6776,183.02,143.784,188.44,351.08481,109.964,78.5478,83.0177,183.589,95.0725,76.6015,165.246,133.509,162.501,319.5949,83.5318,231.169,63.2797
811,175.974,333.1665,144.922,169.122,60.185,193.405,313.324,309.9146,179.379,252.899,158.782,308.0881,174.427,205.416,353.44642,182.767,76.8363,295.46299999999997,297.1434,294.1051,340.1305,268.0443,310.6123,310.1738,324.1778,326.9778,311.4723,177.473,175.115,190.262,57.545,186.698,66.6277,296.5781,294.2637,162.058,39.2831,155.767,68.6035,292.29179999999997,165.788,258.23900000000003,170.389,32.4956,12.1572,279.4576,111.344,301.2908,283.0879,151.907,152.973,167.247,48.2273,286.8576,181.138,180.368,299.0617,50.302,177.056,175.597,324.5211,330.8872,180.719,266.4124,96.1998,122.865,103.992,340.7029,84.3943,304.5254,316.6669,180.152,192.628,67.7261,185.048,314.9791,182.943,359.102031,185.491,3.60198,98.2607,64.9425,90.6416,179.964,89.8308,76.038,191.042,160.013,167.536,350.87597,93.0918,286.8829,61.4972
812,68.3697,42.0147,172.79,176.98,98.5993,173.282,333.9562,299.4066,171.212,252.71800000000002,170.859,321.92629999999997,180.808,188.586,6.65414,180.212,93.5104,294.3077,54.7213,181.399,187.297,281.4964,318.164,301.02570000000003,315.4481,322.9433,297.4944,175.287,198.6,168.04,68.3648,200.118,63.3588,288.83410000000003,303.5159,181.253,39.4761,155.06,344.2406,291.3155,176.249,263.8247,180.687,31.5334,140.322,290.11490000000003,340.7558,305.8226,300.0658,59.9831,164.07,178.19,142.856,316.0887,196.168,186.515,285.8107,53.6978,298.1075,170.154,324.8779,340.6028,181.843,233.81900000000002,100.366,146.106,93.8105,337.7925,76.0982,296.7709,33.4852,172.135,199.472,56.1109,174.925,310.374,186.401,8.50168,197.616,8.21733,107.572,76.4378,88.0334,164.758,77.7617,73.5105,180.273,161.053,157.121,183.428,90.2431,237.80599999999998,169.683
813,171.104,325.9121,164.857,187.4,88.2648,164.845,302.5151,309.9437,176.056,251.39600000000002,98.9038,298.6016,185.205,150.068,1.3019,170.928,69.7016,293.0289,50.1452,185.822,301.8438,274.3594,322.0216,296.2409,300.34839999999997,318.7751,279.47950000000003,198.213,175.469,192.58,78.8949,194.74,56.4941,294.9393,309.8263,183.54,35.7091,166.494,151.305,293.5412,174.153,269.8287,177.722,44.1464,194.202,269.234,182.239,298.4751,307.5847,79.531,165.952,168.433,180.79,314.8223,202.802,165.469,280.63509999999997,155.665,274.7423,197.322,357.92046,338.3053,175.266,244.857,76.1242,134.406,93.3852,342.1219,275.688,271.7952,22.8112,166.501,331.4685,59.7267,163.36,307.6269,183.53,22.2482,192.47,343.3965,133.049,53.7705,95.1597,187.02,100.463,78.7817,158.849,151.542,158.597,325.8461,100.447,292.6717,176.512
814,192.92,331.7467,167.92,180.015,81.7262,188.197,305.0203,308.5088,171.62,249.401,94.4083,305.3118,176.784,192.12,351.15716,180.013,66.3978,288.33320000000003,58.4518,162.228,300.749,288.2455,320.9507,294.4095,287.7879,336.7716,325.0685,179.697,196.998,169.375,58.4566,191.243,58.4017,296.3266,295.1044,176.949,36.9176,170.844,24.2478,308.1869,180.328,280.68899999999996,176.877,33.0518,176.223,282.7156,88.8397,296.228,295.8154,56.6292,170.295,171.743,168.146,310.0276,187.341,305.5402,161.735,187.018,45.655,198.234,284.01890000000003,359.281693,167.846,243.63299999999998,108.443,141.929,83.3891,319.2198,284.4361,289.5145,41.6738,156.675,316.2498,64.1297,170.998,309.7649,199.721,182.804,179.396,24.7643,102.227,65.4313,85.2161,178.745,85.3778,74.465,146.396,170.247,159.538,144.437,115.976,282.6415,197.364
815,160.529,334.4014,174.01,193.378,102.557,189.281,323.6644,315.2382,172.244,236.356,78.1592,312.3326,184.408,179.647,12.2603,288.0426,52.9472,295.5267,50.4993,161.399,194.774,273.0707,318.5298,281.2289,308.8054,332.6131,302.53430000000003,168.953,195.508,170.981,72.4953,187.114,33.5541,297.161,292.6715,204.198,38.8982,164.599,24.628,301.7487,192.995,259.672,171.487,35.6297,326.2993,322.2215,148.899,300.902,50.1121,61.5704,166.44,181.441,176.074,311.2883,162.812,313.5555,67.6399,154.669,177.086,186.443,353.49461,348.3625,188.3,234.40300000000002,98.6841,124.325,90.9905,341.0477,284.8902,288.0152,27.292,171.327,291.3221,55.3027,175.304,295.7375,178.834,191.078,197.029,40.622,105.572,76.7132,88.7011,176.83,106.998,66.0006,184.995,175.995,150.607,219.11,88.5479,161.754,170.664
816,169.448,332.2125,165.633,195.773,94.2037,177.422,302.2853,301.28340000000003,177.769,259.71500000000003,178.69,53.9428,185.45,193.182,3.10529,187.354,75.1402,301.1561,48.0384,176.765,293.4634,287.4012,320.1374,299.2184,310.5277,319.1864,300.741,193.782,177.281,165.925,61.7976,199.245,55.8804,303.4404,304.6851,168.721,19.7984,172.677,295.7182,298.4713,187.036,256.896,170.415,20.669,184.998,264.1943,102.067,295.83820000000003,150.154,151.655,165.762,172.048,157.383,295.17629999999997,189.499,306.5086,171.864,171.887,47.9268,188.913,315.6274,11.3521,179.027,246.596,89.6462,121.573,101.293,339.5261,282.032,305.6109,47.1351,174.784,196.231,70.3802,191.811,318.2505,192.88,185.536,191.488,4.77612,107.294,73.6312,93.4333,185.783,107.853,82.3708,175.569,127.329,177.565,331.7513,94.1716,113.37,73.9975
817,102.276,326.9597,172.509,184.17,83.9512,162.732,308.0603,317.6435,174.275,270.927,177.898,321.4042,181.132,262.8073,1.76264,178.833,73.2585,325.4066,60.6921,196.966,302.5059,274.1233,334.5085,294.1759,290.4544,326.3101,310.2344,174.022,187.857,165.467,54.1323,188.179,56.738,283.1689,66.0478,183.205,20.558,174.146,177.947,302.8886,187.536,262.2674,180.246,25.7358,131.381,274.1955,87.1847,299.5367,302.3028,57.9565,160.769,183.693,171.351,164.006,156.191,170.93,302.4338,185.016,44.4848,173.402,114.48,52.5448,176.557,241.93,82.6202,136.216,81.3459,348.1029,276.9492,296.9521,35.428,171.593,280.5562,55.6786,303.635,294.0338,196.501,181.936,276.6416,18.8558,107.58,68.0033,110.849,190.138,80.1298,80.1582,173.89,172.365,174.767,328.9187,102.865,291.773,272.0937
818,64.1013,30.7758,177.805,61.6802,79.3994,168.191,311.7462,295.4431,179.36,247.244,205.088,334.8987,174.425,215.55,21.333,202.917,52.0937,311.0276,158.228,179.813,289.16179999999997,247.378,316.4867,298.3783,304.6585,354.65006,320.7035,181.641,178.558,174.118,71.3756,194.58,54.0387,294.868,311.2631,165.004,33.7125,157.441,339.2467,299.7933,155.629,253.334,164.367,36.4673,178.193,273.1298,86.0561,309.2694,294.5637,101.326,335.382,167.388,179.881,324.0014,176.107,181.719,299.9834,167.405,285.6854,194.309,2.7311,341.92470000000003,178.128,256.879,88.32,154.115,89.8327,326.4482,294.0697,290.2499,26.0968,143.258,177.739,37.5977,284.723,307.304,197.073,179.522,178.36,350.22727,108.385,39.2751,91.2346,191.445,83.461,85.2568,178.372,171.782,146.925,167.628,78.7972,109.362,272.6871
819,160.184,335.3743,203.691,294.923,82.1739,185.913,321.4022,317.4339,178.308,278.23109999999997,199.834,341.6117,177.091,277.6881,342.3111,196.904,67.1356,310.2425,62.5377,188.019,296.2702,271.8734,327.8289,293.125,307.0757,341.0714,302.4469,180.694,204.887,168.827,54.6774,198.173,52.8668,298.1903,320.55830000000003,155.388,35.2514,172.318,117.497,167.809,173.318,268.9837,157.868,41.5809,7.82457,285.7344,343.5605,304.0616,289.831,62.521,158.917,174.484,307.7325,312.5107,155.439,181.415,302.6436,163.359,192.212,188.432,345.2032,316.4932,180.966,237.225,87.1069,147.618,80.2443,324.4351,267.8404,296.2899,310.972,162.53,287.7774,46.5419,150.623,303.3091,184.607,179.55,164.746,8.41994,86.9491,51.4325,80.5287,191.512,76.2789,276.0679,179.68,157.889,172.742,160.51,74.2716,286.4295,282.1604
820,159.878,43.5316,183.21,196.812,97.7189,179.639,310.9622,329.5064,164.296,247.739,156.26,304.7637,190.841,267.3428,347.5722,186.612,60.6901,293.2695,87.5029,156.382,316.335,260.1876,328.0608,307.3406,280.594,327.0089,307.541,166.531,193.356,168.699,58.9051,193.1,53.7876,289.9305,309.0098,186.532,326.0752,154.599,1.14967,202.561,175.693,246.127,189.162,32.8699,30.7179,273.4902,184.861,306.8933,208.375,56.9572,160.686,166.283,294.246,287.8399,173.089,182.292,301.212,181.022,171.252,163.364,324.4475,143.72,198.002,260.5969,70.8172,132.795,91.3018,354.79595,64.8783,214.06,29.5651,185.082,326.1665,65.6966,274.7508,302.8895,179.927,15.7961,176.207,357.19788,114.747,70.0157,93.8746,194.456,76.4664,198.934,169.278,117.222,154.251,167.772,77.2557,266.65250000000003,268.9337
821,298.5794,39.6875,192.124,190.497,67.3444,170.673,312.4834,305.0546,169.543,250.256,159.297,292.3233,188.268,205.625,358.6061,170.47,71.599,306.4034,51.3178,193.226,297.4198,258.925,322.1274,302.5098,303.0213,324.451,293.9407,197.344,181.77,165.032,58.8741,199.357,49.6989,78.197,293.2763,168.087,51.5508,153.033,13.588,81.5352,205.772,246.035,166.105,39.5751,20.2652,297.3146,92.0657,277.7549,284.0019,64.7152,295.8292,184.447,292.97929999999997,161.653,179.91,174.008,316.38620000000003,186.27,186.71,179.966,271.0653,316.1943,183.299,256.804,102.945,61.3444,98.5741,336.2978,266.3999,301.5684,38.3709,167.445,319.4921,59.4292,289.2185,296.6674,177.764,179.481,180.257,342.0153,119.311,57.5262,96.5013,182.908,99.4587,194.236,182.745,148.074,170.55,130.173,82.387,273.3591,281.66769999999997
822,283.7739,39.2698,170.507,202.176,85.8803,173.818,327.15930000000003,280.3849,165.057,270.0885,180.549,315.3511,189.582,194.884,350.39174,170.965,52.5959,305.227,37.6535,200.94,300.9794,280.3302,335.0458,292.3913,304.461,330.8114,286.1475,204.536,191.593,175.746,51.4571,182.459,46.1015,77.4196,316.9879,177.958,35.2308,158.817,168.513,58.5012,183.491,274.7615,152.407,39.0191,326.65930000000003,288.019,341.8659,292.9842,287.62239999999997,176.653,58.5145,181.256,308.1426,163.101,166.634,178.387,287.6738,182.108,192.814,152.798,343.0721,113.601,184.717,246.34300000000002,80.8703,70.306,97.6007,1.2342,265.0663,282.5305,40.2823,157.366,275.32,57.0912,205.202,306.6862,181.185,179.014,182.909,353.57078,98.7767,79.1735,80.1535,187.487,79.762,189.036,180.415,165.864,152.844,0.906185,75.789,283.2814,281.48810000000003
823,285.6691,33.2744,167.86,306.6357,91.4709,183.264,327.3972,308.7452,167.812,266.276,180.426,287.14480000000003,170.547,169.817,7.96489,166.578,178.427,296.9035,52.5313,295.7691,300.3393,267.48220000000003,320.1343,288.8668,297.9354,332.1515,307.234,195.143,205.071,173.897,67.184,191.802,45.5098,78.6337,312.1947,187.655,314.618,174.081,174.313,71.2423,176.053,256.506,163.215,37.3797,174.874,261.4592,183.223,298.654,299.4398,61.0372,163.853,171.722,296.5987,309.3049,173.418,153.6,292.8835,206.783,295.5618,171.58,345.5774,320.4785,163.426,85.3563,102.005,145.839,94.4037,350.15645,283.9388,301.6716,39.3067,169.378,181.823,69.6615,295.24649999999997,318.0671,191.722,159.284,154.754,9.09356,99.1118,64.1537,97.1802,195.545,68.7561,200.191,179.326,144.171,166.917,163.058,91.9463,272.4431,275.4058
824,286.31489999999997,35.0154,186.196,274.1179,68.6042,183.29,319.5145,310.9655,168.869,247.707,277.5786,313.7411,192.588,280.6442,10.0992,209.374,74.9127,301.1658,166.01,192.32,295.9998,267.5388,325.3303,289.2426,286.6719,330.0548,304.0415,193.72,204.323,165.649,81.8231,195.469,65.6983,186.774,289.8249,158.542,326.5414,149.733,185.074,68.8579,173.624,232.197,177.992,36.2774,177.741,277.4042,132.49,300.287,293.8557,59.9955,167.523,173.63,306.01120000000003,299.3041,191.847,180.136,303.8981,146.857,175.703,178.008,111.052,359.472501,187.612,66.5936,82.4025,147.662,74.8147,330.674,269.56010000000003,289.077,32.9435,164.162,198.64,74.3981,306.8038,301.7033,203.668,180.707,167.727,10.1477,100.166,61.3089,87.7237,176.852,93.392,191.13,166.228,185.532,162.86,4.86868,87.5687,282.6118,155.354
825,278.488,326.91089999999997,169.457,168.111,75.8606,203.412,331.5024,309.2922,174.345,269.7308,159.358,9.62271,187.023,193.084,350.65773,169.234,141.631,299.5874,66.0867,173.659,307.8911,272.9673,323.9914,165.518,309.773,317.9432,297.7621,179.616,192.558,176.915,66.6318,196.378,61.0505,275.391,295.6383,164.052,41.5767,156.277,0.10514,56.4825,183.85,257.829,164.034,37.2572,173.801,264.2999,113.572,297.8368,277.45910000000003,42.7533,311.2204,187.33,309.8379,298.4047,239.534,156.491,58.7495,163.645,281.2365,179.585,19.0844,323.5623,190.804,99.801,84.3138,82.0312,90.6363,316.437,271.8625,289.2879,320.8411,157.403,285.0602,50.8505,277.1845,305.5222,194.47,75.7418,174.371,354.43734,116.069,38.6821,89.7797,183.986,104.086,216.175,176.168,156.118,149.54,158.493,85.203,273.8767,178.278
826,185.058,39.6818,168.904,62.4356,81.6639,182.577,327.2539,298.0135,186.838,257.497,170.868,294.877,184.279,277.6862,357.75894,175.219,285.5172,298.5009,303.7637,279.8749,275.9735,271.29380000000003,324.9006,296.00350000000003,302.1758,324.8105,305.2618,181.179,196.157,166.431,66.9254,189.668,35.8717,198.512,314.7998,172.782,17.6826,142.77,306.79,67.0135,169.809,270.6636,160.692,37.3025,152.25,277.6221,98.4457,297.4303,163.646,58.7125,293.2229,163.658,306.5448,311.2979,169.412,278.3218,300.4334,167.476,288.1859,191.936,318.77660000000003,309.6556,176.448,99.2024,97.3541,135.8,88.2576,321.9925,258.996,315.3889,25.8881,171.451,322.2415,69.8841,201.167,326.0127,193.492,18.5822,179.382,25.8038,128.15,63.9277,102.104,188.072,87.1182,289.1097,175.397,115.742,159.594,157.76,96.281,257.443,202.567
827,161.308,43.139,171.549,312.1088,74.74,171.296,293.7731,300.2962,196.481,250.33499999999998,150.604,171.091,178.271,164.977,359.176562,161.862,278.8527,304.0269,274.0363,286.8729,302.1365,273.8374,328.2742,305.5284,309.1343,319.9075,322.8,204.611,183.656,180.221,70.2869,183.524,68.251,190.782,317.3115,175.542,36.6057,162.099,152.824,90.332,165.898,253.16,165.592,32.1838,159.336,261.0732,146.909,290.744,140.311,54.9259,169.469,161.065,171.399,66.1709,175.771,156.627,292.7277,172.02,183.763,149.913,347.1642,18.9544,173.212,101.989,87.7823,146.19,97.3644,327.8858,279.6113,282.7615,49.1654,134.915,294.0277,88.6974,290.3672,303.3981,197.812,178.93,184.723,14.2775,110.094,61.1207,110.367,194.334,95.1606,318.9053,184.211,187.673,182.2,153.198,76.0988,255.887,184.129
828,274.30060000000003,36.5515,181.187,289.2848,78.5207,180.498,282.5906,280.0401,282.7042,262.6396,173.769,165.266,177.583,191.441,359.017009,175.212,269.5295,290.3665,314.2682,193.339,312.9011,260.3963,322.5233,302.6252,310.753,325.3884,293.91949999999997,187.901,187.512,182.989,67.9963,195.041,54.1257,301.832,207.363,185.748,37.5309,162.844,158.412,70.4729,183.617,259.321,170.959,35.3662,319.2303,271.47360000000003,136.434,298.297,150.173,60.9378,163.123,174.533,166.446,296.5561,159.06,166.059,175.559,157.981,167.544,157.862,315.7949,317.3546,172.858,61.6199,88.5107,129.593,90.1078,330.0336,258.253,296.1762,38.7815,160.346,65.2667,49.0661,274.00329999999997,313.88620000000003,195.159,343.3275,209.16,16.6234,123.144,59.8886,102.057,181.78,122.51,303.1611,177.04,134.802,173.797,300.5932,83.4018,268.3038,182.42
829,186.778,17.9477,179.65,291.0917,89.8986,205.284,318.6162,313.9662,195.615,236.31900000000002,175.141,308.3455,180.685,289.47429999999997,0.953067,181.625,278.668,306.677,309.8772,294.7728,307.5054,262.0462,327.168,307.8771,272.59159999999997,326.69870000000003,298.8541,182.116,188.914,172.268,59.9007,187.312,47.0245,297.9239,193.688,188.87,17.7816,144.55,171.075,70.1757,170.902,263.8107,179.676,39.9698,349.6278,290.3857,94.9298,283.76779999999997,276.01869999999997,51.944,154.559,179.528,146.407,306.3019,186.614,169.597,264.7949,158.452,282.2671,161.352,315.8301,0.110058,167.385,89.9231,75.4746,145.581,105.461,341.9024,294.1132,282.3821,41.1505,172.784,181.289,81.3643,291.21389999999997,322.9995,187.359,359.271639,185.228,19.5952,102.769,178.465,90.4149,172.509,88.3619,302.3841,191.192,170.399,146.138,104.89,79.6525,254.314,170.799
830,167.639,33.6524,152.863,97.5587,77.6788,180.909,307.14300000000003,276.28520000000003,178.082,288.4481,159.566,307.4894,195.55,300.2512,347.266,318.2245,272.1287,303.01890000000003,326.1939,180.598,299.1026,272.4801,321.8971,187.438,305.2707,327.7216,305.2753,178.566,181.69,165.785,57.0794,161.493,85.2019,292.8752,159.032,175.708,37.2765,166.42,346.2265,60.4888,188.234,252.132,168.587,29.5249,24.3866,266.4667,126.545,292.5681,275.4771,46.041,161.674,190.631,153.586,291.37649999999996,200.873,187.645,297.123,164.558,287.5096,192.503,100.727,120.223,191.559,84.1499,87.3864,144.969,91.8093,295.43899999999996,277.27750000000003,305.1073,30.2191,167.399,172.637,90.8772,297.9372,317.0495,186.544,13.7295,173.464,14.2481,118.903,54.5408,80.9925,191.399,82.9028,294.2079,173.547,135.187,163.136,166.013,84.3288,242.672,167.939
831,174.468,320.5568,157.734,281.4883,104.414,180.334,325.9303,289.273,193.934,278.01120000000003,163.598,303.1633,183.919,240.22,5.05949,296.6494,287.5654,300.0435,77.453,186.587,323.2283,278.9702,317.1946,71.4508,293.7685,340.7455,319.8978,173.17,178.202,170.414,62.2841,185.623,58.2369,298.9299,322.9241,177.427,333.3713,149.57,162.685,41.4755,182.736,250.836,180.276,35.0486,205.488,275.6467,82.776,283.446,285.3978,63.2257,157.692,163.221,158.802,287.22069999999997,185.204,154.999,301.1731,164.891,178.999,178.195,267.4199,320.138,169.24,54.1956,82.0324,134.631,84.0332,333.7586,311.5521,298.2146,39.9515,147.642,294.8506,59.0006,290.5344,333.24739999999997,197.911,184.591,189.485,354.57247,92.7153,38.5234,80.0621,187.364,86.9067,292.3777,163.982,152.247,171.07,348.441,92.0154,195.778,168.473
832,189.233,43.5674,170.097,272.931,72.2739,177.618,306.2886,301.3562,302.3782,274.55809999999997,174.753,316.8624,189.65,219.006,354.42843,287.8506,262.0174,301.1674,56.5026,221.811,311.7442,281.2414,321.9049,299.6711,294.42,324.2582,297.2992,195.64,171.49,166.738,52.5955,191.046,67.114,303.9089,309.0699,171.79,33.9379,151.526,131.498,67.4348,160.543,265.6797,152.065,32.4346,357.07122,284.9213,76.3735,303.80060000000003,310.5557,70.1851,317.7245,164.461,159.379,322.2253,185.434,173.84,313.0647,171.593,185.954,161.913,120.157,138.632,180.533,68.616,96.0514,156.071,104.945,318.74739999999997,294.8736,308.9583,33.3779,172.495,291.924,60.4622,185.909,314.0488,187.662,56.2572,188.192,16.54,102.286,66.081,84.3027,195.805,93.2733,40.2879,181.82,151.822,146.101,31.9013,85.6652,272.8363,188.038
833,64.6674,326.1913,175.583,56.9446,92.7957,170.318,311.5589,303.5964,290.5692,251.096,196.592,156.697,192.641,222.025,359.528672,309.6006,52.2896,305.5235,61.5014,204.715,288.4511,274.7556,322.418,303.6727,303.7982,327.2586,297.3066,189.397,179.299,155.432,69.746,202.799,66.8661,312.8677,295.6643,155.6,23.1271,172.701,177.503,54.9792,176.667,248.911,174.656,33.1059,347.4974,289.9439,133.228,304.4148,278.1487,44.4692,262.0851,164.384,176.219,302.2529,167.788,211.959,163.416,170.204,304.36220000000003,165.335,260.4782,305.4296,313.4633,57.8636,95.5824,84.6856,163.642,321.1367,90.4843,286.669,33.0307,167.011,316.6656,61.6461,174.785,293.7088,189.014,181.903,171.722,10.2298,103.725,58.1305,92.0463,172.114,85.3627,52.7155,186.571,113.043,172.311,176.396,86.6523,263.6757,180.109
834,168.126,328.8872,159.947,283.5446,93.8518,166.91,294.3483,309.5703,193.983,254.487,275.61969999999997,325.1891,194.343,254.853,12.4908,313.24580000000003,61.0638,313.676,300.8568,187.726,297.4158,272.284,321.0758,306.5721,302.1984,31.1111,306.5939,188.26,182.176,171.349,73.5213,209.18,55.6476,312.12149999999997,192.596,166.418,36.8745,156.678,181.509,69.7908,170.129,254.449,171.295,24.0505,322.6934,259.408,117.278,289.85,283.4377,58.3205,170.822,168.903,167.726,315.1352,183.848,161.449,67.5021,157.873,310.5952,163.459,252.814,67.5348,302.9846,71.3679,93.8764,141.077,94.2175,302.7538,291.6038,289.45910000000003,38.8593,152.345,295.2583,61.9865,316.5135,308.4856,194.838,346.4834,187.175,342.24490000000003,108.196,65.1213,111.906,177.972,90.0125,46.6534,173.267,173.265,153.3,0.291796,82.0942,183.13,96.7303
835,182.949,326.8941,209.914,286.603,80.0551,183.997,73.4365,316.0906,300.8303,264.5191,152.717,313.6486,183.225,258.905,338.57280000000003,304.1246,74.957,307.7206,308.8482,293.7545,331.3317,258.491,325.4435,293.4546,289.3384,327.6283,282.60630000000003,194.285,166.514,176.11,74.6526,195.916,65.5941,297.9783,184.108,179.018,341.4358,170.911,329.7298,49.1289,175.783,253.328,168.86,47.4271,163.016,311.1089,125.121,295.7839,296.1843,42.5319,282.3574,162.615,175.492,293.0437,168.796,173.624,58.5392,192.423,164.231,165.179,280.8514,312.93,287.3335,69.2483,105.992,152.494,91.3951,313.4963,287.4751,291.3728,324.7382,149.648,169.234,69.866,191.983,315.9748,169.019,352.34572000000003,190.916,15.5465,110.872,44.8222,85.6816,161.073,94.1093,293.0127,182.299,131.954,132.642,346.9397,94.9388,287.347,178.705
836,180.807,315.5713,161.261,147.491,72.2461,201.092,328.7128,299.01189999999997,187.588,262.0145,182.447,321.1963,183.765,319.7597,359.402997,306.3284,70.3599,302.7874,313.0969,203.69,324.8988,274.33050000000003,315.9599,299.2167,290.2896,324.5362,293.4044,176.822,193.21,176.573,55.989,199.595,48.3746,308.1608,278.4164,173.269,324.978,150.368,313.9961,48.7544,177.681,271.1607,187.701,31.4474,125.297,279.3643,89.4198,298.9937,314.4697,61.0326,63.5485,162.613,155.598,156.911,187.471,295.45910000000003,57.6064,167.158,187.077,167.095,336.52,332.7768,49.1584,82.8755,109.67,161.374,90.0481,318.6111,291.0095,290.2585,32.5824,184.812,209.723,89.9614,204.204,298.0111,193.259,13.5261,266.9384,55.2531,114.987,181.098,72.1371,191.446,82.3074,181.328,104.856,142.855,153.628,247.076,84.9822,274.6573,190.505
837,181.327,322.9212,193.989,148.042,85.3857,153.6,304.0627,319.6984,184.005,246.17700000000002,195.122,313.7408,184.432,173.756,359.697624,293.3351,70.2362,297.1776,290.64390000000003,228.374,301.2597,258.218,330.0596,313.2068,318.3742,333.77819999999997,294.5789,177.855,178.492,173.279,56.588,201.654,58.5029,288.9152,310.9119,167.418,29.2026,153.423,318.4766,57.3235,178.363,251.611,189.176,27.6316,357.62824,247.41500000000002,109.052,306.6067,280.87850000000003,66.4833,162.13,190.388,160.442,277.5781,171.196,313.4883,55.4775,153.783,40.2803,170.079,271.8152,346.1059,321.8183,85.0606,75.505,154.301,99.2347,9.47266,267.8057,294.7187,35.707,162.625,330.0737,80.7269,169.564,322.405,192.932,9.42338,187.917,26.8503,133.488,53.7679,97.6818,193.025,83.3272,47.1698,190.883,176.92,160.856,146.346,83.3497,257.995,167.14
838,180.257,33.3446,169.867,168.207,103.619,169.306,307.3994,289.4792,209.009,261.0168,198.828,327.4626,193.458,191.968,31.0663,305.5452,64.1874,311.1218,303.7387,194.888,309.13779999999997,257.945,339.4866,317.967,292.2563,319.83,290.5768,182.094,199.231,171.356,54.6749,180.395,50.9854,168.964,324.76030000000003,184.692,36.076,159.972,140.223,48.4936,173.301,264.7464,179.028,40.3663,348.451,95.2954,107.546,289.8659,326.4892,84.7286,187.66,194.768,170.785,297.5811,180.758,287.3097,52.2448,177.792,306.7171,149.268,280.6344,36.5181,314.0703,77.1398,98.5848,143.342,90.6318,325.4362,287.8217,306.5586,28.3362,162.879,191.769,58.6017,290.1041,312.8153,186.206,149.885,204.842,357.96668999999997,91.9439,169.157,82.8222,190.48,105.2,29.7636,166.973,124.855,155.103,337.0339,59.4078,99.0824,166.602
839,182.712,323.4,182.564,161.288,53.9391,178.763,310.3162,300.9662,188.756,245.326,204.63,305.2024,187.585,173.031,356.11707,313.262,57.5495,319.3327,309.3838,170.312,305.5856,290.5151,324.4291,204.197,314.1958,336.0866,301.8078,180.469,195.93,167.413,79.4999,190.577,60.6985,182.416,287.9533,164.732,37.0569,159.895,182.195,49.6154,179.249,247.046,171.085,28.9818,323.1074,264.3662,117.957,313.8235,283.4018,48.2322,191.863,193.305,170.167,321.0948,183.78,291.606,52.7035,157.23,174.421,172.388,297.6819,272.2756,299.1722,75.9993,126.599,66.6009,95.0703,346.9649,264.3503,302.2036,25.2183,134.421,286.9844,64.8586,190.943,316.9813,180.215,191.342,172.698,13.2088,123.433,64.1696,84.7175,203.35,91.2544,285.2411,177.02,144.982,168.436,154.381,77.232,180.503,164.848
840,174.623,36.6395,188.246,204.44,85.3852,183.351,167.609,309.9618,203.923,236.976,175.268,175.393,187.072,151.255,4.11146,323.157,78.4923,314.7144,301.8134,192.191,314.416,287.4831,316.864,305.953,301.0122,330.1291,311.4223,206.367,199.469,174.234,64.0953,187.766,44.3265,289.551,162.296,171.339,316.1736,148.812,132.749,55.0347,176.616,251.18,163.649,26.6335,174.75,296.7632,107.19,300.0081,300.0492,61.2386,167.471,197.342,168.485,289.3037,150.768,294.70799999999997,61.0757,175.756,196.82,179.665,33.7785,136.653,316.3544,89.0526,98.311,51.3414,87.304,336.6107,62.5195,291.34680000000003,33.9831,161.973,204.479,47.3906,177.295,314.22429999999997,173.383,186.012,178.425,2.8476,122.966,54.7724,80.2063,177.999,100.837,20.9516,182.982,145.752,177.162,307.5364,83.0488,258.598,173.859
841,171.579,322.6603,280.1459,220.668,77.9759,203.011,313.896,309.8688,279.7668,273.1332,184.465,195.854,194.015,288.1927,3.93464,287.77160000000003,62.9805,301.3445,306.614,188.302,318.0443,273.8421,329.5353,292.5454,295.4549,327.7528,294.6673,181.236,183.399,177.581,70.9712,193.405,71.7099,292.2563,60.9134,181.437,29.8703,163.569,7.13433,75.5309,170.449,265.977,178.438,39.9009,173.392,273.47069999999997,80.0551,292.7697,340.632,66.9367,302.9495,184.744,161.807,279.7607,178.473,305.5253,65.7823,153.514,310.8075,167.092,329.918,329.2088,301.6305,94.9761,91.5368,132.7,133.787,325.0787,81.9627,295.8857,25.7726,171.19,288.0974,49.6801,51.6225,312.8972,182.675,208.819,287.7643,28.8653,107.979,64.5697,99.53,189.168,80.5818,315.65,193.412,162.022,169.148,350.22672,63.281,264.6496,182.766
842,311.085,33.9204,287.4908,163.659,66.8467,177.533,315.3663,178.956,208.265,246.719,172.921,183.716,176.644,149.704,10.2681,296.8859,58.993,304.94010000000003,305.62,178.391,302.5658,263.0151,20.4671,297.9829,297.3903,327.5063,308.6279,182.976,185.883,158.942,65.5071,189.875,61.4791,282.48699999999997,291.50239999999997,193.635,24.4309,178.623,216.271,313.1017,181.233,276.9979,186.81,36.0243,181.953,289.4199,128.722,301.4902,290.0135,55.2157,164.007,181.862,160.12,299.7799,175.675,318.7211,52.4736,165.433,199.136,186.141,348.7794,84.1829,346.5856,79.3657,84.1066,63.1914,99.7348,315.5809,302.5483,295.2644,27.1093,170.769,277.9224,62.3383,301.9748,309.59159999999997,196.285,353.24446,169.48,347.8168,119.03,59.5693,85.4471,164.909,75.5434,45.3225,195.791,160.736,162.375,321.1583,96.1376,261.9151,162.732
843,157.496,30.4773,182.311,210.379,66.6109,165.584,309.5779,203.659,287.8905,254.506,159.938,175.189,190.983,87.227,359.127556,312.1192,182.831,304.8363,297.0378,218.389,72.5512,252.286,330.023,294.6861,290.849,326.6786,295.4357,177.326,179.201,166.297,62.9142,191.117,47.4943,193.187,61.7475,180.548,23.7487,162.991,306.6412,283.7351,178.287,271.47950000000003,165.047,32.9649,3.82397,276.6723,98.3384,303.4903,201.788,71.3796,165.664,167.773,159.593,148.5,181.25,299.5793,47.1726,153.976,184.775,178.385,0.462148,16.6343,317.2951,76.013,99.4636,74.904,104.616,319.5672,282.9905,292.2039,41.5172,179.008,293.9002,27.0243,306.8312,302.8906,198.043,190.715,185.644,346.8096,120.898,58.1375,88.1048,168.671,95.4928,59.259,203.264,166.041,172.792,139.878,81.3691,279.1201,175.78
844,217.509,322.9587,175.96,294.0847,91.4708,182.864,308.6729,301.6922,204.471,265.1573,172.133,165.427,197.215,164.354,0.825971,312.1872,66.1346,293.76120000000003,312.0912,168.437,303.14639999999997,289.0597,29.813,309.7173,316.9824,347.5272,307.8673,191.758,180.425,176.125,76.9251,186.662,38.3298,296.1001,193.73,197.144,314.5983,178.408,20.1897,183.748,175.848,261.295,156.832,24.4547,0.677346,263.0256,79.129,305.1269,292.16179999999997,54.2398,300.9373,179.7,166.903,183.558,174.485,284.2733,71.1898,195.751,305.7287,156.663,3.57116,0.471238,315.2623,80.9476,85.259,149.059,104.243,324.7895,268.68899999999996,292.481,38.684,159.427,169.07,64.4404,285.3796,304.1601,187.863,181.767,190.716,359.319395,120.421,66.787,100.091,189.551,75.6674,299.91179999999997,178.117,173.885,161.938,338.1542,80.3684,291.2587,180.126
845,71.146,28.9546,173.877,186.643,85.3393,156.166,323.8608,292.8568,273.355,253.102,171.616,182.85,178.541,183.021,341.3587,320.87,67.9931,314.3197,307.318,171.063,298.6066,289.4894,320.2391,305.725,302.16610000000003,329.6742,306.8169,169.729,193.958,178.857,56.4134,198.273,72.295,303.6279,323.1205,163.299,325.8211,160.663,171.892,295.56669999999997,165.952,284.4459,188.624,336.1577,164.637,268.21479999999997,115.352,307.4389,301.8747,70.2594,289.1192,169.531,175.378,318.9204,157.893,175.253,49.619,185.846,40.0353,176.371,336.7343,97.5582,310.4975,71.3936,74.1931,76.2257,107.019,326.2487,243.136,292.725,36.6278,167.95,188.995,70.7824,182.891,302.50260000000003,186.728,182.79,175.203,29.2578,110.134,51.449,88.0651,195.528,84.2212,37.6969,186.773,158.093,157.41,319.8135,70.741,249.839,170.734
846,68.0641,37.3812,189.012,192.12,83.0073,177.789,302.7082,319.3094,193.311,253.81900000000002,174.533,182.078,190.071,141.132,352.99533,314.08,71.0455,297.7351,303.5222,209.16,297.3057,117.791,328.51279999999997,291.966,289.8648,32.0398,296.9085,201.722,186.768,179.495,71.4761,171.174,61.9241,300.4127,174.95,168.907,42.2193,166.463,352.88446,309.55060000000003,169.668,289.3529,165.823,43.0454,168.788,294.29179999999997,315.7653,309.82529999999997,195.827,65.8807,143.712,189.987,174.148,296.6351,165.788,163.344,52.963,178.154,176.925,182.61,297.9784,329.3883,311.7701,78.0255,103.49,138.262,89.1325,345.9969,274.7872,296.1538,34.6893,180.052,292.8575,68.0667,202.463,306.0811,189.608,187.705,166.421,5.77123,120.752,43.3625,76.8743,188.874,102.377,296.8923,200.319,141.439,164.418,320.5511,81.5074,284.23810000000003,176.419
847,72.6531,324.5085,195.174,312.3341,88.8602,175.524,291.9096,290.8585,305.1202,265.0705,159.581,168.22,187.819,189.607,2.50183,298.8141,100.728,326.0336,296.3251,187.562,313.0969,243.875,320.152,302.9153,312.8401,327.7293,289.9235,170.412,181.803,194.632,56.1164,204.86,60.3312,291.4276,291.8239,182.792,37.537,161.818,218.5,302.3033,166.826,283.4362,159.758,25.6878,194.86,285.951,282.2745,307.6807,194.619,269.6897,80.5468,156.661,159.545,315.28679999999997,196.122,167.176,49.4187,183.95,180.136,187.359,256.795,334.9236,171.279,86.2208,84.4834,152.903,82.9336,321.8402,293.4406,296.8177,31.6356,149.551,202.086,76.8684,253.053,304.1381,190.595,188.22,178.721,352.87946,124.951,68.4628,104.609,198.409,96.1243,182.381,177.131,135.207,152.592,308.1735,76.6341,243.514,166.374
848,178.14,9.73374,172.035,281.4383,65.5422,181.752,298.4982,209.536,280.9721,265.3483,190.859,166.767,180.058,186.958,346.0086,317.6368,69.3958,310.0039,285.9873,169.527,303.8199,242.12099999999998,40.9352,299.9464,302.5749,320.6241,301.5241,200.816,195.223,171.777,44.6122,195.308,44.5921,191.979,144.745,175.129,20.8462,180.71,189.054,296.8225,171.763,252.935,179.083,29.7427,169.079,265.8067,349.0915,302.6785,294.29859999999996,283.3347,156.881,170.035,167.787,65.5741,187.809,179.816,67.9302,165.263,190.746,187.091,250.595,93.973,179.95,95.4604,100.498,140.295,112.687,322.4569,266.7808,297.101,27.3265,160.225,312.8284,65.0431,283.61469999999997,313.187,194.907,5.58503,181.933,356.49432,112.422,47.5265,97.8101,176.411,102.356,207.721,188.844,121.513,163.537,335.4211,77.4666,73.4791,182.057
849,177.614,30.476,182.089,293.6422,72.6317,176.037,282.9497,206.284,271.6527,284.8447,201.577,307.5377,191.794,174.373,7.86456,304.9298,53.2423,316.9975,295.1159,199.353,48.1379,300.0605,339.6851,294.1097,287.1826,330.6565,299.4898,173.438,176.432,174.661,34.3849,191.15,49.8065,297.7434,324.788,174.23,323.3749,167.979,12.6106,275.19100000000003,172.879,283.9532,169.157,38.83,166.622,240.87900000000002,137.35,289.6108,223.533,66.2308,165.57,277.2035,174.115,158.273,179.712,186.708,64.3369,171.801,36.9216,193.567,72.1045,333.1869,170.674,42.6285,76.9363,140.454,93.6573,288.298,287.77070000000003,301.759,33.0531,162.359,174.736,63.9171,297.7456,304.693,197.095,178.312,174.634,2.69374,114.898,53.394,87.8415,187.517,82.6332,174.739,165.506,101.588,166.16,317.7875,83.1985,279.59569999999997,186.439
850,159.252,36.4188,189.264,308.8491,55.7494,169.745,295.246,209.037,287.5345,250.567,165.607,45.6202,181.718,209.886,351.83274,289.3687,54.7794,310.2204,291.4556,274.10540000000003,295.5406,290.9044,321.6789,293.2855,300.7198,356.81867,305.3577,165.357,199.489,171.86,69.0625,188.901,59.3269,310.1076,311.9143,173.098,324.5933,159.879,115.297,312.3368,163.863,278.65070000000003,184.55,35.8663,20.0173,257.235,91.5433,306.8051,273.1219,58.0461,254.587,173.231,152.597,157.852,167.772,171.429,69.6568,137.329,184.327,186.872,282.21659999999997,80.4081,179.85,51.977,90.3775,83.3445,94.2949,357.78255,263.192,282.2717,39.2031,166.221,177.034,69.1099,224.355,316.5981,183.232,176.128,178.608,9.63342,118.19,75.4582,101.61,211.349,82.2807,163.83,174.409,165.086,173.531,81.0863,83.499,266.2403,191.156
851,187.384,24.0798,203.225,304.4492,64.7332,193.916,311.09839999999997,208.864,293.89660000000003,262.36879999999996,184.806,287.4847,182.017,205.259,345.7345,340.93240000000003,90.1519,302.2274,304.546,173.058,323.231,268.64369999999997,318.9943,282.6979,313.8436,335.1614,280.47270000000003,191.811,206.368,169.97,56.4561,200.121,52.9848,287.5945,323.4963,183.167,41.1199,165.501,149.333,295.0826,179.342,290.0713,183.972,14.4236,331.5578,263.4459,94.4716,283.41880000000003,306.3834,53.4038,102.865,170.089,176.621,171.658,176.916,293.7307,294.868,169.871,186.997,175.37,61.1231,307.3712,183.077,74.3658,98.9185,56.1593,98.6252,316.3359,304.1563,298.719,38.739,164.837,323.6884,59.8669,200.606,324.7547,175.25,182.763,177.021,349.4223,108.131,87.409,99.6772,178.536,92.468,178.453,155.225,126.388,142.591,198.505,95.5894,263.4141,178.831
852,78.622,19.5189,197.113,307.3017,103.657,203.576,308.2353,193.766,298.2713,246.87099999999998,175.352,42.8026,191.842,299.248,354.84622,310.8233,65.5963,324.5637,310.2726,175.18,293.096,276.0043,321.6966,289.8615,316.531,324.5564,297.6264,185.649,180.992,189.641,65.8307,206.705,48.2062,295.48609999999996,301.3058,179.021,329.9452,180.047,302.3587,291.8671,171.231,279.5833,171.483,44.8854,315.02909999999997,316.7835,122.666,296.2842,287.45709999999997,33.2024,170.693,191.694,145.642,149.509,202.2,319.286,263.954,151.359,189.355,180.47,294.6427,326.0211,338.7012,71.1426,106.631,68.2564,114.497,342.1005,280.5176,279.8103,35.1275,176.966,210.014,49.2735,160.66,321.3117,186.342,158.813,181.743,0.555496,101.921,61.2746,88.0828,193.85,88.9179,171.882,167.696,119.529,190.78,176.701,92.222,286.841,192.739
853,170.585,325.3436,180.555,104.963,77.6194,175.175,318.134,203.94,295.2589,267.678,130.322,309.853,183.488,272.57280000000003,25.1947,318.0503,151.176,304.8515,298.1234,204.954,314.3718,290.4235,321.5723,304.9676,299.9511,315.8653,300.4048,169.036,175.445,172.403,59.8998,175.9,55.8432,302.9181,313.7507,189.595,21.6144,172.66,172.163,310.416,191.476,271.461,171.085,28.2923,305.3865,290.5611,104.058,283.3014,251.947,57.2204,156.237,174.715,176.394,164.485,198.589,309.8796,174.181,181.724,289.3687,165.947,347.5191,336.1607,306.7576,99.6181,95.9542,72.4818,93.7366,303.3222,283.4583,290.7673,28.5173,153.909,303.9082,70.8749,286.5652,291.4241,182.387,129.129,193.21,347.5729,137.901,57.3028,84.9269,180.924,81.4178,174.334,190.107,149.377,184.76,13.9274,90.9093,105.526,266.17629999999997
854,181.648,330.5816,185.886,289.339,62.1233,198.677,298.4915,205.597,302.1616,257.94,172.896,298.2631,189.844,185.896,21.0205,302.1365,73.045,311.5748,296.558,39.0637,308.8683,273.7175,318.261,288.4438,322.7189,327.7531,286.8159,201.892,178.354,177.188,59.5453,198.021,56.2869,281.2592,199.196,178.227,33.3095,175.602,174.441,281.4072,198.699,273.6761,170.694,39.4054,320.6425,273.3429,108.662,285.2048,189.806,53.6329,168.052,180.825,166.09,313.8587,167.264,198.167,179.171,171.5,315.6862,163.603,241.123,340.7907,318.0953,80.7521,94.9827,136.766,101.27,348.9748,77.929,302.6575,27.3825,162.713,316.5942,54.642,308.762,305.0155,193.965,194.418,199.594,347.9722,93.1548,69.3364,92.6687,178.755,76.3246,304.88620000000003,199.799,123.066,177.729,183.241,101.086,262.1083,112.076
855,90.9825,23.0424,198.102,288.7587,87.0551,187.794,309.0572,218.191,303.3408,262.1275,163.407,317.7712,182.305,157.969,356.54809,291.2958,59.0823,313.80989999999997,309.032,194.604,319.72429999999997,278.33230000000003,336.8857,300.7604,312.6937,327.0148,297.7094,192.467,194.705,168.545,63.5647,194.051,64.2744,301.219,301.15160000000003,165.96,25.453,159.79,328.0222,292.7226,175.793,260.2411,177.594,38.7371,177.558,277.7697,197.176,295.0801,305.8607,76.9849,147.199,177.044,176.173,288.97180000000003,186.737,157.655,176.459,169.08,327.7387,168.125,325.0153,304.1217,301.9807,84.5352,115.799,165.368,108.02,335.2469,264.8393,269.9314,325.8033,154.987,176.3,62.186,250.608,315.8491,171.401,339.2724,172.675,356.47793,111.756,56.896,88.9796,178.768,81.9472,294.9501,184.157,95.5127,174.712,162.127,83.6789,297.4114,68.482
856,193.537,327.575,177.084,178.504,49.4292,162.439,287.9968,201.883,307.7646,232.57999999999998,174.698,319.8596,180.651,183.88,12.477,311.0269,93.5633,297.7883,296.8625,185.58,41.0802,264.62260000000003,33.0733,296.398,301.4647,333.2866,309.3672,174.366,171.64,175.744,68.7451,198.458,44.8221,296.6574,61.8601,180.037,38.7338,162.855,306.16949999999997,300.2996,161.38,254.00900000000001,174.913,31.6407,151.562,289.4249,82.7216,296.4629,300.4679,65.9879,68.4368,185.23,173.418,307.8369,187.022,164.845,294.238,172.654,182.445,155.088,287.1225,358.97985,316.0707,59.048,90.9211,75.5675,93.5277,329.282,280.62829999999997,313.0045,37.8751,164.157,270.7992,82.3024,296.3602,311.29200000000003,195.063,169.735,178.771,26.5174,121.846,60.1319,90.6009,186.579,101.131,298.9533,165.785,165.417,169.749,298.9752,79.1021,261.6913,149.376
857,170.205,41.867,170.936,301.7059,55.7317,183.8,300.82529999999997,200.17,299.9117,259.068,174.946,173.658,182.411,251.22,359.355349,319.1407,104.109,316.5369,308.3296,173.173,296.9145,274.8116,33.2261,288.9473,313.771,323.9669,306.3212,177.351,175.316,172.373,54.2901,198.145,63.1022,297.6467,294.4325,178.385,323.5451,161.368,336.5167,271.8428,168.719,262.37739999999997,177.529,25.2635,185.813,264.1517,81.2651,300.6323,291.9024,119.263,169.996,175.141,173.64,293.22929999999997,185.612,159.711,303.5312,175.507,177.613,74.5435,284.4903,9.86707,304.8566,40.4157,100.105,143.374,112.38,332.9414,280.6222,296.0516,40.8043,178.711,248.608,74.7321,288.5644,300.7163,189.013,173.919,184.229,14.7589,97.5946,60.9187,92.556,196.754,76.8432,279.9552,183.692,169.789,151.697,140.75,78.5694,268.0727,151.555
858,298.3861,33.4219,162.238,307.883,68.2527,170.307,312.7739,199.82,297.057,259.375,190.658,156.459,175.99,294.5842,339.6418,301.2284,155.248,303.6033,314.5434,86.7661,283.2738,256.902,322.5998,298.33299999999997,310.1957,331.7996,293.5947,194.168,194.125,171.378,68.3648,191.416,44.4749,284.5714,51.7484,170.149,29.7911,168.371,13.0173,294.4222,178.62,266.7531,183.464,30.3174,159.833,295.9144,88.5564,312.29200000000003,331.9065,51.9219,154.136,213.734,179.355,293.5643,164.001,180.344,306.889,171.275,306.4121,179.42,287.3405,291.45709999999997,294.945,64.5371,122.766,81.8248,108.583,327.88009999999997,292.9058,269.2338,325.3954,151.581,171.263,55.1486,180.603,309.4456,191.77,177.43,308.3534,335.1404,101.818,48.1154,96.0687,200.377,95.2292,180.713,166.329,136.524,178.47,332.3041,101.674,326.5619,62.2594
859,192.516,42.8411,303.1257,286.47839999999997,88.1381,193.318,62.7442,160.994,306.8066,260.3744,165.398,164.283,191.77,188.045,10.0222,327.314,44.021,310.8105,304.0546,180.626,320.8781,274.2278,318.5954,303.9364,303.54359999999997,329.30989999999997,303.46320000000003,193.654,193.969,177.098,68.6682,204.926,61.0396,304.4378,56.4856,179.531,37.9835,159.524,356.75354,302.8917,187.244,248.02800000000002,175.613,30.8765,164.621,249.541,6.03823,290.3921,302.3905,61.2588,258.166,162.477,174.4,324.5212,165.561,172.704,285.2287,174.61,293.669,162.064,266.5933,282.9095,289.4297,92.8156,106.572,59.4414,137.331,342.30740000000003,294.9868,281.5146,329.7595,157.384,287.4126,55.6028,193.564,303.09749999999997,178.556,193.715,179.73,32.142,90.7261,65.0031,78.2191,161.904,83.1924,298.7636,177.247,173.743,170.376,31.525,81.6366,297.44939999999997,58.351
860,172.267,334.5518,273.8035,308.6614,60.5766,193.044,285.0296,146.008,218.361,273.6168,169.904,184.173,181.022,185.36,5.78993,318.7793,256.923,67.793,297.5312,176.913,299.289,262.1027,319.4079,292.6706,297.731,319.8527,312.1832,189.981,176.194,161.346,63.539,185.734,79.3631,295.73969999999997,67.9753,175.749,28.9082,175.036,173.475,292.2569,191.059,266.8834,168.216,14.8645,157.982,265.80219999999997,206.559,318.568,201.688,31.6779,65.6093,172.796,302.8242,314.1111,177.008,177.855,163.014,152.12,112.203,161.87,268.0239,4.32969,312.23109999999997,61.6214,96.6458,67.5495,99.9617,337.976,280.5778,295.0569,34.1654,172.913,293.8727,59.8722,188.48,302.1625,189.424,162.114,182.308,22.9838,140.085,50.5939,86.1824,184.635,79.6481,304.9987,182.716,182.64,146.7,262.1253,102.41,262.477,177.992
861,301.3275,338.0468,287.99649999999997,308.1338,81.3601,203.101,51.8913,173.83,178.944,267.2802,202.75,179.366,185.89,192.424,357.00664,331.7022,284.7004,70.4087,317.7633,194.587,306.97249999999997,276.54089999999997,41.4251,301.9951,296.0206,45.5483,298.3088,189.306,159.229,184.465,73.1869,190.809,68.8391,296.4495,299.463,179.827,36.0882,150.736,338.6243,290.2097,173.641,271.7161,172.326,30.6688,157.736,289.3579,119.207,279.9871,298.53520000000003,62.5212,90.1045,167.741,295.5697,312.5105,181.903,169.936,205.061,185.902,270.9287,178.604,277.16769999999997,281.2973,291.9498,84.3046,73.961,120.557,94.2988,317.568,274.0067,300.3136,41.8233,162.59,204.267,60.0073,277.7298,320.5869,181.264,345.6303,182.986,349.8114,101.964,63.0882,88.3134,214.66,93.383,298.0807,164.221,154.759,167.765,320.97860000000003,74.5487,281.9501,170.286
862,186.973,37.9453,178.012,292.0569,79.3578,182.363,76.807,173.085,208.782,241.454,165.285,157.661,182.821,173.899,19.6748,289.3139,173.607,60.887,274.2137,284.4621,313.4978,286.78430000000003,319.33910000000003,284.6944,311.19870000000003,327.2866,307.9515,155.12,180.089,175.813,82.7375,197.954,51.3675,176.603,185.412,72.1241,17.4569,150.465,127.191,313.3481,171.608,274.4565,164.26,29.903,16.7079,273.2491,105.31,306.3438,297.5353,67.2578,92.8972,174.861,293.30830000000003,171.209,193.507,165.424,274.1465,170.14,302.073,164.485,244.873,2.55089,309.7884,72.082,88.3565,140.805,109.999,343.045,288.0339,295.0788,37.8518,165.677,162.243,59.0735,236.7,313.1746,298.659,19.9983,175.722,341.6291,97.1944,64.7548,99.3125,179.188,93.9963,48.7923,156.449,154.481,163.313,129.855,75.8127,253.014,74.4204
863,283.64300000000003,36.7012,152.19,289.85699999999997,78.0591,170.66,331.4751,183.658,192.287,273.5547,187.755,170.907,173.618,189.091,343.7792,310.0711,60.3957,50.9295,279.2429,178.971,155.769,307.3048,330.7915,299.3927,294.2477,331.7908,305.061,178.899,214.698,184.916,66.2562,195.516,60.5828,297.0774,287.2061,69.4085,43.3932,168.926,150.684,299.6338,175.463,274.3102,177.644,17.8872,319.0625,278.9422,139.707,305.3846,161.138,71.1993,167.147,177.512,163.502,162.885,176.335,205.388,69.1411,162.181,178.198,176.777,246.247,335.8127,301.5534,54.9624,87.1498,67.2047,109.669,345.1095,291.9737,297.0633,27.9626,165.357,297.2154,63.2165,178.244,312.1896,314.8835,163.294,172.595,10.3076,112.651,92.2053,79.4612,279.3219,82.4075,191.715,173.9,121.024,161.564,158.278,106.474,288.1004,72.8701
864,300.6999,322.784,146.846,294.7262,78.5022,155.251,30.197,101.991,183.533,262.2659,200.474,165.463,189.29,181.118,19.3491,310.6553,64.5037,298.1667,276.1442,166.727,308.5748,276.6176,334.0756,283.56870000000004,296.9613,330.1696,314.2676,171.769,191.446,159.528,69.3958,216.477,43.4678,313.8689,288.6433,76.214,39.6409,167.624,321.4859,296.7641,196.788,259.592,177.74,23.8393,354.66055,274.73990000000003,128.433,303.0003,276.8578,149.605,167.413,205.578,169.703,54.9412,157.202,203.829,164.494,171.712,310.2143,176.378,323.9146,331.1227,315.8386,69.1567,104.982,137.354,103.069,329.442,280.451,281.3874,30.1028,170.415,302.4753,63.9459,189.742,301.2476,290.2865,191.893,178.507,8.92505,123.659,61.3004,86.4772,161.576,75.7178,187.624,163.895,121.387,183.573,316.29,89.9426,266.3605,52.9872
865,292.8901,36.8192,186.525,298.0873,104.813,193.902,193.634,60.9336,300.9903,259.93600000000004,204.388,180.675,188.468,188.065,354.35696,293.3241,47.9407,307.8109,292.5004,277.041,302.7413,276.7114,328.1264,293.979,303.9502,322.7541,305.1079,179.919,182.095,179.112,73.7118,189.386,52.0329,302.7524,330.9488,65.7082,34.8322,163.599,203.039,306.7601,164.438,264.0011,157.872,39.6763,165.265,305.30219999999997,71.15,309.7406,292.1896,65.3628,71.4471,160.419,158.038,144.702,177.147,195.798,175.957,184.757,295.0941,170.343,322.5222,144.114,304.7798,89.3129,118.757,84.3978,91.003,347.216,264.0721,300.252,36.7296,173.964,333.7261,46.133,174.455,306.5904,182.885,185.359,173.525,15.0001,119.214,51.2739,111.381,175.06,95.6878,186.407,179.072,157.963,121.039,123.385,80.7763,299.6385,115.132
866,186.693,31.8974,176.036,68.8752,84.535,183.032,190.083,73.6565,186.351,254.392,190.219,297.2677,191.462,267.9257,354.38647,290.5866,48.5048,305.6799,305.3486,183.585,306.7861,265.44280000000003,319.874,302.3409,300.4909,323.8996,307.7287,190.904,192.813,184.535,78.5022,191.583,51.5962,309.0141,328.3281,64.2097,31.4885,165.156,150.3,188.197,184.219,274.256,158.233,35.1496,343.5069,282.7818,209.62,303.4033,152.59,143.088,165.295,157.826,192.818,288.2737,189.773,210.906,161.656,172.592,305.6633,180.377,339.5364,2.05027,292.1174,97.1963,107.84,135.507,107.761,329.0341,287.3877,290.22360000000003,38.1756,182.513,312.4919,53.7826,160.06,313.3092,165.985,153.361,186.809,22.8186,105.881,50.6321,103.784,191.6,72.0671,211.407,189.413,180.766,163.692,312.7647,85.6683,257.253,61.141
867,80.1285,341.8403,184.991,289.318,92.7599,165.979,145.372,57.1684,291.9609,250.05200000000002,179.774,337.29200000000003,200.316,181.405,354.22364,308.9512,76.3674,302.7028,302.8735,170.59,54.9849,303.6505,315.7752,287.257,300.8511,337.6539,293.4704,190.914,180.139,189.638,67.9048,146.684,61.8378,294.8047,322.8583,59.3081,25.2235,172.196,303.0248,293.6498,177.074,284.5347,186.423,313.7303,310.7006,249.685,186.897,303.8496,164.566,53.8206,309.47180000000003,203.029,167.725,151.886,161.455,154.088,85.5739,174.876,162.284,180.394,294.9728,127.169,179.487,81.9446,103.048,71.6022,107.197,333.6299,77.4836,313.7102,44.2502,68.2798,181.918,87.3123,279.6233,304.0304,193.316,4.20905,179.483,5.39892,127.679,60.3841,94.2293,197.863,85.6637,172.991,168.991,142.63,151.726,327.9264,89.7561,264.7659,181.659
868,72.3775,319.7781,280.1413,175.141,91.0074,158.992,187.56,82.2276,206.751,78.7913,184.779,278.5239,189.316,174.411,346.4092,323.27660000000003,60.976,299.6971,308.0559,198.271,314.364,268.6021,331.152,168.786,317.4475,332.6225,287.54179999999997,170.016,206.92,168.747,62.6587,187.944,66.8598,316.3931,284.218,166.745,29.497,149.424,174.381,282.0848,161.834,259.8,176.904,37.2657,9.62784,278.5066,88.7269,286.5157,287.1967,68.7528,157.686,160.59,143.121,167.8,177.315,167.053,298.766,167.28,287.632,185.879,340.1694,351.6345,180.902,88.318,109.386,145.085,89.5627,317.2662,81.418,288.7599,35.976,157.886,203.106,56.2447,62.7108,312.2774,180.149,297.6241,168.031,45.1278,104.781,37.1953,73.4286,172.137,96.0386,172.39,155.539,190.504,171.984,132.476,84.7553,236.45999999999998,61.5954
869,173.792,38.8949,201.593,175.565,74.9439,163.291,297.2037,59.4017,193.032,76.5504,190.171,191.123,197.417,301.1562,11.7717,325.3675,152.861,291.43240000000003,305.5813,183.913,324.2692,275.6397,325.6339,305.4034,323.9544,334.4119,301.959,194.873,180.606,196.479,70.6972,194.117,57.6367,303.8844,322.9816,56.8427,322.2671,161.088,212.228,307.4129,174.188,258.766,170.72,28.2312,185.982,281.051,205.232,306.7557,306.2486,63.9627,173.78,177.51,291.1431,162.383,161.936,164.928,200.697,163.116,179.666,174.768,262.84860000000003,103.156,183.442,77.7276,97.9268,145.25,77.6176,354.78426,80.6856,306.0683,22.6453,164.43,303.26959999999997,50.6907,212.131,299.9318,181.798,2.79689,190.212,20.464,111.164,59.2096,87.5139,195.665,98.2035,188.197,185.036,140.054,155.378,335.9642,64.0976,260.9184,183.683
870,72.4494,38.5935,182.157,191.483,78.4626,196.383,321.1365,62.4367,194.111,40.2483,92.2537,171.4,181.225,196.576,3.97103,291.4443,68.4872,317.3579,296.0516,280.8587,327.8058,260.8712,39.7023,316.2965,306.2429,328.0785,294.31010000000003,190.59,188.846,182.521,76.2783,184.825,62.3366,303.9209,324.0351,56.2915,37.5774,173.776,187.907,311.1331,189.756,272.8373,175.551,40.0765,173.177,287.2631,102.178,297.2249,295.2539,57.9281,299.8678,165.104,308.1912,160.674,180.625,163.863,195.105,166.668,187.4,184.076,349.6143,349.8757,151.678,54.9818,82.3579,81.7625,139.121,335.0971,331.1804,305.2681,38.029,64.8763,304.5473,87.332,199.079,304.0424,189.792,350.00335,220.691,46.1041,118.945,55.2848,93.4881,168.128,94.0944,200.208,186.26,170.877,156.277,296.97,77.9586,308.2966,179.055
871,61.5703,37.6163,174.244,291.11400000000003,69.7082,172.549,313.8578,187.487,208.95,91.2028,163.092,175.809,180.415,172.105,356.2021,319.3492,48.4804,308.8421,297.0559,172.862,295.9852,269.4353,334.3765,175.604,299.7657,327.5796,298.7577,175.835,182.114,171.05,67.8873,175.047,85.8772,298.9822,303.7443,160.617,34.1352,166.172,299.5148,296.3838,153.824,275.3427,170.494,39.6204,353.65974,283.7169,355.72584,278.3128,159.334,48.1337,249.35399999999998,185.738,292.3683,161.704,216.442,159.319,273.985,183.262,184.903,181.614,87.322,329.4544,186.97,69.0789,123.506,87.1976,101.363,291.1259,304.2138,282.7723,27.0956,170.398,212.425,48.6644,194.353,285.55740000000003,183.579,204.185,187.207,4.62541,99.2496,56.0843,83.5019,179.18,99.3545,173.561,189.742,182.389,151.854,150.115,93.4031,259.306,170.463
872,73.1764,29.4156,186.176,297.1357,92.5133,184.147,75.6942,298.9229,292.1253,111.158,158.38,184.092,178.977,157.897,341.6631,296.4359,154.721,298.2484,309.9126,196.741,295.5157,250.38400000000001,318.57529999999997,82.875,295.68989999999997,341.9214,295.5588,159.342,190.727,165.32,69.5436,189.45,69.0551,297.9199,310.8173,197.252,329.0826,175.998,356.58065,295.1006,167.458,247.14100000000002,162.735,36.2949,8.12138,284.84090000000003,144.14,298.1466,189.971,273.467,175.453,298.8766,328.2403,174.735,171.019,177.03,325.6105,178.728,288.9329,184.75,108.467,319.0902,175.914,57.6079,95.5678,69.3329,101.373,311.776,251.95499999999998,307.6678,36.1397,152.411,289.26210000000003,85.536,284.2403,304.7761,186.855,173.391,193.341,2.75208,114.219,66.5824,94.0136,198.592,64.6656,191.755,183.3,154.284,171.465,157.847,92.401,272.9693,69.688
873,58.9466,43.0269,197.427,306.0318,68.3627,177.341,322.5681,286.9977,202.42,89.1975,191.33,321.5681,185.7,264.624,348.8526,184.205,66.3827,296.6125,283.8583,153.377,306.2646,275.1552,313.9649,186.325,302.3677,319.4211,302.9015,179.546,195.462,178.212,61.1303,197.074,68.7884,301.3582,318.3567,171.431,32.9366,149.11,169.467,297.0072,146.095,248.476,181.018,32.908,19.6571,279.8723,342.0659,302.8798,171.889,69.0201,310.3717,171.046,318.6803,144.719,194.253,278.2308,281.9409,184.611,173.101,153.956,351.18087,320.5609,199.505,63.0805,108.45,145.771,95.951,311.6879,270.2341,309.3408,25.9787,163.221,282.7699,31.539,289.7706,304.8646,179.697,178.243,177.596,353.64619,121.128,70.7265,95.3729,179.492,90.4062,305.8553,165.817,134.305,155.951,136.087,66.2797,175.689,176.843
874,61.2573,18.0089,260.9156,202.892,92.8648,188.513,295.2818,308.391,191.714,93.1083,152.831,48.2358,176.485,179.106,16.1423,168.975,71.0845,300.2988,61.6037,163.591,302.2484,290.6329,332.2442,180.505,318.6356,327.6082,294.9332,174.878,180.317,170.58,58.2625,72.5847,90.9589,299.8383,297.3923,169.144,30.2476,158.326,159.936,286.0177,165.834,270.0639,166.464,37.9324,346.0238,261.90430000000003,357.99696,285.4726,214.513,75.0747,288.703,179.726,290.88009999999997,302.735,175.954,52.7282,49.3042,162.754,179.924,171.537,94.332,284.2955,178.849,39.0541,111.567,59.8459,170.635,334.7433,72.1768,307.9162,328.9225,183.07,295.91769999999997,41.3562,305.6442,310.9987,202.354,178.004,179.837,1.16098,107.711,48.7897,97.606,176.875,93.9542,291.3503,189.105,295.8684,168.259,325.375,84.8125,249.16899999999998,181.069
875,56.9411,25.1859,207.333,191.065,87.4295,169.43,284.1986,299.8311,301.6576,99.3519,174.477,56.413,185.92,236.71699999999998,11.1295,194.936,59.949,319.9562,62.0179,204.064,316.561,299.9325,326.5374,55.5359,295.587,333.6255,294.8615,192.187,172.955,164.29,71.2224,174.619,63.1577,289.2247,280.5618,162.942,31.8699,176.591,21.8427,282.4739,185.091,261.4227,189.469,35.1747,306.8007,274.1004,142.053,300.1484,300.76959999999997,69.7604,299.03499999999997,181.842,183.73,298.7516,182.908,152.327,81.7048,162.981,279.422,176.439,355.97042,341.7857,165.042,87.433,94.4203,80.4653,101.979,325.91859999999997,61.5447,286.5109,38.9502,141.666,181.134,80.8205,287.5491,303.252,202.238,356.5553,173.414,17.298,156.623,44.6052,93.8232,185.991,89.9627,279.4092,162.622,276.2318,160.738,121.109,101.237,306.2229,179.294
876,83.5587,326.1729,173.216,195.416,100.121,162.025,322.9191,301.2404,166.248,60.9255,185.646,302.0093,182.672,180.232,338.3743,169.14,146.791,289.9836,64.8798,197.224,316.8958,273.20619999999997,331.8995,190.576,300.6603,323.5459,294.224,171.03,179.704,175.858,74.4677,187.122,65.6839,308.3728,55.217,154.232,45.1789,176.458,43.3661,307.42560000000003,148.586,248.95,171.698,29.2919,313.94870000000003,283.034,161.31,315.1552,285.2278,45.4808,175.636,158.397,177.297,292.1828,157.629,287.5883,291.1177,174.765,180.872,194.449,279.5661,113.715,168.231,80.5342,94.5904,138.833,91.1512,302.2611,285.845,305.1713,33.3321,178.282,298.392,74.2224,290.8696,312.1755,200.139,177.807,171.261,14.9124,126.748,57.1063,80.9219,192.295,77.9505,306.8202,171.637,333.2341,164.329,313.1444,75.9797,256.078,180.906
877,73.6231,41.756,193.193,293.8201,104.912,152.446,335.9312,305.6642,194.92,65.4409,168.051,175.193,195.798,193.6,350.96372,168.546,140.045,302.6375,45.2237,185.343,183.139,253.899,319.1248,194.477,315.7195,335.8005,301.2063,191.449,199.88,171.984,78.3865,166.299,64.2971,310.9137,310.0761,183.648,28.6926,153.395,352.48494,287.6023,178.429,254.838,164.812,21.4981,359.305735,264.153,110.233,310.3839,286.8635,40.9794,164.826,188.196,308.4568,303.0346,184.667,165.107,288.6228,189.414,159.643,178.05,123.334,102.309,194.692,94.1478,87.2194,145.262,93.5421,320.0775,276.182,284.6678,44.5665,66.0402,177.601,61.6133,172.724,307.66859999999997,184.941,6.09921,171.236,4.2191,106.693,59.3999,94.4269,177.191,74.2392,295.7662,179.718,335.9609,146.917,175.331,76.7184,264.6411,168.431
878,51.9005,31.3331,166.397,305.2624,69.7121,181.452,319.5488,317.246,287.2699,95.7516,187.396,169.682,176.694,190.12,352.29829,193.042,84.6367,284.3913,62.3893,198.143,176.66,268.5232,335.1815,196.555,294.5269,327.6755,293.6649,183.614,200.019,167.088,52.5582,175.866,50.9246,319.8449,301.9144,189.71,43.7906,172.781,25.5842,302.9644,194.306,263.3819,183.095,35.0493,4.5146,300.1006,348.2854,288.1481,302.2405,181.681,166.463,158.888,278.7867,297.577,167.622,300.4092,169.125,179.423,176.562,181.446,263.595,314.0547,158.624,82.5882,98.0243,60.8136,94.2682,351.8817,266.2786,288.4003,39.7585,160.42,311.3342,60.1743,153.965,306.3666,181.72,146.374,175.445,27.1725,122.749,62.5138,83.722,200.786,97.5611,304.0365,187.18,336.8428,158.87,46.1216,87.8408,39.4689,193.971
879,65.8148,27.965,184.075,195.917,110.321,183.288,173.659,301.7024,286.92359999999996,33.8574,164.806,195.633,182.174,194.776,15.096,172.474,72.2603,311.7029,56.547,231.198,192.383,274.0193,320.7887,298.9463,306.13779999999997,332.9193,304.3989,200.358,183.188,166.428,71.5124,172.796,68.1729,296.9097,321.5561,165.538,31.7497,139.952,132.952,297.1322,173.661,284.0663,180.76,40.3842,349.4053,295.65250000000003,87.5967,306.1129,306.0899,62.8801,159.679,170.71,160.609,314.19,166.546,297.1923,285.5795,179.143,296.6914,175.211,284.4617,56.2218,163.012,78.3251,85.7061,152.816,106.067,317.2099,266.3105,300.7845,39.4059,169.409,312.8629,51.9366,300.9014,309.5942,181.424,185.934,176.979,357.56354,112.175,69.1084,96.5979,191.273,74.5323,293.98990000000003,175.844,292.0007,182.823,233.755,87.8295,69.7322,175.283
880,53.4726,35.0045,165.199,169.95,71.11,193.492,182.109,303.4411,178.548,242.555,206.474,193.703,190.727,159.831,339.5893,181.881,138.096,306.52570000000003,287.09569999999997,187.346,309.1479,259.591,323.8663,186.793,316.3271,328.9594,305.3754,167.739,196.471,152.618,59.0823,164.195,49.0548,290.2135,307.4837,159.476,347.2564,162.217,351.15497,292.0648,173.249,287.84159999999997,176.987,44.0739,171.63,296.3487,346.0506,312.0697,324.1629,64.9557,171.63,171.951,167.952,307.7709,210.913,266.8532,304.158,166.818,202.397,176.958,252.1,108.38,89.7727,71.4036,83.5674,134.675,55.4316,337.636,274.7244,294.3918,40.4011,164.01,207.144,54.2437,179.896,313.9325,189.33,111.813,188.957,357.04008,114.145,54.6068,92.9131,178.765,76.7755,300.8411,158.584,335.2744,178.962,349.3879,108.539,84.3604,163.916
881,61.4503,37.6017,157.814,170.771,73.926,196.091,191.978,305.5807,162.947,269.27049999999997,190.004,188.595,180.014,190.196,336.9182,185.038,56.8659,302.446,47.3794,296.8304,292.4169,285.3626,321.0674,195.935,298.4312,350.03285,298.2222,189.089,191.478,170.677,68.5948,173.413,64.2184,295.4291,325.2368,168.622,319.4561,153.786,187.931,299.8348,173.726,272.6058,169.1,31.6327,166.896,316.1765,149.283,296.5687,288.07439999999997,78.2504,173.499,161.101,167.657,291.2298,174.598,324.9791,295.1629,164.261,182.67,167.351,258.06600000000003,292.4385,186.765,92.5457,108.954,62.6614,100.598,311.5021,85.9378,285.8542,323.7735,171.702,75.117,67.006,69.1147,323.9389,186.298,23.3449,184.619,14.0869,83.3484,61.5504,90.9501,204.898,88.926,302.7524,192.178,161.711,176.973,158.843,101.241,65.4778,181.519
882,72.4641,39.3028,173.419,198.917,61.9056,157.259,317.1872,302.2193,168.877,254.88,91.7276,166.586,180.397,298.6084,23.656,167.545,142.194,292.5906,66.784,200.333,320.0624,271.8961,319.1823,125.909,313.9185,333.276,311.3735,198.75,189.121,176.73,51.4498,199.9,60.5623,295.9152,311.0577,189.857,42.0152,159.44,174.864,288.9244,169.091,276.0281,170.289,49.7789,175.338,279.3678,122.733,274.4971,297.5827,68.8905,179.425,179.626,297.8675,305.72429999999997,193.833,272.6176,308.8642,179.755,286.4013,64.3513,272.9055,7.48098,327.7269,92.5981,81.5369,79.6079,80.9221,315.5173,75.0248,294.6639,40.1333,158.875,201.765,46.0178,186.237,296.2545,190.275,197.499,169.067,18.5341,126.911,67.7196,96.8064,185.39,83.8336,324.9168,185.989,144.399,161.07,325.8973,95.3951,314.8031,170.445
883,79.5078,27.5509,176.043,298.1234,92.8283,179.707,311.8931,290.08910000000003,161.758,263.7891,189.703,328.3974,170.155,190.721,12.5184,172.498,62.963,305.9576,66.5512,182.685,280.1599,245.14,322.5495,182.369,293.6922,328.0777,275.334,165.72,182.848,169.552,57.1354,166.643,55.9173,298.1189,62.1864,179.2,338.5546,161.641,315.3766,290.1923,201.982,290.69370000000004,171.924,28.3653,183.878,287.83140000000003,105.737,311.4889,296.74580000000003,71.1446,288.9209,185.002,298.8381,298.7334,170.914,180.436,305.0915,160.628,187.553,198.985,300.6885,87.9925,191.489,76.1259,112.173,65.012,88.8117,318.9602,288.8333,189.522,21.7692,174.737,339.2001,66.5285,197.65,305.121,197.816,190.139,189.151,3.80951,102.771,68.7076,85.5225,203.44,100.861,50.7244,180.533,151.516,162.794,148.235,96.0183,54.6931,173.93
884,60.9225,29.0445,191.564,312.5376,77.6146,176.114,300.8422,298.9594,309.1429,291.5605,160.956,314.0899,189.822,158.244,10.3685,165.062,140.955,306.2591,59.8165,192.478,192.394,255.675,321.2422,186.993,297.2022,326.9101,286.2131,87.7123,174.893,172.418,54.0752,191.498,50.8995,283.8242,199.464,154.037,31.9523,153.328,141.372,296.5797,163.725,264.3897,183.496,38.526,160.78,257.915,9.25989,303.4676,188.688,63.0259,186.313,196.148,294.8731,309.2316,159.592,174.292,292.1187,170.136,303.0641,184.817,113.716,148.697,56.7846,93.2573,86.9771,75.7113,95.4395,333.1912,70.7262,291.8731,32.6473,57.8175,316.4194,96.5529,299.4578,312.3042,187.829,200.39,198.212,16.0311,102.885,68.5458,114.009,184.601,95.1615,48.2115,194.465,203.06,182.233,179.175,73.5029,96.6132,151.423
885,156.181,39.2986,274.9939,290.6847,85.903,184.816,311.0013,296.2068,185.494,272.37649999999996,203.592,324.5015,183.662,166.742,20.1161,274.5231,59.4751,307.2101,59.4863,300.5998,288.6951,266.6565,318.3747,188.509,309.8202,316.4972,298.7433,192.673,202.245,182.069,53.4602,74.7642,64.8232,288.5489,292.4374,188.008,33.8778,173.473,190.3,294.262,190.007,247.399,161.238,33.0598,170.831,268.4467,353.61274,312.172,275.6194,60.8499,161.498,178.736,308.5654,312.3497,165.9,200.514,313.5494,164.536,282.2135,180.748,331.0161,346.785,52.6196,76.2466,95.9619,143.944,79.353,315.5807,85.5339,282.468,35.5775,61.7395,186.256,73.9459,276.95529999999997,296.4149,199.556,186.66,188.756,341.3532,118.522,49.4696,96.1048,188.965,75.2014,276.7686,165.464,134.257,150.646,346.7878,73.1134,73.5333,70.1394
886,287.4115,39.9768,299.0584,300.8581,86.6315,191.618,324.2626,289.2905,204.887,248.673,183.806,274.1933,179.897,61.4383,19.3762,290.31690000000003,58.8483,305.0303,61.0748,302.9207,298.7367,272.6139,333.4518,174.836,286.1947,324.5988,314.1043,179.134,192.818,196.88,76.718,190.887,46.3904,305.3693,187.462,175.487,39.1651,169.038,202.918,307.3115,180.089,268.5742,160.456,28.638,170.408,329.15409999999997,345.1038,311.6255,290.4229,59.9713,299.4846,166.877,305.4382,313.8954,171.33,178.755,276.9149,194.806,181.958,170.241,126.013,147.913,55.5656,81.1293,88.8145,139.95,91.6828,331.4711,87.4452,298.9006,32.1848,152.375,293.8762,56.1335,204.829,295.00620000000004,189.176,202.961,186.956,333.692,115.493,62.5278,94.0931,198.557,98.0433,309.8563,197.226,131.247,169.928,338.88530000000003,92.9011,285.0947,63.5361
887,313.5111,29.594,297.8246,293.723,90.5935,195.041,294.7984,174.532,215.201,246.393,158.303,27.6207,191.55,272.033,6.7372,162.45,67.7599,313.0342,278.6743,163.942,295.55150000000003,284.545,323.28499999999997,294.2554,316.6034,329.8166,302.2475,184.405,194.883,174.437,78.5898,183.045,65.2802,310.1998,307.0105,194.599,41.8808,197.019,359.388572,303.1633,173.455,257.776,163.141,10.8027,190.864,301.7459,74.0493,297.587,294.7912,59.3448,153.33,161.359,159.22,302.4543,260.2409,170.665,193.301,168.297,186.616,171.985,279.9853,120.266,46.5332,82.3321,99.7252,61.1996,104.161,328.1059,31.4245,308.834,43.697,153.613,308.0356,59.1787,303.2022,311.9055,190.026,18.5911,289.8642,354.05359,102.217,68.541,78.832,186.527,81.7984,189.849,178.514,359.715765,176.35,328.461,73.3573,254.901,152.412
888,183.21,23.6414,304.7802,292.25620000000004,87.6861,163.204,55.572,174.776,187.449,266.0722,201.752,348.539,186.045,262.7269,5.85594,176.064,163.372,314.3557,288.7421,176.944,281.7985,301.7378,328.3721,301.4432,306.3175,8.2912,301.2601,181.071,189.487,194.731,69.4345,186.336,45.7964,292.5998,301.73810000000003,193.834,31.2571,168.432,328.1981,299.8953,170.972,268.9357,177.127,28.1439,26.3177,288.3618,356.79758,281.6384,201.487,70.6303,135.761,185.476,170.546,295.5381,261.932,165.211,186.551,162.929,294.6531,184.502,312.636,353.57712,41.3625,63.2473,87.7412,58.2413,91.1027,342.95799999999997,46.4366,278.8132,34.9459,160.258,191.163,65.1307,185.745,315.3997,186.985,176.999,189.93,13.7458,100.586,55.1331,106.628,200.689,79.1163,310.5923,140.765,337.3208,158.68,138.211,85.5846,277.0972,178.18
889,309.8559,333.777,316.668,189.981,84.0176,182.548,287.5366,166.327,186.434,257.596,165.157,287.2671,182.58,203.98,333.0533,295.6069,70.1613,308.8073,289.8277,198.786,198.403,299.2378,316.8432,292.05629999999996,295.2905,315.951,292.9223,205.316,178.574,166.592,61.4531,176.004,36.4756,303.9388,289.3376,174.837,27.7372,168.583,301.1191,307.6262,175.122,249.183,181.5,39.1099,170.242,265.8826,276.2523,304.0254,196.271,55.5896,74.2608,305.8713,167.533,294.9507,151.148,163.177,174.379,174.172,184.63,184.348,0.670844,111.215,57.5471,58.3124,104.176,36.7738,88.1388,343.7789,80.5027,288.3589,328.7619,172.445,188.132,47.4239,141.86,316.1463,191.045,349.708,182.947,12.4355,114.649,55.7119,96.0745,188.316,115.591,168.064,183.012,312.4398,148.662,337.1608,100.703,270.3085,179.862
890,305.6528,328.5163,301.5621,292.0204,78.6814,168.691,301.6692,179.832,202.951,266.58799999999997,206.584,301.9621,183.63,184.673,357.29449,184.889,169.32,304.306,293.7829,190.257,314.6811,245.595,45.7568,289.7858,290.4928,327.5994,299.5421,185.211,186.977,162.485,36.3119,195.793,54.9805,299.91610000000003,334.8847,187.131,32.3275,165.545,301.40229999999997,277.1638,148.514,272.9595,178.317,34.7354,123.991,293.4865,354.03392,280.41610000000003,301.4015,57.9972,312.9826,81.8884,308.4231,322.5558,268.6423,281.7393,154.328,181.715,192.673,185.435,16.0283,330.6995,89.072,58.3027,95.5691,151.777,109.231,336.6609,54.4177,277.0009,41.8517,165.325,185.177,56.6891,186.577,306.74580000000003,187.032,173.874,167.242,18.5014,125.186,74.1243,95.3825,184.872,102.352,207.933,198.148,294.5385,144.666,342.5416,106.925,286.8926,182.717
891,309.3195,39.7867,189.076,180.247,85.3691,171.332,328.2722,187.963,195.79,256.609,200.511,316.6589,187.894,288.7019,12.4927,276.227,72.2818,318.3213,309.0351,186.447,312.589,275.3523,312.3311,291.5996,321.8221,329.3985,295.3996,194.236,186.535,179.898,64.5555,197.869,49.5179,300.1576,44.5639,184.179,33.3378,176.459,329.0042,307.729,156.629,255.971,162.253,22.6062,185.198,286.0028,7.63878,303.3231,189.658,67.5437,78.4117,184.426,302.5142,284.3111,173.287,162.548,307.16020000000003,196.133,165.23,195.672,338.1925,276.7732,53.9434,71.2077,88.6714,147.169,72.2936,351.79712,33.5639,288.8558,34.1875,151.014,287.4187,55.5247,301.9844,311.6533,199.369,183.71,186.831,13.5687,116.494,65.7539,86.7036,203.931,80.4671,299.8667,176.737,134.601,160.203,293.7556,90.5504,287.1354,67.1734
892,284.7135,37.0609,186.053,177.93,61.5351,183.628,282.88779999999997,168.978,304.3729,265.4576,159.467,305.8993,179.614,142.676,185.286,176.505,67.5953,312.27139999999997,297.812,185.787,283.5247,281.5528,318.9088,298.6958,302.437,327.3872,300.08,189.642,192.173,162.102,67.7393,164.896,62.0468,314.1721,313.3192,173.347,35.0167,170.067,156.972,292.2497,169.32,279.98789999999997,175.615,328.3378,5.42209,279.8616,1.87738,295.4656,298.9341,64.9913,168.485,177.795,179.171,297.718,183.366,159.315,319.4541,168.178,301.097,80.577,358.91232,332.1642,60.131,84.5746,104.866,62.5916,97.8971,292.16679999999997,237.35399999999998,291.8294,32.9374,166.1,292.9506,54.7853,272.759,293.9414,198.819,10.7992,197.804,356.04101,103.803,63.2688,86.0398,200.407,91.4404,290.711,184.005,129.695,169.772,319.77,93.3918,306.0606,187.135
893,182.593,36.644,177.846,185.849,79.1012,179.068,318.1246,189.658,198.777,267.3272,191.131,301.7656,186.396,67.075,184.233,185.986,68.5059,318.1225,306.89300000000003,172.425,283.5695,300.4319,331.2556,293.9081,315.4978,341.1815,305.0197,178.641,184.688,178.434,82.5778,198.865,58.6799,307.0895,315.4866,177.787,34.4566,163.172,240.476,298.7799,181.022,276.5914,176.838,321.9283,351.59188,268.4817,92.0416,298.3625,295.8427,71.7016,153.908,158.482,314.4234,300.6616,163.073,63.2459,284.0453,166.148,172.69,171.891,352.67015,43.6944,183.102,88.6474,82.7306,47.6347,103.994,308.9975,280.4137,297.5838,36.4534,153.253,310.78340000000003,59.4209,300.4296,300.0671,176.761,27.244,172.144,4.25104,102.459,53.2934,93.6041,165.272,84.5076,298.6963,176.438,167.413,162.907,352.6018,79.4333,268.7086,175.986
894,304.3143,45.0808,175.006,199.626,67.2268,183.487,67.966,175.322,295.2912,250.118,201.514,317.4355,187.461,282.8695,201.361,174.223,64.5146,298.2856,298.3634,195.06,307.1012,241.084,45.0718,291.6716,294.8808,323.0216,299.1889,182.37,180.715,170.769,71.8901,181.144,64.9419,301.0009,76.5552,175.998,345.3767,155.295,162.223,301.2533,191.071,282.7267,185.263,21.6906,308.6091,261.9066,67.9727,304.9199,307.7043,56.7996,292.4354,179.443,310.9753,304.1746,159.911,64.965,265.5911,173.727,280.7088,81.2196,354.16124,114.758,347.7863,96.1922,86.2405,132.524,77.6176,329.47,269.8159,291.365,36.021,166.427,317.2154,62.153,301.3335,296.0715,177.824,170.995,161.265,353.02775,104.315,73.4633,79.3661,171.439,76.9914,286.2521,171.205,130.771,159.819,327.4298,83.0837,276.8197,169.235
895,283.4679,30.046,183.024,181.556,118.392,183.445,329.0096,293.8104,177.634,252.589,201.266,319.4434,190.191,280.72839999999997,172.321,191.275,67.7008,292.9379,295.8414,294.6336,315.7156,285.5827,324.4106,314.5261,299.004,323.0174,296.8245,180.417,183.512,187.127,83.6291,185.506,63.9546,291.8877,64.3172,74.5179,36.4861,155.334,153.346,303.9646,172.438,277.6995,161.975,37.1729,335.2045,282.3198,40.6072,289.2547,297.0186,57.1273,85.4947,178.443,301.9892,304.5573,165.406,187.735,289.7731,165.999,286.2122,53.8973,330.9955,324.8674,302.533,83.3803,111.523,40.021,108.288,347.7324,65.2112,298.3125,31.9571,163.679,330.1724,53.2595,205.851,318.5972,195.68,172.356,169.453,352.51948,123.665,53.7482,82.6193,185.155,104.929,200.743,161.784,112.972,155.912,161.12,95.6047,292.4029,178.524
896,45.4679,28.4174,206.538,177.673,77.302,170.035,313.6108,189.682,195.927,259.507,196.338,303.3146,188.042,191.386,188.473,191.937,67.1518,300.7021,287.8342,181.015,318.5615,273.7684,317.7489,283.4296,304.5471,330.2507,301.9439,184.267,194.249,173.946,64.3837,179.278,63.1807,316.8749,301.3521,172.88,324.6103,169.528,185.437,311.1395,173.81,284.1258,187.708,29.0135,351.39539,97.197,139.864,310.2025,295.8643,63.2836,148.206,154.566,310.8986,302.8576,145.54,176.231,297.5875,164.507,178.18,44.6642,319.2605,355.57088,313.8525,86.9814,93.1074,65.652,104.92,343.5071,75.8811,306.7893,31.8356,162.845,296.5349,57.1327,199.995,302.9365,191.989,15.8057,184.425,355.93479,122.383,52.0854,102.29,199.445,99.5184,196.139,152.298,172.642,153.061,187.844,64.2482,275.7844,174.158
897,283.9092,43.157,176.698,205.828,105.248,177.595,184.504,72.5293,187.977,234.848,174.885,164.41,172.649,196.788,182.544,176.003,58.0365,302.78520000000003,307.88,286.5785,311.3153,267.5887,322.06669999999997,179.613,292.9098,322.0292,291.2596,186.29,210.755,177.644,45.6673,192.342,54.2205,306.0057,181.91,162.787,336.95889999999997,171.284,161.873,311.2353,178.161,271.0873,184.549,33.3039,328.048,283.1075,97.4296,302.5835,290.9152,53.3707,165.312,165.942,179.343,308.762,159.14,280.0771,293.8335,163.988,315.4366,165.57,260.818,116.177,160.987,74.4282,89.9356,150.351,106.439,322.3926,37.5938,287.6815,26.3291,165.025,291.152,65.7415,209.913,308.5483,195.334,174.892,175.883,5.01482,116.005,180.274,89.3959,194.203,100.636,290.3822,170.782,121.136,164.864,3.05059,90.0826,268.8632,186.001
898,299.5246,31.9995,198.162,188.485,110.934,171.081,163.94,289.3519,302.4289,249.243,198.408,231.224,177.354,154.033,152.503,190.246,49.251,294.7424,297.0365,187.594,316.78499999999997,279.2391,319.8034,199.532,318.1019,326.19100000000003,310.0241,179.356,197.654,161.311,59.2351,179.91,63.5697,298.9584,179.695,69.1208,41.937,161.643,4.36762,292.2889,200.285,265.6517,168.145,25.1668,324.5862,91.0374,170.966,295.9598,303.5523,154.703,156.32,182.966,166.556,306.4121,176.739,321.7581,296.6486,169.855,188.241,186.852,109.334,343.41,308.8219,82.1018,86.9815,80.013,95.4019,316.5164,111.374,272.6281,42.8946,150.224,297.0311,70.3925,68.715,313.2579,202.584,8.42453,193.054,357.39252,142.515,67.6337,78.3572,183.541,81.1973,312.9148,191.453,148.347,171.508,131.235,84.0413,271.4391,178.145
899,298.4908,329.0903,196.887,186.24,76.4524,162.511,174.695,312.224,195.814,80.9805,161.181,191.374,171.636,215.568,181.959,174.256,69.3064,310.1583,305.6755,204.0,295.90229999999997,295.9445,42.7863,188.229,309.3053,335.2298,310.0884,167.748,187.523,159.094,57.0475,158.499,46.399,288.6125,292.62760000000003,190.527,327.2327,163.072,159.034,286.163,170.219,283.37919999999997,167.756,31.2111,346.649,309.2733,101.339,296.3235,283.9927,50.708,156.427,170.38,195.137,306.7808,169.9,306.69100000000003,324.157,183.902,192.806,187.554,347.8411,111.926,319.7427,102.503,91.2572,145.739,109.031,289.7823,72.689,295.9277,28.9822,170.885,303.9788,61.3548,74.5796,292.5303,178.551,140.271,191.877,1.25731,115.844,57.1019,96.618,184.285,71.6589,180.903,204.357,136.743,165.417,151.7,79.4717,249.786,178.235
900,283.7391,44.2832,284.6689,196.357,82.8831,197.052,292.6381,187.549,139.493,267.2864,198.966,181.043,176.067,291.2827,181.235,166.83,63.112,298.8156,304.337,266.7128,301.4688,255.96699999999998,321.7425,203.1,316.3704,327.6209,285.805,161.536,175.797,168.945,72.9368,169.114,54.9805,296.6094,175.95,165.304,316.7699,166.411,310.7801,280.11969999999997,174.544,283.6185,178.769,40.6996,0.0392426,278.3019,113.183,303.0722,278.3786,59.3761,160.553,171.934,175.538,290.1219,168.627,168.87,300.2404,166.419,333.8378,174.221,352.42309,343.3482,292.9323,96.7669,77.8288,143.122,95.4976,312.1195,94.0608,306.7926,30.1677,171.622,161.313,75.2073,188.525,306.4453,196.299,182.667,177.12,10.7444,101.475,59.5217,94.3565,183.464,114.414,210.134,191.458,320.3837,161.279,326.0371,84.3554,301.6259,181.167
901,283.2111,38.578,193.629,187.102,99.1141,176.764,320.9332,305.1182,190.101,259.075,218.132,204.968,175.456,182.258,170.077,177.647,68.374,304.9466,306.7163,181.618,301.4677,278.4647,321.5111,303.1552,306.145,336.3421,291.7634,175.909,182.363,159.221,54.3344,171.622,58.8522,294.26,279.62940000000003,184.211,324.6567,165.292,299.8405,293.0219,175.977,252.32,157.684,41.6034,359.554463,277.9705,327.8506,300.3362,148.971,61.367,302.2078,297.0774,169.279,303.6477,193.165,168.253,170.321,174.941,81.6751,183.064,270.8864,123.253,325.4577,78.771,103.554,64.2082,109.838,304.5799,103.561,307.53679999999997,34.9876,169.132,159.036,57.2654,152.218,311.4474,193.56,169.517,182.096,15.9321,110.168,47.5648,100.562,196.827,92.0913,193.191,182.434,342.43,177.082,338.6351,109.494,281.7202,149.485
902,190.891,41.7455,180.656,182.629,88.9468,192.607,327.4514,290.9502,199.664,261.9614,177.153,303.2008,188.034,70.7927,185.574,62.3479,74.4258,303.704,305.9879,204.88,298.6556,266.59839999999997,326.2987,300.4455,315.1205,331.6793,306.7889,184.572,196.563,164.831,82.5005,161.988,70.1998,308.1966,304.021,167.875,317.5337,162.919,27.6294,275.5864,180.575,304.3309,184.472,34.2583,188.448,247.20600000000002,173.823,293.044,66.2046,63.1386,295.3985,179.67,175.601,320.9483,192.73,156.555,174.293,176.309,321.0152,168.053,14.5421,324.1769,304.0184,101.834,99.0498,67.7369,100.514,303.0926,241.982,273.096,33.1423,152.26,313.2007,63.0236,229.169,316.5504,62.9056,169.588,182.879,15.4436,106.799,65.9364,91.3285,185.813,88.3748,206.191,200.235,151.398,153.132,352.4126,78.0688,258.33799999999997,191.026
903,69.2653,27.7772,196.26,190.63,71.8249,175.576,302.1474,280.9193,307.2524,261.3574,192.093,55.1502,184.662,193.616,188.691,66.9228,58.7707,324.7504,286.9981,189.088,295.1461,295.8076,325.92470000000003,286.5549,279.6855,331.0697,295.5842,198.971,188.527,169.788,77.5847,168.399,67.4594,292.9219,341.188,155.315,41.9915,166.531,178.521,299.43330000000003,160.064,272.4029,164.231,21.7482,164.123,266.2318,151.782,292.27840000000003,178.105,53.0971,293.2518,311.6907,169.828,305.8916,185.133,307.4922,280.7605,156.906,297.9465,82.149,86.3213,108.114,313.65930000000003,74.241,91.8353,166.079,79.0469,352.0497,264.9361,299.0335,38.5214,153.374,204.513,64.8294,299.9172,301.5448,184.275,180.563,183.889,27.0448,117.856,54.3155,114.319,190.988,88.5333,285.4491,186.041,132.291,162.321,157.134,68.8796,273.2056,186.34
904,168.92,31.5159,193.674,188.392,83.494,203.287,321.8249,282.4905,199.692,255.80700000000002,206.797,295.783,189.828,193.347,184.551,49.804,152.379,295.9714,303.8737,300.4614,300.7545,279.031,326.0664,294.5057,295.6945,330.4699,307.6614,181.752,191.298,190.43,67.0084,191.615,68.8431,306.36220000000003,330.225,177.223,333.401,141.24,166.172,278.3906,188.089,275.16790000000003,165.461,7.54316,165.546,260.3674,166.034,294.0082,162.84,54.9228,175.426,178.471,173.206,307.2431,189.737,163.056,290.8471,163.236,298.7704,185.67,342.3909,346.5679,175.222,89.3551,82.0576,130.3,90.7869,359.391304,273.3287,276.6836,33.1389,61.8509,320.7608,78.5006,283.8448,299.1134,188.003,179.037,188.159,349.4443,111.809,76.9486,98.8223,183.494,92.9002,300.3741,173.669,164.461,174.559,311.25419999999997,79.4494,133.714,168.269
905,71.6978,34.485,287.584,190.997,86.0948,188.384,302.2393,284.8456,306.8463,271.478,169.174,54.1998,170.777,267.6577,178.552,48.9261,69.172,302.2429,313.4405,289.1846,293.2509,263.2862,323.1855,284.922,309.4687,329.9614,302.9097,176.988,190.902,167.287,76.7467,209.316,39.5629,294.0589,319.9065,166.98,45.6042,195.215,140.415,294.7754,160.758,291.9625,189.414,36.4363,151.995,296.8544,107.915,297.3144,282.8381,66.8765,158.552,280.9283,166.356,313.8817,166.562,155.664,282.387,162.361,295.3196,179.739,318.4788,356.74862,192.04,101.169,96.9811,152.152,83.0447,330.007,267.405,305.4927,31.3593,174.665,279.5287,48.0145,207.817,303.3606,173.785,336.5389,176.148,341.4312,107.073,49.2082,72.0876,179.874,79.1043,290.045,173.596,164.246,162.311,2.16141,88.4518,296.4241,175.487
906,67.5743,37.3044,183.948,174.194,80.6052,201.448,304.6255,296.6385,293.8271,100.181,167.193,332.3329,186.432,178.936,191.204,79.2405,75.0023,48.2255,307.5268,193.175,310.3563,260.5777,319.3763,288.8982,311.7853,328.6267,294.1164,185.859,212.725,178.65,51.0439,198.123,48.3116,191.942,314.5928,172.703,40.5088,164.542,287.224,292.01099999999997,173.592,272.95619999999997,160.574,42.329,347.4831,259.449,116.812,299.1472,160.351,74.4729,295.3097,199.328,178.427,306.5986,175.167,151.185,265.9711,176.066,303.4193,167.045,17.6905,348.6581,183.809,92.245,102.916,89.6182,100.515,339.5698,239.071,296.2754,327.9885,158.336,312.3516,56.3625,295.56010000000003,311.7263,182.306,41.9964,200.818,12.6022,111.989,52.5384,82.9094,178.3,101.096,292.6405,160.739,346.3291,161.484,107.541,67.8636,88.3109,179.138
907,67.9594,39.369,293.4979,199.304,108.437,184.199,296.7456,307.9504,289.4435,77.664,150.543,319.30989999999997,186.931,182.749,211.307,151.833,53.8435,52.2487,298.3157,170.997,294.846,293.70619999999997,332.4582,282.5543,312.5418,320.8945,294.6336,193.692,207.73,189.356,53.2639,77.3322,57.6641,191.001,301.5625,175.97,30.5267,171.341,326.7108,287.8818,183.758,261.8209,170.492,39.9635,6.3887,303.3621,338.2024,305.0509,277.47159999999997,67.7155,316.5333,166.12,173.235,185.201,169.249,154.945,289.2879,157.91,80.2661,195.37,350.83116,149.051,183.101,77.782,83.4999,151.919,86.2318,335.9444,93.6272,295.32370000000003,41.733,162.33,280.4423,56.1356,184.229,315.141,189.192,189.656,193.148,34.6735,115.943,52.4329,92.1077,175.132,78.8333,329.0057,164.955,340.9866,175.644,304.86310000000003,94.5305,272.8932,166.218
908,72.4279,27.478,289.1488,185.516,79.2809,186.911,312.5875,49.8301,195.842,81.3826,194.597,292.0557,169.686,191.555,185.849,84.354,62.2443,64.4554,288.7158,169.428,181.275,275.1963,321.6247,290.8324,296.2289,322.2121,299.2648,188.606,201.442,179.495,74.5134,185.438,55.6946,197.326,303.2685,173.719,40.68,132.04,180.103,294.6384,182.748,266.2889,156.292,32.1516,169.492,270.7946,109.534,300.5082,286.486,67.0427,171.366,175.019,204.921,159.695,169.159,305.5125,301.6699,154.737,285.9143,175.319,119.238,129.366,168.406,69.4514,97.2603,157.51,102.39,342.625,59.2598,300.9194,36.4176,152.463,295.6725,75.8064,290.8981,292.2762,187.202,344.9831,167.676,1.33556,136.291,55.4748,86.8761,206.055,99.5498,314.2544,173.812,338.7496,149.347,151.566,65.0277,245.737,173.305
909,177.087,38.1186,272.29290000000003,195.825,71.6625,189.958,331.8826,51.3276,190.959,68.5686,192.86,319.3628,184.95,180.335,175.393,60.8822,190.706,47.4079,294.87059999999997,70.1591,322.3944,286.2025,312.9127,294.2952,313.485,331.472,292.3299,177.988,187.689,172.276,48.5283,192.732,59.2887,62.5023,176.647,175.073,32.7866,160.124,357.66452,304.1259,189.712,265.23130000000003,173.531,23.3264,181.932,284.2367,168.585,303.5267,236.848,67.9056,156.889,174.371,160.706,159.853,183.9,187.263,300.0486,178.157,187.309,182.756,359.99126738,11.7852,182.284,62.3236,90.1775,140.004,93.3961,342.4235,53.3159,298.7457,39.1254,174.49,170.929,57.1574,206.928,323.2208,177.757,2.27517,163.27,351.52478,114.469,58.679,95.076,192.212,72.7592,296.37149999999997,158.385,328.5172,165.478,115.717,65.1661,259.649,187.22
910,65.3482,41.5975,193.721,164.321,77.3962,206.719,180.149,71.5928,307.2993,95.4572,187.448,307.1395,181.706,176.787,194.387,253.281,72.8321,63.4797,297.4874,190.844,297.8856,295.0604,36.4212,288.43330000000003,294.7844,335.1791,307.1482,181.924,191.538,172.637,47.0227,195.051,56.79,173.57,151.718,173.606,32.5343,164.544,301.4906,300.2697,196.438,251.185,192.566,31.1493,172.97,293.5215,112.455,296.97090000000003,295.3369,48.6447,313.46500000000003,188.658,75.5767,154.16,162.26,162.996,297.5693,172.602,186.21,172.583,302.8809,287.7151,176.379,72.0835,72.3611,134.029,101.706,323.7874,306.2761,298.8375,328.5268,78.293,273.6912,57.9674,202.846,293.6631,185.28,6.89216,196.243,25.3101,121.636,62.3276,88.4771,177.375,87.701,292.3085,186.79,320.196,159.657,200.7,100.538,271.0092,170.629
911,68.8116,42.0137,280.2518,194.85,103.218,170.973,173.353,47.9541,204.768,90.4617,191.583,305.0661,176.704,164.753,207.847,270.4767,166.801,66.4768,286.8936,198.847,66.7848,285.4771,43.3143,311.7726,299.8396,325.163,296.4191,166.26,188.831,175.086,70.4546,188.628,41.9615,57.2583,174.185,184.283,29.9944,171.049,328.298,318.3722,195.338,289.40930000000003,168.96,341.434,348.146,280.7099,315.7325,300.8262,178.897,151.476,300.524,170.461,170.554,281.86990000000003,157.37,185.846,335.6213,181.279,180.46,188.7,120.84,281.2996,171.421,77.6626,98.0752,136.175,91.0038,340.8209,275.00149999999996,290.69190000000003,44.489,158.891,288.4558,56.9914,273.9789,302.281,195.243,184.319,217.415,353.91601,130.235,50.7104,99.7199,187.071,89.8536,282.3541,182.067,146.006,169.895,153.822,95.212,286.0847,42.7278
912,193.765,325.1366,198.044,181.783,81.8936,170.098,163.455,73.0581,217.575,100.003,193.423,214.019,203.057,141.266,180.7,174.157,59.7763,64.5264,295.8929,168.918,49.5437,289.8624,321.2244,304.0111,296.3179,42.9638,287.2888,172.546,180.447,172.683,59.6741,189.552,57.4875,196.313,55.059,62.9702,39.2264,162.27,335.2171,291.1785,176.612,286.5564,171.671,32.2205,172.969,247.059,133.966,311.5192,289.9036,56.3887,300.8248,155.954,193.464,163.368,195.793,184.584,298.376,172.306,290.2027,168.727,331.7223,342.6724,141.667,106.281,118.005,60.0989,76.252,348.9067,289.6388,301.8749,31.7958,162.56,281.2958,63.8108,180.754,314.1815,181.421,169.156,189.859,330.6583,120.003,52.3868,92.006,202.725,79.1913,188.089,179.99,127.916,149.791,83.746,92.3265,261.2585,169.704
913,58.9724,34.7139,184.509,177.203,77.0114,182.295,170.289,56.3788,309.7342,89.5309,178.115,331.4733,176.222,175.787,211.27,190.818,164.582,59.4218,282.0236,159.553,298.1717,272.2457,319.6442,291.1115,300.948,324.9468,292.5142,186.14,181.906,178.744,50.1644,181.45,53.8763,162.846,303.3805,62.5242,37.3004,168.704,200.525,290.6689,164.921,285.2613,177.891,19.5906,165.855,262.38530000000003,340.46569999999997,307.81759999999997,291.3259,57.3606,296.86990000000003,299.8879,184.914,308.9352,183.882,200.181,284.8319,178.717,291.8911,171.723,265.5502,353.12578,178.788,93.6511,111.738,155.201,109.818,329.8659,278.3857,284.8443,40.6305,172.401,282.7359,66.3757,160.324,294.7435,180.288,204.147,184.54,359.423214,113.098,66.5883,83.7654,192.879,94.0697,197.857,173.417,312.8506,171.363,6.20073,86.7342,264.377,179.981
914,286.1348,34.9214,268.34659999999997,179.565,94.388,161.613,181.054,53.6717,199.708,88.5728,169.064,274.84180000000003,184.492,190.107,174.807,188.188,50.8706,82.19,276.648,176.399,170.22,264.38509999999997,331.5789,308.8889,302.3122,323.7133,300.0549,187.377,177.717,166.419,69.9138,191.83,82.5255,194.06,302.2891,77.5396,50.8649,155.577,132.6,291.05150000000003,180.574,265.7457,162.539,31.8146,188.271,274.251,157.48,305.2004,290.1739,53.6427,311.1065,299.0477,145.503,316.2377,179.761,149.489,192.053,182.652,300.2901,166.029,310.7154,350.9364,175.092,88.5457,89.813,105.006,164.011,314.1244,291.5564,292.49469999999997,38.5199,174.809,163.277,57.6236,195.958,314.1351,194.826,10.2493,139.294,34.2626,119.426,76.4037,72.8885,177.731,98.3383,179.243,182.174,256.183,158.706,13.4172,77.8132,278.05899999999997,190.951
915,173.521,34.4412,198.086,186.485,64.8492,180.562,309.0559,62.9007,204.778,67.7065,163.161,307.1788,189.845,188.463,187.576,204.541,61.7296,59.0635,284.58320000000003,287.3472,167.341,287.2908,343.8352,307.699,293.5816,335.1231,296.8135,172.7,179.093,171.566,48.2561,100.036,40.155,170.111,186.14,52.1711,34.8886,161.839,224.89,311.99649999999997,177.43,269.1623,178.77,28.1278,188.065,275.631,103.746,309.7649,301.5101,63.1282,306.8411,197.841,167.073,171.426,179.372,196.526,296.2636,178.725,280.9328,165.388,118.901,303.3701,183.346,32.7515,109.267,63.6969,129.572,317.4767,274.5,295.818,38.3715,150.028,319.4039,57.7344,277.0088,303.8335,177.15,322.0463,180.465,354.10758,115.386,54.5187,86.4494,175.267,74.5669,178.985,160.331,83.5681,150.84,10.2546,86.322,263.5484,171.831
916,193.558,323.9675,181.296,187.819,85.2451,158.25,295.61469999999997,69.8601,313.62,65.0238,188.794,314.266,186.862,280.7902,189.151,176.04,183.746,54.9042,286.5573,171.803,185.058,255.814,324.7281,189.731,300.9737,326.9966,298.36379999999997,172.243,200.875,167.28,73.6723,100.21,51.3049,193.535,59.4146,70.5341,39.0715,153.453,331.9841,306.42560000000003,178.916,261.35339999999997,148.783,32.6305,176.815,270.2143,103.655,299.9469,306.3695,51.3027,303.36379999999997,197.146,206.894,164.225,160.659,208.113,279.89369999999997,211.952,296.8522,179.702,332.0991,310.40070000000003,188.878,51.2771,115.949,136.29,92.1453,335.4314,271.30240000000003,290.9942,35.0914,159.017,303.4422,76.3939,194.039,310.6518,177.448,9.36371,202.388,40.1191,112.949,54.7574,111.669,191.281,90.7777,80.98,155.585,77.0076,126.284,180.766,90.9869,269.5597,177.746
917,305.3953,34.2189,214.272,185.226,92.5697,162.276,288.894,73.7728,199.477,62.358,178.092,189.475,189.825,183.806,195.103,272.60519999999997,60.477,74.9258,297.1862,137.335,175.077,270.1223,319.83050000000003,183.295,306.0897,338.3007,305.5789,160.599,181.915,158.145,60.5157,189.991,61.9222,296.4865,321.91700000000003,162.671,41.018,169.67,0.657566,311.97090000000003,194.186,267.7823,165.418,32.9805,174.102,288.9596,77.6807,288.5243,291.3535,53.6943,159.07,166.557,163.319,174.47,194.087,283.4492,262.3895,151.253,289.0458,194.183,100.832,301.1801,186.533,106.454,84.6187,70.3792,162.193,324.1488,275.8284,299.4121,32.2571,155.04,298.3342,50.2886,149.779,306.7454,174.112,10.2217,163.746,10.5771,86.7574,59.7774,96.2794,166.156,82.6033,193.58,166.958,255.743,146.834,321.159,79.4802,276.5931,178.42
918,301.0797,38.2047,179.795,181.998,90.631,179.476,311.7101,58.3574,184.84,88.9557,173.635,53.4296,185.121,218.495,186.577,174.399,56.9607,58.8834,280.40229999999997,160.375,293.3032,285.451,330.2983,297.2885,289.3172,326.0763,309.5717,181.685,189.266,184.629,52.6526,169.656,54.6734,302.6969,310.6728,172.075,33.2965,183.476,85.2102,305.6707,171.695,273.0869,178.665,25.1544,155.182,283.0459,77.584,70.3855,267.4402,56.7277,159.66,184.007,314.489,157.812,174.225,308.4292,291.7212,174.139,300.0791,193.549,332.9539,6.30466,316.7111,94.9241,92.4878,57.9508,102.606,322.334,288.1148,297.0391,42.2845,51.6902,291.5776,77.7245,296.6343,314.5624,180.37,179.898,312.8502,353.85688,116.708,67.625,98.2011,188.567,82.4018,183.441,214.24,140.593,167.575,140.272,92.2532,285.6332,195.9
919,290.1556,33.933,173.971,176.747,94.9812,179.955,297.8124,69.3932,212.075,57.199,179.769,309.4021,175.434,282.2907,173.998,167.355,160.159,69.5466,295.33410000000003,185.455,288.2267,271.2092,36.0289,299.5249,274.7637,330.9903,305.8093,169.975,184.856,164.605,54.4461,191.104,63.1103,296.2223,315.7134,177.234,38.1022,157.441,151.27,297.1021,162.961,269.01189999999997,178.107,31.154,359.686805,291.3993,96.0051,59.0423,280.4975,51.883,155.404,173.712,303.6586,159.99,169.115,279.6782,293.6828,166.892,48.4808,82.731,141.028,347.7529,173.771,81.183,95.139,78.1334,89.9901,308.0569,281.9044,301.9616,35.0367,58.038,206.774,82.6572,268.6358,312.9377,202.752,7.42415,183.062,9.12777,104.582,61.8062,82.3839,204.166,103.604,176.802,201.612,140.188,178.442,19.457,71.5851,266.4323,178.487
920,285.9792,320.4516,198.931,216.239,64.5445,190.446,305.778,61.5086,194.862,83.6627,182.039,326.8617,182.908,278.8401,186.385,167.207,141.699,52.2914,273.7519,64.6064,345.6621,289.1185,320.7472,295.7865,301.0643,328.7246,304.9853,180.217,190.235,165.655,66.0909,197.317,56.7882,292.1117,296.6221,168.962,325.4052,125.57,169.156,298.22249999999997,179.435,276.95529999999997,182.477,37.398,328.8793,247.43,92.6987,72.491,309.8993,70.6614,176.028,158.92,182.685,155.904,162.346,309.0422,190.793,165.344,307.8963,170.753,348.517,342.7264,174.335,90.9346,92.5972,69.56,97.7195,313.1273,308.0135,308.9726,33.0997,47.3855,299.0102,79.5413,295.7993,315.4054,200.504,350.19167,188.284,4.09629,114.737,57.5143,89.1704,168.058,86.2117,197.649,183.265,154.226,182.299,126.278,90.3052,302.9356,162.156
921,292.053,32.439,186.685,188.459,92.5313,195.634,59.0638,72.4424,170.772,88.3966,180.824,293.782,182.316,280.9662,178.0,189.73,62.1117,59.523,292.6597,294.474,307.5777,268.0485,323.1499,301.0605,298.9765,322.1976,289.334,190.387,185.631,170.573,62.904,172.997,53.9924,292.192,298.3335,187.741,37.3178,160.55,336.7104,299.348,174.802,273.4733,178.121,34.7002,333.2198,283.3106,83.0219,63.742,293.1203,46.88,165.456,158.483,171.72,156.308,156.104,281.4962,320.99,160.694,179.23,176.72,355.63339,306.0807,190.201,82.4237,88.9979,75.067,98.5325,326.96569999999997,285.8591,301.2861,38.1997,47.5086,281.7147,51.8262,268.0781,318.6043,191.203,0.99995,187.659,14.4536,103.469,57.7537,84.5807,179.022,84.4193,177.476,161.766,131.007,154.849,186.662,121.16,254.656,173.021
922,289.5672,38.1328,201.149,182.746,66.6913,163.896,307.9283,52.5037,174.039,98.5359,94.0977,323.3975,176.118,224.835,183.564,168.222,64.4549,299.6057,284.05150000000003,295.1011,303.4027,282.0396,319.4393,290.4622,313.3107,323.0592,280.4906,171.402,208.087,156.204,42.6156,184.861,55.9479,298.0551,312.754,169.976,44.6103,156.584,344.8525,303.6218,178.377,268.8947,171.679,33.9254,172.729,296.0168,120.89,69.5226,302.6865,153.168,150.721,178.087,192.087,184.317,165.941,137.284,282.2273,181.798,174.285,74.7299,344.9258,325.6334,315.4301,102.457,119.644,64.6262,76.037,336.6322,297.66179999999997,324.8509,43.8909,48.7446,167.184,73.1543,278.0778,302.6947,177.406,355.70688,192.009,348.5308,116.083,46.5429,87.4863,188.34,107.115,181.635,150.91,124.772,159.705,172.945,83.4555,262.3446,170.193
923,284.8285,33.9553,150.406,198.569,87.7112,150.901,322.9877,80.309,302.2401,105.685,214.672,53.0333,180.215,188.328,199.758,189.783,46.9675,308.6155,295.2569,195.242,285.6643,277.2351,322.6413,314.4645,289.9193,321.5784,306.5666,186.383,193.602,164.228,53.5268,191.338,66.2963,288.5843,316.6921,174.282,332.1548,159.706,172.297,292.1257,176.975,262.9185,177.35,33.2187,171.525,270.856,93.595,60.1559,303.32439999999997,55.5027,170.403,272.0323,155.274,296.0888,185.852,159.496,203.61,165.512,195.105,184.507,340.9051,100.728,323.5606,94.6524,99.8983,80.2113,90.6337,321.5762,278.8218,271.3576,40.0518,57.8107,68.6877,64.2628,303.3974,317.2375,196.672,348.2244,178.058,33.0383,111.204,52.53,102.128,208.022,83.7641,186.798,160.482,141.519,176.691,179.149,92.4663,301.9188,158.894
924,286.7503,39.3749,182.667,171.417,90.8575,172.323,326.66859999999997,75.48,185.024,69.3845,90.6328,196.442,178.389,261.7407,181.735,319.022,63.6412,298.3804,288.8285,261.9232,288.4291,246.257,322.146,305.7986,317.6477,342.818,296.4669,97.4398,185.56,181.926,76.8395,189.401,55.9534,290.7315,301.728,166.975,29.2462,173.717,178.24,296.1456,170.316,266.6033,184.979,40.3469,150.197,282.3453,106.196,74.4095,284.2115,60.1813,172.229,183.67,166.916,302.3063,175.08,180.049,273.703,39.2564,186.054,178.889,350.92919,358.59736,318.7383,99.3501,98.6691,67.2545,103.839,317.1739,283.7171,295.4877,29.7046,63.808,271.2606,75.0525,166.442,308.79449999999997,189.257,350.44703,188.572,17.1252,109.327,67.3778,95.3551,201.312,86.0718,303.2704,168.856,134.653,152.184,178.349,80.5425,256.781,177.554
925,286.3071,42.3461,185.448,190.571,79.9117,173.705,335.0648,60.7662,207.309,85.7601,174.32,178.012,169.937,68.3076,179.173,172.255,40.4798,298.0696,291.3734,272.2797,60.6077,286.551,315.2913,303.70709999999997,300.6809,28.8285,290.3165,174.883,163.464,182.52,63.855,179.073,57.2639,292.5098,308.8342,169.787,325.8177,160.799,153.813,292.1636,173.03,262.0618,186.498,36.0896,331.769,295.6875,8.85904,59.2061,312.1514,49.9478,148.706,170.873,146.827,311.2787,174.548,155.313,294.8368,77.8618,278.7049,181.771,254.84,91.3737,318.7069,103.333,81.4473,131.016,92.3815,353.36314,278.2518,306.654,37.0555,74.1306,325.2964,62.5429,303.4053,302.5673,199.012,191.577,182.417,334.8663,112.771,64.3946,92.8285,183.267,101.585,53.2099,164.446,124.215,163.64,278.9429,63.1409,287.1706,167.394
926,281.13009999999997,40.313,161.153,176.049,70.7656,185.645,302.0941,61.5629,202.859,88.4559,177.265,173.52,190.586,199.881,175.907,170.264,63.1888,310.2418,298.7697,173.167,296.4431,279.2349,329.8273,296.97270000000003,308.7811,40.1541,314.8927,175.194,199.86,179.488,76.8684,177.318,53.0088,279.1764,159.596,165.087,26.7618,155.945,169.281,310.23109999999997,155.624,268.043,187.903,28.9267,358.34361,300.30989999999997,342.7922,56.182,174.676,61.8116,150.446,187.143,67.6099,155.701,165.838,168.685,178.617,36.2304,59.9295,157.824,261.2983,111.159,285.8789,84.1569,88.2128,155.216,74.5992,336.1974,290.99379999999996,308.8242,40.7619,55.3106,304.4673,83.0186,188.068,311.1281,176.123,175.135,183.164,356.01522,111.678,61.1148,86.3329,172.996,90.6105,300.4385,179.933,176.104,153.306,296.0175,76.5156,259.788,173.015
927,299.442,328.823,193.791,176.019,85.5701,175.388,303.6848,65.8826,195.437,94.4662,155.979,156.259,185.257,172.623,177.486,319.6384,62.6701,309.5347,307.8822,176.743,319.9381,290.0456,329.263,292.97249999999997,301.0476,326.1191,291.1256,163.355,162.771,173.508,50.6507,169.583,59.3748,286.08889999999997,167.964,188.782,331.2541,164.296,111.457,291.7745,177.761,265.9208,183.775,18.4188,340.258,255.051,1.23108,86.3098,304.3264,48.1995,181.701,159.767,168.128,163.655,198.216,167.105,302.6663,48.7746,56.872,163.778,12.8546,320.5044,304.5125,89.0519,97.5154,159.93,95.3405,283.6624,302.3455,294.6382,47.8426,69.3934,166.5,52.432,75.8617,315.38689999999997,160.578,174.021,175.239,348.6939,115.005,62.1635,87.132,173.953,88.8104,280.9028,186.302,115.12,159.366,118.752,88.0633,271.5548,164.915
928,301.3641,25.3378,196.026,290.8371,100.806,186.993,298.5162,69.0772,200.675,69.0326,89.0749,327.2213,177.592,266.2978,172.094,270.2051,71.6584,307.3036,300.1893,191.612,291.922,259.201,333.5313,295.1162,297.7293,332.9301,303.3277,177.261,179.622,173.219,81.8744,190.983,51.619,277.4374,303.6914,169.86,36.0551,160.84,164.772,277.2768,160.512,280.2255,164.526,47.16,8.76724,280.9828,16.7589,86.7725,297.7521,58.5812,160.597,163.029,140.243,148.751,163.622,176.543,180.178,48.9686,299.6779,76.5049,265.3818,117.512,295.0845,89.7026,102.945,75.072,95.9627,333.4896,263.9943,306.6836,34.201,64.9017,163.218,62.6356,184.911,314.0934,177.77,1.7657,188.036,3.31161,112.764,59.6591,84.5355,209.656,90.3865,305.7481,198.275,159.746,167.388,195.614,89.5603,256.985,168.181
929,284.4143,45.6176,274.6387,322.7442,87.207,157.742,308.8736,71.3557,295.4661,92.9929,162.805,170.756,186.967,197.306,180.729,166.286,76.7705,289.188,309.0709,183.229,324.47,293.2328,331.4963,289.9871,317.1019,7.16209,279.9175,179.764,189.589,185.437,77.0212,188.249,65.0433,180.489,299.8861,175.342,325.5255,152.703,126.308,299.1865,168.952,275.8872,180.053,32.7936,10.1645,261.7387,321.5609,82.1732,305.3271,98.5139,156.9,172.96,173.09,162.727,171.952,160.167,287.7299,55.3731,317.345,58.6966,280.4563,119.51,57.2254,88.1831,103.553,52.177,176.175,342.3371,252.562,297.4312,28.6017,177.778,188.854,60.6729,294.3413,316.4128,192.554,3.31358,182.363,353.7782,110.689,47.2477,97.1885,198.066,110.379,328.098,196.3,99.191,158.517,26.1874,101.656,291.06,172.603
930,296.5183,340.3646,181.841,291.9924,70.77,182.406,311.9901,54.4262,288.2888,68.7674,200.548,179.582,181.216,169.783,194.649,170.317,73.111,309.6255,294.9192,187.627,309.6906,270.86490000000003,34.3542,327.2664,298.6491,330.6292,299.188,171.249,172.053,180.478,47.544,177.698,64.8982,203.971,322.3757,169.616,37.5814,165.394,349.8836,296.2835,159.597,267.6494,170.498,35.065,350.93313,250.781,309.59000000000003,59.1084,290.9022,60.8853,191.915,182.757,145.174,169.779,168.626,177.713,295.312,51.8242,171.527,56.6663,269.9155,18.2172,325.1998,93.7968,102.855,50.4368,60.7159,318.3073,64.6866,300.9978,34.7024,58.6642,308.4194,51.9873,272.1311,310.6973,204.065,6.25329,214.09,17.7079,102.351,58.485,83.358,182.718,95.219,305.1258,175.823,152.424,190.396,30.3869,109.66,297.0325,178.168
931,288.5633,333.5932,307.5526,269.9199,55.7403,171.019,325.4149,69.6109,291.3372,102.596,183.636,185.416,175.402,149.72,168.671,187.973,177.656,298.9769,328.807,190.21,173.17,279.5949,319.4697,315.3851,305.2655,335.642,302.41949999999997,179.604,188.362,165.018,63.3787,181.349,53.0541,203.854,198.965,175.438,36.8323,174.628,321.7779,297.8211,173.256,264.76390000000004,175.802,42.7078,170.802,261.532,16.9834,60.2604,293.8443,53.0375,158.258,185.972,164.921,153.817,171.655,151.828,300.1963,38.9566,177.922,59.6353,287.8615,13.7593,314.5336,94.5331,98.2441,60.0858,89.5478,6.85894,60.0143,285.8369,36.4627,74.1711,293.73,65.5512,287.1044,302.1284,194.693,2.9689,300.1871,357.84659,114.698,91.7431,85.4502,174.458,73.3252,319.241,205.933,123.54,172.793,5.82709,76.8439,98.7108,171.801
932,297.9608,328.769,174.195,314.29290000000003,48.2594,188.948,320.7671,156.18,286.02750000000003,59.9452,89.5909,193.42,188.401,161.073,155.707,154.467,157.462,292.5557,304.7613,170.81,164.649,279.2303,329.9403,299.7716,302.2602,329.4828,306.9983,179.926,200.317,202.181,84.4093,188.062,43.2507,290.7158,314.885,184.757,335.4637,129.327,153.212,314.1539,182.283,273.1181,183.674,49.6519,354.59039,296.2507,313.9404,56.3184,308.91949999999997,61.1786,153.071,174.623,306.4003,315.6703,173.42,166.946,280.4209,40.0905,282.3121,73.5761,254.19,99.6699,312.8106,84.8397,99.5923,104.382,112.252,341.12239999999997,41.4609,295.1673,7.86675,48.2885,299.0149,50.0724,285.2794,307.3296,187.1,33.1618,306.3131,30.473,143.987,63.1407,104.069,190.727,89.1363,177.716,196.215,335.1815,159.747,349.5365,99.3457,274.5559,173.368
933,301.926,320.7631,211.57,310.4864,54.6824,193.694,300.9993,156.026,291.9996,81.8429,179.955,175.9,182.979,162.315,188.221,163.982,131.816,60.0917,284.971,163.001,311.76,283.4332,41.9,192.421,303.8446,323.9789,291.0084,172.291,192.911,164.327,77.0616,201.451,51.909,286.5689,315.5611,186.945,318.8426,162.452,171.949,288.0831,190.925,266.7096,144.395,38.792,337.3687,283.56100000000004,3.38002,64.5937,305.1125,47.6275,148.997,171.966,167.169,297.3689,166.633,294.8327,219.785,182.972,165.761,40.0737,262.5439,298.3748,318.6562,86.9283,120.856,137.226,98.511,304.2229,89.0296,301.6366,38.368,158.667,167.532,61.2997,326.1165,319.3046,179.905,337.5278,190.281,353.10742,114.471,59.1953,84.323,158.547,89.5776,192.723,156.441,350.90231,144.239,137.985,93.039,288.9172,172.609
934,289.7943,34.6908,152.599,285.74670000000003,78.9316,185.304,318.2074,150.303,299.3281,54.8767,183.839,294.3031,187.275,279.9193,191.223,168.283,45.815,52.8832,293.2085,167.257,292.0938,273.201,323.2836,315.9643,322.165,323.8952,298.4213,198.04,178.319,169.188,41.2356,202.296,73.3243,308.6402,314.3087,170.491,37.1315,177.396,189.453,318.5622,191.277,262.5039,152.402,44.3582,339.131,257.794,352.2113,60.4595,287.3754,49.6842,151.732,164.331,163.334,298.7607,161.173,165.179,278.7268,34.8626,156.675,61.7888,262.4344,100.286,315.2815,88.4847,120.171,83.3722,106.728,358.81833,67.4329,280.7529,30.2956,59.6731,289.1827,49.279,230.063,316.3765,185.704,172.877,186.953,358.25924,143.754,73.127,86.2814,177.251,91.7809,210.039,182.945,325.3891,188.969,145.201,93.8872,258.062,162.751
935,288.1465,36.9023,164.285,298.0095,54.7414,158.35,306.1627,172.142,293.98109999999997,79.4062,177.655,293.1696,184.593,281.8326,170.921,165.326,70.7055,284.0064,299.5983,167.821,301.1049,266.8479,318.3145,296.6321,301.8556,330.123,300.2977,199.763,164.212,173.62,76.5405,177.715,57.8509,295.347,311.1657,53.9629,35.611,178.152,140.035,282.3849,192.86,267.5073,177.206,29.8267,332.9637,266.74670000000003,359.717732,85.4499,292.6311,71.9511,171.319,180.639,294.9577,303.4182,168.179,152.931,303.86469999999997,49.8287,294.59159999999997,79.2304,275.2568,80.7914,302.2023,80.2183,84.8323,145.693,168.984,316.8816,284.1767,295.1476,40.5477,70.8897,306.6508,54.2328,188.334,311.1399,182.948,349.1903,171.384,343.2805,125.733,68.3299,103.373,179.876,88.0209,194.336,192.844,295.1948,35.7686,10.5429,108.829,280.5107,169.228
936,291.6855,33.2949,282.5464,293.0505,57.9445,242.697,301.6515,166.641,296.3159,100.196,167.363,292.3506,181.729,164.685,170.849,182.148,67.091,284.1297,289.57,177.36,318.7403,277.449,312.5295,170.703,297.0402,317.03,309.8707,180.982,186.888,153.126,42.2399,166.729,65.9785,175.622,191.148,67.0884,33.9387,172.94,167.311,287.63030000000003,192.46,257.05899999999997,162.177,46.7723,359.712486,301.9219,346.9314,57.9751,313.3229,65.8312,168.874,156.605,150.303,312.0483,188.678,165.573,303.8212,180.463,293.8618,178.049,11.9845,67.6316,316.8366,84.563,97.5478,167.521,190.496,335.8025,261.9225,289.5582,41.2165,61.0252,306.4095,53.788,85.8757,308.0566,192.093,306.77049999999997,185.855,337.3313,123.809,56.8989,85.8313,161.401,94.2297,313.2563,172.942,322.4975,330.1092,25.6598,82.79,261.4758,156.769
937,298.7986,41.3322,207.727,288.3393,58.3005,183.165,312.0061,162.141,274.0914,84.8207,187.667,323.0192,197.279,302.8285,169.88,175.484,54.094,68.3959,292.48199999999997,266.425,325.0125,265.27930000000003,319.179,178.037,296.7082,334.8366,303.2053,178.763,181.678,163.685,68.527,181.699,57.5478,216.845,307.8393,65.1854,39.7303,164.393,158.585,300.9794,204.26,262.2416,160.546,39.0527,328.6949,256.304,304.0306,47.4295,286.7923,65.3043,182.409,154.928,145.477,306.8488,171.276,197.957,300.2844,170.531,193.984,170.217,16.4205,251.267,307.0704,85.1319,103.085,181.936,97.0049,322.5877,284.1573,310.3004,39.9196,74.9271,278.4702,89.1413,180.116,316.1072,185.202,346.5705,178.856,17.8452,127.717,64.5152,77.8375,189.707,106.387,187.968,180.018,182.466,327.9885,137.46,89.3157,278.8986,72.9919
938,294.7277,35.511,278.8729,297.43489999999997,47.0031,195.973,295.0652,159.561,303.491,70.2922,166.566,287.15840000000003,185.346,203.595,181.617,174.58,69.2664,304.0307,301.247,287.7661,304.287,284.9832,322.936,177.811,289.8288,324.628,299.2043,169.261,179.416,156.532,81.4637,164.811,59.9078,168.076,305.6825,67.5435,336.3842,169.686,168.699,294.2969,207.666,277.7369,172.373,30.9628,35.8616,267.976,16.6827,51.3861,296.4867,79.1244,166.29,176.369,165.419,167.056,178.004,158.859,197.743,165.415,186.558,168.796,26.2299,326.4837,314.5963,86.2452,97.6436,61.6031,178.981,343.9894,229.384,302.9937,41.1571,80.1161,330.6842,54.1456,300.6571,307.78499999999997,191.284,11.6157,298.1135,15.0564,109.806,60.2545,79.9226,178.74,89.7704,87.1921,178.509,261.5022,331.6141,30.3294,79.4523,294.5006,55.5022
939,298.7777,27.6634,181.863,296.5827,67.8475,164.288,293.746,170.253,294.9166,67.1398,188.225,292.0283,189.133,177.566,163.155,187.02,78.0414,303.1246,293.2645,170.345,190.282,292.7744,320.9056,199.236,305.2371,339.0202,290.31690000000003,177.945,185.661,172.948,45.2771,193.941,50.4164,177.014,287.4991,61.3563,35.2427,174.099,131.783,296.3672,196.429,237.411,172.232,40.0369,307.2964,271.5738,351.91165,71.4739,291.5127,134.467,159.231,173.211,178.332,63.0412,165.158,183.161,293.5132,159.432,271.7521,69.0208,355.2568,355.577,311.6046,89.7911,87.2221,53.7775,172.387,312.8213,286.0625,299.3015,29.1026,56.2747,281.7161,71.4176,198.181,316.0259,170.764,185.364,177.222,356.31357,116.555,65.1148,88.2102,176.603,93.3671,327.6738,181.682,275.7661,353.39003,311.5167,85.7019,281.1563,52.0509
940,294.2038,23.7899,203.092,75.7104,84.8581,182.977,289.8907,176.769,310.5187,62.9383,179.267,323.7479,191.153,281.661,191.97,182.858,155.655,180.086,318.9707,209.219,295.3273,295.1988,321.04970000000003,292.7314,204.856,338.7319,178.74,167.434,180.249,182.164,81.5809,286.5973,50.9989,178.251,45.0915,62.1954,41.9511,159.203,154.735,288.35609999999997,166.45,267.7405,157.568,41.9763,160.499,281.6733,326.4115,67.3267,342.8269,65.9648,145.366,199.645,149.682,299.7672,177.031,199.045,296.7556,156.324,328.5102,274.4271,289.57349999999997,13.8531,46.7353,110.649,105.509,60.2167,181.859,335.3588,267.6151,179.502,48.243,47.5021,276.1897,64.0901,183.378,315.0754,195.395,183.068,203.619,5.65442,120.698,69.9888,90.2523,174.555,104.893,300.8371,174.697,237.917,351.62161,324.0209,100.506,287.1588,45.3627
941,307.1171,41.6424,276.87170000000003,272.5252,72.4253,193.941,45.766,155.9,284.83320000000003,48.3809,203.229,187.618,177.401,306.0097,161.088,160.908,150.377,65.1211,291.815,156.737,336.1076,275.8605,321.0403,183.96,308.1996,322.4059,195.232,206.388,197.881,167.29,56.4697,165.628,52.7984,170.864,292.8116,80.9099,33.0369,171.688,308.789,303.5401,183.615,264.3464,159.192,42.9478,184.043,283.2839,280.7103,90.7253,313.5472,53.957,155.941,180.005,157.114,298.81600000000003,156.236,191.629,288.9543,163.471,293.9154,68.2512,349.0156,332.555,312.3956,56.0858,94.501,55.7525,107.54,336.2931,302.2399,271.2435,39.4934,54.0953,210.417,68.7884,292.7314,303.8256,185.451,195.857,196.102,356.24144,128.989,51.9886,97.7425,183.035,106.739,198.126,175.0,146.764,10.2887,333.2896,88.4325,257.135,180.952
942,297.9412,28.3803,294.96320000000003,160.217,59.2162,198.254,61.236,158.905,300.58050000000003,71.4518,211.897,168.987,183.374,292.6196,128.821,180.112,48.9897,69.5147,299.8969,211.587,320.2927,273.9212,313.7329,180.095,311.9374,317.6961,303.8902,179.092,172.326,175.939,43.8558,168.88,53.4362,176.001,318.7402,69.3389,41.6797,183.902,339.7299,285.7985,195.56,277.64639999999997,168.962,27.16,176.367,266.0129,338.3614,69.37,188.502,71.2973,112.372,182.355,195.303,301.5475,174.739,195.836,307.9943,163.446,208.822,64.1019,351.05082,234.525,316.141,77.4909,106.567,51.0651,107.384,329.3833,264.1946,282.6376,38.9277,64.6223,177.504,64.5152,186.898,307.2092,193.789,17.4219,195.778,348.405,124.1,53.3835,88.3512,159.421,74.0904,177.102,182.014,183.34,353.68356,320.8895,92.8585,266.77750000000003,168.569
943,295.2423,43.0171,258.479,181.699,87.5462,162.161,54.3878,138.241,307.2496,74.9168,183.75,185.881,182.222,197.34,175.697,167.387,122.593,307.0713,302.53520000000003,193.109,308.7956,271.63710000000003,316.8648,87.5807,295.171,326.4284,289.5602,167.508,191.23,165.135,61.5222,188.499,52.0441,185.414,312.4535,57.2763,33.7835,168.823,328.58389999999997,284.14549999999997,191.438,262.0412,163.678,38.2419,6.77567,267.4975,296.9735,73.664,195.843,49.3155,160.687,166.929,148.529,289.1307,181.36,320.7738,295.216,155.787,72.5856,60.4893,326.12760000000003,359.244974,320.2567,63.5557,90.2046,135.338,81.349,340.0133,267.1895,292.3559,51.5844,44.9038,294.31510000000003,63.0511,187.189,305.1582,182.626,2.03235,166.744,17.2432,116.522,59.2476,82.5968,189.903,90.6081,207.131,174.369,134.469,340.4898,316.5903,87.9309,270.5485,64.1915
944,298.5075,25.886,163.021,198.731,73.1842,181.12,44.307,141.999,315.8882,84.9203,169.244,290.5573,189.022,294.7031,167.93,181.369,70.8298,311.7856,299.1896,205.655,315.3351,287.2066,324.0604,183.235,307.1834,322.03499999999997,298.7429,185.051,195.454,170.707,57.0177,185.127,49.0726,74.2307,287.6434,61.6788,39.2963,159.587,335.0437,290.7454,145.069,262.249,165.792,39.2974,178.746,289.6704,266.14639999999997,69.7768,301.4177,49.8541,162.064,180.383,154.248,314.4499,171.567,307.57529999999997,283.6631,164.609,188.067,165.933,341.6373,358.90467,354.48023,94.155,80.9296,143.716,79.1769,332.9069,285.8756,293.5462,36.7663,69.7171,197.497,55.6592,304.6614,317.9253,188.052,9.62544,189.327,355.21877,119.976,47.4,96.6152,187.987,66.8852,195.704,175.092,139.667,337.7007,323.0087,107.256,271.2787,180.699
945,298.84749999999997,33.6959,179.952,301.2341,76.866,200.618,73.4236,292.89480000000003,310.9933,84.3545,183.547,297.1659,189.513,257.755,201.832,164.069,71.5723,320.1976,291.0493,42.2775,295.4216,288.6216,333.9317,181.894,290.6856,323.3572,317.8464,184.626,188.6,162.879,49.1365,188.874,51.9126,60.0197,182.702,175.274,41.513,169.06,139.633,300.437,181.073,274.5342,181.256,34.0945,168.996,291.3425,282.8129,72.1412,293.2051,67.1018,154.107,172.345,168.943,297.488,165.003,181.403,47.174,171.139,294.4115,173.854,0.293107,358.79047,165.809,61.6518,90.9875,73.9116,82.2809,340.7979,279.91020000000003,298.7274,36.7423,49.6573,224.677,49.59,161.738,301.4144,196.919,194.637,187.623,6.54311,124.573,52.1396,99.8653,201.558,93.2451,187.778,304.3178,128.445,311.16089999999997,2.58138,94.628,221.332,155.081
946,307.784,41.5776,200.09,299.4475,82.9476,192.794,53.3489,177.282,291.9067,56.1009,197.694,323.7501,188.06,270.746,188.401,174.356,55.1226,64.0296,188.522,159.344,334.9778,275.05920000000003,43.5801,201.94,294.3333,329.348,293.5997,195.719,178.111,173.219,55.9531,183.285,62.7908,69.8144,289.4741,185.587,18.931,176.141,339.16949999999997,286.3154,175.839,255.894,81.0364,15.4881,176.973,265.1014,310.0145,47.8456,308.9706,77.1027,155.875,168.164,311.652,298.8261,193.78,287.0887,314.48810000000003,172.591,293.8852,157.872,329.4402,112.167,69.6474,87.7079,105.285,63.613,86.6737,326.3082,300.8706,283.008,29.3378,55.9011,310.7992,58.3696,290.9678,312.5114,197.88,194.83,161.454,354.45291,105.12,54.0206,86.2908,178.205,80.9031,328.0554,167.718,352.65761,355.58377,339.4807,90.8557,290.6631,167.879
947,298.5002,32.9767,172.377,287.2454,60.1485,185.228,69.737,187.115,319.466,55.3141,173.799,315.36220000000003,181.409,178.497,199.797,156.778,49.3374,66.2644,268.7857,183.689,162.388,266.797,321.7744,182.167,312.1392,314.3041,283.8152,182.603,176.938,181.063,73.0472,176.709,305.1645,182.3,320.9268,186.739,33.2754,151.865,337.8293,280.0756,184.638,281.015,70.4286,37.9429,168.351,274.4608,266.3712,54.223,319.4275,57.3979,168.077,165.823,161.802,290.8681,154.128,305.8064,185.29,167.409,309.7865,196.064,280.1271,143.064,311.2824,80.3879,93.9572,139.968,89.1605,334.3031,278.9123,281.962,36.8548,153.768,288.9261,67.401,185.741,307.6935,168.91,176.201,171.576,14.6996,113.668,46.7568,92.5831,200.713,101.351,304.8008,157.827,331.9579,338.4569,190.171,77.4109,263.9152,176.559
948,300.125,314.2197,193.529,300.71320000000003,100.786,171.042,47.9265,292.9021,187.475,67.6246,207.863,290.3431,186.495,172.504,194.151,186.152,48.1589,71.8147,260.4903,169.36,280.6504,244.798,323.3569,185.315,305.7516,336.3672,306.2149,180.016,172.911,172.366,55.0417,206.153,58.1915,189.126,299.5308,177.188,334.5459,177.288,128.184,300.1187,171.039,280.8576,82.0788,33.0239,169.677,288.7318,356.055,74.5713,300.3661,49.0703,308.8992,164.254,182.143,317.9362,189.625,321.5323,57.1131,158.784,292.4809,65.263,22.0119,334.749,324.1026,73.4824,96.1623,60.5752,91.817,312.3337,271.8719,302.6071,32.3676,53.5314,292.8815,39.0755,265.66110000000003,318.5716,180.876,180.548,179.291,358.69419,145.915,59.2909,77.0677,174.218,77.0194,304.21479999999997,176.869,305.88530000000003,350.07963,125.78,83.7414,247.18200000000002,183.727
949,293.0456,30.0229,157.729,293.00419999999997,106.801,167.939,57.6175,273.9504,189.101,74.856,156.767,330.0754,188.993,221.162,194.293,174.561,48.8502,58.8743,255.406,171.621,300.878,297.4033,34.0122,191.071,299.1076,333.207,301.1252,183.236,189.539,180.654,60.0685,192.612,41.3748,197.305,294.2294,177.426,333.3438,166.304,291.7806,304.2548,197.889,258.15999999999997,80.9051,33.3399,161.871,271.9528,337.7073,75.3708,200.496,51.5097,310.0125,199.128,168.397,309.5264,166.781,287.5693,62.8314,54.8618,183.229,79.7196,324.9008,325.2813,313.8984,99.3997,93.3725,140.035,101.473,326.0183,272.0655,301.81,46.5163,57.8584,312.7614,63.7406,158.892,313.8381,183.358,6.676,184.841,15.0475,154.714,35.5345,85.481,202.375,85.6239,298.7887,153.945,332.4848,347.6481,144.501,87.3814,275.2559,178.642
950,293.6251,22.1891,197.288,293.3797,73.8646,189.508,36.9528,295.30129999999997,285.4759,80.1974,178.11,317.3994,191.591,188.252,177.513,173.444,71.8973,70.4565,181.44,190.389,158.86,300.3738,325.5108,194.667,304.8052,321.7646,291.0108,173.42,203.017,171.764,65.8566,162.865,55.5693,178.78,310.6265,169.494,44.9033,170.155,343.4656,293.4911,163.899,265.0493,73.3132,42.6383,178.936,288.6562,276.6819,68.0189,197.883,56.5614,299.0001,193.807,161.528,150.771,167.228,285.9261,60.241,67.187,175.848,54.0802,346.4313,307.8441,319.43489999999997,87.3102,103.796,165.025,105.57,345.8418,252.599,303.4107,35.7869,58.9027,203.297,59.6653,53.7684,318.0125,182.5,187.418,148.943,349.568,132.158,159.29,78.255,168.709,84.4482,191.407,162.731,302.2121,341.3619,140.094,89.9179,272.05150000000003,172.672
951,318.4211,326.8544,197.112,291.6599,88.1171,167.294,58.2298,299.9308,292.2318,69.5975,85.7861,46.0316,187.149,180.021,180.152,168.875,163.109,73.3984,274.08410000000003,189.161,295.9629,282.0851,329.9493,187.839,310.256,320.3059,292.4356,167.229,179.196,166.744,68.6023,168.89,58.9975,170.497,313.639,165.361,25.668,165.216,305.8614,306.8706,169.417,265.4222,58.7249,46.3725,183.323,273.6504,0.850123,55.3521,206.355,62.4749,161.344,191.234,156.5,170.239,176.439,318.1932,56.0779,65.8037,178.672,50.3651,321.30060000000003,116.101,312.5361,57.3976,73.3785,74.858,94.155,329.2485,353.04775,293.44259999999997,29.9236,68.0696,275.7202,51.0946,173.506,309.2434,182.96,160.796,168.866,7.83921,117.74,38.3205,89.2416,174.542,85.8844,45.3995,188.904,191.641,339.9056,315.4981,79.5869,198.906,176.413
952,282.2188,27.9659,175.231,294.27070000000003,83.4446,165.63,46.5756,308.57439999999997,296.0086,89.63,178.724,189.689,186.488,178.735,174.17,155.735,69.7916,51.0717,275.0347,208.95,286.2961,276.0629,330.2511,189.021,297.47249999999997,332.0669,294.3009,168.703,178.293,176.221,67.9268,147.092,43.7827,178.948,294.3197,163.549,44.4664,172.064,150.377,293.7656,182.525,241.39100000000002,62.2179,43.55,171.392,289.3635,2.7134,56.3125,173.135,55.6548,147.815,203.312,153.104,164.749,156.548,324.2296,65.8603,52.9098,79.8081,71.837,341.8198,120.617,298.3597,93.7946,116.665,112.39,95.8076,334.2517,87.1108,291.6195,41.5221,55.9728,280.5964,56.7304,165.626,314.4461,195.8,16.4957,190.665,359.854554,118.662,52.3319,93.7622,168.476,82.2827,65.8393,187.854,143.784,327.7485,160.577,108.207,302.0207,179.181
953,299.0012,31.6303,198.218,294.4729,89.9225,172.456,23.6557,286.9075,196.259,81.4847,233.451,310.9229,183.159,298.1993,174.112,303.0499,64.0709,34.4447,245.337,164.973,182.231,275.50440000000003,320.3439,191.813,296.2901,332.6562,304.1582,162.201,169.637,175.156,76.099,179.71,54.3506,182.463,288.6529,181.315,44.6607,187.756,204.931,289.6914,160.925,249.814,54.3543,37.1951,187.192,281.5327,5.17576,74.1365,170.475,45.8945,173.932,190.874,169.352,167.319,173.482,286.2835,57.2964,47.5386,181.847,66.6736,294.9559,118.588,348.2441,111.712,84.2579,151.029,97.4177,2.37987,282.5222,277.18,37.4107,41.8176,206.249,76.9296,184.724,310.3507,201.87,47.8734,160.914,20.4214,108.222,60.7491,88.9374,197.033,102.834,56.8906,177.03,143.201,1.36528,312.6248,101.394,218.933,175.405
954,308.0901,44.8516,170.534,306.5543,95.7949,158.303,60.6394,290.3127,230.973,81.3092,177.778,23.3572,183.24,274.6493,190.697,189.902,63.2396,60.8356,248.098,291.6487,318.8224,288.6421,315.1519,176.914,307.1283,323.3697,289.1794,175.727,174.177,188.825,63.2403,182.943,47.8398,175.816,311.685,175.617,37.9876,156.052,104.0,294.99559999999997,170.033,248.725,80.7777,38.8667,178.243,288.28319999999997,350.6556,72.9248,182.167,58.8939,154.2,179.528,171.123,172.156,172.053,316.7894,55.2698,53.4769,169.952,67.9018,204.472,106.638,306.7367,82.7032,96.6105,133.705,102.472,325.5909,275.4175,286.1187,36.841,61.6778,289.7598,64.216,297.4222,312.7947,194.096,327.5917,166.761,24.2571,117.108,52.234,86.6011,191.674,83.3149,38.2828,168.569,141.348,336.0236,174.33,86.2262,277.1951,190.936
955,291.6364,326.0059,175.581,300.4691,109.882,174.216,68.9449,279.419,191.961,87.9178,178.998,305.79200000000003,186.701,166.393,173.584,318.4551,139.506,79.0746,275.5056,52.9024,53.6501,294.1218,316.687,191.864,273.2146,321.9321,301.06759999999997,170.796,205.12,159.693,60.6409,192.334,57.6935,174.232,310.9054,171.12,32.3595,183.241,344.5041,315.4449,175.697,271.2956,63.2124,33.1228,166.475,266.8285,9.59211,60.7039,297.7794,48.9088,176.423,163.366,155.913,173.817,167.25,73.9472,64.2372,162.125,186.449,68.5878,336.5062,97.1885,307.77139999999997,89.976,93.0292,58.5788,174.564,306.5985,295.5942,294.151,34.1053,67.2204,98.741,74.1197,298.1798,318.7781,193.348,1.44899,214.687,354.27172,103.323,59.0015,92.3024,204.201,100.77,22.7489,172.795,99.7341,317.105,306.6949,96.2508,274.5613,180.889
956,294.16949999999997,39.3749,175.018,298.1359,97.6634,169.183,54.7423,200.226,198.217,63.3512,164.875,300.4428,190.912,169.137,182.844,174.693,161.991,41.7293,258.938,200.546,302.1171,298.8871,328.9438,301.0802,294.73720000000003,324.7539,277.8549,171.989,199.903,175.237,64.2423,181.725,47.2927,184.601,295.05060000000003,165.649,38.314,156.861,348.085,296.586,163.996,286.9427,47.6288,31.3473,164.405,263.9403,346.3605,65.0031,302.3251,56.4486,175.808,157.112,160.005,145.199,165.373,314.8409,63.6886,63.5184,203.683,63.3453,334.0076,337.9752,299.1894,107.368,92.5723,79.308,98.1069,321.4479,297.6373,295.1924,324.4425,64.2844,110.494,89.6173,280.9424,301.3337,195.773,27.7716,175.265,21.2487,123.969,73.5809,75.1889,196.749,93.7655,289.4413,177.283,140.757,334.4148,155.219,97.8693,307.0182,172.501
957,294.72159999999997,341.9072,176.635,291.6396,88.0388,163.461,62.5731,278.0365,329.1543,98.4859,178.451,18.1142,186.912,161.57,176.757,182.445,85.2596,73.0371,271.7934,256.181,301.7308,268.8972,315.4813,285.83230000000003,306.8328,326.97429999999997,304.7405,199.948,180.224,163.046,75.1824,199.348,59.2443,194.667,297.4594,179.071,42.006,175.084,336.612,176.076,198.151,274.1743,52.521,37.8449,184.16,273.4779,344.9044,68.3642,303.7467,50.3681,159.161,161.027,187.106,312.6187,153.802,294.4675,76.3425,65.2026,180.921,69.5746,128.249,118.179,320.705,76.8706,110.192,138.763,147.9,322.0551,292.0348,293.5366,45.0146,65.5783,290.9241,80.6004,174.355,323.9407,170.51,3.64821,179.845,342.2923,101.503,56.8051,86.2881,183.819,86.2763,153.41,187.688,119.22,345.7066,322.6959,103.174,321.4973,179.446
958,286.339,39.4726,181.942,302.8623,86.5688,190.951,294.044,291.5831,191.108,70.7512,182.903,179.673,180.696,175.152,208.712,156.759,73.147,160.108,272.563,284.51009999999997,273.5367,288.36400000000003,321.4757,287.5292,292.6623,325.5159,303.0397,182.637,177.768,174.246,61.7336,166.483,60.2537,185.678,302.6404,178.266,327.9996,180.456,317.5367,306.0034,183.574,290.5393,62.8284,36.6894,155.846,290.8267,85.8232,59.2478,306.8442,55.9695,158.738,156.413,155.617,302.714,187.015,290.6442,48.6576,169.196,72.1056,169.37,273.3116,290.9901,312.3112,92.1413,110.69,47.9871,176.464,327.2023,252.808,286.02840000000003,41.8027,80.2631,312.5652,84.6353,172.731,319.6384,174.464,12.7288,193.003,351.17989,134.598,72.4898,86.5662,183.432,82.842,302.2366,121.243,106.483,338.844,208.161,95.5127,272.3346,134.291
959,309.9931,29.9779,202.831,301.2788,72.4463,181.809,288.24469999999997,276.23,294.4001,110.384,175.449,160.203,183.421,173.372,184.503,172.434,141.635,73.0043,265.9844,159.496,312.8733,262.1269,330.84929999999997,285.8043,291.6495,328.8819,309.9287,177.87,180.321,181.621,61.3125,201.568,55.5767,203.814,303.6009,183.049,24.0536,165.226,299.1559,310.7063,167.189,264.0317,70.8595,38.3551,168.241,249.083,341.2282,66.8511,277.25,57.981,164.855,182.408,165.436,299.3001,171.725,259.779,55.4102,173.606,31.5152,186.291,358.68512,118.078,306.5997,92.0916,90.691,147.604,90.2231,321.2061,271.9233,299.4609,43.9987,56.3355,183.911,87.3376,191.279,311.8523,185.523,332.2249,180.981,25.4725,113.883,58.4902,91.5846,178.549,84.7672,44.048,186.705,328.4839,329.4252,142.287,95.4161,256.572,161.609
960,88.3122,45.9654,208.394,197.308,81.2897,168.546,292.8191,280.17359999999996,295.1442,106.082,178.749,185.913,182.455,174.571,180.849,176.784,57.9401,57.8009,264.2896,152.199,311.6336,302.5073,24.2819,303.7927,291.8641,338.3557,295.3249,163.819,183.164,173.169,57.5376,92.8023,48.7589,292.714,305.5948,171.022,39.8616,162.486,140.413,297.4815,173.148,260.9908,65.3761,33.2863,169.063,288.9029,349.3037,65.0355,300.8738,51.8823,168.251,169.016,297.2733,311.6272,188.932,274.971,297.3863,203.626,291.625,200.165,334.0918,351.97077,336.454,78.2209,98.8892,120.972,80.942,331.2776,276.3661,293.30809999999997,26.9028,95.1031,281.7101,70.6803,189.817,313.8473,191.273,18.2345,199.669,348.1995,124.156,62.5923,108.532,192.104,79.0768,61.5998,190.522,354.1279,348.7665,183.601,85.8825,190.386,182.302
961,69.167,330.9901,188.661,189.221,87.7205,188.424,64.9267,270.7224,204.564,75.3569,202.369,174.149,184.935,248.18,180.492,322.2835,62.2038,60.5805,254.24200000000002,188.09,295.08119999999997,270.45709999999997,322.1702,199.323,296.1689,326.6004,305.0125,174.557,185.441,191.424,65.2963,136.501,51.4676,163.907,293.2896,188.53,333.1544,56.2162,161.026,309.4275,192.24,273.0105,53.1911,42.4049,162.564,267.8832,354.18878,67.0121,295.2787,149.732,165.018,174.961,148.029,293.32460000000003,179.353,286.9434,171.985,171.324,187.388,183.16,345.6882,341.6445,316.0479,126.739,104.294,54.28,99.2983,353.07059,274.1722,285.4717,35.7375,69.2417,287.5414,89.7883,182.189,308.9383,184.121,356.24319,314.3902,11.7347,122.201,51.8371,97.2626,192.831,92.2237,54.2254,169.404,140.794,339.3828,336.3749,82.9703,275.5888,167.152
962,58.2656,37.4769,176.722,190.175,81.8069,190.114,66.1455,174.253,291.889,68.753,172.948,164.348,189.093,155.052,184.844,195.27,73.4236,63.9548,270.2324,287.4543,281.8896,252.06799999999998,328.9463,197.189,301.448,325.7633,292.5646,109.773,182.006,155.144,71.7946,106.636,47.6076,173.834,301.8812,172.313,32.4159,59.8091,321.6621,282.9453,163.92,261.4596,61.7145,26.8628,193.008,291.7732,303.7274,73.3023,305.9435,112.426,159.589,173.888,171.612,301.168,155.002,299.5052,72.4686,167.777,170.482,173.069,293.7516,246.54399999999998,322.6019,99.7986,98.8225,151.646,101.288,260.3327,285.71,303.9034,35.2833,55.916,292.0248,55.3735,303.5218,311.5217,187.582,10.0417,179.338,10.9278,109.671,75.3187,101.961,185.099,76.5091,52.415,168.525,116.853,349.5739,174.683,79.3469,286.2122,178.423
963,198.841,39.8531,187.167,183.646,81.5103,182.644,43.875,180.609,199.889,71.9865,159.258,189.381,173.883,174.78,181.792,296.4042,159.316,37.325,272.5407,165.221,293.8528,270.7054,333.947,305.2439,305.142,333.1543,306.0156,170.764,175.629,177.765,75.3904,165.918,48.481,199.075,68.7637,154.83,29.0802,40.3442,159.348,294.1921,170.888,286.96389999999997,80.7066,38.286,178.554,267.25440000000003,353.75306,77.5599,184.519,140.004,302.5769,305.25260000000003,197.69,319.2035,172.377,281.95910000000003,182.19,177.989,292.8276,207.493,355.18249,121.743,313.1304,82.8873,88.9293,145.25,84.3108,5.009,253.014,187.84,39.6276,79.8352,206.936,70.3824,310.4639,306.5255,184.227,19.9574,189.201,17.7934,96.7686,55.3965,91.9427,191.447,94.8835,285.3292,202.406,95.9055,2.87918,285.8913,72.0523,300.3887,179.469
964,305.0537,38.2161,184.875,179.563,91.9894,196.523,56.4818,169.594,218.017,74.1831,163.433,186.528,183.637,206.017,160.616,182.445,58.3163,65.4984,263.2702,194.014,302.0642,271.83410000000003,324.18330000000003,286.9772,299.7976,325.4042,288.8184,171.593,195.228,163.389,53.7155,186.087,53.903,166.788,293.66179999999997,161.824,33.3564,65.7654,133.148,290.2883,163.4,267.7049,50.605,37.7577,146.204,53.9286,7.37935,64.9939,247.036,65.923,168.686,183.691,166.708,300.5558,154.387,293.6898,175.661,167.341,186.473,190.294,345.0968,287.1461,307.2691,96.2355,72.3755,144.579,97.0267,8.96373,287.1313,280.3608,34.2115,74.0664,289.8621,70.9199,270.7721,299.6062,180.626,14.8585,197.511,14.0572,124.112,75.1953,79.5314,174.212,92.1238,300.7455,183.602,163.351,345.8674,296.1286,95.8277,241.402,178.228
965,283.8607,37.9267,162.855,183.568,98.2575,186.25,49.5334,185.45,290.05,74.6366,200.722,324.3723,184.687,315.8598,181.267,167.567,55.5508,46.9515,271.34159999999997,294.359,311.12,285.03409999999997,323.3918,189.835,299.2261,325.0007,311.6332,101.577,170.845,180.461,73.0603,166.815,46.8177,144.626,310.8496,178.573,333.5705,64.3419,145.381,292.2532,182.56,258.009,46.3887,36.2981,9.15716,290.9923,358.49791,91.6996,284.9207,166.327,297.4144,183.854,305.4764,288.61469999999997,194.625,316.5715,156.665,164.772,163.197,44.2754,324.0351,341.6246,318.3648,77.3768,90.9239,154.829,98.1198,327.2878,287.50149999999996,287.8198,38.651,72.033,278.1635,76.2691,189.972,312.2364,188.722,197.714,166.472,349.6152,120.925,38.0747,97.6912,192.784,91.1694,303.9615,147.896,157.14,324.0565,15.9185,74.5258,271.7045,56.1649
966,308.1663,41.0716,180.737,195.747,53.7856,186.364,46.2051,184.764,207.468,80.3036,189.398,321.8606,177.931,309.3261,182.884,291.25440000000003,83.6164,73.8913,268.9922,157.442,310.7736,271.54470000000003,336.4019,306.8221,304.5147,329.1278,303.8601,167.028,180.263,171.431,53.9658,178.779,33.6595,305.9483,312.1184,151.316,21.2149,66.3689,304.6773,303.0745,171.673,263.9114,62.0657,33.8093,353.9159,270.5689,10.0024,73.178,174.644,67.2817,190.785,79.0946,307.124,161.008,193.594,332.0698,62.8552,161.508,46.3249,69.655,324.22860000000003,212.456,301.3637,91.5261,78.6488,38.3833,97.4647,326.4389,278.6219,256.07,47.7107,83.2906,286.062,94.1486,272.3294,309.7117,185.987,347.8707,183.971,1.71564,114.674,58.4767,110.302,176.858,88.1958,176.878,190.026,123.24,334.0515,23.7389,96.8144,307.1229,178.778
967,297.63779999999997,43.7575,184.297,174.688,85.3882,184.445,64.9484,182.351,200.113,87.0168,169.569,38.9513,184.652,169.736,191.141,170.987,62.6702,58.5405,265.8949,189.106,31.1326,263.6595,316.1638,296.3487,306.77819999999997,331.7987,311.8761,184.889,176.441,168.269,77.8658,145.563,51.8126,190.231,321.3486,173.029,34.3401,176.353,153.256,60.5279,181.778,256.598,77.4422,33.6919,9.03433,273.545,355.42482,48.8591,204.925,180.904,159.517,83.786,168.172,182.609,166.8,323.5383,74.4697,53.628,187.837,64.9373,316.6039,122.588,290.8428,97.158,103.247,154.532,85.1443,329.9991,313.8629,292.9225,37.3295,162.561,295.0789,77.5611,159.493,308.5919,182.842,207.491,195.639,320.5044,115.646,65.2529,76.1646,181.852,88.4032,176.554,163.716,115.851,328.4378,163.977,98.6366,80.2768,45.3289
968,315.2308,319.4363,297.1217,186.652,79.8673,197.272,313.4127,281.7802,299.3265,75.5373,204.279,178.652,176.698,151.441,176.198,177.668,69.379,47.3941,177.746,78.3347,310.8976,264.2077,326.89300000000003,195.774,297.9043,318.6382,304.1065,187.478,169.209,182.067,71.5831,167.717,56.8723,178.8,68.6515,178.864,339.3875,161.415,141.491,296.40229999999997,175.22,264.58119999999997,67.1592,32.8129,350.20169,260.0736,332.8712,45.3557,303.6777,61.1946,183.684,187.925,150.756,158.082,169.357,302.4246,56.5756,52.5243,297.3764,66.537,253.39100000000002,150.897,298.7083,84.8351,88.9365,69.4946,106.495,351.19344,272.5483,286.8845,42.8503,68.6381,280.8252,69.7353,279.2878,311.252,165.685,189.576,179.936,356.85277,100.197,69.1764,86.0156,176.62,94.2127,201.517,195.381,279.283,334.5407,344.6843,105.938,275.0865,185.912
969,304.3818,36.1156,265.3059,64.9897,72.2442,165.862,46.5336,276.3354,184.42,89.7238,190.294,46.3061,182.05,273.3282,191.901,191.767,140.97,70.4106,273.7547,174.458,296.5248,285.155,326.3133,200.992,295.1663,332.0657,307.1116,173.773,185.302,173.056,49.3191,179.401,35.9539,63.244,313.0673,186.456,30.0145,172.458,330.7045,298.5956,170.135,263.9983,64.2851,42.2202,309.5459,267.9693,335.4067,53.0616,289.7462,68.1866,139.993,172.798,143.562,150.729,166.78,303.034,88.5514,54.84,277.9794,75.086,325.344,287.7115,331.6104,107.139,94.5467,71.7854,95.452,5.03708,246.363,307.5145,44.2376,65.8133,282.4368,55.5051,189.993,305.4231,187.746,178.388,176.408,354.79016,114.008,71.4541,84.4568,195.731,90.2121,50.8822,181.092,322.5501,342.2915,151.794,82.5465,328.0997,174.253
970,300.8505,31.6386,193.415,97.0348,78.9959,196.132,310.88,273.2681,199.704,66.777,187.684,31.6079,180.092,313.7172,181.389,174.318,53.2049,56.2268,261.7659,157.164,49.2667,265.9763,319.8446,189.023,307.3889,331.6017,280.2256,179.598,203.604,170.644,55.233,180.668,47.8875,193.922,151.112,168.407,35.881,170.713,319.3131,291.6719,154.375,282.8947,80.316,39.3686,350.68877,264.0942,5.35149,88.1809,304.2448,73.6017,294.7883,170.969,156.194,165.234,173.613,299.1079,64.3903,58.4976,206.309,63.1708,266.1098,112.259,319.0596,95.474,99.9871,112.298,51.9889,305.6522,299.8723,278.3107,28.99,66.1585,331.5888,81.3849,299.5662,323.9543,192.562,10.4958,153.43,14.6663,123.215,67.1972,84.9476,184.301,88.5873,53.5626,162.649,19.6317,321.2558,121.878,68.7267,299.9618,161.841
971,288.73789999999997,32.7318,204.502,52.3489,78.8198,205.738,305.9931,180.771,170.427,73.8316,159.037,54.1376,173.452,162.609,178.583,172.476,52.9135,51.1208,283.08299999999997,173.186,44.9351,273.1863,329.1004,198.911,298.3251,336.5198,298.273,179.855,188.482,187.354,67.7694,85.8949,51.181,175.41,302.2724,161.014,18.049,166.305,350.21358,277.5485,171.022,257.414,65.1455,34.9984,9.2306,274.1075,286.1607,65.6558,186.615,80.1738,309.8665,184.985,178.445,147.104,172.605,322.1328,60.5592,50.6044,175.646,80.3996,44.272,104.385,310.6003,106.42,123.98,114.473,91.2825,333.6997,293.0424,290.6879,31.113,304.2438,287.9058,72.9669,271.3661,306.9131,166.542,12.1902,172.718,1.76943,115.984,292.6924,100.607,156.077,80.4907,45.1196,208.539,328.8556,339.1293,160.003,111.765,97.5176,162.607
972,286.6487,31.3987,188.684,161.28,67.6606,180.906,299.8076,170.645,292.65819999999997,87.2647,177.244,62.3034,165.657,155.442,213.951,168.409,53.0967,69.2518,258.956,143.963,313.7673,263.26390000000004,322.8579,185.497,295.6622,320.3338,293.7428,194.812,174.477,181.648,58.1789,155.327,53.8586,149.095,315.38689999999997,164.187,29.1511,170.024,155.103,298.6408,180.976,273.3526,70.0126,44.1724,12.9891,283.2937,332.8879,49.4386,194.597,68.9534,306.5864,295.4347,133.781,170.29,158.747,299.4175,71.5314,56.4486,175.918,64.4042,359.46649,351.63603,340.8759,77.6941,76.902,63.67,109.753,312.7688,260.3728,294.4174,31.6983,313.4125,312.3024,58.5287,192.089,303.063,176.112,341.3311,183.899,10.5557,99.782,42.9836,86.5489,162.374,86.4534,177.255,179.146,330.9074,335.4646,131.15,96.7196,190.354,164.729
973,297.81759999999997,34.9911,288.5102,286.5066,93.1992,195.428,314.1181,290.02070000000003,302.2329,75.7664,275.0074,58.692,177.885,147.902,189.968,170.176,50.3469,53.6967,267.8315,196.227,318.9075,275.6751,318.47339999999997,181.794,312.9536,333.6207,295.1535,184.184,184.623,184.202,52.9216,188.541,53.2792,170.068,309.1339,169.831,30.6831,141.272,145.306,281.5165,181.288,281.26869999999997,71.7736,37.5892,357.69447,254.751,4.71262,62.6349,275.7831,71.3929,304.7431,181.699,180.119,157.627,169.84,304.5606,68.2505,68.9792,180.129,81.2591,157.961,327.2716,355.24259,99.8847,82.2958,147.775,97.0429,324.8586,287.3068,279.84839999999997,37.2843,166.124,164.634,41.0211,282.4312,312.9623,176.255,353.62783,167.228,359.514247,153.085,61.0219,93.3277,175.998,96.5334,171.622,188.528,308.8502,328.9122,152.259,80.3615,259.187,53.3474
974,289.1711,34.3566,191.38,306.3542,76.7189,187.733,309.2847,179.157,298.8783,53.5452,176.377,51.2756,187.249,214.122,339.1548,175.465,54.9036,64.1915,266.5686,169.981,292.42650000000003,272.3394,318.2988,186.457,309.036,331.0771,300.4861,183.116,186.826,169.129,59.9105,205.187,60.6217,195.367,288.9229,171.838,37.2319,180.149,303.3526,308.8399,184.456,268.5254,83.0953,38.9826,342.8656,274.2027,326.6155,49.4091,306.90229999999997,166.285,150.37,157.023,64.8438,286.6841,166.218,310.8127,54.9475,63.4043,327.7581,75.2962,9.80652,337.513,291.9021,87.6279,119.636,152.525,85.981,354.94884,278.3373,302.0843,28.0828,57.7852,255.0,55.0459,172.699,312.3958,194.045,313.5098,198.341,349.8429,115.335,57.2619,83.8013,193.234,93.1404,280.31510000000003,174.643,314.75,338.1656,165.288,111.251,299.9495,57.1006
975,188.418,322.4183,145.273,204.342,106.961,187.543,184.87,177.085,209.71,50.1139,173.403,63.4534,182.536,183.838,341.3997,174.053,61.188,62.8692,263.78319999999997,212.015,296.0156,258.90999999999997,324.1911,183.01,289.96569999999997,326.8847,304.5991,202.666,201.934,154.261,72.4164,191.19,62.4942,186.04,301.2579,175.643,321.19259999999997,168.596,324.4538,276.596,181.774,281.1504,76.5781,38.4185,353.26304,278.7777,14.2456,67.4919,181.012,73.2887,304.4111,327.7503,153.811,304.2658,191.649,294.6825,66.6115,168.229,179.515,69.8349,135.35,339.1264,177.721,68.3712,95.9787,76.1797,96.7966,326.1899,298.1013,287.11400000000003,333.4196,50.6009,291.3374,47.6857,206.367,297.2985,188.036,184.864,181.152,335.2633,153.19,60.0248,96.6482,182.402,88.1623,196.138,209.477,329.4363,338.8845,77.7409,93.2672,264.8157,55.3989
976,293.1755,39.5841,75.3292,190.478,76.478,175.142,178.037,170.445,204.513,57.8608,174.694,48.6342,189.033,160.51,170.65,279.3453,54.9082,64.5187,252.998,202.363,308.742,302.7961,317.7373,198.028,289.2072,333.0195,284.4569,171.107,174.075,175.655,75.0475,191.692,52.2386,174.771,297.4463,171.419,335.1894,164.188,33.9357,300.7445,155.724,278.2271,60.2569,34.874,342.5859,274.9646,302.0167,57.6433,179.768,63.4388,316.7999,302.639,191.641,164.89,178.308,312.323,55.881,158.292,162.813,181.937,260.4516,107.63,178.356,80.09,80.3488,63.6696,88.1497,318.9801,289.0608,299.682,45.962,33.9532,286.2736,95.645,302.6018,288.6064,197.224,3.26112,183.645,26.5677,110.174,71.967,87.4063,198.58,100.25,270.7908,187.074,301.8178,327.0648,151.395,96.3553,133.395,173.355
977,291.2799,43.1408,62.864,186.706,91.2511,170.096,167.021,167.346,204.869,76.5316,271.8791,35.4267,180.53,176.858,232.197,295.40049999999997,64.2355,53.3581,270.341,295.9683,315.0979,271.7956,23.4544,174.469,299.4722,323.7715,292.25620000000004,152.805,182.598,177.397,75.9755,177.117,66.038,173.142,304.4286,169.099,328.0923,171.278,158.628,328.5703,198.52,252.99,69.7986,36.6865,334.1475,285.26099999999997,22.135,62.0802,172.72,160.525,318.3519,288.404,173.735,164.77,167.652,306.7469,55.2743,167.671,61.1721,177.237,269.5369,121.131,184.731,94.3733,90.6979,61.6197,172.845,348.5634,274.1413,279.4773,22.5483,50.5502,178.19,72.0678,143.947,308.3914,191.075,192.711,230.953,1.43522,138.123,48.6854,86.9298,178.397,88.7912,183.816,190.226,278.5113,337.7947,349.846,93.027,90.1585,178.618
978,294.4904,36.0002,73.5291,193.638,74.952,185.82,168.568,174.234,206.852,77.5496,191.621,171.147,180.431,275.0428,172.187,184.704,65.7936,58.1224,267.08799999999997,151.593,303.0551,293.0074,331.3249,196.02,289.82550000000003,328.7381,293.924,202.159,202.149,164.33,68.6829,181.213,64.9915,172.73,318.2532,168.636,44.8064,174.747,163.769,297.8274,183.359,261.01120000000003,69.8395,35.7045,350.12323,281.3995,315.7908,81.2377,191.599,134.601,160.07,175.25,152.111,297.4622,172.863,166.072,184.418,175.527,290.6723,162.879,296.911,281.4208,175.585,102.902,96.5583,136.975,93.1961,355.99216,241.378,298.0745,34.7339,73.2585,164.494,92.5608,187.606,304.1818,185.389,188.402,161.484,355.14172,123.108,47.9416,84.4579,173.066,102.32,170.807,168.264,301.7483,323.587,175.898,70.1785,270.0365,186.02
979,290.9986,37.1477,62.5217,182.204,96.9212,187.167,172.068,181.864,194.73,85.5249,161.714,168.585,181.61,262.1212,183.29,163.489,54.8282,41.7013,265.3357,204.183,315.5165,249.84,328.4071,191.039,289.6286,323.5118,296.3594,164.323,201.142,183.957,63.0369,202.488,59.5088,185.462,326.0592,158.982,30.5194,178.167,237.035,290.4526,152.949,278.4374,75.8682,35.5465,328.9847,271.3163,298.7916,67.8772,280.5129,40.2328,309.5188,286.7999,53.6514,305.4189,187.551,163.786,281.0462,168.37,167.727,166.895,346.3472,349.35699999999997,170.293,85.8486,101.141,145.002,66.6397,340.8367,286.6885,283.1272,31.0339,54.6304,178.507,70.4364,197.652,311.4306,164.821,197.776,188.027,352.41916,114.021,46.8079,93.3316,158.421,96.4646,190.419,188.897,327.3182,326.3071,184.624,81.0707,296.4713,169.931
980,293.77070000000003,39.312,53.201,188.625,80.4435,182.98,179.21,163.178,197.38,70.7859,156.546,308.7982,180.801,178.731,190.823,175.737,61.8114,52.2312,276.6832,201.914,296.0011,282.4841,329.82529999999997,182.339,295.8807,331.4001,285.0252,284.8696,195.514,173.311,62.2516,189.687,52.4452,167.218,181.671,158.505,327.5833,141.562,158.47,84.8373,161.387,278.7657,64.2842,43.3747,341.307,268.0577,337.54200000000003,59.9369,162.331,143.645,168.026,182.806,265.9435,295.97429999999997,170.72,161.939,299.1703,149.958,179.145,173.653,192.197,323.8154,64.5152,77.6248,79.3659,115.35,95.8605,340.7125,289.2391,315.6303,31.0741,63.2049,154.466,72.9355,201.523,303.1579,178.344,187.575,174.942,25.9258,123.241,59.8838,97.5675,226.783,98.118,189.685,205.243,288.99,347.8367,174.229,69.41,281.90840000000003,175.832
981,286.08299999999997,319.4966,76.1027,177.922,94.1349,191.451,171.662,170.609,322.3556,94.652,158.184,325.7176,181.18,298.6303,163.184,160.181,65.7748,66.0166,269.663,200.81,308.7903,293.3392,25.102,150.54,304.5785,318.8365,302.1077,296.1919,187.877,171.354,68.8308,178.578,50.1231,162.053,290.7029,82.7235,14.2111,179.46,125.956,82.7823,170.12,269.0074,80.1823,37.4461,18.4241,272.2561,13.8347,57.6271,205.098,42.1509,161.153,185.337,297.2905,178.877,174.581,286.8627,295.7893,175.844,202.244,189.112,335.0587,167.063,189.819,62.0789,87.242,141.759,86.3008,341.7562,269.88689999999997,291.5452,38.0648,66.3188,178.671,65.7101,280.8528,301.4183,194.436,209.118,295.2329,35.7885,140.871,54.4636,74.2347,174.229,75.9417,302.9249,173.248,285.8573,359.783957,31.6509,96.3413,77.4738,75.2051
982,313.223,45.7083,53.4836,189.822,91.8022,191.696,167.686,179.127,196.462,75.0718,179.916,311.7918,192.532,277.58050000000003,172.176,166.281,50.7595,55.5973,275.7264,159.96,287.0797,277.7539,320.7966,185.646,288.9314,32.9314,303.4572,196.286,192.254,178.28,53.4086,175.283,49.6475,199.682,301.2568,72.3547,33.3128,164.157,174.77,92.6317,164.231,278.1862,56.8386,46.1207,17.26,276.4444,294.6017,69.5661,284.2564,66.7925,175.687,180.0,152.434,318.9895,154.871,317.1511,304.7908,164.43,194.138,170.96,288.3338,133.97,170.009,55.2087,114.698,68.5384,99.8023,339.8952,272.0831,305.8119,34.1005,70.726,294.13689999999997,76.1305,168.374,317.9799,157.155,10.5633,174.478,14.7657,130.92,63.1975,87.3818,191.759,96.411,195.189,170.444,324.15,331.5776,336.8479,86.7314,281.39459999999997,174.62
983,295.6434,23.5902,70.2078,183.006,81.1267,199.821,177.504,203.313,174.38,51.4501,155.665,303.5861,184.988,294.7244,186.459,184.649,59.9885,65.4871,263.5881,197.207,190.624,268.7271,323.6047,215.819,309.0944,333.0341,298.6058,182.076,171.067,173.874,73.6215,201.779,58.996,180.562,301.9089,68.1838,30.5248,165.027,172.544,86.2312,168.606,257.478,59.0449,38.2361,347.6006,289.1853,345.8977,45.3215,183.449,63.3304,168.625,190.337,309.0775,170.662,197.017,274.52819999999997,201.462,166.73,300.0147,175.835,101.079,279.0811,182.705,73.6155,107.029,121.431,83.9264,325.8519,263.6728,306.1612,32.9731,62.3856,169.252,45.7826,182.62,314.5739,180.188,9.60643,170.006,335.7754,103.063,63.7761,90.8706,176.444,69.0575,201.185,178.809,288.74469999999997,352.03229,327.4047,93.4534,304.9879,180.02
984,316.1444,342.6453,158.881,183.372,67.2845,182.393,174.901,181.584,183.968,92.0587,185.111,180.058,175.745,171.756,167.522,183.329,69.5501,51.9237,186.857,191.577,164.098,290.8294,47.259,163.628,308.6817,330.32280000000003,305.3223,296.6081,174.258,190.92,61.2424,175.6,58.9293,194.383,310.9858,72.7139,31.4325,180.513,155.6,294.1431,191.609,267.44,71.799,35.383,338.4298,265.9275,1.89028,56.309,185.292,52.825,158.047,176.728,159.422,142.938,180.619,205.07,293.0122,150.725,296.3764,152.285,295.30719999999997,350.92919,181.191,60.081,107.086,49.8748,100.72,358.29224,271.63689999999997,302.8809,37.2461,63.4255,294.3975,53.9935,302.307,296.1828,206.099,306.5393,196.92,354.27631,103.161,51.1456,90.4606,194.912,88.8895,195.802,193.616,297.7626,341.1554,148.157,91.7995,248.596,157.761
985,78.2917,26.597,81.9516,200.698,98.5069,190.518,159.364,176.37,190.489,85.5428,188.372,186.111,177.285,183.394,197.572,294.5166,69.073,75.4962,277.30060000000003,175.453,56.4255,264.5348,322.5735,146.036,311.447,333.1198,305.7236,185.138,170.453,182.163,33.8581,189.741,79.5559,287.9223,300.2802,39.9316,31.6472,138.438,187.7,306.6971,160.455,259.598,70.9063,37.0172,150.559,274.8914,323.4957,56.2742,296.5952,68.402,161.814,185.627,149.977,177.536,166.505,193.743,289.2175,165.471,204.214,69.1665,263.1161,346.0637,160.988,76.2105,87.485,68.6276,172.223,325.4361,267.89459999999997,298.6604,31.7971,69.0962,197.071,73.1886,180.429,306.4698,202.181,190.331,167.484,349.8145,145.192,59.9468,91.2076,226.632,105.577,195.725,195.796,314.3329,350.18257,320.2683,82.1603,271.5526,170.715
986,280.3384,33.6701,102.503,191.128,85.8932,189.235,183.012,163.81,205.704,76.0874,165.232,177.955,188.919,162.756,177.266,191.032,161.576,53.1564,259.339,186.461,51.0184,277.173,322.8889,183.939,311.8633,330.595,294.6992,184.161,195.967,180.38,56.8224,196.489,51.6908,46.0178,305.5259,73.7651,322.7883,156.935,164.299,292.551,198.926,280.4984,77.9774,35.2123,178.983,81.1361,352.22201,65.5239,286.5627,44.0615,110.041,196.233,45.4799,138.532,157.159,62.1117,300.874,165.922,39.3601,167.978,234.85500000000002,7.93418,316.1041,50.0251,97.2446,128.285,93.9138,319.4582,282.9837,295.2646,43.4126,89.4432,287.2299,71.1717,282.2144,305.6023,191.969,148.384,173.574,20.6102,127.221,50.645,84.0425,202.146,107.361,187.944,161.352,261.5621,332.1576,297.9152,87.5368,279.79290000000003,199.17
987,287.707,42.9536,57.51,206.707,80.1674,167.452,164.807,173.285,204.887,94.422,185.471,184.941,191.949,176.319,207.062,185.611,152.806,76.2637,259.057,189.129,158.615,262.791,321.2223,161.842,309.3936,330.0672,305.6463,191.018,166.696,165.441,63.3819,191.249,80.8131,73.1248,321.6795,65.9264,42.1006,172.94,181.798,277.7904,161.415,268.9683,59.4293,34.6854,7.37552,279.0224,12.1202,145.966,286.9975,75.8534,173.438,308.1503,140.71,163.216,182.706,59.4933,314.5643,175.455,49.9357,184.108,249.476,279.6802,321.1165,91.4686,79.0916,90.8964,95.3888,312.2617,274.3285,291.6347,42.2781,47.8647,311.6248,59.5662,171.526,292.9812,179.063,154.731,185.928,345.8132,78.1284,44.4878,89.4401,198.028,73.9945,208.471,72.9053,296.9895,319.6589,16.8883,81.2795,236.126,190.438
988,288.442,43.2027,156.479,197.049,94.5869,193.67,155.095,194.452,187.698,81.1081,176.869,301.5221,187.421,164.866,189.325,169.918,153.698,63.834,264.0614,236.017,165.679,268.0502,323.6928,186.656,315.998,331.6735,300.2809,172.412,197.041,178.343,75.7043,171.462,55.4976,52.8386,334.0661,79.393,37.1261,156.2,151.768,289.8231,182.763,259.67,61.9591,32.1438,350.73816,302.7601,352.05284,70.516,187.618,162.908,176.094,312.664,180.469,293.0146,171.559,68.4193,306.8453,169.776,190.61,50.0914,350.20257,229.23,333.5549,56.5483,106.492,158.627,87.5925,329.0165,287.2201,287.3519,37.0352,61.4046,281.6681,70.9651,176.186,302.93489999999997,165.127,177.27,170.443,41.0146,124.924,42.8243,102.284,167.384,84.5881,175.971,186.217,291.0102,323.6502,32.7807,94.6301,296.2582,62.2402
989,180.312,37.0148,73.8815,173.55,85.4283,170.823,179.802,135.799,186.239,96.8176,162.403,185.256,182.453,155.654,196.129,193.46,53.26,68.6276,269.76980000000003,148.313,309.1307,305.3158,329.1303,176.958,308.8613,336.73,289.4824,208.194,171.023,171.107,95.8543,205.44,70.4055,70.3824,302.782,70.923,39.5035,164.255,278.2658,296.2982,183.831,264.2561,57.4414,40.7969,326.9852,304.0947,0.146012,178.549,183.798,59.4762,161.714,299.1535,316.335,315.15999999999997,175.951,45.8831,191.793,172.605,304.9755,187.122,243.083,284.0401,311.9871,98.435,79.9488,143.665,102.809,319.992,274.3426,298.1337,40.8924,77.8904,189.085,100.434,196.119,313.0884,177.114,180.869,180.41,35.6027,104.014,72.9571,87.3611,167.955,87.2992,284.5627,187.1,248.361,348.3632,122.98,93.4352,283.1999,187.916
990,213.814,327.9502,206.765,203.479,74.3118,188.167,181.644,62.8784,204.232,78.1122,215.221,189.968,183.757,185.812,199.682,139.407,160.004,53.4044,277.086,176.194,172.022,275.5689,41.3555,178.501,294.0642,325.8732,307.6914,169.133,196.523,184.815,70.8169,168.067,72.0553,181.038,176.153,74.1206,43.8297,161.069,140.933,298.9907,181.211,282.8721,60.9917,31.7287,343.4057,317.8053,272.6954,67.3608,295.4825,54.023,165.786,187.534,168.987,306.2233,173.423,55.4098,295.571,162.52,176.815,181.975,88.1567,132.67,189.406,110.075,100.628,142.056,92.8169,320.3737,280.7083,297.94939999999997,336.883,67.1977,281.2656,81.8108,183.519,303.6669,204.249,186.124,175.267,358.0551,128.95,74.8318,98.5001,181.342,81.8816,317.3435,171.64,337.0046,352.79443,325.1047,97.9353,274.058,172.33
991,182.101,30.72,163.445,169.481,95.7805,184.777,200.683,69.7678,184.003,274.3371,72.8863,190.783,175.306,234.164,196.544,185.497,56.8779,68.3155,185.7,166.56,315.7654,293.294,313.6768,181.628,299.9884,328.971,302.5745,182.659,181.759,185.049,88.3988,164.976,57.8278,296.0464,296.416,61.2064,39.6859,153.266,148.828,297.6574,198.801,278.83979999999997,73.1232,28.4992,341.7247,283.5068,358.20329,47.0085,302.4493,66.262,152.242,173.802,175.538,313.7485,175.618,163.282,267.2951,170.599,175.749,166.384,281.1365,97.9884,301.6148,77.4528,99.9223,76.5742,262.0565,313.1039,268.4767,288.5137,45.9929,55.9171,247.159,81.1212,185.417,307.3486,200.671,351.72827,178.776,36.0171,117.835,44.8152,72.8767,196.405,74.0438,189.195,174.688,272.08799999999997,332.3279,176.93,81.4788,186.936,174.642
992,66.3908,41.1811,157.39,181.369,89.2901,187.197,188.901,61.8026,203.666,253.511,155.517,153.998,168.908,191.19,192.966,191.481,45.7489,47.1718,170.691,179.74,305.8941,288.35630000000003,34.5188,182.454,320.1166,335.8007,304.5718,187.807,194.392,190.087,69.5169,192.708,55.8911,300.8411,300.0208,78.9207,33.4414,141.999,145.647,291.319,186.556,276.0041,59.0166,33.6222,0.998529,286.996,333.2677,59.8703,188.519,61.0713,178.075,174.173,156.454,288.4451,171.494,172.201,181.74,163.588,170.895,139.716,291.9347,23.437,312.8454,81.8425,83.0311,136.367,299.9386,321.8328,277.5421,306.9283,35.717,54.108,290.8729,46.5802,191.083,303.3185,195.808,10.9306,301.1307,30.4131,118.614,47.221,103.074,174.795,87.7464,295.4912,78.3524,284.0314,349.8613,144.613,99.6495,257.4,167.542
993,187.099,325.51959999999997,63.3295,180.483,85.9717,181.489,162.036,63.3547,293.7833,253.265,194.602,187.955,186.301,199.676,198.576,156.365,55.9816,50.3198,265.8038,161.435,300.1875,251.872,319.6524,185.675,310.6479,323.655,299.5605,201.286,172.969,173.493,77.5422,205.901,73.4594,305.068,173.582,69.8748,36.255,166.839,166.213,302.2646,207.149,273.1773,54.3893,23.7042,356.03271,274.3421,347.2754,72.8277,190.129,69.2098,170.977,176.083,163.795,304.7652,167.195,156.251,285.8769,157.906,166.7,175.583,107.276,329.2701,54.4833,79.5618,95.9669,132.745,88.4255,300.156,264.0731,320.6967,49.2067,40.4433,303.2961,52.4897,189.807,311.993,172.141,176.688,250.74099999999999,2.47516,154.279,61.249,109.964,171.446,108.973,187.325,181.326,298.3658,318.3408,189.112,84.8281,259.558,187.569
994,205.558,328.8763,148.297,302.7288,97.7069,161.613,179.363,69.0852,175.408,244.382,164.331,152.249,177.544,202.499,186.206,182.407,141.741,65.4752,274.1286,171.681,311.085,278.2175,316.439,202.634,278.3128,331.4344,308.5195,169.273,188.06,170.663,68.4221,187.22,64.8125,294.8958,315.9306,60.9517,43.9504,172.488,137.692,302.3315,190.147,258.339,69.4161,31.7167,337.4922,244.77800000000002,312.3986,70.4915,278.534,62.2334,182.299,182.616,285.51980000000003,161.37,179.1,185.2,170.983,168.757,162.968,168.526,292.8684,329.8747,275.4942,54.463,85.5581,66.3105,95.4688,286.5339,260.9844,281.70889999999997,34.5905,68.1773,291.2738,88.4178,182.117,296.1159,164.893,15.2621,170.55,29.3448,101.025,63.2073,97.8385,195.672,92.8906,180.322,187.41,317.7155,322.8448,100.786,82.4899,298.865,152.086
995,285.8251,325.7563,138.572,296.4455,107.549,167.204,181.742,71.2906,197.907,259.336,156.961,188.617,198.95,309.761,182.499,165.519,67.828,74.4344,259.78700000000003,166.491,305.1761,252.752,321.7043,197.889,295.7762,331.8989,307.52,187.28,175.85,179.127,64.098,170.275,45.62,98.1333,289.4063,51.8469,36.1152,161.84,340.0072,295.4287,165.628,270.8136,63.9406,39.0879,344.4918,262.11990000000003,0.420203,77.1324,315.902,56.8766,91.4557,172.688,172.813,317.8923,202.412,67.455,265.935,167.581,286.8961,172.675,337.5132,354.99059,314.9821,102.432,111.115,130.134,94.8015,313.8077,266.5931,286.7759,36.8857,67.8447,280.4554,65.4496,290.9551,308.5213,174.647,8.09275,267.821,349.3195,109.235,46.2602,97.9049,174.005,86.0165,304.9066,196.025,261.9411,316.9621,105.967,74.4486,284.8798,180.67
996,299.769,48.0598,168.401,189.897,81.9717,194.333,175.772,68.016,295.1694,251.014,94.8887,303.475,181.059,263.2693,173.12,184.918,60.089,54.2275,252.273,178.205,278.1113,296.7101,323.0163,181.485,306.1248,327.0105,320.5785,182.423,178.841,180.422,67.6049,182.305,75.7739,293.9909,326.7446,73.5578,31.162,146.735,177.139,295.1656,189.224,291.165,74.2633,38.0208,342.4787,245.99099999999999,358.49267,59.5117,231.996,69.9278,175.028,184.583,140.98,307.1452,169.28,67.1566,204.512,158.205,164.33,187.915,332.3385,282.36199999999997,194.888,61.7897,106.537,143.623,161.415,10.1864,264.365,286.0591,38.9838,66.1471,219.039,50.4889,189.114,339.6105,183.871,5.3328,265.9142,32.6003,122.49,78.9456,101.931,174.837,85.756,298.3731,176.774,305.5234,327.3529,320.1162,79.8172,283.9992,145.362
997,277.73720000000003,40.4826,183.995,185.504,87.9656,175.617,195.572,63.5118,197.991,240.50900000000001,158.986,282.8129,187.389,278.9311,183.883,300.0783,60.0228,76.9374,250.387,270.6462,273.0478,268.4712,320.4539,181.83,306.0705,36.103,294.1545,171.919,191.299,169.896,85.9426,194.07,62.273,300.6758,300.4769,66.8919,347.958,155.623,338.6217,287.62760000000003,167.367,276.3282,63.7197,26.0208,12.7301,275.7436,317.0073,62.4531,288.5788,50.2086,172.768,167.238,163.962,313.769,166.508,48.9929,288.3443,153.286,182.939,163.975,310.4501,347.558,168.633,72.2284,96.2923,144.687,89.6606,323.4636,260.6893,299.9463,44.8513,70.5936,312.4302,41.4259,172.271,299.9189,185.453,209.922,171.428,348.1648,102.397,50.52,105.543,195.585,102.716,278.0464,178.518,282.85699999999997,313.903,164.496,90.8431,272.201,162.712
998,264.6401,316.9416,185.776,188.706,99.2959,176.618,164.345,57.3486,194.587,236.686,152.901,319.2357,183.4,172.653,209.404,166.752,178.058,56.3228,261.7589,202.067,281.7769,278.5859,333.6219,174.121,312.1326,334.2512,299.2088,194.573,187.79,170.775,66.898,201.94,68.276,296.2644,159.159,54.1524,37.8205,174.986,84.9741,299.47950000000003,181.431,258.622,69.4149,22.0552,188.783,292.5278,0.799962,61.2303,290.3473,63.8103,178.889,197.025,175.802,291.4862,181.134,61.6448,292.1621,154.223,318.6017,163.914,348.5094,314.1327,190.618,81.6584,86.9762,67.5754,86.098,326.7573,245.95600000000002,309.1002,35.2947,72.8497,218.716,45.8143,304.5833,311.199,192.868,182.115,186.857,0.194862,134.578,54.4729,105.102,189.393,64.0739,332.8478,158.214,305.8264,3.22774,34.2666,85.2754,268.115,186.811
999,203.816,36.2618,187.739,198.018,106.291,164.021,165.504,51.4855,193.636,260.2967,174.567,306.7752,188.139,285.2206,176.418,174.582,76.4526,76.0806,249.55599999999998,205.526,355.96113,267.6797,37.0063,172.604,301.6845,331.2746,290.9896,181.611,171.573,167.308,69.3993,177.283,105.277,300.6753,307.3015,61.1585,41.2327,159.098,353.85415,300.9397,203.609,258.214,71.6973,43.2308,170.397,296.2158,334.6882,61.3502,295.4484,57.7388,161.966,174.091,152.924,302.988,179.24,69.2688,323.3842,150.748,281.30039999999997,170.693,15.9925,325.8189,313.8243,87.8883,100.19,146.33,91.0723,310.6603,276.9783,293.9449,32.3126,174.913,154.187,83.9429,300.5546,307.514,194.435,160.407,180.326,2.77471,168.145,56.0094,97.4392,171.789,101.978,313.5139,187.0,324.1204,349.4964,284.2489,94.6997,293.7819,187.118
1000,292.3423,23.1681,182.465,209.084,69.5794,180.813,166.075,62.8139,280.40250000000003,237.161,166.382,283.3258,183.653,232.002,184.443,208.609,52.7289,69.8981,260.0134,205.713,324.6785,267.8802,334.5175,168.589,311.9287,330.591,281.1212,184.322,200.565,159.149,70.1276,195.884,49.8875,296.8783,313.6734,191.219,30.0566,164.559,180.709,291.8544,196.788,270.8524,56.8344,39.578,179.09,279.6343,347.1506,58.7082,228.132,68.7104,168.275,166.609,180.347,294.9103,193.641,56.604,308.4229,167.079,274.3307,166.326,122.873,112.294,185.146,61.1196,90.7687,140.797,77.4578,316.9692,296.6908,297.0451,36.3583,59.5973,297.953,63.5588,202.091,311.5947,197.809,172.203,196.915,16.1137,114.538,63.728,86.1161,191.386,92.863,301.3499,197.502,250.708,337.9046,341.7453,76.3038,165.58,182.138
