,0,1,2,3,4,5,6,7,8,9,10,11,12,13,14,15,16,17,18,19,20,21,22,23,24,25,26,27,28,29,30,31,32,33,34,35,36,37,38,39,40,41,42,43,44,45,46,47,48,49,50,51,52,53,54,55,56,57,58,59,60,61,62,63,64,65,66,67,68,69,70,71,72,73,74,75,76,77,78,79,80,81,82,83,84,85,86,87,88,89,90,91,92,93,94,95,96,97,98,99,100,101,102,103,104,105,106,107,108,109,110,111,112,113,114,115,116,117,118,119,120,121,122,123,124,125
0,0.0,0.020494344692566092,0.08320245021058585,0.09492199596414094,0.030163429759958605,0.02959539429771416,0.023805727795462042,0.005627366910606861,0.01065512648948113,0.018095532959506236,0.016670677400615768,0.014220574191645423,0.0009745419886065539,0.012969003650572802,0.0022456379723618234,0.011018076317318925,0.007683358582869076,0.00793294856769574,0.0,0.0,0.00308703902326602,0.0028613782002750976,0.005152319639735109,0.0052957167639569695,0.003185826629578826,0.003665534162542217,0.003920319971634213,0.005370657704493046,0.025615346879402787,0.04487218757280361,0.016745394863368422,0.0,0.0014027106896042367,0.022890281474788155,0.0,0.018727668105153594,0.020177571402959154,0.04255894953859655,0.0606752408402726,0.03610790659295864,0.06593957609440859,0.028223280977732534,0.0027338452322770842,0.012033323510142708,0.00774614899229619,0.035042547086841215,0.012562187633797836,0.01682896487235739,0.024486801592174583,0.010543500499729203,0.005025204611413719,0.008764504254167253,0.005575982760860534,0.011402391581884521,0.00933416753512126,0.014957497847217631,0.020490528500318902,0.006070421772197417,0.0239534399633408,0.025626535934758287,0.004172161915447039,0.026394222451353436,0.002406241379483241,0.003214748974838654,0.00405894533659755,0.002072188233076595,0.0,0.003196097596490082,0.046605164437648804,0.0016369277620630542,0.009880246368457376,0.01419058304179165,0.016684137330234106,0.012155985384832075,0.07264597529597194,0.024547062609923,0.00902598346748368,0.016335517926986187,0.03299780800664516,0.02177469301653408,0.0,0.005847390764813688,0.0,0.01133135080330793,0.012311481414179072,0.008218209044783728,0.00825806528170893,0.019667300503203766,0.0410684728194752,0.03925088118132617,0.024872449041180102,0.04612428846837519,0.07724843149570665,0.010076223389918407,0.0009959267228398666,0.0063933161062177425,8.421226995952831e-05,0.018339554967025367,0.0,0.004365908725229099,0.005678287608197898,0.015517167207534233,0.008098757510076425,0.0036317236207249197,0.0026193210445998195,0.009471093583013443,0.006953797477694356,0.008414302035377427,0.01847249185319177,0.018913278099664275,0.05320742132015562,0.012930970972136952,0.0027782965817462098,0.04142692786834489,0.008220584661439764,0.01238110214968481,0.010628100164879709,0.047445708735032,0.1074847336503798,0.1041658821479065,0.05326217953393115,0.03867734758584395,0.03599700879574695,0.014204704938968466,0.0023668772520853637,0.010716470103978597
1,0.020494344692566092,0.0,0.02893598995808163,0.0017099335842106274,0.007959793645583395,0.013631261536765865,0.04310874059523019,0.001903410749402232,0.008001105335369286,0.0336104561680848,0.0019673306938271518,0.004830920260064566,0.0,0.009914251623719382,0.03234784208152988,0.017848126872833308,0.009621335343271059,0.0166026342223675,0.006866354101364576,0.0018865158725714683,0.013479697831764734,0.008863508407181411,0.0041489618214753604,0.026806542327396224,0.0027535370112525895,0.006379286467291609,0.010697759664867268,0.0031424479420377833,0.014684110810601173,0.02004308750065893,0.024070618354398887,0.022818672730684525,0.03484158514953925,0.017540643776034662,0.020461552035881778,0.011211858707993107,0.002043973180073314,0.004359343617377045,0.012763020822651553,0.009541183326318597,0.023286675441190664,0.013363719377944158,0.0097440924249267,0.010631984609165092,0.0077590270690528415,0.0131857402322468,0.004606696681522965,0.01985716152870106,0.003961524144134583,0.0005491051629472224,0.00010461963323933084,0.022004739734411197,0.013397867510644071,0.0041489618214753604,0.03089468127815251,0.0029604475319156415,0.019365789974222437,0.02492171649449901,0.003860699569340864,0.009890101519857685,0.001164513563151681,0.021580867644721797,0.01366020529651213,0.0,0.009147381711612952,0.008338560445505338,0.0024017216113828856,0.010827142980170472,0.010337658381468355,0.013123415801728001,0.010257975718258065,0.014670927491143583,0.02321604590271976,0.017013803298293235,0.0029724437900234377,0.024771559845330818,0.001721379164627017,0.0004941632714585814,1.9874892239168423e-05,0.021154847888982593,0.005884326813146023,0.009676378264909764,0.0,0.018534301554371573,0.0167911123088407,0.009170446401511196,0.015619418282541054,0.0007964636237825764,0.009435432265078023,0.027882936283019914,0.027306780661067617,0.03595440149506827,0.051799468713246886,0.0025656201017345433,0.03030616432171573,0.002387413815034937,0.005912783486164437,0.011458935547458554,0.013648582242627065,0.0010888699366856638,0.015980349886940727,0.027602893353090376,0.022324842049226787,0.026788101826341497,0.004063776386772181,0.01397931326789474,0.02349036463399298,0.006798944147667526,0.01681226525809753,0.0,0.006176413215392,0.013197915193865525,0.024752707757871202,0.002556368847091447,0.013920838625134397,0.0026697525125092022,0.015484561271628255,0.04624078374812545,0.0002052694079805605,0.008417747696916078,0.010750728965037936,0.024838415665586748,0.006785511232689139,0.0032907775206542913,0.022036302360100405,0.0023391780949260253
2,0.08320245021058585,0.02893598995808163,0.0,0.09053587280990406,0.2519177280153627,0.26529522580722387,0.012905941253112124,0.00951092069416833,0.008081548177231007,0.020266123808527672,0.0463331369838231,0.033651483469337835,0.009772908723397672,0.009942422395000417,0.0005622119683376749,0.009536969190361434,0.0,0.0,0.0032041521618687216,0.018412666775532698,0.00725552041158515,0.023489015806819127,0.014403448866125492,0.006102449243984707,0.00288221254969043,0.03331384690573647,0.014883280723664741,0.04701553633239437,0.0007421781325468226,1.0392807038477912e-05,0.005970699363232116,0.02123584087605085,0.03870560110523145,0.015777226183557678,0.01323917967713322,0.05231603407606372,0.0017232735649690331,0.01637126530971052,0.19317276428477906,0.4243137252101919,0.07909288426002281,0.07929285545203603,0.008462576606299376,0.04095570957181003,0.027449481382342256,0.10099603650116958,0.02198324236138467,0.03863892042999561,0.05185567991927243,0.01593193679241158,0.035685907948323374,0.03824434841189802,0.0,0.03169963188517039,0.016126784052144353,0.004609805649801331,0.021953380087095884,0.0026404937501087115,0.01949575555591288,0.004404420293268543,0.013071453016288133,0.009492279547156106,0.011467404869884545,0.0,0.0,0.004900816209906959,0.014924725402868442,0.0017490675610930832,0.019655914590227138,0.01726554361006901,0.015554323990222108,0.015334106174490809,0.017650649634097543,0.0014977975900325468,0.058733728005286284,0.017053023090071225,0.04130178657727991,0.01819656569055765,0.01095750423560951,0.010841803218170243,0.004590711873802739,0.02619563167556129,0.005002029012116609,0.02179813350837816,0.0547205199498021,0.028340508550718155,0.016703014740289387,0.14093773966482465,0.21269828127105997,0.7199065498270583,0.09670779972335866,0.37755059261141893,0.33029523499082136,0.01462934411365722,0.010589193722461665,0.033517894098909894,0.011770245025856428,0.0008132726526485987,0.017875294411194575,0.01829038414929044,0.06578778531965421,0.02490135689277589,0.014557866703411672,0.017490437432684105,0.006154204233095162,0.03257929091623626,0.03234847093447016,0.020060439628607412,0.0,0.04886549922756468,0.05922453792814065,0.023358389358303602,0.008863102842844956,0.030714770137577396,0.0458721034326935,0.0529250077990465,0.08103735924123733,0.08372386291844296,0.15387663354610978,0.1650798557987118,0.11232309069552263,0.19868713756157497,0.03196985107307701,0.05824286394067604,0.03450881881469697,0.12410838981622174
3,0.09492199596414094,0.0017099335842106274,0.09053587280990406,0.0,0.14220500905449895,0.08120280106437798,0.03007382524571393,0.03485483339108563,0.03502827791685594,0.024986278664984783,0.023954196754197365,0.034502071989872894,0.0,0.004133296210861511,0.01303897556534879,0.004661937990548058,0.004293892209745986,0.010575744405788134,0.006455716356507292,0.03069010356286369,0.04530589470775106,0.015165925962002154,0.01896046075670618,0.03993899247114704,0.006567491869252199,0.012468185777778515,0.021355271139861593,0.006557885924798199,0.03424478521340219,0.02106505468944121,0.016937582815318465,0.0038008132258100322,0.007503505912554524,0.02409189355212669,0.02605746825142686,0.0016507649844422414,0.012353252239808977,0.017491975843041557,0.040582037111817966,0.05724362512431265,0.015058195168725612,0.02579702938287775,0.007578817782060265,0.026829136064892938,0.01865239307727138,0.017961126871275015,0.029843405674703328,0.012953450869663334,0.024410443985062702,0.018395079541058665,0.016089238278900343,0.019805344275144725,0.02516279446462624,0.024703632877617242,0.016272775664139632,0.04689718206145072,0.013569429980108263,0.0018720393018956032,0.0014622587254037038,0.006111092080281638,0.008549530332050838,0.001983833521577249,0.0052936567542625325,0.0012006976134487115,0.01998717291537722,0.027349660812118537,0.018085735732359005,0.030320469000279803,0.026090187414807137,0.03615957461495203,0.014804595615246776,0.029832954066733648,0.0017966008899894252,0.01830340497153398,0.05724739283962168,0.01871243960636343,0.004393142898354857,0.008907914315812612,0.0316020020188748,0.003467590249158605,0.007839107339669884,0.013820309148640821,0.005115238934854975,0.004199021466127861,0.016240648165923684,0.011031607194672626,0.013089935501830218,0.008748009874337626,0.07386465631929587,0.07524375866749022,0.030709337952881378,0.33306571459118195,0.04480050360939638,0.03361486222763702,0.034910282563633384,0.004872664979599283,0.032222742127766296,0.011500096050676265,0.031435645944094225,0.027636568755589012,0.018416625402833658,0.008106605056633253,0.00037717140287228315,0.008357552299334995,0.0027188048481880363,0.010104479842485763,0.020143143958477227,0.027532303035398473,0.01838177286984676,0.028714873432513853,0.03398469698892193,0.009752783431622088,0.001949706072380169,0.011371484037979237,7.350339521456599e-05,0.05591434648464151,0.030901919743680412,0.04447943531840089,0.05028498571448111,0.04777311065087311,0.06889652821747845,0.06282614951930014,0.049941352152113754,0.02880472615522145,0.006511659474598487,0.044495587454326566
4,0.030163429759958605,0.007959793645583395,0.2519177280153627,0.14220500905449895,0.0,0.23840345724063097,0.01618360630810893,0.0076172866182003226,0.035791310368424145,0.11047586391524453,0.0077899518846909705,0.022616263527814005,0.012955167105561934,0.0016661913201957734,0.010242464968453801,0.008315195914682012,0.003294299919523824,0.016114000240858597,0.001453744072268314,0.018011974173787137,0.025823689072149582,0.0019001397864719198,0.033900018432936135,0.005511827114684734,0.006320690398019048,0.01784957338908377,0.008819534194790696,0.014682285901318176,0.027307902179675558,0.03304726693304336,0.0,0.015401784058700591,0.021059666667959748,0.010035313590574333,0.019955746816279166,0.03323867172262927,0.02145027126964985,0.03971928930999395,0.13388110899678093,0.11082457646836055,0.03885901428893117,0.021995350004579476,0.03589973529658832,0.02736182701275051,0.06633784750150985,0.043736345706353826,0.05109388105277324,0.005463791873260097,0.07144994954989312,0.04782378450644662,0.0001500985298800352,0.0750959600817504,0.01078752507552001,0.02462201628652209,0.022730336706171403,0.015012496490305392,0.023655063293724292,0.0006239310268189383,0.014146878250020138,0.02345521541089818,0.015608851984009003,0.004163786055051708,0.015123090472120555,0.02093314975568821,0.016375063717716107,0.01395163953559364,0.0,0.020259451911333683,0.0013610684730748367,0.0028661357882799896,0.013017281113439453,0.01625843652587924,0.013188350312991603,0.02001435306262419,0.03767782658787859,0.0006211232906793735,0.017688806730193206,0.021965229949587946,0.0309795670236425,0.033691871724300486,0.045089805443389155,0.023257080068019565,0.011030511656575025,0.031024497109705645,0.03217487203922016,0.012656803887665118,0.016636377821278067,0.13095602294127276,0.21350478587465307,0.13611490310552551,0.0589558560330676,0.23668524205886954,0.17767722808616515,0.015304144608564392,0.008076309961638172,0.02690468071656777,0.010352195364577512,0.00742788798795004,0.0,0.002077397546503925,0.02283636210270183,0.015152323079721065,0.03651096141541179,0.022392640941394974,0.0022271833359812703,0.014519415595633097,0.013941525145915564,0.026937030150407503,0.005088426226200669,0.04505908068138321,0.08762030753291561,0.027932417894477563,0.02893885344086564,0.00764003114568244,0.00535775853112327,0.020177707400315138,0.036270558752678886,0.010338134970374946,0.09051916693456702,0.14234119215634386,0.21818672618353208,0.11736087996387,0.0369445726958203,0.04292893232597624,0.10491864115663464,0.050625408802370236
5,0.02959539429771416,0.013631261536765865,0.26529522580722387,0.08120280106437798,0.23840345724063097,0.0,0.0020176767727346405,0.03670389442662764,0.06563056396696741,0.1358578743231974,0.04055238316150742,0.009587849856430105,0.004902475199838508,0.0028759094535403783,0.004257194984939913,0.0018015364189530798,0.0024828377858905214,0.0,0.011466118355105075,0.0324755596407747,0.026519433513735893,0.02817598113238607,0.021146615782607455,0.01790713073450818,0.0059188986936491534,0.08880729666455515,0.028590414225594555,0.008387706400949331,0.003565157655668219,0.0425523749435964,0.0015582048703293438,0.017253691876524663,0.004749239215884433,0.0,0.01619575927509741,0.008629047459681086,0.015007311149099506,0.015959575431029712,0.10323805498912235,0.08642516804685475,0.039927283700825766,0.10858950912600421,0.009339459226954007,0.02667610039885525,0.024723745638259364,0.025697570962796686,0.0017100445841221486,0.05700909776059126,0.14214815740102954,0.06369807603800519,0.0,0.03760655484185215,0.0073315980546446785,0.00831998311865024,0.04057170223661395,0.011457872437425527,0.004691994579642333,0.019631661052331734,0.037948950210263024,0.009934203014342167,0.011770952805903385,0.00790980257859133,0.025810972414842478,0.010111368143774231,0.026415091732809464,0.02464882048536355,0.0017173712829759227,0.009040707114241686,0.0036805792568119222,0.02932996002972719,0.025397449707870497,0.02110975647379445,0.04851889193145439,0.08680859300080963,0.044007919510057725,0.01890184108009777,0.028398200525586757,0.017083839714778882,0.055604417706561826,0.04903653879491175,0.022580438208407872,0.024562799979018956,0.0,0.019551636961074998,0.02172593061299744,0.08623082900307256,0.021202306612509256,0.05860190433105042,0.10192759753498237,0.08026044624566242,0.04977202403613045,0.051202351263062114,0.16223756616823234,0.003883021932421206,0.006750999232012536,0.010932304632275108,0.017878557283064127,0.005557869171526407,0.0,0.035697611044915825,0.00748508897805279,0.021288140801391714,0.04083551094695632,0.0060083856130115675,0.007505263879253295,0.018155767542217895,0.037572703295437104,0.05230015333476713,0.02636938058888266,0.012829862332963673,0.18097218891085445,0.029465132189292937,0.032454552558119173,0.01940986164377978,0.02941668716778018,0.035380434987712824,0.01966186716666726,0.04748243315428147,0.09623490543071009,0.08886623149106404,0.25696336500655087,0.19096664770666158,0.07046802106229223,0.040412433356523204,0.15325245697432335,0.05513340189332902
6,0.023805727795462042,0.04310874059523019,0.012905941253112124,0.03007382524571393,0.01618360630810893,0.0020176767727346405,0.0,0.011129442045296055,0.015863900161353715,0.0299975423694534,0.01317428823571896,0.010763008862009113,0.002007539223606312,0.024662691722630012,0.0,0.004931181887983085,0.009129996184186705,0.0025357731828867056,0.0014559107367562137,0.0,0.0,0.015726379592850885,0.004321502566174793,0.0,0.002403619561902542,0.026025204956409014,0.0,0.011174117398770278,0.009511260887493118,0.006385091087714576,0.009234597250283532,0.01002095047307402,0.00837213868539579,0.005809366985959105,0.0016030234934219388,0.019663873278325927,0.0,0.0061387159729132225,0.0,0.0034783391426300497,0.02663042882996305,0.0,0.014613100792931353,0.008715666058981848,0.0017828660908717955,0.034986823716395346,0.0,0.013846427579835974,0.0,0.00348617005891459,0.011172655596136442,0.007023338579805186,0.010656102360228691,0.004416550151248041,0.009626017906565393,0.05872414519473531,0.008861664023892607,0.0075149724760341235,0.0016646562239346406,0.026538699212220802,0.005121608607038897,0.03512981812445467,0.0222901578677029,0.014906757847306797,0.006563106742962443,0.0,0.013065793165692324,0.0034353613382842557,0.020670787357150402,0.0034218201212715908,0.012458122965914864,0.02402611142082431,0.007719847616693607,0.0,0.0002461264015080188,0.01615889713823428,0.008917323604185344,0.01703961945889355,0.014858294537658998,0.0013503650685981969,0.014097771111422727,0.0,0.0,0.007296052853754682,0.007114846815719843,0.0030834655853654784,0.005322742242731877,0.012466058163202117,1.186855192570129e-05,0.0005722578832209174,0.007622415846791373,0.0,0.003362576532799545,0.0,0.01473121917111015,0.005767845227150262,0.03141352805000781,0.007513836317624562,0.0,0.021757382071609817,0.0,0.0009210007911739284,0.019032472946635782,0.028419699059082527,0.020296370130636142,0.0016198966576025575,0.009929206408258699,0.004746704509077207,0.0024266399002956626,0.0,0.003964658798849225,0.00693793421166022,0.024064588555143047,0.0017112831325502707,0.0343371839732767,0.00140353926767557,0.003596171312652394,0.0226573747007624,0.002045844572045379,0.02652077718251026,0.016180297303887894,0.001785386127197076,0.0073999677659381605,0.046669223028766235,0.03734209689423477,0.0
7,0.005627366910606861,0.001903410749402232,0.00951092069416833,0.03485483339108563,0.0076172866182003226,0.03670389442662764,0.011129442045296055,0.0,0.08791600226341977,0.013370593195000889,0.00040282080280880313,0.02739186361067245,0.001960587453237233,0.009484152727209264,0.002274855517047416,0.0021565380492475318,0.017867972683317537,0.006242704647365729,0.004049204197539491,0.004043749406585716,0.01876978978695053,0.000756205154153966,0.006221443434673588,0.00815066497292421,0.0008135834104729166,0.0015549571429830818,0.008126440641085258,0.0024578955536156,0.0275429968326398,0.006395852192694417,0.008415858031710226,0.007640519223753867,0.00995431774196178,0.0009966654541712129,0.002278541841657968,0.028967212330104183,0.0014786549188858333,0.0373681413415984,0.02270757212434223,0.01784631548714017,0.007925342009589421,0.017450264559502902,0.02780929642342751,0.011227446378328648,0.011573009983826798,0.010362610796447841,0.003828592731643063,0.023538178218606296,0.027905838151303812,0.018497723268355554,0.0016074523847191644,0.010466721540495999,0.003831766665066811,0.000756205154153966,0.010957513976267956,0.00707130984969957,0.007575845407202096,0.0036274795611778436,0.009904472374662443,0.005334552638366921,0.012794681723908337,0.01322912847944676,0.003343057527476115,0.0,0.020289327600926273,0.022731261385963982,0.0,0.015349303619467809,0.004577866369087512,0.0026221945006882244,0.0017263759953341099,0.029255045534433647,0.016139267939444358,0.02938828133773867,0.03941665558507818,0.01136691226539911,0.01293933020208729,0.012398009029779477,0.01218206250606805,0.0030323466244256887,0.006705168330034843,0.017812736325409598,0.0062067403182869685,0.002814106232162364,0.015637205164195717,0.003297652146023136,0.004122605545943064,0.00814747658742224,0.008360191562005369,0.034146715188345424,0.009329027267221556,0.014803882649785775,0.01370418055510385,0.02280415324714919,0.01708287159863269,0.01423907714698167,0.039435594257605025,0.01848680397813473,0.015364710358679291,0.0013506214331767815,0.00852221337138589,0.008028174211224263,0.004284422774644726,0.006706871109136372,0.014359207027771836,0.0275622473481652,0.007782071299137758,0.005708976535894521,0.006631603238131542,0.0029018712880754436,0.007634472865324882,0.0001857846055844055,0.059915387841844546,0.01745353872473451,0.006904589957751865,0.0008535237428148893,0.03656690185000346,0.026844899736688396,0.017208562068466635,0.006945359871513301,0.026653146045647644,0.024696979480141323,0.0007096897407841656,0.01931803603589686,0.001048645430965895,0.005411968090774253
8,0.01065512648948113,0.008001105335369286,0.008081548177231007,0.03502827791685594,0.035791310368424145,0.06563056396696741,0.015863900161353715,0.08791600226341977,0.0,0.11611427835206115,0.022055127162999476,0.005448318712190233,0.0,0.018495770390935366,0.0033883900289365574,0.015053579970851341,0.022022646911047,0.006546715119315143,0.011396611504079737,0.012342609477613243,0.012586127768956006,0.009183332052209052,0.015669799005969282,0.023523000572858305,0.02196296615376882,0.011435009808118119,0.008576813221023792,0.045809189923307805,0.02922435039563268,0.041457425801261875,0.006606406000730803,0.007046338929773982,0.033493693970228486,0.009543538431295195,0.014161362783037205,0.021118722101610136,0.02215751210528141,0.002697681354981342,0.0053996360073824985,0.0228775725062442,0.018199151058359328,0.03475642028302383,0.017173596615096997,0.005978676984962259,0.03391650398565904,0.018009147110555672,0.007842152803405706,0.018790461408407667,0.011457752107899314,0.018317944975559042,0.009869820387591753,0.0032311387733975857,0.009036184141113856,0.013586566925304007,0.008078521531368635,0.026141885209773813,0.0031540146209491373,0.01883734310072653,0.007449533216565992,0.0034876535317808974,0.019236292430834245,0.02153608156946537,0.02495200834563543,0.005363748147334465,0.011624790779060715,0.0033278536543986533,0.0,0.0138838808448564,0.007095646691970527,0.010239267705027592,0.011724006599284843,0.05291122100480007,0.008670743153754216,0.03613670689202677,0.04793537761739127,0.006939881659061399,0.019038299754613887,0.002107742707526993,0.03159071791557228,0.007190831843646155,0.0035535580895081982,0.0070370174043540975,0.00030189305730793224,0.027261634910100946,0.013065608133103668,0.028694533572003522,0.002250627862629318,0.00550818406716744,0.020883944715216617,0.01949898269882964,0.009395284329451834,0.03250648885835681,0.014334315284911156,0.005732865737660249,0.0,0.018078397893694215,0.003416647857985877,0.013310984457357589,0.0,0.025151884301616693,0.009868801201430766,0.023381870905806883,0.022937100357495147,0.01831479961398133,0.001198547836308277,0.007252359199372343,0.004227183662030847,0.026822680994622598,0.0373970934716332,0.013741718314952455,0.0021666576720522166,0.008751474013278752,0.027667177028838252,0.0009984536622177822,0.01061764651947671,0.0004602788190130967,0.006518163513726361,0.01597183098530668,0.002663518551312618,0.02665866386333359,0.015019348010945698,0.027641749149452756,0.007518516445905342,0.00033980923198830487,0.0016962468828376498,0.014497448398042435
9,0.018095532959506236,0.0336104561680848,0.020266123808527672,0.024986278664984783,0.11047586391524453,0.1358578743231974,0.0299975423694534,0.013370593195000889,0.11611427835206115,0.0,0.13528759692060777,0.033219166819449086,0.0036791741087683406,0.0008085074844716203,0.015593995420820581,0.0,0.013693629099117026,0.00256314620462814,0.018315863684554977,0.0025572030011555636,0.026102326746109385,0.003803735595749367,0.014315951540071174,0.0034000453451689147,0.002587109951206049,0.024259327341654126,0.0,0.03140343968689451,0.004817151374117587,0.027676418250743583,0.009554908805424889,0.009533984012993414,0.011272708492832404,0.02305459230082968,0.0,0.0014818036949387305,0.0031012607965433107,0.029894177314780817,0.04695991899056268,0.009146020974485565,0.013241838342954993,0.023069318206092808,0.01868757136609165,0.016687692375807223,0.006851804863097811,0.04975867109611529,0.03923100937235964,0.020074369367908306,0.06489371520763791,0.0041285827960519895,0.012850186468018469,0.04748937433140178,0.005965699481337992,0.0012136899546339544,0.01290408717999678,0.008177968968714505,0.01127292714355123,0.015530603074572028,0.017896089847123736,0.0,0.010914094775301836,0.006571665560388679,0.03247625901071662,0.0,0.010638049771097094,0.022021688980665758,0.011197984579565995,0.005197603716875978,0.011850365807803189,0.014883229680764849,0.036971314765257966,0.022400342520709635,0.00377624578988055,0.02118805829464981,0.027240874076108302,0.008951364367185577,0.003378535254724575,0.0012732141463742863,0.0018089590589773197,0.01402381897757945,0.014535556574800289,0.05557536653408441,0.0003552934712744309,0.05444229095231704,0.003973970436360873,0.006124443877932521,0.03896685027990964,0.021806288766201342,0.01806764333228724,0.015711766332959495,0.012260924512638044,0.029855466899990562,0.0181326140509916,0.00817937057294756,0.004098070614783043,0.007515820733661924,0.005430072543072446,0.038458937482628415,0.005170882595774639,0.004385450600379579,0.0026381048207637773,0.0014756021514951464,0.0040857729553711855,0.031963340887101385,0.015831007265534783,0.0013174793565068714,0.0014721325114224449,0.021588446739412553,0.02497225711418526,0.01127132358441278,0.05171709860083518,0.012836427545063795,0.01198249064567743,0.02371909509343767,0.01584012937310147,0.001646650198240437,0.016830977096296443,0.033575222522394144,0.027016103123235494,0.03343046939603009,0.09558880113001003,0.029229957729978797,0.03687822208493086,0.02580634216002181,0.06726457225458915,0.00700382701077086
10,0.016670677400615768,0.0019673306938271518,0.0463331369838231,0.023954196754197365,0.0077899518846909705,0.04055238316150742,0.01317428823571896,0.00040282080280880313,0.022055127162999476,0.13528759692060777,0.0,0.02674039394592511,0.026833187328786826,0.0006041410195663845,0.018833359626993427,0.0037347742278233207,0.00156104310936077,0.005053440751698096,0.004524983533417857,0.005900662624965272,0.006683043978500401,0.004423342306597127,0.00012018818811664721,0.00588194356000942,2.6522605080887973e-05,0.02205335930306336,0.013853522681003358,0.0016551311592118817,0.0040920954183494935,0.027950106277516398,0.004607187586521654,0.012606861217545184,0.002521492804012499,0.011502178263258965,0.006642311773502484,0.01142986931655585,0.0048267581151409675,0.0024890741027234747,0.022036365811481353,0.017591902948519828,0.007721968554487901,0.013303461863651767,0.028028138113026946,0.012429589740123582,0.024980188674687258,0.004901633010590687,0.007848574299000915,0.0002244284044893184,0.009157837181175764,0.014982584389598992,0.008690961764269785,0.02467382802574546,0.020428669931458362,0.021014569468268133,0.005937331657900311,0.011623613551250796,0.0068860776461601506,0.022517512932359783,0.01835602219123587,0.008073905951190615,0.0004826693383876952,0.013101171040329622,0.01728751319382742,0.005693689596630056,0.010491248678938562,0.009589567270970592,0.007224092926619145,0.004940909537583243,0.03713594441405464,0.039129996102634484,0.02197045392683042,0.012396183150334354,0.0030217738248511775,0.014080565969706901,0.036375443919821816,0.012758479932235998,0.01791815122123821,0.009950914477487468,0.012608073203064807,0.01119358172764504,0.0,0.007849873676896206,0.0,0.011101179245819865,0.021762447567987266,0.024554060970447125,0.037535787956112815,0.004387364913269337,0.02974286329087035,0.002819742452238303,0.020876677958879583,0.04576240634653444,0.005392530885424986,0.002400139970489398,0.0,0.018079420195048677,0.02906840988464458,0.01355074086518634,0.009123117337315072,0.01352203908715054,0.016793461230993123,0.0013957133515796881,0.008310459698674954,0.009680909676287602,0.005248364319402828,0.016526239067742143,0.019662767179353197,0.015738352017654025,0.0,0.0018322560449724069,0.030320742307833767,0.000494972824392622,0.004161799771899273,0.0025193632046865513,0.001617714039439893,0.0062924791559412175,0.02677919400892163,0.016263208632774053,0.02850501606212942,0.07070987455109083,0.014023525206991051,0.00899282159739445,0.028199494945798657,0.037661806076329206,0.014574301353707067,0.018225539978984625
11,0.014220574191645423,0.004830920260064566,0.033651483469337835,0.034502071989872894,0.022616263527814005,0.009587849856430105,0.010763008862009113,0.02739186361067245,0.005448318712190233,0.033219166819449086,0.02674039394592511,0.0,0.020451788739312644,0.01468469350196161,0.047325924328021504,0.003363124558017571,0.014536879141476035,0.00899017421760811,0.021939444092778905,0.0029454458694655556,0.0183863239399339,0.000707890478907643,0.004638029581565625,0.014641935154749316,0.00794058615909162,0.0062263989885782065,0.0,0.002857397617005381,3.3607020673789285e-06,0.008719396996869284,0.0,0.01943531737556066,0.009010183692677507,0.019718092792714127,0.019122619200580414,0.00357006755838283,0.013549288188001298,0.03592103115688146,0.028867013831307273,0.01775363499913927,0.009869797466992177,0.012060838890801001,0.013875915604569336,0.03185224221636018,0.014140001972047306,0.025479638487403297,0.004969056075613788,0.003688177845541358,0.006120076922667285,0.0116319763169774,0.01847562299094928,0.009743171344261045,0.0,0.019178405514016807,0.025290410833335022,0.0013478204429769175,0.014256877563073277,0.016597303197777705,0.025559816646437902,0.009308995911218592,0.02715450185603999,0.0018230142208404373,0.010268896206151727,0.019443713477155865,0.0010210094306529207,0.000853918426116888,0.0,0.009393101415729292,0.0026599228180977366,0.04711818645473505,0.003936060260006911,0.0019220125174749464,0.01751275774547857,0.007690052073015814,0.021272622487264775,0.011959744679909625,0.0015669746708833199,0.004285068019588059,0.010975384778471577,0.01028671709101429,0.0023657619021477975,0.024022742852818187,0.014917694332852666,0.006728871072896454,0.00025942010998716955,0.016662273340846474,0.01637264271513283,0.02428384906540559,0.058646087007181796,0.03193169895678515,0.014798343014547357,0.01106482389645064,0.028777622233294015,0.00033110124835543093,0.022566776837172942,0.020317031387528287,0.01886816471304021,0.028215493726488662,0.008670236135459154,0.023620745213573678,0.002991146503294948,0.0032114251308278615,0.01744462653111385,0.02160596079110335,0.003714620766057848,0.0035483694447102847,0.007048520897507001,0.008198668007093025,0.0,0.01849335625201499,0.01459377708451862,0.010818257234308475,0.007228254634204411,0.022749697514455554,0.010672243653330615,0.008282631825927008,0.009531463569099367,0.023090465199977435,0.016989992668213494,0.015322334115659484,0.014805083128431533,0.013881013646104097,0.010569075385961517,0.03042977921817099,0.02140363691344111,0.00010954646890982904
12,0.0009745419886065539,0.0,0.009772908723397672,0.0,0.012955167105561934,0.004902475199838508,0.002007539223606312,0.001960587453237233,0.0,0.0036791741087683406,0.026833187328786826,0.020451788739312644,0.0,0.017316939556461353,0.005150659407795337,0.004629765004796515,0.01129699621463116,0.009374782369420869,0.010333118550705086,0.004230879817147572,0.0,1.562702132741213e-05,0.01229772008812036,0.016174086199707578,0.033969645112232306,0.01095408214274601,0.014363955527102153,0.0,0.0,0.004160535713685449,0.010532400953100169,0.015784492618928295,0.0,0.005056886733765872,0.015027631163121728,0.02978960164416249,0.0,0.005918338308564543,0.0006644404756468374,0.0005074113499918993,0.0009577073297011682,0.005546317092004533,0.0,0.005041708007226258,0.02112513674565863,0.026037289592006897,0.016702688154871914,0.029328797491308393,0.002370296788905825,0.030220919002435533,0.021330462046899826,0.0037595099605321532,0.006078828597702721,0.0,0.0,0.014637441312507316,0.006110707341279258,0.0,0.0015669887078165368,0.0,0.005532458201242248,0.013400449735484524,0.0,0.012726340243381654,0.0006290375306635478,0.0036930604107731435,0.018248311891018762,0.028183145720068983,0.0,0.019830639955616708,0.0,0.037290402235321436,0.001479920807050817,0.01707122498747413,0.019982162738486027,0.019891502781198257,0.0026418875545679075,0.00753347708690808,0.0026244845638673884,0.01688290902543052,0.010318745564559815,0.009927995607777056,0.01333884129349596,0.009065498024336142,0.014815155412419113,0.010136452292937087,0.03028130407161974,0.0012431403919427077,0.007579255547868499,0.032793070378680775,0.015472004253519196,0.012018447413585022,0.013084145533325996,0.008107694937618903,0.0003768341503958341,0.012497558183339124,0.005797965003964761,0.018783915972555975,0.0,0.0007366146927552195,0.019468441964372116,0.013324315705457697,0.0,0.014239552339801878,0.012958983658813244,0.016930984522468922,0.013625682328408715,0.005445936805830067,0.001353850523497315,0.008830320363804978,0.0,0.0023923781870196963,0.024058938013147447,0.0,0.0054772080057734224,0.013143143459491686,0.0,0.017479639451389046,0.001487928103637313,0.008263005791665595,0.0014128512709937974,0.005134855705066462,0.00940883314123741,0.028029626890777797,0.0,0.009400420876058227
13,0.012969003650572802,0.009914251623719382,0.009942422395000417,0.004133296210861511,0.0016661913201957734,0.0028759094535403783,0.024662691722630012,0.009484152727209264,0.018495770390935366,0.0008085074844716203,0.0006041410195663845,0.01468469350196161,0.017316939556461353,0.0,0.030708038465806376,0.01345442823149897,0.0,0.01635620912420812,0.0,0.0336812096710133,0.00012018818811664721,0.012830551192326237,0.000387684623142076,0.005403704429575942,0.0022529386163798455,0.010819741435487284,0.00864756944775533,0.009245169137413948,0.010973679720765631,0.008196826293336746,0.002113299736683062,0.007484820041688112,0.0061731985344793865,0.0,0.00797264758395493,0.003994621424277417,0.01146381588578936,0.0024890741027234747,0.030158444316433965,0.007439877050507625,0.036196470318202126,0.007310012275786804,0.004739651470068072,0.0009387134265676771,0.02288268208204153,0.019814664744829274,0.0028036141651530903,0.004405463969477793,0.02072466171420755,0.039988702766204476,0.003713012181787712,0.06361754738470693,0.009578712823863288,0.00012018818811664721,0.0006755519726178501,0.014666475050784498,0.01763621241443909,0.00114954875667013,0.0096080361280163,0.022451656145393382,0.014642169915104959,0.058524211674268904,0.0026740865565773814,0.007363662861123294,0.012830464166743848,0.010372377874086439,0.0011801937964469999,0.0,0.005565673541947458,0.0014053379232166832,0.020387040784110043,0.008935955307849387,0.01530193484918926,0.000949637292141447,0.024277333122775073,0.0043923062537749155,0.012031567307118074,0.018208900899980403,0.013548227129537217,0.017100685049781916,0.0030053870136582967,0.016538462455793268,0.0,0.011733880148013347,0.0016060384061167233,0.024017264761900817,0.013827845208995548,0.006429094615110193,0.023638966824971047,0.030990725186237352,0.015512906221338725,0.006117591321304341,0.025183323741951456,0.011085611781925067,0.016010034600172376,0.02899327301829462,0.0064007142788196645,0.015343422906411825,0.0,0.0020589439265755083,0.0037675341071009266,0.004339845241106119,0.010762684615193144,0.03143672556990623,0.030383426796848623,0.018069053758609854,0.006004245473676028,0.008217416391769358,0.0,0.00963726837454982,0.008706887725536473,0.03310651262932067,0.014019989946174245,0.01418119608235889,0.0005977265572969859,0.0084619134262219,0.0009247815351997353,0.005297281508188008,0.00011305768683989854,0.011154762949769177,0.005859984961269201,0.008719278509021952,0.004508758092803831,0.0030274363597459315,0.0030666366396803497,0.011746487721747731
14,0.0022456379723618234,0.03234784208152988,0.0005622119683376749,0.01303897556534879,0.010242464968453801,0.004257194984939913,0.0,0.002274855517047416,0.0033883900289365574,0.015593995420820581,0.018833359626993427,0.047325924328021504,0.005150659407795337,0.030708038465806376,0.0,0.01991876164195735,0.017843469046966494,0.016863670409525834,0.006483079383843251,0.0012203376936113684,0.0028634825154092904,0.00850037904142693,0.0019072408084442223,0.012440056574639006,0.04527115816244538,0.030586024735887236,0.014472034346241693,0.009512772030687296,0.023906701757500825,0.009609508588520306,0.0,0.0,0.0033925138042764104,0.031449579412647574,0.029655007901533987,0.004742120898681356,0.003251356907101506,0.001489398887748008,0.012280372915121332,0.001389101415748471,0.019663031858912872,0.004012056731036448,0.005377109358228945,0.005455461140917024,0.015153690510131877,0.004611114839081644,0.009831224094956287,0.009882266208224527,0.04015894505574904,0.013767661218616306,0.0048054996765480315,0.003674959031604867,0.050574331274490035,7.192228845717677e-05,0.017128083766514774,0.0072987270188484684,0.03168706682125805,0.001157318519126991,0.002080668702778433,0.0051828961537168615,0.014003608538453293,0.005923621026834662,0.015546374250110946,0.018804065716372918,0.03447446489996352,0.033074185126018917,0.02909479762637665,0.016890586141410195,0.045551737560978654,0.0008409461947283728,0.009279982890703413,0.0003615211335990712,0.020022388626464358,0.02016938951145594,0.0070650598641556605,0.0320438747523717,0.004919836028123668,0.02031671089138274,0.011306355367783981,0.017882846983846117,0.025295960308344835,0.0013829466248711122,0.0,0.000721418360270505,0.021130573873817726,0.00978839275267617,0.0033418759883132158,0.017673318699519613,0.028580529379775864,0.00896115516100786,0.019231139708434607,0.008407525827200365,0.004183951461529671,0.010741236107679004,0.0013494914493246233,0.0,0.00491437565731092,0.018923464100542183,0.0,0.0024246139103799784,0.004571943226501024,0.008636708879511238,0.0012566446287664347,0.013038812472854601,0.0094582770828252,0.011265335493235658,0.002315013276406797,0.009692209800259107,0.013682636867551485,0.039168324354509725,0.02661452886210609,0.0026222153263583447,0.006583841873696494,0.015003592348858782,0.002053075248514559,0.0034620513067780165,0.03208470169523067,0.0004858281207730793,0.003227665141922207,0.01678277901008463,0.02897548574921904,0.0040052187189271275,0.0012913464515759013,0.00441657931960978,0.009961932469965427,0.010273184975602073
15,0.011018076317318925,0.017848126872833308,0.009536969190361434,0.004661937990548058,0.008315195914682012,0.0018015364189530798,0.004931181887983085,0.0021565380492475318,0.015053579970851341,0.0,0.0037347742278233207,0.003363124558017571,0.004629765004796515,0.01345442823149897,0.01991876164195735,0.0,0.0,0.0,0.0023154206730318914,0.015744185353087,0.01841761510377672,0.0205548585164703,0.005333380201724876,0.01368004686638738,0.0,0.0012371803223001684,0.024929816271376526,0.019293495465860802,0.023256985700583637,0.010871418115204238,0.0,0.0037087588511282624,0.025457303475339556,0.002021142580546564,0.0002942660934777756,0.0,0.007470328124096191,0.012344267136432021,0.009938382761662399,0.008912693223425885,0.010464801359306107,0.0,0.0,0.01578746538105667,0.012354018230574188,0.0066792311843463315,0.011970756363534818,0.004904484630822885,0.0019221071855792572,0.0,0.0,0.012191891828208382,0.02068976288221201,0.0012478006071362478,0.0,0.005439168994884711,0.0,0.0,0.020099778570943413,0.008268015540656164,0.007796629455154409,0.004910639426364693,0.0018667219091943223,0.015121093999756465,0.0,0.0,0.0,0.0,0.0,0.0,0.0,0.0035742289745435895,0.018438581613957745,0.023904749645612743,0.009764662292220543,0.020842361537555195,0.006952269801091495,0.014476634407066398,0.011295880351269761,0.024728507261422027,0.0,0.0,0.0,0.012976779046981442,0.001946299837532463,0.006420192370168808,0.004417847946972424,0.014562596868344914,0.0,0.0,0.008170762861281928,0.011367120892822226,0.02390435749540078,0.0,0.003170887698583976,0.004547649106136464,0.009021200180284789,0.015456052760575455,0.011137352053722169,0.0095117100935284,0.01133368604695894,0.002462003288371558,0.004077396207855612,0.016275662414047373,0.01358340061633328,0.0,0.01613318929199622,0.0024576497609687534,0.0024388208367150215,0.0008107671337560406,0.012496542323773365,0.0060828114709327455,0.004679679487377444,0.007702986123186388,0.01015955645150409,0.0,0.008672119271467988,0.0,0.013203271712008626,0.0,0.010157157203372983,0.0018014499950154055,0.0,0.013500888599013067,0.017144387526040392,0.0
16,0.007683358582869076,0.009621335343271059,0.0,0.004293892209745986,0.003294299919523824,0.0024828377858905214,0.009129996184186705,0.017867972683317537,0.022022646911047,0.013693629099117026,0.00156104310936077,0.014536879141476035,0.01129699621463116,0.0,0.017843469046966494,0.0,0.0,0.02065858968655769,0.003777126434804887,0.00493086463229116,0.024923169524435806,0.01981222152650403,0.0,0.0012421456069179515,0.012084101376471706,0.008285883153120557,0.0013829237486195892,0.016808494601019245,0.0,0.0019400167240700896,0.0,0.0007722784328184924,0.0,0.012187455282871153,0.0007879686916785617,0.0,0.0,0.00036699809939195284,0.02333090323139721,0.008995250577587951,0.005225153509043743,0.014833349398699005,0.0,0.005525077129566511,0.03447573920499073,0.0,0.014599781147980252,0.008071219924356046,0.0016795625111533116,0.0017944481073106163,0.004217627268016393,0.0,0.00187224933332852,0.005341553003652207,0.0032517868374648553,0.012214022836824058,0.0,0.02336407028287056,0.005005298777081434,0.0,0.004495421030126384,0.022017757386098694,0.0007077452838772094,0.013480777875052632,0.007849663256028323,0.01154076255081578,0.018995216703828546,0.0,0.018649182873708075,0.034616158297209244,0.009618506354066098,0.0,0.010521359579100399,0.010875714271742366,0.0071868280980605355,0.008363943509395136,0.019572484265579854,0.0032111381378163795,0.006641129361734763,0.005199498609282146,0.008218234104246274,0.002473658458996337,0.0027097131755303757,0.006520078084970269,0.0,0.00947558812997618,0.0,0.006719014957093704,0.005093236424727624,0.0,0.02082467711585043,0.010430969791962005,0.007561223419231163,0.001375005654773506,0.0,0.01205749138179552,0.0,0.0024787245392473714,0.0,0.012763619390898656,0.013845864940344945,0.03302620599257738,0.006133756223687809,0.0035621586260894083,0.006742223170392596,0.008349696676215252,0.0,0.009301903928424397,0.02709641650435194,0.0016255180088908317,0.02289045270954419,0.027537139877742072,0.003005769515713686,0.0006845399869681124,0.008862073414843227,0.0,0.0,0.010573056155145104,0.004251153748561515,0.011343907879528051,0.02662830850828954,0.0012591658583410198,0.007106169843807437,0.015345387994814972,0.011215146670792125,0.01426058610589719
17,0.00793294856769574,0.0166026342223675,0.0,0.010575744405788134,0.016114000240858597,0.0,0.0025357731828867056,0.006242704647365729,0.006546715119315143,0.00256314620462814,0.005053440751698096,0.00899017421760811,0.009374782369420869,0.01635620912420812,0.016863670409525834,0.0,0.02065858968655769,0.0,0.0,0.009759327920752802,0.039610025195585354,0.0,0.009042257434965966,0.03266143902200868,0.03668050630741195,0.011528247381720352,0.03075977841573979,0.01029412084963066,0.005463387458357473,0.008879903677448437,0.013012719784404983,0.011777939179066263,0.007158164889049775,0.007158679359229354,0.015149970749129136,0.0,0.010574403934328203,0.017736254249465917,0.0008531272489187678,0.005023284211493748,0.007846589032455803,0.013754529756425663,0.01906577192926488,0.009957563936285396,0.012363750692980848,0.01366149660144631,0.0013207602183168475,0.0,0.013532254315839173,0.025661433016939874,0.0,0.012480505245542811,0.020862350320535895,0.00046954653838746405,0.011805049616395644,0.0076741774835456834,0.01375938211057361,0.018477648698330348,0.011096824262748616,0.024566433400419203,0.022351895538284705,0.0,0.006292745724047058,0.0,0.014138130727863322,0.0,0.018180376211065833,0.010247661732603823,0.00425437412946542,0.0,0.016502908772179647,0.012641954111139197,0.009771399512604991,0.01172207290024641,0.009462879698630954,0.0,0.020149053546670802,0.0031624834517975722,0.018057105590441064,0.0,0.0,0.0,0.008994342396218779,0.0030916000034171076,0.0,0.032980659504401565,0.018739628204102427,0.0,0.02812343583424928,0.010931459746876829,0.011061535614239542,0.005016551087517161,0.0007141164556182923,0.0029432504320700843,0.0013053903785144913,0.0004921199404628685,0.025421139154644733,0.0,0.009037464609442028,0.017044320475565145,0.008279533412592887,0.0011740390447194696,0.01339466503868656,0.0,0.0034253455419146596,0.01723474583377085,0.006528280727923246,0.016133414884669087,0.005869190587722032,0.015817029261697806,0.02603006371648274,0.0,0.0037366858184519104,0.013168773106406607,0.0,0.0,0.011898067271321032,0.007507591106766124,0.03701709198282612,0.03308758761988007,0.015360640334515951,0.011190276346377575,0.010395655905699793,0.0,0.029711872033159052,0.0007650183958575179
18,0.0,0.006866354101364576,0.0032041521618687216,0.006455716356507292,0.001453744072268314,0.011466118355105075,0.0014559107367562137,0.004049204197539491,0.011396611504079737,0.018315863684554977,0.004524983533417857,0.021939444092778905,0.010333118550705086,0.0,0.006483079383843251,0.0023154206730318914,0.003777126434804887,0.0,0.0,0.0071801260183122885,0.0,0.002363439795147416,0.00889595943742462,0.021562852867459698,0.0013023983597601396,0.009452045978127262,0.016996816275728212,0.006930218902345662,0.02696115216935876,0.0054858299471553925,0.0008055525751682089,0.016836232209507248,0.0,0.014776650027754067,0.000439771632715479,0.0,0.0064703350027071616,0.0,0.012117793579765019,0.017573443571454152,0.0,0.0,0.005414075971656801,0.019933556613493043,0.0034598028974963425,0.0,7.463129458898335e-05,0.02053928253207295,0.0011653613543810904,0.008599044008741638,0.0033300733044737576,0.0,0.0021894813267094113,0.0,0.0,0.0,0.006433231198866291,0.01870042787470353,0.019204049088282615,0.0,0.03569165993208353,0.004678382108039418,0.014577042178296928,4.529287855605702e-05,0.0,0.0011851983217495096,0.008145100280501652,0.009863958976577205,0.0003390488199580141,0.03989034383878499,0.002698830299536936,0.01927384046364545,0.007053739335861245,0.01918849759772299,0.004819084583750133,0.0,0.0,0.0,0.0,0.008298584883036907,0.03005093336315375,0.005226875794197819,0.006225422004424627,0.017393737709272494,0.0,0.0045072041156536385,0.000608649249648979,0.0002867268715983466,0.017006123336060986,0.0,0.007604597116474634,0.007062912085786328,0.002716615685946918,0.00019402159694192474,0.03268785784263318,0.0030772919559159603,0.026939089460383817,0.027934093187261554,0.0019734037408227455,0.00674625728068377,0.019093232779150975,0.0,0.012927546888606227,0.003410452483809952,0.0,0.012518702130244608,0.006769664120124584,0.021315292288894148,0.03049629896402371,0.011535039827524912,0.012149118871226883,0.013818296633638028,0.0008961509066384671,0.008453981206335821,0.012212009925687318,0.022956476308750966,0.002596236724226767,0.01809100279278672,0.0038450186467612487,3.840270594461825e-05,0.0023064466198247932,0.009080518965942308,0.019849571534851625,0.001123204452666628,0.0,0.01007595326887808
19,0.0,0.0018865158725714683,0.018412666775532698,0.03069010356286369,0.018011974173787137,0.0324755596407747,0.0,0.004043749406585716,0.012342609477613243,0.0025572030011555636,0.005900662624965272,0.0029454458694655556,0.004230879817147572,0.0336812096710133,0.0012203376936113684,0.015744185353087,0.00493086463229116,0.009759327920752802,0.0071801260183122885,0.0,0.011000550401135583,0.03176356621177938,0.010890818172532872,0.0,0.010999517862166934,0.0,0.0,0.004775292609869412,0.02792397216167177,0.0022165008010453166,0.007094136909177827,0.0,0.0,0.0182798087411973,0.011753000347922775,0.010347348098934596,0.0,0.0,0.0,0.008233874181391064,0.016121878201269972,0.00040183028715170567,0.013413794065116263,0.004131150005104266,0.006494537327634373,0.0063779154286615555,0.0,0.008047551046727334,0.0,0.017920980429184902,0.0,0.013557446072160927,0.01728679271959393,0.010897538676586195,0.0,0.03907067961284293,0.0011213058837158266,0.027887470742310346,0.0073678157599743055,7.26823698815229e-05,0.023208461437905618,0.005852494023813718,0.005512938581142382,0.0153201918546169,0.0,0.0,0.01657151513364991,0.0,0.045041610583939254,0.007003038811192479,0.0,0.00794204799223608,0.0,0.0078233347285777,0.0010526016009512358,0.011261417478154649,0.0164286554641341,0.012921787138213124,0.0,0.007634622914420609,0.01759848988290379,0.021163656776241192,0.008012472620324592,0.004444858175831244,0.0,0.00855497026178629,0.02396995627354336,0.021775894439505207,0.0012834191266480873,0.0,0.019463734696318118,0.0017346908988872221,0.00639112441883447,0.0013302628950639874,0.0,0.00014870755187442922,0.0,0.014364542219245907,0.0029310765492245572,0.0,0.014836309968261576,0.03810619894606658,0.008008786403164244,0.005554684211634437,0.008724950250807145,0.0013475917389408469,0.021122173269189134,0.0026034714476940567,0.014264280015957607,0.002521189593500297,0.047433140823600756,0.006049648352636017,0.001944996962308095,0.007787984612306979,0.009050565161709505,0.014587921068253054,0.011472877221223615,0.0,0.0,0.0,0.001681091102423995,0.02367401731465804,0.0010981639926711875,0.0,0.019786110081552448,0.0
20,0.00308703902326602,0.013479697831764734,0.00725552041158515,0.04530589470775106,0.025823689072149582,0.026519433513735893,0.0,0.01876978978695053,0.012586127768956006,0.026102326746109385,0.006683043978500401,0.0183863239399339,0.0,0.00012018818811664721,0.0028634825154092904,0.01841761510377672,0.024923169524435806,0.039610025195585354,0.0,0.011000550401135583,0.0,0.011633910458357362,0.051733842965195884,0.006296776906503789,0.020597370715103307,0.0011915364580350558,0.0,0.009700632834467843,0.016721945749269943,0.023966741023730382,0.015539025544015797,0.0,0.030023474970057983,0.007217423255943848,0.0,0.011615995697685136,0.013686352315793024,0.0004951276472969055,0.00196355202177212,0.0026867430937345354,0.01033270270635179,0.002340167865310157,0.00029486954049997275,0.02115999581733868,0.033298113833614744,0.003008198885577116,0.002908198747532141,0.03415483742757884,0.015982992564735423,0.01386455614828188,0.0,0.019559202322550158,0.010853008636878774,0.016246294190647916,0.004454698183188386,0.021662324369176908,0.003370180824799721,0.013099666041508978,0.016895645079659054,0.02591660780597059,0.007475678821335273,0.0001666956243545953,0.008560075848522359,0.021272897485283514,0.0,0.025029423460532194,0.0,0.003118451201521656,0.0018650183430086082,0.014061172433609706,0.04330348427046072,0.024927040619678563,0.012103535883170629,0.003121878269925768,0.006071882037953885,0.009376752525207682,0.005225777447631628,0.0016582927836871204,0.022961050846064947,0.020864172621509372,0.013697330144114337,0.011734800401073482,0.005817485056053737,0.011176429344291977,0.021195763298602115,0.007365473645982329,0.007044499732647074,0.019334041063712237,0.008966444319065358,0.010356853213246755,0.0005655324408025827,0.019678187760171925,0.00845835933290986,0.004693901991045588,0.014335209036388855,0.0037192325834830412,0.00012018818811664721,0.009462063644330424,0.009911539749719579,0.02275943708184863,0.004462184588680074,0.018406407807430202,0.0029838089033171985,0.01642516600295828,0.00810058955999945,0.00023297445700813101,0.000985754780089411,0.0067539446293943825,0.0023163380520122424,0.0011369001118246406,0.003544417948641692,0.012109034332185402,0.016997411742082337,0.022890373592484223,0.0010953139796519558,0.0018925823746316977,0.0033323340888856906,0.0002929940146155349,0.007751038238093793,0.004144484215819572,0.024843851413613022,0.006123465318870686,0.016299788428501997,0.001663101088236964,0.0014128038426837227,0.010595200066070355
21,0.0028613782002750976,0.008863508407181411,0.023489015806819127,0.015165925962002154,0.0019001397864719198,0.02817598113238607,0.015726379592850885,0.000756205154153966,0.009183332052209052,0.003803735595749367,0.004423342306597127,0.000707890478907643,1.562702132741213e-05,0.012830551192326237,0.00850037904142693,0.0205548585164703,0.01981222152650403,0.0,0.002363439795147416,0.03176356621177938,0.011633910458357362,0.0,0.005001948771934574,0.004873541022625463,0.03057220990142164,0.0016490929666739924,0.028174648367240186,0.014695057014581812,0.0023883846387272117,0.0027262579537271413,0.03091522909069009,0.019486864263451052,0.006212496584666212,0.015260566483809601,0.0017907060764413283,0.004833756532620135,0.0010807675665227123,0.005646121958737226,0.008837029108550557,0.02079149859257904,0.02041786950963764,0.015787647888081083,0.009497612611384671,0.023348360305416465,0.006901737316322968,0.03022551737803693,0.017251517848108595,0.011818926522747162,0.005149831586355338,0.0020035685306998056,0.003460015988386735,0.010855507543626713,0.04178003515371615,2.3911007852403727e-05,0.015867731945967734,0.00801605425869908,0.005366555242653536,0.013935923677708881,0.0018519447474916368,0.03215637842226677,9.602323959101794e-05,0.012719612555520555,2.3911007852403727e-05,0.02253504293991025,0.0009283615639735878,0.014205731816229613,0.005691651691948093,0.01325958138233417,0.0022236894842827745,0.003927386872457605,0.020700779902588333,0.006511669045705021,0.018651255957890214,0.004007231845074217,0.03272446688185339,0.0010992799717221583,0.0019291076230686217,0.019475502622459423,0.0002793423378527053,0.008951581713981934,0.0012144132116696466,0.012563283276962274,0.0,0.0375588780061433,0.002750742293919616,0.011399964185785203,0.0018448507918509026,0.0005079792166284327,0.0014337632145376643,0.0008931865896906791,0.02316421205839017,0.006549309749016093,0.028793390566570695,0.013585712071276516,0.016570601216779834,0.012441781706499228,0.00012018818811664721,7.192228845717677e-05,0.01397535985277368,0.0026038908494149158,0.008748202923238383,0.028131067430544845,0.016325334152782468,0.009190729536979235,0.00024198510473963218,0.007279910390991786,0.001006131058025333,0.0012257478191811573,0.01138926336387534,0.005804640494392534,0.012661386677714204,0.011824820127079375,0.018466333652339788,0.029988478727230976,0.010668518915432303,0.011924359740468234,0.012772500738693104,0.009883745318175386,0.001978413866656546,0.013271088703015462,0.010431434461842541,0.01013747929400614,0.006419500831103992,0.004603958951790784,0.01783901771773395,0.036076958434130675
22,0.005152319639735109,0.0041489618214753604,0.014403448866125492,0.01896046075670618,0.033900018432936135,0.021146615782607455,0.004321502566174793,0.006221443434673588,0.015669799005969282,0.014315951540071174,0.00012018818811664721,0.004638029581565625,0.01229772008812036,0.000387684623142076,0.0019072408084442223,0.005333380201724876,0.0,0.009042257434965966,0.00889595943742462,0.010890818172532872,0.051733842965195884,0.005001948771934574,0.0,0.020735921186262742,0.0067774367423962464,0.03197863399588546,0.009511356616547504,0.012059142785827348,0.023810009294354607,0.0061606434766230175,0.016852150318367582,0.005070927781563708,0.003944945635767483,0.0,0.006079239226697818,0.005881591932197765,0.035185233934081524,0.0004951276472969055,0.014727054215394917,0.007327478848421236,0.008199624514449761,0.014942994797638791,0.010579134410966032,0.0037145076073761517,0.012183853458052292,0.013712591600514643,0.017174413039253395,0.0060733939850016235,0.023985104875704762,0.0020692870062033806,0.0,0.03016065489190218,0.009869571205058034,0.001104801204402792,0.015518450758291162,0.010356338446822209,0.013554270106816636,0.002887454066462291,0.018088999221892988,0.028277959298417966,0.007226847733407947,0.0001666956243545953,0.023237383619648697,0.016704016316948893,0.006214546138899334,0.004834007265005881,0.023384633270122773,0.0,0.007898427823894544,0.013724608062823985,0.0012817985373625006,0.01566873011351694,0.007352447942871158,0.0052114304919205715,0.013388275538756688,0.01931325851988775,0.03356229435642939,0.0018595728914463181,0.0002793423378527053,0.05774056228278879,0.03292465421399453,0.0008868808083359404,0.017674947034567075,0.005317411540948444,0.0012877804015026543,0.0010060382205926038,0.0033964090022669973,0.008849842978105319,0.0030133201849189047,0.022600472224364117,0.020384748921244155,0.033551262311473304,0.008644653760695998,0.009727737441913723,0.006653119130681315,0.018594217359167314,0.03480535947259266,7.192228845717677e-05,0.013480568419419529,0.024490440487626844,0.010664611110552065,0.0091176162758634,0.0006955218367307905,0.009965308581197771,0.009279655873637504,0.007003344327060311,0.002031041653161135,0.013319255911909588,0.0034963613932001564,0.0,0.02432416917377885,0.008691913203774658,0.01978354230961546,0.002091690949379364,0.011118904432285758,0.011574453649942753,0.0066287886513257495,0.019335552828825053,0.00257440021474021,0.03035251653937598,0.009662377653215664,0.022803157552940788,0.01731367606108174,0.0059765182468457375,0.0002810732440335583,0.01768535494921104
23,0.0052957167639569695,0.026806542327396224,0.006102449243984707,0.03993899247114704,0.005511827114684734,0.01790713073450818,0.0,0.00815066497292421,0.023523000572858305,0.0034000453451689147,0.00588194356000942,0.014641935154749316,0.016174086199707578,0.005403704429575942,0.012440056574639006,0.01368004686638738,0.0012421456069179515,0.03266143902200868,0.021562852867459698,0.0,0.006296776906503789,0.004873541022625463,0.020735921186262742,0.0,0.016779422663782066,0.026162599516076,0.02929681993844155,0.02768081228801372,0.0042756444367399804,0.05066078632601129,0.005064895365256235,0.013968064721295437,0.0016969851229875232,0.008903180030911421,0.005283112755236029,0.01783313691904456,0.004278289727961618,0.009872991093379947,0.03302035472989947,0.008600894160714953,0.02330328390388734,0.029303183784793053,0.008991712155054914,0.010974858001108189,0.009139647241328357,0.008594750005463711,0.026522342953776715,0.004061544278332437,0.017279271374131964,0.015136701985949333,0.014689420339685932,0.019057219874132926,0.015428767851602597,0.019945888763742654,0.007339573301909588,0.02044710301882814,0.027881790072868628,0.00015330939263250734,0.022032317446318412,0.003133248296904613,0.010684418072522663,0.006172842639072816,0.002152842939743056,0.007062831925746281,0.004331220504742502,0.018452973547095377,0.0063516583091661975,0.002767135382575655,0.0042630754587422255,0.012634208927694325,0.015316253547357495,0.0011381764304052829,0.038597024616984055,0.022423242487012978,0.011368410999169366,0.00017852633744189442,0.010584327131595987,0.01747404526892651,0.0017975983325072109,0.009894335804167752,0.008555697591193812,0.011188512694087068,0.01788958674025957,0.015040536675762047,0.012452727896697765,0.007813590354957633,0.022577249487936147,0.019907889049209995,0.0034769714523059806,0.033223046877087804,0.031693651433101856,0.027350672464736544,0.008358529856110014,0.005146201551760429,0.0025424218707866724,0.011728981181572777,0.00036724330957264785,0.010234878209077456,0.013252790437806456,0.029523187106758487,0.0017200550106394904,0.00901133410840443,0.025021947754494,0.0014652784523489077,0.001158525240681022,0.00822586097381977,0.009378915942509884,0.0016573677563522854,0.0,0.014763956952982568,0.027520880091575592,0.015654242965150503,0.0022216234013455512,0.0011493596270007618,0.008200008301178317,0.012482702475539108,0.008514024103883851,0.0019234478511519757,0.017599746272319285,0.0018465431591424427,0.04158915945539912,0.012433327725513399,0.01887663024399521,0.009425595831004474,0.01621522390217059,0.007595901382334106
24,0.003185826629578826,0.0027535370112525895,0.00288221254969043,0.006567491869252199,0.006320690398019048,0.0059188986936491534,0.002403619561902542,0.0008135834104729166,0.02196296615376882,0.002587109951206049,2.6522605080887973e-05,0.00794058615909162,0.033969645112232306,0.0022529386163798455,0.04527115816244538,0.0,0.012084101376471706,0.03668050630741195,0.0013023983597601396,0.010999517862166934,0.020597370715103307,0.03057220990142164,0.0067774367423962464,0.016779422663782066,0.0,0.02840453010644676,0.0384444710850571,0.017698895046072766,0.004367632962177534,0.019443160072636318,0.0005692815083777074,0.01662866502581934,0.013233738300901151,0.020305541605524408,0.010058278000063758,0.0010901975949771105,0.0023727538994951607,0.007711330560449591,0.020813931172673796,0.018520358987376955,0.012117586040729293,0.007247572040232478,0.024979957399891416,0.005936584847596885,0.0021376130391633622,0.006949443089184126,0.01393583036850248,0.006350546397539917,0.034226208895271434,0.008040755735734099,0.016644951052831165,0.009379477648183188,0.01714762830254573,0.007770071962676698,0.0017740397469943952,0.0030441646988529024,0.011936720811229201,0.00045715708209337195,0.02192899842067309,0.0,0.007702854586858437,0.018788053890313714,0.0034011543736736814,0.0333926474877835,0.024486805082950272,0.004198422594810622,0.0,0.011733221013046243,0.014649214442040152,0.018150492589288244,0.012251732001106557,0.0028245700403153632,0.0029926705719519023,0.0042313400812269645,0.0042819245886941215,0.003278017293295397,0.02252091741499697,0.02405165920097643,0.011225362574341098,0.005532402836697542,0.010787088933228904,0.0015856732296722041,0.0,0.0024271844041098022,0.019525803348909077,0.011595622166069236,0.014518740208062349,0.02645342201970548,0.012035768910473232,0.02824417014049675,0.017887755227148354,0.03228192628776956,0.003472516278708519,0.0036836115109237302,0.02245625997149671,0.012893320083396595,0.014027039866960361,0.006410533315806797,0.025215293020674698,0.006670163182101673,0.016068603475745853,0.007307486950247712,0.018388845855485055,0.020035222504736813,0.010252925110747465,0.0023580778883360073,0.008850892938746668,0.024071982777150346,0.01041379447380773,0.04187454460292074,0.01421058468570361,0.007718336931434653,0.00115081015514223,0.0038783996111686654,0.010884367293489221,0.0015376564699493263,0.00510959006119753,0.014047327158726317,0.015012231340479605,0.003447674771620933,0.01036152316097135,0.05696266336710257,0.014333540636111272,0.0214702423976797,0.019854529469641637,0.002799853710247556
25,0.003665534162542217,0.006379286467291609,0.03331384690573647,0.012468185777778515,0.01784957338908377,0.08880729666455515,0.026025204956409014,0.0015549571429830818,0.011435009808118119,0.024259327341654126,0.02205335930306336,0.0062263989885782065,0.01095408214274601,0.010819741435487284,0.030586024735887236,0.0012371803223001684,0.008285883153120557,0.011528247381720352,0.009452045978127262,0.0,0.0011915364580350558,0.0016490929666739924,0.03197863399588546,0.026162599516076,0.02840453010644676,0.0,0.1278016662986188,0.01089173164648761,0.03816429968685524,0.05938956450705268,0.022339593686917233,0.0073379836504480125,0.004520678277405187,0.05158612348254891,0.0029555932600953743,0.021063133851389738,0.01264824437553781,0.001674875925693177,0.03528795777289655,0.014538516857819617,0.00501606870723501,0.028868838931184856,0.029947789018067182,0.015984744407065335,0.01186874951675479,0.0016580606943449592,0.016061496867212737,0.011228605211296384,0.01921145272619177,0.02968741027985139,0.00575955309969606,0.013882947346777322,0.019627636891556402,0.0016490929666739924,0.01188043757672939,0.03693225343769368,0.01702164618950002,0.005332303995846121,0.006745424426203156,0.005154526948264118,0.0009461969564793215,0.0025450167397342615,0.014634459518781591,0.020766816248075907,0.0,0.0,0.0,0.010336785702553291,0.020985972887875126,0.0051908500214351725,0.025563194024449627,0.011772160323486302,0.020931562073951065,0.003430469086973883,0.004951687043650969,0.008603288114408846,0.001578361285247219,0.006198937959194288,0.027358770712338235,0.02287131536065065,0.008898996385629496,0.01325931275296009,0.00936561868530315,0.023214917455192833,0.000961622127219966,0.014821326233391224,0.0015797404831143446,0.02323379154808207,0.008893310336732517,0.01056546224786913,0.030847574471616634,0.013586970086373069,0.017610554931647128,0.016229510744529493,0.006096709530423963,2.6451698242014898e-05,0.04537355977777404,0.017190103642894514,0.0,0.0009153378910860814,0.009090263754853506,0.03481745372125575,0.035110174076713525,0.000592500024702919,0.009957407766678661,0.006616556506551741,0.015103210830282824,0.06525607563117876,0.01839255681858259,0.024584051614717658,0.02755664847589147,0.007732015232958837,0.017728596167532522,0.0014002843564609132,0.014950123112170147,0.017687661012648438,0.01386167140962673,0.04505702426546687,0.026080286898034717,0.05496174679941497,0.06269629703547551,0.07010578499299151,0.010658924836392683,0.011834096523332855,0.011878961650197976,0.02047097116494205
26,0.003920319971634213,0.010697759664867268,0.014883280723664741,0.021355271139861593,0.008819534194790696,0.028590414225594555,0.0,0.008126440641085258,0.008576813221023792,0.0,0.013853522681003358,0.0,0.014363955527102153,0.00864756944775533,0.014472034346241693,0.024929816271376526,0.0013829237486195892,0.03075977841573979,0.016996816275728212,0.0,0.0,0.028174648367240186,0.009511356616547504,0.02929681993844155,0.0384444710850571,0.1278016662986188,0.0,0.04553601053970638,0.018029233713808785,0.022194632692791226,0.005538731928181081,0.004996674052551895,0.01431489064378906,0.003996770643024273,0.0,0.04516268826033509,0.0032050624008513294,0.0013958332157910903,0.016455650907965882,0.007825031745870308,0.0,0.014483220945840695,0.01229383336104893,0.002764079831329044,0.01688492372446363,0.0,0.013276372002658882,0.015388636851377238,0.012099754093672721,0.027041104988950643,0.009957783170615804,0.003992951020450101,0.016903391454054718,0.013092975990368115,0.013446709252631254,0.0,0.010889745532907308,0.0024077118483179613,0.008036079193201845,0.009849061176484838,0.009241970312237203,0.0,0.010063459694618878,0.0,0.02458959230957589,0.008208305327026804,0.02400767555190889,0.0011049620420760173,0.021364386812732263,0.0007212849426413089,0.017180325070706274,0.01576131273851458,0.011068277361680484,0.01384564338593074,0.0010819580499890206,0.0,0.0024876935761047303,0.007662331836016264,0.023216788225634215,0.028349485480963523,0.005204786744807393,0.0010210479018369293,0.0043322715309005565,0.00018334151899575512,0.003922110071796314,0.015484970360330625,0.0,0.0,0.010096996070444886,0.008788555193961677,0.002783868830542695,0.0025151123580426336,0.02450962305399035,0.015113596494751526,0.008126136572787006,0.02643034278471538,0.025369438279765934,0.05225618408433426,0.0,0.02013276364920253,0.032169010451404655,0.0,0.028267936413028317,0.0,0.0,0.016781344281608525,0.0,0.017742966462446885,0.017730990766739157,0.012404602765851465,0.03628097443181143,0.0090618806010756,0.004145207455162231,0.00761515904527269,0.0,0.0,0.0023793948324922565,0.026092468138282907,0.02408068225345529,0.04444860631610422,0.008915269834311453,0.018193483068476714,0.015693241592904295,0.020358029857276114,0.00910739003625951,0.006823634072873423
27,0.005370657704493046,0.0031424479420377833,0.04701553633239437,0.006557885924798199,0.014682285901318176,0.008387706400949331,0.011174117398770278,0.0024578955536156,0.045809189923307805,0.03140343968689451,0.0016551311592118817,0.002857397617005381,0.0,0.009245169137413948,0.009512772030687296,0.019293495465860802,0.016808494601019245,0.01029412084963066,0.006930218902345662,0.004775292609869412,0.009700632834467843,0.014695057014581812,0.012059142785827348,0.02768081228801372,0.017698895046072766,0.01089173164648761,0.04553601053970638,0.0,0.059545580200732785,0.004052254218323374,0.005449602012484573,0.018679785929877166,0.030644504324300263,0.008583942215467778,0.008875923201244052,0.018478146834679774,0.014450622046964835,0.006893253639464158,0.0369872028998107,0.017523140990182123,0.025016843459732832,0.04069282271044952,0.016256860820482014,0.01040409731640514,0.02602590541517238,0.009413464633674607,0.008042182130901387,0.011703382747602846,0.025978121551057314,0.0029569978429086576,0.0068041965873460826,0.019533203415227185,0.02384492330594329,0.002051469398195594,0.012707938637250282,0.0033015622621910315,0.02409178111532908,0.03301288605528798,0.02659104093420842,0.0019034260597556598,0.00010688203690805974,0.002868560897442885,0.0029109885500969296,0.0058045496433126505,0.0037874934695186976,0.020570305064117236,0.013100103805481406,0.022834396390261705,0.030838629465495294,0.012498377230632341,0.006989726340272981,0.005728742862518974,0.018352079872203938,0.005469267316958381,0.004923740194473621,0.011187594160603347,0.013762695187829112,0.010636272146167707,0.014278502711672515,0.019989652368510934,0.0031148332709789593,0.01512326625074515,0.0,0.0001488563754816575,0.012133387713847263,0.012567044960174873,0.00021475616165323038,0.0025370897305133974,0.023058562769382233,0.004701913210998289,0.0151716213615694,0.021061356809422498,0.004496728825121752,0.020008414562289304,0.01155243985444065,0.014863361105607775,0.008048832816131073,0.011958855688667008,0.010651825534052573,0.021668218781721624,0.0028682965585056807,0.00824763932425073,0.02003245147270217,0.01466266156537695,0.015457026569541588,0.00012121383072837234,0.0029230027642794362,0.014039235637213446,0.006355537622629045,0.027357198941492814,0.041693115418717834,0.012356395830983047,0.015789805198796584,0.003698888623252875,0.0235301915913101,0.029724002161598758,0.005028071777764805,0.029656030904610824,0.029860034387661178,0.006113356067228636,0.02652614955418124,0.014262236727903822,0.0131482856211563,0.02272285818347244,0.02907657879297162,0.005087821722633387
28,0.025615346879402787,0.014684110810601173,0.0007421781325468226,0.03424478521340219,0.027307902179675558,0.003565157655668219,0.009511260887493118,0.0275429968326398,0.02922435039563268,0.004817151374117587,0.0040920954183494935,3.3607020673789285e-06,0.0,0.010973679720765631,0.023906701757500825,0.023256985700583637,0.0,0.005463387458357473,0.02696115216935876,0.02792397216167177,0.016721945749269943,0.0023883846387272117,0.023810009294354607,0.0042756444367399804,0.004367632962177534,0.03816429968685524,0.018029233713808785,0.059545580200732785,0.0,0.036574318366022845,0.0037163162659852853,0.0016464033393573118,0.02879661688362724,0.0,0.0,0.0004999386211336413,0.01736595204038671,0.013708071415577835,0.008979746813824432,0.022469380554189716,0.03056609035283301,0.012733492472796815,0.005192185462811224,0.010277317746226124,0.03175596499826947,0.027251951530378193,0.03478517593044241,0.013610355272019651,0.006109633578373925,0.0034970963783306653,0.03354936830349458,0.028594359407717866,0.03791497919126135,0.015330881446060393,0.002492676543612657,0.008482193441453746,0.016946006005063352,0.004525633784088593,0.030089884338074135,0.0,0.0017959382632867884,0.044440297257929966,0.01011491570241792,0.0,0.0,0.016326575615388878,0.005801747518561907,0.010827379261936146,0.018680461324648096,0.017819163232329252,0.00510486656901275,0.02014819712878958,0.00625363843126348,0.007121060700352853,0.0027376001463663103,0.039634329627807136,0.009399838885727487,0.017105778243252576,0.04404386527811059,0.008456305177350222,0.009941859196799687,0.03268739103105461,0.029528980508501036,0.016661961510358377,0.0223583831169995,0.011348578229700614,0.00841219206002743,0.003587189265700997,0.021635242928088345,0.014789094788116804,0.012564518860377157,0.027893233085168546,0.0031276741274756906,0.00409173972589465,0.01822581907432115,0.0030902776242665722,0.02757976475537373,0.016042774380486808,0.0006910096233028662,0.0003318476867456976,0.0010632860590969976,0.02764214928152422,0.014996135666542164,0.04153359826749518,0.005474885530634478,0.0034715859507353963,0.00019719974409791548,0.002956121181141702,0.004392242932944786,0.020468312405274018,0.03927518813639885,0.0014065955268752828,0.0003117774540176379,0.008516381344092343,0.014577820511494156,0.00880712044209909,0.004260540304315522,0.0004691577388225659,0.00580601529944075,0.01612184851052564,0.0153695772763907,0.00707766962304779,0.0009041368050905062,0.01761075144663888,0.022153250113226615,0.0005288403234199183
29,0.04487218757280361,0.02004308750065893,1.0392807038477912e-05,0.02106505468944121,0.03304726693304336,0.0425523749435964,0.006385091087714576,0.006395852192694417,0.041457425801261875,0.027676418250743583,0.027950106277516398,0.008719396996869284,0.004160535713685449,0.008196826293336746,0.009609508588520306,0.010871418115204238,0.0019400167240700896,0.008879903677448437,0.0054858299471553925,0.0022165008010453166,0.023966741023730382,0.0027262579537271413,0.0061606434766230175,0.05066078632601129,0.019443160072636318,0.05938956450705268,0.022194632692791226,0.004052254218323374,0.036574318366022845,0.0,0.04354277137044053,0.024835401650565685,0.010865075362445329,0.008654008267494429,0.01874373906331175,0.02740360805322744,0.011441153459455454,0.007071103793506235,0.0011112777204576516,0.01558976543348576,0.009667662910339507,0.030363488797759332,0.00637301890486297,0.027434348712213473,0.025591573021690173,0.03416026668927239,0.034685830855623635,0.006048681231117679,0.013078433537863258,0.010771332205970274,0.004352781794835907,0.031567893026255886,0.0,0.007817106604502709,0.017665469001717258,0.005608595260036804,0.0018064740701292847,0.0017570581562419358,0.012265767222475483,0.0,0.011923767291676051,0.010551560392432503,0.010272462853906714,0.00819265946760377,0.01960726768106633,0.0,0.00014774357412497994,0.0,0.0020293507317468477,0.001348725667949308,0.016571091284763344,0.005390191011486372,0.004726415981489111,0.005244222255248801,0.007973562318250603,0.002377196819637745,0.00725520461763556,0.02070222454341418,0.03547944653453798,0.020871910004852435,0.010800816790994485,0.03858049124732849,0.005155653279266602,0.015696376237530917,0.020037406646221403,0.004055383491991634,0.018774375379671727,0.0016526595715350902,0.010223500139042621,0.008625427625068434,0.018680714097884674,0.0127557868237746,0.001136748755607584,0.017858964764976514,0.034968725531015134,0.0,0.01800242800761291,0.02075249780654437,0.026592776489827476,0.013057811488295872,0.011418103054984629,0.015376280978907557,0.011346805428580043,0.011777804070328008,0.03362454343990355,0.01298767055000634,0.034869395821675656,0.01812791294655245,0.007707385032251666,0.017397488065975696,0.0412731289447599,0.020375337889548862,0.03726523080086556,0.006332196428339192,0.032123733551265715,0.037734846227415395,0.008026946990674055,0.012895641073269102,0.021237963496588068,0.029242554010114344,0.05701977684318954,0.054370690102325044,0.006107952273924774,0.01762508426261476,0.015335303278449524,0.016345025595975466
30,0.016745394863368422,0.024070618354398887,0.005970699363232116,0.016937582815318465,0.0,0.0015582048703293438,0.009234597250283532,0.008415858031710226,0.006606406000730803,0.009554908805424889,0.004607187586521654,0.0,0.010532400953100169,0.002113299736683062,0.0,0.0,0.0,0.013012719784404983,0.0008055525751682089,0.007094136909177827,0.015539025544015797,0.03091522909069009,0.016852150318367582,0.005064895365256235,0.0005692815083777074,0.022339593686917233,0.005538731928181081,0.005449602012484573,0.0037163162659852853,0.04354277137044053,0.0,0.02509877436378596,0.0,0.0018639846821908149,0.002160871542958323,0.0,0.0003832968683785611,0.0,0.01899191409113171,0.022328403352492716,0.0021033175338776456,0.013328228774849038,0.0,0.015522030125832764,0.017929161062169487,0.0,0.01773531423483493,0.0,0.0317919081826237,0.002642328489017514,0.0,0.00138143532208203,0.012548663668724824,0.0,0.027585282163979548,0.0,0.02549676919019304,0.0034622404532053184,0.011828155795517605,0.0,0.0,0.001814688748564328,0.009066200318534197,0.018200344693838553,0.006391751512869265,0.016223409323907374,0.03266334607549622,0.028013435533455932,0.02100355173237622,0.002169934977817695,0.0,0.00632616354147496,0.030068254817959095,0.0,0.0,0.03269855290399264,0.018798500475619054,0.02408854253185505,0.021937148054776607,0.004829097613971676,0.009374930113912282,0.0,0.0,0.0,0.011468434807328159,0.009874181519860609,0.004253618951860289,0.0,0.007463309628049816,0.0,0.0015537421101362145,0.02913567612764144,0.022905498792626322,0.040538250500613555,0.0024897464520818756,0.002461379820872994,0.014724506165831184,0.030443813130735457,0.00029947325867431496,0.008623533537736547,0.0061652868521929255,0.010440809834822701,0.0,0.015031252370958568,0.005416960378376666,0.005343224943361957,0.009991687627420514,0.012572477544027757,0.005839059481831436,0.0,0.01890600722612805,0.010420749408134282,0.0,0.0010803147554620614,0.006708695785025102,0.019377290049622554,0.021955846493187065,0.004123456319792823,0.02287593517098207,0.0,0.016720244468957503,0.0017934865327314253,0.007213033403198958,0.021996121593423294,0.0,0.0
31,0.0,0.022818672730684525,0.02123584087605085,0.0038008132258100322,0.015401784058700591,0.017253691876524663,0.01002095047307402,0.007640519223753867,0.007046338929773982,0.009533984012993414,0.012606861217545184,0.01943531737556066,0.015784492618928295,0.007484820041688112,0.0,0.0037087588511282624,0.0007722784328184924,0.011777939179066263,0.016836232209507248,0.0,0.0,0.019486864263451052,0.005070927781563708,0.013968064721295437,0.01662866502581934,0.0073379836504480125,0.004996674052551895,0.018679785929877166,0.0016464033393573118,0.024835401650565685,0.02509877436378596,0.0,0.015167386943912809,0.0,0.023716007320961813,0.0,0.0037302360205169883,0.009153089361408804,0.020426867346920237,0.01889661493539596,0.0,0.0,0.003115477956195549,0.013520727279617294,0.0035842398402323294,0.019571006366445036,0.023119270438913535,0.004003946662561225,0.0,0.00976169007232537,0.022246317612050905,0.027734289259259613,0.0317077944403999,0.004918867583876247,0.015062862260816646,0.007544024993450108,0.031731696674654475,0.01151187316974545,0.0016803121682439977,0.009605440629781293,0.0029581887749067903,0.004361493500523231,0.0008568010109140599,0.019967959266030663,0.015561448974235595,0.0036939379692846252,0.0,0.011852473590627686,0.016240317681797588,0.01713542242257224,0.0,0.006843813876568199,0.016174112368664506,0.0,0.0025409197583354712,0.015222277233612663,0.0,0.028101582271958605,0.020759865326725253,0.0,0.01546119546037772,0.014868494605676227,0.021988837568297087,0.004480485382185425,0.000542905872889511,0.01063192057520316,0.004038079623671727,0.0020603750006888332,0.0,0.01682642759464725,0.005042569973145678,0.027843311207821506,0.019073637745467855,0.00011531516292103019,0.007976726889191491,0.0,0.009138079713015406,0.0,0.02198369107996415,0.01796781016933355,0.002164763021376617,0.003146109497576369,0.012202164847629147,0.006518160795656399,0.0062158250678782155,0.02159630187683091,0.008780402554558291,0.01103846813240946,0.01005359890843968,0.010588515441610005,0.009057170538523203,0.021177812796398438,0.014248538341118742,0.01327851605525781,0.02126472503481173,0.016064821134038773,0.019308876597846487,0.0,0.010541158579863869,0.0,0.010178410091156491,0.01768077875842534,0.0028485721128637294,0.0,0.005162810003217705,0.011603784841491717
32,0.0014027106896042367,0.03484158514953925,0.03870560110523145,0.007503505912554524,0.021059666667959748,0.004749239215884433,0.00837213868539579,0.00995431774196178,0.033493693970228486,0.011272708492832404,0.002521492804012499,0.009010183692677507,0.0,0.0061731985344793865,0.0033925138042764104,0.025457303475339556,0.0,0.007158164889049775,0.0,0.0,0.030023474970057983,0.006212496584666212,0.003944945635767483,0.0016969851229875232,0.013233738300901151,0.004520678277405187,0.01431489064378906,0.030644504324300263,0.02879661688362724,0.010865075362445329,0.0,0.015167386943912809,0.0,0.009592525247660848,0.018512628099578352,0.0016964060415670926,0.0084545547169151,0.004206823568883736,0.048591805785573,0.019354137406579715,0.02544681439457957,0.005780719835185921,0.003447552134906396,0.03386781207323588,0.028001831870227645,0.03383743854553808,0.01682107998983636,0.011422574964982427,0.0009902385658088534,0.04956686970459719,0.024919118889640306,0.0373792102430907,0.04849702927813342,0.05554347631469765,0.009383495835061869,0.002168610222653014,0.011653864514228248,0.0,0.030192614609061502,0.02061349976699627,0.02052497683185304,0.04015656756935838,0.024100187492331483,0.00019573496472735945,0.005283297535528712,0.009418149801846932,0.010725437353935715,0.018922474225404,0.015434803014144405,0.012135265060478587,0.018666554692914426,0.02370739893456613,0.007268882454546891,0.0010011260257130096,0.01151211577595021,0.0028277663799422437,0.03276124363646604,0.01078634191435565,0.009968573899984321,0.02126825194363943,0.0,0.008675337123097008,0.0045108996725603005,0.011740584380987747,0.00011153526572126122,0.0008099215894990979,0.006434599548862937,0.007549016536964853,0.017870035562434262,0.00794400068401318,0.01631469992510616,0.020780112569408666,0.0010453010897750342,0.0059287602357588325,0.0007614651004164538,0.0,0.013444456778182134,0.012318561048625255,0.013395168246643703,0.0472865641593672,0.005390897403857362,0.005019856068753061,0.006243401497760167,0.005858008446507128,0.022243065500123956,0.008992238695408423,0.003266671812965859,0.016399556832722588,0.025806634017521535,0.009447195199526904,0.015735502205602707,0.0018637058380660877,0.019213375181552087,0.0258761355524155,0.011361700023233062,0.021928517549292103,0.011035979357856647,0.011005533842420687,0.012046797588731402,0.014791605870023927,0.01893240720083113,0.010788512310332652,0.03551922749558836,0.01076680177397238,0.026953122200247207,0.02795426966962256
33,0.022890281474788155,0.017540643776034662,0.015777226183557678,0.02409189355212669,0.010035313590574333,0.0,0.005809366985959105,0.0009966654541712129,0.009543538431295195,0.02305459230082968,0.011502178263258965,0.019718092792714127,0.005056886733765872,0.0,0.031449579412647574,0.002021142580546564,0.012187455282871153,0.007158679359229354,0.014776650027754067,0.0182798087411973,0.007217423255943848,0.015260566483809601,0.0,0.008903180030911421,0.020305541605524408,0.05158612348254891,0.003996770643024273,0.008583942215467778,0.0,0.008654008267494429,0.0018639846821908149,0.0,0.009592525247660848,0.0,0.006782123443401142,0.008753280989835466,0.0014855489334257342,0.010222813013975937,0.02852924879167613,0.03730119075817724,0.03212845920505593,0.00898161783190006,0.0027350194032614134,0.008834290623569788,0.0,0.010154947049635,0.030066781861047442,0.01275519012029299,0.004072475536219596,0.0,0.022144004595218952,0.053691636700250706,0.0073785486208974675,0.024720743727392074,0.015326645536784428,0.004410933433637479,0.006766185468152043,0.0,0.008618091705438766,0.004733966708467031,0.00024379356423195902,0.007482333297348741,0.04392604185077015,0.004938097331976941,0.012057878208058082,0.007944498377809209,0.02793281533753229,0.017320802100019083,0.0,0.0,0.019966701086338183,0.0,0.023704697226244183,0.029183790264128404,0.00957603753817521,0.0,0.0,0.013435396867196133,0.0008104155549493978,0.007338587559118067,0.00382304285206534,0.002088992354335339,0.018731446945532585,0.003010376488209534,0.0059405942703953715,0.016999221685116632,0.002528549547059385,0.04657779737830323,0.0038800784378748626,0.008499618513310738,0.0031005189112741534,0.013803191009746764,0.00472831274739575,0.023962134608726506,0.003254454493530086,0.011891090673170153,0.021144870263996706,0.016918592883037948,0.012535398500663918,0.01583328925662921,0.025219253863717043,0.006820144696031232,0.0,0.0034220432740497326,0.0053762851076539645,0.005378219927576181,0.0065854229744525235,0.003527546210260856,0.006487493019322987,0.021577494709514995,0.003515091311104798,0.011351192192181439,0.0,0.0,0.0,0.008408114124655374,0.002757031786201674,0.01958804357160958,0.002050152450036457,0.009512941408738339,0.020067294740100893,0.02458772628670407,0.0,0.010961783174295381,0.00698047522234796,0.0
34,0.0,0.020461552035881778,0.01323917967713322,0.02605746825142686,0.019955746816279166,0.01619575927509741,0.0016030234934219388,0.002278541841657968,0.014161362783037205,0.0,0.006642311773502484,0.019122619200580414,0.015027631163121728,0.00797264758395493,0.029655007901533987,0.0002942660934777756,0.0007879686916785617,0.015149970749129136,0.000439771632715479,0.011753000347922775,0.0,0.0017907060764413283,0.006079239226697818,0.005283112755236029,0.010058278000063758,0.0029555932600953743,0.0,0.008875923201244052,0.0,0.01874373906331175,0.002160871542958323,0.023716007320961813,0.018512628099578352,0.006782123443401142,0.0,0.013696797010880012,0.013964244308865828,0.018068380342417985,0.015002929679451302,0.05200986481030525,0.012888840699665182,0.003850155103265738,0.0029888016392903985,0.006231846689519115,0.013135591257280655,0.009631998655165038,0.011312812923990999,0.008626582420465516,0.014767824934336362,0.019161282578580578,0.018642740851813777,0.0,0.001032960616565339,0.0033442176576032145,0.0,0.0066620340937820115,0.006773646584421833,8.643174276124594e-05,0.012089176961344306,0.020797835571899678,0.0,0.021943515384942824,0.013828883429352068,0.003650094099994023,0.014262716620611833,0.020494263929314055,0.0,0.001184096607738551,0.0134476457015554,0.00025914137206264426,0.0261746924970564,0.009832964889021929,0.016989329755291695,0.01073881413935536,0.035927078462031456,0.0,0.011383815635426167,0.030447898785399545,0.006396152839825872,0.004506148769902273,0.001729466962015456,0.0006515556336170315,0.0,0.0,0.004740165574246196,0.008476579842783273,0.004348265133168235,0.015540784055978044,0.0011813553799879094,0.01755325186531143,0.011568732612679163,0.0,0.013174092382762044,0.00453771225132818,0.007981610724803547,0.014848255558285924,0.01170676444425794,0.0,0.0,0.0038319126537278607,0.005612265956380056,0.01764752390911635,0.006426562323514929,0.011529230542028403,0.028817359464053165,0.0,0.0,0.006245664643601166,0.006345363597212004,0.0,0.021385579493446327,0.0,0.009366189715034048,0.020342472387554662,0.0,0.006051284214173866,0.0,0.014169655748705889,0.020604498019732905,0.013480044465063935,0.015432320735016054,0.013906932334471026,0.0,0.009210900514325425,0.043781544129355685,0.01503944596204916
35,0.018727668105153594,0.011211858707993107,0.05231603407606372,0.0016507649844422414,0.03323867172262927,0.008629047459681086,0.019663873278325927,0.028967212330104183,0.021118722101610136,0.0014818036949387305,0.01142986931655585,0.00357006755838283,0.02978960164416249,0.003994621424277417,0.004742120898681356,0.0,0.0,0.0,0.0,0.010347348098934596,0.011615995697685136,0.004833756532620135,0.005881591932197765,0.01783313691904456,0.0010901975949771105,0.021063133851389738,0.04516268826033509,0.018478146834679774,0.0004999386211336413,0.02740360805322744,0.0,0.0,0.0016964060415670926,0.008753280989835466,0.013696797010880012,0.0,0.03719473279791964,0.07584387828788736,0.11042701270195694,0.051500577920262344,0.036814109089421544,0.057250314977319895,0.02442227550632195,0.0022347224907552743,0.019378907083314696,0.03498507977851534,0.03538119454975279,0.00547717038940892,0.027241491879875353,0.017603616538332714,0.002157144359863691,0.00027062131567110825,0.017856645409192285,0.006063613579830787,0.032649185209411215,0.002331839679713258,0.011596258266109128,0.0,0.013789022005789983,0.0,0.006151968984269815,0.012510918290544487,0.0015964357325327487,0.008038970809306788,0.01746842320475097,0.006653419437139195,0.010064303173268075,8.620334329160352e-05,0.007119150293758215,0.02622988713497117,0.0027016333544446344,0.021704528165998778,0.009275046303972377,0.024646962392084023,0.030754193851780746,0.0065699078064250195,0.01995791874932809,0.0012604000233838084,0.014850340567555596,0.02605124362038765,0.0030305388999709833,0.0015152101371744718,0.0,0.008737112284241856,0.0020608996616368804,0.032375245293161076,0.0009187524191659103,0.04026813169677182,0.0245905868552812,0.06332867795984343,0.020337825153167077,0.036631744687326544,0.016675800429684424,0.007247421074633372,0.007977104027788139,0.0,0.05460983273598158,0.004734324354993567,0.0032012298982539308,0.03093498178680432,0.0006313138616425106,0.010877669394729823,0.01391057754451378,0.014441345715059506,0.007198029890733754,6.87109817174801e-05,0.024795120361519547,0.01665615303085331,0.00152358184994235,0.0,0.04293930823492149,0.036357251870179436,0.02037201658327236,0.011438532252122659,0.021763080849234787,0.01964379638580109,0.01332072824891248,0.015887272894388984,0.024783452353583906,0.053021030644070856,0.033505856901247966,0.028040315242609134,0.010904685123063322,0.009193202456102367,0.02851776175639227,0.02857635438620285
36,0.020177571402959154,0.002043973180073314,0.0017232735649690331,0.012353252239808977,0.02145027126964985,0.015007311149099506,0.0,0.0014786549188858333,0.02215751210528141,0.0031012607965433107,0.0048267581151409675,0.013549288188001298,0.0,0.01146381588578936,0.003251356907101506,0.007470328124096191,0.0,0.010574403934328203,0.0064703350027071616,0.0,0.013686352315793024,0.0010807675665227123,0.035185233934081524,0.004278289727961618,0.0023727538994951607,0.01264824437553781,0.0032050624008513294,0.014450622046964835,0.01736595204038671,0.011441153459455454,0.0003832968683785611,0.0037302360205169883,0.0084545547169151,0.0014855489334257342,0.013964244308865828,0.03719473279791964,0.0,0.028028133265981584,0.03428859441896857,0.03951135060369343,0.022658481238896026,0.008849129609424577,0.009568989124005011,0.007747587386692068,0.042949122737843355,0.01570098475079133,0.004617465826056154,0.01070275329869859,0.00991718970632185,0.03515456023224429,0.0,0.0007551059215964646,0.0,0.001952255326848604,0.01765601878283185,0.025379219778616655,0.019172922171521445,0.02552789667155038,0.03939270116813771,0.013460545638595268,0.0492702930947098,0.0031960398331520967,0.007658155062043099,0.004530173061490387,0.0,0.015464413451553036,0.021101674963954483,0.03126823865549,0.02502086937607469,0.015274199886554858,0.027340417930189997,0.021836643480964712,0.023288311330878837,0.020472255702505073,0.007863420718630202,0.000758332012272518,0.04317291601030396,0.002354233934080154,0.03294203545570292,0.033608295106567175,0.002505360511094056,0.0026165608937888936,0.002845408036359093,0.008314864373426054,0.005476059997461661,0.010275443067422183,0.025152723822771075,0.027737472213641617,0.0065841313221085196,0.007519253788675777,0.005943292765112193,0.02577492807191865,0.005932475651653131,0.019481269170458695,0.00039947081999409077,0.011686911910407657,0.001217029600887165,0.003251356907101506,0.008393682100246958,0.013784477896063884,0.010475642687327483,0.022650135584668614,0.004586818749673751,0.0005741865123738726,0.012921865393113092,0.03208583179014565,0.02787299946270492,0.0025571635671163095,0.028068413743472465,0.0,0.006042729147498855,0.03364282388596562,0.015646141899283948,0.0033419122286122713,0.019126969851108944,0.03946092061763045,0.007773738768507171,0.035883462590997305,0.030820194114503457,0.02187525193848486,0.02818767859565072,0.0006679595589427443,0.0033821982534772733,0.013870300448670866,0.00872447371424848,0.009279475796269124
37,0.04255894953859655,0.004359343617377045,0.01637126530971052,0.017491975843041557,0.03971928930999395,0.015959575431029712,0.0061387159729132225,0.0373681413415984,0.002697681354981342,0.029894177314780817,0.0024890741027234747,0.03592103115688146,0.005918338308564543,0.0024890741027234747,0.001489398887748008,0.012344267136432021,0.00036699809939195284,0.017736254249465917,0.0,0.0,0.0004951276472969055,0.005646121958737226,0.0004951276472969055,0.009872991093379947,0.007711330560449591,0.001674875925693177,0.0013958332157910903,0.006893253639464158,0.013708071415577835,0.007071103793506235,0.0,0.009153089361408804,0.004206823568883736,0.010222813013975937,0.018068380342417985,0.07584387828788736,0.028028133265981584,0.0,0.09433903542037213,0.03720241773201131,0.054375711273850505,0.03181224329073484,0.014166046956343221,0.014461450155518111,0.017865000522086522,0.005998772024577285,0.013700270714822216,0.01815434044427155,0.039034410600101724,0.03652708177251438,0.018485289168756507,0.044753270566329,0.006428296632878023,0.02384683419713552,0.017695587956645692,0.01651505258869017,0.006519286660579387,0.014303808764718363,0.03546093942074885,0.011330030065700297,0.01349757043736392,0.025614234492909633,0.018643697543828684,0.009879305835373522,0.011197522009056441,0.00762995389918112,0.010920536370467209,0.006893273109173563,0.03109513654099324,0.01318067895144593,0.005347640272055719,0.003950722626243494,0.023692235138729385,0.005409756130511209,0.0032340007843524423,0.0048477268312139875,0.0014146483047569858,0.03556058117377421,0.014450121511014246,0.03523721295146426,0.0,0.034997271543670494,0.009926549649073456,0.012554785094301895,0.03403063590669989,0.000525990733294382,0.015633383543429455,0.026020029514209533,0.01435487532730137,0.0675691433573719,0.025369313962588753,0.009773850791967437,0.022465060457535626,0.004630136517855341,0.007614100803822933,0.007444679909131593,0.04013775014701292,0.022456537890773388,0.0,0.012029318104652397,0.009166136894467053,0.04582121647850656,0.006235304059507028,0.01819668529668463,0.025852260628395008,0.004826029604357114,0.020541312398067172,0.018793573185105557,0.009382730798664163,0.012641560313794804,0.015019860862354524,0.03653495307040309,0.01163659086054782,0.004095555325890304,0.013307915599795678,0.04900599604078136,0.015579186376210375,0.06506855366749792,0.03453274439823008,0.047678225075580366,0.01848652595470956,0.033140089108556425,0.03323627615507538,0.0008897792053010862,0.029271032203047255,0.011045995629399709
38,0.0606752408402726,0.012763020822651553,0.19317276428477906,0.040582037111817966,0.13388110899678093,0.10323805498912235,0.0,0.02270757212434223,0.0053996360073824985,0.04695991899056268,0.022036365811481353,0.028867013831307273,0.0006644404756468374,0.030158444316433965,0.012280372915121332,0.009938382761662399,0.02333090323139721,0.0008531272489187678,0.012117793579765019,0.0,0.00196355202177212,0.008837029108550557,0.014727054215394917,0.03302035472989947,0.020813931172673796,0.03528795777289655,0.016455650907965882,0.0369872028998107,0.008979746813824432,0.0011112777204576516,0.01899191409113171,0.020426867346920237,0.048591805785573,0.02852924879167613,0.015002929679451302,0.11042701270195694,0.03428859441896857,0.09433903542037213,0.0,0.4199461107797381,0.08964429854502902,0.10543292201118658,0.01728798319853876,0.039219582716216325,0.09295665743748763,0.02900631722410417,0.019898543699242457,0.03713057806559443,0.04085842026680352,0.02338866753837718,0.029104673361451512,0.011411797269699295,0.016418074508178684,0.014768596568061435,0.014075437750925325,0.007795160946673784,0.008886429863806247,0.013276326389697925,0.005240685827969732,0.008082826268301415,0.05780165269294902,0.015687551649841425,0.01917838686475322,0.0028480208069033707,0.0041850230480941575,0.0,0.015209804386836882,0.016132662556276448,0.003845102185111531,0.007654192365193272,0.02157113179557768,0.0006504774486974093,0.019221648076455072,0.027419034563048193,0.04201969812610694,0.0006130006416752169,0.009517198118585918,0.01626687515093414,0.04361451457453654,0.05510456472484178,0.02375359679909411,0.03629507725340239,0.008925923370709826,0.035896243856917705,0.013789626844189435,0.009633457440894427,0.03280016824048954,0.08910641567332205,0.47514401446244864,0.19570270224111436,0.0720156414507122,0.12611671913019554,0.07244822154835834,0.037417353805298724,0.0004107919540915733,0.010309859108490867,0.003957093362452998,0.03200374913871308,0.020553447723400158,0.020432310723091335,0.022568878481223104,0.03579175128578875,0.005131453373507808,0.017119374100148566,0.04332588011133694,0.011134430982923979,0.05127379271098816,0.018046203876208203,0.0140272762529314,0.0007409258868741365,0.0240686713045366,0.04284393948608403,0.04826595405238782,0.00913243827892288,0.02248082530058922,0.034668055060863685,0.08053731241919963,0.026140843152421284,0.06929293629490337,0.1461041609184001,0.16508008075445088,0.11132228482003054,0.03355276823115192,0.03503444686345664,0.02789810106071183,0.026762102680669694
39,0.03610790659295864,0.009541183326318597,0.4243137252101919,0.05724362512431265,0.11082457646836055,0.08642516804685475,0.0034783391426300497,0.01784631548714017,0.0228775725062442,0.009146020974485565,0.017591902948519828,0.01775363499913927,0.0005074113499918993,0.007439877050507625,0.001389101415748471,0.008912693223425885,0.008995250577587951,0.005023284211493748,0.017573443571454152,0.008233874181391064,0.0026867430937345354,0.02079149859257904,0.007327478848421236,0.008600894160714953,0.018520358987376955,0.014538516857819617,0.007825031745870308,0.017523140990182123,0.022469380554189716,0.01558976543348576,0.022328403352492716,0.01889661493539596,0.019354137406579715,0.03730119075817724,0.05200986481030525,0.051500577920262344,0.03951135060369343,0.03720241773201131,0.4199461107797381,0.0,0.07922324278280146,0.06412854705963823,0.03559555829260453,0.07624713733846875,0.16338413200637858,0.05759789859472335,0.005772635716018363,0.02916017165626989,0.002563356768733523,0.03655946387937398,0.020631456848888972,0.005511142460699215,0.05626730634408867,0.018493592163892455,0.005972665885073314,0.02493051554528876,0.007563604429320392,0.0,0.039846979189818485,0.02803612942051137,0.017608951126234854,0.025086455051326048,0.016020724256977262,0.0020831511423249067,0.010068979931618167,3.026198742449744e-06,0.010424501302563309,0.012214758724724835,0.02328826047027322,0.006962542459726868,0.01151346659905477,0.00197046459662856,0.029153198433404824,0.051391467341940354,0.06478829952699061,0.025432663553451553,0.04846470989232902,0.0018054939879258362,0.04153481208253844,0.021531083979191686,0.01424851143375411,0.010447774334016679,0.03194291990064603,0.0006508219416776036,0.042028340578673475,0.016196785705498106,0.0026117528657251055,0.07230606119399907,0.1582421403076091,0.19301062933378033,0.0602335578786368,0.24689002738315394,0.1441462848316611,0.01439768851932267,0.014019137948237514,0.002459696996819383,0.005028355872315327,0.03202795787360852,0.0,0.020479447642048877,0.033560939822444,0.02624940905325623,0.02338329401621327,0.010750764815920756,0.0034654170063951216,0.0023331693850739163,0.02907002623713061,0.04981041823808324,0.01024882872563377,0.014995055277997386,0.14777184634036222,0.046638664317065384,0.04617275226405498,0.01867112564005614,0.09193964489828613,0.020226281684912466,0.03022128072405694,0.05926272957048138,0.06689967886272898,0.23201730393999295,0.32485158702750494,0.27110491489343813,0.0505227606362002,0.04564394890586454,0.058667148739308304,0.02549017682345008
40,0.06593957609440859,0.023286675441190664,0.07909288426002281,0.015058195168725612,0.03885901428893117,0.039927283700825766,0.02663042882996305,0.007925342009589421,0.018199151058359328,0.013241838342954993,0.007721968554487901,0.009869797466992177,0.0009577073297011682,0.036196470318202126,0.019663031858912872,0.010464801359306107,0.005225153509043743,0.007846589032455803,0.0,0.016121878201269972,0.01033270270635179,0.02041786950963764,0.008199624514449761,0.02330328390388734,0.012117586040729293,0.00501606870723501,0.0,0.025016843459732832,0.03056609035283301,0.009667662910339507,0.0021033175338776456,0.0,0.02544681439457957,0.03212845920505593,0.012888840699665182,0.036814109089421544,0.022658481238896026,0.054375711273850505,0.08964429854502902,0.07922324278280146,0.0,0.10066295585218826,0.016054568442521757,0.013789803171632295,0.023440438828721422,0.014260800885840799,0.0014122084620901156,0.005593442023027628,0.0703054013824649,0.011400794662255152,0.0180470120152868,0.01659986447040461,0.007321009664098702,0.0015505521438598428,0.03513496215394805,0.02043617916373835,0.0026956677235904195,0.0,0.00927030603573044,0.006973157559844851,0.023857242627762003,0.033667682318923316,0.006844883732011387,0.0,0.003015482256955166,0.02933683648578558,0.010610196523156434,0.00965331823400999,0.007605417541810872,0.008708630168439112,0.011627094636756072,0.0038019048639537957,0.03687735042536274,0.04571181002105786,0.020147736948158888,0.0017237952046662236,0.024511619278583526,0.011960493814171093,0.026987730571381034,0.05604579135369623,0.02952168318618768,0.031573755113938666,0.004457281562013949,0.00842022294538368,0.025719086789105377,0.0022994708445410288,0.017866040478168314,0.003223144936368977,0.027423871410547095,0.08541468324667115,0.011479826391460767,0.06198642038500093,0.0431769060479837,0.0006294007675688876,0.007720956924449802,0.0,0.0028100145926114512,0.0029112787661756236,0.006347218332210338,0.024020976415698798,0.16308642602006512,0.00813535645488315,0.009742838178050621,0.02480987182399907,0.00040935771804751896,0.002983247401818495,0.019977889375772113,0.0410046525904874,0.0028228039715651756,0.030424826462679567,0.026185125906872785,0.049860586821466046,0.013205995908400586,0.01394147176219539,0.024141485352930044,0.01839512652399762,0.05291110984274215,0.009656127925888474,0.021700344087706838,0.10631205555707683,0.0730847275189851,0.028001916452036864,0.03653547385249844,0.011872715568753514,0.0051172825745421854,0.03872933945698696
41,0.028223280977732534,0.013363719377944158,0.07929285545203603,0.02579702938287775,0.021995350004579476,0.10858950912600421,0.0,0.017450264559502902,0.03475642028302383,0.023069318206092808,0.013303461863651767,0.012060838890801001,0.005546317092004533,0.007310012275786804,0.004012056731036448,0.0,0.014833349398699005,0.013754529756425663,0.0,0.00040183028715170567,0.002340167865310157,0.015787647888081083,0.014942994797638791,0.029303183784793053,0.007247572040232478,0.028868838931184856,0.014483220945840695,0.04069282271044952,0.012733492472796815,0.030363488797759332,0.013328228774849038,0.0,0.005780719835185921,0.00898161783190006,0.003850155103265738,0.057250314977319895,0.008849129609424577,0.03181224329073484,0.10543292201118658,0.06412854705963823,0.10066295585218826,0.0,0.07273308195631144,0.0715408453808303,0.02452282561820342,0.08285854476063337,0.0397827819375488,0.005187727849936387,0.04952798201646222,0.0019170576580433767,0.02373663431321686,0.023629708656960038,0.020058947656499293,0.005426764221054593,0.033298948488184675,0.004157123869287206,0.012705642192093986,0.0,0.001282465302664634,0.004320266886029973,0.013401029286123153,0.0106796297809431,0.0062271261633309065,0.013322562882336488,0.0,0.0,0.0008471993944182582,0.012476384638346879,0.010010754060047469,0.015800170290222557,0.02864941131524602,0.0008634741648577295,0.01818355131675555,0.022857126220024858,0.03422933373872536,0.006441004455242688,0.02699919777503443,0.011603851209925221,0.028341594094898,0.06914225276892406,0.0028848425735760667,0.010690797142970259,0.0023536188840194176,0.0024290203896492665,0.006807335785168474,0.017660395415606843,0.0010525839958037515,0.033389843261194714,0.04844423838103324,0.04840581144693815,0.0003243556720514918,0.016331542425845072,0.04145579370203405,0.01492460025162518,0.009427928321556605,0.014814771277165302,0.029339162627720183,0.011959264372338678,0.01294761690303355,0.015884822748719083,0.038330505879544,0.01504621062061329,0.003309345344364689,0.004350817118428485,0.018645110453290203,0.000159999179791719,0.00891745219159829,0.0066093351752027915,0.026468036598006638,0.00860923346087026,0.02395945833082984,0.051671910828042206,0.03215265050062876,0.007598804072788854,0.05296106106251227,0.03825980088685498,0.014294625479255875,0.03272177428305315,0.020066619489715862,0.10855119975349974,0.059012772901400216,0.044718172378659785,0.03745978518974537,0.00789732443355325,0.026596886793436005,0.01119184848761879
42,0.0027338452322770842,0.0097440924249267,0.008462576606299376,0.007578817782060265,0.03589973529658832,0.009339459226954007,0.014613100792931353,0.02780929642342751,0.017173596615096997,0.01868757136609165,0.028028138113026946,0.013875915604569336,0.0,0.004739651470068072,0.005377109358228945,0.0,0.0,0.01906577192926488,0.005414075971656801,0.013413794065116263,0.00029486954049997275,0.009497612611384671,0.010579134410966032,0.008991712155054914,0.024979957399891416,0.029947789018067182,0.01229383336104893,0.016256860820482014,0.005192185462811224,0.00637301890486297,0.0,0.003115477956195549,0.003447552134906396,0.0027350194032614134,0.0029888016392903985,0.02442227550632195,0.009568989124005011,0.014166046956343221,0.01728798319853876,0.03559555829260453,0.016054568442521757,0.07273308195631144,0.0,0.04929754961262352,0.020171787243726397,0.022550668559616616,0.019898446148002454,0.006608773628700322,0.016391158126058975,0.02068642420470962,0.028822210416188838,0.0348226358340274,0.01651467987321374,0.01876123442024596,0.0056835146264735325,0.006234405692578164,0.0027337519671458764,0.0014848747219847894,0.0029280641834474965,0.01898094959307752,0.011567534261827777,0.021947027165688426,0.012095792997805398,0.00822845677993099,0.0010241815234024552,0.024416788017764254,0.011313490168353462,0.0028852857531683897,0.015284556346976683,0.03346534704182696,0.012214866799314198,0.022903162853380607,0.032700393063024136,0.03154271627787484,0.006420466400615402,0.0007287904010966157,0.014346749139377092,0.0009706468011571202,0.005288050391993948,0.04394804724835617,0.020013345055992986,0.0015570919566144541,0.000837358634259522,0.008788922541289188,0.007150448087619591,0.019482765886131473,0.006929851776185128,0.017897657080772945,0.006868731774823643,0.005063500238463408,0.025143167352735418,0.0036241060630694145,0.02547108327484422,0.002893189335837567,0.0,0.012130103956664811,0.002507203300031015,0.003140870387416968,0.012927519803360411,0.003709630311825284,0.0005900242220524395,0.007322015015478609,0.00796861485262942,0.0261340244091077,0.025072583955429717,0.0047249826133303,0.00773716714275714,0.02433793271676034,0.01626642339208507,5.0393782440344e-05,0.03280654297307483,0.008024078831339968,0.005189675482676127,0.019907762374280876,0.023493566903209417,0.015498932286270532,0.003546873948132595,0.01933841294460618,0.012879189953163334,0.022831403334657576,0.013803654950015693,0.023185745202404205,0.011607810759692836,0.03455418664832661,0.01713809329394385,0.01691692474750296
43,0.012033323510142708,0.010631984609165092,0.04095570957181003,0.026829136064892938,0.02736182701275051,0.02667610039885525,0.008715666058981848,0.011227446378328648,0.005978676984962259,0.016687692375807223,0.012429589740123582,0.03185224221636018,0.005041708007226258,0.0009387134265676771,0.005455461140917024,0.01578746538105667,0.005525077129566511,0.009957563936285396,0.019933556613493043,0.004131150005104266,0.02115999581733868,0.023348360305416465,0.0037145076073761517,0.010974858001108189,0.005936584847596885,0.015984744407065335,0.002764079831329044,0.01040409731640514,0.010277317746226124,0.027434348712213473,0.015522030125832764,0.013520727279617294,0.03386781207323588,0.008834290623569788,0.006231846689519115,0.0022347224907552743,0.007747587386692068,0.014461450155518111,0.039219582716216325,0.07624713733846875,0.013789803171632295,0.0715408453808303,0.04929754961262352,0.0,0.015129042738792385,0.053498814330534696,0.01225796243359669,0.014425644978514514,0.029184219788828427,0.010754622202334566,0.029717391834613815,0.0046953159877651885,0.014147869753599952,0.014128344317717442,0.011189980164995478,0.033518280066898845,0.003832379413194299,0.0053515631546868425,0.02018678067175382,0.011635408944017907,0.0036122075592567022,0.022389310887345366,0.01670485373400285,0.0015018128152641153,0.007871890977840537,0.001977816387299702,0.007601605272311766,0.0009506098441217815,0.00615431744949441,0.002118256524858262,0.022735272863180563,0.0009104529855167263,0.016161993885303406,0.0022258981643946568,0.0033246623791891292,0.03272084959193149,0.030872324703046492,0.008789320561988499,0.002119106817179592,0.003949300563091598,0.0016324253620609655,0.013523735772286903,0.03325306510875055,0.007490744186057032,0.021104507484197624,0.011545724399586874,0.013324645925379361,0.051954145815935784,0.031213902885537218,0.015502822805148886,0.0047320531441318375,0.023430733825608882,0.030994526019290734,0.028096609773751845,0.0,0.0,0.004508489153049594,0.0018033802464049184,0.03281918480952748,0.011968304249655322,0.0116508695066963,0.0452682790399198,0.028916238513452413,0.013398612875067396,0.001833189344823654,0.01102407846587535,0.007519050684477225,0.018889547501251235,0.0,0.012333341367164873,0.005134513017139215,0.023568017444294393,0.002123117464897721,0.011912596340670233,0.03471494106625204,0.02236170573586233,0.020989105774326174,0.006009336393907056,0.016136964389555582,0.0508737269546169,0.022522708526574214,0.009820656524415116,0.007164133113510933,0.039607451300677714,0.02687212077056011,0.017302523769982776
44,0.00774614899229619,0.0077590270690528415,0.027449481382342256,0.01865239307727138,0.06633784750150985,0.024723745638259364,0.0017828660908717955,0.011573009983826798,0.03391650398565904,0.006851804863097811,0.024980188674687258,0.014140001972047306,0.02112513674565863,0.02288268208204153,0.015153690510131877,0.012354018230574188,0.03447573920499073,0.012363750692980848,0.0034598028974963425,0.006494537327634373,0.033298113833614744,0.006901737316322968,0.012183853458052292,0.009139647241328357,0.0021376130391633622,0.01186874951675479,0.01688492372446363,0.02602590541517238,0.03175596499826947,0.025591573021690173,0.017929161062169487,0.0035842398402323294,0.028001831870227645,0.0,0.013135591257280655,0.019378907083314696,0.042949122737843355,0.017865000522086522,0.09295665743748763,0.16338413200637858,0.023440438828721422,0.02452282561820342,0.020171787243726397,0.015129042738792385,0.0,0.07330709160632194,0.021949293517570783,0.013607928143471937,0.020850452115492225,0.01828543624385412,0.0,0.02972625652653897,0.009721474917058336,0.006666978053299979,0.026853806305903286,0.0024845576953245333,0.005733833562419238,0.0,0.006828250745629795,0.005642915771016523,0.00039133067867419373,0.011141063508354856,0.002605286076136708,0.014104673042988512,0.0,0.0,0.004148434346407802,0.006406631578440613,0.024048750922371864,0.018279951745726386,0.01586877188314128,0.0066340534749306165,0.033022198591427625,0.040025125345303475,0.007088736067104435,0.024900561049473472,0.015198293601442703,0.015962627399372865,0.026903498784699872,0.025335153936927434,0.0,0.012314019034740267,0.033088434457518336,0.009986556816493726,0.026555392464776735,0.0012959881406146199,0.0169811004678065,0.04659579541169374,0.023089839511825038,0.01198478869456796,0.046193651004459796,0.039899274389917666,0.010112416109149402,0.01095848615499734,0.006432358976722941,0.009335363786108436,0.00219108217128118,0.00030800868450209283,0.017350948177201155,0.00020201507606427578,0.016174782027396677,0.03866860396667162,0.0004364007565375471,0.01295139898506127,0.011275337454655988,0.008623017370669724,0.016959829001405802,0.013205566246157482,0.003980499262563005,0.015192246518136289,0.04059268239764101,0.02336270923200639,0.017359596503318753,0.001878237233994189,0.04951120690842431,0.036421079244551735,0.0057789516790903266,0.016196693876950892,0.011515667562683024,0.029762292944961587,0.10966062532237765,0.07345370352226513,0.0008687249781798292,0.02459587437256515,0.03946847029771194,0.00559607592909642
45,0.035042547086841215,0.0131857402322468,0.10099603650116958,0.017961126871275015,0.043736345706353826,0.025697570962796686,0.034986823716395346,0.010362610796447841,0.018009147110555672,0.04975867109611529,0.004901633010590687,0.025479638487403297,0.026037289592006897,0.019814664744829274,0.004611114839081644,0.0066792311843463315,0.0,0.01366149660144631,0.0,0.0063779154286615555,0.003008198885577116,0.03022551737803693,0.013712591600514643,0.008594750005463711,0.006949443089184126,0.0016580606943449592,0.0,0.009413464633674607,0.027251951530378193,0.03416026668927239,0.0,0.019571006366445036,0.03383743854553808,0.010154947049635,0.009631998655165038,0.03498507977851534,0.01570098475079133,0.005998772024577285,0.02900631722410417,0.05759789859472335,0.014260800885840799,0.08285854476063337,0.022550668559616616,0.053498814330534696,0.07330709160632194,0.0,0.07992743422140387,0.023273477423840568,0.0247405396575685,0.009618149479893324,0.01990652852316475,0.05214259098564921,0.01695038029938667,0.017717087588970743,0.04593172498254609,0.0003947562531679442,0.005622020959677292,0.01467850635088558,0.010478440543403553,0.021194671294172667,0.027418283056940967,0.006088307878055591,0.004778036195221916,0.019549123221408227,0.008066845824369744,0.0,0.0033678095610627417,0.0,0.006009501633329221,0.0007205314891396901,0.027344327837094565,0.00725837352290026,0.014110961084572417,0.013051718156899178,0.032086873066692875,0.01124977158411102,0.02486625822454087,0.011981371699300183,0.006062603294138013,0.01845470170089496,0.013259161702614475,0.00453457658316069,0.013714296660653491,0.024990433679816872,0.008133794379112233,0.008171381247021086,0.02132150907238676,0.03017583645849745,0.004215149618292091,0.03558983342478473,0.009799931421919542,0.0475247093336379,0.006124547610592637,0.0111146284864612,0.012381132699605253,0.016823289167497153,0.006438159029096268,0.023920335168272345,0.007418249069990524,0.050569027494145186,0.017943637879080238,0.008830459872421538,0.023625287050234107,0.046152850464959615,0.027759686442070074,0.008663893959977959,0.013277914988139312,0.0620877500020554,0.02620213109933733,0.0203582227465455,0.08045071768249079,0.006581082872488896,0.004890133208890232,0.02665153701966169,0.01909266511330496,0.02572084905609439,0.03438032498695426,0.010028565703364757,0.03455088329551922,0.12837931743404052,0.050384613057811375,0.04486337435358212,0.04746557844432089,0.06566563691934818,0.03132876116313773,0.008987038765414792
46,0.012562187633797836,0.004606696681522965,0.02198324236138467,0.029843405674703328,0.05109388105277324,0.0017100445841221486,0.0,0.003828592731643063,0.007842152803405706,0.03923100937235964,0.007848574299000915,0.004969056075613788,0.016702688154871914,0.0028036141651530903,0.009831224094956287,0.011970756363534818,0.014599781147980252,0.0013207602183168475,7.463129458898335e-05,0.0,0.002908198747532141,0.017251517848108595,0.017174413039253395,0.026522342953776715,0.01393583036850248,0.016061496867212737,0.013276372002658882,0.008042182130901387,0.03478517593044241,0.034685830855623635,0.01773531423483493,0.023119270438913535,0.01682107998983636,0.030066781861047442,0.011312812923990999,0.03538119454975279,0.004617465826056154,0.013700270714822216,0.019898543699242457,0.005772635716018363,0.0014122084620901156,0.0397827819375488,0.019898446148002454,0.01225796243359669,0.021949293517570783,0.07992743422140387,0.0,0.04125345493541244,0.053995288272737425,0.04413636973105724,0.0026257853679532797,0.03835260225768289,0.0,0.02153597054573352,0.0013128760657993258,0.03338528103083549,0.013779782955179348,0.003843659003518947,0.008327941865200287,0.00803002476666429,0.015434496955943329,0.003146009133579667,0.019416094276279106,0.02803164308282481,0.02044753197066687,0.016650389833208983,0.0,0.03300581086829556,0.024433284853803167,0.0009406280268973266,0.03883979907342866,0.0053095050345837985,0.023934321722328306,0.0129224625484355,0.008438187418226014,0.0066223918029053135,0.00922772642192998,0.002235979001389303,0.020486508684366467,0.024227235324003026,0.004843920480659886,0.00269864655901198,0.013645846261951962,0.008373736834703492,0.014873003964739557,0.0009749566516674689,0.00899924583186284,0.003375118253382354,0.010298252315573499,0.02976696653962843,0.007288721601517248,0.016554999244284926,0.006113607301364356,0.005641675115241813,0.017211612969914577,0.02058999353508958,0.010289947801673716,0.011042519519841351,0.0,0.01791330792862676,0.03311811690925044,0.002817655729808775,0.0119460192832523,0.0006281339447615907,0.005206444292171542,0.014816282138839265,0.0015052659725645085,0.005002764686546971,0.0,0.0019365568685082513,0.03127808656904729,0.0034183254919614276,0.01350958952594619,0.0068638347991848234,0.025539740260177347,0.0005030558839574414,0.02067094164125959,0.017465850460335604,0.01939814345853575,0.01886863071566648,0.03506334573330996,0.003200990662322729,0.07627481326501309,0.014997581889323718,0.022439866664584664,0.0076684843679238925
47,0.01682896487235739,0.01985716152870106,0.03863892042999561,0.012953450869663334,0.005463791873260097,0.05700909776059126,0.013846427579835974,0.023538178218606296,0.018790461408407667,0.020074369367908306,0.0002244284044893184,0.003688177845541358,0.029328797491308393,0.004405463969477793,0.009882266208224527,0.004904484630822885,0.008071219924356046,0.0,0.02053928253207295,0.008047551046727334,0.03415483742757884,0.011818926522747162,0.0060733939850016235,0.004061544278332437,0.006350546397539917,0.011228605211296384,0.015388636851377238,0.011703382747602846,0.013610355272019651,0.006048681231117679,0.0,0.004003946662561225,0.011422574964982427,0.01275519012029299,0.008626582420465516,0.00547717038940892,0.01070275329869859,0.01815434044427155,0.03713057806559443,0.02916017165626989,0.005593442023027628,0.005187727849936387,0.006608773628700322,0.014425644978514514,0.013607928143471937,0.023273477423840568,0.04125345493541244,0.0,0.10576539106397832,0.06931006935402478,0.0,0.006845968450563313,0.017536557583025365,0.0001810593445849395,0.007079090591183558,0.017170992945189503,0.014294902583310298,0.009889294428304374,0.028110276324500822,0.009374851058998768,0.018898598341948847,0.03909500388319198,0.03131444521314556,0.0,0.008111879369237228,0.0043047502157631985,0.008366460112956657,0.013968651923303809,0.01583408121415642,0.00014119498449650724,0.02933118868586083,0.009865589660148688,0.012156981551276275,0.012235990414718238,0.010523474285416373,0.01704798983742412,0.011240483123675125,0.014014898302868402,0.02902023893195462,0.006789045269985835,0.003679168761594777,0.01591951219102967,0.00888715517172407,0.005460116026534668,0.0017592901344616002,0.001379644669224164,0.009672282789880221,0.00826786331220159,0.022168121302563962,0.003783097122476087,0.0028713551200530256,0.0011326847875151279,0.019029200473498216,0.014370384104920728,0.01315418953237411,0.00530788740412052,0.013791966984538502,0.00568856862547793,0.002346268429827576,0.026254397670977335,0.0049614085494246694,0.005751660975371743,0.014515748663858553,0.010025330014924541,0.03702073096493524,0.0055920871898625275,0.003953149230764721,0.00607488847791567,0.0,0.004018168777889745,0.06307275932420638,0.021548238045184104,0.014707606852482853,0.027124801057968027,0.008756784624663163,0.020550438085193568,0.013001844577561998,0.018025570982683675,0.039286195097194915,0.0038082375593373715,0.021491615361328518,0.06864311648747914,0.01339380266940419,0.037249168728448766,0.04476171818855071,0.007417116318758413
48,0.024486801592174583,0.003961524144134583,0.05185567991927243,0.024410443985062702,0.07144994954989312,0.14214815740102954,0.0,0.027905838151303812,0.011457752107899314,0.06489371520763791,0.009157837181175764,0.006120076922667285,0.002370296788905825,0.02072466171420755,0.04015894505574904,0.0019221071855792572,0.0016795625111533116,0.013532254315839173,0.0011653613543810904,0.0,0.015982992564735423,0.005149831586355338,0.023985104875704762,0.017279271374131964,0.034226208895271434,0.01921145272619177,0.012099754093672721,0.025978121551057314,0.006109633578373925,0.013078433537863258,0.0317919081826237,0.0,0.0009902385658088534,0.004072475536219596,0.014767824934336362,0.027241491879875353,0.00991718970632185,0.039034410600101724,0.04085842026680352,0.002563356768733523,0.0703054013824649,0.04952798201646222,0.016391158126058975,0.029184219788828427,0.020850452115492225,0.0247405396575685,0.053995288272737425,0.10576539106397832,0.0,0.1380220573118176,0.007030011614651187,0.023875717698324573,0.013809307853118674,0.015578316100044873,0.028622900128013842,0.010668953092096683,0.02784625637138771,0.011693327969137272,0.09432395868251689,0.0066058694866250834,0.004239490796741085,0.011830809104334455,0.024748979467734245,0.003650532684493366,0.004157541733957567,0.024544887795228093,0.03532536675718918,0.0,0.01752201725378358,0.04376945934473132,0.017518979953161744,0.019906795653671396,0.02037834967435117,0.014770876774726115,0.022057676046826354,0.006334925725870018,0.02056239053446634,0.02187194890593054,0.026405202044709614,0.04007955548231852,0.0,0.008688765852444791,0.017674920422829966,0.001740379632996867,0.013808007190488204,0.0052581760565458355,0.01862033964758234,0.0214214503111191,0.036966411380040975,0.019910135991096294,0.042801053842601085,0.036808641661480686,0.02270131373260004,3.1754737074580794e-05,0.00345623263292104,0.0047409669998289905,0.0012803178828552227,0.0055307256148196095,0.0,0.007700467624900319,0.016426465612426503,0.0004257089133995455,0.022155332380501915,0.00042162252865408147,0.014953545085412905,0.012614300043154027,0.0037627218573941714,0.05142737793419424,0.009121806809304371,0.0,0.12787697709599954,0.01282682134179867,0.038433982326173975,0.008383357792687505,0.023515515940120916,0.02640939057187099,0.00757878430715554,0.021149028552881588,0.10045938296994378,0.038561478397667305,0.14809363173522536,0.05810059957471632,0.05060712440497642,0.006289177443573427,0.027090235858390058,0.0210600605200246
49,0.010543500499729203,0.0005491051629472224,0.01593193679241158,0.018395079541058665,0.04782378450644662,0.06369807603800519,0.00348617005891459,0.018497723268355554,0.018317944975559042,0.0041285827960519895,0.014982584389598992,0.0116319763169774,0.030220919002435533,0.039988702766204476,0.013767661218616306,0.0,0.0017944481073106163,0.025661433016939874,0.008599044008741638,0.017920980429184902,0.01386455614828188,0.0020035685306998056,0.0020692870062033806,0.015136701985949333,0.008040755735734099,0.02968741027985139,0.027041104988950643,0.0029569978429086576,0.0034970963783306653,0.010771332205970274,0.002642328489017514,0.00976169007232537,0.04956686970459719,0.0,0.019161282578580578,0.017603616538332714,0.03515456023224429,0.03652708177251438,0.02338866753837718,0.03655946387937398,0.011400794662255152,0.0019170576580433767,0.02068642420470962,0.010754622202334566,0.01828543624385412,0.009618149479893324,0.04413636973105724,0.06931006935402478,0.1380220573118176,0.0,0.05277803357252027,0.0235876947605985,0.02530006473876416,0.025161017324308737,0.012028273221094007,0.008548165266077126,0.010026898467089849,0.023471610279801106,0.01406644737265664,0.014769961273605229,0.01211773000975437,0.012538856405228033,0.012004860668248409,0.027435278627900062,0.016824864269044844,0.004810159311095451,0.03401004965954277,0.006123647546575887,0.015787504757247512,0.013191007594744014,0.019105480859586986,0.019874787563856248,0.001799166996003908,0.0022146645965502353,0.01239562553110637,0.004510220766101798,0.004765289922249994,0.006697502673533171,0.0028253008538395366,0.010482661399622964,0.0030368610091613636,0.009163445872878116,0.0,0.024974704468296423,0.015673016197978503,0.0033089763614172984,0.001977869294439516,0.0030400077362734926,0.023192131026675188,0.013401836606006532,0.02127324716744136,0.006383061475385216,0.015017103579659396,0.005858189570654374,0.01807203743668657,0.007065302073030989,0.010174261998661595,0.0008325361417907692,0.003416459319122894,0.016192750784348387,0.012355358120273868,0.0031556708759904574,0.001108610029475759,0.009532927543852631,0.009614848068862954,0.04648118895786963,0.007151702552952931,0.013463040043033654,0.013182381423764336,0.013279971011642295,0.004474340993083278,0.005310009127793713,0.0586602757132015,0.016588486511733263,0.010021878942931979,0.03006516245621606,0.02906693491344485,0.019422240557773023,0.019626457406139403,0.00997445253088831,0.05399570595713362,0.04435684341665093,0.017305173138934205,0.0030989449654411014,0.04228959488519595,0.003990419284705108
50,0.005025204611413719,0.00010461963323933084,0.035685907948323374,0.016089238278900343,0.0001500985298800352,0.0,0.011172655596136442,0.0016074523847191644,0.009869820387591753,0.012850186468018469,0.008690961764269785,0.01847562299094928,0.021330462046899826,0.003713012181787712,0.0048054996765480315,0.0,0.004217627268016393,0.0,0.0033300733044737576,0.0,0.0,0.003460015988386735,0.0,0.014689420339685932,0.016644951052831165,0.00575955309969606,0.009957783170615804,0.0068041965873460826,0.03354936830349458,0.004352781794835907,0.0,0.022246317612050905,0.024919118889640306,0.022144004595218952,0.018642740851813777,0.002157144359863691,0.0,0.018485289168756507,0.029104673361451512,0.020631456848888972,0.0180470120152868,0.02373663431321686,0.028822210416188838,0.029717391834613815,0.0,0.01990652852316475,0.0026257853679532797,0.0,0.007030011614651187,0.05277803357252027,0.0,0.022722542540899667,0.028833335265654323,0.021051328362548197,0.006340935271387298,0.023123055131375848,0.00350162443279158,0.015511481645811974,0.0,0.010822829057289055,0.0008735263132839641,0.00958609257209517,0.0,0.00783462253591231,0.007644909231848576,0.0,0.013656094998294866,0.007890622730239303,0.017543780103968395,0.0,0.02504575273509373,0.01708757117090685,0.009002944709736989,0.018395278863255562,0.0019237641266846063,0.016089886649932533,0.0,0.005134491110672597,0.013691160969810278,0.040355941656358044,0.0313147338629416,0.0,0.016305350035305224,0.023424373026144953,0.0,0.00886287621022026,0.0,0.028109225230351757,0.003016220492906251,0.014861684159334925,0.02987226571456601,0.01377308499380087,0.01630443430441885,0.01320156097368562,0.0069742622590454155,0.0,0.014041847811650623,0.024790391650594778,0.03982412366850213,0.0,0.014041405419378348,0.0,0.019199246421281405,0.00029103144168076594,0.006357313704455144,0.002362965825279782,0.0,0.01737260034570257,0.0023801893358554164,0.00968899588243891,0.0,0.008185955821712413,0.00835595368391985,0.0,0.0,0.0,0.0035045780393736575,0.057260011005161954,0.01622004320779549,0.0606858263615963,0.030569901461007586,0.0242697521825324,0.024443575422793216,0.018655949793951764,0.005028036666575691,0.007520171086383376
51,0.008764504254167253,0.022004739734411197,0.03824434841189802,0.019805344275144725,0.0750959600817504,0.03760655484185215,0.007023338579805186,0.010466721540495999,0.0032311387733975857,0.04748937433140178,0.02467382802574546,0.009743171344261045,0.0037595099605321532,0.06361754738470693,0.003674959031604867,0.012191891828208382,0.0,0.012480505245542811,0.0,0.013557446072160927,0.019559202322550158,0.010855507543626713,0.03016065489190218,0.019057219874132926,0.009379477648183188,0.013882947346777322,0.003992951020450101,0.019533203415227185,0.028594359407717866,0.031567893026255886,0.00138143532208203,0.027734289259259613,0.0373792102430907,0.053691636700250706,0.0,0.00027062131567110825,0.0007551059215964646,0.044753270566329,0.011411797269699295,0.005511142460699215,0.01659986447040461,0.023629708656960038,0.0348226358340274,0.0046953159877651885,0.02972625652653897,0.05214259098564921,0.03835260225768289,0.006845968450563313,0.023875717698324573,0.0235876947605985,0.022722542540899667,0.0,0.017636795548783016,0.02097749021842593,0.005335441056148651,0.02835694292578838,0.0016342843229770893,0.021101596901796787,0.04321429767928959,0.0,0.02270681610424135,0.004700728563873575,0.0001261054211226281,0.005286928131976899,0.003308647960268741,0.0,0.006555278424395369,0.0,0.0085970465157214,0.003944587931392456,0.02890280599691879,0.010754786100697914,0.0146040654499732,0.04978306276132856,0.01305763693045315,0.007573428870635303,0.018996440092002048,0.011250512570868931,0.010806283379093366,0.013833023834110702,0.004331108411546825,0.04150536440536627,0.013588077480836661,0.035232937063672885,0.004805158026264685,0.04594570059952101,0.013876945210864147,0.06134119439562794,0.07115484455278683,0.031091518994629554,0.052760493905458415,0.07252678180440986,0.019433265870984786,0.017218212173381126,0.0003536205328448305,0.016340499683371427,0.03499978556364204,0.005169309277464182,0.019210175225128762,0.009698491390858544,0.03895306120435709,0.003665667213321284,0.010390493136901905,0.018427864887829166,0.027978957979106333,0.018747609791276335,0.006820485743883163,0.016177595747258633,0.016257083609767402,0.002484637634182244,0.034634384325690604,0.00025998049434802664,0.025470234550077284,0.004013064197212619,0.012228202631432225,0.014795691810718544,0.028160140070157137,0.001978102960238885,0.020484274778949395,0.03991815119862002,0.0731022948669211,0.03406783505297884,0.024472664035229744,0.036629759322099,0.12533463892317323,0.01968719293794885
52,0.005575982760860534,0.013397867510644071,0.0,0.02516279446462624,0.01078752507552001,0.0073315980546446785,0.010656102360228691,0.003831766665066811,0.009036184141113856,0.005965699481337992,0.020428669931458362,0.0,0.006078828597702721,0.009578712823863288,0.050574331274490035,0.02068976288221201,0.00187224933332852,0.020862350320535895,0.0021894813267094113,0.01728679271959393,0.010853008636878774,0.04178003515371615,0.009869571205058034,0.015428767851602597,0.01714762830254573,0.019627636891556402,0.016903391454054718,0.02384492330594329,0.03791497919126135,0.0,0.012548663668724824,0.0317077944403999,0.04849702927813342,0.0073785486208974675,0.001032960616565339,0.017856645409192285,0.0,0.006428296632878023,0.016418074508178684,0.05626730634408867,0.007321009664098702,0.020058947656499293,0.01651467987321374,0.014147869753599952,0.009721474917058336,0.01695038029938667,0.0,0.017536557583025365,0.013809307853118674,0.02530006473876416,0.028833335265654323,0.017636795548783016,0.0,0.08558557978126224,0.009684636119515033,0.008049297743607381,0.0,0.001228127966041094,0.0,0.0,0.0,0.0,0.007979473510157839,0.01577569066738944,0.009407941109027344,0.022501825009329676,0.018779722002898708,0.0,0.0,0.00420520561480793,0.0055374029331208005,0.0,0.02304508512291991,0.01733106207675687,0.01571886627134149,0.00723841385587206,0.015019262244679638,0.0,0.009852562796043532,0.0,0.0,0.021651712987602968,0.0008618797060496526,0.008300192956395303,0.005943770568602025,0.0,0.013756744589838305,0.011583870112618827,0.007141775315527502,0.009737732766209609,0.006236631834398556,0.0,0.02579005750646041,0.02438382868899129,0.0,0.019880950027679634,0.0,0.003299855861937439,0.013061935952475469,0.0056900225977969355,0.008663554081198259,0.03320508529277736,0.0,0.01445776401659002,0.0007601360154045699,0.012271575790390324,0.0,0.01922138677599114,0.016047028879839543,0.013601799386323435,0.0010636244038357808,0.001701157978377,0.004805810383232022,0.0,0.0,0.011061327364335462,0.0015935945531284706,0.013707266221561945,0.026453826568783947,0.04898883676509197,0.022338069639977493,0.036570458004835917,0.010209859962987414,0.006678042570197627,0.010522434453517334,0.0
53,0.011402391581884521,0.0041489618214753604,0.03169963188517039,0.024703632877617242,0.02462201628652209,0.00831998311865024,0.004416550151248041,0.000756205154153966,0.013586566925304007,0.0012136899546339544,0.021014569468268133,0.019178405514016807,0.0,0.00012018818811664721,7.192228845717677e-05,0.0012478006071362478,0.005341553003652207,0.00046954653838746405,0.0,0.010897538676586195,0.016246294190647916,2.3911007852403727e-05,0.001104801204402792,0.019945888763742654,0.007770071962676698,0.0016490929666739924,0.013092975990368115,0.002051469398195594,0.015330881446060393,0.007817106604502709,0.0,0.004918867583876247,0.05554347631469765,0.024720743727392074,0.0033442176576032145,0.006063613579830787,0.001952255326848604,0.02384683419713552,0.014768596568061435,0.018493592163892455,0.0015505521438598428,0.005426764221054593,0.01876123442024596,0.014128344317717442,0.006666978053299979,0.017717087588970743,0.02153597054573352,0.0001810593445849395,0.015578316100044873,0.025161017324308737,0.021051328362548197,0.02097749021842593,0.08558557978126224,0.0,0.02424947083476393,0.010044855164421298,0.00117115886489406,0.015565989908165961,0.016234539535200876,0.008351006693244572,0.02482893171688213,0.008731114189382522,0.003072714739144394,0.0025701261657537756,0.010393135516866063,0.0,0.021073557786076013,0.01817821585751978,0.0024831272624234605,0.01642880817033525,0.006591035391456889,0.006892014878381509,0.005848610305678592,0.029887135287151124,0.01216316639305643,0.022740997083084913,0.020645375509406823,0.007576764433290093,0.02190798274297748,0.02642760162487804,0.005229662887727091,0.009330510041756758,0.0008126019110508751,0.0002398415847953656,0.004502190589526469,0.0010060382205926038,0.0008878111958788106,0.01342225255753904,0.018284615370083506,0.0036968124422427913,0.0025405233106320442,0.02182792697729743,0.0340343545235066,0.014181733529627679,0.002512178918894118,0.0011717650276407495,0.017460032946695497,0.00352860523726012,0.0,0.023435872344334682,0.01778053530973283,0.011996534433486675,0.027826726877995995,0.0077183619401296625,0.02563638517556514,0.030396393080717198,0.00339571866913916,0.01738789926208049,0.0,0.0031049531603274208,0.02640351117052771,0.030340990829675955,0.002249932108432797,0.004737511252688483,0.010136910077123598,0.0018648444045077145,0.017269663111607016,0.006976747181385661,0.014305390167672457,0.0337093175884346,0.0314184856689663,0.04321294172907513,0.010313251642954555,0.017086199850069577,0.0070859693652505435,0.011055298596211783
54,0.00933416753512126,0.03089468127815251,0.016126784052144353,0.016272775664139632,0.022730336706171403,0.04057170223661395,0.009626017906565393,0.010957513976267956,0.008078521531368635,0.01290408717999678,0.005937331657900311,0.025290410833335022,0.0,0.0006755519726178501,0.017128083766514774,0.0,0.0032517868374648553,0.011805049616395644,0.0,0.0,0.004454698183188386,0.015867731945967734,0.015518450758291162,0.007339573301909588,0.0017740397469943952,0.01188043757672939,0.013446709252631254,0.012707938637250282,0.002492676543612657,0.017665469001717258,0.027585282163979548,0.015062862260816646,0.009383495835061869,0.015326645536784428,0.0,0.032649185209411215,0.01765601878283185,0.017695587956645692,0.014075437750925325,0.005972665885073314,0.03513496215394805,0.033298948488184675,0.0056835146264735325,0.011189980164995478,0.026853806305903286,0.04593172498254609,0.0013128760657993258,0.007079090591183558,0.028622900128013842,0.012028273221094007,0.006340935271387298,0.005335441056148651,0.009684636119515033,0.02424947083476393,0.0,0.01518144917911542,0.01877629011641794,0.02130655938348549,0.014407164174716667,0.006442217052474487,0.023423933201939005,0.0003641679521148002,0.014675502164058168,0.019099476815408908,0.0049275156869200915,0.014604591650340308,0.00372533281065193,0.014058943313514902,0.031693106367887046,0.0015514130223189776,0.00953799471005217,0.010001564235499028,0.01831461200933559,0.02417429883537954,0.006238155566302082,0.011088265064121987,0.005287611614766015,0.025896494868825025,0.017898004600131714,0.0019994873683751267,0.0,0.0008052332208044775,0.010477893174597299,0.020300033970650957,0.0024530673130361198,0.014161511595059647,0.024755759744938023,0.006968171030607158,0.003415613165440214,0.00016134457030273104,0.001895820084549257,1.532711462609208e-06,0.022535273203729708,0.0046167233610404325,0.0017581927368280942,0.009569496454209984,0.005322955372786267,0.03161211599738207,0.016366099343311933,0.013618879214190176,0.015027572064674954,0.0152769872977357,0.015438988495279084,0.010478086387180683,0.014086838117341518,0.04109209923005443,0.006491303178735072,0.0016851174263528002,0.009462312069154172,0.013047743720837196,0.033529480877352004,0.036117028687503445,0.007130019199172895,0.008490809995290897,0.040281636310039906,0.027304249853876413,0.029540744751814917,0.0010723305705047888,0.01838073788547723,0.010073474685106356,0.01763120734865703,0.01655315878164595,0.02954410770670986,0.013490632468385298,0.021586516950138135,0.013488460873726751
55,0.014957497847217631,0.0029604475319156415,0.004609805649801331,0.04689718206145072,0.015012496490305392,0.011457872437425527,0.05872414519473531,0.00707130984969957,0.026141885209773813,0.008177968968714505,0.011623613551250796,0.0013478204429769175,0.014637441312507316,0.014666475050784498,0.0072987270188484684,0.005439168994884711,0.012214022836824058,0.0076741774835456834,0.0,0.03907067961284293,0.021662324369176908,0.00801605425869908,0.010356338446822209,0.02044710301882814,0.0030441646988529024,0.03693225343769368,0.0,0.0033015622621910315,0.008482193441453746,0.005608595260036804,0.0,0.007544024993450108,0.002168610222653014,0.004410933433637479,0.0066620340937820115,0.002331839679713258,0.025379219778616655,0.01651505258869017,0.007795160946673784,0.02493051554528876,0.02043617916373835,0.004157123869287206,0.006234405692578164,0.033518280066898845,0.0024845576953245333,0.0003947562531679442,0.03338528103083549,0.017170992945189503,0.010668953092096683,0.008548165266077126,0.023123055131375848,0.02835694292578838,0.008049297743607381,0.010044855164421298,0.01518144917911542,0.0,0.06657143951016141,0.0,0.03688256385644315,0.01335645212466092,0.009824139613237234,0.011117282952301374,0.026751430862691453,0.008006821081308561,0.008883919243895706,0.0205990746400276,0.0050993809847570525,0.014998436507788678,0.005134035461988748,0.0060252268295336335,0.024993795856691054,0.0004987592930433462,0.017279938061140827,0.019521732813561787,0.012284445719009477,0.0022145939873453838,0.0027815801604286826,0.005116523985637558,0.012850627290224854,0.004603219255923623,0.0,0.01626909003437653,0.013360066451292136,0.017916364255261726,0.011281028198755066,0.011804454046498625,0.007734998307606616,0.011562273633229241,0.006547961030811691,0.006608462276993657,0.054249232189285006,0.025906913602835452,0.0030580381811493116,0.004743076160107469,0.008689768820562813,0.013373154137424282,0.021568496187547574,0.017230703592396774,0.009174823721216268,0.024078452922991076,0.006440898821034579,0.0012193484314026426,0.004130847971468428,0.03575028911881184,0.021267912256348488,0.015097471253608084,0.009844744096543933,0.0005422941746292612,0.01587163953984182,0.018706491747266386,0.0263309116367238,0.02638074870635561,0.015263796449037892,0.010403260093663805,0.0016993929006505618,0.006669316827823898,0.010158578494652326,0.02764739843874305,0.030099679612134753,0.0011795866434879377,0.04023140719108939,0.03774728793349035,0.0219094040646138,0.008185451517999787,0.014812394445044738,0.0005330798214550716
56,0.020490528500318902,0.019365789974222437,0.021953380087095884,0.013569429980108263,0.023655063293724292,0.004691994579642333,0.008861664023892607,0.007575845407202096,0.0031540146209491373,0.01127292714355123,0.0068860776461601506,0.014256877563073277,0.006110707341279258,0.01763621241443909,0.03168706682125805,0.0,0.0,0.01375938211057361,0.006433231198866291,0.0011213058837158266,0.003370180824799721,0.005366555242653536,0.013554270106816636,0.027881790072868628,0.011936720811229201,0.01702164618950002,0.010889745532907308,0.02409178111532908,0.016946006005063352,0.0018064740701292847,0.02549676919019304,0.031731696674654475,0.011653864514228248,0.006766185468152043,0.006773646584421833,0.011596258266109128,0.019172922171521445,0.006519286660579387,0.008886429863806247,0.007563604429320392,0.0026956677235904195,0.012705642192093986,0.0027337519671458764,0.003832379413194299,0.005733833562419238,0.005622020959677292,0.013779782955179348,0.014294902583310298,0.02784625637138771,0.010026898467089849,0.00350162443279158,0.0016342843229770893,0.0,0.00117115886489406,0.01877629011641794,0.06657143951016141,0.0,0.07447454928605375,0.03131827441446524,0.0,0.0007320181231147212,0.0054886803356897435,0.003789322303585646,0.0,0.0,0.005840179559325216,0.008573021081400563,0.011022696948600544,0.012323077818455597,0.01263182461154745,0.010912759855620657,0.004002561424434661,0.0016391659209015073,0.005783566825480761,0.028120451386664722,0.020892457258893438,0.014127953694690887,0.0073936276471884,0.02184569127463168,0.01427707327055799,0.0,6.268879623534497e-05,0.004879860321975175,0.025034596006016277,0.026698957216608702,0.029593108783093174,0.0019068750989818398,0.010511992119186324,0.014868070690714245,0.0013459959197900826,0.007962294379399309,0.024076519680007562,0.02003250202993274,0.042148217390816284,0.006737093211099578,0.023163848874661462,0.0003313096764054073,0.005452252448209591,0.0010917198116214284,0.004115259958796751,0.009525464323155399,0.015115031334777101,0.028785209051206826,0.0031978778833153046,0.005178898937018103,0.01623512457884563,0.04981803097147909,0.0209957640023934,0.0,0.012973162912019151,0.00826812134133526,0.0033239869326839666,0.005611787009903392,0.042017336915850856,0.009362173486934624,0.02676683057428488,0.012893604295280059,0.005568440684718097,0.01867406371425923,0.016278709744948484,0.02089281520984271,0.0327503993490523,0.034115665489121566,0.003749570876733971,0.0017619589537548133,0.012250328648402219
57,0.006070421772197417,0.02492171649449901,0.0026404937501087115,0.0018720393018956032,0.0006239310268189383,0.019631661052331734,0.0075149724760341235,0.0036274795611778436,0.01883734310072653,0.015530603074572028,0.022517512932359783,0.016597303197777705,0.0,0.00114954875667013,0.001157318519126991,0.0,0.02336407028287056,0.018477648698330348,0.01870042787470353,0.027887470742310346,0.013099666041508978,0.013935923677708881,0.002887454066462291,0.00015330939263250734,0.00045715708209337195,0.005332303995846121,0.0024077118483179613,0.03301288605528798,0.004525633784088593,0.0017570581562419358,0.0034622404532053184,0.01151187316974545,0.0,0.0,8.643174276124594e-05,0.0,0.02552789667155038,0.014303808764718363,0.013276326389697925,0.0,0.0,0.0,0.0014848747219847894,0.0053515631546868425,0.0,0.01467850635088558,0.003843659003518947,0.009889294428304374,0.011693327969137272,0.023471610279801106,0.015511481645811974,0.021101596901796787,0.001228127966041094,0.015565989908165961,0.02130655938348549,0.0,0.07447454928605375,0.0,0.014747146720732615,0.010535068146761434,0.006399749480939643,0.0013528653887690386,0.015673904840602184,0.0,0.0,0.023974975159536633,0.0,0.014330143814656639,0.0,0.0072247729462185965,0.010398896620998839,0.032161704442360245,0.009530297526568692,0.0,0.019351237083722342,0.0040936184484668655,0.0026100764335416694,0.001389872880204153,0.026259194705253636,0.016876548907138373,0.006993537171572843,0.020607052260104473,0.013260761100710297,0.012646390663455739,0.026874794709091116,7.366860912886117e-05,0.011964077244161125,0.01729487725496167,0.0026943613643214672,0.017899515544476108,0.0,0.0,0.012216616966044369,0.026049733358702563,0.010702046825623833,0.0,0.014219569001265973,0.015642436635195236,0.021735688210010616,0.015180611823535124,0.0,0.004102209829598228,0.009594882398837833,0.009870544280704073,0.008480045215498812,0.007285364413994187,0.0147070454519053,0.028860319792237073,0.007223279319866371,0.003145593580255929,0.02961061230849951,0.0,0.0005271018520364157,0.005313515709337967,0.0134757448039148,0.00515722488391756,0.0,0.015591985589927545,0.0030419648817874793,0.0,0.005700181512790486,0.007711066662504108,0.018149387472363755,0.0,0.007245347280579735,0.0
58,0.0239534399633408,0.003860699569340864,0.01949575555591288,0.0014622587254037038,0.014146878250020138,0.037948950210263024,0.0016646562239346406,0.009904472374662443,0.007449533216565992,0.017896089847123736,0.01835602219123587,0.025559816646437902,0.0015669887078165368,0.0096080361280163,0.002080668702778433,0.020099778570943413,0.005005298777081434,0.011096824262748616,0.019204049088282615,0.0073678157599743055,0.016895645079659054,0.0018519447474916368,0.018088999221892988,0.022032317446318412,0.02192899842067309,0.006745424426203156,0.008036079193201845,0.02659104093420842,0.030089884338074135,0.012265767222475483,0.011828155795517605,0.0016803121682439977,0.030192614609061502,0.008618091705438766,0.012089176961344306,0.013789022005789983,0.03939270116813771,0.03546093942074885,0.005240685827969732,0.039846979189818485,0.00927030603573044,0.001282465302664634,0.0029280641834474965,0.02018678067175382,0.006828250745629795,0.010478440543403553,0.008327941865200287,0.028110276324500822,0.09432395868251689,0.01406644737265664,0.0,0.04321429767928959,0.0,0.016234539535200876,0.014407164174716667,0.03688256385644315,0.03131827441446524,0.014747146720732615,0.0,0.003978648326619539,0.016300170684248622,0.02469593416957329,0.009808893846536621,0.01139253024464483,0.0,0.03482843705840267,0.013377617681342269,0.024661105110382216,0.016834010625262918,0.009932975640347041,0.04817292562376146,0.00940794708239998,0.003968528887206455,0.009441911828058615,0.010360360418011931,0.007350178074107923,0.0036555160750769092,0.00479188520379506,0.027895061653104118,0.015379414409801864,0.0,0.005786534135838095,0.01809054948251338,0.015469489493349538,0.00909672575314809,0.01399543205102729,0.0009467255452007559,0.028487533353952613,0.030052018646538316,0.01578635836360764,0.043038960623210526,0.031415099778997355,0.028962980406169594,0.002247250925088672,0.03874939108248354,0.032476895604749464,0.01281469290022796,0.02167255777277863,0.0,0.009797145161763166,0.010847985574585134,0.04844714066870067,0.01531663344656221,0.002390297073610148,0.006583244570719154,0.0030044118473419447,0.011923090582816168,0.015721798762078285,0.0020528842077161486,0.011436154811230738,0.05331473293579668,0.029072052538157502,0.0007068492063734392,0.009643015630207717,0.002456356711409157,0.005944796096582135,0.01796206861321879,0.01696535394692906,0.03509601517969586,0.025547429870440598,0.05996371723171479,0.032948414711913114,0.023788805893546074,0.0021850797914966164,0.024441931848661065,0.004468650377815893
59,0.025626535934758287,0.009890101519857685,0.004404420293268543,0.006111092080281638,0.02345521541089818,0.009934203014342167,0.026538699212220802,0.005334552638366921,0.0034876535317808974,0.0,0.008073905951190615,0.009308995911218592,0.0,0.022451656145393382,0.0051828961537168615,0.008268015540656164,0.0,0.024566433400419203,0.0,7.26823698815229e-05,0.02591660780597059,0.03215637842226677,0.028277959298417966,0.003133248296904613,0.0,0.005154526948264118,0.009849061176484838,0.0019034260597556598,0.0,0.0,0.0,0.009605440629781293,0.02061349976699627,0.004733966708467031,0.020797835571899678,0.0,0.013460545638595268,0.011330030065700297,0.008082826268301415,0.02803612942051137,0.006973157559844851,0.004320266886029973,0.01898094959307752,0.011635408944017907,0.005642915771016523,0.021194671294172667,0.00803002476666429,0.009374851058998768,0.0066058694866250834,0.014769961273605229,0.010822829057289055,0.0,0.0,0.008351006693244572,0.006442217052474487,0.01335645212466092,0.0,0.010535068146761434,0.003978648326619539,0.0,0.01219926149029696,0.019060222750053684,0.011551790167140905,0.0,0.0,0.014058516962642287,0.022299373399299254,0.015355142589932308,0.02134473619485142,0.005528164693575474,0.0025685955764966776,0.004600023442029448,0.0029785623433933204,0.0190306217637547,0.013903415374593907,0.0002705378348661852,0.0,0.002553412703069479,0.0,0.010617906588368376,0.01124002314080012,0.01626929563370891,0.031175941676519343,0.0,0.001426281192471207,0.012606188649185439,0.0014907073611924947,0.015143555304899149,0.0,0.0,0.014335966287818802,0.021104649713412357,0.028141358711819005,0.0031061271493894715,0.0,0.007414286787466581,0.011319316125262258,0.025676466399210906,0.01515359856729445,0.005215532793291216,0.019309856612702583,0.005290452390492039,0.0,0.004197129104866414,0.0007050344151392738,0.0,0.0,0.0,0.0016106467081286812,0.005217679698778168,0.0235637600859004,0.009008046698651465,0.015165842430152525,0.024006122509548776,0.022480938631527714,0.007178823545100263,0.017937954872717526,0.0007892920195333234,0.0,0.01263305846581911,0.004394922242788457,0.029822106535531464,0.010205980638172898,0.0,0.03090186596699854,0.02170921943051537
60,0.004172161915447039,0.001164513563151681,0.013071453016288133,0.008549530332050838,0.015608851984009003,0.011770952805903385,0.005121608607038897,0.012794681723908337,0.019236292430834245,0.010914094775301836,0.0004826693383876952,0.02715450185603999,0.005532458201242248,0.014642169915104959,0.014003608538453293,0.007796629455154409,0.004495421030126384,0.022351895538284705,0.03569165993208353,0.023208461437905618,0.007475678821335273,9.602323959101794e-05,0.007226847733407947,0.010684418072522663,0.007702854586858437,0.0009461969564793215,0.009241970312237203,0.00010688203690805974,0.0017959382632867884,0.011923767291676051,0.0,0.0029581887749067903,0.02052497683185304,0.00024379356423195902,0.0,0.006151968984269815,0.0492702930947098,0.01349757043736392,0.05780165269294902,0.017608951126234854,0.023857242627762003,0.013401029286123153,0.011567534261827777,0.0036122075592567022,0.00039133067867419373,0.027418283056940967,0.015434496955943329,0.018898598341948847,0.004239490796741085,0.01211773000975437,0.0008735263132839641,0.02270681610424135,0.0,0.02482893171688213,0.023423933201939005,0.009824139613237234,0.0007320181231147212,0.006399749480939643,0.016300170684248622,0.01219926149029696,0.0,0.07132240175652325,0.005666863027599042,0.010147795144666972,0.012094614505534122,0.030410646304697402,0.0,0.0,0.0007753736367282298,2.527120781495703e-05,0.017163804367270663,0.023253983138840438,0.016531801914604467,0.010255000968177955,0.012505340563882443,0.0007721757573418704,0.0025154381020796313,0.00037504201438777593,0.0060910165793109,0.019300678524725782,0.038576751416750224,0.0018464267968636235,0.005268622590438084,0.0009631604079135767,0.02532027805481057,0.008829108530625435,0.023640551657838297,0.04347575927654154,0.02258434847938422,0.02843696521768107,0.01760808880111541,0.021347274796850915,0.044135110011753464,0.019888489128045243,0.007957730400914274,0.0009994326145141902,0.0004826693383876952,0.0002888329085999376,0.0,0.006281689272018354,0.023806436783661428,0.0002179895104083582,0.024374688509962744,0.0008513319571147546,0.011575739124533404,0.006713801558059244,0.000165729980377759,0.0001457445056122445,0.0036835948004868657,0.007575427657056512,0.008648055613110588,0.002521441324258797,0.007738768529755586,0.006858063594140694,0.005426296882713938,0.006509699457458654,0.0366065968839063,0.012806343216526968,0.005140683438507397,0.009188842128139951,0.006714784847286425,0.00641131117284093,0.016241972134428243,0.01138506786638963,0.006881748438749995,0.016793619597398137
61,0.026394222451353436,0.021580867644721797,0.009492279547156106,0.001983833521577249,0.004163786055051708,0.00790980257859133,0.03512981812445467,0.01322912847944676,0.02153608156946537,0.006571665560388679,0.013101171040329622,0.0018230142208404373,0.013400449735484524,0.058524211674268904,0.005923621026834662,0.004910639426364693,0.022017757386098694,0.0,0.004678382108039418,0.005852494023813718,0.0001666956243545953,0.012719612555520555,0.0001666956243545953,0.006172842639072816,0.018788053890313714,0.0025450167397342615,0.0,0.002868560897442885,0.044440297257929966,0.010551560392432503,0.001814688748564328,0.004361493500523231,0.04015656756935838,0.007482333297348741,0.021943515384942824,0.012510918290544487,0.0031960398331520967,0.025614234492909633,0.015687551649841425,0.025086455051326048,0.033667682318923316,0.0106796297809431,0.021947027165688426,0.022389310887345366,0.011141063508354856,0.006088307878055591,0.003146009133579667,0.03909500388319198,0.011830809104334455,0.012538856405228033,0.00958609257209517,0.004700728563873575,0.0,0.008731114189382522,0.0003641679521148002,0.011117282952301374,0.0054886803356897435,0.0013528653887690386,0.02469593416957329,0.019060222750053684,0.07132240175652325,0.0,0.058187145780401794,0.01350591317051671,0.02914758945927239,0.03601363449107756,0.0200165211749556,0.009578373734837659,0.018059367079296406,0.01727757008886812,0.012957913405107534,0.009793976307167674,0.0244961437057723,0.010360997388383138,0.0023270180126961954,0.0364941347517611,0.004130548746120991,0.013058261301225534,0.03802407758967773,0.021460506226243414,0.0,0.0032065324108922705,0.0,0.0212230396939033,0.038658092563145584,0.0002083405990495466,0.001624602351578453,0.025657170317295815,0.02852051642961887,0.0640348773823223,0.017168749750626065,0.008196130903167481,0.00029916901930168016,0.029711505425971414,0.0035505815236581196,0.00436332169964001,0.011531117708460329,0.013978533397444884,0.008838881314919096,0.008829184811011073,0.00787655014999761,0.0002554155260049614,0.019416370012623814,0.008744120693102082,0.03253915843405207,0.008879446346406857,0.0046637478730770805,0.01702003308548746,0.007277259442517111,0.007394885396162756,0.008174909792083554,0.022207891795511133,0.015473346871735088,0.0008855301191767383,0.024097306766934338,0.019232102116935625,0.0083208565238494,0.027763116324546113,0.010895878414022215,0.008208142461499703,0.03910441120243442,0.007646345614672323,0.019349551603925368,0.02037868758862394,0.013175349685409163,0.038148198385390214
62,0.002406241379483241,0.01366020529651213,0.011467404869884545,0.0052936567542625325,0.015123090472120555,0.025810972414842478,0.0222901578677029,0.003343057527476115,0.02495200834563543,0.03247625901071662,0.01728751319382742,0.010268896206151727,0.0,0.0026740865565773814,0.015546374250110946,0.0018667219091943223,0.0007077452838772094,0.006292745724047058,0.014577042178296928,0.005512938581142382,0.008560075848522359,2.3911007852403727e-05,0.023237383619648697,0.002152842939743056,0.0034011543736736814,0.014634459518781591,0.010063459694618878,0.0029109885500969296,0.01011491570241792,0.010272462853906714,0.009066200318534197,0.0008568010109140599,0.024100187492331483,0.04392604185077015,0.013828883429352068,0.0015964357325327487,0.007658155062043099,0.018643697543828684,0.01917838686475322,0.016020724256977262,0.006844883732011387,0.0062271261633309065,0.012095792997805398,0.01670485373400285,0.002605286076136708,0.004778036195221916,0.019416094276279106,0.03131444521314556,0.024748979467734245,0.012004860668248409,0.0,0.0001261054211226281,0.007979473510157839,0.003072714739144394,0.014675502164058168,0.026751430862691453,0.003789322303585646,0.015673904840602184,0.009808893846536621,0.011551790167140905,0.005666863027599042,0.058187145780401794,0.0,0.0,0.001751747178429269,0.0,0.0,0.0055233673505474794,0.0009598710584113892,0.0002795686529847898,0.01810753359453616,0.00012018818811664721,0.020208614564665967,0.0028483630358184324,0.003668191898969075,0.009106386097562872,0.027678409616727094,0.00473519916900798,0.0002793423378527053,0.009095550310525427,0.0002773759121912584,0.019317254183556117,0.010012504446164031,0.0002398415847953656,0.02741938185529758,0.00960817282313008,0.00023297445700813101,0.0374684022311478,0.0033259685857979114,0.014308978989786685,0.030359531911579953,0.010607557201719759,0.028479925371749475,0.0025107509197012023,0.013704636167018551,0.00709019771841411,0.00707256608053677,0.0010415145081494209,0.02946936203918068,0.006490788193317843,0.015848243218575184,0.017921062339006828,0.018897805359706404,0.003401830295807068,0.017150772788253225,0.00023297445700813101,0.010184901117603087,0.00620762061340236,0.004680709882035048,0.0,0.00016351655450457038,0.007864604629357707,0.005319653871692637,0.0005336716966692803,0.0032418573365660622,0.009640613948024103,0.0066287886513257495,0.0062491999994042135,0.02226424512358907,0.02437700259327996,0.00974794795310507,0.007449796843722163,0.009678500191240787,0.033739441676839656,0.014290026594472338,0.026192858648788227
63,0.003214748974838654,0.0,0.0,0.0012006976134487115,0.02093314975568821,0.010111368143774231,0.014906757847306797,0.0,0.005363748147334465,0.0,0.005693689596630056,0.019443713477155865,0.012726340243381654,0.007363662861123294,0.018804065716372918,0.015121093999756465,0.013480777875052632,0.0,4.529287855605702e-05,0.0153201918546169,0.021272897485283514,0.02253504293991025,0.016704016316948893,0.007062831925746281,0.0333926474877835,0.020766816248075907,0.0,0.0058045496433126505,0.0,0.00819265946760377,0.018200344693838553,0.019967959266030663,0.00019573496472735945,0.004938097331976941,0.003650094099994023,0.008038970809306788,0.004530173061490387,0.009879305835373522,0.0028480208069033707,0.0020831511423249067,0.0,0.013322562882336488,0.00822845677993099,0.0015018128152641153,0.014104673042988512,0.019549123221408227,0.02803164308282481,0.0,0.003650532684493366,0.027435278627900062,0.00783462253591231,0.005286928131976899,0.01577569066738944,0.0025701261657537756,0.019099476815408908,0.008006821081308561,0.0,0.0,0.01139253024464483,0.0,0.010147795144666972,0.01350591317051671,0.0,0.0,0.030709415511926554,0.0,0.0014316020831951213,0.010046624228483039,0.004040397522613061,0.008065140763756666,0.003898394817417006,0.021309852833805903,0.0,0.0002934277469240164,0.004093533406246146,0.0010694723067051757,0.0,0.0,0.0015641625447637445,0.013803483033219674,0.0,0.01908698677206709,0.00416496365743335,0.004200476260362966,0.0234007388575058,0.003616450956240238,0.0,0.027284220446659062,0.0293037625594275,0.007368653514674525,0.013792525909749175,0.007333165201894588,0.0,0.0,0.011812015557414372,0.01505373425253289,0.013904335387657084,0.009833466447306228,0.0053270795858701096,0.02169387196335519,0.0,0.0,0.0,0.001259175981153623,0.00010951783025118649,0.008037505989986668,0.030042893039824405,0.008688839649821761,0.03135420357390873,0.0,0.0,0.0,0.020092318518861303,0.021718350427999272,0.002834350792688208,0.0,0.0,0.016212229236662847,0.0027110185792021155,0.009696232874509993,0.0020006099101858178,0.003081004431868156,0.015977510971795412,0.04714599620548672,0.008821739452183902,0.0024876690448178695
64,0.00405894533659755,0.009147381711612952,0.0,0.01998717291537722,0.016375063717716107,0.026415091732809464,0.006563106742962443,0.020289327600926273,0.011624790779060715,0.010638049771097094,0.010491248678938562,0.0010210094306529207,0.0006290375306635478,0.012830464166743848,0.03447446489996352,0.0,0.007849663256028323,0.014138130727863322,0.0,0.0,0.0,0.0009283615639735878,0.006214546138899334,0.004331220504742502,0.024486805082950272,0.0,0.02458959230957589,0.0037874934695186976,0.0,0.01960726768106633,0.006391751512869265,0.015561448974235595,0.005283297535528712,0.012057878208058082,0.014262716620611833,0.01746842320475097,0.0,0.011197522009056441,0.0041850230480941575,0.010068979931618167,0.003015482256955166,0.0,0.0010241815234024552,0.007871890977840537,0.0,0.008066845824369744,0.02044753197066687,0.008111879369237228,0.004157541733957567,0.016824864269044844,0.007644909231848576,0.003308647960268741,0.009407941109027344,0.010393135516866063,0.0049275156869200915,0.008883919243895706,0.0,0.0,0.0,0.0,0.012094614505534122,0.02914758945927239,0.001751747178429269,0.030709415511926554,0.0,0.005125853641520989,0.0,0.010990931897350778,0.012381732270697195,0.0,0.0032780559785549755,0.0,0.0,0.0,0.01565805655169944,0.0,0.00263547114272034,0.0015978277318787256,0.0015369520718620062,0.0,0.02559276216091982,0.0,0.0035788407542112557,0.008091878029184164,0.0,0.002860947541972751,0.008247431134119357,0.01416081748055865,0.0,0.021729479851259743,0.003030731345252792,0.011330665969258602,0.0077584756775008696,0.010872308758322114,0.0,0.00044325279777122846,0.0049567181355467125,0.0110483671192689,0.011199792388569748,0.018225931255812775,0.010945098761553154,0.004212489220092373,0.0038488955068914925,0.0024031236729363027,0.004617309697268998,0.0003226961941654596,0.0015784330461212255,0.0,0.024552947377000672,0.0,0.007618769515701438,0.010042640156969831,0.0,0.00929401593070814,0.002538879872268015,0.0,0.004610446874486431,0.0,0.006902663047175903,0.0,0.008888680777489126,0.018371876035672044,0.005727330714194996,0.0,0.025448600154497483,0.008871071697090093
65,0.002072188233076595,0.008338560445505338,0.004900816209906959,0.027349660812118537,0.01395163953559364,0.02464882048536355,0.0,0.022731261385963982,0.0033278536543986533,0.022021688980665758,0.009589567270970592,0.000853918426116888,0.0036930604107731435,0.010372377874086439,0.033074185126018917,0.0,0.01154076255081578,0.0,0.0011851983217495096,0.0,0.025029423460532194,0.014205731816229613,0.004834007265005881,0.018452973547095377,0.004198422594810622,0.0,0.008208305327026804,0.020570305064117236,0.016326575615388878,0.0,0.016223409323907374,0.0036939379692846252,0.009418149801846932,0.007944498377809209,0.020494263929314055,0.006653419437139195,0.015464413451553036,0.00762995389918112,0.0,3.026198742449744e-06,0.02933683648578558,0.0,0.024416788017764254,0.001977816387299702,0.0,0.0,0.016650389833208983,0.0043047502157631985,0.024544887795228093,0.004810159311095451,0.0,0.0,0.022501825009329676,0.0,0.014604591650340308,0.0205990746400276,0.005840179559325216,0.023974975159536633,0.03482843705840267,0.014058516962642287,0.030410646304697402,0.03601363449107756,0.0,0.0,0.005125853641520989,0.0,0.028311199966819484,0.015819726542721766,0.01606030491605431,0.015621572155379699,0.00024392191148799342,0.0,0.006455571575895922,0.001854283557325987,0.0,0.0,0.0,0.01027667087266337,0.008343705497139312,0.00468520537744595,0.013778109259967381,0.0,0.01397688573726196,0.0,0.005440439183572318,0.0,0.0,0.0,0.017794900740122698,0.0036647662938389357,0.0,0.01870009354692274,0.011952142115885677,0.00495068140265052,0.0,0.007953215270426417,0.0,0.005006617914546925,0.0,0.022782641451807972,0.0,0.0017930104803492327,0.004324372955041983,0.0,0.0030155476058486056,0.0,0.008630971739881683,0.0,0.008894714059511262,0.01288876737509008,0.0,0.02042921625653547,0.039548780110304445,0.01475111342267197,0.014275071664194523,0.0,0.0,0.0033674085408845807,0.0039076526252447875,0.0,0.021586924415156188,0.00957413219746277,0.034335902485708454,0.007310753346869932,0.000613415949459259,0.01377996584365909
66,0.0,0.0024017216113828856,0.014924725402868442,0.018085735732359005,0.0,0.0017173712829759227,0.013065793165692324,0.0,0.0,0.011197984579565995,0.007224092926619145,0.0,0.018248311891018762,0.0011801937964469999,0.02909479762637665,0.0,0.018995216703828546,0.018180376211065833,0.008145100280501652,0.01657151513364991,0.0,0.005691651691948093,0.023384633270122773,0.0063516583091661975,0.0,0.0,0.02400767555190889,0.013100103805481406,0.005801747518561907,0.00014774357412497994,0.03266334607549622,0.0,0.010725437353935715,0.02793281533753229,0.0,0.010064303173268075,0.021101674963954483,0.010920536370467209,0.015209804386836882,0.010424501302563309,0.010610196523156434,0.0008471993944182582,0.011313490168353462,0.007601605272311766,0.004148434346407802,0.0033678095610627417,0.0,0.008366460112956657,0.03532536675718918,0.03401004965954277,0.013656094998294866,0.006555278424395369,0.018779722002898708,0.021073557786076013,0.00372533281065193,0.0050993809847570525,0.008573021081400563,0.0,0.013377617681342269,0.022299373399299254,0.0,0.0200165211749556,0.0,0.0014316020831951213,0.0,0.028311199966819484,0.0,0.019149642432728237,0.0,0.0,0.005284047958888858,0.0026407267575850363,0.0,0.0023342282028551986,0.003522331388079078,0.001538049884075299,0.029923153264818855,0.0011546867241987336,0.0026521408339918342,0.012071513112113214,0.0005514085765005009,0.0,0.0,0.003295076262844198,0.017701868072681398,0.0,0.0,0.004522326829747134,0.0,0.004944464821607319,0.010378974246253626,0.0,0.015408464289881062,0.003981302921859899,0.0036386859967707757,0.009545286126125305,0.018708881922797033,0.00844280277961832,0.0,0.0,0.02132297973048461,0.024742552419691536,0.0,0.02211235425249929,0.012009952115739252,0.011551915508198911,0.011212171437386358,0.0,0.023493570218087255,0.014486785234602355,0.0,0.009706794017851416,0.006383414917132702,0.012733796871575009,0.0,0.0028216037030403774,0.0,0.011216431606383583,0.003132041167085154,0.0,0.014177669642441161,0.0030479596429294343,0.00561559185156343,0.007587500740947895,0.0,0.005795830786217197
67,0.003196097596490082,0.010827142980170472,0.0017490675610930832,0.030320469000279803,0.020259451911333683,0.009040707114241686,0.0034353613382842557,0.015349303619467809,0.0138838808448564,0.005197603716875978,0.004940909537583243,0.009393101415729292,0.028183145720068983,0.0,0.016890586141410195,0.0,0.0,0.010247661732603823,0.009863958976577205,0.0,0.003118451201521656,0.01325958138233417,0.0,0.002767135382575655,0.011733221013046243,0.010336785702553291,0.0011049620420760173,0.022834396390261705,0.010827379261936146,0.0,0.028013435533455932,0.011852473590627686,0.018922474225404,0.017320802100019083,0.001184096607738551,8.620334329160352e-05,0.03126823865549,0.006893273109173563,0.016132662556276448,0.012214758724724835,0.00965331823400999,0.012476384638346879,0.0028852857531683897,0.0009506098441217815,0.006406631578440613,0.0,0.03300581086829556,0.013968651923303809,0.0,0.006123647546575887,0.007890622730239303,0.0,0.0,0.01817821585751978,0.014058943313514902,0.014998436507788678,0.011022696948600544,0.014330143814656639,0.024661105110382216,0.015355142589932308,0.0,0.009578373734837659,0.0055233673505474794,0.010046624228483039,0.010990931897350778,0.015819726542721766,0.019149642432728237,0.0,0.005585217725958738,0.009089784421472439,0.014336141879164238,0.007445811469895791,0.0037078533562924457,0.018153661717777405,0.014970389561128885,0.02120648207202765,0.04167917126933908,0.0011919946291878158,0.012093583861421224,0.010679710317146224,0.00634508106557182,0.01646428632926341,0.0064439754011963975,0.01667236327332892,0.005011830367657487,0.01567028164423862,0.0,0.018263904719281573,0.021477229791357473,0.0,0.0064086911548516985,0.025203949206327157,0.00035610988300986896,0.01336397321899568,0.01496183277764338,0.01667068530538161,0.021440377252031052,0.0156904192475278,0.010532076736140455,0.0,0.003152304363953823,0.023204609677114383,0.0041843464914389965,0.004766307366281143,0.02382032785226553,0.011411790530323675,0.010388063937863196,0.0,0.01954554835004768,0.007258365521048923,0.028560348595402442,0.004900512232269941,0.012431741621483586,0.003971374398558273,0.02155400291696455,0.007427579584317817,0.007212215222390269,0.009540014744695983,0.025971973335860907,0.0033499547080858556,0.016129766245059365,0.02170893601340937,0.001094127798799313,0.01586629915680693,0.019548703526992953,0.006388521258637768
68,0.046605164437648804,0.010337658381468355,0.019655914590227138,0.026090187414807137,0.0013610684730748367,0.0036805792568119222,0.020670787357150402,0.004577866369087512,0.007095646691970527,0.011850365807803189,0.03713594441405464,0.0026599228180977366,0.0,0.005565673541947458,0.045551737560978654,0.0,0.018649182873708075,0.00425437412946542,0.0003390488199580141,0.045041610583939254,0.0018650183430086082,0.0022236894842827745,0.007898427823894544,0.0042630754587422255,0.014649214442040152,0.020985972887875126,0.021364386812732263,0.030838629465495294,0.018680461324648096,0.0020293507317468477,0.02100355173237622,0.016240317681797588,0.015434803014144405,0.0,0.0134476457015554,0.007119150293758215,0.02502086937607469,0.03109513654099324,0.003845102185111531,0.02328826047027322,0.007605417541810872,0.010010754060047469,0.015284556346976683,0.00615431744949441,0.024048750922371864,0.006009501633329221,0.024433284853803167,0.01583408121415642,0.01752201725378358,0.015787504757247512,0.017543780103968395,0.0085970465157214,0.0,0.0024831272624234605,0.031693106367887046,0.005134035461988748,0.012323077818455597,0.0,0.016834010625262918,0.02134473619485142,0.0007753736367282298,0.018059367079296406,0.0009598710584113892,0.004040397522613061,0.012381732270697195,0.01606030491605431,0.0,0.005585217725958738,0.0,0.02756364893683673,0.007116893131211327,0.0037797947987886662,0.019827970822444377,0.013807359294744767,0.01156002087760052,0.01051204167600727,0.016711273488415227,0.0049667082032586254,0.005822287386103978,0.001611794827489825,0.025928040113389932,0.02546367016210063,0.029182864089753027,0.0002461612539334184,0.04287814035645786,0.013194082926913034,0.0005611057403335079,0.0012564076209383012,0.026709942645672304,0.007366364757282323,0.012506878658457071,0.008536642504548074,0.0060970238139423875,0.0008544510435492544,0.018208961738305336,0.014055367065719646,0.015180103201011756,0.000580754519507882,0.00538781197387592,0.005338954902603045,0.004246392317493759,0.007014050438269277,0.008249716634754798,0.005609731537488039,0.0019541473377643836,0.0161686212938733,0.03652097218465777,0.009849223415891693,0.01361647105349075,0.003270357707336467,0.0022765070269031495,0.026351473251193816,0.024692312430340233,0.009582075148617348,0.003255201992519927,0.015587478446812016,0.018876185885352822,0.0058881815938410745,0.01101427900620533,0.003057183575218046,0.013633641716197359,0.013066771674290474,0.006857784417267082,0.015573088700380164,0.011560835562963214,0.01634247139802939
69,0.0016369277620630542,0.013123415801728001,0.01726554361006901,0.03615957461495203,0.0028661357882799896,0.02932996002972719,0.0034218201212715908,0.0026221945006882244,0.010239267705027592,0.014883229680764849,0.039129996102634484,0.04711818645473505,0.019830639955616708,0.0014053379232166832,0.0008409461947283728,0.0,0.034616158297209244,0.0,0.03989034383878499,0.007003038811192479,0.014061172433609706,0.003927386872457605,0.013724608062823985,0.012634208927694325,0.018150492589288244,0.0051908500214351725,0.0007212849426413089,0.012498377230632341,0.017819163232329252,0.001348725667949308,0.002169934977817695,0.01713542242257224,0.012135265060478587,0.0,0.00025914137206264426,0.02622988713497117,0.015274199886554858,0.01318067895144593,0.007654192365193272,0.006962542459726868,0.008708630168439112,0.015800170290222557,0.03346534704182696,0.002118256524858262,0.018279951745726386,0.0007205314891396901,0.0009406280268973266,0.00014119498449650724,0.04376945934473132,0.013191007594744014,0.0,0.003944587931392456,0.00420520561480793,0.01642880817033525,0.0015514130223189776,0.0060252268295336335,0.01263182461154745,0.0072247729462185965,0.009932975640347041,0.005528164693575474,2.527120781495703e-05,0.01727757008886812,0.0002795686529847898,0.008065140763756666,0.0,0.015621572155379699,0.0,0.009089784421472439,0.02756364893683673,0.0,0.07724605091108369,0.0014053379232166832,0.007811419909974557,0.004786082093657536,0.018610894541599175,0.03192926483570211,0.009000904795091922,0.027328483925895434,0.0010217837876454732,0.0005523177896658658,0.0028985522233386913,0.01026411771282021,0.03754678659343912,0.030648422520748418,0.029815051286887388,0.03343837482285689,0.013448828815405673,0.008787540578377526,0.002096315140032679,0.013096335831013889,0.016808112768790035,0.013321653776180565,0.018682070628189693,0.002509942953443065,0.004970677635208206,0.020070023316791058,0.008576043708132898,0.022100249150143293,0.0,0.007335233980228893,0.003635372969002877,0.02373710506123296,0.01838529728442562,0.0024796659152460146,0.008544642785341455,0.008181798223172101,0.001889990899568656,0.010411558247936664,0.0,0.0,0.006053099069171869,0.04645922437486724,0.0014389344190789473,0.0036042319435245773,0.001009021032269469,0.011349867110230241,0.015683891516881366,0.009159489967536247,0.029677216438567116,0.013888032998844765,0.0026899427635435603,0.007958227231094099,0.00518176254546605,0.022516013517700297,0.016424739408818913,5.7568489635888944e-05
70,0.009880246368457376,0.010257975718258065,0.015554323990222108,0.014804595615246776,0.013017281113439453,0.025397449707870497,0.012458122965914864,0.0017263759953341099,0.011724006599284843,0.036971314765257966,0.02197045392683042,0.003936060260006911,0.0,0.020387040784110043,0.009279982890703413,0.0,0.009618506354066098,0.016502908772179647,0.002698830299536936,0.0,0.04330348427046072,0.020700779902588333,0.0012817985373625006,0.015316253547357495,0.012251732001106557,0.025563194024449627,0.017180325070706274,0.006989726340272981,0.00510486656901275,0.016571091284763344,0.0,0.0,0.018666554692914426,0.019966701086338183,0.0261746924970564,0.0027016333544446344,0.027340417930189997,0.005347640272055719,0.02157113179557768,0.01151346659905477,0.011627094636756072,0.02864941131524602,0.012214866799314198,0.022735272863180563,0.01586877188314128,0.027344327837094565,0.03883979907342866,0.02933118868586083,0.017518979953161744,0.019105480859586986,0.02504575273509373,0.02890280599691879,0.0055374029331208005,0.006591035391456889,0.00953799471005217,0.024993795856691054,0.010912759855620657,0.010398896620998839,0.04817292562376146,0.0025685955764966776,0.017163804367270663,0.012957913405107534,0.01810753359453616,0.003898394817417006,0.0032780559785549755,0.00024392191148799342,0.005284047958888858,0.014336141879164238,0.007116893131211327,0.07724605091108369,0.0,0.09212752963683818,0.006993382518441208,0.01654937757640491,0.01559186490395661,0.011293850290953561,0.008334329482700433,0.014503495682496335,0.004511629300641926,0.011904112591284863,0.015269663634752321,0.008244455595143496,0.008455253940284863,0.011773577265319283,0.0015596142096820948,0.0034571380543767334,0.005424382201889455,0.019294832144054214,0.013051647296987365,0.02888176337994239,0.03213928661255375,0.02158557146900792,0.030173872494282966,0.023400551993454737,0.0025026094010064297,0.02576040362412966,0.027775423037626527,0.0263513988648556,0.013769914879902518,0.0033779302539174907,0.008465441908220806,0.002191624723035057,0.005428801904468539,0.00032357411745898864,0.013909152634252032,0.02178065792405902,0.002627426783024489,0.027453317611388854,0.0059621567069108716,0.025020220587677763,0.0150742481349068,0.005340336929942827,0.011642441482349355,0.00841624939865548,0.015533269181737584,0.006109712789194601,0.013320000611933292,0.03051794046191931,0.010373830385646437,0.028417164424257017,0.02010603098666119,0.004821807385097362,0.019006801502823505,0.03831575029844762,0.00468071017191268,0.012061172645026718
71,0.01419058304179165,0.014670927491143583,0.015334106174490809,0.029832954066733648,0.01625843652587924,0.02110975647379445,0.02402611142082431,0.029255045534433647,0.05291122100480007,0.022400342520709635,0.012396183150334354,0.0019220125174749464,0.037290402235321436,0.008935955307849387,0.0003615211335990712,0.0035742289745435895,0.0,0.012641954111139197,0.01927384046364545,0.00794204799223608,0.024927040619678563,0.006511669045705021,0.01566873011351694,0.0011381764304052829,0.0028245700403153632,0.011772160323486302,0.01576131273851458,0.005728742862518974,0.02014819712878958,0.005390191011486372,0.00632616354147496,0.006843813876568199,0.02370739893456613,0.0,0.009832964889021929,0.021704528165998778,0.021836643480964712,0.003950722626243494,0.0006504774486974093,0.00197046459662856,0.0038019048639537957,0.0008634741648577295,0.022903162853380607,0.0009104529855167263,0.0066340534749306165,0.00725837352290026,0.0053095050345837985,0.009865589660148688,0.019906795653671396,0.019874787563856248,0.01708757117090685,0.010754786100697914,0.0,0.006892014878381509,0.010001564235499028,0.0004987592930433462,0.004002561424434661,0.032161704442360245,0.00940794708239998,0.004600023442029448,0.023253983138840438,0.009793976307167674,0.00012018818811664721,0.021309852833805903,0.0,0.0,0.0026407267575850363,0.007445811469895791,0.0037797947987886662,0.0014053379232166832,0.09212752963683818,0.0,0.018677582674062575,0.003701921810931625,0.030008648725241758,0.0026420982140929923,0.011387168752724641,0.01966443385318623,0.0014040583044893163,0.016784122684503123,0.014755066539951962,0.012194704736555326,0.0005352845874408583,0.0012055428469952782,0.004529503222109436,0.01692015677716769,0.004017707598067348,0.014467835649787483,0.0188766951945768,0.025428371968939704,0.020530320271359283,0.021915066085067457,0.022638617350108258,0.0029060272280188038,0.0,0.008592142408747287,0.020615961662264776,0.0020165766766882557,0.016603859848563638,0.019688729182561992,0.0070166598695904515,0.0629141341803473,0.025301636487192473,0.004399508500221749,0.0003974524928972426,0.0011711112771884634,0.00960318562320532,0.010846490754691636,0.0332701141843871,0.0,0.02777030874200997,0.025790745684603853,0.02715042066965247,0.0005686608005795199,0.0012623397216889442,0.023978850391929575,0.0011241538994568386,0.014288917574890442,0.0040417003963052036,0.04137777631846513,0.013116752757041038,0.014679167334789835,0.02193918724646908,0.005015013721023623,0.025846553283030798,0.006286090194814101
72,0.016684137330234106,0.02321604590271976,0.017650649634097543,0.0017966008899894252,0.013188350312991603,0.04851889193145439,0.007719847616693607,0.016139267939444358,0.008670743153754216,0.00377624578988055,0.0030217738248511775,0.01751275774547857,0.001479920807050817,0.01530193484918926,0.020022388626464358,0.018438581613957745,0.010521359579100399,0.009771399512604991,0.007053739335861245,0.0,0.012103535883170629,0.018651255957890214,0.007352447942871158,0.038597024616984055,0.0029926705719519023,0.020931562073951065,0.011068277361680484,0.018352079872203938,0.00625363843126348,0.004726415981489111,0.030068254817959095,0.016174112368664506,0.007268882454546891,0.023704697226244183,0.016989329755291695,0.009275046303972377,0.023288311330878837,0.023692235138729385,0.019221648076455072,0.029153198433404824,0.03687735042536274,0.01818355131675555,0.032700393063024136,0.016161993885303406,0.033022198591427625,0.014110961084572417,0.023934321722328306,0.012156981551276275,0.02037834967435117,0.001799166996003908,0.009002944709736989,0.0146040654499732,0.02304508512291991,0.005848610305678592,0.01831461200933559,0.017279938061140827,0.0016391659209015073,0.009530297526568692,0.003968528887206455,0.0029785623433933204,0.016531801914604467,0.0244961437057723,0.020208614564665967,0.0,0.0,0.006455571575895922,0.0,0.0037078533562924457,0.019827970822444377,0.007811419909974557,0.006993382518441208,0.018677582674062575,0.0,0.03390157168376864,0.03219857230001782,0.0016045612084427461,0.042037815612751564,0.016932985943569193,0.044270967168352056,0.030404975869001472,0.0018412851721103854,0.019164845540300086,0.0,0.047578044356122465,0.002328298845046284,0.0033423803657277574,0.015746809542306776,0.0007274276715983522,0.02050359698839505,0.011555544298924249,0.027420556611981336,0.0025766098178192118,0.03606805883211368,0.002723347912760734,0.0,0.0,0.01911585138513413,0.022174095740203452,6.442532071090851e-05,0.02443412055084597,0.009622795845685561,0.019437625513937525,0.011927860425902197,0.012779137991837037,0.028026635360922803,0.02488302421951685,0.0014145211155469526,0.014752745903418723,0.0064761022710207805,0.0,0.09785220050271938,0.005059805306920249,0.013232872178965956,0.03383000439905658,0.009489906626344238,0.009625815513735874,0.024337552340981283,0.005541008536799018,0.005312451106269016,0.04205657571147777,0.08703772324025971,0.010513845789446119,0.0006186472364317756,0.014585288841139975,0.018097724395493408,0.001112022204642859
73,0.012155985384832075,0.017013803298293235,0.0014977975900325468,0.01830340497153398,0.02001435306262419,0.08680859300080963,0.0,0.02938828133773867,0.03613670689202677,0.02118805829464981,0.014080565969706901,0.007690052073015814,0.01707122498747413,0.000949637292141447,0.02016938951145594,0.023904749645612743,0.010875714271742366,0.01172207290024641,0.01918849759772299,0.0078233347285777,0.003121878269925768,0.004007231845074217,0.0052114304919205715,0.022423242487012978,0.0042313400812269645,0.003430469086973883,0.01384564338593074,0.005469267316958381,0.007121060700352853,0.005244222255248801,0.0,0.0,0.0010011260257130096,0.029183790264128404,0.01073881413935536,0.024646962392084023,0.020472255702505073,0.005409756130511209,0.027419034563048193,0.051391467341940354,0.04571181002105786,0.022857126220024858,0.03154271627787484,0.0022258981643946568,0.040025125345303475,0.013051718156899178,0.0129224625484355,0.012235990414718238,0.014770876774726115,0.0022146645965502353,0.018395278863255562,0.04978306276132856,0.01733106207675687,0.029887135287151124,0.02417429883537954,0.019521732813561787,0.005783566825480761,0.0,0.009441911828058615,0.0190306217637547,0.010255000968177955,0.010360997388383138,0.0028483630358184324,0.0002934277469240164,0.0,0.001854283557325987,0.0023342282028551986,0.018153661717777405,0.013807359294744767,0.004786082093657536,0.01654937757640491,0.003701921810931625,0.03390157168376864,0.0,0.06292349924675075,0.04402468205185446,0.05864443281839848,0.013817750957003713,0.009696661895198478,0.01977793839745269,0.007459290478042512,0.026387186412628477,0.01191852158356606,0.006293477740859866,0.014597372673848284,0.0117154357255083,0.02318679995027226,0.024551935134452613,0.00017025581764180386,0.015330167275608838,0.010870787629352436,0.020157617680269302,0.012865833972545884,0.011525347621883404,0.023844526156695568,0.0,0.02474300349696632,0.03522938589727433,0.0,0.014571441045629536,0.012408822757889354,0.009269063688092315,0.001705500996647298,0.017477345144163926,0.009050093064589548,3.565439782303752e-05,0.0006247612192340965,0.012749449478496709,0.004922957445855486,0.012973871243345564,0.09402447281774653,0.04803839298334995,0.029334966999326702,0.032654399563592236,0.011314559610833925,0.04369855709167119,0.037526116399376634,0.022898503437107615,0.05204668879639044,0.0019461137587486255,0.06833828483740058,0.09309230390371655,0.005870839904292358,0.036156459959653164,0.040025240533088535,0.0370695056614198
74,0.07264597529597194,0.0029724437900234377,0.058733728005286284,0.05724739283962168,0.03767782658787859,0.044007919510057725,0.0002461264015080188,0.03941665558507818,0.04793537761739127,0.027240874076108302,0.036375443919821816,0.021272622487264775,0.019982162738486027,0.024277333122775073,0.0070650598641556605,0.009764662292220543,0.0071868280980605355,0.009462879698630954,0.004819084583750133,0.0010526016009512358,0.006071882037953885,0.03272446688185339,0.013388275538756688,0.011368410999169366,0.0042819245886941215,0.004951687043650969,0.0010819580499890206,0.004923740194473621,0.0027376001463663103,0.007973562318250603,0.0,0.0025409197583354712,0.01151211577595021,0.00957603753817521,0.035927078462031456,0.030754193851780746,0.007863420718630202,0.0032340007843524423,0.04201969812610694,0.06478829952699061,0.020147736948158888,0.03422933373872536,0.006420466400615402,0.0033246623791891292,0.007088736067104435,0.032086873066692875,0.008438187418226014,0.010523474285416373,0.022057676046826354,0.01239562553110637,0.0019237641266846063,0.01305763693045315,0.01571886627134149,0.01216316639305643,0.006238155566302082,0.012284445719009477,0.028120451386664722,0.019351237083722342,0.010360360418011931,0.013903415374593907,0.012505340563882443,0.0023270180126961954,0.003668191898969075,0.004093533406246146,0.01565805655169944,0.0,0.003522331388079078,0.014970389561128885,0.01156002087760052,0.018610894541599175,0.01559186490395661,0.030008648725241758,0.03219857230001782,0.06292349924675075,0.0,0.010947960457015678,0.09970509349529774,0.011587834714481153,0.03621260501758216,0.05050559873081178,0.014642978584154425,0.0018689344169380664,0.0,0.009736594579108167,0.017966501747293025,0.06214220469227718,0.006641262239710096,0.004083832714135828,0.009159517088370733,0.053857146697666634,0.016241958147962105,0.027410187113989546,0.010216621229002671,0.015937295175362503,0.029190501062573777,0.01911719169990269,0.02715694848002422,0.0004846669238677051,0.0009083351501075782,0.01446323591321247,0.02782886774057438,0.0005911213669692764,0.001269776457604176,0.0002741820199552686,0.017889543612179714,0.0020308446973362304,0.00886605337386014,0.0006886359332289521,0.0156410692768546,0.009369397608814316,0.03910956084775487,0.013883527604071355,0.017003047904714602,0.00966733850507953,0.011125747786355611,0.012996874848630156,0.016477894562752126,0.0214665694130902,0.03533505743053726,0.07695714192466141,0.08139562762199687,0.03728649965620142,0.026674408324562807,0.002151363279841483,0.041970832803462324,0.024537793965929297
75,0.024547062609923,0.024771559845330818,0.017053023090071225,0.01871243960636343,0.0006211232906793735,0.01890184108009777,0.01615889713823428,0.01136691226539911,0.006939881659061399,0.008951364367185577,0.012758479932235998,0.011959744679909625,0.019891502781198257,0.0043923062537749155,0.0320438747523717,0.020842361537555195,0.008363943509395136,0.0,0.0,0.011261417478154649,0.009376752525207682,0.0010992799717221583,0.01931325851988775,0.00017852633744189442,0.003278017293295397,0.008603288114408846,0.0,0.011187594160603347,0.039634329627807136,0.002377196819637745,0.03269855290399264,0.015222277233612663,0.0028277663799422437,0.0,0.0,0.0065699078064250195,0.000758332012272518,0.0048477268312139875,0.0006130006416752169,0.025432663553451553,0.0017237952046662236,0.006441004455242688,0.0007287904010966157,0.03272084959193149,0.024900561049473472,0.01124977158411102,0.0066223918029053135,0.01704798983742412,0.006334925725870018,0.004510220766101798,0.016089886649932533,0.007573428870635303,0.00723841385587206,0.022740997083084913,0.011088265064121987,0.0022145939873453838,0.020892457258893438,0.0040936184484668655,0.007350178074107923,0.0002705378348661852,0.0007721757573418704,0.0364941347517611,0.009106386097562872,0.0010694723067051757,0.0,0.0,0.001538049884075299,0.02120648207202765,0.01051204167600727,0.03192926483570211,0.011293850290953561,0.0026420982140929923,0.0016045612084427461,0.04402468205185446,0.010947960457015678,0.0,0.051314944116312836,0.007023545634914918,0.00803521848751791,0.015412179145522373,0.0033597318218422443,0.0012156948886535828,0.007726801073377996,0.010746674819258688,0.010323372957996863,0.005682411758417637,0.03996058401716981,0.02235502602851431,0.026731448508038415,0.001956305260246135,0.002918005111919313,0.011941734161852008,0.009393926243495861,0.004132780585218667,0.0,0.0,0.009326903730804421,0.019151118673269775,0.0,0.007514781373847878,0.007629475271899574,0.010572885634498118,0.0076588384424551076,0.011673312559148497,0.017883786227864004,0.00254016476426376,0.004985547054460892,0.005381653982151716,0.0,0.011300765350377467,0.020690109554294445,0.00730732384041883,0.00033113305297282833,0.004442542756132675,0.041727535080682464,0.00959374870141375,0.013478050757362978,0.008821527240095519,0.04489257927218663,0.005179728840981875,0.016176910788781418,0.004139366035457046,0.0023143763364547143,0.012141756990763907,0.005822412604502278,0.01491751634660171
76,0.00902598346748368,0.001721379164627017,0.04130178657727991,0.004393142898354857,0.017688806730193206,0.028398200525586757,0.008917323604185344,0.01293933020208729,0.019038299754613887,0.003378535254724575,0.01791815122123821,0.0015669746708833199,0.0026418875545679075,0.012031567307118074,0.004919836028123668,0.006952269801091495,0.019572484265579854,0.020149053546670802,0.0,0.0164286554641341,0.005225777447631628,0.0019291076230686217,0.03356229435642939,0.010584327131595987,0.02252091741499697,0.001578361285247219,0.0024876935761047303,0.013762695187829112,0.009399838885727487,0.00725520461763556,0.018798500475619054,0.0,0.03276124363646604,0.0,0.011383815635426167,0.01995791874932809,0.04317291601030396,0.0014146483047569858,0.009517198118585918,0.04846470989232902,0.024511619278583526,0.02699919777503443,0.014346749139377092,0.030872324703046492,0.015198293601442703,0.02486625822454087,0.00922772642192998,0.011240483123675125,0.02056239053446634,0.004765289922249994,0.0,0.018996440092002048,0.015019262244679638,0.020645375509406823,0.005287611614766015,0.0027815801604286826,0.014127953694690887,0.0026100764335416694,0.0036555160750769092,0.0,0.0025154381020796313,0.004130548746120991,0.027678409616727094,0.0,0.00263547114272034,0.0,0.029923153264818855,0.04167917126933908,0.016711273488415227,0.009000904795091922,0.008334329482700433,0.011387168752724641,0.042037815612751564,0.05864443281839848,0.09970509349529774,0.051314944116312836,0.0,0.018420560048955155,0.039593385056502166,0.04240051307751856,0.019106276887455538,0.0020376184681549624,0.03449517765851482,0.004064306257815034,0.0022517852280167358,0.011207676147569469,0.03166949650413104,0.010754160902797611,0.006132320103877227,0.020557330302068407,0.012987682610878749,0.007765283280177479,0.020749772471489708,0.0006209361347626775,0.004670681035195798,0.0,0.0056134139261770554,0.0074631905554617285,0.004093780656803404,0.014598113185633723,0.025183297466559923,0.006999168233489185,0.04947154003400174,0.007175038145840252,0.0178027768403895,0.008544790860868796,0.01865930606025119,0.0014219560227465055,0.021504322438775498,0.013691888233114098,0.02813892772263886,0.024306304900959575,0.0025937376553590076,0.01682560898414561,0.0012539422935316368,0.00710744640017583,0.007303253489527279,0.006467770174752254,0.05537476835440533,0.10072576438228835,0.045598689158358637,0.031436127522634486,0.007650183196800023,0.013634817140081629,0.029705388911372352,0.06384292430286682
77,0.016335517926986187,0.0004941632714585814,0.01819656569055765,0.008907914315812612,0.021965229949587946,0.017083839714778882,0.01703961945889355,0.012398009029779477,0.002107742707526993,0.0012732141463742863,0.009950914477487468,0.004285068019588059,0.00753347708690808,0.018208900899980403,0.02031671089138274,0.014476634407066398,0.0032111381378163795,0.0031624834517975722,0.0,0.012921787138213124,0.0016582927836871204,0.019475502622459423,0.0018595728914463181,0.01747404526892651,0.02405165920097643,0.006198937959194288,0.007662331836016264,0.010636272146167707,0.017105778243252576,0.02070222454341418,0.02408854253185505,0.028101582271958605,0.01078634191435565,0.013435396867196133,0.030447898785399545,0.0012604000233838084,0.002354233934080154,0.03556058117377421,0.01626687515093414,0.0018054939879258362,0.011960493814171093,0.011603851209925221,0.0009706468011571202,0.008789320561988499,0.015962627399372865,0.011981371699300183,0.002235979001389303,0.014014898302868402,0.02187194890593054,0.006697502673533171,0.005134491110672597,0.011250512570868931,0.0,0.007576764433290093,0.025896494868825025,0.005116523985637558,0.0073936276471884,0.001389872880204153,0.00479188520379506,0.002553412703069479,0.00037504201438777593,0.013058261301225534,0.00473519916900798,0.0,0.0015978277318787256,0.01027667087266337,0.0011546867241987336,0.0011919946291878158,0.0049667082032586254,0.027328483925895434,0.014503495682496335,0.01966443385318623,0.016932985943569193,0.013817750957003713,0.011587834714481153,0.007023545634914918,0.018420560048955155,0.0,0.033485251963948116,0.0409492429080661,0.0,0.00047609201285173005,0.005702085275018322,0.02363368039538919,0.010457975489313721,0.005059530567053806,0.004339787185779082,0.018000860949740648,0.01803726803677995,0.01199423829468402,0.023790654257411354,0.027847143457733824,0.008870588905999387,0.031594006927845655,0.012159656429782062,0.0270914152543912,0.01479000196237129,0.008436770508148011,0.0,0.012169057893171908,0.023009481039396422,0.014105206251645208,0.005249451621981227,0.017660499214966638,0.016419278797820014,0.012183772433391053,0.030170063313255033,0.012053599838526722,0.01657870146378014,0.0,0.031597107149280705,0.024841061271365247,0.012973834281703097,0.012533325350322673,0.03803772919828568,0.00789591894857278,0.00047227079361188536,0.004783072264876994,0.01610798207769084,0.08102687984135871,0.008509659216493297,0.017565567969156655,0.007287985416617196,0.014425437962359126,0.004236557524464912,0.012386663136409808
78,0.03299780800664516,1.9874892239168423e-05,0.01095750423560951,0.0316020020188748,0.0309795670236425,0.055604417706561826,0.014858294537658998,0.01218206250606805,0.03159071791557228,0.0018089590589773197,0.012608073203064807,0.010975384778471577,0.0026244845638673884,0.013548227129537217,0.011306355367783981,0.011295880351269761,0.006641129361734763,0.018057105590441064,0.0,0.0,0.022961050846064947,0.0002793423378527053,0.0002793423378527053,0.0017975983325072109,0.011225362574341098,0.027358770712338235,0.023216788225634215,0.014278502711672515,0.04404386527811059,0.03547944653453798,0.021937148054776607,0.020759865326725253,0.009968573899984321,0.0008104155549493978,0.006396152839825872,0.014850340567555596,0.03294203545570292,0.014450121511014246,0.04361451457453654,0.04153481208253844,0.026987730571381034,0.028341594094898,0.005288050391993948,0.002119106817179592,0.026903498784699872,0.006062603294138013,0.020486508684366467,0.02902023893195462,0.026405202044709614,0.0028253008538395366,0.013691160969810278,0.010806283379093366,0.009852562796043532,0.02190798274297748,0.017898004600131714,0.012850627290224854,0.02184569127463168,0.026259194705253636,0.027895061653104118,0.0,0.0060910165793109,0.03802407758967773,0.0002793423378527053,0.0015641625447637445,0.0015369520718620062,0.008343705497139312,0.0026521408339918342,0.012093583861421224,0.005822287386103978,0.0010217837876454732,0.004511629300641926,0.0014040583044893163,0.044270967168352056,0.009696661895198478,0.03621260501758216,0.00803521848751791,0.039593385056502166,0.033485251963948116,0.0,0.039242005646389175,0.0011374618834416375,0.021060648291117354,0.0,0.033228233895204976,0.020399855982414474,0.009594650571306295,0.02368700834120976,0.00024358190722047158,0.027160367406677103,0.04133267361153569,0.02926480045217099,0.04159910965503145,0.028780894922608682,0.026778307075768306,0.03153929289658121,0.00028246262495227687,0.003895626878429778,0.0008402230194866359,0.005832420315654274,0.003000974963199561,0.019912325436084063,0.009017407460432756,0.011026429887874556,0.00554127813315018,0.036562675148627995,0.008011864271562842,0.021845829922324873,0.001697845761510235,0.014780904301505995,0.006240505071247124,0.022000304963199775,0.03010934284584577,0.015957401992361824,0.016160178590921892,0.03556850755886805,0.008270322012251884,0.025114523363112984,0.008753475088965052,0.0735667212027567,0.0580769679408825,0.01107806560970975,0.0903120929626967,0.03020026855106548,0.013742254901779086,0.024575045566023544,0.023601767690926048
79,0.02177469301653408,0.021154847888982593,0.010841803218170243,0.003467590249158605,0.033691871724300486,0.04903653879491175,0.0013503650685981969,0.0030323466244256887,0.007190831843646155,0.01402381897757945,0.01119358172764504,0.01028671709101429,0.01688290902543052,0.017100685049781916,0.017882846983846117,0.024728507261422027,0.005199498609282146,0.0,0.008298584883036907,0.007634622914420609,0.020864172621509372,0.008951581713981934,0.05774056228278879,0.009894335804167752,0.005532402836697542,0.02287131536065065,0.028349485480963523,0.019989652368510934,0.008456305177350222,0.020871910004852435,0.004829097613971676,0.0,0.02126825194363943,0.007338587559118067,0.004506148769902273,0.02605124362038765,0.033608295106567175,0.03523721295146426,0.05510456472484178,0.021531083979191686,0.05604579135369623,0.06914225276892406,0.04394804724835617,0.003949300563091598,0.025335153936927434,0.01845470170089496,0.024227235324003026,0.006789045269985835,0.04007955548231852,0.010482661399622964,0.040355941656358044,0.013833023834110702,0.0,0.02642760162487804,0.0019994873683751267,0.004603219255923623,0.01427707327055799,0.016876548907138373,0.015379414409801864,0.010617906588368376,0.019300678524725782,0.021460506226243414,0.009095550310525427,0.013803483033219674,0.0,0.00468520537744595,0.012071513112113214,0.010679710317146224,0.001611794827489825,0.0005523177896658658,0.011904112591284863,0.016784122684503123,0.030404975869001472,0.01977793839745269,0.05050559873081178,0.015412179145522373,0.04240051307751856,0.0409492429080661,0.039242005646389175,0.0,0.03183014415730666,0.009014511406994455,0.002188701324296012,0.007201103332699259,0.01641431163911687,0.0006394759294619996,0.008463024954193842,0.0068193763206869824,0.023934846354797153,0.019992617233094395,0.0067716320106696246,0.02283781547635972,0.02210561357817978,0.01043931445063636,0.0035320780173790606,0.021149209309783163,0.0003998548157562171,0.0007148748436131259,0.004452693843248866,0.032345337161430114,0.004341283307974373,0.017594008106572148,0.006348543689109783,0.019177828068698353,0.0014946843160350799,0.009018353819161941,0.00024568007362082793,0.025693607495818973,0.022584701108007636,0.016619253424171827,0.068759761287179,0.023421971093194674,0.034862444919295424,0.026764035695703795,0.02238631145362022,0.012291790108051388,0.02532940666363876,0.012620987820749689,0.014644995233217174,0.010578371794487106,0.12788007295416992,0.048434223462131845,0.02464635341838932,0.008348331885156561,0.02810005483122461,0.016373733977303465
80,0.0,0.005884326813146023,0.004590711873802739,0.007839107339669884,0.045089805443389155,0.022580438208407872,0.014097771111422727,0.006705168330034843,0.0035535580895081982,0.014535556574800289,0.0,0.0023657619021477975,0.010318745564559815,0.0030053870136582967,0.025295960308344835,0.0,0.008218234104246274,0.0,0.03005093336315375,0.01759848988290379,0.013697330144114337,0.0012144132116696466,0.03292465421399453,0.008555697591193812,0.010787088933228904,0.008898996385629496,0.005204786744807393,0.0031148332709789593,0.009941859196799687,0.010800816790994485,0.009374930113912282,0.01546119546037772,0.0,0.00382304285206534,0.001729466962015456,0.0030305388999709833,0.002505360511094056,0.0,0.02375359679909411,0.01424851143375411,0.02952168318618768,0.0028848425735760667,0.020013345055992986,0.0016324253620609655,0.0,0.013259161702614475,0.004843920480659886,0.003679168761594777,0.0,0.0030368610091613636,0.0313147338629416,0.004331108411546825,0.0,0.005229662887727091,0.0,0.0,0.0,0.006993537171572843,0.0,0.01124002314080012,0.038576751416750224,0.0,0.0002773759121912584,0.0,0.02559276216091982,0.013778109259967381,0.0005514085765005009,0.00634508106557182,0.025928040113389932,0.0028985522233386913,0.015269663634752321,0.014755066539951962,0.0018412851721103854,0.007459290478042512,0.014642978584154425,0.0033597318218422443,0.019106276887455538,0.0,0.0011374618834416375,0.03183014415730666,0.0,0.02444302696861604,0.0009010412107988177,0.020790170626187172,0.00695360269899169,0.020710593845398664,0.00416558774911706,0.03186537623322229,0.0,0.034899022624516454,0.00599455692167345,0.014816140097277594,0.01624612289839954,0.0018367833694102685,0.0,0.0,0.01608904226231152,0.0,0.005886525890198903,0.01995827927642709,0.003138212711059999,0.007412831265765033,0.0017287042111171018,0.00014470882942051606,0.0,0.0038725813794339785,0.0,0.010291813037795534,0.0009989242267665593,0.0007339486659825845,0.006444513534341141,0.014730896114079784,0.01622848498637452,0.018527087412681036,0.010961221474977604,0.003430758308339271,0.011505120549462585,0.0,0.013008871775223488,0.008339076531496473,0.01728426195608062,0.013693907242544436,0.0,0.004408970790511441,0.0182643893137558,0.0027917781089671777
81,0.005847390764813688,0.009676378264909764,0.02619563167556129,0.013820309148640821,0.023257080068019565,0.024562799979018956,0.0,0.017812736325409598,0.0070370174043540975,0.05557536653408441,0.007849873676896206,0.024022742852818187,0.009927995607777056,0.016538462455793268,0.0013829466248711122,0.0,0.002473658458996337,0.0,0.005226875794197819,0.021163656776241192,0.011734800401073482,0.012563283276962274,0.0008868808083359404,0.011188512694087068,0.0015856732296722041,0.01325931275296009,0.0010210479018369293,0.01512326625074515,0.03268739103105461,0.03858049124732849,0.0,0.014868494605676227,0.008675337123097008,0.002088992354335339,0.0006515556336170315,0.0015152101371744718,0.0026165608937888936,0.034997271543670494,0.03629507725340239,0.010447774334016679,0.031573755113938666,0.010690797142970259,0.0015570919566144541,0.013523735772286903,0.012314019034740267,0.00453457658316069,0.00269864655901198,0.01591951219102967,0.008688765852444791,0.009163445872878116,0.0,0.04150536440536627,0.021651712987602968,0.009330510041756758,0.0008052332208044775,0.01626909003437653,6.268879623534497e-05,0.020607052260104473,0.005786534135838095,0.01626929563370891,0.0018464267968636235,0.0032065324108922705,0.019317254183556117,0.01908698677206709,0.0,0.0,0.0,0.01646428632926341,0.02546367016210063,0.01026411771282021,0.008244455595143496,0.012194704736555326,0.019164845540300086,0.026387186412628477,0.0018689344169380664,0.0012156948886535828,0.0020376184681549624,0.00047609201285173005,0.021060648291117354,0.009014511406994455,0.02444302696861604,0.0,0.03830980417259517,0.02761757785628641,0.010443167913881604,0.04548082563434196,0.0013449607047436218,0.03048482286372008,0.02494672565101496,0.005271590630310551,0.019181934687960974,0.03692671917167139,0.03440009025677267,0.019829205008374238,0.020198210589254445,0.001922517565823865,0.02155219462285074,0.015483377210597267,0.007966344643057484,0.0293915213706178,0.0009207200081792963,0.0009295164490976756,0.0019818876576890034,0.007893562912345505,0.016446250213630168,0.009427480093150174,0.01573889587860889,0.020939381044534418,0.012369305102384943,0.0031330828760142934,0.010320388277941569,0.016038704522841573,0.027710002044720204,0.004458247218396135,0.0066258846399767455,0.0003400526797805803,0.047308670398605555,0.00023343586832138657,0.01929674771084177,0.01848495905947543,0.008539084908820771,0.013853839382078143,0.0009044022097392656,0.0023034575425817196,0.012845243384412645,0.01709859228441223
82,0.0,0.0,0.005002029012116609,0.005115238934854975,0.011030511656575025,0.0,0.0,0.0062067403182869685,0.00030189305730793224,0.0003552934712744309,0.0,0.014917694332852666,0.01333884129349596,0.0,0.0,0.0,0.0027097131755303757,0.008994342396218779,0.006225422004424627,0.008012472620324592,0.005817485056053737,0.0,0.017674947034567075,0.01788958674025957,0.0,0.00936561868530315,0.0043322715309005565,0.0,0.029528980508501036,0.005155653279266602,0.0,0.021988837568297087,0.0045108996725603005,0.018731446945532585,0.0,0.0,0.002845408036359093,0.009926549649073456,0.008925923370709826,0.03194291990064603,0.004457281562013949,0.0023536188840194176,0.000837358634259522,0.03325306510875055,0.033088434457518336,0.013714296660653491,0.013645846261951962,0.00888715517172407,0.017674920422829966,0.0,0.016305350035305224,0.013588077480836661,0.0008618797060496526,0.0008126019110508751,0.010477893174597299,0.013360066451292136,0.004879860321975175,0.013260761100710297,0.01809054948251338,0.031175941676519343,0.005268622590438084,0.0,0.010012504446164031,0.00416496365743335,0.0035788407542112557,0.01397688573726196,0.0,0.0064439754011963975,0.029182864089753027,0.03754678659343912,0.008455253940284863,0.0005352845874408583,0.0,0.01191852158356606,0.0,0.007726801073377996,0.03449517765851482,0.005702085275018322,0.0,0.002188701324296012,0.0009010412107988177,0.03830980417259517,0.0,0.0038397331132846144,0.0,0.01543151010000823,0.025824906143508197,0.051353052472341634,0.03158413883438157,0.027293590672661714,0.0,0.03353169667712026,0.054263729906040725,0.007924441156457903,0.01377126458004909,0.0,0.0,0.022658937423679745,0.002129845611185134,0.021088876685942313,0.00487370907295295,0.0,0.0,0.0004159284307167768,0.004284468965137512,0.04730216138549328,0.011891491507294105,0.005597261007995811,0.0021758796313797587,0.0,0.008118097454762684,0.005328904406802472,0.006205490052375629,0.0018882659667027128,0.010669974405429775,0.003124067396128713,0.018947123764859148,0.008714270109693896,0.0,0.014714503097469453,0.01069949753928605,0.01163504415433908,0.008706571892419374,0.0011255816618999286,0.003247795284772231,0.008580963423970956
83,0.01133135080330793,0.018534301554371573,0.02179813350837816,0.004199021466127861,0.031024497109705645,0.019551636961074998,0.007296052853754682,0.002814106232162364,0.027261634910100946,0.05444229095231704,0.011101179245819865,0.006728871072896454,0.009065498024336142,0.011733880148013347,0.000721418360270505,0.012976779046981442,0.006520078084970269,0.0030916000034171076,0.017393737709272494,0.004444858175831244,0.011176429344291977,0.0375588780061433,0.005317411540948444,0.015040536675762047,0.0024271844041098022,0.023214917455192833,0.00018334151899575512,0.0001488563754816575,0.016661961510358377,0.015696376237530917,0.0,0.004480485382185425,0.011740584380987747,0.003010376488209534,0.0,0.008737112284241856,0.008314864373426054,0.012554785094301895,0.035896243856917705,0.0006508219416776036,0.00842022294538368,0.0024290203896492665,0.008788922541289188,0.007490744186057032,0.009986556816493726,0.024990433679816872,0.008373736834703492,0.005460116026534668,0.001740379632996867,0.024974704468296423,0.023424373026144953,0.035232937063672885,0.008300192956395303,0.0002398415847953656,0.020300033970650957,0.017916364255261726,0.025034596006016277,0.012646390663455739,0.015469489493349538,0.0,0.0009631604079135767,0.0212230396939033,0.0002398415847953656,0.004200476260362966,0.008091878029184164,0.0,0.003295076262844198,0.01667236327332892,0.0002461612539334184,0.030648422520748418,0.011773577265319283,0.0012055428469952782,0.047578044356122465,0.006293477740859866,0.009736594579108167,0.010746674819258688,0.004064306257815034,0.02363368039538919,0.033228233895204976,0.007201103332699259,0.020790170626187172,0.02761757785628641,0.0038397331132846144,0.0,0.022189713617879962,0.06709677518571022,0.012963036684580594,0.02009884144626644,0.02301924811265254,0.030006193822666727,0.07004297150432957,0.03908260334430019,0.0043019763515620285,0.0051268398633558514,0.0,0.0,0.0012055428469952782,0.000721418360270505,0.01056998394451595,0.011857702201122958,0.0004803132333810247,0.024089315594824506,0.00124799717135349,0.0034649273193852583,0.0024271844041098022,0.01742197278829484,0.011493962987888424,0.03579793317060494,0.0005986016399187242,0.003837452717239728,0.03569838223496691,0.000814666687052701,0.01265986619096777,0.0223955113674319,0.053643749398828995,0.025323620505407415,0.020301185955881457,0.004312564959741505,0.012995072408407245,0.04137819903259837,0.034453440385382554,0.024644174760816182,0.019273861893901224,0.002708272074450989,0.007724480326895785,0.030414369235807575
84,0.012311481414179072,0.0167911123088407,0.0547205199498021,0.016240648165923684,0.03217487203922016,0.02172593061299744,0.007114846815719843,0.015637205164195717,0.013065608133103668,0.003973970436360873,0.021762447567987266,0.00025942010998716955,0.014815155412419113,0.0016060384061167233,0.021130573873817726,0.001946299837532463,0.0,0.0,0.0,0.0,0.021195763298602115,0.002750742293919616,0.0012877804015026543,0.012452727896697765,0.019525803348909077,0.000961622127219966,0.003922110071796314,0.012133387713847263,0.0223583831169995,0.020037406646221403,0.011468434807328159,0.000542905872889511,0.00011153526572126122,0.0059405942703953715,0.004740165574246196,0.0020608996616368804,0.005476059997461661,0.03403063590669989,0.013789626844189435,0.042028340578673475,0.025719086789105377,0.006807335785168474,0.007150448087619591,0.021104507484197624,0.026555392464776735,0.008133794379112233,0.014873003964739557,0.0017592901344616002,0.013808007190488204,0.015673016197978503,0.0,0.004805158026264685,0.005943770568602025,0.004502190589526469,0.0024530673130361198,0.011281028198755066,0.026698957216608702,0.026874794709091116,0.00909672575314809,0.001426281192471207,0.02532027805481057,0.038658092563145584,0.02741938185529758,0.0234007388575058,0.0,0.005440439183572318,0.017701868072681398,0.005011830367657487,0.04287814035645786,0.029815051286887388,0.0015596142096820948,0.004529503222109436,0.002328298845046284,0.014597372673848284,0.017966501747293025,0.010323372957996863,0.0022517852280167358,0.010457975489313721,0.020399855982414474,0.01641431163911687,0.00695360269899169,0.010443167913881604,0.0,0.022189713617879962,0.0,0.004269280733602516,0.009683749925411718,0.003381027709975043,0.0033171895936255883,0.022306483751150404,0.03287799441372147,0.031828687430491165,0.02716572182199338,0.013644771651756002,0.011911354540214851,0.0,0.022221671029812453,0.0015066636389576757,0.0,0.0061309620636754315,0.007306868365877248,0.00307391290511542,0.008164827591796374,0.0017132552414867181,0.01977649656518474,0.00749630101017884,0.027945591642662353,0.0025634371259206264,0.02263473413193294,0.0,0.01838718660242653,0.01399122315609915,0.013387596926064645,0.0060842623775923315,0.019068851338381928,0.012645378094856104,0.004172863752005937,0.08138837812556898,0.02557902415418708,0.0769724350077801,0.03626087067705022,0.005501493792038466,0.002137812502984143,0.015459316276215565,0.001178581331476725,0.02727679473160366
85,0.008218209044783728,0.009170446401511196,0.028340508550718155,0.011031607194672626,0.012656803887665118,0.08623082900307256,0.0030834655853654784,0.003297652146023136,0.028694533572003522,0.006124443877932521,0.024554060970447125,0.016662273340846474,0.010136452292937087,0.024017264761900817,0.00978839275267617,0.006420192370168808,0.00947558812997618,0.032980659504401565,0.0045072041156536385,0.00855497026178629,0.007365473645982329,0.011399964185785203,0.0010060382205926038,0.007813590354957633,0.011595622166069236,0.014821326233391224,0.015484970360330625,0.012567044960174873,0.011348578229700614,0.004055383491991634,0.009874181519860609,0.01063192057520316,0.0008099215894990979,0.016999221685116632,0.008476579842783273,0.032375245293161076,0.010275443067422183,0.000525990733294382,0.009633457440894427,0.016196785705498106,0.0022994708445410288,0.017660395415606843,0.019482765886131473,0.011545724399586874,0.0012959881406146199,0.008171381247021086,0.0009749566516674689,0.001379644669224164,0.0052581760565458355,0.0033089763614172984,0.00886287621022026,0.04594570059952101,0.0,0.0010060382205926038,0.014161511595059647,0.011804454046498625,0.029593108783093174,7.366860912886117e-05,0.01399543205102729,0.012606188649185439,0.008829108530625435,0.0002083405990495466,0.00960817282313008,0.003616450956240238,0.002860947541972751,0.0,0.0,0.01567028164423862,0.013194082926913034,0.03343837482285689,0.0034571380543767334,0.01692015677716769,0.0033423803657277574,0.0117154357255083,0.06214220469227718,0.005682411758417637,0.011207676147569469,0.005059530567053806,0.009594650571306295,0.0006394759294619996,0.020710593845398664,0.04548082563434196,0.01543151010000823,0.06709677518571022,0.004269280733602516,0.0,0.04269576928726771,0.035380168948616585,0.02834417005617268,0.03654990947162511,0.038392578253291745,0.05370767145113101,0.03182196026042036,0.02504796243063607,0.042383893239553196,0.006319049667749325,0.0017795032519904257,0.012561100892272584,0.0,0.019818911914194517,0.03492563489394142,0.010244518554339232,0.009700201414059792,0.00042750415227078863,0.0035169820933937646,0.0004732885910707844,0.008197123560198168,0.016891557363493893,0.0,0.008060633949727723,0.014736221833757793,0.003423403158929097,5.041417678401054e-05,8.2591360318852e-05,0.003897933206361919,0.0018112780714113052,0.002128981767458314,0.010951886660830098,0.014220885413899794,0.02120811107763063,0.0006844736412519061,0.0008197133420053214,0.021400821611984287,0.017633993369001157,0.04700636475860459,0.005802642633031997
86,0.00825806528170893,0.015619418282541054,0.016703014740289387,0.013089935501830218,0.016636377821278067,0.021202306612509256,0.005322742242731877,0.004122605545943064,0.002250627862629318,0.03896685027990964,0.037535787956112815,0.01637264271513283,0.03028130407161974,0.013827845208995548,0.0033418759883132158,0.004417847946972424,0.0,0.018739628204102427,0.000608649249648979,0.02396995627354336,0.007044499732647074,0.0018448507918509026,0.0033964090022669973,0.022577249487936147,0.014518740208062349,0.0015797404831143446,0.0,0.00021475616165323038,0.00841219206002743,0.018774375379671727,0.004253618951860289,0.004038079623671727,0.006434599548862937,0.002528549547059385,0.004348265133168235,0.0009187524191659103,0.025152723822771075,0.015633383543429455,0.03280016824048954,0.0026117528657251055,0.017866040478168314,0.0010525839958037515,0.006929851776185128,0.013324645925379361,0.0169811004678065,0.02132150907238676,0.00899924583186284,0.009672282789880221,0.01862033964758234,0.001977869294439516,0.0,0.013876945210864147,0.013756744589838305,0.0008878111958788106,0.024755759744938023,0.007734998307606616,0.0019068750989818398,0.011964077244161125,0.0009467255452007559,0.0014907073611924947,0.023640551657838297,0.001624602351578453,0.00023297445700813101,0.0,0.008247431134119357,0.0,0.0,0.0,0.0005611057403335079,0.013448828815405673,0.005424382201889455,0.004017707598067348,0.015746809542306776,0.02318679995027226,0.006641262239710096,0.03996058401716981,0.03166949650413104,0.004339787185779082,0.02368700834120976,0.008463024954193842,0.00416558774911706,0.0013449607047436218,0.025824906143508197,0.012963036684580594,0.009683749925411718,0.04269576928726771,0.0,0.023694912067375996,0.013231016914118364,0.029508581253201334,0.016378206816291006,0.027230954604962148,0.017284130318573933,0.01931370661886746,0.005653744778286129,0.004419699677572638,0.008717382926480662,0.0007007882909378217,0.007451134129508178,0.003183983878403153,0.02056524709928751,0.012613683994337021,0.010441807701382212,0.01823680543282953,0.00273972719491007,0.02343211073383941,0.016982660655451703,0.0005492252385625404,0.009190755986244479,0.007534508544814913,0.024399116591338303,0.012721530988936372,0.0009701311879648199,0.015169050742796375,0.006649561255888688,0.038741052223043554,0.01412979860629707,0.0003508506873164748,0.015049900728210774,0.009776293492033246,0.005842233451720032,0.007957135964447654,0.015521480292435653,0.010368879410996798,0.004968813756478055,0.016883691157941475
87,0.019667300503203766,0.0007964636237825764,0.14093773966482465,0.008748009874337626,0.13095602294127276,0.05860190433105042,0.012466058163202117,0.00814747658742224,0.00550818406716744,0.021806288766201342,0.004387364913269337,0.02428384906540559,0.0012431403919427077,0.006429094615110193,0.017673318699519613,0.014562596868344914,0.006719014957093704,0.0,0.0002867268715983466,0.021775894439505207,0.019334041063712237,0.0005079792166284327,0.008849842978105319,0.019907889049209995,0.02645342201970548,0.02323379154808207,0.0,0.0025370897305133974,0.003587189265700997,0.0016526595715350902,0.0,0.0020603750006888332,0.007549016536964853,0.04657779737830323,0.015540784055978044,0.04026813169677182,0.027737472213641617,0.026020029514209533,0.08910641567332205,0.07230606119399907,0.003223144936368977,0.033389843261194714,0.017897657080772945,0.051954145815935784,0.04659579541169374,0.03017583645849745,0.003375118253382354,0.00826786331220159,0.0214214503111191,0.0030400077362734926,0.028109225230351757,0.06134119439562794,0.011583870112618827,0.01342225255753904,0.006968171030607158,0.011562273633229241,0.010511992119186324,0.01729487725496167,0.028487533353952613,0.015143555304899149,0.04347575927654154,0.025657170317295815,0.0374684022311478,0.027284220446659062,0.01416081748055865,0.0,0.004522326829747134,0.018263904719281573,0.0012564076209383012,0.008787540578377526,0.019294832144054214,0.014467835649787483,0.0007274276715983522,0.024551935134452613,0.004083832714135828,0.02235502602851431,0.010754160902797611,0.018000860949740648,0.00024358190722047158,0.0068193763206869824,0.03186537623322229,0.03048482286372008,0.051353052472341634,0.02009884144626644,0.003381027709975043,0.035380168948616585,0.023694912067375996,0.0,0.1522951611214388,0.21706410038492027,0.11053728652644979,0.2336193746518743,0.2264816206157449,0.027770374937271775,0.024305860580689065,0.026118889020066767,0.0013630322691654284,0.02101748234361332,0.005836996622283007,0.0011368220077369057,0.007788058609418815,0.00048572639231832894,0.0030448187590773304,0.0033923818132261707,0.017018162642809292,0.01327237449822144,0.002922418370472406,0.017089497957065738,0.015461830080137422,0.020183238013718442,0.021707338458430835,0.012077602083461147,0.03220178016325234,0.017955824187820647,0.00537696213084542,0.028958763029779826,0.013577714664000332,0.009182420867675248,0.05559562089931272,0.04274568694571226,0.0988664222787493,0.0520975828759759,0.030672547264279686,0.04096357615901639,0.05440346379615475,0.025270135559262892
88,0.0410684728194752,0.009435432265078023,0.21269828127105997,0.07386465631929587,0.21350478587465307,0.10192759753498237,1.186855192570129e-05,0.008360191562005369,0.020883944715216617,0.01806764333228724,0.02974286329087035,0.058646087007181796,0.007579255547868499,0.023638966824971047,0.028580529379775864,0.0,0.005093236424727624,0.02812343583424928,0.017006123336060986,0.0012834191266480873,0.008966444319065358,0.0014337632145376643,0.0030133201849189047,0.0034769714523059806,0.012035768910473232,0.008893310336732517,0.010096996070444886,0.023058562769382233,0.021635242928088345,0.010223500139042621,0.007463309628049816,0.0,0.017870035562434262,0.0038800784378748626,0.0011813553799879094,0.0245905868552812,0.0065841313221085196,0.01435487532730137,0.47514401446244864,0.1582421403076091,0.027423871410547095,0.04844423838103324,0.006868731774823643,0.031213902885537218,0.023089839511825038,0.004215149618292091,0.010298252315573499,0.022168121302563962,0.036966411380040975,0.023192131026675188,0.003016220492906251,0.07115484455278683,0.007141775315527502,0.018284615370083506,0.003415613165440214,0.006547961030811691,0.014868070690714245,0.0026943613643214672,0.030052018646538316,0.0,0.02258434847938422,0.02852051642961887,0.0033259685857979114,0.0293037625594275,0.0,0.017794900740122698,0.0,0.021477229791357473,0.026709942645672304,0.002096315140032679,0.013051647296987365,0.0188766951945768,0.02050359698839505,0.00017025581764180386,0.009159517088370733,0.026731448508038415,0.006132320103877227,0.01803726803677995,0.027160367406677103,0.023934846354797153,0.0,0.02494672565101496,0.03158413883438157,0.02301924811265254,0.0033171895936255883,0.02834417005617268,0.013231016914118364,0.1522951611214388,0.0,0.21602473097825506,0.2139804346201637,0.17575236542987654,0.14245104558278407,0.04325593988265003,0.0,0.021013405731573346,0.021619998049927362,0.013348445131348485,0.0,0.0004311837697093541,0.0006001270891948166,0.023508582228344975,0.0005293318976698906,0.02406122506569084,0.03052035462990477,0.011457002729577533,0.011079659914933798,0.022195354002551838,0.002979356945606738,0.007577481905711101,0.003601722540803277,0.03108618701551743,0.018178497024149486,0.033938924076392846,0.028374859774319205,0.0031743304555631817,0.08377450085685463,0.033635374867423164,0.08023774391899942,0.026396007281610206,0.03447025172861353,0.01463629973698081,0.016574346897986706,0.014925611341441335,0.01722322803731231,0.014661616439729621
89,0.03925088118132617,0.027882936283019914,0.7199065498270583,0.07524375866749022,0.13611490310552551,0.08026044624566242,0.0005722578832209174,0.034146715188345424,0.01949898269882964,0.015711766332959495,0.002819742452238303,0.03193169895678515,0.032793070378680775,0.030990725186237352,0.00896115516100786,0.0,0.0,0.010931459746876829,0.0,0.0,0.010356853213246755,0.0008931865896906791,0.022600472224364117,0.033223046877087804,0.02824417014049675,0.01056546224786913,0.008788555193961677,0.004701913210998289,0.014789094788116804,0.008625427625068434,0.0,0.01682642759464725,0.00794400068401318,0.008499618513310738,0.01755325186531143,0.06332867795984343,0.007519253788675777,0.0675691433573719,0.19570270224111436,0.19301062933378033,0.08541468324667115,0.04840581144693815,0.005063500238463408,0.015502822805148886,0.01198478869456796,0.03558983342478473,0.02976696653962843,0.003783097122476087,0.019910135991096294,0.013401836606006532,0.014861684159334925,0.031091518994629554,0.009737732766209609,0.0036968124422427913,0.00016134457030273104,0.006608462276993657,0.0013459959197900826,0.017899515544476108,0.01578635836360764,0.0,0.02843696521768107,0.0640348773823223,0.014308978989786685,0.007368653514674525,0.021729479851259743,0.0036647662938389357,0.004944464821607319,0.0,0.007366364757282323,0.013096335831013889,0.02888176337994239,0.025428371968939704,0.011555544298924249,0.015330167275608838,0.053857146697666634,0.001956305260246135,0.020557330302068407,0.01199423829468402,0.04133267361153569,0.019992617233094395,0.034899022624516454,0.005271590630310551,0.027293590672661714,0.030006193822666727,0.022306483751150404,0.03654990947162511,0.029508581253201334,0.21706410038492027,0.21602473097825506,0.0,0.15105284452716974,0.2937233386762385,0.21751959201743176,0.032303921115333145,0.01891528895747277,0.025129410679371394,0.004149356969415444,0.01660022183582767,0.011113660081908183,0.00924869791840931,0.015020024765155012,0.029381266169877483,0.009736245902222936,0.02173761465109015,0.005238372039974848,0.000628377028136932,0.003252003470015565,0.0310774555338209,0.01591893839699339,0.0017791535762659754,0.015913712735179435,0.028725782693654247,0.01598575418309219,0.002482305689256972,0.0393289503393079,0.022307038776851435,0.02904270656702702,0.06652903381158799,0.08044531952912154,0.12474905029824894,0.03787189022368236,0.11030614485861015,0.007559171524610141,0.009234031785393728,0.03100300856643723,0.012477474363445167
90,0.024872449041180102,0.027306780661067617,0.09670779972335866,0.030709337952881378,0.0589558560330676,0.04977202403613045,0.007622415846791373,0.009329027267221556,0.009395284329451834,0.012260924512638044,0.020876677958879583,0.014798343014547357,0.015472004253519196,0.015512906221338725,0.019231139708434607,0.008170762861281928,0.02082467711585043,0.011061535614239542,0.007604597116474634,0.019463734696318118,0.0005655324408025827,0.02316421205839017,0.020384748921244155,0.031693651433101856,0.017887755227148354,0.030847574471616634,0.002783868830542695,0.0151716213615694,0.012564518860377157,0.018680714097884674,0.0015537421101362145,0.005042569973145678,0.01631469992510616,0.0031005189112741534,0.011568732612679163,0.020337825153167077,0.005943292765112193,0.025369313962588753,0.0720156414507122,0.0602335578786368,0.011479826391460767,0.0003243556720514918,0.025143167352735418,0.0047320531441318375,0.046193651004459796,0.009799931421919542,0.007288721601517248,0.0028713551200530256,0.042801053842601085,0.02127324716744136,0.02987226571456601,0.052760493905458415,0.006236631834398556,0.0025405233106320442,0.001895820084549257,0.054249232189285006,0.007962294379399309,0.0,0.043038960623210526,0.014335966287818802,0.01760808880111541,0.017168749750626065,0.030359531911579953,0.013792525909749175,0.003030731345252792,0.0,0.010378974246253626,0.0064086911548516985,0.012506878658457071,0.016808112768790035,0.03213928661255375,0.020530320271359283,0.027420556611981336,0.010870787629352436,0.016241958147962105,0.002918005111919313,0.012987682610878749,0.023790654257411354,0.02926480045217099,0.0067716320106696246,0.00599455692167345,0.019181934687960974,0.0,0.07004297150432957,0.03287799441372147,0.038392578253291745,0.016378206816291006,0.11053728652644979,0.2139804346201637,0.15105284452716974,0.0,0.2301370947039497,0.1723863800451653,0.036643846910612766,0.0,0.023769687397224758,0.02557517460474473,0.00988114815235017,0.015097039003864304,0.007178324875326733,0.0012711403465999968,0.020837698217231988,0.014246166287954519,0.022739988686886977,0.015495837221783205,0.038148843598972526,0.003527845052888755,0.01640432511771515,0.014989060849011596,0.0,0.036890728225131515,0.00856124626499963,0.0033825835055028633,0.0038714641560923468,0.043711365823054744,0.017156973425565953,0.026374613168500767,0.026341916547508348,0.006125250661783645,0.0738569212755535,0.09303724131529187,0.0461101417763817,0.05488614513625603,0.010531019308501189,0.021839911735887715,0.019348634657021656
91,0.04612428846837519,0.03595440149506827,0.37755059261141893,0.33306571459118195,0.23668524205886954,0.051202351263062114,0.0,0.014803882649785775,0.03250648885835681,0.029855466899990562,0.04576240634653444,0.01106482389645064,0.012018447413585022,0.006117591321304341,0.008407525827200365,0.011367120892822226,0.010430969791962005,0.005016551087517161,0.007062912085786328,0.0017346908988872221,0.019678187760171925,0.006549309749016093,0.033551262311473304,0.027350672464736544,0.03228192628776956,0.013586970086373069,0.0025151123580426336,0.021061356809422498,0.027893233085168546,0.0127557868237746,0.02913567612764144,0.027843311207821506,0.020780112569408666,0.013803191009746764,0.0,0.036631744687326544,0.02577492807191865,0.009773850791967437,0.12611671913019554,0.24689002738315394,0.06198642038500093,0.016331542425845072,0.0036241060630694145,0.023430733825608882,0.039899274389917666,0.0475247093336379,0.016554999244284926,0.0011326847875151279,0.036808641661480686,0.006383061475385216,0.01377308499380087,0.07252678180440986,0.0,0.02182792697729743,1.532711462609208e-06,0.025906913602835452,0.024076519680007562,0.0,0.031415099778997355,0.021104649713412357,0.021347274796850915,0.008196130903167481,0.010607557201719759,0.007333165201894588,0.011330665969258602,0.01870009354692274,0.0,0.025203949206327157,0.008536642504548074,0.013321653776180565,0.02158557146900792,0.021915066085067457,0.0025766098178192118,0.020157617680269302,0.027410187113989546,0.011941734161852008,0.007765283280177479,0.027847143457733824,0.04159910965503145,0.02283781547635972,0.014816140097277594,0.03692671917167139,0.03353169667712026,0.03908260334430019,0.031828687430491165,0.05370767145113101,0.027230954604962148,0.2336193746518743,0.17575236542987654,0.2937233386762385,0.2301370947039497,0.0,1.0,0.015757634932416546,0.0027569550814297824,0.0053371873741156935,0.028252280697956458,0.0028465895083453372,0.004595393958153498,0.02138635803850439,0.03408860028411112,0.02369248886952824,0.019753676813699755,0.010895564109353715,0.026415495488392234,0.0048185768722378225,0.0015503305490831563,0.020723153049624382,0.006214789633044787,0.029736535061028982,0.022928106150892455,0.011577509388807243,0.02167242886431325,0.0033995545465875967,0.01107803574169313,0.0067618173045523025,0.012568685725157963,0.11307802947324087,0.01997893926127081,0.106584568701186,0.17120343319264628,0.11823936754190895,0.032204861591758276,0.029770570847936103,0.02837353271047836,0.025802978541149876
92,0.07724843149570665,0.051799468713246886,0.33029523499082136,0.04480050360939638,0.17767722808616515,0.16223756616823234,0.003362576532799545,0.01370418055510385,0.014334315284911156,0.0181326140509916,0.005392530885424986,0.028777622233294015,0.013084145533325996,0.025183323741951456,0.004183951461529671,0.02390435749540078,0.007561223419231163,0.0007141164556182923,0.002716615685946918,0.00639112441883447,0.00845835933290986,0.028793390566570695,0.008644653760695998,0.008358529856110014,0.003472516278708519,0.017610554931647128,0.02450962305399035,0.004496728825121752,0.0031276741274756906,0.001136748755607584,0.022905498792626322,0.019073637745467855,0.0010453010897750342,0.00472831274739575,0.013174092382762044,0.016675800429684424,0.005932475651653131,0.022465060457535626,0.07244822154835834,0.1441462848316611,0.0431769060479837,0.04145579370203405,0.02547108327484422,0.030994526019290734,0.010112416109149402,0.006124547610592637,0.006113607301364356,0.019029200473498216,0.02270131373260004,0.015017103579659396,0.01630443430441885,0.019433265870984786,0.02579005750646041,0.0340343545235066,0.022535273203729708,0.0030580381811493116,0.02003250202993274,0.012216616966044369,0.028962980406169594,0.028141358711819005,0.044135110011753464,0.00029916901930168016,0.028479925371749475,0.0,0.0077584756775008696,0.011952142115885677,0.015408464289881062,0.00035610988300986896,0.0060970238139423875,0.018682070628189693,0.030173872494282966,0.022638617350108258,0.03606805883211368,0.012865833972545884,0.010216621229002671,0.009393926243495861,0.020749772471489708,0.008870588905999387,0.028780894922608682,0.02210561357817978,0.01624612289839954,0.03440009025677267,0.054263729906040725,0.0043019763515620285,0.02716572182199338,0.03182196026042036,0.017284130318573933,0.2264816206157449,0.14245104558278407,0.21751959201743176,0.1723863800451653,1.0,0.0,0.03419083770209745,0.018266205611166896,0.0,0.008248611584554724,0.023210260654638992,0.011767089847439117,0.02113357415172862,0.02049633429422709,0.029052692065789417,0.013889985054251477,0.012345564688703516,0.016064396567737768,0.029714786122701942,0.02361910223308652,0.014259313683315336,0.004366093862145725,0.016472903994236857,0.025410535398620114,0.01340802843888348,0.000319651767755242,0.009763131481137739,0.018723551962856452,0.0003295663590721352,0.014615829109733301,0.043408393064512135,0.038920784604886405,0.09061677999460628,0.11058892710253801,0.08703177337826534,0.005952059463060085,0.029135510067284424,0.0197183601159865,0.028909653186120616
93,0.010076223389918407,0.0025656201017345433,0.01462934411365722,0.03361486222763702,0.015304144608564392,0.003883021932421206,0.0,0.02280415324714919,0.005732865737660249,0.00817937057294756,0.002400139970489398,0.00033110124835543093,0.008107694937618903,0.011085611781925067,0.010741236107679004,0.0,0.001375005654773506,0.0029432504320700843,0.00019402159694192474,0.0013302628950639874,0.004693901991045588,0.013585712071276516,0.009727737441913723,0.005146201551760429,0.0036836115109237302,0.016229510744529493,0.015113596494751526,0.020008414562289304,0.00409173972589465,0.017858964764976514,0.040538250500613555,0.00011531516292103019,0.0059287602357588325,0.023962134608726506,0.00453771225132818,0.007247421074633372,0.019481269170458695,0.004630136517855341,0.037417353805298724,0.01439768851932267,0.0006294007675688876,0.01492460025162518,0.002893189335837567,0.028096609773751845,0.01095848615499734,0.0111146284864612,0.005641675115241813,0.014370384104920728,3.1754737074580794e-05,0.005858189570654374,0.01320156097368562,0.017218212173381126,0.02438382868899129,0.014181733529627679,0.0046167233610404325,0.004743076160107469,0.042148217390816284,0.026049733358702563,0.002247250925088672,0.0031061271493894715,0.019888489128045243,0.029711505425971414,0.0025107509197012023,0.0,0.010872308758322114,0.00495068140265052,0.003981302921859899,0.01336397321899568,0.0008544510435492544,0.002509942953443065,0.023400551993454737,0.0029060272280188038,0.002723347912760734,0.011525347621883404,0.015937295175362503,0.004132780585218667,0.0006209361347626775,0.031594006927845655,0.026778307075768306,0.01043931445063636,0.0018367833694102685,0.019829205008374238,0.007924441156457903,0.0051268398633558514,0.013644771651756002,0.02504796243063607,0.01931370661886746,0.027770374937271775,0.04325593988265003,0.032303921115333145,0.036643846910612766,0.015757634932416546,0.03419083770209745,0.0,0.011105394240365801,0.037467006982769537,0.00876530284038902,0.01232024143068349,0.006934376144981435,0.0052519637150532286,0.01723379173733724,0.0032691874661314327,0.01362876243672982,0.005066195217484549,0.009430060278289938,0.005393203934384443,0.002809971880817525,0.004246264030182874,0.02894318902665488,0.0,0.0008746491803127548,0.018587021427286417,0.013442161446745001,0.020302829198257988,0.0050654830727958995,0.0030308986774029443,0.004305926272011827,0.001056254497418137,0.0023960203760824378,0.014003128677182104,0.019015199774499114,0.030649118944922865,0.012761211820862314,0.0030122912915521477,0.003515034469681211,0.011399027254297178
94,0.0009959267228398666,0.03030616432171573,0.010589193722461665,0.034910282563633384,0.008076309961638172,0.006750999232012536,0.01473121917111015,0.01708287159863269,0.0,0.004098070614783043,0.0,0.022566776837172942,0.0003768341503958341,0.016010034600172376,0.0013494914493246233,0.003170887698583976,0.0,0.0013053903785144913,0.03268785784263318,0.0,0.014335209036388855,0.016570601216779834,0.006653119130681315,0.0025424218707866724,0.02245625997149671,0.006096709530423963,0.008126136572787006,0.01155243985444065,0.01822581907432115,0.034968725531015134,0.0024897464520818756,0.007976726889191491,0.0007614651004164538,0.003254454493530086,0.007981610724803547,0.007977104027788139,0.00039947081999409077,0.007614100803822933,0.0004107919540915733,0.014019137948237514,0.007720956924449802,0.009427928321556605,0.0,0.0,0.006432358976722941,0.012381132699605253,0.017211612969914577,0.01315418953237411,0.00345623263292104,0.01807203743668657,0.0069742622590454155,0.0003536205328448305,0.0,0.002512178918894118,0.0017581927368280942,0.008689768820562813,0.006737093211099578,0.010702046825623833,0.03874939108248354,0.0,0.007957730400914274,0.0035505815236581196,0.013704636167018551,0.011812015557414372,0.0,0.0,0.0036386859967707757,0.01496183277764338,0.018208961738305336,0.004970677635208206,0.0025026094010064297,0.0,0.0,0.023844526156695568,0.029190501062573777,0.0,0.004670681035195798,0.012159656429782062,0.03153929289658121,0.0035320780173790606,0.0,0.020198210589254445,0.01377126458004909,0.0,0.011911354540214851,0.042383893239553196,0.005653744778286129,0.024305860580689065,0.0,0.01891528895747277,0.0,0.0027569550814297824,0.018266205611166896,0.011105394240365801,0.0,0.021096995476792824,0.0,0.0,0.002514412396571892,0.0,0.0,0.015750291364565815,0.023751323518204404,0.0,0.0019233407741820938,0.02567513604869087,0.0,0.0,0.0027814254425050635,0.0057657153479090464,0.0024053336415887634,0.004549752736780802,0.020391702887985634,0.0,0.00444749130735509,0.0,0.0,0.02437829987374033,0.01094240410656924,0.00828007598565755,0.01401505506359455,0.007566757616109331,0.016389146662159435,0.02628250019488175,0.0142391028306967,0.00030160125410117015
95,0.0063933161062177425,0.002387413815034937,0.033517894098909894,0.004872664979599283,0.02690468071656777,0.010932304632275108,0.005767845227150262,0.01423907714698167,0.018078397893694215,0.007515820733661924,0.018079420195048677,0.020317031387528287,0.012497558183339124,0.02899327301829462,0.0,0.004547649106136464,0.01205749138179552,0.0004921199404628685,0.0030772919559159603,0.00014870755187442922,0.0037192325834830412,0.012441781706499228,0.018594217359167314,0.011728981181572777,0.012893320083396595,2.6451698242014898e-05,0.02643034278471538,0.014863361105607775,0.0030902776242665722,0.0,0.002461379820872994,0.0,0.0,0.011891090673170153,0.014848255558285924,0.0,0.011686911910407657,0.007444679909131593,0.010309859108490867,0.002459696996819383,0.0,0.014814771277165302,0.012130103956664811,0.0,0.009335363786108436,0.016823289167497153,0.02058999353508958,0.00530788740412052,0.0047409669998289905,0.007065302073030989,0.0,0.016340499683371427,0.019880950027679634,0.0011717650276407495,0.009569496454209984,0.013373154137424282,0.023163848874661462,0.0,0.032476895604749464,0.007414286787466581,0.0009994326145141902,0.00436332169964001,0.00709019771841411,0.01505373425253289,0.00044325279777122846,0.007953215270426417,0.009545286126125305,0.01667068530538161,0.014055367065719646,0.020070023316791058,0.02576040362412966,0.008592142408747287,0.0,0.0,0.01911719169990269,0.0,0.0,0.0270914152543912,0.00028246262495227687,0.021149209309783163,0.0,0.001922517565823865,0.0,0.0,0.0,0.006319049667749325,0.004419699677572638,0.026118889020066767,0.021013405731573346,0.025129410679371394,0.023769687397224758,0.0053371873741156935,0.0,0.037467006982769537,0.021096995476792824,0.0,0.02950514955600575,0.015830453018317096,0.006433597536361794,0.0,0.014659747427145355,0.024995555071853248,0.016005582777468743,0.0037563980230420346,0.0,0.005609912050796173,0.009504130012290706,0.0,0.012166040570515166,0.008551022838030326,0.023011226097263176,0.005993963029551811,0.008366544827091751,0.01540446786927786,0.0,0.005103690763726082,0.01620062015216546,0.0,0.0015497184420127986,0.01897208330929311,0.006621023974307972,0.0,0.0027898427883639863,0.0,0.002858376997497716,0.0
96,8.421226995952831e-05,0.005912783486164437,0.011770245025856428,0.032222742127766296,0.010352195364577512,0.017878557283064127,0.03141352805000781,0.039435594257605025,0.003416647857985877,0.005430072543072446,0.02906840988464458,0.01886816471304021,0.005797965003964761,0.0064007142788196645,0.00491437565731092,0.009021200180284789,0.0,0.025421139154644733,0.026939089460383817,0.0,0.00012018818811664721,0.00012018818811664721,0.03480535947259266,0.00036724330957264785,0.014027039866960361,0.04537355977777404,0.025369438279765934,0.008048832816131073,0.02757976475537373,0.01800242800761291,0.014724506165831184,0.009138079713015406,0.013444456778182134,0.021144870263996706,0.01170676444425794,0.05460983273598158,0.001217029600887165,0.04013775014701292,0.003957093362452998,0.005028355872315327,0.0028100145926114512,0.029339162627720183,0.002507203300031015,0.004508489153049594,0.00219108217128118,0.006438159029096268,0.010289947801673716,0.013791966984538502,0.0012803178828552227,0.010174261998661595,0.014041847811650623,0.03499978556364204,0.0,0.017460032946695497,0.005322955372786267,0.021568496187547574,0.0003313096764054073,0.014219569001265973,0.01281469290022796,0.011319316125262258,0.0004826693383876952,0.011531117708460329,0.00707256608053677,0.013904335387657084,0.0049567181355467125,0.0,0.018708881922797033,0.021440377252031052,0.015180103201011756,0.008576043708132898,0.027775423037626527,0.020615961662264776,0.01911585138513413,0.02474300349696632,0.02715694848002422,0.009326903730804421,0.0056134139261770554,0.01479000196237129,0.003895626878429778,0.0003998548157562171,0.01608904226231152,0.02155219462285074,0.0,0.0012055428469952782,0.022221671029812453,0.0017795032519904257,0.008717382926480662,0.0013630322691654284,0.021619998049927362,0.004149356969415444,0.02557517460474473,0.028252280697956458,0.008248611584554724,0.00876530284038902,0.0,0.02950514955600575,0.0,0.06573656238263433,0.034996490104121085,0.01991305993500969,0.010740999206610152,0.004068414709013812,0.01564740641292473,0.007238717394860729,0.017660496803188635,0.0199396774581526,0.00037971229074459386,0.0020812364045798043,0.0,0.01968251654236385,0.02264931498775486,0.016947435876531147,0.0019391385272947655,0.0063383396410413295,0.00028358040675772187,0.018472311815918026,0.0005151425856574455,0.000724585095656041,0.0013048750312324418,0.027508938555991323,0.05376910161343374,0.021145308554441848,0.019134209674423117,0.008363722955768281,0.009258709054133517,0.017905705133658602
97,0.018339554967025367,0.011458935547458554,0.0008132726526485987,0.011500096050676265,0.00742788798795004,0.005557869171526407,0.007513836317624562,0.01848680397813473,0.013310984457357589,0.038458937482628415,0.01355074086518634,0.028215493726488662,0.018783915972555975,0.015343422906411825,0.018923464100542183,0.015456052760575455,0.0024787245392473714,0.0,0.027934093187261554,0.014364542219245907,0.009462063644330424,7.192228845717677e-05,7.192228845717677e-05,0.010234878209077456,0.006410533315806797,0.017190103642894514,0.05225618408433426,0.011958855688667008,0.016042774380486808,0.02075249780654437,0.030443813130735457,0.0,0.012318561048625255,0.016918592883037948,0.0,0.004734324354993567,0.003251356907101506,0.022456537890773388,0.03200374913871308,0.03202795787360852,0.0029112787661756236,0.011959264372338678,0.003140870387416968,0.0018033802464049184,0.00030800868450209283,0.023920335168272345,0.011042519519841351,0.00568856862547793,0.0055307256148196095,0.0008325361417907692,0.024790391650594778,0.005169309277464182,0.003299855861937439,0.00352860523726012,0.03161211599738207,0.017230703592396774,0.005452252448209591,0.015642436635195236,0.02167255777277863,0.025676466399210906,0.0002888329085999376,0.013978533397444884,0.0010415145081494209,0.009833466447306228,0.0110483671192689,0.005006617914546925,0.00844280277961832,0.0156904192475278,0.000580754519507882,0.022100249150143293,0.0263513988648556,0.0020165766766882557,0.022174095740203452,0.03522938589727433,0.0004846669238677051,0.019151118673269775,0.0074631905554617285,0.008436770508148011,0.0008402230194866359,0.0007148748436131259,0.0,0.015483377210597267,0.022658937423679745,0.000721418360270505,0.0015066636389576757,0.012561100892272584,0.0007007882909378217,0.02101748234361332,0.013348445131348485,0.01660022183582767,0.00988114815235017,0.0028465895083453372,0.023210260654638992,0.01232024143068349,0.0,0.015830453018317096,0.06573656238263433,0.0,0.008748049561249674,0.04932698398850061,0.00831910272946921,0.023031240472773978,0.016775790046084413,0.015505545663248518,0.02277061240346304,0.0057506589151322726,0.018996636419182686,0.0024469921955631714,0.015793603151329844,0.0070017780383081945,0.0039298258762282485,0.014234489996721108,0.014303767941417737,0.02802106318548729,0.006731766949981179,0.02520957685294902,0.0018555465047567009,0.009220838280187585,0.009008702111107663,0.002069027403939488,0.03637056390917956,0.014591655992917276,0.02031908444350721,0.002226455430336608,0.028554370112188213,0.0034613451171523024
98,0.0,0.013648582242627065,0.017875294411194575,0.031435645944094225,0.0,0.0,0.0,0.015364710358679291,0.0,0.005170882595774639,0.009123117337315072,0.008670236135459154,0.0,0.0,0.0,0.011137352053722169,0.0,0.009037464609442028,0.0019734037408227455,0.0029310765492245572,0.009911539749719579,0.01397535985277368,0.013480568419419529,0.013252790437806456,0.025215293020674698,0.0,0.0,0.010651825534052573,0.0006910096233028662,0.026592776489827476,0.00029947325867431496,0.02198369107996415,0.013395168246643703,0.012535398500663918,0.0,0.0032012298982539308,0.008393682100246958,0.0,0.020553447723400158,0.0,0.006347218332210338,0.01294761690303355,0.012927519803360411,0.03281918480952748,0.017350948177201155,0.007418249069990524,0.0,0.002346268429827576,0.0,0.003416459319122894,0.03982412366850213,0.019210175225128762,0.013061935952475469,0.0,0.016366099343311933,0.009174823721216268,0.0010917198116214284,0.021735688210010616,0.0,0.01515359856729445,0.0,0.008838881314919096,0.02946936203918068,0.0053270795858701096,0.011199792388569748,0.0,0.0,0.010532076736140455,0.00538781197387592,0.0,0.013769914879902518,0.016603859848563638,6.442532071090851e-05,0.0,0.0009083351501075782,0.0,0.004093780656803404,0.0,0.005832420315654274,0.004452693843248866,0.005886525890198903,0.007966344643057484,0.002129845611185134,0.01056998394451595,0.0,0.0,0.007451134129508178,0.005836996622283007,0.0,0.011113660081908183,0.015097039003864304,0.004595393958153498,0.011767089847439117,0.006934376144981435,0.002514412396571892,0.006433597536361794,0.034996490104121085,0.008748049561249674,0.0,0.000761965518203233,0.051820038864189476,0.0007908992003004246,0.0,0.01581681512294457,0.0011076234658970708,0.005675243745230278,0.0,0.017615093862127527,0.0,0.00711446807576061,0.030434596431861013,0.002040771202546325,0.019074360835200657,0.0014849657884948807,0.0017684089543592637,0.0,0.00985930570575306,0.0,0.00021862075268495407,0.006802994347887065,0.0007755160514670686,0.005506727700620671,0.008736770451615972,0.0005477616948429368,0.009156046414678118,0.0041071509695154995
99,0.004365908725229099,0.0010888699366856638,0.01829038414929044,0.027636568755589012,0.002077397546503925,0.035697611044915825,0.021757382071609817,0.0013506214331767815,0.025151884301616693,0.004385450600379579,0.01352203908715054,0.023620745213573678,0.0007366146927552195,0.0020589439265755083,0.0024246139103799784,0.0095117100935284,0.012763619390898656,0.017044320475565145,0.00674625728068377,0.0,0.02275943708184863,0.0026038908494149158,0.024490440487626844,0.029523187106758487,0.006670163182101673,0.0009153378910860814,0.02013276364920253,0.021668218781721624,0.0003318476867456976,0.013057811488295872,0.008623533537736547,0.01796781016933355,0.0472865641593672,0.01583328925662921,0.0038319126537278607,0.03093498178680432,0.013784477896063884,0.012029318104652397,0.020432310723091335,0.020479447642048877,0.024020976415698798,0.015884822748719083,0.003709630311825284,0.011968304249655322,0.00020201507606427578,0.050569027494145186,0.01791330792862676,0.026254397670977335,0.007700467624900319,0.016192750784348387,0.0,0.009698491390858544,0.0056900225977969355,0.023435872344334682,0.013618879214190176,0.024078452922991076,0.004115259958796751,0.015180611823535124,0.009797145161763166,0.005215532793291216,0.006281689272018354,0.008829184811011073,0.006490788193317843,0.02169387196335519,0.018225931255812775,0.022782641451807972,0.0,0.0,0.005338954902603045,0.007335233980228893,0.0033779302539174907,0.019688729182561992,0.02443412055084597,0.014571441045629536,0.01446323591321247,0.007514781373847878,0.014598113185633723,0.012169057893171908,0.003000974963199561,0.032345337161430114,0.01995827927642709,0.0293915213706178,0.021088876685942313,0.011857702201122958,0.0061309620636754315,0.019818911914194517,0.003183983878403153,0.0011368220077369057,0.0004311837697093541,0.00924869791840931,0.007178324875326733,0.02138635803850439,0.02113357415172862,0.0052519637150532286,0.0,0.0,0.01991305993500969,0.04932698398850061,0.000761965518203233,0.0,0.12405854299624418,0.019090044532567484,0.015505415326233422,0.024839741131762474,0.028767906259339462,0.014474117163400916,0.02706687648332091,0.025995723257317683,0.01597912141927809,0.002376625832595545,0.011600279758914615,0.014550512515329413,0.017713449464137523,0.012173782215812485,0.007822098893095148,0.01435936806293993,0.0037532395268248687,0.004346101700623059,0.006974348448778906,0.0011752130618784761,0.027161232299354347,0.006841141532490352,0.009590210933808489,0.030527604116223607,0.012936926590861583,0.029076493379438045
100,0.005678287608197898,0.015980349886940727,0.06578778531965421,0.018416625402833658,0.02283636210270183,0.00748508897805279,0.0,0.00852221337138589,0.009868801201430766,0.0026381048207637773,0.016793461230993123,0.002991146503294948,0.019468441964372116,0.0037675341071009266,0.004571943226501024,0.01133368604695894,0.013845864940344945,0.008279533412592887,0.019093232779150975,0.014836309968261576,0.004462184588680074,0.008748202923238383,0.010664611110552065,0.0017200550106394904,0.016068603475745853,0.009090263754853506,0.032169010451404655,0.0028682965585056807,0.0010632860590969976,0.011418103054984629,0.0061652868521929255,0.002164763021376617,0.005390897403857362,0.025219253863717043,0.005612265956380056,0.0006313138616425106,0.010475642687327483,0.009166136894467053,0.022568878481223104,0.033560939822444,0.16308642602006512,0.038330505879544,0.0005900242220524395,0.0116508695066963,0.016174782027396677,0.017943637879080238,0.03311811690925044,0.0049614085494246694,0.016426465612426503,0.012355358120273868,0.014041405419378348,0.03895306120435709,0.008663554081198259,0.01778053530973283,0.015027572064674954,0.006440898821034579,0.009525464323155399,0.0,0.010847985574585134,0.019309856612702583,0.023806436783661428,0.00787655014999761,0.015848243218575184,0.0,0.010945098761553154,0.0,0.02132297973048461,0.003152304363953823,0.004246392317493759,0.003635372969002877,0.008465441908220806,0.0070166598695904515,0.009622795845685561,0.012408822757889354,0.02782886774057438,0.007629475271899574,0.025183297466559923,0.023009481039396422,0.019912325436084063,0.004341283307974373,0.003138212711059999,0.0009207200081792963,0.00487370907295295,0.0004803132333810247,0.007306868365877248,0.03492563489394142,0.02056524709928751,0.007788058609418815,0.0006001270891948166,0.015020024765155012,0.0012711403465999968,0.03408860028411112,0.02049633429422709,0.01723379173733724,0.0,0.014659747427145355,0.010740999206610152,0.00831910272946921,0.051820038864189476,0.12405854299624418,0.0,0.056308092470272415,0.01468754553785972,0.00042453405444363115,0.02365333659538198,0.0161371948522457,0.021263980311942442,0.030133510577253945,0.0005520717376605398,0.0,0.0067373993352092855,0.005219412900680475,0.011567878806941078,0.04671135793701406,0.002670167144816143,0.022853523302596445,0.026345279577642655,0.0326097613501776,0.03156787569972724,0.021299104807002655,0.02152867470214206,0.033295025600025695,0.013670935182253924,0.01550838316064688,0.014274057502423419,0.025050556551703462
101,0.015517167207534233,0.027602893353090376,0.02490135689277589,0.008106605056633253,0.015152323079721065,0.021288140801391714,0.0009210007911739284,0.008028174211224263,0.023381870905806883,0.0014756021514951464,0.0013957133515796881,0.0032114251308278615,0.013324315705457697,0.004339845241106119,0.008636708879511238,0.002462003288371558,0.03302620599257738,0.0011740390447194696,0.0,0.03810619894606658,0.018406407807430202,0.028131067430544845,0.0091176162758634,0.00901133410840443,0.007307486950247712,0.03481745372125575,0.0,0.00824763932425073,0.02764214928152422,0.015376280978907557,0.010440809834822701,0.003146109497576369,0.005019856068753061,0.006820144696031232,0.01764752390911635,0.010877669394729823,0.022650135584668614,0.04582121647850656,0.03579175128578875,0.02624940905325623,0.00813535645488315,0.01504621062061329,0.007322015015478609,0.0452682790399198,0.03866860396667162,0.008830459872421538,0.002817655729808775,0.005751660975371743,0.0004257089133995455,0.0031556708759904574,0.0,0.003665667213321284,0.03320508529277736,0.011996534433486675,0.0152769872977357,0.0012193484314026426,0.015115031334777101,0.004102209829598228,0.04844714066870067,0.005290452390492039,0.0002179895104083582,0.0002554155260049614,0.017921062339006828,0.0,0.004212489220092373,0.0017930104803492327,0.024742552419691536,0.023204609677114383,0.007014050438269277,0.02373710506123296,0.002191624723035057,0.0629141341803473,0.019437625513937525,0.009269063688092315,0.0005911213669692764,0.010572885634498118,0.006999168233489185,0.014105206251645208,0.009017407460432756,0.017594008106572148,0.007412831265765033,0.0009295164490976756,0.0,0.024089315594824506,0.00307391290511542,0.010244518554339232,0.012613683994337021,0.00048572639231832894,0.023508582228344975,0.029381266169877483,0.020837698217231988,0.02369248886952824,0.029052692065789417,0.0032691874661314327,0.015750291364565815,0.024995555071853248,0.004068414709013812,0.023031240472773978,0.0007908992003004246,0.019090044532567484,0.056308092470272415,0.0,0.004194916496815969,0.014017334715593736,0.005827919017259204,0.002293166572407483,0.010924373356172707,0.02897688932405299,0.02466946710806933,0.0,0.00040626183894397277,0.008409054601818334,0.011627924719290679,3.664763172995705e-05,0.0043314294008775294,0.024454043233765654,0.0179710931665913,0.0022721716876322284,0.012538094350653402,0.018955394603453996,0.025956958842452627,0.008766923291219109,0.013229582780436903,0.007700710775461533,0.0006306090077261907,0.0019357939433190456
102,0.008098757510076425,0.022324842049226787,0.014557866703411672,0.00037717140287228315,0.03651096141541179,0.04083551094695632,0.019032472946635782,0.004284422774644726,0.022937100357495147,0.0040857729553711855,0.008310459698674954,0.01744462653111385,0.0,0.010762684615193144,0.0012566446287664347,0.004077396207855612,0.006133756223687809,0.01339466503868656,0.012927546888606227,0.008008786403164244,0.0029838089033171985,0.016325334152782468,0.0006955218367307905,0.025021947754494,0.018388845855485055,0.035110174076713525,0.028267936413028317,0.02003245147270217,0.014996135666542164,0.011346805428580043,0.0,0.012202164847629147,0.006243401497760167,0.0,0.006426562323514929,0.01391057754451378,0.004586818749673751,0.006235304059507028,0.005131453373507808,0.02338329401621327,0.009742838178050621,0.003309345344364689,0.00796861485262942,0.028916238513452413,0.0004364007565375471,0.023625287050234107,0.0119460192832523,0.014515748663858553,0.022155332380501915,0.001108610029475759,0.019199246421281405,0.010390493136901905,0.0,0.027826726877995995,0.015438988495279084,0.004130847971468428,0.028785209051206826,0.009594882398837833,0.01531663344656221,0.0,0.024374688509962744,0.019416370012623814,0.018897805359706404,0.0,0.0038488955068914925,0.004324372955041983,0.0,0.0041843464914389965,0.008249716634754798,0.01838529728442562,0.005428801904468539,0.025301636487192473,0.011927860425902197,0.001705500996647298,0.001269776457604176,0.0076588384424551076,0.04947154003400174,0.005249451621981227,0.011026429887874556,0.006348543689109783,0.0017287042111171018,0.0019818876576890034,0.0,0.00124799717135349,0.008164827591796374,0.009700201414059792,0.010441807701382212,0.0030448187590773304,0.0005293318976698906,0.009736245902222936,0.014246166287954519,0.019753676813699755,0.013889985054251477,0.01362876243672982,0.023751323518204404,0.016005582777468743,0.01564740641292473,0.016775790046084413,0.0,0.015505415326233422,0.01468754553785972,0.004194916496815969,0.0,0.02331859728697441,0.007408999338785422,0.0006239311774827755,0.009288783069904771,0.011545424622778425,0.010351268628408891,0.04159503685618573,0.0012871140418066964,0.029648648703473824,0.02124125327330462,0.006186123583162956,0.04687245204584089,0.00980699106346086,0.008175933964654056,0.004425163604497043,0.02031684549490808,0.001359444314035567,0.023117856467256375,0.002911949841662395,0.025773797207492736,0.007782330894787355,0.02238874462391158,0.012674195335667418
103,0.0036317236207249197,0.026788101826341497,0.017490437432684105,0.008357552299334995,0.022392640941394974,0.0060083856130115675,0.028419699059082527,0.006706871109136372,0.01831479961398133,0.031963340887101385,0.009680909676287602,0.02160596079110335,0.014239552339801878,0.03143672556990623,0.013038812472854601,0.016275662414047373,0.0035621586260894083,0.0,0.003410452483809952,0.005554684211634437,0.01642516600295828,0.009190729536979235,0.009965308581197771,0.0014652784523489077,0.020035222504736813,0.000592500024702919,0.0,0.01466266156537695,0.04153359826749518,0.011777804070328008,0.015031252370958568,0.006518160795656399,0.005858008446507128,0.0034220432740497326,0.011529230542028403,0.014441345715059506,0.0005741865123738726,0.01819668529668463,0.017119374100148566,0.010750764815920756,0.02480987182399907,0.004350817118428485,0.0261340244091077,0.013398612875067396,0.01295139898506127,0.046152850464959615,0.0006281339447615907,0.010025330014924541,0.00042162252865408147,0.009532927543852631,0.00029103144168076594,0.018427864887829166,0.01445776401659002,0.0077183619401296625,0.010478086387180683,0.03575028911881184,0.0031978778833153046,0.009870544280704073,0.002390297073610148,0.004197129104866414,0.0008513319571147546,0.008744120693102082,0.003401830295807068,0.001259175981153623,0.0024031236729363027,0.0,0.02211235425249929,0.004766307366281143,0.005609731537488039,0.0024796659152460146,0.00032357411745898864,0.004399508500221749,0.012779137991837037,0.017477345144163926,0.0002741820199552686,0.011673312559148497,0.007175038145840252,0.017660499214966638,0.00554127813315018,0.019177828068698353,0.00014470882942051606,0.007893562912345505,0.0004159284307167768,0.0034649273193852583,0.0017132552414867181,0.00042750415227078863,0.01823680543282953,0.0033923818132261707,0.02406122506569084,0.02173761465109015,0.022739988686886977,0.010895564109353715,0.012345564688703516,0.005066195217484549,0.0,0.0037563980230420346,0.007238717394860729,0.015505545663248518,0.01581681512294457,0.024839741131762474,0.00042453405444363115,0.014017334715593736,0.02331859728697441,0.0,0.040948802409059314,0.01699831234293452,0.015192524009991307,0.001267035112396168,0.007656592789897899,0.0016912661881868351,0.0004615204187854948,0.0012247364996749127,0.0035787745867566366,0.0021060204760483515,0.007553800374141341,0.009837874275038778,0.021738666264567025,0.02737223124675533,0.005163180042474266,0.0016164118856172496,0.009088771613460039,0.01208395088783887,0.024082272618461024,0.013751969072645634,0.02109544780105091,0.022279351690241613
104,0.0026193210445998195,0.004063776386772181,0.006154204233095162,0.0027188048481880363,0.0022271833359812703,0.007505263879253295,0.020296370130636142,0.014359207027771836,0.001198547836308277,0.015831007265534783,0.005248364319402828,0.003714620766057848,0.012958983658813244,0.030383426796848623,0.0094582770828252,0.01358340061633328,0.006742223170392596,0.0034253455419146596,0.0,0.008724950250807145,0.00810058955999945,0.00024198510473963218,0.009279655873637504,0.001158525240681022,0.010252925110747465,0.009957407766678661,0.0,0.015457026569541588,0.005474885530634478,0.03362454343990355,0.005416960378376666,0.0062158250678782155,0.022243065500123956,0.0053762851076539645,0.028817359464053165,0.007198029890733754,0.012921865393113092,0.025852260628395008,0.04332588011133694,0.0034654170063951216,0.00040935771804751896,0.018645110453290203,0.025072583955429717,0.001833189344823654,0.011275337454655988,0.027759686442070074,0.005206444292171542,0.03702073096493524,0.014953545085412905,0.009614848068862954,0.006357313704455144,0.027978957979106333,0.0007601360154045699,0.02563638517556514,0.014086838117341518,0.021267912256348488,0.005178898937018103,0.008480045215498812,0.006583244570719154,0.0007050344151392738,0.011575739124533404,0.03253915843405207,0.017150772788253225,0.00010951783025118649,0.004617309697268998,0.0030155476058486056,0.012009952115739252,0.02382032785226553,0.0019541473377643836,0.008544642785341455,0.013909152634252032,0.0003974524928972426,0.028026635360922803,0.009050093064589548,0.017889543612179714,0.017883786227864004,0.0178027768403895,0.016419278797820014,0.036562675148627995,0.0014946843160350799,0.0,0.016446250213630168,0.004284468965137512,0.0024271844041098022,0.01977649656518474,0.0035169820933937646,0.00273972719491007,0.017018162642809292,0.03052035462990477,0.005238372039974848,0.015495837221783205,0.026415495488392234,0.016064396567737768,0.009430060278289938,0.0019233407741820938,0.0,0.017660496803188635,0.02277061240346304,0.0011076234658970708,0.028767906259339462,0.02365333659538198,0.005827919017259204,0.007408999338785422,0.040948802409059314,0.0,0.06481758429479471,0.013795699367908268,0.010290545695948549,0.0,0.007041823250096269,0.024238232699235314,0.011625004779466683,0.001995238855935189,0.0044685947504524105,0.0014503150151059855,8.937684917257585e-05,0.0012425200483525275,0.0048954185840097,0.008142768671562094,0.005341039068200747,0.007569533029630474,0.0009646232933894432,0.0015294160182137805,0.01512795295084479,0.01036993279547373,0.022127745893225918
105,0.009471093583013443,0.01397931326789474,0.03257929091623626,0.010104479842485763,0.014519415595633097,0.018155767542217895,0.0016198966576025575,0.0275622473481652,0.007252359199372343,0.0013174793565068714,0.016526239067742143,0.0035483694447102847,0.016930984522468922,0.018069053758609854,0.011265335493235658,0.0,0.008349696676215252,0.01723474583377085,0.012518702130244608,0.0013475917389408469,0.00023297445700813101,0.007279910390991786,0.007003344327060311,0.00822586097381977,0.0023580778883360073,0.006616556506551741,0.016781344281608525,0.00012121383072837234,0.0034715859507353963,0.01298767055000634,0.005343224943361957,0.02159630187683091,0.008992238695408423,0.005378219927576181,0.0,6.87109817174801e-05,0.03208583179014565,0.004826029604357114,0.011134430982923979,0.0023331693850739163,0.002983247401818495,0.000159999179791719,0.0047249826133303,0.01102407846587535,0.008623017370669724,0.008663893959977959,0.014816282138839265,0.0055920871898625275,0.012614300043154027,0.04648118895786963,0.002362965825279782,0.018747609791276335,0.012271575790390324,0.030396393080717198,0.04109209923005443,0.015097471253608084,0.01623512457884563,0.007285364413994187,0.0030044118473419447,0.0,0.006713801558059244,0.008879446346406857,0.00023297445700813101,0.008037505989986668,0.0003226961941654596,0.0,0.011551915508198911,0.011411790530323675,0.0161686212938733,0.008181798223172101,0.02178065792405902,0.0011711112771884634,0.02488302421951685,3.565439782303752e-05,0.0020308446973362304,0.00254016476426376,0.008544790860868796,0.012183772433391053,0.008011864271562842,0.009018353819161941,0.0038725813794339785,0.009427480093150174,0.04730216138549328,0.01742197278829484,0.00749630101017884,0.0004732885910707844,0.02343211073383941,0.01327237449822144,0.011457002729577533,0.000628377028136932,0.038148843598972526,0.0048185768722378225,0.029714786122701942,0.005393203934384443,0.02567513604869087,0.005609912050796173,0.0199396774581526,0.0057506589151322726,0.005675243745230278,0.014474117163400916,0.0161371948522457,0.002293166572407483,0.0006239311774827755,0.01699831234293452,0.06481758429479471,0.0,0.07551493588166296,0.004393349087722723,0.0034523008304314417,0.011065541748706536,0.000602500390756496,0.013845599293172193,0.012918725853659373,0.011027576266798062,0.008500734970883989,0.004246688444197725,0.002448585176160154,0.011014120021443575,0.020228183867882527,0.004473464878779897,0.013766865718255812,0.01317735175464957,0.04253625818041441,0.0018564782549557646,0.005208163542995758,0.0025502815336313927
106,0.006953797477694356,0.02349036463399298,0.03234847093447016,0.020143143958477227,0.013941525145915564,0.037572703295437104,0.009929206408258699,0.007782071299137758,0.004227183662030847,0.0014721325114224449,0.019662767179353197,0.007048520897507001,0.013625682328408715,0.006004245473676028,0.002315013276406797,0.01613318929199622,0.0,0.006528280727923246,0.006769664120124584,0.021122173269189134,0.000985754780089411,0.001006131058025333,0.002031041653161135,0.009378915942509884,0.008850892938746668,0.015103210830282824,0.0,0.0029230027642794362,0.00019719974409791548,0.034869395821675656,0.009991687627420514,0.008780402554558291,0.003266671812965859,0.0065854229744525235,0.0,0.024795120361519547,0.02787299946270492,0.020541312398067172,0.05127379271098816,0.02907002623713061,0.019977889375772113,0.00891745219159829,0.00773716714275714,0.007519050684477225,0.016959829001405802,0.013277914988139312,0.0015052659725645085,0.003953149230764721,0.0037627218573941714,0.007151702552952931,0.0,0.006820485743883163,0.0,0.00339571866913916,0.006491303178735072,0.009844744096543933,0.04981803097147909,0.0147070454519053,0.011923090582816168,0.0,0.000165729980377759,0.0046637478730770805,0.010184901117603087,0.030042893039824405,0.0015784330461212255,0.008630971739881683,0.011212171437386358,0.010388063937863196,0.03652097218465777,0.001889990899568656,0.002627426783024489,0.00960318562320532,0.0014145211155469526,0.0006247612192340965,0.00886605337386014,0.004985547054460892,0.01865930606025119,0.030170063313255033,0.021845829922324873,0.00024568007362082793,0.0,0.01573889587860889,0.011891491507294105,0.011493962987888424,0.027945591642662353,0.008197123560198168,0.016982660655451703,0.002922418370472406,0.011079659914933798,0.003252003470015565,0.003527845052888755,0.0015503305490831563,0.02361910223308652,0.002809971880817525,0.0,0.009504130012290706,0.00037971229074459386,0.018996636419182686,0.0,0.02706687648332091,0.021263980311942442,0.010924373356172707,0.009288783069904771,0.015192524009991307,0.013795699367908268,0.07551493588166296,0.0,0.015568124338504808,0.02380851645096962,0.01283411641063245,0.014660555744745429,0.01134919190357573,0.002310537816140441,0.00709939219249738,0.020247389193824076,0.0017791483601973257,0.013460580345012041,0.008400003581003219,0.011387585925088201,0.026647727018972535,0.02248463177711327,0.0027772631172478684,0.01833579712925945,0.035882875496182784,0.008471643076543958,0.00948159981303706
107,0.008414302035377427,0.006798944147667526,0.020060439628607412,0.027532303035398473,0.026937030150407503,0.05230015333476713,0.004746704509077207,0.005708976535894521,0.026822680994622598,0.021588446739412553,0.015738352017654025,0.008198668007093025,0.005445936805830067,0.008217416391769358,0.009692209800259107,0.0024576497609687534,0.009301903928424397,0.016133414884669087,0.021315292288894148,0.0026034714476940567,0.0067539446293943825,0.0012257478191811573,0.013319255911909588,0.0016573677563522854,0.024071982777150346,0.06525607563117876,0.017742966462446885,0.014039235637213446,0.002956121181141702,0.01812791294655245,0.012572477544027757,0.01103846813240946,0.016399556832722588,0.003527546210260856,0.006245664643601166,0.01665615303085331,0.0025571635671163095,0.018793573185105557,0.018046203876208203,0.04981041823808324,0.0410046525904874,0.0066093351752027915,0.02433793271676034,0.018889547501251235,0.013205566246157482,0.0620877500020554,0.005002764686546971,0.00607488847791567,0.05142737793419424,0.013463040043033654,0.01737260034570257,0.016177595747258633,0.01922138677599114,0.01738789926208049,0.0016851174263528002,0.0005422941746292612,0.0209957640023934,0.028860319792237073,0.015721798762078285,0.0,0.0001457445056122445,0.01702003308548746,0.00620762061340236,0.008688839649821761,0.0,0.0,0.0,0.0,0.009849223415891693,0.010411558247936664,0.027453317611388854,0.010846490754691636,0.014752745903418723,0.012749449478496709,0.0006886359332289521,0.005381653982151716,0.0014219560227465055,0.012053599838526722,0.001697845761510235,0.025693607495818973,0.010291813037795534,0.020939381044534418,0.005597261007995811,0.03579793317060494,0.0025634371259206264,0.016891557363493893,0.0005492252385625404,0.017089497957065738,0.022195354002551838,0.0310774555338209,0.01640432511771515,0.020723153049624382,0.014259313683315336,0.004246264030182874,0.0,0.0,0.0020812364045798043,0.0024469921955631714,0.017615093862127527,0.025995723257317683,0.030133510577253945,0.02897688932405299,0.011545424622778425,0.001267035112396168,0.010290545695948549,0.004393349087722723,0.015568124338504808,0.0,0.04024652781342062,0.0,0.023637392712842004,0.003995799165015383,0.0013207137950142145,0.021698392670103782,0.0007641714794680081,0.004380180287990063,0.0013057579317760212,0.017973616171561155,0.05566390573969639,0.0596010106736849,0.04160196850651569,0.013438662509148568,0.016237566610869808,0.02661006703087221,0.0033990865585697607,0.0256473373529658
108,0.01847249185319177,0.01681226525809753,0.0,0.01838177286984676,0.005088426226200669,0.02636938058888266,0.0024266399002956626,0.006631603238131542,0.0373970934716332,0.02497225711418526,0.0,0.0,0.001353850523497315,0.0,0.013682636867551485,0.0024388208367150215,0.02709641650435194,0.005869190587722032,0.03049629896402371,0.014264280015957607,0.0023163380520122424,0.01138926336387534,0.0034963613932001564,0.0,0.01041379447380773,0.01839255681858259,0.017730990766739157,0.006355537622629045,0.004392242932944786,0.007707385032251666,0.005839059481831436,0.01005359890843968,0.025806634017521535,0.006487493019322987,0.006345363597212004,0.00152358184994235,0.028068413743472465,0.009382730798664163,0.0140272762529314,0.01024882872563377,0.0028228039715651756,0.026468036598006638,0.01626642339208507,0.0,0.003980499262563005,0.02620213109933733,0.0,0.0,0.009121806809304371,0.013182381423764336,0.0023801893358554164,0.016257083609767402,0.016047028879839543,0.0,0.009462312069154172,0.01587163953984182,0.0,0.007223279319866371,0.0020528842077161486,0.0016106467081286812,0.0036835948004868657,0.007277259442517111,0.004680709882035048,0.03135420357390873,0.024552947377000672,0.008894714059511262,0.023493570218087255,0.01954554835004768,0.01361647105349075,0.0,0.0059621567069108716,0.0332701141843871,0.0064761022710207805,0.004922957445855486,0.0156410692768546,0.0,0.021504322438775498,0.01657870146378014,0.014780904301505995,0.022584701108007636,0.0009989242267665593,0.012369305102384943,0.0021758796313797587,0.0005986016399187242,0.02263473413193294,0.0,0.009190755986244479,0.015461830080137422,0.002979356945606738,0.01591893839699339,0.014989060849011596,0.006214789633044787,0.004366093862145725,0.02894318902665488,0.0027814254425050635,0.012166040570515166,0.0,0.015793603151329844,0.0,0.01597912141927809,0.0005520717376605398,0.02466946710806933,0.010351268628408891,0.007656592789897899,0.0,0.0034523008304314417,0.02380851645096962,0.04024652781342062,0.0,0.005027344413036841,0.004399539917726869,0.029648725050636517,0.025608689850628103,0.007685635020762699,0.0136663822884526,0.0035162935245091485,0.0,0.011998591998386304,0.019039747327021808,0.032248322280120464,0.004348928346390655,0.023009094675488687,0.0037640835697003894,0.021728153736234507,0.005278406935437423,0.0
109,0.018913278099664275,0.0,0.04886549922756468,0.028714873432513853,0.04505908068138321,0.012829862332963673,0.0,0.0029018712880754436,0.013741718314952455,0.01127132358441278,0.0018322560449724069,0.01849335625201499,0.008830320363804978,0.00963726837454982,0.039168324354509725,0.0008107671337560406,0.0016255180088908317,0.015817029261697806,0.011535039827524912,0.002521189593500297,0.0011369001118246406,0.005804640494392534,0.0,0.014763956952982568,0.04187454460292074,0.024584051614717658,0.012404602765851465,0.027357198941492814,0.020468312405274018,0.017397488065975696,0.0,0.010588515441610005,0.009447195199526904,0.021577494709514995,0.0,0.0,0.0,0.012641560313794804,0.0007409258868741365,0.014995055277997386,0.030424826462679567,0.00860923346087026,5.0393782440344e-05,0.012333341367164873,0.015192246518136289,0.0203582227465455,0.0019365568685082513,0.004018168777889745,0.0,0.013279971011642295,0.00968899588243891,0.002484637634182244,0.013601799386323435,0.0031049531603274208,0.013047743720837196,0.018706491747266386,0.012973162912019151,0.003145593580255929,0.011436154811230738,0.005217679698778168,0.007575427657056512,0.007394885396162756,0.0,0.0,0.0,0.01288876737509008,0.014486785234602355,0.007258365521048923,0.003270357707336467,0.0,0.025020220587677763,0.0,0.0,0.012973871243345564,0.009369397608814316,0.011300765350377467,0.013691888233114098,0.0,0.006240505071247124,0.016619253424171827,0.0007339486659825845,0.0031330828760142934,0.0,0.003837452717239728,0.0,0.008060633949727723,0.007534508544814913,0.020183238013718442,0.007577481905711101,0.0017791535762659754,0.0,0.029736535061028982,0.016472903994236857,0.0,0.0057657153479090464,0.008551022838030326,0.01968251654236385,0.0070017780383081945,0.00711446807576061,0.002376625832595545,0.0,0.0,0.04159503685618573,0.0016912661881868351,0.007041823250096269,0.011065541748706536,0.01283411641063245,0.0,0.005027344413036841,0.0,0.04252108594292114,0.004208033842750023,0.014454979857680714,0.01118223502473065,0.010501879957940979,0.0,0.002596666523460031,0.001887584001832013,0.011922549042093812,0.036649394868709176,0.006287138828846035,0.027274666691266977,0.008262647855478037,0.011327168387551358,0.013822065763782641,0.0003829971282290882
110,0.05320742132015562,0.006176413215392,0.05922453792814065,0.03398469698892193,0.08762030753291561,0.18097218891085445,0.003964658798849225,0.007634472865324882,0.0021666576720522166,0.05171709860083518,0.030320742307833767,0.01459377708451862,0.0,0.008706887725536473,0.02661452886210609,0.012496542323773365,0.02289045270954419,0.02603006371648274,0.012149118871226883,0.047433140823600756,0.003544417948641692,0.012661386677714204,0.02432416917377885,0.027520880091575592,0.01421058468570361,0.02755664847589147,0.03628097443181143,0.041693115418717834,0.03927518813639885,0.0412731289447599,0.01890600722612805,0.009057170538523203,0.015735502205602707,0.003515091311104798,0.021385579493446327,0.04293930823492149,0.006042729147498855,0.015019860862354524,0.0240686713045366,0.14777184634036222,0.026185125906872785,0.02395945833082984,0.03280654297307483,0.005134513017139215,0.04059268239764101,0.08045071768249079,0.03127808656904729,0.06307275932420638,0.12787697709599954,0.004474340993083278,0.0,0.034634384325690604,0.0010636244038357808,0.02640351117052771,0.033529480877352004,0.0263309116367238,0.00826812134133526,0.02961061230849951,0.05331473293579668,0.0235637600859004,0.008648055613110588,0.008174909792083554,0.00016351655450457038,0.0,0.007618769515701438,0.0,0.0,0.028560348595402442,0.0022765070269031495,0.006053099069171869,0.0150742481349068,0.02777030874200997,0.09785220050271938,0.09402447281774653,0.03910956084775487,0.020690109554294445,0.02813892772263886,0.031597107149280705,0.022000304963199775,0.068759761287179,0.006444513534341141,0.010320388277941569,0.008118097454762684,0.03569838223496691,0.01838718660242653,0.014736221833757793,0.024399116591338303,0.021707338458430835,0.003601722540803277,0.015913712735179435,0.036890728225131515,0.022928106150892455,0.025410535398620114,0.0008746491803127548,0.0024053336415887634,0.023011226097263176,0.02264931498775486,0.0039298258762282485,0.030434596431861013,0.011600279758914615,0.0067373993352092855,0.00040626183894397277,0.0012871140418066964,0.0004615204187854948,0.024238232699235314,0.000602500390756496,0.014660555744745429,0.023637392712842004,0.004399539917726869,0.04252108594292114,0.0,0.18560056850480794,0.019953035661867017,0.0255771408302224,0.00514260814668469,0.006048279314378813,0.011240206244597817,0.023541431893592375,0.10187557934205214,0.07593917296682691,0.3867377281125244,0.07888881123194715,0.0006024081947661438,0.027519992060974916,0.12018949059249039,0.001964295370206466
111,0.012930970972136952,0.013197915193865525,0.023358389358303602,0.009752783431622088,0.027932417894477563,0.029465132189292937,0.00693793421166022,0.0001857846055844055,0.008751474013278752,0.012836427545063795,0.000494972824392622,0.010818257234308475,0.0023923781870196963,0.03310651262932067,0.0026222153263583447,0.0060828114709327455,0.027537139877742072,0.0,0.013818296633638028,0.006049648352636017,0.012109034332185402,0.011824820127079375,0.008691913203774658,0.015654242965150503,0.007718336931434653,0.007732015232958837,0.0090618806010756,0.012356395830983047,0.0014065955268752828,0.020375337889548862,0.010420749408134282,0.021177812796398438,0.0018637058380660877,0.011351192192181439,0.0,0.036357251870179436,0.03364282388596562,0.03653495307040309,0.04284393948608403,0.046638664317065384,0.049860586821466046,0.051671910828042206,0.008024078831339968,0.023568017444294393,0.02336270923200639,0.006581082872488896,0.0034183254919614276,0.021548238045184104,0.01282682134179867,0.005310009127793713,0.008185955821712413,0.00025998049434802664,0.001701157978377,0.030340990829675955,0.036117028687503445,0.02638074870635561,0.0033239869326839666,0.0,0.029072052538157502,0.009008046698651465,0.002521441324258797,0.022207891795511133,0.007864604629357707,0.0,0.010042640156969831,0.02042921625653547,0.009706794017851416,0.004900512232269941,0.026351473251193816,0.04645922437486724,0.005340336929942827,0.025790745684603853,0.005059805306920249,0.04803839298334995,0.013883527604071355,0.00730732384041883,0.024306304900959575,0.024841061271365247,0.03010934284584577,0.023421971093194674,0.014730896114079784,0.016038704522841573,0.005328904406802472,0.000814666687052701,0.01399122315609915,0.003423403158929097,0.012721530988936372,0.012077602083461147,0.03108618701551743,0.028725782693654247,0.00856124626499963,0.011577509388807243,0.01340802843888348,0.018587021427286417,0.004549752736780802,0.005993963029551811,0.016947435876531147,0.014234489996721108,0.002040771202546325,0.014550512515329413,0.005219412900680475,0.008409054601818334,0.029648648703473824,0.0012247364996749127,0.011625004779466683,0.013845599293172193,0.01134919190357573,0.003995799165015383,0.029648725050636517,0.004208033842750023,0.18560056850480794,0.0,0.06673088578097582,0.04022862516470261,0.01977010540169014,0.012994349439461166,0.020066132405995266,0.005779759041436378,0.028104394768071465,0.04694586389720886,0.044144812043420995,0.03391422582308193,0.014945885281020766,0.002748968760165791,0.04936662492311957,0.004780147609334539
112,0.0027782965817462098,0.024752707757871202,0.008863102842844956,0.001949706072380169,0.02893885344086564,0.032454552558119173,0.024064588555143047,0.059915387841844546,0.027667177028838252,0.01198249064567743,0.004161799771899273,0.007228254634204411,0.024058938013147447,0.014019989946174245,0.006583841873696494,0.004679679487377444,0.003005769515713686,0.0037366858184519104,0.0008961509066384671,0.001944996962308095,0.016997411742082337,0.018466333652339788,0.01978354230961546,0.0022216234013455512,0.00115081015514223,0.017728596167532522,0.004145207455162231,0.015789805198796584,0.0003117774540176379,0.03726523080086556,0.0,0.014248538341118742,0.019213375181552087,0.0,0.009366189715034048,0.02037201658327236,0.015646141899283948,0.01163659086054782,0.04826595405238782,0.04617275226405498,0.013205995908400586,0.03215265050062876,0.005189675482676127,0.002123117464897721,0.017359596503318753,0.004890133208890232,0.01350958952594619,0.014707606852482853,0.038433982326173975,0.0586602757132015,0.00835595368391985,0.025470234550077284,0.004805810383232022,0.002249932108432797,0.007130019199172895,0.015263796449037892,0.005611787009903392,0.0005271018520364157,0.0007068492063734392,0.015165842430152525,0.007738768529755586,0.015473346871735088,0.005319653871692637,0.020092318518861303,0.0,0.039548780110304445,0.006383414917132702,0.012431741621483586,0.024692312430340233,0.0014389344190789473,0.011642441482349355,0.02715042066965247,0.013232872178965956,0.029334966999326702,0.017003047904714602,0.00033113305297282833,0.0025937376553590076,0.012973834281703097,0.015957401992361824,0.034862444919295424,0.01622848498637452,0.027710002044720204,0.006205490052375629,0.01265986619096777,0.013387596926064645,5.041417678401054e-05,0.0009701311879648199,0.03220178016325234,0.018178497024149486,0.01598575418309219,0.0033825835055028633,0.02167242886431325,0.000319651767755242,0.013442161446745001,0.020391702887985634,0.008366544827091751,0.0019391385272947655,0.014303767941417737,0.019074360835200657,0.017713449464137523,0.011567878806941078,0.011627924719290679,0.02124125327330462,0.0035787745867566366,0.001995238855935189,0.012918725853659373,0.002310537816140441,0.0013207137950142145,0.025608689850628103,0.014454979857680714,0.019953035661867017,0.06673088578097582,0.0,0.01700155298389525,0.01593454123865873,0.0072999112471561585,0.02768062274058636,0.01215100929617629,0.021468568487697254,0.02108503779066833,0.010440022656003871,0.0008161998191349875,0.01818209185732579,0.010402622862253508,0.0193025042682722,0.0015498647335776754
113,0.04142692786834489,0.002556368847091447,0.030714770137577396,0.011371484037979237,0.00764003114568244,0.01940986164377978,0.0017112831325502707,0.01745353872473451,0.0009984536622177822,0.02371909509343767,0.0025193632046865513,0.022749697514455554,0.0,0.01418119608235889,0.015003592348858782,0.007702986123186388,0.0006845399869681124,0.013168773106406607,0.008453981206335821,0.007787984612306979,0.022890373592484223,0.029988478727230976,0.002091690949379364,0.0011493596270007618,0.0038783996111686654,0.0014002843564609132,0.00761515904527269,0.003698888623252875,0.008516381344092343,0.006332196428339192,0.0010803147554620614,0.01327851605525781,0.0258761355524155,0.0,0.020342472387554662,0.011438532252122659,0.0033419122286122713,0.004095555325890304,0.00913243827892288,0.01867112564005614,0.01394147176219539,0.007598804072788854,0.019907762374280876,0.011912596340670233,0.001878237233994189,0.02665153701966169,0.0068638347991848234,0.027124801057968027,0.008383357792687505,0.016588486511733263,0.0,0.004013064197212619,0.0,0.004737511252688483,0.008490809995290897,0.010403260093663805,0.042017336915850856,0.005313515709337967,0.009643015630207717,0.024006122509548776,0.006858063594140694,0.0008855301191767383,0.0005336716966692803,0.021718350427999272,0.00929401593070814,0.01475111342267197,0.012733796871575009,0.003971374398558273,0.009582075148617348,0.0036042319435245773,0.00841624939865548,0.0005686608005795199,0.03383000439905658,0.032654399563592236,0.00966733850507953,0.004442542756132675,0.01682560898414561,0.012533325350322673,0.016160178590921892,0.026764035695703795,0.018527087412681036,0.004458247218396135,0.0018882659667027128,0.0223955113674319,0.0060842623775923315,8.2591360318852e-05,0.015169050742796375,0.017955824187820647,0.033938924076392846,0.002482305689256972,0.0038714641560923468,0.0033995545465875967,0.009763131481137739,0.020302829198257988,0.0,0.01540446786927786,0.0063383396410413295,0.02802106318548729,0.0014849657884948807,0.012173782215812485,0.04671135793701406,3.664763172995705e-05,0.006186123583162956,0.0021060204760483515,0.0044685947504524105,0.011027576266798062,0.00709939219249738,0.021698392670103782,0.007685635020762699,0.01118223502473065,0.0255771408302224,0.04022862516470261,0.01700155298389525,0.0,0.049742924647998135,0.021173099282772844,0.005653465506033733,0.023144535638006742,0.027150070523155358,0.03377540512324396,0.036881353323815404,0.012980646481811771,0.03548743762899788,0.04714640309019378,0.012326538223173462,0.014794933745626305
114,0.008220584661439764,0.013920838625134397,0.0458721034326935,7.350339521456599e-05,0.00535775853112327,0.02941668716778018,0.0343371839732767,0.006904589957751865,0.01061764651947671,0.01584012937310147,0.001617714039439893,0.010672243653330615,0.0054772080057734224,0.0005977265572969859,0.002053075248514559,0.01015955645150409,0.008862073414843227,0.0,0.012212009925687318,0.009050565161709505,0.0010953139796519558,0.010668518915432303,0.011118904432285758,0.008200008301178317,0.010884367293489221,0.014950123112170147,0.0,0.0235301915913101,0.014577820511494156,0.032123733551265715,0.006708695785025102,0.02126472503481173,0.011361700023233062,0.0,0.0,0.021763080849234787,0.019126969851108944,0.013307915599795678,0.02248082530058922,0.09193964489828613,0.024141485352930044,0.05296106106251227,0.023493566903209417,0.03471494106625204,0.04951120690842431,0.01909266511330496,0.025539740260177347,0.008756784624663163,0.023515515940120916,0.010021878942931979,0.0,0.012228202631432225,0.0,0.010136910077123598,0.040281636310039906,0.0016993929006505618,0.009362173486934624,0.0134757448039148,0.002456356711409157,0.022480938631527714,0.005426296882713938,0.024097306766934338,0.0032418573365660622,0.002834350792688208,0.002538879872268015,0.014275071664194523,0.0,0.02155400291696455,0.003255201992519927,0.001009021032269469,0.015533269181737584,0.0012623397216889442,0.009489906626344238,0.011314559610833925,0.011125747786355611,0.041727535080682464,0.0012539422935316368,0.03803772919828568,0.03556850755886805,0.02238631145362022,0.010961221474977604,0.0066258846399767455,0.010669974405429775,0.053643749398828995,0.019068851338381928,0.003897933206361919,0.006649561255888688,0.00537696213084542,0.028374859774319205,0.0393289503393079,0.043711365823054744,0.01107803574169313,0.018723551962856452,0.0050654830727958995,0.00444749130735509,0.0,0.00028358040675772187,0.006731766949981179,0.0017684089543592637,0.007822098893095148,0.002670167144816143,0.0043314294008775294,0.04687245204584089,0.007553800374141341,0.0014503150151059855,0.008500734970883989,0.020247389193824076,0.0007641714794680081,0.0136663822884526,0.010501879957940979,0.00514260814668469,0.01977010540169014,0.01593454123865873,0.049742924647998135,0.0,0.09484587649462659,0.09735400915179031,0.06593685440787074,0.14480591344258875,0.07303370641808148,0.075033911427545,0.05089867774935859,0.032195218588689796,0.04824997244207203,0.03057175727832436,0.006322238224388128
115,0.01238110214968481,0.0026697525125092022,0.0529250077990465,0.05591434648464151,0.020177707400315138,0.035380434987712824,0.00140353926767557,0.0008535237428148893,0.0004602788190130967,0.001646650198240437,0.0062924791559412175,0.008282631825927008,0.013143143459491686,0.0084619134262219,0.0034620513067780165,0.0,0.0,0.0,0.022956476308750966,0.014587921068253054,0.0018925823746316977,0.011924359740468234,0.011574453649942753,0.012482702475539108,0.0015376564699493263,0.017687661012648438,0.0,0.029724002161598758,0.00880712044209909,0.037734846227415395,0.019377290049622554,0.016064821134038773,0.021928517549292103,0.008408114124655374,0.006051284214173866,0.01964379638580109,0.03946092061763045,0.04900599604078136,0.034668055060863685,0.020226281684912466,0.01839512652399762,0.03825980088685498,0.015498932286270532,0.02236170573586233,0.036421079244551735,0.02572084905609439,0.0005030558839574414,0.020550438085193568,0.02640939057187099,0.03006516245621606,0.0,0.014795691810718544,0.011061327364335462,0.0018648444045077145,0.027304249853876413,0.006669316827823898,0.02676683057428488,0.00515722488391756,0.005944796096582135,0.007178823545100263,0.006509699457458654,0.019232102116935625,0.009640613948024103,0.0,0.0,0.0,0.0028216037030403774,0.007427579584317817,0.015587478446812016,0.011349867110230241,0.006109712789194601,0.023978850391929575,0.009625815513735874,0.04369855709167119,0.012996874848630156,0.00959374870141375,0.00710744640017583,0.00789591894857278,0.008270322012251884,0.012291790108051388,0.003430758308339271,0.0003400526797805803,0.003124067396128713,0.025323620505407415,0.012645378094856104,0.0018112780714113052,0.038741052223043554,0.028958763029779826,0.0031743304555631817,0.022307038776851435,0.017156973425565953,0.0067618173045523025,0.0003295663590721352,0.0030308986774029443,0.0,0.005103690763726082,0.018472311815918026,0.02520957685294902,0.0,0.01435936806293993,0.022853523302596445,0.024454043233765654,0.00980699106346086,0.009837874275038778,8.937684917257585e-05,0.004246688444197725,0.0017791483601973257,0.004380180287990063,0.0035162935245091485,0.0,0.006048279314378813,0.012994349439461166,0.0072999112471561585,0.021173099282772844,0.09484587649462659,0.0,0.1354426474891023,0.05462204578117145,0.07878140128176882,0.024403512648611302,0.023414118771871658,0.014548386715981612,0.028491713590098684,0.005939969444005298,0.016774149723950256,0.0019397659525217427
116,0.010628100164879709,0.015484561271628255,0.08103735924123733,0.030901919743680412,0.036270558752678886,0.01966186716666726,0.003596171312652394,0.03656690185000346,0.006518163513726361,0.016830977096296443,0.02677919400892163,0.009531463569099367,0.0,0.0009247815351997353,0.03208470169523067,0.008672119271467988,0.0,0.011898067271321032,0.002596236724226767,0.011472877221223615,0.0033323340888856906,0.012772500738693104,0.0066287886513257495,0.008514024103883851,0.00510959006119753,0.01386167140962673,0.0023793948324922565,0.005028071777764805,0.004260540304315522,0.008026946990674055,0.021955846493187065,0.019308876597846487,0.011035979357856647,0.002757031786201674,0.0,0.01332072824891248,0.007773738768507171,0.015579186376210375,0.08053731241919963,0.03022128072405694,0.05291110984274215,0.014294625479255875,0.003546873948132595,0.020989105774326174,0.0057789516790903266,0.03438032498695426,0.02067094164125959,0.013001844577561998,0.00757878430715554,0.02906693491344485,0.0035045780393736575,0.028160140070157137,0.0015935945531284706,0.017269663111607016,0.029540744751814917,0.010158578494652326,0.012893604295280059,0.0,0.01796206861321879,0.017937954872717526,0.0366065968839063,0.0083208565238494,0.0066287886513257495,0.0,0.004610446874486431,0.0,0.0,0.007212215222390269,0.018876185885352822,0.015683891516881366,0.013320000611933292,0.0011241538994568386,0.024337552340981283,0.037526116399376634,0.016477894562752126,0.013478050757362978,0.007303253489527279,0.00047227079361188536,0.025114523363112984,0.02532940666363876,0.011505120549462585,0.047308670398605555,0.018947123764859148,0.020301185955881457,0.004172863752005937,0.002128981767458314,0.01412979860629707,0.013577714664000332,0.08377450085685463,0.02904270656702702,0.026374613168500767,0.012568685725157963,0.014615829109733301,0.004305926272011827,0.0,0.01620062015216546,0.0005151425856574455,0.0018555465047567009,0.00985930570575306,0.0037532395268248687,0.026345279577642655,0.0179710931665913,0.008175933964654056,0.021738666264567025,0.0012425200483525275,0.002448585176160154,0.013460580345012041,0.0013057579317760212,0.0,0.002596666523460031,0.011240206244597817,0.020066132405995266,0.02768062274058636,0.005653465506033733,0.09735400915179031,0.1354426474891023,0.0,0.15807899896495037,0.7287009087785221,0.0482099385206868,0.0627863247152813,0.0015989421683913535,0.02377290201788885,0.015934058828802077,0.01262245464062109,0.0008878358429498962
117,0.047445708735032,0.04624078374812545,0.08372386291844296,0.04447943531840089,0.010338134970374946,0.04748243315428147,0.0226573747007624,0.026844899736688396,0.01597183098530668,0.033575222522394144,0.016263208632774053,0.023090465199977435,0.017479639451389046,0.005297281508188008,0.0004858281207730793,0.0,0.010573056155145104,0.007507591106766124,0.01809100279278672,0.0,0.0002929940146155349,0.009883745318175386,0.019335552828825053,0.0019234478511519757,0.014047327158726317,0.04505702426546687,0.026092468138282907,0.029656030904610824,0.0004691577388225659,0.012895641073269102,0.004123456319792823,0.0,0.011005533842420687,0.01958804357160958,0.014169655748705889,0.015887272894388984,0.035883462590997305,0.06506855366749792,0.026140843152421284,0.05926272957048138,0.009656127925888474,0.03272177428305315,0.01933841294460618,0.006009336393907056,0.016196693876950892,0.010028565703364757,0.017465850460335604,0.018025570982683675,0.021149028552881588,0.019422240557773023,0.057260011005161954,0.001978102960238885,0.013707266221561945,0.006976747181385661,0.0010723305705047888,0.02764739843874305,0.005568440684718097,0.015591985589927545,0.01696535394692906,0.0007892920195333234,0.012806343216526968,0.027763116324546113,0.0062491999994042135,0.016212229236662847,0.0,0.0033674085408845807,0.011216431606383583,0.009540014744695983,0.0058881815938410745,0.009159489967536247,0.03051794046191931,0.014288917574890442,0.005541008536799018,0.022898503437107615,0.0214665694130902,0.008821527240095519,0.006467770174752254,0.004783072264876994,0.008753475088965052,0.012620987820749689,0.0,0.00023343586832138657,0.008714270109693896,0.004312564959741505,0.08138837812556898,0.010951886660830098,0.0003508506873164748,0.009182420867675248,0.033635374867423164,0.06652903381158799,0.026341916547508348,0.11307802947324087,0.043408393064512135,0.001056254497418137,0.02437829987374033,0.0,0.000724585095656041,0.009220838280187585,0.0,0.004346101700623059,0.0326097613501776,0.0022721716876322284,0.004425163604497043,0.02737223124675533,0.0048954185840097,0.011014120021443575,0.008400003581003219,0.017973616171561155,0.011998591998386304,0.001887584001832013,0.023541431893592375,0.005779759041436378,0.01215100929617629,0.023144535638006742,0.06593685440787074,0.05462204578117145,0.15807899896495037,0.0,0.11969803166817188,0.1402120708424141,0.047412037258978884,0.05015061529887279,0.019955607854888556,0.029712237935178205,0.003489677310632015,0.026919361156426697
118,0.1074847336503798,0.0002052694079805605,0.15387663354610978,0.05028498571448111,0.09051916693456702,0.09623490543071009,0.002045844572045379,0.017208562068466635,0.002663518551312618,0.027016103123235494,0.02850501606212942,0.016989992668213494,0.001487928103637313,0.00011305768683989854,0.003227665141922207,0.013203271712008626,0.004251153748561515,0.03701709198282612,0.0038450186467612487,0.0,0.007751038238093793,0.001978413866656546,0.00257440021474021,0.017599746272319285,0.015012231340479605,0.026080286898034717,0.02408068225345529,0.029860034387661178,0.00580601529944075,0.021237963496588068,0.02287593517098207,0.010541158579863869,0.012046797588731402,0.002050152450036457,0.020604498019732905,0.024783452353583906,0.030820194114503457,0.03453274439823008,0.06929293629490337,0.06689967886272898,0.021700344087706838,0.020066619489715862,0.012879189953163334,0.016136964389555582,0.011515667562683024,0.03455088329551922,0.01939814345853575,0.039286195097194915,0.10045938296994378,0.019626457406139403,0.01622004320779549,0.020484274778949395,0.026453826568783947,0.014305390167672457,0.01838073788547723,0.030099679612134753,0.01867406371425923,0.0030419648817874793,0.03509601517969586,0.0,0.005140683438507397,0.010895878414022215,0.02226424512358907,0.0027110185792021155,0.006902663047175903,0.0039076526252447875,0.003132041167085154,0.025971973335860907,0.01101427900620533,0.029677216438567116,0.010373830385646437,0.0040417003963052036,0.005312451106269016,0.05204668879639044,0.03533505743053726,0.04489257927218663,0.05537476835440533,0.01610798207769084,0.0735667212027567,0.014644995233217174,0.013008871775223488,0.01929674771084177,0.0,0.012995072408407245,0.02557902415418708,0.014220885413899794,0.015049900728210774,0.05559562089931272,0.08023774391899942,0.08044531952912154,0.006125250661783645,0.01997893926127081,0.038920784604886405,0.0023960203760824378,0.01094240410656924,0.0015497184420127986,0.0013048750312324418,0.009008702111107663,0.00021862075268495407,0.006974348448778906,0.03156787569972724,0.012538094350653402,0.02031684549490808,0.005163180042474266,0.008142768671562094,0.020228183867882527,0.011387585925088201,0.05566390573969639,0.019039747327021808,0.011922549042093812,0.10187557934205214,0.028104394768071465,0.021468568487697254,0.027150070523155358,0.14480591344258875,0.07878140128176882,0.7287009087785221,0.11969803166817188,0.0,0.09372347842488903,0.19506974040948274,0.07126250153984683,0.08815105922078441,0.020921725116001027,0.08706534596839403,0.019546141662005852
119,0.1041658821479065,0.008417747696916078,0.1650798557987118,0.04777311065087311,0.14234119215634386,0.08886623149106404,0.02652077718251026,0.006945359871513301,0.02665866386333359,0.03343046939603009,0.07070987455109083,0.015322334115659484,0.008263005791665595,0.011154762949769177,0.01678277901008463,0.0,0.011343907879528051,0.03308758761988007,3.840270594461825e-05,0.0,0.004144484215819572,0.013271088703015462,0.03035251653937598,0.0018465431591424427,0.003447674771620933,0.05496174679941497,0.04444860631610422,0.006113356067228636,0.01612184851052564,0.029242554010114344,0.0,0.0,0.014791605870023927,0.009512941408738339,0.013480044465063935,0.053021030644070856,0.02187525193848486,0.047678225075580366,0.1461041609184001,0.23201730393999295,0.10631205555707683,0.10855119975349974,0.022831403334657576,0.0508737269546169,0.029762292944961587,0.12837931743404052,0.01886863071566648,0.0038082375593373715,0.038561478397667305,0.00997445253088831,0.0606858263615963,0.03991815119862002,0.04898883676509197,0.0337093175884346,0.010073474685106356,0.0011795866434879377,0.016278709744948484,0.0,0.025547429870440598,0.01263305846581911,0.009188842128139951,0.008208142461499703,0.02437700259327996,0.009696232874509993,0.0,0.0,0.0,0.0033499547080858556,0.003057183575218046,0.013888032998844765,0.028417164424257017,0.04137777631846513,0.04205657571147777,0.0019461137587486255,0.07695714192466141,0.005179728840981875,0.10072576438228835,0.08102687984135871,0.0580769679408825,0.010578371794487106,0.008339076531496473,0.01848495905947543,0.014714503097469453,0.04137819903259837,0.0769724350077801,0.02120811107763063,0.009776293492033246,0.04274568694571226,0.026396007281610206,0.12474905029824894,0.0738569212755535,0.106584568701186,0.09061677999460628,0.014003128677182104,0.00828007598565755,0.01897208330929311,0.027508938555991323,0.002069027403939488,0.006802994347887065,0.0011752130618784761,0.021299104807002655,0.018955394603453996,0.001359444314035567,0.0016164118856172496,0.005341039068200747,0.004473464878779897,0.026647727018972535,0.0596010106736849,0.032248322280120464,0.036649394868709176,0.07593917296682691,0.04694586389720886,0.02108503779066833,0.03377540512324396,0.07303370641808148,0.024403512648611302,0.0482099385206868,0.1402120708424141,0.09372347842488903,0.0,0.7537670361194365,0.5218673275333222,0.13214652803327556,0.08945050377584676,0.04763413629607592,0.020114588394146225
120,0.05326217953393115,0.010750728965037936,0.11232309069552263,0.06889652821747845,0.21818672618353208,0.25696336500655087,0.016180297303887894,0.026653146045647644,0.015019348010945698,0.09558880113001003,0.014023525206991051,0.014805083128431533,0.0014128512709937974,0.005859984961269201,0.02897548574921904,0.010157157203372983,0.02662830850828954,0.015360640334515951,0.0023064466198247932,0.001681091102423995,0.024843851413613022,0.010431434461842541,0.009662377653215664,0.04158915945539912,0.01036152316097135,0.06269629703547551,0.008915269834311453,0.02652614955418124,0.0153695772763907,0.05701977684318954,0.016720244468957503,0.010178410091156491,0.01893240720083113,0.020067294740100893,0.015432320735016054,0.033505856901247966,0.02818767859565072,0.01848652595470956,0.16508008075445088,0.32485158702750494,0.0730847275189851,0.059012772901400216,0.013803654950015693,0.022522708526574214,0.10966062532237765,0.050384613057811375,0.03506334573330996,0.021491615361328518,0.14809363173522536,0.05399570595713362,0.030569901461007586,0.0731022948669211,0.022338069639977493,0.0314184856689663,0.01763120734865703,0.04023140719108939,0.02089281520984271,0.005700181512790486,0.05996371723171479,0.004394922242788457,0.006714784847286425,0.03910441120243442,0.00974794795310507,0.0020006099101858178,0.008888680777489126,0.021586924415156188,0.014177669642441161,0.016129766245059365,0.013633641716197359,0.0026899427635435603,0.02010603098666119,0.013116752757041038,0.08703772324025971,0.06833828483740058,0.08139562762199687,0.016176910788781418,0.045598689158358637,0.008509659216493297,0.01107806560970975,0.12788007295416992,0.01728426195608062,0.008539084908820771,0.01069949753928605,0.034453440385382554,0.03626087067705022,0.0006844736412519061,0.005842233451720032,0.0988664222787493,0.03447025172861353,0.03787189022368236,0.09303724131529187,0.17120343319264628,0.11058892710253801,0.019015199774499114,0.01401505506359455,0.006621023974307972,0.05376910161343374,0.03637056390917956,0.0007755160514670686,0.027161232299354347,0.02152867470214206,0.025956958842452627,0.023117856467256375,0.009088771613460039,0.007569533029630474,0.013766865718255812,0.02248463177711327,0.04160196850651569,0.004348928346390655,0.006287138828846035,0.3867377281125244,0.044144812043420995,0.010440022656003871,0.036881353323815404,0.075033911427545,0.023414118771871658,0.0627863247152813,0.047412037258978884,0.19506974040948274,0.7537670361194365,0.0,0.5445935973313724,0.05426582827444498,0.028630521832093515,0.1598226092327473,0.022041807219280146
121,0.03867734758584395,0.024838415665586748,0.19868713756157497,0.06282614951930014,0.11736087996387,0.19096664770666158,0.001785386127197076,0.024696979480141323,0.027641749149452756,0.029229957729978797,0.00899282159739445,0.013881013646104097,0.005134855705066462,0.008719278509021952,0.0040052187189271275,0.0018014499950154055,0.0012591658583410198,0.011190276346377575,0.009080518965942308,0.02367401731465804,0.006123465318870686,0.01013747929400614,0.022803157552940788,0.012433327725513399,0.05696266336710257,0.07010578499299151,0.018193483068476714,0.014262236727903822,0.00707766962304779,0.054370690102325044,0.0017934865327314253,0.01768077875842534,0.010788512310332652,0.02458772628670407,0.013906932334471026,0.028040315242609134,0.0006679595589427443,0.033140089108556425,0.11132228482003054,0.27110491489343813,0.028001916452036864,0.044718172378659785,0.023185745202404205,0.009820656524415116,0.07345370352226513,0.04486337435358212,0.003200990662322729,0.06864311648747914,0.05810059957471632,0.04435684341665093,0.0242697521825324,0.03406783505297884,0.036570458004835917,0.04321294172907513,0.01655315878164595,0.03774728793349035,0.0327503993490523,0.007711066662504108,0.032948414711913114,0.029822106535531464,0.00641131117284093,0.007646345614672323,0.007449796843722163,0.003081004431868156,0.018371876035672044,0.00957413219746277,0.0030479596429294343,0.02170893601340937,0.013066771674290474,0.007958227231094099,0.004821807385097362,0.014679167334789835,0.010513845789446119,0.09309230390371655,0.03728649965620142,0.004139366035457046,0.031436127522634486,0.017565567969156655,0.0903120929626967,0.048434223462131845,0.013693907242544436,0.013853839382078143,0.01163504415433908,0.024644174760816182,0.005501493792038466,0.0008197133420053214,0.007957135964447654,0.0520975828759759,0.01463629973698081,0.11030614485861015,0.0461101417763817,0.11823936754190895,0.08703177337826534,0.030649118944922865,0.007566757616109331,0.0,0.021145308554441848,0.014591655992917276,0.005506727700620671,0.006841141532490352,0.033295025600025695,0.008766923291219109,0.002911949841662395,0.01208395088783887,0.0009646232933894432,0.01317735175464957,0.0027772631172478684,0.013438662509148568,0.023009094675488687,0.027274666691266977,0.07888881123194715,0.03391422582308193,0.0008161998191349875,0.012980646481811771,0.05089867774935859,0.014548386715981612,0.0015989421683913535,0.05015061529887279,0.07126250153984683,0.5218673275333222,0.5445935973313724,0.0,0.06463702556057283,0.06284544521221946,0.04260057795299665,0.025887117614625692
122,0.03599700879574695,0.006785511232689139,0.03196985107307701,0.049941352152113754,0.0369445726958203,0.07046802106229223,0.0073999677659381605,0.0007096897407841656,0.007518516445905342,0.03687822208493086,0.028199494945798657,0.010569075385961517,0.00940883314123741,0.004508758092803831,0.0012913464515759013,0.0,0.007106169843807437,0.010395655905699793,0.019849571534851625,0.0010981639926711875,0.016299788428501997,0.006419500831103992,0.01731367606108174,0.01887663024399521,0.014333540636111272,0.010658924836392683,0.015693241592904295,0.0131482856211563,0.0009041368050905062,0.006107952273924774,0.007213033403198958,0.0028485721128637294,0.03551922749558836,0.0,0.0,0.010904685123063322,0.0033821982534772733,0.03323627615507538,0.03355276823115192,0.0505227606362002,0.03653547385249844,0.03745978518974537,0.011607810759692836,0.007164133113510933,0.0008687249781798292,0.04746557844432089,0.07627481326501309,0.01339380266940419,0.05060712440497642,0.017305173138934205,0.024443575422793216,0.024472664035229744,0.010209859962987414,0.010313251642954555,0.02954410770670986,0.0219094040646138,0.034115665489121566,0.018149387472363755,0.023788805893546074,0.010205980638172898,0.016241972134428243,0.019349551603925368,0.009678500191240787,0.015977510971795412,0.005727330714194996,0.034335902485708454,0.00561559185156343,0.001094127798799313,0.006857784417267082,0.00518176254546605,0.019006801502823505,0.02193918724646908,0.0006186472364317756,0.005870839904292358,0.026674408324562807,0.0023143763364547143,0.007650183196800023,0.007287985416617196,0.03020026855106548,0.02464635341838932,0.0,0.0009044022097392656,0.008706571892419374,0.019273861893901224,0.002137812502984143,0.021400821611984287,0.015521480292435653,0.030672547264279686,0.016574346897986706,0.007559171524610141,0.05488614513625603,0.032204861591758276,0.005952059463060085,0.012761211820862314,0.016389146662159435,0.0027898427883639863,0.019134209674423117,0.02031908444350721,0.008736770451615972,0.009590210933808489,0.013670935182253924,0.013229582780436903,0.025773797207492736,0.024082272618461024,0.0015294160182137805,0.04253625818041441,0.01833579712925945,0.016237566610869808,0.0037640835697003894,0.008262647855478037,0.0006024081947661438,0.014945885281020766,0.01818209185732579,0.03548743762899788,0.032195218588689796,0.028491713590098684,0.02377290201788885,0.019955607854888556,0.08815105922078441,0.13214652803327556,0.05426582827444498,0.06463702556057283,0.0,0.06155317921443726,0.05006713244496219,0.046112456138985784
123,0.014204704938968466,0.0032907775206542913,0.05824286394067604,0.02880472615522145,0.04292893232597624,0.040412433356523204,0.046669223028766235,0.01931803603589686,0.00033980923198830487,0.02580634216002181,0.037661806076329206,0.03042977921817099,0.028029626890777797,0.0030274363597459315,0.00441657931960978,0.013500888599013067,0.015345387994814972,0.0,0.001123204452666628,0.0,0.001663101088236964,0.004603958951790784,0.0059765182468457375,0.009425595831004474,0.0214702423976797,0.011834096523332855,0.020358029857276114,0.02272285818347244,0.01761075144663888,0.01762508426261476,0.021996121593423294,0.0,0.01076680177397238,0.010961783174295381,0.009210900514325425,0.009193202456102367,0.013870300448670866,0.0008897792053010862,0.03503444686345664,0.04564394890586454,0.011872715568753514,0.00789732443355325,0.03455418664832661,0.039607451300677714,0.02459587437256515,0.06566563691934818,0.014997581889323718,0.037249168728448766,0.006289177443573427,0.0030989449654411014,0.018655949793951764,0.036629759322099,0.006678042570197627,0.017086199850069577,0.013490632468385298,0.008185451517999787,0.003749570876733971,0.0,0.0021850797914966164,0.0,0.01138506786638963,0.02037868758862394,0.033739441676839656,0.04714599620548672,0.0,0.007310753346869932,0.007587500740947895,0.01586629915680693,0.015573088700380164,0.022516013517700297,0.03831575029844762,0.005015013721023623,0.014585288841139975,0.036156459959653164,0.002151363279841483,0.012141756990763907,0.013634817140081629,0.014425437962359126,0.013742254901779086,0.008348331885156561,0.004408970790511441,0.0023034575425817196,0.0011255816618999286,0.002708272074450989,0.015459316276215565,0.017633993369001157,0.010368879410996798,0.04096357615901639,0.014925611341441335,0.009234031785393728,0.010531019308501189,0.029770570847936103,0.029135510067284424,0.0030122912915521477,0.02628250019488175,0.0,0.008363722955768281,0.002226455430336608,0.0005477616948429368,0.030527604116223607,0.01550838316064688,0.007700710775461533,0.007782330894787355,0.013751969072645634,0.01512795295084479,0.0018564782549557646,0.035882875496182784,0.02661006703087221,0.021728153736234507,0.011327168387551358,0.027519992060974916,0.002748968760165791,0.010402622862253508,0.04714640309019378,0.04824997244207203,0.005939969444005298,0.015934058828802077,0.029712237935178205,0.020921725116001027,0.08945050377584676,0.028630521832093515,0.06284544521221946,0.06155317921443726,0.0,0.04968912069807235,0.06264785826884103
124,0.0023668772520853637,0.022036302360100405,0.03450881881469697,0.006511659474598487,0.10491864115663464,0.15325245697432335,0.03734209689423477,0.001048645430965895,0.0016962468828376498,0.06726457225458915,0.014574301353707067,0.02140363691344111,0.0,0.0030666366396803497,0.009961932469965427,0.017144387526040392,0.011215146670792125,0.029711872033159052,0.0,0.019786110081552448,0.0014128038426837227,0.01783901771773395,0.0002810732440335583,0.01621522390217059,0.019854529469641637,0.011878961650197976,0.00910739003625951,0.02907657879297162,0.022153250113226615,0.015335303278449524,0.0,0.005162810003217705,0.026953122200247207,0.00698047522234796,0.043781544129355685,0.02851776175639227,0.00872447371424848,0.029271032203047255,0.02789810106071183,0.058667148739308304,0.0051172825745421854,0.026596886793436005,0.01713809329394385,0.02687212077056011,0.03946847029771194,0.03132876116313773,0.022439866664584664,0.04476171818855071,0.027090235858390058,0.04228959488519595,0.005028036666575691,0.12533463892317323,0.010522434453517334,0.0070859693652505435,0.021586516950138135,0.014812394445044738,0.0017619589537548133,0.007245347280579735,0.024441931848661065,0.03090186596699854,0.006881748438749995,0.013175349685409163,0.014290026594472338,0.008821739452183902,0.025448600154497483,0.000613415949459259,0.0,0.019548703526992953,0.011560835562963214,0.016424739408818913,0.00468071017191268,0.025846553283030798,0.018097724395493408,0.040025240533088535,0.041970832803462324,0.005822412604502278,0.029705388911372352,0.004236557524464912,0.024575045566023544,0.02810005483122461,0.0182643893137558,0.012845243384412645,0.003247795284772231,0.007724480326895785,0.001178581331476725,0.04700636475860459,0.004968813756478055,0.05440346379615475,0.01722322803731231,0.03100300856643723,0.021839911735887715,0.02837353271047836,0.0197183601159865,0.003515034469681211,0.0142391028306967,0.002858376997497716,0.009258709054133517,0.028554370112188213,0.009156046414678118,0.012936926590861583,0.014274057502423419,0.0006306090077261907,0.02238874462391158,0.02109544780105091,0.01036993279547373,0.005208163542995758,0.008471643076543958,0.0033990865585697607,0.005278406935437423,0.013822065763782641,0.12018949059249039,0.04936662492311957,0.0193025042682722,0.012326538223173462,0.03057175727832436,0.016774149723950256,0.01262245464062109,0.003489677310632015,0.08706534596839403,0.04763413629607592,0.1598226092327473,0.04260057795299665,0.05006713244496219,0.04968912069807235,0.0,0.13214009488088713
125,0.010716470103978597,0.0023391780949260253,0.12410838981622174,0.044495587454326566,0.050625408802370236,0.05513340189332902,0.0,0.005411968090774253,0.014497448398042435,0.00700382701077086,0.018225539978984625,0.00010954646890982904,0.009400420876058227,0.011746487721747731,0.010273184975602073,0.0,0.01426058610589719,0.0007650183958575179,0.01007595326887808,0.0,0.010595200066070355,0.036076958434130675,0.01768535494921104,0.007595901382334106,0.002799853710247556,0.02047097116494205,0.006823634072873423,0.005087821722633387,0.0005288403234199183,0.016345025595975466,0.0,0.011603784841491717,0.02795426966962256,0.0,0.01503944596204916,0.02857635438620285,0.009279475796269124,0.011045995629399709,0.026762102680669694,0.02549017682345008,0.03872933945698696,0.01119184848761879,0.01691692474750296,0.017302523769982776,0.00559607592909642,0.008987038765414792,0.0076684843679238925,0.007417116318758413,0.0210600605200246,0.003990419284705108,0.007520171086383376,0.01968719293794885,0.0,0.011055298596211783,0.013488460873726751,0.0005330798214550716,0.012250328648402219,0.0,0.004468650377815893,0.02170921943051537,0.016793619597398137,0.038148198385390214,0.026192858648788227,0.0024876690448178695,0.008871071697090093,0.01377996584365909,0.005795830786217197,0.006388521258637768,0.01634247139802939,5.7568489635888944e-05,0.012061172645026718,0.006286090194814101,0.001112022204642859,0.0370695056614198,0.024537793965929297,0.01491751634660171,0.06384292430286682,0.012386663136409808,0.023601767690926048,0.016373733977303465,0.0027917781089671777,0.01709859228441223,0.008580963423970956,0.030414369235807575,0.02727679473160366,0.005802642633031997,0.016883691157941475,0.025270135559262892,0.014661616439729621,0.012477474363445167,0.019348634657021656,0.025802978541149876,0.028909653186120616,0.011399027254297178,0.00030160125410117015,0.0,0.017905705133658602,0.0034613451171523024,0.0041071509695154995,0.029076493379438045,0.025050556551703462,0.0019357939433190456,0.012674195335667418,0.022279351690241613,0.022127745893225918,0.0025502815336313927,0.00948159981303706,0.0256473373529658,0.0,0.0003829971282290882,0.001964295370206466,0.004780147609334539,0.0015498647335776754,0.014794933745626305,0.006322238224388128,0.0019397659525217427,0.0008878358429498962,0.026919361156426697,0.019546141662005852,0.020114588394146225,0.022041807219280146,0.025887117614625692,0.046112456138985784,0.06264785826884103,0.13214009488088713,0.0
