,chi3MET1.xvg,chi3GLU4.xvg,chi3LYS5.xvg,chi3LYS8.xvg,chi3GLN9.xvg,chi3ARG10.xvg,chi3ARG11.xvg,chi3GLU14.xvg,chi3GLN15.xvg,chi3ARG16.xvg,chi3GLU18.xvg,chi3ARG21.xvg,chi3ARG24.xvg,chi3GLU25.xvg,chi3GLN26.xvg,chi3LYS30.xvg,chi3GLU36.xvg,chi3ARG37.xvg,chi3LYS39.xvg,chi3GLU41.xvg,chi3LYS42.xvg,chi3GLN43.xvg,chi3LYS49.xvg,chi3LYS51.xvg,chi3MET60.xvg,chi3GLU62.xvg,chi3LYS65.xvg,chi3ARG68.xvg,chi3ARG69.xvg,chi3ARG70.xvg,chi3GLN72.xvg,chi3GLN77.xvg,chi3MET88.xvg,chi3GLU97.xvg,chi3GLU100.xvg,chi3GLU102.xvg,chi3LYS103.xvg,chi3GLU105.xvg,chi3MET111.xvg,chi3GLN116.xvg,chi3GLU117.xvg,chi3MET121.xvg,chi3LYS122.xvg
0,160.322,76.0815,87.9715,190.424,303.875,287.5131,189.975,12.0787,305.9026,274.1421,14.9142,64.9779,282.3993,260.1782,175.499,139.242,302.2786,65.6717,170.437,57.3666,171.688,14.9927,176.503,67.6012,91.9752,297.6277,169.159,79.5513,285.4997,146.702,180.508,256.345,101.104,140.32,349.9791,345.144,194.966,297.047,169.726,25.4816,320.6082,186.406,173.069
1,185.628,101.153,176.171,179.117,301.3298,262.1321,272.7815,44.6828,24.5683,274.1168,344.264,90.8046,298.0692,11.5524,190.624,197.824,295.9174,79.7312,160.047,61.1909,172.667,358.13488,187.226,86.6037,173.537,43.7932,188.005,95.3713,228.072,161.452,229.945,71.8794,174.117,253.579,3.35642,324.1085,171.481,236.574,91.0931,15.6798,299.1891,280.60450000000003,188.457
2,162.098,189.372,191.75,183.902,35.6886,252.813,252.29399999999998,347.6137,187.485,271.9765,357.06314,70.2347,278.75620000000004,236.69400000000002,184.885,176.789,262.2978,88.833,81.7541,52.3131,175.893,191.401,201.015,66.2935,156.314,22.6486,169.403,138.243,192.73,167.051,162.845,337.8469,204.964,16.0857,203.288,138.909,188.33,27.2211,178.331,181.467,4.23309,190.041,193.796
3,61.9846,191.72,175.954,186.276,311.1139,296.2025,283.0715,166.608,46.2262,266.57460000000003,16.5775,76.1886,288.0949,12.3533,190.776,185.553,220.009,74.4474,177.799,80.8408,190.754,339.1079,76.0817,88.9277,156.839,204.645,181.716,160.704,204.53,169.499,168.851,335.7258,158.087,285.5518,292.1566,112.797,171.286,18.9823,202.196,34.7248,195.081,155.484,158.415
4,301.05830000000003,325.5135,175.848,170.185,319.6579,256.471,188.97,175.941,161.739,264.5558,342.8923,68.6805,273.7706,67.9557,342.8971,174.557,220.325,82.0303,174.898,80.7691,197.267,199.909,300.2092,276.1254,197.201,180.773,193.569,157.927,206.607,180.849,206.147,307.5027,183.943,137.31,300.5161,334.1783,206.337,316.6486,275.7654,297.9193,228.035,138.556,178.793
5,79.6512,269.258,181.938,174.188,61.4442,247.276,274.4977,204.664,18.5885,225.452,325.567,108.01,158.746,217.364,60.2641,177.406,260.4267,68.6339,180.453,85.4976,192.664,175.281,180.022,48.9811,262.7655,20.327,189.373,146.998,188.762,213.756,164.649,22.3039,188.486,319.3624,199.548,17.7601,184.646,185.755,291.1601,323.16610000000003,278.131,270.46320000000003,64.2761
6,62.5874,132.911,175.653,192.778,29.8551,255.142,264.6641,27.8374,354.21633,210.063,350.52761,74.8812,295.5324,64.1431,153.218,175.467,260.722,49.3343,205.344,75.0557,306.8466,178.396,173.012,26.1844,309.9707,158.666,153.941,142.939,161.191,176.161,152.251,48.865,196.864,189.372,282.77660000000003,358.81614,188.914,82.4233,306.7974,164.379,45.7432,276.91970000000003,181.467
7,162.128,179.053,178.603,176.404,38.3279,187.702,106.37,17.102,329.1783,201.736,355.14222,66.2863,181.346,200.414,172.426,191.566,57.0498,69.187,153.13,67.213,180.41,192.122,184.482,66.4214,269.8628,207.242,179.67,131.063,200.56,168.561,41.3346,343.0791,153.989,100.738,247.09199999999998,44.625,181.023,217.196,93.1391,221.659,23.2528,281.9499,184.206
8,111.922,101.833,193.603,187.201,289.4592,226.185,107.075,62.7938,156.78,275.8837,182.68,76.3075,161.975,121.308,346.6538,150.433,72.4774,80.0022,159.902,76.3088,198.461,187.06,164.408,80.0463,290.968,200.405,208.552,147.121,305.1226,49.3889,168.642,175.739,266.484,299.0399,295.6678,251.51600000000002,177.096,175.788,81.4364,155.333,56.0709,265.0994,165.225
9,91.3309,205.422,189.028,175.927,33.9421,241.886,69.6162,186.433,325.5944,273.2931,190.492,80.7095,167.373,338.8095,2.06841,194.33,68.7286,64.0108,182.125,60.9914,182.675,188.96,181.037,278.7109,195.288,35.8012,161.082,139.184,200.822,48.7691,327.2616,335.5691,176.351,141.785,136.999,241.602,182.415,323.6648,143.973,176.153,96.8253,266.2205,294.8922
10,181.549,273.1262,190.358,175.305,19.2899,153.741,72.9204,23.1834,318.9692,260.9844,183.553,73.1252,170.299,166.378,224.568,183.977,259.571,81.3855,187.386,67.6888,155.642,186.885,171.906,39.1557,263.5962,202.292,175.157,213.829,201.778,193.514,172.093,314.0339,162.365,39.9922,115.345,202.733,167.292,202.59,176.981,323.5748,266.0845,320.2084,185.578
11,275.5047,9.84565,187.146,188.998,9.82816,184.427,72.1041,177.72,35.8022,271.20550000000003,184.6,77.2705,170.433,12.9491,25.6816,165.545,83.7611,91.25,202.678,66.7357,182.685,183.222,187.055,178.229,180.585,316.1374,178.909,225.484,208.133,166.171,356.43028,45.067,208.795,3.89497,34.5529,244.989,167.608,205.34,91.2059,344.949,184.915,278.7274,177.086
12,87.5167,224.641,169.131,182.708,58.7355,221.349,101.104,18.2156,185.798,260.4791,170.688,78.3317,170.757,21.9063,179.916,186.445,79.2195,60.6772,170.821,59.1761,162.236,198.114,107.1,69.2199,100.066,19.1465,170.726,183.255,184.428,187.956,185.838,47.6815,72.5486,54.1425,208.623,250.204,160.908,161.948,274.1694,330.2937,244.159,175.398,188.589
13,73.3653,277.31579999999997,182.674,180.055,4.90693,183.439,215.135,25.817,322.3506,279.4996,194.338,73.3365,167.469,189.6,0.513531,171.194,55.9252,65.4974,173.867,73.1663,181.565,195.484,281.3195,72.3104,148.057,39.7056,194.281,129.714,182.41,107.592,186.709,14.6796,50.5163,193.556,37.6679,78.331,172.218,108.381,285.3054,188.78,82.0386,296.8993,138.587
14,178.834,265.1722,179.723,174.933,43.8599,189.27,169.069,244.86599999999999,355.61481,276.335,179.987,65.0335,180.883,42.0744,287.1632,179.455,60.9443,69.7149,170.137,58.9033,171.205,171.796,167.162,283.5197,166.573,30.0836,179.189,221.508,286.544,207.24,309.2862,174.14,185.181,290.72950000000003,291.30240000000003,291.1656,184.66,94.4511,285.6675,183.473,240.397,284.2069,210.59
15,193.098,102.718,181.927,184.794,28.7396,184.593,77.893,18.6449,37.7466,283.0054,335.0268,64.2822,176.668,232.09300000000002,182.159,173.291,46.2117,91.441,188.607,75.169,181.142,190.659,159.325,194.594,142.179,21.3221,187.011,165.849,68.3174,184.812,40.5827,150.135,82.6265,144.477,237.20600000000002,49.4569,168.863,320.3802,280.105,308.9335,250.10399999999998,186.65,167.968
16,192.626,103.112,178.767,160.06,341.5807,153.935,93.444,18.0135,190.992,246.269,27.0582,83.3628,173.029,26.0239,324.3262,178.509,48.8712,72.6619,88.1521,77.1683,170.132,201.874,173.574,88.2268,75.1854,248.089,205.64,147.037,82.162,155.41,45.239,191.614,179.684,37.4056,61.5602,48.5446,199.006,219.196,278.0929,340.6811,243.685,114.833,194.062
17,206.841,292.30150000000003,184.974,182.751,316.7288,200.073,163.751,213.175,22.661,284.851,0.491893,82.3386,175.252,217.496,199.1,175.95,47.2463,86.4967,182.361,75.6466,163.906,188.822,290.5324,161.757,203.822,351.95383,174.858,164.802,56.2386,188.543,174.518,301.7426,71.4812,196.702,240.791,36.106,170.513,331.9935,273.3221,180.102,226.468,281.0038,176.72
18,86.119,262.2504,147.819,182.928,170.84,218.338,82.3706,194.6,332.6322,204.598,350.34037,79.1493,301.0341,151.627,10.5293,187.557,98.1965,95.8128,183.566,85.2945,214.721,180.973,288.3327,87.2804,187.945,209.847,177.788,154.025,225.445,174.237,156.469,358.67605,172.58,27.8035,169.842,11.3472,158.823,4.71153,75.5452,14.0815,191.705,204.678,132.826
19,202.3,99.8371,191.348,162.262,171.55,172.023,305.6471,189.647,355.20565,275.3036,357.2169,46.0027,272.82550000000003,194.679,0.319226,167.235,78.481,62.9827,71.2023,72.6356,178.745,213.258,152.104,56.3448,184.621,3.06529,191.543,158.755,68.3469,193.73,4.59438,185.87,163.171,27.2501,23.193,47.1952,162.801,51.219,81.6344,195.555,239.046,176.076,188.234
20,221.955,310.3811,273.3767,214.225,41.2295,170.222,86.2912,12.9556,4.10228,204.042,357.29946,80.3362,164.183,333.74490000000003,338.6886,178.017,168.861,73.3013,181.013,65.4601,157.712,195.837,197.428,76.115,196.161,191.736,80.0982,138.214,166.311,169.955,5.56069,304.1962,177.136,224.224,267.993,251.113,196.887,43.0354,279.72090000000003,175.195,208.633,203.528,196.622
21,305.0885,97.1176,176.851,188.984,35.3043,174.998,196.889,233.599,20.5248,262.2915,358.88806,75.2304,179.183,10.7116,322.8076,165.306,112.353,81.4526,184.888,71.0327,207.92,204.788,191.251,45.528,281.2525,50.4217,55.5519,148.592,173.398,174.78,156.607,34.1319,168.822,8.33098,23.4523,238.449,161.186,80.0455,89.7629,19.3485,94.8922,279.4979,160.854
22,108.275,88.0563,189.28,189.037,69.0297,214.627,297.655,7.67157,152.707,206.056,14.4733,55.1591,175.023,108.908,208.132,183.084,75.1561,60.0775,168.937,65.7746,184.193,197.821,198.387,180.598,202.709,354.72415,173.851,191.815,264.937,196.145,351.81569,143.031,209.897,276.05719999999997,192.106,247.488,189.213,52.3654,177.903,320.5288,245.531,220.333,163.177
23,175.414,110.772,174.489,282.1049,52.4716,203.847,281.4031,352.90284,346.0652,273.68600000000004,178.536,78.6171,173.551,25.4257,190.805,169.2,88.8187,93.7959,177.929,60.7229,171.744,175.452,163.893,188.907,111.392,349.58,185.333,105.524,212.841,190.538,123.994,205.409,222.405,27.7654,37.007,211.744,164.857,156.526,290.4592,40.1001,260.5733,200.265,185.723
24,202.347,276.679,178.819,185.185,49.4706,185.643,312.94780000000003,176.697,318.4699,257.924,185.738,76.4913,188.746,161.698,32.8698,171.36,81.081,65.3473,173.496,91.8481,181.377,185.923,179.306,75.2148,165.217,38.3535,183.591,153.093,181.471,185.171,191.254,189.959,297.9796,38.3839,199.724,247.77800000000002,190.222,61.7279,297.1977,168.546,74.2838,203.061,198.77
25,172.561,258.759,162.17,197.793,51.779,192.943,301.6605,208.937,329.7466,263.6322,165.825,77.7934,188.489,239.066,191.482,199.588,50.9777,64.5952,177.86,70.147,194.091,192.338,171.661,94.633,297.3538,44.9086,181.908,159.84,185.132,173.519,53.9594,283.5789,191.994,53.9957,77.8707,74.8034,176.009,24.8624,312.347,187.903,225.092,315.2395,174.244
26,169.594,243.822,177.281,163.791,53.0348,196.733,303.1896,52.9859,20.6258,263.14390000000003,11.5264,79.7128,188.008,26.9987,180.876,202.244,89.3852,86.8979,174.164,54.0848,172.336,194.601,163.225,194.155,296.3734,28.2126,173.799,209.163,190.857,181.927,320.4436,332.7777,187.484,194.441,214.422,303.774,154.102,218.909,279.7147,201.444,193.987,183.241,186.02
27,234.523,97.1708,193.536,192.326,46.1918,179.424,291.20709999999997,17.1431,78.4661,275.8087,23.7801,73.6668,179.928,17.5849,192.288,176.802,111.491,104.723,177.648,75.7725,170.599,181.729,184.732,290.5779,288.3266,201.862,178.163,139.431,189.083,188.044,353.87371,196.647,73.8115,52.1149,321.8273,225.57,164.401,64.1566,299.0195,190.984,162.953,264.5818,187.45
28,49.7806,209.063,269.943,173.263,61.2011,222.768,297.231,330.1916,37.8939,255.386,3.03688,76.1156,182.904,342.7644,352.55314,171.526,82.1336,77.8358,77.0493,82.3522,205.895,181.124,169.614,80.5652,191.727,317.1725,190.222,222.911,163.783,174.535,154.756,315.0345,186.157,40.1836,71.6543,263.414,186.346,260.7501,70.4198,164.821,110.601,314.5703,294.5973
29,180.262,94.3115,197.395,186.307,35.7218,206.405,287.24469999999997,195.367,319.1512,245.939,359.31404,76.0192,176.966,188.148,176.747,167.494,66.5739,86.4741,193.955,85.1129,177.531,171.605,151.215,184.102,187.787,203.686,183.866,204.902,174.396,157.573,37.662,55.028,171.986,182.942,23.3135,68.5983,193.605,46.8993,152.705,273.5109,302.2231,194.958,289.03700000000003
30,200.545,114.218,170.5,287.4198,48.5131,210.212,291.6764,31.8334,308.6141,271.57349999999997,8.19241,65.7895,171.273,16.3371,60.3581,175.566,69.3073,85.6934,182.071,58.1425,167.58,196.175,183.131,168.597,181.891,42.0628,169.037,144.046,196.637,199.24,58.6269,170.008,167.154,14.9977,156.218,35.0945,151.231,71.0565,185.906,334.8429,330.1713,75.6289,187.61
31,165.605,238.55700000000002,181.499,179.954,39.9716,222.977,187.961,206.393,318.5757,269.76120000000003,197.039,49.3347,202.998,184.255,359.657408,182.336,233.719,67.4783,175.668,56.4451,226.812,194.947,185.058,154.193,150.482,159.412,185.614,219.195,193.027,193.637,0.318789,313.6803,295.4187,340.5438,252.58100000000002,83.4415,190.438,67.6436,93.0318,164.165,151.084,270.166,196.38
32,67.5623,266.9942,197.221,185.222,329.271,302.1143,255.188,225.791,25.7884,260.63710000000003,167.314,85.7603,173.759,45.5522,203.947,200.66,246.012,89.0989,178.473,37.7134,171.725,191.947,282.776,65.1718,199.848,187.236,193.376,282.8805,200.81,179.849,0.765101,229.681,62.6549,9.06952,359.714344,56.6083,189.708,195.993,171.085,272.5213,129.649,183.07,160.827
33,226.917,114.35,168.659,174.625,317.5439,303.7867,86.8423,85.8329,300.88009999999997,281.219,169.224,78.7523,172.633,205.453,193.851,181.172,264.7328,87.3935,179.933,61.4538,160.574,206.762,292.9436,69.0221,192.571,356.44678,193.301,284.5403,198.829,197.113,171.248,198.73,160.257,211.948,221.266,44.1831,55.0916,19.5866,191.404,319.8043,264.7231,71.675,211.812
34,86.2628,237.315,186.158,171.708,299.2707,318.4035,240.481,234.84699999999998,333.7851,262.262,175.593,63.0519,178.87,245.631,189.897,177.095,221.425,91.0511,194.297,67.3326,175.372,192.078,292.5104,156.981,286.0686,24.5346,177.379,187.676,195.346,195.267,141.976,43.9908,63.4047,46.4095,71.2318,259.062,167.167,264.3576,188.73,157.311,132.756,181.659,287.4801
35,187.948,292.0374,184.926,275.2489,325.1318,307.93399999999997,240.34300000000002,190.561,36.0883,270.33820000000003,199.101,58.9971,179.199,289.7049,173.154,147.792,242.04500000000002,102.29,183.769,138.113,280.11400000000003,202.929,202.046,297.2441,308.6159,355.8301,172.54,185.519,166.297,174.887,180.495,24.6596,170.653,35.5603,213.816,220.974,158.251,123.729,177.221,197.867,138.74,189.441,178.631
36,164.859,249.96800000000002,177.094,286.1287,323.391,71.1975,271.71410000000003,165.351,321.5353,272.9909,165.318,70.2613,174.205,142.708,292.433,160.728,62.9525,98.2201,190.708,71.498,166.346,187.074,190.554,185.577,299.3157,195.531,203.559,194.927,199.55,189.63,292.9823,71.0432,262.1348,228.996,234.267,253.611,161.624,347.6199,182.776,167.032,159.218,220.83,203.43
37,57.3745,242.30599999999998,82.6785,158.894,321.6831,66.7892,170.33,344.2629,352.74416,269.2554,188.889,76.6887,191.947,245.28300000000002,187.825,171.442,81.6899,79.5602,200.252,66.8677,161.741,169.764,271.8017,278.1546,287.2325,188.3,198.573,284.2228,195.926,184.585,328.4488,198.032,196.993,145.16,305.5592,245.885,89.7559,246.844,185.801,142.181,305.9837,136.293,186.805
38,181.17,73.8329,179.685,157.401,51.0459,66.9354,172.007,201.216,160.482,266.5557,170.444,72.7134,169.376,201.745,0.0280958,186.06,276.5306,80.7331,176.602,59.7968,184.088,212.79,196.668,293.6382,162.162,21.2924,214.165,283.7822,194.995,204.858,180.613,179.632,290.7051,224.106,289.5943,267.96410000000003,82.7233,355.85742,163.631,32.497,135.021,169.53,168.593
39,153.675,62.0839,193.59,154.106,41.7704,69.619,298.9218,242.329,26.0392,267.7043,165.769,74.7629,178.018,66.3313,161.116,184.88,352.07972,97.3965,203.316,79.9969,194.93,192.348,192.935,184.703,189.158,358.06319,198.745,299.7168,159.377,175.903,39.9119,53.2045,123.894,347.3906,309.0355,252.29000000000002,104.678,7.80336,212.483,44.1993,315.3175,173.796,186.713
40,294.7748,25.7708,186.506,182.062,296.97180000000003,66.5033,296.5347,201.929,355.80496,269.4569,176.138,72.7996,178.647,45.0436,273.1857,180.92,74.5713,79.4776,175.109,50.8081,77.7335,194.462,182.197,207.322,176.108,13.3222,175.348,275.5899,195.742,200.558,159.276,72.577,146.951,10.7492,300.1174,266.6068,161.817,223.356,199.174,311.8387,134.405,293.7545,189.427
41,176.552,315.6784,145.35,184.992,339.3775,305.4622,198.795,128.389,28.3849,272.0225,12.9292,55.057,184.55,46.7681,206.674,182.148,71.1603,88.5315,182.729,72.5954,169.011,195.887,298.6827,158.033,187.923,3.08933,187.26,280.2008,186.48,185.803,141.757,48.7304,205.683,99.5857,338.6816,234.529,199.486,126.052,211.221,167.749,334.9223,172.046,283.82370000000003
42,169.944,116.029,189.303,179.573,341.455,82.461,274.7305,77.3982,8.89925,276.2578,15.1035,64.4158,178.426,54.2011,45.7197,184.018,63.4108,63.2012,175.095,64.5152,177.728,194.618,292.2709,176.643,171.681,177.063,182.006,292.9543,183.125,185.472,21.7092,266.5452,185.361,17.7538,149.368,262.46410000000003,173.525,262.1391,173.335,159.277,322.0186,163.533,180.5
43,188.304,258.008,167.339,191.525,319.9907,315.3051,87.5737,141.857,51.6115,203.918,0.50151,61.9152,172.468,18.9883,179.654,176.67,63.0395,85.9577,195.548,49.0159,182.389,166.878,179.741,65.6317,164.426,183.019,177.74,117.935,304.5958,170.963,17.8063,204.973,157.492,18.9161,187.157,247.1,193.733,100.717,179.163,280.9867,310.8791,178.9,178.4
44,70.3177,38.7273,189.5,177.051,326.0833,314.0298,178.64,192.515,180.826,226.921,16.937,74.94,165.206,331.4554,25.1645,185.686,115.869,74.9013,196.784,81.4154,178.433,180.741,290.1783,207.519,181.881,43.5611,181.305,162.299,204.534,184.724,339.70799999999997,165.286,84.5632,222.524,184.616,248.112,174.838,242.861,85.6565,189.59,38.4283,192.663,157.648
45,179.828,49.8829,192.852,187.792,335.2664,311.5134,78.7733,7.37017,294.5061,201.156,359.629322,93.0536,186.503,62.505,328.7568,166.108,77.6922,63.5592,179.305,59.2271,82.6529,174.642,283.7176,297.8941,158.456,190.275,176.148,93.2178,193.932,194.215,332.2392,344.33,77.1372,22.0823,20.5428,244.208,201.266,238.801,213.409,159.955,257.925,144.55,250.139
46,84.5883,66.4937,165.116,174.345,319.5617,66.5744,83.1497,164.333,160.793,219.194,349.7824,84.5099,178.705,222.38,183.545,211.215,109.722,86.2149,184.53,86.9084,192.627,184.724,179.121,89.8005,171.709,26.0294,202.704,137.042,184.533,169.094,106.229,164.697,169.52,325.7108,80.2443,250.969,192.239,350.99345,183.718,55.4065,323.3604,151.027,189.385
47,186.287,100.491,164.926,285.60720000000003,19.5373,70.8805,90.0514,23.6022,171.118,215.978,15.9178,79.7797,177.245,231.936,9.89985,191.655,111.318,92.0163,150.74,66.2437,97.4958,189.632,189.63,198.786,171.318,0.489707,196.067,70.8141,197.187,172.257,341.8377,327.168,214.029,42.4877,292.5152,250.486,210.343,142.406,191.615,299.97180000000003,55.4461,200.313,181.938
48,178.852,228.933,143.657,191.707,34.8547,82.9504,251.015,219.539,321.8263,216.756,358.26561,73.9232,173.206,233.284,149.618,205.181,64.6521,81.4755,277.47270000000003,74.8052,190.483,204.214,175.448,212.88,144.114,190.832,192.266,219.63,189.034,171.725,334.9844,318.7207,185.892,50.8863,108.178,254.326,164.662,28.5867,181.417,339.002,347.1369,164.725,167.835
49,178.434,77.6102,183.046,184.882,51.9033,49.8781,222.239,225.368,284.6158,202.809,222.222,63.9931,185.183,219.771,158.328,176.973,59.8902,82.2967,173.907,70.0458,95.5949,190.477,180.258,156.328,142.319,20.5815,182.947,208.978,203.117,180.228,332.3819,39.9371,81.3243,255.469,105.535,251.61599999999999,171.158,13.1545,271.29859999999996,300.7278,303.54449999999997,120.338,182.631
50,176.368,260.3095,175.839,183.213,183.534,86.1789,135.771,11.9478,175.529,198.789,202.644,83.9386,167.092,24.2343,350.09339,182.648,88.5254,84.5969,169.884,64.8931,180.989,176.918,290.2802,98.555,159.305,24.2054,193.854,111.626,174.303,216.536,40.8686,57.7463,168.942,73.297,53.1371,253.938,163.788,35.8378,267.1085,321.5937,131.148,164.425,152.449
51,151.705,264.2783,196.524,199.013,334.3251,96.6882,188.511,239.643,314.0512,234.14100000000002,186.202,85.6416,173.111,82.1631,334.904,124.55,241.623,83.0455,188.783,72.0453,182.911,183.33,180.584,147.1,166.358,4.95621,180.204,200.209,182.431,181.803,332.0352,66.3997,281.6064,29.5977,252.279,195.656,164.95,38.013,198.694,299.479,340.9554,270.067,170.688
52,192.777,271.7136,160.063,183.046,334.582,87.6284,177.665,217.5,315.7053,194.12,191.373,92.5203,188.97,247.09199999999998,311.706,205.887,122.144,59.8338,199.472,76.5036,282.6546,188.807,197.179,293.473,158.42,12.4746,190.956,156.813,202.217,181.088,26.2501,52.4095,171.482,278.8566,66.6262,19.9041,154.895,179.259,181.65,293.1545,302.2335,279.0638,173.595
53,65.9405,284.4778,92.9972,172.692,313.0659,88.6847,192.379,29.7835,355.08675,198.898,187.785,54.068,184.219,180.812,187.891,166.376,129.719,81.5887,225.154,88.665,196.4,170.751,188.013,327.6071,186.655,162.744,195.682,207.314,183.02,161.54,179.137,298.2226,70.1997,31.0026,235.095,53.0567,178.327,213.263,179.695,176.437,127.011,271.1137,170.333
54,91.6855,182.259,181.73,181.761,190.298,57.3673,268.9777,70.7653,319.3277,225.935,178.447,70.7973,180.509,152.743,196.824,174.756,68.7161,75.1062,169.093,72.415,175.411,174.629,190.955,191.492,191.615,177.732,177.8,233.53199999999998,165.517,202.865,272.9009,328.8655,162.984,25.8896,226.227,34.9049,152.441,207.055,285.4131,305.2573,130.739,263.60360000000003,307.4777
55,200.117,103.898,166.595,186.575,322.8196,77.5036,264.6227,81.6774,123.027,201.946,184.53,48.1214,163.691,204.26,38.6155,195.065,119.93,80.4036,182.037,89.3536,172.127,184.609,68.6666,68.2062,160.962,196.19,174.424,222.701,173.586,191.457,168.478,177.566,282.4013,198.659,232.291,58.365,174.591,244.192,194.871,300.6881,340.4963,62.8045,177.366
56,66.2966,209.185,195.84,183.437,53.1039,51.5731,85.0777,0.547846,315.8786,267.4221,88.8934,293.3976,187.26,209.605,156.694,205.119,92.013,66.3903,169.576,97.9891,255.519,283.0043,171.038,208.818,177.101,352.02311,182.627,150.228,203.449,188.534,146.286,173.865,167.286,43.8063,176.393,61.9038,165.987,73.3197,198.549,326.8249,265.6808,184.877,183.018
57,276.1166,58.0791,191.884,184.715,23.8887,85.2134,76.0284,203.49,350.58375,210.608,108.055,287.2891,181.856,220.952,174.226,175.784,282.5019,80.199,176.958,68.5375,190.982,310.6902,160.544,91.3302,174.286,53.1133,165.872,114.156,194.784,195.321,325.7176,301.0078,295.9662,207.113,22.3608,80.8551,160.322,37.5508,295.9251,52.8552,37.769,301.4705,173.291
58,175.316,231.137,178.549,174.117,323.936,73.6253,190.987,182.918,154.508,213.301,355.93938,298.1993,193.902,53.4506,192.064,178.367,265.6725,79.8192,169.911,69.669,172.529,192.425,192.967,171.614,172.1,0.36425,169.512,149.429,192.64,185.969,195.054,13.5718,109.325,264.05899999999997,102.622,161.529,287.0502,208.289,196.522,321.5952,128.072,284.5076,188.49
59,166.577,92.7813,150.034,73.9193,357.13603,82.5456,213.081,196.287,61.0966,198.225,69.0238,292.9279,205.587,244.031,24.8725,203.792,84.0804,78.9487,175.985,101.977,186.096,120.313,204.405,73.9219,170.927,24.1567,184.959,212.653,194.914,193.461,342.6639,94.4033,53.2563,40.6043,220.178,147.295,188.914,39.6193,162.665,355.57066,329.445,177.183,173.629
60,75.3148,98.9989,180.988,187.691,174.242,109.585,93.5614,224.97,323.0229,261.8675,89.9382,305.8591,183.067,238.274,200.92,177.113,79.8706,62.9674,190.38,60.3813,173.802,10.8771,168.475,106.402,174.955,187.075,187.801,101.649,66.9883,181.749,325.5587,185.455,202.139,127.286,193.563,152.212,162.849,192.929,177.117,180.089,342.8401,207.932,168.092
61,191.014,328.3032,184.12,197.071,291.8652,162.707,165.794,86.5482,335.9832,284.9402,195.623,305.3048,183.846,278.1729,338.8574,154.705,50.4182,65.5084,176.806,90.5528,152.038,192.145,168.316,166.901,144.498,202.97,184.287,270.4545,210.15,184.74,340.5495,254.28199999999998,292.0532,118.072,15.4086,56.2867,167.243,220.273,166.515,217.221,112.766,90.5563,177.634
62,196.592,197.658,184.611,177.537,35.9113,185.912,247.89100000000002,102.165,355.01266,269.9706,182.626,62.6933,187.196,23.4142,41.5287,182.533,103.541,101.213,166.204,74.2143,168.739,152.205,166.114,157.348,162.702,17.4371,173.028,275.3777,302.6694,201.251,160.762,301.6696,172.082,232.893,219.251,8.63872,179.931,73.6981,167.955,193.87,139.035,284.2464,171.048
63,188.99,74.8939,153.796,180.708,23.7263,210.539,202.497,28.7638,309.7889,274.1225,152.049,84.3866,157.058,197.729,35.119,52.5848,76.3458,91.619,191.929,68.0038,171.467,293.435,290.91179999999997,45.406,155.568,184.289,176.522,221.919,175.467,180.68,273.901,77.1969,296.9432,204.357,135.572,187.485,164.36,17.6622,285.6059,170.949,136.398,80.7617,198.559
64,180.28,41.4174,179.649,177.324,56.2288,205.265,206.706,241.298,317.7734,278.8826,176.691,64.9624,176.098,303.7858,190.825,159.793,100.377,100.573,187.844,47.5582,186.96,324.0971,279.6399,184.833,175.253,210.492,169.762,279.81870000000004,177.745,186.978,41.0992,58.7503,293.5372,168.415,358.57999,242.21800000000002,197.944,76.6862,288.1768,180.831,325.4979,177.863,197.888
65,165.434,97.5464,197.483,179.454,10.1401,189.998,176.711,349.5642,347.8661,286.5461,184.414,66.2897,180.179,298.1411,201.515,171.703,76.6115,78.7555,203.971,69.12,75.8066,153.372,302.5218,188.63,190.782,174.64,173.468,257.536,196.098,201.292,162.377,62.6885,288.18420000000003,54.9354,26.7335,211.04,198.449,57.8527,207.37,327.6798,168.595,56.0125,180.58
66,302.3846,71.3408,189.179,182.452,22.9524,173.39,184.018,223.404,358.473,262.451,173.661,56.5264,190.928,171.36,317.736,318.0698,39.8964,60.2084,206.993,89.0086,186.431,165.802,277.677,157.97,154.227,352.37369,186.32,285.3421,205.741,178.17,182.527,42.2145,304.9704,232.474,60.6451,294.473,265.5219,200.429,202.806,28.2808,116.466,84.4579,156.372
67,73.2924,70.406,154.777,181.065,63.2447,196.503,261.8782,202.706,303.214,262.1284,182.627,76.3331,164.362,150.904,196.529,177.908,285.3983,90.7799,160.395,76.6297,185.715,191.455,284.7268,142.113,150.156,25.1636,187.627,277.5485,156.266,170.439,194.3,63.1542,278.1004,207.106,343.3898,338.5295,169.834,37.0454,228.107,50.4964,147.906,73.9173,210.699
68,210.145,156.435,222.055,182.029,26.1412,191.476,221.774,348.1255,357.3723,272.1949,167.847,74.5009,172.394,4.25451,185.273,164.412,268.2768,59.1882,185.12,95.1486,195.952,188.169,179.75,54.1145,194.393,216.67,186.09,293.11109999999996,177.97,179.277,226.832,65.7301,179.068,301.3842,28.3841,132.176,318.39639999999997,95.5936,228.652,174.26,136.829,204.531,165.498
69,278.1998,225.919,179.973,201.846,26.3113,178.993,204.234,189.525,166.727,263.4398,167.263,61.4435,166.952,214.8,164.417,166.815,228.414,79.6464,286.0846,92.5315,172.61,179.324,188.619,156.662,168.98,345.8987,177.255,282.3034,199.824,176.759,333.6756,62.1742,51.3521,186.745,211.65,165.446,298.2543,206.613,287.7483,156.74,144.765,279.54200000000003,299.4796
70,168.283,70.1169,175.344,204.078,33.6168,122.004,133.094,18.2903,293.1791,261.2265,156.749,75.1842,176.311,69.5039,19.8273,169.877,81.1096,71.0942,188.755,78.6097,150.86,141.625,174.284,17.6624,183.215,212.27,162.444,307.2663,188.382,183.476,304.3072,41.0262,76.2588,235.822,186.737,153.585,292.4512,40.4594,189.987,328.0635,139.599,180.856,180.505
71,295.9683,213.473,166.427,198.427,19.1459,196.851,103.459,195.76,328.4507,283.1249,189.244,64.762,188.314,162.458,31.6945,168.585,86.9538,75.0417,179.018,64.6812,196.239,39.3342,166.501,189.923,167.286,182.974,178.003,285.0417,193.353,186.126,9.74726,250.111,262.9105,190.98,64.6144,68.5554,159.634,289.7288,167.07,163.716,153.159,70.9706,184.844
72,141.795,243.402,176.879,176.01,212.336,54.6118,178.389,232.841,174.118,260.5149,170.362,71.3576,173.103,233.16899999999998,216.815,192.772,14.5941,75.7384,187.706,72.5597,201.272,189.42,177.276,192.809,198.931,217.389,173.355,285.7265,185.127,195.886,159.882,173.763,98.6842,90.3737,270.5428,30.7272,170.177,261.6595,299.6583,169.344,309.6905,76.5807,211.932
73,279.9706,250.67000000000002,171.79,183.498,192.471,71.074,171.08,345.3077,48.6017,253.98399999999998,183.702,77.0378,177.998,326.9798,15.6645,170.936,74.0331,61.5959,289.1615,81.3555,200.488,38.6243,172.341,274.7312,143.057,200.046,172.221,275.28679999999997,184.583,172.859,24.871,1.11874,172.023,45.0449,8.68615,68.9388,175.12,89.6532,172.367,312.4987,295.4973,186.502,179.596
74,267.8247,84.1458,158.761,179.404,12.451,199.346,172.566,208.191,342.0906,279.7824,181.336,54.423,174.111,186.322,195.724,182.696,344.6712,67.1634,158.044,76.9348,178.896,2.68192,175.901,61.614,153.421,185.944,184.374,294.6517,215.106,181.528,304.8629,323.3217,180.148,35.5183,54.4671,60.2807,69.881,228.897,176.333,178.465,304.0949,277.1006,181.765
75,264.8833,296.387,55.4697,187.125,345.7921,290.2477,164.425,46.8621,301.3659,268.3814,191.103,75.0338,164.208,179.552,196.858,190.093,107.739,71.9369,198.701,80.3953,164.759,341.3434,291.55740000000003,91.2057,176.835,315.3297,172.814,309.01120000000003,175.354,205.257,191.84,181.832,179.528,231.131,49.5989,63.1389,58.1097,352.79793,282.218,10.1423,314.1344,68.895,191.715
76,178.228,103.006,196.292,196.607,329.5543,319.9977,168.179,240.289,184.38,280.7913,198.325,62.4673,190.752,204.518,62.0295,168.78,157.332,62.819,173.052,93.3478,74.1197,291.34000000000003,272.3916,118.265,210.256,222.52,227.709,301.8506,186.143,213.126,168.471,326.7025,231.51,27.026,150.727,64.2121,184.19,210.296,295.3336,351.3119,310.8208,70.5962,81.0028
77,301.2876,193.29,176.709,179.055,317.03589999999997,76.506,160.593,57.028,48.1739,258.241,163.189,77.0922,185.146,351.59451,184.81,182.806,105.79,76.5722,248.595,84.5726,93.1362,148.259,208.946,292.8144,172.126,249.872,185.178,282.0962,180.131,188.059,187.886,37.2233,67.9581,34.6751,185.996,20.4569,178.208,38.6504,286.1749,312.1088,296.6096,63.13,190.496
78,84.9029,16.2474,183.864,172.291,349.6051,163.41,169.305,187.492,354.28637,269.7546,359.063345,64.7242,183.198,337.0476,313.9286,195.035,92.2948,75.5259,166.198,91.2553,185.857,172.258,162.583,195.893,174.634,206.151,194.544,286.8115,187.5,173.873,333.5536,179.625,171.064,16.7873,63.0495,40.5342,182.567,14.2952,292.0422,337.0157,274.9338,162.305,191.396
79,70.3125,60.9316,174.289,178.762,343.1303,20.9412,171.13,74.0194,358.39584,277.3085,7.85298,58.0901,180.654,36.3666,185.99,198.168,279.3519,85.785,61.428,85.9596,171.3,52.4257,288.1124,86.2049,296.5648,178.752,172.525,284.3363,290.671,188.632,337.104,51.5676,229.59,341.6054,188.318,61.8855,185.061,26.4422,170.697,335.1656,306.1894,73.8294,160.547
80,186.584,100.341,181.184,186.33,314.8998,207.737,171.711,51.0414,180.305,275.7902,348.1509,72.921,176.94,162.927,201.67,176.065,33.5779,86.4374,192.176,73.6205,163.574,177.949,191.578,164.474,162.674,180.284,175.16,273.6674,258.929,191.017,174.182,149.374,70.0319,29.1623,244.751,47.2185,168.755,160.702,183.274,170.829,297.5641,196.347,185.042
81,199.674,96.6938,196.278,178.221,316.6633,223.01,192.534,63.1636,315.9455,258.577,351.40654,65.1795,163.9,356.77015,345.5824,306.0362,182.825,77.6605,176.673,150.387,174.93,319.1984,189.704,78.6462,160.499,237.30200000000002,197.378,289.0582,277.1948,168.766,6.218,210.464,290.841,55.6513,247.13299999999998,67.6926,186.315,35.3797,190.494,175.024,128.277,83.1449,199.389
82,93.319,184.971,94.5224,172.523,346.9928,191.031,100.169,197.028,9.78117,262.6923,20.3674,66.8946,171.122,253.156,206.115,195.382,216.0,62.9295,177.629,79.2988,182.901,316.422,171.03,163.447,179.273,189.995,178.641,41.3029,245.102,180.003,329.5091,179.456,273.343,32.5112,201.347,30.5823,193.77,358.4848,285.6315,171.853,157.493,196.235,194.82
83,278.17740000000003,267.2198,175.169,143.059,332.0793,284.1617,174.837,180.73,300.4181,292.6633,169.669,77.1707,189.534,218.571,39.5782,195.173,252.126,74.4238,179.619,84.5956,196.415,301.88530000000003,300.9984,288.7238,163.813,174.785,190.98,291.348,267.6799,182.104,341.2811,6.08686,78.6395,55.7949,41.3819,50.5153,167.394,94.9448,269.0468,189.424,287.49469999999997,51.8723,203.446
84,178.667,85.0135,173.781,187.402,70.9626,170.014,180.028,213.603,306.6598,265.4604,248.019,284.7566,174.538,218.923,173.853,162.583,343.0561,60.7535,195.457,57.9195,159.751,321.6828,172.12,289.6275,161.219,221.87,182.768,305.1622,242.42700000000002,178.589,329.8173,203.383,90.1725,309.12080000000003,21.309,70.7108,185.959,230.194,283.7889,153.5,321.2006,292.9868,192.313
85,180.726,192.115,84.4001,189.214,157.713,258.839,177.875,54.46,62.7948,275.0793,270.0077,278.4133,173.805,57.244,179.012,186.715,42.9277,82.3339,196.325,77.7757,188.132,142.629,174.195,46.2448,157.52,178.787,297.5322,268.0017,267.6104,175.138,331.4532,334.6527,186.801,33.9921,315.9615,58.6491,175.926,270.8904,255.94299999999998,155.024,326.9909,79.5314,205.447
86,166.725,261.2192,194.517,176.267,335.0719,263.7317,188.115,27.1723,59.1743,291.4378,225.61,289.5512,170.639,217.118,170.983,165.212,346.6073,85.7155,196.154,70.3839,182.26,189.537,288.4638,61.7121,167.197,203.112,190.106,283.5826,279.0682,186.463,349.9584,6.13133,161.778,345.941,21.979,127.075,174.612,86.6505,196.274,173.897,309.1352,186.579,282.6374
87,169.673,40.7772,178.594,191.371,358.39235,189.847,203.565,213.688,50.5198,281.3474,164.268,269.1,169.847,249.474,301.9415,161.811,209.414,72.6911,161.202,89.1747,175.707,197.938,299.2934,79.8664,182.276,352.63619,189.881,290.907,267.1255,183.079,347.932,45.914,60.3415,224.489,115.343,51.1108,68.0787,38.8267,173.821,294.0784,289.2984,197.19,168.686
88,163.169,348.0063,177.545,175.282,1.14027,172.907,196.623,182.171,55.0605,289.6722,17.1133,259.661,188.261,77.5266,305.1498,187.866,92.1858,76.8864,152.474,50.1549,191.911,205.083,45.0091,83.0193,175.119,344.876,179.168,279.7966,242.986,190.265,178.988,59.6611,150.63,38.7508,267.4962,64.0452,182.629,271.8555,276.9065,322.4097,297.0817,78.8896,170.987
89,149.317,87.1261,89.3907,169.766,155.724,178.819,186.354,340.673,315.6242,273.7122,278.2088,293.2251,183.45,239.82299999999998,18.3288,185.699,91.9977,69.864,173.579,65.657,298.6718,191.192,201.549,76.6596,165.419,183.977,181.78,283.6491,186.157,167.883,305.0703,58.6994,288.2149,59.9798,34.4666,81.1971,168.91,216.002,62.1322,160.806,288.6894,83.1493,160.923
90,235.447,165.795,178.794,182.487,17.636,60.9821,186.885,195.161,47.1423,262.63530000000003,74.1933,262.66020000000003,185.659,71.6584,173.407,174.931,84.9022,78.7977,175.131,68.1465,200.373,184.244,190.837,67.8009,172.114,30.3421,189.847,276.3562,80.8491,175.689,339.3823,58.3735,88.575,86.4936,57.4713,66.9035,86.0082,19.4634,272.24850000000004,205.3,297.422,93.7314,225.69
91,289.2155,40.1576,185.85,172.265,302.062,180.551,176.078,25.8994,45.2411,265.2666,204.869,183.426,154.348,185.476,5.66021,195.032,95.9001,89.9441,174.421,70.1918,181.239,172.944,187.006,178.001,172.555,223.655,187.704,291.3703,65.5149,172.892,175.132,52.6403,98.1582,38.1731,242.769,33.0215,192.887,179.262,281.2573,187.05,324.317,172.44,196.63
92,183.016,149.859,198.761,158.062,24.6782,175.944,189.508,227.291,309.0025,259.18,46.4838,195.686,186.864,193.683,204.284,190.14,101.932,83.7438,180.97,67.5721,191.335,198.618,156.979,160.379,174.891,26.0777,192.174,276.6456,65.544,199.315,174.945,186.226,289.9886,65.0096,70.5383,72.7475,185.078,191.663,291.0159,181.965,312.4441,192.233,184.329
93,199.671,15.399,188.317,158.505,165.656,303.9849,185.764,205.007,340.5963,289.3141,41.9828,184.853,193.617,181.152,352.85301,182.17,105.203,59.8397,193.527,80.6461,167.39,192.255,185.585,160.04,158.339,225.932,204.418,295.2595,58.902,196.617,173.145,357.41252,67.0001,39.4818,36.9724,52.385,298.24490000000003,120.456,175.329,190.127,292.1367,192.539,196.676
94,176.649,308.7293,167.551,170.638,335.7253,196.01,180.894,206.702,327.4762,251.849,106.182,194.712,200.538,57.3485,321.2983,187.713,103.982,96.0051,76.6564,63.256,162.991,203.314,182.956,184.359,162.926,339.3033,167.525,270.7718,72.5952,189.946,342.4307,315.5962,178.344,66.8897,203.771,49.3,298.6863,297.1149,278.8363,205.704,323.1673,205.463,196.837
95,151.735,225.369,175.723,188.452,349.7586,294.31579999999997,171.706,194.787,63.3101,269.8342,47.8614,207.743,185.832,232.993,317.3413,190.102,98.1279,77.4707,169.403,57.5705,196.896,170.851,179.361,74.1909,170.962,52.1636,200.394,286.9466,175.473,187.245,176.966,314.7897,325.1366,201.303,185.046,68.8479,305.4268,290.879,186.339,215.328,310.5675,73.3534,160.576
96,167.684,68.9703,202.141,176.942,188.583,325.4147,201.485,347.3229,41.4596,258.68399999999997,216.434,202.649,168.177,55.6043,338.2414,187.872,119.151,80.0651,194.433,58.3794,170.679,190.478,292.1205,164.448,179.984,195.635,178.887,281.4816,167.106,185.237,184.718,173.774,161.841,72.4175,178.724,45.9098,176.065,211.942,203.491,311.9606,130.092,293.88689999999997,193.165
97,209.449,345.9295,169.048,179.958,355.9726,315.1379,188.521,154.106,195.73,294.0573,33.2616,74.7795,186.264,100.849,193.882,190.029,97.7408,73.1707,194.304,88.081,89.8245,194.42,178.061,150.397,85.2331,190.532,160.485,280.7212,199.812,194.39,36.4824,279.9963,280.6383,225.255,359.889634,40.1464,72.8529,24.7058,262.90049999999997,192.062,141.096,97.6495,72.5855
98,186.44,344.6406,158.574,170.816,48.8664,194.317,170.537,208.529,57.7283,276.5568,27.0599,191.611,189.645,13.3053,320.85360000000003,202.589,103.944,85.5212,150.294,78.5693,286.1442,189.069,190.0,61.0685,174.158,218.817,187.973,306.1433,183.759,178.78,167.647,154.233,187.588,194.341,36.7244,50.6168,66.7059,75.8094,189.364,176.226,121.937,181.702,169.117
99,165.106,46.8048,165.278,188.833,57.695,207.827,167.833,48.996,49.4293,273.6413,92.8649,202.909,203.227,33.4992,345.7844,170.295,92.2774,78.1753,195.666,70.0809,178.354,206.477,198.37,191.044,144.92,17.9132,164.58,297.2954,201.304,153.374,170.147,1.55642,181.073,31.7673,24.6083,45.6874,192.586,69.6031,201.579,322.4547,122.358,288.9557,200.611
100,193.305,266.97929999999997,158.292,188.824,24.0734,202.113,182.084,208.883,17.0791,287.1951,199.199,205.328,182.025,188.772,181.248,286.73199999999997,101.892,83.5117,84.3414,83.0418,159.699,200.26,284.9747,175.77,175.868,159.115,196.431,283.3311,193.965,195.31,339.7987,155.389,190.163,4.95108,230.974,42.7559,181.138,142.694,305.2664,162.188,12.1071,269.0393,275.66200000000003
101,155.538,230.156,183.234,166.633,46.1024,315.139,175.208,156.195,163.951,265.6526,23.9755,206.611,174.073,211.443,2.79383,170.845,99.4054,59.7645,164.962,79.5766,88.4928,194.646,172.968,299.5762,179.8,173.108,185.82,276.5859,247.067,163.557,159.327,266.3741,77.372,194.03,246.45,34.9162,172.375,340.9783,279.3816,16.8848,293.8236,86.4442,199.446
102,168.647,50.4083,190.888,186.164,47.0656,300.1135,174.912,11.8955,48.0797,265.10630000000003,16.7438,195.844,178.109,213.15,189.15,219.189,108.812,85.9677,168.247,78.7717,184.124,188.141,186.876,161.699,168.549,219.556,167.638,288.2138,190.453,171.687,194.829,178.833,272.6279,226.591,72.4099,40.6362,157.575,200.072,175.122,189.384,297.5899,64.5109,196.743
103,171.067,191.975,187.688,162.001,328.6533,204.228,161.455,204.441,28.8094,264.1718,71.399,196.669,183.422,30.0655,185.214,173.786,97.9911,100.469,173.235,98.6194,198.303,177.551,186.981,175.788,168.326,356.75933,184.038,294.5061,186.381,182.565,49.846,153.969,163.285,182.121,206.63,28.2178,170.449,58.7777,295.304,198.905,221.37,64.8637,195.963
104,229.153,179.929,182.417,168.722,214.253,283.8097,146.187,354.43936,13.4205,263.6099,43.0481,183.429,179.587,217.574,161.158,195.172,90.0584,94.8052,177.72,83.4717,195.872,203.461,212.334,189.838,175.019,192.372,196.805,286.08410000000003,170.992,181.343,35.1605,71.2447,170.522,54.8577,84.0898,70.377,98.1458,49.9177,296.0048,10.1901,87.3198,181.203,192.716
105,187.005,212.482,165.349,185.487,30.3001,218.593,88.6607,67.9382,318.5913,275.8703,179.834,187.964,173.059,242.637,190.824,167.934,113.27,96.2263,190.931,51.9532,185.384,203.168,170.935,197.983,168.162,13.0087,188.988,302.3557,194.876,178.802,352.67269,51.7049,181.207,212.324,206.979,67.2805,157.243,15.8134,180.741,7.7061,135.174,75.6719,182.287
106,200.838,212.087,186.035,183.4,214.368,207.858,178.796,40.6785,302.30989999999997,228.715,78.4791,188.612,177.75,5.65554,324.3121,174.569,255.511,87.1905,167.821,93.0886,195.089,190.16,293.113,144.889,175.057,23.8063,189.313,55.829,191.405,171.137,338.38,26.7704,317.7492,8.86969,254.498,37.6167,77.5853,20.2605,287.3265,174.655,141.11,263.1291,166.563
107,177.55,256.31100000000004,196.364,167.4,40.692,294.4667,16.5684,161.158,185.221,204.234,97.2956,166.694,199.504,189.732,192.818,158.206,273.8796,89.5177,212.929,57.5152,172.927,200.176,202.924,53.2801,148.998,348.8163,175.423,298.385,193.936,169.62,161.257,60.0563,161.771,172.276,249.20499999999998,45.7277,167.578,55.3143,186.045,331.783,127.133,71.851,173.351
108,192.478,269.7651,170.803,224.068,47.8395,175.329,173.095,49.1846,329.4671,260.113,206.334,202.793,171.086,193.107,204.672,192.401,284.4066,93.3478,185.717,57.312,160.765,176.062,194.359,163.132,174.88,48.8688,212.595,283.7184,205.975,189.142,327.6829,179.057,78.9911,136.08,39.7709,49.0248,167.945,188.451,288.5281,22.3266,114.436,179.742,278.4413
109,288.89279999999997,20.9673,172.986,184.948,355.62683,175.649,288.7081,183.452,17.5498,268.8141,260.4987,275.4765,181.929,37.1426,335.096,169.264,283.3163,71.4965,175.161,71.4915,186.178,187.049,194.946,209.072,148.148,23.7673,203.885,283.6418,186.299,201.044,345.5055,62.3184,294.2119,137.952,228.932,45.2232,160.086,57.2731,286.1913,212.602,138.942,89.3853,164.482
110,71.7513,293.83230000000003,138.332,170.768,298.6539,88.3497,306.1411,7.94893,47.0077,256.23900000000003,78.5478,295.4565,173.239,223.13,40.2907,153.509,266.6589,72.2426,163.164,70.9448,184.844,182.787,172.264,162.974,184.653,178.729,169.737,236.39,223.149,186.148,22.0888,159.952,93.458,21.5101,58.6988,20.944,166.529,156.662,275.1672,171.212,307.5316,233.463,187.355
111,50.1439,294.6836,193.979,184.946,172.117,84.45,272.05150000000003,60.6086,333.7954,257.531,50.4488,276.0856,178.012,1.32179,358.78292,147.536,280.5052,73.4577,182.345,72.5032,166.913,189.728,98.9803,165.361,155.673,197.087,195.486,150.809,233.288,190.846,4.75677,41.5061,86.9093,200.658,220.179,64.6558,59.1997,45.6272,275.8203,177.935,0.204916,279.8465,194.151
112,78.0447,94.4603,266.178,182.329,331.2744,196.204,168.462,80.7344,179.737,280.3114,1.40331,294.1855,182.523,23.0932,333.7202,280.6342,172.32,64.1979,188.772,70.9103,201.073,189.449,177.279,84.5575,179.427,216.968,170.422,168.98,189.923,183.874,197.651,305.7306,199.737,9.2059,47.6478,149.394,180.829,31.5731,286.4647,184.224,313.9443,278.3454,186.321
113,279.5748,238.29500000000002,179.433,206.13,313.1876,271.3392,263.0071,40.1897,347.8968,215.908,212.124,227.4,189.519,10.4793,331.465,191.296,23.4153,76.0267,181.626,59.5726,174.628,189.548,68.8039,194.307,262.7693,150.219,179.163,233.474,191.892,190.382,352.47708,187.835,213.707,268.1884,186.189,71.9911,171.62,328.5472,38.3013,162.297,320.6447,204.103,286.1049
114,233.69400000000002,136.145,163.761,175.729,26.9637,267.26210000000003,232.81799999999998,54.7346,312.3267,214.122,167.13,179.582,176.584,265.0034,9.14798,155.034,202.807,70.4524,168.7,74.58,170.704,186.533,185.635,93.4147,179.726,161.273,185.161,312.63620000000003,182.551,169.302,62.8006,337.8745,205.03,215.851,287.9979,79.2744,183.374,209.097,288.3581,171.976,107.409,183.615,296.1491
115,174.214,335.5115,239.43200000000002,180.844,153.521,209.319,256.527,42.439,282.37,229.85,281.0517,292.9755,168.994,348.1864,177.559,186.934,74.9675,91.7645,64.2965,64.7415,156.955,190.921,93.3671,308.6823,214.277,358.10777,175.896,290.1219,176.248,203.643,172.213,339.3712,198.177,315.4662,182.619,88.4281,82.7889,40.0907,170.075,165.974,254.993,75.3236,158.032
116,159.978,96.3891,305.6305,197.217,276.3764,173.895,259.992,97.3527,314.6893,237.957,186.272,205.686,187.089,247.25900000000001,175.291,196.03,29.8036,68.4479,186.001,70.2157,151.421,180.524,195.855,154.012,190.941,41.735,179.762,262.64660000000003,203.431,171.37,329.5778,57.0028,76.4335,36.5032,71.7141,45.0323,183.213,195.969,179.245,346.6211,335.2125,306.6658,160.596
117,185.155,281.6123,165.899,192.696,3.0996,266.0657,185.725,2.93568,324.9375,197.508,31.9123,196.566,139.262,29.8823,165.425,197.532,17.6251,106.245,172.092,77.1656,175.068,287.1575,201.5,179.368,173.52,18.5778,176.881,126.258,196.556,187.661,27.883,1.43697,187.305,30.2167,213.337,91.0306,173.537,353.0624,296.6544,329.8695,149.041,152.406,213.958
118,191.491,81.3477,159.85,182.41,168.733,194.505,269.43989999999997,233.281,353.88202,230.623,10.8458,204.155,177.187,40.949,186.303,177.097,231.536,82.7736,203.533,73.0068,185.118,169.164,214.943,177.139,153.561,205.653,190.006,138.334,215.399,212.943,198.989,344.1969,285.6029,196.431,46.4525,254.168,166.943,353.49756,174.286,164.738,272.813,169.396,154.375
119,192.673,243.503,191.156,177.27,163.487,112.17,267.0558,3.2738,336.3303,273.277,72.2169,198.956,193.146,202.4,181.85,177.779,198.313,94.6798,191.66,62.3886,183.507,336.7303,176.974,211.099,159.069,197.687,200.881,150.411,169.519,186.881,187.051,327.8823,315.4148,51.2251,210.747,204.207,194.526,250.442,181.409,326.5831,127.386,312.6911,287.7741
120,70.308,110.37,162.057,178.802,323.5373,75.5999,285.8288,186.451,330.15840000000003,280.7607,221.501,179.986,194.919,11.9305,182.252,175.915,65.3281,93.3746,157.527,46.9812,174.945,26.6573,290.0901,203.404,177.229,176.459,162.708,139.556,189.254,188.84,295.0809,122.1,187.633,28.2042,16.9149,161.013,173.584,55.1774,197.277,189.738,163.355,116.951,173.733
121,80.6487,3.16452,171.157,188.127,354.75847,292.3906,271.5364,2.73984,300.1331,256.135,31.7523,164.156,195.076,251.724,188.546,173.727,51.2719,67.3638,169.416,92.2288,145.134,0.374741,169.786,192.971,171.018,2.04218,172.599,151.666,185.661,241.839,67.0119,299.0055,170.571,75.9014,215.787,237.57299999999998,165.165,99.9173,197.052,322.73810000000003,334.7671,279.91880000000003,197.433
122,276.4261,351.32589,69.141,194.337,330.0365,323.0557,297.5315,17.0926,318.4066,250.926,185.197,111.993,185.336,207.376,13.9934,177.874,76.4584,67.634,85.6875,102.207,274.2709,15.9209,187.445,284.1682,183.348,16.3797,181.517,160.863,194.823,209.533,177.609,199.644,256.748,202.673,58.1613,252.49099999999999,169.44,179.78,178.828,156.533,350.9222,287.6454,185.064
123,79.7159,75.696,161.776,184.959,326.3239,302.7957,290.2137,163.283,298.05060000000003,257.497,241.74200000000002,192.572,178.544,18.813,323.9975,191.124,51.2964,79.5004,77.1328,96.771,174.67,167.357,175.232,47.7801,195.197,28.2966,186.379,119.113,182.77,195.492,159.924,240.559,78.8901,133.568,18.2954,273.6521,184.328,12.7694,207.148,171.476,204.932,52.0253,182.673
124,302.7419,54.6162,180.345,159.516,322.3508,297.8635,166.447,309.3219,340.657,233.985,155.397,187.087,162.795,5.77409,186.34,176.263,49.1827,75.7828,172.953,88.6079,164.818,179.875,166.6,79.4667,183.817,177.443,191.591,143.546,77.5094,194.181,164.521,175.255,77.777,7.54305,56.5623,212.134,171.814,230.644,197.446,180.741,212.774,164.228,189.347
125,275.3154,226.941,187.839,179.649,327.1614,317.1472,264.7847,171.665,344.8336,290.1497,208.538,190.869,173.114,355.58312,178.396,173.648,61.7567,66.5597,175.548,78.109,189.699,172.623,197.237,187.965,192.488,258.721,177.368,216.426,201.93,191.638,63.4867,302.6158,273.72069999999997,34.6965,224.368,68.4162,177.437,110.388,175.061,172.839,56.9623,266.2779,189.107
126,191.192,219.016,185.16,194.049,10.0135,321.7722,262.212,40.8482,216.767,271.9302,356.93916,186.727,183.486,29.1231,321.6884,192.409,79.0411,85.5535,178.542,95.898,165.276,113.997,163.051,164.784,177.699,179.108,177.662,137.357,196.401,206.385,11.8736,233.466,189.063,184.857,175.851,56.2461,82.4375,47.5348,178.847,29.1995,236.076,72.95,176.101
127,196.704,121.84,180.479,183.561,8.99302,305.422,284.147,195.798,186.638,263.1104,24.6734,191.735,196.043,236.289,172.676,170.089,86.0086,57.8217,185.362,62.4054,169.51,186.888,83.1349,51.7497,152.586,12.9515,187.303,158.34,202.296,174.692,350.2018,60.8724,187.113,318.7906,7.65671,208.2,169.871,185.951,167.472,164.35,234.529,289.2461,167.336
128,265.5751,146.51,178.964,196.478,306.3141,304.365,162.972,107.254,21.9242,283.69759999999997,50.0673,195.734,178.478,31.4781,181.725,168.042,57.008,67.729,288.5969,61.22,192.873,301.6498,174.541,80.5709,175.976,225.834,180.983,155.69,182.852,206.417,357.80976,21.7739,173.143,214.011,22.016,260.1008,170.181,217.519,208.885,180.668,264.1266,279.2167,188.129
129,259.203,242.317,174.081,164.153,150.385,298.8036,183.441,351.41222,354.69246,278.4035,95.403,215.281,181.603,230.374,211.052,192.976,42.6108,83.1893,166.727,54.2593,192.833,180.732,175.525,154.077,169.237,200.259,179.396,152.23,201.434,157.987,326.3873,356.74217,138.821,151.378,183.24,216.935,164.193,37.3377,194.284,355.6747,93.1266,154.726,174.11
130,292.2934,164.825,187.99,161.676,78.0311,313.273,191.279,340.2382,323.2268,285.3517,15.3485,79.974,181.437,102.36,1.09442,144.739,267.1561,79.7327,190.909,52.8118,190.438,190.238,165.553,188.639,178.058,174.503,205.436,159.497,177.334,193.018,200.651,167.204,175.22,45.0535,254.764,56.5094,160.13,40.3971,183.46,170.015,266.2352,84.2496,160.128
131,66.7693,9.61703,203.036,184.954,14.4844,288.7892,96.5063,61.8291,328.549,275.3505,324.2275,293.11289999999997,179.203,27.1655,180.161,179.16,191.184,83.6202,182.2,56.9992,203.672,189.681,176.95,167.921,155.423,214.709,74.4329,156.932,173.885,173.069,45.122,320.2113,181.216,9.51955,24.7324,237.45600000000002,167.941,168.144,173.901,18.0362,183.21,77.0354,299.5926
132,259.81,72.6077,177.494,188.255,57.3185,289.6479,81.3262,47.054,325.8815,264.6341,311.301,192.29,184.268,23.4457,328.3231,168.093,199.647,79.8717,166.304,74.6622,174.61,197.995,179.029,176.358,169.675,5.23237,194.161,153.078,195.701,177.319,298.8438,341.4867,174.773,35.7607,207.785,239.042,159.181,189.33,167.173,43.1393,203.358,195.949,189.107
133,194.677,204.435,173.977,181.191,31.9345,307.9133,72.6581,343.142,322.9336,268.1242,135.188,192.328,198.482,233.25,184.01,201.404,254.708,65.127,170.892,48.8268,189.191,197.547,190.23,206.541,165.33,30.773,189.223,153.382,296.8017,170.538,157.925,351.04274,147.368,163.237,234.87900000000002,256.632,184.796,209.83,301.4253,65.6291,157.127,296.4037,172.662
134,186.763,348.3873,173.511,178.594,3.05248,88.5333,212.639,18.0426,42.5754,283.723,181.04,184.73,210.47,38.5098,183.356,217.016,245.195,76.1013,167.648,84.118,178.233,197.724,171.691,187.064,286.6198,197.706,185.733,220.737,295.8155,192.155,27.7439,166.928,269.6216,340.2517,32.8132,227.465,166.695,37.3806,213.605,64.2794,243.997,81.6689,179.173
135,199.396,247.046,190.452,168.919,62.0395,78.7052,49.5824,240.05,295.2375,260.6284,185.471,187.175,207.907,21.1886,23.0744,198.493,253.951,71.5209,169.918,49.8062,190.344,182.825,169.802,187.886,262.8956,217.02,195.973,152.242,342.9917,197.496,337.7457,323.267,168.306,1.88263,242.703,277.3588,167.36,188.662,210.577,171.216,11.0607,78.0454,175.839
136,81.6318,41.8906,179.787,161.329,33.5886,316.126,243.34199999999998,332.7998,317.326,266.4602,69.8941,208.422,209.987,196.811,29.6879,148.639,266.5883,92.6773,172.478,44.5095,169.976,191.778,145.924,191.765,292.3198,194.23,204.492,178.098,302.1841,191.27,322.2146,126.13,188.267,212.972,104.657,235.675,162.973,28.5201,220.518,152.369,163.113,154.566,80.1016
137,171.783,88.0863,199.965,194.161,50.291,304.5908,71.6088,44.3956,316.48969999999997,248.812,232.786,202.763,187.415,217.188,192.826,173.001,249.92000000000002,75.4143,182.574,72.6017,69.4024,189.709,158.326,58.8203,182.861,218.985,192.136,155.389,89.9235,196.197,316.33910000000003,178.835,66.0174,196.831,226.462,262.3503,200.489,82.0488,193.559,343.572,334.7765,274.046,171.014
138,68.9493,183.694,184.683,176.769,43.7315,288.6299,193.862,48.2156,320.0011,256.1,266.6726,302.4364,175.29,227.958,170.794,182.56,264.832,80.5836,199.744,67.9096,194.336,205.924,169.837,173.419,167.411,323.7543,194.539,155.867,181.211,207.078,1.75247,54.8379,68.1604,46.9326,12.906,241.33499999999998,191.678,239.502,293.4376,185.139,281.8229,169.919,297.5268
139,78.0937,324.6401,171.647,170.052,45.6635,290.7274,201.496,194.478,334.4655,272.54089999999997,274.6794,287.9682,180.22,188.644,31.1384,165.595,272.41589999999997,70.4622,184.464,52.0006,167.41,206.308,189.415,165.003,157.557,15.2372,199.925,181.992,196.227,187.571,325.8959,307.7384,78.7083,219.453,205.206,239.111,185.734,212.567,181.01,49.1496,235.191,83.1889,214.108
140,89.3505,202.954,190.815,188.36,49.0897,308.1499,234.995,127.5,354.90403,277.87919999999997,35.8693,210.691,166.543,221.125,346.2744,78.7006,273.3881,67.5944,201.36,70.7512,173.873,181.71,179.611,73.08,155.057,186.855,183.74,136.514,217.393,88.3881,66.8185,22.8864,70.771,218.924,190.559,246.269,185.051,84.1407,184.362,183.807,169.366,82.9511,188.865
141,165.267,72.4944,200.788,163.075,177.698,331.6131,257.464,41.8451,311.9844,277.4885,269.94939999999997,296.0393,174.262,189.629,174.274,166.703,233.19400000000002,78.6502,209.921,65.1659,204.614,201.553,184.039,201.252,165.794,226.039,182.978,311.9702,201.906,84.4176,348.7859,31.7278,90.5,76.6837,59.9772,348.9473,165.728,184.761,151.922,158.81,359.773248,71.0253,154.448
142,275.8265,37.9925,171.492,181.47,211.266,308.4834,72.122,35.6282,160.935,261.629,202.245,358.30853,167.179,309.0672,168.758,190.221,243.35,76.9798,191.223,78.9378,166.495,197.547,172.848,153.425,176.592,23.2133,191.42,267.2068,188.969,177.859,347.0352,325.6592,176.914,13.771,256.674,161.704,200.223,203.311,189.021,297.2949,154.306,69.5986,193.295
143,215.709,69.3993,172.977,197.626,200.135,316.2484,157.666,229.066,24.598,270.93989999999997,254.39,293.6223,191.226,228.062,173.956,154.32,256.712,73.0885,171.964,75.4687,191.012,198.188,190.105,166.888,193.38,338.0408,79.5423,223.687,174.532,175.409,180.724,11.858,291.1074,220.353,240.764,338.1175,158.565,204.859,183.331,282.6968,12.776,65.6946,296.786
144,291.1302,226.08,179.782,189.295,16.1057,321.8445,78.9054,217.946,313.3594,275.3836,57.0171,202.249,158.655,337.5414,143.788,170.492,212.213,66.5387,172.705,64.6118,206.222,193.226,176.912,106.554,202.331,3.44472,179.582,139.895,275.1757,188.874,190.613,175.53,298.6709,28.7053,8.157,198.125,170.472,179.738,167.694,171.021,58.5027,64.4584,69.6321
145,162.242,291.8809,176.984,201.139,323.9369,315.6539,295.7006,216.799,314.7377,272.6808,43.2284,147.715,190.157,243.747,329.327,178.391,258.133,70.182,198.354,60.8409,168.456,193.194,179.456,271.6557,156.298,192.02,183.319,134.358,309.8329,205.647,322.5648,26.1116,278.569,117.064,44.1606,241.799,159.312,236.916,133.335,157.953,351.6898,139.241,69.8074
146,193.138,59.3447,165.206,160.513,334.1268,331.1805,184.446,153.738,48.746,250.501,58.0267,171.481,89.668,218.802,298.4575,177.121,132.49,75.6376,161.598,68.2525,189.414,198.86,183.738,173.676,167.73,340.4579,164.277,247.09300000000002,175.74,177.997,76.8284,320.0857,295.0111,41.0481,220.081,241.188,177.282,270.2111,149.039,141.565,36.4835,286.79,73.0686
147,65.4334,261.07349999999997,172.554,168.727,0.411788,335.8243,256.125,204.107,324.829,257.841,21.1685,93.643,177.006,277.2475,313.4653,145.335,287.29200000000003,88.6438,162.09,90.5261,177.476,200.389,163.36,162.481,177.656,201.949,163.119,164.154,302.6296,204.665,186.612,14.5926,291.6931,44.8179,270.0955,236.298,189.305,57.4607,162.084,166.765,343.6718,94.7727,176.177
148,204.698,35.9828,196.709,185.797,162.644,302.5081,262.6213,211.914,338.9491,282.2345,24.4939,47.4549,172.499,149.823,192.825,181.243,242.078,66.1573,176.949,59.9396,164.843,214.03,188.224,222.648,162.609,29.0073,190.005,154.658,221.229,207.434,127.237,182.85,274.7972,145.697,225.855,232.91899999999998,153.767,48.2946,175.218,171.153,159.425,172.014,162.485
149,157.163,356.90391,190.152,181.462,323.9669,312.4576,77.104,24.3908,285.873,291.9968,94.3751,74.8265,73.6891,204.796,338.5846,180.036,245.29000000000002,77.9306,164.895,85.0213,180.456,185.895,187.979,177.525,169.108,21.2128,176.658,242.209,242.774,190.854,204.538,165.201,172.007,200.752,98.0496,264.8832,176.765,243.358,201.251,179.786,158.635,201.202,169.794
150,160.725,324.2598,184.284,188.066,343.6571,318.1526,94.7925,357.58409,311.6026,254.006,39.3294,161.187,88.0305,199.324,305.9273,191.811,245.79000000000002,78.8171,188.863,72.143,185.795,195.852,166.633,211.394,168.043,230.085,177.069,126.805,189.268,187.32,163.687,168.452,272.8014,243.86,27.8288,59.434,165.796,325.4295,185.894,192.437,61.5222,290.8825,191.565
151,254.007,304.3515,184.066,182.857,328.5834,297.6786,186.728,16.9646,302.67,263.5222,356.03577,171.567,69.2317,54.6931,175.294,185.09,239.735,70.0128,89.2908,38.7476,199.209,176.749,167.811,175.893,187.898,219.402,184.117,280.5037,206.998,194.049,205.063,31.6465,113.261,220.444,48.6834,74.3986,199.957,217.6,163.268,183.101,92.3826,69.459,179.445
152,70.6596,249.739,181.596,170.245,357.85205,198.044,83.131,224.519,20.4162,262.3507,35.6199,166.699,61.7934,5.43061,182.549,194.316,231.227,80.8609,167.41,72.9499,162.499,195.537,173.294,128.83,171.994,198.224,207.405,299.8496,92.3114,193.594,320.2604,312.347,189.219,21.9181,328.0265,64.7998,185.767,260.6605,186.307,183.565,181.521,178.204,205.965
153,154.922,259.257,188.249,176.399,275.7591,175.543,230.836,202.717,171.981,270.26210000000003,208.425,199.137,292.32349999999997,201.168,350.54298,182.133,231.367,55.999,196.675,74.8084,176.468,176.661,182.271,215.823,155.919,216.759,173.684,300.228,64.7218,175.716,184.715,166.543,201.852,129.52,333.5906,60.7188,173.575,10.2364,169.118,191.05,211.473,177.495,200.976
154,185.43,66.8882,210.971,176.048,1.19589,301.1151,277.2257,45.6003,131.164,267.4042,252.954,190.914,282.9228,0.372119,163.568,174.68,54.8562,75.1201,177.847,78.305,190.621,202.331,174.563,202.416,164.875,30.9965,187.389,280.243,145.104,182.926,184.284,309.30899999999997,186.283,191.714,344.9967,61.7585,177.982,241.57299999999998,166.183,173.211,216.942,180.227,83.1202
155,265.9057,12.487,175.818,181.6,37.3993,292.108,293.28589999999997,43.6264,304.3471,264.9208,47.0273,199.257,279.27750000000003,97.7952,324.5308,187.428,68.2748,58.311,161.13,87.2411,171.187,199.331,185.345,164.319,188.262,26.1487,193.907,299.01800000000003,156.261,193.327,346.0552,140.528,145.417,268.372,82.3876,56.3111,185.275,345.6862,185.816,163.087,86.5688,185.378,181.223
156,278.652,303.3111,169.933,174.51,33.6034,304.2942,211.137,6.49372,282.7593,310.0611,30.8074,182.907,288.3017,219.939,178.237,159.23,70.3206,87.4981,70.8543,72.7471,184.583,177.816,178.371,96.6252,193.082,203.034,179.215,290.7099,189.614,189.407,8.33273,199.352,193.201,252.28199999999998,239.36599999999999,255.809,196.293,43.9254,277.6964,134.21,358.1257,192.468,165.244
157,86.235,329.3012,296.83209999999997,178.401,344.085,304.54359999999997,84.9899,241.279,307.3132,270.7415,181.306,208.391,288.2554,65.0339,147.591,179.756,78.3811,76.727,300.344,55.2716,194.522,192.457,180.209,262.2786,271.2706,32.6174,186.47,148.246,192.292,176.03,343.8009,310.1548,92.8884,199.795,225.35,276.9857,172.719,184.903,121.532,183.23,65.6212,77.0249,206.111
158,293.93309999999997,174.479,177.306,171.967,359.100174,319.62080000000003,230.108,68.9283,335.6418,269.4996,224.721,206.271,304.9715,46.3772,23.8624,192.425,74.8057,70.4418,189.253,70.0705,181.702,201.199,189.176,262.3615,161.492,331.1936,188.922,166.579,180.775,184.311,55.0275,20.9054,184.882,49.3328,5.66797,225.005,198.375,182.65,190.316,296.7744,268.8576,173.904,167.411
159,251.279,39.0864,177.887,169.697,332.4612,325.7521,286.7582,60.7122,355.11692,267.5362,251.392,192.308,299.159,2.96846,172.662,165.747,68.4363,75.5878,194.053,57.2855,297.7261,190.476,185.872,146.104,183.959,181.734,176.447,185.448,165.217,182.55,352.67226,5.01905,307.3054,225.742,260.15999999999997,235.05,191.974,40.5639,287.5114,155.588,177.554,166.177,190.399
160,175.573,5.13631,172.029,179.289,47.6352,310.4741,70.5669,299.8607,165.058,267.9133,190.597,123.643,79.4776,230.982,75.4254,199.182,57.9541,61.8415,70.863,78.6903,184.413,195.093,167.197,198.749,167.064,7.52688,194.129,154.632,194.602,205.81,332.3345,172.281,179.57,202.334,334.1567,246.773,173.313,347.929,203.246,154.337,68.7321,161.285,186.459
161,264.8174,326.9842,176.21,174.191,237.25799999999998,303.2873,290.6631,196.536,334.5547,262.7658,118.933,177.715,93.6501,165.857,190.303,174.79,31.0796,96.731,191.488,69.534,183.458,200.137,150.889,206.494,151.885,188.484,172.018,167.732,336.3373,183.967,146.509,215.054,180.155,228.06,243.175,266.8162,73.3847,33.2235,158.172,179.992,92.9605,90.2346,176.349
162,169.494,185.569,192.026,179.904,45.8488,307.95799999999997,73.7492,55.4515,322.9532,272.2185,305.2915,70.9492,100.353,174.028,168.094,290.4791,90.6571,67.7819,278.8402,93.3347,172.601,197.905,162.593,175.436,167.119,359.735436,177.971,234.086,25.3881,186.178,324.14390000000003,308.6915,135.705,240.721,183.361,247.834,168.485,199.699,204.665,179.801,3.7623,193.646,177.638
163,171.06,194.842,183.594,177.449,319.0024,315.4418,218.69,225.412,22.7947,263.4826,310.474,66.3262,93.671,207.638,7.94885,188.941,61.9868,65.0182,188.986,51.505,181.099,186.058,186.059,184.968,187.098,352.61868,196.633,231.975,185.433,167.101,327.2377,167.503,184.649,47.4165,18.4371,45.2689,187.085,51.0159,189.952,181.838,15.8346,205.325,202.497
164,84.5898,247.155,166.037,170.779,330.2308,305.207,244.221,205.354,181.751,270.5484,159.509,44.0044,71.1979,229.996,9.2671,190.722,51.0437,46.2103,196.832,67.8932,207.528,195.094,165.319,77.0335,153.718,247.712,172.861,250.17700000000002,195.572,163.54,176.293,311.7483,198.255,215.474,273.0605,110.072,189.069,40.3789,186.753,177.301,346.5389,190.215,180.913
165,94.9951,101.26,94.8152,176.43,319.4684,299.8463,91.6655,131.87,338.2206,279.2693,78.0206,69.3431,58.4813,29.2225,12.7342,291.1325,48.4963,57.9507,194.243,67.1221,66.2693,170.181,175.752,237.549,158.36,210.506,185.321,156.261,185.957,213.239,299.3299,291.68420000000003,268.1313,123.528,60.1967,35.0883,181.974,188.94,191.414,329.8877,184.627,195.802,181.282
166,55.9409,26.2675,171.89,181.06,35.792,321.9721,242.336,210.566,339.0617,277.5771,171.073,291.5796,65.6839,240.131,312.6179,193.197,52.4575,83.0227,193.206,66.4424,155.626,196.625,166.713,203.651,167.992,30.9005,179.51,236.769,192.335,193.849,218.179,249.612,184.723,28.8623,224.611,268.8449,99.2349,46.7186,181.978,324.2432,185.358,162.275,199.536
167,75.2477,327.7549,261.06100000000004,180.424,317.2764,302.4998,76.0676,17.0279,192.659,270.18399999999997,255.554,61.4737,63.1743,43.1785,339.9761,181.219,59.636,78.6831,184.091,62.9236,83.2188,193.02,164.652,167.774,96.444,359.358663,185.267,238.06799999999998,200.362,84.0107,182.743,184.47,196.586,209.247,246.029,197.071,198.555,302.4882,170.414,170.576,51.3414,257.771,200.353
168,97.042,24.5259,161.75,198.643,15.6966,310.1946,235.714,345.9551,309.8712,270.51279999999997,85.1474,55.021,62.7678,273.1823,17.2991,190.35,35.3429,54.8436,162.769,54.1015,81.2787,189.341,165.836,176.732,148.607,187.962,201.122,149.063,203.603,180.291,174.576,314.7272,179.159,16.3591,96.1674,70.064,79.0029,21.6402,157.713,181.718,151.911,179.916,179.637
169,272.9415,25.2198,187.316,185.778,342.4363,304.5017,216.929,185.695,277.1776,255.874,179.28,54.1862,89.8632,215.065,188.293,198.477,63.8332,64.7241,77.6749,66.731,191.152,201.812,147.932,130.735,171.496,23.7264,79.1706,202.232,165.307,206.858,204.15,308.8832,225.47,70.5862,57.0389,275.2978,185.263,206.432,189.053,193.194,17.9312,197.815,170.811
170,183.668,5.30395,190.231,185.446,315.9746,300.0897,188.959,240.368,334.946,268.521,40.5199,53.1355,67.7467,352.29162,171.556,173.675,64.8371,69.695,288.16200000000003,71.6293,293.4883,192.955,178.774,157.345,190.459,68.2321,198.416,214.356,137.33,177.996,295.6048,155.424,187.959,65.4186,276.7092,185.918,195.285,51.223,176.467,153.13,191.035,177.785,170.749
171,187.16,347.951,167.169,166.125,337.9429,340.247,228.685,34.8646,173.03,281.4108,57.6075,54.9807,69.7962,244.675,212.421,173.73,67.929,73.1344,277.0226,56.1361,198.237,181.559,189.541,329.8393,70.7684,6.31209,178.926,137.864,200.596,190.492,341.5381,348.5796,207.406,226.552,243.43099999999998,65.0295,193.41,56.2569,275.70820000000003,334.2395,67.7067,296.7445,184.343
172,92.9552,31.4911,186.728,181.904,342.718,325.7563,229.294,176.619,308.41700000000003,271.6256,248.219,272.8426,54.7217,199.48,295.1983,210.645,57.1104,74.9758,198.566,77.5868,276.7401,201.261,171.451,187.421,156.689,197.554,190.477,228.894,187.916,209.436,13.6587,201.312,185.778,214.692,46.192,71.5091,177.121,228.405,196.284,156.01,197.299,174.247,183.497
173,290.2981,253.167,148.562,66.2166,338.5371,306.8221,236.767,350.52541,155.522,263.7675,140.842,64.1602,86.1256,42.4962,67.4511,196.468,54.0605,66.7198,178.275,45.8597,183.012,182.999,185.382,161.97,182.482,160.913,173.864,271.7974,175.758,194.487,15.7318,355.79332,158.801,25.7081,205.992,309.4647,193.811,223.941,183.82,185.195,227.767,283.64660000000003,196.762
174,89.5664,326.19100000000003,163.358,167.55,327.59749999999997,333.4721,198.152,145.883,14.7503,264.69849999999997,135.557,50.2101,62.1864,27.2379,349.1156,187.878,59.6477,76.1147,204.622,50.6706,181.826,176.203,190.894,288.8917,186.249,207.647,169.195,159.728,195.111,195.023,15.3592,296.8609,267.1811,43.5042,213.997,242.685,182.179,326.0186,185.751,198.198,28.6069,172.228,164.191
175,81.6717,234.942,170.934,185.17,356.29706,326.4879,296.0644,148.239,335.1402,272.8787,162.105,245.74099999999999,67.035,185.524,320.8502,186.266,67.9148,88.6859,191.585,54.2324,176.567,189.106,202.05,208.952,89.85,189.096,181.672,105.629,184.174,196.298,328.198,266.8712,97.9826,51.1241,16.0281,269.3428,184.492,266.8727,173.071,357.86837,44.0108,113.556,191.814
176,285.8892,110.287,174.768,190.58,3.1481,308.8612,162.846,164.323,346.9699,281.2437,327.9135,263.7857,181.006,53.5742,305.4469,288.8872,76.052,91.4914,215.649,64.6681,96.3104,191.872,169.784,213.686,174.792,199.134,183.763,137.951,178.368,175.288,310.2491,290.7354,103.85,39.887,45.5004,251.23399999999998,184.44,200.888,183.491,350.09695,167.213,171.498,176.667
177,217.924,267.7703,159.038,183.754,316.206,321.3845,275.7866,215.432,30.0558,272.1055,346.7738,246.684,179.297,290.1759,14.0303,179.19,45.8383,58.9215,178.818,58.5359,174.957,193.76,179.067,209.046,189.067,193.001,179.043,144.303,178.074,193.64,328.9211,136.597,165.291,342.0115,266.9941,257.556,187.347,202.992,168.495,324.578,353.20621,82.6376,277.5295
178,176.457,85.7374,190.831,172.645,314.8472,315.4992,183.735,151.854,317.6884,264.6526,153.228,232.85500000000002,189.595,128.714,358.06909,141.606,57.7353,92.5614,300.6304,66.377,192.769,178.229,162.785,135.911,196.959,217.775,188.957,129.491,173.945,196.313,32.5844,161.781,309.2353,41.512,54.0204,72.5305,169.676,178.603,160.23,330.9992,141.537,177.781,160.465
179,170.209,76.195,188.959,177.391,196.921,323.4585,92.9662,36.5274,8.49753,258.756,98.7954,288.33230000000003,132.289,230.332,179.981,177.155,52.2672,95.7479,152.595,63.6099,169.418,182.748,181.489,163.892,210.342,202.189,185.843,145.758,198.214,181.451,193.652,165.443,189.07,26.9701,219.382,46.8433,168.758,8.79107,246.971,177.472,20.8897,167.569,284.6877
180,205.272,276.9851,177.605,182.747,318.1522,318.3532,199.709,171.633,85.365,268.445,158.227,242.679,188.179,69.4238,24.5132,204.557,84.9506,87.021,169.367,75.1928,100.089,194.617,164.222,218.947,93.0033,186.609,184.159,166.525,191.569,184.815,321.8066,201.976,153.453,228.741,8.88631,65.9254,182.391,230.403,287.2421,190.553,43.8892,171.547,161.103
181,290.6642,299.2995,190.546,172.856,34.2753,315.2642,188.869,348.7245,349.9762,274.19169999999997,265.5245,268.2131,195.479,39.3336,320.0853,171.833,87.5334,71.8677,73.4799,63.0124,174.985,189.739,153.198,190.412,164.499,198.169,174.733,150.03,317.95029999999997,178.515,346.5903,142.786,286.0922,239.416,38.4936,95.5407,164.665,159.898,173.175,200.97,174.002,175.424,195.767
182,167.816,111.395,189.838,178.129,44.0348,308.3794,252.466,177.836,39.4704,256.617,248.534,322.77139999999997,172.783,223.946,165.225,193.192,262.9173,65.506,224.95,63.8703,167.554,185.907,180.756,153.424,192.776,193.974,172.704,143.147,103.466,193.135,169.817,43.063,190.619,51.5196,187.044,62.2274,82.9681,303.8585,164.545,181.402,208.488,87.5041,189.75
183,191.921,250.474,181.915,170.584,220.128,298.1155,195.263,151.806,352.425,266.2475,69.4737,58.8255,189.136,39.0256,165.219,175.735,252.67000000000002,83.4133,170.936,51.3543,178.868,182.764,173.993,203.171,180.623,201.526,185.305,169.229,289.6683,175.244,174.237,169.849,159.388,38.7353,54.9162,96.6178,181.647,339.9529,168.197,158.753,306.5066,271.7549,66.9705
184,279.3313,54.7628,166.253,192.207,325.4785,312.1372,76.0171,158.271,332.90840000000003,264.0883,62.3093,47.4166,174.989,242.423,176.938,175.479,283.6174,90.3897,192.207,60.4353,165.027,190.102,184.694,198.376,167.576,166.906,167.318,152.484,210.549,202.424,193.233,191.769,184.639,331.7408,128.533,59.9262,67.5251,197.822,193.619,320.663,25.7376,282.47950000000003,185.887
185,176.964,239.30599999999998,179.256,187.197,14.9186,274.6573,164.481,146.028,321.2429,261.6495,58.3008,258.647,180.105,44.1869,356.96118,188.326,285.5106,292.7183,161.845,51.8555,182.216,197.188,200.599,182.162,174.297,44.7027,206.696,174.999,204.973,94.53,28.212,330.6272,192.409,283.7741,270.202,66.2896,163.707,251.959,189.023,349.6974,212.828,191.79,212.271
186,173.771,245.94799999999998,167.691,190.974,172.254,308.5654,89.6874,210.112,336.8405,279.0887,243.308,31.8083,174.845,343.2547,173.821,177.559,271.9438,299.0052,172.341,48.4314,184.162,186.766,204.891,305.0615,179.182,3.04387,183.384,139.907,179.001,194.545,173.975,295.6943,171.12,177.68,257.661,79.8587,165.158,223.569,139.702,338.9642,178.001,177.711,183.191
187,203.537,19.3192,181.918,173.443,0.0315928,300.4964,159.268,30.2075,164.089,251.374,64.7148,53.6103,172.545,65.8277,350.89444,173.323,245.25400000000002,309.1149,194.19,44.6176,174.099,193.48,167.329,203.029,165.82,172.422,171.783,82.6217,223.427,183.386,354.17206,35.1474,271.8406,214.967,216.488,58.7718,174.52,18.8921,98.671,131.412,74.114,191.424,173.142
188,100.582,277.01779999999997,197.015,181.817,150.512,67.1778,77.372,330.603,309.248,263.6704,177.972,70.6056,189.1,175.187,312.4537,183.38,286.0022,288.7316,177.657,63.8119,180.034,174.649,290.9901,204.203,141.018,181.434,168.189,146.691,198.249,186.432,279.7879,164.704,274.7111,26.5093,353.94322,57.0206,163.78,40.3766,185.962,145.803,348.8543,183.165,170.209
189,151.954,277.65139999999997,177.423,288.5192,334.3676,73.9199,180.054,194.09,327.2076,262.7763,205.961,58.0297,138.01,82.6046,348.6439,192.451,275.1812,299.6044,177.657,68.5362,172.369,182.745,170.749,200.689,163.046,34.1,168.917,227.564,112.009,187.627,174.506,175.027,75.8151,58.3696,57.2709,250.899,192.443,306.4318,201.684,97.7292,208.751,185.792,165.312
190,180.049,304.9953,306.0951,180.521,172.524,98.268,69.8625,166.875,30.7213,256.709,170.161,72.6676,155.823,51.6908,195.126,167.05,249.80200000000002,290.63779999999997,281.6939,75.507,169.291,181.838,182.24,196.632,169.291,203.546,172.603,213.224,156.106,202.763,291.6237,176.321,284.0276,237.507,247.387,258.03,183.835,55.4415,197.339,159.95,246.19,181.586,182.967
191,302.2428,268.2618,199.539,183.893,347.6446,66.5863,275.4558,170.061,64.6999,259.591,181.413,80.2099,183.799,22.6412,12.6055,153.236,262.9258,298.5443,175.473,72.1318,94.2253,192.896,155.403,140.77,163.776,16.9058,180.229,124.341,179.356,193.525,185.772,205.611,55.188,185.32,112.763,255.389,181.237,173.329,161.482,177.393,155.925,294.6344,165.549
192,284.1502,81.0826,182.176,183.164,318.3736,68.2571,239.37900000000002,161.245,24.1191,273.9373,9.91717,62.3697,197.488,83.0898,15.1235,196.341,244.087,90.0839,176.163,63.8538,303.1576,192.848,176.307,67.6237,181.174,201.565,188.446,157.868,182.242,172.861,182.126,33.9173,58.363,355.04934,238.409,70.7123,194.523,171.017,182.613,158.462,321.3191,158.071,164.539
193,172.609,75.1989,182.838,179.589,172.873,109.302,299.5444,348.746,126.823,71.8989,348.3006,67.1775,167.099,253.664,353.51149,169.062,72.8504,76.26,165.215,79.0265,165.11,175.278,195.544,153.085,194.044,232.289,172.274,164.588,195.47,99.3049,206.1,31.336,188.752,210.871,18.0776,203.696,297.2618,215.659,186.526,150.952,66.1869,162.403,194.748
194,290.4756,237.28,175.414,189.555,134.277,67.6261,265.5608,6.822,0.912414,266.3203,340.1408,62.1283,180.837,24.0417,176.163,196.295,60.168,66.6843,192.858,74.8532,308.1348,329.6249,174.83,163.903,164.544,168.201,174.106,175.825,198.397,193.167,6.18904,176.443,162.837,223.532,2.72149,170.336,185.108,142.258,184.727,156.618,15.3378,275.8848,189.919
195,198.884,263.1898,307.8838,201.396,45.2021,93.3345,283.223,159.885,333.9816,253.184,203.688,74.3086,176.884,318.1355,356.94336,162.555,74.8626,75.7425,188.758,58.9642,187.173,194.234,166.022,176.16,170.536,181.979,193.106,142.225,198.952,195.837,327.0004,336.416,62.1987,212.841,192.636,253.132,179.048,189.889,183.554,157.205,341.8743,173.189,194.068
196,298.8705,284.3773,210.227,171.335,47.5733,97.5779,186.33,52.4152,19.5914,276.6452,92.2688,47.9654,195.159,29.9254,174.176,169.753,269.2956,86.3327,177.795,62.9324,184.98,188.128,267.57439999999997,164.518,164.809,200.865,193.035,161.362,206.567,192.363,168.743,150.253,61.762,215.872,37.4443,68.3323,179.167,330.4165,292.3467,325.8826,161.034,204.922,182.06
197,183.575,284.2167,174.664,175.008,199.41,75.4988,292.1885,30.8293,345.8447,260.0833,262.2362,38.7675,178.949,175.766,206.518,196.403,263.2772,89.4718,147.778,54.7233,178.703,211.27,169.288,191.063,180.454,213.095,187.486,144.096,190.923,213.178,6.78222,47.3897,79.0951,20.0654,279.2085,96.4724,180.943,10.7356,186.602,55.2909,175.031,191.502,176.548
198,88.1797,62.9291,200.232,175.025,12.3849,102.25,292.4715,0.543365,298.3543,273.3709,17.0812,76.9694,186.704,16.6793,357.15832,189.471,119.799,89.3366,196.754,54.9363,205.58,184.512,181.801,70.0468,176.632,191.206,199.884,140.408,193.323,188.426,338.6165,86.8855,79.5942,1.21207,276.074,56.8473,100.348,74.3021,177.975,6.15013,23.1958,45.9604,203.463
199,184.615,71.7434,168.242,164.992,18.4405,83.9222,294.0155,165.63,297.0953,259.972,212.525,92.5664,182.514,20.9901,322.94010000000003,211.762,138.642,77.9759,176.428,70.6259,170.804,171.83,183.48,183.636,171.522,207.972,190.298,150.831,230.964,178.723,340.0835,184.638,71.312,355.84212,52.1571,41.0782,187.951,201.964,197.89,332.2433,263.3917,184.083,176.35
200,176.593,102.519,208.771,170.63,314.2748,78.4786,275.593,35.5679,327.59159999999997,259.644,175.173,86.3517,210.844,210.056,347.3301,168.007,316.5936,91.7401,198.629,56.1708,173.027,200.527,171.435,176.112,189.8,185.787,168.36,138.57,304.5611,182.101,321.3686,190.093,57.3544,250.18,178.508,32.95,191.743,340.3687,162.423,197.833,209.325,66.1748,185.987
201,108.557,226.742,184.051,174.02,311.4096,63.3573,296.7423,358.76457,315.44259999999997,276.2991,200.221,62.8465,171.339,243.55,181.922,198.169,88.4576,73.6568,289.0794,79.4848,290.9361,300.2317,186.735,171.213,186.483,37.7376,180.032,118.745,212.275,186.999,173.444,327.5232,64.9036,53.1892,182.133,43.3054,160.567,37.1648,157.246,210.588,32.5385,170.957,167.425
202,244.436,59.123,185.311,159.606,327.531,65.4238,300.3849,166.751,325.96,266.1151,34.0954,71.5992,165.256,218.743,190.093,209.896,90.7545,87.6369,172.182,79.9174,189.388,338.2058,173.518,185.681,130.683,13.3248,160.251,283.6489,131.082,217.183,7.35946,45.6685,207.328,32.8064,256.656,264.3193,181.252,200.292,283.4113,179.985,15.997,180.391,182.111
203,159.628,87.9519,173.312,177.898,336.7698,222.405,287.0653,345.4985,333.4166,250.805,350.22956,72.1749,162.571,42.4809,161.966,199.524,78.7625,84.8755,233.934,95.0653,178.369,5.73923,174.47,186.031,163.958,178.53,198.668,283.12170000000003,198.769,182.014,331.8125,48.3932,294.0568,66.8581,265.8277,73.1991,185.689,192.235,173.785,198.991,10.8646,118.908,160.547
204,68.6994,76.4926,202.573,168.61,308.0246,172.728,266.127,150.031,336.0614,255.487,355.21751,73.775,166.578,4.55001,49.706,195.418,252.482,65.3829,164.201,62.3082,191.241,323.9775,215.267,295.7916,186.489,25.5689,195.789,293.5766,189.246,233.03300000000002,199.348,183.522,287.7335,335.7363,243.02100000000002,33.6813,159.204,73.2811,171.122,152.614,279.7113,152.69,180.673
205,194.151,135.914,176.061,164.184,321.45640000000003,189.548,182.851,214.385,33.1531,277.1706,354.42734,92.297,188.274,55.7,178.414,166.268,347.1847,81.8093,170.755,84.5031,168.156,30.5808,181.652,170.738,170.574,27.32,201.571,298.7992,194.346,179.026,343.1349,179.39,207.213,210.872,179.318,247.776,179.768,208.108,170.87,347.0778,23.0488,175.018,191.081
206,185.132,261.6859,169.043,201.906,145.092,170.977,153.297,339.0755,335.6473,282.27930000000003,346.0058,91.97,183.001,48.3669,175.076,186.893,22.3243,87.2965,184.805,94.0944,176.842,190.628,171.752,151.335,159.8,198.526,185.31,298.7687,189.807,185.498,29.3059,58.6034,207.36,59.3171,74.7212,269.3057,151.853,2.19179,176.73,184.667,189.455,223.757,177.886
207,270.9911,196.018,198.256,187.824,204.752,152.645,178.184,177.951,340.3462,249.256,345.7104,65.9799,188.421,61.9626,16.8966,184.463,31.3799,69.3158,151.365,60.7775,181.768,189.47,206.655,191.979,167.884,208.606,185.882,285.34159999999997,231.783,200.098,161.047,189.906,185.354,49.3438,214.744,243.82299999999998,181.383,15.4002,196.076,189.59,182.109,271.42740000000003,172.685
208,103.854,216.236,163.403,181.11,214.916,74.0577,179.687,186.044,346.8819,263.1936,25.7158,78.3669,188.039,185.247,321.8457,170.256,241.46800000000002,81.7103,229.0,68.4326,159.581,314.9202,181.939,72.1707,179.391,197.324,186.477,295.0818,62.6697,204.224,195.816,85.7988,319.22090000000003,230.138,74.5111,260.6255,166.301,7.19914,193.784,187.853,103.592,177.648,174.09
209,169.519,264.4269,291.3938,168.744,0.543475,209.765,244.511,0.402062,331.6788,264.7516,343.8706,68.2632,176.701,15.1551,8.42016,160.937,212.921,49.795,170.804,67.8103,172.106,37.0323,159.233,156.77,161.065,2.16043,168.713,293.7875,154.88,90.59,186.857,31.9429,160.726,228.071,32.0937,241.436,173.988,57.4422,175.479,183.529,183.954,170.298,214.073
210,163.002,47.5071,169.644,184.983,191.577,200.515,199.625,141.282,306.7605,250.436,170.536,49.5494,181.621,42.5544,354.08201,170.963,355.42225,76.0544,203.034,68.1913,174.849,348.1254,172.462,166.517,150.029,11.2696,171.087,288.0866,73.9029,78.7336,189.425,41.6349,181.138,62.6583,284.2508,266.91110000000003,164.996,181.666,172.735,173.858,170.509,68.9908,165.853
211,177.706,319.6351,193.031,181.019,209.714,309.714,98.092,149.68,358.17466,270.58209999999997,183.085,69.9857,186.629,236.71699999999998,164.525,183.386,85.4836,74.8641,175.248,42.3885,202.506,110.815,182.322,314.7261,146.84,82.8997,151.085,283.24469999999997,186.008,194.089,175.634,344.673,90.0167,215.163,64.5255,238.025,187.666,12.6584,182.683,180.762,163.063,46.7227,166.562
212,93.5091,273.48810000000003,193.027,172.696,44.6233,90.0303,99.0877,348.7046,327.8449,264.4271,180.318,83.693,189.556,66.4458,19.5576,203.002,84.7446,95.2251,162.023,59.1959,201.971,152.211,174.177,162.325,164.86,29.9598,176.506,291.772,171.091,185.637,172.304,80.0179,103.592,317.1201,207.279,238.953,154.985,171.803,163.207,154.964,34.9258,162.254,194.185
213,158.286,56.1142,203.238,181.594,7.27848,299.3055,257.399,198.556,304.5894,274.82550000000003,172.062,81.0949,165.967,33.9197,170.623,198.617,279.039,81.3315,160.19,61.1408,183.023,203.846,196.142,93.4112,159.158,189.484,178.66,292.3279,302.4261,200.469,27.2583,68.7583,176.169,196.144,69.3243,249.926,158.192,21.3424,187.102,322.4088,288.758,77.0417,198.059
214,77.4031,99.3622,234.63299999999998,184.121,24.5251,165.507,234.159,173.585,310.3519,260.933,167.391,66.1751,181.889,218.849,200.53,194.043,264.5973,45.3208,176.889,74.1975,182.791,169.052,192.426,158.667,149.824,26.5392,189.876,294.2039,295.0801,209.237,182.86,92.7011,280.9103,33.083,256.367,256.453,181.392,189.692,188.029,321.8817,210.267,284.1761,180.559
215,168.117,117.248,188.761,172.426,51.6207,169.318,78.2775,167.152,157.089,253.3,166.285,72.5814,187.156,238.75,184.018,189.498,286.9473,72.3148,162.687,77.6159,194.837,66.2511,195.857,149.655,168.544,15.27,197.279,288.6182,181.496,184.004,196.475,41.469,81.5022,160.528,266.4654,204.801,179.265,281.97860000000003,181.26,172.576,160.409,223.448,161.455
216,174.983,307.5631,184.113,191.452,260.0459,179.74,74.7802,228.121,158.68,253.284,167.818,74.4377,186.189,19.3662,325.3731,198.446,249.398,80.4133,195.275,84.1702,177.362,28.3978,291.68989999999997,171.477,149.483,338.7734,179.402,291.3584,194.645,182.777,337.5855,47.5359,124.038,214.715,144.643,264.5871,169.439,35.8842,276.3829,142.878,168.843,276.2288,170.209
217,182.94,78.5625,72.1397,165.034,13.2892,152.687,74.731,156.061,335.668,287.6862,194.497,68.0873,164.078,7.08122,54.2529,192.652,268.6749,67.9255,170.166,62.2367,178.325,159.829,159.41,184.726,166.309,80.9381,191.903,289.4656,207.392,198.766,304.2258,330.4854,207.725,222.24,249.43099999999998,255.87099999999998,181.763,218.925,189.607,171.539,170.991,275.7182,86.7541
218,173.712,101.558,175.418,169.917,40.7329,157.756,72.1524,343.9846,339.0293,240.287,179.159,87.5979,174.253,285.9361,162.845,178.452,2.76684,70.3995,55.3912,86.7692,177.558,133.79,185.243,186.901,164.086,2.13606,194.224,292.9661,192.606,162.947,323.7894,70.918,194.648,222.837,68.7966,349.0644,188.7,169.691,212.784,167.564,36.9496,280.93989999999997,175.812
219,284.9869,84.5988,158.967,196.89,289.5493,39.9097,68.9261,131.874,55.7387,244.47899999999998,212.941,63.0712,175.174,296.7829,168.035,161.158,21.4869,67.6337,204.566,56.0954,193.167,14.3293,159.465,152.599,186.05,193.959,181.955,305.6478,188.452,173.955,41.8604,40.141,216.778,238.875,234.93200000000002,276.8819,166.989,76.1047,176.327,168.144,225.053,298.5463,182.685
220,273.0117,246.57,186.648,188.13,270.6564,66.05,175.953,141.829,162.619,242.75900000000001,167.219,66.6218,176.768,232.10899999999998,168.555,198.747,358.56239,67.2196,255.285,70.0299,192.408,192.664,168.72,142.727,165.715,206.988,180.175,290.8428,199.854,203.379,350.05624,177.866,78.8088,60.974,38.1024,248.926,185.219,218.08,194.961,207.157,351.85853,281.5738,187.455
221,97.9434,229.257,159.818,174.876,337.3318,260.4398,189.161,310.3489,61.0462,262.7242,161.443,63.2248,175.796,265.6696,171.115,179.974,23.558,50.4667,189.015,66.0609,179.967,177.59,181.47,64.0724,171.361,194.752,201.674,283.7271,181.298,189.191,157.459,291.37080000000003,281.7661,95.6852,299.5557,28.978,193.406,226.104,183.79,62.3733,297.6419,88.0598,162.74
222,66.1397,311.9237,214.405,176.809,40.7173,200.297,100.643,60.0147,180.152,262.8648,195.291,68.3358,197.23,287.4039,201.094,204.32,340.1689,72.2057,165.197,75.1782,170.983,178.377,182.96,179.737,149.549,192.509,184.536,272.7543,211.01,190.722,199.123,162.493,199.354,187.916,320.60540000000003,75.6185,179.49,212.017,179.679,318.8551,261.2883,62.5265,188.453
223,181.38,311.5177,168.602,177.454,189.982,207.699,88.4235,338.7645,341.7199,281.7799,187.245,57.6048,180.488,48.445,173.924,184.762,269.2464,87.8771,182.911,70.9843,169.018,185.494,183.094,172.071,179.243,198.778,188.57,301.0308,310.1918,64.0882,71.2808,331.0018,178.857,193.216,341.6668,74.9509,159.927,119.172,171.845,316.176,17.079,168.666,190.09
224,182.572,89.1931,174.398,170.343,349.5848,205.565,102.622,249.958,177.069,281.7924,194.921,71.1262,180.565,3.4763,184.117,164.747,249.035,89.363,289.13710000000003,66.7816,193.723,186.486,170.951,203.593,136.763,213.282,182.639,295.8886,33.9982,89.3406,183.735,153.17,173.341,20.773,197.739,58.2671,152.615,257.702,185.316,160.082,182.343,255.333,193.9
225,210.292,269.5791,190.515,179.924,320.6346,211.015,104.27,330.2876,3.52603,253.05700000000002,228.675,77.702,165.906,191.138,190.538,156.52,188.609,74.6517,161.424,73.1604,223.971,203.744,178.57,170.901,167.842,174.309,198.296,295.7952,79.1257,70.1575,171.341,163.88,236.06,288.4877,79.3069,262.5706,178.443,38.1319,201.127,319.1567,207.463,198.317,175.318
226,186.049,294.4255,54.4009,186.576,323.7239,256.767,74.4364,345.07,331.3521,269.5749,152.017,64.5512,181.295,194.739,178.191,160.372,280.2569,75.0361,167.629,38.842,164.22,187.87,178.158,151.454,182.544,202.981,194.852,287.01890000000003,212.52,56.9924,352.16901,328.3127,64.6501,34.3855,94.8107,51.9591,73.9322,147.774,291.378,359.398407,7.26547,263.13710000000003,200.744
227,83.6647,257.478,180.348,180.753,316.3481,265.5549,290.3029,343.3275,347.5329,283.0408,186.607,67.6086,159.343,189.887,178.626,176.867,293.1808,77.5116,179.117,58.5077,192.667,190.318,287.1044,172.561,160.936,213.416,189.435,304.4107,149.673,90.9794,165.816,325.4997,204.55,85.2694,97.0328,54.4966,169.916,45.891,293.6596,330.139,26.877,53.5445,191.413
228,163.417,36.9066,174.255,181.086,42.0528,251.397,74.4336,35.4039,185.484,282.7891,180.311,63.7678,176.084,232.41,174.526,220.569,270.5305,65.5011,186.95,49.0717,204.562,206.439,187.013,180.272,172.218,355.89122,172.978,302.01030000000003,176.722,131.281,186.841,186.778,265.2107,148.49,73.9788,94.6066,180.229,58.1152,276.0721,24.9323,172.708,315.15319999999997,179.238
229,299.3243,57.5165,175.88,166.307,323.8578,236.38,177.358,351.19103,318.95799999999997,255.20600000000002,176.692,82.0713,173.777,12.8646,150.977,186.604,261.4882,75.9924,182.106,43.6542,188.4,205.102,175.878,160.773,157.76,189.404,181.327,290.634,58.2905,45.867,347.214,290.488,215.019,329.4269,204.302,85.3579,175.984,78.081,278.8492,281.9747,193.715,64.2193,195.282
230,198.081,284.8821,73.5959,166.231,132.692,156.784,169.366,34.8937,311.0191,265.332,175.055,67.7452,181.193,142.691,168.242,178.348,279.4258,73.9205,170.557,42.6837,186.692,196.551,186.931,77.3948,62.6345,210.497,295.3855,292.2195,79.6783,89.2229,146.043,59.2413,231.483,320.979,215.875,77.8171,167.684,6.30488,271.3084,324.2509,179.845,265.7926,176.65
231,63.817,86.918,201.504,171.133,150.235,274.1266,163.058,161.487,300.9977,250.336,191.195,76.2208,175.829,179.582,161.583,177.821,271.0771,55.7052,188.08,65.4034,172.341,182.797,284.0528,179.966,178.94,175.164,195.178,304.3476,199.803,96.5159,39.7352,166.906,292.3217,141.04,243.946,53.2147,150.146,201.158,279.6203,281.047,113.341,69.8843,188.279
232,229.783,71.6333,174.162,163.247,2.85743,204.066,167.155,354.2479,309.2609,272.0876,184.401,56.4891,177.757,220.917,171.142,187.942,267.1539,96.945,169.163,42.995,177.571,204.594,195.056,284.1476,173.063,198.681,192.259,308.0804,169.975,182.741,177.25,74.827,316.9362,241.79500000000002,5.00747,51.0363,151.73,52.8161,177.402,7.40962,181.219,251.356,194.115
233,179.731,256.15999999999997,174.891,186.663,187.598,85.774,183.928,358.50895,315.4997,262.6159,224.321,72.2774,187.19,23.5497,182.517,189.37,302.0171,83.3803,171.56,62.4596,191.621,195.412,207.533,171.169,173.138,55.1226,171.904,287.3138,256.601,181.236,176.083,170.925,287.7905,151.818,53.1581,31.7017,184.163,215.373,189.904,330.5064,51.1698,70.8792,207.194
234,160.935,42.3992,302.8243,186.432,237.409,109.924,177.881,220.156,321.687,273.4681,190.584,80.7064,169.84,14.8471,166.025,180.478,276.9973,72.6033,149.628,56.7837,174.491,185.906,177.903,293.31579999999997,188.41,194.365,193.854,303.3312,207.977,180.307,174.697,0.595275,300.6356,48.9638,250.31799999999998,77.1387,182.086,356.45083,177.401,24.6802,243.47899999999998,84.8163,198.721
235,191.291,161.935,202.747,198.282,47.4728,201.785,171.667,205.135,316.9756,276.08910000000003,197.436,58.6878,171.119,236.303,182.895,218.33,272.4723,75.8652,146.341,48.8951,184.049,187.212,166.175,171.641,164.35,198.214,184.342,301.764,201.385,281.3426,293.752,286.5939,313.9217,111.202,195.344,71.6319,175.074,33.0806,185.872,156.698,343.278,173.046,170.416
236,78.4422,263.0077,191.936,187.791,25.3771,211.821,197.207,344.207,314.9236,286.3922,166.101,73.3822,187.567,188.362,353.27996,168.646,283.1388,105.326,160.082,47.8284,200.559,160.8,287.1942,300.7198,132.64,212.28,176.758,291.0002,179.497,289.7444,355.57485,32.7982,169.172,165.863,91.8229,62.1334,186.657,72.8856,186.352,34.6989,182.435,61.2914,200.189
237,187.475,57.5994,170.4,178.9,32.2902,171.841,170.015,335.6734,196.386,263.2343,172.484,65.1732,184.084,168.694,318.5099,174.433,281.5354,70.2106,149.992,71.2357,194.534,43.4849,181.57,188.68,157.099,214.56,192.024,286.1734,74.6794,286.5539,168.91,292.801,69.994,260.1979,218.77,57.0117,180.485,240.753,144.836,325.3996,182.238,62.8146,195.048
238,287.92539999999997,97.6013,173.828,184.52,49.4751,171.805,181.617,35.1917,331.3116,266.9468,190.775,87.7604,206.562,220.331,167.533,188.03,266.55219999999997,73.7689,156.381,61.8083,205.667,311.7463,186.039,183.714,176.535,191.254,157.907,295.455,184.627,197.233,310.6321,55.462,275.9157,160.349,15.1363,86.6745,184.839,36.6306,171.41,16.702,218.842,303.2598,176.505
239,270.26099999999997,21.2406,188.586,182.414,35.352,182.949,160.47,42.7895,190.437,271.45910000000003,183.024,65.8431,177.345,82.8681,317.0995,158.637,255.011,78.7123,189.622,64.5594,178.355,57.1528,186.533,190.256,183.039,230.186,191.963,283.2871,211.094,182.649,25.4825,164.253,203.064,262.7376,175.267,84.3243,181.506,36.5778,172.969,160.447,69.9289,180.101,189.198
240,169.765,264.9302,188.75,206.861,51.817,163.12,182.299,194.537,330.3903,276.8458,148.161,93.9487,179.198,17.1534,147.882,296.0123,285.9268,75.4011,186.149,48.5625,168.249,182.532,173.985,300.457,153.135,200.56,195.879,291.615,189.249,171.939,176.821,66.4249,201.23,129.76,198.779,71.9555,190.211,41.2823,190.393,181.561,170.196,187.682,177.724
241,174.424,334.035,187.367,192.412,38.2823,184.379,160.24,138.906,309.6844,270.8609,41.0795,67.0892,184.009,304.2351,300.761,170.689,268.9264,66.0223,184.71,58.7714,174.325,330.012,71.8803,58.0308,156.585,195.41,174.972,290.9037,166.203,154.959,345.2061,170.553,209.81,353.6758,180.255,89.7077,201.963,14.3904,179.351,330.35450000000003,76.7615,297.3458,192.489
242,198.958,311.185,190.522,181.82,356.85099,182.14,157.217,150.096,319.5965,258.66200000000003,351.44798,60.3478,188.979,11.2337,40.8712,195.455,261.5694,71.2883,188.636,66.7393,168.233,176.887,174.017,50.7733,174.568,21.272,185.545,300.2764,213.044,183.03,51.5101,168.78,92.9601,307.9947,218.653,201.233,176.23,208.362,162.907,177.147,219.193,219.423,177.984
243,163.749,340.427,191.225,176.338,57.5399,205.576,151.006,205.455,176.547,264.1601,165.279,83.2611,186.185,198.452,173.342,188.062,253.164,107.385,182.244,65.2666,156.728,170.843,179.895,284.6558,168.187,354.44832,180.194,287.13,193.56,194.89,45.929,64.3238,80.34,349.4288,189.322,94.319,175.77,192.313,192.926,194.118,93.512,294.4864,193.704
244,176.636,110.409,280.7959,181.029,45.1802,66.514,171.566,208.124,37.5066,273.0442,177.358,63.2617,187.4,153.962,220.778,190.707,275.9429,67.9692,192.833,54.3469,177.752,66.5003,177.431,60.4241,173.352,212.115,198.815,300.7711,141.453,195.456,154.942,68.3732,222.867,2.08611,58.9501,63.9883,172.328,147.55,297.205,317.7279,185.431,78.5218,184.267
245,169.778,327.9675,284.7896,198.214,45.177,177.002,182.205,234.358,59.2635,253.451,2.88738,64.9659,189.026,280.9422,174.335,185.69,262.7996,75.6075,179.648,54.4009,177.172,169.554,195.044,190.455,175.845,15.3649,179.623,303.7119,173.415,206.85,345.8788,86.8424,244.517,224.208,204.302,63.9905,184.621,63.9109,185.872,287.4624,207.157,290.3283,170.209
246,187.333,116.041,185.218,181.199,46.3513,160.163,177.036,161.069,160.571,291.1179,4.58476,75.2986,170.889,128.589,169.127,179.758,272.0736,61.6315,178.558,71.3837,138.862,55.8701,180.212,168.569,60.5981,193.594,195.29,279.6194,191.886,181.508,181.093,304.6981,202.695,172.033,61.6861,86.0219,173.234,72.7283,288.4289,194.116,65.405,293.979,177.994
247,196.374,261.443,176.629,280.0941,351.02143,183.961,183.015,212.098,325.1839,276.5127,175.991,56.159,180.363,263.9067,326.852,191.014,253.401,67.7699,159.943,62.7523,181.297,15.8645,74.42,72.0905,70.4076,24.2443,178.753,287.4388,258.255,164.093,17.968,62.0293,280.62739999999997,205.822,338.0154,212.137,185.509,234.372,267.7976,166.562,182.08,158.12,193.215
248,265.2973,79.4523,186.57,185.822,51.8544,87.3228,158.45,154.811,29.3451,264.07460000000003,269.80060000000003,66.6036,190.404,160.237,185.053,181.617,278.69,76.0029,134.938,70.8773,141.124,175.769,194.124,180.71,171.538,181.042,175.7,283.332,207.124,195.381,337.085,182.556,192.139,230.63,38.6278,252.69400000000002,71.7662,225.273,129.449,230.068,204.124,66.5448,178.075
249,213.084,260.16859999999997,200.417,170.511,316.3248,71.7479,175.538,152.453,335.1486,269.0974,306.1601,61.4678,188.504,16.5765,192.114,181.962,286.87760000000003,67.679,170.441,69.5143,182.28,189.323,186.011,58.9989,147.12,191.851,177.046,297.1757,208.187,183.2,150.908,202.812,80.04,0.897661,80.1405,26.7606,189.124,322.9556,175.48,348.7007,274.6903,77.4904,201.495
250,175.241,105.574,157.039,177.634,38.3577,196.36,158.337,242.333,320.6953,264.78430000000003,282.1517,79.2239,177.802,204.254,61.313,174.838,253.852,72.0977,187.504,97.2929,184.825,346.006,168.891,81.483,173.618,352.27206,66.6871,307.5864,91.9247,183.437,180.603,319.1571,107.073,277.1782,9.50359,229.688,180.823,234.90800000000002,175.788,17.6093,241.041,327.9078,181.789
251,301.1836,266.3417,166.207,155.994,35.7544,172.757,208.061,351.85547,35.3091,252.702,274.9128,89.797,172.683,143.474,204.959,180.442,261.1648,62.3608,186.422,63.896,223.618,215.069,167.558,67.4088,149.579,5.30319,177.906,310.1546,185.306,188.261,198.562,20.1121,92.1997,35.3087,52.6471,238.94799999999998,171.794,29.9883,199.132,174.314,189.175,93.3946,155.66
252,69.6883,258.821,176.012,188.75,22.786,189.036,188.06,179.747,314.0261,262.573,287.6133,45.1356,187.806,312.21500000000003,33.006,190.276,270.5795,71.1605,173.457,75.5383,174.43,46.2733,191.535,260.66769999999997,206.924,199.587,183.572,299.271,195.566,147.639,194.958,198.279,82.0961,32.9647,68.8994,215.747,188.107,28.1893,170.747,140.581,11.3527,296.2149,187.914
253,192.879,284.9378,169.743,182.27,45.1936,183.008,173.946,241.8,338.4157,274.85339999999997,278.8214,30.7194,172.898,36.1283,50.4547,172.47,260.3288,63.7629,192.789,94.1401,186.992,16.6931,292.0125,84.0225,170.234,204.585,194.851,282.4577,263.0265,169.063,166.469,193.626,75.8883,35.2545,213.551,256.049,177.295,345.4255,177.886,184.494,1.17316,63.7673,169.079
254,193.489,156.027,183.725,175.343,56.2021,198.155,129.262,219.369,10.5372,251.999,281.7681,60.576,165.466,339.4241,201.057,177.32,224.426,67.1133,180.037,72.6264,181.438,156.292,174.072,89.192,157.342,12.7746,57.5954,299.9397,172.926,189.521,356.61781,258.101,101.89,41.0286,220.53,220.272,157.208,49.6431,144.476,330.4454,63.8491,84.3479,194.497
255,68.6502,18.6782,188.26,171.783,16.64,193.32,178.023,147.47,323.0629,256.525,290.1857,66.04,168.309,246.166,191.282,179.91,358.92893,68.8675,214.035,53.7668,185.478,192.46,271.3084,154.618,200.258,15.2978,187.374,263.7036,185.658,189.093,176.4,10.358,74.7131,343.6553,63.4886,61.0538,162.638,41.7818,170.659,275.63779999999997,206.497,299.4956,169.143
256,73.9671,17.5011,175.033,182.142,50.1736,71.7727,168.769,222.167,314.7954,266.637,172.227,70.53,180.304,244.603,171.111,180.94,267.5725,83.8017,172.041,55.0658,194.345,178.394,190.838,282.0144,144.279,9.42644,162.25,294.73019999999997,174.581,163.689,0.203386,191.197,65.2429,45.0095,46.778,248.059,157.311,116.393,153.421,185.394,151.892,205.485,182.689
257,59.3947,1.42779,194.241,166.203,75.2265,212.124,161.79,175.053,35.8872,263.2849,168.183,83.0429,168.203,205.837,337.4002,163.83,249.97899999999998,68.1563,163.271,63.8847,178.217,177.297,172.69,70.6646,188.381,45.7699,182.252,281.0156,196.128,188.382,207.632,48.787,75.1286,50.9934,193.025,41.5376,183.088,37.6633,69.4328,173.318,66.6071,73.8688,173.613
258,267.6506,40.8821,162.766,172.59,35.0549,214.806,174.483,146.415,318.2247,269.40160000000003,6.53918,78.8523,176.859,201.147,341.0308,206.656,237.537,91.0513,196.171,78.5487,196.212,14.7953,165.982,70.2889,176.095,13.9671,185.617,286.3451,188.964,181.228,187.695,95.7446,92.6499,310.9419,71.0891,359.025533,176.439,229.042,179.479,286.2334,354.66623,194.782,99.2601
259,278.6245,152.482,174.61,167.516,47.3182,93.7644,165.443,187.701,168.777,270.5091,71.6809,69.9984,89.4346,47.8911,314.4134,175.805,345.8995,74.7693,224.635,47.7324,197.219,196.113,189.588,58.3884,183.141,223.769,192.806,298.6832,196.465,193.48,4.43089,76.2734,73.4775,46.9557,226.036,231.298,190.862,216.56,181.085,41.509,223.625,72.2418,183.5
260,161.066,28.2639,194.262,174.325,41.1358,201.987,165.54,345.7497,344.6432,276.4789,43.8806,284.0921,83.9687,334.2192,313.83,181.703,248.26,85.9431,184.847,74.7892,73.3461,324.4933,171.65,70.9931,168.946,28.9051,183.183,297.04970000000003,185.797,166.272,179.182,187.354,304.8984,310.2839,96.1208,118.189,182.916,62.3687,203.189,178.959,345.4433,167.916,266.8884
261,181.316,113.016,191.125,171.262,48.8001,206.1,166.088,357.06521,43.8683,245.51600000000002,74.6806,57.8761,88.4019,92.8733,342.3894,162.516,269.9733,78.8192,176.862,71.2631,176.671,197.272,171.256,175.819,180.395,174.772,170.287,294.0606,214.624,185.124,153.779,310.0569,286.0911,142.607,254.10399999999998,12.5008,76.5394,8.65086,159.24,175.895,148.431,265.7283,174.487
262,174.54,134.073,163.912,185.666,43.4444,204.222,196.395,316.4124,222.797,260.1705,66.2863,21.0249,71.0082,296.8028,302.3343,180.717,246.327,99.1812,182.013,97.6029,177.317,180.999,187.695,283.63599999999997,181.125,185.937,192.341,284.61469999999997,199.202,177.263,205.44,190.408,287.6259,90.4606,44.5634,249.23000000000002,172.729,21.6279,192.896,193.939,222.909,68.619,198.121
263,279.06489999999997,295.38599999999997,185.299,183.164,34.4137,207.454,152.936,16.0393,45.3038,273.6082,257.109,62.6525,107.739,143.992,171.844,170.53,261.84950000000003,81.2932,51.1854,67.5077,179.733,183.29,286.53319999999997,52.6734,82.1577,180.013,178.8,279.4057,66.5621,174.59,329.9821,38.1765,285.173,60.3494,247.625,42.7328,177.083,157.198,204.67,173.484,3.27719,161.623,175.713
264,260.1366,11.8009,282.0147,173.449,21.5255,200.526,155.168,192.564,200.576,265.5564,68.1952,264.9595,63.2132,32.4491,174.471,176.057,245.81,78.9382,180.722,105.243,186.608,186.133,273.0434,60.6344,81.3075,60.1175,184.973,287.896,83.1124,188.639,343.503,265.8473,302.6112,191.24,261.0719,280.0629,183.76,221.254,175.826,185.105,144.891,165.436,197.505
265,48.6937,133.324,192.359,187.203,18.2366,286.0437,167.25,349.5769,178.493,269.2554,232.672,52.869,95.2961,41.0128,167.08,305.1807,223.344,75.4575,197.121,78.3916,185.475,192.721,175.109,62.6404,177.477,351.9064,180.751,302.1092,206.014,171.571,172.685,75.5144,279.0749,185.38,60.3706,215.198,169.168,129.721,193.893,190.545,41.5662,286.3844,203.789
266,152.921,72.3546,183.189,171.712,45.1302,215.34,169.961,349.2058,330.4137,257.27,60.2458,47.6736,97.8588,181.414,192.633,187.298,340.1049,71.6055,77.5464,76.3593,182.128,128.618,170.318,77.7864,188.807,142.948,176.515,295.1616,74.1949,166.928,185.747,10.2008,57.5812,250.1,243.12099999999998,165.293,168.02,343.3428,156.712,293.24,151.087,203.103,176.737
267,284.10609999999997,124.446,185.023,182.411,49.1326,212.075,134.355,211.651,310.997,285.7121,247.292,48.8117,58.4862,16.4823,234.869,168.724,22.5816,80.9963,198.12,88.8301,155.096,184.395,177.909,78.7097,174.919,355.73524,173.379,247.737,192.92,198.294,184.74,291.1762,82.5133,162.272,234.26600000000002,74.8021,89.4495,116.259,201.416,176.68,257.016,290.0901,203.156
268,212.668,15.2683,267.79470000000003,186.819,66.1648,221.423,168.129,151.101,318.5073,268.6395,234.805,311.5355,74.389,19.8833,11.7421,187.275,354.89442,86.456,175.824,80.2837,203.402,24.069,194.057,47.633,187.959,156.241,200.536,160.93,203.306,193.756,316.3931,188.46,74.8514,235.747,346.0602,291.6836,70.6609,247.80200000000002,189.835,173.066,207.046,189.718,188.779
269,282.4361,258.18899999999996,178.137,184.176,19.6702,244.75900000000001,171.036,250.195,342.6573,276.6814,245.32299999999998,276.1361,117.226,190.578,328.1432,189.858,8.98799,65.7845,181.007,54.6208,175.224,330.0085,157.021,202.675,129.086,188.226,189.259,137.673,196.039,194.986,189.002,80.8957,224.805,256.749,197.013,215.242,139.985,153.651,185.437,338.2598,334.55989999999997,277.8291,175.11
270,91.968,158.43,184.093,193.411,49.8768,194.611,175.157,145.846,315.7216,258.267,261.46,61.4245,92.7148,252.43200000000002,309.3135,169.848,7.70739,84.3887,152.714,69.3398,170.847,314.5648,218.919,200.756,164.845,202.047,174.819,147.238,193.355,196.24,199.614,0.528011,277.9568,42.5406,67.7523,198.991,171.344,283.707,174.786,155.663,218.097,186.257,187.861
271,165.745,282.41970000000003,200.795,175.603,56.5794,200.174,161.785,169.026,173.546,263.9826,62.1407,275.0653,161.261,11.3356,160.267,81.0777,355.93228,73.036,177.513,98.2541,186.297,28.4935,191.259,290.9237,157.268,19.282,193.723,157.636,207.597,182.655,326.1635,11.6696,68.5272,243.464,341.4742,253.921,179.244,46.3502,186.907,135.659,6.54759,275.7928,177.109
272,292.47929999999997,261.7571,64.5146,165.518,35.7184,209.65,178.515,160.66,329.8667,262.2894,283.6807,71.0493,182.944,221.025,197.132,192.581,4.42805,104.081,160.182,86.5635,183.013,342.2978,66.8956,62.7433,183.134,12.1533,189.588,166.192,182.335,165.98,172.9,214.628,275.1921,34.0786,241.93,271.9517,174.674,211.57,180.726,327.2316,344.535,154.201,172.683
273,269.8257,266.8634,188.888,162.414,41.3574,206.659,166.984,354.53542,331.684,280.7739,73.2037,61.776,182.826,356.17314,168.434,174.037,13.2477,94.8245,186.009,86.6433,96.4692,317.1663,182.18,48.4786,171.291,7.73484,200.42,146.068,191.66,163.884,346.4449,328.2702,72.0721,355.55897,44.4288,228.462,175.429,339.7181,178.065,307.6259,66.9517,182.089,182.376
274,164.072,278.525,186.479,184.026,56.9905,222.868,180.559,317.6947,308.2749,261.2636,77.4087,57.6802,182.4,169.985,187.027,86.9908,2.49877,79.897,177.294,61.3408,161.899,203.161,194.462,284.2864,172.443,224.372,173.221,135.677,273.79290000000003,173.222,201.781,166.961,76.8179,354.66383,296.4085,54.0258,167.333,306.4532,197.707,38.2506,61.807,187.115,195.561
275,166.231,214.621,82.6708,158.464,333.4817,198.928,164.719,143.274,353.97589,291.4746,74.8473,58.1848,187.684,182.206,186.948,185.246,358.453,94.1101,195.543,53.8986,152.588,208.489,167.287,68.4787,187.038,41.1008,194.656,141.056,57.6114,277.8904,149.782,20.0171,201.992,73.0336,59.1488,58.4434,167.734,207.831,193.192,181.034,185.707,174.697,161.437
276,184.68,303.6937,70.3735,183.59,55.2348,194.259,165.654,333.8019,17.0174,268.72450000000003,67.8173,62.7057,175.623,73.1987,336.267,190.897,203.995,83.3418,179.07,52.2296,173.792,194.778,269.8856,76.1633,166.215,197.45,194.611,164.891,162.646,278.1316,62.4655,267.1427,300.7083,34.2117,121.855,233.774,289.8313,173.086,177.592,306.3142,251.564,151.861,83.2084
277,180.829,290.794,176.962,177.79,59.7096,213.561,170.027,314.2164,311.8808,269.0935,73.6437,61.1992,198.054,31.21,169.261,167.924,171.355,77.5527,188.495,53.8584,148.892,187.616,171.36,188.598,167.984,158.07,179.17,152.879,305.6878,281.55719999999997,155.16,224.123,310.8892,149.737,75.5963,272.935,280.8121,220.025,277.2667,315.4765,213.819,200.041,95.8629
278,299.5175,278.2247,179.214,173.981,52.3958,214.477,142.927,162.173,345.0326,242.17000000000002,251.961,43.9025,175.084,228.139,179.48,181.687,169.075,78.7446,171.034,44.4528,179.681,190.2,190.65,51.4566,177.714,181.398,168.364,156.262,89.7219,171.414,274.446,187.834,62.8049,209.432,37.9189,87.6168,164.586,188.054,195.495,354.28238,190.113,92.3272,92.4468
279,176.889,285.8986,177.657,169.43,67.4085,283.2038,175.668,356.26794,325.7984,251.24,71.2813,53.8503,181.691,239.352,179.649,200.648,190.604,92.9649,167.731,80.2207,150.139,189.654,178.124,210.268,169.332,5.15918,170.813,148.562,161.806,292.6105,9.91592,320.1981,266.8637,44.1983,232.147,60.4452,159.341,195.065,177.402,286.3038,13.5454,78.9208,79.5876
280,242.853,358.53922,175.522,167.602,39.2111,231.599,153.324,224.15,320.769,269.31759999999997,76.9698,47.3302,192.684,61.2488,334.3614,194.848,182.91,79.2439,182.411,67.7797,189.712,188.937,185.539,59.902,180.396,313.8297,189.303,120.944,173.621,74.215,152.397,304.7315,74.8763,39.2018,54.9878,258.031,176.492,52.7633,183.647,177.184,13.8734,201.456,177.027
281,270.853,245.928,180.338,181.847,57.1348,213.713,160.446,49.454,339.3249,272.9785,63.0083,50.2698,170.221,221.849,140.665,180.282,163.835,78.4017,194.893,40.6315,154.321,190.019,172.585,181.135,168.988,257.418,195.606,145.299,183.559,141.787,173.074,187.078,188.549,45.7898,61.8456,254.61599999999999,165.486,193.811,177.779,146.065,56.4382,288.2491,186.569
282,158.376,101.479,283.33820000000003,178.186,29.361,173.275,157.14,340.4613,342.478,270.7237,84.6887,62.799,189.357,194.193,51.7242,174.305,170.838,73.7866,192.554,97.0299,178.268,165.288,173.572,68.7786,160.045,194.15,180.486,143.427,296.1099,156.591,71.0699,169.819,278.91769999999997,203.968,35.89,159.136,167.448,34.0326,284.4345,180.502,202.674,294.6879,192.865
283,143.947,281.6194,174.967,162.079,45.4451,165.103,179.24,160.974,343.7469,278.4199,251.077,63.4595,180.732,169.059,61.4001,175.233,63.3223,89.5661,173.63,61.6887,174.593,194.068,167.94,144.558,182.787,227.087,178.916,117.855,312.8701,169.671,326.5268,283.9258,187.342,209.503,32.4683,357.39129,176.148,239.267,217.708,191.843,215.524,293.3749,184.597
284,286.6778,77.0802,190.419,165.137,25.3728,179.159,179.358,152.857,310.3572,274.0901,244.982,59.4511,193.224,355.72234,159.017,184.612,37.5615,74.6722,179.896,65.8288,182.115,179.323,171.058,303.9899,173.02,30.0396,195.837,170.07,212.105,188.76,321.8433,5.19565,69.803,200.555,130.914,24.3364,92.4159,225.88,184.543,102.709,202.346,96.8584,195.656
285,241.716,256.325,159.984,175.49,23.4153,218.37,168.596,326.692,330.1543,274.6367,270.8333,45.8296,174.343,228.928,353.54805,171.809,45.5785,64.3708,189.477,69.8808,171.694,188.232,177.944,180.018,170.947,8.58255,175.06,269.5081,199.608,171.15,206.481,317.5069,293.5831,212.239,146.925,333.8332,174.678,3.45783,183.85,170.198,161.581,295.56010000000003,177.35
286,250.233,78.5207,174.913,169.746,1.92459,206.176,169.89,225.35,309.6995,280.5557,245.38299999999998,40.6223,161.364,34.3516,15.8462,185.696,48.2476,84.9791,173.46,52.9573,178.992,183.807,185.022,168.755,169.776,17.1643,187.148,145.479,197.803,198.573,187.888,338.2071,178.03,316.7022,146.452,67.0065,160.278,4.36947,186.367,177.679,27.7587,193.962,200.009
287,276.702,112.376,164.36,174.064,353.05584,207.015,163.461,154.324,169.89,267.6278,256.166,58.5268,172.658,7.04953,13.4356,135.766,36.7678,73.9158,175.486,53.9712,166.345,192.825,174.18,299.4634,181.512,7.31706,181.796,142.468,197.495,176.414,329.3499,201.528,79.1871,217.101,90.2634,70.4825,171.964,220.466,172.491,176.109,228.051,69.3925,287.8827
288,77.5534,247.97899999999998,44.7876,160.143,65.0635,180.86,160.92,197.08,325.5387,261.0855,250.224,288.5757,197.568,30.2456,351.83952,176.966,102.656,83.9002,180.068,65.7046,177.026,189.402,198.688,305.6178,175.932,14.7813,174.93,150.305,193.081,199.445,338.7305,29.314,49.3216,315.1869,349.9107,260.50260000000003,170.564,247.017,198.958,203.904,343.4753,156.169,269.6408
289,279.9162,59.8513,156.283,191.161,47.5824,209.867,169.78,161.228,1.18256,279.828,61.3635,58.696,205.305,254.18,26.4803,174.941,104.175,67.2805,181.695,63.42,191.351,193.646,83.6518,67.9968,51.3849,2.74629,175.263,147.392,193.578,188.913,166.435,293.923,210.394,211.787,186.028,82.4226,178.872,290.867,200.734,165.826,17.1476,177.784,179.44
290,263.6096,246.373,191.88,164.853,53.4161,192.622,165.412,158.896,43.9944,257.96500000000003,70.4337,74.0373,186.144,242.44799999999998,190.092,175.04,38.6307,50.1857,189.223,81.0968,177.834,193.974,146.759,65.2266,171.792,215.626,185.508,137.937,153.614,185.618,184.402,189.532,275.7213,46.9869,283.7108,61.121,159.146,326.2778,147.729,302.4868,97.2485,200.388,227.793
291,174.563,249.873,182.796,178.563,65.9091,194.494,166.284,214.958,318.4153,263.2923,208.038,71.5769,196.148,335.566,178.633,81.4011,96.5508,86.3891,190.999,58.8191,178.374,196.188,191.125,170.347,162.144,219.631,198.763,128.953,188.786,195.334,336.1908,171.467,175.309,201.001,186.327,90.6695,157.787,57.1958,167.064,64.716,349.6211,252.935,59.881
292,262.9543,80.9615,169.854,181.327,48.8531,191.96,161.56,162.785,333.2167,272.5981,183.682,101.855,191.791,187.144,171.997,183.222,102.392,80.856,195.399,69.4758,194.735,189.238,78.756,257.697,170.838,186.983,181.026,138.61,172.139,173.095,311.9205,179.74,189.478,46.1595,231.228,68.4864,171.324,50.8487,187.289,167.622,185.888,197.124,69.006
293,263.275,239.29500000000002,192.664,183.59,19.4332,153.939,175.398,39.1368,40.586,279.9859,169.251,92.1241,186.796,175.012,24.1215,287.9134,100.976,70.1346,179.783,50.5654,165.593,190.742,162.74,167.933,167.062,206.247,177.749,156.241,205.079,188.245,338.1988,160.7,189.214,34.7569,198.527,89.9916,173.495,285.6469,177.345,22.4118,182.763,162.566,181.234
294,269.641,300.9593,71.6538,179.837,44.4389,167.2,197.763,27.3143,308.6415,266.7511,200.131,58.4489,182.289,34.9146,183.233,312.7415,109.431,81.6757,180.715,60.0025,170.861,180.143,201.744,59.3619,173.148,52.8392,183.141,163.367,189.408,177.515,164.581,333.3624,181.986,9.7486,51.2299,73.6631,179.047,257.328,177.544,196.9,8.08947,266.7303,170.462
295,88.4181,258.382,183.235,171.807,43.402,199.556,162.008,337.3742,319.4354,284.7039,187.927,91.6419,182.105,209.456,331.1798,138.675,38.6825,57.5045,183.353,63.889,181.878,183.302,168.186,69.7523,178.464,5.6824,184.574,124.056,194.301,190.786,170.201,163.513,210.353,72.9394,355.55908,68.258,166.276,29.6501,170.533,322.2177,130.819,304.1497,156.762
296,264.8515,288.0323,162.59,181.428,22.5505,205.551,170.974,341.0663,33.6467,256.048,179.392,69.6841,172.641,9.10996,19.0126,180.307,29.9478,79.959,180.371,63.8597,190.993,194.633,168.487,189.543,174.063,11.27,179.518,142.76,194.076,182.709,169.731,298.3056,192.407,189.445,204.54,79.784,191.107,10.1773,184.843,170.827,176.136,82.2751,170.319
297,248.247,280.3864,319.7257,177.447,21.325,171.846,182.385,15.5277,347.4157,265.5639,181.033,79.3708,179.704,36.5725,353.35582,176.02,95.8135,89.0127,183.043,73.9399,181.012,188.669,152.041,167.883,163.534,19.4957,184.474,161.37,190.351,176.96,22.5402,185.19,301.4722,179.45,9.50262,231.783,172.694,24.7563,179.703,189.256,27.6571,176.468,186.169
298,288.1625,68.4741,196.877,190.228,23.9519,167.449,186.821,175.993,329.866,279.7645,7.97975,81.9955,188.124,9.8369,144.484,184.681,72.7908,100.368,194.219,86.2798,258.682,188.312,205.847,69.5923,155.565,17.7711,194.056,131.104,209.453,191.849,158.538,9.51889,291.9452,315.3007,131.743,162.452,164.874,11.119,204.391,179.632,210.532,275.794,179.386
299,192.932,263.5922,195.946,163.107,18.083,304.629,166.993,168.812,342.5172,274.6759,13.6544,64.6822,196.558,314.71,28.6384,164.182,67.547,81.3551,182.168,74.2185,151.773,204.137,193.409,154.03,165.671,196.526,168.655,178.963,211.814,189.895,167.489,163.685,282.3265,41.5339,301.9966,238.817,162.409,188.888,167.948,186.998,135.595,154.423,171.26
300,63.3396,55.6649,190.594,201.278,28.7482,210.624,163.134,173.005,13.0453,278.7545,343.8281,58.8465,190.842,332.925,356.81692,173.941,59.147,83.8037,177.449,72.9689,173.432,173.391,178.897,167.852,159.065,217.665,198.311,154.923,186.267,181.854,303.9628,204.259,104.022,353.02491,317.1302,237.166,159.483,26.6759,191.046,171.827,24.1841,277.3981,179.74
301,270.2309,65.4603,189.165,184.775,45.1225,218.374,178.098,200.76,186.644,277.2842,340.6561,72.6826,180.748,302.4082,159.906,159.16,64.7788,97.8055,187.063,56.9902,161.704,203.862,182.528,181.896,168.753,199.604,193.525,150.793,253.958,194.131,176.247,330.4441,55.1538,269.46389999999997,229.838,245.015,188.129,34.4441,201.269,317.7106,309.9817,202.868,178.318
302,162.431,188.102,177.017,176.076,47.4428,214.404,176.199,181.405,344.1432,272.11310000000003,343.3959,63.8864,182.9,127.041,216.154,186.01,64.0885,89.6019,205.226,69.6125,162.989,181.287,183.251,181.938,195.255,213.504,196.349,152.715,179.747,177.779,178.069,5.35772,288.0637,61.6669,213.828,260.0661,180.122,218.691,182.886,323.4055,327.5958,313.0066,194.813
303,292.2027,93.0036,188.244,182.687,56.6991,149.801,180.289,353.47789,295.2967,275.1209,359.067717,63.7135,164.526,5.10517,169.059,184.072,129.035,50.1668,188.915,72.595,172.012,178.268,176.624,153.068,171.96,6.05811,188.952,153.61,55.9055,180.107,348.3565,154.977,57.6197,38.2397,167.916,56.6263,160.245,34.6342,194.77,6.14991,346.9104,174.767,161.484
304,293.6411,253.62,207.359,174.124,44.7747,174.031,182.87,181.989,5.60117,268.1148,8.3827,72.9675,181.181,29.7602,203.508,157.039,83.1245,107.54,171.213,50.174,185.636,174.182,177.256,258.3,158.028,23.4818,174.686,164.717,170.482,192.187,41.1931,16.3221,39.2892,59.3722,326.9694,245.39600000000002,180.368,346.2838,195.15,190.61,26.1133,280.11490000000003,304.1603
305,183.082,80.3403,174.533,170.0,55.1619,169.386,179.072,150.331,181.818,249.90800000000002,6.15253,85.8018,180.186,219.43,344.41179999999997,197.966,46.682,81.4484,178.003,90.4026,188.842,195.748,175.529,209.651,66.801,26.3408,177.924,131.878,79.4713,200.989,30.1443,145.77,279.2636,218.872,209.84,38.1995,167.917,204.683,195.475,190.125,183.635,190.066,281.5961
306,268.90250000000003,257.75,158.766,202.201,42.4284,208.646,174.75,168.778,322.8336,262.79110000000003,347.9994,64.769,165.813,192.297,353.27878,167.892,61.5229,96.5288,173.061,56.0172,184.343,172.636,172.101,172.392,182.469,54.5607,196.623,139.353,88.1538,182.449,21.679,326.8592,203.03,48.7475,72.1893,251.34,166.496,220.94,178.019,177.181,206.4,64.6459,184.714
307,210.942,142.453,179.29,180.943,58.9781,213.49,191.899,314.0147,330.4054,255.93,177.985,69.1067,179.324,23.1799,346.4219,196.372,79.9239,68.8724,294.1746,86.7126,165.674,192.328,170.967,175.704,166.624,156.548,199.719,144.105,58.2127,198.94,24.3335,319.4391,276.3295,247.70499999999998,138.758,250.76,174.165,54.7576,172.813,351.32436,166.633,180.256,164.826
308,55.9296,288.9762,174.809,183.222,63.1804,212.977,152.037,341.4181,318.7717,269.6495,173.185,66.0419,187.341,242.486,189.701,194.344,67.141,65.0032,169.768,85.9886,193.487,186.413,170.126,55.8825,147.945,71.6004,175.35,139.964,185.371,184.083,355.5635,350.36731,80.2786,141.106,208.103,76.0398,74.2245,193.76,178.575,208.67,245.316,195.953,184.675
309,281.3148,88.4801,197.829,171.056,57.2195,212.481,170.634,96.9338,329.5803,257.097,176.226,73.9313,173.5,175.088,174.307,174.406,59.3374,99.3593,175.348,49.2816,184.006,188.724,185.025,57.9589,133.687,19.5921,200.348,132.169,175.759,174.363,16.4289,321.3838,273.1118,32.2596,34.639,78.8994,161.222,23.5786,175.911,153.89,215.559,56.332,272.6674
310,298.1174,101.419,178.722,183.781,67.1743,163.225,162.48,167.104,173.103,280.78520000000003,202.837,69.4073,178.229,206.05,171.123,166.312,74.5841,79.7596,164.039,90.2926,165.936,184.324,185.178,178.927,172.116,7.16753,183.501,144.729,195.772,199.488,175.226,171.245,277.58299999999997,209.825,219.509,253.809,173.146,215.56,166.106,186.474,132.842,95.2216,274.5378
311,192.498,288.5543,185.466,172.268,65.4753,181.651,179.34,229.253,57.0812,263.7356,161.575,88.8185,164.869,205.478,152.35,180.748,63.054,65.3829,170.475,89.3006,61.788,189.677,175.063,257.694,175.085,19.8527,180.033,163.918,198.732,191.529,356.82337,338.8729,195.933,320.263,233.752,77.6685,166.674,211.23,190.312,173.254,40.5012,171.368,181.667
312,266.8884,264.819,262.9339,180.198,47.1746,190.177,170.763,156.412,332.6072,282.0408,24.9174,59.3443,190.774,61.2455,199.073,186.944,137.064,95.3811,151.294,50.0686,111.523,173.2,301.3069,180.6,171.804,205.381,195.884,208.422,175.774,185.743,329.0293,176.499,68.7421,320.9986,41.6892,240.94,155.104,268.2837,188.434,359.697733,61.9282,183.183,175.808
313,279.7481,85.2431,198.595,172.798,49.658,197.315,176.846,166.619,353.98188,268.9603,346.0239,93.6601,189.995,249.656,199.808,187.982,180.263,80.5162,183.729,71.184,191.78,179.707,74.4731,207.46,154.725,124.739,191.211,144.965,265.8613,199.143,324.3571,72.0641,189.676,324.7667,251.168,233.464,181.729,187.426,204.969,156.178,184.713,156.385,163.822
314,290.78589999999997,66.5636,187.531,164.478,39.6861,187.964,174.414,34.4683,320.7575,229.378,358.35541,75.9856,181.776,240.402,348.4983,175.419,179.081,86.564,178.724,77.0312,197.03,191.18,185.416,168.631,206.603,332.9454,187.334,288.30629999999996,196.772,190.421,353.86584,56.8713,78.1229,151.719,74.1815,179.491,205.168,217.273,173.897,171.319,83.1327,169.407,173.748
315,273.5607,203.12,189.74,179.273,53.3985,186.458,157.238,343.8419,358.65342,253.142,3.0372,69.9682,186.867,192.148,29.4234,191.191,173.752,82.7174,183.833,82.6986,177.167,190.433,170.4,73.2712,166.484,131.035,184.002,272.1331,203.2,185.118,169.845,313.7826,211.853,359.055914,250.22899999999998,65.602,168.29,10.2561,196.379,184.357,155.881,175.183,183.067
316,150.486,79.056,156.466,175.592,81.6924,205.065,200.565,143.955,324.6902,283.1863,15.0686,70.8681,173.242,5.34439,184.921,160.542,88.9127,103.691,180.578,77.8386,189.742,195.383,177.651,273.9172,170.952,308.0489,180.565,295.444,189.406,73.7936,333.2842,323.2215,290.4392,116.132,178.883,36.8228,183.402,243.291,177.003,190.258,152.691,197.412,290.7342
317,157.204,283.75530000000003,201.269,177.565,35.3883,186.961,179.64,145.411,328.0694,264.5514,350.16814,61.7309,179.148,7.65081,328.2661,193.112,79.8669,78.8895,185.717,64.8505,63.7494,189.74,180.149,167.995,181.738,124.817,176.095,293.1687,190.181,191.187,187.051,175.428,188.898,153.783,239.649,65.0142,180.817,17.7635,184.756,176.436,269.573,288.5281,180.97
318,256.81,97.134,168.714,184.607,358.47191,191.63,179.951,324.8245,209.661,269.11469999999997,13.1453,72.7051,182.848,202.638,172.815,161.574,57.385,57.8627,185.197,64.5834,173.725,190.179,162.747,163.562,170.621,301.3735,212.578,270.7928,188.621,221.023,336.7556,60.5515,195.474,152.56,26.7747,11.0727,180.327,67.1431,177.338,142.97,191.592,300.8297,181.141
319,183.894,348.3466,168.775,173.386,46.1978,314.9435,194.713,127.505,316.2884,257.599,344.9415,68.4155,85.4045,226.305,157.976,186.763,183.614,62.4064,188.392,81.1974,68.9532,189.394,164.554,163.936,148.848,324.3735,201.059,267.6307,297.9591,210.633,352.83493,184.817,286.1039,119.726,8.9347,203.506,179.992,292.271,189.724,175.812,335.9932,198.63,75.8083
320,273.1606,11.6946,191.914,176.891,56.7184,262.59569999999997,180.54,190.964,0.135282,288.8821,352.40766,68.3303,180.995,357.68122,163.917,180.044,94.9078,59.8319,169.006,66.1382,323.9435,185.585,205.95,203.606,176.41,261.9874,178.88,159.532,183.19,196.485,320.1229,5.61288,293.85630000000003,314.9929,58.1499,72.8655,181.694,215.026,185.071,194.684,2.07604,299.0219,170.672
321,283.2883,162.134,198.866,185.778,322.3419,222.92,153.288,328.638,33.63,280.3018,355.40516,76.3861,169.884,211.491,177.351,212.5,78.8538,96.4122,160.609,64.7456,180.812,177.903,168.904,173.143,146.164,311.6845,170.342,158.289,313.3064,196.659,12.1112,174.545,193.92,103.07,17.2161,44.1244,178.187,47.4361,195.978,199.008,212.172,200.036,183.683
322,302.132,150.189,178.041,187.858,317.2096,187.952,180.663,339.9843,164.297,281.6167,351.94153,83.6185,180.815,190.878,331.2125,187.499,91.3449,103.055,182.216,85.0315,170.774,202.637,170.832,80.9741,166.488,297.7847,183.542,188.451,196.399,181.224,33.0915,152.272,65.7669,311.7846,341.0759,41.3668,164.039,228.025,195.714,212.1,66.5083,185.444,189.223
323,186.337,189.133,203.843,163.982,199.987,185.895,144.164,213.959,308.23879999999997,278.08119999999997,25.3779,53.9399,171.395,249.231,36.1097,172.644,65.986,63.0279,205.39,84.9703,183.914,192.137,183.066,45.4777,59.79,137.497,190.406,216.514,215.477,207.845,294.9325,174.972,278.2789,107.608,176.043,68.7052,162.105,2.78072,150.885,306.9859,20.0156,197.737,181.362
324,265.8192,154.846,178.909,159.249,201.151,174.678,157.94,146.298,317.0562,260.3805,3.2208,70.4399,277.93,205.195,16.5725,84.595,87.6486,73.8307,185.2,72.3901,179.869,181.105,161.029,63.4433,178.929,156.257,180.492,185.577,200.628,185.107,297.7963,316.2884,67.3691,312.1968,89.3352,50.8396,176.43,51.6327,177.712,319.27909999999997,37.3816,281.6461,174.103
325,173.509,33.0075,170.952,179.951,294.7833,218.302,156.618,187.196,338.5573,269.1947,348.5692,81.4943,176.147,185.447,332.4164,192.185,81.9256,80.7747,184.487,65.2764,161.886,177.929,171.553,162.742,150.229,281.8372,183.581,148.249,210.884,180.491,298.558,184.671,203.907,89.3158,269.4645,186.783,160.724,31.8502,207.976,164.452,342.1491,204.379,183.311
326,290.92629999999997,352.02495,173.758,180.4,326.5609,210.995,168.533,337.7794,192.081,266.0816,175.523,71.4497,156.6,234.436,182.02,177.225,77.0199,84.7852,175.696,59.8071,194.574,210.713,136.861,72.0026,160.74,316.9665,181.25,198.476,194.278,185.692,191.819,213.925,285.8396,154.049,225.32,84.993,167.462,161.73,193.437,198.848,202.427,195.855,192.431
327,191.845,346.6008,190.704,190.318,15.6549,210.243,142.683,150.642,347.5142,275.7147,188.814,85.3745,180.055,65.2253,312.3145,186.215,61.9103,85.9808,287.2469,74.2426,173.427,188.155,172.867,170.845,159.536,113.495,159.403,192.99,189.256,180.604,153.541,312.2753,69.3093,50.1038,21.5064,278.7646,197.599,42.9386,178.587,202.503,283.0594,164.159,176.047
328,156.833,43.5924,172.637,181.139,63.7908,213.439,169.871,343.6592,322.4045,269.9042,178.117,72.8069,179.765,16.9512,40.9889,183.115,68.0219,94.0023,182.938,73.0303,189.655,201.744,172.801,292.5165,172.74,324.5425,198.538,225.062,197.65,208.732,312.3079,344.4872,73.4673,159.84,302.5645,62.3842,158.032,171.967,199.631,209.863,16.0016,78.0635,159.112
329,150.103,318.3026,185.123,172.088,50.2001,231.947,186.043,338.2872,347.4243,267.1279,186.428,68.0217,160.848,44.4939,163.808,177.053,63.5911,75.2138,188.851,54.4984,166.919,174.501,109.907,173.507,164.698,145.538,199.207,201.601,160.078,196.89,311.678,349.8596,42.4357,58.2234,11.7638,79.6547,196.443,48.8887,162.508,172.966,40.6681,191.304,171.126
330,270.153,152.824,167.528,181.391,29.8515,313.5234,167.755,189.989,11.2506,265.759,199.425,79.0985,184.08,39.455,168.449,152.503,55.6107,65.4975,192.266,79.1767,208.546,191.582,177.834,170.249,174.728,115.775,175.999,204.267,184.112,192.353,356.33876,322.6253,75.4284,40.1594,87.3168,235.67700000000002,164.521,172.971,185.264,188.333,79.0556,170.835,298.08820000000003
331,80.1807,202.847,287.1044,176.078,28.3805,219.497,169.848,144.941,149.593,265.1654,168.118,70.9544,165.293,186.414,185.929,207.77,79.4145,74.0596,170.792,93.8186,193.189,199.821,271.3148,76.0606,157.566,22.4576,185.623,137.529,301.1999,166.703,174.485,320.3835,79.9523,27.5329,185.77,25.0985,181.409,254.402,177.248,164.944,38.656,296.0149,173.177
332,270.0789,178.691,178.271,182.677,45.9966,204.632,178.145,242.011,357.01418,263.624,169.913,63.9602,194.358,309.1924,3.74,182.853,60.2122,77.0546,180.281,62.2096,203.339,196.928,174.225,192.728,177.739,33.9282,187.801,123.625,187.065,206.468,2.50019,197.026,193.726,250.512,211.388,260.974,180.392,16.4421,192.425,191.156,235.767,145.991,190.71
333,202.529,133.464,181.272,176.727,46.6342,208.034,169.293,212.426,287.6664,266.9894,169.877,83.2262,173.038,56.1741,350.04782,176.954,81.6586,71.2463,171.072,79.1912,80.4409,195.51,176.073,61.8287,185.38,187.967,172.365,270.5078,215.986,196.419,171.281,287.0493,191.513,357.9356,53.4742,249.803,155.987,67.9415,171.182,192.878,356.22412,182.588,193.565
334,65.6025,74.4291,187.313,170.874,57.9858,216.278,156.741,346.7126,323.1171,258.23900000000003,40.0969,57.6312,184.68,193.506,358.01893,177.584,78.0821,77.6124,195.812,70.3145,181.071,176.48,167.928,170.673,163.563,176.945,180.822,227.678,192.514,181.875,38.9109,157.111,196.424,40.998,63.9874,340.1096,188.443,1.83301,182.681,166.184,47.7748,64.6891,169.271
335,168.841,104.749,164.38,179.841,76.3244,253.65,171.201,152.524,316.4891,279.9826,134.909,84.6815,71.7968,18.6623,354.17063,161.464,110.504,88.8764,186.573,77.1342,175.885,199.84,159.671,74.7378,213.647,201.039,184.381,196.136,195.369,184.989,188.336,174.977,184.094,263.7469,64.5826,22.7767,181.084,339.6553,162.951,192.258,335.9061,294.7606,206.417
336,174.314,260.4831,172.424,168.509,37.7431,198.473,173.94,184.695,57.546,278.4103,100.253,66.7986,308.466,31.7822,346.3087,175.0,74.2427,79.8798,172.631,63.6821,175.526,179.446,207.548,83.6262,171.088,359.029905,180.413,114.304,61.6846,198.317,354.33511,34.7914,254.54000000000002,9.08635,212.818,219.462,176.344,357.33143,164.616,160.556,87.1775,191.953,167.517
337,265.6827,138.145,167.107,179.326,21.7892,183.543,179.32,251.614,345.4723,267.3174,282.8931,73.285,221.932,212.493,355.69306,179.52,65.1843,92.6281,183.599,77.0251,170.166,191.796,192.102,92.2661,146.763,199.382,164.513,285.2136,70.7494,192.359,336.3041,50.7771,301.7217,221.647,87.1274,97.7764,179.157,317.2088,176.253,150.864,353.18457,159.388,171.94
338,186.904,89.7928,195.658,177.183,69.6622,211.032,158.325,222.01,327.5714,278.8856,272.0389,60.7373,280.5138,176.601,341.7399,174.42,85.6852,68.987,78.0135,73.5128,84.395,184.849,146.714,71.8115,167.877,154.154,177.649,280.86469999999997,194.95,221.357,36.1093,45.7481,282.1705,43.7381,222.899,48.3852,167.738,56.3017,158.833,311.3257,89.5571,281.9934,162.33
339,187.751,191.337,291.4412,180.656,45.427,218.629,167.716,42.4125,354.03097,281.2837,269.6993,78.2176,283.1257,351.07366,189.318,88.1963,92.6352,81.0603,183.775,76.4506,168.733,187.848,150.689,177.988,162.883,188.186,187.617,279.9124,194.277,191.097,149.302,325.5633,233.67700000000002,23.1071,5.33805,65.6306,187.669,257.39,150.004,167.851,257.923,120.428,314.9817
340,272.30989999999997,293.1128,193.395,191.72,47.2015,161.178,179.518,342.4106,349.5061,258.58299999999997,284.8855,59.8283,290.0181,25.0388,312.3451,162.605,77.4585,87.9049,208.792,48.3383,88.3625,178.925,166.085,72.3043,165.273,33.9068,167.319,301.3556,290.1744,184.59,48.4924,45.2486,175.385,159.371,235.115,142.482,85.6744,172.54,179.879,168.417,245.936,275.0706,185.388
341,182.937,130.201,163.723,170.101,43.8256,214.761,171.732,234.735,314.6938,257.836,163.99,82.3352,278.1163,6.68037,169.85,175.106,66.8904,76.1025,174.228,79.5653,82.9465,185.206,189.508,78.7841,149.062,14.6458,212.675,278.3027,199.607,194.702,10.3647,45.1809,181.911,156.505,246.152,50.9384,71.6508,95.377,184.857,199.722,143.858,185.117,173.684
342,262.9452,58.6194,179.964,163.913,33.9153,249.313,161.96,345.3005,332.5832,276.9026,48.2388,77.3886,260.0853,319.2478,33.1441,175.528,76.2791,78.3594,189.17,62.5687,206.878,189.268,300.6148,278.1572,164.367,4.73098,197.985,271.5069,212.312,190.057,297.1112,295.4294,193.317,158.976,210.252,246.2,190.123,49.6722,188.322,178.245,45.6464,260.8808,285.3675
343,257.673,277.8165,177.814,192.592,70.802,230.154,178.729,63.8758,19.9661,270.669,345.9222,66.3626,244.148,50.9038,172.442,188.835,59.6491,70.6414,192.485,62.3827,171.029,178.719,205.974,286.76959999999997,162.179,19.9665,176.664,281.7839,199.704,193.425,334.3652,321.5342,173.472,174.108,9.58632,70.8257,185.035,247.031,193.202,172.131,344.3737,258.933,166.802
344,269.7454,235.122,201.865,165.892,54.1575,122.657,176.999,334.4201,327.8626,274.8365,10.1398,75.2676,173.543,130.378,310.5691,85.7247,216.99,74.2572,176.066,80.9311,162.401,193.289,193.043,272.2155,173.743,191.782,177.442,290.4107,23.3014,189.375,43.2302,321.103,182.236,49.2676,212.002,96.0502,164.172,185.494,168.105,328.7439,167.83,147.184,203.38
345,255.27800000000002,130.774,161.254,169.002,47.51,48.6897,159.462,7.71153,166.755,273.0049,336.9174,69.534,68.1696,194.291,146.759,207.333,157.022,81.1238,86.7667,52.0672,171.074,178.666,188.921,75.5547,163.041,51.3482,195.618,257.575,291.6496,191.145,343.6734,81.0938,219.88,166.347,31.2069,255.38,163.447,259.33799999999997,303.1708,181.98,160.153,167.695,174.466
346,272.85429999999997,81.6268,186.541,186.747,47.1467,159.144,175.875,325.6177,23.6247,241.094,351.04458999999997,85.9585,56.3979,230.282,189.739,199.091,179.182,76.2275,203.792,66.6458,157.889,203.385,170.038,91.488,159.82,151.47,188.47,289.9521,189.72,184.35,183.559,333.7582,172.912,28.1012,22.9054,86.428,188.254,184.144,185.354,167.514,86.3299,236.914,182.985
347,190.742,132.56,185.4,194.474,32.6892,253.906,153.163,232.515,325.3841,295.8405,195.849,76.014,50.3823,205.326,188.044,209.028,104.707,77.6687,172.409,57.9396,177.985,187.036,195.599,190.563,166.902,136.483,186.938,186.307,176.947,172.016,311.5555,155.887,180.214,220.064,2.32621,78.8857,172.148,254.769,253.797,155.747,178.683,186.209,292.86379999999997
348,258.998,260.83889999999997,173.964,170.331,31.701,245.125,159.708,1.47959,338.547,270.853,4.21167,86.6768,69.8016,334.7515,182.288,175.224,45.7845,98.3638,195.814,70.5987,180.672,175.088,184.388,181.579,50.1726,194.106,203.625,149.683,193.532,188.549,295.3601,346.8129,204.933,283.291,191.749,84.7529,75.362,30.4227,285.68489999999997,316.5141,24.0119,270.3449,265.97339999999997
349,148.232,263.15250000000003,181.337,171.712,47.1673,206.907,167.238,333.1983,301.0292,289.8559,352.98768,69.1468,65.49,358.58986,185.632,187.322,77.4711,70.544,200.473,62.9943,166.658,192.386,175.833,71.1171,157.517,24.9402,182.731,165.075,184.956,215.901,175.431,288.587,72.5531,354.98909,106.458,73.3997,178.938,8.46762,166.794,50.7914,221.707,155.803,165.58
350,63.6245,270.4894,168.77,161.865,46.0771,233.167,150.52,345.6161,35.8547,292.4189,351.96036,62.4212,77.5965,40.3809,345.1192,302.9919,85.0221,87.0674,197.119,56.41,184.825,187.561,167.415,64.6696,177.119,18.4046,184.403,273.2648,190.069,190.562,174.912,46.6084,110.106,342.3737,64.0983,85.5694,196.8,86.573,175.681,166.369,228.914,192.43,280.9124
351,295.2226,91.5014,194.433,170.495,53.6676,176.665,188.343,154.934,164.728,278.0437,22.2877,67.6842,78.2486,350.00291,215.674,167.684,61.2881,87.1926,188.469,61.4846,165.35,193.553,170.884,209.006,167.027,22.1885,188.248,129.024,52.316,203.944,195.914,39.3716,175.633,233.714,191.663,73.4196,164.931,315.5722,187.432,319.1007,169.901,166.747,295.0862
352,273.22270000000003,99.4896,182.41,173.442,16.5393,167.734,172.881,347.6244,52.5706,272.366,351.93487,74.9107,71.4376,123.289,153.478,156.73,85.9841,101.076,171.772,73.678,169.209,183.937,178.584,288.986,171.534,42.1025,64.5993,159.179,78.0936,212.315,176.224,288.183,179.98,56.2901,72.2305,56.4366,181.235,77.7436,188.971,159.624,35.8268,185.12,295.3427
353,296.7085,336.6907,162.033,174.635,48.7248,302.1471,147.757,352.26895,332.9354,270.9361,1.8823,77.5775,84.4947,244.732,304.4293,178.155,90.2835,81.8916,63.0868,78.6058,183.914,196.307,185.831,314.5288,173.812,91.1434,186.021,135.137,60.1007,196.415,133.994,330.2976,191.145,171.306,264.079,58.0618,187.134,2.42904,281.34680000000003,181.24,244.188,167.953,249.711
354,277.0721,98.6529,145.463,171.077,58.1017,159.314,158.782,168.977,324.3087,275.49379999999996,5.9155,96.3014,50.3444,235.48399999999998,140.924,182.953,198.176,99.9663,172.135,74.6941,180.947,210.534,269.5733,81.2277,174.741,218.158,164.659,139.424,186.886,185.383,353.51078,321.9933,271.6322,57.2795,166.7,28.8198,173.218,195.25,173.742,167.688,0.0229595,176.412,189.298
355,250.94,129.304,78.5023,178.913,68.9552,208.12,155.622,328.3271,332.4512,265.1741,352.27774,106.186,66.5306,3.87409,334.8591,190.87,175.899,75.747,175.664,72.8175,172.635,200.53,165.36,68.0431,165.22,196.839,184.204,142.858,188.108,185.842,23.5856,179.127,188.443,175.35,311.8642,47.0678,202.275,31.927,174.194,157.466,92.8445,103.671,184.569
356,83.9438,278.5381,182.647,158.288,34.6266,220.301,174.106,352.81673,320.6519,269.9354,162.127,89.9074,85.6591,270.1527,320.6357,177.807,357.94931,84.9447,167.329,56.4812,207.674,169.502,276.3745,53.2547,173.421,359.18454,179.833,152.72,178.408,211.075,340.8967,152.666,173.499,28.169,346.1801,264.4036,73.984,48.0745,185.817,157.546,342.5125,174.415,190.236
357,284.3885,277.2871,164.11,187.003,43.751,165.701,146.86,341.4085,300.5136,268.0052,176.74,74.8615,90.9139,246.935,10.7293,182.209,15.38,65.3458,186.326,79.9668,184.398,169.993,293.0503,267.7095,184.485,21.6801,177.574,136.327,162.137,187.566,309.2036,286.85720000000003,278.4507,26.3891,54.762,273.5529,172.765,240.412,180.115,166.572,160.881,168.72,180.849
358,221.74,248.744,179.944,165.655,35.3148,165.102,165.502,311.4197,332.6052,265.1705,176.125,101.43,57.4093,27.5414,53.588,180.54,14.1448,73.9951,170.93,62.9782,137.315,174.196,198.208,142.631,176.832,182.276,182.796,150.536,171.484,203.749,31.5825,256.433,171.893,355.31155,220.854,279.8621,185.513,5.79256,212.943,197.219,344.1655,165.474,158.671
359,183.736,284.2093,173.927,189.929,17.1265,203.098,173.465,160.668,340.8194,251.281,173.134,86.2309,55.3621,188.191,203.697,178.087,8.34672,82.5856,169.683,52.5636,104.537,181.879,199.041,77.6034,159.618,183.813,189.243,141.768,181.612,174.586,54.6909,159.964,159.832,160.71,341.1899,79.6968,181.686,14.4814,174.633,42.2685,165.202,286.8922,180.803
360,282.3945,316.53,185.3,179.2,58.5567,176.767,153.877,215.201,321.5078,258.828,202.459,63.9433,59.7667,302.2021,309.3457,167.881,6.94691,79.784,177.802,67.7979,192.07,189.124,123.446,83.5003,189.677,295.84860000000003,169.402,148.225,285.7609,184.114,12.7031,11.8518,174.794,64.4403,187.956,66.5827,163.369,51.0865,154.795,34.3346,171.728,285.3863,193.972
361,287.6776,314.0551,164.111,184.275,25.6318,129.756,175.434,205.525,333.1657,274.4711,154.502,105.248,78.4052,211.085,163.364,167.037,14.7603,82.1703,188.458,66.0923,170.29,189.524,167.63,80.7676,172.098,27.0135,192.231,123.118,189.192,83.1701,331.0712,18.0448,269.5817,313.7687,185.93,217.506,176.155,57.1632,182.193,184.788,32.0109,93.624,174.909
362,268.6421,116.573,275.3429,184.006,44.2367,305.3593,160.582,179.392,313.78589999999997,277.4326,195.103,79.8824,72.1185,43.6223,165.469,193.008,280.14369999999997,76.2352,173.53,67.6342,175.816,173.526,184.225,61.1235,184.631,11.0821,178.235,223.12,200.662,203.737,317.3439,4.81294,218.32,334.1741,1.55544,66.8996,176.23,178.069,179.671,183.093,193.716,188.82,180.988
363,295.623,105.948,150.599,183.25,48.6487,211.323,175.899,231.928,13.8548,265.639,126.96,289.2505,150.685,92.0992,169.653,195.028,252.864,75.0103,282.89,72.2103,232.81,195.058,163.524,152.666,186.4,18.834,173.076,139.351,300.789,171.418,169.692,160.309,276.6683,26.1349,62.7953,36.3681,185.83,274.3017,174.85,254.92000000000002,60.2974,54.5043,78.7078
364,181.148,320.5061,179.782,179.577,30.4919,177.575,167.919,253.815,345.078,278.06600000000003,347.0824,272.8613,291.3175,271.6841,357.65786,177.332,271.6511,74.9227,150.587,62.659,185.334,195.632,166.91,162.675,148.891,33.1284,190.057,160.557,62.7359,189.512,191.606,345.0028,290.0627,168.782,23.1825,220.346,183.968,220.484,184.38,169.272,161.476,296.9816,185.367
365,277.4355,99.1245,166.373,175.15,48.3543,276.66679999999997,184.265,187.149,279.2087,250.95499999999998,210.181,307.0562,167.232,130.774,350.50758,181.597,274.1137,91.1788,171.494,49.2917,78.3726,172.094,183.238,170.628,162.189,206.891,175.098,136.714,74.4189,180.839,149.502,349.4134,163.025,194.949,43.2739,246.781,194.013,4.96266,176.557,181.545,266.4252,113.534,188.711
366,268.2644,256.817,174.13,175.833,15.8763,182.327,175.916,12.7919,312.4659,284.50260000000003,172.837,285.842,177.023,274.97839999999997,306.1887,206.017,248.397,82.4422,166.695,65.0531,176.061,176.217,203.793,62.6878,170.709,355.90179,190.565,142.695,183.926,274.7117,181.6,154.672,83.7727,66.438,37.561,75.2101,161.172,197.88,190.714,173.518,14.3754,203.223,180.422
367,266.2457,35.9567,175.155,175.754,43.0785,216.912,188.349,300.5788,300.8666,270.767,68.4365,283.2896,184.944,102.844,173.553,152.569,340.8237,69.2098,170.286,39.3273,85.8316,185.016,175.79,168.009,109.962,10.9504,62.1853,171.088,146.017,279.1488,166.958,216.647,282.4693,175.382,43.4249,80.9643,178.85,249.60500000000002,165.166,321.0514,343.5661,293.1963,170.768
368,281.9518,132.017,167.393,185.467,52.4047,206.207,168.989,201.14,19.2248,286.2435,334.5826,297.7796,180.539,230.212,176.745,180.216,321.3353,61.1279,183.968,81.9896,155.465,176.545,181.713,291.2244,172.119,204.892,180.137,157.86,187.41,272.085,196.38,177.493,178.233,29.0479,47.1646,61.397,187.455,82.9679,157.444,187.909,266.1142,262.9299,159.385
369,204.094,15.8,63.5192,185.24,52.351,221.831,164.995,16.3934,341.4417,270.90909999999997,171.063,305.3813,171.647,66.2072,186.777,172.678,5.66164,73.999,177.032,68.303,181.822,192.042,188.018,131.32,193.414,18.335,195.812,134.855,178.005,275.0413,277.55219999999997,178.848,78.5238,194.702,12.6464,279.4994,164.132,37.1759,167.082,183.175,164.888,75.4062,166.707
370,169.997,79.8492,183.672,180.754,12.8793,218.219,178.888,31.8655,154.48,265.8808,224.0,304.4835,192.708,190.319,345.1105,174.483,7.83549,46.0095,195.815,56.0224,174.043,174.001,210.828,173.284,183.265,19.0335,174.541,127.905,196.581,288.3153,341.3739,304.9066,99.6815,49.1334,61.882,258.98699999999997,168.721,15.0171,169.661,82.7203,163.003,72.0092,277.1594
371,282.9932,106.403,196.879,178.717,38.9747,185.048,167.098,43.7008,189.785,267.2575,21.6423,310.1535,185.844,241.42000000000002,198.805,172.903,352.65433,84.5717,168.465,48.3787,79.6214,186.322,182.858,63.6014,162.509,14.7192,183.221,159.561,203.105,280.3201,27.2752,12.7257,83.2372,35.2497,13.1261,253.179,173.609,150.679,285.1358,299.67629999999997,240.374,169.771,171.506
372,274.1854,266.9388,210.359,194.35,53.4173,179.895,177.814,212.396,172.403,266.6025,114.354,299.1741,199.376,239.936,169.863,203.979,1.40615,90.7843,185.339,80.2776,162.694,188.336,181.437,68.3139,158.07,182.768,164.529,154.203,102.826,202.666,161.296,181.646,293.4677,177.312,25.396,64.7681,158.994,85.4696,190.823,166.333,67.6077,244.848,84.0046
373,213.541,287.2817,173.635,184.141,305.8596,66.7247,180.481,352.29632,344.6024,286.7105,118.336,296.3755,166.411,51.4199,177.152,166.99,17.733,68.1107,172.03,72.0717,171.31,209.725,193.256,266.5115,177.345,348.3324,193.582,147.786,185.688,161.772,342.4545,40.7818,72.2684,38.9288,342.9434,68.955,85.7975,204.684,309.4768,204.555,338.4598,77.8526,61.0715
374,72.1377,251.63,265.4376,182.535,40.1418,191.692,158.169,233.686,179.556,252.413,106.955,294.6839,176.479,60.2083,174.577,180.078,3.12216,92.8832,156.038,71.1553,175.791,185.884,189.452,76.2258,182.434,10.0166,179.462,144.025,207.308,179.244,183.261,133.938,282.4936,44.5945,79.3682,211.096,152.113,35.1452,151.29,340.7319,199.358,162.641,277.6892
375,286.6629,55.7828,190.849,173.331,70.8503,295.0646,173.523,9.83745,320.70640000000003,252.744,345.4951,74.1886,182.973,42.4453,342.9325,166.14,330.3607,60.1724,196.097,61.8553,167.363,196.44,165.185,167.704,169.835,194.106,168.029,165.068,195.144,91.9728,175.995,2.35735,197.497,8.72167,31.014,90.9823,183.155,4.15572,182.449,269.90139999999997,319.7332,298.6514,179.595
376,280.8347,256.93399999999997,182.115,176.563,49.6537,180.649,192.497,16.0578,2.81667,274.9812,20.0962,60.2671,158.952,186.854,189.331,188.882,19.3122,281.9499,193.695,67.3739,187.337,192.094,180.743,171.247,181.796,193.142,183.44,117.415,201.7,169.223,330.0998,355.77644,267.1436,92.1741,248.039,57.2677,180.363,292.0351,153.545,9.62009,183.714,185.978,190.046
377,288.5762,114.376,196.326,181.624,2.7193,151.98,176.221,200.16,296.97,259.929,10.9636,80.6832,177.891,144.427,197.921,171.987,4.85032,290.2255,77.1123,51.7114,192.182,196.599,182.985,176.145,182.619,28.1339,194.339,281.9441,29.3896,197.5,147.319,305.3007,83.7829,59.483,222.938,266.9541,161.976,211.855,164.552,319.83140000000003,27.7254,170.708,143.353
378,286.2978,79.6268,160.687,184.411,55.2562,174.104,180.382,200.273,301.5087,277.9526,351.92246,74.1767,165.588,191.546,306.4379,201.056,345.1615,68.9731,62.7062,52.2045,187.86,190.273,199.088,84.7293,178.579,9.77046,172.708,286.8316,187.758,167.808,316.1652,85.2768,282.7235,123.804,290.723,340.2407,62.2693,59.731,174.919,154.727,104.255,169.35,173.909
379,188.615,276.2085,298.1281,173.397,45.325,195.136,162.145,350.47007,17.8545,268.1594,358.57335,59.3588,167.076,211.5,176.81,190.024,359.524793,86.8281,169.505,78.636,181.99,184.191,157.574,69.4587,180.255,31.597,189.637,303.4729,186.743,92.2585,48.2072,38.266,69.799,54.1843,1.0818,194.96,186.54,9.4186,184.985,343.4312,58.6475,155.327,291.2371
380,127.824,117.212,65.5507,184.559,70.7954,180.35,194.096,3.42579,330.3052,272.2025,1.32247,80.6293,164.497,82.7424,26.651,147.451,9.25784,86.6421,172.188,77.5812,154.946,203.186,173.727,184.328,173.491,358.8765,186.217,305.8543,271.899,210.495,352.23001,151.037,82.4133,51.699,342.6633,219.011,178.062,177.512,191.669,173.5,199.97,218.836,285.6467
381,203.464,104.637,176.44,175.454,41.1862,165.311,167.197,320.6034,309.5179,265.413,53.9557,76.2507,181.95,60.6241,178.034,175.324,314.3701,86.877,202.949,77.445,174.673,193.706,192.513,56.8497,168.243,193.122,187.718,293.7527,194.511,82.0445,317.5743,34.7815,191.561,181.192,32.6552,69.2701,162.646,151.522,159.454,304.0232,182.73,69.139,299.6379
382,277.216,110.394,194.178,196.125,41.6493,189.272,141.96,357.89992,297.0767,275.07280000000003,179.574,72.814,168.777,9.95143,23.2942,165.64,357.61666,85.3313,182.57,43.7985,182.845,196.31,170.518,196.168,173.37,33.3867,181.831,289.4289,153.062,205.388,336.6114,202.317,279.03340000000003,42.3784,210.916,230.176,163.333,112.834,154.663,170.29,26.1253,156.52,76.4347
383,294.80060000000003,269.0928,189.325,188.334,43.1436,176.881,150.382,286.323,150.147,239.083,187.594,61.965,181.07,15.351,192.062,184.614,341.5848,108.98,187.408,65.6629,180.592,197.927,81.712,163.776,178.092,181.418,169.854,279.8613,191.216,186.555,190.756,56.2067,299.1288,36.2772,198.689,272.5136,69.1368,246.763,187.604,165.314,206.07,183.915,76.3102
384,279.5145,243.701,167.082,168.615,15.7675,207.728,185.836,155.442,51.9993,296.9623,186.689,62.752,175.74,52.975,181.019,161.205,350.13722,84.8787,181.831,76.4899,178.52,196.072,183.58,169.937,166.586,159.461,182.383,298.7967,204.678,207.554,16.8261,195.638,286.3289,192.451,294.7665,82.793,163.304,305.59069999999997,268.7811,187.512,355.99621,194.605,119.673
385,74.1795,272.3844,202.82,169.131,49.9726,245.513,169.38,291.315,346.4828,286.35720000000003,165.47,78.8942,174.788,41.1805,176.446,178.528,351.66177,78.2689,191.686,62.0697,174.39,203.215,169.999,189.037,167.707,60.0543,185.769,303.526,196.217,166.771,169.947,67.3055,182.166,16.574,240.836,220.41,183.579,35.8144,164.98,182.953,16.9355,262.8521,278.2653
386,184.184,252.534,195.141,158.803,47.0547,237.15800000000002,172.069,218.881,355.13301,274.31669999999997,165.239,69.9907,176.027,8.68842,36.6861,165.86,351.76531,81.5201,173.737,40.2905,176.08,171.442,159.375,65.7389,172.102,15.3983,196.411,302.8147,183.586,162.567,168.808,319.9145,166.308,42.4018,221.096,163.165,192.026,211.358,147.925,352.62811,129.947,287.9894,166.057
387,199.31,71.7242,288.7075,186.027,52.1376,226.738,187.709,245.15800000000002,322.4729,276.8474,155.607,80.7333,179.107,185.541,359.9803391,182.953,358.66993,101.689,184.338,73.5154,188.657,178.943,167.97,176.14,145.614,193.487,196.924,320.2023,180.806,192.414,175.042,76.4651,70.2622,196.317,233.082,67.262,169.481,124.563,191.241,194.852,172.243,196.564,177.969
388,286.8753,300.6501,165.83,196.199,29.9333,236.086,281.899,238.567,326.6178,259.81,194.364,69.6157,168.768,190.647,194.49,195.353,342.1917,76.7451,187.983,56.6745,201.485,201.954,183.338,304.1648,190.073,199.04,204.103,286.154,208.503,193.742,349.0209,46.3672,298.4566,8.1134,251.542,287.2662,193.053,24.2395,178.707,159.837,192.197,151.937,195.737
389,91.2675,89.5724,71.3442,178.96,63.7024,175.415,269.8271,292.1855,29.1134,271.4445,197.687,55.2373,183.179,175.54,15.6606,300.199,328.6555,82.6216,166.562,75.2665,189.716,187.358,86.8226,68.9461,158.944,185.389,199.918,289.7486,192.104,192.238,354.33139,41.6719,56.3508,0.203276,51.0384,248.281,159.567,249.44,186.678,168.553,244.19400000000002,195.519,299.0048
390,306.8478,282.1408,170.346,194.122,50.7645,237.65699999999998,268.6002,224.638,323.7615,265.0602,173.469,75.8393,177.582,201.487,348.7316,181.089,6.60081,80.0588,181.087,47.0471,183.517,189.99,296.2165,184.44,151.408,316.6769,182.217,287.4373,203.099,92.3283,352.08847,324.0808,52.266,54.4395,200.689,24.3864,73.6431,54.5444,285.3134,42.4761,310.7365,184.903,109.79
391,95.5934,11.1514,181.332,180.716,46.7397,165.891,265.3703,27.4498,53.3312,262.0055,181.528,89.9619,156.379,24.7492,180.635,176.493,355.94047,80.7759,171.846,53.3006,73.029,197.193,192.338,174.62,176.441,13.7926,191.6,278.2573,177.518,201.852,353.47046,357.44967,68.1721,158.923,33.0781,69.1904,183.413,309.0187,193.325,192.595,159.063,174.509,183.442
392,79.3317,68.0521,177.734,188.917,31.3147,194.791,269.25329999999997,189.265,238.554,255.273,178.378,74.2146,182.127,2.69944,37.4212,177.732,353.90257,54.9663,199.71,67.9616,182.192,174.364,187.532,178.269,166.694,11.4562,177.517,305.3387,202.077,99.2554,148.077,184.661,77.5149,36.4109,243.10899999999998,252.127,173.461,188.845,172.918,91.4098,15.2638,219.317,176.831
393,178.468,239.164,181.801,183.7,33.8675,258.598,156.451,72.1458,46.0812,258.745,179.439,88.4724,181.094,223.883,169.264,148.566,356.35049,89.8645,181.608,25.7049,173.317,24.6175,186.726,75.3406,194.918,222.447,177.58,282.3902,192.514,181.26,156.953,59.7413,182.577,69.4568,245.257,99.8685,186.049,28.7936,183.0,173.542,138.657,184.427,193.981
394,273.87829999999997,62.0229,280.9996,184.06,65.5458,248.369,187.224,22.2964,56.9658,273.3716,24.8935,90.8496,184.533,221.36,182.827,185.526,10.7202,89.4477,144.213,77.2876,250.76600000000002,8.41797,196.98,160.592,167.988,341.0598,178.076,144.628,199.581,181.791,294.5778,74.542,226.205,247.201,35.1454,238.92000000000002,158.238,25.924,288.4543,321.4735,354.08222,167.215,186.363
395,85.9663,321.536,188.57,170.467,31.123,192.744,186.173,40.2784,174.152,256.916,226.549,66.7646,173.558,4.80101,332.8181,183.67,28.7106,59.4517,178.577,57.3966,64.0914,175.56,183.867,79.5681,158.163,213.683,180.551,129.869,185.122,179.224,168.856,190.39,290.8651,226.249,247.22,236.474,161.704,281.6856,292.2637,343.48969999999997,352.04961,284.086,188.245
396,290.2727,289.087,170.879,202.554,9.15323,203.523,172.566,353.82585,56.1641,278.8782,168.646,74.062,184.03,50.2103,197.749,173.179,10.287,60.6842,185.02,65.6494,161.747,214.564,279.6979,166.707,168.46,183.863,172.151,154.164,207.146,213.142,152.892,275.073,312.5396,239.675,38.2633,57.4138,153.968,323.6235,145.238,173.216,358.79648,63.6025,83.8575
397,190.679,333.2556,196.932,201.121,42.9649,196.71,194.64,171.29,296.2707,284.4218,74.3155,260.4136,174.64,250.654,182.626,169.823,339.4399,76.0814,60.8728,70.3788,182.249,198.526,192.07,80.8198,38.435,188.381,289.6018,143.184,191.762,177.803,299.4096,194.286,307.7258,167.489,49.4195,79.324,175.945,236.942,168.323,186.355,157.839,194.594,72.4638
398,110.379,135.88,288.1981,189.423,39.8109,197.753,188.941,193.476,161.32,297.7188,252.822,287.3864,195.427,73.8327,178.667,171.995,4.66421,76.381,166.756,65.4579,181.252,183.679,196.702,182.068,182.712,357.55874,204.144,158.737,194.23,176.437,28.3188,325.1424,179.687,40.1749,106.517,201.469,97.7388,202.099,193.602,290.069,352.1948,180.259,184.382
399,282.44190000000003,278.6135,177.39,169.13,36.0931,85.9271,167.064,166.588,28.3794,271.1519,166.829,70.5468,192.098,31.2817,171.463,178.909,0.0661262,73.1243,182.692,83.9193,172.133,193.426,183.354,64.3268,167.721,23.0127,173.721,128.74,212.245,197.848,72.883,164.228,300.8559,39.746,237.16899999999998,353.54849,175.233,205.949,162.583,194.081,219.941,169.047,185.871
400,283.1894,86.6514,187.342,187.29,80.198,170.789,186.739,9.79483,50.3004,265.4684,187.328,55.3488,182.527,60.5671,196.15,190.553,10.7359,81.6661,183.372,65.2979,198.611,177.714,152.629,180.299,187.809,355.84485,169.656,168.161,182.992,174.615,176.746,192.362,184.1,215.756,57.5902,72.8281,79.3114,166.746,185.557,155.539,325.0702,185.08,177.923
401,77.573,80.8533,160.18,172.827,47.3996,164.838,196.681,327.097,53.5828,264.70140000000004,178.663,70.9173,166.941,91.8401,27.6612,169.274,347.1495,78.5017,166.974,64.3085,142.913,199.151,204.177,172.889,174.043,32.3116,191.208,270.56510000000003,217.631,181.215,175.835,33.6019,295.1548,25.9275,37.6052,247.7,158.632,44.7536,176.769,311.0184,204.642,287.2806,175.946
402,173.871,291.0609,181.983,175.194,48.5568,68.4659,140.971,195.374,188.095,287.1335,163.448,57.1064,184.526,165.618,202.207,189.355,343.4264,82.1765,176.424,57.6466,179.233,178.271,198.816,66.0633,61.3655,353.48696,175.03,165.409,191.329,181.791,166.347,183.785,143.576,116.392,83.8331,101.582,169.822,317.4212,174.32,11.7366,181.089,149.675,284.4068
403,281.7176,281.5679,68.7653,171.795,74.3374,185.015,172.047,35.4106,318.89,285.7395,184.748,74.4492,166.341,38.3061,47.3772,161.218,13.9745,77.9743,168.137,65.0728,185.977,173.59,196.046,168.988,180.08,18.6481,184.386,151.408,252.024,75.0967,292.954,202.25,295.916,43.7589,46.2561,272.19759999999997,182.432,22.3324,181.19,29.1621,156.211,188.66,170.652
404,285.5509,27.2176,186.041,174.637,327.0699,203.37,180.396,131.523,326.3913,272.8046,174.331,41.1172,192.017,258.53,342.3546,173.649,27.5152,63.9696,180.235,79.5707,191.235,180.691,191.748,185.782,174.74,245.745,169.018,155.364,269.5657,178.363,159.907,353.80425,266.5397,250.814,75.2271,97.9452,177.134,239.803,209.192,298.3576,211.704,179.193,193.684
405,235.30700000000002,45.3999,178.029,172.157,60.6073,207.737,196.804,221.91,306.7244,258.45,184.618,83.2525,168.891,60.8232,185.712,188.455,278.216,78.3207,169.83,56.538,168.605,196.252,197.952,168.735,166.171,191.812,159.632,144.455,172.467,204.256,345.9061,346.908,189.546,343.5137,207.428,257.303,170.172,225.253,185.574,18.9607,167.529,297.5239,297.5757
406,165.633,80.646,188.894,176.397,29.4778,177.705,152.438,59.7561,166.833,280.58820000000003,202.089,43.7816,55.4423,241.84300000000002,32.8608,179.986,267.8368,85.1808,174.183,80.4596,159.073,175.153,203.17,181.191,164.61,188.569,177.233,146.945,187.53,62.7324,191.32,167.941,180.787,62.2297,216.123,247.48000000000002,159.197,93.954,166.396,344.9131,354.3951,211.187,175.788
407,273.3194,66.3922,185.054,186.464,29.1961,162.8,180.881,245.934,168.407,283.6897,151.953,78.7073,169.458,247.527,191.112,167.956,278.7892,81.7676,182.559,66.9411,151.729,193.522,173.633,178.277,52.6565,188.851,305.2747,109.355,192.205,180.27,184.774,300.1854,189.66,204.661,241.513,65.3213,166.641,67.8073,173.997,177.243,23.8113,193.365,186.306
408,239.56799999999998,5.32122,174.012,169.195,62.6775,229.657,188.349,174.458,1.32977,261.1529,240.447,62.1271,175.899,237.982,38.7595,169.82,256.247,74.834,170.291,44.2583,191.402,196.351,160.605,178.947,161.193,14.6901,195.527,155.619,163.294,88.1377,205.356,328.4827,286.8799,91.9829,44.9774,190.471,193.518,58.1128,183.763,355.91315,15.5227,289.8336,97.96
409,170.84,200.158,190.586,185.221,27.8273,252.85399999999998,185.77,207.263,39.1288,271.2158,248.68200000000002,41.1468,172.784,239.793,167.403,195.263,268.0306,84.5084,178.011,80.0572,191.999,181.404,172.624,188.194,174.033,107.143,221.017,142.875,68.5248,169.099,22.6143,204.975,299.3739,291.9447,32.9834,241.275,185.047,349.1448,172.237,322.7533,7.09226,282.0892,190.483
410,173.571,327.0887,187.411,188.446,48.968,188.852,163.348,204.415,309.7719,263.152,255.61599999999999,60.5832,177.303,126.544,348.4979,168.477,263.6547,75.5898,187.853,80.0527,174.419,189.725,187.173,163.784,147.594,188.647,188.108,154.089,64.4936,202.416,311.0289,298.1005,180.047,210.195,58.1196,270.5157,174.468,295.1837,176.947,182.64,99.4356,182.939,208.137
411,271.4297,29.6971,80.4947,176.248,80.3029,173.501,180.022,350.46856,37.4448,281.70029999999997,193.132,59.03,192.575,211.168,166.01,179.841,270.3368,92.452,151.556,59.678,199.491,200.325,214.514,164.012,182.583,12.7053,172.293,137.426,56.5201,179.9,318.5207,48.3828,183.84,31.8256,1.73583,230.56,77.3078,30.6239,199.259,147.027,356.5127,177.928,189.997
412,269.6434,132.914,164.537,182.441,53.8663,176.179,177.676,215.712,321.4086,279.5549,191.395,85.1453,181.008,144.265,180.946,172.122,249.72,78.7758,180.102,68.061,182.268,187.87,151.169,286.1672,187.986,200.066,188.639,137.282,180.033,191.632,173.646,175.797,81.7181,213.432,49.0784,231.564,65.612,249.239,185.344,307.2118,178.837,213.84,187.947
413,181.971,80.6434,235.061,175.909,39.5454,235.954,174.364,236.671,340.6024,268.1101,172.832,77.139,178.108,211.719,190.126,169.561,272.0662,71.6221,193.744,72.6472,190.7,188.746,187.846,291.3879,182.341,179.884,185.886,165.302,178.008,181.012,357.74233,190.947,162.808,195.637,29.7011,243.535,130.416,138.352,187.795,187.811,0.364469,214.969,171.975
414,306.672,191.795,276.4908,184.934,32.8202,212.032,186.8,81.1923,319.1606,286.8034,180.995,68.8595,184.742,208.74,196.798,205.652,270.7172,89.2528,174.623,72.8793,174.361,191.809,168.193,143.757,174.722,210.403,164.931,208.582,72.4789,181.55,194.103,344.7313,201.027,123.657,141.226,73.7711,84.029,212.469,170.658,187.86,281.3686,177.975,170.992
415,284.9701,80.7359,179.279,177.827,276.11490000000003,183.646,179.126,104.786,321.9296,282.7602,190.719,86.5535,173.748,14.62,198.682,183.141,358.91232,89.7454,76.1058,66.6067,178.842,187.485,169.263,278.0708,161.244,6.23799,176.243,215.859,70.8711,187.19,156.848,303.4691,180.808,247.939,62.7311,69.2612,183.386,235.185,196.005,179.094,191.479,290.0566,86.7655
416,291.163,67.4925,176.624,181.159,31.676,206.438,155.152,231.02,309.8486,267.6011,197.21,106.442,158.277,222.31,339.0648,161.486,352.15797,70.9962,198.581,64.8466,164.01,193.447,177.068,72.8168,178.231,346.5708,176.562,206.164,144.173,182.699,23.7051,127.297,184.327,8.1146,226.225,77.4996,178.542,24.9689,187.933,170.697,51.3696,182.266,175.007
417,253.377,112.685,176.056,186.61,24.0374,178.572,191.26,205.727,40.031,272.624,248.437,61.0415,189.95,207.077,188.327,169.047,13.9682,79.3074,175.094,45.3667,189.462,187.979,171.202,158.584,191.72,176.849,183.129,153.024,69.659,174.975,175.13,27.3399,192.468,335.9736,197.101,44.9559,166.293,215.885,177.618,180.07,96.3162,64.2565,177.482
418,267.6879,206.056,200.965,173.13,41.1636,206.69,173.084,53.6697,182.341,275.8616,70.2667,285.91589999999997,176.029,40.408,187.46,164.861,20.3603,76.5347,175.928,57.1557,200.047,186.534,163.198,83.0564,188.391,190.832,187.407,155.742,230.108,205.71,31.4822,168.682,171.23,296.5832,207.53,170.636,166.926,58.4831,183.197,189.62,342.65070000000003,59.4094,187.707
419,175.497,246.51999999999998,190.333,192.867,66.6655,224.643,180.83,3.12944,175.99,295.7244,232.055,280.5859,195.613,8.40508,173.351,162.301,2.78356,68.2512,171.168,74.7621,178.167,182.039,190.972,63.5905,168.266,213.235,181.783,140.123,72.0691,168.138,170.598,205.518,298.7522,17.4874,13.5709,157.527,181.738,32.2198,176.652,181.14,343.7104,138.761,181.6
420,246.976,297.2804,175.74,166.463,27.5097,152.743,183.439,359.370649,316.5636,272.2913,80.5844,69.3584,170.169,39.3915,333.0195,190.438,348.6495,96.6775,189.94,78.7922,187.699,181.715,277.2733,76.5239,154.818,193.215,194.998,230.448,64.7198,200.654,15.1502,10.2565,161.358,82.5266,247.995,162.369,175.148,66.62,173.088,193.725,209.838,181.468,176.472
421,283.00419999999997,248.215,180.694,184.389,58.2323,215.158,173.018,163.44,326.7358,285.02750000000003,38.7164,57.3133,181.791,60.0613,306.7335,180.523,336.2503,83.4173,194.677,80.1086,183.863,174.199,210.308,184.313,189.906,233.963,182.046,148.929,292.3605,191.019,266.0523,28.841,188.863,18.4484,274.8713,185.563,192.629,137.258,57.887,151.653,25.496,280.2018,152.242
422,296.1816,314.7116,180.928,170.812,6.89293,291.6281,167.075,15.7628,342.7586,273.0849,265.21680000000003,55.8839,194.941,255.388,61.5227,175.087,345.3283,90.5528,180.049,64.1411,182.561,166.386,168.489,176.656,145.087,359.834883,183.873,159.503,277.6775,183.71,300.5512,198.104,288.7337,358.47147,80.0115,166.913,66.396,28.983,181.02,185.134,75.1384,89.8595,156.136
423,278.9604,87.469,174.298,165.103,41.2935,184.049,188.281,33.9186,298.6635,273.9301,170.361,147.626,184.465,70.5529,162.158,177.908,357.38957,88.1178,180.847,78.748,160.277,177.76,165.804,78.3111,164.028,213.953,189.826,220.333,186.639,195.135,358.32088,32.6235,175.745,193.392,238.893,67.7006,167.687,44.3447,193.843,185.571,20.556,189.202,194.187
424,77.229,291.9649,191.108,184.579,5.42455,182.637,167.877,181.393,319.9354,251.28199999999998,21.3425,87.9048,181.591,232.808,354.3091,190.116,349.6956,71.6671,184.302,57.925,181.688,187.208,183.418,183.31,191.017,356.69136,179.914,151.04,208.598,180.714,183.984,16.8155,159.341,205.004,196.306,58.5865,87.2552,261.3116,156.659,348.4274,153.655,185.986,179.622
425,254.013,87.1697,174.393,190.338,37.4267,186.791,183.727,51.9756,336.9484,266.68,23.8205,297.3331,196.877,175.627,329.1575,177.963,358.56928,65.8505,189.281,50.2906,187.9,202.938,155.955,75.1473,164.002,6.06675,186.921,144.534,198.228,184.681,190.95,26.9664,202.097,253.49099999999999,217.412,53.3066,177.422,196.911,182.08,326.5739,197.982,191.1,277.1548
426,187.464,165.223,175.088,168.27,41.2522,256.91700000000003,191.095,206.492,38.697,279.18600000000004,298.8386,305.5286,190.675,223.448,323.7794,167.674,341.0524,85.3715,181.414,80.9706,166.646,194.795,157.725,186.157,153.03,31.8551,204.087,147.391,172.691,163.335,355.64322,306.9522,286.372,275.4647,215.58,262.71389999999997,189.458,28.9114,174.629,187.49,152.479,229.316,171.287
427,252.014,281.1421,202.666,191.628,45.316,228.086,200.25,216.877,39.5054,250.483,279.6803,203.559,188.297,102.082,329.7206,206.454,243.81799999999998,70.8161,184.544,71.4138,190.086,186.478,180.852,180.62,167.792,338.0511,188.799,152.707,196.569,198.492,36.0311,166.1,177.022,358.58086,277.8191,80.7367,185.192,240.894,168.032,183.467,124.084,271.6262,278.86289999999997
428,275.6709,334.5521,188.293,173.726,74.5251,232.30200000000002,178.448,178.629,333.4139,276.007,135.037,317.7501,174.062,28.7284,167.004,182.202,3.23206,72.2018,201.082,98.0968,166.56,190.155,187.806,160.326,176.08,337.9317,188.029,97.0852,185.505,170.844,178.491,201.033,173.854,175.298,58.5732,69.3713,94.0273,24.8231,166.304,342.56510000000003,166.9,176.665,286.5463
429,187.802,8.16116,184.432,174.118,51.6981,241.043,161.125,178.534,333.8937,262.6073,297.3788,204.588,170.359,228.038,169.031,200.857,335.7469,79.27,284.0939,63.2432,173.412,191.073,175.55,168.34,167.62,2.71821,191.358,286.4642,198.375,196.434,321.0156,53.7808,194.437,179.923,289.92,252.51999999999998,173.081,352.53237,183.93,303.9346,344.8563,284.4309,196.052
430,292.38800000000003,91.4019,295.3196,179.283,51.7407,75.5327,184.083,237.78199999999998,331.9094,271.5322,306.49490000000003,196.227,178.405,335.8663,176.431,187.204,265.4613,90.918,271.2811,68.3699,190.975,192.006,175.415,157.514,157.347,224.303,174.872,286.6415,202.059,186.213,312.8388,313.3975,195.583,165.812,281.2822,264.7029,184.791,352.61718,179.71,164.629,193.66,156.479,180.713
431,266.07640000000004,64.3404,184.483,173.694,6.0756,60.1688,162.171,202.985,354.99277,279.257,137.714,194.191,171.456,268.556,343.2326,166.545,339.9646,94.0621,190.586,65.122,161.874,185.796,179.191,169.025,162.462,165.016,182.138,273.7618,73.8474,180.249,155.104,321.2654,287.6517,132.739,29.0117,63.7712,172.848,36.916,170.871,153.532,359.097004,183.641,181.944
432,64.1566,262.51390000000004,179.589,175.814,50.3858,75.5606,159.084,161.797,345.4554,275.243,194.62,168.272,201.655,32.3683,324.6099,194.313,350.05908,85.8043,180.194,52.5086,179.546,205.805,175.168,171.242,175.459,22.5889,181.275,145.831,102.984,184.635,185.361,307.48810000000003,312.1162,48.5816,291.62919999999997,19.1636,190.83,45.8241,164.55,158.655,296.9166,191.132,177.944
433,281.9952,86.666,281.58209999999997,199.773,64.8914,75.329,189.738,346.0978,321.2287,267.29359999999997,142.07,199.535,169.514,221.292,310.6757,90.3277,359.032965,83.8948,169.218,72.8732,190.694,190.63,166.951,183.344,176.596,196.942,177.269,149.781,190.592,180.01,317.4447,5.99866,196.924,207.62,303.5928,77.9636,160.987,302.531,165.928,163.466,314.9633,275.8443,179.272
434,282.54970000000003,284.2906,276.3197,174.488,69.7114,55.8922,142.735,160.337,160.542,278.2193,133.158,204.91,182.916,341.7238,185.13,178.124,344.1449,73.594,190.116,63.0913,178.35,185.037,189.244,73.4399,174.082,7.49278,190.201,149.703,178.589,190.854,327.1986,6.92385,67.6075,227.876,273.9124,47.0466,179.853,228.091,190.791,165.778,337.1381,289.9479,157.976
435,268.5731,225.065,191.38,173.839,20.8321,54.5172,147.4,331.8071,321.8697,270.6752,116.076,192.903,174.838,23.2387,184.386,186.437,19.9327,73.6251,202.471,84.3892,174.853,178.103,184.374,175.814,178.596,36.1076,181.043,140.731,174.891,164.959,337.4236,165.659,203.032,355.6382,119.159,257.871,183.441,278.8896,261.1993,68.6007,5.68021,168.026,172.211
436,254.113,297.3243,184.314,179.333,44.8751,60.2287,159.617,8.81839,350.28836,270.77139999999997,125.214,154.063,180.402,244.171,341.2686,184.809,10.7986,56.2607,181.423,58.8435,276.5573,200.876,149.562,169.526,187.767,7.25476,192.591,131.521,189.316,191.025,146.223,47.9149,74.6268,205.121,73.3608,31.4082,185.866,232.239,164.308,150.853,157.197,288.3142,216.958
437,111.583,250.69299999999998,197.871,169.219,329.4586,65.6227,197.39,208.641,336.7534,279.3562,124.272,196.375,179.693,224.588,346.3966,174.642,18.2362,79.1367,199.103,60.329,105.515,179.243,191.516,161.257,172.878,13.3372,182.001,145.071,204.427,183.608,189.88,175.852,289.89639999999997,14.1894,206.755,62.0505,175.314,210.389,187.899,8.05625,55.7291,159.799,220.08
438,61.2193,88.6967,176.369,173.663,62.8294,305.1044,184.139,219.992,121.658,276.9887,106.703,196.502,181.86,68.5119,333.6972,195.82,324.6398,77.5829,192.974,76.4642,195.456,197.548,257.58799999999997,194.393,165.638,4.33057,178.827,136.104,204.646,172.356,172.499,193.545,89.4796,119.826,288.242,263.01890000000003,182.028,222.326,175.565,18.6217,281.9548,182.287,173.207
439,225.071,323.2128,193.847,173.697,47.5497,38.7275,185.307,236.47899999999998,313.1129,269.65999999999997,136.082,191.405,163.522,197.427,345.1848,170.43,254.43099999999998,69.492,192.457,65.9709,171.579,203.778,284.2901,174.146,154.183,44.6061,191.824,280.0797,169.197,183.666,191.346,42.8086,68.8936,34.5192,122.804,57.5587,177.932,161.668,195.316,169.295,303.1633,195.95,167.958
440,54.1777,281.5123,187.444,181.909,36.7652,291.8298,161.141,332.8229,324.7842,283.8359,17.7231,206.527,186.959,205.485,180.377,180.008,239.635,73.1556,279.6916,83.0231,184.695,190.11,166.418,59.5152,131.814,193.194,203.856,273.4098,193.281,181.261,326.8206,299.127,93.6022,222.489,5.05588,249.952,171.312,16.1855,189.1,166.909,322.0023,167.495,160.556
441,85.6599,289.1167,176.619,182.375,26.0623,48.6242,168.135,340.6706,327.5164,266.6551,147.912,205.258,191.361,47.7253,22.3751,173.943,271.1108,75.595,184.353,54.6591,186.068,194.959,176.248,180.613,168.06,181.882,175.504,142.479,188.237,178.826,317.9354,91.209,65.0174,222.562,177.04,258.629,166.769,243.022,192.423,156.181,5.15773,158.448,174.737
442,150.135,68.7939,183.891,174.439,51.2951,49.671,152.652,159.022,62.6296,266.1182,144.521,162.322,182.497,33.0684,359.441301,162.263,272.495,96.262,167.382,69.9164,169.312,177.285,189.461,172.345,184.077,352.00159,200.659,274.1887,185.011,201.952,335.5452,216.793,71.4753,204.357,300.439,57.5447,187.274,285.1558,180.029,167.664,326.1264,289.9622,181.187
443,173.671,249.281,168.731,179.737,55.2177,80.087,175.749,204.309,168.493,259.7,106.892,290.9022,178.463,65.0304,201.896,181.072,269.2393,50.2757,164.726,84.6679,197.721,187.589,176.841,293.7342,173.888,148.541,177.671,222.944,195.365,209.39,359.409772,147.539,82.6014,215.559,49.0694,265.634,182.275,199.089,187.958,181.509,25.3772,108.623,179.955
444,249.525,183.854,172.773,165.723,49.7099,56.0183,179.493,158.974,70.8823,256.318,152.509,271.308,182.333,218.778,329.9095,182.996,3.57157,93.9984,70.4357,67.1647,161.604,179.414,264.2631,292.65340000000003,157.246,320.0474,182.786,121.721,204.201,156.834,334.0437,201.462,67.0565,13.0393,193.79,262.69870000000003,162.554,54.8727,176.582,173.195,302.4274,194.158,190.308
445,312.6843,249.66500000000002,187.969,182.999,38.3931,51.3477,182.095,33.4632,318.3404,271.6812,129.528,185.597,172.568,211.344,356.23067,187.472,4.9343,77.6739,74.1484,70.1905,285.3349,205.652,192.426,62.0751,164.277,147.241,188.795,139.265,194.257,168.244,156.383,170.498,200.759,69.6698,49.5558,75.3224,167.216,205.988,208.151,163.369,318.7439,189.214,173.852
446,293.6021,286.2472,161.518,183.451,35.3795,67.6416,174.682,238.268,2.88257,270.538,107.767,157.595,195.286,65.9084,148.062,181.743,349.8335,77.7138,173.195,95.8766,178.086,200.253,159.581,78.4998,177.812,109.231,168.134,152.959,168.896,190.306,172.974,332.2046,275.9202,240.962,243.57299999999998,205.879,168.419,203.513,186.066,177.505,5.21336,212.757,185.595
447,280.0471,240.736,183.42,174.477,34.5177,61.2057,174.72,358.64435,349.1907,232.925,201.497,96.6392,185.473,40.0258,12.7268,204.265,336.8909,50.6385,31.0446,85.7946,179.051,204.881,177.845,71.0025,166.223,102.818,177.705,164.262,203.273,204.115,183.548,53.1902,269.8121,192.646,141.889,38.1116,157.561,217.779,150.544,163.012,220.058,173.193,188.459
448,166.266,236.499,179.992,156.625,26.8546,292.1693,164.889,235.727,314.8387,256.407,315.1577,189.828,179.45,241.878,297.7787,183.376,359.9191406,83.3151,198.339,79.5,167.34,193.995,189.604,70.1018,168.862,128.553,174.57,148.056,192.722,172.815,55.8807,36.4737,94.6683,44.6039,244.55599999999998,274.5209,184.359,236.61599999999999,141.793,159.737,199.079,194.466,175.877
449,286.5449,129.419,177.436,182.558,48.3022,282.20550000000003,192.27,56.0795,23.9829,269.3122,126.251,180.027,180.576,331.3769,180.531,178.871,319.6537,74.7883,169.313,101.459,180.228,162.473,170.418,289.155,181.536,153.933,170.397,122.154,189.21,196.687,176.268,312.42,288.3998,227.911,241.726,76.3025,167.796,5.44657,178.062,158.01,193.355,49.8586,175.69
450,286.54380000000003,262.58,178.957,165.989,44.1014,229.452,194.143,148.134,2.48325,271.5893,137.98,181.597,179.316,194.548,40.7526,170.745,354.40592,71.0814,184.36,110.59,163.17,203.147,170.171,177.571,197.536,79.9649,181.572,230.125,185.16,181.095,339.9482,167.403,88.9686,85.1713,92.2678,59.8941,186.988,192.086,162.772,153.736,17.2516,163.375,198.841
451,85.2287,294.8549,187.843,185.343,53.7975,300.04449999999997,153.413,155.326,158.263,274.1681,322.7994,170.356,180.395,220.672,178.922,186.685,345.8016,75.2166,71.9086,77.8728,189.44,178.044,187.172,169.718,175.902,297.069,174.841,153.351,181.104,234.613,283.9097,33.6902,64.2295,210.25,278.6343,59.291,266.734,97.4879,183.198,170.496,3.74465,289.5167,191.073
452,291.9697,134.416,170.166,161.215,36.3884,313.1614,191.72,216.925,32.2611,282.3899,148.785,258.113,187.804,226.875,164.38,199.284,342.9821,85.9284,199.034,92.6276,189.345,200.088,200.234,289.8881,176.178,122.194,170.36,134.881,245.15699999999998,217.496,186.782,75.804,246.803,48.464,42.8403,89.373,167.212,41.9487,189.502,171.422,65.8483,184.96,234.579
453,199.565,258.81399999999996,183.312,181.129,34.7688,274.0568,162.903,289.1346,288.34159999999997,282.6039,286.6031,178.732,182.285,172.856,179.525,166.517,355.11353,65.09,180.772,100.784,198.48,256.897,152.41,293.6518,182.754,335.0345,177.421,148.677,188.641,206.837,176.282,313.55219999999997,63.2159,178.178,201.264,217.637,100.611,25.4612,171.858,175.274,133.336,64.2602,172.872
454,167.391,342.2036,192.284,186.709,52.6589,312.3064,167.631,63.42,45.7885,274.6527,301.7359,217.227,166.253,43.6431,170.714,186.435,15.5415,81.4886,178.167,69.2809,152.197,183.632,96.3081,178.803,171.729,121.952,179.495,160.827,173.584,199.957,193.517,141.472,160.326,36.7628,184.429,85.0393,159.792,28.014,191.75,161.561,201.604,161.248,163.127
455,278.219,327.6261,184.822,178.265,70.5702,296.0201,190.161,339.8995,319.6791,265.71569999999997,91.3925,299.7314,179.852,337.2284,168.869,176.283,241.449,64.965,169.656,75.1376,312.41859999999997,322.4258,190.545,151.036,176.551,134.386,175.734,158.934,190.549,201.971,10.7219,322.1495,280.0836,26.4728,230.022,51.018,171.99,225.202,170.134,174.074,186.939,177.425,192.64
456,265.7032,80.798,163.842,181.104,57.3944,291.54290000000003,163.583,274.885,324.2964,258.687,68.8396,302.8295,181.973,149.925,193.974,170.605,61.4541,82.592,195.484,46.0718,195.196,30.2163,132.701,61.0657,184.342,146.073,199.033,146.809,275.133,207.015,19.5291,1.07164,70.1007,212.692,14.5964,244.65300000000002,178.414,197.378,189.959,185.443,39.5804,205.457,183.814
457,160.962,101.088,190.695,188.609,51.9014,297.007,173.375,67.2637,306.8088,279.40909999999997,289.5593,189.756,168.837,63.4141,177.248,156.581,68.465,63.8941,167.725,77.1049,178.826,355.98331,274.1229,186.014,169.339,134.161,198.788,156.642,77.9573,163.761,54.7829,197.456,289.9698,20.0973,31.5261,242.167,173.417,49.571,158.117,184.662,48.394,277.1291,186.607
458,284.1118,82.0703,183.071,180.859,31.6096,285.5202,130.173,167.024,282.3729,259.94100000000003,115.957,212.201,197.082,250.155,186.504,205.933,47.7254,70.1317,175.294,62.9481,175.28,183.224,180.102,154.104,169.299,309.298,173.434,170.511,257.594,73.4395,11.4928,30.3192,182.86,213.402,32.9962,48.5739,177.974,43.5915,165.626,186.137,180.474,67.9684,207.286
459,297.14639999999997,86.1428,180.752,171.575,47.9892,220.771,166.105,62.5696,300.7216,272.7367,127.698,188.618,182.398,219.041,197.589,159.124,107.064,87.8861,175.479,78.3448,157.799,39.3152,201.549,76.8082,195.836,143.685,183.315,152.735,55.4284,176.678,41.1669,352.01055,59.3038,64.1479,212.431,69.8372,183.093,174.306,153.717,331.9875,193.544,223.025,163.836
460,196.772,262.7885,184.205,190.003,48.9745,158.21,175.692,31.7654,320.1339,264.79269999999997,156.208,198.347,173.164,18.333,353.67569,162.603,100.859,68.0167,173.903,78.6355,273.2818,161.407,210.327,155.409,76.3473,332.2217,192.384,118.819,62.6375,100.782,151.54,204.914,297.3593,223.776,225.217,249.098,160.871,213.816,175.905,195.218,141.722,277.6495,184.766
461,180.475,63.2312,183.954,186.063,47.8889,145.984,148.529,292.51390000000004,47.8752,283.6268,127.266,192.14,186.793,225.158,45.7409,180.499,82.6888,88.2113,190.993,72.0123,187.837,336.4238,173.263,55.8251,180.232,291.0224,194.596,128.411,183.03,199.166,162.704,34.1527,80.539,175.407,284.5815,10.8535,145.814,266.4458,173.338,192.111,95.5291,74.8928,185.576
462,284.6914,327.6587,168.695,180.654,32.6845,194.143,159.358,217.374,174.76,260.0037,117.766,192.778,176.407,45.3044,164.599,199.413,156.053,74.3418,176.076,59.5193,163.092,192.762,182.574,180.887,173.982,325.8769,190.253,155.899,192.868,169.597,175.055,339.8927,122.934,203.283,258.129,28.8808,159.678,20.3694,170.36,182.588,320.5793,175.833,298.0834
463,281.57370000000003,75.2524,285.4104,177.735,39.1853,175.841,180.082,19.9484,327.8214,247.453,272.9578,163.586,188.782,356.1739,329.3895,183.279,178.919,72.1366,173.961,76.7966,178.762,202.086,193.877,161.306,152.53,137.857,176.992,151.836,213.578,221.454,1.52779,325.9729,159.897,307.3963,14.4989,327.8974,158.83,233.225,192.722,33.2766,124.115,29.4348,194.074
464,180.967,259.094,188.549,163.941,309.5812,172.774,157.426,32.4483,20.6309,267.5573,152.076,180.038,196.954,222.423,316.48810000000003,144.5,181.205,63.7118,156.225,88.1365,181.445,190.692,174.745,77.4144,159.75,356.71988,181.811,141.598,197.261,160.749,299.3002,325.0158,175.79,25.1466,38.3369,249.084,161.375,294.30719999999997,171.643,171.372,172.14,282.68600000000004,185.499
465,283.88,291.7114,181.984,173.573,17.5728,145.442,175.655,177.412,193.111,277.30240000000003,137.889,195.322,174.099,319.864,144.606,177.682,162.734,75.273,179.421,64.7682,183.278,187.861,180.054,181.143,192.0,207.183,173.661,142.16,173.262,205.156,342.7498,193.608,88.6491,226.672,218.697,268.2001,183.339,190.321,269.0135,145.978,171.515,192.585,152.01
466,244.131,36.2221,176.994,167.892,334.297,186.988,167.615,15.0292,70.5651,261.3396,188.815,266.54449999999997,162.941,56.4401,189.194,187.753,165.247,103.993,176.116,50.3312,183.695,190.412,176.388,58.8769,188.517,174.715,180.284,162.13,204.834,213.015,187.152,142.37,262.3105,32.716,220.936,227.313,166.985,247.027,179.384,195.312,181.385,177.142,212.165
467,268.2988,277.26390000000004,172.06,179.418,27.2068,173.575,178.31,224.384,311.18489999999997,265.5365,256.546,288.6254,171.785,247.34699999999998,344.8395,90.0497,172.501,81.2441,188.048,67.0036,158.191,200.979,310.5906,192.096,67.9469,195.631,192.604,104.009,196.031,188.71,198.331,164.27,300.4933,162.703,247.14499999999998,277.9662,173.701,180.019,166.992,155.462,136.473,152.808,181.788
468,278.6546,276.8987,195.239,177.871,31.0184,178.973,193.638,220.493,169.682,261.2096,72.7628,297.005,169.979,39.3607,330.5228,178.342,175.664,77.3269,206.954,87.7825,183.058,184.803,156.929,170.239,163.117,350.65183,185.836,163.349,191.728,175.861,326.8163,154.602,164.182,218.599,231.936,256.913,173.576,17.1339,193.724,187.536,18.6696,242.602,195.175
469,293.98969999999997,273.3041,183.86,176.802,53.6173,184.097,190.301,203.39,8.54059,269.77930000000003,60.8853,209.014,178.852,19.1279,185.762,182.541,94.2979,67.6888,179.951,64.5684,205.11,184.906,168.585,45.2506,179.282,226.889,168.812,212.051,105.458,177.474,151.201,342.8901,290.231,228.106,13.5884,237.88400000000001,173.842,247.386,195.265,188.071,19.3802,178.378,169.206
470,183.708,91.831,160.093,174.265,43.2339,199.318,158.014,34.5813,200.124,270.76030000000003,232.611,278.2459,158.843,68.8835,340.7267,179.319,96.2585,68.8247,208.879,79.5194,199.419,176.837,158.224,63.2191,167.483,195.406,176.817,157.296,167.326,210.262,2.51844,175.085,189.253,208.234,211.598,255.50900000000001,92.1374,221.69,167.143,182.125,15.274,271.8625,206.537
471,62.6028,110.346,175.005,176.66,68.6746,193.033,157.025,26.9904,31.5851,272.584,42.4659,176.425,181.453,233.382,174.903,137.249,114.104,70.055,188.564,72.4057,197.308,191.308,195.98,165.172,172.505,205.166,174.523,160.132,188.764,175.372,192.413,13.8485,174.504,185.68,207.676,259.619,172.766,61.1742,185.862,156.45,345.507,259.468,172.661
472,302.4934,282.3335,303.913,166.395,33.3118,182.584,182.827,11.6392,339.3327,278.16179999999997,213.263,163.181,185.991,61.614,17.127,196.078,96.6761,101.147,179.16,71.8103,207.589,188.264,174.873,186.816,157.745,205.32,187.038,134.314,193.912,167.655,177.834,164.708,268.1565,231.818,218.206,89.8317,179.202,50.3559,178.301,163.258,5.96697,180.484,184.763
473,293.1817,150.869,160.711,168.735,36.6232,205.006,170.546,241.91,321.5019,281.0041,211.337,191.527,189.066,302.3585,191.611,166.878,67.6222,49.793,172.84,63.5655,165.359,189.302,180.373,166.887,185.209,150.005,183.385,216.385,158.739,201.386,19.9752,325.9077,174.084,76.0818,7.0303,61.1464,174.267,260.9382,193.424,198.698,139.412,180.615,296.8438
474,296.1364,97.6975,187.527,174.783,61.0115,162.826,187.16,222.762,312.3914,284.5039,23.1334,181.108,160.343,64.0058,161.985,171.311,75.6836,87.5159,200.19,86.9709,191.941,187.745,82.0118,72.4991,186.158,32.6265,194.543,196.09,202.77,203.215,180.632,72.3227,183.481,327.1871,184.275,51.3759,170.093,206.912,172.55,171.452,174.153,299.9647,186.705
475,286.375,123.494,177.096,172.996,17.3245,202.162,177.379,347.8419,54.3266,251.598,264.4275,177.382,173.442,28.143,162.293,187.981,83.2713,92.2318,195.054,60.2689,177.03,219.297,175.84,293.44259999999997,176.934,198.77,194.432,204.875,197.316,211.224,354.28309,341.08389999999997,288.9533,296.4066,12.4687,78.2495,61.169,300.871,54.7818,92.1761,287.3573,192.695,201.54
476,265.96500000000003,339.0036,160.579,178.518,9.86338,172.551,177.618,194.314,335.9126,264.1333,210.813,179.652,181.687,64.603,347.9719,180.66,69.858,74.9467,148.774,70.2508,175.823,170.879,172.209,201.781,167.971,13.4136,188.821,150.561,185.229,186.194,8.80508,177.883,155.858,277.78340000000003,205.236,217.311,197.331,336.3692,175.707,151.442,9.81842,185.708,184.941
477,279.0569,333.5846,194.755,181.152,43.5466,196.72,173.557,32.2879,333.0185,259.971,43.0274,185.055,185.649,213.913,0.301959,191.647,92.7257,84.8547,212.376,49.945,280.85339999999997,185.762,173.975,77.664,180.241,20.3979,181.254,243.76600000000002,188.842,197.644,352.2855,339.5139,155.59,237.276,212.481,98.8991,161.73,282.60630000000003,128.586,348.7797,204.101,275.14639999999997,190.801
478,191.472,132.015,187.106,181.287,42.5255,232.018,195.269,207.068,66.8049,265.3907,218.406,175.932,194.188,65.885,296.1847,202.878,76.4608,61.2348,174.129,86.6577,162.752,194.06,161.529,59.6613,111.93,167.543,185.569,102.056,193.248,195.915,329.1231,312.9525,273.4453,178.911,31.8681,264.2645,182.797,4.56946,100.401,313.93399999999997,110.246,179.896,168.618
479,66.9147,304.9411,200.509,183.86,75.0617,246.97899999999998,181.334,22.7059,64.6278,263.0357,227.549,191.973,193.693,32.3176,205.498,163.85,48.0354,67.5804,174.854,75.249,279.19939999999997,199.604,157.766,53.1873,168.394,203.567,174.234,145.245,185.809,159.305,190.66,194.342,277.2517,215.532,24.5492,240.673,174.607,131.401,177.044,308.9368,139.185,196.372,158.257
480,267.1869,274.4669,167.32,186.58,34.1107,175.022,174.817,41.5963,326.2212,263.0014,13.2819,173.008,192.926,62.6898,332.3573,185.56,96.9225,70.1458,182.034,67.4585,184.079,184.552,199.511,68.3469,174.569,343.0743,191.966,225.48,195.002,189.514,176.148,178.713,292.0758,50.6487,351.03203,239.67700000000002,180.758,105.242,204.249,195.963,21.852,289.89549999999997,167.012
481,194.39,43.207,175.447,182.845,40.231,189.834,173.017,310.7094,335.3475,276.3301,42.1378,174.762,184.729,36.8286,16.7269,163.648,84.6745,71.2381,179.525,105.305,184.047,203.812,158.606,73.0465,177.374,48.4308,173.094,253.838,169.872,170.98,344.3217,145.971,287.0533,51.9333,159.845,242.04500000000002,183.684,116.0,187.576,303.5115,17.5619,168.585,175.518
482,267.0584,259.58799999999997,173.032,180.497,332.4564,234.95999999999998,171.67,1.91651,163.396,274.64570000000003,210.924,211.223,171.493,267.3626,14.5339,159.273,105.488,91.9114,209.764,60.6464,192.617,190.386,273.85360000000003,172.299,175.073,346.3939,202.14,121.809,186.961,184.327,192.461,314.2079,278.4356,199.34,246.886,80.41,156.716,51.2135,164.986,178.38,112.236,191.464,165.262
483,291.2075,263.9421,180.228,159.977,322.363,246.542,167.123,352.43183,176.249,261.8849,96.128,182.332,186.461,68.5259,162.664,189.753,63.1529,85.9734,180.602,67.3675,229.036,192.561,273.1614,293.3624,159.536,20.25,191.54,138.664,184.087,168.835,122.13,221.897,290.3597,21.3302,177.088,247.724,183.802,200.852,185.516,191.212,330.8366,184.212,178.019
484,274.6728,293.66790000000003,174.261,183.37,7.62742,185.5,186.332,65.513,149.517,269.8289,187.723,208.961,189.482,65.7604,337.1079,192.802,75.6341,68.2953,182.095,73.3379,177.849,185.652,181.443,178.159,180.587,346.5218,185.249,259.516,194.903,186.701,316.7415,161.042,68.9309,88.088,119.661,270.4602,200.311,29.7638,187.105,161.851,204.403,171.468,210.257
485,68.3495,55.6421,178.691,178.346,326.7912,173.153,182.063,312.9724,326.2085,273.265,32.9811,206.932,180.927,43.1937,350.0617,73.947,86.5537,84.6622,175.811,71.2174,195.561,207.452,265.3743,183.33,183.144,4.43788,181.271,152.755,178.292,181.771,192.023,344.3873,190.261,10.5754,54.0352,65.9906,202.437,215.289,186.083,193.906,202.532,166.837,154.709
486,280.8434,231.065,188.698,163.781,1.07393,246.579,164.459,152.835,326.3075,261.9457,53.8212,193.65,195.482,55.4017,3.80907,156.384,61.3095,76.7801,197.489,98.3464,162.172,184.293,182.223,72.3489,173.881,208.756,195.539,178.045,182.233,201.374,29.992,327.3988,206.39,6.63032,284.0499,113.332,165.935,179.232,158.035,183.279,281.2993,176.159,64.0995
487,304.183,74.0859,166.666,175.734,323.7308,212.752,177.433,217.378,330.7202,263.8965,26.4135,168.291,168.922,218.45,160.325,179.322,53.2666,70.0269,194.03,70.6526,171.364,328.3478,188.003,60.2524,166.149,8.10947,174.325,140.315,195.587,201.833,177.9,349.1301,175.651,17.8257,182.84,86.4218,166.408,118.552,175.723,111.75,9.00745,193.594,186.253
488,274.5247,348.9283,184.96,161.253,300.6895,217.415,178.428,23.8044,355.85939,274.6506,19.389,205.885,191.361,48.0083,184.815,177.615,55.2408,62.5566,177.606,80.5856,193.117,175.152,183.717,185.709,174.529,66.4542,237.001,219.866,182.683,198.427,348.4174,83.8452,188.219,35.0764,43.0477,66.1248,179.186,243.762,211.296,356.82654,219.28,301.303,162.568
489,175.779,279.2203,173.425,171.586,348.892,210.075,175.058,233.386,187.185,270.1071,32.0171,175.238,198.442,41.3783,170.707,181.393,77.8183,72.3449,182.984,45.9883,183.648,166.718,172.386,59.6491,159.285,36.9849,179.357,146.25,203.037,167.405,162.234,173.996,282.7385,33.6179,49.5439,80.9188,79.1852,48.4839,190.974,194.406,322.8872,195.905,156.152
490,262.4221,187.445,154.991,162.064,25.889,219.118,177.63,224.29,317.1265,267.2137,190.401,170.387,193.076,54.3128,308.5892,184.015,92.4486,74.4293,180.545,85.6799,187.922,151.756,187.829,62.082,163.366,35.3903,180.998,133.193,185.748,200.728,174.663,292.1324,245.253,297.3925,101.627,74.8208,95.8813,33.3099,176.16,164.158,12.649,278.8364,326.0218
491,266.52,169.795,172.693,172.125,59.4907,187.769,155.58,196.992,281.8537,261.1408,218.949,265.5087,172.209,242.296,3.78609,176.364,333.0645,74.1051,189.964,82.7069,195.378,148.812,188.289,55.7636,164.956,14.891,178.977,144.345,193.183,169.79,351.57352,311.8271,271.88779999999997,153.999,278.5897,226.603,175.72,33.3035,140.52,42.5977,131.201,174.957,149.261
492,244.152,82.2168,296.6851,181.563,43.3579,252.575,177.874,213.715,162.823,275.5742,202.756,182.616,289.2446,353.06469,318.3366,175.581,246.37099999999998,70.4394,171.128,50.0254,192.045,160.206,192.089,183.531,84.4517,189.579,190.834,162.743,283.7512,187.248,21.8409,7.47262,148.195,21.1962,201.794,263.5689,175.868,160.779,188.386,338.3388,152.491,171.703,171.501
493,98.4591,84.6297,195.856,171.152,25.7253,96.7552,150.305,323.4448,199.987,265.8945,151.363,170.937,157.425,228.169,188.67,206.437,261.9291,81.306,194.681,57.6462,167.612,334.4151,169.571,78.1667,66.458,188.165,199.658,151.673,180.556,195.21,158.778,63.7424,78.5289,27.1701,226.308,80.412,172.25,234.019,52.668,171.409,159.844,142.436,299.4145
494,172.747,292.028,176.139,164.376,71.8066,153.351,176.095,213.404,54.7994,281.2776,62.299,189.267,177.047,225.455,175.011,184.329,82.0439,88.9452,190.788,68.7962,160.047,184.76,172.959,77.8466,170.61,175.833,200.341,149.09,198.096,200.608,34.1717,328.6035,69.2453,56.2373,180.197,72.3353,277.8757,250.799,280.1888,62.0842,30.7326,293.4878,170.508
495,180.056,92.625,182.091,162.091,29.46,192.061,175.583,201.058,44.5842,275.72839999999997,84.1935,188.952,179.963,42.5446,33.6386,179.577,77.1207,85.4493,183.144,72.6725,294.146,320.20550000000003,169.475,166.497,172.608,203.912,172.521,142.96,168.149,208.954,341.8224,87.3372,76.4435,6.03965,199.504,248.721,174.943,59.2583,194.96,50.1037,210.459,180.946,177.058
496,173.266,82.3391,187.979,166.626,15.6341,184.824,168.248,231.905,37.1916,263.9115,211.618,295.7509,196.416,55.7125,292.475,189.866,89.9541,62.801,187.663,85.0917,181.118,52.2616,188.35,187.675,172.255,0.150274,285.8365,121.363,172.723,186.78,1.51609,206.678,77.2135,336.3126,89.9133,69.3755,167.55,43.2409,85.8735,178.41,225.713,170.196,167.048
497,86.4271,242.914,182.699,186.786,73.0061,184.566,190.601,37.5302,288.6652,274.0943,18.244,288.8073,170.504,197.403,332.0879,158.253,86.7091,84.2557,178.005,108.841,185.635,19.8665,176.474,81.9529,181.897,203.481,177.976,154.388,176.376,190.69,328.6612,302.1807,177.206,193.77,227.769,76.4409,161.456,162.976,73.7125,207.007,34.5192,270.6263,169.023
498,276.6548,279.8535,172.753,167.06,15.7473,156.153,184.793,181.934,56.8173,284.19280000000003,201.995,173.544,192.08,66.9281,54.1522,161.639,75.8159,84.5286,187.303,62.6099,182.904,306.7512,170.695,180.83,103.48,218.754,175.092,151.861,192.028,205.146,356.50448,171.288,74.7474,13.846,23.6173,259.531,172.394,23.9838,267.9204,196.611,344.8729,189.048,180.05
499,187.595,119.84,161.636,191.736,52.1385,268.1033,177.596,30.9296,75.6217,297.13689999999997,34.8191,183.613,192.23,352.6528,357.70529,212.276,80.7546,74.3898,186.629,83.4074,181.159,199.483,180.252,191.801,154.186,186.646,185.568,160.081,181.847,190.23,35.3624,168.698,83.8791,231.444,212.557,79.6516,164.723,61.3147,177.248,176.953,291.8888,293.8036,178.428
500,65.4794,281.6809,194.684,182.761,24.7948,219.897,177.135,177.868,338.1139,288.1716,220.836,172.052,181.721,257.198,3.57575,174.247,76.3049,63.2095,173.588,72.5505,169.534,189.31,186.654,54.0822,169.156,10.0634,184.745,130.772,194.624,190.132,324.1075,158.863,170.636,36.5283,263.2726,91.6961,198.014,156.194,178.429,186.144,304.7172,173.382,177.723
501,190.258,51.0714,176.107,182.255,36.6602,263.409,183.963,274.13530000000003,320.4672,262.6637,285.9714,226.124,188.345,254.881,13.9359,168.65,157.856,80.584,185.959,53.3935,158.022,189.616,177.25,176.78,180.031,195.465,171.805,223.571,204.476,185.955,339.0077,75.6586,134.283,19.638,150.055,254.488,202.129,231.704,182.261,166.752,347.7452,152.671,85.2764
502,70.4196,228.08,180.276,181.29,57.0206,210.644,152.83,219.399,348.5676,276.5234,277.3843,286.2942,182.609,41.523,181.122,183.248,151.64,79.5565,194.294,58.6817,176.018,193.434,174.193,189.825,71.3985,201.925,203.707,161.157,183.825,199.832,4.44925,311.2966,153.582,30.8529,45.2344,74.0329,57.5891,197.639,166.877,313.6213,125.178,188.221,172.941
503,282.0756,190.656,178.64,175.926,19.7634,151.405,175.161,199.768,321.9794,275.3445,250.538,62.1592,176.339,194.178,332.0325,173.133,185.417,57.9068,183.507,58.6337,174.482,174.448,206.201,191.523,186.27,204.901,190.121,146.203,196.298,181.387,198.598,162.898,168.209,5.30231,51.0951,52.2355,71.4738,39.3502,185.45,301.1537,18.7526,186.168,145.762
504,178.33,335.26,171.376,183.802,28.3172,208.486,172.611,195.889,314.5556,277.4825,206.947,291.5422,172.16,8.79391,290.89480000000003,161.576,99.9071,55.3743,156.836,65.1726,213.853,40.1921,189.388,168.594,186.341,196.065,164.964,157.983,186.6,177.999,179.227,328.9723,171.338,227.258,213.048,249.849,106.884,60.3028,188.008,180.289,281.2428,189.907,200.22
505,168.201,89.784,182.186,180.129,42.7131,172.611,178.679,308.8816,320.336,264.2599,90.4945,306.1573,181.006,184.727,329.4738,207.274,78.4747,96.9344,185.24,80.6468,73.5087,344.3196,157.0,164.441,185.858,24.7784,197.683,116.5,204.932,196.825,315.9446,342.028,161.505,174.57,254.56799999999998,254.01,145.564,215.442,167.608,337.1012,7.96991,316.852,202.793
506,283.7752,292.8479,172.552,169.027,56.73,179.308,173.916,209.521,149.833,279.70619999999997,64.2109,277.9193,177.518,191.347,11.7306,177.264,65.1432,77.6384,188.545,55.8239,152.279,180.855,184.492,70.0205,192.421,67.8601,172.483,129.175,198.491,188.469,172.499,79.3669,167.368,1.40222,242.42700000000002,63.7855,177.205,327.446,187.898,166.79,36.0325,84.9658,171.486
507,82.6535,53.1952,194.645,162.932,56.2783,62.7428,182.982,163.025,5.32133,278.169,254.881,306.6563,192.63,216.811,187.562,177.584,62.0304,79.7933,178.833,86.0785,85.1005,323.7719,193.192,186.171,134.922,340.7227,199.217,168.717,188.222,91.5309,183.312,30.8797,180.123,210.553,94.7673,268.479,186.734,232.78300000000002,178.544,182.187,181.208,163.454,71.2437
508,183.266,102.234,187.738,174.649,60.8704,164.953,163.838,109.612,197.894,268.6391,258.743,281.8868,175.055,210.342,169.328,173.056,78.9806,73.0494,165.871,69.8067,180.293,35.9342,190.879,183.941,155.789,8.42459,289.4595,125.326,162.554,218.419,344.2438,25.636,96.7185,314.3125,235.781,233.513,186.606,170.704,181.755,323.8088,201.025,94.3267,181.18
509,80.5035,259.853,192.067,166.381,59.8711,214.858,161.936,54.182,159.165,279.92629999999997,268.0141,270.5991,185.857,182.326,172.056,172.36,78.0587,72.8856,191.703,89.4869,281.01959999999997,177.929,173.694,283.2531,191.401,198.426,193.974,141.8,184.253,82.8028,164.222,70.5883,95.4798,255.833,212.79,70.6308,150.811,226.361,165.256,313.0159,212.788,76.3967,187.435
510,276.3293,102.196,281.87080000000003,165.332,52.2283,300.2842,171.521,44.5731,306.1537,278.6481,159.344,302.686,190.631,241.79500000000002,176.339,188.878,74.5387,76.4245,187.383,50.3395,160.0,325.25509999999997,265.3324,76.0538,170.752,183.204,180.594,142.368,192.242,170.825,354.50318,306.3712,140.803,84.7848,220.585,76.3698,160.249,172.701,182.551,310.6599,27.1886,177.062,188.626
511,283.7461,246.558,170.218,182.852,73.5331,191.816,169.974,6.60978,35.0938,280.4049,238.43200000000002,51.8819,166.579,219.394,188.102,196.368,278.047,73.5191,214.858,92.8989,184.905,17.7215,187.77,87.9033,190.072,203.48,189.382,160.01,212.29,176.955,164.701,339.6079,157.08,356.55202,262.6882,78.2491,169.828,341.347,278.1834,190.529,328.9651,171.093,168.227
512,168.07,22.9349,299.8784,164.733,55.8063,231.83,180.411,193.563,310.0194,273.6443,263.2774,62.2817,175.487,23.6539,335.3004,192.377,88.3333,81.2295,179.288,63.4647,172.871,180.115,305.3457,83.5189,174.037,180.508,194.887,158.474,202.774,190.077,330.3431,282.0816,164.43,204.884,351.71226,79.369,162.994,281.1478,53.375,158.062,167.664,163.691,180.755
513,269.9684,102.132,166.706,174.863,49.9301,176.644,180.627,236.662,160.887,268.4944,257.946,287.2309,204.012,9.11432,327.4003,172.07,56.6794,79.9591,184.253,81.5546,178.85,60.331,179.415,164.802,171.985,175.207,177.471,159.575,196.011,186.524,153.732,165.886,86.9906,204.079,256.80899999999997,258.818,176.425,45.3396,161.781,34.5391,205.566,256.153,185.312
514,72.09,89.8031,182.844,175.686,17.4937,179.013,169.798,296.9376,326.7468,276.8893,80.0673,284.1077,181.292,190.336,170.748,166.974,129.47,71.6006,207.444,61.1537,163.84,172.225,186.99,75.7584,172.905,45.5798,172.485,172.937,185.793,176.697,176.399,65.61,175.449,10.3042,14.4395,237.27100000000002,164.613,239.25400000000002,166.585,183.176,222.432,164.328,185.648
515,59.3638,72.6735,156.798,164.875,26.8181,194.775,187.964,21.7631,350.2088,271.5555,57.2092,44.0576,179.563,17.3127,294.882,204.937,133.886,63.8898,176.782,70.6085,170.704,335.6903,185.383,155.404,148.958,182.776,186.154,273.38620000000003,202.498,75.3856,284.0185,43.9936,294.7,182.029,64.6895,245.55599999999998,171.829,257.218,189.857,172.345,147.251,200.754,165.494
516,74.4469,60.0998,185.037,187.86,49.0685,183.395,191.614,206.449,332.6105,260.8367,351.10164,290.5569,190.052,35.4711,349.1842,196.946,92.0572,82.2353,176.866,47.5075,189.943,202.483,304.398,182.869,161.12,4.50378,179.524,298.9603,206.376,183.374,166.486,63.0041,68.0359,18.5418,63.2288,242.619,164.312,34.2841,204.43,330.1689,187.456,167.164,168.95
517,184.228,254.623,262.5813,179.703,49.5955,295.1229,161.565,336.3915,3.12321,265.6239,264.7444,32.1973,162.097,245.086,333.9726,181.306,95.5162,64.3072,315.8788,58.982,186.459,189.973,275.1117,162.587,152.013,50.499,180.961,272.4559,182.707,177.834,150.68,279.9781,165.784,213.636,212.567,227.157,170.543,4.22894,179.646,174.448,169.168,189.745,71.6728
518,76.8261,102.241,187.785,174.692,31.3395,194.687,178.948,184.269,303.5451,263.0655,281.1124,314.0178,188.964,99.8648,5.77813,199.625,103.084,78.8143,181.103,69.2748,184.272,191.668,285.5656,61.7234,183.785,20.3381,181.46,159.144,191.418,195.298,177.424,32.6969,181.297,16.6783,212.928,86.5126,172.044,30.0608,176.03,170.82,8.4763,295.37059999999997,185.131
519,255.524,246.635,199.435,169.449,24.9438,156.216,170.494,10.0131,171.594,281.61879999999996,272.8135,281.8918,188.275,58.1497,6.65393,170.342,204.846,78.8619,176.509,58.2675,177.391,194.555,285.598,187.462,167.464,180.964,195.736,190.202,196.014,181.118,329.1215,357.55502,79.8166,32.5212,268.5398,241.03199999999998,173.178,62.09,179.019,176.19,200.031,301.6452,207.87
520,309.87149999999997,90.5095,175.733,195.679,53.8071,186.311,159.001,18.7259,16.7022,253.43099999999998,254.703,91.1749,176.674,53.7499,330.4908,185.101,278.2636,88.204,293.3961,63.8063,172.856,185.877,161.783,173.031,168.769,54.083,179.961,126.687,181.648,168.591,10.3474,171.777,116.153,281.9327,313.4638,82.6141,86.5704,188.776,178.81,161.617,308.769,201.5,178.549
521,82.4462,272.0765,158.057,187.259,48.4819,196.919,199.991,34.1402,310.2412,273.5404,253.536,55.8144,171.008,22.1081,349.3809,202.851,273.6469,82.9012,200.768,57.522,167.19,188.621,276.14660000000003,175.613,171.164,188.609,181.899,141.707,194.713,184.677,165.216,18.557,155.915,270.891,19.7408,57.2792,87.278,208.85,177.505,182.845,173.798,300.8153,275.6561
522,151.335,270.4532,183.933,182.225,28.8364,160.564,165.999,10.4568,321.7845,269.881,241.994,39.4792,164.32,183.921,180.633,165.886,266.7966,83.7416,169.985,82.2997,172.764,209.859,203.945,190.633,173.059,199.938,189.708,135.012,186.272,182.614,328.4731,194.389,86.2744,222.914,263.0785,290.0063,207.985,118.13,183.761,198.752,127.448,323.1405,177.485
523,183.156,232.685,186.236,169.541,39.8582,213.235,201.696,206.551,29.0163,272.4388,255.571,52.5713,187.085,275.7785,178.032,167.671,315.582,95.8353,181.196,70.8473,179.284,192.813,173.899,67.8307,172.977,187.995,289.3648,117.261,178.019,179.12,186.528,177.095,80.9776,218.255,225.426,233.542,191.674,205.437,177.961,168.32,347.32,198.091,181.278
524,282.5716,293.881,198.666,176.554,23.5744,197.782,183.018,72.2844,345.4504,272.7182,75.0971,39.2519,172.881,214.121,312.3503,174.179,260.9163,102.551,191.665,71.5172,181.32,186.678,170.965,169.07,180.644,254.231,176.38,189.114,183.745,190.291,179.745,169.705,91.9413,60.4372,25.3575,257.185,174.705,240.372,176.433,175.224,35.2101,186.255,165.758
525,278.7679,232.449,180.156,185.037,26.5048,181.931,176.558,355.12216,38.3223,276.50350000000003,262.44010000000003,279.9507,174.72,40.2326,199.163,175.981,260.6256,101.91,190.041,64.6827,150.775,181.729,161.262,187.422,188.969,222.806,203.358,213.452,172.101,190.923,323.37760000000003,166.554,137.261,175.522,63.1186,245.291,182.075,331.1717,294.0561,189.788,3.17239,295.4842,185.727
526,75.6245,269.425,154.828,176.448,46.1487,178.505,172.143,20.8406,26.2125,271.671,77.9136,288.64,177.181,2.59351,188.177,179.613,272.53700000000003,67.1435,186.136,61.1493,82.454,196.209,284.6927,163.448,141.135,182.598,190.514,205.128,210.856,174.277,27.283,143.91,168.668,25.237,37.3248,217.983,183.302,136.392,184.697,36.0418,212.583,312.6607,83.0562
527,21.2742,258.723,149.806,159.62,57.6068,303.9095,191.504,35.8326,319.8962,275.6145,203.046,46.6105,179.88,134.451,176.48,197.341,260.1099,78.9244,58.0518,80.9247,176.365,182.09,177.148,300.0151,184.781,182.064,170.753,228.912,181.095,201.388,164.282,158.93,74.3046,227.548,277.37059999999997,240.94400000000002,178.925,232.48000000000002,182.306,168.681,50.0228,65.6347,167.116
528,76.1661,268.469,175.102,174.084,27.6282,280.948,173.8,32.8579,176.823,276.1182,68.2158,269.6144,175.966,359.233362,19.8434,166.187,246.505,81.2332,190.922,83.502,188.538,205.723,172.814,168.379,159.78,217.822,170.032,218.541,191.598,183.622,178.087,183.011,283.8816,41.4406,199.183,230.072,181.598,20.2934,168.577,315.35699999999997,41.5258,59.7748,176.612
529,175.329,99.2631,175.812,180.491,40.2765,178.386,188.251,228.923,287.5234,275.4089,60.5358,61.2009,182.179,91.5132,9.05028,169.812,242.906,92.4714,195.145,76.5536,290.02729999999997,148.045,273.3942,182.752,168.336,185.285,184.145,209.02,184.248,196.537,303.3452,149.702,222.099,102.614,238.37099999999998,244.877,153.688,262.1914,200.481,175.196,189.664,152.915,211.148
530,280.2624,276.5114,181.07,186.389,45.8744,164.709,177.792,38.0768,345.0801,263.5686,198.358,175.927,171.632,342.856,189.438,196.181,259.079,97.6337,176.015,43.1139,176.846,188.009,186.476,182.016,164.246,13.8758,189.526,214.433,178.359,177.661,181.661,30.2064,186.44,356.92839,37.6572,90.7484,178.437,124.761,190.841,164.064,336.9727,193.93,195.92
531,300.7882,136.344,273.1852,192.542,26.4477,199.291,177.352,358.9392,321.96659999999997,285.6533,265.58,186.836,176.439,2.558,184.495,186.157,257.438,70.5739,183.134,70.0681,174.062,183.58,293.95910000000003,162.63,149.336,134.505,84.6364,205.814,61.2313,189.121,169.666,297.4111,74.1431,224.19,250.91,56.9802,157.946,6.21942,179.851,310.4853,5.35433,192.734,160.802
532,285.3856,83.7368,196.096,186.671,51.0199,228.322,183.072,256.326,152.47,279.7424,65.3119,175.907,182.199,74.6285,331.2902,179.219,269.37170000000003,70.6382,185.137,71.8274,183.017,184.268,50.3373,166.665,89.2659,43.2273,63.5551,206.652,75.8328,180.753,329.4304,15.7037,141.756,44.9704,210.308,58.876,171.527,252.815,178.357,334.0751,53.8475,258.985,191.206
533,66.8323,316.2471,184.959,178.707,49.9098,190.853,171.645,199.914,321.4004,278.8938,235.675,200.664,165.857,69.2821,178.417,186.323,346.4347,87.9453,196.08,60.4427,165.848,181.021,190.277,63.7711,105.158,242.56799999999998,186.697,209.778,79.5132,167.068,302.60699999999997,37.5505,139.813,28.487,210.667,243.59199999999998,173.832,280.6548,182.769,11.7656,267.28430000000003,68.7694,204.637
534,79.459,306.0686,181.073,162.919,72.4432,184.388,155.879,227.439,326.4629,273.63599999999997,205.538,202.034,174.422,189.976,198.074,200.834,359.829802,108.441,171.134,68.6768,174.179,194.911,174.503,293.9134,135.356,54.6535,74.415,228.188,282.1564,188.886,24.5037,45.6113,166.188,31.1682,196.287,249.279,159.107,31.9246,182.969,313.8471,353.28501,167.038,179.232
535,157.518,129.889,189.799,185.944,38.3438,201.853,170.011,199.367,173.596,278.1174,143.669,201.412,188.065,47.9236,0.854822,175.91,4.88922,69.089,174.887,72.8485,195.683,195.054,166.435,82.292,160.645,196.789,188.113,234.869,307.3634,199.733,303.9144,53.6903,79.444,131.606,200.721,61.6752,177.639,193.319,178.966,178.222,198.392,274.2422,174.773
536,264.36,229.444,72.5889,177.353,58.6297,224.14,186.689,193.981,329.3815,281.1082,110.256,213.092,172.954,48.4396,346.3155,215.034,333.5182,78.4921,183.056,71.4317,171.408,184.109,174.608,182.845,190.557,339.0239,192.518,144.248,55.5774,179.692,184.749,26.3614,80.4545,209.697,222.894,270.4299,175.75,266.0881,275.1628,339.7181,124.325,188.583,165.924
537,235.90300000000002,74.3409,204.631,177.246,7.57955,169.229,173.794,208.803,305.6785,271.6237,253.67700000000002,187.7,186.048,354.348,192.732,169.352,352.64045,92.7959,171.7,60.5028,197.126,171.549,181.404,180.899,197.539,218.036,189.614,142.402,53.0685,90.9103,173.493,43.5307,147.375,224.172,281.1331,248.02800000000002,183.967,316.93399999999997,167.495,195.012,4.13878,183.606,180.263
538,293.9916,99.2065,174.283,176.913,40.2396,203.928,185.014,163.462,331.7026,289.9696,190.848,189.824,177.372,4.94452,193.716,167.141,356.28843,92.7623,171.453,91.8465,182.822,173.415,158.56,271.0695,174.97,357.16226,187.095,200.249,56.1601,181.408,343.7515,357.8844,74.3818,3.84819,43.9036,65.3672,175.475,146.787,180.101,309.7175,142.024,182.595,186.564
539,187.043,287.4302,176.54,194.714,53.3332,302.73720000000003,174.93,235.666,311.2501,286.6503,325.8832,151.249,178.488,346.9665,328.6946,190.37,351.00197000000003,87.484,173.434,68.3388,163.168,177.296,208.953,299.8507,176.981,199.362,193.466,205.366,170.558,179.744,170.789,297.2308,88.0354,75.112,162.971,71.8326,142.183,223.063,172.056,175.435,192.798,281.40250000000003,191.307
540,251.595,274.2027,175.233,177.165,19.4071,247.892,168.395,220.704,315.3508,260.0491,233.49599999999998,182.519,165.012,95.4088,322.0487,179.799,19.5314,102.425,191.944,63.1154,176.785,179.528,44.0472,172.851,181.923,24.2631,182.943,206.678,73.2725,173.421,317.8721,338.2592,155.535,230.731,6.23862,269.8219,68.4412,4.23331,152.386,187.198,239.94299999999998,75.6693,285.3504
541,191.941,121.56,206.013,182.157,24.7846,209.467,185.448,24.686,321.1832,261.4415,228.823,181.911,176.918,230.438,25.6887,180.436,268.8766,87.0692,272.1675,81.1854,173.282,205.514,171.354,293.5454,182.932,209.837,167.962,223.611,205.911,198.728,162.424,61.2154,143.941,36.8788,115.574,271.4922,199.919,227.684,157.1,350.22579,317.9823,135.37,169.778
542,273.8374,62.8352,173.92,196.631,49.7435,193.179,176.982,27.3669,342.0955,274.3855,233.837,188.091,174.021,229.334,345.15070000000003,173.842,274.4409,76.4472,171.265,100.336,211.739,201.954,145.181,65.2129,194.022,22.6005,176.319,206.766,177.372,160.248,225.409,19.935,89.1259,37.9246,37.488,236.301,167.049,74.2427,172.032,176.399,355.95654,197.694,185.639
543,261.9459,72.0466,201.566,192.466,42.9756,174.786,162.074,182.009,310.8219,251.99599999999998,200.94,181.336,168.353,239.48000000000002,181.887,180.203,263.4145,82.3325,166.916,67.5889,189.146,202.321,172.885,174.777,193.079,244.33100000000002,197.165,191.008,202.905,174.592,341.9326,14.8987,72.7379,13.0441,185.105,252.548,170.067,334.1105,167.896,198.018,96.0692,195.628,171.32
544,269.1088,262.97429999999997,178.071,178.831,40.3248,198.083,173.87,187.752,302.8566,280.1758,154.198,155.123,194.031,42.8894,350.58615,194.312,259.49,109.026,184.787,57.4947,90.562,203.935,160.265,182.027,166.492,186.362,175.354,208.92,222.388,194.037,296.2695,356.04364,145.386,236.64499999999998,58.2421,128.464,108.958,230.577,297.8311,175.468,177.353,171.809,184.495
545,297.8434,239.63400000000001,218.747,180.081,39.0272,178.815,174.297,187.207,13.6218,281.6549,208.999,170.715,184.51,241.777,181.739,200.415,296.9554,64.5417,190.469,70.3158,202.729,184.302,191.48,180.063,175.913,44.7514,185.203,202.094,166.63,189.702,10.7739,331.8018,81.2157,72.8927,47.339,256.445,71.0729,215.617,172.259,310.4088,67.1081,285.9499,172.905
546,171.442,280.6874,187.818,181.526,50.5014,193.054,178.365,20.1485,64.162,273.2213,176.576,197.613,191.023,263.1396,27.1619,192.364,74.9659,72.06,175.062,85.3917,181.2,169.569,200.765,79.5715,170.458,195.502,74.3286,239.064,140.565,173.661,168.339,163.809,62.517,263.5865,39.1261,77.191,179.122,160.783,198.836,191.633,15.8196,271.6015,176.584
547,298.5012,348.8924,184.651,176.31,44.4172,178.448,187.935,189.18,38.4026,256.38,44.2129,279.7506,181.816,170.176,343.585,176.764,86.9196,72.9852,176.058,75.4562,188.647,182.035,195.972,184.749,188.278,17.3415,156.747,212.1,161.134,201.182,337.8991,148.986,69.1435,185.742,201.888,260.38710000000003,162.595,231.487,161.088,0.481839,134.213,171.408,154.954
548,280.59590000000003,134.659,283.9916,180.356,38.6851,180.452,175.056,209.988,344.5071,271.1827,61.3022,301.7334,81.0213,220.888,296.7297,188.082,137.761,75.1597,184.79,63.5981,207.257,194.027,179.893,170.005,153.522,197.537,197.201,142.776,189.293,186.701,321.65840000000003,337.7549,77.0249,30.5494,240.373,173.852,83.9997,260.156,79.655,188.641,22.2042,54.6004,194.843
549,91.8547,61.0272,170.035,166.962,54.6478,205.286,176.944,198.835,351.09986,273.02750000000003,105.966,286.1816,73.0899,236.632,183.454,78.8647,84.5076,59.09,191.629,58.3303,162.195,199.236,184.553,54.4303,187.847,22.7412,187.758,119.042,180.642,182.331,307.1077,336.7733,120.36,179.024,334.4428,60.9939,181.706,226.33,162.166,336.3833,8.33175,267.7693,160.654
550,167.6,327.0271,165.661,167.139,346.7592,198.045,158.325,4.44066,332.4935,271.44010000000003,74.7882,290.8421,65.4794,210.622,18.7193,197.391,250.33499999999998,82.2888,182.843,66.1606,177.504,169.276,194.179,187.231,184.735,185.646,181.456,195.39,176.274,189.194,314.2865,13.1439,286.5783,274.8901,263.4689,82.3906,174.341,218.023,169.656,331.2515,300.7037,279.0082,170.006
551,267.4522,28.4797,200.504,181.271,48.3158,181.689,189.373,223.748,66.1886,279.9475,193.15,288.9816,188.381,238.595,7.82323,181.66,102.978,130.723,162.697,65.8632,202.178,178.575,202.492,272.9053,195.831,198.708,195.003,208.299,182.065,172.978,342.5081,308.8727,118.937,210.762,320.58979999999997,52.5303,181.993,203.392,188.547,183.203,56.0378,169.105,195.986
552,145.25,142.051,164.73,190.201,52.2178,174.159,184.751,52.2255,290.4357,243.88,351.26764000000003,286.5433,174.71,34.7632,72.6521,184.908,74.2963,59.456,189.874,56.8303,211.488,200.673,178.64,67.0678,205.052,8.01488,178.124,166.499,199.321,220.031,67.3394,7.90795,218.001,48.4936,16.9554,247.696,173.96,39.8775,182.141,153.828,184.035,211.123,170.678
553,171.002,82.4914,175.849,181.733,27.773,203.677,179.1,196.0,51.1497,255.054,3.36775,296.0758,190.536,218.095,330.3432,170.886,275.9774,77.5411,181.074,62.6826,301.1888,194.423,278.1223,68.8872,162.704,351.533,201.067,163.99,290.4018,91.3103,190.797,334.22950000000003,90.6723,195.697,221.05,232.328,173.398,31.3435,192.474,344.2067,106.404,174.155,175.804
554,186.864,25.6961,178.63,171.355,45.6366,210.855,154.894,220.928,48.5601,274.3012,215.34,308.1648,179.478,39.1244,193.585,188.326,259.78499999999997,79.3823,178.98,58.212,166.678,182.388,186.018,172.327,179.7,5.67453,194.624,193.469,173.482,186.129,336.5768,14.3702,183.089,87.2527,109.347,235.762,159.941,74.1905,193.817,342.1422,23.9877,261.711,168.18
555,63.6449,151.016,192.428,185.448,43.2001,186.353,170.523,329.9317,63.6814,259.137,280.3969,306.6454,183.191,352.33173,179.56,192.739,60.8525,49.4364,181.224,57.1754,181.028,192.243,193.73,286.93399999999997,175.016,17.1571,198.917,203.139,200.648,159.566,154.258,320.2659,104.36,206.555,56.897,243.003,179.564,198.244,185.717,320.78,166.004,198.746,170.112
556,74.1205,279.334,68.5927,171.136,26.8119,175.775,172.948,199.701,49.9517,282.753,48.6613,301.04970000000003,163.031,15.4557,181.19,174.813,86.7503,65.3841,190.329,70.3234,69.0309,208.723,187.177,282.3084,169.698,211.157,174.176,146.273,186.443,186.038,162.43,183.726,77.2556,39.0875,53.1297,250.67700000000002,167.438,165.665,204.85,172.044,320.8564,299.883,184.905
557,48.5886,67.5251,173.034,170.867,37.1971,152.757,177.575,242.69400000000002,78.7784,279.9094,200.406,195.998,83.7318,203.853,324.6538,191.659,144.292,85.4193,181.087,57.4805,191.493,191.086,193.036,274.6907,173.173,181.084,175.844,218.167,182.002,199.572,159.185,21.6775,82.8195,220.725,73.0535,69.2472,180.886,26.6206,280.6082,307.7169,12.2774,60.1677,172.319
558,76.718,217.878,172.314,189.084,32.655,188.825,172.76,35.6704,325.303,293.5141,69.779,192.19,99.4493,18.7739,341.1348,186.953,82.1673,72.8197,176.854,79.5847,188.876,178.713,181.873,303.6136,173.388,25.2812,169.411,112.677,188.74,187.724,177.271,159.492,71.5996,223.569,44.5672,80.7682,159.08,64.8287,199.287,83.4284,181.724,171.685,195.327
559,170.352,155.346,196.725,179.311,42.5474,170.587,154.35,131.84,314.8424,272.69280000000003,241.39600000000002,188.235,57.5008,217.232,2.43757,183.682,103.378,106.09,188.558,52.6637,160.784,185.253,189.658,266.0322,172.672,2.85066,189.267,233.786,186.905,188.599,306.7858,157.703,62.0918,194.618,227.905,52.2388,153.628,121.688,90.9224,35.2237,178.133,169.704,170.353
560,289.6245,44.1066,170.811,182.86,33.6577,198.794,161.631,209.847,323.9026,283.0843,298.6467,176.92,75.6794,48.5588,18.9913,66.5204,175.36,81.6819,190.678,69.3984,178.821,187.47,164.802,173.341,165.027,19.7924,179.264,162.673,77.8838,189.975,177.12,324.1273,83.9407,223.785,198.827,242.21800000000002,180.174,166.794,175.586,35.1616,45.0714,177.502,175.376
561,157.437,174.275,188.295,184.632,34.0058,177.442,181.88,155.88,32.7142,270.8682,116.799,193.11,87.3244,168.36,142.745,183.13,167.837,66.5363,62.7411,59.0557,190.011,210.902,169.308,191.407,185.132,19.0541,180.954,139.398,54.0499,159.72,180.026,24.1659,173.153,35.5437,234.39,276.9448,195.595,293.8509,170.748,185.948,220.971,309.2045,164.507
562,194.505,301.0817,162.861,181.211,48.1567,168.751,155.615,268.8218,310.216,269.4364,123.668,185.226,68.6249,61.824,174.932,194.294,187.619,95.3213,187.715,68.437,194.434,188.125,298.7634,90.9965,166.548,11.305,185.921,150.487,71.0611,188.99,299.0836,356.77714,46.8953,239.743,355.58902,80.2339,169.928,205.572,176.107,178.907,76.1274,162.303,164.841
563,77.8183,174.858,325.4948,177.578,41.1487,232.858,173.323,213.647,322.5967,274.3953,200.861,171.605,67.2778,28.9946,180.308,181.275,163.561,71.3597,53.4771,58.9471,176.744,193.237,168.183,192.324,188.699,40.0856,74.3367,158.737,84.3594,181.851,188.083,348.204,165.458,61.9584,57.7498,77.6165,58.8306,351.30316,176.538,319.0729,319.6412,212.813,191.487
564,169.045,149.243,169.599,170.062,32.3295,178.959,164.02,241.882,170.728,287.3359,236.291,197.007,80.3847,9.07717,358.21225,153.255,167.804,72.4721,185.266,59.7634,65.8951,200.879,171.211,57.8857,162.7,19.3209,76.9444,133.646,281.8505,166.91,300.6662,186.051,83.6232,259.623,249.28300000000002,62.1687,185.667,23.8076,187.189,43.1613,115.116,289.9796,189.42
565,269.3686,165.073,185.755,193.157,40.9221,203.57,180.155,57.1821,311.4275,284.9826,241.325,202.414,86.1111,52.5404,315.1941,178.133,186.768,69.7106,62.504,90.1592,166.888,216.82,165.507,65.4916,149.349,37.25,180.347,152.455,276.59749999999997,183.607,347.3668,158.469,103.572,24.0522,204.349,97.1513,146.468,200.846,43.5106,50.2523,201.779,283.3999,293.83320000000003
566,213.569,301.5997,178.707,177.249,22.7928,195.146,171.948,206.265,17.98,268.2004,228.728,194.358,77.8994,192.233,325.6424,177.308,92.7542,87.9125,199.426,70.49,188.037,174.537,178.836,172.721,158.234,177.861,177.686,297.8417,299.5496,181.212,16.8221,52.8834,167.009,213.914,67.2845,280.3348,175.67,36.2857,187.001,29.9315,156.294,112.315,179.429
567,183.489,112.844,188.912,182.895,29.5835,181.883,170.116,222.482,152.925,274.18309999999997,321.4596,198.118,102.276,38.1426,324.4163,178.487,193.022,68.0127,169.35,73.5819,200.812,198.373,185.163,74.8028,159.801,166.886,185.629,280.0322,176.219,173.026,172.099,274.7529,151.87,211.99,175.667,235.69400000000002,188.634,218.709,225.782,22.2354,36.7363,187.679,298.0354
568,52.6545,83.3441,182.278,166.563,35.7472,213.478,185.629,6.05323,323.0757,246.231,340.695,168.928,83.0412,43.0906,335.3946,179.869,66.7614,77.354,172.896,53.2094,172.119,199.252,180.889,74.3111,198.947,170.274,195.535,284.5622,181.415,172.747,189.88,231.944,178.059,315.1805,73.3717,85.6182,176.761,13.4848,175.696,3.90331,344.5622,192.135,185.148
569,274.3423,311.7851,197.406,197.263,21.9658,191.704,177.859,80.626,64.5235,279.627,316.5221,196.19,81.4862,215.822,180.249,178.033,118.667,60.1013,202.077,63.9933,175.715,177.936,186.741,87.2129,196.144,0.190927,175.613,265.3195,154.858,176.118,190.79,49.5297,179.706,23.4317,41.5608,71.6293,185.64,317.6575,203.728,3.20015,74.1599,81.6681,186.867
570,192.48,133.86,178.287,171.162,35.6151,195.492,151.66,9.15039,32.4095,283.2268,92.2056,178.109,192.345,34.0756,196.335,209.27,57.6245,65.3244,183.818,65.3644,168.898,204.568,184.888,172.665,199.471,343.7154,174.235,156.271,84.5525,198.877,68.6802,193.57,143.313,60.6691,215.483,65.602,62.4568,105.964,187.133,43.8339,292.0147,188.695,177.799
571,83.3141,80.4313,186.24,165.402,51.5194,192.518,174.98,17.12,71.5896,263.9094,125.941,180.748,188.676,204.021,159.051,196.754,60.0033,85.2287,188.795,83.2903,179.289,179.73,181.054,182.251,75.9972,38.2041,186.468,133.673,285.7769,205.261,332.0032,323.6657,81.8402,267.8071,51.3138,85.6988,220.75,218.814,186.667,189.111,253.651,82.3842,177.386
572,273.4449,184.545,154.111,183.939,8.74473,55.3245,200.312,16.2807,317.1175,243.20999999999998,331.9371,210.417,177.821,347.4326,37.354,191.524,185.498,87.2581,188.753,65.1285,179.852,205.763,186.803,200.022,155.408,30.5998,190.81,201.378,185.046,188.661,324.8066,48.7155,82.3623,36.4855,209.617,99.8908,162.235,176.749,163.692,177.249,188.211,86.7288,94.5141
573,101.562,151.798,180.272,163.408,54.459,63.9063,171.24,204.076,60.2217,274.2046,216.062,192.22,193.421,193.252,337.5337,148.442,178.842,72.3401,185.404,53.493,167.894,191.425,180.734,140.286,169.024,24.5219,178.323,159.934,191.253,187.149,179.271,180.226,162.473,48.9936,267.0483,266.2174,177.893,350.69095,187.485,16.1327,200.086,252.463,186.325
574,174.791,54.0214,181.65,189.036,65.8632,62.9152,186.209,18.8608,340.5269,275.4643,233.12,187.996,190.95,21.1508,334.8202,161.607,149.999,80.0721,164.76,105.237,188.848,181.254,188.725,160.362,86.43,252.04500000000002,179.889,265.16769999999997,171.794,202.541,37.5824,178.363,78.6889,340.0952,127.417,234.495,162.143,312.5996,169.858,5.67457,341.9152,286.5627,177.629
575,180.612,209.718,173.557,178.98,6.43951,73.3342,206.806,231.909,237.71800000000002,277.1024,81.519,202.52,171.621,191.963,24.7956,176.405,161.164,87.7906,166.399,72.1902,177.057,176.273,186.759,167.06,188.133,26.1778,178.284,127.65,198.199,81.4653,339.7635,342.4711,88.6911,40.8778,76.9064,244.701,193.931,84.7577,184.223,184.262,230.173,181.015,265.6259
576,270.4178,21.0292,196.426,167.436,45.4318,65.5779,191.786,221.876,220.951,273.78,93.1231,289.6218,179.688,48.3951,32.0362,185.242,154.3,54.6651,182.259,69.3539,168.427,178.356,169.575,172.871,183.268,204.255,209.616,179.993,188.299,205.983,173.357,63.0028,75.3015,171.719,236.136,66.7451,189.03,303.2199,161.657,18.7697,245.57299999999998,219.029,185.746
577,271.723,148.231,163.325,160.642,57.3244,61.4448,170.976,272.6318,322.5525,262.6545,218.082,182.969,107.796,48.0319,345.2264,173.088,173.702,94.8321,71.5867,85.4591,184.281,107.337,174.183,163.077,174.494,35.2746,179.393,116.037,200.987,210.654,16.0239,18.2148,275.7477,198.675,183.233,70.4858,181.756,275.921,185.762,44.3235,196.009,68.3235,174.247
578,52.5995,179.23,189.225,168.521,37.4472,63.7092,181.213,211.352,192.823,264.1375,261.5449,193.069,193.969,70.217,355.56356,177.128,155.974,101.81,184.761,94.212,193.102,193.998,174.422,71.5554,201.212,229.352,203.501,249.861,195.287,197.05,177.015,64.1472,293.8628,203.962,39.6363,83.8802,137.649,68.9385,157.185,26.4895,163.939,190.466,208.237
579,288.9178,54.7611,187.582,183.535,55.6705,74.2771,178.712,311.3635,174.671,242.19799999999998,62.1416,194.759,152.061,227.296,305.9479,168.359,170.976,72.3965,154.528,66.5245,166.972,194.587,164.495,176.087,165.311,35.9904,194.004,264.7713,172.435,189.819,10.3044,185.603,183.366,37.6362,70.2734,68.0584,180.294,297.3941,163.793,52.7229,250.503,182.634,179.613
580,170.263,316.9531,185.778,184.616,46.157,70.9605,180.007,209.551,343.6509,264.5163,61.0999,273.5577,182.788,57.3074,333.2736,171.6,84.9077,82.8818,164.146,70.1964,164.071,32.233,165.926,156.342,162.028,9.60577,175.13,219.593,179.639,164.441,29.3318,28.3148,159.391,25.0455,43.3821,76.1191,200.02,155.689,178.712,38.2714,239.44299999999998,182.27,167.317
581,282.95820000000003,0.73625,203.403,180.117,47.9578,66.8141,190.245,11.3433,340.1296,257.101,36.1696,179.623,181.731,301.1886,332.63779999999997,192.022,61.5561,84.2163,82.5915,44.0076,177.154,10.3512,194.014,282.2452,171.65,217.412,182.115,195.327,289.9973,181.949,316.8858,56.9288,140.311,203.127,32.6943,60.0287,150.214,209.459,190.427,183.582,206.922,182.212,173.447
582,300.4314,59.3284,167.926,183.592,20.319,71.8445,161.684,51.6817,326.4443,280.5923,95.7676,308.7948,181.49,204.256,357.03113,131.284,169.127,88.5968,289.9134,84.8563,191.797,161.199,183.335,191.733,184.537,225.285,189.085,111.801,199.517,212.841,190.437,195.899,71.543,17.3234,40.5717,68.5608,134.532,298.2649,202.612,161.88,27.3444,181.031,172.463
583,269.89279999999997,55.4072,160.54,167.676,35.1048,88.1796,168.514,226.74,88.1346,273.4311,38.5341,291.7937,175.134,205.594,168.266,176.41,172.427,69.9619,185.522,79.4422,301.2078,71.3996,168.698,179.159,156.268,17.5809,183.983,167.739,187.223,204.142,0.776903,170.042,281.77660000000003,96.6355,191.346,87.099,157.38,275.1589,162.14,317.1323,214.539,201.113,166.214
584,302.7824,228.999,291.5201,167.107,42.2823,71.4689,166.449,210.736,21.0006,274.6092,19.9108,275.5346,178.708,234.135,181.946,176.572,179.544,69.2892,187.482,84.6613,176.629,320.597,173.823,182.543,187.672,8.69151,169.204,139.371,198.757,201.314,35.4755,39.4794,63.0257,16.7212,260.3953,251.81799999999998,184.405,240.428,175.439,171.931,213.152,267.526,188.939
585,262.8823,85.7002,174.223,180.062,53.9594,77.1803,175.241,27.4487,342.1586,280.7319,97.6363,187.283,174.023,19.1878,145.521,199.071,173.308,71.905,196.605,63.8429,167.9,7.71332,184.858,93.7585,201.653,22.8038,165.573,186.516,196.984,201.646,336.374,332.2527,81.2919,348.9975,32.5492,258.31100000000004,88.8926,57.8973,176.866,184.587,11.2475,164.805,284.5456
586,290.8873,76.676,107.25,201.148,25.9684,180.421,176.363,204.697,325.4173,277.769,17.3567,202.949,175.172,197.879,184.606,179.181,177.994,58.4837,189.166,80.8375,160.211,66.5949,169.443,66.1409,108.425,9.79975,191.05,245.388,174.574,189.997,164.979,138.86,97.2814,0.127106,64.3563,235.022,144.283,192.848,177.481,320.0135,334.9068,289.0553,178.768
587,173.973,229.727,169.086,170.144,55.8904,192.831,183.526,209.65,299.3782,261.3934,257.522,301.6355,173.736,59.7455,343.7036,196.461,151.786,62.8826,180.798,74.2419,290.8646,162.473,189.351,180.935,162.576,5.8249,185.421,213.295,196.112,172.333,350.16202,319.54200000000003,80.8976,42.3043,3.47226,262.7824,179.675,15.8416,169.837,196.522,180.952,116.631,179.679
588,61.1257,269.6082,184.699,171.199,354.17621,204.791,189.874,49.7391,173.765,277.7884,21.1518,269.9741,175.7,358.79904,15.621,179.548,177.431,71.2187,70.2395,75.6074,72.2056,179.284,205.639,41.0947,198.504,14.594,159.474,161.723,208.258,204.7,328.21,183.074,85.1744,93.6145,39.6115,236.267,189.635,29.8429,179.989,171.7,188.713,170.87,148.287
589,301.7954,276.9001,183.329,188.417,54.8219,276.3357,174.932,102.803,184.716,267.51030000000003,358.06466,170.798,175.074,212.235,183.31,192.554,200.704,70.4248,180.543,58.5044,187.313,320.9405,182.598,84.2577,167.672,48.2948,173.943,153.069,193.027,79.3717,147.546,324.9617,169.603,66.4893,43.7382,262.2578,172.418,215.293,161.157,190.202,201.508,205.245,200.167
590,164.42,28.1027,185.006,172.541,39.378,307.2595,165.542,340.1117,192.482,270.7067,299.0705,185.15,177.354,59.6673,38.6168,170.747,180.009,66.5372,279.3397,73.9733,177.389,4.10654,167.932,170.985,145.912,68.9137,146.331,138.065,303.1509,207.3,187.99,197.125,150.215,28.3706,219.68,331.0576,173.961,236.821,172.703,183.515,307.141,114.893,292.14549999999997
591,164.839,80.1946,179.094,176.935,42.0591,293.7386,180.969,162.553,55.5022,260.83050000000003,53.191,187.412,184.853,154.226,179.527,177.128,165.049,70.5164,295.1943,63.2953,196.67,189.225,178.961,179.625,177.247,180.445,193.244,153.421,189.013,121.071,31.6447,209.612,287.22069999999997,55.9443,231.193,267.1348,194.73,186.206,169.676,307.2154,154.473,51.6745,166.568
592,258.209,13.0491,275.8843,176.456,37.2747,307.4119,181.574,339.96320000000003,189.182,268.0385,235.529,169.032,182.831,212.164,16.0248,174.888,59.7753,60.781,167.073,69.1443,183.633,187.778,186.61,181.589,174.54,189.793,196.958,220.987,192.896,185.374,13.1488,180.506,77.4704,338.2099,248.317,226.981,78.7324,235.25,160.917,330.3644,212.908,196.51,180.625
593,298.9176,291.0813,187.078,176.827,67.8866,288.7002,191.766,175.63,164.686,267.1545,245.762,185.857,189.077,74.3688,346.4383,178.167,64.3452,65.3489,177.547,67.9575,148.209,181.531,173.489,199.872,175.993,188.601,179.283,163.284,67.4391,178.416,323.7964,299.9322,165.832,241.512,1.26098,62.0775,62.9786,214.319,260.5366,324.8062,114.121,160.962,280.5868
594,263.3035,193.816,181.352,172.998,47.2631,302.3743,169.604,339.3821,157.195,250.924,234.865,186.483,188.317,157.902,346.1011,194.406,272.4107,91.2729,179.033,76.5047,174.417,193.592,308.6511,60.5953,188.07,21.1054,67.5934,285.8696,313.4098,164.356,355.27533,148.986,203.613,43.6262,183.734,85.3763,191.723,239.864,205.59,39.3214,248.14,174.342,183.992
595,277.10699999999997,311.3182,196.79,181.198,60.9524,296.8029,167.361,20.1943,28.0748,273.9631,137.642,200.066,181.542,174.634,186.895,181.276,174.366,75.0917,282.5007,79.6136,145.51,181.069,176.761,137.869,167.003,81.907,182.722,286.0564,312.2195,93.3941,333.9531,273.9454,175.298,41.0023,29.4039,59.581,91.5872,214.807,187.746,37.9864,238.30700000000002,171.457,283.4048
596,273.9083,220.397,184.373,176.762,33.3128,297.5756,184.03,45.4369,334.8274,255.60399999999998,81.5329,187.177,185.745,275.3191,17.332,169.97,72.0008,87.9198,284.477,63.4612,174.091,203.394,161.636,60.9944,180.343,35.1466,170.998,273.6236,227.847,184.967,310.1562,35.3791,209.439,223.558,31.556,39.2075,193.966,212.363,199.607,30.0564,222.976,160.321,165.3
597,278.7305,258.366,190.466,182.977,50.3694,305.5857,164.089,344.4844,324.2519,266.4986,286.0433,185.233,184.666,290.4516,166.955,182.335,266.844,80.5862,169.135,78.8772,201.598,186.909,173.371,183.933,179.038,0.59145,182.408,260.9964,71.051,184.031,172.354,171.134,180.031,213.532,200.727,84.1973,180.502,228.601,187.689,27.8112,254.685,198.839,181.263
598,247.144,273.532,47.8831,172.465,38.2795,293.5702,158.064,192.516,187.573,273.5612,203.535,182.182,184.011,126.932,174.237,187.783,152.176,84.0784,95.9071,52.6941,203.865,191.65,157.786,273.3381,167.159,210.182,191.828,285.4586,288.3533,191.801,339.986,28.7881,176.943,38.4287,136.843,56.4609,175.033,54.7846,184.382,323.709,264.3447,182.424,175.266
599,269.265,281.1408,174.866,182.983,52.2866,305.9746,171.09,161.499,158.889,277.6155,207.299,176.44,185.228,53.0379,51.1571,190.048,96.7499,108.571,177.459,73.8769,161.325,185.322,199.987,192.96,156.006,28.184,180.438,270.2796,303.0632,201.058,334.0851,61.9645,176.645,247.135,180.679,236.095,69.253,203.604,158.368,31.7355,18.461,169.34,176.914
600,307.4631,84.1925,196.824,179.434,70.5435,290.9385,188.552,8.49469,307.8852,250.221,192.217,71.8043,183.648,208.992,329.1912,197.186,65.451,86.7703,170.843,53.8614,195.941,188.943,204.45,189.508,164.961,334.9801,188.881,260.9372,77.6139,200.657,200.832,357.47623,183.24,44.2548,214.245,53.8299,75.0501,231.912,192.187,0.0526844,255.55599999999998,206.264,155.281
601,149.054,39.9963,158.866,183.481,57.5525,319.8347,174.213,328.0518,310.3664,275.5349,213.853,182.75,203.529,181.26,337.7063,178.342,99.5422,39.2093,171.935,45.7555,172.764,191.495,178.736,265.9858,173.273,226.157,194.536,293.3898,54.5228,195.055,9.2836,316.3325,162.0,51.4431,31.7537,80.1038,255.68,55.005,183.523,201.963,217.633,247.849,177.63
602,159.761,266.5166,154.379,181.597,48.6855,329.566,193.043,154.546,297.2155,242.739,27.1942,180.624,184.113,181.042,173.884,158.078,55.1959,79.9105,163.323,61.5646,71.2489,211.862,182.299,163.364,165.219,228.066,159.198,276.9176,142.539,177.284,184.025,35.0888,174.074,174.894,53.1825,265.1682,176.044,214.449,192.442,169.563,134.256,172.483,159.019
603,256.722,93.7187,182.087,185.257,138.065,40.9314,185.549,176.431,334.367,271.5232,156.364,179.477,182.214,227.555,180.672,190.346,239.176,84.7856,187.238,89.899,76.6642,199.205,172.005,274.3986,174.871,37.1056,289.3977,122.302,52.7377,179.805,356.57563,24.3499,189.253,273.0416,349.8397,81.1086,179.428,191.499,197.726,188.254,309.6816,167.234,67.3599
604,204.844,326.5538,203.806,168.369,29.6634,51.2391,195.392,190.449,17.6032,294.7905,203.601,170.4,164.852,41.523,178.191,70.7379,233.91,78.4459,171.814,59.932,186.678,359.103561,271.45,69.7979,142.459,195.062,175.455,149.471,76.3064,212.652,335.597,349.8102,173.344,218.181,265.20029999999997,73.0473,160.195,3.1937,192.642,188.965,33.1474,296.2362,167.252
605,71.31,284.71320000000003,157.418,183.126,46.1096,242.838,174.601,23.7831,74.8745,267.3191,79.1609,178.602,159.789,27.7093,331.2702,155.759,281.4059,286.9627,181.962,52.4162,292.3935,192.176,279.771,178.012,162.445,189.506,200.621,158.986,194.74,182.761,337.7469,58.9334,181.151,255.553,264.7135,72.931,180.707,261.1972,175.008,159.67,176.376,32.0792,164.928
606,290.6157,138.905,166.104,204.757,28.6129,193.461,163.693,217.768,313.04200000000003,271.7424,97.4103,179.391,175.268,53.9778,149.348,200.331,287.7125,319.45029999999997,164.596,45.1757,191.258,21.3437,163.865,63.9941,175.736,194.675,169.871,200.534,187.658,168.842,357.22076,162.062,186.456,120.87,232.08499999999998,88.3099,164.716,173.371,163.571,178.568,210.206,178.723,191.521
607,235.227,295.8316,200.706,190.206,55.4828,196.142,137.686,158.426,63.4002,275.0706,203.834,176.774,159.522,245.664,152.669,169.437,263.596,308.5735,54.2798,73.0544,187.655,177.14,285.16179999999997,157.812,189.94,200.912,189.1,153.322,196.671,162.978,347.1729,324.371,182.317,233.38299999999998,45.7287,222.886,166.756,253.449,168.393,160.396,204.14,289.48199999999997,178.86
608,48.9011,255.065,175.337,173.28,52.3439,191.711,195.078,339.5639,311.2438,276.718,25.6369,178.549,191.033,191.468,19.9874,172.04,358.8432,274.58910000000003,184.724,98.0362,195.01,221.776,183.811,200.044,165.001,43.9871,177.354,200.205,191.1,172.741,188.248,242.517,206.256,223.133,292.1069,239.076,152.874,225.069,190.074,186.475,209.923,175.437,180.646
609,280.1662,119.508,161.871,173.993,49.5659,186.948,192.731,330.553,304.854,258.209,84.3108,172.544,194.486,162.579,311.8616,176.211,18.351,311.0108,162.687,65.4557,182.104,166.119,193.07,154.857,73.5127,195.202,180.378,142.623,209.837,181.608,179.971,16.5911,206.959,359.817671,235.53199999999998,257.79,171.918,184.139,178.897,188.213,139.409,185.677,166.106
610,267.22069999999997,265.8752,71.5423,173.432,55.1463,169.842,181.159,5.80305,321.2544,280.8642,50.898,180.931,174.579,133.131,288.8995,188.069,340.5076,315.2962,194.413,50.3726,191.681,177.3,193.108,290.9928,112.209,216.416,175.467,223.3,298.6192,169.177,358.44065,195.916,181.905,184.232,87.4695,249.053,172.509,221.944,176.367,158.616,169.1,177.306,181.793
611,250.824,307.3035,173.159,165.478,74.714,202.255,168.779,194.946,289.8753,251.166,33.0703,186.284,171.406,110.24,342.778,182.864,10.1278,320.3885,178.599,69.216,149.521,184.559,175.491,173.675,171.609,356.78505,169.216,145.948,285.4323,168.129,182.142,176.146,171.726,52.415,358.44757,64.3559,165.305,342.8654,162.576,336.9481,182.821,291.2616,186.868
612,264.6194,287.3662,179.431,181.546,52.8008,199.926,178.959,248.40800000000002,344.5606,263.54470000000003,97.3351,191.5,182.289,174.29,331.0025,181.228,357.83391,87.1301,181.037,80.1582,172.073,218.879,196.048,166.891,176.818,183.069,181.323,177.814,284.9952,179.769,11.8044,289.0971,242.227,184.485,273.3186,256.245,168.429,138.525,193.527,162.472,190.384,192.728,182.476
613,294.6935,237.785,193.064,191.977,77.9595,187.756,171.943,58.2622,323.0129,252.837,263.2067,193.609,176.768,56.7399,176.12,176.089,345.7718,88.8975,170.075,65.7283,232.22,199.343,185.051,289.47180000000003,295.1403,205.292,170.485,212.443,281.108,179.274,168.846,156.164,181.875,244.34300000000002,222.914,93.2979,181.523,314.1893,218.562,184.978,140.182,196.768,202.65
614,58.377,303.3779,180.836,193.183,39.6967,87.0987,170.74,164.195,12.1284,274.74490000000003,78.9216,186.754,185.959,48.882,332.2426,167.479,349.4962,80.0317,49.6331,77.3807,168.397,184.538,188.658,185.741,175.387,164.708,184.796,227.207,195.869,170.855,7.51014,179.432,71.7434,12.6854,60.4777,252.95999999999998,172.995,50.0459,166.392,142.207,175.078,176.528,179.276
615,268.9737,86.4912,178.276,173.052,27.3696,203.104,186.541,168.625,341.514,263.6761,250.858,176.508,188.754,7.15947,14.898,206.979,15.152,74.5437,202.905,65.7668,143.555,183.829,185.791,158.889,154.112,210.839,195.001,206.063,192.327,178.915,188.567,183.676,79.5384,40.4546,211.213,259.348,177.923,209.927,192.309,149.073,124.506,185.274,195.988
616,177.135,7.06264,187.608,170.152,29.952,298.8805,165.958,197.062,193.758,265.33299999999997,156.785,182.737,175.912,231.81,319.4633,190.428,351.25158,73.9518,178.568,57.5983,152.927,182.11,150.773,176.52,166.771,207.741,200.594,203.857,295.2786,176.155,204.164,168.56,70.3142,210.855,265.23879999999997,247.20999999999998,174.997,328.5614,63.6379,163.754,182.796,312.9885,182.45
617,255.328,340.0217,172.897,168.109,45.4362,63.6937,193.892,212.396,46.0136,274.4445,196.263,172.703,190.342,167.59,334.8697,192.768,2.80476,91.7073,206.164,83.6367,164.288,189.127,177.697,179.779,148.547,188.867,165.504,153.402,59.0655,199.217,287.4672,358.06166,79.0682,12.8328,241.023,248.721,162.628,48.0437,168.628,168.986,183.78,147.533,186.08
618,269.1483,134.505,186.576,172.344,38.4486,238.982,174.923,163.622,73.486,267.4311,213.11,174.359,181.296,359.755872,176.461,164.197,335.9889,62.8793,172.141,70.0388,165.566,177.252,170.966,174.828,175.519,26.1493,190.561,222.786,201.35,180.149,334.7459,181.467,67.587,184.332,60.1813,80.3414,177.378,136.997,125.412,180.323,1.32998,66.0463,170.934
619,113.607,62.7431,175.934,183.978,52.919,223.609,177.753,7.14155,54.7086,287.18240000000003,23.2774,151.387,184.001,69.9724,172.191,177.958,3.40909,88.2207,170.609,53.053,185.232,195.227,165.88,182.233,169.52,0.5426,182.628,157.387,193.023,177.196,187.118,163.47,84.2229,173.31,185.223,266.4696,177.898,172.806,93.4298,205.595,114.543,95.9597,170.863
620,173.091,313.1822,173.076,188.713,41.8401,316.3947,180.809,25.8097,30.2193,268.7894,72.4092,176.596,174.885,60.5898,199.695,162.32,277.0838,59.5719,178.506,73.3744,161.307,175.655,187.811,64.0952,154.025,347.4638,185.501,131.822,318.5432,178.816,30.2437,316.63689999999997,69.0942,241.906,77.1962,83.2562,161.069,92.8458,178.07,192.632,131.296,82.8752,174.284
621,283.0886,6.21024,158.537,179.131,39.3679,285.8582,178.308,120.93,300.8636,275.2799,218.26,199.698,176.666,221.988,308.9018,179.293,22.513,75.4338,181.761,73.3797,190.929,183.596,175.992,178.149,172.14,332.3155,167.062,138.51,172.955,217.659,165.162,237.531,281.8917,298.9017,104.488,111.507,178.131,189.742,154.235,162.688,339.4892,205.191,270.56399999999996
622,197.391,191.887,184.304,165.471,34.2303,240.123,176.355,48.2911,341.5381,269.1214,218.83,180.022,177.831,270.2965,163.158,198.637,12.9038,81.1741,172.701,69.6815,172.512,194.674,181.395,50.5552,170.937,33.0423,204.49,147.123,170.715,81.3168,312.1171,348.8369,193.882,27.5706,188.207,282.4785,152.237,208.135,176.713,153.156,177.823,75.0919,182.903
623,297.3092,288.98040000000003,210.84,183.773,58.5379,287.4506,186.959,27.4212,344.4214,277.6573,202.738,178.014,179.794,27.1661,299.5544,188.724,348.9169,84.2122,176.14,75.9207,181.98,212.173,179.826,155.418,73.9641,4.93294,197.308,210.563,176.797,185.886,193.186,195.981,275.1086,332.63779999999997,55.9848,265.038,75.8131,228.252,79.892,181.944,156.145,181.327,55.2883
624,289.9337,163.707,172.617,185.204,60.069,304.4299,180.726,0.493641,329.2645,268.6732,262.1431,193.706,179.084,36.6774,314.6091,170.539,354.3904,67.0336,180.393,67.7296,173.474,192.527,202.545,166.755,144.865,10.59,175.931,132.682,184.447,191.282,144.592,354.04212,261.6196,209.632,76.6144,20.4675,176.454,143.627,150.938,186.218,347.5249,269.4287,173.613
625,77.1532,156.894,174.907,169.212,49.0398,289.5793,187.027,69.0976,180.619,260.4932,187.123,165.97,178.767,197.619,176.182,203.484,10.1952,92.9607,173.917,74.4428,166.552,207.389,101.58,284.5071,157.081,355.43919,178.736,203.584,294.8745,195.188,170.9,298.5686,180.864,31.672,229.902,229.671,193.992,60.927,165.362,186.382,38.7429,204.04,178.234
626,55.8418,264.9805,173.572,164.91,45.2508,255.47899999999998,135.905,234.098,328.3196,219.293,202.366,168.249,187.408,26.6014,16.4159,203.465,257.65,87.0243,169.821,80.2756,164.787,191.204,173.225,169.697,167.469,32.8997,200.838,260.3996,173.117,200.808,156.254,344.6694,185.683,177.013,36.0342,61.3419,188.19,169.199,155.15,185.584,59.525,180.694,180.093
627,182.214,131.095,184.514,179.898,23.4674,161.547,179.878,211.329,338.1466,267.6894,265.6065,189.54,168.631,46.5327,303.1237,185.976,255.756,75.5054,285.5872,84.1772,285.6799,181.001,187.947,161.446,185.064,12.1026,187.316,95.3699,170.699,189.022,188.577,3.33959,167.532,213.291,67.0666,73.796,174.096,209.548,172.992,196.423,4.39636,163.498,155.285
628,183.299,264.1241,76.4868,169.256,59.1973,184.715,168.742,40.325,179.965,281.0405,86.3559,201.646,189.265,30.0927,323.1341,180.244,348.1027,84.544,202.967,72.6514,175.732,180.821,290.4983,173.292,71.2097,216.845,184.526,155.891,188.562,192.315,2.11365,181.8,180.479,280.6348,24.4061,254.179,157.543,49.1514,208.92,180.563,6.76692,221.403,184.379
629,218.281,67.1756,182.585,157.809,44.0315,176.716,210.923,206.837,316.02660000000003,265.0192,209.85,189.896,173.619,39.6728,187.835,198.129,3.27162,69.9971,185.265,73.6257,177.462,183.018,192.18,160.37,170.534,358.58534,178.391,140.459,159.429,199.666,163.569,195.015,82.7369,347.0774,224.878,233.40300000000002,293.3442,241.959,195.544,169.05,55.4458,191.363,191.88
630,276.2692,213.196,195.463,173.987,56.9013,221.122,76.9055,18.8602,311.2389,267.3307,186.451,182.439,174.235,165.885,3.71836,80.7637,354.84021,62.6137,199.791,73.7932,171.031,178.881,196.352,99.963,291.14480000000003,21.0813,186.241,249.909,186.154,216.682,172.436,198.652,78.8809,327.5457,204.725,225.738,169.629,197.951,180.077,166.186,208.391,204.189,53.8505
631,281.2044,112.385,168.047,182.459,51.7881,186.776,289.1633,173.028,166.83,260.4431,32.382,95.6904,162.115,21.3064,189.49,171.691,256.149,75.5198,279.3053,60.3924,164.803,195.472,188.039,165.956,175.325,345.2434,190.246,130.663,179.905,187.592,176.154,192.143,159.64,190.299,9.70161,243.166,72.984,344.334,178.355,183.584,245.336,180.018,183.278
632,274.9134,108.293,184.56,177.35,34.2598,188.015,292.317,209.11,353.20381,258.04,207.576,150.421,177.19,61.0532,186.834,178.938,357.18193,74.2471,173.667,79.6892,194.393,192.868,272.60540000000003,176.544,167.92,187.009,187.16,153.525,189.968,200.91,186.662,326.6515,84.4955,243.075,189.874,254.58499999999998,74.4567,227.323,190.716,24.7824,184.217,151.93,207.768
633,91.699,285.4042,172.528,194.475,40.2181,181.667,299.7659,348.309,318.5858,268.12829999999997,178.538,200.322,177.354,155.008,173.669,172.625,281.0342,82.456,164.582,71.1699,188.65,165.983,187.115,164.078,188.072,1.28441,166.567,230.611,190.71,174.475,169.469,193.291,58.7484,38.0548,79.6807,259.531,174.43,248.901,175.182,148.156,272.7488,177.221,157.919
634,283.8628,184.709,177.792,202.775,63.8399,199.506,263.3454,29.6862,49.3085,282.8096,183.274,153.257,199.797,175.654,340.0332,161.599,345.5398,80.5488,171.097,49.9869,174.308,180.625,91.8764,70.0666,148.695,170.154,189.986,170.468,174.09,165.811,178.488,172.672,179.388,83.7565,297.7927,76.1784,152.736,99.9579,185.749,176.116,349.3323,176.202,216.448
635,308.2927,99.6224,194.63,173.947,61.6706,211.422,284.13800000000003,195.847,167.981,272.42,34.1577,187.202,195.275,276.8322,160.021,188.197,344.5232,92.601,176.406,59.9011,168.131,191.037,193.167,156.625,136.622,201.334,178.247,153.498,217.555,190.484,206.935,311.2691,70.0771,20.7213,24.1869,118.666,179.775,38.0799,169.081,99.3532,52.012,289.755,185.364
636,318.7958,251.128,182.3,182.976,38.2456,209.635,278.0848,357.05188,25.533,257.884,98.3344,190.876,193.62,109.45,298.7548,183.966,11.2924,64.4033,195.957,66.1497,191.096,207.666,190.592,211.577,168.894,3.57684,205.789,146.502,215.43,160.386,319.7446,173.741,178.453,230.493,232.54000000000002,248.055,180.183,229.666,188.852,179.024,59.0451,184.489,292.8374
637,278.6062,135.844,277.9411,186.001,294.8113,165.605,292.7294,155.76,341.398,271.8512,203.686,197.911,184.265,354.95999,11.5346,113.672,282.1801,85.1914,186.967,72.7765,177.005,185.334,176.266,157.273,185.038,184.458,182.38,147.639,183.643,198.195,341.8774,168.936,166.759,196.234,73.7271,68.2358,164.448,24.599,163.641,187.033,167.664,342.9252,157.622
638,287.09000000000003,311.9313,206.528,179.79,66.038,195.434,298.80989999999997,43.1065,326.76120000000003,279.4358,36.9458,190.104,175.691,255.709,157.737,172.48,340.7582,71.4082,191.51,73.7099,168.363,194.224,190.295,106.129,166.104,216.174,185.522,122.171,187.4,185.513,150.466,157.974,186.544,35.8606,244.059,222.39,74.7662,215.486,177.539,159.79,30.8667,171.982,197.782
639,164.786,162.223,181.542,189.542,36.3593,227.322,175.927,12.1019,342.1793,272.7737,354.04638,180.78,157.785,201.132,11.1678,180.599,337.8441,76.6671,182.028,64.7369,167.124,186.302,172.083,173.589,166.714,181.337,165.4,144.232,263.1474,168.718,354.47936,208.632,152.112,198.283,43.8503,57.6883,97.103,286.0815,189.689,187.308,197.443,176.105,170.0
640,181.046,155.903,170.998,176.657,57.3306,206.048,121.11,30.7661,24.1108,284.1552,204.133,194.985,174.898,199.403,6.27286,171.968,7.79856,85.2116,191.536,46.5153,186.487,191.017,168.571,56.7364,137.162,39.5644,189.261,148.176,82.1334,191.649,348.0006,136.496,141.431,61.7443,45.0466,263.5912,210.145,205.555,167.506,199.655,209.612,206.964,171.928
641,289.1415,188.248,179.054,193.452,63.1595,46.6989,179.972,358.87511,355.61585,279.4532,12.092,170.606,194.134,197.863,32.3868,169.153,350.66746,91.5174,180.095,56.9885,175.554,190.03,179.431,150.809,184.632,355.32412,197.176,150.301,208.319,174.198,336.0453,35.4237,108.705,117.088,233.36,237.69,171.059,176.041,184.425,183.28,22.367,295.2315,191.175
642,77.7309,149.188,183.993,181.019,70.4315,184.916,178.813,66.4599,84.3804,288.507,23.3805,189.986,178.135,174.578,195.701,174.36,353.82645,70.9329,176.893,54.7846,170.397,196.26,165.688,98.3784,153.01,1.57084,170.107,276.1741,201.511,202.016,166.487,189.761,84.8035,199.102,289.4643,258.427,72.9147,210.532,183.917,175.261,191.802,264.4918,164.758
643,68.061,281.8111,179.675,171.349,40.3982,170.145,211.555,43.8993,253.065,254.518,351.52402,193.951,175.656,215.22,344.2878,176.441,6.14917,73.8265,180.454,60.4675,198.293,165.748,179.307,162.087,75.8416,175.38,164.366,277.2496,236.99099999999999,190.253,32.9985,28.0384,63.0284,220.964,214.068,258.538,158.281,160.23,204.576,176.476,209.7,159.915,162.991
644,196.815,163.376,181.361,174.986,6.27668,191.151,159.444,14.5278,162.54,245.976,62.9846,191.406,196.672,197.506,350.60768,172.544,337.5387,70.001,199.825,75.1443,141.482,176.764,180.344,177.269,181.314,201.581,181.401,283.98900000000003,287.4211,99.3208,313.1057,29.743,166.457,107.749,218.1,53.9517,163.323,207.894,190.507,167.892,183.912,44.9805,202.594
645,282.0315,282.4416,202.177,173.096,53.6994,274.5138,197.593,126.987,173.646,274.4464,238.387,296.6368,188.356,347.3381,184.642,186.023,335.5929,97.4868,186.855,49.6838,282.5113,181.422,180.077,155.641,176.876,318.5022,187.039,186.782,193.83,96.3714,347.7906,325.6419,78.2562,55.0253,204.901,94.838,171.818,106.916,171.375,191.745,226.919,195.466,180.071
646,261.3437,51.58,195.126,183.942,57.1699,218.831,182.835,12.9588,277.3367,236.786,67.4275,302.6537,177.047,8.79169,160.44,165.206,3.66129,80.1518,185.292,76.5734,153.423,182.562,172.475,85.4488,177.937,211.428,212.407,164.273,203.199,187.064,185.17,156.943,59.9149,3.21331,342.3625,233.393,174.44,197.599,166.005,320.1432,9.23913,182.253,192.863
647,156.617,268.475,257.325,178.298,28.4544,176.568,241.983,339.5228,203.533,252.667,177.668,321.1262,161.875,183.454,206.133,170.222,9.16083,70.0927,170.486,79.3811,180.716,177.747,169.207,146.232,171.447,198.79,180.572,159.403,188.186,190.767,39.2445,323.4213,86.1038,304.291,237.263,66.7408,166.694,203.669,180.138,289.0543,354.79082,196.503,178.459
648,188.614,63.9439,204.537,185.716,33.7242,185.937,86.9776,36.6075,38.0309,256.904,298.22429999999997,278.9369,175.199,193.178,168.382,198.044,354.98595,72.2038,178.254,60.0303,171.531,190.082,170.124,156.511,177.395,232.554,186.629,216.461,186.221,173.746,38.7559,333.1341,173.41,209.425,192.197,244.519,171.633,58.9859,176.502,187.643,52.4889,213.336,176.308
649,178.071,109.495,174.708,166.672,40.1753,187.837,195.937,211.248,214.239,284.9012,311.3535,55.6886,173.974,35.691,333.4345,200.445,337.85360000000003,84.8535,205.364,63.5107,152.109,169.872,138.024,158.918,195.885,195.501,182.994,145.396,188.053,196.486,175.762,335.438,199.787,46.6408,1.44761,319.6463,161.623,235.417,176.84,302.5068,18.2035,169.884,155.597
650,285.3969,240.591,168.972,183.269,34.6807,190.872,200.004,180.806,324.0485,264.8517,298.897,61.5534,174.624,168.426,23.2063,182.568,353.58122,83.5934,54.5041,67.4335,191.035,179.532,191.287,173.738,178.437,0.332675,180.078,154.173,196.84,202.5,331.0867,50.5608,172.566,11.5007,26.9685,82.5257,84.5572,213.326,165.214,178.411,195.577,157.325,173.068
651,278.7688,101.628,300.9704,179.205,52.8681,181.93,250.036,357.22949,3.22692,268.7752,170.496,69.1782,181.853,13.1666,36.9309,175.087,256.919,80.8441,185.175,103.486,181.342,192.398,170.955,157.483,184.714,30.9456,191.3,156.355,210.838,179.272,175.524,269.8877,184.456,256.354,97.0941,245.76,169.853,332.0086,201.521,173.19,302.8883,193.075,159.302
652,205.684,126.562,173.925,173.926,344.3365,148.99,247.469,358.24613,331.5717,255.089,283.2701,69.9785,174.587,294.6965,185.964,186.919,318.1959,68.7653,196.71,85.4058,184.093,182.936,177.777,163.608,177.706,18.7502,185.251,153.035,206.68,181.586,173.497,290.4994,58.7274,35.0204,237.90699999999998,241.99,173.128,125.738,170.731,176.928,210.233,293.1574,271.80629999999996
653,273.85540000000003,74.6814,173.695,175.689,90.2701,183.909,259.627,339.5168,351.29813,251.482,117.388,73.9523,179.984,194.378,296.90319999999997,207.415,273.87350000000004,58.4477,178.198,68.1987,189.553,183.109,166.244,162.82,192.071,227.678,193.517,295.59680000000003,198.716,190.811,331.655,63.7086,86.4141,33.7829,30.964,244.507,155.848,98.1647,181.578,201.31,183.134,65.1567,293.2786
654,291.3542,90.5523,175.278,198.664,20.4064,183.396,253.577,8.26367,318.9027,264.6238,138.305,78.0537,169.327,34.3752,337.9898,177.36,257.651,84.6046,193.341,47.5193,185.661,187.272,168.17,185.006,167.759,184.942,180.448,101.752,181.366,166.282,181.504,61.3088,77.9198,47.0142,267.1796,242.253,189.409,218.093,176.242,193.865,14.5336,169.415,304.361
655,259.055,72.5062,188.165,184.864,36.8623,50.8668,91.9125,29.9955,9.47748,254.043,291.0926,73.917,187.451,212.912,42.9526,199.947,11.991,75.3121,163.455,72.039,295.1789,207.561,175.975,172.508,168.586,352.41135,161.685,155.614,188.072,184.779,191.377,352.36531,171.223,236.475,321.4492,201.83,166.454,355.11325,183.71,155.623,125.992,207.25,166.929
656,268.8903,279.0686,185.797,175.822,49.4127,215.257,81.2977,71.339,12.064,277.476,292.2651,57.5705,158.179,38.2729,181.128,186.167,346.416,72.1841,161.468,74.9583,186.476,182.97,183.68,174.486,183.496,189.915,202.588,111.538,184.834,161.129,345.28,279.7801,283.5465,142.078,219.091,277.2608,187.003,206.307,187.228,318.8119,154.86,165.136,167.099
657,52.5939,14.8826,175.093,213.307,59.4321,219.061,204.11,74.0353,42.7074,269.9933,186.119,61.3952,171.307,265.629,342.0678,185.044,11.4757,74.3655,194.542,74.4465,193.823,193.768,177.478,160.396,173.634,7.4644,177.242,126.683,192.229,198.658,189.786,23.3611,73.6993,201.894,30.33,244.838,177.435,172.305,189.958,321.3756,127.022,180.171,184.544
658,305.9767,143.171,66.7806,192.234,65.8739,222.83,254.449,227.404,45.6089,267.254,203.865,52.9923,176.689,66.9571,29.7588,180.779,353.24572,74.3936,186.282,70.5156,178.611,193.027,187.838,69.8563,178.781,216.738,196.876,146.62,194.526,186.659,326.0634,5.43618,319.1009,203.279,199.179,223.196,166.98,46.8833,196.855,300.2836,296.6479,128.302,184.369
659,261.12850000000003,78.4982,291.2558,219.756,59.9413,232.88400000000001,184.839,17.6396,312.0619,266.704,182.776,73.5537,176.507,14.5,355.34838,160.527,14.2663,65.6646,161.579,67.4435,172.802,189.42,259.932,164.535,172.56,166.749,190.79,148.654,171.071,205.728,191.194,340.1063,186.121,322.6182,202.604,254.726,173.946,324.6957,183.204,191.937,174.315,190.385,175.362
660,255.275,89.0429,198.025,186.358,46.1933,234.38400000000001,231.49,148.511,325.8516,300.0272,169.728,59.038,178.185,188.472,78.2064,188.781,10.9277,88.0913,186.019,78.2387,166.791,203.3,176.254,155.434,168.833,171.994,181.021,138.603,162.617,205.845,35.345,187.079,216.237,160.794,25.5136,250.142,71.1588,25.8146,187.057,152.461,264.6391,286.2015,181.682
661,263.1139,109.376,186.826,167.059,43.5867,239.464,212.161,221.687,5.45846,257.26099999999997,181.324,79.6405,169.248,215.077,197.051,172.376,352.24177,79.4068,157.879,73.0296,194.32,196.349,186.274,162.605,173.177,315.2595,189.603,159.273,181.073,175.766,180.13,202.396,183.826,208.722,26.5699,255.14600000000002,189.881,236.494,189.127,306.7032,165.293,78.1275,178.068
662,281.6483,270.7454,179.127,185.803,69.3989,239.513,69.9717,25.9636,306.3161,286.4019,177.44,74.1551,161.899,312.2052,25.589,183.389,333.0772,81.036,192.055,58.5342,162.917,182.332,54.9296,108.925,144.418,205.57,290.30899999999997,167.797,84.7918,172.405,309.361,168.272,184.617,164.053,234.316,63.3479,181.573,53.1299,159.071,7.17499,191.84,186.536,286.2188
663,280.0528,141.164,170.832,167.928,62.6502,188.371,171.393,171.761,29.0924,267.5399,176.637,78.924,186.039,218.24,286.4981,191.712,14.0335,77.4583,178.168,61.0501,179.093,190.374,222.071,87.7602,178.436,51.8511,167.685,113.984,294.3482,181.33,339.5958,185.163,172.37,318.97,245.47899999999998,45.6746,157.569,41.6753,190.411,181.943,183.693,289.22339999999997,172.208
664,285.9886,145.993,172.286,196.831,356.63682,205.371,199.945,261.47450000000003,0.925091,285.97159999999997,179.201,68.7517,193.444,22.194,215.946,182.045,357.85271,86.2698,193.787,59.274,176.072,198.152,174.208,149.0,194.9,174.916,183.841,107.732,213.57,202.488,185.923,165.414,303.36,193.214,215.316,71.9463,199.941,16.103,195.498,168.958,356.40689,57.1747,171.304
665,180.917,87.7224,154.723,168.46,70.874,198.96,193.626,5.25488,191.107,293.139,180.092,63.1158,186.654,193.514,12.7458,189.779,269.9183,64.6877,188.327,68.0348,296.4114,190.7,184.773,167.545,168.598,40.6397,182.009,232.793,166.247,182.268,184.945,216.217,184.905,15.4796,68.4684,250.18,170.593,42.3181,189.043,179.823,183.626,283.85519999999997,185.815
666,223.122,184.394,191.162,179.924,74.0303,45.5865,181.037,231.029,198.219,289.7235,200.753,64.542,178.197,300.8034,176.867,192.756,244.79000000000002,88.2124,195.078,64.7749,190.374,200.894,79.6514,160.95,202.818,39.21,181.052,146.095,194.253,202.152,333.6156,348.1131,193.63,352.4073,231.002,230.951,183.072,123.811,189.632,195.302,14.7861,90.7216,170.458
667,189.9,245.16,162.013,181.46,64.1024,168.278,171.659,211.13,186.544,268.87760000000003,177.387,86.9222,186.84,313.7095,55.3165,194.597,278.0005,77.8398,158.61,71.7605,178.155,169.331,162.589,173.345,158.549,18.4909,196.999,148.894,190.63,186.541,180.647,24.3519,233.54000000000002,61.0799,243.84,39.4363,188.985,167.675,176.271,161.616,250.328,175.258,176.771
668,179.925,238.96699999999998,181.777,184.449,41.4532,176.676,191.342,178.947,50.691,264.7419,179.986,59.2752,173.914,185.054,18.9902,177.257,266.3196,105.65,172.676,89.1024,85.4636,202.473,181.451,61.9028,176.995,219.201,172.586,133.852,300.713,211.805,189.864,104.498,150.077,177.248,209.106,67.4103,168.601,307.201,190.223,164.401,75.7418,211.49,194.423
669,263.6979,173.007,304.0923,182.129,67.0525,182.536,149.536,100.302,309.5998,267.351,204.709,46.6109,173.814,203.76,337.6168,169.452,231.587,70.5282,179.693,70.5452,302.5239,179.606,176.771,193.248,140.397,199.132,186.987,157.611,183.072,164.069,341.345,208.579,198.519,177.758,351.09107,264.9108,84.3435,27.4885,176.967,93.1345,303.937,298.3521,179.79
670,249.10399999999998,306.4643,175.5,180.348,24.2507,193.678,201.737,57.0523,169.27,266.74649999999997,72.9152,54.1209,179.261,208.514,312.5494,40.9921,285.5605,81.976,170.918,52.4867,194.13,177.017,170.921,148.814,170.896,214.681,198.851,139.827,294.3223,178.248,167.823,194.748,176.796,36.2369,298.672,126.595,178.647,43.9807,173.309,193.828,173.333,83.1399,186.765
671,276.293,63.7025,194.393,176.605,50.7562,258.392,59.1102,20.3343,344.3496,263.0528,240.348,311.7057,175.4,343.3807,293.71,175.977,357.42363,70.102,174.958,57.6868,178.216,183.596,184.985,170.394,73.3018,166.33,185.434,177.734,275.94849999999997,166.268,171.673,301.6025,165.917,197.372,14.901,67.4865,172.202,257.707,177.758,180.548,200.974,309.4758,167.823
672,282.0885,296.6264,188.686,177.36,77.9942,161.53,104.169,94.4415,315.9018,264.252,238.197,55.7011,166.206,95.8563,184.885,199.947,355.08938,91.5071,174.62,38.764,186.311,180.881,275.104,74.7092,162.262,172.537,180.746,166.053,200.001,198.986,183.481,326.6745,161.801,152.021,167.65,80.1941,166.632,341.1589,195.452,186.608,15.6532,185.806,170.453
673,62.0625,30.4783,166.912,171.707,11.9441,163.182,191.915,215.696,33.5208,275.9132,145.984,295.9157,177.967,250.697,178.645,193.042,12.8525,84.2465,183.235,60.7998,191.908,186.377,182.301,168.128,179.434,19.6121,185.681,142.791,187.813,193.967,180.041,216.374,232.796,346.8053,287.2917,65.8826,175.259,240.34199999999998,175.634,313.8796,191.614,208.138,175.771
674,164.993,98.3104,191.581,181.46,76.3429,99.457,186.043,254.543,37.9977,293.9715,278.0822,63.4781,171.996,190.971,20.8288,179.7,12.9631,52.9483,169.372,71.8973,186.454,201.119,163.913,187.359,182.766,19.729,177.492,214.405,55.2247,184.023,169.908,354.98512,294.8067,20.5525,95.0067,48.3394,186.714,59.201,182.838,157.528,209.728,200.332,189.75
675,257.946,294.1424,292.0241,168.007,55.9149,179.49,209.087,179.389,189.475,282.4964,43.5176,69.0334,164.842,341.0948,182.649,191.389,344.2551,77.0389,273.8444,72.5062,162.17,181.143,168.989,194.953,179.097,225.237,184.055,153.965,183.305,196.029,204.023,276.9422,180.259,326.9689,124.057,66.3715,151.766,221.252,172.636,186.387,19.3047,88.1977,300.6264
676,297.8721,294.7783,134.306,174.021,67.2002,174.878,265.7179,23.3999,200.961,256.608,249.704,40.6318,90.2693,306.4103,184.978,175.606,281.8885,93.0216,167.355,58.2386,184.109,200.972,191.618,169.704,165.652,191.361,194.784,145.487,217.314,172.36,170.722,165.196,299.3205,41.2589,75.9897,257.915,61.383,206.681,179.738,173.773,192.084,188.751,292.6732
677,189.462,94.8137,195.069,168.586,37.191,179.579,120.437,327.3868,40.8904,255.176,240.326,56.8104,108.068,210.097,184.215,200.827,278.0877,72.5707,171.032,56.8871,205.694,199.752,186.806,149.092,181.527,28.259,198.503,171.087,178.615,201.209,185.939,0.534732,267.68240000000003,268.7761,237.13299999999998,234.995,76.815,354.23107,170.33,213.562,88.3802,69.4721,296.9456
678,291.0194,276.54,184.145,180.185,42.1393,180.725,110.941,204.424,334.5313,269.1503,252.07,36.911,172.369,29.2231,340.0485,180.143,284.9445,96.1892,172.034,65.3263,160.842,186.053,167.458,154.012,77.4622,359.034276,179.619,266.0937,171.791,204.03,157.46,303.7635,301.8965,267.5067,241.715,226.778,170.796,25.4779,176.506,194.551,171.929,163.956,297.3101
679,191.495,79.4765,170.346,188.428,65.2944,212.254,177.431,45.4524,119.478,286.83119999999997,60.8215,282.4026,176.522,189.676,186.097,186.27,102.352,76.9396,166.849,60.3074,178.543,193.111,179.319,222.552,161.1,171.561,182.579,156.92,204.914,179.731,307.1106,325.4101,296.2617,140.154,183.083,78.762,168.293,210.321,188.361,193.76,176.457,280.0246,163.408
680,289.7872,104.375,199.845,186.967,53.2224,206.407,205.588,21.5315,329.3193,282.2968,61.9143,287.25239999999997,182.115,77.4388,336.9301,172.926,270.3343,68.0962,170.797,62.6941,277.7287,182.789,168.627,201.938,150.402,19.6363,183.825,162.153,204.944,213.706,175.894,160.406,189.604,70.8497,5.93342,272.8915,166.146,180.479,168.829,176.882,35.103,284.0393,310.8188
681,240.59300000000002,74.6467,177.029,178.822,32.0072,199.99,113.264,214.816,170.191,277.8768,5.78993,85.8069,172.41,345.0784,333.0518,209.021,73.485,73.029,181.546,86.3498,182.683,191.327,199.0,160.626,149.019,186.547,66.9085,122.736,189.609,192.14,20.104,333.5023,306.0836,82.0545,76.2684,252.872,165.393,54.1218,193.018,186.882,186.0,63.9022,303.2639
682,290.8914,110.593,191.017,182.734,52.5959,171.504,227.326,90.7185,337.5752,271.55039999999997,3.10348,53.3903,178.143,347.9834,54.3706,152.496,86.609,77.309,178.835,75.9179,192.475,199.65,59.6194,82.448,196.091,193.311,192.058,155.521,202.528,192.051,14.6419,181.268,85.9871,133.669,30.6245,184.114,86.9681,63.3253,183.43,177.634,178.088,300.6871,295.2151
683,288.517,101.491,188.657,189.734,45.4609,205.874,110.904,212.991,320.9323,263.2309,0.951756,79.2534,209.188,10.1914,171.538,159.74,107.735,77.274,66.6065,56.7308,191.114,188.195,216.44,164.657,150.074,184.242,180.766,137.475,306.23199999999997,173.288,172.206,289.3591,174.606,203.21,238.422,228.811,173.303,58.7871,289.1419,183.615,321.9762,176.475,167.941
684,275.6767,75.3992,163.686,187.174,35.5187,303.2738,181.654,208.182,340.2621,284.4791,182.951,67.858,173.769,150.867,180.028,191.004,82.4713,81.1201,182.949,76.1006,73.9659,180.425,150.083,68.7589,174.649,184.871,193.05,147.317,201.008,175.847,357.38085,175.375,79.4059,254.873,20.7335,229.372,146.681,123.258,190.219,313.5911,41.7543,91.1692,193.805
685,278.9524,260.7538,152.843,176.259,61.1917,169.138,186.955,1.7086,10.6417,266.3962,155.825,68.0361,162.423,18.4459,207.442,170.374,151.385,78.423,199.659,72.1121,196.813,194.582,196.536,202.948,183.003,214.588,172.258,153.291,193.684,198.21,23.0791,171.155,276.7753,196.512,29.0134,51.2184,169.668,231.867,169.776,166.228,24.8926,198.769,177.554
686,283.67449999999997,56.5989,190.149,172.531,40.7112,159.212,179.871,177.092,315.9859,271.4748,188.166,69.8354,180.327,217.45,41.4809,193.699,171.315,82.691,167.95,70.0766,170.823,210.54,195.727,130.873,165.139,214.028,174.137,146.889,198.949,193.093,322.4123,6.50148,281.9337,178.606,246.126,204.454,141.83,212.864,151.163,156.349,304.2655,179.184,180.411
687,60.2463,334.1028,178.212,177.478,59.3265,200.122,200.489,30.5732,334.08,255.637,174.689,57.3312,170.219,179.207,3.25815,193.182,197.957,89.5414,159.869,72.4987,165.968,198.398,68.0017,146.885,177.277,181.948,183.291,145.525,184.26,192.618,329.8283,299.59929999999997,281.3239,217.564,85.6992,61.9334,161.695,18.5015,193.23,313.0929,149.483,184.214,177.989
688,275.6262,283.7015,176.711,182.79,54.7154,240.661,188.679,337.0796,183.747,265.5696,176.943,68.4988,186.021,185.056,161.579,168.871,200.885,61.4649,178.841,48.5611,165.012,180.233,186.952,169.723,165.561,210.749,182.368,158.234,201.612,163.167,166.57,342.6482,52.21,236.598,72.6033,69.1869,181.615,277.3318,178.986,171.942,342.0354,183.567,168.693
689,181.295,250.364,187.67,162.536,43.4083,285.2916,192.237,181.705,201.78,264.3425,168.652,75.9312,185.234,34.2598,355.65798,177.676,178.651,94.7514,169.437,68.9421,167.448,185.479,172.143,224.195,168.628,200.263,186.005,152.678,189.937,176.34,152.564,15.7032,198.669,227.504,32.1686,242.99099999999999,161.141,30.6655,184.353,177.121,181.55,186.303,174.041
690,291.13800000000003,99.0347,178.305,184.284,45.8056,225.934,174.879,251.404,48.6723,270.36199999999997,9.45376,57.1878,193.933,11.7076,345.1311,153.619,174.713,67.842,181.197,70.3586,271.8426,183.879,296.36220000000003,183.49,186.196,188.712,191.934,140.571,204.919,176.242,30.1981,159.465,274.9344,176.07,198.819,192.275,174.989,233.68099999999998,192.034,167.642,317.9268,212.07,178.899
691,70.9011,164.064,284.347,176.521,60.2663,229.283,167.18,109.292,207.953,286.89369999999997,14.2432,93.8451,177.295,217.379,170.38,162.239,167.639,83.9888,190.078,59.3167,156.359,182.362,84.613,66.3403,167.202,8.17995,190.645,154.458,218.22,200.643,15.3747,61.3454,83.3628,169.667,86.2796,77.6585,191.772,153.579,199.443,228.65,173.737,187.818,189.637
692,277.7957,65.8629,171.116,197.718,63.3791,233.64499999999998,183.913,138.989,332.3214,263.4363,40.7383,80.0951,173.795,76.9197,176.165,269.3839,185.482,81.6598,197.669,63.2189,184.638,188.576,167.75,101.765,163.002,19.2143,183.296,160.37,228.496,197.512,342.5734,316.3042,287.5874,211.091,206.801,247.26600000000002,173.486,154.923,187.253,298.4134,39.8507,76.4315,196.306
693,181.646,126.864,68.1509,188.022,62.1263,230.392,188.126,315.1886,204.212,277.2934,152.129,85.4335,193.33,185.435,201.475,168.84,189.077,292.6663,190.653,79.6,177.663,179.301,178.32,165.347,167.696,191.8,178.782,161.478,189.757,189.622,34.3673,352.38047,306.5139,147.895,304.6389,67.9869,190.076,158.903,170.368,47.5298,347.6966,163.743,70.5883
694,284.0597,247.067,174.761,177.359,54.0107,183.855,189.46,41.7716,223.069,273.0796,170.254,68.0739,184.5,201.133,162.745,166.917,194.99,286.4925,176.556,74.5938,189.71,177.867,64.6948,97.9573,75.9028,14.4129,179.041,138.264,198.79,174.677,314.2104,183.828,267.4526,4.04324,175.503,44.2087,175.215,3.72119,191.156,34.3773,207.657,148.621,297.205
695,205.114,94.5834,164.247,166.742,62.6198,234.11700000000002,85.4637,271.7241,186.01,268.3956,183.682,56.6241,154.682,239.34199999999998,31.6426,180.31,246.38400000000001,277.7434,182.67,71.3046,175.244,187.921,185.872,161.324,150.747,187.728,180.653,146.422,204.598,209.357,173.98,316.37080000000003,284.4683,191.085,87.3025,263.8044,171.769,200.36,180.049,0.155083,337.4662,194.843,103.031
696,264.8028,93.3476,180.592,160.094,29.2607,214.676,254.618,254.207,207.275,271.1587,174.74,90.1852,162.851,207.695,222.439,146.226,198.863,297.0946,66.2013,75.7401,182.629,190.375,165.712,162.312,167.23,197.018,204.41,169.506,214.375,176.123,170.981,198.859,78.378,42.2383,38.1481,67.4558,170.739,60.0482,202.504,310.5592,37.0594,188.062,80.0345
697,276.1558,80.918,191.675,188.452,43.5012,198.196,183.871,153.776,313.7601,272.4006,175.602,53.4962,185.171,341.9171,303.4763,196.689,173.93,289.3357,69.7001,60.6665,183.572,168.226,165.825,155.454,156.702,10.5984,175.998,131.405,196.088,189.07,346.6359,201.189,79.2571,42.1551,85.8525,74.5946,172.829,128.984,189.76,293.9095,37.7713,306.6556,166.031
698,280.9365,86.8409,280.98810000000003,166.867,45.1857,211.896,178.81,45.4043,325.8643,270.5043,11.7618,68.5939,190.762,238.937,352.78897,187.385,172.2,317.2399,186.385,64.9452,157.998,176.254,166.173,129.959,181.938,21.1062,176.548,134.526,203.272,181.03,165.501,87.433,251.881,5.79715,245.0,222.858,154.904,147.208,181.613,180.048,203.039,298.0353,171.443
699,62.6292,77.4636,166.012,175.861,23.4579,189.719,159.176,335.3591,314.5687,269.3644,178.06,63.5152,269.6962,237.524,322.7177,179.208,163.153,274.8127,168.022,68.5671,171.852,191.303,199.074,58.2807,175.329,22.2306,209.99,155.88,196.609,176.39,168.456,317.9944,169.051,187.872,304.0933,260.0014,171.495,311.2364,193.816,19.5293,166.91,171.077,184.259
700,286.03,116.512,201.236,196.343,40.1384,200.195,164.357,355.9926,178.638,280.79,193.193,42.5227,301.944,90.8206,16.4773,179.503,173.023,292.3329,185.86,61.6973,87.5345,174.514,209.331,159.716,169.622,15.1783,196.783,139.959,199.477,191.536,341.9296,321.1707,92.5898,229.359,27.2296,260.2338,188.252,23.5464,194.767,294.0971,334.02909999999997,282.1207,199.502
701,192.911,137.343,180.237,184.186,41.3065,186.814,171.976,175.064,171.485,274.5125,205.086,292.1419,306.2967,2.6334,152.439,170.034,172.889,301.5409,180.67,89.0064,181.429,197.759,284.8692,117.181,172.828,358.48087,182.656,160.964,203.284,170.557,355.37537,161.979,177.859,25.3976,19.4425,73.876,148.867,45.961,184.249,289.3183,354.71628,171.114,277.8668
702,172.759,264.9984,67.3616,180.185,61.9237,183.045,91.8461,207.506,319.0787,253.93,248.051,315.8751,284.8512,226.973,343.1775,160.521,169.162,275.7405,193.805,65.1952,180.695,192.979,194.855,194.657,153.608,194.561,194.732,162.892,193.353,198.519,355.05178,355.37089,77.9367,25.0867,56.1936,73.2572,170.747,201.831,163.618,181.176,80.8541,195.879,281.3111
703,281.9644,68.3347,181.604,196.923,51.7991,212.023,217.446,39.1183,332.119,273.49490000000003,30.5863,313.1881,283.2631,251.81,201.959,187.872,162.057,281.0007,176.337,71.7181,195.286,195.129,283.8279,208.279,91.914,218.124,168.847,272.29200000000003,205.152,187.806,156.843,346.9723,169.906,185.058,206.433,28.3217,170.146,42.5317,280.284,177.725,50.8874,197.202,297.0924
704,151.925,41.3951,195.568,184.812,50.3327,216.989,79.1574,21.7476,297.3233,252.348,20.549,297.3051,173.407,181.132,176.943,187.927,166.96,297.2062,186.804,62.7421,191.015,195.895,183.087,103.215,195.028,182.115,183.454,157.721,204.061,171.183,19.1944,175.75,77.8399,118.444,9.07258,83.9301,175.77,223.056,203.723,146.097,31.5164,178.943,197.177
705,287.7033,284.7395,183.06,183.38,34.8126,200.935,229.79,31.1311,158.476,270.4488,271.3279,292.8606,169.992,177.115,3.13458,168.848,161.397,285.4341,181.782,82.3081,174.731,204.168,204.401,71.2963,170.795,184.527,65.7053,153.879,292.5672,188.522,353.20709,188.202,134.951,266.01890000000003,45.9922,95.5217,160.918,235.071,190.664,166.853,194.408,174.57,177.454
706,306.0646,240.30599999999998,143.253,188.022,56.4818,315.5965,64.2858,186.87,338.5015,279.6408,256.212,280.9422,169.552,78.8346,198.663,180.541,108.769,287.2259,183.054,64.1312,184.383,154.882,82.1411,100.531,144.877,188.093,181.226,159.778,196.433,188.574,355.24281,166.147,114.909,48.6089,154.3,226.596,171.599,51.2736,195.577,178.268,40.7807,182.293,171.549
707,282.1099,225.136,179.396,175.726,29.981,302.9893,194.26,179.887,335.2893,259.664,299.4433,77.8086,176.794,56.7249,195.728,184.888,249.02100000000002,281.8942,182.003,59.7251,182.472,190.752,172.431,69.3882,153.728,194.683,194.78,155.879,197.195,89.4458,6.04653,206.237,181.329,36.285,47.1253,255.058,95.7518,194.167,193.04,205.167,180.823,213.301,296.83389999999997
708,86.5434,231.789,204.362,172.862,47.2833,317.2451,280.8746,63.6663,25.707,273.3297,104.133,65.6887,170.732,62.9075,162.353,194.634,72.8312,312.3171,156.142,66.2443,295.8037,182.051,174.51,150.71,171.02,37.4713,178.816,121.603,195.771,204.499,25.0127,322.3847,168.797,222.201,233.773,227.606,72.9234,254.62,205.663,174.902,343.0097,185.089,178.801
709,279.08299999999997,272.902,171.459,173.79,45.7103,284.5321,73.7947,0.0377127,70.2178,285.92740000000003,98.337,61.1026,179.09,219.621,176.424,155.15,82.0042,284.3159,178.64,80.5167,183.21,151.292,152.707,170.877,156.876,13.6699,171.228,150.548,48.9444,107.447,185.09,231.922,70.6854,53.3815,106.848,244.559,213.43,19.2945,167.409,182.934,137.886,153.773,188.707
710,182.536,8.1408,200.152,166.964,73.2439,157.211,215.98,352.27564,340.9157,267.913,76.3413,26.6233,171.177,217.459,154.109,182.209,94.8286,297.4941,166.388,92.7237,188.745,179.654,172.004,85.9502,166.283,352.34782,172.433,157.082,183.044,86.2152,31.0488,166.848,168.156,202.853,258.67,67.1467,170.509,195.359,181.611,171.929,178.972,299.0161,185.344
711,171.907,2.88454,190.313,163.067,30.4782,189.662,192.668,287.4445,123.911,276.8464,91.9282,71.0624,189.507,209.573,181.022,176.16,86.8903,294.2391,61.7928,58.7567,214.307,193.795,169.388,75.6551,170.054,21.8755,177.22,111.159,80.1003,176.795,190.084,352.0406,132.321,78.3844,12.8999,257.457,176.36,107.421,175.426,199.502,43.3622,176.96,170.549
712,138.459,3.80212,174.057,211.63,55.6261,202.152,82.7581,39.8579,146.262,254.826,94.8761,87.9819,183.403,320.4197,174.996,176.911,88.677,287.5588,181.072,67.8389,180.86,193.786,90.0399,155.714,169.452,193.019,182.965,231.521,173.094,84.7148,175.435,165.324,80.445,93.6655,45.0169,174.289,164.693,60.2619,166.422,157.993,22.926,269.5234,172.754
713,177.114,21.6038,183.887,197.186,349.7137,185.274,79.1034,18.3234,329.9683,242.777,94.5753,62.1464,186.526,250.878,186.285,163.967,76.6642,296.7547,176.763,64.0077,168.474,184.142,183.375,173.618,150.295,192.035,190.408,142.301,163.018,187.75,288.5738,205.572,179.638,77.3044,20.2541,250.811,163.914,252.889,165.904,180.603,336.7488,184.944,164.091
714,290.0797,217.858,191.815,183.017,37.4107,227.776,104.399,243.34699999999998,324.8392,273.2746,292.0296,84.2817,168.826,37.9968,306.6165,178.637,95.1641,65.1198,172.687,54.7462,192.448,185.016,196.772,81.773,174.172,193.142,200.853,122.001,215.925,195.458,167.533,358.72927,93.0657,197.403,269.7306,228.132,194.149,77.1503,173.289,181.179,338.0364,154.256,72.9709
715,162.094,48.9227,178.505,167.239,61.127,291.8882,158.479,257.272,293.202,260.3172,172.447,75.7749,182.067,189.185,3.67268,201.371,57.133,71.0062,61.1675,79.5546,179.183,181.322,179.526,85.3315,175.422,202.206,187.905,171.532,193.977,209.782,19.7211,196.986,58.9549,82.628,38.4161,262.1258,185.455,248.269,173.084,183.306,179.27,181.432,150.807
716,204.689,10.5904,181.598,193.439,35.2171,298.9012,307.0256,15.1457,317.5869,264.556,23.2826,87.5724,162.989,82.286,192.795,170.509,87.7589,95.2904,172.844,70.9334,172.281,182.379,183.683,90.5185,164.495,346.3449,192.852,152.037,224.075,193.539,353.69667,183.521,161.098,27.8702,93.2847,229.839,150.865,191.576,189.212,171.252,4.59678,186.101,196.309
717,159.997,287.9828,172.615,158.331,60.9104,64.409,180.671,201.554,342.9546,259.67,69.3814,311.9847,180.968,12.2009,8.04335,155.646,78.707,94.558,278.6839,89.0215,189.777,192.182,171.644,165.394,173.649,204.322,53.611,231.89,177.166,190.311,341.2701,192.439,180.492,77.1202,10.1591,63.9988,74.6945,54.1777,182.845,166.838,52.4591,187.372,198.506
718,95.5542,95.1973,193.31,174.147,58.1985,63.1501,194.648,210.958,331.1586,292.0263,66.2419,312.5254,187.311,15.1179,171.53,151.589,88.8187,92.2891,168.57,84.2992,129.32,196.987,188.461,162.069,176.778,218.971,172.482,206.128,190.3,81.6021,314.791,158.134,156.358,46.0001,57.9277,64.9922,166.436,225.745,81.9736,52.6213,214.955,168.164,189.035
719,160.378,187.857,200.759,183.392,306.4976,22.8674,180.977,259.652,316.6196,276.1973,258.401,53.525,176.763,198.508,158.987,168.794,69.0953,90.5976,183.044,70.9899,177.567,185.503,177.504,78.4227,181.071,203.616,175.783,232.453,177.079,199.789,176.877,168.353,54.6411,199.377,13.9516,280.2821,170.509,243.38400000000001,169.208,352.97639,223.536,180.998,174.351
720,72.5631,238.03199999999998,168.342,176.91,59.2458,88.2455,195.51,203.664,304.4801,269.0,281.6887,51.2426,199.016,158.423,306.7638,80.7381,89.4206,91.2126,85.4823,60.1839,171.081,184.842,170.004,148.974,158.518,207.971,176.766,150.756,181.139,190.589,174.579,287.72860000000003,86.8411,23.1332,59.2548,232.85899999999998,192.951,190.547,181.743,179.523,37.467,146.438,286.2478
721,295.5369,139.586,185.43,183.123,30.2357,49.8543,295.9951,191.482,337.3036,263.30219999999997,259.032,269.78700000000003,179.307,78.2567,347.7928,181.017,109.055,94.0279,173.901,68.6601,190.069,188.9,179.271,157.364,143.796,6.41673,178.573,147.422,191.126,169.452,30.1732,165.158,88.565,123.715,186.16,229.949,179.68,73.454,175.586,164.287,34.8369,276.9447,189.029
722,189.231,14.3391,185.159,172.61,27.887,40.7307,209.292,104.427,16.8273,289.0258,233.402,205.216,190.48,49.6128,189.918,154.404,169.067,80.4515,199.642,58.1659,72.1814,164.414,192.838,109.772,164.421,352.37238,201.658,152.904,177.005,178.561,174.718,358.6025,166.606,211.491,254.767,243.797,162.047,140.221,195.176,177.605,211.38,188.844,282.3359
723,299.4674,95.726,192.638,179.208,287.6093,152.878,96.6676,160.848,168.29,289.8677,245.982,261.4963,188.892,158.094,17.539,215.538,185.787,66.4843,166.958,106.834,174.539,341.1597,153.022,141.902,177.366,4.13277,175.198,159.217,166.552,189.195,355.31909,184.1,162.378,4.29975,22.3944,243.78,86.4901,203.687,162.568,185.318,50.55,186.812,62.7293
724,184.006,335.3679,202.69,175.647,46.0587,205.027,207.14,223.454,316.6845,280.5914,236.281,273.6608,177.446,199.233,190.735,176.292,20.2775,79.1137,289.2917,66.2301,178.513,185.387,185.48,57.3109,179.947,351.94989,178.445,128.739,209.641,186.695,190.21,332.3732,160.926,35.392,53.5035,242.433,182.412,209.175,189.251,342.5587,2.89765,294.9863,196.131
725,182.71,189.118,180.501,175.077,50.3701,186.544,211.413,40.3895,52.8202,288.6934,62.7473,252.727,174.37,231.24,7.42044,159.867,317.286,89.9771,167.045,64.8477,176.036,17.2483,174.555,128.369,179.933,193.037,192.852,205.875,192.972,86.4667,170.078,153.313,188.128,182.917,1.329,101.887,148.914,15.6599,163.291,193.263,219.927,205.263,173.867
726,174.894,15.4943,163.428,171.777,43.689,176.677,198.204,359.575227,35.8512,269.1912,58.4321,227.741,174.196,43.1972,169.433,168.346,253.202,74.8195,184.858,54.9364,192.79,187.495,172.286,53.7609,175.039,200.56,173.804,161.994,173.225,199.817,169.524,191.069,157.069,5.90315,207.015,251.75400000000002,195.651,12.3727,190.987,194.862,5.15303,187.724,282.5377
727,212.333,73.8937,189.241,184.176,69.9317,218.891,93.0879,16.812,342.0027,274.2634,245.71800000000002,259.113,180.223,195.998,178.235,184.074,265.5094,93.4571,192.921,61.08,164.189,37.1023,168.692,148.27,80.765,16.4667,179.581,152.36,189.816,91.9903,5.39171,54.1412,147.036,40.6013,133.054,76.8028,172.877,273.1713,185.008,159.947,179.641,199.81,199.818
728,249.185,217.897,170.099,180.19,32.5584,223.866,190.387,4.54607,356.42307,279.46569999999997,192.16,258.419,189.673,210.226,20.6955,186.173,250.345,85.3254,177.151,60.2724,183.118,195.016,77.1604,151.075,170.784,26.6776,188.218,144.576,46.694,199.574,341.5219,171.973,107.982,224.078,246.567,85.2279,81.2609,68.4035,189.431,177.49,338.7999,196.304,180.559
729,198.594,199.221,198.446,190.774,44.2419,240.827,183.778,193.242,311.6459,274.21320000000003,221.424,277.8824,175.158,209.131,181.187,191.871,263.0455,83.1111,178.311,58.8684,287.4063,331.7814,155.819,99.7049,171.435,229.341,182.421,151.102,288.7327,82.3446,28.7906,320.381,155.34,301.7629,37.2585,62.2564,173.827,284.45799999999997,190.197,20.75,79.2875,194.486,148.752
730,223.939,74.3603,185.587,170.849,78.0095,216.276,202.14,186.924,357.84069,283.4216,57.0916,260.9756,191.982,198.104,322.8255,171.485,234.829,94.1133,197.402,76.5858,197.555,10.7352,74.0882,185.618,113.859,189.045,181.121,151.907,183.951,235.913,181.932,328.216,68.7292,208.819,276.9459,88.919,160.597,0.145029,176.433,321.206,212.367,257.59000000000003,173.982
731,173.489,67.9546,187.805,193.434,75.6333,212.848,192.03,46.0418,316.6886,270.9937,263.3826,263.3426,211.018,30.7091,184.422,156.281,252.358,75.223,183.38,76.7906,182.604,306.1387,167.836,159.042,173.277,38.8648,211.031,116.953,193.484,204.363,1.26715,200.664,80.1539,229.826,273.9253,66.8574,170.913,43.2595,181.526,168.105,150.903,160.693,177.487
732,64.5677,186.663,154.959,176.228,37.3591,201.666,203.452,155.782,32.8531,286.0106,245.535,253.131,191.203,341.5529,182.483,270.1972,281.673,78.7561,173.597,89.105,183.511,176.083,169.041,168.506,185.343,349.1129,175.178,168.675,185.323,194.18,32.138,325.5398,181.084,208.846,223.262,54.9153,190.103,225.78,180.51,199.167,324.2179,173.891,267.9653
733,178.738,101.71,284.9669,185.944,61.5766,206.134,225.226,245.84,58.0353,270.2442,21.2463,279.0883,189.059,321.5006,51.673,150.98,227.356,101.055,190.763,66.6458,178.547,351.29308,71.5977,48.8438,180.564,33.4366,198.323,147.938,210.93,197.438,333.4516,329.24490000000003,161.931,24.8329,33.4244,264.699,179.261,210.501,162.246,307.0329,260.9087,264.1641,158.559
734,101.398,39.013,308.7787,181.094,30.6339,200.157,211.751,186.927,39.929,286.6384,18.497,201.282,171.238,43.6168,37.1111,158.58,284.26800000000003,95.9606,185.418,89.202,189.336,211.428,191.256,94.6037,181.697,6.31613,185.463,138.538,208.96,273.4316,177.427,344.3437,58.9838,229.651,203.85,260.0006,176.421,192.924,213.504,176.317,351.27157,167.098,275.5477
735,92.8613,271.6616,183.064,194.377,52.6904,204.848,87.3733,58.5233,294.7029,281.7849,65.1959,240.15800000000002,180.255,354.21249,37.2085,187.029,291.6866,83.6935,178.677,52.578,170.768,187.707,286.7387,146.886,194.791,156.325,181.757,159.02,223.724,270.4348,312.8119,337.0137,186.52,36.0155,73.7866,240.28300000000002,76.7611,255.999,183.934,179.109,194.917,59.3427,179.426
736,289.6151,141.952,207.614,190.549,61.8603,224.164,223.712,109.922,353.21321,283.24580000000003,264.3189,263.5036,165.3,322.5145,325.2673,186.334,278.2105,75.2431,187.766,64.4687,187.237,353.45538,200.523,176.217,157.448,29.8479,193.631,163.085,211.691,57.1303,167.551,205.407,77.6777,52.7907,23.9786,255.89,66.6738,61.4496,183.938,166.476,251.714,261.3949,182.724
737,285.4381,145.486,160.152,175.013,37.5306,153.558,229.532,201.985,330.3132,281.4909,319.9924,279.7788,212.307,5.32269,177.735,173.829,274.8891,83.1363,181.0,67.0844,196.791,316.9327,171.324,122.099,190.89,3.79989,187.023,208.309,203.275,76.1384,188.924,0.535934,167.663,142.992,240.44,208.205,178.74,244.488,193.123,340.9309,128.353,286.794,183.016
738,297.2452,146.708,279.3553,177.798,33.4251,164.272,209.331,353.84923,315.8877,284.7647,182.273,288.5996,177.463,190.683,203.811,186.4,352.15261,81.6167,172.124,67.1258,185.116,187.498,199.858,54.5655,182.472,228.289,175.173,159.077,209.468,58.4612,187.963,185.515,176.852,107.08,89.2787,270.3267,152.634,15.6528,192.811,314.9099,205.174,284.961,282.2733
739,76.9136,57.4293,173.796,157.17,39.2676,68.715,227.713,196.399,205.179,299.5301,258.15,265.8757,173.428,224.117,337.28430000000003,175.279,355.23254,82.3736,174.65,61.8645,176.799,191.047,182.051,199.156,172.518,344.6174,195.746,150.609,205.731,224.976,325.1889,313.5424,76.2973,209.127,213.324,252.417,177.856,14.5114,205.351,199.96,5.43914,74.0605,188.609
740,257.817,61.3983,203.917,192.186,61.6179,49.5384,196.387,216.933,198.456,288.7104,262.7636,271.8496,200.419,2.27168,340.7984,170.188,187.245,75.8188,155.906,70.7984,302.2488,185.992,178.763,181.558,192.265,256.153,146.601,174.451,56.9972,206.154,61.6927,167.387,168.219,188.948,56.2117,250.63299999999998,186.363,173.069,159.593,161.78,190.487,276.942,301.8414
741,178.401,335.7314,194.671,185.3,55.1278,163.655,192.53,156.087,32.0773,279.5475,266.1656,258.576,175.649,210.616,195.201,150.923,207.395,76.5595,155.037,65.2348,183.514,202.43,197.051,162.102,170.383,205.7,79.9987,157.498,78.4694,185.764,339.5115,19.9353,168.929,6.65261,217.3,267.6883,197.392,271.5742,181.016,354.93747,167.596,177.003,163.808
742,275.7558,110.198,186.776,192.817,55.4526,165.425,87.3436,231.134,51.8804,265.3883,220.371,305.8904,186.024,51.6365,23.9443,188.209,175.092,83.0005,164.651,69.6974,191.719,199.856,187.797,154.549,168.771,198.594,181.557,104.606,20.285,196.924,203.993,333.1934,70.4205,159.271,74.2471,242.44299999999998,180.543,239.236,180.052,300.2584,310.6431,288.265,185.364
743,80.8566,3.39358,195.886,171.146,48.3114,182.045,144.08,342.5817,327.3284,279.3654,256.577,39.3795,169.642,164.994,180.03,206.935,173.608,75.0707,196.708,67.4687,181.724,190.707,155.644,100.943,164.561,340.5351,176.318,147.234,263.9655,191.333,340.9613,45.6095,200.964,240.673,98.3617,264.2973,172.138,17.3333,163.988,159.498,188.319,180.18,190.035
744,261.0767,273.44280000000003,170.669,162.054,42.1747,171.803,183.738,183.903,352.19775,279.2444,95.4735,248.22199999999998,191.093,210.762,185.402,157.363,69.9732,81.5989,180.432,84.152,184.071,194.446,172.813,160.714,130.534,340.0318,182.189,209.25,60.1541,173.627,348.4938,170.643,190.708,243.167,42.039,66.3938,71.5256,28.5839,163.016,338.2594,150.493,256.352,174.622
745,175.497,310.2291,90.4805,190.351,310.3885,211.596,228.727,33.718,36.6498,270.9769,65.1489,280.7054,180.577,94.7307,195.296,196.675,77.191,51.2304,184.128,75.4009,194.332,175.664,186.614,160.309,71.1828,21.0795,187.817,117.807,285.5036,166.415,329.9731,353.35877,112.03,97.1596,54.346,69.3928,79.9749,222.615,168.001,279.1724,28.9776,274.74469999999997,185.058
746,291.8034,309.9212,197.427,180.811,68.31,186.393,266.4221,7.26569,329.5394,277.4134,267.1401,279.0188,188.932,200.954,178.652,176.105,99.2749,74.6128,189.234,75.0908,173.665,165.608,174.571,155.136,147.997,20.3571,190.878,143.331,207.602,187.436,3.56078,301.9981,71.7572,211.069,41.9098,258.797,183.66,236.37,153.997,183.937,347.6,169.655,90.8704
747,159.761,115.985,83.7412,167.228,39.9014,202.94,246.29500000000002,24.4384,204.246,270.2737,220.044,302.4672,194.153,49.3249,332.6461,205.167,79.6081,75.326,165.074,69.5829,172.272,191.427,183.972,160.95,101.655,27.7209,183.025,170.206,187.989,190.996,161.596,14.5581,76.4503,163.993,97.9613,258.956,166.696,236.30700000000002,89.6604,191.365,18.2106,154.836,141.566
748,69.0096,202.855,193.697,168.264,41.6202,164.239,178.092,16.6053,213.157,276.7386,66.419,49.6025,173.911,251.981,334.9997,135.862,106.369,80.3392,178.022,67.7238,186.187,187.109,194.826,184.729,185.974,14.8912,181.784,160.633,192.861,187.615,349.7686,6.53087,87.3449,258.385,231.998,45.9922,174.988,262.1975,281.9364,198.042,313.7233,186.983,275.2144
749,184.145,271.7257,178.489,176.128,37.3761,183.129,177.931,35.9484,218.529,293.5116,48.5024,57.5292,171.877,55.1903,166.737,167.23,19.594,81.5579,171.93,93.4326,176.756,164.643,163.845,175.168,166.185,6.18434,202.665,143.921,210.36,181.793,27.318,350.75499,102.815,18.7911,342.7513,81.8245,176.694,40.6548,172.639,318.4278,212.786,66.3816,191.793
750,188.743,268.4087,164.812,183.99,44.9986,187.26,199.512,159.225,169.523,275.0896,238.013,48.4546,190.833,93.7705,168.605,183.856,89.0165,77.785,189.018,86.8409,299.0224,206.674,180.243,178.667,169.802,203.588,186.674,161.369,175.755,212.171,180.507,157.285,165.367,223.727,41.2633,259.418,172.303,194.18,188.47,156.693,164.879,293.6467,173.965
751,176.046,73.7199,184.229,162.234,45.2082,217.703,87.1355,220.113,38.7568,270.2149,82.9034,57.8007,175.549,23.4241,313.0213,171.754,56.467,88.7361,194.444,80.7315,181.659,200.79,187.7,180.224,164.022,210.66,174.931,130.906,304.0962,178.464,191.58,334.8947,168.7,351.47888,205.493,60.1413,170.788,49.2996,153.978,192.635,356.98128,194.554,149.998
752,256.35,55.2201,178.621,171.472,56.6527,211.259,175.946,143.201,23.5241,276.1708,50.1852,39.9183,184.364,276.4846,316.6674,166.241,214.39,91.1699,176.352,59.2025,165.197,155.747,177.682,180.817,173.028,188.436,182.24,159.463,205.766,155.185,350.50288,23.33,70.5867,175.893,219.68,58.334,148.922,17.1724,180.864,328.6003,82.8128,179.875,209.468
753,270.7699,105.442,214.759,174.685,44.9857,202.065,91.0146,28.2067,21.8803,261.8034,242.507,52.1431,174.643,30.0597,187.714,184.136,237.64499999999998,66.8113,171.495,40.4774,191.641,187.115,179.952,151.678,173.78,168.328,169.842,206.202,205.051,189.184,196.724,58.9669,302.7688,168.757,20.1839,70.8283,55.2939,221.575,182.06,182.011,160.679,89.804,296.2788
754,65.0059,64.3161,284.71659999999997,188.754,34.4178,178.215,137.924,222.908,16.4892,285.8811,206.731,53.4296,193.406,349.759,164.207,173.703,255.628,83.723,186.526,69.779,178.186,173.182,163.002,173.237,165.933,213.772,172.66,193.214,170.636,183.139,177.181,299.3019,80.5219,40.2087,2.1036,270.8604,171.096,72.3067,200.853,359.22421,28.2646,276.5573,176.656
755,180.691,169.58,170.635,161.094,57.3157,223.29,165.401,351.37944,320.1409,263.105,5.15434,75.3203,180.031,178.968,338.279,167.965,264.5665,67.3015,187.758,66.2249,312.9774,195.163,179.955,56.5509,166.578,179.157,200.317,212.792,190.549,183.102,5.43367,326.49739999999997,185.252,115.945,267.9528,75.477,171.615,54.459,185.295,182.466,208.417,151.584,200.849
756,171.004,115.8,220.965,182.042,42.3852,215.171,169.547,220.346,309.5997,269.8451,262.5542,61.9675,198.951,168.974,325.353,180.086,257.577,93.471,185.566,97.528,197.271,182.981,178.939,69.7641,154.425,35.4481,173.149,147.325,202.254,208.668,175.743,167.792,262.52930000000003,20.0996,241.591,86.8952,169.091,16.9943,192.269,315.4972,260.15,274.9366,67.6072
757,278.1324,224.323,189.089,169.834,31.9718,299.188,167.861,206.61,316.33820000000003,290.846,247.745,64.26,187.975,241.936,179.464,188.641,273.14570000000003,88.7451,173.247,60.3239,182.089,191.259,92.1523,78.9357,148.86,207.657,180.139,160.392,184.549,202.585,34.0979,176.944,87.2216,128.816,257.515,241.33499999999998,172.384,29.4554,175.886,270.0569,187.763,171.435,169.825
758,270.4073,90.2663,190.826,170.494,19.0671,198.12,174.223,84.6643,4.00444,269.7421,303.3363,63.6123,169.109,14.0879,345.5801,183.765,227.624,82.3223,189.339,76.4274,208.035,166.856,187.649,54.2708,181.409,180.811,201.762,200.375,294.812,168.835,344.2325,332.8283,155.252,166.522,191.032,78.543,181.344,183.35,186.391,158.838,178.445,154.936,181.143
759,275.5093,77.2721,197.147,198.122,38.1684,158.692,147.104,205.637,64.2342,272.7457,272.5553,59.4576,178.659,229.33,15.2707,176.314,233.173,87.9628,178.206,72.1967,172.092,167.515,181.215,54.8037,183.759,175.949,183.384,169.319,192.157,195.535,154.516,175.748,56.109,309.5588,342.5677,45.2576,178.421,230.315,201.068,190.347,194.309,177.329,170.003
760,162.279,107.662,173.223,165.733,36.4433,221.702,170.117,40.0739,65.3751,275.4057,311.6288,78.5391,199.675,125.213,179.984,168.496,251.048,68.75,192.216,39.7279,167.502,177.22,178.39,165.92,98.1285,52.8027,179.377,221.008,185.123,171.092,193.401,339.0243,72.819,228.844,86.5401,259.534,186.547,14.8491,175.693,191.935,34.5037,206.89,183.012
761,258.448,95.9915,173.632,183.451,37.1277,224.793,178.198,178.811,338.4167,267.5324,190.873,97.5547,168.654,248.055,173.465,168.479,257.705,98.7767,197.549,43.7239,215.485,204.07,179.366,296.4003,163.552,359.9294851,194.431,143.631,200.15,170.87,152.422,156.031,197.108,173.549,40.2517,234.623,170.563,29.9131,175.755,196.112,20.2848,71.2811,173.586
762,279.7099,10.2524,192.329,172.851,46.0582,185.088,150.584,234.386,61.9397,275.6264,159.032,89.2987,176.923,180.439,192.477,156.665,244.091,69.4719,290.2604,44.7132,173.499,194.93,211.02,70.0476,172.149,30.4203,192.746,100.884,197.611,182.337,19.4124,325.5636,166.285,217.462,78.8184,87.378,152.063,28.1853,188.951,177.835,216.528,80.2246,54.4588
763,265.1546,45.5392,185.636,184.582,68.9931,176.788,187.683,233.756,62.0373,286.5382,168.91,55.6023,178.227,337.7244,179.843,162.568,269.6528,80.4666,283.7385,58.7699,169.693,192.42,195.863,202.088,188.379,317.8616,186.636,222.357,167.514,168.172,307.98,183.006,165.05,194.426,38.0704,235.506,168.677,223.906,180.942,195.012,200.116,163.622,289.2367
764,179.193,254.19799999999998,202.48,174.287,46.8985,190.665,146.319,195.13,50.1147,252.596,178.422,60.9114,185.23,209.287,141.316,194.165,258.96,80.1084,192.806,62.6792,179.351,170.308,191.581,90.2112,78.4267,178.052,183.548,172.209,189.074,194.447,331.0137,156.453,95.2434,358.52652,201.248,116.912,164.943,184.247,47.862,163.829,175.601,303.253,191.809
765,59.6547,47.5823,177.042,183.028,55.8511,219.515,169.024,215.516,337.9684,286.5914,168.541,84.8008,188.821,350.24617,18.3429,155.434,235.656,63.1272,185.281,53.8232,174.231,188.124,198.185,148.209,188.612,203.834,198.013,214.241,189.874,185.83,306.1387,320.0464,86.6562,217.766,200.545,41.9896,166.615,45.0089,167.402,167.882,169.136,299.7137,160.258
766,168.812,347.6441,177.751,186.268,52.8858,186.876,170.445,352.03951,55.7457,281.5895,180.797,81.6062,184.033,11.7228,177.555,74.8613,270.0461,79.242,189.838,81.8196,182.302,177.928,134.546,278.2503,165.639,22.4297,192.047,206.078,210.956,190.96,203.021,16.8505,170.965,149.269,213.386,80.6983,190.839,240.42700000000002,203.2,156.688,192.996,153.005,156.813
767,169.543,86.1966,170.789,182.119,71.0119,205.451,197.821,323.052,32.825,257.709,174.377,82.4014,176.971,115.275,195.146,188.592,263.2258,54.5427,281.468,75.6317,183.892,177.116,194.669,276.9693,198.568,49.38,171.092,227.943,303.9318,176.776,183.455,163.706,183.501,256.343,227.346,63.851,75.3828,34.7127,154.149,173.39,346.7871,217.022,175.386
768,55.7705,89.5241,208.417,173.675,32.7494,201.506,189.34,44.8199,294.4756,271.8001,186.484,50.994,179.811,231.126,149.173,164.69,60.4382,61.1107,172.77,65.0679,210.773,185.886,163.673,130.774,185.701,191.646,143.223,257.312,171.197,189.159,330.6792,156.373,53.8091,256.657,80.3159,65.5784,178.709,29.651,175.175,315.2136,347.4905,81.7995,204.667
769,271.9932,85.7709,190.833,188.086,47.3563,217.353,170.763,202.877,343.2131,274.6193,164.316,96.5591,171.026,35.776,89.7009,200.716,202.595,69.3061,187.879,65.2403,166.702,169.308,159.19,173.691,164.925,65.9978,288.77,212.163,131.019,191.06,185.329,317.6574,193.745,218.622,239.965,65.2387,168.702,39.858,156.629,329.8373,314.46410000000003,291.2957,176.675
770,297.7606,115.987,282.6589,170.371,38.2334,236.515,167.559,177.322,326.2334,262.5153,189.631,54.4304,171.386,27.5916,337.7085,175.15,190.522,105.272,173.909,85.3777,168.15,193.073,288.175,253.88299999999998,172.786,23.4629,172.668,239.721,194.495,211.551,308.5369,177.24,168.581,11.5779,235.65300000000002,62.7642,154.361,82.5508,152.517,160.985,331.6159,193.12,172.592
771,37.0148,330.0927,172.444,200.893,34.5911,217.743,179.161,4.2601,182.988,264.1902,182.725,64.1251,175.277,200.058,18.8975,172.892,77.2545,65.4086,299.6868,84.6871,68.878,189.136,174.708,177.236,184.664,8.44849,184.432,203.798,198.605,183.427,50.9524,11.4398,148.435,315.9624,208.758,239.236,159.911,267.2371,186.726,184.83,37.5838,194.822,179.713
772,81.7137,107.988,173.144,187.423,40.0291,197.453,179.495,151.666,322.2172,267.4548,168.318,92.5325,181.589,11.3097,340.28679999999997,190.871,94.9036,80.2872,170.296,87.9163,186.471,192.336,181.21,188.832,169.85,14.4554,191.478,136.24,155.879,171.736,41.7203,359.99769504,185.654,220.168,204.661,264.6971,176.303,249.416,191.561,184.046,163.763,173.998,165.918
773,82.6833,231.534,181.464,168.572,47.3506,219.913,174.166,350.557,284.0873,270.5183,193.877,77.4319,180.113,221.105,155.839,180.35,106.642,77.1279,164.37,56.5566,193.953,170.896,178.791,80.9967,185.16,353.85734,177.006,267.5611,165.297,200.347,178.016,17.7615,174.197,25.7423,198.945,77.4644,172.587,347.2915,192.088,188.148,0.556592,175.346,180.783
774,158.12,110.896,180.162,167.622,71.6193,195.613,169.922,2.93476,335.7518,279.2285,173.78,58.27,171.537,296.2819,153.358,177.786,90.6554,67.6036,173.007,74.8852,163.166,205.524,151.801,43.9636,170.002,203.942,187.54,286.5311,180.496,216.595,47.3512,256.113,185.886,225.778,359.33238,58.0505,164.356,296.848,183.31,191.412,189.064,308.3171,277.1089
775,279.6247,22.6441,174.263,177.84,60.4555,203.478,147.298,184.489,325.1381,280.7854,191.885,75.3798,175.361,349.6802,27.7211,174.197,72.8328,83.9764,190.415,71.2751,198.835,201.127,174.664,70.8149,184.827,210.837,167.815,155.39,183.414,216.445,157.592,321.6778,87.4686,194.187,187.574,90.1544,164.159,231.026,135.248,189.239,174.308,175.757,286.5132
776,258.102,246.639,194.87,167.825,62.9107,222.19,162.689,11.8808,318.9377,283.2965,165.549,48.8511,171.041,326.2019,28.9303,153.651,70.0414,84.7743,174.971,86.3115,165.483,187.116,149.959,160.847,156.443,336.4562,185.974,143.269,191.418,193.199,176.813,276.1997,171.129,197.738,242.664,256.82,171.458,2.81219,184.231,159.867,6.94093,283.52049999999997,179.559
777,182.342,78.3362,164.06,162.726,55.7718,222.131,169.535,321.3458,307.8924,261.6318,282.9162,62.2712,186.003,92.684,55.2013,189.452,246.752,72.981,188.329,50.4225,176.47,186.377,153.155,80.1163,164.978,339.8741,197.001,231.375,297.1337,195.597,13.6697,332.9679,171.138,30.8366,64.0444,92.008,173.619,270.2324,172.802,178.024,5.5765,284.721,171.579
778,192.097,173.318,197.758,191.307,35.5099,180.234,170.54,186.68,312.04200000000003,259.943,273.4465,64.706,164.546,179.195,312.5922,160.531,277.5545,69.4614,166.695,82.0839,180.682,191.006,182.37,297.8173,151.817,51.9475,198.917,150.654,198.43,164.765,302.0591,5.87307,88.1817,240.92000000000002,126.209,74.7588,168.85,133.577,179.465,343.2203,27.5064,272.5145,150.512
779,56.8834,188.079,194.023,161.098,38.8618,190.502,173.143,172.925,15.6072,260.5016,302.7768,75.9594,176.197,63.3731,182.402,176.675,269.3867,63.945,193.22,72.5151,174.839,178.977,166.033,83.829,182.233,25.1323,186.55,153.426,194.631,189.406,329.9733,160.045,68.6338,18.7369,222.203,76.3721,179.639,222.078,211.324,183.02,311.8097,288.29089999999997,158.225
780,82.4396,296.985,169.908,181.275,46.0312,196.164,190.245,342.2995,325.4588,270.2768,302.7678,83.8542,184.117,32.6413,328.1005,195.935,269.4548,85.9293,182.155,68.5782,184.579,192.47,156.664,165.38,182.332,1.61685,189.234,148.864,192.264,211.924,36.7123,180.756,95.8417,176.583,196.27,58.2208,172.016,121.169,169.587,194.537,169.274,290.5199,176.602
781,282.96680000000003,53.1684,156.651,167.267,62.4119,218.444,154.403,184.35,335.3722,270.5892,204.266,87.3806,188.658,217.778,336.1034,169.986,65.3859,78.1069,192.177,64.3476,186.738,177.94,179.452,183.08,167.359,23.0888,192.807,121.745,189.978,189.025,299.82529999999997,188.288,161.607,302.8894,57.5386,77.5293,183.244,18.2833,170.319,161.361,95.1511,86.5023,157.93
782,173.264,57.7812,170.714,162.455,53.1839,210.008,165.266,353.14195,307.2046,265.8532,156.52,60.4125,170.461,89.9535,173.552,95.6834,58.9296,74.8584,173.771,68.5882,270.6287,188.762,178.91,64.3583,256.957,174.335,180.502,211.045,301.113,185.401,336.6341,325.1371,49.9251,54.9069,179.227,81.5676,180.07,199.974,170.039,189.442,64.4186,178.336,185.565
783,250.699,93.9526,183.868,155.888,40.4825,205.694,193.934,87.347,24.3432,278.6758,166.36,50.2109,307.8122,209.118,355.25276,175.108,64.6278,95.9939,189.807,81.5708,188.347,190.252,153.92,160.119,169.847,229.255,188.155,120.318,162.475,189.509,29.9751,22.2743,143.316,238.06,62.7976,87.5963,179.192,44.0202,164.216,351.94629,195.589,172.856,180.386
784,280.6692,317.234,194.194,161.466,49.8762,186.696,180.741,130.839,52.2608,279.6109,173.557,60.9439,179.806,348.9337,181.38,188.106,73.5602,77.9203,183.255,75.0552,209.397,199.685,186.567,56.0733,184.477,351.40391999999997,190.84,138.024,71.229,186.828,199.571,189.974,85.4499,253.599,245.261,50.6079,149.486,79.386,169.175,173.251,213.058,191.846,194.291
785,273.486,259.83799999999997,166.967,172.021,51.3285,205.632,182.39,147.902,316.6065,267.3548,189.458,70.6183,185.224,117.192,164.603,182.504,67.3734,58.5694,183.456,69.9328,176.257,170.869,189.556,50.7244,172.926,227.434,189.439,202.882,188.236,175.697,205.404,247.15,166.536,51.9864,226.741,84.3451,161.14,225.249,181.836,181.486,296.956,178.065,174.191
786,272.2712,264.9816,175.197,199.351,37.3816,192.759,161.149,198.975,331.4687,251.23399999999998,187.584,79.9392,176.163,3.34626,301.6291,183.342,68.4028,75.5239,179.397,67.7129,195.16,188.808,178.508,74.2778,173.88,222.726,179.902,231.532,186.422,187.772,188.93,187.755,79.9651,199.835,249.50799999999998,67.0819,82.4973,148.514,188.923,184.937,186.739,178.862,165.405
787,184.741,323.5868,189.174,168.437,49.1725,308.5761,156.385,163.572,182.177,271.6575,184.695,52.6065,171.259,357.38268,148.284,172.687,59.8253,86.2392,176.68,68.9639,185.025,195.821,178.256,162.643,157.578,208.755,187.251,194.848,148.83,186.945,187.924,289.3183,137.144,215.933,20.8553,79.3052,172.829,200.542,184.879,117.317,158.108,208.432,68.9143
788,261.0717,91.4181,158.51,177.729,45.3858,199.138,53.0588,227.371,173.754,272.599,156.996,64.2919,165.05,359.540803,357.03724,193.735,77.6492,77.7323,165.447,69.2173,169.777,194.165,176.084,241.423,161.853,188.916,177.277,126.711,56.8626,175.204,179.498,145.822,88.4885,13.8675,18.6769,87.2599,165.161,260.808,176.125,168.938,169.289,182.42,182.114
789,275.0133,272.9509,173.966,177.056,45.4926,247.80200000000002,194.032,347.9357,309.003,273.1791,184.612,64.9122,190.921,172.14,198.203,189.501,70.467,70.0015,167.008,80.1928,185.067,204.076,160.372,87.137,181.625,183.257,184.36,149.758,76.0824,199.934,6.62879,29.1546,155.369,11.0709,328.534,80.6985,169.77,28.7477,173.079,176.375,249.05200000000002,82.3395,180.984
790,286.8782,266.8348,176.524,176.93,57.1227,241.5,63.7938,190.007,303.3111,255.19799999999998,176.272,108.816,169.493,214.479,162.832,157.172,66.3925,87.9112,181.121,56.1494,67.1756,209.454,204.087,68.4929,177.545,177.579,198.03,223.628,311.7335,189.23,16.3145,194.175,66.3431,21.1094,79.2328,69.0474,179.376,198.134,181.208,160.401,15.7961,196.338,307.5589
791,200.109,73.9529,183.02,162.656,50.2704,214.371,104.424,183.803,72.0442,262.8224,175.128,97.0549,184.326,195.083,183.399,183.769,57.7607,86.3937,187.295,73.683,193.003,188.847,208.452,90.7056,70.7649,154.799,178.109,143.978,174.23,193.929,357.72747,43.4162,80.7298,209.02,195.885,256.736,179.95,24.1206,184.329,171.13,8.9869,197.211,175.752
792,154.8,276.2067,81.775,177.416,25.1114,214.416,95.714,299.8359,173.11,269.7876,353.77558,81.9728,167.937,147.335,168.331,185.857,82.1391,74.5667,174.386,76.9991,231.23,202.455,177.367,149.116,153.496,223.272,184.862,210.558,300.2422,182.709,357.50453,166.913,85.2405,37.2244,216.496,263.4258,183.167,211.256,215.504,180.651,331.319,181.505,296.5471
793,208.432,271.4686,162.133,180.978,68.6265,217.878,201.444,355.44761,314.71500000000003,254.974,343.746,77.231,180.98,16.3104,180.345,201.832,57.4759,58.9267,194.534,67.3531,185.247,180.933,191.147,134.087,188.523,187.299,179.822,76.5814,184.481,193.347,17.0522,53.5996,82.5559,230.751,214.304,243.571,167.72,79.9928,171.097,8.48573,164.144,297.6146,177.796
794,88.172,95.2605,187.671,178.899,44.7215,208.422,210.918,228.914,66.968,269.0773,7.66261,72.1987,165.525,17.1737,192.773,186.695,77.7623,71.7629,176.658,67.5719,70.3934,181.138,167.882,125.967,173.887,251.14499999999998,210.751,205.774,299.034,189.782,324.5675,351.28983,280.5662,148.515,34.4998,246.899,74.1284,207.872,203.712,196.249,20.8336,179.6,50.016
795,141.57,331.3162,188.683,173.143,47.3934,219.041,188.131,18.2159,33.7575,256.87,171.322,72.1089,184.749,180.931,194.742,157.525,56.5197,69.7051,180.968,65.4245,192.626,188.503,182.327,92.9743,171.53,30.1719,186.924,263.6068,298.9542,206.352,153.392,189.975,65.9014,71.2853,161.432,258.818,178.441,157.555,172.139,313.736,19.4462,198.265,167.229
796,169.596,302.9453,282.8365,169.108,42.3224,208.805,238.452,329.9416,322.0369,264.9567,213.218,62.5054,183.896,28.9297,188.829,189.31,67.9607,85.806,180.762,66.196,194.053,196.335,188.839,143.128,175.664,38.3785,181.803,149.992,196.222,198.63,169.17,40.0481,297.4849,205.421,233.68200000000002,36.4674,159.291,223.334,176.74,171.81,181.088,79.0491,302.9945
797,296.1635,84.165,197.776,187.065,48.1543,299.9946,62.8471,160.794,186.728,250.324,181.032,87.8618,179.591,225.453,357.91981,182.886,332.7681,83.2278,73.4338,60.6427,188.051,192.975,172.517,56.8108,177.73,341.6598,191.584,145.258,286.69259999999997,190.666,162.223,164.098,176.859,92.3284,64.4619,61.7666,182.173,356.93276,185.131,168.355,156.689,201.043,75.3441
798,72.1989,103.749,178.675,175.81,35.392,216.14,77.9544,173.578,185.063,267.6798,206.153,68.7517,181.656,12.2332,304.6886,197.712,77.7765,70.4295,267.0357,77.6492,180.367,196.938,191.68,162.169,168.203,29.5634,185.767,144.864,305.3634,183.319,184.954,190.177,75.275,90.0181,234.10899999999998,62.0401,159.618,223.513,186.729,21.182,348.6571,84.5643,282.5618
799,187.144,263.43330000000003,83.7934,168.065,42.26,202.595,60.2943,341.2434,4.88857,251.049,192.746,60.9218,176.553,9.51802,338.7883,96.7015,83.9469,64.3528,90.7226,71.8213,175.893,183.132,171.933,180.175,193.555,356.3599,191.288,142.928,291.20730000000003,182.223,172.111,207.678,189.25,65.7344,345.728,81.8023,167.726,206.559,172.192,32.375,65.8745,184.395,281.3181
800,176.344,125.491,158.177,179.406,44.7619,206.733,53.3432,235.711,342.703,292.4048,189.656,93.7701,190.28,164.829,336.5408,171.081,61.4361,78.955,165.217,77.2756,185.667,190.425,219.518,158.722,182.948,245.69299999999998,188.142,158.167,61.2628,183.651,303.7237,142.0,190.459,15.32,250.94,62.466,170.857,304.3421,165.943,167.997,172.728,199.02,189.106
801,274.9078,285.02729999999997,54.3696,178.964,66.8185,200.26,67.2195,48.8294,308.1069,268.9845,179.402,83.3291,167.788,104.931,353.30074,69.5936,64.6835,73.1133,197.516,74.9465,179.324,139.819,168.663,153.763,180.351,36.3985,186.281,286.3992,284.6746,169.67,317.2257,56.2266,198.476,0.489598,28.2775,73.4133,161.056,246.178,172.655,165.721,68.8071,191.133,176.477
802,270.0344,94.9858,185.325,155.91,34.679,200.91,86.5727,37.0081,317.2134,273.3881,180.795,65.1215,170.356,286.69259999999997,326.4185,172.609,68.39,76.4638,273.2187,78.7115,206.307,13.8531,183.746,60.1538,155.433,44.3287,195.32,277.6178,184.567,168.538,187.071,179.899,47.417,163.129,36.3244,247.368,77.9098,231.93,159.846,190.12,227.419,93.1767,181.451
803,184.845,296.9342,197.382,167.609,28.05,222.959,55.2596,183.469,332.7471,273.2552,183.498,58.0603,172.165,28.5236,30.8802,219.903,91.2419,76.4118,171.314,77.479,207.708,30.2844,177.254,159.711,170.006,205.271,204.551,323.5571,73.1501,220.578,336.0684,59.7916,178.806,241.201,355.91993,260.16790000000003,171.663,352.37566,172.107,142.387,217.346,74.6263,174.892
804,174.913,142.198,280.3984,184.055,63.1061,224.564,80.9901,200.82,314.296,276.88509999999997,174.346,85.4827,160.173,212.605,326.8065,172.043,77.7652,85.4604,178.483,83.6518,191.619,63.3769,190.402,165.256,70.6333,233.796,179.234,280.4683,183.875,188.896,337.485,355.84693,164.988,303.3052,63.3632,256.461,162.158,222.648,156.514,162.996,38.0071,289.22860000000003,182.88
805,34.4569,157.361,274.4781,177.007,50.8369,201.502,205.569,24.8771,351.17683,258.853,192.216,48.9828,170.98,88.7048,326.9794,162.289,73.271,61.7318,181.914,65.1172,166.487,320.3068,191.413,62.9781,163.34,161.002,209.102,290.5685,48.912,189.713,357.41361,9.36699,103.125,176.391,58.8874,224.088,292.3268,341.372,164.273,161.344,87.9836,63.7745,165.505
806,271.3642,25.6047,299.6921,185.171,44.8635,206.124,88.0323,143.04,288.9932,263.9316,178.614,55.0671,176.173,236.898,170.519,170.658,61.8273,56.8305,191.923,81.6913,174.476,190.037,184.678,62.8712,146.735,22.8228,188.882,285.8376,166.29,184.585,158.005,54.6291,192.322,32.1525,8.62517,265.4712,152.725,337.3471,180.234,344.9746,243.7,281.2468,184.611
807,184.016,227.087,174.622,175.712,34.8257,285.7303,183.761,164.81,151.216,276.9227,193.54,76.6063,167.863,306.4047,316.0528,200.704,58.7396,84.9131,190.907,87.1932,168.278,332.5578,190.312,67.8252,58.6052,198.863,200.499,272.2432,187.376,190.213,326.2636,331.4268,120.834,35.5566,43.1102,54.1902,176.945,51.5663,192.136,63.6237,154.372,292.9598,180.674
808,174.157,356.8943,262.0292,168.973,42.6086,303.0652,267.1093,211.919,27.6699,282.3467,257.24,69.4334,169.979,115.776,317.3376,204.48,75.0534,54.0816,175.608,52.8576,191.165,50.5244,186.751,84.0524,146.902,8.64714,190.067,140.85,222.802,187.916,344.5105,193.531,161.333,16.2018,143.899,262.4139,162.908,252.119,178.291,167.156,61.5474,150.3,187.176
809,264.4286,274.021,168.758,177.165,179.85,192.864,178.885,47.2081,152.939,286.2537,273.4445,38.1265,168.766,249.78300000000002,334.0218,164.757,82.1459,59.8628,183.895,96.0218,174.766,330.8521,178.162,138.188,163.612,343.9259,173.669,151.764,169.713,179.641,322.09069999999997,342.1157,164.418,284.1612,185.769,263.42359999999996,155.687,192.158,180.517,194.129,171.374,282.9184,178.232
810,265.4056,299.112,287.7221,181.129,308.796,209.65,228.742,47.494,301.2699,259.681,339.626,64.8693,178.398,215.788,188.275,171.027,86.0276,85.6163,185.353,57.2031,156.603,196.402,181.319,69.9908,80.5897,219.399,167.996,144.524,187.797,201.719,31.3471,197.182,110.652,185.889,51.1797,67.6097,187.108,262.1354,181.789,184.222,220.554,157.967,248.872
811,289.697,257.71,174.135,165.219,42.2251,208.447,234.571,345.6994,170.611,254.86700000000002,66.152,85.3085,184.293,209.809,346.1064,178.673,81.91,79.7728,191.727,90.4991,175.347,180.585,270.7076,166.857,167.455,173.77,160.535,128.806,193.877,199.965,355.85515,165.884,200.221,5.41121,39.9425,71.1326,269.6414,248.897,172.94,173.159,245.88400000000001,169.812,171.454
812,291.411,289.58029999999997,200.352,173.635,45.8152,182.016,239.67700000000002,191.407,323.8615,258.001,256.891,48.2876,190.448,195.45,327.8368,199.45,83.7106,58.2743,158.494,68.5823,212.116,177.422,62.1692,156.063,162.772,206.226,195.158,146.087,198.644,204.155,323.5542,163.557,176.75,23.8146,50.5135,71.698,170.088,181.64,180.59,172.684,15.656,170.848,198.564
813,263.4287,260.9329,164.155,186.496,60.4267,217.11,75.7294,167.431,319.947,269.7162,243.285,15.9963,175.203,212.563,163.403,197.458,79.1928,89.2687,173.542,50.8022,180.981,345.6209,194.948,68.1635,171.164,41.5881,190.619,299.2088,199.29,177.877,331.0786,349.0347,70.109,197.328,222.2,46.0287,159.763,53.6156,180.797,165.358,170.999,84.0238,203.254
814,275.6441,33.1481,174.866,157.65,41.5289,211.799,100.729,23.1603,314.8262,281.06780000000003,138.649,67.8759,180.089,0.987054,179.58,164.367,336.4656,83.7362,198.474,77.4692,160.888,179.497,169.802,188.553,192.075,34.3885,188.248,226.013,160.871,202.37,312.5527,117.926,170.375,23.8323,25.4904,64.2324,158.687,70.0983,170.334,167.49,186.37,96.4805,207.224
815,285.0317,154.1,192.324,180.066,78.7264,205.355,200.427,272.7083,6.69349,279.403,242.858,51.4048,178.241,230.074,142.556,177.093,353.61559,88.5381,170.341,61.7705,91.673,200.371,179.461,42.251,177.11,68.7041,170.566,213.953,172.958,180.39,204.746,181.614,165.448,215.864,170.299,75.6103,182.579,18.3673,194.656,185.685,229.582,174.993,170.014
816,54.4394,132.756,163.873,173.12,51.2207,293.2771,85.9109,41.1221,317.2569,268.3788,37.0185,49.9972,196.118,36.2369,354.90294,186.466,3.86218,63.9258,184.225,73.6957,182.093,181.954,168.021,168.561,170.16,28.1422,169.26,135.249,170.586,189.346,34.6733,269.62170000000003,77.4681,31.1672,45.6394,248.84300000000002,179.522,220.55,188.556,185.152,35.253,187.12,180.775
817,176.441,290.9812,282.9757,189.027,65.7237,183.709,203.011,49.4022,309.8387,289.5833,42.1786,182.042,166.521,39.509,182.009,183.015,8.12837,75.2649,179.536,72.3743,173.273,191.398,159.071,166.736,180.347,201.449,174.867,126.846,211.982,193.398,344.0092,38.5809,87.6153,342.8633,186.402,221.926,287.0902,229.76,174.386,185.08,146.704,277.334,76.8194
818,73.0266,86.4015,172.752,165.685,35.1086,182.986,258.28,13.5991,14.7856,297.185,252.762,175.681,181.913,32.1848,158.031,176.131,348.7788,71.5148,172.299,63.492,255.16500000000002,181.192,183.081,134.748,183.05,194.55,189.506,145.368,191.733,185.905,159.372,52.3768,177.077,336.5465,54.3846,78.6032,71.35,24.6442,184.87,154.556,11.8993,212.921,183.642
819,308.3641,273.7719,184.171,184.929,59.8891,260.342,247.451,195.239,34.2884,278.1097,29.9994,158.798,181.676,256.152,1.22802,196.272,349.5977,75.0914,168.287,69.2591,172.705,187.313,171.675,178.341,178.957,34.973,181.614,144.854,206.017,180.786,179.647,184.097,86.4211,194.886,36.7163,61.1703,188.093,210.723,205.184,341.755,229.859,205.549,211.524
820,204.585,10.6039,181.549,165.685,13.0308,201.651,94.5978,76.1749,336.2151,265.6041,274.54380000000003,178.527,172.081,238.79000000000002,31.3285,169.144,335.9327,90.8647,174.045,62.0435,79.7497,198.367,197.905,156.94,169.544,20.118,193.157,134.548,181.266,173.475,333.7906,320.8591,81.7723,33.8847,27.1845,63.6401,71.7323,187.322,181.722,1.49008,170.734,152.539,184.474
821,277.244,343.7139,167.633,199.05,69.8052,222.74,177.789,61.7286,152.048,284.0509,167.553,208.775,178.555,193.139,1.58073,191.843,321.9796,51.929,51.5311,68.308,191.971,181.416,67.2644,78.0955,183.298,27.3182,196.477,161.587,307.6119,176.525,192.628,330.0397,179.265,51.5348,22.3834,73.9344,82.0923,248.60500000000002,214.208,170.946,125.567,169.825,172.067
822,278.4219,207.24,177.746,175.92,28.3702,204.175,155.5,332.7963,320.6388,276.43489999999997,226.033,72.5104,176.79,29.8667,20.8489,188.221,242.1,63.4908,279.8922,53.298,210.853,192.512,182.979,257.95,186.544,184.773,181.263,168.761,189.512,199.998,352.32933,36.1484,155.112,25.8508,36.5497,248.631,176.905,324.3992,179.91,182.059,192.403,166.606,193.836
823,267.553,246.696,156.908,160.962,57.067,204.712,176.732,74.5758,323.3153,274.8284,208.019,149.947,175.395,168.932,307.5054,167.247,219.775,77.9514,175.935,62.1423,304.5444,185.324,170.643,150.437,174.653,205.527,178.249,157.036,216.49,195.627,73.8356,36.2426,164.012,204.324,56.4641,271.8473,218.153,89.718,190.759,301.374,359.807672,273.4286,293.27729999999997
824,180.926,76.443,198.152,170.718,9.44042,202.864,199.165,342.2255,316.8602,248.175,253.14,189.153,166.573,199.167,61.2368,183.717,267.71500000000003,89.0727,177.56,78.9968,168.28,163.039,168.096,87.633,171.28,279.328,193.336,279.0568,195.845,104.892,1.83148,312.5317,185.12,121.353,196.891,67.5111,177.37,119.934,174.878,8.61523,210.988,177.161,159.414
825,176.88,116.521,176.651,173.07,38.4408,217.279,190.652,325.87080000000003,328.8243,267.9921,77.6047,174.842,167.353,188.292,153.999,165.707,261.9212,75.369,191.848,68.5104,182.493,199.987,180.179,163.598,172.637,156.035,207.127,293.41589999999997,184.211,186.798,167.262,49.8621,182.408,33.5569,206.882,81.5271,181.745,23.1006,173.495,176.679,153.488,194.715,194.937
826,271.40819999999997,71.8205,189.768,172.168,66.8717,208.526,189.369,315.0729,168.442,289.4334,100.684,183.136,193.958,92.1722,155.034,184.677,244.389,90.0953,160.263,76.4229,187.873,175.342,172.567,156.553,181.928,194.556,184.338,149.408,176.482,184.008,268.0713,185.106,173.046,39.8876,169.657,220.372,190.72,221.525,191.294,306.0295,131.518,179.436,286.8539
827,86.7167,285.5529,178.482,174.288,29.018,232.44,192.579,340.629,205.641,260.86490000000003,226.889,197.441,167.9,29.6463,297.468,182.672,244.49200000000002,93.1332,182.246,66.3709,159.069,172.529,178.03,183.754,165.738,12.2829,162.823,144.153,261.3786,178.414,183.268,178.924,62.0891,9.42671,204.149,54.034,163.579,17.0846,146.68,36.9876,227.446,291.0047,200.913
828,196.587,103.987,168.454,186.549,29.199,188.253,187.375,40.4191,318.6915,262.9772,19.4189,193.038,165.455,180.276,170.597,200.053,228.583,82.9303,180.303,67.6425,66.5971,175.393,172.501,160.93,159.262,26.9741,177.564,158.998,196.587,205.873,33.5206,27.2828,72.0682,164.823,58.9692,61.7098,65.1526,20.8404,170.733,156.213,108.061,187.693,173.889
829,75.2,287.1377,185.233,165.534,64.3731,202.916,204.982,240.578,338.3596,285.2376,215.167,187.538,180.627,165.407,206.921,174.88,253.85500000000002,75.4302,181.609,77.3242,179.872,164.566,179.153,160.134,172.825,42.056,168.547,141.427,194.466,178.354,322.8507,324.4618,88.2798,359.85339,186.397,61.069,152.705,224.602,184.624,332.4558,158.317,162.621,178.534
830,74.4002,111.646,187.715,186.551,43.6574,204.235,208.067,191.995,323.022,261.3514,71.687,179.685,166.863,238.77800000000002,203.601,193.557,258.221,79.6238,165.812,79.7515,198.621,168.174,187.69,68.7395,169.694,197.59,280.0387,158.518,140.212,160.52,315.1981,166.783,165.434,254.519,118.101,71.3029,172.582,29.0315,181.387,29.045,17.3854,287.8864,198.646
831,50.8234,117.425,269.265,168.761,15.9128,219.517,301.129,357.67786,161.584,267.3761,337.3444,162.483,184.982,10.9666,187.193,194.045,243.897,89.6226,172.902,71.9055,178.902,190.109,283.1988,239.188,180.428,205.93,61.1881,149.129,169.524,191.799,342.5435,357.01483,159.826,113.63,33.6209,274.06100000000004,163.906,338.5322,278.8355,339.0864,178.696,170.712,160.157
832,285.2212,226.808,176.169,185.348,63.6965,254.155,50.0302,166.671,182.048,269.3422,220.248,169.519,144.139,185.751,163.87,187.322,267.8988,97.5517,182.9,64.3539,54.391,179.267,177.73,164.859,185.247,8.00871,176.565,154.796,166.586,183.968,28.842,320.1229,77.5715,51.2913,60.9935,55.6677,71.5168,356.81987,182.352,180.251,158.92,166.276,185.147
833,278.9113,115.815,188.133,174.586,66.3679,210.936,58.6251,173.141,328.9761,239.733,121.275,177.754,197.059,317.9076,28.9832,197.805,272.4635,72.7069,176.444,76.1869,174.821,190.95,167.828,163.245,176.801,50.1725,164.792,211.14,159.544,194.545,184.128,317.87,181.767,207.378,56.5616,66.69,74.7457,33.1995,174.871,329.3071,9.48654,176.356,62.0684
834,169.383,85.5704,191.227,181.23,333.5517,210.664,55.4209,141.704,6.67239,264.9664,62.4358,359.217106,180.493,22.3682,197.552,183.595,262.7626,81.677,167.866,52.0644,187.418,185.05,77.238,150.275,150.175,24.4823,179.181,144.023,195.882,208.716,340.758,51.9223,297.0229,156.478,61.1572,98.3677,173.067,232.174,177.944,145.478,221.073,166.124,166.256
835,190.252,116.348,276.99,178.47,42.9428,207.989,83.0566,183.923,150.995,276.0845,87.8196,74.0902,155.607,54.0774,54.7176,152.089,260.1277,69.4518,207.06,61.2475,183.858,185.529,193.926,66.5689,162.96,81.3166,182.618,134.442,180.306,188.7,358.82729,316.4386,308.5632,201.305,220.752,61.4243,175.155,349.4519,176.732,194.835,31.5195,206.804,183.479
836,244.833,96.1145,177.594,172.175,51.8315,198.947,245.543,349.2061,309.7475,258.006,249.1,57.3676,172.136,26.3604,159.069,188.618,249.255,85.9055,195.776,55.7421,176.952,172.223,176.031,186.98,174.34,157.552,180.929,144.379,180.069,213.906,71.0259,3.24812,59.2764,195.921,359.211424,75.2665,186.048,234.426,207.407,184.357,286.47839999999997,202.139,172.696
837,191.389,299.17560000000003,192.868,171.476,41.4817,206.904,178.936,22.8604,157.078,278.4293,60.1249,249.764,167.991,218.96,182.463,176.187,227.587,79.557,196.189,54.4409,281.5104,165.267,145.459,199.077,180.809,220.221,153.286,143.907,58.8299,177.107,42.556,317.635,286.8886,237.74599999999998,190.531,99.2047,166.825,50.8863,192.79,48.0298,142.33,184.413,171.137
838,164.785,338.7133,187.255,179.39,43.606,200.064,78.5982,29.0203,305.532,261.8606,80.1153,69.6303,165.908,16.5686,158.965,183.155,223.326,85.3295,186.864,87.2903,184.372,194.185,177.568,195.336,169.078,244.44,64.4681,200.151,188.665,194.611,326.4409,318.8681,288.3938,194.777,66.7762,82.4698,167.279,217.658,195.785,186.243,179.523,69.54,181.0
839,283.20910000000003,86.2563,193.17,169.09,52.106,208.858,164.232,169.926,337.8798,260.8262,246.839,35.8539,180.518,222.667,220.932,182.176,233.374,88.3608,165.774,61.0363,167.278,183.663,175.221,167.76,170.861,164.878,65.3087,207.042,184.069,204.305,10.3461,280.4455,192.903,332.3417,19.0469,80.047,180.97,9.20011,186.834,171.037,61.5412,167.44,180.054
840,192.898,279.1501,165.468,188.431,65.0166,314.54449999999997,112.96,8.13712,307.4514,242.312,255.777,276.91679999999997,187.768,84.0076,347.4418,180.32,269.95,97.6638,174.31,64.9347,192.184,194.502,226.874,157.098,171.816,2.22458,170.178,151.695,86.1668,167.235,330.8473,329.4861,288.49490000000003,304.4074,20.6767,76.1019,166.707,220.214,180.351,187.048,40.7088,218.318,167.189
841,170.756,93.465,206.038,182.789,45.5132,212.544,255.622,338.6491,328.4184,269.8971,236.874,65.8458,152.562,192.214,119.252,191.839,260.6296,71.7253,63.0116,84.7679,177.686,189.243,177.798,165.046,151.639,3.61039,182.644,136.861,64.1602,189.166,355.67437,339.6505,184.14,32.2087,87.269,250.668,170.461,206.129,182.816,293.8276,226.649,171.708,170.85
842,89.7664,255.77100000000002,167.957,181.815,43.2022,294.796,78.1173,333.504,316.2943,265.4607,63.8029,67.8687,168.791,234.512,187.688,178.732,118.381,67.6222,176.97,78.0657,197.315,184.163,190.797,150.722,169.81,193.16,183.935,153.677,61.6234,198.108,190.631,184.11,66.5057,14.0522,4.63875,71.2678,82.3164,51.6043,180.877,186.704,188.392,188.916,174.984
843,81.3108,58.5301,203.952,172.239,44.4908,184.499,103.072,331.4722,319.5937,252.80599999999998,68.8151,271.8891,172.983,228.605,175.605,207.343,269.6708,83.48,177.236,64.1279,68.1406,193.675,189.576,270.90340000000003,188.074,142.633,172.072,237.41899999999998,185.932,237.70499999999998,315.1405,320.942,187.276,46.8076,217.597,257.915,166.075,230.354,207.441,160.77,158.277,137.423,166.518
844,169.74,302.2941,170.117,167.479,48.3825,163.693,207.81,52.5582,311.3003,288.949,305.735,55.6079,187.063,73.3614,245.013,161.49,93.9709,84.9085,203.196,57.3535,173.879,197.392,173.823,159.599,182.11,205.784,182.583,151.279,159.997,164.071,317.3277,348.0163,179.24,34.9515,28.2291,244.75799999999998,169.216,72.442,190.628,308.6028,190.391,142.719,176.101
845,96.1579,150.46,297.9489,162.812,39.5168,203.352,240.265,344.8531,304.9988,262.556,59.7077,1.88066,192.921,214.444,355.3428,185.738,79.9404,87.3287,158.109,56.5135,172.819,172.759,201.568,270.4204,107.222,222.475,176.935,159.845,80.1071,173.178,351.46369,287.604,190.98,212.968,236.607,254.42000000000002,173.101,347.3371,170.607,229.04,4.843,270.0041,187.266
846,172.958,91.3566,190.239,171.305,40.8551,195.885,92.1738,319.1856,328.8607,272.8367,274.0089,50.0716,169.225,41.3821,195.302,178.241,72.4154,86.3962,188.133,60.7264,197.283,191.026,184.659,74.4053,148.489,207.665,174.773,130.84,75.0693,188.1,336.5388,189.365,210.81,200.794,140.565,76.0096,71.1689,222.268,202.42,357.27974,170.554,161.119,194.834
847,282.9984,163.981,165.778,159.745,46.7888,208.376,80.5571,20.8613,21.5496,272.7959,270.2369,61.2949,177.226,247.747,331.3065,159.007,72.9533,84.9401,278.6768,75.421,183.382,206.899,177.103,157.214,181.641,205.077,185.12,128.598,79.884,199.225,24.8626,176.912,189.334,24.0586,141.575,251.155,169.865,194.938,180.125,172.617,214.321,176.193,198.393
848,196.285,305.7514,179.47,177.951,40.4529,197.576,294.695,25.4536,351.74455,284.544,257.504,38.865,182.102,211.328,172.466,305.0297,69.9409,86.4857,182.537,75.6778,167.785,171.5,204.625,190.841,182.961,14.1663,182.699,245.868,70.2528,202.701,340.5856,275.5127,184.43,149.917,246.94,88.834,161.236,261.3949,164.463,294.2627,55.3235,166.633,165.002
849,193.709,294.7998,212.673,187.481,70.6897,219.603,220.299,35.47,22.7713,274.2308,284.33820000000003,70.6343,180.002,29.6046,6.94047,172.459,262.0047,96.643,270.1444,64.1988,178.212,169.259,184.119,165.756,170.946,359.555665,183.26,161.065,67.6005,162.56,296.5151,276.9837,180.68,320.574,66.4493,231.747,191.0,168.296,174.619,314.2339,32.4712,268.7339,158.392
850,52.58,256.742,194.523,181.575,28.6942,217.546,192.579,44.1417,343.8997,291.1752,258.873,294.4489,182.001,221.328,305.341,185.395,241.389,76.2239,170.363,59.6131,291.4493,194.232,159.599,164.362,200.28,201.346,198.3,157.288,249.32299999999998,209.939,348.7688,32.8352,172.504,310.1475,63.9187,91.0244,173.52,235.42000000000002,181.252,0.475063,216.023,165.243,155.764
851,202.341,245.051,178.722,183.966,55.2874,208.94,64.5607,159.673,323.9332,256.028,69.812,28.8001,70.0651,45.168,162.95,207.119,256.749,91.996,187.866,76.7274,169.919,186.895,184.177,126.682,172.249,188.223,191.226,153.488,196.633,211.077,16.16,277.8031,66.9582,220.298,167.942,76.965,175.888,212.915,216.042,194.917,195.416,178.996,179.526
852,269.7291,81.992,162.645,181.134,75.7274,203.315,68.6704,206.901,317.2199,273.4577,248.71800000000002,266.6867,291.2574,45.8678,165.349,154.471,258.56600000000003,75.2165,186.027,59.5367,162.4,180.109,205.147,56.6936,151.606,181.502,204.122,147.97,176.84,191.419,333.8607,176.135,190.226,35.9294,346.3837,71.9312,177.62,108.95,167.256,186.559,209.381,182.323,164.666
853,180.436,98.569,171.157,182.008,40.9818,204.199,77.0067,344.6341,10.2397,267.01099999999997,171.014,52.5643,291.4941,12.7508,187.322,147.575,224.53,80.2301,274.01800000000003,68.5157,189.504,195.538,152.513,170.686,171.692,242.502,190.532,155.534,192.783,190.851,15.9563,195.85,246.382,230.062,54.9928,80.4817,193.202,69.0791,182.447,187.051,195.844,201.378,171.949
854,267.9739,127.812,186.407,183.378,358.36514,199.036,88.803,149.567,3.6069,265.7319,53.4037,67.0432,298.4973,242.763,166.558,201.54,266.2942,80.7476,147.213,75.6916,193.175,185.812,168.579,165.307,181.514,21.0853,174.172,159.117,181.257,217.125,337.3161,147.816,66.3245,281.9044,14.973,74.8025,181.555,144.742,175.701,161.076,222.452,178.329,188.0
855,62.5438,298.236,191.796,180.863,76.3897,190.736,163.863,162.681,357.04576,265.38,224.435,71.1815,290.4839,55.0968,185.887,187.298,240.788,82.6846,173.069,59.4911,187.626,182.811,204.746,186.63,177.98,177.457,191.087,156.122,205.163,189.307,333.4505,161.309,195.449,73.2435,28.9896,289.1143,164.171,173.786,173.379,182.026,5.45924,266.5773,290.575
856,155.673,52.5005,171.603,170.018,56.7078,220.716,81.4629,162.053,315.9497,266.4886,272.7892,278.4942,275.88689999999997,39.7985,180.516,184.552,46.1767,76.6406,201.947,35.6405,180.82,172.312,206.588,169.808,171.395,196.9,185.97,191.697,203.378,158.236,315.9175,192.091,92.9408,35.0246,240.817,37.1353,168.47,188.103,212.667,181.105,227.331,312.3147,294.5558
857,21.7619,221.318,170.274,184.804,46.9679,214.021,71.2174,208.808,50.159,276.9782,75.972,47.3152,300.7176,9.6673,175.601,189.16,51.7042,83.4785,70.9605,76.5864,183.628,228.634,166.298,80.7595,164.276,23.0136,180.767,147.701,198.74,181.627,329.5571,313.5236,177.868,36.07,230.198,69.8876,152.124,48.744,174.568,183.773,175.89,151.365,173.865
858,253.565,285.5458,178.129,182.429,278.9357,230.3,57.1843,150.795,315.45550000000003,270.41949999999997,265.3446,65.1148,279.88120000000004,22.0547,179.114,176.765,78.1538,78.3411,183.468,94.3344,189.307,328.4178,161.731,69.1661,174.049,348.9824,187.97,174.629,199.771,192.043,331.8611,170.892,181.269,203.136,30.4649,94.982,178.205,214.473,178.406,161.985,199.985,162.867,182.349
859,80.2048,111.693,178.567,175.574,60.5535,207.074,100.346,185.536,316.9594,270.9996,187.073,59.3842,275.7801,32.5398,18.4777,160.099,76.9956,81.2825,183.431,50.6896,185.998,11.4783,178.494,60.044,169.554,188.66,181.494,201.709,199.779,213.233,354.87781,163.765,281.9403,47.0494,29.507,59.2454,175.966,219.648,187.778,34.8165,52.7778,290.1624,299.0665
860,235.485,79.488,166.954,184.037,47.8913,221.241,67.7127,25.1053,333.4425,267.8439,101.1,276.9436,273.5584,169.565,307.252,171.048,76.2874,76.543,257.928,76.1934,174.642,331.8646,178.225,106.879,177.343,31.8147,186.564,206.253,206.069,200.777,341.8211,324.5258,239.553,196.358,57.1395,260.3202,180.781,176.122,170.846,314.6649,175.242,57.6905,320.4685
861,80.0197,269.55989999999997,189.919,187.584,51.8115,216.425,103.854,342.7671,339.1885,278.3294,272.27139999999997,281.5327,291.20889999999997,1.51172,190.394,172.982,74.9955,73.6961,175.146,77.0782,175.925,181.289,178.165,132.954,155.375,28.3766,187.298,149.872,192.358,214.482,327.9214,337.1956,209.993,174.418,196.179,249.435,196.659,321.6647,186.001,196.793,344.6378,180.615,185.521
862,274.7881,81.4329,163.053,179.371,64.8982,218.207,74.4146,162.202,344.0187,278.7583,125.705,206.807,251.755,248.974,30.067,185.281,48.4918,67.3661,188.405,80.478,54.5317,326.4149,173.968,84.9939,179.896,62.345,270.4054,219.687,164.911,189.219,334.6482,2.75875,208.848,227.008,197.962,257.372,154.298,23.8164,171.291,156.468,127.776,188.565,181.539
863,190.22,74.8412,202.333,171.178,11.1833,209.428,190.739,339.4204,30.8162,244.613,188.907,68.4215,214.195,351.34097,177.736,176.012,68.915,55.0664,180.43,67.0517,173.491,177.134,175.51,76.1113,166.844,8.40245,185.926,151.714,218.758,183.377,179.605,193.832,174.448,190.704,194.607,231.873,152.001,216.736,187.577,328.0733,119.292,291.8287,184.934
864,149.755,272.78499999999997,170.078,172.084,46.9034,226.007,176.186,309.1936,324.1677,276.3883,211.615,63.5404,229.509,271.2968,174.237,187.265,87.3945,85.5199,178.25,53.2316,174.447,207.403,186.653,91.7995,187.135,18.4333,182.713,141.325,199.451,208.845,210.073,317.2001,158.232,332.4162,230.979,267.6868,180.725,253.75900000000001,168.97,163.172,157.438,178.795,170.634
865,187.488,259.315,172.571,183.734,56.0674,214.78,93.1537,24.1563,359.618722,274.5261,20.042,96.9614,203.676,38.3356,181.853,204.136,64.0886,101.34,184.022,63.2965,180.887,335.5489,78.1352,287.9977,145.188,201.288,150.503,138.975,191.477,197.997,176.472,182.08,205.392,6.56628,346.6307,250.392,66.1355,10.0909,184.637,220.779,348.7177,183.426,165.668
866,293.4498,210.263,175.384,178.487,40.396,197.186,196.808,328.5297,334.1057,266.8049,349.89300000000003,75.6427,239.571,20.6793,179.173,197.172,48.6528,75.9237,173.527,92.6331,164.907,347.6627,178.555,252.941,174.443,174.164,193.617,136.336,187.707,199.595,198.03,170.87,298.95,317.9817,92.168,69.549,80.0516,256.88800000000003,176.936,184.065,359.518837,72.3449,183.513
867,154.338,40.6383,274.8656,184.153,55.2051,170.134,287.0181,171.748,349.7742,263.5558,188.092,85.0386,220.945,168.017,50.6513,179.306,177.99,69.6415,179.272,55.9493,162.708,43.4314,189.266,82.9743,164.103,32.9594,193.623,152.652,164.283,207.407,19.9364,174.994,249.12,41.5208,178.404,258.376,167.707,108.179,160.441,322.3229,167.719,161.115,170.201
868,298.2291,59.1366,283.0412,179.377,38.9059,177.666,259.098,150.736,335.58299999999997,268.1395,187.038,59.3074,197.932,128.646,307.9539,183.912,206.594,83.5603,177.605,54.3909,174.24,21.8536,193.493,80.9529,183.145,359.739589,187.223,218.741,195.82,184.425,171.042,60.1446,186.827,183.035,284.3366,71.256,179.625,326.6951,185.829,179.518,211.278,278.59069999999997,172.965
869,258.298,34.3669,192.913,171.251,43.9589,175.144,269.33389999999997,237.608,312.1503,255.87,155.291,86.0729,263.7635,53.1221,330.1462,189.648,178.309,84.4865,173.712,72.6208,182.744,353.7264,156.393,68.1052,155.415,44.1381,191.519,295.55219999999997,200.235,186.577,133.592,52.4637,281.0831,212.687,243.914,264.60540000000003,68.207,49.477,187.662,191.378,122.494,173.989,179.489
870,272.4863,240.418,179.567,172.33,326.991,169.65,270.4169,322.3508,12.0811,283.3232,180.561,78.4058,210.393,86.9622,320.882,199.852,75.939,83.351,171.575,76.2258,184.084,79.0798,174.938,61.8857,163.575,25.1179,175.405,268.2006,197.999,205.412,351.55429,332.6387,197.229,252.671,31.6555,254.416,182.079,355.50465,178.644,181.131,218.078,74.6731,187.473
871,185.804,197.642,212.503,196.823,336.0628,210.134,289.1843,18.3688,9.34294,254.041,7.2163,77.3606,207.353,153.909,5.57006,149.02,66.5387,90.7954,304.991,66.7451,92.3206,172.701,161.518,85.9821,185.303,172.933,175.206,293.73699999999997,219.256,194.593,358.40852,157.903,67.4932,54.7445,220.365,238.67700000000002,192.131,198.589,182.658,328.559,294.175,202.912,179.813
872,156.179,240.881,191.049,171.244,4.54017,232.933,297.4518,183.932,302.2781,305.1698,19.31,72.4966,298.1171,193.042,159.141,189.213,76.3412,85.3002,173.392,67.7848,148.294,194.361,176.308,87.4548,174.561,16.4842,181.986,274.988,174.677,201.33,202.444,50.484,205.868,183.842,31.0013,64.0674,192.598,232.09300000000002,282.4332,330.9859,175.25,63.5595,179.244
873,261.0996,82.4088,183.939,156.381,351.71625,201.912,284.1232,42.8366,337.3753,240.635,9.49091,84.424,299.75350000000003,195.855,344.2907,181.273,78.634,72.6144,296.94,82.5445,184.362,192.341,163.247,196.855,181.739,29.0962,174.685,224.572,207.132,192.52,185.933,162.408,151.091,1.43315,144.982,258.657,80.2249,221.754,185.746,189.895,282.6535,205.36,164.308
874,176.332,92.2493,292.8861,192.487,345.4646,190.257,293.2181,229.775,318.8089,262.1125,215.063,82.4447,265.75509999999997,155.856,172.1,179.719,57.9312,92.8773,83.9643,83.5572,178.486,183.495,187.009,167.697,180.994,32.3208,194.282,153.695,64.3926,203.868,341.3171,48.8233,187.681,222.682,227.57,77.1101,187.052,70.3851,155.256,169.841,327.9721,164.872,199.821
875,236.15300000000002,85.0301,180.34,177.653,56.6668,224.776,298.5546,235.481,0.177595,263.9318,199.989,68.8527,281.7836,18.2521,153.678,181.971,57.2652,87.8594,253.437,69.8096,180.251,181.505,200.092,88.2688,188.786,185.887,182.74,150.751,79.9217,241.239,167.016,184.438,282.9143,14.1765,226.92,77.801,178.779,75.2158,186.568,180.001,31.8662,301.815,193.08
876,157.428,334.3569,183.686,176.646,53.1743,210.314,280.4292,70.3761,342.9546,281.2624,15.5485,84.1152,293.798,148.823,344.77,204.236,74.7872,80.1687,184.569,79.6881,201.225,179.632,182.183,83.6308,170.087,12.1146,181.803,218.556,200.941,190.237,192.52,41.6897,184.82,192.904,353.57297,54.3449,187.288,30.4527,179.237,188.445,210.881,168.5,190.944
877,149.531,210.36,211.075,169.964,47.9058,236.312,271.3318,56.9699,328.2278,275.2059,11.1551,65.3049,305.95640000000003,33.0294,183.182,142.934,97.2958,82.7891,169.065,59.9601,175.565,196.364,179.313,62.1165,177.101,23.8588,165.355,145.986,187.64,201.387,172.008,189.422,197.812,358.86358,242.72899999999998,53.6962,195.136,136.943,174.835,143.047,178.965,161.294,176.497
878,204.262,317.4578,156.424,188.451,298.241,220.603,252.749,358.56742,337.8618,271.25509999999997,226.264,135.254,280.7561,315.6885,329.3014,171.001,81.7885,65.1211,173.682,77.471,156.835,167.386,185.327,317.4831,184.206,29.7697,208.646,249.733,200.853,206.073,165.866,180.631,210.502,173.973,208.266,264.315,164.969,44.2671,187.968,162.745,306.536,172.383,160.703
879,168.364,192.003,180.05,164.887,46.2249,203.585,115.128,61.4576,313.0316,279.1884,40.152,129.368,281.0086,93.8953,3.43084,179.654,81.1022,80.3947,187.341,58.3143,52.3529,192.684,94.0529,68.9996,185.703,165.556,181.424,142.283,178.052,203.589,347.5121,170.381,169.663,8.87314,311.3079,242.7,184.984,227.728,180.689,51.2456,125.668,177.736,287.7985
880,205.587,211.675,194.816,167.807,268.6911,203.713,172.414,228.674,1.11546,285.8278,43.7325,97.2007,89.0058,226.658,284.675,177.88,93.9113,83.8937,192.093,74.8331,193.7,178.503,187.333,270.7559,98.57,26.4103,202.855,158.634,210.48,184.721,327.227,41.7667,193.408,285.6341,188.965,256.209,186.199,237.791,178.776,335.4919,9.68959,277.8643,164.462
881,298.3995,112.223,160.929,180.589,68.0722,189.452,192.625,34.144,338.3916,269.3769,71.3382,140.487,67.3166,24.3503,174.461,221.821,73.5103,74.8936,170.526,54.4433,172.089,177.718,195.398,64.4921,77.2878,23.3128,189.972,147.755,187.594,203.855,34.4318,161.677,286.3036,189.219,2.26206,239.676,160.371,226.101,166.406,178.8,328.0335,89.7664,189.13
882,163.967,88.6677,170.798,163.467,52.8621,205.854,173.992,54.0628,24.5904,263.4018,179.123,288.4207,51.3742,231.148,162.228,181.652,37.8275,51.806,181.711,68.5452,77.3114,194.131,154.716,141.493,179.608,19.6017,191.14,150.176,207.909,201.74,323.4075,186.058,174.758,105.291,21.9399,269.21389999999997,186.396,240.324,178.654,167.867,10.2026,164.653,296.7358
883,299.471,121.118,191.57,173.381,33.1909,206.079,178.569,209.33,329.3225,289.4513,2.76498,297.1794,84.1895,188.492,320.068,185.378,39.988,78.3565,175.263,65.0493,103.427,193.28,164.371,170.611,176.292,196.605,304.4552,162.081,282.9166,167.801,7.26995,345.2365,65.4278,169.446,177.478,269.0453,192.52,354.63334,175.704,169.994,168.558,188.118,146.049
884,158.334,103.275,167.417,177.103,40.904,193.458,168.966,221.324,341.10450000000003,280.6522,200.249,210.629,47.5277,249.02800000000002,318.7958,80.7239,57.453,61.4884,279.8462,75.8326,176.136,197.8,160.55,55.4149,181.204,21.071,190.898,144.613,179.421,183.485,280.3816,290.3026,281.6452,32.2961,67.2008,277.28,161.989,32.7004,166.277,195.509,21.7305,282.932,180.687
885,69.8785,359.9448221,158.092,184.854,39.8753,179.736,188.571,235.485,316.236,263.571,47.7189,290.0473,62.7035,47.7106,325.7831,194.197,95.0172,67.6677,199.852,58.5924,188.236,218.42,193.907,72.7031,143.376,26.5899,196.595,149.695,222.136,206.652,352.04694,352.34036,90.7222,189.973,232.43200000000002,286.565,164.59,269.8963,190.094,19.2146,199.548,184.804,185.25
886,59.0086,313.3355,210.723,186.273,20.4643,185.504,175.698,91.5098,24.1152,273.1322,220.488,181.043,75.155,229.399,339.8866,174.293,85.3833,79.3322,179.273,66.9997,173.358,198.639,173.215,173.788,202.999,193.838,190.028,141.022,208.513,202.469,319.2825,61.0688,202.182,48.867,295.3443,269.6853,178.464,29.3148,171.598,179.407,332.5333,274.6474,178.373
887,134.965,285.4405,196.259,169.443,72.1161,161.912,179.336,214.037,57.722,268.61,242.95,55.8211,101.995,69.1008,183.005,166.842,80.9016,94.0499,182.791,64.7777,296.3893,185.103,78.4237,64.8035,168.031,203.169,191.414,140.934,177.453,213.57,175.745,182.873,293.8933,16.2667,281.2348,77.3451,175.81,29.608,178.62,314.3139,104.378,282.6881,297.3661
888,172.25,180.428,181.174,200.874,45.6867,169.995,175.646,203.575,347.5931,278.4536,185.835,200.91,79.8111,26.9106,186.436,160.893,86.7682,87.9617,179.489,61.7644,197.642,169.202,173.494,182.547,174.503,188.797,209.104,153.695,183.889,185.947,40.4689,52.0053,170.522,124.564,336.5625,72.5336,168.848,127.814,207.58,181.928,357.91423,158.428,184.006
889,85.0108,141.152,158.89,178.764,303.28679999999997,179.876,186.389,20.5263,77.0791,279.73130000000003,196.259,200.684,51.7471,130.819,126.374,188.989,64.155,58.6568,179.314,60.5992,172.064,188.59,186.614,294.9037,186.468,19.3876,167.581,237.043,215.255,187.097,38.945,165.992,238.411,167.027,100.247,63.0699,178.999,140.382,179.125,194.072,26.8245,186.997,175.723
890,181.175,113.258,187.373,170.257,58.0661,142.892,178.454,179.351,60.3731,280.6559,193.118,193.225,179.596,41.8125,187.662,179.026,165.312,65.3944,183.032,58.8844,71.9575,196.965,178.817,165.041,164.732,9.19126,191.334,139.776,202.056,187.063,134.368,167.909,161.148,201.216,268.2464,70.9426,69.9154,196.49,186.392,166.497,314.8092,70.1177,283.3043
891,165.584,354.61826,183.757,182.235,38.4559,187.974,183.328,254.055,67.5017,276.5556,39.753,196.115,300.0765,322.3665,4.96572,155.255,167.343,75.5489,189.89,81.1857,285.0748,194.859,181.501,172.951,146.101,357.38924,181.658,157.403,211.236,206.607,198.686,327.1694,67.4484,166.313,49.0368,227.564,90.9757,69.2395,188.642,156.944,349.2743,178.276,173.948
892,169.098,37.2928,303.7761,183.447,305.4751,207.497,200.397,199.815,157.103,267.2941,293.72360000000003,184.604,302.9778,27.2973,174.03,185.109,170.114,96.6812,175.947,55.4078,192.603,173.38,167.253,58.7912,165.5,15.6771,186.836,161.522,191.1,199.855,358.71036,340.3187,161.232,35.1395,292.704,65.5239,171.638,55.4128,74.2978,198.235,66.9398,70.7689,248.88299999999998
893,267.05740000000003,216.68,207.793,169.554,18.8034,178.655,179.081,255.386,323.6703,284.1401,90.9474,164.145,65.5759,172.887,171.819,171.649,343.5094,82.4677,194.686,68.7089,191.667,175.402,70.3828,173.556,166.886,174.055,181.952,168.214,204.167,178.515,63.6061,182.595,169.04,121.889,191.176,62.4245,70.2397,252.63400000000001,178.551,187.126,238.171,165.702,187.042
894,292.4607,193.991,204.514,173.501,37.9078,226.113,181.747,11.4752,314.1255,287.3449,216.924,188.346,171.361,27.4141,186.731,198.73,0.853326,78.0889,186.236,63.434,151.557,197.964,292.58389999999997,60.7237,170.842,22.474,188.866,154.451,207.365,183.045,316.0865,187.742,175.136,271.3282,349.1816,66.2315,63.7774,188.043,221.971,197.678,40.2656,190.158,197.641
895,173.845,357.86462,197.903,166.373,41.6077,209.405,172.197,186.387,329.8381,273.9354,184.323,64.0501,185.129,224.032,187.507,175.306,236.019,81.2507,163.555,68.033,182.341,205.02,296.2076,67.989,182.072,234.663,172.961,155.057,67.7439,192.599,173.891,161.559,199.072,49.2214,276.2394,27.3338,174.916,26.5054,188.885,180.763,29.5875,161.757,173.658
896,287.0954,154.255,171.911,173.664,51.0308,193.453,174.86,200.562,30.8418,271.5475,181.981,77.5702,160.197,96.7686,42.8411,296.72090000000003,236.416,87.5285,282.5305,79.8203,86.1303,201.706,179.153,160.879,191.06,271.5641,195.778,143.152,76.2955,173.436,52.5005,39.7353,170.403,134.239,31.4577,266.6951,83.2914,76.5014,193.648,180.633,99.1311,200.332,161.588
897,274.13890000000004,307.8342,286.4682,169.56,8.4282,195.542,159.506,20.4705,307.9063,254.17000000000002,347.7237,74.0325,307.9753,211.178,190.428,187.59,19.1097,79.3343,174.016,72.2216,67.8604,203.353,187.586,80.6783,152.064,180.214,179.081,145.417,67.5086,170.028,162.679,317.3922,291.834,153.256,234.988,64.0465,183.06,208.631,187.329,158.879,343.2021,287.72860000000003,147.699
898,161.158,285.2774,181.389,163.838,29.738,176.444,173.074,224.228,327.9481,260.197,8.70102,58.2081,90.8645,136.164,173.17,90.1509,336.397,74.2436,191.369,80.4255,277.3712,191.839,173.558,154.867,140.562,237.248,191.408,224.459,171.209,179.122,357.357,268.8749,56.5861,184.699,195.616,65.3419,165.63,47.9794,73.0052,167.883,359.738277,230.924,175.66
899,142.952,4.11484,166.075,164.465,87.9542,178.649,181.703,224.193,320.6757,297.0618,331.0188,66.3103,190.925,204.632,299.7419,196.782,355.07703,73.6628,171.916,54.1244,195.188,196.994,191.783,163.367,153.859,161.437,193.788,146.075,221.304,191.566,182.481,188.719,189.95,93.6317,242.281,259.257,178.548,53.4809,160.767,173.277,203.349,175.653,206.377
900,186.645,38.688,176.875,177.943,34.8973,187.173,163.227,323.3643,187.437,265.6941,350.44331999999997,68.7505,165.172,99.3852,168.554,194.506,343.4619,72.7151,167.118,68.2849,176.346,171.598,184.228,156.264,201.086,187.968,197.093,107.022,195.627,179.949,191.111,325.3901,259.371,195.967,284.2353,275.0494,160.708,256.065,162.325,187.235,175.011,59.825,179.439
901,82.8816,114.822,192.966,184.678,40.8312,209.814,182.527,94.132,339.416,274.1479,2.77026,65.7588,186.554,145.939,55.8764,178.202,7.38794,68.5975,191.08,70.5851,183.566,186.236,174.379,181.628,86.6343,6.93509,192.969,142.741,203.496,192.313,322.6666,198.524,172.9,133.247,230.461,237.541,80.8712,47.7016,181.595,183.962,42.6629,204.169,188.676
902,279.0675,122.296,159.601,172.218,9.21749,167.322,163.885,41.7739,19.1312,279.64459999999997,350.88876,55.2331,212.524,165.492,211.983,145.938,328.836,74.2212,191.846,74.8453,172.028,187.404,195.498,163.39,178.612,21.9561,174.679,128.094,203.615,182.597,324.3496,201.879,178.399,131.279,57.5532,247.85,179.896,176.642,183.319,173.765,21.5114,178.266,181.935
903,301.7869,203.988,193.288,164.875,27.3084,216.938,152.21,185.974,62.6086,271.8377,344.177,74.6806,56.2117,211.665,186.719,181.242,357.15679,93.6926,292.1065,64.1458,161.585,190.51,54.1913,296.2456,171.376,218.334,194.553,145.392,184.098,192.847,155.597,315.30060000000003,70.383,153.116,11.3134,238.326,299.9516,267.2966,178.004,204.538,204.248,167.389,165.897
904,229.036,280.823,291.7006,175.101,56.6296,211.748,187.165,187.142,63.0551,286.3744,164.409,83.0993,189.469,221.724,39.2629,185.748,339.4461,93.7731,219.153,57.5637,183.564,176.146,184.194,175.317,154.979,32.5666,193.687,159.288,200.174,178.512,68.3124,288.0743,174.837,40.7871,343.6768,254.07299999999998,291.7104,354.58307,181.095,150.268,273.1096,190.878,179.105
905,309.6312,140.202,175.965,161.664,42.2814,201.714,183.809,166.666,189.207,255.40300000000002,177.122,67.5089,194.054,159.648,324.5383,151.661,297.0439,57.6177,175.727,66.0432,188.826,177.143,186.166,125.875,156.892,3.36318,174.612,149.486,186.162,195.386,337.6216,320.4135,195.258,176.72,0.773277,256.335,276.7206,322.9094,190.461,323.1519,151.926,186.993,188.057
906,256.014,74.323,169.67,183.947,59.7046,174.02,187.251,108.741,60.4965,257.889,184.164,75.0219,175.907,210.109,39.9931,195.105,233.676,93.7929,208.136,66.2254,171.742,192.75,166.591,168.893,163.969,357.88025,191.582,159.246,200.963,178.291,191.515,290.1492,281.6186,241.18200000000002,78.4206,249.798,72.2896,356.76381,189.38,182.298,195.885,202.278,175.254
907,261.44370000000004,121.115,188.117,174.945,67.9185,216.893,184.612,189.192,66.1816,264.6596,9.70533,67.055,145.584,11.2661,325.3292,165.858,261.4952,103.566,178.454,56.7483,70.4456,176.851,189.84,162.496,155.285,35.675,186.393,123.617,171.323,185.788,351.21223,23.6874,86.2849,42.378,1.27589,250.824,58.2726,313.609,171.713,182.644,151.814,237.85399999999998,185.917
908,275.1724,82.5797,257.851,181.237,69.6896,290.9946,163.976,24.0599,67.2634,279.3221,9.90805,66.695,61.6498,186.223,182.886,171.988,355.46028,73.8581,182.066,80.5772,179.591,55.3839,168.339,86.4123,158.595,13.0687,181.791,169.408,194.667,178.71,194.55,332.5704,69.9748,220.611,333.6443,254.21699999999998,198.999,149.68,167.7,196.567,5.40023,173.844,169.329
909,70.0242,281.8555,179.166,190.658,57.1695,241.966,170.894,72.1552,38.8858,263.7632,183.233,57.31,250.753,38.9358,195.543,181.522,337.6535,72.3438,174.261,86.4302,192.43,33.2035,152.298,172.019,163.115,4.00786,186.286,148.246,201.56,179.231,337.0889,49.1085,79.2057,62.7372,354.74524,135.808,184.213,336.4389,183.307,48.94,332.4758,290.8953,201.216
910,269.151,112.967,195.944,173.461,43.7242,193.64,179.874,42.1047,50.1625,266.86969999999997,136.312,185.436,110.777,40.0439,171.329,169.827,327.50419999999997,45.5675,194.846,93.6867,195.75,354.21152,171.179,73.6762,173.263,9.77224,195.25,155.838,314.6937,179.071,193.409,69.8542,281.2706,206.177,206.651,80.5746,182.844,192.032,172.527,173.57,177.864,156.253,191.109
911,171.609,99.6968,290.2546,165.337,40.0355,189.632,165.893,173.382,77.3788,263.493,250.461,308.87080000000003,59.2374,355.72071,336.3952,183.076,11.8763,82.4706,288.63120000000004,126.336,177.542,30.5497,172.672,67.2617,177.822,1.45927,173.75,158.862,74.1595,182.076,230.888,67.3158,288.27,35.9165,63.5184,57.1089,186.953,330.6638,186.163,31.1312,179.703,95.6705,174.457
912,289.99490000000003,16.1246,186.347,170.961,53.7128,285.9803,192.749,260.727,287.7568,250.349,168.882,275.9449,157.01,215.917,346.9441,186.073,275.3143,79.2193,190.361,62.8992,188.911,342.084,170.057,60.8422,164.351,254.373,184.743,130.983,320.2379,201.809,165.851,194.399,259.964,359.312729,213.727,82.1701,155.898,333.9204,170.993,179.837,338.4204,175.747,141.121
913,265.2602,60.4156,183.209,184.737,52.7453,219.082,171.375,355.10823,320.58389999999997,269.1442,78.3588,280.7263,175.65,7.24953,163.106,176.842,1.24344,79.6578,184.577,84.5311,192.413,168.847,151.285,262.0278,166.762,174.507,188.045,117.588,185.238,167.845,165.773,355.02709,290.0335,131.942,194.537,276.74850000000004,173.103,48.2361,186.949,176.314,352.09339,176.601,197.86
914,183.774,97.2694,177.142,173.878,60.7426,225.705,173.875,346.6631,147.631,273.3076,75.1996,281.4209,50.7494,225.929,23.5856,188.664,270.18420000000003,68.3638,187.5,75.7063,169.825,27.7669,174.179,166.442,112.26,168.201,157.968,161.153,198.449,176.097,48.6063,70.3571,85.1763,223.846,202.259,276.2076,173.863,31.7632,174.422,171.137,354.78202,205.004,163.41
915,177.466,79.3227,205.697,187.788,77.2625,180.093,166.74,36.2547,198.81,261.4386,48.3491,30.8066,65.8897,279.3526,213.305,181.162,262.8302,87.3607,175.268,57.0232,184.733,179.046,184.63,78.4692,167.883,11.524,175.537,144.374,83.6176,177.78,36.5909,320.8143,178.194,210.176,267.0433,22.2469,175.42,178.467,178.681,320.9311,186.724,166.83,159.61
916,162.765,230.061,87.2899,176.326,35.4218,271.7231,174.448,343.4059,336.8548,269.693,13.823,223.272,60.562,72.1609,173.671,168.03,263.2663,68.2365,179.524,94.1811,185.129,170.723,165.774,71.2573,176.55,20.5736,188.684,154.737,54.3355,177.218,316.7567,295.8773,194.676,228.358,187.926,205.601,59.5763,84.5869,182.062,178.242,21.5104,155.603,179.705
917,263.6751,299.1892,171.816,189.283,85.5079,295.7665,180.411,217.83,306.8512,275.6498,268.5926,284.2672,83.6291,162.001,178.98,185.043,351.95705,89.192,155.569,58.0456,186.717,192.855,153.235,70.6627,170.59,184.289,186.83,152.987,58.9432,185.411,321.1639,329.7556,173.75,59.9309,68.4199,86.2378,172.183,29.8841,65.6622,154.552,149.548,262.52139999999997,273.6549
918,309.73810000000003,333.4029,181.8,177.177,52.3991,269.7908,153.113,171.08,326.5076,288.1278,61.3254,280.6417,75.2028,72.3138,11.6326,176.199,355.15547,70.6244,189.707,81.0343,166.143,195.306,170.78,69.646,166.277,12.7296,198.22,168.477,300.7393,183.721,352.95954,340.4708,275.4704,170.505,56.2894,276.2437,196.808,44.2551,190.948,172.885,155.288,264.484,260.759
919,283.1068,141.878,193.529,176.278,21.053,260.94280000000003,149.126,1.39051,175.343,264.8286,2.26532,67.4166,74.0072,289.9682,298.7145,75.227,4.93374,67.4477,169.134,80.7469,174.824,183.743,171.29,153.14,196.749,347.5505,155.905,160.906,196.176,199.189,184.343,170.121,169.712,21.8345,60.7195,214.631,173.58,180.089,193.952,161.876,343.9386,171.92,179.476
920,60.2344,138.736,181.465,176.194,54.3568,267.7215,164.8,357.55773,329.6914,264.4626,345.3854,80.4804,61.0714,283.2112,12.2047,165.999,350.73508,61.7618,296.5824,89.5764,179.723,191.274,160.484,60.6813,171.426,204.072,202.81,149.215,215.586,177.829,340.6153,279.2479,69.6318,40.2178,314.9462,239.473,179.039,4.07679,185.197,322.1511,66.591,176.103,167.999
921,288.2831,57.6444,188.811,173.001,160.054,289.64300000000003,175.715,177.791,330.8372,253.673,1.17959,75.3938,178.886,185.416,205.425,183.196,2.26166,85.861,170.946,72.132,174.31,184.447,88.3614,53.3992,167.249,13.5831,193.552,166.893,174.196,199.996,147.779,309.4398,276.68489999999997,187.051,350.12149,182.693,185.231,263.1727,170.231,149.281,342.6667,212.172,177.882
922,246.753,306.3752,174.278,173.447,167.109,283.3348,138.345,60.6612,37.0138,286.9069,171.521,78.0015,152.269,3.40434,346.698,183.1,6.74089,70.8744,161.456,74.1378,180.903,183.499,172.474,64.1264,172.646,3.34579,195.542,166.123,197.86,209.735,27.8741,174.465,77.6551,233.87,55.6891,259.504,197.932,12.2406,189.286,178.126,141.449,175.051,184.334
923,81.3479,260.0875,176.169,177.517,179.422,309.0054,185.179,200.909,169.985,253.196,182.285,72.4857,188.032,208.706,160.98,188.164,357.98538,83.3685,177.635,99.0026,195.233,178.176,196.184,75.7576,166.721,204.347,185.51,142.314,172.769,182.323,178.433,174.976,84.3322,252.79500000000002,253.548,23.4621,166.591,253.76999999999998,165.412,185.552,191.315,177.538,163.131
924,289.3135,240.34699999999998,184.199,189.999,162.9,290.87170000000003,172.133,164.345,46.1032,247.987,324.0375,91.1247,169.543,351.80671,4.90613,161.979,0.0259921,101.175,176.457,80.1778,149.168,189.409,188.415,69.5176,186.008,209.834,169.205,141.316,212.815,171.319,339.1755,204.801,290.6959,184.379,133.488,58.4743,190.101,270.0177,192.431,181.157,19.0129,222.591,191.286
925,172.807,194.079,186.395,180.043,169.758,281.1721,180.936,215.809,347.3189,269.2342,74.211,63.3253,157.041,198.626,54.6814,170.922,356.00486,80.8967,178.274,66.5442,183.557,174.647,302.6539,102.452,162.618,21.9613,172.296,160.647,193.169,187.606,184.671,25.4572,286.6808,6.55333,130.243,221.122,106.45,22.6569,166.608,330.2346,282.7199,191.169,178.699
926,293.72,297.262,178.31,167.754,165.297,304.0697,157.636,57.0221,0.575276,272.9886,338.2667,119.388,164.633,37.0717,143.113,199.596,8.43393,78.133,177.21,77.1086,172.136,186.95,190.862,75.8925,169.184,192.117,180.926,143.655,188.546,180.701,306.5544,314.44939999999997,169.729,174.792,11.1321,10.9761,158.466,87.8417,171.062,332.3841,181.286,172.281,166.244
927,280.0876,136.09,303.8929,182.02,164.887,276.7383,185.668,244.341,17.5518,263.5045,342.5537,89.571,62.0162,155.603,355.06468,195.828,12.0341,87.3176,162.04,66.8211,186.734,188.984,211.03,176.428,184.115,200.999,163.581,156.777,198.086,187.73,351.53156,183.661,263.5633,7.45082,237.303,351.70597,181.46,147.435,149.84,170.457,160.833,191.138,280.9968
928,195.684,75.0744,179.712,193.077,196.789,281.7677,141.103,23.5397,352.37675,290.4434,39.9124,96.6167,76.431,78.5148,323.47860000000003,176.301,355.74486,97.5331,172.994,57.9209,183.735,195.293,192.365,169.022,150.834,187.608,182.633,149.851,207.749,295.46,52.7098,336.0999,286.3001,54.3535,7.59092,176.424,76.6461,203.185,193.267,168.958,241.714,165.268,165.705
929,282.4239,83.6545,55.7556,170.322,175.474,273.8821,189.174,205.7,190.415,251.125,344.7528,287.33410000000003,82.3232,310.7103,28.3536,185.967,335.9346,71.6761,177.976,63.1864,147.198,193.519,176.476,100.09,166.563,170.666,188.872,139.081,153.311,294.6025,328.7388,96.1105,220.184,189.765,165.942,10.9352,153.046,358.42229,166.453,157.641,8.08903,275.3506,164.397
930,162.455,156.172,74.6919,182.89,165.695,288.1843,179.163,62.6325,320.3393,267.8007,272.4458,282.315,60.8363,203.422,159.632,288.7675,357.3994,81.2764,305.6941,55.808,167.535,178.0,189.269,72.5375,98.8935,189.898,188.812,163.272,208.768,183.901,167.53,290.7663,281.55,61.7086,265.0316,68.0009,185.31,289.7998,230.203,192.618,180.217,175.237,278.4083
931,278.3104,92.934,69.5992,189.631,284.6503,288.6707,147.197,229.971,297.5698,290.2871,224.592,51.7856,75.8059,128.049,326.3433,166.683,341.7539,291.5345,181.162,66.8926,181.82,188.364,184.211,291.47069999999997,174.644,43.5871,159.307,149.726,181.427,176.365,5.10236,322.9635,292.03700000000003,20.1073,246.723,247.063,186.851,20.4106,56.3371,173.936,207.648,268.3211,169.474
932,188.33,248.19400000000002,159.627,173.103,288.1086,277.4955,184.856,156.765,328.1582,259.92,279.6143,49.6281,152.591,339.9042,183.166,84.6152,1.82602,274.3175,165.786,73.8846,175.005,188.147,187.543,170.865,183.245,175.566,177.161,158.426,175.753,176.699,7.49912,169.991,88.4617,331.9737,201.367,55.0641,171.368,76.1978,224.399,175.849,348.1091,63.9699,170.373
933,162.782,27.1156,212.168,181.178,302.0169,279.4885,168.24,23.0826,330.7574,277.2144,63.8027,61.8802,192.128,205.299,325.4359,192.247,2.2013,312.4572,173.786,63.4331,161.655,189.529,169.117,173.633,184.225,159.891,201.342,149.956,301.163,187.53,313.6261,330.0085,104.473,138.737,66.704,278.3602,167.956,91.5604,180.947,295.7994,84.9938,188.756,162.254
934,65.5624,201.26,202.128,175.401,46.5424,296.4592,185.112,61.2735,10.4432,277.2789,56.2608,62.0899,182.098,209.025,321.0249,191.291,352.06036,299.8355,183.371,74.4086,172.25,185.092,167.167,86.5278,182.251,18.538,178.385,159.867,268.4955,178.116,182.07,200.987,80.8304,46.8741,190.441,259.589,185.706,41.2992,209.788,326.8107,154.544,199.231,294.7789
935,275.0389,308.9165,183.877,173.687,324.0601,292.68240000000003,179.079,66.824,154.267,264.3362,264.368,57.0219,70.6182,48.405,255.672,166.133,350.46752,285.39279999999997,181.929,61.7599,174.733,193.149,190.072,82.975,188.13,351.30332,172.961,154.108,185.506,179.541,178.056,202.186,279.158,213.936,44.4152,34.0165,185.609,246.548,184.842,180.289,244.289,166.371,189.992
936,194.805,130.014,183.711,173.23,340.4811,294.7083,166.318,220.517,55.7858,260.4821,112.184,57.8404,68.2688,195.742,183.894,181.485,1.30693,319.2649,279.04110000000003,61.7726,175.696,194.502,187.676,58.7541,177.787,45.798,203.106,165.956,202.337,293.2167,346.4489,299.5629,281.7736,34.5915,359.312019,217.286,184.274,11.0428,196.573,153.74,357.07454,297.9278,190.769
937,73.5503,86.3299,80.0924,177.439,348.1191,271.2376,122.798,53.7651,183.291,273.752,176.939,67.0478,77.6458,111.613,214.67,190.405,354.08222,304.0437,181.021,74.6665,198.735,166.522,194.503,59.6041,184.563,194.975,174.582,140.253,184.52,186.116,178.7,310.0589,193.721,10.4384,217.374,97.1767,79.4171,336.383,174.458,42.6527,144.307,261.15229999999997,166.306
938,289.3163,260.8987,202.015,175.726,43.5673,283.0311,165.167,328.4123,289.5379,270.1068,186.259,71.7945,76.1241,328.9034,174.249,295.4896,2.62958,270.2661,181.539,64.4515,184.571,198.812,174.824,84.3212,164.643,202.118,191.841,200.649,65.5103,184.389,351.59527,338.5385,278.964,21.156,254.262,39.035,98.6459,208.014,182.262,175.201,284.6715,187.443,183.805
939,177.019,141.558,191.105,181.822,68.329,298.6375,166.802,261.5722,315.3514,287.0762,173.984,90.416,77.6257,80.2201,186.628,183.29,18.801,328.6942,182.84,72.4236,186.839,191.814,174.366,171.876,152.937,32.4948,176.288,153.864,234.29399999999998,192.536,348.4998,164.636,152.999,39.2328,239.862,239.692,77.0233,172.206,185.901,175.845,9.7921,169.255,180.701
940,63.9078,242.124,177.027,188.491,56.9861,289.5924,184.202,4.88081,339.7912,283.6319,157.807,63.6707,168.597,200.585,186.239,78.617,0.917222,293.4575,190.444,59.4447,119.962,202.223,178.684,153.666,180.632,4.6641,192.42,148.319,193.019,188.276,312.5427,346.9072,95.8109,222.417,45.5313,15.878,188.883,28.8393,183.815,179.143,200.522,272.0802,195.074
941,273.97270000000003,178.209,291.7684,180.339,55.2189,289.134,162.931,42.323,341.8403,261.9378,182.088,56.071,180.84,265.3002,173.861,79.0521,10.324,312.3105,171.438,79.7776,180.721,190.23,70.4624,180.006,153.266,180.969,195.235,136.908,194.37,189.775,43.4505,184.572,201.635,128.946,30.912,187.302,174.743,162.542,190.767,178.828,333.566,271.9687,180.132
942,226.304,87.1789,199.85,197.564,48.1959,270.6026,177.303,281.7507,5.71103,259.503,173.289,53.2138,191.661,274.9292,297.0224,178.376,4.91796,73.8687,175.302,61.0963,160.079,173.535,174.35,157.032,141.17,203.017,177.247,145.302,199.845,158.042,21.1962,305.1749,84.7935,0.113938,167.492,61.6585,165.761,191.719,186.325,288.85450000000003,128.989,286.3913,187.383
943,275.7781,113.628,170.477,187.71,40.7534,278.5695,184.288,79.1669,171.472,270.5261,171.038,70.0221,186.864,297.3309,357.79031,183.478,353.9725,70.7034,55.5638,67.697,176.628,191.752,178.468,294.43240000000003,173.202,18.2561,177.891,151.794,175.209,172.318,37.1159,1.53861,274.9464,204.69,229.603,45.4786,170.306,238.086,284.3664,313.0663,358.63692,69.0694,186.008
944,288.0591,35.3987,292.5093,181.438,37.1223,280.54449999999997,170.683,27.7412,172.947,255.75900000000001,188.835,60.7355,181.252,136.235,351.91255,58.3819,14.8418,68.2459,181.353,56.4763,158.696,186.672,179.148,175.486,186.27,354.77629,197.956,165.328,303.0798,168.108,38.0535,316.4329,186.193,320.2011,56.4618,241.315,193.913,33.3048,196.222,164.794,173.66,84.6857,74.7968
945,280.4851,102.206,185.665,180.877,37.9553,258.659,165.966,227.017,32.4629,273.2056,182.933,63.0402,172.157,167.048,292.8913,189.012,350.34704,68.5307,175.73,59.3422,170.345,178.617,184.351,70.8956,162.414,204.858,184.931,150.191,68.2921,186.252,200.705,14.2032,59.6729,37.0336,244.389,262.0528,173.526,174.031,216.945,189.598,305.2371,190.0,205.351
946,179.062,88.0225,305.0173,169.393,47.373,183.548,183.669,12.3068,4.66366,259.983,173.953,61.2429,164.881,177.26,13.6689,187.21,354.06168,56.7826,185.417,84.9343,45.3633,202.502,181.989,167.843,178.795,4.88715,185.214,174.766,62.966,176.634,170.67,199.066,299.213,222.818,265.9131,44.0527,182.503,188.23,186.194,61.3395,29.4005,74.8423,180.056
947,159.491,184.543,72.3668,183.712,54.3427,283.0982,161.084,190.743,313.8422,267.3456,192.169,86.4244,160.617,26.5331,156.438,203.767,357.81348,79.8358,186.763,74.182,286.4235,171.027,167.438,240.179,174.456,204.874,188.796,145.422,178.852,184.606,187.995,314.6502,273.73789999999997,195.409,250.144,82.5542,177.223,40.4361,183.209,185.887,167.203,186.912,79.892
948,174.499,57.1425,191.788,198.045,175.004,246.676,152.713,156.724,314.3359,269.665,177.231,59.8214,182.532,282.3886,157.862,209.589,1.10748,87.0737,195.864,36.2681,186.613,199.819,182.971,71.6323,181.421,205.793,182.407,156.834,207.054,199.843,23.0132,312.5036,203.985,204.005,90.4987,52.6395,143.17,30.776,79.7344,179.63,23.9921,59.4491,57.319
949,183.235,287.3623,183.088,185.223,152.819,266.7179,206.994,16.4162,346.8503,266.9196,180.916,55.8434,185.809,27.3729,327.0825,168.105,3.31107,83.2391,304.0294,60.0266,200.598,197.851,153.235,168.981,193.162,11.4751,175.577,154.638,201.566,188.908,167.694,339.8418,87.8996,54.0669,205.731,55.7851,173.877,295.0261,172.22,313.49649999999997,162.069,173.552,191.373
950,288.3655,290.6491,196.73,284.6009,37.9575,266.072,157.429,170.37,333.8961,268.66089999999997,200.544,71.4556,194.567,51.4234,162.903,169.946,8.46442,77.1213,181.967,66.1112,195.331,195.172,84.0111,164.036,166.317,1.64975,178.215,139.647,192.399,176.161,40.7322,31.7089,181.771,173.479,84.2413,43.4208,177.164,312.1239,184.645,295.7893,0.204697,192.364,197.961
951,183.879,3.35904,173.169,190.928,54.0563,206.358,282.5077,108.316,332.50509999999997,274.01009999999997,343.1016,69.6895,181.011,41.4987,340.3181,196.148,275.8897,94.3849,175.931,65.0398,180.986,200.525,184.388,156.224,158.37,34.9971,163.252,159.924,201.033,164.869,186.278,312.8,288.1297,266.11,195.817,339.2029,178.374,357.1004,191.768,164.179,340.7501,195.41,258.255
952,181.778,46.9785,254.947,180.133,8.3841,273.2366,275.7821,327.2955,325.3781,281.8091,18.6877,79.4695,190.928,182.758,342.6799,196.115,15.0579,93.1028,185.786,33.0376,182.574,192.491,183.789,164.723,87.069,69.7051,175.016,151.844,306.14459999999997,197.217,341.0876,333.4957,200.448,220.613,49.987,250.429,160.068,129.797,184.59,202.604,38.5602,194.752,178.98
953,287.2333,302.1819,203.902,170.322,44.1564,206.692,268.0358,331.2572,329.7708,272.8555,7.21083,74.8477,174.553,146.292,177.852,298.0979,275.3566,76.6525,148.041,74.2639,168.906,47.3054,234.894,201.657,175.701,191.149,194.58,151.982,154.123,192.988,165.571,28.9386,76.1807,176.37,152.615,260.7327,171.518,356.65087,203.333,147.94,205.206,173.482,172.322
954,79.0293,87.4498,183.415,170.039,48.752,284.3035,193.372,349.124,36.1246,271.3331,349.9976,97.8562,184.176,159.503,46.584,196.51,25.4765,74.0801,172.4,41.4974,280.5023,183.298,296.8119,184.041,162.019,227.529,161.16,153.712,66.9808,298.6144,163.031,159.202,85.1657,54.0267,259.676,267.1883,170.698,198.764,179.647,353.22991,134.651,181.568,182.55
955,283.9539,256.92,199.693,170.57,69.6993,316.5809,186.49,359.19137,325.54200000000003,262.594,343.7713,63.4924,186.322,22.9936,190.05,194.577,24.241,99.2534,176.245,56.18,266.293,178.557,175.379,274.6363,188.221,18.6017,179.544,145.019,287.18899999999996,53.9688,33.4496,198.869,177.278,227.306,224.954,252.341,156.328,350.18689,164.468,317.5878,7.94478,185.264,181.617
956,168.769,288.0507,154.009,178.765,77.0529,253.951,183.702,352.83716,357.00675,248.691,184.095,78.8773,193.716,20.1081,161.404,171.132,276.3453,81.094,186.133,64.8424,161.341,199.953,203.036,174.793,172.385,355.24041,187.065,147.925,315.2858,51.6923,183.275,306.57439999999997,276.2373,49.8117,55.8139,51.1806,182.254,199.345,179.994,324.3388,221.647,213.062,178.785
957,279.4328,104.167,186.65,169.207,40.2615,279.1773,174.834,332.1654,188.873,281.5952,192.163,80.2316,169.112,159.796,334.6035,178.124,4.19744,74.7836,197.569,72.5153,182.526,212.005,186.94,85.9358,187.738,353.64485,183.34,163.104,273.2443,53.6302,27.0176,333.3661,200.12,177.857,189.857,92.2044,184.745,216.081,186.775,175.244,338.063,173.999,188.289
958,273.3809,281.0466,178.76,180.24,37.382,272.7842,167.755,44.0927,45.0937,274.5025,194.457,92.8453,184.005,65.4258,26.9453,204.426,341.1982,84.8109,209.177,66.2852,166.647,181.746,185.357,58.9757,171.07,8.01865,190.432,128.338,81.5251,63.9918,314.4089,181.957,205.584,302.7005,54.8087,32.5029,167.116,349.0306,191.367,175.264,345.5386,284.657,166.725
959,64.6988,270.823,75.4597,180.348,41.0478,207.338,178.511,330.4764,327.8825,243.138,174.04,58.5591,195.396,183.712,9.45835,177.065,240.025,93.6451,190.711,73.8683,160.706,178.258,174.036,57.1609,147.438,201.71,185.86,146.121,269.7815,102.08,66.6978,157.349,176.154,222.55,22.4381,84.6922,170.704,358.15717,174.502,189.674,199.001,174.018,185.702
960,185.594,217.955,59.6087,164.391,65.0138,267.7384,181.925,173.288,306.9694,259.91700000000003,198.327,66.171,183.541,197.047,12.2122,178.655,261.8397,71.3643,160.137,66.8625,195.259,188.779,182.393,157.859,169.168,189.388,139.293,139.362,53.5002,184.72,345.5528,195.497,268.1186,222.262,236.485,247.939,157.214,75.2243,168.727,175.153,191.428,109.707,175.169
961,175.162,113.33,180.975,181.697,30.4941,261.4701,170.437,154.041,299.3367,275.7197,289.4952,74.6251,173.958,212.818,18.4219,193.791,351.70652,67.0989,200.72,71.1972,179.094,199.541,196.92,76.5351,177.004,8.8821,198.345,149.662,152.986,180.95,303.0319,52.2943,274.7138,152.65,162.954,77.2751,214.649,271.7985,193.011,172.174,45.0308,211.582,178.991
962,177.165,199.013,163.084,165.409,63.7677,283.5514,197.058,355.59164,32.0478,253.34300000000002,248.75,68.3292,193.494,177.684,172.286,183.806,344.9134,95.5164,165.832,80.718,165.672,175.482,180.037,192.494,158.972,204.452,180.571,141.79,326.481,201.707,54.5624,136.563,106.946,336.2995,265.76890000000003,228.5,178.166,352.32998,164.402,177.986,46.9989,70.2277,185.598
963,278.0021,152.965,185.064,180.645,23.4673,201.932,182.547,357.24147,292.6788,259.595,187.931,89.6555,189.334,315.6779,311.6311,183.519,18.1828,78.5405,184.804,66.9073,178.564,186.546,191.718,177.722,165.847,197.261,172.664,161.911,200.463,180.326,355.78844,178.024,295.2013,347.8916,1.9837,250.119,185.301,85.7689,176.708,156.318,154.768,199.99,275.9144
964,258.855,83.3127,188.872,172.157,58.6391,203.815,177.553,176.898,338.2795,261.8539,186.552,91.8089,174.741,292.5961,337.7804,190.768,281.9665,61.168,193.461,75.2486,199.941,176.504,163.312,272.0217,180.347,172.035,206.527,166.22,220.836,202.689,183.264,199.613,308.8203,325.02139999999997,218.757,224.446,134.161,220.696,181.049,309.6172,175.989,63.6151,286.659
965,65.3225,139.281,161.775,173.236,57.318,289.4098,168.309,161.973,325.3265,261.9087,168.777,77.5111,192.688,11.6318,4.90807,191.838,347.0854,82.6533,199.546,90.935,183.493,27.4712,158.82,286.5652,168.243,200.439,190.845,158.417,308.0413,203.573,355.21855,168.039,296.2991,88.8324,20.9465,79.3792,157.751,189.106,185.608,147.702,139.889,183.336,172.408
966,297.0605,86.2642,162.77,187.298,48.6083,253.475,179.468,1.05788,63.2639,260.1637,148.362,70.8022,171.409,16.0695,174.89,185.878,11.5108,78.3571,184.122,87.1415,160.052,165.889,184.025,72.6357,172.563,176.242,191.528,159.598,190.863,182.482,174.453,33.3621,89.832,180.781,78.2271,47.3902,92.9638,243.03199999999998,172.285,168.15,119.419,177.059,186.068
967,161.633,138.878,198.533,176.271,40.0923,176.074,178.499,326.3421,61.1128,283.9182,205.207,67.7436,174.933,275.1184,324.6672,195.993,349.6867,73.7969,190.946,64.0515,170.738,325.8871,197.601,186.718,175.895,191.449,175.544,160.427,197.004,194.084,178.048,330.8662,78.9256,351.42129,101.771,263.4764,76.2698,359.938593,202.31,173.176,167.811,272.7748,63.3937
968,259.217,134.856,164.187,173.718,23.1688,241.43,180.513,348.5538,320.6568,258.553,189.165,71.5307,162.887,277.7969,339.0632,188.23,9.0946,89.8255,175.371,88.9208,194.681,190.704,260.7187,275.2807,165.349,148.81,180.004,128.459,285.7758,187.228,51.0037,320.2044,177.453,51.9788,261.5696,248.81799999999998,170.48,28.1065,176.005,190.139,142.948,294.8117,84.5158
969,248.27100000000002,110.069,191.777,169.513,68.3578,250.152,158.105,338.3507,324.8829,261.2183,171.429,79.3776,90.821,180.33,289.6942,183.491,336.0935,77.4787,186.308,76.5495,178.061,167.105,161.987,73.9339,184.214,342.8192,190.322,152.149,218.809,296.2407,16.8131,52.9955,176.832,4.0949,3.72443,73.0179,155.539,14.3252,179.508,305.0851,18.4992,165.261,176.249
970,171.484,58.6638,186.561,169.351,59.6544,232.03,174.952,341.8233,320.7356,251.893,195.475,71.581,68.1084,196.184,181.633,194.327,25.2788,70.0324,178.118,84.2523,153.96,135.693,123.29,169.821,165.451,26.971,199.144,144.082,192.493,191.838,169.804,161.393,203.526,216.12,247.03300000000002,65.3674,180.867,350.17405,168.301,322.1567,195.894,189.41,190.145
971,72.4922,295.6236,193.197,179.721,53.5138,246.648,167.245,350.34549,312.71500000000003,272.4695,180.532,59.1041,271.1503,163.862,359.9607574,173.489,357.34561,88.8804,164.133,71.8979,156.237,23.6817,295.9584,189.857,142.43,235.887,183.685,159.847,177.825,192.34,157.66,165.03,316.1847,144.924,238.232,58.1049,167.209,22.7862,182.304,165.689,13.4134,169.638,192.552
972,147.062,189.825,199.605,189.935,50.79,225.377,171.97,175.731,335.0197,288.1619,189.155,79.0524,79.2476,189.188,291.26099999999997,189.312,350.48034,90.0404,190.894,58.7507,186.145,185.701,190.585,68.4255,168.914,230.619,179.283,138.359,178.929,188.417,24.4175,330.5401,316.2934,42.9656,45.6673,356.0623,179.969,31.4733,168.275,156.035,44.1876,63.0304,70.437
973,283.9435,65.2531,178.901,187.256,68.6103,187.12,153.727,191.207,178.169,263.6161,180.123,75.0813,51.5632,189.207,180.563,173.705,2.57669,98.1804,211.31,78.8313,184.736,195.742,61.4315,168.313,180.507,210.745,183.256,158.576,288.05830000000003,182.345,0.901814,32.4472,206.061,17.5715,195.931,239.726,75.9181,163.767,193.404,192.281,329.6688,69.2229,178.664
974,279.9737,150.409,184.757,177.095,60.0262,228.591,164.875,175.268,351.54522,262.1067,185.007,70.4948,65.6544,151.285,202.041,193.389,3.51116,75.1912,171.761,91.2646,177.783,150.892,196.953,181.268,181.984,218.984,180.841,252.227,191.001,208.738,191.963,4.2744,306.8135,41.8457,50.6508,269.1142,175.967,256.315,187.225,320.0947,299.0982,188.371,172.22
975,308.22,260.7247,178.405,179.08,48.9696,214.499,171.992,161.036,6.37952,277.7828,149.811,66.3296,85.9747,182.766,180.766,191.207,27.0758,66.5576,190.14,83.5829,84.0548,30.94,175.386,209.014,67.2943,202.392,206.514,139.886,194.531,200.903,188.909,180.723,277.64480000000003,249.23000000000002,206.861,244.39100000000002,177.315,21.4819,193.367,171.365,47.0491,97.555,172.713
976,264.5172,87.1871,174.775,182.103,41.5269,257.094,170.659,167.675,356.65655,235.358,354.83229,57.4287,86.3751,349.2472,23.9987,202.842,3.87442,86.5982,180.135,45.9069,290.98879999999997,180.999,180.205,158.133,175.775,218.305,186.041,144.843,192.225,193.741,177.379,151.234,281.56600000000003,159.127,211.713,98.9404,178.912,50.5283,196.615,172.37,44.671,193.278,289.7587
977,271.00350000000003,106.074,192.941,184.034,57.3839,253.288,155.934,132.818,319.4823,278.31,330.5499,73.9516,64.3649,249.235,214.265,171.109,359.764068,85.8351,180.0,51.89,165.546,310.4755,165.538,186.502,163.343,38.6031,182.366,174.103,262.6178,173.636,51.8019,323.5271,280.6191,232.429,70.9483,87.158,172.819,138.719,169.5,179.141,350.74385,159.339,174.999
978,273.8397,155.61,190.881,172.477,53.453,281.8936,164.636,169.257,342.9978,280.5012,1.64835,73.7883,85.6724,167.168,343.3464,158.33,355.78972,64.4441,187.382,78.1434,143.296,200.955,179.419,300.2545,174.929,205.158,179.952,148.614,191.472,185.074,321.4627,308.1791,187.44,61.9099,195.338,111.701,172.829,190.04,187.383,59.0188,197.772,298.3327,58.8796
979,51.1125,270.9622,176.081,175.492,39.1713,202.97,189.358,207.253,353.20583,272.09180000000003,187.031,61.0899,65.5644,43.0426,316.8487,197.271,1.01733,83.796,179.871,47.9262,188.807,42.3196,169.767,159.631,178.757,202.61,184.807,145.644,199.304,209.068,3.19266,35.6257,172.308,192.358,196.568,53.1285,202.92,184.443,178.234,36.3077,217.622,289.70050000000003,295.97929999999997
980,290.99580000000003,70.4994,169.944,171.015,56.9183,264.0263,171.781,314.6037,150.124,270.2417,205.344,67.4364,71.1875,213.754,51.8148,177.706,334.0762,79.7801,195.343,84.2496,175.458,23.1641,184.222,65.2835,71.0998,358.37016,182.885,244.744,188.512,182.733,144.27,187.862,180.39,238.112,105.33,57.3238,175.845,36.9854,205.434,160.441,165.99,203.361,174.586
981,158.858,37.0537,183.788,186.768,50.6069,237.624,177.769,157.078,330.91949999999997,290.1025,186.426,36.9077,73.5629,305.2595,165.105,198.222,13.9456,97.4463,169.362,57.4405,171.971,142.932,283.266,293.95820000000003,151.338,32.3947,187.509,135.559,208.111,187.207,331.6159,336.9846,89.0192,319.33209999999997,26.517,81.5011,81.7857,57.8532,169.042,176.59,196.78,184.301,170.352
982,175.899,170.115,197.166,171.201,60.5418,176.009,176.377,167.993,333.81510000000003,276.96389999999997,181.575,86.0819,72.2932,189.467,17.2369,182.99,3.03272,70.9185,183.634,84.95,181.987,330.2661,180.868,285.0375,162.177,316.2959,161.427,139.649,88.5448,207.626,17.5876,200.654,174.658,9.13378,19.2647,62.1814,182.344,203.555,205.094,197.93,143.386,76.7741,194.439
983,294.9942,124.064,181.833,165.102,29.0757,184.434,183.828,152.631,189.929,248.128,173.293,66.9454,88.5832,11.6117,177.029,168.361,337.9546,67.865,180.558,66.5664,152.404,315.5433,192.489,172.676,149.234,16.4902,173.987,174.58,170.166,200.992,180.288,203.691,176.854,222.629,195.521,63.9958,177.326,257.717,206.266,166.334,354.35398,189.258,174.656
984,154.508,234.176,284.631,181.215,33.1182,193.727,161.991,189.668,3.67839,275.7703,189.258,57.3075,69.2487,66.0191,36.3982,185.517,341.3851,73.4923,168.487,66.7673,175.052,317.2905,169.478,160.252,177.557,348.7198,169.394,242.05200000000002,196.716,278.34839999999997,177.453,282.416,88.7183,52.6084,223.35,84.2962,164.079,231.452,175.482,166.717,328.9453,283.0419,180.961
985,170.815,142.011,181.245,182.934,65.4232,173.251,186.374,359.669046,322.6058,256.578,177.318,89.593,90.2038,40.2524,21.7558,191.332,18.6033,84.319,188.455,71.2516,174.065,153.209,178.992,157.148,166.146,5.36151,171.065,133.445,66.4308,187.412,12.2675,344.4358,81.5075,141.95,66.6632,58.2688,71.2261,198.313,180.47,170.187,12.2658,56.0022,295.8635
986,294.2294,103.471,266.1039,178.043,55.7941,169.691,152.626,145.489,52.3604,245.26999999999998,180.191,42.4914,58.3166,57.1819,157.042,75.8419,11.3203,79.2166,172.729,89.0439,170.562,347.2316,170.149,56.2189,143.247,179.048,165.971,140.427,184.496,187.879,221.17,332.6203,63.072,239.599,63.9945,261.0038,179.17,107.854,174.404,331.2643,298.29359999999997,257.73199999999997,184.276
987,167.772,200.859,298.0105,165.372,43.3892,189.502,170.244,156.913,146.841,265.27070000000003,179.727,73.8264,60.9875,28.7719,153.759,186.504,337.3881,88.144,173.088,71.5818,182.503,180.134,187.109,64.7062,170.758,230.885,184.809,128.808,183.933,184.927,181.412,39.5213,249.594,217.103,241.15699999999998,324.683,196.47,238.113,171.076,16.7071,354.24438,183.959,291.04359999999997
988,71.874,276.4583,195.74,179.709,45.998,214.409,166.632,209.805,169.34,263.4847,159.397,85.1032,61.3641,355.33273,164.245,165.623,7.52806,69.6493,183.988,80.6388,173.733,190.239,186.36,65.7711,169.403,237.502,184.066,145.168,82.5471,92.5846,167.764,329.5042,58.9383,230.734,159.757,15.2833,203.109,334.0664,200.255,342.9687,161.67,178.591,275.19010000000003
989,196.156,260.90049999999997,182.206,174.875,42.4966,190.474,197.96,161.411,347.0267,272.1882,192.293,66.9148,46.008,222.791,2.84252,178.992,4.42763,68.9773,193.452,54.6461,201.359,203.443,188.256,77.2432,116.513,183.427,157.451,154.672,175.277,297.6709,1.93768,340.0268,294.1223,63.1882,190.778,253.739,179.858,244.30200000000002,177.135,325.1315,218.449,268.0689,164.241
990,174.205,91.2009,176.984,174.74,53.8387,255.215,166.361,181.132,316.9322,279.7137,197.102,68.044,133.146,79.994,161.15,190.019,12.0954,73.7782,183.42,65.2374,169.504,198.588,168.846,92.9952,175.64,351.63215,181.016,131.812,188.241,310.4873,155.981,315.2369,280.2256,33.5355,57.6217,259.545,166.745,58.671,178.549,169.672,213.185,171.908,186.683
991,265.62829999999997,85.5096,197.123,178.205,30.8345,72.4582,165.093,9.17312,168.731,282.4868,167.599,83.136,185.803,353.37014,89.2703,174.609,8.52114,76.0732,164.342,70.189,189.956,182.777,157.435,79.3642,166.425,13.8321,181.488,154.931,204.349,173.215,327.119,42.588,76.3871,136.768,225.398,312.756,70.5332,25.6932,191.33,190.835,346.2501,172.207,162.915
992,90.58,242.929,204.993,193.483,56.4882,56.7068,182.91,198.885,351.22467,280.5952,162.648,79.6331,167.058,359.9002146,144.295,174.847,349.3574,72.1902,171.042,64.15,175.162,190.68,175.015,164.071,180.586,16.0588,177.687,163.983,198.207,177.15,166.391,308.723,116.984,223.935,94.3587,247.675,158.469,23.5382,178.896,177.029,198.086,298.3563,193.848
993,65.6685,296.4856,192.479,166.503,348.4144,58.8624,178.791,154.474,36.3679,261.9627,194.846,70.1913,161.693,251.128,180.939,168.999,10.5067,88.4153,208.984,43.9639,168.164,196.418,282.48990000000003,86.1923,280.2776,329.9706,195.683,135.096,199.419,181.17,168.17,38.5778,179.437,333.9067,28.0475,241.748,200.962,199.952,108.459,187.513,22.2025,42.1585,176.858
994,48.5018,305.1417,167.045,167.178,52.847,75.6875,169.933,210.265,176.649,255.554,243.591,29.1505,190.575,22.0476,165.893,174.329,3.31413,52.3103,191.336,82.4838,286.2428,191.416,187.285,285.4077,263.8245,19.7367,165.75,147.009,194.411,189.598,10.5529,204.882,298.929,200.506,154.246,83.6385,168.32,202.104,81.0898,164.294,356.52202,192.497,214.27
995,295.543,301.2327,288.4922,171.228,54.3539,51.7544,177.839,18.0434,337.9894,258.194,174.114,293.62149999999997,152.972,86.9799,34.791,160.806,337.0967,66.1809,161.669,72.8348,172.743,196.442,237.475,172.428,261.43510000000003,198.132,182.728,161.866,188.412,181.176,186.016,38.7496,190.259,29.792,278.1643,61.866,176.383,223.023,74.9863,314.0349,359.573041,145.184,282.4846
996,161.251,299.7784,151.281,171.746,39.5401,75.9718,158.365,320.616,328.0965,268.52909999999997,287.9662,303.8883,169.771,81.4222,183.271,173.037,350.50058,84.0177,171.278,56.3199,177.72,177.442,185.482,86.1874,286.6915,8.5113,201.28,152.795,198.923,184.307,302.7487,323.097,168.673,74.5933,233.874,253.252,164.421,273.1887,108.998,325.6191,222.919,185.065,154.772
997,72.9285,99.0271,180.663,180.146,44.1613,299.3257,172.033,11.9489,316.7044,276.4185,337.6635,291.2349,159.805,44.3462,323.27660000000003,175.819,22.6359,69.9613,184.78,87.0173,176.915,178.227,163.51,293.108,305.0463,13.645,181.228,132.725,202.764,177.34,6.71534,208.565,174.283,19.9163,282.7897,241.981,72.6896,60.001,160.259,192.6,3.21238,176.94,198.155
998,158.393,302.0802,207.58,178.955,50.7223,306.0995,184.855,106.129,297.0143,256.249,203.338,68.3943,173.646,237.834,33.6982,84.9991,342.3581,65.5806,182.182,65.9454,166.808,182.899,280.1816,210.486,187.004,185.648,186.743,148.88,195.397,179.601,47.0403,169.144,82.2674,156.484,35.9322,256.984,186.795,7.54918,290.6733,165.969,199.562,70.6171,156.864
999,267.0591,299.4427,171.892,168.721,52.8936,297.5208,171.895,154.836,56.1068,279.1637,197.977,48.7058,181.984,26.0958,297.8467,173.329,342.6958,58.8842,181.673,81.2521,190.381,195.388,262.2021,182.204,182.798,220.088,174.797,163.791,191.587,178.18,148.912,296.425,291.991,326.1549,35.9308,253.16899999999998,166.801,67.1211,196.667,316.1443,0.389942,198.214,162.315
1000,206.205,32.2337,235.49599999999998,180.566,24.3387,295.5252,167.535,176.018,327.4027,275.7155,201.422,47.8872,163.935,193.101,186.066,185.356,163.908,69.2548,174.328,64.7542,173.466,188.435,181.703,185.52,169.836,182.181,48.0847,120.41,195.343,192.781,139.364,334.7407,131.497,30.9195,72.5779,226.107,168.837,19.0155,182.261,186.281,17.9435,193.724,191.739
