,chi4LYS5.xvg,chi4LYS8.xvg,chi4ARG10.xvg,chi4ARG11.xvg,chi4ARG16.xvg,chi4ARG21.xvg,chi4ARG24.xvg,chi4LYS30.xvg,chi4ARG37.xvg,chi4LYS39.xvg,chi4LYS42.xvg,chi4LYS49.xvg,chi4LYS51.xvg,chi4LYS65.xvg,chi4ARG68.xvg,chi4ARG69.xvg,chi4ARG70.xvg,chi4LYS103.xvg
0,168.941,183.516,266.5588,266.61379999999997,114.925,84.74,202.266,290.0435,136.683,175.582,202.726,282.0168,177.438,184.032,142.097,133.24,228.959,181.607
1,305.2288,191.252,262.6735,243.598,119.767,67.5325,191.771,328.6752,170.587,178.497,58.2962,289.12739999999997,194.081,171.591,204.752,127.916,166.948,79.7342
2,273.6486,190.011,270.4715,184.316,120.129,72.3305,180.17,287.104,166.737,180.389,64.4042,287.8646,190.182,187.479,193.33,96.5516,207.691,171.845
3,179.977,191.127,256.616,205.752,103.546,160.211,189.607,293.9379,178.705,285.6949,39.3299,299.5886,181.846,293.71479999999997,238.398,254.527,192.629,56.6327
4,84.7101,154.155,251.202,225.213,115.293,157.224,159.621,314.6719,141.459,290.0435,51.7687,189.917,170.346,179.205,184.579,203.74,208.232,197.276
5,291.41880000000003,193.882,272.64480000000003,277.4568,116.23,159.839,162.787,294.789,142.887,68.4554,51.0539,199.838,163.992,187.953,224.641,213.11,215.193,176.13
6,296.8463,180.014,269.30809999999997,251.75900000000001,95.2983,185.08,172.145,280.6775,187.269,168.86,62.8371,69.9114,161.772,183.793,126.325,239.122,87.8334,292.12850000000003
7,306.5953,183.008,279.0585,217.257,124.233,185.806,167.718,176.16,144.914,290.5027,87.5025,171.149,186.902,174.01,129.009,138.208,273.7675,49.7218
8,323.7953,177.565,267.4848,247.35500000000002,126.786,168.323,165.587,291.1096,164.903,168.775,181.682,69.7916,175.395,165.52,130.984,242.43099999999998,151.726,69.4723
9,174.558,188.714,252.357,188.529,159.209,202.722,162.655,79.5865,168.694,173.778,85.5087,205.015,171.794,169.372,123.314,210.532,72.0794,167.346
10,173.944,163.423,266.97270000000003,254.476,118.985,194.656,163.194,77.9699,171.342,194.584,48.5131,189.641,181.477,167.078,145.015,146.552,239.576,184.063
11,70.4978,177.932,230.533,254.54399999999998,114.704,276.66700000000003,177.98,52.3601,188.941,187.371,54.1657,182.992,196.84,173.215,143.865,195.815,149.237,148.575
12,294.9715,180.483,251.951,206.004,99.0905,266.6326,162.563,195.098,181.096,175.047,181.151,195.65,173.731,70.1466,121.002,160.786,76.0461,78.0303
13,294.3118,202.837,227.728,261.11379999999997,91.2321,172.875,182.102,197.471,186.228,171.468,291.4053,195.521,180.883,43.3961,147.998,265.4637,189.182,174.384
14,299.3581,284.3953,231.103,156.912,113.021,164.097,181.52,77.7445,172.429,77.2096,63.2087,71.0679,186.17,56.4957,173.134,268.1767,271.4656,62.9497
15,175.729,161.729,165.527,152.274,102.897,214.203,178.839,300.9281,181.309,176.059,76.4653,60.6392,166.535,73.1843,119.697,268.967,264.1078,158.445
16,165.095,180.756,167.256,273.39,122.491,200.665,179.055,287.7319,175.283,181.136,57.5248,61.8896,178.045,165.794,119.106,256.69,279.73019999999997,68.8101
17,65.8502,185.755,207.357,201.134,114.954,192.052,186.253,302.5955,157.062,176.003,69.2339,181.801,164.38,195.071,190.511,249.721,274.1373,67.4578
18,73.285,162.448,184.576,262.1713,122.057,128.25,178.38,296.3891,174.024,180.835,72.8813,191.831,174.865,172.125,98.3156,285.9396,94.7519,76.092
19,297.9531,194.71,171.353,236.901,132.405,196.702,162.435,284.7312,171.229,181.736,39.8785,186.306,205.717,173.359,106.296,124.937,133.856,185.605
20,304.852,191.213,149.888,269.6084,131.768,159.33,205.581,292.68899999999996,175.473,165.143,74.964,180.911,162.286,178.351,139.286,261.70640000000003,84.2609,178.686
21,318.6201,172.808,171.97,103.586,103.36,183.109,141.362,298.8659,186.216,190.112,49.8586,186.958,203.035,167.093,137.448,160.562,191.555,72.1867
22,188.849,170.814,177.671,180.519,125.109,164.112,152.392,286.1322,187.627,59.3589,68.6541,170.159,210.551,204.265,119.452,234.673,182.257,68.4668
23,172.779,162.798,190.067,170.213,109.793,149.49,169.291,271.3952,169.628,177.864,72.334,155.165,168.916,183.218,102.295,277.4488,146.357,176.73
24,194.309,168.59,185.664,187.044,121.693,178.974,171.543,283.7455,142.054,185.847,176.507,190.806,199.13,198.782,154.096,197.395,142.885,174.878
25,304.3733,169.629,191.935,186.473,111.765,175.482,148.958,300.7873,168.91,68.8885,279.8671,189.053,193.831,179.597,212.419,89.0303,97.8965,55.3804
26,185.732,188.576,180.032,278.2127,135.445,147.137,204.919,298.82,169.591,200.877,301.0518,176.424,169.078,173.295,159.044,188.965,239.344,169.94
27,60.2921,171.024,264.1589,85.9472,118.648,149.149,189.8,283.2113,166.067,194.299,284.7393,289.09929999999997,186.515,180.694,101.137,82.5513,146.52,61.2947
28,171.125,170.092,293.2041,282.0131,108.136,152.393,168.595,96.7789,175.659,91.6268,317.4857,188.403,179.693,286.7505,208.05,194.327,93.1006,66.1254
29,167.532,191.699,255.873,159.924,143.222,154.421,198.4,301.4863,162.868,297.4452,177.402,179.416,192.244,183.486,217.153,88.2323,186.921,67.0471
30,182.472,172.696,204.681,171.578,116.182,133.686,175.085,294.0417,148.473,170.332,284.1973,181.286,207.521,172.895,170.345,257.86199999999997,169.575,63.5815
31,193.628,198.461,192.827,115.541,128.915,150.368,196.376,50.2988,163.094,177.228,172.396,180.514,180.471,200.997,174.587,197.917,81.1671,69.5554
32,188.537,170.526,185.898,96.5966,126.989,172.756,202.787,73.1077,169.853,186.145,72.0271,180.609,194.6,152.466,188.744,200.004,281.6123,152.887
33,177.115,182.666,178.794,122.771,129.907,137.965,169.291,294.9837,178.055,179.711,50.0855,177.408,185.697,180.776,200.975,191.824,145.771,179.368
34,173.281,188.53,185.675,65.5298,106.342,169.943,237.38,309.5109,163.787,182.172,161.301,181.343,168.031,180.426,175.881,136.023,125.867,175.735
35,178.795,203.211,218.068,86.7777,112.934,155.486,164.493,296.5248,150.803,63.9883,198.629,200.784,169.251,159.579,195.069,182.904,266.795,158.97
36,57.3891,169.886,164.87,95.8552,109.649,165.724,188.871,292.2538,150.061,176.721,201.975,172.683,161.638,183.78,196.51,176.092,281.9948,175.081
37,169.036,180.903,110.428,89.4307,112.36,143.641,182.139,304.5794,187.213,186.158,71.4986,197.957,170.125,173.781,200.092,183.506,267.4363,58.9175
38,58.4247,185.358,111.644,64.8851,135.597,156.054,172.147,297.3704,156.692,187.715,180.99,189.522,197.091,163.995,191.818,194.504,194.238,176.841
39,82.7211,173.93,96.7089,94.7117,128.316,147.44,175.967,278.951,183.256,72.5963,192.749,72.8144,162.846,171.056,200.806,163.654,91.2653,177.338
40,171.109,195.418,153.801,81.9424,124.205,118.497,177.962,300.2592,157.657,70.1501,88.2924,67.7662,162.753,177.125,211.979,153.483,113.759,166.752
41,187.542,171.881,169.922,89.5633,129.649,165.046,183.711,283.4329,185.99,183.747,65.6555,64.1264,197.064,159.792,189.668,160.613,106.331,192.459
42,304.7221,186.809,167.434,110.663,118.26,119.163,228.643,64.6706,121.679,303.1911,287.5804,83.9031,189.217,164.772,126.066,172.759,99.7319,170.56
43,190.566,205.717,169.489,95.7429,117.869,165.458,165.303,287.42,158.628,190.605,190.767,193.723,174.03,186.93,108.801,165.884,86.7004,181.388
44,310.389,194.043,181.983,211.324,115.39,184.897,220.777,303.6631,184.859,172.477,184.603,183.841,157.575,170.686,114.626,109.527,118.717,166.667
45,315.3886,170.649,241.213,71.5533,118.324,165.516,186.932,312.2133,186.543,174.174,161.83,82.0974,180.004,175.172,138.146,94.6601,218.0,172.022
46,292.6879,164.147,176.193,83.3021,104.48,134.937,188.392,49.342,172.859,288.3821,53.1494,156.174,172.26,164.451,122.717,165.204,168.634,73.9684
47,189.884,188.281,184.08,183.766,95.8758,212.849,185.793,85.5697,169.253,313.8197,170.007,66.3077,177.36,194.09,205.903,146.118,98.6059,187.486
48,173.584,199.429,186.277,102.328,126.92,200.963,176.47,51.6072,164.67,171.239,185.769,185.458,163.82,164.07,248.406,153.416,174.287,192.531
49,167.987,194.483,164.003,91.3243,134.839,134.152,187.063,71.6092,146.537,157.776,289.6935,180.101,187.163,166.516,222.61,157.843,90.4621,192.369
50,74.6891,180.555,148.443,73.1565,110.705,165.07,170.971,190.37,179.057,193.766,189.862,187.072,178.027,178.535,215.402,154.822,79.4833,173.043
51,180.456,167.689,317.826,166.102,128.269,154.686,176.75,193.82,174.535,166.159,169.634,294.7121,178.725,165.258,192.709,217.914,191.978,192.184
52,78.3262,186.847,182.493,204.142,118.513,171.904,207.071,184.492,173.276,177.298,172.551,182.207,167.951,170.476,196.142,230.094,164.042,67.8071
53,74.8643,171.49,173.558,87.8017,129.038,169.805,237.114,290.9402,181.189,61.3755,190.527,166.865,171.431,170.904,194.053,259.935,95.5822,173.544
54,169.69,177.563,217.542,210.789,115.724,174.646,192.987,48.7915,167.242,183.552,195.496,198.739,177.613,174.152,234.066,190.246,125.397,97.7639
55,302.8512,179.075,193.733,175.638,134.141,201.202,184.841,176.615,163.275,196.12,295.0807,314.9996,184.281,184.561,198.57,79.715,96.7627,192.552
56,183.398,166.788,201.073,68.4221,107.208,167.8,201.921,190.511,182.981,295.2268,160.316,288.5719,195.792,158.757,168.913,233.882,267.3919,179.415
57,175.251,161.258,183.573,169.072,113.298,178.423,168.291,190.577,175.789,175.866,288.01800000000003,278.5729,176.739,179.202,194.815,186.136,97.6829,54.3152
58,184.376,195.067,176.238,182.028,130.331,199.374,189.843,199.631,174.697,186.035,180.86,69.2736,175.578,156.249,191.046,192.771,196.829,198.026
59,55.7465,167.198,216.792,207.704,115.612,246.594,184.223,195.003,173.366,192.824,178.24,312.6841,163.961,68.5759,186.663,176.049,111.682,300.2168
60,56.8289,174.225,164.81,216.549,122.03,66.4504,205.172,58.1412,138.611,293.1451,281.4038,48.7145,177.658,172.454,212.951,100.285,247.566,162.607
61,294.3757,191.942,183.801,198.057,127.129,195.468,189.588,78.2079,157.384,178.677,190.255,283.8453,170.843,65.1083,197.33,89.5601,123.995,174.113
62,290.8462,178.981,227.337,177.394,108.768,167.643,212.685,54.2123,161.77,69.2992,293.9019,193.9,177.074,188.399,204.471,111.529,234.524,54.9784
63,286.2622,154.366,208.027,184.572,121.566,196.966,206.383,191.067,168.034,37.1425,316.3166,297.77570000000003,160.304,170.746,207.333,88.1292,209.168,187.705
64,291.6134,188.466,191.636,135.009,161.144,197.687,182.741,77.2633,148.76,183.488,175.816,72.9875,171.5,177.596,253.744,97.5023,255.50400000000002,174.682
65,184.854,163.608,193.049,177.442,135.229,196.669,186.8,169.781,130.716,195.919,168.688,275.8117,204.626,189.273,189.865,168.408,168.321,67.5855
66,165.147,150.382,192.728,191.514,118.272,167.983,179.269,192.083,164.004,73.1042,320.8694,313.7875,178.368,162.662,203.035,93.3246,112.137,177.95
67,177.27,167.953,182.466,98.367,112.865,166.483,224.369,305.5784,171.903,160.426,305.2445,302.8092,191.256,180.752,254.6,144.507,266.0709,175.715
68,65.647,174.922,184.754,83.9954,113.533,143.584,180.158,288.9696,177.706,298.7063,240.53,264.8513,179.29,188.747,183.265,235.414,249.68099999999998,202.548
69,68.6665,160.12,178.748,214.491,112.173,158.869,169.713,283.3713,193.735,180.308,80.3751,273.8377,168.514,188.879,192.705,69.0337,238.018,65.2581
70,62.9796,183.564,207.469,220.015,138.069,173.482,187.81,313.8141,166.176,145.376,173.309,292.4125,166.939,71.1118,239.695,167.263,181.019,57.1924
71,69.2789,167.294,186.469,193.696,111.061,89.7603,172.084,301.6119,185.577,173.903,188.801,296.0184,179.987,69.1058,212.184,135.662,290.91089999999997,84.6415
72,63.7599,179.643,209.064,223.521,108.708,148.661,181.767,61.2221,161.223,183.674,294.2362,165.444,157.898,186.847,194.808,152.663,97.2341,64.1795
73,72.772,185.651,170.366,189.236,128.553,94.0717,195.858,71.322,160.988,177.49,281.7924,190.58,195.716,177.341,182.004,145.252,174.312,172.42
74,278.7495,202.307,215.281,80.1366,123.611,168.425,169.244,67.1201,189.084,178.824,188.355,182.113,178.254,179.139,212.269,178.675,192.752,58.374
75,199.751,178.582,219.707,182.611,123.83,88.0673,186.767,71.0335,177.231,160.424,164.725,182.24,174.088,196.348,195.423,71.7177,223.766,178.322
76,170.682,156.173,184.922,185.466,150.773,169.924,179.6,55.7618,177.493,178.05,180.039,183.884,164.279,178.808,191.537,82.1808,206.599,180.612
77,169.07,170.274,186.378,94.5877,146.419,191.184,174.138,283.4266,161.478,178.972,55.4633,168.472,183.893,76.7351,218.36,176.146,201.308,167.98
78,313.1608,168.155,184.164,186.192,129.136,192.789,184.336,291.9072,216.964,194.177,65.087,187.382,181.169,84.9007,201.899,182.628,156.51,184.604
79,52.6075,178.951,217.517,170.537,108.555,266.08029999999997,163.678,290.91790000000003,187.093,181.842,165.49,185.713,169.951,173.634,195.037,118.977,144.655,174.711
80,195.149,187.619,168.245,85.2981,135.774,166.27,205.22,306.0871,180.614,193.24,187.117,185.805,166.01,51.6223,191.894,170.693,222.219,174.647
81,66.1306,165.568,99.1626,206.479,104.026,155.476,106.428,187.086,155.573,193.16,179.685,153.39,168.088,283.8461,193.128,76.5681,186.722,49.9669
82,320.4604,172.6,177.51,77.21,124.22,289.4103,204.311,198.159,175.264,178.645,70.6032,158.631,180.291,72.9281,181.13,131.64,186.421,285.86379999999997
83,71.9858,187.708,181.216,93.8443,125.201,208.853,167.823,280.9389,145.479,204.812,73.658,196.2,180.248,166.53,183.958,193.045,139.425,160.698
84,169.479,188.726,177.588,190.406,120.511,170.037,164.183,297.431,139.207,176.451,67.7474,166.634,179.757,196.175,184.172,212.023,240.61700000000002,62.226
85,181.31,171.635,164.88,85.3737,105.007,174.963,154.367,288.93399999999997,173.095,176.339,54.687,178.674,181.796,183.443,218.216,198.631,195.661,288.736
86,193.701,189.116,271.9842,217.344,119.257,98.8708,187.726,284.828,156.44,78.2126,61.5825,275.2365,166.534,154.497,194.951,198.903,199.808,298.3614
87,201.211,192.844,177.177,108.9,124.696,166.544,176.73,61.1189,153.906,126.905,67.4075,294.3089,163.62,260.7642,189.74,247.314,152.988,297.9396
88,60.7891,165.386,119.998,77.8768,118.074,189.358,146.351,67.5404,164.891,180.418,294.0657,300.1939,188.391,189.739,151.041,192.938,156.407,184.062
89,200.915,170.771,163.697,200.706,119.883,129.819,147.557,52.0619,180.829,163.466,273.3186,304.1275,165.163,178.892,255.14100000000002,255.767,178.82,66.7215
90,158.717,173.534,168.979,97.55,101.298,175.229,164.76,71.9834,170.781,163.899,286.1998,183.149,169.44,166.684,235.72899999999998,185.667,165.647,183.585
91,75.3048,182.761,176.991,187.012,120.19,162.678,151.6,65.8625,151.22,181.503,299.3327,291.1776,158.911,168.021,95.3814,227.567,180.13,173.278
92,60.4449,173.034,180.471,168.947,112.899,214.263,98.9227,170.106,172.792,58.9035,168.867,303.5641,171.518,170.838,121.228,195.035,118.282,82.6174
93,297.255,182.727,164.03,181.183,97.0289,70.8016,177.387,297.4314,194.782,182.546,287.59090000000003,296.7303,165.597,176.81,145.027,195.031,205.689,169.587
94,288.8363,161.557,175.249,187.27,103.598,180.518,190.318,304.89549999999997,140.814,65.5241,193.897,283.5107,183.494,181.163,240.643,275.655,199.896,49.526
95,160.52,167.734,178.818,96.0084,119.689,254.75799999999998,186.05,299.793,153.969,73.7132,202.745,284.2733,163.202,178.162,256.56600000000003,223.511,205.919,187.303
96,60.3852,173.56,167.633,189.1,106.032,184.521,149.891,292.6128,170.033,175.52,173.522,283.1202,165.452,181.987,233.469,268.5677,192.268,184.693
97,166.868,183.44,176.284,87.5833,100.327,211.778,176.43,294.7393,153.487,179.925,174.501,298.382,172.461,162.288,227.841,267.9296,214.507,174.499
98,189.027,200.388,170.612,103.93,115.146,222.707,203.325,193.123,179.454,74.3475,54.6358,294.1091,167.038,172.976,124.969,217.421,132.471,185.004
99,190.874,179.255,186.104,196.813,137.577,143.832,123.27,296.3891,175.256,76.1006,66.118,293.8686,171.959,184.187,212.151,206.947,215.912,73.0293
100,183.02,190.415,164.966,122.698,125.674,279.0559,150.328,187.986,176.737,177.511,184.671,287.9778,150.764,175.376,183.86,195.969,160.073,42.7823
101,191.313,178.694,189.039,80.8892,130.75,181.13,144.902,63.5753,173.943,182.25,166.274,281.7283,149.929,162.724,227.602,246.227,158.946,58.9714
102,193.583,187.441,150.036,93.7849,115.882,169.778,182.08,288.4178,189.727,186.536,62.2909,272.9982,182.793,176.963,194.148,269.08299999999997,191.285,179.12
103,184.87,173.438,191.71,104.436,131.765,137.499,174.578,289.4176,161.994,180.625,162.242,288.3386,175.515,310.5504,231.37,147.925,63.8023,195.223
104,52.3996,175.941,183.92,83.0917,122.674,177.44,161.864,286.5423,143.538,178.706,296.6143,49.9047,167.825,173.933,199.397,188.301,91.9046,181.596
105,55.1342,174.886,197.712,183.795,154.14,173.211,158.769,303.2986,181.969,195.962,296.92,62.6716,170.148,172.181,217.395,276.2644,168.85,192.861
106,311.9854,185.125,157.775,192.566,112.233,110.419,174.967,299.7726,210.946,191.475,299.828,172.613,158.293,205.683,155.545,258.128,136.448,191.858
107,68.6525,214.879,173.302,201.605,128.713,165.55,170.928,297.1331,156.766,165.924,298.4014,180.606,163.522,162.132,193.479,162.216,276.9883,179.82
108,45.0694,185.182,148.209,199.892,108.312,150.742,168.744,285.7653,166.251,171.169,70.1678,172.891,171.689,287.187,208.785,175.956,154.024,186.102
109,43.3856,173.982,182.01,178.004,118.062,165.128,194.106,306.8772,183.063,159.319,315.8131,185.774,184.012,190.566,214.081,114.503,188.119,189.574
110,59.0135,179.515,180.354,88.4493,139.356,176.865,186.663,186.514,154.714,180.053,170.229,184.494,168.685,178.158,222.069,154.849,110.139,60.3948
111,74.3173,184.994,154.079,168.438,137.936,181.653,178.378,297.4784,192.825,175.584,191.748,297.0024,173.087,199.871,131.176,199.08,106.226,71.7622
112,165.109,175.925,148.561,76.6271,115.036,205.193,191.504,181.146,175.596,158.894,185.85,293.1589,166.69,294.5238,117.983,243.178,120.578,191.967
113,68.4623,188.231,158.485,120.419,121.843,156.639,187.792,192.718,158.306,179.358,306.077,271.3368,199.561,169.257,170.795,279.5484,85.0867,170.924
114,66.9247,182.963,195.164,176.521,104.838,199.566,180.966,73.848,146.794,184.892,179.546,217.167,187.916,303.51,150.074,259.46299999999997,165.423,69.0459
115,71.776,159.858,165.302,70.6476,122.612,172.416,195.383,77.3278,160.696,185.195,193.099,173.827,169.251,172.371,107.798,150.252,99.601,60.2029
116,59.4403,168.616,157.866,203.556,114.398,184.831,146.979,75.4854,177.124,159.873,204.251,291.0734,178.323,301.7523,129.928,75.5637,101.104,294.5199
117,65.1613,188.338,193.316,95.6054,122.774,160.664,218.513,62.9507,171.671,196.528,192.679,289.7187,164.335,170.322,127.73,152.335,160.936,305.4644
118,65.4979,176.514,159.825,196.572,119.969,167.074,277.6042,300.3504,159.351,181.773,203.99,191.929,159.777,173.979,79.009,251.204,122.757,186.321
119,67.8989,181.056,182.687,80.9608,116.748,164.34,273.6375,313.2832,156.652,172.443,191.389,183.691,187.956,179.84,261.1243,261.01,153.988,53.5646
120,62.8659,172.276,185.861,177.469,113.772,126.934,138.624,293.3528,145.596,149.289,302.3114,290.8432,190.177,175.602,120.496,276.8252,140.823,61.6765
121,62.6257,180.113,157.842,181.209,124.145,164.567,132.909,299.3922,180.002,196.978,70.1195,306.1284,178.464,185.66,170.827,272.2922,171.722,168.372
122,64.0198,164.655,179.447,256.663,126.435,161.74,184.617,306.5701,186.136,182.771,80.1936,285.2595,168.179,168.02,104.065,266.3529,167.038,60.1507
123,56.3249,185.884,147.915,194.911,121.13,170.181,187.453,288.1354,177.381,192.92,71.1218,298.3454,179.559,168.145,150.782,263.4549,92.9136,279.3498
124,62.3921,187.184,162.057,101.884,128.666,164.701,129.096,80.2282,162.777,173.814,155.725,309.0187,185.134,69.6072,93.6626,230.758,168.369,180.59
125,65.5047,165.634,190.262,88.6718,109.843,143.796,162.987,68.4923,149.168,196.893,192.206,270.9528,178.358,314.995,178.131,269.2211,155.014,186.27
126,58.5999,167.23,168.203,73.0733,119.536,151.562,169.186,299.8555,168.462,194.432,271.7937,305.9652,181.446,309.13,204.619,175.196,243.88,194.985
127,48.1042,172.377,284.7988,169.757,131.035,135.162,129.359,299.6219,142.874,154.547,291.1669,61.2374,163.96,186.46,142.731,91.6474,170.641,185.139
128,48.1717,185.537,255.524,172.901,120.673,152.748,119.609,291.3232,161.943,190.364,182.913,174.66,177.529,181.808,163.348,67.022,173.363,186.092
129,58.6588,185.276,282.1062,101.716,131.825,278.9652,129.722,294.6299,187.829,181.553,181.024,198.578,173.376,68.7211,214.993,79.1854,166.268,168.943
130,157.606,201.074,270.4385,102.153,145.691,158.413,177.595,73.4163,157.617,191.571,181.621,193.623,168.78,182.656,128.156,94.5541,127.613,167.873
131,174.559,165.674,191.836,79.1677,119.147,144.828,162.551,62.1528,195.288,178.85,48.9033,165.463,199.152,187.448,137.508,115.446,163.105,189.607
132,186.372,175.462,229.374,210.738,104.676,156.663,178.068,51.3908,194.041,191.941,64.1647,298.3531,172.384,187.167,225.99,235.699,174.783,284.3492
133,198.74,176.28,183.662,108.672,127.074,144.407,140.376,59.6218,258.076,196.078,176.563,282.8977,160.174,175.536,183.257,92.232,107.511,305.6093
134,296.0032,170.126,194.128,96.7597,127.7,163.117,187.314,76.8663,236.06,295.8945,145.712,197.257,198.457,170.685,221.974,164.938,149.298,192.121
135,291.5723,200.843,197.53,213.24,130.365,148.508,152.576,53.4095,262.1227,287.4524,278.4516,175.134,174.801,171.262,201.419,167.727,118.116,292.8874
136,292.5511,179.561,178.48,188.322,113.937,174.81,169.295,298.4982,266.7596,261.3079,183.476,268.9422,177.835,182.362,208.913,137.388,98.0452,48.4683
137,296.1246,199.655,171.101,186.786,135.521,148.522,167.728,279.0048,260.836,289.1506,165.359,282.16179999999997,164.961,175.349,261.0773,142.755,128.969,63.8901
138,302.0037,178.727,197.811,88.1587,114.617,111.958,148.312,311.0685,256.468,258.652,160.585,302.0149,180.791,170.049,236.124,259.647,186.283,167.808
139,59.5188,177.697,180.845,199.438,134.069,141.199,171.179,292.9056,243.28300000000002,281.4182,198.459,180.68,176.802,186.685,179.064,266.7319,110.469,61.3194
140,78.5188,180.411,179.336,194.819,138.272,148.882,194.407,301.0107,262.0027,293.4509,300.5412,314.2363,165.491,181.353,191.745,261.6642,147.147,281.4068
141,65.8382,188.565,264.049,171.805,115.381,170.825,122.596,301.3072,267.8604,284.18989999999997,161.655,288.8773,173.889,38.4321,222.094,252.29000000000002,126.587,176.333
142,61.2483,172.846,168.863,206.363,118.988,118.818,195.852,293.0422,205.012,288.0152,175.914,281.19010000000003,169.627,197.383,113.705,256.656,119.79,178.035
143,310.0866,184.547,178.721,93.9422,117.899,85.9348,153.985,293.26869999999997,244.40699999999998,274.6838,176.208,312.8889,176.003,80.7165,144.289,202.086,161.64,183.808
144,273.2631,177.374,174.926,186.323,105.298,170.908,139.556,269.354,241.551,286.1536,171.03,66.2893,167.639,58.5676,116.51,235.977,123.589,297.6692
145,293.9702,169.051,167.992,68.913,105.927,184.108,130.546,308.9877,246.803,300.0864,48.2058,69.1626,173.468,180.128,105.869,193.357,267.7993,69.9425
146,284.2123,190.866,160.374,101.746,136.074,166.666,176.936,305.0184,257.307,300.7292,57.7613,314.8834,168.274,182.643,166.935,276.2712,170.014,181.904
147,278.842,189.535,185.348,109.585,138.926,154.875,197.31,284.353,277.1105,295.4049,55.7856,284.9191,168.107,65.0797,116.556,167.838,173.323,175.368
148,57.9701,188.372,81.0482,105.009,139.4,150.454,130.794,289.1414,276.6989,286.5781,294.5623,289.0348,165.545,51.6354,77.8755,181.967,158.641,70.4819
149,53.7194,180.378,182.248,86.0719,135.853,149.929,175.51,65.6738,260.5878,297.2576,51.139,181.27,188.071,180.028,140.48,246.603,163.15,185.395
150,52.7797,178.672,158.308,114.984,118.626,169.735,111.991,53.4382,264.2675,290.043,174.087,296.4253,164.782,178.677,143.04,180.253,172.012,158.985
151,69.5097,165.723,166.462,195.296,113.213,178.451,111.812,38.206,260.7975,302.1813,174.568,293.39279999999997,167.302,180.598,116.617,175.116,129.49,186.331
152,60.8293,171.819,181.351,80.2933,122.893,291.6545,169.359,65.5858,278.9737,303.4033,304.1639,294.8045,190.632,184.51,121.532,190.32,104.553,52.7232
153,68.1218,168.445,184.806,214.054,104.922,169.287,159.863,52.458,270.9928,288.6287,290.3213,276.8952,176.055,180.222,174.434,93.8748,85.9782,183.988
154,57.4304,170.797,159.176,189.441,132.425,183.424,125.772,66.8325,179.114,284.1577,63.3992,293.6032,179.969,290.5328,190.605,173.509,91.4883,313.6044
155,48.655,174.648,178.089,86.3544,120.316,162.564,151.928,307.1218,276.9962,292.9963,152.764,173.286,165.54,183.274,188.329,144.573,172.206,197.792
156,61.1843,179.556,152.093,199.9,93.9646,164.425,166.695,184.207,171.544,295.41949999999997,170.006,173.258,182.201,179.455,207.259,274.29470000000003,87.7416,65.0914
157,59.0467,187.321,264.0905,167.538,111.222,173.107,123.976,290.3431,202.254,295.757,170.045,174.267,173.016,179.059,158.688,153.485,108.875,175.803
158,42.2954,170.501,149.452,180.04,113.022,177.8,128.892,303.037,186.042,278.80740000000003,309.9286,169.559,184.295,298.9391,165.789,101.184,157.092,68.2676
159,58.3289,162.211,165.771,186.685,135.723,183.605,173.713,298.42470000000003,170.344,296.0444,160.439,173.257,175.531,64.1602,187.629,110.85,137.326,216.115
160,185.74,179.872,158.402,176.36,112.78,226.414,174.313,277.8328,164.887,291.02570000000003,187.87,185.422,161.748,60.55,198.291,138.392,152.594,67.2441
161,182.345,153.269,169.048,56.1697,99.6441,215.775,298.4062,286.5136,163.809,301.8054,55.5346,188.472,150.189,160.322,203.845,173.875,89.251,52.3667
162,73.0124,180.234,188.599,96.4154,89.7732,141.822,143.425,41.497,187.594,293.8279,64.9978,178.533,178.533,181.183,207.949,176.568,135.814,61.6155
163,51.8716,173.256,186.14,177.04,121.96,252.837,120.819,76.9943,188.353,292.41859999999997,297.7543,185.739,165.58,159.658,206.404,89.5463,96.745,180.705
164,82.4803,182.928,96.6582,194.657,129.276,194.319,195.715,64.8833,183.401,296.3458,189.054,194.348,164.31,68.5384,209.169,72.254,89.8368,192.276
165,79.51,175.358,169.344,90.7639,120.042,271.8795,104.183,162.493,184.907,292.0626,189.521,178.041,176.789,69.6627,176.426,90.711,90.2186,188.799
166,69.5405,168.949,176.152,90.3146,133.293,169.831,147.855,166.352,158.875,291.27049999999997,196.476,180.267,195.798,182.912,146.279,158.326,276.4279,183.851
167,46.8506,154.371,158.199,172.42,123.899,282.6201,149.781,66.1275,159.855,293.3753,296.5424,165.119,164.623,166.075,199.887,216.129,92.8072,316.6497
168,65.8529,191.474,175.431,81.0152,121.753,208.562,186.9,58.8309,149.19,284.7748,286.7383,172.374,202.715,180.634,118.079,181.25,209.069,194.375
169,72.0851,186.807,190.116,115.548,125.981,196.653,157.244,64.2173,174.107,293.6415,193.423,208.687,184.949,204.956,200.468,200.057,138.694,279.5529
170,38.8313,180.899,178.568,205.582,115.261,130.498,172.596,300.4293,163.665,170.491,180.719,86.3093,170.743,186.089,209.833,96.7907,243.171,69.2697
171,57.3233,163.053,187.547,108.399,97.6303,148.976,306.7816,296.8425,147.125,177.547,194.182,312.0357,176.616,217.497,201.722,158.242,187.094,180.379
172,76.5685,170.262,178.827,89.267,133.89,175.481,180.016,289.90840000000003,164.798,188.286,292.9119,65.7956,171.753,86.4687,199.26,119.588,190.908,162.967
173,53.2335,168.77,167.894,186.909,123.239,260.0883,112.463,79.1718,148.519,192.294,287.997,161.204,185.093,191.789,154.741,140.981,216.857,185.625
174,83.4846,179.848,162.879,106.545,109.915,273.6873,182.159,183.012,152.386,168.021,306.6444,174.943,174.79,193.922,173.984,147.758,241.04000000000002,153.521
175,60.5389,190.9,154.652,79.7045,140.336,154.588,168.101,196.247,162.338,166.456,313.6211,171.334,183.036,281.87170000000003,195.111,102.035,185.1,161.83
176,73.2496,178.722,143.072,191.348,101.66,157.008,145.559,170.615,165.501,188.226,56.133,87.4037,168.378,189.037,194.294,121.17,128.356,51.6756
177,62.003,206.113,241.203,85.7789,115.044,179.415,118.222,307.3087,151.423,170.628,168.887,175.828,166.759,301.883,160.258,95.6541,246.143,64.0764
178,61.6094,187.875,202.886,200.096,115.374,147.811,132.409,282.5707,155.827,178.582,169.78,300.836,179.681,295.5647,192.696,268.99490000000003,163.227,190.213
179,298.2584,169.404,175.361,174.798,120.836,166.344,174.782,186.882,150.687,172.928,181.725,175.271,166.738,295.234,148.283,279.79179999999997,165.498,40.9789
180,281.4291,176.606,170.054,201.432,120.314,164.764,202.565,306.646,171.789,151.888,63.3374,173.5,187.854,75.5758,180.554,180.229,250.304,148.74
181,285.5484,172.161,178.099,101.43,122.309,162.009,155.61,296.6748,162.44,161.332,59.3309,167.537,195.137,81.8934,200.523,201.266,121.602,62.0962
182,299.3577,174.332,172.034,107.945,132.399,191.301,153.912,294.95029999999997,173.194,189.152,59.4001,186.586,159.19,183.954,183.399,174.777,241.062,171.141
183,289.6953,166.049,174.106,222.175,113.346,146.121,123.405,70.7758,140.719,171.209,177.593,312.15229999999997,163.726,192.968,190.107,170.809,212.67,280.507
184,182.008,187.062,188.961,78.0534,102.826,150.808,149.5,75.4188,185.062,168.655,190.378,296.4411,172.887,177.299,142.955,210.381,304.1014,70.5995
185,187.565,168.642,225.01,234.101,118.784,155.672,151.679,68.3924,140.728,158.585,176.379,188.242,182.789,182.966,112.922,176.473,292.0796,277.97450000000003
186,170.722,174.713,197.931,98.5182,126.089,144.489,182.765,289.4396,165.644,64.4304,56.3654,289.4623,155.762,295.1997,107.565,211.07,217.782,180.325
187,177.625,174.494,185.237,184.239,130.478,167.75,178.717,265.147,182.757,76.4481,75.6094,277.7609,164.51,177.924,145.549,243.872,220.21,177.546
188,65.1917,185.103,164.444,176.894,119.79,147.064,173.403,290.7346,187.706,57.5203,174.906,295.2154,155.189,175.651,210.345,170.188,229.022,53.6394
189,71.2412,182.392,185.765,206.128,103.695,168.172,123.971,188.438,179.642,187.728,283.5807,196.387,171.777,72.8551,207.71,163.132,255.15800000000002,182.307
190,56.5538,175.742,194.521,74.4607,128.441,195.577,106.099,191.303,173.159,165.95,185.016,187.934,184.462,184.304,163.612,134.807,191.554,183.529
191,74.3968,166.663,205.841,193.906,110.704,160.038,175.316,178.73,160.034,169.486,182.865,287.05719999999997,185.792,307.2842,139.067,130.494,292.4746,178.282
192,64.2084,170.461,205.357,197.198,121.846,179.103,109.132,55.857,166.183,178.12,276.0082,196.223,177.198,43.6861,162.406,135.372,162.729,52.078
193,40.3966,170.35,199.353,90.5885,121.197,163.973,154.402,283.2776,166.158,174.889,177.767,198.057,165.445,177.578,173.951,144.582,111.133,51.4721
194,66.1207,187.209,191.049,210.627,130.447,189.662,128.61,284.623,152.628,155.631,69.9554,187.149,179.229,158.695,139.446,204.719,96.1644,172.996
195,70.921,188.456,205.589,189.547,121.83,168.668,122.167,295.6814,162.679,183.852,292.5158,185.442,158.646,195.799,122.495,307.3071,181.434,182.056
196,56.1447,177.611,197.595,86.3577,114.301,130.593,177.015,304.4291,165.643,195.999,186.284,153.795,158.134,74.7777,126.319,146.628,70.7667,185.744
197,71.6308,169.465,204.921,71.7663,97.1051,151.349,179.12,302.3791,158.178,202.916,57.7856,164.622,177.948,63.2816,100.552,182.825,292.1461,75.6583
198,171.902,181.762,185.132,80.9547,134.156,158.204,277.404,81.0251,157.076,188.395,187.561,200.112,186.171,89.0316,129.954,146.541,278.9606,51.4682
199,177.22,192.666,191.782,87.7576,142.749,162.793,274.4328,62.9016,163.077,266.9858,175.817,181.202,175.479,67.8882,137.962,173.466,267.7292,185.848
200,182.591,188.676,177.088,69.881,101.101,173.044,190.605,70.2528,162.087,171.3,168.053,176.107,175.02,169.787,150.978,158.269,281.5408,280.0675
201,172.997,186.462,185.39,87.2996,99.2218,156.82,175.8,73.0345,171.628,196.153,198.5,179.997,163.606,171.163,129.93,67.3869,281.1151,185.573
202,173.14,180.54,207.76,86.5185,108.559,162.19,158.327,83.9326,144.091,169.098,192.205,304.8996,162.631,171.637,167.904,66.1182,264.3464,70.8637
203,181.566,181.724,202.144,127.31,102.656,150.641,180.604,52.5455,172.99,278.9617,179.263,268.7127,154.758,187.011,105.686,72.602,277.70910000000003,56.0858
204,172.946,168.991,198.935,191.239,127.102,183.981,143.897,303.0414,175.813,288.1811,168.759,201.095,174.75,177.57,139.667,105.176,305.0858,170.359
205,161.057,185.353,196.236,70.5842,125.618,146.689,140.603,288.91679999999997,166.192,171.769,177.377,181.477,194.136,172.894,106.557,68.7132,175.297,164.134
206,180.696,193.549,104.115,88.7774,127.949,141.055,182.067,282.8087,168.093,288.4055,187.738,180.42,174.442,185.511,165.458,125.223,77.3958,187.818
207,178.383,169.003,182.901,112.652,138.247,147.849,165.71,304.436,182.809,287.2279,179.893,175.874,166.72,193.777,210.425,278.5694,84.8725,183.108
208,174.675,176.248,97.2724,92.1364,121.591,139.526,280.3997,284.9548,177.542,290.9918,184.145,192.812,168.049,166.666,227.769,255.29500000000002,277.1986,287.6714
209,106.541,183.406,178.048,98.7775,115.027,191.258,211.389,297.9995,178.723,185.182,191.564,182.998,171.435,176.699,204.27,250.026,120.511,303.4278
210,186.124,190.236,158.539,179.727,132.413,166.396,156.141,288.7734,160.516,192.997,180.314,186.554,177.358,160.018,116.592,263.5323,144.419,74.5787
211,77.0852,181.437,179.519,189.361,130.383,193.79,165.298,294.7765,134.018,285.685,180.559,188.453,170.669,163.516,119.729,174.331,78.2851,177.688
212,167.285,191.345,187.701,132.241,119.961,159.611,171.433,285.8614,189.022,175.25,157.967,184.36,148.662,190.674,133.686,128.51,93.6732,71.5008
213,172.904,184.926,195.245,226.585,127.258,222.252,167.355,292.7548,162.293,290.4251,192.56,168.815,179.514,168.336,132.586,155.726,206.543,290.2129
214,304.7847,195.32,171.233,97.736,128.91,177.727,186.735,291.3834,155.857,302.6884,170.448,71.9275,158.481,166.437,111.851,286.1056,185.365,185.364
215,287.945,184.516,185.229,98.4672,121.898,190.012,118.778,63.8563,157.101,303.3137,174.211,191.321,158.497,177.083,134.249,190.339,194.059,195.448
216,283.5837,173.836,166.685,179.148,120.445,176.871,156.027,66.2692,173.849,284.2459,53.5479,70.1005,173.557,305.0508,117.483,180.908,171.502,288.9669
217,308.3621,188.37,211.999,88.8588,104.511,111.922,215.703,170.577,177.325,297.4461,58.4634,186.956,177.955,179.004,258.951,150.139,295.8578,48.6692
218,282.5972,169.976,192.804,86.8091,127.883,167.669,135.013,163.081,168.889,261.515,71.7387,176.306,173.549,181.182,159.348,258.225,262.2119,174.883
219,285.9035,168.053,155.683,173.372,109.938,175.539,170.338,188.511,146.975,181.442,168.546,315.3315,182.013,184.389,146.251,273.7787,94.9805,56.4408
220,273.80060000000003,184.24,207.96,197.649,127.724,100.68,167.042,194.374,152.014,300.3091,170.63,169.674,163.456,164.087,109.964,224.867,76.4548,182.17
221,292.8743,177.899,179.283,193.18,143.944,147.094,158.256,49.8412,161.297,296.5392,184.967,204.74,174.603,197.613,82.8475,200.147,128.917,56.0248
222,270.8834,187.458,152.52,188.486,108.516,147.914,186.647,286.9701,164.012,280.2203,176.976,179.584,187.714,175.503,238.793,269.8386,235.362,178.505
223,273.40160000000003,171.744,181.182,80.9834,142.621,160.274,197.995,295.1229,175.756,300.5082,181.293,178.844,162.288,178.586,119.086,288.2061,160.908,194.893
224,282.238,184.039,192.446,217.849,115.792,195.873,198.968,290.2194,168.078,291.3195,191.238,196.319,175.508,212.189,124.738,260.9175,77.9078,189.836
225,162.361,176.782,191.938,100.281,105.65,171.276,180.665,283.7066,143.905,273.3334,187.281,161.425,177.918,178.429,124.128,252.171,150.049,173.049
226,189.562,170.272,189.369,173.926,114.45,183.073,165.311,294.9865,164.18,294.9079,180.594,306.5671,171.608,218.619,102.369,217.867,159.843,75.0757
227,167.491,182.591,173.425,204.521,103.612,154.309,168.371,291.4753,172.678,300.0724,172.265,93.3889,166.384,74.8274,136.693,193.82,214.296,77.7142
228,265.5394,300.2512,168.126,80.7344,108.905,277.4525,144.901,293.3147,150.029,291.7896,169.509,56.1555,169.884,173.679,124.783,210.577,94.327,66.363
229,158.537,185.582,183.09,102.005,108.609,171.23,172.785,303.0543,152.599,292.9454,170.175,162.994,181.869,187.12,122.899,184.211,278.4953,172.051
230,280.7976,174.34,187.681,200.247,107.317,170.954,199.138,292.2867,167.351,293.444,175.819,169.522,161.879,185.767,109.698,248.425,160.019,182.82
231,172.984,181.391,181.8,198.279,117.333,155.979,176.619,297.1592,174.244,286.7222,188.006,77.5926,154.373,175.845,189.647,190.092,284.0874,167.947
232,289.0385,178.896,161.222,90.4275,121.231,182.388,163.391,280.3189,164.448,293.3676,170.158,78.4121,170.911,161.998,141.935,281.913,252.36,179.686
233,290.3429,189.3,179.335,79.5186,144.347,171.058,218.988,186.215,177.275,299.8881,166.099,175.044,174.845,190.047,164.354,257.88599999999997,79.7176,60.8607
234,283.5816,186.236,176.145,100.486,104.947,205.704,191.831,298.9923,169.745,296.3797,181.068,69.2741,176.751,184.016,94.1722,189.763,134.58,184.954
235,159.405,155.623,203.658,111.973,118.728,282.0096,164.053,52.0961,173.25,289.1545,193.03,177.493,197.016,208.814,179.854,153.017,91.6478,184.546
236,182.349,180.823,260.7703,76.9584,128.91,167.748,182.537,305.822,164.132,293.2701,184.862,153.338,177.036,189.029,158.514,78.4163,145.757,169.054
237,173.356,185.555,200.487,181.603,129.63,112.515,158.422,71.2295,184.349,288.4451,195.307,149.03,175.53,163.134,133.527,153.262,97.728,187.916
238,297.6939,184.671,155.43,92.7701,133.119,184.772,169.396,67.9487,164.726,272.7118,194.159,304.7033,193.026,174.816,95.2703,76.33,79.4966,77.7787
239,278.0025,191.975,174.874,92.5427,134.224,202.988,187.814,70.0608,191.592,291.7406,175.267,182.282,177.137,171.172,131.16,155.873,172.565,167.877
240,298.5669,166.693,211.862,80.4483,138.576,279.29179999999997,195.996,67.2722,166.97,300.2999,165.497,180.131,161.603,64.0399,143.121,134.835,144.404,192.636
241,292.4435,179.379,169.88,163.214,100.025,159.538,155.857,170.35,167.624,289.2494,184.697,171.54,183.845,177.046,93.8269,163.959,251.137,173.851
242,316.1423,168.259,193.591,87.5867,139.141,68.779,185.831,189.151,181.452,282.5099,159.908,207.607,184.363,82.202,89.929,179.979,139.713,172.515
243,170.909,172.651,159.081,101.424,122.986,174.968,151.515,60.5931,169.529,180.611,171.714,175.332,190.006,297.2717,137.059,180.402,111.937,183.223
244,172.851,182.776,191.725,120.287,109.137,189.043,158.035,61.675,174.536,178.923,182.588,178.002,162.792,287.2329,180.961,139.093,133.283,177.126
245,175.537,184.354,191.631,91.061,91.3053,166.926,171.114,190.801,160.983,178.884,185.279,309.9083,168.136,214.105,197.077,124.243,201.572,163.185
246,288.8134,185.448,172.38,75.129,134.911,68.5795,182.314,66.2236,166.243,201.818,174.703,165.438,158.023,206.063,211.846,171.556,294.9747,190.719
247,300.0421,167.181,177.418,189.055,135.89,206.783,176.667,60.6192,155.984,183.356,193.759,183.547,169.588,167.674,162.711,167.755,288.4493,168.353
248,297.3779,187.774,232.082,96.1334,134.712,143.078,177.943,70.368,174.33,204.075,174.811,77.9509,171.055,71.3148,194.081,176.156,207.54,175.003
249,292.1178,165.855,312.5723,66.2087,119.072,175.389,178.957,184.408,204.84,185.584,157.816,305.0126,203.674,62.4858,203.225,243.934,214.384,180.481
250,277.3636,175.068,231.053,197.945,130.409,47.6183,182.012,60.0185,172.392,295.8807,182.377,280.8145,165.101,288.459,160.32,229.952,288.0754,85.9435
251,299.1688,180.521,292.0997,178.198,132.642,197.567,198.393,65.3974,195.641,298.7931,180.495,66.5844,172.131,187.372,214.056,165.406,242.974,178.983
252,302.0314,49.6326,254.59,109.418,109.698,280.2921,193.374,84.299,167.462,298.394,176.027,189.17,155.461,176.257,204.637,195.169,187.529,196.101
253,277.8354,163.461,210.047,61.9329,130.038,176.184,176.096,171.2,155.808,276.1284,175.625,176.224,166.647,182.987,257.568,188.956,160.073,174.568
254,295.847,182.23,216.409,187.738,127.351,265.7221,185.552,73.7031,186.713,299.0879,185.145,183.189,176.099,190.379,103.029,199.88,166.03,289.3298
255,172.486,174.589,226.64,66.7033,117.385,139.636,179.154,303.7036,150.283,300.9097,170.488,184.197,156.934,176.955,152.622,179.088,283.1223,166.307
256,187.414,175.591,214.225,181.628,120.727,166.164,192.71,300.6198,164.577,290.23609999999996,278.3201,181.444,169.02,67.3429,158.785,166.189,122.933,89.4453
257,52.8142,178.212,184.168,185.71,114.767,204.957,189.607,290.8951,144.476,298.3211,291.71479999999997,298.154,164.401,65.7747,179.643,144.941,279.4482,55.2686
258,55.7656,171.155,181.244,189.363,125.16,164.084,161.526,317.6997,180.52,276.6268,165.381,150.449,169.123,177.828,138.219,238.897,81.6851,281.90139999999997
259,67.2021,167.598,174.134,172.153,107.103,171.525,183.964,300.0544,179.823,295.7434,173.025,315.8498,193.779,173.343,198.141,193.038,263.5045,73.464
260,163.531,187.127,226.507,155.869,112.044,206.946,176.63,294.7188,184.516,290.5228,265.74,62.9949,178.722,173.684,113.237,197.459,192.74,176.017
261,192.471,172.245,174.996,166.52,114.385,170.242,171.087,287.2924,161.123,283.6895,185.257,162.308,170.602,162.327,173.094,226.576,103.426,290.0817
262,157.504,194.898,196.407,206.788,120.042,278.2282,161.96,307.4726,175.196,290.8364,192.659,295.3043,172.648,177.857,126.833,214.662,124.612,73.4367
263,186.027,196.849,224.561,172.781,138.369,190.835,180.742,289.7578,162.032,297.5986,197.169,192.992,172.161,172.015,132.522,191.63,80.681,61.27
264,183.215,161.744,216.377,196.891,108.736,97.6391,182.459,190.026,158.62,303.1992,172.821,194.014,204.912,195.225,145.613,173.09,78.5655,49.4357
265,175.89,176.235,165.726,73.9644,133.42,186.249,178.178,307.8261,170.837,284.9184,165.814,194.809,163.124,183.875,134.333,87.2577,97.9146,183.839
266,73.9735,168.156,187.574,192.126,126.501,175.176,188.178,307.452,183.787,295.6794,180.453,313.9244,176.152,169.204,124.29,251.17700000000002,186.77,198.145
267,97.5047,172.347,175.896,215.153,106.031,180.928,183.926,292.5406,181.371,298.7771,168.66,186.611,170.992,170.563,147.287,134.639,190.647,180.338
268,177.254,164.594,75.7589,186.656,105.474,160.592,182.234,286.8837,170.19,298.0703,45.4727,64.5885,177.611,167.521,137.258,195.828,185.937,184.443
269,194.862,172.358,63.731,186.884,132.779,164.585,187.116,292.0165,169.898,284.23199999999997,303.1603,272.12260000000003,186.971,188.806,154.19,173.601,171.146,166.157
270,304.549,173.044,77.2452,198.774,112.941,170.595,201.759,283.3326,157.638,298.9972,296.3618,185.934,169.934,185.016,168.236,195.691,104.164,168.659
271,315.4905,186.54,177.888,186.049,113.683,168.674,195.423,286.90160000000003,177.932,291.57280000000003,295.7299,303.1325,165.701,173.087,121.886,277.3885,228.99,55.6421
272,308.3766,192.323,190.909,201.171,129.578,163.452,208.683,283.41589999999997,173.797,297.7245,307.26030000000003,192.892,179.949,65.4627,210.867,152.81,240.62099999999998,52.1383
273,187.293,161.235,206.941,184.905,115.69,229.421,199.632,299.6964,190.012,289.027,167.391,73.008,175.159,78.82,180.495,87.7419,202.115,64.0694
274,67.674,163.778,201.28,194.971,112.382,188.141,204.457,74.4875,164.74,301.83050000000003,196.266,62.1869,164.148,194.031,117.224,153.939,92.1909,51.3593
275,71.6312,177.168,222.235,196.321,109.884,186.177,166.137,66.4163,184.825,280.9486,182.924,189.05,166.171,180.283,206.36,184.774,164.484,189.02
276,61.9335,174.164,184.067,187.511,116.521,163.981,193.91,296.4992,168.584,288.75239999999997,181.932,306.2879,164.145,209.493,219.706,232.963,248.59199999999998,60.7577
277,295.10699999999997,164.244,184.748,207.723,121.753,155.896,184.369,300.3855,180.046,277.187,196.712,308.4015,161.34,278.4171,204.226,86.0719,277.0905,190.82
278,198.467,194.332,194.988,169.495,128.321,184.856,197.441,298.2476,191.875,282.2498,304.0527,178.89,168.497,73.5658,161.542,170.896,243.51999999999998,200.643
279,282.2393,179.401,207.579,180.632,130.971,163.015,182.613,309.2585,167.046,295.8899,169.265,303.9386,172.644,185.033,155.179,195.353,62.1377,67.484
280,293.97839999999997,181.329,186.352,173.035,127.492,144.071,170.297,301.8682,164.705,304.5989,152.646,278.6068,170.389,295.4293,139.536,218.726,102.236,264.8775
281,296.5285,163.1,194.012,192.553,135.524,160.948,172.475,285.3987,191.452,293.2973,145.262,294.3182,165.065,185.614,175.69,216.757,158.753,45.2429
282,175.607,154.955,259.671,112.353,146.437,168.634,182.746,306.37,190.674,285.2981,180.561,296.7789,165.206,187.959,154.551,236.39499999999998,236.19400000000002,194.644
283,174.502,179.705,208.118,102.435,126.739,177.591,181.308,290.8983,200.13,288.2035,176.277,59.1887,185.047,302.2644,98.1109,153.982,139.205,177.269
284,165.936,165.25,207.512,155.388,113.241,139.701,174.375,293.4509,145.809,290.8049,157.663,309.3759,165.467,172.334,163.636,211.742,210.727,157.215
285,178.414,171.878,196.476,181.652,127.476,181.199,168.53,299.7412,160.813,289.4741,90.3441,307.8983,186.625,183.673,176.616,202.343,273.1087,170.543
286,195.295,182.142,205.611,211.012,119.974,272.8196,189.143,62.5656,178.507,283.2747,187.294,279.5919,164.799,172.41,152.956,157.878,125.031,165.745
287,173.833,194.161,221.877,192.197,110.129,177.289,176.376,75.4116,172.19,282.9366,181.656,318.3104,157.992,179.465,211.624,180.115,266.6499,53.5893
288,175.469,181.423,214.237,186.213,134.727,293.3976,149.864,78.9089,177.962,277.52139999999997,178.77,50.8081,180.903,177.686,144.999,174.829,184.655,187.862
289,183.218,190.991,182.794,167.044,125.346,176.786,169.392,56.4967,169.491,294.4294,196.01,187.282,181.218,308.29200000000003,220.327,154.952,90.5432,180.707
290,158.327,165.834,186.195,150.104,90.7805,182.243,187.757,206.501,171.661,296.3709,176.943,189.885,162.935,192.161,158.119,186.267,185.54,313.0475
291,177.103,181.828,223.262,105.42,119.122,193.754,191.061,61.8722,164.149,306.6196,192.903,178.454,180.474,170.041,244.434,149.264,108.702,290.7434
292,62.2813,185.889,190.605,201.366,126.895,194.785,180.66,85.2167,157.848,300.2031,162.43,300.16089999999997,177.985,191.873,91.8974,135.275,195.124,167.587
293,80.7737,164.804,202.053,188.807,105.011,125.917,190.366,202.463,139.437,291.6287,174.228,307.0066,173.222,174.403,158.502,219.622,197.829,186.017
294,44.2251,163.977,225.639,207.17,122.05,164.059,188.388,183.817,173.838,300.1307,198.745,158.639,171.077,176.032,133.372,160.338,185.713,181.123
295,65.9077,189.451,213.886,167.278,128.927,205.014,180.128,52.0421,140.596,296.0995,165.049,171.128,166.886,182.735,184.785,174.866,140.734,165.202
296,295.7973,182.545,208.751,164.547,120.572,168.345,195.92,68.1935,153.303,279.5471,166.642,185.149,192.124,289.81600000000003,152.395,165.502,85.5374,66.3819
297,69.2448,169.872,188.244,73.6834,98.3683,185.839,160.687,75.2337,154.249,312.3141,191.493,188.848,172.876,176.102,124.269,168.718,100.611,281.0067
298,61.5372,168.416,168.624,214.076,121.931,141.886,210.243,74.2893,191.527,287.8361,195.981,164.652,184.383,160.706,128.19,103.598,88.5892,176.254
299,190.347,185.998,175.351,194.439,137.469,272.0594,207.128,189.609,178.058,288.0308,174.182,175.754,170.16,178.568,134.002,169.357,91.9424,179.081
300,68.9699,166.535,218.867,167.884,112.454,103.416,170.434,52.571,191.467,293.5193,160.603,194.802,168.291,179.001,143.138,162.714,78.5365,54.5295
301,181.84,171.442,185.129,78.0047,124.928,173.869,186.803,200.978,188.513,274.8489,201.379,280.0095,172.157,182.736,153.209,128.14,105.382,171.188
302,298.0311,156.542,156.619,183.743,118.935,203.468,191.075,163.102,168.934,304.7938,202.163,180.82,155.199,62.5498,155.064,127.184,99.0868,171.654
303,189.515,165.767,183.57,81.1399,115.202,175.563,186.625,67.5344,168.217,295.0935,177.513,168.421,173.092,167.162,65.9157,118.809,88.6902,179.033
304,183.312,170.927,176.953,101.239,104.528,175.277,158.003,186.292,168.271,283.6571,189.636,178.508,171.293,192.701,168.055,154.633,146.741,177.853
305,174.983,185.673,190.489,191.424,134.539,181.771,168.495,203.395,156.178,291.0281,52.9179,155.315,164.299,175.74,142.063,193.362,143.368,183.532
306,174.385,166.63,193.092,78.2372,134.743,187.997,167.325,74.3159,182.287,293.305,176.683,173.826,178.634,179.423,142.073,140.766,231.242,166.989
307,278.9471,192.541,98.9507,75.0978,137.848,146.041,173.34,70.8514,164.489,291.6768,177.849,166.066,199.291,163.229,165.11,134.145,215.584,49.5107
308,297.5064,199.082,170.912,189.685,113.219,67.6314,193.74,82.4584,175.849,293.4839,293.1581,175.492,170.764,161.546,214.318,131.209,148.828,192.034
309,181.383,170.743,171.997,201.558,137.002,74.1047,168.09,59.4262,175.253,293.5534,182.082,162.395,177.599,184.651,242.249,115.701,160.039,180.129
310,197.287,171.293,188.324,87.3521,151.173,80.0168,181.908,71.6897,172.872,280.9217,206.503,109.505,186.081,69.705,193.008,273.6935,122.296,304.84749999999997
311,288.8443,174.472,180.878,112.808,137.867,206.798,197.608,57.0408,154.404,314.2836,176.967,203.886,164.585,181.433,204.699,188.91,269.1363,189.523
312,196.659,167.746,180.914,177.337,112.182,233.162,156.698,58.5756,175.358,299.84000000000003,188.38,180.989,171.645,182.344,221.28,154.771,126.009,182.653
313,168.019,170.996,192.143,186.727,119.575,108.287,260.2886,72.7447,160.529,293.837,289.0356,170.692,193.135,178.487,174.855,168.013,275.0942,176.673
314,182.019,192.577,155.734,89.4216,140.388,181.11,186.288,197.393,206.484,292.3876,178.166,187.163,185.384,164.579,215.232,158.139,259.57,66.7088
315,193.839,177.012,211.228,243.853,126.783,188.046,136.195,185.921,165.319,292.8271,183.502,167.907,179.068,195.795,201.446,183.798,296.7466,190.718
316,186.533,170.39,150.178,199.666,119.5,102.806,165.064,67.788,148.787,293.111,290.4839,185.95,168.649,180.636,219.188,192.633,96.7312,194.735
317,169.219,170.375,192.229,231.012,126.535,182.322,208.415,62.9998,186.884,179.681,295.7701,179.484,175.161,179.057,148.678,221.1,296.0107,191.969
318,177.937,175.989,200.35,180.741,125.907,176.77,178.688,178.899,166.613,174.719,188.624,175.15,171.538,310.767,210.301,161.267,248.446,165.012
319,171.834,189.356,159.702,201.228,148.514,285.9235,187.057,64.6328,188.446,186.23,176.249,312.6414,181.032,168.626,226.396,97.4327,152.271,187.151
320,166.71,180.464,164.982,108.775,121.745,171.345,170.886,54.7847,203.184,180.095,175.484,169.542,179.44,181.389,181.516,203.915,193.49,58.8343
321,193.057,275.3932,143.903,187.737,132.254,185.914,193.685,60.3932,191.534,288.3476,169.639,178.761,177.861,168.91,154.246,191.297,99.1037,305.11379999999997
322,184.24,173.998,195.077,185.633,108.24,99.9288,139.358,69.898,164.387,295.5376,159.66,175.972,155.092,166.03,142.0,129.145,104.323,180.183
323,176.487,156.563,179.519,179.167,123.463,258.027,168.234,56.9426,171.422,308.1003,299.3745,58.3487,174.05,191.048,157.133,120.097,158.899,55.4303
324,174.461,178.187,172.284,188.434,121.657,252.132,171.236,167.164,166.033,292.649,181.5,193.619,169.379,187.584,140.385,142.889,174.653,43.9974
325,192.258,178.781,165.609,75.3058,120.365,207.482,191.371,51.2913,177.407,300.8758,165.942,61.871,174.094,210.14,70.0452,157.321,194.353,174.157
326,183.903,182.498,168.388,151.183,121.405,230.781,149.516,173.471,181.579,302.6283,170.436,314.07370000000003,189.954,174.106,116.987,85.7812,85.5773,76.6195
327,195.509,180.412,182.713,209.759,98.124,148.12,143.605,70.1301,171.663,286.77909999999997,79.0871,292.2415,177.052,175.326,247.945,217.105,180.67,293.0378
328,178.526,171.826,277.1492,171.773,126.48,159.653,177.926,66.8676,180.407,293.5179,187.599,200.329,182.123,174.471,126.471,179.162,91.9276,51.4079
329,189.096,175.739,208.459,188.864,122.822,161.555,107.254,295.4442,178.227,284.2105,181.91,195.192,174.837,177.443,119.401,70.8504,247.148,169.369
330,169.38,186.064,183.468,213.798,126.821,160.574,178.479,284.8353,187.06,310.0774,170.037,161.508,175.217,86.1557,137.765,207.436,127.304,176.785
331,176.816,178.812,263.41880000000003,186.124,136.098,148.218,159.467,303.6265,143.655,298.297,305.0948,188.038,171.157,170.225,135.864,192.374,103.052,293.8365
332,183.262,178.958,195.482,188.917,122.411,171.157,193.275,308.4583,186.301,267.2577,52.5098,179.053,170.772,199.333,133.13,184.326,259.935,50.8431
333,172.98,166.341,76.3556,203.8,115.27,174.657,156.478,196.797,167.47,281.6499,298.3811,181.163,182.603,75.7651,146.554,206.541,101.961,59.0778
334,185.982,176.566,228.075,178.155,136.324,165.385,195.055,62.7077,185.362,267.522,300.7729,178.981,160.27,164.064,100.957,289.3125,147.289,69.3106
335,189.383,178.254,172.508,182.148,121.738,161.146,184.795,173.726,188.627,285.4708,208.521,313.9594,176.016,174.158,234.078,75.3064,87.1895,185.597
336,58.4282,192.129,142.732,175.483,100.431,154.435,203.144,182.797,195.566,194.352,181.97,305.8814,176.933,171.853,138.075,185.8,157.587,54.1696
337,174.842,174.125,175.669,176.485,125.331,154.035,135.931,283.12760000000003,168.914,178.528,193.428,311.1126,169.462,163.925,202.793,255.936,172.781,179.856
338,82.1039,186.705,172.047,184.931,138.786,245.31900000000002,173.839,290.4253,157.199,181.124,61.1799,299.8512,164.325,64.3172,243.483,266.85429999999997,177.313,67.1981
339,202.322,177.908,179.884,106.366,121.557,278.8395,168.366,300.9991,162.027,180.513,294.9273,44.5733,172.765,292.4719,192.33,283.18989999999997,282.09180000000003,295.0904
340,292.0702,191.067,129.743,71.5743,114.706,171.157,171.748,293.61990000000003,143.932,175.93,174.337,177.056,184.139,187.702,182.332,254.63400000000001,258.40999999999997,181.711
341,66.1313,156.247,93.5476,162.72,114.828,85.6372,216.901,288.9856,161.026,173.832,187.127,179.719,181.123,168.551,197.794,263.22450000000003,121.263,52.0985
342,184.668,173.337,250.572,168.262,130.794,81.1538,212.229,63.6001,162.461,189.458,59.0764,177.714,165.468,34.4998,180.743,219.528,188.559,180.907
343,183.913,156.685,273.62059999999997,175.292,134.248,78.0753,215.214,66.966,140.694,295.37059999999997,314.6158,176.547,170.972,162.628,193.476,155.194,279.12850000000003,145.557
344,187.065,170.725,184.169,177.862,146.513,219.63,186.239,67.7485,147.723,309.2873,56.8875,59.172,180.457,173.041,238.37099999999998,84.8716,208.332,181.497
345,71.6569,160.592,234.888,187.408,110.028,147.752,170.752,63.5586,180.773,67.4535,177.5,305.1419,183.545,183.189,206.633,140.877,272.901,177.625
346,294.0493,169.802,192.225,175.32,132.687,142.163,155.197,164.207,148.662,178.402,94.6817,198.428,182.028,171.915,181.226,117.17,288.3821,160.749
347,281.8348,185.054,184.801,167.531,112.144,243.527,192.684,189.407,160.197,182.505,62.5405,171.395,185.532,180.78,182.497,165.686,288.1424,90.6529
348,169.706,180.471,179.452,205.29,129.986,130.42,177.467,79.6042,155.927,191.15,62.5774,187.943,165.507,184.329,171.963,174.332,278.4035,69.6292
349,299.5974,183.147,149.122,245.44299999999998,119.105,235.808,191.269,68.5167,156.407,170.099,56.1656,181.352,186.413,181.209,130.188,124.773,236.639,56.6414
350,56.4478,189.716,176.99,207.982,108.383,84.9072,162.285,87.8196,201.501,299.7275,183.594,164.281,163.889,176.524,169.07,165.589,206.774,181.018
351,167.702,171.788,159.461,189.746,112.209,149.742,181.382,158.906,158.741,182.301,62.1154,128.29,158.983,185.362,133.172,186.773,274.7183,174.937
352,282.2417,175.091,162.349,182.437,135.113,168.364,171.104,303.051,166.069,175.643,193.904,184.045,188.487,282.0079,137.242,128.395,275.7237,192.597
353,297.9784,188.946,144.694,185.619,118.285,165.111,207.439,276.54359999999997,172.547,167.977,312.8788,79.9303,165.387,182.448,209.971,257.663,291.5771,161.648
354,301.2477,179.444,185.316,185.979,119.094,151.426,165.564,171.519,168.239,175.064,182.953,174.189,189.014,176.577,140.447,187.396,173.315,187.219
355,310.1623,86.2119,164.258,183.026,132.583,205.455,187.811,86.171,169.06,172.883,190.924,182.384,181.868,167.543,148.269,210.553,223.147,43.9075
356,64.3679,195.818,181.397,201.172,94.8238,70.4137,201.771,65.9073,153.944,203.047,290.1344,92.1,171.49,189.264,177.299,207.377,97.4267,77.434
357,291.4665,158.87,163.188,196.592,102.279,162.043,245.655,82.4473,191.299,191.185,64.5131,177.928,182.626,184.917,172.746,266.1553,178.711,79.4305
358,186.099,188.901,204.055,180.583,125.656,185.063,177.424,274.916,151.859,168.771,295.7564,185.669,174.049,170.743,163.553,233.53300000000002,84.0017,51.2203
359,191.103,171.191,168.248,187.619,135.615,170.731,197.091,177.364,154.339,197.041,196.244,179.531,160.004,185.574,177.309,257.301,117.436,162.541
360,284.345,174.965,171.264,218.819,110.685,192.074,199.216,308.8185,173.701,193.172,64.1867,198.736,174.246,184.959,173.168,94.3552,85.2729,159.305
361,183.179,187.837,168.331,115.762,114.976,142.295,169.192,291.2567,185.031,188.212,182.076,175.314,195.573,176.274,181.261,194.855,239.11700000000002,186.951
362,291.8114,169.769,194.011,183.393,99.3586,215.041,193.871,319.6404,184.821,191.93,179.104,189.514,181.248,195.588,160.31,223.107,81.22,163.825
363,277.1048,177.228,182.564,95.5932,105.27,199.411,222.719,301.952,163.522,190.134,70.1101,187.758,184.611,194.146,125.034,214.347,106.155,172.658
364,170.091,187.723,291.2499,199.916,98.5097,185.108,200.631,304.3101,170.767,172.227,48.1993,178.49,181.344,181.538,152.018,225.292,76.0826,175.014
365,81.2463,175.228,248.458,187.893,133.274,177.841,149.883,300.28,178.481,172.543,68.181,180.552,173.611,178.755,184.803,150.49,81.163,176.778
366,193.938,193.486,170.785,189.881,105.306,198.206,170.486,309.2362,171.739,175.742,55.3951,85.9568,198.278,68.8243,272.1427,144.056,153.168,183.424
367,182.216,171.534,174.746,242.692,123.006,159.532,180.917,277.3653,177.178,170.283,291.4805,71.7823,202.613,56.8324,264.0203,180.316,169.148,166.495
368,178.05,178.032,168.453,159.153,116.155,147.368,168.033,286.3392,173.375,160.231,276.78610000000003,177.814,169.802,63.8556,280.7428,165.224,187.368,177.551
369,197.059,169.042,175.961,212.299,108.527,194.432,182.883,282.2955,174.1,172.352,173.233,167.265,165.466,172.86,287.4384,214.615,227.182,161.714
370,188.127,163.225,141.429,137.033,124.177,167.318,181.858,290.5949,174.983,184.031,50.5043,186.984,172.165,156.933,280.1453,177.22,187.022,65.7051
371,178.909,181.636,80.1473,185.271,110.118,115.256,184.646,287.5979,160.78,166.707,177.314,305.1724,176.198,170.614,271.38689999999997,129.437,199.671,67.943
372,75.5581,190.27,93.3574,75.3443,97.4857,119.852,164.776,301.0155,174.569,175.447,186.012,289.4588,169.124,184.344,289.7783,214.812,119.311,54.3377
373,66.2287,179.47,90.5706,98.3264,99.0171,149.66,202.132,288.5463,168.093,296.5224,170.442,307.1592,173.544,176.241,272.7047,172.138,196.809,47.3838
374,287.3815,171.259,76.2511,75.7583,115.803,158.935,195.227,194.221,160.282,307.3532,176.426,155.332,164.799,65.8677,272.0874,165.024,193.626,53.9476
375,178.562,186.413,92.8209,166.657,91.4028,207.781,183.781,80.4188,171.477,300.7119,90.2811,170.329,181.909,186.387,289.6024,83.8522,235.976,173.65
376,292.5783,169.845,108.244,80.989,129.394,143.777,219.639,72.9509,170.914,287.8082,185.831,64.3784,172.756,170.652,279.9269,106.471,192.849,188.685
377,159.381,209.286,145.383,109.097,130.244,186.507,184.069,71.9454,168.429,303.2365,177.983,69.8185,172.603,63.3962,277.9397,73.2909,212.183,65.3797
378,210.681,170.358,119.425,87.3891,116.321,168.595,169.257,298.8492,178.334,297.5625,159.084,182.342,195.632,177.541,268.44370000000004,237.36,154.215,61.8798
379,56.9863,180.39,158.263,193.946,111.21,156.949,189.675,296.6745,184.164,286.3197,185.566,174.818,172.81,171.964,283.35450000000003,227.521,265.6032,156.093
380,144.982,190.892,99.4991,173.595,110.723,150.529,188.333,280.2081,194.845,301.3351,46.9232,178.325,170.483,184.318,280.2769,290.6644,211.791,75.2298
381,73.5818,182.83,172.798,188.062,115.854,173.485,178.972,289.2015,163.329,291.1767,72.8186,74.2436,182.149,173.724,297.3571,201.485,82.887,42.7076
382,177.904,180.436,173.18,91.1021,118.33,158.677,178.473,299.4278,160.03,294.7496,284.594,65.6319,175.739,178.07,170.191,184.074,153.494,274.2916
383,60.8444,189.169,184.549,191.605,108.958,93.4057,184.313,283.22180000000003,163.867,299.4394,308.3759,289.9805,151.38,194.768,218.261,163.313,105.617,76.0369
384,298.9467,177.947,176.816,170.878,118.904,149.471,167.92,277.7358,170.376,309.093,57.4223,290.02840000000003,168.942,196.912,164.32,150.488,89.4316,58.8006
385,299.2763,167.963,173.312,209.864,146.36,166.782,179.771,276.31600000000003,185.28,295.0292,185.021,280.6414,199.087,176.782,153.221,197.52,206.888,62.3875
386,58.7206,178.248,161.71,134.265,113.081,142.424,152.814,52.7697,155.115,193.494,262.0023,184.109,164.758,57.9856,195.156,193.102,131.313,171.495
387,188.718,167.623,170.488,91.3453,117.783,141.286,183.842,283.2152,171.266,169.599,288.5402,193.85,150.685,284.324,190.056,139.238,113.244,67.5736
388,280.2051,172.892,180.909,87.3259,106.49,210.142,172.537,304.8616,155.55,175.959,187.42,280.59069999999997,171.185,169.435,244.324,159.564,213.895,67.5054
389,172.647,186.051,168.753,76.449,108.157,173.062,163.042,297.75350000000003,183.689,203.667,165.584,186.092,181.259,181.26,132.998,145.101,267.4115,66.1444
390,190.236,184.102,261.3676,190.662,123.091,179.652,172.374,75.2119,174.456,286.5635,186.582,299.40160000000003,161.476,171.784,232.561,151.853,225.16,179.308
391,75.0138,187.521,176.485,168.338,124.959,160.351,178.936,79.6706,182.629,294.9466,184.139,297.2968,177.696,195.999,190.67,170.593,274.1465,54.1034
392,164.068,178.297,280.1133,192.428,109.705,114.295,173.394,64.3785,189.961,273.6227,182.098,275.7672,162.18,168.762,134.19,245.914,103.374,68.9364
393,43.8135,161.215,196.707,80.8677,145.069,187.656,239.755,310.7867,145.125,291.9004,190.684,302.8912,199.192,197.703,208.212,185.424,211.427,183.882
394,203.012,179.419,140.287,179.384,112.278,212.193,200.098,287.2644,192.522,289.3447,182.836,173.635,167.136,71.4346,164.218,182.701,177.414,178.508
395,187.013,165.38,117.079,81.7117,105.621,82.7495,189.513,78.9481,180.764,284.0787,185.895,283.6603,156.319,68.7044,157.867,245.336,112.232,184.511
396,167.603,195.359,98.6073,157.921,130.628,235.541,209.885,38.6181,169.623,302.1117,197.436,169.278,187.572,78.9281,120.966,198.273,110.61,67.9748
397,175.969,163.106,262.9081,98.4903,110.241,90.0102,167.559,74.3512,160.451,302.6716,186.279,296.9611,161.218,167.954,168.245,186.391,255.08499999999998,71.6148
398,172.347,178.04,214.346,175.246,118.404,130.594,176.523,82.6844,159.735,288.5575,296.2808,272.146,192.692,176.438,196.489,215.868,112.478,92.1738
399,168.554,198.35,199.614,215.165,97.0219,169.974,170.466,72.8188,152.915,297.1514,195.806,55.7337,165.807,164.013,191.105,225.399,88.6987,71.821
400,54.4724,187.674,193.391,166.078,97.0193,168.928,195.215,28.0356,163.303,285.2765,193.184,187.585,186.939,186.366,112.524,177.198,77.3372,48.8607
401,77.0174,183.729,163.11,89.5072,127.95,126.046,177.705,296.0398,180.644,302.8556,187.169,181.368,162.119,197.158,207.223,112.149,82.5992,165.712
402,74.7905,188.024,192.021,179.503,109.199,168.847,187.638,182.874,154.833,284.472,164.27,169.551,175.274,180.441,208.146,156.061,59.6983,175.635
403,71.1073,200.413,180.828,77.3238,117.183,181.607,176.0,75.9607,187.053,285.3135,172.374,193.042,171.519,173.064,195.235,174.031,122.585,173.331
404,67.0434,174.176,195.044,114.584,131.239,183.305,184.784,74.6154,153.965,278.993,180.195,283.4688,178.84,174.556,132.365,171.92,203.539,60.6374
405,68.8168,159.334,191.008,78.1055,112.866,171.956,179.24,53.4527,161.426,284.8073,193.064,168.058,177.499,165.79,126.262,156.965,267.461,182.643
406,86.4163,167.098,198.127,104.807,126.565,189.765,182.061,47.1941,167.045,290.4987,167.765,298.5398,199.524,75.395,126.103,142.778,243.98399999999998,70.5492
407,189.691,195.448,247.203,87.7962,140.654,169.496,173.5,60.5415,175.285,303.831,199.046,285.1489,193.877,157.932,149.027,79.39,225.353,157.442
408,294.3242,176.265,176.391,186.958,103.73,168.656,176.327,165.236,166.279,292.868,178.771,57.6316,173.07,62.2818,207.548,85.9632,229.428,174.978
409,284.623,189.761,171.812,194.088,113.343,181.347,167.239,293.5193,179.74,290.9551,168.549,59.9752,159.616,171.227,117.601,81.4897,256.192,178.684
410,282.7346,183.294,159.231,92.3965,129.23,175.032,155.057,292.2273,168.608,303.9301,269.1007,189.291,193.495,178.07,147.082,88.2207,255.356,174.388
411,171.063,175.46,224.518,195.349,109.528,277.64279999999997,175.933,277.6238,161.811,293.266,290.8212,53.9417,168.803,182.778,138.453,92.9293,203.913,185.073
412,181.334,168.072,100.173,130.704,118.702,223.643,208.823,303.4136,176.844,286.6955,289.5685,185.731,175.433,69.4798,131.796,71.4707,233.04399999999998,166.629
413,169.096,170.552,192.025,192.331,99.754,179.087,168.311,306.4619,158.448,291.7022,181.881,189.899,160.912,160.16,124.667,155.597,192.025,177.726
414,68.9202,180.816,181.636,172.406,105.589,170.717,193.306,317.2582,169.283,292.1327,73.2526,185.943,193.21,165.592,126.143,135.496,208.623,177.359
415,176.405,188.762,192.841,204.149,125.993,183.165,198.565,292.062,155.916,278.5096,54.8002,168.867,191.436,173.931,172.286,150.714,93.9653,183.312
416,297.4382,169.991,175.408,180.607,131.597,210.01,190.724,293.3359,155.177,295.2104,184.438,177.397,175.482,184.881,108.412,189.701,81.9852,183.487
417,190.538,175.42,186.986,129.622,137.927,199.852,173.253,276.0379,178.707,284.8908,186.98,182.962,175.598,173.944,105.327,148.586,174.684,185.598
418,181.436,180.222,213.312,125.452,114.526,161.03,189.906,291.152,156.814,306.8538,185.17,158.339,182.746,178.994,122.608,187.044,91.3176,54.6726
419,269.22180000000003,180.391,155.289,193.396,103.547,157.472,214.199,290.1958,164.473,287.9655,280.16179999999997,192.587,174.852,289.247,105.907,153.967,83.8703,194.699
420,175.411,176.896,171.998,182.912,118.506,174.875,180.524,312.5595,152.272,286.1777,286.6367,190.621,171.256,178.047,64.2508,136.167,79.0398,193.732
421,198.178,188.219,226.118,94.8616,117.852,175.32,184.872,296.8643,181.173,285.4966,301.8961,178.509,175.754,175.807,138.28,167.404,173.454,161.991
422,171.999,170.038,219.45,89.4941,120.464,171.612,235.351,295.2023,151.056,282.6942,305.7258,162.085,178.513,183.93,225.757,79.649,144.653,300.6725
423,293.1403,170.215,179.34,186.376,112.555,195.199,174.328,298.7395,161.112,297.6581,157.662,173.522,171.683,177.375,266.4997,73.8334,127.405,72.8564
424,297.0808,169.542,183.982,114.248,117.542,159.912,168.74,286.8729,175.603,288.5303,188.801,174.885,174.66,181.059,121.481,85.5221,194.546,60.587
425,175.58,177.148,107.524,72.8868,96.5929,199.033,188.468,300.08140000000003,156.663,292.9364,185.185,192.093,168.772,168.978,146.016,76.0338,117.711,173.166
426,175.004,176.216,163.329,93.0772,94.9122,184.69,173.075,175.56,163.354,293.94960000000003,167.426,185.267,169.582,53.941,137.914,106.752,184.084,198.085
427,175.455,176.897,100.427,170.398,109.254,169.772,191.727,72.882,159.096,315.0271,171.871,195.246,172.229,180.257,143.86,107.111,171.854,170.203
428,285.0285,182.943,163.032,86.0792,119.811,227.336,170.145,157.965,156.579,287.0393,165.358,62.9271,161.214,180.129,122.623,81.9159,136.831,175.927
429,186.055,148.388,299.1327,194.214,109.261,143.702,165.691,300.0276,160.318,274.5904,189.598,68.5613,164.407,180.419,229.107,68.5329,163.708,188.043
430,176.443,177.283,166.444,178.542,117.45,181.67,177.165,55.3805,161.549,295.8701,192.422,77.291,153.59,197.807,138.33,72.0836,151.747,59.629
431,285.77160000000003,179.229,168.413,190.762,92.217,153.798,161.996,66.3647,150.931,273.68399999999997,189.159,65.6413,159.836,301.7894,139.738,69.8118,189.353,170.608
432,314.1832,171.83,186.274,111.406,117.929,213.04,161.756,61.0807,171.175,294.1741,160.225,175.909,203.784,185.593,119.223,91.504,159.161,72.1432
433,50.6968,170.183,177.024,173.998,126.889,184.458,277.8652,65.2551,155.199,286.5355,194.395,194.751,169.956,164.19,151.521,78.5212,192.335,70.7789
434,61.972,195.077,228.128,119.267,140.907,187.991,167.883,77.0799,175.066,286.384,188.523,300.2826,196.216,167.9,143.881,87.7403,146.607,299.1937
435,178.678,172.329,143.725,80.0822,125.555,164.444,173.169,70.081,174.169,283.9435,188.792,281.7316,168.287,167.434,133.434,90.7089,173.392,168.101
436,136.818,160.533,157.406,68.5478,128.172,184.196,192.105,62.7067,167.763,290.3084,181.179,58.8376,168.982,175.766,152.771,66.8141,156.71,290.24469999999997
437,184.771,171.96,217.163,206.074,114.294,178.995,243.93,185.637,147.53,295.0672,178.933,302.3109,159.849,191.904,136.636,64.4884,251.591,87.5309
438,71.8411,171.002,106.977,195.636,120.86,189.533,171.127,182.371,165.478,294.1859,207.938,181.46,179.638,203.46,133.548,74.2615,157.576,59.898
439,181.279,192.008,192.942,185.383,120.232,88.7223,172.51,283.9438,168.559,298.6491,176.785,289.7155,145.405,292.0394,199.978,138.723,75.7195,167.538
440,279.3123,151.95,197.086,123.204,124.358,182.4,207.7,287.1453,143.682,299.6153,168.769,173.143,180.125,180.623,180.321,71.7662,95.2203,178.659
441,82.9774,152.277,167.076,197.329,118.953,168.22,204.435,293.9889,186.192,290.6157,174.56,179.71,166.856,55.0501,179.148,165.295,72.4091,46.3617
442,298.8677,189.353,127.521,160.941,120.326,158.868,134.589,287.0006,157.775,180.402,177.203,183.071,170.438,187.06,199.297,163.321,88.125,75.5307
443,164.16,180.487,169.608,193.899,115.167,174.653,130.575,302.9437,175.746,299.7763,173.165,289.0722,166.559,175.196,207.982,184.818,88.6281,176.787
444,280.4152,182.131,261.57370000000003,188.38,116.322,191.253,191.74,303.2258,176.188,298.8335,169.052,310.1428,195.603,177.241,213.109,82.9941,85.7894,165.264
445,180.507,200.86,176.957,192.926,122.398,179.014,134.264,298.0133,185.301,194.117,178.183,182.705,181.416,179.691,229.043,77.4159,80.0885,176.178
446,152.437,177.53,270.9887,189.307,134.492,159.565,148.704,56.9183,159.6,304.7162,171.393,307.8,161.139,166.499,181.167,73.6367,87.287,271.8533
447,190.914,193.348,165.826,206.728,104.444,269.8705,180.017,63.3829,160.098,294.6559,191.211,279.3206,186.753,279.6791,218.979,217.396,85.4912,182.639
448,284.0281,190.037,158.305,98.9584,91.3031,171.536,198.364,69.5462,154.888,299.9574,298.0458,291.5319,187.559,175.352,129.756,157.595,97.6407,179.058
449,280.4987,189.572,152.003,98.5871,122.66,178.917,197.785,62.791,152.943,288.9498,169.297,292.4877,176.637,85.98,97.0438,207.049,83.5021,27.6474
450,275.7711,187.091,182.186,104.087,137.215,166.929,123.673,69.4013,165.68,300.4356,189.36,169.306,171.379,284.2908,81.7337,238.672,155.827,184.154
451,178.963,177.816,197.137,172.698,112.479,167.075,174.931,167.072,166.502,298.9607,283.4946,293.7659,170.798,192.598,96.9376,218.568,208.143,192.64
452,272.7037,177.062,206.381,182.697,112.687,169.485,159.857,67.8117,189.737,298.7962,290.1519,53.253,163.043,276.1372,220.586,279.266,87.4363,64.5242
453,54.76,151.179,204.23,82.1806,116.018,166.359,162.293,57.0549,143.363,303.8035,284.5048,185.633,178.342,184.322,177.176,248.93200000000002,280.9382,61.2748
454,292.1673,177.885,195.851,186.582,120.273,170.777,167.676,63.4215,141.126,300.31669999999997,177.268,291.347,164.46,166.797,166.077,185.287,278.6673,195.501
455,311.8642,193.114,173.242,210.136,92.6972,153.266,168.721,49.2176,152.767,187.075,163.045,191.928,173.842,177.063,71.8029,186.476,100.905,184.306
456,198.186,174.958,207.309,255.02100000000002,117.802,220.388,179.369,67.3675,185.597,169.044,181.071,177.425,168.099,182.864,135.946,268.9317,151.04,162.532
457,143.108,177.784,210.833,182.112,134.492,162.354,165.042,77.3232,204.089,167.984,176.845,169.584,163.434,176.447,111.058,152.767,158.143,79.1999
458,165.167,191.687,205.294,179.559,125.982,233.808,197.535,178.371,160.926,171.713,176.254,175.443,167.927,164.275,235.91,149.386,172.376,71.4506
459,163.104,172.867,179.234,184.187,119.817,149.814,141.32,197.346,185.287,174.492,178.349,159.468,183.66,190.204,78.0825,197.096,139.643,38.8989
460,293.0608,181.699,243.964,93.4195,113.439,172.866,176.458,60.3048,170.937,178.277,198.818,162.646,186.134,192.191,194.417,180.999,174.953,293.8209
461,306.03520000000003,174.196,245.135,165.814,150.95,151.059,176.039,176.932,180.406,164.692,178.082,174.621,160.445,180.885,108.292,174.76,159.113,290.3114
462,290.5252,185.036,255.661,67.0882,125.158,162.906,161.693,78.034,187.757,194.092,177.231,196.771,167.112,176.363,100.54,171.723,222.24,59.4109
463,179.166,171.555,240.00900000000001,170.633,136.935,145.981,103.033,80.5676,194.369,165.819,191.5,164.353,173.084,167.443,149.856,124.623,94.2859,182.062
464,187.192,173.889,215.62,188.811,119.454,153.811,150.326,285.8096,165.408,167.275,161.436,59.7536,189.955,201.682,116.854,247.667,80.3097,78.4405
465,177.068,183.424,273.2615,194.455,120.058,170.249,194.118,163.783,178.151,166.457,167.604,181.363,163.566,190.768,213.439,209.106,82.8291,57.8619
466,185.503,77.1468,282.4376,174.787,116.486,167.309,157.374,73.3814,168.42,164.651,182.877,176.771,200.541,193.315,214.373,211.025,171.488,82.3902
467,283.036,179.618,271.41179999999997,186.817,119.245,171.507,176.029,187.665,187.319,195.054,177.121,186.627,189.799,167.989,225.676,178.772,82.5483,195.733
468,290.4738,181.635,249.087,96.4794,142.495,262.6792,128.559,283.634,158.436,175.417,178.395,174.55,160.481,193.114,91.3493,139.693,72.0123,174.694
469,74.7769,177.43,264.631,111.017,134.354,125.488,171.417,296.9506,184.553,162.423,184.199,181.227,194.05,184.247,174.305,182.432,87.3967,179.862
470,175.865,155.44,243.23000000000002,174.599,139.18,177.007,205.255,100.117,201.045,173.61,177.022,161.371,189.074,178.821,210.986,105.972,96.45,172.91
471,174.395,165.122,283.69,170.771,106.982,148.263,172.519,58.763,194.812,170.45,196.028,178.053,160.701,187.932,126.316,285.5664,279.7298,194.997
472,177.894,187.996,246.049,183.89,127.689,150.895,170.932,180.717,205.125,179.667,188.434,178.886,171.825,170.759,216.056,267.8592,129.042,165.795
473,165.784,188.74,262.97839999999997,86.969,107.218,168.392,198.56,174.564,189.222,168.377,170.779,174.881,162.634,176.607,196.977,278.9572,79.4391,177.092
474,179.937,173.12,222.042,96.2189,128.396,175.76,190.634,167.09,155.842,172.208,168.356,163.689,166.418,188.649,218.847,265.321,135.949,176.898
475,292.5126,168.58,248.796,78.3413,114.158,158.606,188.628,69.3604,173.535,172.133,183.092,173.186,169.618,60.3784,120.05,258.918,92.6259,76.0973
476,173.863,161.824,244.686,188.964,116.904,147.379,177.447,331.7269,183.137,164.8,182.615,176.612,169.755,169.936,243.951,221.859,231.074,192.419
477,293.97,172.362,257.72,138.07,113.284,137.085,176.795,297.31669999999997,181.982,167.616,187.173,55.0614,157.599,152.887,207.207,287.9581,257.815,63.7009
478,196.023,171.829,256.348,95.2896,110.794,150.211,195.183,179.26,169.527,172.63,161.784,55.7092,170.819,167.121,222.746,68.3836,269.5763,277.5426
479,171.537,190.702,247.90300000000002,77.1967,125.429,154.83,163.882,45.7981,163.195,175.267,177.294,185.935,189.864,174.657,196.247,142.909,171.636,174.127
480,300.1336,179.285,248.43200000000002,234.589,130.763,159.282,190.943,67.1377,157.199,162.413,301.4123,70.2974,187.078,186.04,180.435,186.215,255.73000000000002,200.746
481,285.6081,180.204,279.6944,165.246,131.749,173.988,221.666,293.3204,154.162,174.526,194.421,214.709,177.447,199.784,223.203,145.72,186.913,294.026
482,192.683,186.626,251.389,192.719,89.7806,160.753,144.014,174.13,160.901,187.869,178.556,176.138,163.337,172.233,204.041,258.03,304.476,178.192
483,295.7266,176.959,219.855,160.793,124.292,180.542,227.603,73.3699,170.142,192.455,193.727,191.892,173.9,185.547,191.595,173.196,236.414,177.453
484,289.841,195.273,248.898,69.8711,100.701,152.307,152.806,66.4215,166.374,157.732,179.861,169.528,174.402,175.311,203.408,87.8164,114.937,191.083
485,294.1156,181.544,252.188,213.914,112.057,154.238,155.968,286.48130000000003,141.799,93.0084,297.95709999999997,171.153,176.76,295.9843,184.389,201.33,95.6264,165.949
486,292.6328,183.966,215.111,181.156,118.661,147.599,141.665,298.09000000000003,177.788,74.1992,274.9294,188.195,180.373,173.718,214.979,160.678,85.7133,159.593
487,202.998,167.257,143.74,90.4881,108.16,162.211,196.477,289.3692,156.829,190.307,184.177,177.804,173.58,183.302,192.081,142.532,122.461,59.7835
488,289.7734,200.516,138.63,66.2995,131.243,162.053,141.883,301.344,150.763,164.889,161.48,168.303,182.403,275.6228,195.988,192.684,144.327,67.7947
489,83.7604,174.051,200.795,92.9553,132.813,156.19,159.698,282.6153,199.35,164.836,306.8868,193.267,169.822,166.528,204.076,168.707,189.708,179.562
490,53.2519,160.546,258.76099999999997,95.5265,113.121,168.199,196.578,298.962,162.743,47.1583,179.601,177.81,173.193,163.689,207.512,174.803,160.437,162.799
491,174.918,188.825,190.769,128.812,135.774,148.246,198.408,298.5002,155.853,76.5237,175.761,191.526,187.906,185.888,187.715,174.018,99.0579,167.978
492,177.635,187.881,181.295,108.56,113.944,164.526,192.034,299.2849,189.143,61.8026,183.698,153.81,183.999,173.415,199.727,251.684,248.731,162.724
493,307.3556,190.655,150.633,91.5283,133.584,139.093,176.406,307.3945,177.824,59.6618,190.81,302.5413,174.815,189.8,215.914,93.8888,86.0853,184.39
494,178.927,193.035,184.589,178.48,98.0144,175.816,173.19,288.7951,157.738,59.8787,164.758,184.736,163.301,197.352,202.536,204.115,113.957,80.0976
495,286.4443,168.731,270.3085,87.1202,126.035,168.993,133.078,295.6123,170.843,159.601,62.8061,184.587,174.192,192.134,179.604,185.616,256.754,167.512
496,174.015,169.458,270.9951,189.702,123.17,149.737,198.603,308.3194,193.391,83.4498,73.9774,173.999,175.247,174.381,215.434,228.198,149.674,180.914
497,197.398,188.52,183.096,78.5721,113.765,157.365,160.065,53.3758,176.017,166.14,42.9161,196.072,183.375,174.579,232.174,251.446,187.437,179.364
498,186.352,162.762,157.337,170.781,128.091,155.127,186.978,330.4928,137.83,192.735,62.6194,181.265,167.696,163.991,185.814,150.349,247.39100000000002,180.293
499,169.249,166.972,252.179,62.9914,113.011,142.573,186.467,294.87260000000003,184.328,165.256,78.2695,187.217,185.846,176.935,212.916,74.8135,290.086,180.872
500,58.6601,166.467,88.436,125.551,129.95,171.185,164.918,296.6205,189.795,185.08,179.971,63.1688,177.747,180.303,166.317,145.686,175.438,47.4456
501,184.838,177.407,156.386,191.062,103.201,151.077,210.103,281.5148,170.551,175.502,176.171,67.6388,175.227,71.1741,169.893,180.804,113.282,66.2898
502,284.9522,181.24,60.3662,198.433,112.611,155.223,197.967,304.2499,183.571,86.0629,176.115,195.157,171.447,178.668,87.2849,105.303,118.624,279.0883
503,299.2676,166.895,178.183,73.4802,120.624,150.769,190.156,279.35360000000003,165.53,164.82,174.335,200.175,190.188,183.599,130.422,188.658,209.232,179.312
504,190.259,190.149,294.6433,156.812,119.15,153.308,147.893,78.1893,179.23,86.0627,293.94079999999997,172.011,185.385,171.493,158.471,169.309,157.299,174.831
505,306.6852,178.436,87.1263,89.3069,115.63,162.07,138.711,56.8725,173.784,80.2728,190.507,174.078,169.959,190.662,179.67,199.911,101.614,182.296
506,300.0095,202.709,196.111,191.874,108.044,165.335,216.547,53.1776,176.207,165.425,158.508,207.824,170.353,170.875,225.167,184.369,184.634,190.952
507,279.1178,192.628,183.57,202.524,127.322,168.279,161.49,292.28,158.99,64.2558,191.827,68.4632,183.572,180.181,214.242,145.103,181.061,182.026
508,120.616,170.583,156.208,58.2513,108.912,141.053,180.821,180.69,159.653,304.0396,179.616,163.054,171.375,180.893,218.873,167.07,269.0124,159.31
509,307.0556,172.857,209.098,185.993,90.3286,167.639,157.517,81.7826,176.441,276.5713,183.631,308.6144,208.392,184.228,187.678,170.191,93.5786,184.872
510,287.0666,163.458,194.668,153.618,126.804,145.706,190.462,286.9597,178.51,274.0536,148.919,55.7035,187.34,159.723,243.228,196.045,77.4526,180.314
511,60.7977,192.348,222.448,204.524,121.283,170.567,208.445,313.3079,151.153,306.493,176.788,31.4661,194.376,176.189,203.704,215.215,130.12,205.561
512,305.943,175.244,169.329,173.86,124.304,157.088,199.0,293.7247,175.983,301.7262,175.448,316.9924,169.285,176.517,189.44,186.639,88.1208,193.885
513,159.517,159.818,161.781,202.197,122.93,154.584,136.199,300.5394,154.997,305.5674,183.894,188.718,172.423,167.918,209.945,232.102,152.46,43.562
514,177.591,178.058,193.152,111.281,102.518,193.8,169.452,295.6088,186.539,295.3393,82.3633,289.22339999999997,181.627,189.792,230.495,230.939,70.5241,59.6635
515,76.8585,184.233,291.5059,167.025,128.485,161.523,132.158,278.8693,177.122,297.8913,310.0381,270.7028,164.083,173.232,170.136,205.462,94.0689,192.158
516,195.057,187.792,167.948,102.421,128.749,146.698,146.036,306.7727,193.317,305.7949,56.7087,306.5808,167.708,173.288,195.268,275.37239999999997,155.199,72.268
517,181.314,161.846,200.903,199.636,129.719,169.807,181.333,301.5919,197.665,272.6319,182.724,308.5426,166.799,166.664,220.021,199.257,229.449,166.609
518,177.589,176.793,183.424,91.4537,130.756,155.076,173.616,68.0929,181.276,290.2056,174.773,193.761,190.135,162.299,192.38,212.864,193.378,187.944
519,185.752,196.731,184.155,204.518,127.295,163.481,113.939,92.5859,162.493,290.1182,174.832,286.79859999999996,179.343,186.86,211.085,174.007,94.5261,71.2497
520,182.317,173.714,203.666,180.871,127.125,79.0406,174.075,52.7324,180.275,278.4404,174.295,290.5493,168.375,186.118,75.4367,192.113,245.625,178.939
521,193.092,177.762,146.847,92.3485,115.067,165.517,160.927,288.0718,175.912,283.4318,171.182,54.616,172.174,169.458,133.675,70.8753,130.091,47.0824
522,183.502,187.284,186.772,176.771,119.543,142.533,105.142,76.4327,177.34,292.6306,170.279,181.135,170.953,181.426,220.353,253.595,107.122,185.334
523,71.3566,172.93,207.049,88.274,140.055,123.175,160.855,73.7552,174.275,302.3766,169.569,287.1356,196.09,183.122,191.533,170.696,183.376,80.2689
524,187.039,170.545,190.097,196.045,114.642,150.044,162.244,76.4922,183.894,281.64459999999997,182.574,69.2723,179.763,177.618,196.552,143.1,154.129,69.0573
525,188.625,194.033,183.587,83.121,106.834,166.201,174.713,88.5264,148.65,289.8467,186.025,56.5761,206.194,176.857,130.453,164.614,140.833,182.628
526,176.327,189.967,193.28,113.701,143.857,157.023,195.312,288.2135,178.597,172.829,62.5551,181.248,155.281,179.239,154.666,195.485,267.27930000000003,181.941
527,299.4455,177.109,208.727,92.8729,119.609,170.543,177.814,315.6096,160.568,298.1492,274.5817,66.0463,170.92,164.3,125.374,90.3657,154.234,295.13779999999997
528,178.888,173.863,213.579,186.305,134.517,171.375,182.156,300.5659,185.911,286.7608,301.1018,66.5787,179.469,201.543,128.337,213.616,97.6002,178.189
529,190.774,183.893,264.5772,178.878,95.69,176.004,192.736,291.2086,139.475,276.9371,273.68989999999997,167.815,179.106,170.936,137.274,158.545,88.0679,52.5503
530,210.888,169.829,286.9912,176.814,129.059,142.718,149.362,77.0216,158.748,274.028,276.87940000000003,163.105,181.931,178.137,122.623,210.447,77.8449,185.956
531,167.932,159.049,204.06,167.877,100.366,156.664,174.494,49.1503,196.691,273.5734,213.824,193.497,161.878,161.501,139.155,82.4304,196.821,174.363
532,174.352,168.418,219.203,169.849,119.576,162.402,191.387,75.3712,199.8,302.1956,55.4861,173.801,181.258,188.113,114.874,94.035,76.8741,198.622
533,162.225,174.187,211.991,168.901,121.325,160.577,170.47,71.8971,190.619,310.2346,194.523,157.729,172.142,187.351,130.209,281.52570000000003,140.907,185.775
534,163.855,162.075,242.578,184.895,112.784,80.3626,163.314,56.6355,180.577,312.6699,177.25,239.03,173.28,191.046,124.86,84.93,295.1109,161.67
535,184.496,166.858,297.7752,180.192,96.9902,225.965,179.18,171.113,177.921,169.507,180.091,186.158,183.18,170.173,227.464,268.7289,121.013,73.3457
536,191.606,187.309,177.831,196.021,117.869,262.1911,168.423,60.2895,180.768,82.3902,59.0465,184.416,172.116,193.987,169.387,157.508,112.129,58.6122
537,171.004,180.226,189.222,231.606,106.389,189.023,183.274,68.0449,183.994,57.835,47.4959,70.8106,191.547,177.056,158.54,254.845,89.0451,189.311
538,304.1307,177.616,94.7195,176.361,113.343,147.086,170.252,283.0006,169.145,78.7196,179.887,308.0277,190.802,167.085,127.679,150.431,165.057,295.0405
539,299.7332,190.86,156.292,164.326,136.541,295.451,149.988,181.468,195.864,86.5368,193.225,288.78340000000003,166.744,301.8704,112.954,187.578,102.696,188.628
540,319.3154,190.062,112.841,192.395,116.993,161.672,170.278,187.49,150.419,185.391,188.198,55.6913,172.413,297.2013,171.637,186.045,104.116,184.764
541,276.1888,200.131,102.528,149.954,116.818,168.115,166.22,187.736,161.378,87.1344,185.722,170.842,190.403,168.076,220.472,74.4888,112.86,294.7577
542,253.71800000000002,192.087,109.328,269.50260000000003,131.844,161.512,178.204,176.897,155.975,152.382,186.525,283.461,165.464,198.791,225.526,126.754,165.066,200.628
543,200.343,164.461,159.316,305.7466,111.002,129.419,197.839,60.7056,202.416,198.342,168.984,181.07,189.89,198.16,121.945,172.945,190.405,294.8624
544,174.917,184.479,199.268,259.902,121.685,179.052,170.489,64.8674,180.952,174.395,171.273,180.36,211.332,183.601,158.119,228.458,177.977,192.816
545,190.28,170.939,209.074,286.0281,152.259,201.664,194.972,82.3167,180.813,86.2215,67.1131,180.982,186.456,185.421,166.104,201.483,139.878,54.8865
546,67.5308,169.204,171.147,193.582,127.256,155.578,164.498,66.1676,171.33,69.4271,187.285,183.376,169.368,170.899,215.835,145.47,168.928,166.301
547,199.326,155.93,225.093,281.3042,124.285,230.45,186.71,74.1624,176.518,91.3761,186.789,209.517,184.512,167.684,215.078,212.654,168.999,177.718
548,79.3242,165.522,198.427,189.121,127.801,168.352,182.905,72.7012,173.107,81.2362,164.906,176.826,181.322,190.515,124.331,176.382,102.243,270.97069999999997
549,87.67,155.185,264.6158,243.469,117.01,163.189,173.864,301.3805,193.929,83.7852,194.652,204.424,195.824,187.511,221.745,116.615,108.58,175.536
550,56.1337,208.035,168.952,220.201,134.681,192.113,190.069,282.7952,189.775,66.3226,188.115,167.891,173.823,177.163,251.68200000000002,175.15,257.718,193.154
551,175.843,191.443,173.195,189.926,118.152,190.693,143.024,290.4295,182.6,82.8164,210.493,163.939,168.547,203.493,224.692,146.394,112.118,161.776
552,182.69,178.017,189.437,210.099,115.097,178.811,204.267,285.2002,163.942,74.4983,189.305,176.02,196.721,185.648,216.149,148.824,274.6672,174.616
553,179.737,164.542,217.28,247.299,150.05,180.741,174.766,297.7137,153.863,84.4929,165.784,166.904,170.273,156.56,211.687,75.2966,148.744,298.3415
554,192.566,180.735,196.857,166.655,138.672,187.608,180.506,296.216,209.951,76.1025,188.68,195.531,198.753,168.917,86.9928,171.66,139.873,181.998
555,201.721,178.86,156.336,213.206,140.206,230.466,155.626,311.5274,168.829,168.393,194.838,180.785,190.02,182.626,132.93,179.584,106.856,192.562
556,186.931,176.622,224.742,188.005,128.439,157.336,155.935,302.2795,184.199,83.8326,179.707,188.272,180.528,179.809,95.3091,283.9337,225.035,190.751
557,186.609,174.582,279.466,220.746,120.581,224.933,182.383,284.8317,172.694,64.5618,169.958,180.61,165.725,172.569,160.495,179.582,254.16,209.477
558,186.418,178.654,263.8885,251.014,127.321,181.873,187.839,303.8107,148.05,290.0489,182.464,177.371,185.25,169.833,122.32,154.93,170.104,173.917
559,193.982,161.339,260.64300000000003,174.781,129.387,90.7655,192.31,302.6123,164.788,294.4316,175.957,269.2685,190.718,177.292,172.378,152.055,199.256,170.434
560,187.932,186.631,243.761,204.475,109.423,228.835,215.586,309.385,164.041,280.7704,157.553,180.877,183.448,165.555,191.811,134.498,77.7763,194.485
561,185.308,179.082,254.243,188.438,120.993,108.739,208.475,301.6338,184.298,288.7878,174.485,278.41769999999997,175.026,178.517,211.208,215.858,185.073,66.3953
562,299.5864,189.676,269.8516,145.803,132.258,190.848,173.19,288.0472,153.761,301.5016,166.429,160.686,197.41,178.311,94.1545,92.3047,264.7229,73.1195
563,291.1914,182.537,283.2856,278.791,122.319,180.944,188.484,308.8144,148.109,284.2335,187.532,176.486,176.591,176.613,114.248,175.043,271.8544,59.0686
564,289.6167,181.311,260.2444,166.002,128.394,181.622,179.872,77.8018,181.771,287.091,170.622,292.5416,203.76,176.39,96.0996,155.663,226.287,276.1918
565,287.2346,183.216,270.1341,192.603,125.784,172.82,191.492,46.3863,156.066,291.7899,172.276,289.225,178.87,187.32,162.034,167.741,262.62739999999997,288.5108
566,306.1868,178.075,276.34770000000003,162.792,131.086,156.198,207.466,48.9258,174.003,287.1665,193.355,186.204,191.869,156.384,144.031,195.375,161.032,158.771
567,284.6735,184.554,272.6231,158.8,120.734,189.51,200.204,65.462,184.196,298.2429,58.6039,164.212,158.145,167.67,123.624,174.876,71.6086,168.598
568,287.9052,176.312,256.915,182.446,130.555,72.8467,173.278,54.1762,167.434,286.8551,165.883,183.187,171.303,277.59590000000003,149.661,173.286,114.019,71.6433
569,175.155,181.964,284.284,283.318,120.619,163.457,187.298,175.127,216.411,307.4894,170.621,168.496,186.731,190.808,179.725,188.068,250.495,170.284
570,169.898,173.574,256.102,313.7983,137.723,163.946,186.819,172.329,176.233,294.0102,304.174,173.281,203.331,68.2866,206.726,164.136,123.638,170.05
571,59.7743,189.153,269.9749,272.7433,95.6484,161.905,185.205,284.5419,162.146,290.0041,184.816,203.386,201.383,49.1199,235.317,141.474,191.609,50.8569
572,302.5047,172.562,282.327,278.0259,125.175,186.771,187.912,291.8396,165.29,292.3451,193.467,165.362,174.543,173.102,231.525,90.7407,143.518,162.359
573,302.2892,185.017,276.4583,242.07,116.579,192.176,199.577,286.898,180.763,284.134,296.0879,173.797,162.107,176.535,199.643,148.057,133.205,179.907
574,80.4109,181.168,285.7554,260.0249,108.189,189.749,188.472,191.646,184.78,298.7096,294.1735,187.135,200.424,185.404,256.805,281.4543,141.006,171.144
575,282.4015,184.198,265.1837,274.1792,116.097,196.629,192.273,285.6433,185.807,296.2366,72.3577,80.1979,178.609,64.7772,203.682,165.749,157.121,70.6341
576,303.8185,179.965,238.336,274.408,145.804,167.938,180.828,290.86469999999997,162.757,281.5654,66.3416,173.509,173.515,76.0811,225.976,156.586,132.583,169.185
577,297.764,169.223,108.529,283.3897,122.646,104.841,204.175,275.193,170.965,290.53679999999997,64.3993,294.70050000000003,181.806,68.7489,208.255,167.523,76.9159,76.3848
578,187.091,174.211,104.737,166.455,109.4,151.926,166.143,304.7451,170.609,251.18,53.814,298.5256,171.588,281.5541,157.697,248.848,143.607,52.3857
579,183.59,184.778,144.075,126.59,126.119,190.909,173.599,71.4407,175.942,170.888,296.58299999999997,188.487,185.83,182.442,226.009,194.346,160.776,174.684
580,181.766,164.214,213.61,167.596,113.392,287.6106,193.515,87.0466,186.525,178.981,182.763,208.371,157.559,173.961,218.635,141.112,171.145,160.044
581,186.099,176.359,180.621,153.363,127.613,180.92,168.979,57.1826,166.001,195.793,185.195,179.566,165.304,183.241,259.657,188.473,102.677,68.096
582,295.9218,190.871,173.902,161.614,123.277,125.912,177.411,56.7846,186.122,55.0157,196.947,182.984,175.033,177.834,230.086,167.42,180.485,187.423
583,203.44,183.057,140.895,201.268,141.223,174.777,195.629,294.9,180.029,171.022,192.492,181.768,170.889,197.414,211.471,138.609,246.753,180.53
584,259.118,177.244,142.279,91.2441,110.157,178.23,183.711,74.0877,166.32,170.324,195.24,199.8,190.394,171.064,189.232,173.943,221.761,207.178
585,67.2403,189.745,154.417,229.417,135.854,262.2475,186.136,181.434,133.895,177.256,202.915,184.49,174.963,170.227,235.50799999999998,286.2769,91.0878,182.744
586,65.8489,166.697,167.539,63.0976,116.278,174.983,187.915,180.765,168.058,167.066,191.795,180.719,167.388,190.743,164.099,279.1307,200.259,64.5882
587,168.991,183.939,201.064,184.953,130.95,157.483,195.686,53.2978,166.171,159.958,179.389,292.3316,178.77,184.474,149.036,174.211,102.663,66.3182
588,325.2647,166.451,252.524,206.541,129.647,168.968,188.036,60.3041,169.055,173.943,286.2666,288.555,188.583,177.036,151.846,71.475,244.971,38.5957
589,170.357,185.857,176.417,169.637,119.301,159.875,200.675,62.3897,174.013,172.596,152.725,203.972,173.332,183.307,230.251,167.521,240.875,175.508
590,175.264,156.996,159.753,179.99,125.875,175.713,190.948,76.2568,190.411,195.78,165.363,268.3182,186.055,184.665,261.5776,173.77,141.275,188.72
591,294.0428,158.085,182.266,197.285,128.404,175.752,197.739,186.665,180.425,174.571,293.09069999999997,297.8434,189.156,162.712,213.83,285.4772,117.552,189.247
592,298.7538,190.744,177.043,227.46,133.924,183.484,181.231,187.99,138.415,176.956,184.935,303.183,179.982,161.816,177.568,137.743,110.736,176.28
593,172.577,273.0179,190.541,53.0813,121.527,174.855,179.661,70.4615,162.243,188.168,193.249,284.1764,177.506,163.081,212.57,145.444,66.6204,54.9218
594,185.9,299.1052,157.183,212.388,119.757,109.147,189.276,283.5953,150.108,81.851,184.983,281.2538,184.037,178.668,192.253,139.402,244.962,172.003
595,185.595,297.787,277.3675,187.051,120.15,100.117,171.918,288.1889,179.987,68.5535,63.6434,281.8963,192.086,179.478,130.528,241.34199999999998,247.92700000000002,179.266
596,74.3142,192.733,191.786,118.917,124.92,183.782,217.36,289.86490000000003,161.461,174.551,189.206,70.1965,178.514,170.603,163.251,154.851,241.463,174.604
597,72.9151,198.632,186.279,234.797,103.436,196.197,181.096,305.6489,167.877,150.135,70.2391,178.883,176.826,163.561,143.273,128.537,115.533,192.983
598,190.561,178.256,165.309,157.969,110.482,173.31,202.22,279.9877,191.266,175.029,81.5118,50.4531,167.947,166.304,156.01,200.742,108.867,180.99
599,54.3978,168.519,164.425,109.466,96.4493,168.176,176.029,271.32,174.894,68.8693,47.3169,42.9371,172.717,179.733,161.158,241.88400000000001,79.3509,70.4163
600,190.809,167.903,221.832,82.1587,124.273,221.914,182.534,299.2054,157.1,70.4128,62.6791,190.465,180.213,171.884,150.531,141.272,259.76099999999997,76.1783
601,175.679,187.659,190.73,183.151,109.654,212.408,189.937,304.5147,183.647,57.3393,50.0229,191.504,158.204,170.956,105.042,127.379,124.053,203.874
602,166.598,163.58,172.799,188.924,114.596,190.615,157.496,305.3656,175.764,177.827,50.6985,173.134,165.963,177.009,145.548,172.071,135.481,52.6254
603,185.686,176.195,186.373,188.583,124.096,240.221,197.724,313.8236,177.787,172.501,65.6782,61.6438,186.105,184.501,122.332,181.004,86.7607,68.8424
604,82.7029,157.068,207.227,96.3971,137.066,191.289,125.155,189.169,192.669,175.241,75.7502,182.601,168.365,84.6026,208.815,149.497,249.65699999999998,72.6893
605,184.524,193.842,195.198,69.3462,135.978,229.368,155.298,66.3158,178.132,168.111,176.467,171.748,177.258,197.623,114.498,173.51,202.368,75.2186
606,201.069,167.4,149.597,179.711,104.976,71.6384,150.111,64.2981,178.574,82.3681,166.028,56.0991,173.389,185.907,140.733,219.12,183.254,67.0398
607,60.9655,180.151,194.957,196.008,109.751,84.3811,241.595,166.308,183.338,86.3347,61.9553,174.041,167.511,200.555,176.621,274.9243,224.575,181.746
608,171.085,195.134,62.9647,85.1625,110.843,57.4477,237.701,304.73199999999997,186.533,84.0954,294.1981,287.2573,176.548,194.669,234.43099999999998,253.666,204.785,177.699
609,174.209,182.462,120.152,192.689,90.3911,75.1496,149.871,281.604,168.345,159.092,66.5416,299.449,187.858,186.993,240.701,254.257,181.644,197.909
610,75.1945,176.297,135.758,195.55,144.345,69.8086,219.078,290.72950000000003,188.981,166.348,63.4706,277.5292,164.856,172.626,211.43,289.2179,203.463,175.711
611,174.926,193.306,201.532,188.308,126.852,93.9353,200.586,296.0132,186.16,169.709,177.772,298.8259,169.063,66.0546,211.77,279.5309,190.677,190.693
612,69.0959,180.756,239.582,80.9923,143.245,92.0404,183.011,311.6253,160.75,178.298,66.938,169.317,156.906,205.977,125.714,194.895,216.019,172.378
613,287.8034,178.564,175.902,207.585,107.672,74.0019,167.853,51.7359,164.661,164.13,152.181,269.9857,164.589,172.898,125.739,191.649,107.161,44.5422
614,66.0321,169.852,89.4761,218.109,111.682,98.8505,186.099,89.6676,182.459,151.9,62.1357,292.8442,188.472,189.231,120.282,180.469,125.009,185.883
615,187.429,189.734,215.616,202.541,112.265,226.919,179.016,64.4436,151.997,174.084,301.7056,180.191,169.943,182.591,124.699,201.733,166.419,176.469
616,186.076,184.905,184.175,96.8029,111.953,157.612,185.183,296.1358,168.906,177.992,175.198,174.189,174.327,164.994,143.044,159.175,280.36490000000003,191.708
617,277.7085,176.247,154.262,177.522,118.189,181.981,183.938,302.5218,169.973,191.781,176.211,301.0498,168.599,165.243,221.89,132.312,186.633,75.4512
618,291.08410000000003,191.891,137.511,209.548,98.2218,116.201,160.829,72.8879,167.423,172.197,281.5915,287.6969,194.49,192.776,131.319,180.349,167.755,81.3453
619,290.6548,181.256,155.169,164.634,92.5682,268.7018,160.831,182.536,172.299,190.003,306.3572,182.814,191.229,182.284,234.75,196.846,131.815,170.967
620,64.0064,188.769,185.545,95.1344,108.844,180.597,185.692,46.8411,165.387,168.235,282.32349999999997,310.6545,184.152,170.597,232.36700000000002,266.46,174.376,169.741
621,45.8855,202.062,175.033,109.953,143.032,143.83,255.274,60.5251,156.315,55.7245,284.187,160.145,176.814,169.687,210.268,112.969,171.681,161.434
622,73.3731,183.114,129.85,92.389,114.133,188.09,137.277,64.6556,194.324,91.4767,174.996,154.815,169.94,178.915,226.044,167.264,135.934,166.824
623,172.672,181.686,180.981,103.385,106.781,173.517,136.846,67.9155,192.424,81.5538,166.932,295.158,180.772,181.824,187.502,140.546,152.698,187.731
624,300.422,172.325,161.667,101.999,125.292,160.485,175.158,180.178,162.178,173.287,188.629,185.638,177.595,174.611,193.107,265.7024,192.903,186.018
625,173.922,194.024,111.176,194.677,91.8843,225.287,149.475,70.6707,173.578,169.428,293.5847,211.292,167.038,179.165,176.911,261.6176,172.464,179.632
626,166.691,183.815,150.202,219.957,124.158,190.041,130.035,311.9937,161.133,186.167,194.757,171.235,209.945,191.786,203.087,176.136,95.6046,182.641
627,66.3876,189.213,169.784,99.5553,107.773,147.606,180.631,295.4221,159.789,318.2101,82.7087,184.21,166.941,171.176,204.608,128.428,140.563,178.307
628,54.6363,181.965,169.161,220.922,104.682,190.305,153.271,300.3954,168.469,296.871,191.058,200.535,177.059,174.184,196.622,114.023,245.93,200.688
629,178.075,169.69,176.481,216.861,99.6659,195.971,197.442,292.6067,154.131,173.01,161.993,303.2018,190.858,172.129,220.451,251.54000000000002,270.6621,188.268
630,111.162,154.629,178.302,88.0248,128.989,190.999,184.637,204.629,152.264,174.29,167.143,291.3372,194.188,170.772,196.419,231.35,242.938,181.943
631,185.167,168.663,189.407,122.748,118.798,170.669,135.755,166.404,181.477,185.048,168.467,150.804,177.568,202.458,220.177,193.178,127.355,292.40250000000003
632,302.3111,192.302,177.24,190.261,115.19,179.844,143.742,190.269,169.371,200.137,281.0239,155.682,172.859,177.395,187.545,185.118,249.937,205.563
633,297.1302,167.27,180.404,92.5315,122.226,276.2858,182.096,53.5043,141.545,173.815,288.924,63.3627,175.653,171.008,215.732,196.275,81.3256,304.4636
634,277.9121,177.896,176.969,207.796,110.859,173.056,159.804,69.0507,161.002,203.495,302.461,300.0501,183.472,276.6671,223.144,155.761,267.9253,284.5236
635,307.9143,186.01,163.45,197.607,128.895,186.473,183.434,67.2799,177.99,301.2316,198.367,80.3587,180.574,179.394,218.305,138.144,199.306,167.949
636,81.4935,194.231,149.146,187.001,138.958,94.7414,169.274,191.605,179.909,303.6437,189.384,62.1643,180.974,177.898,191.088,260.4448,147.76,173.261
637,74.4109,178.363,169.902,209.636,113.491,197.876,150.248,66.1415,184.417,283.28,290.55150000000003,66.2212,169.807,183.713,241.297,82.3118,69.3654,173.508
638,67.7913,186.341,177.069,174.146,135.865,177.727,233.296,194.846,159.465,195.778,185.575,298.94259999999997,172.546,189.926,193.192,129.942,214.434,186.007
639,291.879,180.677,154.755,201.897,121.293,165.11,193.459,302.8751,171.912,292.8105,73.8777,282.01300000000003,199.422,187.417,188.836,138.822,80.0294,31.1708
640,273.0899,187.141,200.339,187.373,93.7613,190.016,182.481,69.1628,184.314,300.9781,71.1271,313.5859,184.778,183.433,191.136,159.545,128.175,185.765
641,289.5134,195.456,183.769,82.9173,117.554,171.72,186.386,57.7921,160.136,298.2668,75.4297,59.8119,197.318,184.115,222.466,85.8008,154.764,174.8
642,185.987,186.669,205.472,194.258,121.359,168.858,168.594,180.904,185.268,186.745,47.8019,295.5346,185.519,166.208,202.015,168.846,207.441,201.52
643,154.226,161.027,200.96,190.762,115.134,158.082,158.305,71.684,168.607,185.385,62.7796,315.2371,177.167,185.667,159.692,177.79,122.519,177.581
644,62.8747,194.882,182.994,101.36,87.8209,169.768,159.24,197.704,159.041,171.779,57.7014,267.6494,164.097,185.671,285.1126,131.572,85.5592,296.1619
645,61.2114,187.553,188.956,88.8954,125.713,166.142,189.113,177.454,156.245,166.438,77.7901,173.656,178.153,178.789,272.7206,161.385,173.037,175.675
646,39.7989,186.892,174.272,188.468,108.063,173.243,156.506,302.6729,195.251,174.172,64.7356,58.7335,165.958,164.603,279.5171,299.5224,189.37,48.0867
647,180.72,187.229,160.616,185.197,117.913,92.7542,163.939,67.6165,165.35,63.2097,66.8382,313.1667,176.359,180.725,276.6084,139.977,171.422,67.9559
648,172.595,158.113,168.694,192.829,126.261,200.806,192.5,174.647,163.277,181.529,59.6502,51.4994,176.302,194.516,269.538,171.386,112.683,60.644
649,311.9274,174.789,160.221,160.503,98.5773,171.848,162.288,172.651,165.137,187.75,71.6949,190.6,191.348,184.847,278.9917,96.4602,100.378,184.945
650,188.136,197.439,170.766,175.052,131.317,173.374,192.698,64.0746,164.575,169.192,74.4589,291.6139,176.736,290.4332,282.3252,184.321,76.9803,189.468
651,311.4673,184.312,191.964,188.964,115.76,43.6762,180.981,193.17,170.576,266.0879,71.9735,192.97,177.556,178.345,257.477,169.707,87.2225,182.913
652,198.032,181.416,130.824,181.711,129.42,78.0089,172.78,189.179,186.022,281.2114,170.103,170.045,171.786,79.6743,253.85899999999998,167.619,101.584,189.805
653,61.1692,200.13,186.174,171.744,104.568,185.941,138.389,198.373,178.385,286.0308,180.262,174.923,177.12,177.706,286.765,191.617,108.795,186.317
654,60.8569,168.163,179.27,192.775,119.112,236.135,160.816,178.51,167.89,295.46590000000003,194.025,291.4814,170.234,194.133,257.645,162.202,80.7993,69.323
655,172.72,197.423,156.747,190.729,112.27,77.5971,182.529,192.594,160.325,307.0997,188.456,308.8548,191.49,171.039,295.3566,153.255,92.5409,50.273
656,290.44280000000003,172.633,308.207,182.417,105.998,55.4579,194.656,175.833,170.002,300.1812,294.0622,289.3145,192.822,165.486,274.9215,210.187,93.9257,54.8489
657,158.901,179.437,199.487,170.777,106.626,74.0598,194.558,60.7017,150.237,285.2488,168.712,286.6799,199.882,307.63779999999997,247.19799999999998,179.458,157.369,164.685
658,167.78,171.673,201.668,84.2153,137.07,261.8976,176.385,64.4199,180.836,295.326,187.281,47.8881,227.31,172.659,283.12739999999997,207.523,280.4587,57.595
659,160.393,173.087,210.418,205.434,125.215,156.119,159.252,177.788,153.825,295.4823,183.225,198.142,158.497,161.976,264.7025,194.308,231.011,181.212
660,299.6591,180.66,184.953,200.231,143.477,191.59,178.205,204.644,147.596,285.7301,175.894,292.065,186.985,171.223,281.9886,180.394,223.214,188.901
661,313.1652,177.306,205.93,105.817,133.865,204.204,148.752,188.859,186.883,269.3454,187.307,311.9394,170.03,195.342,255.35,134.974,203.353,201.857
662,298.1367,178.307,196.317,247.2,141.543,92.1726,176.227,187.988,153.131,283.015,176.084,183.503,198.689,69.0785,259.733,179.811,238.926,46.7113
663,282.15909999999997,198.191,206.503,283.1227,143.506,143.885,165.365,212.648,154.076,290.4662,175.614,303.1654,184.6,172.144,293.7252,131.263,148.358,49.8742
664,295.75329999999997,207.124,201.368,281.0326,126.273,173.181,175.254,188.727,163.496,287.085,184.299,76.1537,184.822,187.783,203.049,210.242,220.947,196.319
665,288.01890000000003,166.913,220.286,106.071,114.997,172.37,140.243,176.604,174.785,284.74,173.48,284.8232,172.059,176.911,256.414,143.982,221.948,57.1024
666,282.09950000000003,178.439,181.567,106.62,118.615,193.333,185.324,295.89639999999997,155.889,276.4546,172.447,283.18420000000003,199.624,191.617,139.817,181.635,143.472,184.409
667,301.5319,176.22,188.715,184.361,142.897,163.241,167.977,61.0416,178.845,285.25530000000003,177.63,180.687,160.522,178.937,114.604,260.3624,207.578,168.59
668,64.4755,177.782,187.87,91.8359,123.389,164.274,188.256,94.9917,160.24,299.794,190.446,185.75,161.908,180.505,133.123,269.5837,243.982,175.407
669,307.1454,174.625,244.454,223.478,108.389,198.189,179.771,48.3092,148.008,298.62239999999997,175.507,209.431,164.954,183.84,139.157,260.3548,195.474,66.5575
670,178.726,173.989,119.851,93.5367,126.453,180.969,192.033,55.7818,166.894,304.2648,166.301,206.182,180.482,162.553,110.287,235.86,231.093,171.996
671,188.987,156.363,178.255,187.265,122.611,177.151,138.803,73.7623,161.028,287.5002,176.558,305.1518,174.032,180.009,119.838,258.429,90.7898,295.3533
672,176.773,183.183,191.118,205.279,126.865,206.891,200.262,51.5431,158.077,294.3138,175.348,187.579,159.344,71.055,127.335,273.90319999999997,238.02100000000002,280.7618
673,173.962,185.091,179.318,261.7123,139.575,192.885,202.89,86.4409,184.255,297.3449,203.811,288.1972,180.704,300.0367,194.255,271.9475,288.97839999999997,67.1356
674,163.849,173.175,220.91,267.3731,124.232,174.057,191.891,72.5989,190.962,293.0673,184.751,306.6053,188.83,85.4641,151.359,202.905,69.5866,179.312
675,175.76,177.143,191.738,183.606,124.428,162.492,152.925,59.0684,179.705,300.0311,170.88,294.15819999999997,166.828,296.0969,148.786,155.095,277.9817,182.515
676,177.961,170.171,220.755,185.922,113.043,181.351,173.998,55.2712,192.365,300.5314,161.1,290.012,186.357,299.83,172.616,112.268,228.171,59.5302
677,158.104,176.979,218.154,179.632,138.442,164.555,180.533,72.2757,175.719,297.9282,277.30240000000003,180.467,152.499,293.2179,209.984,211.26,168.654,175.564
678,171.75,182.119,173.345,184.352,123.14,111.245,180.682,91.4288,160.332,283.801,196.41,283.9015,180.077,170.776,131.373,122.38,178.47,68.903
679,156.617,184.745,130.15,85.1796,131.23,181.997,174.858,63.721,162.033,305.2421,169.522,49.58,178.667,161.255,210.744,127.425,184.828,68.4044
680,164.912,148.359,270.7393,195.445,106.142,152.173,175.78,287.9306,189.822,282.866,180.801,283.1663,184.42,158.729,201.547,142.984,274.9489,297.4878
681,160.36,172.334,180.098,181.691,136.403,170.456,196.138,294.0482,187.539,270.76279999999997,187.33,301.843,175.964,174.681,263.7386,230.412,162.096,185.196
682,159.845,170.523,232.09199999999998,88.9326,116.111,80.8524,177.892,74.1547,150.904,281.3915,165.987,297.53589999999997,153.241,186.991,197.858,218.927,125.556,84.2815
683,166.672,171.829,238.83100000000002,191.387,105.557,80.1764,180.018,130.48,187.122,302.1743,176.081,291.3612,164.287,72.4979,229.772,211.861,257.97,160.14
684,161.32,187.34,180.945,101.768,108.143,170.811,193.247,166.533,211.035,300.8743,164.705,274.685,164.651,173.728,221.232,213.664,109.465,185.468
685,162.971,197.635,190.666,93.6086,133.783,210.565,187.548,30.1591,160.59,286.5453,176.13,267.5386,176.029,202.32,106.571,196.592,98.8612,178.195
686,162.89,171.782,176.356,212.53,112.468,162.136,198.965,83.5797,163.711,287.3568,195.772,286.7418,165.789,293.4769,154.014,211.386,156.04,70.4799
687,168.05,81.7562,203.08,193.726,109.628,170.212,181.197,168.267,146.437,282.5593,164.252,299.147,185.872,206.477,147.467,216.108,137.184,165.828
688,178.497,185.208,209.651,182.532,106.962,159.059,191.788,203.665,153.429,301.1374,180.744,167.645,188.988,184.979,130.615,180.252,127.347,176.472
689,177.896,188.298,185.27,183.006,112.572,97.4158,197.556,290.6965,190.778,296.3412,194.971,193.592,171.699,171.598,126.69,187.19,151.149,156.099
690,168.58,172.337,195.227,176.407,131.969,213.912,186.989,74.6679,177.872,296.0309,183.473,73.7223,175.22,276.28340000000003,143.278,139.839,116.69,72.8021
691,196.626,172.358,189.407,96.3197,118.78,174.756,183.77,61.7252,163.189,281.4921,186.947,295.3756,180.312,196.271,207.405,143.659,103.689,175.741
692,190.507,204.365,246.697,161.477,99.9052,94.084,150.594,174.838,150.168,286.12649999999996,172.997,293.8721,169.165,164.239,159.437,188.016,249.70600000000002,180.745
693,175.544,172.458,199.121,82.1245,117.85,186.214,189.451,204.077,193.187,299.171,168.563,39.7835,182.04,51.6019,125.984,182.375,216.526,87.6332
694,67.4134,172.886,142.603,196.31,135.55,213.607,203.119,192.488,171.488,276.88599999999997,172.216,190.493,174.649,70.3274,108.687,159.818,166.965,69.9581
695,62.8432,200.317,205.83,79.7893,130.047,200.06,200.788,175.158,167.745,285.8707,190.427,306.7678,167.959,179.128,114.821,159.681,109.131,164.05
696,45.4491,185.992,208.775,187.494,115.003,175.99,188.513,318.2765,169.405,282.6693,197.214,188.453,169.115,175.114,136.182,178.286,83.9027,73.3766
697,72.7965,164.89,209.495,192.598,129.624,102.399,187.347,305.2753,149.27,275.1405,173.268,304.3217,175.501,162.53,164.538,153.666,170.125,184.605
698,71.006,173.099,190.062,194.217,121.858,171.396,137.66,283.1414,181.294,288.1308,169.664,165.488,180.135,176.65,135.57,170.701,106.261,166.947
699,46.2473,187.711,188.465,179.287,129.164,71.9852,155.128,264.0761,170.606,296.6114,181.111,176.041,164.467,188.427,133.707,203.352,102.705,164.368
700,63.4231,177.339,204.245,194.102,104.4,188.331,177.974,301.5521,164.799,277.5236,199.012,159.763,170.686,181.693,139.763,157.865,232.93,164.866
701,48.6898,176.86,228.602,89.7389,125.017,154.815,192.244,71.0471,175.839,290.1364,171.475,197.058,182.724,174.622,129.441,218.989,97.6256,188.255
702,48.4985,179.468,94.6496,189.146,114.23,106.489,186.629,38.4261,156.698,278.1876,187.568,167.231,171.375,165.122,157.007,170.494,122.698,186.398
703,73.3971,270.20529999999997,195.821,188.486,108.866,164.51,178.56,67.7024,138.869,292.7191,174.68,182.594,168.304,56.5857,137.154,137.89,181.739,179.102
704,48.1899,166.865,246.635,188.269,121.065,68.6638,230.712,55.2177,154.555,290.1875,176.479,183.415,174.686,182.627,133.868,200.974,285.4123,183.473
705,75.8811,81.8554,115.523,199.328,93.9679,150.955,180.401,74.0834,182.59,294.8214,79.6166,186.1,172.725,176.016,225.465,145.28,275.79449999999997,166.797
706,37.8869,177.803,191.308,168.141,134.894,165.547,201.403,312.0059,178.042,277.11,64.2586,55.4686,169.738,169.094,115.338,145.884,241.664,187.378
707,40.8963,192.424,201.923,88.8044,109.712,170.873,170.002,294.5938,155.485,302.6748,179.726,282.2521,185.603,172.105,153.39,173.301,89.5265,176.882
708,75.6792,174.05,201.241,198.275,106.337,170.819,176.793,186.47,176.799,276.9806,77.78,191.507,187.811,187.386,131.772,111.63,274.2759,197.406
709,58.4618,175.288,202.477,189.426,124.08,170.767,162.41,73.186,150.085,304.5997,79.1528,290.6141,170.961,174.075,148.057,123.141,275.1335,159.006
710,59.1143,177.954,207.991,173.069,135.243,165.737,206.545,71.8949,153.953,286.9713,170.003,173.87,182.441,165.294,204.417,105.602,238.399,62.702
711,68.0136,173.914,206.404,157.008,123.423,216.374,178.482,87.7788,172.018,297.011,168.308,179.672,180.911,186.842,217.385,120.848,209.129,52.4678
712,36.3259,173.609,220.496,91.2615,102.903,76.0633,173.602,87.6961,172.413,292.67359999999996,177.374,174.654,167.145,195.491,140.263,142.517,283.1481,178.498
713,57.9535,166.452,243.49,188.891,127.236,179.394,180.021,65.9025,155.851,271.6218,193.284,190.75,168.434,52.7305,197.441,139.061,268.8648,171.718
714,61.3421,178.544,209.229,189.013,129.354,157.459,160.501,76.8238,159.826,296.8542,161.202,62.4666,166.409,71.8558,203.75,131.917,239.01600000000002,180.422
715,59.8359,173.136,200.471,173.884,124.954,177.454,223.632,90.5238,168.054,277.2772,188.987,159.608,167.086,182.829,219.546,174.97,160.801,185.037
716,50.1906,193.953,176.125,94.2726,125.915,161.774,179.474,60.2547,193.08,296.7598,169.568,174.152,161.047,188.51,256.629,171.586,72.8603,178.559
717,27.9825,190.01,215.555,213.727,111.63,156.499,205.122,196.695,168.137,265.5402,167.483,187.276,203.239,178.125,270.924,177.57,84.9256,195.652
718,39.8055,193.019,213.936,184.149,108.39,158.218,209.387,75.2984,173.02,280.5183,188.698,200.34,187.677,192.75,214.571,192.523,140.37,183.909
719,43.8494,166.731,260.5294,189.273,135.709,187.739,177.868,48.2561,180.016,284.1066,178.476,177.046,175.929,179.42,140.76,178.27,87.9763,70.8718
720,48.9339,181.232,186.099,193.232,120.964,213.555,196.71,159.951,160.256,301.4216,202.824,295.9054,170.812,178.864,224.362,232.49099999999999,115.668,68.2722
721,56.5865,180.091,212.554,188.913,134.223,140.417,169.772,52.6969,160.302,286.45,182.863,299.7552,172.239,186.888,111.15,269.7957,93.0447,77.8467
722,65.6986,195.589,217.948,178.576,132.481,155.959,193.216,167.373,157.805,289.97360000000003,291.8929,296.5647,168.822,178.845,178.576,147.185,297.933,53.6401
723,48.7562,192.762,194.686,178.509,118.892,164.668,179.364,196.935,147.009,266.2047,287.3026,292.5683,186.203,173.63,170.899,225.296,211.658,177.169
724,168.184,172.845,202.216,197.185,103.904,141.084,184.782,69.48,166.568,299.0018,193.108,296.8262,184.068,179.998,115.156,135.888,178.171,181.458
725,181.735,192.983,175.095,164.922,108.035,165.741,179.45,75.7842,170.875,288.0845,171.908,301.9036,185.146,172.367,231.408,166.291,259.133,59.992
726,185.289,155.202,194.089,163.595,107.817,130.466,190.209,75.263,182.391,281.367,182.833,67.9144,178.577,172.738,144.585,129.028,254.30200000000002,74.2622
727,66.806,182.624,140.017,194.615,115.532,149.808,177.345,67.1393,185.033,283.9181,164.912,303.4416,183.222,188.401,218.453,152.264,277.1599,85.0996
728,48.1421,182.687,220.55,195.346,139.024,142.675,152.52,171.321,172.029,292.1053,164.358,304.5795,154.454,296.94870000000003,100.606,216.801,299.3474,187.087
729,55.8254,165.083,192.37,149.741,114.3,166.52,180.446,289.06690000000003,175.183,276.13,178.274,163.946,200.502,175.023,159.205,174.648,279.2263,176.869
730,48.7669,186.221,192.075,116.2,122.935,160.337,201.501,279.0164,185.462,274.4818,312.6967,184.974,160.188,194.318,146.403,181.029,218.162,183.988
731,55.8544,166.853,238.272,195.771,92.0514,210.667,198.223,274.0122,159.433,278.5124,142.844,183.621,166.036,72.7576,144.964,247.309,94.5693,170.587
732,57.1539,171.545,190.433,72.7319,117.961,211.071,147.922,168.793,180.268,290.61969999999997,181.924,188.343,169.243,61.4575,129.658,203.294,158.704,181.224
733,72.1764,180.284,200.252,199.754,119.088,167.473,199.323,186.107,164.881,295.3026,172.07,166.389,179.864,188.388,127.277,269.8665,78.8374,186.785
734,45.2212,167.635,232.439,196.81,129.365,223.589,271.707,298.9863,179.921,293.2017,180.876,202.277,190.435,178.106,145.362,256.156,85.9796,84.3425
735,60.3623,172.629,266.62829999999997,81.8098,133.534,253.42000000000002,266.6992,294.5927,151.868,288.7912,173.627,35.428,163.667,173.766,151.296,275.1651,167.002,180.455
736,45.4808,183.49,259.772,81.6307,127.904,240.24599999999998,170.988,55.3746,163.067,295.3787,317.4309,299.802,165.881,182.099,143.356,258.776,187.25,47.8218
737,82.7441,182.125,200.024,190.277,110.163,238.501,168.287,65.3238,149.067,290.0268,194.885,299.4395,162.66,306.9509,138.301,249.90699999999998,136.725,203.898
738,189.157,185.801,189.811,169.499,118.477,73.2142,184.087,64.8005,173.503,297.0682,167.063,206.291,178.458,78.6088,191.141,247.161,163.165,177.927
739,167.55,179.707,197.111,183.425,125.247,208.652,181.911,84.0906,163.276,287.4348,180.617,181.459,175.625,172.57,130.224,207.863,145.665,185.253
740,61.4232,169.635,188.037,113.058,107.406,234.10500000000002,138.998,55.6871,169.197,287.2036,284.80899999999997,76.3692,165.631,170.519,156.812,212.503,110.229,54.0984
741,69.7624,182.784,193.13,200.684,115.771,171.433,115.516,47.643,177.823,292.4518,296.3388,196.135,173.207,152.546,156.945,195.014,162.202,194.941
742,58.6146,185.573,215.736,167.704,114.768,220.237,154.879,289.9681,135.3,303.15070000000003,182.753,170.635,184.464,76.327,142.344,248.404,112.266,183.771
743,41.4196,165.967,215.773,178.856,117.136,204.099,205.574,72.9501,197.108,283.0981,186.174,184.821,170.799,182.747,114.13,187.775,181.808,74.9832
744,50.0315,179.877,217.014,180.199,128.368,254.36,162.786,280.9288,164.167,301.721,187.806,187.79,167.805,182.905,110.153,251.36700000000002,103.972,52.7734
745,178.349,163.134,206.685,212.005,116.942,130.568,163.947,289.9053,183.427,279.5018,194.179,176.009,177.719,170.234,203.493,248.481,124.538,169.276
746,201.403,177.607,208.392,62.1349,129.287,199.867,101.053,293.964,165.578,288.25620000000004,162.889,175.078,172.298,191.929,136.23,200.168,170.256,187.547
747,178.909,166.244,214.964,85.5575,111.219,216.031,185.32,40.6242,155.768,294.4677,172.643,194.895,180.439,183.652,151.708,201.39,210.917,172.331
748,302.5688,161.156,180.219,198.594,114.299,207.04,137.605,186.402,154.954,278.2365,184.014,98.6405,177.203,41.8319,110.486,245.36599999999999,187.05,195.39
749,295.5795,188.114,272.0247,202.958,133.903,108.232,208.587,87.8133,180.351,280.1794,168.392,186.522,167.073,43.8269,157.091,227.625,130.15,176.074
750,290.3698,177.809,192.966,57.6062,130.564,198.336,192.417,180.821,158.909,311.4597,180.137,73.4415,170.584,189.343,131.082,264.4389,172.784,186.743
751,305.4668,164.565,191.639,190.374,127.892,188.303,180.418,64.6789,143.921,295.2792,185.787,150.282,178.341,177.815,129.606,235.98000000000002,208.927,185.119
752,288.1761,185.218,157.255,98.4497,112.009,69.4213,175.359,70.475,149.023,289.0634,172.127,185.728,165.088,166.293,167.706,219.301,166.115,168.937
753,292.1087,181.93,199.935,204.772,110.907,162.379,192.491,157.779,182.757,287.2194,288.8892,177.286,189.095,192.963,234.423,173.664,206.513,178.963
754,291.7032,194.198,173.548,92.9038,137.242,174.791,178.502,67.614,178.636,291.2799,286.6427,187.608,181.945,175.378,210.486,283.2335,90.7989,165.388
755,282.0118,159.173,215.344,193.548,132.902,86.5179,166.073,163.804,148.694,289.6479,66.6651,181.044,176.54,177.708,220.395,240.971,160.326,69.8463
756,301.0636,170.112,191.977,183.176,115.839,173.177,181.499,59.2465,188.74,304.1265,296.0808,181.072,172.907,283.59929999999997,206.628,251.62099999999998,250.103,185.797
757,309.0762,164.493,186.832,83.8304,117.479,159.018,164.252,59.8159,163.194,295.6873,302.6877,286.4063,161.074,67.0742,235.24,168.548,237.369,69.4389
758,172.473,176.34,183.747,105.311,144.028,196.994,182.997,68.7517,167.357,279.841,297.6111,296.7279,183.375,166.909,221.914,140.178,267.995,176.697
759,189.37,168.455,205.527,72.2571,111.621,140.697,186.295,74.4342,197.948,301.4476,53.9662,287.7048,172.193,171.021,180.503,120.274,257.177,70.8301
760,189.579,198.192,192.385,165.033,106.628,171.299,184.276,74.6045,143.139,286.6306,184.623,177.428,161.696,202.154,226.441,172.356,266.99850000000004,68.3036
761,66.1753,177.229,167.694,194.859,113.445,172.639,155.733,67.9072,155.094,300.7123,294.5453,175.695,170.244,204.147,199.145,80.5982,203.813,296.739
762,177.642,174.604,191.283,179.22,119.947,181.547,188.161,170.776,179.897,292.7564,173.455,159.408,179.664,167.392,209.321,179.868,138.281,182.666
763,301.5586,185.682,115.183,182.598,122.013,174.692,186.715,76.5821,168.259,297.9302,75.2718,62.5191,161.805,172.402,188.641,160.208,121.524,171.619
764,302.2809,206.132,119.416,83.6036,115.502,167.364,166.545,75.6079,157.897,298.0362,69.5082,180.903,181.89,74.2769,201.938,154.509,135.511,164.365
765,298.2434,171.929,130.582,75.6339,106.672,177.28,160.853,54.7746,169.206,309.8163,77.3025,171.581,177.051,76.537,262.3205,141.0,223.325,271.5313
766,293.1008,173.053,86.7967,179.741,123.81,162.385,130.049,56.8414,147.051,284.9566,69.5681,177.43,164.191,295.6606,183.161,195.236,85.9557,282.7228
767,181.878,197.86,109.219,78.5177,108.735,206.359,170.298,302.5844,180.237,306.1956,56.0487,176.808,169.852,167.295,134.825,197.427,259.373,58.7073
768,165.118,174.205,94.1998,85.8107,119.9,191.285,162.803,287.7312,184.443,295.92629999999997,50.3201,170.416,179.666,193.887,138.294,261.9695,96.1526,74.3292
769,278.8732,186.378,90.0317,76.7082,110.212,172.822,283.4286,298.3995,175.433,296.028,85.6919,66.2843,199.042,189.282,170.417,154.821,244.201,294.2109
770,175.232,183.549,282.8673,82.5607,130.297,177.879,135.575,288.4106,177.64,290.7112,54.5443,286.916,174.767,169.62,200.739,123.43,198.185,172.221
771,160.961,279.6335,116.734,59.6371,144.371,184.55,106.239,285.4959,157.324,295.0296,292.769,291.4783,159.45,193.631,220.416,145.859,249.812,188.502
772,182.562,183.445,93.7795,81.2565,122.356,190.439,195.457,287.33389999999997,148.328,292.0213,288.1566,266.6112,180.615,181.048,238.34300000000002,261.5897,261.2745,169.993
773,175.99,165.447,141.383,172.782,133.345,186.122,156.089,293.0933,140.342,289.3786,300.3499,280.9988,175.938,181.243,111.513,176.186,221.801,183.761
774,183.869,177.737,132.054,93.0018,134.112,200.728,150.637,290.7585,162.783,288.3784,180.416,289.5622,172.477,187.902,203.292,219.557,263.1146,62.0584
775,197.969,169.624,118.528,193.751,119.525,130.909,171.149,71.0344,162.216,297.984,74.4152,297.3317,178.564,178.733,137.979,225.48,102.217,184.91
776,186.742,186.334,182.077,182.29,110.867,172.026,221.802,73.1836,176.426,292.7991,169.14,296.226,170.079,68.6022,192.685,194.848,247.09,193.697
777,182.97,190.54,101.221,84.1726,138.604,173.749,127.724,67.9555,175.098,309.2257,307.9412,192.376,170.967,169.239,212.534,112.981,126.934,186.936
778,171.372,171.376,266.5133,113.833,113.548,173.973,170.085,78.7122,154.532,288.2744,168.941,49.2397,180.294,176.003,201.689,223.432,97.7692,172.191
779,289.4203,172.965,109.793,170.845,126.236,83.4796,141.642,68.3773,157.562,303.87,88.6799,306.1861,177.359,185.485,216.778,172.547,100.099,58.0599
780,57.4113,172.402,257.276,69.3441,124.567,119.387,165.381,307.194,133.152,290.7119,298.3418,291.0312,182.328,187.143,127.872,185.871,214.992,171.046
781,177.903,151.038,102.47,77.4756,91.9036,161.683,133.433,287.6662,165.651,305.3445,303.3417,274.4154,165.494,180.287,133.58,182.022,252.738,170.077
782,176.893,174.478,107.577,70.0681,113.924,138.84,138.691,296.98879999999997,154.609,271.44870000000003,173.901,298.4202,180.716,200.572,98.3663,115.736,198.738,310.4134
783,200.316,170.407,127.618,156.156,138.718,154.595,191.269,273.22090000000003,174.289,301.1123,189.812,292.8681,171.026,162.867,100.827,225.35,226.013,175.947
784,63.2239,190.924,100.025,67.2566,117.017,293.618,173.705,295.15160000000003,155.679,276.2646,176.947,306.9969,185.744,181.258,140.82,238.15800000000002,206.373,199.659
785,183.718,173.013,120.429,79.672,126.577,86.278,155.395,295.8701,160.303,298.7377,193.983,288.3279,165.481,179.134,185.794,259.845,207.742,172.474
786,179.672,168.971,184.218,172.57,125.75,83.456,205.144,169.416,177.169,300.0341,312.7127,279.2124,171.859,178.976,139.596,207.182,230.872,166.412
787,175.654,170.819,220.588,71.9675,129.493,216.556,223.037,314.3444,184.506,297.0901,172.988,301.1658,158.842,288.6238,96.3035,83.4902,241.07,166.613
788,196.253,182.271,150.724,90.3808,131.609,159.155,158.743,311.024,149.543,290.6436,165.683,272.8633,180.985,66.5694,145.573,175.577,149.582,300.8361
789,175.272,171.755,162.977,222.148,116.318,164.483,171.481,170.007,172.022,316.25509999999997,149.444,189.362,170.124,164.111,121.658,148.323,189.793,184.646
790,191.912,188.772,156.179,196.997,132.045,179.472,175.349,295.3677,182.673,297.2177,288.7283,189.834,176.665,179.961,94.4861,166.604,170.848,193.822
791,174.925,159.609,198.175,167.222,123.427,205.398,155.447,176.166,173.121,289.8229,297.7322,166.384,194.255,176.139,121.019,181.998,117.947,158.752
792,158.915,157.282,122.631,154.285,118.652,171.8,147.553,177.584,166.735,283.486,166.314,186.062,174.913,177.64,118.722,154.376,165.362,282.4835
793,183.736,287.7439,161.704,105.605,123.742,123.179,150.925,165.416,166.294,291.0688,178.774,297.6915,155.148,183.812,102.884,136.007,175.7,69.1215
794,157.885,295.271,186.527,64.937,115.129,169.239,166.35,279.3651,174.631,306.067,191.191,165.059,167.025,284.8406,136.152,179.881,157.512,190.057
795,294.1373,277.7365,137.562,92.0407,98.0572,240.72899999999998,169.791,70.966,169.406,290.48019999999997,177.71,313.2034,174.052,181.864,148.224,178.023,138.562,177.346
796,201.244,170.506,125.571,161.539,100.731,183.979,177.282,42.9618,167.238,288.6796,187.029,278.1812,170.034,156.649,181.751,144.574,231.271,278.9855
797,179.972,164.016,131.315,91.836,112.612,188.396,265.0729,178.828,162.703,285.4835,75.4208,197.504,170.118,172.535,135.357,183.491,148.026,174.052
798,179.195,170.507,127.193,69.6371,109.285,145.435,155.627,294.2214,187.997,296.3424,62.7105,268.6222,167.342,179.837,169.03,239.675,88.145,51.7447
799,176.735,184.179,151.378,77.4269,122.772,175.052,178.383,280.4992,166.151,291.6675,61.4147,192.569,172.455,184.584,161.15,165.568,69.7348,63.4152
800,167.902,176.509,176.686,125.432,133.625,169.947,177.546,294.331,130.314,302.4887,299.278,298.6491,179.087,176.663,84.6954,151.931,172.795,180.77
801,158.711,186.629,197.705,100.636,115.694,176.411,174.789,283.1419,140.956,283.2431,307.9343,280.5356,156.325,162.374,267.8432,179.107,163.057,183.54
802,200.464,169.011,141.349,181.378,120.744,287.0448,165.934,300.4799,187.199,296.4376,297.8742,284.9656,164.555,182.762,252.95499999999998,90.0158,113.607,191.5
803,174.185,171.787,197.633,222.98,126.004,62.8839,149.429,72.8863,163.06,284.8173,303.6905,44.7042,172.051,176.605,210.198,127.28,168.929,309.54110000000003
804,79.0507,189.405,130.343,175.604,118.684,179.911,113.667,183.817,143.011,288.10540000000003,296.9877,181.81,178.246,185.802,245.058,266.0386,131.634,179.996
805,79.1109,176.854,150.99,207.3,93.364,154.925,144.647,182.41,138.375,283.8425,182.132,278.3128,176.447,179.217,196.643,183.14,184.212,187.295
806,50.0589,161.074,178.516,201.616,86.5559,164.593,164.521,82.0669,178.046,297.223,168.497,304.6265,176.04,79.7184,218.586,96.1532,135.671,200.684
807,52.862,195.349,146.593,106.797,99.6535,149.801,181.655,289.9731,182.162,293.0133,179.421,314.4337,154.233,170.474,245.076,76.3906,174.771,67.4501
808,34.2071,180.827,177.401,78.423,130.88,157.644,185.62,307.233,165.048,284.9074,293.8751,296.6929,182.81,171.019,197.059,253.398,94.5423,59.9584
809,194.96,150.837,139.824,84.309,118.502,139.85,103.807,298.6988,185.842,295.5944,186.448,293.7222,175.978,75.3812,113.668,220.14,94.6185,157.413
810,179.702,170.348,130.569,80.9655,133.071,214.528,165.783,309.3932,182.074,306.0675,172.27,284.52570000000003,174.776,70.5724,219.009,143.282,173.651,170.109
811,70.0296,171.676,138.266,188.489,130.323,156.95,142.804,167.446,168.989,290.0518,48.9286,293.01390000000004,176.654,186.109,173.915,207.226,289.5952,183.194
812,54.2654,176.245,167.438,199.107,120.489,180.635,165.359,310.129,165.656,298.7706,56.2788,186.238,159.792,191.307,145.401,220.725,225.685,307.0422
813,166.913,165.858,188.491,171.79,122.499,194.533,180.351,284.98130000000003,183.791,290.37149999999997,64.1795,302.533,170.369,175.956,159.177,161.376,100.77,57.2519
814,186.991,187.974,141.306,190.694,134.252,193.276,155.225,279.591,170.691,278.9418,74.6639,286.6675,168.202,184.61,126.925,84.0664,272.3302,89.3857
815,190.028,173.161,150.5,199.739,111.528,190.848,131.37,289.49739999999997,154.526,291.5356,56.3481,266.4368,182.689,160.927,140.919,169.265,171.446,173.679
816,175.82,181.643,121.667,183.734,105.851,174.329,207.678,284.0405,192.226,292.5108,66.8808,159.911,193.685,186.421,106.244,175.495,262.4327,175.359
817,182.258,183.826,154.358,201.067,114.675,193.382,204.074,282.3379,165.481,317.2145,163.593,163.859,181.92,35.8258,148.938,183.345,279.96299999999997,175.514
818,83.8501,166.649,140.446,201.437,158.517,196.088,95.2926,295.2394,179.698,299.0415,196.975,289.3451,172.751,265.4215,161.288,278.6018,283.36400000000003,291.2569
819,68.3854,165.643,158.855,177.978,122.063,199.52,206.494,286.41880000000003,177.832,289.0435,197.478,32.899,172.571,187.229,165.941,193.759,166.618,71.6018
820,48.7372,204.497,146.617,199.421,89.8595,185.913,187.761,293.02729999999997,167.889,280.1743,192.579,59.0456,160.198,184.048,133.773,155.077,250.899,158.598
821,55.7215,191.498,144.581,170.828,111.83,193.666,153.018,297.9457,158.606,289.6511,71.5806,149.576,205.315,184.356,218.325,198.463,229.071,190.412
822,180.809,163.252,155.14,173.248,111.651,212.459,201.775,294.87239999999997,154.484,273.6498,72.6156,169.454,185.839,151.947,208.991,154.057,241.365,178.404
823,81.6242,179.157,176.553,185.176,111.652,212.941,194.289,54.8464,199.543,284.9724,56.1337,172.893,185.528,201.11,226.708,151.553,280.4462,177.921
824,200.447,178.384,160.961,175.913,107.765,279.86,103.547,67.0451,179.841,278.1536,169.029,158.306,178.435,179.859,249.602,166.048,190.271,171.159
825,73.2849,170.261,197.979,182.892,98.8963,97.8363,99.5749,178.611,171.025,276.5779,73.802,178.424,167.381,179.39,288.5855,189.29,208.838,185.127
826,175.098,168.79,183.61,201.372,123.42,194.016,200.559,65.2588,179.848,292.381,296.0634,166.804,166.48,186.685,194.244,238.098,196.453,291.78430000000003
827,190.341,170.946,167.678,219.159,127.0,248.861,204.585,46.663,164.031,291.1225,303.9257,182.609,166.212,173.613,202.405,152.515,220.533,183.122
828,290.4909,146.643,206.843,86.1509,112.315,172.501,178.822,292.173,167.875,284.008,310.6551,155.846,172.892,61.6273,185.776,159.022,282.4706,177.809
829,285.9963,177.812,165.583,177.549,123.315,147.267,174.863,67.5948,182.622,304.7197,195.943,191.312,168.526,168.996,211.146,143.91,148.246,185.741
830,68.4346,168.058,168.725,185.022,119.976,170.518,171.812,72.2059,167.258,277.5434,188.479,193.36,177.533,184.909,216.944,155.207,97.345,187.162
831,284.3041,185.161,181.911,184.903,107.483,183.153,80.1018,163.553,177.028,299.3546,155.036,181.789,166.148,177.178,142.636,153.592,228.272,179.058
832,285.3828,176.025,127.682,91.0176,111.596,160.137,203.965,315.62,175.501,291.1196,170.691,180.675,160.856,180.865,109.676,164.31,269.945,61.5623
833,282.2776,173.86,149.753,62.7267,115.768,129.735,175.678,292.4907,168.645,298.4963,168.091,191.507,173.074,171.841,166.608,174.151,149.642,155.25
834,49.4049,171.008,129.9,187.908,114.406,182.797,158.531,300.3397,176.277,292.6604,176.526,183.669,176.087,175.919,225.263,174.35,290.1038,170.454
835,180.861,178.455,152.153,98.264,129.785,134.102,114.538,299.6656,195.302,300.2222,191.724,166.722,174.515,179.195,186.129,135.718,136.788,289.0055
836,44.0398,188.858,156.112,184.546,131.401,156.527,146.163,294.0673,173.035,298.9865,187.395,177.407,173.239,172.15,190.558,210.806,91.1899,284.38779999999997
837,55.0266,197.977,136.535,181.959,118.829,155.267,146.479,175.642,169.613,300.4097,202.445,186.932,170.072,72.5659,195.865,166.656,96.8292,189.199
838,37.4968,174.19,175.414,192.594,119.988,151.293,133.862,175.241,158.046,294.13689999999997,188.219,193.377,184.161,51.0746,181.981,180.764,99.6141,187.406
839,74.8031,186.422,120.556,176.805,114.989,171.541,178.17,182.78,195.257,282.7359,198.654,171.673,155.452,59.3941,187.935,240.695,111.641,65.3218
840,77.4804,169.207,118.551,192.976,122.898,152.986,178.73,68.4914,181.028,276.497,86.5933,178.004,165.135,57.6234,210.885,150.676,111.066,164.853
841,281.43219999999997,195.696,108.802,115.074,109.248,178.893,116.368,298.5099,145.738,290.3974,79.2195,195.606,169.203,71.6667,211.48,137.885,148.982,193.641
842,60.717,171.622,180.745,159.48,132.126,186.592,161.346,281.0943,171.306,288.0381,181.127,294.5072,172.099,169.244,219.65,149.096,145.067,185.737
843,289.7223,176.933,157.937,77.0503,121.831,175.141,148.223,295.7875,180.384,287.1233,309.39300000000003,177.666,177.57,180.904,168.1,128.772,135.294,176.993
844,290.6749,155.847,122.608,181.62,118.745,155.986,148.92,305.7425,151.652,294.4157,186.012,300.1331,178.079,180.296,172.099,167.331,176.389,182.491
845,286.19280000000003,167.723,148.655,126.245,118.625,162.893,181.601,295.2472,145.791,293.2149,201.676,186.038,165.349,164.044,166.269,143.419,109.156,81.5131
846,295.29290000000003,172.316,123.569,178.668,109.692,160.708,142.543,289.0585,167.928,196.917,66.5058,194.079,191.251,172.021,168.869,173.937,190.383,62.4991
847,143.374,178.379,304.685,81.6065,116.467,158.438,172.217,295.8481,180.239,285.944,175.62,151.649,172.482,184.207,155.972,184.098,113.515,163.893
848,175.278,170.17,270.2816,101.694,128.699,144.164,191.199,300.128,179.297,285.1165,51.8721,144.869,168.729,168.878,173.055,169.551,161.122,178.067
849,196.114,182.624,269.677,86.3618,103.436,150.626,185.893,279.3225,170.861,283.738,70.0428,176.227,176.653,68.7244,99.1207,179.99,280.5323,191.016
850,199.386,166.129,273.9702,81.8469,118.69,152.437,181.818,308.6913,141.776,291.1744,84.7617,170.556,158.608,161.812,144.21,175.401,223.544,161.369
851,185.558,178.22,285.8322,265.7605,136.668,178.096,132.093,309.97270000000003,148.605,283.3651,174.613,164.014,156.03,180.693,200.687,249.74099999999999,280.9943,72.9144
852,186.965,191.894,252.14600000000002,151.041,117.431,165.519,153.456,301.71500000000003,176.042,294.532,64.9218,187.204,167.821,183.471,262.2308,134.4,175.626,82.3795
853,290.0295,185.027,267.7283,164.753,115.241,163.415,109.973,306.5297,171.201,296.628,296.54449999999997,171.784,182.956,192.093,272.6819,185.644,246.488,174.329
854,190.432,166.448,277.1231,173.94,116.445,154.327,135.53,79.0334,166.247,294.3135,54.0678,203.508,184.374,185.529,197.848,101.595,249.64,172.558
855,299.38689999999997,184.293,282.2208,147.926,124.735,255.418,144.465,69.6601,160.421,295.3229,60.4582,186.463,172.407,282.1738,199.425,134.405,215.834,153.679
856,282.1843,208.182,263.56510000000003,164.937,109.21,193.993,192.597,69.3771,162.648,283.6517,191.234,176.296,162.98,185.222,176.594,227.107,124.822,179.871
857,183.073,205.331,255.28300000000002,187.342,126.676,163.17,150.952,60.7246,146.647,302.6932,180.363,171.87,163.935,48.62,266.5251,235.253,284.3269,177.538
858,196.615,181.4,251.87,261.4596,127.922,151.237,286.174,285.4735,178.801,284.6211,181.79,199.507,182.099,57.4123,213.251,229.007,268.31010000000003,301.8338
859,284.3028,182.6,242.34,216.08,129.399,162.758,241.598,299.002,164.605,290.4319,194.03,175.931,179.882,172.964,203.682,246.887,90.002,62.9601
860,190.477,169.281,189.475,206.159,125.155,141.901,184.988,290.7566,179.627,280.31759999999997,58.768,67.8136,203.103,189.329,210.073,224.356,255.19799999999998,152.157
861,171.048,176.12,222.769,167.602,124.864,151.69,164.935,304.8025,160.75,296.4504,56.3983,185.577,174.92,172.754,200.508,208.185,192.102,182.598
862,184.4,167.751,175.234,204.401,119.22,173.698,182.372,294.70550000000003,192.465,281.5463,162.118,171.554,175.785,173.511,227.294,176.561,181.133,295.4391
863,70.151,192.592,177.118,196.759,147.26,266.65840000000003,153.091,289.2957,148.323,288.7152,187.577,185.379,176.184,281.9683,133.017,278.66949999999997,86.9497,181.809
864,194.924,183.896,163.322,202.162,128.021,143.949,278.2785,307.1906,163.697,278.9241,174.079,96.0539,182.838,200.648,111.903,243.475,119.666,299.8346
865,176.83,176.997,158.211,116.553,107.97,140.377,276.7068,304.5587,173.986,63.1726,198.804,187.748,174.661,184.423,120.701,273.9222,90.8173,57.5635
866,171.104,179.677,247.9,190.775,93.9218,161.752,169.703,291.1616,176.716,206.754,183.963,289.98199999999997,179.778,187.35,153.313,285.48990000000003,175.34,180.86
867,289.1966,189.189,195.26,99.8106,121.232,183.526,164.491,64.9551,158.283,168.415,192.112,187.403,162.88,294.89300000000003,158.743,148.45,159.814,177.379
868,302.25419999999997,164.864,219.12,190.481,146.33,168.321,132.439,64.0527,180.472,179.839,187.139,183.096,172.556,190.252,122.401,156.091,279.0262,194.878
869,288.9686,176.24,171.674,190.325,118.409,161.183,108.111,58.1331,160.6,171.494,183.362,177.211,172.009,175.05,156.84,137.784,194.123,55.2096
870,301.7413,191.068,201.91,193.715,135.411,135.63,169.277,63.1317,189.604,290.8152,185.485,184.927,182.86,169.98,96.3203,165.948,243.644,73.9606
871,194.666,169.446,178.786,190.493,122.565,178.007,162.637,59.1103,189.703,288.1546,204.507,172.625,170.729,182.843,74.6552,179.728,127.996,71.4803
872,171.302,181.945,92.9778,99.9177,118.198,146.519,163.1,183.639,161.728,287.59839999999997,287.3761,195.3,171.012,304.3169,123.341,121.358,196.099,277.47069999999997
873,199.147,171.419,191.47,180.869,126.404,146.127,204.989,61.9507,163.23,309.8077,183.15,165.874,165.281,173.158,103.135,251.06799999999998,273.9818,165.715
874,181.718,165.413,186.772,218.53,142.52,191.229,73.4877,53.8315,174.313,167.335,183.004,192.555,176.646,191.659,85.3887,282.6335,202.618,161.351
875,294.3914,168.211,206.979,121.101,154.406,123.032,98.9128,176.764,166.733,171.315,187.29,159.2,195.026,169.795,127.868,171.56,182.549,177.738
876,202.199,167.216,178.617,245.301,109.355,167.879,189.743,167.292,149.231,294.63620000000003,187.61,175.273,178.567,167.344,221.555,88.3158,290.973,186.733
877,171.952,280.4912,195.691,184.591,121.365,185.028,211.206,72.4241,190.875,76.37,203.295,195.383,157.165,176.193,268.85519999999997,181.652,279.8764,206.438
878,58.5923,197.296,209.395,79.4451,139.14,161.031,134.518,69.8415,149.123,52.5625,195.784,66.6904,184.618,183.848,248.374,204.108,269.669,148.109
879,184.01,176.25,204.422,109.254,119.237,170.23,177.421,54.6529,155.077,62.189,167.895,172.944,166.517,172.334,204.942,85.9502,290.1073,173.535
880,178.077,169.605,204.368,202.303,124.823,145.938,201.662,175.938,156.848,64.027,163.396,160.684,175.086,172.575,151.983,202.182,273.2762,209.59
881,297.3134,168.287,187.765,183.763,111.531,159.068,157.212,171.092,170.673,59.4541,186.263,297.068,180.127,181.188,281.8696,183.578,279.5433,184.219
882,59.766,181.255,195.083,195.032,110.073,146.05,164.189,191.348,172.249,280.8346,189.739,157.718,176.153,171.074,214.237,92.6746,262.7492,66.2386
883,299.4586,181.934,202.251,161.936,128.947,156.977,160.931,198.097,173.382,154.64,165.361,171.111,195.344,165.891,100.492,76.9763,280.1938,95.7081
884,295.7531,154.394,211.995,90.4335,122.892,182.167,168.628,72.8341,167.49,203.767,172.749,172.655,156.988,186.141,136.081,188.172,283.6664,189.291
885,281.3727,188.615,195.512,194.552,125.406,220.458,185.492,48.0633,182.737,174.32,178.138,199.227,179.387,185.241,184.036,107.397,275.9551,166.781
886,191.679,182.356,193.23,180.983,122.886,80.5025,181.394,262.5688,170.738,172.304,187.306,171.29,175.997,180.269,153.097,141.571,113.943,33.2132
887,288.1225,175.659,274.16790000000003,189.022,133.072,181.222,172.77,62.7923,155.832,203.059,173.804,305.2279,177.283,177.793,198.854,135.816,194.888,174.261
888,170.646,183.409,162.981,187.634,125.777,157.143,186.705,296.294,185.044,208.246,182.882,290.5843,166.779,69.5747,191.856,147.783,237.26600000000002,200.946
889,155.355,176.899,146.582,193.148,112.316,95.0132,202.531,285.6665,151.977,166.519,182.819,162.289,170.182,184.815,137.98,166.727,272.9647,187.863
890,43.0497,175.857,189.894,183.229,118.2,168.537,171.534,289.6192,167.49,162.471,176.951,211.851,155.074,185.214,90.3753,172.233,278.0,275.4017
891,68.1432,194.062,198.741,184.632,128.825,84.1659,165.213,300.04,173.886,82.3496,195.362,180.702,179.36,187.508,116.199,163.498,100.212,200.032
892,190.676,175.44,196.821,67.1898,127.411,197.233,136.593,52.6119,163.495,188.431,204.865,184.514,175.899,192.855,123.105,198.385,116.519,176.733
893,186.06,190.241,184.993,177.321,107.627,148.303,176.42,299.7325,155.93,179.502,198.025,305.105,168.556,177.78,204.235,208.586,89.9728,156.191
894,175.485,167.82,191.668,58.464,124.789,185.583,109.619,313.5559,150.421,153.715,182.106,190.256,192.24,172.499,184.08,216.724,152.352,167.509
895,182.438,163.45,184.945,201.908,120.809,172.827,186.406,288.1776,171.274,173.806,200.311,194.728,172.197,177.799,206.852,165.874,119.777,47.1204
896,186.586,172.993,189.677,182.003,123.552,165.118,157.258,72.7222,169.215,62.8561,185.371,190.104,168.632,192.279,224.699,177.032,158.287,73.4378
897,192.049,178.337,282.9486,191.409,130.159,178.556,127.512,62.9156,163.548,284.3217,179.797,70.4493,184.102,188.254,221.62,142.247,83.9915,47.3699
898,183.634,172.015,164.033,125.644,130.819,137.34,145.589,172.231,160.244,161.8,84.1615,193.255,170.286,178.215,149.913,164.319,135.235,167.971
899,173.833,182.92,134.623,166.938,119.929,157.081,139.34,57.4011,174.661,184.913,170.372,170.748,175.079,165.674,131.782,192.5,103.907,172.979
900,189.792,166.771,279.4334,251.647,130.802,160.748,145.074,194.31,162.8,180.984,203.269,173.975,168.963,173.601,210.612,193.365,285.8225,68.3227
901,188.015,174.01,180.828,191.371,121.515,182.952,127.531,59.1525,168.831,179.611,182.825,184.02,175.117,47.6642,215.191,150.456,107.545,66.8659
902,193.571,173.884,187.742,184.133,138.737,183.617,148.977,305.3365,184.65,199.954,190.594,194.619,163.46,166.589,238.35399999999998,145.191,142.229,65.5761
903,186.695,165.922,175.917,78.0257,101.735,228.613,182.537,292.8736,189.798,175.501,281.7822,171.793,171.288,309.9,191.15,157.145,186.243,174.281
904,182.957,187.419,196.702,205.861,113.19,227.244,185.261,288.6195,185.13,176.301,179.514,151.511,178.689,73.7306,174.307,155.93,110.607,178.154
905,286.1463,173.374,196.577,77.1826,131.324,79.2752,174.593,301.3968,160.323,177.918,173.199,175.444,156.179,77.6475,193.001,136.263,162.854,70.0661
906,285.3217,180.594,210.422,92.2662,119.73,223.499,160.003,292.3522,180.014,76.8113,175.797,168.708,172.749,188.102,141.3,155.546,185.971,190.005
907,180.331,168.207,183.826,82.6912,118.977,215.82,167.851,293.0479,185.438,290.75620000000004,162.806,196.595,192.682,188.146,129.895,153.487,288.6134,193.831
908,75.223,178.33,91.4854,188.273,133.283,207.442,167.735,268.2931,163.343,173.392,173.867,295.296,185.919,166.869,79.4695,156.58,280.4036,208.186
909,301.073,180.217,188.821,211.772,113.635,248.501,198.758,293.78,140.922,204.314,182.486,294.3984,203.127,187.881,155.004,185.56,272.0533,178.392
910,77.7531,192.194,151.75,88.8222,143.111,145.397,162.268,299.0866,173.994,72.452,165.45,278.8203,182.53,188.144,92.3197,179.826,204.235,198.065
911,170.774,177.825,200.783,179.159,119.602,168.239,194.845,294.5326,161.869,174.111,195.544,308.8605,185.065,58.6199,95.3236,88.3881,204.663,171.058
912,192.952,162.554,177.432,169.621,120.736,193.08,185.651,281.1518,191.519,186.035,184.978,294.37149999999997,178.319,181.426,207.673,263.1649,114.4,70.3398
913,177.823,200.238,183.15,55.6739,133.71,152.627,168.323,307.4368,170.263,200.743,175.463,301.9643,177.378,294.3008,146.77,274.8852,179.862,54.8754
914,176.845,168.827,181.734,152.313,95.6135,185.3,163.544,288.9906,163.021,168.22,296.3242,71.7347,175.32,305.0369,140.301,190.632,207.842,71.6556
915,174.006,184.763,171.484,189.714,108.808,177.231,143.51,291.5946,165.811,189.848,288.1288,289.4993,192.422,196.601,162.921,105.036,108.488,286.18489999999997
916,182.15,168.941,191.314,90.7279,133.955,175.15,186.586,53.0692,182.963,195.709,307.5148,286.7134,190.871,167.757,90.6955,267.3213,168.663,59.1381
917,169.727,179.344,193.269,192.443,94.4645,79.181,193.012,65.6968,171.071,175.445,195.433,180.138,174.581,180.923,111.795,275.7814,163.538,169.172
918,171.67,170.461,187.091,202.377,126.903,184.587,193.255,306.1811,161.403,173.665,65.4927,166.41,161.101,194.481,141.043,124.923,110.868,164.634
919,164.059,187.019,181.015,190.809,124.905,185.703,192.843,295.0145,193.375,72.6379,297.4,273.91700000000003,170.6,186.448,138.886,202.524,84.4323,195.999
920,176.481,174.113,197.609,187.101,130.133,164.561,176.041,294.1894,175.415,187.622,282.2845,173.075,182.716,181.326,116.104,173.825,194.015,171.33
921,191.696,173.706,195.79,207.928,116.771,174.744,165.745,284.6597,153.401,188.137,290.7494,184.352,171.925,180.109,121.601,238.276,81.4561,152.032
922,184.581,177.257,196.867,176.007,129.559,164.74,195.69,305.6365,131.415,169.719,181.144,273.0234,183.304,179.574,112.63,178.206,139.742,170.921
923,167.322,161.825,177.46,105.981,120.875,143.695,103.433,291.832,188.378,187.325,71.9065,170.679,169.824,73.1125,146.702,160.996,210.997,183.985
924,62.4939,166.206,192.347,195.902,116.11,257.661,133.015,299.1483,179.983,174.265,174.878,175.722,176.882,47.9925,108.201,140.26,151.013,66.5182
925,163.667,170.874,196.071,166.978,115.315,192.708,213.055,277.0915,162.686,190.668,79.8601,173.1,175.887,180.077,136.839,178.891,111.301,182.925
926,175.13,187.877,203.452,173.539,101.128,170.411,158.865,289.9711,161.266,155.388,81.8862,167.307,164.947,176.352,159.284,160.814,213.433,72.9206
927,76.185,179.759,210.29,200.354,117.917,209.441,164.045,305.4625,148.357,276.7948,61.4112,170.361,178.159,185.826,118.875,181.18,80.7219,297.049
928,77.5501,145.199,164.561,179.912,128.805,220.717,138.589,289.36,131.604,176.477,75.9456,164.427,181.673,193.948,135.015,161.554,216.663,277.4379
929,174.492,176.402,67.8298,191.237,108.379,174.921,160.721,287.3243,159.444,193.007,177.154,68.9043,181.42,181.339,136.496,157.966,177.601,183.608
930,177.412,192.538,120.33,172.517,148.233,202.934,176.539,293.4898,174.248,191.528,195.827,75.8174,176.585,58.351,133.473,166.932,90.7645,174.911
931,169.543,176.385,137.22,182.964,132.325,144.379,275.5831,299.6448,170.959,183.209,179.601,52.3479,172.72,59.4065,147.208,201.797,90.409,281.5884
932,175.635,175.753,242.762,164.983,110.552,164.856,178.41,286.0997,162.463,183.612,165.51,188.595,188.611,162.251,116.66,186.523,166.45,283.7413
933,177.088,199.014,248.37900000000002,163.501,100.099,285.5166,186.477,60.7475,156.216,186.044,295.8575,193.518,190.577,183.659,141.498,153.214,160.724,173.348
934,201.709,163.396,252.192,185.161,115.133,182.093,111.966,64.7954,147.036,73.8825,187.041,167.944,187.252,186.721,211.987,85.8744,163.265,56.0226
935,292.70730000000003,175.976,236.336,169.774,118.282,152.156,160.093,291.8193,188.981,67.7376,277.83299999999997,171.428,178.123,181.205,219.857,239.37099999999998,94.0485,99.9199
936,285.9851,176.956,236.94299999999998,155.287,106.963,147.245,148.015,150.349,157.878,181.851,176.147,190.792,200.062,189.926,187.387,157.49,103.56,192.469
937,260.2815,178.993,250.274,174.755,116.348,183.353,181.291,39.2188,145.033,68.1174,63.1413,193.606,196.896,193.716,202.089,160.763,102.311,70.3455
938,195.149,188.712,233.555,158.366,115.653,174.62,146.818,74.1822,168.998,74.7538,177.812,171.921,188.774,70.2185,218.173,150.737,198.803,179.716
939,178.543,184.926,229.372,175.702,98.7431,146.32,157.041,79.525,169.43,180.461,194.488,177.336,191.321,172.721,255.531,228.704,183.446,175.865
940,59.2342,182.851,214.182,191.775,97.1155,140.882,163.936,291.7839,209.147,57.9159,158.131,176.273,179.354,53.4156,139.705,257.647,285.3659,198.248
941,291.882,176.299,271.4221,175.453,108.847,162.381,157.948,184.912,162.587,176.539,176.623,172.421,194.809,185.299,221.695,259.812,269.8709,291.3297
942,309.1424,175.704,275.1202,274.2573,102.098,185.714,162.931,66.0915,168.461,172.055,182.002,185.628,191.62,195.462,214.549,256.39300000000003,285.7366,288.86469999999997
943,308.6946,182.202,180.082,295.157,112.366,176.498,167.274,184.791,170.847,167.852,184.048,166.282,186.525,184.558,156.249,176.514,278.0197,174.309
944,289.0378,168.989,207.101,170.555,110.415,173.59,126.136,50.1935,172.753,166.794,71.4962,173.325,173.788,169.126,197.179,156.621,277.6873,185.402
945,198.861,184.447,101.179,175.085,127.278,172.103,190.541,78.4414,183.57,60.0945,57.5338,177.482,183.632,182.028,256.303,108.806,190.645,181.402
946,189.913,179.504,191.358,149.871,108.345,156.609,244.899,175.276,178.892,69.7892,51.8797,176.448,170.146,195.308,196.696,124.975,255.416,178.013
947,306.4519,157.307,201.137,167.999,123.497,191.703,201.338,66.5875,166.589,194.006,190.098,177.677,189.392,73.0028,192.008,260.4911,85.6375,171.048
948,293.024,184.483,76.9044,210.742,128.391,202.096,185.23,69.3029,160.234,155.244,184.613,183.65,184.48,184.604,172.948,144.081,156.155,196.978
949,301.1809,198.635,134.302,186.631,105.49,199.894,195.831,48.5774,156.606,175.281,174.214,177.416,190.823,70.1033,104.66,178.541,168.311,173.405
950,291.5299,182.343,92.1682,78.0617,104.072,169.063,189.71,54.5224,171.409,176.231,187.586,170.656,160.428,176.753,131.79,278.7517,184.767,86.4125
951,293.8295,173.464,90.9169,91.8109,116.919,210.885,185.568,63.2467,159.343,185.851,181.759,158.103,175.066,184.804,145.642,168.198,162.35,178.361
952,293.9468,184.423,89.46,121.586,125.027,183.854,166.421,58.8142,166.716,201.924,175.247,161.77,175.909,308.8889,115.194,131.107,148.244,81.5068
953,302.4864,177.473,90.5452,196.627,114.159,118.337,216.392,44.1027,199.414,177.6,174.675,155.869,169.454,180.415,117.122,138.797,99.0559,52.06
954,274.8476,215.321,90.5974,156.853,122.558,198.24,153.816,89.7079,174.673,183.429,169.253,171.241,166.747,184.427,140.844,147.987,147.56,195.503
955,297.4085,203.341,100.907,189.687,118.074,172.248,171.392,68.444,160.164,168.194,191.02,307.18489999999997,167.986,184.524,115.36,162.708,161.263,189.585
956,196.129,198.337,184.026,182.109,103.644,186.897,186.821,280.6563,150.024,59.6611,179.439,284.6521,174.72,181.652,101.801,160.505,163.978,183.773
957,299.5209,175.913,110.665,83.3502,153.422,216.459,187.48,171.565,177.335,165.62,163.739,279.5038,185.252,174.255,226.364,171.14,160.711,36.5115
958,300.929,163.462,163.553,205.014,129.712,124.625,186.263,184.21,161.597,183.365,170.451,314.5226,182.009,185.294,219.644,182.597,135.0,65.7334
959,299.1921,182.845,188.045,88.0693,126.452,185.741,173.312,168.558,186.755,197.906,180.996,310.4382,175.304,178.044,89.5109,87.9219,109.894,312.1938
960,303.7515,185.901,193.25,116.467,139.031,180.3,164.203,71.5406,149.669,179.511,311.6837,288.6711,177.028,173.749,168.561,64.1612,289.83410000000003,47.1692
961,298.1701,191.176,139.555,164.742,121.364,189.486,205.707,178.606,174.523,171.211,184.632,296.7315,184.34,174.147,111.292,124.407,105.165,57.8523
962,299.6121,182.916,231.372,84.5355,107.036,142.754,181.974,78.0751,156.789,161.94,309.0253,181.012,168.002,83.0035,120.019,121.374,207.156,178.074
963,304.3796,144.54,141.524,198.214,122.347,303.4142,172.085,82.313,167.488,158.133,171.049,194.922,165.725,176.186,124.869,148.286,85.621,181.017
964,311.5971,181.683,213.858,168.54,134.279,135.668,192.073,38.0666,173.531,71.7946,184.83,64.8326,180.092,171.204,143.975,142.403,87.8832,190.494
965,299.8866,174.415,215.864,76.9117,115.732,172.224,165.844,187.369,179.961,179.813,200.917,299.5609,185.151,168.676,184.313,140.939,153.106,61.3871
966,316.1443,173.365,148.348,160.298,116.157,192.905,194.753,64.9391,183.475,190.911,170.615,283.0287,182.504,176.627,212.254,203.752,212.538,58.9678
967,294.365,181.149,200.129,206.764,130.665,196.932,179.838,64.0294,177.68,188.328,169.653,188.18,185.399,185.605,122.001,174.133,249.45,192.677
968,244.071,177.118,106.521,89.719,127.484,172.529,231.784,179.384,169.94,195.719,173.195,202.743,176.679,294.3243,130.546,130.889,223.795,178.721
969,206.909,181.636,111.154,208.702,110.421,92.6685,170.773,172.757,191.155,163.138,70.3352,187.031,175.252,171.879,130.957,152.567,181.986,186.096
970,177.027,182.463,162.724,183.33,147.466,183.722,185.294,189.042,174.344,61.3691,166.053,177.898,152.729,168.277,142.411,128.895,179.965,186.373
971,157.752,179.968,146.27,223.837,113.532,165.131,188.892,68.4038,169.404,187.621,186.55,306.281,178.761,178.552,137.639,119.437,193.826,224.802
972,310.7433,186.846,168.794,68.6666,115.343,204.383,187.377,35.1067,158.994,185.529,171.558,195.696,167.818,171.053,139.126,99.3734,187.264,174.593
973,193.187,175.441,102.643,92.7824,123.399,182.803,188.554,180.826,179.209,183.996,159.768,173.673,171.091,170.013,144.846,133.784,169.267,183.984
974,187.051,202.882,195.072,89.1702,122.765,179.611,179.782,186.393,154.933,61.887,181.864,278.48199999999997,172.575,168.966,132.745,179.365,229.556,177.559
975,296.30060000000003,187.45,176.58,183.71,105.544,215.747,210.076,283.9359,154.901,166.911,314.4499,291.74739999999997,186.329,305.4764,135.795,146.071,220.838,76.1113
976,292.0169,160.532,168.562,174.288,110.26,86.8352,174.579,73.6369,163.275,197.322,307.7191,304.8675,165.171,162.257,117.433,166.825,107.104,173.918
977,295.698,164.928,141.953,187.161,110.197,286.12,186.452,75.2654,180.075,166.482,170.931,291.0644,202.614,61.2031,105.789,189.649,76.7486,65.0232
978,56.2444,171.225,148.745,178.9,118.616,165.538,200.671,77.2831,171.425,186.237,186.446,301.2256,167.882,294.998,104.224,176.212,107.964,179.133
979,51.2571,176.989,150.426,190.994,107.556,162.097,192.722,188.523,181.017,176.794,175.051,290.7548,169.527,71.515,131.037,169.63,266.2786,45.3973
980,63.1282,174.575,177.7,196.13,115.303,152.07,203.43,185.784,153.997,170.592,162.81,177.898,171.003,190.025,135.472,173.985,91.4998,46.177
981,66.8797,183.541,155.678,100.437,140.525,175.557,176.976,46.7906,178.334,169.388,56.6543,200.173,152.411,162.719,197.152,243.594,82.2379,177.622
982,69.8574,198.539,175.614,200.824,123.084,168.851,184.919,47.4981,181.872,177.381,173.732,66.992,162.574,293.8161,226.7,201.81,98.0024,177.38
983,52.3872,180.883,95.434,199.659,104.826,172.14,194.102,51.2715,175.989,177.275,180.177,184.841,177.176,83.7154,198.65,186.171,240.034,174.361
984,43.9049,188.524,147.799,195.655,125.524,180.9,209.316,284.3207,193.051,162.981,190.14,169.478,171.015,202.793,215.446,289.4227,266.6785,169.809
985,58.7302,170.595,168.107,151.781,126.263,87.414,178.278,162.903,184.513,190.749,65.4011,180.889,173.656,172.528,211.901,238.506,262.8042,198.563
986,66.7342,183.118,145.479,166.759,121.425,170.576,196.878,65.5523,177.567,196.466,186.852,61.2937,185.517,83.0649,191.775,97.3906,213.858,176.336
987,39.8258,166.002,160.73,192.496,100.379,168.478,184.076,296.0455,192.065,186.264,305.7934,194.197,165.068,317.2667,111.733,98.0422,90.0924,62.506
988,63.8132,158.573,128.37,189.847,125.362,175.092,173.116,65.2225,202.015,180.534,76.4035,184.785,182.627,60.138,187.54,55.2314,89.7043,67.2759
989,49.6536,171.697,188.466,164.473,142.861,199.045,177.135,175.398,174.105,294.4801,186.022,272.229,181.299,308.4085,149.324,152.714,184.556,87.5484
990,47.6339,170.651,170.032,162.86,108.513,171.859,184.361,49.3424,169.2,74.4224,187.019,166.663,181.857,61.2571,119.649,170.123,132.483,288.5813
991,300.4321,202.907,196.801,193.561,141.233,160.669,165.347,53.6484,175.822,173.833,182.467,165.449,183.301,184.879,123.761,164.996,180.168,75.8381
992,304.4577,177.022,167.271,181.929,122.705,168.212,109.82,58.7145,174.962,183.603,179.447,281.2289,180.309,175.512,168.498,264.8526,197.018,40.1132
993,305.03499999999997,155.967,208.311,80.0788,105.545,210.105,218.14,82.948,169.896,67.547,180.366,282.4365,180.457,208.963,158.967,167.869,131.161,70.1583
994,179.082,197.085,180.552,215.004,119.102,192.931,172.463,170.329,162.175,195.183,157.945,34.3907,195.423,164.159,189.07,197.732,254.226,65.2265
995,187.717,177.478,174.159,203.506,115.666,166.256,191.445,80.7473,192.352,166.167,282.7298,158.58,176.136,165.921,124.659,273.3616,183.762,182.811
996,290.782,172.083,185.278,66.6413,115.768,172.81,214.304,57.9017,186.867,181.049,303.89639999999997,200.225,174.603,182.82,202.602,154.979,159.455,180.04
997,294.5561,159.651,176.774,201.388,136.557,77.1172,210.281,183.813,165.732,176.24,289.7144,293.9304,167.706,181.366,197.882,138.072,211.985,159.476
998,301.7549,168.434,184.401,203.509,97.9341,172.016,191.573,77.3068,180.068,54.4526,326.8442,301.9037,169.412,189.914,184.399,179.259,233.096,176.027
999,286.7202,164.191,182.225,190.722,119.098,174.74,162.665,61.3108,194.247,172.816,311.1475,172.766,183.156,183.21,181.978,92.0592,177.788,180.565
1000,282.87170000000003,170.378,188.276,87.6437,134.555,254.5,163.738,76.8008,158.185,313.9124,303.8337,197.953,180.56,187.174,223.383,98.8889,213.346,64.722
