,0,1,2,3,4,5,6,7,8,9,10,11,12,13,14,15,16,17,18,19,20,21,22,23,24,25,26,27,28,29,30,31,32,33,34,35,36,37,38,39,40,41,42,43,44,45,46,47,48,49,50,51,52,53,54,55,56,57,58,59,60,61,62,63,64,65,66,67,68,69,70,71,72,73,74,75,76,77,78,79,80,81,82,83,84,85,86,87,88,89,90,91,92,93,94,95,96,97,98,99,100,101,102,103,104,105,106,107,108,109,110,111,112,113,114,115,116,117,118,119,120,121,122,123,124
0,0.0,1.6098086508430736,2.3290396732218532,3.8006735316945437,3.1128908490759266,2.7249227524508224,2.0534367490777994,2.1866266033121273,2.791550655867402,2.930952255874175,1.8153413971066088,2.110527644509315,2.9792703600346724,2.462166183580227,2.450787364260268,1.7893717003737253,2.568296942088663,2.1678177099237494,1.5035165872450458,1.7344113631771165,1.6309001474177485,1.8077079929615487,2.691020631271555,2.515867905498924,2.5025800384345525,2.6463504777776903,2.965650203704507,3.1753584480314823,2.563750812100272,3.4225752962422225,2.8714943797288597,1.9529652524226389,1.9809708080824895,1.5669493051842602,1.9857106411044532,2.2148452567825316,2.0799615941745673,2.375306068294084,2.0799324836559228,1.9584871932395265,2.1542447244400758,2.30601541449015,2.3392058821508517,2.0720352435853173,2.198989657845473,2.398002045942348,1.9788083267437178,2.60291615912541,2.577469428711646,1.935009755938001,1.6492974104780873,2.5672330730193633,3.008336647622644,2.8689496094655267,3.1803224393879517,3.106363884608436,3.896943293842069,3.1796871192804668,3.01369721934098,2.5816709086248184,2.3837750990202693,2.4111706075153156,2.176829752946754,2.169541239638851,1.915478845170393,1.9326674777823505,1.761486841945074,2.469740727023206,2.5551206739116648,2.464549076638838,2.5323715953139594,2.8580696301165016,2.7798353261985485,2.5921825604437103,2.53397672868838,2.53397672868838,2.4145686246599736,1.9267474810213268,1.8155958159766716,2.3548662071201165,2.2592876653620793,3.7077332975717114,2.7585427342862188,3.1355474999207074,3.48264344772692,3.1970614294436275,3.4526184024717437,3.148066510573793,2.986110352849748,4.275238097864913,4.092789157412819,4.202146513412897,3.7402728886548893,3.2225802667057346,2.8951762975365716,2.6737121670126482,3.1411229215041567,3.1892773434008133,2.177117178274429,2.3708977549435404,2.48984009756907,2.849400948464224,2.005831985149881,2.0386765902706343,2.443495055324917,2.1677315142676274,2.0336983785123772,1.3356573667290152,1.7766998156563776,1.9480682299550411,2.3925855810048593,3.280251010906194,2.250458388779466,2.2393684586315197,2.2377092076979412,3.6172094774049404,3.8996111141874117,4.538433443257247,3.3282722319253373,2.4994822130107877,1.8947387296028007,1.8599526847825048,2.6503123853801798,3.6740067429949894,4.298811507575032
1,0.0,0.0,2.727425315748797,4.90978600042387,4.605517673374089,3.799697859697182,2.466644589183362,2.4192409541826105,3.906631359777986,3.768524372778254,2.4033735587013654,2.7092262210554825,2.832425290863582,2.6572931917989218,2.7014571297311942,2.097471106795133,2.5396095860207515,2.272610399036524,1.7570581628289612,2.154515835138641,1.6028152757480933,1.885091639338653,3.001609628675066,2.6338210728186318,2.679918773476475,3.019948780500597,3.1811833192358274,3.598472247846793,2.843178390221386,3.7301852577669083,3.234678790863357,2.6022020392555665,2.948638829583796,2.3633670058717313,2.665871597387858,3.164973944392721,2.749659446271764,4.088233854747416,4.025601483913099,3.3554077398701714,2.578158530630294,2.8163795798855173,2.5823103084094767,2.3415289728051447,2.392272409595539,2.6164027471194418,2.17107445166575,2.459298848486846,2.5525084865052476,2.4768895915504916,2.256313609760825,2.851172994866237,3.443472848421373,3.3967133199661,3.4695477118999105,3.6495822592370373,4.089220465317127,4.283930893453518,4.379410548181188,3.812284574738495,2.979709620437693,2.953673631256232,3.1730041838105025,2.800487381458463,2.077191595779654,1.9635419067391988,2.059457332848561,2.6167953245903752,2.186548040681316,2.3644261410246425,2.4129769375740193,2.392699955080011,3.0911199741455895,2.908279812765173,3.206818604993853,3.206818604993853,2.64266430740225,2.8146128524932013,2.2657053780856926,3.904789675547877,4.09369553087189,6.800082332833488,7.190155516243267,10.472128595315274,11.28068479864042,8.979534733516157,6.25445810445432,5.861928810473564,4.816906440129444,5.82925430086554,5.193470963598564,6.018785561581405,4.984263896197932,3.8657191096632335,3.6284900814495606,2.965217920262868,4.2161649946157995,4.942541224110194,3.183319240137747,3.4426482804446468,4.328754689790739,6.994814383305778,3.426368536455794,2.3233627253751976,2.2842547388957595,2.083542742686836,2.0185723357252723,1.7036397563539991,3.299033319736243,2.934010479498029,3.954022906335408,4.97264417267265,2.9599534953701383,3.163284149393939,2.6052548043264565,5.079288209031276,6.716550387821682,6.690275770913799,5.5587843486793185,5.63231981177082,5.233636981958319,7.469327144552302,8.169902189201846,8.468468977480356,8.035799390163069
2,0.0,0.0,0.0,5.564893337628312,5.439940217039762,4.83439448376985,3.2315551235169875,2.897463654788927,4.89053775923331,4.58788519971991,2.562404868458653,2.7179296596918,2.6881159544299345,2.288194108547807,2.8248399841653433,2.186934102399797,2.5152689404109747,2.195131232070879,1.963017899570171,2.2194919882581097,1.4673881920726954,1.9872984672955052,2.6425787358096495,2.1861438388809424,2.4294083794479246,2.576442293852837,2.8316677101402328,3.057652166484129,2.531309455407072,3.0597817157118916,2.8661895907949138,2.6937834137393635,3.3925751180102317,3.0588315605473757,3.120277859576896,3.967844280083092,2.783619304277975,5.420005307873961,6.21891683008717,5.066291593014558,3.054545181877098,3.47470533151517,2.8951465175204376,2.496114859286376,2.4258732561798526,2.4492777123005225,2.6870212758215257,3.4599724322427923,3.4536692602824695,3.3265444215122604,3.2475699329560728,3.230893916431982,3.0696760693332843,3.4227864838360538,3.474627641782245,3.357948029672516,3.6177478785675294,4.291071399901299,4.965756158527855,4.852486222842929,3.450075712808429,3.3308890579434425,3.5141575088595904,3.6586675284319528,2.374193836962891,2.2124597110580813,2.4863900930696072,2.5692620284607046,2.077147925035217,2.819701536160677,2.3716551884854793,2.434642067530529,2.8753595804814274,3.9280185775633596,4.756204671297251,4.756204671297251,3.5111814479190038,3.1953784726161825,2.5284152086162095,4.440012131697516,4.7646793690678395,7.793523005797151,8.339931241657478,12.475945496055198,13.766886900148217,10.71060887236656,7.273476223632399,7.576966019128957,7.303016927131136,8.722029797681063,6.79430857644106,7.270504165141638,5.547250102728698,3.862940936431172,3.509843663538766,2.6469731975686863,4.182063470171081,5.3457665570653425,3.259119603141157,3.8684960568195015,4.505090288926969,8.153794321956713,3.76571967831425,2.6369546552185805,2.129264842604346,2.0411404456730553,1.8951499719538392,2.174990411417765,3.894669462818646,3.492672983438825,4.62721953214886,5.064584984475886,3.201358025212584,3.619326830768902,2.910216471881859,5.838135872893229,7.379174180074105,7.548097826371847,6.115695950358502,7.094192685919301,7.338097981734765,9.807502588414078,10.089005671302722,9.734762266550787,9.113014799487651
3,0.0,0.0,0.0,0.0,7.129362311941742,6.67991835802025,4.81831973350478,4.163519718265987,6.173309977647349,6.3492298669810365,2.842416666411933,2.754459402133996,2.5126644828942357,2.311473275453007,2.816824956249811,2.7280138824654525,2.6633707806065128,2.6175708064437657,2.648922506989895,2.7206242606307915,2.042116975253587,2.5799196944091625,3.102742507855867,2.4064359788773295,2.673052175991794,3.0371696254632963,3.1708525804576158,3.2017513622103664,3.4709919956162723,2.9800833670370794,3.20573466381076,2.9808335284931915,4.098179608262699,4.5158463207417405,4.62604697055602,5.683686352184587,4.402130581293213,5.335026768966333,6.522205982679095,5.211939002735169,3.0249148547973217,3.334211584771735,2.6832197676428935,2.9500872973061214,3.222523588630709,3.359812989421603,3.2668400890233937,3.3961504693990627,3.8564343499897493,4.848668948626914,4.23582034431069,3.6911648832650927,3.4161518116107237,3.492704013000778,3.5387228643449307,3.254739108356039,3.1051365176312675,4.549038045612828,6.124729052811801,6.257130263607075,4.968126323154034,4.600602728470282,4.846798051321791,4.957629045595205,3.208662479587458,3.1355472253563645,3.1289633461294994,3.4189027456775753,2.3055853006893288,2.8292622408963166,2.8357952546173673,2.4294930068507155,3.5779947272722796,4.247928382363631,5.235181678490478,5.235181678490478,3.754884901206633,3.635571530962542,3.162384698484033,5.394879735318556,6.227245570536973,9.036447188767852,9.663693615122556,13.515304022644099,14.484992000474431,12.075178326694846,8.779595308507162,8.907800473028544,7.676905265108813,8.407048404306353,7.461695435675727,8.671092986803904,6.631812040303744,4.693669806092345,4.089947181851363,3.1528750355246453,5.162069085420928,6.376217517153125,3.817635469923,4.509178142120296,5.667263286534273,9.280672726456498,4.744811923255213,2.9866268975767323,2.338868835040637,2.329145815161663,2.1171692661287635,2.98260693144982,4.734634500036263,4.024504638386679,6.099061943239816,6.565258832148036,4.340995412393976,3.8785700079770136,2.6933813870841483,6.812993639443353,9.047346720243304,9.046250184711743,6.97614386873869,6.638058813923342,7.411212593558643,10.078118962388274,9.915465004398882,9.597720925619713,8.68007281459773
4,0.0,0.0,0.0,0.0,0.0,6.546926905575249,4.717663934071325,4.712104841381535,6.489889244161027,6.3339227052717595,3.8603226436046945,3.1300529812775175,3.2467505781619823,2.614351058582624,3.6821540634851178,3.531491507870791,3.4102302378958846,3.439644285749836,3.1749605277863755,2.857109136314543,2.9144322227394097,3.2905393716079945,3.3421675106280904,2.4438405451905116,2.935008444134237,3.0316999265604703,2.8893863452531923,2.7961520766942853,2.9079027405474673,2.3964544551882008,3.1437949337754225,2.6934672775013486,3.989282084100671,4.20753499788167,4.122213621499548,5.4595894230331625,3.7118279639893488,4.8794503133668625,5.57784723103447,4.514687380925177,2.958976237818709,3.098530712729385,2.6567498253399564,2.8698838193904184,2.746306616462311,2.8340666467982634,3.067840914651277,3.5170080632646394,3.8465747622294684,4.6868447496976104,4.28481942833014,3.7090722894923664,2.8853806444777574,3.1401385032953826,3.26949931138696,2.845885517491489,2.646612001567452,3.6653332817457627,4.795355146741587,5.732852985271155,4.139379919543286,4.023528598475052,4.2610385161747555,5.043897239144044,3.2106055715182285,2.9374507860996877,3.173891476392875,3.321042939252282,2.527479317719941,2.8129290497579738,2.8349107110682623,2.66754603660499,3.2191923319061058,3.8577766543212912,4.238769888247364,4.238769888247364,3.4102559834426587,3.5185981452494115,2.927201839631709,5.008976926782087,6.148389417240652,8.714871481168888,8.037135341497404,9.943739094777005,10.669488026132028,9.911767286822638,8.318323979867385,8.51871707279666,8.359101900615485,9.953130471055971,7.509856262584718,7.049432470309864,5.415708828089523,4.022759832229113,3.769991001305188,2.8824466476595276,3.9957317525473575,5.256120837009433,3.2948805380079786,3.5513309944766647,4.43328385361582,6.847780910114437,3.8658563673177033,3.1307363269115216,2.826746159337176,2.9659859738425003,2.6297879650575973,3.356886152425324,4.444264052029108,4.497498268754362,5.7350572148201024,6.224854176242054,3.8320070821549077,3.5818158361947705,2.5565780358017145,6.392007551044866,8.220017538745305,8.091244285590909,6.331653441363103,5.26074390988057,5.889729647772177,7.167141992233127,7.619263917051984,7.818040047414214,8.343959356343916
5,0.0,0.0,0.0,0.0,0.0,0.0,5.095961201213276,5.01652089462293,6.776000823572116,6.7865230652477555,4.730000886986866,3.450296695465053,3.127733950274388,2.9422453139793143,4.041523396574473,4.0420688440309975,3.5185647964641262,3.614272228990503,3.1729042372315885,2.7695766936558672,2.909327860339409,3.2714575385598645,3.201799852033169,2.429215864335304,2.6650771922807697,2.7103999988077248,2.7726789777763874,2.6730169795776813,2.7305569797793106,2.4817241216504082,3.187371730666031,2.7016272895812476,4.08141536337817,4.553583001479555,4.324418646764927,6.014040931707469,4.007426316241173,4.595924707633581,4.669372388916321,4.07883220262094,3.079059838209713,2.8475705226150243,2.8153586420661347,3.0070088578339016,3.02832862945603,3.202591045437591,2.834463325430081,3.40553230044533,3.6584877967035347,4.953876608970507,4.471855889537483,3.515516210443527,2.873766272653066,3.0763069321406395,3.0089190767727976,2.818929809304662,2.26160888344785,3.5957933094978802,4.813721665077428,5.64162910807581,4.432338613412755,4.138554814147161,4.492661655154582,5.2915627626826245,3.666890284761469,2.9726294095242007,3.340836949480894,3.6489253612536623,2.7027815599631713,2.5887820842204223,3.152035369084442,2.994295373460676,3.8029590961431126,4.122233365991227,3.964389561338778,3.964389561338778,3.644198195567349,3.6089741387924104,3.387619238292378,5.1032775816500715,6.311160206672444,8.851653479490913,7.777683333263311,9.106977280218247,9.666238368504764,9.089497718042734,8.123880635714704,8.160563217140869,7.1515012513022285,8.273673015668146,6.710370287674576,6.650302952962975,5.031148383113963,3.7649957211630483,3.8107435878705194,2.988242752993904,3.7210782790312216,5.028671842248838,3.2442165468747217,3.2851591743124424,3.998346128167518,6.274082905592613,3.758198920358728,3.363147784277897,3.0094225487674775,3.17421777353718,2.704421160886318,3.5881947588609213,4.557957778148455,5.059948593065149,5.951005948963355,6.733467291377729,4.16927168038557,3.710105863881065,2.497510607210334,6.025159115494622,7.867508626745434,7.730006177253658,6.180264873454389,4.712066288751568,4.869246516180923,6.158341374183723,6.69621928637083,7.741841514282756,8.370215142516926
6,0.0,0.0,0.0,0.0,0.0,0.0,0.0,3.823729984062259,4.919031594117547,5.156394260448857,4.234680936141853,3.450878630668218,3.1713630197970217,3.1161767922780803,4.658736358366905,4.327712008007635,4.148135067856991,4.40251337168809,4.003549989859886,3.1401885583146516,2.817144197842614,3.7251595519814993,3.6183527180656156,2.195456918262385,2.376366079333294,2.5622062141048407,2.7238479734170356,2.576861180460059,2.454724407187956,2.5797139538527016,2.719934045254049,2.699045878521937,3.5313535654472235,4.067790796990547,3.68669279461087,4.6430032783917214,3.25924256878218,3.687105052985146,4.01516739036198,3.512884338313592,2.5695317769001282,2.6133834501706716,2.6447109675674434,2.4123772982965486,2.5207720893574064,2.7598789853034766,3.3598594362690024,4.74173139691178,4.486928059951549,4.731173276235469,5.277558264856822,3.6496223592023513,2.8591483733409246,3.052682002608107,2.7315561961215136,2.3581439439640772,2.200663351535474,3.2718177864912685,3.9598940930485824,4.485982984115983,3.6441349371268874,3.303453593661888,3.511643392708036,3.99912285651945,2.969904885847794,2.5639878638621667,2.8910914192535513,3.1206037282295878,2.4694405686485723,3.202309359246506,2.731497077334252,2.7967330367107768,3.2291078859262177,3.6462646185186474,3.8755372843632654,3.8755372843632645,3.2256741520926684,2.8619586576753573,2.7395068512380947,3.6995405393366494,4.663235849453896,6.214520213175798,5.399492095071664,6.005823629984661,6.185586977884497,6.1897447124245355,5.813658539606486,5.943040172016687,5.735847906685358,6.366066755009915,5.290353511685697,5.180777728239714,4.1240876155711295,3.1278614748493783,3.1764015413441116,2.648517887437931,3.132395799567745,3.9049212106326245,2.883324102531213,2.993165787431953,3.4217583417434647,4.523770189847587,3.343524160182618,3.124206677660813,2.871031339159165,3.0951396242924716,2.7961753677997128,3.828362068789052,3.747122888843767,4.220900812020174,4.554285912138954,5.064858357858556,3.3435670094813137,3.1008562017865526,2.500665202850642,4.699247524799873,5.826979170184284,5.949078981628001,4.644103066736148,3.7178623434316957,3.980659393097352,5.056654845130264,5.24925202631953,5.8963880065551955,6.125280519519212
7,0.0,0.0,0.0,0.0,0.0,0.0,0.0,0.0,4.932548467262275,5.052180228972338,4.3368861288959,3.5655571871415916,3.256474988623049,2.7942285316499995,3.947977799029972,3.8043553097829093,3.4187396569799784,3.6033137273053657,3.1094156133940616,2.786854758832112,2.7013735429605994,2.919872228476254,3.013965417897838,2.21840860225128,2.4600109922946243,2.648324955232042,2.664926857729751,2.781799451577125,2.6382280782685696,2.5710341843135436,2.7381662294694227,2.530091554696319,3.29162602737024,3.3637018421912668,3.350933946453833,4.066206620361071,3.050333006856216,3.3445426012492514,3.648459758500993,3.1534252184890486,2.4273609676820462,2.2494920026907477,2.4810278469809846,2.647276055051194,2.268892790778456,2.334558150466354,2.629075958314177,3.1329988936948236,3.108114772608439,3.7785579591275766,3.6194863704752263,2.8771657597463056,2.8107118733701237,2.874671232780548,2.631811238238934,2.410291077580221,2.088537140518697,3.0472580353908665,3.43528528868573,4.109255049252712,3.1849718538626863,3.106365457597467,3.4568643300991866,3.978552534999512,2.773526709230746,2.38868877662225,2.6999972853737195,2.904201782368425,2.243695538157082,2.5138142868022975,2.6408372390641817,2.5065273028648023,3.2016300701487816,3.105983457362651,3.0609736215166685,3.0609736215166685,2.7941377041664417,3.284190702082627,2.78239939346436,4.196934967625022,4.7425620111963305,6.340193676774786,5.515184547963379,6.282993759415444,6.685741511327711,6.396368657584241,5.869773265776811,5.946940237819064,5.623038091745616,6.5159947747829365,4.819679384914178,4.336627146961211,3.5639355655310387,2.840866236333957,3.122090648059377,2.6133058809210254,2.7374329977836944,3.7894639208628864,2.90713659358527,2.760726478362374,3.081339953470724,4.492998880312689,3.4271744029932725,3.4674612478001796,3.46616841913304,3.3549728358071227,3.1735809312240097,3.17440020348318,3.7559213149042896,4.232517773480607,4.392629285013753,5.11271721552286,3.2648334579902425,3.216374658864703,2.4260634796570417,4.42305127596649,5.576533011469032,5.295220226426653,4.277847949099218,3.574544019378393,3.6645226338640238,4.0299032442703195,4.632100833461464,5.731252591448296,6.7614562485906555
8,0.0,0.0,0.0,0.0,0.0,0.0,0.0,0.0,0.0,6.706304205301196,4.642191806029974,3.4767987346614757,3.2243658284719077,2.9352042277427697,4.200283680198437,3.978244742747683,3.633810874966036,3.7415590831244594,3.2154368279489183,2.8084921628531374,2.957336709285006,3.345321276415431,3.3372947809185947,2.3525113123607517,2.627172087481465,2.7698962024638387,2.7640435165599815,2.655166996656542,2.798882648579586,2.4515573194943023,3.10165714037681,2.6434815159670815,3.998160530346039,4.316776055759148,4.289366050595779,5.490166363405653,3.8135804589890583,4.008913405689548,4.417543026389293,3.7837693376474517,2.8087626810852346,2.7710011032092576,2.7202508703459016,2.9837164858879395,2.6765058843948437,2.816762799841522,2.844358747823746,3.333177746361478,3.443376577892799,4.834123580615853,4.184081549604851,3.4729500960151816,2.838545321636761,3.037600077219329,3.0320502289946334,2.7717002630266436,2.343283626580424,3.6725852167993107,4.799260905709528,5.628570591150024,4.311673015693708,4.193443873821954,4.524065008662776,5.289449992476753,3.5973283664499514,2.963035428852387,3.4082544625349613,3.626943267775114,2.6781278673730564,2.5904882078355547,3.141431777905242,2.9897497143792315,3.8237190675272563,4.079667431337056,3.846553886182708,3.846553886182708,3.6129977680777463,3.703215163222656,3.353150946892145,5.163019009602355,6.211159556133748,8.496395118818437,7.707100059634274,8.966073714677348,9.462809321597916,9.088072618724365,8.052269889761709,8.132465936407614,7.172903773630974,8.378495476534725,6.749045454032794,6.725509765593548,5.10636047177909,3.827011431614022,3.8204170668812307,2.894839535564871,3.712722759205991,5.1019558881966685,3.170110008079905,3.2144967265842705,4.127511516566744,6.1984626104896305,3.743461078304458,3.2625607707658246,3.109067040097672,3.1525532378143497,2.748095459182609,3.5051827295596647,4.434924573126133,4.847015398176937,5.90806426489031,6.508933979635965,4.022615846078502,3.5315406545007346,2.4791782402867826,5.747221229995831,7.816320301689148,7.287634786772247,5.7268421354999886,4.229387017037264,4.624107189006662,5.397259947627944,6.243117456545448,7.160121714763207,8.097799517789108
9,0.0,0.0,0.0,0.0,0.0,0.0,0.0,0.0,0.0,0.0,4.830234956018908,3.445748099114513,3.3248698467193116,3.1387724716720986,5.105696099304276,4.7629810341349055,4.555582236430687,4.873209536708363,4.245850044277327,3.4908397111567333,2.9133141387428863,4.11431531079509,4.029886569591663,2.3801760792193285,2.617342245643748,2.865433802871359,2.9334000842251933,2.878635936627842,3.048079923988859,2.7445231334781757,3.2707247072192005,2.740051158521341,4.215761876031573,4.750264041318868,4.395394414477216,5.819560840755419,3.997951939495327,4.405494496420942,4.726326572163313,4.0845400971605335,3.0146838860292053,2.9670209664620626,2.8837189864523376,2.821957052055664,3.1392937720453498,3.471597654400766,3.9292536546640977,5.5273947844654465,5.0694492948083525,5.631333775729867,5.988354969749149,4.142130177360361,3.1022781253873344,3.2763589514257077,3.2143493457428827,2.8596808828156486,2.3269967717435915,3.7048650836084343,5.000408568519523,5.823202101281892,4.528911310284875,4.098575994046613,4.5155366689641285,5.3071189017776454,3.5755205131885766,2.966024421949411,3.5201737293188797,3.923879204763111,2.9047044784230893,3.5858248599657907,3.28148245175666,3.2283284705861495,4.113633141206234,4.773315340122439,4.996682980948271,4.996682980948271,4.201090113410226,3.4414776450800724,3.4449910866012297,4.877884018319105,6.093416402094517,8.45778143128943,7.543139607363844,8.749214281459514,9.113361108756067,8.780622677464955,8.10381279507994,8.145235129818326,7.338138831226513,8.363154047831685,6.977278151420449,7.191492804941533,5.334333200651248,3.892764329240659,3.8049352621347565,2.9839997859774523,3.621681568057883,5.106460682089533,3.3051732924993784,3.308358032849098,3.9137156768148973,6.227638141010626,3.8767331931091547,3.5232427760823297,3.037906561157634,3.3210127329298733,2.7810634379804093,4.380639924022741,4.52718742848092,5.071012051450414,5.8143828059310625,6.460548416453491,4.234000381696471,3.658904451004757,2.7391845956253196,6.124017991716822,8.05067674329936,8.07260894359522,6.0981560594631805,4.70669170116127,4.831943632038888,6.229727024062632,6.695967138418116,7.468983986386856,7.869329647003538
10,0.0,0.0,0.0,0.0,0.0,0.0,0.0,0.0,0.0,0.0,0.0,4.027092770298249,3.8812776374734828,3.639190731333966,6.33706728527544,4.834809638568826,5.117030881853165,5.480229682601428,4.318910410890147,3.3283417261113795,2.6401443805121247,3.9903770271020518,3.8071435838111456,1.9166647908812073,2.1685981498994575,2.540532296830834,2.5000148455668367,2.609161010308507,2.734850280651593,2.6600343799748236,2.3979321662893827,2.230487769828503,2.7830852761750906,3.249865995727133,2.920248808367799,3.45794677207662,2.6456766313491507,2.625943952416412,3.426787848432153,2.8967414108600478,2.081398254842598,2.049007637760302,2.074030600234282,2.087258423774414,2.2682753966575318,2.1139457770638437,2.477182524450582,2.7553957614565414,3.078280999758449,3.6790106704661096,4.8508142753730406,2.759898796755015,2.542123489558175,2.6125559137397656,2.387725150021134,2.4206547495172934,2.1302242565585114,3.0048359895531673,3.7247891984960737,4.066367063162903,3.359755146101468,3.092839481613364,2.972738409120395,3.559260335658349,2.9442024210844076,2.4656510448704965,2.287998919939815,2.8958872301281047,2.342629239771767,2.2574971372950894,2.4030784137360968,2.566132169598291,3.016455575112232,3.5818953685807475,3.3924594847974436,3.3924594847974436,3.2022040900384776,2.5836607137505503,2.5890473692379246,2.982553374004075,3.409572791583445,4.461457580280444,3.9482183963322126,4.361839844996604,4.418884848219471,4.482392566514654,4.60596530644001,4.6766097093839285,4.883384560279537,5.850585273665078,5.073817820667926,5.153132151845155,4.0347385006260295,3.0563279407908777,2.7196734881388043,2.259770878596386,3.105291142873373,3.2954476081739097,2.3713174297468154,2.4835147020737565,2.7299972741149827,3.3868752621622895,2.7089217735892097,3.4719041721093773,3.2065325090611045,3.489490038743829,2.9098211749680494,3.9153147312738787,3.08983762105071,3.982672773120105,3.2532524824541236,3.744982638272983,2.7005259707910017,2.6927391074035927,2.0885418159231173,3.1209661226679737,4.0406803845425925,3.9971388820663276,3.017137206880193,3.279080681185684,3.186375846834708,3.5925603876440753,3.6482977383131687,4.52175376148082,4.9850799593031105
11,0.0,0.0,0.0,0.0,0.0,0.0,0.0,0.0,0.0,0.0,0.0,0.0,3.5813891126957826,3.457932426621377,5.946507201452874,4.494206983920435,5.065429082607508,5.441906241454985,4.587600645704526,3.640308895264273,2.4610819100699883,4.003495209097054,3.940647525720871,1.9377510718483715,1.8822701819573038,2.3403627133790668,2.618058469113605,2.598109575452534,2.7849672961403376,2.84647649718364,2.1433790408405993,2.690817072354384,2.5388112510619933,2.8523726470989446,2.2441293158779145,2.8577766150490413,2.2320331033866587,2.3942656177108677,2.854799286561648,2.35198677762049,1.8666527048507373,1.4244289541440909,1.7864312534820233,1.7350393749501023,2.1111907901568694,2.0503375153655425,2.1772956160919827,2.5796178927042743,3.0226597267211064,3.2916193862777723,5.0020505259610655,2.6951932197397843,2.7424313064459147,2.574162485383938,2.307754437681473,2.2287596596159913,2.232102493235042,2.7270674815394504,2.976406067446766,3.1127559078341234,2.6743800800256063,2.539636709689742,2.2278114735518493,2.5014285140684365,2.3277512113184984,2.182874749947579,1.7310449473684326,2.275183292889177,1.8816578188155357,2.184564105796398,1.8861593412305941,1.9444822087619291,2.322895929629363,2.44083434440494,2.405176627578664,2.405176627578664,2.1965630034655304,2.1560057229692546,1.9354342258548838,2.0973324666748048,2.46541289138602,3.4762042513567875,3.3595875977665197,3.8781071491260906,3.8920618360695998,3.759857648532999,3.472939319098583,3.7450313794368895,3.978953908650281,4.529629774062929,3.9834156471092994,3.9702599028924124,3.206931133282218,2.413076499873874,2.2640988619313562,1.8524531312691228,2.4554104748007157,2.6641953505712515,2.3118693179811958,2.101185531717282,2.3326929148226894,3.236981656002655,2.822481798294817,3.164259085213017,2.6583814681868203,3.07626212834428,2.873019586307611,4.183660242670198,2.9469408251833187,3.4695199414599496,2.4757689371839326,2.780016417748691,2.1647711762124553,2.3231594696296747,1.828845896726904,2.355484456515843,2.783795302093611,2.814270128390125,2.510674595143429,3.0883777356152655,2.7717019113170878,3.5966165819345948,3.1678263783707887,3.5301376421444735,3.3956578765382357
12,0.0,0.0,0.0,0.0,0.0,0.0,0.0,0.0,0.0,0.0,0.0,0.0,0.0,3.3500136420395297,3.867667205964278,3.5971903900138886,3.3967041412421164,4.101080562789809,3.5267427059654826,3.1204811628660623,3.27268173741499,3.2447108564736578,2.961833067458741,2.2412297272762123,2.519450253578125,2.207716827116378,2.456499486557615,2.4059073469181262,2.329311160907495,2.785508454483223,2.563202254654699,2.9264200125724895,2.9914966396860443,2.973816263306941,2.8711858446061016,3.037086913831949,2.3705033821835744,2.416833638517825,2.7092052361458556,2.2403640716022752,2.094026810433231,1.3904824506825624,2.1417459302667057,2.2025973624124693,2.3780790273959425,2.2907082653334734,2.5437446942215467,3.2389559846552576,3.2278512512396413,3.1524701578752876,3.5677026082285535,3.0367898958319683,2.7421352573914954,2.9449472535471966,2.8004321903330758,2.391574560880109,2.421696045340953,2.9361554249506687,2.730716871074879,3.05146777270514,2.7743946266180726,2.776054945593643,2.879008414187488,2.607180944130393,2.247392327385866,2.4897593386629175,2.012405170371768,2.223875700877529,2.0608553317967386,2.6120713031522524,2.1951815698968278,2.1052292403276147,2.4800806443706453,2.1092408910324605,2.217341867783808,2.2173418677838073,1.9305033488600791,2.503026330276508,2.0895253200240003,2.4679424621481783,2.9710311663032294,3.983526071695767,3.667174107025191,3.915413695254639,4.079462697356733,3.8492828031508726,3.77162010074486,3.8346346130094173,3.543586732527984,3.935512918222855,3.3126723023763383,3.156824194238456,2.6842910981719,2.419420419097896,2.7141828333747045,2.2308705309640238,2.4399853242500287,2.9367957453452473,2.6154630941369565,2.624616364929865,2.656135826194554,3.4831492873822847,3.181278027861699,3.003450964477447,2.8732889708433333,2.9556971188106087,3.1601181325662884,3.2423844933099333,3.249420038630698,3.3613992000586026,2.98088456721182,3.4241245476272053,2.49583791050529,2.669919272401999,2.200069140672251,3.170372084765406,3.4287939231945397,3.6798677554823516,3.1277975926850146,2.800577252158732,2.567421867952947,2.5636304429369434,2.6211630057599087,3.050104429866629,3.239010089664765
13,0.0,0.0,0.0,0.0,0.0,0.0,0.0,0.0,0.0,0.0,0.0,0.0,0.0,0.0,4.297019352916091,3.348361916350786,3.9942886455332225,4.914082762437675,3.53008364606901,3.3609824270351862,4.183932844098477,3.9733795126905966,3.071280809571442,2.38825930409085,3.901641753868356,2.689228574768123,2.3036220889973107,2.2425118728902036,1.9265883122887093,2.3035715169112168,2.3482136668727054,2.653127966667141,2.5344045006254765,2.851405629519528,2.6402175349577166,2.770233944362352,2.3750154335195526,2.2515847852935433,2.3616810139746445,2.1746814431104724,2.107023920427966,1.8458098049656424,2.3820849654832417,2.41870390306183,2.595113275673877,2.6504345831003686,2.787268711682582,3.634861672350477,3.112911959864919,2.9280783643618666,3.2754738205129343,2.939581168769819,2.064730026692516,2.5104999390386187,2.6180746133056574,2.3935466081724512,2.3755388745011565,2.71617481319182,2.748169570954022,2.815302478047116,2.9973121440251913,2.9401118522086644,2.652710671018917,2.6282405202330565,2.625093167761965,2.7129215164523015,2.529836831944489,2.6533414210080153,2.500790952705146,2.7663229277353576,2.611496167439547,2.39501613449377,2.7208975085755935,2.51411118811719,2.5038821194423964,2.5038821194423964,2.32524716718428,2.6080906392662797,2.382327281349019,2.3115413303754098,2.7260780845120296,3.4317522891648937,3.434907606350299,4.062631563172365,4.40450123683108,3.8194472868101492,3.3872339725561598,3.4857933145799596,3.11278212882058,3.121623418903453,3.0372476982007997,2.951507193847321,2.3753547345598482,2.478131784428447,2.328243376606637,1.8564243376597782,2.6407934077869144,2.5119567596026697,2.311698431442746,2.4266493933533697,2.6307654546996715,3.4104733071244695,2.1240746836674838,2.495822594314279,2.1468730412882437,2.534196929975009,2.526990670932972,2.8232364483767243,2.6589564357890514,2.9602904849109306,2.7725859534591244,2.9386090540313092,2.558928402382475,2.6166102625735337,2.2902218973666337,3.1658317675448737,3.6082538267593147,3.8475819029710845,3.062351848095407,2.6169675582527407,2.494068683946577,3.9891493271151566,3.7156219499781105,3.480304707673924,2.754526153291155
14,0.0,0.0,0.0,0.0,0.0,0.0,0.0,0.0,0.0,0.0,0.0,0.0,0.0,0.0,0.0,5.363872643052861,5.053921149916076,5.938232029761241,4.891738959281023,3.56093622643068,3.569115630140728,4.106385755214938,3.789017462862231,2.224212463845443,3.197000336307766,2.8714491768444512,2.6595662852597046,2.7602716505594547,2.4982140162791815,2.667719145698451,2.475842889154299,2.3165025677739837,2.6796231001754935,3.10371920361605,2.6525754658387894,3.207034247024887,2.3368770344840786,2.6997484217760723,3.2146476473371064,2.7539825451008406,2.0225130781221,1.8341161422235364,2.184429452119235,2.0183243108519546,2.541622467139666,2.354735559721043,3.0267379384146738,3.845224819443236,3.9553798556697863,3.798083430070012,4.763599101134895,3.3396136140472654,2.5204676232552097,2.6910277470871105,2.5090604314012417,2.3836246387646396,2.3389983631009583,2.7738963789145554,3.150503950413276,3.533717198892023,2.982507332542665,2.7533081448185275,2.782102405936256,3.3064662314430366,2.6514846849066025,2.665358213318816,2.5905908717703947,2.781626611153082,2.6294020450993254,2.945029462365333,2.568790169263125,2.751373254671666,2.724145178381223,2.8647042366079067,2.683805021603419,2.683805021603419,2.5976742479456463,2.3973202770497917,2.5643034657167276,2.406116067766249,3.153940721608822,4.259051352149981,3.712335272833748,4.394478374171252,4.699818440432232,4.453840680251985,4.509666645050859,4.9241757571840425,5.2466081471444,5.925323334183487,4.72089346179349,4.425919505240971,3.528551832586991,2.6689964566516116,2.454001299137912,2.1463805996506364,2.6052530427456295,2.8324441635911497,2.2714587904380914,2.3696511367896838,2.421537583647882,3.4558995316500027,2.285779162621783,2.9394972648569464,2.752159605759594,3.329453600409064,2.6906124777331852,3.7047396466361753,2.6276970600608935,3.4861801150324876,2.801063855049309,3.181088934822239,2.562860885653804,2.4804773986101054,2.107849042349728,2.9667994608611274,3.7529392109067192,3.9089693648031285,3.1192187684125092,3.092941027116762,3.0634021640054323,3.746441273805083,3.6447687890319305,4.695521947998514,4.858036541440387
15,0.0,0.0,0.0,0.0,0.0,0.0,0.0,0.0,0.0,0.0,0.0,0.0,0.0,0.0,0.0,0.0,4.437851515319858,4.507743244881943,4.080448258869179,3.2776412166821145,3.0280559508745037,3.6048041603692744,3.443542475883718,2.202454318054366,2.4606244239842083,2.508986958830865,2.4809193151897517,2.4663730394979826,2.429332568997272,2.4816491836568626,2.2940504389418765,2.6614471162351645,3.084733940763911,3.398791980637538,2.9683305166429648,3.469699611356532,2.4875293697940393,2.6556204156784866,3.1387038852676725,2.820822578710925,2.218687506195999,1.9921875360500632,2.3018202222346487,2.1702166541363166,2.123074617923319,2.095850086485838,2.24014805659034,2.8660796477297237,3.2727569133065333,3.722279710846435,4.456730224571893,2.8669274893923977,2.636854756701684,2.626788820396442,2.4272825258814357,2.1569351268291848,2.1388391915686933,2.8851224092975003,3.2138010109346533,3.7386201357915136,3.0604274876686732,2.7966676681832685,2.9169930946203677,3.364766195772792,2.602758149380135,2.393649140167023,2.246189231323603,2.512354542326765,2.053111624424469,2.2850645110592778,2.2682325564576318,2.300008676426696,2.638960040032244,2.675551789158974,2.540019130515147,2.540019130515147,2.419061823340657,2.505853544579653,2.358520531018007,2.7529389307017342,3.434398518398938,4.592199678422992,4.12771959087473,4.4517415731389125,4.678123012562134,4.57030581588189,4.440412496065462,4.821156439172119,4.832331832424949,5.357977724030386,4.51642981766663,4.24098646605619,3.485984831447147,2.58124731043688,2.623856585984764,2.247645449663134,2.501816627910877,3.178153789555662,2.4782171201490897,2.399846330399968,2.6987662682965,3.5485933772977254,3.010348176772162,3.2870249321671223,3.2212704809066337,3.426200171790049,3.1171722626065272,3.8141221541262844,3.3567577258779258,3.9885216820519562,3.4278237155273548,3.709327971510367,2.6277017300473204,2.6488724351869832,2.1209483332480517,2.8883198919258195,3.4725148202375267,3.4291526150808953,2.983117415544317,2.9221963579347108,2.9789996098154954,3.3458712046174988,3.4698478249751132,3.9582867256425716,4.185281697551364
16,0.0,0.0,0.0,0.0,0.0,0.0,0.0,0.0,0.0,0.0,0.0,0.0,0.0,0.0,0.0,0.0,0.0,5.199356036247504,4.495521799193359,3.5517774041929324,4.954693318585457,4.163101069033985,3.4511350158611447,2.379942289635158,3.8852209444744163,3.127031885337275,2.429395532927813,2.3554171782112494,2.214945285811967,2.591845337643763,2.666184815758911,2.862062899228594,3.07944685261336,3.0842928645717693,2.913730889097897,3.0623025368672687,2.549385855624628,2.6652038424725553,3.0585617192594508,2.624205531968448,2.172024691020065,1.6214126735288756,2.269172934862582,2.3300059742531105,2.634555055198775,2.5801702091639798,2.7604171307547976,3.41454939016083,3.40120541122967,3.25144697443765,3.5555607367110857,3.177782767243657,2.7093099010118964,2.8307813299745783,2.7625037225941997,2.4429073479903205,2.3871605853239894,3.044294600680655,2.989349036558587,3.4814201430958898,3.223325927628019,3.0096923099549144,3.2719974180273885,3.3694900626561926,2.585710589571032,2.70635109102324,2.5373978578358294,2.7068855622670704,2.402183009693088,2.74581446773751,2.518561261828617,2.357546713808711,2.767726909675007,2.5497970211869547,2.545559132201565,2.545559132201565,2.3241710369414155,2.74081975884674,2.5716731858269477,2.7439408193205095,3.4330100995323214,4.47658861103422,3.9763974005835907,4.434082600437016,4.631478434439804,4.495935332318127,4.554431474712592,4.773536678679758,4.641556853119122,4.972556411518381,3.974454583682331,3.6198047342795214,3.068670146538541,2.60935439394255,2.812758296628774,2.3300690839894287,2.477147230531173,3.0172025492118286,2.5542672419583727,2.45215033677093,2.7398688382625025,3.6210941552115017,2.6437411480880204,3.038526975017684,2.8454288748235133,3.3032703912212096,3.0819818108181884,3.118095183260928,3.081746270871223,3.4534121804009117,3.138331417836556,3.56723326955709,2.725184473548776,2.785013194729187,2.2565214317895657,3.2133564971813153,3.6968455045719164,3.809942101780743,3.135341698884559,2.778798758837427,2.8226382049678658,2.841403063869381,3.1212118855462148,4.0210017913484535,4.43256802012133
17,0.0,0.0,0.0,0.0,0.0,0.0,0.0,0.0,0.0,0.0,0.0,0.0,0.0,0.0,0.0,0.0,0.0,0.0,4.6361486045871985,3.738681722061637,6.210983571382944,5.3005628494227786,3.7217638198919585,2.842373161081248,5.288749053385641,3.6984898505958492,2.634816444061747,2.6382993328040514,2.0727851765225505,2.2209632194980564,2.4229401479599963,2.481456228544536,2.5703991506979356,3.0225214564461145,2.822940436360247,2.9841293058864897,2.357999513481842,2.5077148820206117,3.0130908745318075,2.623936298298786,2.0920376002660874,1.7915321574928829,2.328743711229155,2.342311051154167,2.6402795470779967,2.4433326040773773,2.8259837901744,3.6179372121427487,3.501462734198104,3.286515604908998,3.3573066500231246,3.1287550165184475,2.129424725801852,2.506909349203467,2.5156167509280536,2.3660315870825785,2.348015674071387,2.6291187674374177,2.939951310802216,3.3250701643874927,2.9530323712356927,2.9643051069172874,3.0084031143639796,3.387943436525212,2.664163652024026,2.9393752783812928,2.780230560991287,2.8352323674356574,2.65735072871583,2.767540831355203,2.645961299934315,2.578531686420924,2.776991299383945,2.8113001669853226,2.678123129790868,2.678123129790869,2.6114572159586404,2.7214740286665364,2.7021513716044425,2.6513703201724734,3.2330230747407604,3.991001851988668,3.676995551455258,4.198580349535554,4.454535037644824,4.227858645815313,4.295594851295646,4.444508803649496,4.270156901451005,4.746544660866874,4.049450871040328,3.797862846643729,3.1632981740767763,2.674641644409774,2.5242540064851577,2.0483752057618796,2.798246996933891,2.9206920858987804,2.299849047120816,2.4041174495131665,2.939925573930797,3.379784548918023,2.0242586148590354,2.7033385355489483,2.8050581954056457,3.2353744386660006,2.8230952693865548,2.9557046455100986,2.604325491496375,3.18523300647056,3.0326855550568723,3.188256090424003,2.630815078258455,2.5967162315026204,2.2328442596609337,3.0381528517400853,3.769545332784828,3.823010746857912,2.9433790120465027,2.6807698897620904,2.825341250109809,3.6065849792146922,3.576309624062638,4.154391335498429,4.029439794273213
18,0.0,0.0,0.0,0.0,0.0,0.0,0.0,0.0,0.0,0.0,0.0,0.0,0.0,0.0,0.0,0.0,0.0,0.0,0.0,3.408726941096151,4.563495313761624,4.430596587646343,3.4340991566647454,2.868035194696139,4.278222240848266,3.174207570241922,2.515532420311715,2.490540175647493,1.9582334385553075,2.204904081823113,2.217024034959591,2.6099229184225696,2.645120620709111,3.003007342222214,2.751401654189832,2.9949860800648076,2.238684850476098,2.283182296050578,2.4898388513873075,2.332725896471639,2.0476758530363224,1.884851361533052,2.2905988750351898,1.9806440624138155,2.1316919275875255,2.2436518000942254,2.2596631139652503,2.7039767025157033,2.91827327372681,3.0288244832177673,3.5673925184456112,2.6851121653253704,2.223874198944627,2.480889282322043,2.331527976039918,2.158887931581744,2.4790029569546004,2.6559933702515823,2.70604588538483,3.103673469573193,2.604404142376286,2.501035851074184,2.529203712206045,2.9175239770486154,2.3128992630263805,2.441812947710741,2.2792269616417618,2.33511761214539,2.0694027247418028,2.211440725117569,2.1029568418574773,2.056141299904921,2.234390981371477,2.4865686072436604,2.633831712607953,2.633831712607953,2.288898842672505,2.4625982385908225,2.1314593753533493,2.2550134539248314,2.9008959039546025,3.4716285753684644,3.1297655090338092,3.1638987725814824,3.217111938561401,3.5005350138076334,3.6351062045775997,3.806561711484677,4.173126935788362,4.266921429843138,3.8203715687032758,3.206261743273849,3.0394273462339823,2.5671569654800033,2.478498353392318,2.1197408753723104,2.6033058689174204,2.712221779357048,2.341794694872161,2.1583805077057385,2.678830098782882,2.779095587556313,2.3062219360066605,2.750014212989878,2.9084721746088262,3.061602731399638,2.9237023379267093,3.1376972052145833,2.8388862372087753,3.211708500128526,2.8641093125501533,2.8061467784810454,2.26252830560408,2.3724322597928147,2.1352108228191438,2.5566676134173014,2.903833890762765,2.9833291399342476,2.4413370033108728,2.346852152398781,2.464535288911628,3.1773402384676617,3.0914912475455627,3.3110332603951105,3.1058920176101594
19,0.0,0.0,0.0,0.0,0.0,0.0,0.0,0.0,0.0,0.0,0.0,0.0,0.0,0.0,0.0,0.0,0.0,0.0,0.0,0.0,4.3932596423364885,3.8653964413344726,3.0908002051935624,2.5314565945465324,3.659410131212219,3.079389854853085,2.5669658182295616,2.344112603082065,2.1306212831380473,2.224827922623019,2.026927067182507,2.4570513702729824,2.1824837381245987,2.3843740919131076,2.311363318459461,2.5491031807380122,2.140262258588617,2.2167007045549596,2.4570617706431657,2.162686002512731,1.7532653817939603,1.3400563145616429,1.7986582068083043,1.7601092719342404,1.988792526000533,2.032773845946011,2.073983822049634,2.5408642328077415,2.6544714398468336,2.512205213266611,2.5944137918926047,2.3831899357850106,2.3356284003122174,2.3138541651442965,2.0510086226523474,1.9708100106650237,2.1395936476479,2.314181215361002,2.594058102546221,3.0102629254628277,2.592297815048881,2.4112782627797076,2.4235401113216333,2.7515283311635508,2.2142673249596267,2.2985243017625794,2.08918653252256,2.0401293223562473,1.8574908026294987,2.0256350442851923,1.8826329798386512,1.9085843951543058,1.978352613848779,2.092989422300131,2.078729163705553,2.078729163705553,1.9069591093847416,2.0756938992250995,1.951618897505626,2.0937867922545808,2.8285505745820014,3.261092878206879,3.0496254740394537,3.2893297336308898,3.051468493914858,3.4825261329113295,3.257290338391717,3.5083564495996824,3.5931919493808557,3.4073339197842603,3.5198975534251975,3.139736610273791,3.009348870122451,2.306460141734764,2.3438102899793933,2.096255254957482,2.5549946319149996,2.619734318753658,2.3736254828606325,2.1510195643686942,3.1137890957879226,2.9404893982221174,2.7376282433351165,2.664671094575265,3.031187779297592,2.9054115884102303,2.7866732033266257,2.4781832653389135,2.6800098358083657,2.770446778746616,2.6753105051944592,2.6745879543323503,2.1631063702798943,2.107040279372397,1.7296607222060767,2.1531258482824818,2.5107002240039344,2.4028357626553905,2.287947986319238,2.063513238124925,2.160663308545269,2.128104074245436,2.369944871294592,3.1572293102085474,3.4685407153009997
20,0.0,0.0,0.0,0.0,0.0,0.0,0.0,0.0,0.0,0.0,0.0,0.0,0.0,0.0,0.0,0.0,0.0,0.0,0.0,0.0,0.0,6.015601551912573,4.245700025583791,3.217842225099917,6.162146463306377,4.323473979978977,2.70389250145075,2.7202090109286736,2.168803010945972,2.2794252341841794,2.4661312618252316,2.689372048877324,2.3466407840890517,2.574953140701189,2.632264772273977,2.7207817125514913,2.2266921990872715,2.0997992538422263,2.208998523027104,2.03671650682868,1.7793897028816168,1.40252187987853,1.889600356619836,2.2341763488081,2.41309548642842,2.2496982360829367,2.3514427909566713,2.6022002580680326,2.5148107923482312,2.580264185372479,2.9819777653603015,2.3335163028520496,2.457355643849189,2.3884360294444735,2.502505047343276,2.390931048257709,2.4391904347024043,2.477939137774676,2.595788129577797,2.9497466462434048,2.766324150163633,2.6572432078980563,2.736808252201265,3.078291329637555,2.581156875888744,2.8491704169821293,2.582440653833621,2.8668020622344597,2.5623302012423177,2.450630514404234,2.61622657550461,2.4067629765446643,2.6410536722375215,2.5061179323890674,2.449889005440098,2.449889005440098,2.3839197080823977,2.5156418819907005,2.4904688492489147,2.3608774549484584,2.7577461565885617,3.1890510475565224,3.023321318919383,3.3141659211697516,3.3651669668653064,3.3442783435414443,3.095968847686048,3.1907884045371664,3.0500914992799952,2.936054176850185,3.0840217093003335,2.8639579400132655,2.5101462171002282,2.345653691751599,2.5384479578415546,2.0066138267955536,2.4230130866859243,2.6036606593195812,2.34172185081003,2.0845907725841823,2.608429877121307,2.8053766058279748,1.9577793943123665,2.1231643104995026,2.4343452546480475,2.599101857123494,2.634909699500244,2.6167813935895365,2.551661505429702,2.6462286403189332,2.594649467916752,2.8253068250923414,2.235135757585659,2.468958853742971,1.8866667465282094,2.6121967206920846,2.776438774619371,3.1206421424629123,2.3167867660459067,2.4075539335555933,2.2447335961376726,2.8868947718458613,2.7240889384200435,2.6019197855831773,2.5797452905161666
21,0.0,0.0,0.0,0.0,0.0,0.0,0.0,0.0,0.0,0.0,0.0,0.0,0.0,0.0,0.0,0.0,0.0,0.0,0.0,0.0,0.0,0.0,4.025589808572224,3.209705655288967,5.554733811312986,4.424733589854836,3.081177156195982,3.108515043281811,2.6634522234380564,2.5573740335405866,2.5904743846737244,2.645245325386726,2.5182671394170106,2.7516191486134653,2.610375573121382,2.9653432280225513,2.4255006272053383,2.3461257221695604,2.6020505102148372,2.3263264757523867,1.938830923061326,1.5170399490270898,2.049079344779618,2.1083229663011247,2.515550314807988,2.453056265148702,2.6076645982083413,3.013999393749455,3.0055416017533343,2.882911352128233,2.826244896952618,2.7552182099958458,2.6938093805105043,2.423131509634711,2.523651861464594,2.2064207584801703,2.246846518898835,2.5283795830252354,2.6583525770195986,3.0780879588319356,2.686571863011825,2.5731035343505773,2.8876648787016217,3.1560902956333745,2.3951864989523335,2.6143978448799117,2.6999087355478726,2.6125312704851247,2.5152818568893927,2.510324944021882,2.503087088686821,2.5058895290844028,2.547821494741183,2.5799604894095136,2.479782679074166,2.479782679074166,2.449219017563443,2.4730575654054583,2.5766207672389774,2.584305315840251,3.103419557209784,3.706678060402344,3.1556382745298053,3.469090372066827,3.555828452668164,3.5862003625283587,3.8319925512027315,3.9803709288617104,3.866968323521072,4.067941693553088,3.523337445468851,3.4577863817043126,2.95289069578836,2.426746905242333,2.487651453954077,2.090254980174529,2.2577263089398465,2.6362579953864036,2.3680571834583177,2.1441063496278705,2.5118320748173764,2.9247746061697235,2.0555538414658696,2.407104318226322,2.540517890599099,2.836225037308171,2.6795072781785088,2.5858151959178004,2.5407117192765787,2.759247551136795,2.8219022934027946,3.031443662979891,2.5704819605048765,2.303912256461992,1.962856454573179,2.4715439483832897,2.9969461111669555,2.9346100989814823,2.3837878372700807,2.282351310530052,2.452458038049334,2.86804938935179,2.967502606993229,3.4189550290711086,3.729916374418471
22,0.0,0.0,0.0,0.0,0.0,0.0,0.0,0.0,0.0,0.0,0.0,0.0,0.0,0.0,0.0,0.0,0.0,0.0,0.0,0.0,0.0,0.0,0.0,3.259509188203611,4.295239197641957,3.8092271412177263,3.433401202908132,3.461637159313475,3.003973312892035,3.191483519352251,2.7544319919069364,2.796800831429441,2.8952625594669525,2.824842541651886,2.5717091605957214,2.9802200629457225,2.2099202882254314,2.488560748069263,2.4452646501585082,2.2618340408748843,2.031512631523384,1.7680346037710122,2.2277001146364475,2.0356629665087493,2.1877544208668724,2.165191035742317,2.4356010264367542,3.0056325056490816,3.0571812742132853,2.8731645176427394,2.903402407263935,3.066003280486,3.1275173874745974,2.8400014978849977,2.8209792849836957,2.2075556745789044,2.278511936479714,2.7350458786075458,2.767470392949049,3.3007808187840797,2.6941690156347238,2.5030655100616044,2.866910060729519,3.0735570388522646,2.2881738272250423,2.2005947777497536,2.437191740440454,2.293053058842775,2.251522863218335,2.3929864125030997,2.2060262503840566,2.428996857831988,2.3556908473965605,2.5320702606116368,2.5018409414806273,2.5018409414806273,2.3810533916507213,2.4238576346080962,2.3225824398897488,2.525544340571277,3.3580844451148293,4.122775903314779,3.517912140162824,3.6272564865732764,3.751110888563188,3.9243488480054025,3.999514921204556,4.141192572255195,4.0762414017150395,3.9061557649519423,3.7483548584812487,3.6559150374416873,3.109683071840084,2.449017657102549,2.7035127831470036,2.141067390478599,2.2978282436310034,2.71650972356463,2.533047863095013,2.125740972651774,2.6034729954210003,3.022044475907401,2.577347700095006,2.709359430418864,2.7209935061426083,2.8001711378501906,2.7818142303961286,2.665841605604567,2.819951215400715,3.0038934853186965,3.051563592723461,3.1803211292506557,2.4921511544371775,2.3656864415927474,2.2124817843308775,2.5035712237355625,3.086025715474485,2.891465756379371,2.6865489979991453,2.3546678131962837,2.2624837992521716,2.69127220640264,3.0043637295124426,3.7750173089678727,4.068050990602709
23,0.0,0.0,0.0,0.0,0.0,0.0,0.0,0.0,0.0,0.0,0.0,0.0,0.0,0.0,0.0,0.0,0.0,0.0,0.0,0.0,0.0,0.0,0.0,0.0,3.1704137776629415,3.3908672807717024,3.3041874520478314,3.1276161476468936,3.1255067749943723,2.981653105064125,2.5149351560545066,2.5756971299255755,2.2753795928307023,2.3321719736163504,2.2535473499567327,2.568061579695622,2.344353548742854,2.135983160880792,2.2271734341023177,2.040611362242448,2.0055297722375447,1.6293223258478435,2.143946964179303,2.03493399725825,2.2541088471920547,2.074430070691539,2.2951712553156685,2.6507721143124567,2.4666841720772013,2.2196814631225976,2.355796778786311,2.393644467902131,2.7678697483127688,2.6247833235500524,2.5917705688380166,2.374301131446958,2.327821336613751,2.5467811301766767,2.634695785405367,2.8796633573359354,2.5253334755272037,2.3952822856260205,2.3767267850805567,2.4203387186594894,2.0136125814421186,2.1429242448022636,2.112134696390533,2.1449458494155333,2.1983976641089042,2.187404245481624,2.1534837329607077,2.4306134106120796,2.3171915537214387,2.2261026896983718,2.235853893213039,2.235853893213039,2.1258532588567194,2.316905894301204,2.0669759395411966,2.286339485289683,2.7649138457737643,3.261567211010119,2.8827665904215434,3.1073975051227243,2.9233251479145026,3.227851107126048,2.9632652190563173,2.909162420704229,2.8982721515998597,2.6741094377416794,3.084294073976996,2.8772401868745474,2.8464293202616586,2.605236406524083,2.6447643182671587,2.4960855123399073,2.8510367456886208,2.6923783809666846,2.799797027178523,2.82362976208434,3.5151730119042255,3.157857708215503,3.0950921528816946,2.2667721986943397,2.2530958641748295,2.094758353275871,2.4536745427491744,2.210320754422897,2.812222817290462,2.446838070628662,2.83436136189262,2.9213436926341796,2.4477825462159406,2.1985559957148824,2.065518016120101,2.3709138053654417,2.8429456010218903,2.6716152932706314,2.543609184981751,2.210465308242915,2.0877071185888063,2.948904348948958,3.245152882817338,3.3441401687683636,3.2527485277850863
24,0.0,0.0,0.0,0.0,0.0,0.0,0.0,0.0,0.0,0.0,0.0,0.0,0.0,0.0,0.0,0.0,0.0,0.0,0.0,0.0,0.0,0.0,0.0,0.0,0.0,4.507190990497362,3.6161689480791286,3.4296463186140485,3.1949702241846345,3.0297105005113645,2.330183545626404,2.770485713501042,2.079688607553069,2.270599313256624,2.3826109755421756,2.71580970275766,2.38725762396702,2.235835404084345,2.403971514902718,1.9864659323740028,1.7978283542310596,1.253270868156728,1.7880607372142754,2.066471046451963,2.3364160867985717,2.1965600078465766,2.464367169720636,2.6454222213539444,2.4938191981282722,2.4100068600038758,2.3342694041658936,2.5253377569007656,2.8186836413064102,2.490166325101709,2.422825119673105,2.1900132020934815,2.276070033714061,2.545874757591757,2.6196589420186,2.710202309238018,2.598505444210486,2.699865105582742,2.7141586112374654,2.6384955782513417,2.278957820342965,2.6201726758159944,2.408172770034131,2.4391435430396466,2.373401980187429,2.3188684380374682,2.2927349273714435,2.37841209252541,2.3628776220980745,2.5395212827870424,2.512591987664123,2.512591987664123,2.423399832252124,2.4811909528339307,2.3784142625962454,2.6891741900203523,2.8542177110948406,3.156666386217718,2.6396761938175657,2.925610449697339,2.797051017029005,2.841041063953497,3.121055949711056,2.7971419602020693,2.5065513459483855,2.6631774514367694,2.655429200145879,2.993738127004343,2.7353202806686525,2.4296041976409755,2.462377907625227,1.9518869120081463,2.439209829600349,2.5164701722231224,2.474759890873689,2.287956682498237,2.8653191167246117,2.837252744172215,2.5269930887235543,2.303770773868708,2.3408704613939837,2.2607968518897,2.7332415365000053,2.3610833600507335,2.4493106470020156,2.202413035949809,2.617927256802117,2.9621308639816197,2.509218663193077,2.3018479946836603,2.0139291621056454,2.575893603494676,3.0056800357623885,2.9771512350331735,2.3944210946600664,2.29857767552055,2.12720846958383,2.7112510311560207,2.6203174316670577,3.106134571526202,3.3514734492655296
25,0.0,0.0,0.0,0.0,0.0,0.0,0.0,0.0,0.0,0.0,0.0,0.0,0.0,0.0,0.0,0.0,0.0,0.0,0.0,0.0,0.0,0.0,0.0,0.0,0.0,0.0,3.987820187169342,3.976262733614777,3.4427585471889346,3.35137032291419,2.695313323283867,2.786702307157486,2.507571853790772,2.4819679724413177,2.4212431522633535,2.935351245041209,2.2173544086811945,2.3454829555748278,2.226959018501136,1.927638846201827,1.8828981629303818,1.4932217912607686,1.9203868431562716,1.966116062485265,2.2754923929570525,2.1094477932395304,2.621083744755924,2.8869044937042725,2.773110011050074,2.5849596604288814,2.528117330423901,2.8126023604444397,3.035227735344894,2.8767097210734507,2.813847857486175,2.3845649823348793,2.3202030589843363,2.6249198056915786,2.8177145786009468,3.1273697046831694,2.5883881004810254,2.5603771254458287,2.681885495694665,2.785399450330648,2.11865414851448,2.154827730229568,2.3617095849493888,2.3490131610696277,2.343523868305999,2.446004869478562,2.2639832148431407,2.514671153886275,2.439550037940484,2.5971632354769856,2.676924876821165,2.676924876821165,2.4807640329771807,2.7148804288451838,2.392966246461594,2.8053163905178113,3.3139030910459097,3.9195063710357636,3.295226035774205,3.4527316990460473,3.4518666782045084,3.5857160163876634,3.723956034204761,3.4326667211522923,3.3452149649691294,3.106728319774089,3.2447764166926345,3.3230877282599165,2.920178715127376,2.6289170637306567,2.6618777011040153,2.202687486401054,2.5026615208644336,2.7926227650672035,2.6522824359140356,2.3099626109044302,2.8374139205635838,2.959404244518996,2.673458931005367,2.4028651735185655,2.3195717870755517,2.1922520991851515,2.6209458720536727,2.4155456263796315,2.6849935706763772,2.6253359892077937,2.923669684513167,3.166902681733407,2.6190645670446653,2.444532045516686,2.2887253130615357,2.798270448607948,3.52339414531889,3.314973945770076,2.7886908050127976,2.4192631589540827,2.0764830049931735,2.897749178305865,3.064800033937391,3.47975385438387,3.5869306620917767
26,0.0,0.0,0.0,0.0,0.0,0.0,0.0,0.0,0.0,0.0,0.0,0.0,0.0,0.0,0.0,0.0,0.0,0.0,0.0,0.0,0.0,0.0,0.0,0.0,0.0,0.0,0.0,4.008903568363576,3.445243237331319,3.5701841394936262,2.975721413636782,2.5816217554656546,3.041597791720537,2.64851053836501,2.5993171579537866,2.982167050947893,2.363839565166421,2.6202374102608488,2.3635849793467023,2.3517416007349743,2.217607221981633,2.096346313213825,2.314571486717826,1.9523339803699469,2.328473861047136,2.2794045547375315,2.6995677965400104,3.2394684170009516,3.208018757748634,2.8266426683568744,2.8454560709072094,3.1675825961408646,3.450832946053269,3.2037017154092706,3.1056987372287974,2.2461793255736375,2.302804083212809,2.9430292623131136,2.848027555595232,3.187072034159475,2.6329490111083595,2.6280129450901524,2.8682519995413776,2.752631498666646,2.2784658042309607,1.9958493086784725,2.3306485383150664,2.2824078007678263,2.2419353846802053,2.6336903518565826,2.1269864642744456,2.5278949513677,2.426419992655,2.453535496950838,2.3793760685283365,2.3793760685283365,2.351989409366934,2.6146887540474473,2.352138072372524,2.82338136014277,3.5634655608459256,4.296025538749591,3.587208098119975,3.840010050678951,3.9162032984246773,3.9959120159572583,4.000971829904611,3.6854752975896883,3.7308193485572843,3.467939610357841,3.2583999385042515,3.427107560199885,2.9206773857566666,2.610740733830447,2.8951636854593614,2.35033003681954,2.219419310983535,2.7042604329851336,2.542036709079264,2.2754179280009206,2.4587311800835536,3.0800404316771566,2.747797372813013,2.463757801893885,2.3914128228642375,2.2968624188119287,2.4618184958970657,2.3841982132604262,2.8390762982281426,2.821036439402204,3.0745539243741917,3.3331880429461522,2.7859985495569433,2.376424631454092,2.429353505782662,2.6971281681576347,3.6040360521796213,3.054421684239551,2.9446458873567414,2.4669969837747017,2.319217705595649,2.757622840853119,2.9668234129818356,3.3152765145634624,3.710397965380912
27,0.0,0.0,0.0,0.0,0.0,0.0,0.0,0.0,0.0,0.0,0.0,0.0,0.0,0.0,0.0,0.0,0.0,0.0,0.0,0.0,0.0,0.0,0.0,0.0,0.0,0.0,0.0,0.0,3.7448224913966683,3.5298834261039755,2.7644233376383345,2.5583787069734703,2.6337949679564483,2.4056343751121427,2.469262641168101,2.9663322637981175,2.341017688900407,2.6151289455368696,2.3604885408343765,2.2971354755090054,2.217482886443669,2.205237924456854,2.3375997085581965,2.039647206786899,2.489442432767745,2.2088872392991235,2.734563343454073,3.043926862291626,2.9618737950804555,2.7211264268221895,2.6647027460537243,2.8729175315104873,3.2288904719105402,3.089510760964332,2.912380029882751,2.398431754538806,2.504108008788033,2.7165678339908017,2.862336011259108,3.2198319140494625,2.7725801658126,2.6503205828528884,2.669691566219334,2.9247031364863387,2.3619961326476027,1.9892743723956305,2.2543306089513724,2.413850561544321,2.2445330958897185,2.572004757977216,2.1334770230500157,2.5650638653965063,2.4730234565277844,2.6307498814108983,2.4521341746248777,2.4521341746248777,2.522556345215306,2.453926278252262,2.389705842256015,2.7753134062299005,3.5255969348489207,4.336374065298427,3.4150963711995552,3.5400221895717667,3.647382534190472,3.8766547404770417,3.9398715121803622,3.6502543981493454,3.837793443703727,3.2979151036395633,3.339892045485738,3.0690030236568226,2.8800790270201504,2.6697728259695563,2.7918631705286785,2.484381000792224,2.4871675550711294,2.746758970770123,2.5855607745506117,2.627166269410401,2.72074523164037,3.15502598221881,3.0638127825250345,2.6570294582154057,2.442345025618935,2.3033658304035636,2.5330292233144465,2.210868754468546,2.8956878691175323,2.787844823019612,3.0490696901632393,3.3391351703104912,2.7361785201090254,2.2833038989614196,2.39420985169542,2.9114302332264654,3.6794581740687495,3.4446963438353553,3.0627922816177664,2.628977873349235,2.2714257863466307,3.239624818033713,3.472721414040355,3.5440375192377345,3.6430274471100477
28,0.0,0.0,0.0,0.0,0.0,0.0,0.0,0.0,0.0,0.0,0.0,0.0,0.0,0.0,0.0,0.0,0.0,0.0,0.0,0.0,0.0,0.0,0.0,0.0,0.0,0.0,0.0,0.0,0.0,3.121455298939398,2.7100029028392534,2.4592780853897502,2.7278797530976426,2.22512503307645,2.355583571582945,2.926477766794856,2.0620173374637925,2.459540610651292,2.000100305832294,2.1167623027836946,2.2109758832382225,2.198307500149786,2.4742905473711967,2.0041378057028556,2.42885724628237,2.164733431774456,2.5690469885188985,3.0362330636339485,2.98075232843358,2.678383562397426,2.5269675971861303,2.802160280530139,2.99756040415211,3.1558379253091164,3.205983458573067,2.543968231500161,2.8053911587863163,2.944318646663561,2.865430105993541,3.321230831733165,2.572157625779723,2.5219521312816924,2.570090272731956,2.887644712628432,2.3985929676082094,1.8780622013282733,2.333966833357219,2.5640256196295796,2.2519100096344764,2.6284938929964246,2.210832738028213,2.6898491009785195,2.5623110155600974,2.576971787713035,2.387270406857541,2.387270406857541,2.442311206826636,2.7096680093137238,2.3757349034586412,2.7359839846631386,3.569460174118137,4.372543576354352,3.6955350745856643,4.08853678465418,4.321673132238707,4.246535821667635,3.959001667740278,3.9417442365110245,4.02700720909649,3.412259263434647,3.4219396203994217,3.084204538449006,2.8809478169691967,2.86898258938671,2.8362985580716016,2.373262927299955,2.444351969327624,2.974119394603445,2.5662027357989583,2.268472773024146,2.610539360547325,3.4423801186168244,2.70995682164751,2.402758111524371,2.3419629768434747,2.1919402286104903,2.307643485969636,2.0828838885866103,2.8371895066521002,2.8372268408991865,3.0537841645481225,3.0066708812737013,2.580686432720693,2.222897270348952,2.3310072183431325,2.7584980889795085,3.6022837588676455,3.122323439568095,2.842566670993013,2.286554809425809,2.02264781531512,2.799532546800586,3.4039622965241616,3.4347884323560307,3.556530582778604
29,0.0,0.0,0.0,0.0,0.0,0.0,0.0,0.0,0.0,0.0,0.0,0.0,0.0,0.0,0.0,0.0,0.0,0.0,0.0,0.0,0.0,0.0,0.0,0.0,0.0,0.0,0.0,0.0,0.0,0.0,3.336906147755751,3.0017870955955552,3.4305554137467755,2.6160507059353235,2.8510702469545253,2.7573958846158977,2.1236696215266226,2.549688848270171,2.278681731930185,2.356151052443692,2.326117740422279,2.2181784201387527,2.744977945222213,2.0898296689401676,2.4070696052021177,1.9953668697987081,2.842224336929925,3.233322838773632,3.44910313638003,2.9806991819583772,3.0422090176968193,3.4805051926067927,3.6925615328838335,3.9965363263483926,3.58390617935659,2.6899107487441682,2.8839041177258253,3.393209253617225,3.2517024651742874,3.4985988048854653,2.7975291085379066,2.826039960585707,2.9584930731497203,2.9049877795362846,2.519992734004224,2.1526026375654967,2.445849737818778,2.5064316351341844,2.3241387185713833,2.951216796272853,2.2008021934555906,2.6644050447796386,2.5593120350496585,2.297851987713631,2.2969835405459085,2.2969835405459085,2.1752282199275847,2.6508081755683337,2.430757642532073,2.465950175642935,3.4513164022606233,4.060695486269437,3.5569214628405432,3.7405145311071997,3.957690143967578,3.9028026099234303,3.678917486275442,3.788413805994554,3.9854141495978754,3.6931185059803253,3.4121217092544884,3.345231727900914,2.9086456552945226,3.0162232933593494,3.2614125037254382,2.570549553929653,2.2528296257011995,2.91191006479148,2.5696072247298427,2.185551922284294,2.2634755512993214,3.146270604719434,2.5996599812851673,2.286269979152103,2.4146967437954006,2.3023568466804294,2.2733510381438924,2.3136894083229507,2.8272572299795273,2.9017800568091303,3.2534366486524253,3.1834155954870034,2.5758084049601124,2.49909121293133,2.5687675119871547,2.6274624688763555,3.227153427057265,2.896154033343679,2.9344479967915884,2.6783420909139446,2.3016513696857976,2.841962631010909,3.246386907291969,3.4894794002584812,3.7426149297550295
30,0.0,0.0,0.0,0.0,0.0,0.0,0.0,0.0,0.0,0.0,0.0,0.0,0.0,0.0,0.0,0.0,0.0,0.0,0.0,0.0,0.0,0.0,0.0,0.0,0.0,0.0,0.0,0.0,0.0,0.0,0.0,2.7331282369684553,3.236120868828271,2.8148066190914367,3.416107776311149,3.2009456105864635,2.394809742762286,2.6225053888086376,3.066651499928796,2.6920516092241726,2.064210367195183,1.8100410541334278,2.3960210311142016,2.2055556032707937,2.2545487530187636,2.0981031273043214,2.632403334173163,3.148500935116351,3.3975940476978357,3.3361707169986694,3.0890291770041,3.322693269437644,3.267702516928873,3.6638737552292127,3.291149178927235,2.51042971574866,2.834724952983368,3.4404470268606726,3.734272543695404,4.018578466541107,3.50069259614333,3.2869640162660785,3.5584153502979445,3.5711757192447346,2.6979597844443823,2.383851465654645,2.504589971630121,2.5431707341388874,2.144729313936836,2.729353245844468,2.280997072415864,2.5073094367318656,2.4529420369827584,2.300832047770806,2.2102497483117802,2.2102497483117802,2.122510108157885,2.334081440249742,2.478435689421667,2.6961583626028376,4.085264247694209,4.911432589590234,4.468887363564752,4.787783979116123,4.93214934494348,5.091462459670584,4.456464052768337,5.028528894562859,4.26391422764892,4.0190214440299705,4.326478325844309,4.424598784826692,3.61974252406207,3.0788558790428264,3.4109685679574286,2.5160267850404563,2.963975178536551,3.355076860544871,2.8231059116448733,2.722618550995097,3.2452392957564005,4.246146786574562,3.4501186552101633,2.5002803299414107,2.5940725077440385,2.2544706789216784,2.4592867493412585,2.362211087972057,3.287481122679304,3.201429731101748,4.1261651932783865,4.187199389036428,2.707584277586319,2.4665713355523677,2.2894590810224544,3.2301575569805294,4.352227652869216,3.872745880442701,3.792537785965253,2.5460932818685302,2.707107263423151,2.9177209475565453,3.681522923753803,4.870085260151212,5.4253472893931605
31,0.0,0.0,0.0,0.0,0.0,0.0,0.0,0.0,0.0,0.0,0.0,0.0,0.0,0.0,0.0,0.0,0.0,0.0,0.0,0.0,0.0,0.0,0.0,0.0,0.0,0.0,0.0,0.0,0.0,0.0,0.0,0.0,3.087768677758656,2.7361523903938534,2.6408288062447376,2.751316071838795,2.0607723315881303,2.111520962815576,1.975110831604878,2.016708849359667,1.927787541943624,1.8121114589712592,2.3334129431083332,1.8759604335699194,1.719040695476482,1.8388037270413302,2.663659516126737,4.152106012821411,3.618086920945887,2.9444330306544773,2.8535291513787984,3.2287061452880197,3.0064247915178353,2.769619710360468,2.8714691062031896,2.2097331964438487,2.1430151200946566,3.151412622944813,3.016088081443873,3.2774748582263418,2.879388977934158,2.6263679219182974,3.037891150356235,2.6146526530642333,2.360735194911247,2.449988206754255,2.3616655173689773,2.0141124351891495,2.0702925960086835,2.7859829592012084,2.0116766001054414,2.239011143150374,2.0389760381320654,2.084939226298516,2.1792183961579226,2.1792183961579226,1.906353135323515,2.1019448103446643,1.8468967522211837,1.9994822264151342,3.069047489922835,3.6323458523025027,3.446440761987457,3.395972435141529,3.421071642411654,3.6680958102459478,3.3827875965867262,3.5531167243551285,3.4539601475332757,3.4229729599281584,3.582014776472253,3.776225624405278,3.1229981587815003,2.6764698146520898,2.870274583873912,2.1542478236322347,2.2629744671396237,2.6916515209453244,2.3576566934833223,1.9145167288800797,2.156808490693287,2.94997485401567,2.5161962443494312,2.4754800711429032,2.908365471650463,2.739949723661148,2.587113615391289,2.601502757872114,2.7939272169196805,3.0269248001235445,3.158905003370137,3.113808763790866,2.219196838945937,2.1384382365752588,2.040926259740165,2.1748213714360043,2.7372660940642746,2.3454509181936967,2.610851247239017,1.9737115548626842,1.9867460078674084,2.431350196347073,2.697110158733718,2.9745581712402998,2.951481303414482
32,0.0,0.0,0.0,0.0,0.0,0.0,0.0,0.0,0.0,0.0,0.0,0.0,0.0,0.0,0.0,0.0,0.0,0.0,0.0,0.0,0.0,0.0,0.0,0.0,0.0,0.0,0.0,0.0,0.0,0.0,0.0,0.0,0.0,3.642415846272483,4.703868002465984,3.907671427236027,2.6305731050761616,3.2863066296056522,3.951216629630027,3.26983060925745,2.168735182221816,1.9698133101437463,2.506474102588354,2.360422348095119,2.1391680123785117,2.2228851181641045,3.542858819495508,5.063501275137261,4.892821818059172,4.284737765375828,4.258999939651216,4.274590567682952,3.536814536792679,4.094462670849812,3.7888977910640733,2.8465071687549504,2.9620638159269475,4.18914074461337,4.626300038189454,5.0756441915384904,4.419950363687832,3.7175165832245893,5.115877389813,5.42666651838074,3.206316156659346,2.9312036691765813,3.236693635138789,2.9451137619910277,2.4683450148509167,3.682934882178558,2.6752133138080767,2.831696473156771,2.6228992113224585,2.722891112093179,2.879625968189459,2.879625968189459,2.4620234092614655,2.5636953285666597,3.5242035544998114,4.135422170745119,5.9556544153810265,7.361515735951508,5.842296016787021,6.006080365736347,6.224709440743683,6.728354116486403,7.163858933275198,8.143063575041442,6.402831446325092,6.504395501309955,6.028450588853724,5.7810211101033815,4.538764829232833,3.6479251246100146,3.9171990159729746,2.7788723545377163,3.369490711127898,4.314063160566368,2.9190773224090734,2.731298670304324,3.4161796961088253,4.93428748349428,3.3193182090405533,2.862561180506009,3.009694085167628,2.8322577035725507,2.7677819721116843,2.9477788260018603,3.8091161531601463,4.151256453546569,6.002192612976359,6.465005590589469,3.6334155762087303,2.8595131890897663,2.4951449304585127,4.515121304252174,6.177619956709497,5.5666351440723245,5.415323459281702,2.937961410840285,3.6222658929498004,3.9010441114214833,4.687482644815029,6.385405736497401,7.045561699595902
33,0.0,0.0,0.0,0.0,0.0,0.0,0.0,0.0,0.0,0.0,0.0,0.0,0.0,0.0,0.0,0.0,0.0,0.0,0.0,0.0,0.0,0.0,0.0,0.0,0.0,0.0,0.0,0.0,0.0,0.0,0.0,0.0,0.0,0.0,4.664592743564812,4.56628195822135,3.1345148763302224,3.7710688703474897,4.227240682741223,3.5855199994814226,2.4882790913221964,2.401145507105681,2.5113637995132345,2.4332909369825915,2.5465837512984084,2.8886978887318495,3.6050616875458115,5.2609235850624705,4.883521003423253,4.704893076888788,4.578442076550987,3.95923876203097,2.9060571759475398,3.3291859739995364,3.058554521149666,2.411835606073789,2.394416123145272,3.641499115427239,4.366280133767652,4.832028594410817,4.226728876083924,3.446258858162781,4.569357909634706,5.279458146232809,3.238078934701073,2.763006460127109,3.212235344096506,3.27660722941596,2.456035115604986,3.5480678323933352,2.8550054449803577,2.847525555446228,3.106062844081064,3.5433341926848674,3.8801032016842485,3.8801032016842476,3.1810414958687345,2.7182346897503114,3.6546232985856726,4.461800616191279,5.723925076144075,7.2799869249559945,5.655142092309543,6.344426802240509,6.5160626443502485,6.587920601750019,7.12342228707026,7.635071213832717,6.382300348835258,6.5931171472356,5.775127355014787,5.41400811318793,4.3247210961001805,3.312039317589827,3.331232552005176,2.7455974400066663,3.275965693916779,4.172233105524416,2.9221588815099206,2.9479081793961757,3.507010292632521,4.958225809199485,3.2944028028947656,2.9608541906036243,2.6951444351131,2.92096483342445,2.6830312617994565,3.0269536313795995,3.8377431945556073,4.120603296284077,5.639299717439957,6.249870858905847,4.053245807324048,3.067725060371935,2.565846351389125,5.019831413437674,6.3517599607702495,6.430761263317036,5.387758289790481,3.4308456479158456,4.041098252302874,4.947782316350045,5.339901942996956,6.2310808412064,6.57593466378861
34,0.0,0.0,0.0,0.0,0.0,0.0,0.0,0.0,0.0,0.0,0.0,0.0,0.0,0.0,0.0,0.0,0.0,0.0,0.0,0.0,0.0,0.0,0.0,0.0,0.0,0.0,0.0,0.0,0.0,0.0,0.0,0.0,0.0,0.0,0.0,5.246802736635759,3.289497872482763,4.283867137634823,4.928954414744058,4.017482318703028,2.5342840679190077,2.182844073725366,2.4780189465183464,2.6247457825407787,2.9823899238026104,3.3276930708856165,4.403528336349052,6.668607667762322,5.700035861966007,4.80384044046813,4.5783745318459665,4.571443519599006,2.896531330624661,3.737246328662744,3.8734386109713084,2.9341627071124847,2.327609330030262,4.263621300710313,5.028709129291552,6.304672938624164,5.476961190297801,3.9776185401897477,6.17447016421305,6.249010163833429,4.062535503743389,3.1642942647004944,4.05951053849503,4.085282141911574,2.9931604475598363,4.1581602711066115,3.285673461606992,3.238390362682132,3.5294294151064545,3.758215519359867,3.8828267865853383,3.8828267865853383,3.3845990085115143,2.910480690762411,4.18297014491534,4.5019091857096845,7.3608639424953655,9.08253497955786,7.301666286808738,7.144312670347806,7.460899249946841,7.813714813405161,7.99977579253152,9.190733859573719,7.673615257902705,7.294262277065072,6.4506371353323715,6.069813371019778,4.6209460543044205,3.802101606071642,4.305452275130992,3.0670627320514328,3.2596906001087675,5.308079838141637,3.202139972988806,2.895603225134494,3.4056740443771085,5.548364348542954,3.382996136165602,3.0221249868460873,2.6580329741047373,2.785741215514811,2.7525911199268807,2.9011167266397084,4.605074872496276,4.968207223289423,6.804984517600676,7.7690195633700405,4.375949759054861,3.421840297525664,2.666979194816438,5.666368296652231,7.734228536229954,7.48187879268025,6.798980197727743,4.1241690791128445,4.5279168290553296,4.939334878300412,5.304754127980878,7.186954207372043,8.080773940450726
35,0.0,0.0,0.0,0.0,0.0,0.0,0.0,0.0,0.0,0.0,0.0,0.0,0.0,0.0,0.0,0.0,0.0,0.0,0.0,0.0,0.0,0.0,0.0,0.0,0.0,0.0,0.0,0.0,0.0,0.0,0.0,0.0,0.0,0.0,0.0,0.0,4.322452431370267,4.9825933234280795,5.893936376499731,4.841179771038557,3.036628957317952,2.967282053902484,2.973242554384451,3.1947410263908154,3.259356078172505,3.586626714219953,4.058444746962114,5.545834247965498,5.009169526351085,5.049145298129391,4.493326711001055,3.936320776228028,3.0525229979769,3.41766938358759,3.4490626039191055,2.774300281894856,2.279791642018081,3.8203421423330544,5.116273088244103,6.15042500222672,5.215750095487259,4.012696572056941,5.4343921573758704,6.671643000638608,3.8142956943724293,2.9767956633268855,3.7702301314851314,4.192124736145198,2.736677214883211,3.631897862406761,3.4919689856206206,3.21491693052662,4.174748844180347,4.644336999283183,5.079772902526176,5.079772902526176,4.114796371614469,3.8424373843368693,4.685155739078798,6.269485845501677,7.498150824611666,9.894013118267155,7.965704397666336,9.124893371779399,9.680446400446696,9.39522312382937,9.7185504757401,10.236101015052967,8.390610378305658,9.015717853262656,7.299650767279794,7.136508130266753,5.3452281373349635,3.7479871467194124,3.7865489647586825,3.0808219985004643,3.761943485607394,5.338488397729725,3.3801043365541403,3.4914403741170394,4.062005914074087,6.380135136914509,3.727194116575812,3.295727261246601,2.687470087438993,3.0062673539750886,2.7870750725451634,3.132917986181945,4.507181680551589,4.874154125055641,6.995818563123311,8.47282380698893,5.175880293430795,4.100914461041314,2.96771095696241,6.751177729289344,8.982880676026515,8.734160711042106,7.047962860997998,5.114123986374988,5.836001876591526,7.046758518225929,7.831501863713385,9.244203935700947,10.173584912203113
36,0.0,0.0,0.0,0.0,0.0,0.0,0.0,0.0,0.0,0.0,0.0,0.0,0.0,0.0,0.0,0.0,0.0,0.0,0.0,0.0,0.0,0.0,0.0,0.0,0.0,0.0,0.0,0.0,0.0,0.0,0.0,0.0,0.0,0.0,0.0,0.0,0.0,4.120973565252294,4.398683614908194,3.980092243713087,3.0587496590066583,3.202477540139094,2.9407971920241627,2.5293518832464668,2.9613444151364656,3.086410725061172,3.0410171189619923,3.934627981882753,3.6095736903605307,3.5255963088154894,3.0149619803838212,2.843289055559861,2.352594937175782,2.5478868942689425,2.4931357975837836,2.288756476301728,2.103062711020363,3.0086329462512094,3.6837160931640835,3.960739892718014,3.5848746824456406,3.2373360353918366,3.3593203139584262,3.8917873347712915,3.037514629062165,2.8850915220471935,3.1110824828888384,3.0235099682754707,2.6681510184727806,2.959960162668062,2.880608751187933,2.8210124296183414,3.0604371044059118,3.1765286514420477,3.514803005188219,3.5148030051882198,2.902486546247718,2.9315781079497008,2.9118217736255256,3.5862982094732425,4.445014791552972,5.597261297159278,4.418438817285895,5.104605039503933,5.380037782779745,5.2234977762069,5.165029960761633,5.20283767373411,5.101584193865202,5.534025357499944,4.42916122233373,4.373930342196835,3.6748376555564053,2.9893946128434443,2.8175808373481512,2.7236643955241227,3.113900644365477,3.5537240631499345,2.5892312046447246,2.9807934364926627,3.073912166276941,3.9914555744760762,2.804247687975818,2.2797638235626305,2.1158996994124104,2.202595055570545,2.1701892778340577,2.308888378542136,2.856040138048627,3.055135566164856,3.903086341803075,4.626810435287319,3.612296674337128,3.040479134092012,2.4506514053951145,4.065971221692314,4.772479694417767,4.9392499742328315,4.36476183214422,3.9433427082638235,4.247860295053116,4.986894315386362,4.418093732295869,4.750967162386632,4.580051435670314
37,0.0,0.0,0.0,0.0,0.0,0.0,0.0,0.0,0.0,0.0,0.0,0.0,0.0,0.0,0.0,0.0,0.0,0.0,0.0,0.0,0.0,0.0,0.0,0.0,0.0,0.0,0.0,0.0,0.0,0.0,0.0,0.0,0.0,0.0,0.0,0.0,0.0,0.0,10.887511201255494,8.362528238058102,4.396577320137131,5.8222113124109764,3.25974686039072,3.465569539434795,2.530117438873438,2.5712402418623523,3.36106934072605,4.1162849062815505,3.514661532563359,3.7295190448428635,3.0042555997637774,2.8886020032180717,2.6360632610513925,2.931046421547655,3.0603307300019487,2.4864784902013026,2.4071329419516467,4.103793647228915,5.779923096917815,6.544415470716168,4.9296813799217745,4.037446591601899,4.856350394450888,5.567167700642315,2.7752104892547926,2.659699664462301,3.459233507727356,3.583072332785058,2.4526802140736588,3.0054910831556576,3.2036931705336986,2.6630268939076736,3.592449234659095,3.2146439889512046,3.4044771000462983,3.4044771000462983,3.070575138192511,4.571206273586446,4.078406524816497,6.552210979082929,7.458972756789508,11.648504480048416,11.049891333670338,14.78847903105126,16.64904746962813,13.850136951719463,11.276516936064759,11.313282665993595,9.705709423598789,10.698563668439622,8.543396600726096,9.490466888966367,6.848354847834372,4.0924853163268375,3.8386327756201593,2.8801575097211383,4.20261137406115,5.799513506077828,3.1491465224441164,3.885109476518683,4.55744419848029,8.95481497669618,3.790824444255583,2.574327845274784,1.8916261502284963,2.2670345747033904,2.149838918308404,2.4105526291946644,4.430546286087083,4.46287604622992,6.410432223759274,8.285548817150616,4.503431516607564,4.844884864345974,3.4186838529241537,7.8684489291899755,10.769559056595233,10.165672510921056,8.828707691477081,9.12387539136661,10.854354150206147,10.90070005481563,10.467761145060518,10.740305784505031,11.37407558349564
38,0.0,0.0,0.0,0.0,0.0,0.0,0.0,0.0,0.0,0.0,0.0,0.0,0.0,0.0,0.0,0.0,0.0,0.0,0.0,0.0,0.0,0.0,0.0,0.0,0.0,0.0,0.0,0.0,0.0,0.0,0.0,0.0,0.0,0.0,0.0,0.0,0.0,0.0,0.0,11.032737942147214,5.69590714106103,8.076631104805788,3.2318736635733094,3.3975478154092555,2.2021684717779166,2.4354933926248705,3.7470454170009515,5.556248191596007,4.411205199317634,4.215105578124692,3.761369288199586,3.3530375380076443,2.1407504895083957,3.468679974453749,3.8883539257133886,3.1304046231464806,3.0406689735178953,4.832993882025846,6.743624542286637,7.734767087666078,5.451811800843933,4.579542816258413,5.898583194406667,6.397086215744287,2.9253620454436837,3.0658787896711566,3.9628794671269048,3.5822987435347264,2.78489852242386,3.5297510297392747,3.320894387460674,2.9937412424585235,3.378850109266249,3.1170484131044036,3.0219326734399,3.0219326734399,2.928383692296375,3.9158509754030546,4.230394319522828,7.014208456662202,8.630567484425605,14.209588303118414,11.61579636019791,15.186321872292972,16.906383985821115,15.013034337788215,12.555873632446007,13.606952344165869,11.99276297679986,13.145726000093713,10.229169383600725,11.025871803537427,7.923637236242002,4.580278829764615,4.742350011293797,3.840354237722152,4.670647967811094,7.205931378177756,3.659637168648432,4.790572750303168,5.6459819570976935,9.822834895911058,4.158723904795067,2.630526327713974,2.038740240539056,2.419187764646645,2.4912916912834753,2.6874844436609,5.146544735955024,5.446229024254707,7.830047178969873,9.973183730467925,4.743393857622644,5.766230535627203,3.6479849989137683,9.008034397998125,11.729366536231574,11.878313000586237,11.495419258114994,12.498078899301268,15.251557630364967,11.346781839780895,11.412645572209247,12.622853510640233,14.186898024895337
39,0.0,0.0,0.0,0.0,0.0,0.0,0.0,0.0,0.0,0.0,0.0,0.0,0.0,0.0,0.0,0.0,0.0,0.0,0.0,0.0,0.0,0.0,0.0,0.0,0.0,0.0,0.0,0.0,0.0,0.0,0.0,0.0,0.0,0.0,0.0,0.0,0.0,0.0,0.0,0.0,5.376036567600895,7.7373191474255965,4.160031056043391,3.470405346668183,2.3124146755014987,2.3567539470919256,3.3908572791119327,5.037735550194524,3.933322057559279,3.6583700443277243,3.261460831360255,2.9784495750360294,2.0846407321122253,2.9516729971010047,3.2242802611927663,2.9663418591868886,2.719132028325588,4.042043226836494,5.317119354770412,5.921384372186484,4.253254896671457,3.745419265032538,4.656558638686232,5.128798243744476,2.6393476064624224,2.8524392217998287,3.4723206285313313,3.0755622107344953,2.759872885992749,3.38005829011374,3.0988911939320083,2.9704257575145885,3.144541074702812,2.6211762534464635,2.5483140295777638,2.5483140295777638,2.476660206956117,3.584507666716429,3.551688392670185,5.611709615288904,6.667408018683463,10.63152480455274,8.805331773312577,11.282675106714507,12.473890441465683,11.23763734434246,9.724834777179103,10.29355027688538,9.240286415421828,10.38736207722235,7.922699410629345,8.33648001227176,6.127117610931213,3.7955817535405876,3.8446109560477684,3.2310189143620502,3.804986112687758,5.589688274134756,3.0440115461754353,3.757724185985109,4.306517812619734,7.365861344293707,3.411816585893604,2.442484117123938,1.7464654557324333,2.21544790056898,2.216961198498626,2.4426762663094936,4.066798804014991,4.384378833787987,6.0740356688097386,7.711531606934652,4.054630948391927,4.815135706549126,3.7381546925477065,7.186286566613881,9.076045598279677,9.164353394918928,8.761125898628187,9.25146023710949,11.419051263125727,8.731305473321358,8.636820286427302,9.898944269951782,11.100257930240677
40,0.0,0.0,0.0,0.0,0.0,0.0,0.0,0.0,0.0,0.0,0.0,0.0,0.0,0.0,0.0,0.0,0.0,0.0,0.0,0.0,0.0,0.0,0.0,0.0,0.0,0.0,0.0,0.0,0.0,0.0,0.0,0.0,0.0,0.0,0.0,0.0,0.0,0.0,0.0,0.0,0.0,4.394358306281778,4.016216543101317,3.0133779091300337,2.3232420171127455,2.3801917272712974,2.51514158331621,3.05390994997046,2.7979032813509472,2.7341639722633513,2.3503572410947124,2.3885788598009308,2.1908510407372646,2.1166969300230094,2.032931102529196,2.193770189859519,1.9178444402439443,2.414001344634793,3.0864172218368138,3.3298908121324087,2.8778961362970823,2.5392086605659197,2.624349706795852,3.208538244888331,2.534980813104282,2.3522197763673245,2.6897247208116015,2.6351554249587146,2.323030740646385,2.415948333199672,2.6079552145298597,2.5693319970787263,2.7648375394066296,2.3298902054413153,2.319679055632771,2.319679055632771,2.2262713031997245,2.924598882479632,2.599456125133896,3.315116473127918,3.6154399521117986,4.652614968991613,4.128612999532182,4.883432060771373,5.307507852243212,4.850709760855849,4.832385176787098,4.61511029361696,4.367280455504931,4.817199107369433,4.006628248968635,4.245707642287236,3.4324501142199795,2.4708769644884976,2.3568284625866625,2.284757261481185,2.677310743467187,2.896348775590886,2.0919135864197638,2.4434449519496244,2.5143412723199656,3.483719836759827,2.2937711983051017,2.0147505858285535,1.8324579591768748,1.9397770742602714,1.8607937874536171,1.9619806635421935,2.1306288902561117,2.335918993813447,2.850222953730201,3.7596893641343936,2.83677132909889,3.107596358118492,2.9536207731542157,3.6307301983169595,4.165878522094593,4.154879550166278,3.863303149451885,4.361583132899593,5.455124509216203,4.750472428160649,3.8893592151731466,3.995261776181986,4.015245952019689
41,0.0,0.0,0.0,0.0,0.0,0.0,0.0,0.0,0.0,0.0,0.0,0.0,0.0,0.0,0.0,0.0,0.0,0.0,0.0,0.0,0.0,0.0,0.0,0.0,0.0,0.0,0.0,0.0,0.0,0.0,0.0,0.0,0.0,0.0,0.0,0.0,0.0,0.0,0.0,0.0,0.0,0.0,5.479183115879294,3.1760421696979195,2.174823759343394,1.9434812723331343,2.230320015904923,3.175247624321357,2.8963866954648103,2.7628333786739847,2.554516242471146,2.3169052524584055,1.7481062067384596,1.6855519869224134,1.6184472707503388,2.3409193510221,1.8908935080093947,1.9920197226879008,2.768305245659696,2.7508113268347434,1.671816570026169,1.8953735794559188,2.0120413520366554,2.3804526619631945,1.8524526773801933,2.0586904462687428,2.078007451451628,1.9673405404317512,2.2867872428660485,2.5223200352034443,2.159318293342794,2.2947321358022377,2.428017626181504,1.8328008926026946,1.7413257476371993,1.7413257476371993,1.724411194201417,2.729078312469346,2.135539342847583,2.817285975259595,2.9327559368234573,4.8692437791607395,4.826010436541194,6.414316816287627,7.186920110678058,5.735625620930975,5.322514758998249,4.715536265675822,3.9745035950693794,5.28190453175288,4.235079676270162,4.262100065513194,3.2471074185327797,2.0450050600577967,1.938819851680092,1.8383821924314057,2.1214235037463305,2.3586070615867585,1.8106835587186023,1.766628753005599,1.7210233004881133,3.837129668199747,1.9474186857682017,1.9818475863919827,1.171948790812582,1.6805338391241098,1.5180743440329219,1.8269073418661848,2.0954695526627813,2.2408797604078616,2.5237395690091526,3.5152906571948,2.5186337876231772,3.36728400055906,3.607902356241957,3.8324533230968334,4.297385270160465,4.165661139648115,4.777374585306311,5.6529118146765835,7.980393231193765,5.435313226880494,4.718070504426667,4.893620304189534,5.255605299780851
42,0.0,0.0,0.0,0.0,0.0,0.0,0.0,0.0,0.0,0.0,0.0,0.0,0.0,0.0,0.0,0.0,0.0,0.0,0.0,0.0,0.0,0.0,0.0,0.0,0.0,0.0,0.0,0.0,0.0,0.0,0.0,0.0,0.0,0.0,0.0,0.0,0.0,0.0,0.0,0.0,0.0,0.0,0.0,3.1194184206508404,2.4749187487194204,2.46458656679362,2.5915561702791576,3.4356796745552516,3.342171144084886,2.8124888970048496,2.7286073654617935,2.8234182928619167,2.4641678404094667,2.4517818684450674,2.4304676058556183,2.739706945256675,2.368656815956279,2.677826475410308,2.9381498081225526,3.14107671552784,2.7656800533652803,2.5346519738758766,2.629054940241581,3.131089569534651,2.966803260269856,2.723696659989211,2.925476052872162,2.6561455894104404,2.8873350387150927,2.8761999305888146,2.8597740986427653,3.1510712214898415,2.765336431226811,2.097017084734202,1.7820578718408024,1.7820578718408024,1.9759532083460072,2.6966501107479135,2.5719262096995177,3.0040251520115553,3.192772910977958,3.7946688829519437,3.1175486094600533,3.090411269584852,3.194785113500297,3.476870835030723,3.8167290448133793,3.6837769171837578,4.1668461029941035,4.6638686670480025,3.7062276979822575,3.6264270108218413,3.146993761010168,2.688058454770689,2.506488909499256,2.5411815389239445,2.6647938954736645,2.736510216742603,2.1404095959778386,2.2490397777929565,2.2843412092142303,2.4554448693788666,2.1898866230938965,2.3234289634132756,2.011843559923428,2.138254437707695,2.0149902474914536,2.2030677623202406,2.118607526344418,2.4160035747495012,2.567436517934312,3.3648640623345645,2.6600273172454463,3.06599754444699,3.255309843645203,3.835907154158084,3.8970096005771366,4.299333655388272,3.3920997483773125,2.7599989937093494,3.2118346084889997,3.658399941232688,3.652972396396672,4.167633134714597,4.102536361515456
43,0.0,0.0,0.0,0.0,0.0,0.0,0.0,0.0,0.0,0.0,0.0,0.0,0.0,0.0,0.0,0.0,0.0,0.0,0.0,0.0,0.0,0.0,0.0,0.0,0.0,0.0,0.0,0.0,0.0,0.0,0.0,0.0,0.0,0.0,0.0,0.0,0.0,0.0,0.0,0.0,0.0,0.0,0.0,0.0,2.5208498481582646,2.437027113714736,2.4141415800804955,2.815153975193797,2.639757660455494,2.4938969442567296,2.2271089474790324,2.3108819403161456,2.1129995601554006,2.1534992376582416,2.2428737261454676,2.1590935640520885,2.0112016362396403,2.4656281841732564,2.7342489773992806,3.2686746292839395,2.705781409131342,2.4221732954627058,2.867651055965341,4.176451427382446,3.6196146342092965,2.598367605404646,3.521408739645069,4.152158245658071,3.2051432810967255,2.5056383812513,3.475157497482913,3.799679081155595,4.28498609992439,4.614350875135516,3.796410418474144,3.796410418474144,4.3797335582064525,4.300087421482187,3.898893142376384,3.8988907087153675,4.084166561044924,4.345513896957829,3.6475831618053385,3.606246922823291,3.896774166603857,3.85396007732295,4.19757959415011,3.9814633364549428,4.171315950062405,4.2997995917018,3.5812424435772727,3.1696885285264225,2.731723992134425,2.4381025143711152,2.398572541534079,2.285372054122183,2.468097105833179,2.7368220519751265,1.9646038955254155,2.247687654567031,2.2399231562674538,2.706270781447347,2.0165473138808734,2.0862991864910856,2.005394940993176,2.075931415907102,1.9898630921074894,2.024012006276596,2.3303936919907766,2.7097498920044685,2.930039906377299,3.84755255386686,3.152341310505028,3.340086296803496,2.996364711780461,3.6519804104851623,3.776746681752762,3.7701649392509493,3.5915998949681893,3.339528755835428,3.389763800208475,3.901554295863742,3.6068947751591076,3.3899332736065673,3.5188109089367883
44,0.0,0.0,0.0,0.0,0.0,0.0,0.0,0.0,0.0,0.0,0.0,0.0,0.0,0.0,0.0,0.0,0.0,0.0,0.0,0.0,0.0,0.0,0.0,0.0,0.0,0.0,0.0,0.0,0.0,0.0,0.0,0.0,0.0,0.0,0.0,0.0,0.0,0.0,0.0,0.0,0.0,0.0,0.0,0.0,0.0,3.124670380747904,2.720605937473178,3.3229168549960337,3.0203127232428257,2.858771728490148,2.3464587861734323,2.501888987320961,2.284120022494952,2.5081166038527902,2.807455484505475,2.2150921894338436,2.392633523645946,2.877683591237595,3.073160133795394,2.997643123482854,2.8478462924426786,3.0034670755174737,2.9736861902180776,3.351324596605956,3.0052572470665972,2.971735075355923,3.0761197233955566,3.12857669714753,2.54113785410593,2.680025872910947,2.903533986037277,2.6287392293761322,3.210514085497841,2.943871964438632,3.2497994122787595,3.2497994122787595,2.7578788993104935,3.1275965334763436,2.6444190094513274,2.9712020073605174,3.4825239500680643,3.368699643278314,2.660064284054004,2.426907696210336,2.4200860719869106,2.7673953592788374,3.077808193686451,2.9944393769888404,2.8362907251054503,2.867307704485366,2.7716394232818846,2.709336513445249,2.617507063811472,2.692110983766181,2.5547957114049518,2.349242306408456,2.4482106047148657,2.695057130443589,2.0123573514021977,2.1455538881766727,2.3300184333180125,2.3384005801994165,1.999372605801612,1.8575287075223414,2.0236629087946434,1.9042999023856768,2.0065737905913927,1.8957068549652407,2.026291573184568,2.258530933789112,2.970166020224193,3.562196562604663,3.216887575156196,2.651441614490317,2.1652349546456766,2.640490550861134,2.925666456884484,2.9492581408446137,2.722869310161554,2.0244211840249187,2.192003463203333,2.5015369931515927,2.849783236990616,3.0220410957908386,3.130874385287602
45,0.0,0.0,0.0,0.0,0.0,0.0,0.0,0.0,0.0,0.0,0.0,0.0,0.0,0.0,0.0,0.0,0.0,0.0,0.0,0.0,0.0,0.0,0.0,0.0,0.0,0.0,0.0,0.0,0.0,0.0,0.0,0.0,0.0,0.0,0.0,0.0,0.0,0.0,0.0,0.0,0.0,0.0,0.0,0.0,0.0,0.0,3.6062542490820437,4.850095702604948,4.233782160411604,3.517608845119577,2.8595342297849125,3.045089421639054,2.2565214713080595,2.3120365018836213,2.4025989081225156,1.8948906573967232,1.8046652414149384,2.5881100582137373,3.2731842698170803,3.3551018406448163,3.044820010406429,2.8822331672865245,3.214869632827581,3.4750866860850023,2.8907319628488812,2.8384575314380296,3.2998320556868603,3.279773417044419,2.8549574801385558,3.371969233642911,3.0852686331902257,3.0667315491881935,3.5345331533605613,3.1455593879500823,3.342151828204281,3.3421518282042815,2.8438922831027003,2.996283569010468,3.0378108209327492,3.0722487436698382,3.7161705844021564,3.681627063131885,3.1032823270423857,3.323689973686032,3.0860384075929086,3.259083757975207,3.4268434687069806,3.3850425718371984,2.742791027533046,2.5960585991267924,3.0510343875818835,3.5174022827161178,3.076448719310661,2.6635759891252047,2.4699083057996516,2.1107244542246857,2.440603043123888,2.99631527511696,2.169636250645938,1.8330633033542147,2.5253574505515703,2.7838252241924324,2.2617573112753053,1.8129726390615644,2.006027545766566,1.9571784732431212,1.9140663363889194,1.9400396452542723,2.311182367214446,2.272429152452195,3.3640536853264362,3.8075847801038907,3.6970320053358376,2.724764564516984,2.2489396665084143,2.770386986604386,3.2372141342912784,3.1428825046213804,2.984450687547222,2.196678814267958,2.337820963820992,2.38427689512507,2.4747121829681875,2.692118209004802,2.767610408800635
46,0.0,0.0,0.0,0.0,0.0,0.0,0.0,0.0,0.0,0.0,0.0,0.0,0.0,0.0,0.0,0.0,0.0,0.0,0.0,0.0,0.0,0.0,0.0,0.0,0.0,0.0,0.0,0.0,0.0,0.0,0.0,0.0,0.0,0.0,0.0,0.0,0.0,0.0,0.0,0.0,0.0,0.0,0.0,0.0,0.0,0.0,0.0,16.142634016029096,12.232582461071335,6.050205689391245,5.848910504382847,7.037786774549058,3.4734199037403912,3.522475455589682,3.1292513234537767,2.2479815723772902,2.2345704639684665,3.7453044985366937,4.119467362811908,4.148575720319109,3.6949325401387316,3.4023543659511586,3.860883126026234,3.5427272296989045,3.4258933004701153,4.837309539709701,4.917223311087278,3.4588585834806147,4.628025052790874,8.441055686855547,4.505199600663001,5.497444711766905,3.5048675214691585,3.7345789412570594,3.7059831089286477,3.7059831089286477,3.37800173637451,2.785724630039258,2.86064061382227,3.0837831352813727,4.108785023180797,4.558187831911949,3.826731119640328,3.9751351377769173,3.803252321397841,4.240774942330208,4.066372570966832,4.131788072620316,3.6849391560338405,3.142277150086479,3.8392378559400577,4.855835943778109,3.964571645817293,3.4747373863995206,3.2489730897902214,2.2917189190376637,3.4356371007222837,3.6743558864620995,2.4352616056745173,2.6422512634217137,3.2829674494431074,3.610351716442331,2.7542268217587083,2.3766164866090373,2.2926122408528418,2.122960296630328,2.358383160848324,2.2837125146467634,3.0333345169988464,2.940718041723711,3.7186847300564083,4.039507484207784,3.3556606108244473,2.8589064989809656,2.3081943473116646,3.865695511590446,4.706588228874256,4.72992175444225,4.156386426201559,3.5110730837014756,3.4186461272610784,3.57188185634163,3.185307594250767,3.5608348363580795,3.4890861373224182
47,0.0,0.0,0.0,0.0,0.0,0.0,0.0,0.0,0.0,0.0,0.0,0.0,0.0,0.0,0.0,0.0,0.0,0.0,0.0,0.0,0.0,0.0,0.0,0.0,0.0,0.0,0.0,0.0,0.0,0.0,0.0,0.0,0.0,0.0,0.0,0.0,0.0,0.0,0.0,0.0,0.0,0.0,0.0,0.0,0.0,0.0,0.0,0.0,23.97152038888703,10.492409585126106,10.335875673663535,12.510969442988843,5.201380932707332,4.746126151486636,3.355229281086885,2.2780551922303083,1.9865456268249058,4.100814215498762,5.175289021988207,5.306395676397099,4.3997065115511065,3.7766474719626633,4.4908270389036185,4.0947964312015666,3.794342940449756,7.216627063067517,7.449228868836712,4.572447225429313,7.405454040284994,15.72162191601641,7.015099414780189,9.342950545193682,4.8051267424421855,5.9297176551946915,5.901887639213825,5.901887639213825,5.194376067116069,3.169803031063134,3.4354663305062956,3.8565345487113163,4.9415557583616465,5.523329668160127,4.859535017953098,5.068342416687736,4.753936265852346,5.498447246062149,5.254743624247065,5.150724183598854,4.776422190328416,4.029565350199745,5.03632001346023,7.334398806412133,5.344826550214424,4.238556688135926,3.883980188855519,2.6228888906865717,4.510382107767434,4.765934887624422,3.0742165762957723,3.5983381581237976,4.248240517867088,4.616499871944107,3.5875210498559205,2.9614791748120672,2.649230382515754,2.528123763179612,2.874536238970607,2.8767261264551545,3.8960004730161155,3.6672311984811268,4.420836061293575,4.568891062530851,3.946443984377644,3.426400282297146,2.818109750012216,5.461535922526225,7.190064874862996,7.000076400734779,5.165947184533789,4.307294826088123,4.954788906434957,5.0442142402025025,3.672247041079415,3.883847087815436,3.796567252613161
48,0.0,0.0,0.0,0.0,0.0,0.0,0.0,0.0,0.0,0.0,0.0,0.0,0.0,0.0,0.0,0.0,0.0,0.0,0.0,0.0,0.0,0.0,0.0,0.0,0.0,0.0,0.0,0.0,0.0,0.0,0.0,0.0,0.0,0.0,0.0,0.0,0.0,0.0,0.0,0.0,0.0,0.0,0.0,0.0,0.0,0.0,0.0,0.0,0.0,8.39602474503872,8.442017423716242,9.66208807481193,4.450242458451487,4.4877174136863,3.814635566707768,2.6102741667770326,2.3456125030902264,4.337843211898699,4.844038539939695,4.982994906542276,4.163457578261333,3.656106216473154,4.544928739154522,3.971722366824982,3.4194000479132063,5.5720368760720635,6.003676604981196,4.243611004824573,5.752663060368772,11.918882867489696,5.478041373543031,6.968319200075634,4.385785981717382,5.512384877701551,6.050275293730769,6.050275293730769,4.846789959434152,3.0664280126507895,3.189003487815021,3.7307493626981323,4.788428886212129,5.494375597146917,5.025045581399526,5.111281686835507,4.8799058323033595,5.4900126011254775,5.389609402740867,5.23214841646242,4.736874236901161,4.209436643504022,4.872807009879489,6.417730351261031,4.932673077491707,4.2596804649453155,3.9849980574309827,2.8530968112789132,4.271416520308363,4.756361404293875,3.1760257429965035,3.5750816131635372,4.077217916915524,4.787328725943261,3.8510133730465927,3.2676591213103685,2.881631407518536,2.8260854555465467,2.9925221719440254,3.2137392178330155,4.096340215780414,3.8752170014698843,4.800446423946511,4.733641560171904,3.776160624846761,3.26539515826225,3.046543207925106,5.632838784456467,7.11561332393232,7.176057939115779,5.143240437136006,3.6814505240781505,4.061921578458321,5.208633344028431,4.462279709153941,4.314515266232876,3.607715332347901
49,0.0,0.0,0.0,0.0,0.0,0.0,0.0,0.0,0.0,0.0,0.0,0.0,0.0,0.0,0.0,0.0,0.0,0.0,0.0,0.0,0.0,0.0,0.0,0.0,0.0,0.0,0.0,0.0,0.0,0.0,0.0,0.0,0.0,0.0,0.0,0.0,0.0,0.0,0.0,0.0,0.0,0.0,0.0,0.0,0.0,0.0,0.0,0.0,0.0,0.0,5.416687290994415,5.374459894941372,3.3457168786232594,3.7897331364792604,3.5063134543379317,2.622470125213283,2.1888542282506127,3.990552823782714,4.729245739496057,5.04179465772095,4.395235771742178,3.8981508817378345,4.534659429201111,4.247156297047836,3.568937726240551,3.9558904709781926,4.12832903115962,3.615455386130885,3.6325398616958964,5.797811471794477,3.656750556421822,4.044438934181983,3.7029122385392217,4.541101054421262,5.123660134037309,5.123660134037309,4.003075716781624,2.72672179465349,3.010193268118623,3.7377879953441933,4.963915450788506,6.270429783597881,5.352128891843063,5.689485755736219,5.796116345164124,5.932407508276513,5.874930768229133,5.816635458115352,4.944594975562518,4.921980902584419,5.122717880547342,5.737070854911485,4.538928911680951,3.8959966743569976,3.782930675029909,2.9088620563127017,4.024920484322061,4.38440174901179,3.092608081440708,3.442263265236539,3.8715698445589144,4.7434039115553635,3.3848674432845303,3.52155495981702,3.0422481929249487,3.227226994463972,2.943259325440274,3.2673519342318853,4.015056944518857,4.283414131009143,5.153953180762053,5.3583793026505555,3.7101628713850094,3.1360941319705447,2.6218570833296178,5.275370059344208,6.533269172169065,6.830604626314969,5.172547298198679,3.884833687838062,4.0255404952989595,5.183794880728728,5.136757935822618,5.5647023790588,5.4594989448469375
50,0.0,0.0,0.0,0.0,0.0,0.0,0.0,0.0,0.0,0.0,0.0,0.0,0.0,0.0,0.0,0.0,0.0,0.0,0.0,0.0,0.0,0.0,0.0,0.0,0.0,0.0,0.0,0.0,0.0,0.0,0.0,0.0,0.0,0.0,0.0,0.0,0.0,0.0,0.0,0.0,0.0,0.0,0.0,0.0,0.0,0.0,0.0,0.0,0.0,0.0,0.0,5.473503633054193,3.202442488939819,3.709291130722006,3.523725779128031,2.3797923305100013,2.2789836043279528,4.018248160717689,4.424471728109318,4.754125394481607,3.8913022904189694,3.5924928131854994,4.315620333380866,4.051649992448249,3.091682096532809,3.6499094503034692,4.019892028587084,3.219327930183591,3.3758799235895802,5.633252740568513,3.3758203372869873,3.8196305517412745,3.3231382553516706,3.938213588675504,4.339732834961969,4.3397328349619695,3.5048839607586335,2.541580367655162,2.7917291748831974,3.2923562631725933,4.68249133631866,5.697259876503858,4.996271964248521,5.048367351688296,5.106580725338072,5.599540418919696,5.730322169004628,5.81799239400019,5.471762453467748,5.462728492730239,5.210271182152712,5.676901604148562,4.450366593156003,3.74238677966898,3.5053663652018834,2.7173696625482595,3.611542402522789,4.145095915072212,2.9370566325730416,3.2384117191701263,3.6060404761473377,4.3534812666894025,3.3033480974494456,3.474464134565563,3.2167347694659467,3.566740479108076,3.203059193518535,3.4693595360678975,3.687589692446188,4.177172905486947,4.80604146210966,4.71155948358489,3.3521403321728855,2.6474174993100372,2.4789715784274033,4.239434581696243,5.7151707734815185,5.513843225030373,4.237980204423112,2.9466607212142994,3.508211204398657,4.344964877005694,4.484953826352145,4.868718638799635,4.7412310753177165
51,0.0,0.0,0.0,0.0,0.0,0.0,0.0,0.0,0.0,0.0,0.0,0.0,0.0,0.0,0.0,0.0,0.0,0.0,0.0,0.0,0.0,0.0,0.0,0.0,0.0,0.0,0.0,0.0,0.0,0.0,0.0,0.0,0.0,0.0,0.0,0.0,0.0,0.0,0.0,0.0,0.0,0.0,0.0,0.0,0.0,0.0,0.0,0.0,0.0,0.0,0.0,0.0,4.0288742844868946,4.197060727959725,3.678468098158747,2.494407539516434,2.406238885084246,3.8373177348676317,4.025764424016135,4.307644592082157,3.3887976340376333,3.1637635260771324,4.006702169349504,3.4381758925397263,3.0293540965262147,3.416221975233835,3.8167164932679585,3.2715659431695845,3.324988016294129,6.919952024578542,3.3176650399829373,3.8249914808260033,3.251234619417066,3.721544004506564,4.0983318740107775,4.0983318740107775,3.3132491889012177,2.5417437228189503,2.730011236540992,3.102133333910252,4.208484351394021,4.842575528093922,4.463109684044287,4.571726223126306,4.45556702494572,4.890741610117233,4.717678824962723,4.762378795026084,4.238669127554063,3.8463763225873824,4.20214537684321,4.980843860023335,3.842707988643511,3.464141766874314,3.4908133332467757,2.3924218854773107,3.066074375595785,3.708013639284909,2.8300018929935886,2.5259807748967704,3.0833358907989417,4.05807437552657,3.2190245805235893,2.8235622002937637,2.6800867136530826,2.6159371021906925,2.447304688948086,2.867227307992303,3.5431468384104456,3.4527033444681137,4.319244441730122,4.164740445676036,3.0947365658361226,2.774825857246297,2.6992172135243875,4.237192730532471,5.293715711576956,5.091637528267434,4.2051316102111995,3.147498590554778,3.1850162065372536,3.877157348026683,3.7050465874860645,3.89677666538065,3.673203164932765
52,0.0,0.0,0.0,0.0,0.0,0.0,0.0,0.0,0.0,0.0,0.0,0.0,0.0,0.0,0.0,0.0,0.0,0.0,0.0,0.0,0.0,0.0,0.0,0.0,0.0,0.0,0.0,0.0,0.0,0.0,0.0,0.0,0.0,0.0,0.0,0.0,0.0,0.0,0.0,0.0,0.0,0.0,0.0,0.0,0.0,0.0,0.0,0.0,0.0,0.0,0.0,0.0,0.0,3.744266131126554,3.4881766703735924,2.6722668221372263,2.606665039341001,3.52736618340208,3.347098522918359,3.605082876480014,3.049174876915327,2.913371190136232,3.2997707990913514,3.1107206362293427,2.721159095271928,2.5404262671365707,2.9033914158913796,2.5452319274851165,2.591966467139354,3.547925150196348,2.4775774079229906,2.8993396615304574,2.6039689538969997,2.468628020760172,2.4211395848213044,2.4211395848213044,2.237268657930668,2.7673046360714615,2.395003849316834,2.609041079936861,3.766365011541992,4.436058852623135,4.062830395659524,4.281365141231888,4.412473131833947,4.352510516469652,4.08433520028847,3.9305941738461545,3.7648740584316136,3.35548745849593,3.5071071886863634,3.6326318302910687,3.033788389659891,3.123683160216406,3.214568142905759,2.465079400208381,2.4299568868132693,3.002874855914452,2.7181098657649576,2.0036061398136304,2.413267774129764,3.450594177511964,2.880606366089808,2.7580102286944608,3.008512549438854,2.6508196093135106,2.77457271130764,2.68221804235591,2.9704662056296716,3.176284717739746,3.578910275402495,3.634161974741718,2.852310106797749,2.7451676414810966,2.4860360311920577,2.9953829250904147,3.5045608729177995,3.311760029386235,3.308970919038924,2.6116861331074595,2.0195736425364434,2.4241959759184013,2.9746194414167286,3.6940500477305953,3.7976149465625095
53,0.0,0.0,0.0,0.0,0.0,0.0,0.0,0.0,0.0,0.0,0.0,0.0,0.0,0.0,0.0,0.0,0.0,0.0,0.0,0.0,0.0,0.0,0.0,0.0,0.0,0.0,0.0,0.0,0.0,0.0,0.0,0.0,0.0,0.0,0.0,0.0,0.0,0.0,0.0,0.0,0.0,0.0,0.0,0.0,0.0,0.0,0.0,0.0,0.0,0.0,0.0,0.0,0.0,0.0,4.440165636050072,3.0222156210147353,3.3407975154913214,4.992875497612443,4.876239152533457,5.04369523726372,5.082229940519107,4.332722989976691,4.948700304831204,4.174439116878743,3.4468515398171897,2.973031636996773,3.1162522860577195,3.0245177916730652,2.639039770821746,3.5649710650108677,2.492854105758034,2.7786973233986934,2.7362217295790043,2.3501262509216567,2.4267701848633516,2.4267701848633516,2.208018872792492,2.4972842692717645,2.9438351328463375,2.9426558779878036,4.692220405848415,5.629966849684562,4.972284861627589,5.321652564414267,5.750951297161561,5.556465750448525,5.122757883413839,5.959805087580771,5.394297716061044,5.272444148973103,4.998733635072298,6.033050804607337,4.449893260769435,3.884515015543064,4.324135431456673,2.7680374496394053,2.753577121854636,3.790054995877091,2.654870049031556,2.570920193982417,2.4102725149652,4.390132138942574,3.1807276197109586,2.714664619315319,2.8878491744996015,2.661865095288711,2.846729900005566,2.7101579870438064,3.525057658943713,3.720052395763565,4.61002201047451,4.647922038123435,3.0180598566210364,2.6607020599221793,2.3750872173141544,3.520824820144662,4.787084490536215,4.380921686561166,4.146969178288526,3.155571486925674,3.116825963235546,3.5570807953829657,3.8512943972189997,5.004049066549927,5.462761938789984
54,0.0,0.0,0.0,0.0,0.0,0.0,0.0,0.0,0.0,0.0,0.0,0.0,0.0,0.0,0.0,0.0,0.0,0.0,0.0,0.0,0.0,0.0,0.0,0.0,0.0,0.0,0.0,0.0,0.0,0.0,0.0,0.0,0.0,0.0,0.0,0.0,0.0,0.0,0.0,0.0,0.0,0.0,0.0,0.0,0.0,0.0,0.0,0.0,0.0,0.0,0.0,0.0,0.0,0.0,0.0,3.0271506280716265,4.083607358228819,4.961136810795057,5.019507234196963,5.025124008744684,4.980576392501874,4.459779006154082,4.769468571964277,4.115299937283008,3.372622467616001,2.8223389097547975,3.0286400886220775,3.142178274475258,2.6311828550205227,3.262381842560806,2.6688156008528847,3.010148264488611,2.9134006083798587,2.3960947736310008,2.3311323789881966,2.3311323789881966,2.257773035823556,2.4651113529678916,3.094663670919267,3.124937836677181,4.746099293575964,5.739460929124309,5.016157675589234,5.5684738248035925,6.141687847766066,5.639185696496479,4.99137431886684,6.0423771509473925,4.9305923926217705,4.65136282370343,4.75712950069374,6.003555260563957,4.508028845382692,3.9876851446772297,4.36090953708799,2.601192514919021,2.7148621791119893,3.831232713375983,2.41811460731178,2.4193930878423417,2.518514238568172,4.603172409745083,2.8693841163391816,2.4401879124215338,2.742288377560173,2.3445224225954466,2.5762266914286664,2.3870966259962523,3.448159594031948,3.4753543491810195,4.699117017933076,4.715466691783519,2.9866756360217868,2.5613361527799254,2.2607848422152115,3.8249477545836505,5.038257965986868,4.6955097910456915,4.267580567452102,3.328354490139602,3.6297166479097447,4.423977902029744,4.984080974197483,5.768615296780713,6.409378350321719
55,0.0,0.0,0.0,0.0,0.0,0.0,0.0,0.0,0.0,0.0,0.0,0.0,0.0,0.0,0.0,0.0,0.0,0.0,0.0,0.0,0.0,0.0,0.0,0.0,0.0,0.0,0.0,0.0,0.0,0.0,0.0,0.0,0.0,0.0,0.0,0.0,0.0,0.0,0.0,0.0,0.0,0.0,0.0,0.0,0.0,0.0,0.0,0.0,0.0,0.0,0.0,0.0,0.0,0.0,0.0,0.0,2.6868570723180727,3.3351064360148506,4.061536138386189,4.302355299883979,3.692935208314991,3.3308997225324632,3.5856469119852528,3.1859413387369124,2.6755866141496014,2.3012491665405874,2.449650924769923,2.5373270884076993,2.104519772259275,2.416639732919171,2.2026763117478363,2.4280787434729234,2.4208843275650564,2.402957792310558,2.429129771180879,2.429129771180879,2.2024498624174145,2.1302432031504117,2.4577744179420806,2.598715405177758,3.8794813543211184,4.785744693670265,4.507411190175141,4.875268926728468,5.156420470766479,5.079856330376511,4.1077288221099835,5.035732256833643,4.303967073602677,4.308728166324989,4.679553459799184,5.574476611455439,4.394328827253919,3.3374150634638577,3.3661225022635333,2.4931374671689226,3.331415689155008,3.662526582754788,2.5514277467883453,2.8786823964454475,3.3069923610279472,4.14380654634866,2.9979782931011565,2.0849116842213227,2.0440258649858127,2.0128196324835765,2.0292680497973863,2.0011365776205254,3.0581359071872867,3.0710343227666446,3.814346023636635,4.049803029015597,2.3523333412044365,2.3137321886000217,2.1798570139546887,3.2882542963899675,4.667506363989929,4.058715259405882,3.733638264311435,2.710450114817987,3.0245751309456828,3.86991277536214,4.759011345438785,5.553137796668968,6.0440173809640765
56,0.0,0.0,0.0,0.0,0.0,0.0,0.0,0.0,0.0,0.0,0.0,0.0,0.0,0.0,0.0,0.0,0.0,0.0,0.0,0.0,0.0,0.0,0.0,0.0,0.0,0.0,0.0,0.0,0.0,0.0,0.0,0.0,0.0,0.0,0.0,0.0,0.0,0.0,0.0,0.0,0.0,0.0,0.0,0.0,0.0,0.0,0.0,0.0,0.0,0.0,0.0,0.0,0.0,0.0,0.0,0.0,0.0,4.575303403830651,4.626740969673825,4.5252815044303905,4.153766651510555,3.703984303813622,3.691486118266759,2.507679839781314,2.8218475602769444,2.299783506621956,2.593809096434174,2.853325183482928,2.4829999819493427,2.4001248155453943,2.3897776301234654,2.727400059373168,2.647505356697598,2.3990770420430803,2.3549757278359196,2.3549757278359196,2.2038144989230433,1.9847741320372585,2.466803483042047,2.4097848615551887,3.105494246753604,3.6274327319551563,3.6591494009185537,4.3637231705381145,4.49078446954584,4.02393978959652,3.161944091443257,3.6898995437971975,3.740222963110336,3.582069975844805,4.166487798863618,6.393196496914205,4.853305354121062,3.97358063056614,3.6826893714900466,2.3840875237666657,2.899776924532991,3.4693181913030906,2.483282018126888,2.4010565108657977,2.996484241262095,3.80339423359648,2.6762566437124238,2.0227528333274916,1.9753646745396531,2.0359970286760856,2.096068835636524,2.158133928315343,2.769512281889812,2.485916345496825,2.9806516253476785,3.00775971612876,2.145535265390886,2.072345337116121,1.7684715322424909,2.656233033295818,3.2845774210259053,3.0765877815431377,2.677730693228602,3.4411275602279976,3.1276724134052905,5.134166075959829,5.4719646582167885,5.242267310539403,5.032085485114514
57,0.0,0.0,0.0,0.0,0.0,0.0,0.0,0.0,0.0,0.0,0.0,0.0,0.0,0.0,0.0,0.0,0.0,0.0,0.0,0.0,0.0,0.0,0.0,0.0,0.0,0.0,0.0,0.0,0.0,0.0,0.0,0.0,0.0,0.0,0.0,0.0,0.0,0.0,0.0,0.0,0.0,0.0,0.0,0.0,0.0,0.0,0.0,0.0,0.0,0.0,0.0,0.0,0.0,0.0,0.0,0.0,0.0,0.0,9.047884477874547,8.067589359175296,6.7158477889680865,6.299083222016109,5.637210997086084,5.153727104399437,4.527200407634444,3.685511600559251,3.6701479516831945,3.3434245594369867,3.0156108002468938,3.747333237805702,2.91391233917467,2.978554832838982,3.05829433018159,2.708865539152184,2.9703752285881104,2.9703752285881104,2.5203850252233084,2.878277469684867,3.4752812128326616,3.77844731791436,5.709029246432937,7.264187079932569,6.973557763513023,8.7082327160582,8.841012354195083,8.231491547229727,5.927121447782667,7.269621391470442,5.962811085411873,5.661275784283394,8.491692292156724,11.919188605116297,8.26552380331363,6.068027056636223,4.978370214469512,3.0945713960182837,5.468652274093509,6.17127730020878,3.133898356980877,3.272961900040927,4.343544679988871,6.4444430181833186,3.7855089774795077,2.596945391530833,2.534784774983311,2.555831835865315,2.531098715134154,2.7637588665574273,4.199720731601005,4.277155512819142,5.56323162740555,6.073267821629748,3.4353970628933346,3.687669217594135,2.606683729373408,5.028508294601885,6.398316473007943,6.508149044132944,5.682396065822662,5.538667340393368,4.824867501623195,6.990771186382524,6.6875384149908275,6.739024063897066,6.478828124703953
58,0.0,0.0,0.0,0.0,0.0,0.0,0.0,0.0,0.0,0.0,0.0,0.0,0.0,0.0,0.0,0.0,0.0,0.0,0.0,0.0,0.0,0.0,0.0,0.0,0.0,0.0,0.0,0.0,0.0,0.0,0.0,0.0,0.0,0.0,0.0,0.0,0.0,0.0,0.0,0.0,0.0,0.0,0.0,0.0,0.0,0.0,0.0,0.0,0.0,0.0,0.0,0.0,0.0,0.0,0.0,0.0,0.0,0.0,0.0,12.053083951342002,11.279750516520982,9.293085880259836,8.284546883993398,6.552440500987139,5.214882886290515,4.100506029771938,4.000781951781411,3.5787138836537924,3.001543306396858,3.8490601295597093,2.9564130402512165,2.7752424946250134,3.042524059524984,3.1661660297128766,3.56158705982358,3.56158705982358,2.9698826018345486,3.270000182659462,4.021351147950333,4.953187028446675,7.670653310373369,10.965744850903585,11.503364154005938,15.71284528051751,15.685676143449978,14.117980753231036,9.063068878293121,11.231757493336152,9.570619615738854,10.307766953694143,12.434615702976416,19.7624373280896,13.782053891978757,9.435920398557993,6.9793024924293805,4.182800062709367,7.62784645735991,9.090309215645034,4.596044877218293,4.413130639337764,6.860725665635452,10.744436288720042,5.7752801354983845,3.0838106696655485,2.4117004193391294,2.6541219174318957,2.789977778413403,2.9561291112492514,6.084390475446834,5.50595519715296,7.761928245471177,8.538695419990397,4.282191736373388,4.3795452190578805,2.9819017037286533,7.145711186951127,9.588363426723165,9.543924164771541,8.43657969058729,7.083209727090595,6.760028678197179,9.027177853759762,8.41987494101724,9.194234457562969,9.256300494165734
59,0.0,0.0,0.0,0.0,0.0,0.0,0.0,0.0,0.0,0.0,0.0,0.0,0.0,0.0,0.0,0.0,0.0,0.0,0.0,0.0,0.0,0.0,0.0,0.0,0.0,0.0,0.0,0.0,0.0,0.0,0.0,0.0,0.0,0.0,0.0,0.0,0.0,0.0,0.0,0.0,0.0,0.0,0.0,0.0,0.0,0.0,0.0,0.0,0.0,0.0,0.0,0.0,0.0,0.0,0.0,0.0,0.0,0.0,0.0,0.0,10.059057310623839,8.3759112190463,8.877321807636605,8.961686626501935,5.19675602181487,4.161192818994044,4.470089741938294,3.9835012072756437,2.8924720672721413,3.772684679787534,3.2807591252180126,2.829376884671154,3.387932342081627,3.6274857678288863,3.9217032122363356,3.9217032122363356,3.372069026477926,4.2000022231123335,5.063631574386028,7.070239828841066,10.099350503412975,14.200290335454937,12.719642784702623,16.45126964712533,16.918894263162514,15.796161255972024,12.884401045152208,14.96909869189017,12.91267803978409,14.62285168630487,13.625432273141197,17.33923282668438,12.267036962843703,8.281467821993514,6.894849327947377,4.472859308299499,6.705906286720966,8.999078415857936,4.670910988578799,4.248485760621245,6.278153022023418,10.956569733452818,5.453488088631262,3.2560409368443537,2.685928840613751,2.9140826494844148,3.1871312268307284,3.2739736489931532,6.593851265761814,6.486923447136987,9.509631136886181,10.881871739119168,5.347786597553767,4.990961658197943,3.3341137358983417,8.197756082082366,11.473652265391877,10.654094502583575,9.755347147378334,7.5438860278950886,7.783816120802349,9.31536570804408,9.17049637233181,10.59910625311141,11.556020834579568
60,0.0,0.0,0.0,0.0,0.0,0.0,0.0,0.0,0.0,0.0,0.0,0.0,0.0,0.0,0.0,0.0,0.0,0.0,0.0,0.0,0.0,0.0,0.0,0.0,0.0,0.0,0.0,0.0,0.0,0.0,0.0,0.0,0.0,0.0,0.0,0.0,0.0,0.0,0.0,0.0,0.0,0.0,0.0,0.0,0.0,0.0,0.0,0.0,0.0,0.0,0.0,0.0,0.0,0.0,0.0,0.0,0.0,0.0,0.0,0.0,0.0,7.659986696765242,7.168150667987416,6.279106232581415,5.387740668636388,4.6216047783753,4.105857258691213,3.144862588938961,2.8437031760234004,3.342969988439614,2.758584263282402,2.3743539142866674,2.604497070059801,2.8879570323792514,2.865284667679273,2.865284667679273,2.778626406803489,3.6102588930965247,3.9257991610519225,4.611569379002805,7.199289050776582,8.775814861299798,7.592801056528345,8.91869201964913,8.741104612118605,8.74746235448654,6.7931005823858746,7.749264240373803,5.903780810288882,5.241776752866683,9.201229207295818,14.012628132139252,9.748507451563775,7.725775125937195,5.670516408221901,3.6199355834340174,6.561770062219773,7.363687911190525,3.8950299883448536,3.4128898514642887,4.868677298085164,6.791579289768588,3.944072668727562,2.6352326055734436,2.14017576789341,2.5224658458827616,2.424715813498694,2.7451156094898606,4.696635868939719,4.662299076254584,6.937097004124033,8.212114625256053,4.18579956343485,4.24104624302979,2.840121523580942,5.853077075611769,6.830171872739179,7.2217654068463935,6.72666237473694,6.013795763800591,5.264239872158757,7.062330300126722,6.309019840232276,6.7342686055494125,6.612809195741034
61,0.0,0.0,0.0,0.0,0.0,0.0,0.0,0.0,0.0,0.0,0.0,0.0,0.0,0.0,0.0,0.0,0.0,0.0,0.0,0.0,0.0,0.0,0.0,0.0,0.0,0.0,0.0,0.0,0.0,0.0,0.0,0.0,0.0,0.0,0.0,0.0,0.0,0.0,0.0,0.0,0.0,0.0,0.0,0.0,0.0,0.0,0.0,0.0,0.0,0.0,0.0,0.0,0.0,0.0,0.0,0.0,0.0,0.0,0.0,0.0,0.0,0.0,6.182704209739997,5.162031112840436,4.967461799518192,4.097883597575422,3.657256920752479,3.5123958624195777,2.9227813932621602,3.1677771090923303,2.606803599466414,2.4502460706147975,2.8295857469622545,2.9437739054625314,2.989020519675163,2.989020519675163,2.790493760408864,2.9602251789057186,3.6163632191008133,3.6378566939342654,5.506205152268295,6.673418233384187,6.029404942730419,7.673680975575328,7.495657936828981,7.358508703694223,5.636409769348512,6.674429627037533,5.95609121286611,5.202714230866351,7.774128895175638,12.134718841156408,8.421195510079302,6.540945804204931,4.824960323206208,3.212856625269604,5.319382921307081,5.931929508236263,3.384570319455835,3.185083079946212,4.176067734545586,5.96079452166383,3.8001399250620467,2.6665623543554653,2.3650220848602346,2.498519355448784,2.5212839542260923,2.566728777300329,3.9571587088872353,3.8408435344135468,5.137875761248766,5.72645335666632,3.4577823107386982,3.448758517062718,2.5015897307901143,4.525689943792752,5.661860884366551,5.839781371361447,5.120412545580188,5.069271476427949,4.444792377689816,6.509628773851513,5.776141156727168,6.034175894636307,5.713173240087867
62,0.0,0.0,0.0,0.0,0.0,0.0,0.0,0.0,0.0,0.0,0.0,0.0,0.0,0.0,0.0,0.0,0.0,0.0,0.0,0.0,0.0,0.0,0.0,0.0,0.0,0.0,0.0,0.0,0.0,0.0,0.0,0.0,0.0,0.0,0.0,0.0,0.0,0.0,0.0,0.0,0.0,0.0,0.0,0.0,0.0,0.0,0.0,0.0,0.0,0.0,0.0,0.0,0.0,0.0,0.0,0.0,0.0,0.0,0.0,0.0,0.0,0.0,0.0,7.653046948996556,5.333914864354261,4.25679797525401,4.362985738644527,4.057281912580887,3.026617733090906,3.677620589228317,3.2304948456531815,2.9190969378156058,3.2438411389257933,3.279047946140163,3.207494077766103,3.207494077766103,3.019204461576906,3.3011946731239266,4.654578203616985,5.200151907430837,8.783781825957815,10.925738468867335,9.112665344327153,9.622333932140817,9.885628422710264,10.151966250436189,9.052147161750975,10.958996468749561,8.662243494357014,8.241599231093035,8.78835868675845,9.80006660797614,6.972499536626878,5.579621524476009,5.408353252419792,3.406070473997446,4.721789110569798,6.999923370726736,3.579700654630787,3.1958338420121524,4.324396847288189,7.158718735746196,3.902709633202454,2.9071092735025594,2.7032908952100834,2.5905781591068284,2.70068048918874,2.8106794834326,5.363791131469258,5.699732710618333,8.183828621543585,9.39457135486298,4.505466584910738,4.030032227527989,2.8628418187085076,6.485594118325968,8.779343070965256,8.411293079796398,7.821135327411809,5.210861080899139,5.403578847901764,5.989925343791224,6.066456428938782,8.56011531620919,9.94903543593238
63,0.0,0.0,0.0,0.0,0.0,0.0,0.0,0.0,0.0,0.0,0.0,0.0,0.0,0.0,0.0,0.0,0.0,0.0,0.0,0.0,0.0,0.0,0.0,0.0,0.0,0.0,0.0,0.0,0.0,0.0,0.0,0.0,0.0,0.0,0.0,0.0,0.0,0.0,0.0,0.0,0.0,0.0,0.0,0.0,0.0,0.0,0.0,0.0,0.0,0.0,0.0,0.0,0.0,0.0,0.0,0.0,0.0,0.0,0.0,0.0,0.0,0.0,0.0,0.0,5.314111150451961,3.7825969760141116,5.164725034864339,5.552029919520531,3.6718655078965186,3.2359169237186043,4.389880685501578,3.932844838308787,5.325094504402651,5.41526937620967,4.509051991268304,4.509051991268305,5.046475599636908,5.629376399039472,5.740215410245968,6.764030439041849,10.26702392409514,12.48884833686208,10.053745649440366,9.189830376159318,10.085329493292331,10.839251148295336,10.312333788841416,11.832138145037653,11.185745097845121,11.704073627155385,9.083099416821492,9.272658305606807,6.729042640897112,4.8434902891688845,5.539533033837791,3.35104249901773,3.7902625620358115,7.098243862546115,3.434627776101553,2.9527154530580013,3.705437647941296,6.658015342100268,3.2476978938114813,2.809577951238331,2.3581678465560896,2.6699954151436724,2.6023021247537494,2.8844298747064254,5.666246828788292,6.388313185154118,8.329614224272715,10.382919745972803,5.07740611309517,5.088041602798887,3.432335747189848,6.485140685526658,9.5022624295458,7.851788994513854,7.962918663094165,5.757325446950093,6.523575798350753,7.576951739696527,7.779775415669852,9.085199900859628,10.293091379794804
64,0.0,0.0,0.0,0.0,0.0,0.0,0.0,0.0,0.0,0.0,0.0,0.0,0.0,0.0,0.0,0.0,0.0,0.0,0.0,0.0,0.0,0.0,0.0,0.0,0.0,0.0,0.0,0.0,0.0,0.0,0.0,0.0,0.0,0.0,0.0,0.0,0.0,0.0,0.0,0.0,0.0,0.0,0.0,0.0,0.0,0.0,0.0,0.0,0.0,0.0,0.0,0.0,0.0,0.0,0.0,0.0,0.0,0.0,0.0,0.0,0.0,0.0,0.0,0.0,0.0,3.814608761265228,4.477796435394259,4.157538185339731,2.719022772376916,3.0315510318141654,3.488337365165594,2.373911005172989,3.999408904630892,2.9617349798521553,2.9655179371244498,2.9655179371244498,2.778830481694231,4.8198249314282355,4.08905741082261,4.202942013775219,5.539787236742399,4.7222802890147975,3.564375653517673,3.4904852447811154,3.4923346390041563,3.892860778101743,4.17688614444481,4.89247396023022,4.5483666585174385,3.9846421294323844,4.066415153247347,6.068652359294123,4.4652763755113885,4.097750119710172,3.8210820777794203,2.52225674778661,2.78894889352472,3.5235324533626597,2.410408803751717,2.3550761044849864,2.3257859513660146,3.0633688325811126,2.626254699663867,2.362657092855029,1.8249304670801685,2.1983494538267103,2.128829048556055,2.256111002785488,2.9826367257719237,3.280921181465158,4.134115059291366,4.5899196994635165,3.926741062559351,3.8642079946482757,2.548929334693079,3.0592587315144146,3.5560619304163152,3.3774587635583955,3.284010096323311,2.8933223261017225,2.8364954442952164,3.7100181297497,4.189732367060786,4.522822241622537,4.795967023438414
65,0.0,0.0,0.0,0.0,0.0,0.0,0.0,0.0,0.0,0.0,0.0,0.0,0.0,0.0,0.0,0.0,0.0,0.0,0.0,0.0,0.0,0.0,0.0,0.0,0.0,0.0,0.0,0.0,0.0,0.0,0.0,0.0,0.0,0.0,0.0,0.0,0.0,0.0,0.0,0.0,0.0,0.0,0.0,0.0,0.0,0.0,0.0,0.0,0.0,0.0,0.0,0.0,0.0,0.0,0.0,0.0,0.0,0.0,0.0,0.0,0.0,0.0,0.0,0.0,0.0,0.0,3.5446158145082514,3.6177470125146542,2.7704717990221845,4.574873532528931,2.681960361914737,2.5515603840657923,3.2639149561296925,3.158207761540796,2.8815411246868314,2.881541124686832,2.9337006621827757,3.0248873957576996,3.160193088805039,2.6846388656098017,3.8315705715318655,3.5489707064942912,2.894014781728846,3.149376018987171,2.721417500348445,3.356413377982934,3.2415243837914236,3.9473158986381596,4.170810615886154,3.4447975683505847,3.4083278068593064,4.885002717623032,3.558577664515021,3.354934790068843,2.9841218821656206,2.333421992914712,2.6455526752454084,3.07154107323237,2.628998581103271,2.727866970064551,2.68581975478585,3.1173904048300476,3.271772969437599,2.5281172528539755,2.005148931978049,2.133648416427011,2.3800783350400536,2.228510424927948,2.8776953041759303,2.83728863761591,3.107376400216361,3.1628754770515815,2.991804541539138,2.744659631358622,2.4151133612110085,2.8795794687316496,3.443675554615512,3.4301196281646664,2.9521774192851966,2.904378549033576,2.758827053560369,3.3417847224214308,3.178309791930973,3.4323994824993758,3.6047861430416086
66,0.0,0.0,0.0,0.0,0.0,0.0,0.0,0.0,0.0,0.0,0.0,0.0,0.0,0.0,0.0,0.0,0.0,0.0,0.0,0.0,0.0,0.0,0.0,0.0,0.0,0.0,0.0,0.0,0.0,0.0,0.0,0.0,0.0,0.0,0.0,0.0,0.0,0.0,0.0,0.0,0.0,0.0,0.0,0.0,0.0,0.0,0.0,0.0,0.0,0.0,0.0,0.0,0.0,0.0,0.0,0.0,0.0,0.0,0.0,0.0,0.0,0.0,0.0,0.0,0.0,0.0,0.0,4.747427336111907,3.5938970296953117,4.682541353874432,4.042901752152416,4.071504840785819,4.686963636011104,4.845631457638194,3.960920641417519,3.960920641417519,4.518179223922706,4.721479140393074,4.364233927040449,4.380639122597062,5.086527594809319,5.174507029456177,4.131448033586707,4.203226080657093,4.314531725054472,4.417848984174523,4.700426136071675,5.058179953307743,4.755349875993571,4.514105592368593,4.135978758690568,4.419518885036196,3.579057770428261,3.2134058835984995,3.246562817798435,2.3697666977468534,2.8933435269084145,3.5261766521540623,2.2646853852988365,2.4548525702953974,2.8093872876457446,3.528792004014604,2.551795520640355,2.1569796391955904,1.8255976696600797,1.9341814351374738,1.992389898154647,2.1743099703443134,3.1475432450793774,3.2963995668993467,3.920153583378552,4.615317055202809,3.710586057325104,3.7534991027459053,2.851574269514001,3.8456138825167305,4.140509775037159,4.049799593405421,3.770952525971507,3.8204329528612773,3.626322869249833,4.280012105065321,4.04019722527824,4.534349500986091,4.933569540851193
67,0.0,0.0,0.0,0.0,0.0,0.0,0.0,0.0,0.0,0.0,0.0,0.0,0.0,0.0,0.0,0.0,0.0,0.0,0.0,0.0,0.0,0.0,0.0,0.0,0.0,0.0,0.0,0.0,0.0,0.0,0.0,0.0,0.0,0.0,0.0,0.0,0.0,0.0,0.0,0.0,0.0,0.0,0.0,0.0,0.0,0.0,0.0,0.0,0.0,0.0,0.0,0.0,0.0,0.0,0.0,0.0,0.0,0.0,0.0,0.0,0.0,0.0,0.0,0.0,0.0,0.0,0.0,0.0,3.508037535020747,3.335468925347746,4.451965559282005,3.9738621044622064,5.3186850714916005,6.565077493510799,6.473241041234299,6.473241041234299,6.138854498302067,5.7905976110964295,4.761159526547306,5.028153656074689,5.529499759670426,5.395116144218071,4.342012205779563,4.3789337382579365,4.6179660223275025,4.532885410271013,4.96279131488441,4.851892252042599,4.537856448670307,4.82710236704494,3.9969420221833967,3.480711814003972,3.0028326716709195,3.062563603633704,3.228456768457708,2.4235611890355857,2.6736134443204156,3.279524107195057,2.2907057987738355,2.41925708576076,2.5951689197934016,3.6063270382084727,2.472561461977495,2.1161241199570946,1.7065354374765904,1.997674436171746,1.82957851685232,2.1220186068499314,2.9785474932370803,3.3176164218126227,3.9489813796554354,4.993762776531406,4.100803000352314,4.228821171633122,2.9995077656449842,3.8977864998275025,3.965755665652964,4.14988780706766,3.827311371758107,3.700446991051795,3.4180129173017693,4.326310513776976,4.186101023377266,4.180363373053144,4.630164750412979
68,0.0,0.0,0.0,0.0,0.0,0.0,0.0,0.0,0.0,0.0,0.0,0.0,0.0,0.0,0.0,0.0,0.0,0.0,0.0,0.0,0.0,0.0,0.0,0.0,0.0,0.0,0.0,0.0,0.0,0.0,0.0,0.0,0.0,0.0,0.0,0.0,0.0,0.0,0.0,0.0,0.0,0.0,0.0,0.0,0.0,0.0,0.0,0.0,0.0,0.0,0.0,0.0,0.0,0.0,0.0,0.0,0.0,0.0,0.0,0.0,0.0,0.0,0.0,0.0,0.0,0.0,0.0,0.0,0.0,4.468147984374495,3.2492565810057923,2.3693569555342995,3.5743945552884133,2.806086465382002,2.84943753869772,2.84943753869772,2.6141586363663354,4.18994919915874,3.070946782333703,3.3825118731649693,3.651282593161192,3.176677193028443,2.5849381564363725,2.726564509020509,2.295680407497825,2.951830725914185,3.0174594063566174,3.233616047960866,3.329441975008559,3.084852073352871,2.791275310873405,3.0967740898198834,2.646821507457326,2.7127259123479677,2.5163471903336374,2.1421413658982185,2.43279697861144,2.612740518954836,2.2069219483838123,2.4134984295513426,2.6982159944139528,2.772128458601337,2.783608038180328,1.9532042245073693,1.5778186457399843,1.620828403587541,1.8065943811773315,1.9812962262329796,2.458762939502696,2.3951186933226327,2.589433695704128,2.915969107310617,3.0714379323747463,3.3039084210488423,2.283449194774085,2.8601951801598653,2.9812331086437003,3.1800933328798644,2.611371761150255,2.6497794009717377,2.5943014898373336,3.407282179665474,3.5841534203724246,3.724119707281539,3.854818098384317
69,0.0,0.0,0.0,0.0,0.0,0.0,0.0,0.0,0.0,0.0,0.0,0.0,0.0,0.0,0.0,0.0,0.0,0.0,0.0,0.0,0.0,0.0,0.0,0.0,0.0,0.0,0.0,0.0,0.0,0.0,0.0,0.0,0.0,0.0,0.0,0.0,0.0,0.0,0.0,0.0,0.0,0.0,0.0,0.0,0.0,0.0,0.0,0.0,0.0,0.0,0.0,0.0,0.0,0.0,0.0,0.0,0.0,0.0,0.0,0.0,0.0,0.0,0.0,0.0,0.0,0.0,0.0,0.0,0.0,0.0,4.330663240612261,5.247914792222099,3.3660285715441605,3.662006850972657,3.60469251960722,3.60469251960722,3.307950842358228,2.702496321446835,2.704435674613544,2.9447090566954466,3.7217072004482836,4.045709929921601,3.576985661060882,3.6649243946240766,3.273386161733241,3.911779592431736,3.838122758052165,3.7965131095196227,3.7256985210710547,3.4805786823164673,3.643406117874904,4.669215298938404,3.6805508260660273,3.4874698548966014,3.173646688972815,2.364934368473249,3.2746429560741066,3.5833822419905856,2.5238776379085177,2.751386942949677,3.197297792050402,3.509744582080191,3.0460342803598226,2.538524177780196,2.3346986921586255,2.1729263000258485,2.409952625804658,2.3673709520913713,3.0322780108422527,2.8802359476656823,3.333233419706266,3.5277497597194634,2.994855614585385,2.785879845005459,2.3377666599667295,3.702716141250865,4.44829975813378,4.52215116539586,3.5764229913051433,3.1983586450044843,3.1965950187154144,3.7790684074324297,3.3008385638554865,3.6404395825792224,3.5724893456241835
70,0.0,0.0,0.0,0.0,0.0,0.0,0.0,0.0,0.0,0.0,0.0,0.0,0.0,0.0,0.0,0.0,0.0,0.0,0.0,0.0,0.0,0.0,0.0,0.0,0.0,0.0,0.0,0.0,0.0,0.0,0.0,0.0,0.0,0.0,0.0,0.0,0.0,0.0,0.0,0.0,0.0,0.0,0.0,0.0,0.0,0.0,0.0,0.0,0.0,0.0,0.0,0.0,0.0,0.0,0.0,0.0,0.0,0.0,0.0,0.0,0.0,0.0,0.0,0.0,0.0,0.0,0.0,0.0,0.0,0.0,0.0,3.7690206378228135,4.687545938832572,4.712202446471179,4.060929535900009,4.060929535900009,4.437115813654764,4.9691514181105765,4.125927226247305,4.177610568075844,4.426234182525081,4.223970480656212,3.413745418792949,3.3521463951262715,3.2873276074265996,3.587218880105497,3.9460574702951017,3.9211299868591487,3.8967269552876216,3.754101802320728,3.3659244337334053,3.219829467321046,2.838748094890354,2.8152075040571196,2.6582049554096594,2.331704808276441,2.6748222681709044,3.011908882861646,2.134152390107441,2.354321599456078,2.640531913607385,2.9424717665897187,2.3929502423514184,2.0460758541615514,1.752413670714167,1.9278147700162107,1.9194281176517292,2.0599180244908575,2.6578182852204826,2.9243077585189363,3.1906634926107236,3.9351103570877823,3.638661931139814,3.69287429869347,2.868462081610064,3.3936793116366437,3.6211533277182517,3.53576828923591,3.351827194868415,3.148264077008009,3.135196409714563,3.6622558989001117,3.5789208626560023,3.5610658246911995,3.840488318774985
71,0.0,0.0,0.0,0.0,0.0,0.0,0.0,0.0,0.0,0.0,0.0,0.0,0.0,0.0,0.0,0.0,0.0,0.0,0.0,0.0,0.0,0.0,0.0,0.0,0.0,0.0,0.0,0.0,0.0,0.0,0.0,0.0,0.0,0.0,0.0,0.0,0.0,0.0,0.0,0.0,0.0,0.0,0.0,0.0,0.0,0.0,0.0,0.0,0.0,0.0,0.0,0.0,0.0,0.0,0.0,0.0,0.0,0.0,0.0,0.0,0.0,0.0,0.0,0.0,0.0,0.0,0.0,0.0,0.0,0.0,0.0,0.0,4.3367927401909565,3.234060516741265,3.672969497187209,3.672969497187209,3.0235301568763924,5.604309170131352,3.4797673785570145,4.274333218674857,4.282996933142874,3.4597013743608946,2.789421433004795,2.5367805967265964,2.3503371826802186,2.9523684707017153,3.24197524007639,3.30613820152338,3.3835392541378475,3.384926152080906,2.905243468964545,2.846865320675399,2.6059542891091874,2.8250588521964866,2.732223391056128,2.553925053031179,2.6832113033839993,2.8688383805641395,2.2566611142183524,2.585780396336507,2.7268941435930905,2.6476579464533563,2.5439699814286274,2.0429858762733937,1.4686435413692194,1.7388642383298964,1.872518356356724,2.093380829237481,2.535287168305074,2.8130017167267662,2.8684443807308497,3.26342165581752,3.62737532902578,4.029780593676237,2.5735031047686094,3.1383984972722185,3.4160622889739765,3.316599702913196,2.7911684551485227,2.5393016112952815,2.747322006416551,3.377150021063863,3.479067828965455,3.640759136952365,3.8917002142318227
72,0.0,0.0,0.0,0.0,0.0,0.0,0.0,0.0,0.0,0.0,0.0,0.0,0.0,0.0,0.0,0.0,0.0,0.0,0.0,0.0,0.0,0.0,0.0,0.0,0.0,0.0,0.0,0.0,0.0,0.0,0.0,0.0,0.0,0.0,0.0,0.0,0.0,0.0,0.0,0.0,0.0,0.0,0.0,0.0,0.0,0.0,0.0,0.0,0.0,0.0,0.0,0.0,0.0,0.0,0.0,0.0,0.0,0.0,0.0,0.0,0.0,0.0,0.0,0.0,0.0,0.0,0.0,0.0,0.0,0.0,0.0,0.0,0.0,7.378594762765801,7.304018865157927,7.304018865157927,6.873602636230333,6.037325667098567,4.804385976078543,5.1123021587637245,5.080473005493643,4.939430585577888,4.161214726516896,4.406042204120323,4.83639446128404,4.50282561979399,4.893280300879139,4.591441167998759,4.639812074016047,5.243956568065382,4.013057225582465,2.8937964700993852,2.775843641669342,2.8838448241540564,2.7665397562928584,2.4444073391290173,2.7329788496347382,3.078563923298106,2.190770067626915,2.3827564072822254,2.601998728552888,3.564198535439205,2.2648467710858973,2.2375436670242443,2.1507027057677703,2.206047877519685,2.0631646585819627,2.2112145440149513,2.6898092118017787,3.2897818060230266,3.47191441689352,4.262766843169871,4.064273147655649,4.176129214254369,3.072320577950399,3.7627594756495215,4.008176642245221,3.962177281395111,3.6030083299644486,3.2754586408397226,3.3361937559213635,4.385059358834361,4.4971320324287865,4.277750567556277,4.628102040747466
73,0.0,0.0,0.0,0.0,0.0,0.0,0.0,0.0,0.0,0.0,0.0,0.0,0.0,0.0,0.0,0.0,0.0,0.0,0.0,0.0,0.0,0.0,0.0,0.0,0.0,0.0,0.0,0.0,0.0,0.0,0.0,0.0,0.0,0.0,0.0,0.0,0.0,0.0,0.0,0.0,0.0,0.0,0.0,0.0,0.0,0.0,0.0,0.0,0.0,0.0,0.0,0.0,0.0,0.0,0.0,0.0,0.0,0.0,0.0,0.0,0.0,0.0,0.0,0.0,0.0,0.0,0.0,0.0,0.0,0.0,0.0,0.0,0.0,0.0,11.812718562574593,11.812718562574592,8.422630671833025,7.036205748439871,4.658998920127546,5.466198624201208,5.5547771481741925,4.965538891707254,4.205911221902334,4.852488729291752,5.5529592399077305,4.535525768068394,4.619615754129022,4.562416785790354,4.2619490617581945,5.011405547745696,4.151153656825369,3.469327654964786,3.286111536325733,3.017573923656267,2.9031335961999956,2.250676723547972,2.831203468174693,3.031474673283911,2.281491520334978,2.2132716308825855,2.428250532911123,3.856299944438487,2.078559691784257,2.0469252002003797,1.5484058259238347,1.8483889546606065,1.5478589631186175,2.1676623849741126,2.8402331269486183,3.33438931893328,3.625229145214795,4.262592679904267,4.433690070290381,4.602400302207636,2.6215654623916533,3.3117038520366306,3.7451220000619725,3.785639381426092,3.4249434388755287,3.2594348088815583,3.1803761514467745,4.30340623120594,4.376867255012046,4.196930861918738,4.546364532891737
74,0.0,0.0,0.0,0.0,0.0,0.0,0.0,0.0,0.0,0.0,0.0,0.0,0.0,0.0,0.0,0.0,0.0,0.0,0.0,0.0,0.0,0.0,0.0,0.0,0.0,0.0,0.0,0.0,0.0,0.0,0.0,0.0,0.0,0.0,0.0,0.0,0.0,0.0,0.0,0.0,0.0,0.0,0.0,0.0,0.0,0.0,0.0,0.0,0.0,0.0,0.0,0.0,0.0,0.0,0.0,0.0,0.0,0.0,0.0,0.0,0.0,0.0,0.0,0.0,0.0,0.0,0.0,0.0,0.0,0.0,0.0,0.0,0.0,0.0,0.0,14.914073121637422,10.682609651893548,5.475666361916068,4.150158071760495,4.4869297920202085,4.769128563636327,5.082070190649364,4.682553454639685,5.808839394117815,6.63863381538942,4.968192613518958,4.861379646030853,4.6001921304899,4.257377531198627,5.722870575919181,4.739252966150347,4.247072055756049,3.8881683340217923,3.3901572616550304,3.021078611747246,2.1537265244907204,3.1371681315156956,3.299157675996621,2.4792641105624655,2.2385588321695074,2.628779334081809,4.5859748099680235,2.205706886695627,2.1749332078977615,1.8138308100065326,1.9343379173838178,1.624334957183538,2.1959755549581863,3.070091649054794,3.3268152805168123,3.805363120491065,4.28184465660995,4.054045330854812,3.7509038075877172,2.7619510346931504,3.51475940262714,4.049546414369866,4.122144635095305,3.7856683943026965,3.445358814941287,3.1484085387492486,4.159080643688399,3.923302111745311,3.7068448251974617,4.108764448074306
75,0.0,0.0,0.0,0.0,0.0,0.0,0.0,0.0,0.0,0.0,0.0,0.0,0.0,0.0,0.0,0.0,0.0,0.0,0.0,0.0,0.0,0.0,0.0,0.0,0.0,0.0,0.0,0.0,0.0,0.0,0.0,0.0,0.0,0.0,0.0,0.0,0.0,0.0,0.0,0.0,0.0,0.0,0.0,0.0,0.0,0.0,0.0,0.0,0.0,0.0,0.0,0.0,0.0,0.0,0.0,0.0,0.0,0.0,0.0,0.0,0.0,0.0,0.0,0.0,0.0,0.0,0.0,0.0,0.0,0.0,0.0,0.0,0.0,0.0,0.0,0.0,10.682609651893546,5.475666361916068,4.150158071760495,4.4869297920202085,4.769128563636329,5.082070190649364,4.682553454639685,5.8088393941178165,6.63863381538942,4.968192613518958,4.861379646030853,4.6001921304899,4.257377531198627,5.722870575919181,4.739252966150347,4.247072055756047,3.888168334021793,3.3901572616550295,3.0210786117472455,2.1537265244907204,3.1371681315156947,3.299157675996621,2.479264110562465,2.2385588321695082,2.628779334081809,4.585974809968024,2.205706886695627,2.1749332078977615,1.8138308100065323,1.9343379173838178,1.6243349571835375,2.1959755549581867,3.0700916490547945,3.3268152805168123,3.8053631204910654,4.281844656609949,4.054045330854812,3.7509038075877172,2.7619510346931504,3.51475940262714,4.049546414369865,4.122144635095305,3.785668394302695,3.445358814941287,3.1484085387492486,4.159080643688399,3.9233021117453104,3.7068448251974617,4.108764448074306
76,0.0,0.0,0.0,0.0,0.0,0.0,0.0,0.0,0.0,0.0,0.0,0.0,0.0,0.0,0.0,0.0,0.0,0.0,0.0,0.0,0.0,0.0,0.0,0.0,0.0,0.0,0.0,0.0,0.0,0.0,0.0,0.0,0.0,0.0,0.0,0.0,0.0,0.0,0.0,0.0,0.0,0.0,0.0,0.0,0.0,0.0,0.0,0.0,0.0,0.0,0.0,0.0,0.0,0.0,0.0,0.0,0.0,0.0,0.0,0.0,0.0,0.0,0.0,0.0,0.0,0.0,0.0,0.0,0.0,0.0,0.0,0.0,0.0,0.0,0.0,0.0,0.0,6.641637049407588,4.428822577986955,5.1720950508677355,5.111371171762922,4.543832076729171,3.9215152098732977,4.655810207473557,5.2952416071506825,4.277051770071683,4.244425843932363,4.172030423691856,3.865317346885454,4.499782650685413,3.7738137386876094,3.226808585141826,3.018969351258777,2.733692140991451,2.669083224221267,2.0512525430119606,2.5636001662391505,2.795418162060355,2.143474839889244,2.1051760397564587,2.3274342638121395,3.6676813304147022,2.0532608452011556,1.910988816579908,1.4631508280079033,1.6852222808540152,1.5013648203274768,2.001411613271678,2.659291336476082,3.03912009932589,3.3147951045098907,3.851510469862425,4.135986521803741,4.446482307495199,2.5363279956291587,3.2315762683044027,3.542272586039358,3.6116339340424894,3.282598992894746,3.246543789913397,3.045429341824504,3.962543471324597,3.988741029761215,3.7515967212701637,4.112779723749344
77,0.0,0.0,0.0,0.0,0.0,0.0,0.0,0.0,0.0,0.0,0.0,0.0,0.0,0.0,0.0,0.0,0.0,0.0,0.0,0.0,0.0,0.0,0.0,0.0,0.0,0.0,0.0,0.0,0.0,0.0,0.0,0.0,0.0,0.0,0.0,0.0,0.0,0.0,0.0,0.0,0.0,0.0,0.0,0.0,0.0,0.0,0.0,0.0,0.0,0.0,0.0,0.0,0.0,0.0,0.0,0.0,0.0,0.0,0.0,0.0,0.0,0.0,0.0,0.0,0.0,0.0,0.0,0.0,0.0,0.0,0.0,0.0,0.0,0.0,0.0,0.0,0.0,0.0,5.433425592733882,5.317502255996984,5.569301985158996,6.3939986719903255,5.233698491261678,5.536856770629828,6.140686911251202,5.876592012918215,5.856655624468012,5.579971115650681,5.308667849134876,5.155481339297466,4.51539701128337,3.947267257683644,3.3844327201489652,2.837843951442472,2.833728300381636,2.409897696447988,2.887316287592358,3.284571494550528,2.2287905963383126,2.6554688637412798,2.9358049256111447,3.9962162534970944,2.527037812448412,2.3580932847507117,2.4376500400164494,2.3467898890790173,2.2995018836536003,2.3009085823811106,2.955831428258465,3.4313070075755148,3.7946741377680295,5.189525795044721,3.969850541346233,4.32661688770974,3.4924262074891383,4.861122099332088,5.1126672668891535,5.181001711988623,5.02492242145848,4.719136777691003,3.9492341585502166,5.3330264960235185,4.716645354057208,4.462046109888573,4.604366281230391
78,0.0,0.0,0.0,0.0,0.0,0.0,0.0,0.0,0.0,0.0,0.0,0.0,0.0,0.0,0.0,0.0,0.0,0.0,0.0,0.0,0.0,0.0,0.0,0.0,0.0,0.0,0.0,0.0,0.0,0.0,0.0,0.0,0.0,0.0,0.0,0.0,0.0,0.0,0.0,0.0,0.0,0.0,0.0,0.0,0.0,0.0,0.0,0.0,0.0,0.0,0.0,0.0,0.0,0.0,0.0,0.0,0.0,0.0,0.0,0.0,0.0,0.0,0.0,0.0,0.0,0.0,0.0,0.0,0.0,0.0,0.0,0.0,0.0,0.0,0.0,0.0,0.0,0.0,0.0,4.882864056367127,6.66554252173894,7.252651580231148,6.0329852418412155,5.23988927767275,5.886706849804888,5.938613627969685,5.6014971510757015,6.07370033039941,5.264550496591516,5.0478585066577475,4.5464806965118765,4.036214861283748,3.289952719274091,3.0641190908300655,3.7438802083083615,2.403429342653483,2.6161157121258714,4.090144103444649,2.0608784053699307,2.278566641018266,2.428516339597479,3.864350845767433,2.051823819676767,2.0585165646355454,1.885282019548398,1.9685159576894726,1.9526731968500854,2.050822351792383,3.593719604775451,4.272273617306579,5.050670923228583,6.539112935760931,3.899699619734028,4.278554802206667,2.8859819533734137,4.7348806312806575,5.529582127003038,5.386520824505771,5.3336361632128275,4.234852945900095,3.9950032207770443,4.320398276767429,4.228733565519803,5.319324139284225,6.335268505082908
79,0.0,0.0,0.0,0.0,0.0,0.0,0.0,0.0,0.0,0.0,0.0,0.0,0.0,0.0,0.0,0.0,0.0,0.0,0.0,0.0,0.0,0.0,0.0,0.0,0.0,0.0,0.0,0.0,0.0,0.0,0.0,0.0,0.0,0.0,0.0,0.0,0.0,0.0,0.0,0.0,0.0,0.0,0.0,0.0,0.0,0.0,0.0,0.0,0.0,0.0,0.0,0.0,0.0,0.0,0.0,0.0,0.0,0.0,0.0,0.0,0.0,0.0,0.0,0.0,0.0,0.0,0.0,0.0,0.0,0.0,0.0,0.0,0.0,0.0,0.0,0.0,0.0,0.0,0.0,0.0,8.635670560347933,11.781873742242642,11.181308898784811,12.049171659247818,13.217571622727151,12.202533682025006,9.825894551116152,10.714766892025503,9.958150483353677,11.463872338265736,8.480175533487097,7.37756397223917,5.614416486386371,3.770738711110328,4.334924935405068,2.876786008634323,3.7046496333926053,6.191467436119518,2.79776704389215,3.253354284879309,4.2534402255911665,7.309884959552433,3.4314339821455624,2.6689366163869512,2.562143283554063,2.508140833614804,2.408191647260157,2.539242014830924,5.143168196653409,5.7700792980677065,7.047495740727282,9.596051198069588,4.529752151013363,5.071052504722429,3.7646318646136074,7.981643927670529,10.135504909665405,10.036787600543272,9.729539529476234,7.790569143663934,7.402593721931219,9.148517541317041,8.42385737366471,9.39843137623312,10.34463691502358
80,0.0,0.0,0.0,0.0,0.0,0.0,0.0,0.0,0.0,0.0,0.0,0.0,0.0,0.0,0.0,0.0,0.0,0.0,0.0,0.0,0.0,0.0,0.0,0.0,0.0,0.0,0.0,0.0,0.0,0.0,0.0,0.0,0.0,0.0,0.0,0.0,0.0,0.0,0.0,0.0,0.0,0.0,0.0,0.0,0.0,0.0,0.0,0.0,0.0,0.0,0.0,0.0,0.0,0.0,0.0,0.0,0.0,0.0,0.0,0.0,0.0,0.0,0.0,0.0,0.0,0.0,0.0,0.0,0.0,0.0,0.0,0.0,0.0,0.0,0.0,0.0,0.0,0.0,0.0,0.0,0.0,16.3080607530507,13.492780821283834,15.167389327883976,16.688694741135322,15.107900882899012,14.749460160130608,16.237509696212747,14.346359985092944,16.61459085132214,12.129889279386584,10.929817070351039,7.961653213239196,5.348240665828763,6.127643508000691,4.0504691452160415,4.720470831182481,8.719861333613963,4.000237225119366,3.8798599013880533,4.969035546388141,9.799260969640649,4.284067976434006,3.395864026948076,2.9272544855036284,3.131430550414951,3.130129329436368,3.1800140526639127,6.916165503582865,7.450149894121001,10.451381199888614,13.174010275330522,6.233908821120405,5.997174704395897,4.1444789525166845,10.44444442938617,13.422984502321098,13.61758718559695,11.299595826365797,8.247721238988955,8.861798480337704,9.577178118143742,10.338353882765325,13.059599008329076,15.69233230516615
81,0.0,0.0,0.0,0.0,0.0,0.0,0.0,0.0,0.0,0.0,0.0,0.0,0.0,0.0,0.0,0.0,0.0,0.0,0.0,0.0,0.0,0.0,0.0,0.0,0.0,0.0,0.0,0.0,0.0,0.0,0.0,0.0,0.0,0.0,0.0,0.0,0.0,0.0,0.0,0.0,0.0,0.0,0.0,0.0,0.0,0.0,0.0,0.0,0.0,0.0,0.0,0.0,0.0,0.0,0.0,0.0,0.0,0.0,0.0,0.0,0.0,0.0,0.0,0.0,0.0,0.0,0.0,0.0,0.0,0.0,0.0,0.0,0.0,0.0,0.0,0.0,0.0,0.0,0.0,0.0,0.0,0.0,21.74798869728726,26.72297881788019,29.11094734504648,26.14111794856654,22.470345247076008,23.955303326449563,22.52133234580924,26.774673902134193,19.277527556194975,18.83527812431517,13.13839671629537,7.705507234323658,7.84149515343098,5.221009963152133,7.07058146642707,12.83289820131749,5.820174503215119,5.631121788559581,7.993593773641021,16.07320718154914,6.783198978663737,4.343808585723162,3.534959146785382,3.763160541227832,3.6066738210988976,3.9972059414781045,9.096602452611569,9.397053802345587,14.082283963818085,18.44123771675718,7.779204564551992,7.699634370654829,4.961591658680583,15.478242994832941,21.981589933168717,21.24337019263345,18.18236748040774,14.900842919898736,15.86415615584601,17.700783499655248,18.01798933299109,21.557596334032425,24.162180042971215
82,0.0,0.0,0.0,0.0,0.0,0.0,0.0,0.0,0.0,0.0,0.0,0.0,0.0,0.0,0.0,0.0,0.0,0.0,0.0,0.0,0.0,0.0,0.0,0.0,0.0,0.0,0.0,0.0,0.0,0.0,0.0,0.0,0.0,0.0,0.0,0.0,0.0,0.0,0.0,0.0,0.0,0.0,0.0,0.0,0.0,0.0,0.0,0.0,0.0,0.0,0.0,0.0,0.0,0.0,0.0,0.0,0.0,0.0,0.0,0.0,0.0,0.0,0.0,0.0,0.0,0.0,0.0,0.0,0.0,0.0,0.0,0.0,0.0,0.0,0.0,0.0,0.0,0.0,0.0,0.0,0.0,0.0,0.0,27.98176637022482,30.25229212919068,25.601805314572985,20.340964430257998,21.269320577277878,19.400302103003593,22.861021825655598,18.37142307626372,19.905544863833384,13.967543601168703,7.976471047565803,6.876960704605244,5.280331180732696,8.161144493044443,12.21960632451057,6.2454956708204366,6.780885651421182,8.689485882335791,17.362961724381908,8.193959927699334,4.683653602717375,3.4452446073791347,3.5960010573688277,3.640964094469057,3.5186184071552447,8.504448203887838,7.683743869795104,12.047516264294565,15.224074014021813,6.836563094362735,6.567816670198343,4.159184550053287,14.14021579649284,19.416718802978345,19.469307074776143,16.770680510121874,14.921903973465806,14.661744570063757,16.38102164259407,18.264936447020812,21.56126747894923,23.920190566292682
83,0.0,0.0,0.0,0.0,0.0,0.0,0.0,0.0,0.0,0.0,0.0,0.0,0.0,0.0,0.0,0.0,0.0,0.0,0.0,0.0,0.0,0.0,0.0,0.0,0.0,0.0,0.0,0.0,0.0,0.0,0.0,0.0,0.0,0.0,0.0,0.0,0.0,0.0,0.0,0.0,0.0,0.0,0.0,0.0,0.0,0.0,0.0,0.0,0.0,0.0,0.0,0.0,0.0,0.0,0.0,0.0,0.0,0.0,0.0,0.0,0.0,0.0,0.0,0.0,0.0,0.0,0.0,0.0,0.0,0.0,0.0,0.0,0.0,0.0,0.0,0.0,0.0,0.0,0.0,0.0,0.0,0.0,0.0,0.0,42.98679537802453,35.8695512503186,24.146219143739668,24.176396420965407,22.709825095853624,26.264442344541894,23.544294471586923,28.25038777345249,19.525693506324174,10.775268558755398,8.22215165022446,6.142514075061727,11.465999891901033,15.558518685405886,8.00346648758566,9.815383716294695,11.999454375160946,24.057149363242388,11.61237306273826,5.86282389663265,3.6354071774853147,3.7372294922452767,3.9147502126381344,3.7576596681621774,10.445682793632717,8.44586664681132,13.315262764234891,17.43391217646219,6.715435197115059,7.243609421952496,4.332126368958352,17.7194794034559,25.295846189599725,24.796220747774367,22.5997799425084,22.778705875327326,20.620015357549526,23.804622976842907,25.764641302354097,29.82824823672527,31.770110122055566
84,0.0,0.0,0.0,0.0,0.0,0.0,0.0,0.0,0.0,0.0,0.0,0.0,0.0,0.0,0.0,0.0,0.0,0.0,0.0,0.0,0.0,0.0,0.0,0.0,0.0,0.0,0.0,0.0,0.0,0.0,0.0,0.0,0.0,0.0,0.0,0.0,0.0,0.0,0.0,0.0,0.0,0.0,0.0,0.0,0.0,0.0,0.0,0.0,0.0,0.0,0.0,0.0,0.0,0.0,0.0,0.0,0.0,0.0,0.0,0.0,0.0,0.0,0.0,0.0,0.0,0.0,0.0,0.0,0.0,0.0,0.0,0.0,0.0,0.0,0.0,0.0,0.0,0.0,0.0,0.0,0.0,0.0,0.0,0.0,0.0,39.06285526910259,26.49922818906425,26.41508311429792,24.993953666725325,28.500061967399944,24.58787553281677,28.394746258906416,19.40947792092978,10.867659264939219,8.268616958527938,6.004215915506515,10.967667435366982,16.02196533292397,8.177609173059276,8.616773770020176,12.809922316902009,24.970835048323835,11.767491145075464,5.527674128573892,3.6938713760414554,3.745184439276067,3.7488668727742724,3.910609003811517,10.741344419206248,8.822058858081384,14.179844382801049,18.99723735650703,7.240288268754867,7.995017519086228,4.567860449241328,19.359682762173826,27.360707911607612,27.14109634986801,25.19122517088333,26.17310570380634,23.09789753231266,25.38972124272761,27.571942524954817,32.334984816319846,34.86650418692104
85,0.0,0.0,0.0,0.0,0.0,0.0,0.0,0.0,0.0,0.0,0.0,0.0,0.0,0.0,0.0,0.0,0.0,0.0,0.0,0.0,0.0,0.0,0.0,0.0,0.0,0.0,0.0,0.0,0.0,0.0,0.0,0.0,0.0,0.0,0.0,0.0,0.0,0.0,0.0,0.0,0.0,0.0,0.0,0.0,0.0,0.0,0.0,0.0,0.0,0.0,0.0,0.0,0.0,0.0,0.0,0.0,0.0,0.0,0.0,0.0,0.0,0.0,0.0,0.0,0.0,0.0,0.0,0.0,0.0,0.0,0.0,0.0,0.0,0.0,0.0,0.0,0.0,0.0,0.0,0.0,0.0,0.0,0.0,0.0,0.0,0.0,24.139835033634842,24.75960049199067,23.512556459823912,29.063349292471585,23.05104917266482,25.221416652328106,17.611474204655593,9.763876925601094,8.213139822105559,6.137229991053362,10.077879398291604,14.994916084671386,7.381500440027382,8.39657244901561,10.828199614586387,21.705324219233393,9.860100359706887,5.225889284661934,3.583699998480146,3.8459098286775255,3.918345600286931,3.952127690327614,10.263503898949432,8.972908398672926,13.647494355807599,17.542934481240213,7.1096799185976804,7.854783676835651,4.745615409178751,17.875307418387276,23.871433773930704,24.991339157611684,20.750996234660278,19.953535450493195,19.06493446791774,21.769506584406017,23.26836833845949,26.667395316659004,29.07825288848935
86,0.0,0.0,0.0,0.0,0.0,0.0,0.0,0.0,0.0,0.0,0.0,0.0,0.0,0.0,0.0,0.0,0.0,0.0,0.0,0.0,0.0,0.0,0.0,0.0,0.0,0.0,0.0,0.0,0.0,0.0,0.0,0.0,0.0,0.0,0.0,0.0,0.0,0.0,0.0,0.0,0.0,0.0,0.0,0.0,0.0,0.0,0.0,0.0,0.0,0.0,0.0,0.0,0.0,0.0,0.0,0.0,0.0,0.0,0.0,0.0,0.0,0.0,0.0,0.0,0.0,0.0,0.0,0.0,0.0,0.0,0.0,0.0,0.0,0.0,0.0,0.0,0.0,0.0,0.0,0.0,0.0,0.0,0.0,0.0,0.0,0.0,0.0,20.909185123599087,20.582168361744603,24.065596601674226,17.402033872038448,15.700986882061857,11.298011509129477,6.4464888743125615,7.2089248849530385,4.60433444441062,6.231283945252312,11.753820958210595,5.042549397055188,4.871573143486999,7.19635606923035,14.34530178218705,5.789928837801553,3.849428443524245,3.429769252303807,3.4649054711913374,3.3186618937732635,3.7412101034164693,9.027519726152509,9.461452717368388,12.757892908332305,16.745390308572333,6.623881130342439,7.564916338062363,4.529996771704563,14.092685649847583,19.094260943311305,19.305687802239486,16.91087472041429,14.505492384406338,14.907275145731596,16.1157751928752,16.396771887669892,18.151952809716153,19.962685993366456
87,0.0,0.0,0.0,0.0,0.0,0.0,0.0,0.0,0.0,0.0,0.0,0.0,0.0,0.0,0.0,0.0,0.0,0.0,0.0,0.0,0.0,0.0,0.0,0.0,0.0,0.0,0.0,0.0,0.0,0.0,0.0,0.0,0.0,0.0,0.0,0.0,0.0,0.0,0.0,0.0,0.0,0.0,0.0,0.0,0.0,0.0,0.0,0.0,0.0,0.0,0.0,0.0,0.0,0.0,0.0,0.0,0.0,0.0,0.0,0.0,0.0,0.0,0.0,0.0,0.0,0.0,0.0,0.0,0.0,0.0,0.0,0.0,0.0,0.0,0.0,0.0,0.0,0.0,0.0,0.0,0.0,0.0,0.0,0.0,0.0,0.0,0.0,0.0,21.81846244096493,25.519343083193156,19.412316832724166,18.223600724368715,12.845172460127921,7.732911398258574,8.352223391794988,5.401563291312959,7.022559124027835,12.997618515777157,5.744982523722843,5.460347047538132,7.740194739356151,15.007455818444168,6.280260668976023,4.115947889672195,3.4395369978508143,3.549610174169132,3.4861641184566827,4.097684343091158,9.43819573876329,9.80190818394911,14.14764711696908,18.098867448117083,6.900034607967433,7.255949024153513,4.316683334696653,14.238924610632624,19.742015109608502,19.313082958831558,16.73363968253207,14.011456211995881,15.014114845652173,16.084104381184826,16.089806848993767,19.595165668347548,22.095754519075218
88,0.0,0.0,0.0,0.0,0.0,0.0,0.0,0.0,0.0,0.0,0.0,0.0,0.0,0.0,0.0,0.0,0.0,0.0,0.0,0.0,0.0,0.0,0.0,0.0,0.0,0.0,0.0,0.0,0.0,0.0,0.0,0.0,0.0,0.0,0.0,0.0,0.0,0.0,0.0,0.0,0.0,0.0,0.0,0.0,0.0,0.0,0.0,0.0,0.0,0.0,0.0,0.0,0.0,0.0,0.0,0.0,0.0,0.0,0.0,0.0,0.0,0.0,0.0,0.0,0.0,0.0,0.0,0.0,0.0,0.0,0.0,0.0,0.0,0.0,0.0,0.0,0.0,0.0,0.0,0.0,0.0,0.0,0.0,0.0,0.0,0.0,0.0,0.0,0.0,25.798857568149348,18.736102981186296,16.397885032569867,11.727189198843412,6.030294237858003,6.901203757846257,4.318865131518384,5.550466996884166,10.320404000471434,4.762930861043504,4.59464741363858,6.551837978029834,13.667055780896456,5.308001503689551,3.564384844120047,2.7738538547142806,3.2710961573562645,3.214593214380955,4.047833848602718,8.575031383910957,8.900489963452541,12.157542422543482,15.370423926788638,6.092392198262264,6.623627235429702,3.838047010576293,11.747445633779842,16.574772968874367,15.383622116531628,13.637516082527071,12.869504626462597,13.293856413069335,15.936354430948077,16.115328584550838,17.17883650744028,18.89178776572964
89,0.0,0.0,0.0,0.0,0.0,0.0,0.0,0.0,0.0,0.0,0.0,0.0,0.0,0.0,0.0,0.0,0.0,0.0,0.0,0.0,0.0,0.0,0.0,0.0,0.0,0.0,0.0,0.0,0.0,0.0,0.0,0.0,0.0,0.0,0.0,0.0,0.0,0.0,0.0,0.0,0.0,0.0,0.0,0.0,0.0,0.0,0.0,0.0,0.0,0.0,0.0,0.0,0.0,0.0,0.0,0.0,0.0,0.0,0.0,0.0,0.0,0.0,0.0,0.0,0.0,0.0,0.0,0.0,0.0,0.0,0.0,0.0,0.0,0.0,0.0,0.0,0.0,0.0,0.0,0.0,0.0,0.0,0.0,0.0,0.0,0.0,0.0,0.0,0.0,0.0,21.868575253884856,19.056352468501963,13.549627579227918,6.182040964470714,6.811197701920681,4.347396094050881,6.647899402972837,11.58234162469908,5.292536511300716,5.642182979792225,8.248459194987563,16.12645023481736,6.4232677477466735,4.078062943236119,2.846944950587906,3.190753648252203,3.0181332486138532,4.187390776900461,9.703530458636084,9.989027790928336,13.303197339785136,16.234457186577743,6.234434041573124,6.3986397349551,3.7384919743529115,12.007315045943205,19.26165911580814,15.892317505055468,14.505892384898075,13.978433230377,15.368077162440382,19.993370141590027,20.67852234379727,20.69027070848368,21.68598132724626
90,0.0,0.0,0.0,0.0,0.0,0.0,0.0,0.0,0.0,0.0,0.0,0.0,0.0,0.0,0.0,0.0,0.0,0.0,0.0,0.0,0.0,0.0,0.0,0.0,0.0,0.0,0.0,0.0,0.0,0.0,0.0,0.0,0.0,0.0,0.0,0.0,0.0,0.0,0.0,0.0,0.0,0.0,0.0,0.0,0.0,0.0,0.0,0.0,0.0,0.0,0.0,0.0,0.0,0.0,0.0,0.0,0.0,0.0,0.0,0.0,0.0,0.0,0.0,0.0,0.0,0.0,0.0,0.0,0.0,0.0,0.0,0.0,0.0,0.0,0.0,0.0,0.0,0.0,0.0,0.0,0.0,0.0,0.0,0.0,0.0,0.0,0.0,0.0,0.0,0.0,0.0,20.649193956847718,14.798235320111456,8.779341370552428,7.727004986574491,5.223986736032265,7.233467177225579,11.293397499073238,5.882497871241304,5.352382764249327,8.314746063481518,15.082473430618201,6.897829864022071,3.5781048449297934,2.5106550293770713,2.95201471433435,3.3194517427224555,3.776581013247291,8.595837731558095,8.017490813096765,11.103005896759283,12.680055644701167,5.350483852040641,5.486793343495068,3.4648821629274615,9.948342058708588,15.202711151663875,13.148346635774244,12.038206806212898,10.516011493886587,11.374868635312973,14.02900495422401,14.091888583426556,14.752148117570663,15.817931842304958
91,0.0,0.0,0.0,0.0,0.0,0.0,0.0,0.0,0.0,0.0,0.0,0.0,0.0,0.0,0.0,0.0,0.0,0.0,0.0,0.0,0.0,0.0,0.0,0.0,0.0,0.0,0.0,0.0,0.0,0.0,0.0,0.0,0.0,0.0,0.0,0.0,0.0,0.0,0.0,0.0,0.0,0.0,0.0,0.0,0.0,0.0,0.0,0.0,0.0,0.0,0.0,0.0,0.0,0.0,0.0,0.0,0.0,0.0,0.0,0.0,0.0,0.0,0.0,0.0,0.0,0.0,0.0,0.0,0.0,0.0,0.0,0.0,0.0,0.0,0.0,0.0,0.0,0.0,0.0,0.0,0.0,0.0,0.0,0.0,0.0,0.0,0.0,0.0,0.0,0.0,0.0,0.0,20.31729319469788,13.38635219253293,9.177867427501436,5.828572681515689,11.312560634459144,13.574823792519815,6.648629972424075,6.072960870642503,10.617172706916715,18.072286884858553,8.466940289295174,3.741877054625849,2.4990464731165725,2.7096531412740203,2.973547906801355,3.580558891310674,9.400451516079647,7.955217780679104,11.399831547230756,12.746886019447631,5.020103649927128,6.032037100086412,3.520415612382699,11.540414330863234,15.14477839471225,15.333859903674135,13.343886618217354,12.4228693766502,11.672850713165019,16.07876790638987,14.174019318832148,13.933544739490117,13.559447555889575
92,0.0,0.0,0.0,0.0,0.0,0.0,0.0,0.0,0.0,0.0,0.0,0.0,0.0,0.0,0.0,0.0,0.0,0.0,0.0,0.0,0.0,0.0,0.0,0.0,0.0,0.0,0.0,0.0,0.0,0.0,0.0,0.0,0.0,0.0,0.0,0.0,0.0,0.0,0.0,0.0,0.0,0.0,0.0,0.0,0.0,0.0,0.0,0.0,0.0,0.0,0.0,0.0,0.0,0.0,0.0,0.0,0.0,0.0,0.0,0.0,0.0,0.0,0.0,0.0,0.0,0.0,0.0,0.0,0.0,0.0,0.0,0.0,0.0,0.0,0.0,0.0,0.0,0.0,0.0,0.0,0.0,0.0,0.0,0.0,0.0,0.0,0.0,0.0,0.0,0.0,0.0,0.0,0.0,9.456376817071435,6.70831062310467,4.784774305851493,8.470740298028913,9.944491277748442,5.347600946504196,5.0540329704801,8.217971556360974,12.808863377096408,6.703070522385064,3.0334685276423468,2.166757151741923,2.413832726074157,2.7764724329374078,3.2038597352021676,6.847546107069184,5.889409848573334,8.072261438244087,9.129365562451158,4.034330380679767,4.697394366935202,2.8940896092663873,8.329737879991738,10.912349586200847,10.85452909105475,9.42357818545036,9.140843120454226,8.352661123068698,11.800505836048144,10.581594126819281,10.541742650635022,9.98867137810316
93,0.0,0.0,0.0,0.0,0.0,0.0,0.0,0.0,0.0,0.0,0.0,0.0,0.0,0.0,0.0,0.0,0.0,0.0,0.0,0.0,0.0,0.0,0.0,0.0,0.0,0.0,0.0,0.0,0.0,0.0,0.0,0.0,0.0,0.0,0.0,0.0,0.0,0.0,0.0,0.0,0.0,0.0,0.0,0.0,0.0,0.0,0.0,0.0,0.0,0.0,0.0,0.0,0.0,0.0,0.0,0.0,0.0,0.0,0.0,0.0,0.0,0.0,0.0,0.0,0.0,0.0,0.0,0.0,0.0,0.0,0.0,0.0,0.0,0.0,0.0,0.0,0.0,0.0,0.0,0.0,0.0,0.0,0.0,0.0,0.0,0.0,0.0,0.0,0.0,0.0,0.0,0.0,0.0,0.0,5.100442936227075,3.45614724821637,5.259292852539133,6.05779781878589,3.520096716202339,3.6255938921527293,5.087892099759337,7.630675440022659,4.422844990529232,2.411076214033396,2.1181397376520557,2.1868942803134823,2.398119903852289,2.502441409809921,4.336394615901137,3.9731792495602223,5.399262058722742,6.184547006057812,3.2414330428767575,3.6717917439929892,2.493369422443601,5.484251088785922,6.969635157432255,7.060649472610403,6.100870475539229,5.5792523229311675,4.756950191682171,7.015210799583252,6.9164340916511104,6.966821577160241,6.8092166024744065
94,0.0,0.0,0.0,0.0,0.0,0.0,0.0,0.0,0.0,0.0,0.0,0.0,0.0,0.0,0.0,0.0,0.0,0.0,0.0,0.0,0.0,0.0,0.0,0.0,0.0,0.0,0.0,0.0,0.0,0.0,0.0,0.0,0.0,0.0,0.0,0.0,0.0,0.0,0.0,0.0,0.0,0.0,0.0,0.0,0.0,0.0,0.0,0.0,0.0,0.0,0.0,0.0,0.0,0.0,0.0,0.0,0.0,0.0,0.0,0.0,0.0,0.0,0.0,0.0,0.0,0.0,0.0,0.0,0.0,0.0,0.0,0.0,0.0,0.0,0.0,0.0,0.0,0.0,0.0,0.0,0.0,0.0,0.0,0.0,0.0,0.0,0.0,0.0,0.0,0.0,0.0,0.0,0.0,0.0,0.0,3.4245147495495663,4.763146044402994,5.705195273770345,3.665210933228544,3.4380435488162857,4.579468761435667,6.459825589501617,4.164105024474162,2.6101269034790913,2.4414709753352413,2.4127565268060223,2.605572163986349,2.6848752979836386,4.179910598492623,4.109440550780913,5.933338047937826,6.601613438643233,3.6869861124365606,3.314936565244264,2.478607486687534,4.912517711175221,6.6496160241061215,6.297718287571627,5.718856707224399,4.461587069696896,4.371287293307561,5.436581957110661,5.754313914875551,7.1451485034304065,7.666033598495615
95,0.0,0.0,0.0,0.0,0.0,0.0,0.0,0.0,0.0,0.0,0.0,0.0,0.0,0.0,0.0,0.0,0.0,0.0,0.0,0.0,0.0,0.0,0.0,0.0,0.0,0.0,0.0,0.0,0.0,0.0,0.0,0.0,0.0,0.0,0.0,0.0,0.0,0.0,0.0,0.0,0.0,0.0,0.0,0.0,0.0,0.0,0.0,0.0,0.0,0.0,0.0,0.0,0.0,0.0,0.0,0.0,0.0,0.0,0.0,0.0,0.0,0.0,0.0,0.0,0.0,0.0,0.0,0.0,0.0,0.0,0.0,0.0,0.0,0.0,0.0,0.0,0.0,0.0,0.0,0.0,0.0,0.0,0.0,0.0,0.0,0.0,0.0,0.0,0.0,0.0,0.0,0.0,0.0,0.0,0.0,0.0,4.140757921515785,4.284542064015539,3.437134138174743,3.869769985684456,4.699899974921844,5.41952284758819,4.174332855304351,2.3858230610843525,1.9541969213948427,2.064145594746245,2.269386817849526,2.3465555522014294,3.790102881063681,3.4077585971944413,4.280521080287416,4.541986060053115,2.640276387833478,2.7541134511931955,2.238122485996702,3.810715784088419,5.164354651807307,4.6376540406224365,4.327325379002731,3.4049036531095007,3.3498708590294766,3.8004428456663986,4.49430487101678,5.853023896038306,6.345919323815519
96,0.0,0.0,0.0,0.0,0.0,0.0,0.0,0.0,0.0,0.0,0.0,0.0,0.0,0.0,0.0,0.0,0.0,0.0,0.0,0.0,0.0,0.0,0.0,0.0,0.0,0.0,0.0,0.0,0.0,0.0,0.0,0.0,0.0,0.0,0.0,0.0,0.0,0.0,0.0,0.0,0.0,0.0,0.0,0.0,0.0,0.0,0.0,0.0,0.0,0.0,0.0,0.0,0.0,0.0,0.0,0.0,0.0,0.0,0.0,0.0,0.0,0.0,0.0,0.0,0.0,0.0,0.0,0.0,0.0,0.0,0.0,0.0,0.0,0.0,0.0,0.0,0.0,0.0,0.0,0.0,0.0,0.0,0.0,0.0,0.0,0.0,0.0,0.0,0.0,0.0,0.0,0.0,0.0,0.0,0.0,0.0,0.0,5.6887970937028856,4.482620451860356,4.243109301597873,5.615076790338424,8.09363580465993,5.688844580414062,2.4632559352542205,1.8669543202779124,2.1340312451496164,2.5744135298475284,2.5406698874793627,4.738473106672798,3.6719583819594117,5.193544946971458,5.855418431958725,3.2237215191656037,3.567572207168964,2.4453279790234785,5.1908353696706655,6.825039186059223,6.4086581026662275,6.220146080416557,5.463099878595755,4.895377701888118,6.512395918513862,6.458898635038624,7.279878092851915,7.255586409964018
97,0.0,0.0,0.0,0.0,0.0,0.0,0.0,0.0,0.0,0.0,0.0,0.0,0.0,0.0,0.0,0.0,0.0,0.0,0.0,0.0,0.0,0.0,0.0,0.0,0.0,0.0,0.0,0.0,0.0,0.0,0.0,0.0,0.0,0.0,0.0,0.0,0.0,0.0,0.0,0.0,0.0,0.0,0.0,0.0,0.0,0.0,0.0,0.0,0.0,0.0,0.0,0.0,0.0,0.0,0.0,0.0,0.0,0.0,0.0,0.0,0.0,0.0,0.0,0.0,0.0,0.0,0.0,0.0,0.0,0.0,0.0,0.0,0.0,0.0,0.0,0.0,0.0,0.0,0.0,0.0,0.0,0.0,0.0,0.0,0.0,0.0,0.0,0.0,0.0,0.0,0.0,0.0,0.0,0.0,0.0,0.0,0.0,0.0,4.785238744338508,5.077957267939262,6.67713666644874,10.8261529678177,6.309940893772898,3.3962830197405336,2.7049982682864804,2.685075480349119,3.0345391193933637,2.930295033771894,6.173320534294623,5.655439107011077,8.59226965911954,9.885778090286035,4.761162327276333,3.9763474954118028,2.729790317267253,7.361841304744226,10.899386684696804,9.51214805143956,9.183648484684538,6.089310692220218,7.191025664778129,8.85648431845148,9.33467660136805,11.80499757744936,12.701860840330234
98,0.0,0.0,0.0,0.0,0.0,0.0,0.0,0.0,0.0,0.0,0.0,0.0,0.0,0.0,0.0,0.0,0.0,0.0,0.0,0.0,0.0,0.0,0.0,0.0,0.0,0.0,0.0,0.0,0.0,0.0,0.0,0.0,0.0,0.0,0.0,0.0,0.0,0.0,0.0,0.0,0.0,0.0,0.0,0.0,0.0,0.0,0.0,0.0,0.0,0.0,0.0,0.0,0.0,0.0,0.0,0.0,0.0,0.0,0.0,0.0,0.0,0.0,0.0,0.0,0.0,0.0,0.0,0.0,0.0,0.0,0.0,0.0,0.0,0.0,0.0,0.0,0.0,0.0,0.0,0.0,0.0,0.0,0.0,0.0,0.0,0.0,0.0,0.0,0.0,0.0,0.0,0.0,0.0,0.0,0.0,0.0,0.0,0.0,0.0,4.579358191870567,4.955285424652142,6.497134471442337,5.057103691345547,2.8809672176358703,2.570920688175039,2.4760400912990352,2.8017105778452227,2.3759194127724372,4.240947952968598,3.6158172208634793,4.436573246068938,4.6540135555783815,2.6067399276157275,2.467564747589488,2.0970850675845583,3.865029411170789,5.2661428715658225,4.964449124819767,4.6499975131704,3.6968592472278905,3.782079652806869,4.85928507289018,5.374228680099636,6.170355451560025,6.433825953605561
99,0.0,0.0,0.0,0.0,0.0,0.0,0.0,0.0,0.0,0.0,0.0,0.0,0.0,0.0,0.0,0.0,0.0,0.0,0.0,0.0,0.0,0.0,0.0,0.0,0.0,0.0,0.0,0.0,0.0,0.0,0.0,0.0,0.0,0.0,0.0,0.0,0.0,0.0,0.0,0.0,0.0,0.0,0.0,0.0,0.0,0.0,0.0,0.0,0.0,0.0,0.0,0.0,0.0,0.0,0.0,0.0,0.0,0.0,0.0,0.0,0.0,0.0,0.0,0.0,0.0,0.0,0.0,0.0,0.0,0.0,0.0,0.0,0.0,0.0,0.0,0.0,0.0,0.0,0.0,0.0,0.0,0.0,0.0,0.0,0.0,0.0,0.0,0.0,0.0,0.0,0.0,0.0,0.0,0.0,0.0,0.0,0.0,0.0,0.0,0.0,6.248422045149217,7.017348736669381,6.140771318081343,2.5485519203204166,2.082792640634146,2.255933165989553,2.5538140322887126,2.370918558210442,4.548846153552201,3.409061089094871,4.3970130672663394,4.784946032458262,2.85258872323514,2.98004969893496,2.1981329709240214,4.156644654677636,5.470451256181528,4.990599046163985,5.312832859116345,5.1965959930910595,4.815986070126876,5.588301230774925,5.781646120596549,7.146495780878443,7.515327630034601
100,0.0,0.0,0.0,0.0,0.0,0.0,0.0,0.0,0.0,0.0,0.0,0.0,0.0,0.0,0.0,0.0,0.0,0.0,0.0,0.0,0.0,0.0,0.0,0.0,0.0,0.0,0.0,0.0,0.0,0.0,0.0,0.0,0.0,0.0,0.0,0.0,0.0,0.0,0.0,0.0,0.0,0.0,0.0,0.0,0.0,0.0,0.0,0.0,0.0,0.0,0.0,0.0,0.0,0.0,0.0,0.0,0.0,0.0,0.0,0.0,0.0,0.0,0.0,0.0,0.0,0.0,0.0,0.0,0.0,0.0,0.0,0.0,0.0,0.0,0.0,0.0,0.0,0.0,0.0,0.0,0.0,0.0,0.0,0.0,0.0,0.0,0.0,0.0,0.0,0.0,0.0,0.0,0.0,0.0,0.0,0.0,0.0,0.0,0.0,0.0,0.0,9.119828393088076,6.461886592753001,3.401812479850777,2.290666375283833,2.524398841017171,3.322912288507663,2.7035496211803607,5.336155411069543,4.016463927055151,5.476182575139324,5.964706040239544,3.26508405265233,3.235413069991308,2.3885881644979152,5.753059999175626,8.101008802263891,7.306869076638775,6.620586380664468,6.0010533342587715,6.082397543151782,8.144598970656597,7.9884547273020425,9.493352014166847,9.52347196906896
101,0.0,0.0,0.0,0.0,0.0,0.0,0.0,0.0,0.0,0.0,0.0,0.0,0.0,0.0,0.0,0.0,0.0,0.0,0.0,0.0,0.0,0.0,0.0,0.0,0.0,0.0,0.0,0.0,0.0,0.0,0.0,0.0,0.0,0.0,0.0,0.0,0.0,0.0,0.0,0.0,0.0,0.0,0.0,0.0,0.0,0.0,0.0,0.0,0.0,0.0,0.0,0.0,0.0,0.0,0.0,0.0,0.0,0.0,0.0,0.0,0.0,0.0,0.0,0.0,0.0,0.0,0.0,0.0,0.0,0.0,0.0,0.0,0.0,0.0,0.0,0.0,0.0,0.0,0.0,0.0,0.0,0.0,0.0,0.0,0.0,0.0,0.0,0.0,0.0,0.0,0.0,0.0,0.0,0.0,0.0,0.0,0.0,0.0,0.0,0.0,0.0,0.0,9.033869262496028,4.213600791803079,3.092019380133908,3.072156122626997,3.390222640479206,3.113161701883196,7.534954977859883,6.014651345462449,9.315003262088657,11.491870382816321,4.986605888449205,4.881652695767461,3.0839131935690225,10.482668333759822,14.918244367371358,14.41925979792158,13.654126083931473,12.973097339376904,12.002823735272866,13.869853204745686,14.595191792827315,17.295861189376268,18.32515768630375
102,0.0,0.0,0.0,0.0,0.0,0.0,0.0,0.0,0.0,0.0,0.0,0.0,0.0,0.0,0.0,0.0,0.0,0.0,0.0,0.0,0.0,0.0,0.0,0.0,0.0,0.0,0.0,0.0,0.0,0.0,0.0,0.0,0.0,0.0,0.0,0.0,0.0,0.0,0.0,0.0,0.0,0.0,0.0,0.0,0.0,0.0,0.0,0.0,0.0,0.0,0.0,0.0,0.0,0.0,0.0,0.0,0.0,0.0,0.0,0.0,0.0,0.0,0.0,0.0,0.0,0.0,0.0,0.0,0.0,0.0,0.0,0.0,0.0,0.0,0.0,0.0,0.0,0.0,0.0,0.0,0.0,0.0,0.0,0.0,0.0,0.0,0.0,0.0,0.0,0.0,0.0,0.0,0.0,0.0,0.0,0.0,0.0,0.0,0.0,0.0,0.0,0.0,0.0,3.8501926824420303,3.0355600526564075,3.0475889056662226,3.3110660075359877,2.7201784293326616,5.1740897284219125,4.04730655426274,5.026185937863336,5.137645177904995,2.8377096043747976,2.6162679191157467,2.216916276947769,4.512594305346382,6.341770604197815,5.7003542621476075,5.569496772516972,4.8832183330986245,4.8850874967424,6.918848104379253,7.525572749584559,8.263441072463564,8.577132190524512
103,0.0,0.0,0.0,0.0,0.0,0.0,0.0,0.0,0.0,0.0,0.0,0.0,0.0,0.0,0.0,0.0,0.0,0.0,0.0,0.0,0.0,0.0,0.0,0.0,0.0,0.0,0.0,0.0,0.0,0.0,0.0,0.0,0.0,0.0,0.0,0.0,0.0,0.0,0.0,0.0,0.0,0.0,0.0,0.0,0.0,0.0,0.0,0.0,0.0,0.0,0.0,0.0,0.0,0.0,0.0,0.0,0.0,0.0,0.0,0.0,0.0,0.0,0.0,0.0,0.0,0.0,0.0,0.0,0.0,0.0,0.0,0.0,0.0,0.0,0.0,0.0,0.0,0.0,0.0,0.0,0.0,0.0,0.0,0.0,0.0,0.0,0.0,0.0,0.0,0.0,0.0,0.0,0.0,0.0,0.0,0.0,0.0,0.0,0.0,0.0,0.0,0.0,0.0,0.0,3.5025852655352283,3.12189593315386,3.099779119500055,3.153513718826298,3.404979258494725,3.6744809787686723,3.507876187504678,3.73424637640933,2.487063887552206,2.315269496387383,2.1514258756309785,2.8441501763218184,3.6054199548755355,3.277026644829185,3.32453156435525,2.751290508952152,2.8764950962190783,3.3426646043881014,3.6739153294788225,4.255920566608687,4.804714070093637
104,0.0,0.0,0.0,0.0,0.0,0.0,0.0,0.0,0.0,0.0,0.0,0.0,0.0,0.0,0.0,0.0,0.0,0.0,0.0,0.0,0.0,0.0,0.0,0.0,0.0,0.0,0.0,0.0,0.0,0.0,0.0,0.0,0.0,0.0,0.0,0.0,0.0,0.0,0.0,0.0,0.0,0.0,0.0,0.0,0.0,0.0,0.0,0.0,0.0,0.0,0.0,0.0,0.0,0.0,0.0,0.0,0.0,0.0,0.0,0.0,0.0,0.0,0.0,0.0,0.0,0.0,0.0,0.0,0.0,0.0,0.0,0.0,0.0,0.0,0.0,0.0,0.0,0.0,0.0,0.0,0.0,0.0,0.0,0.0,0.0,0.0,0.0,0.0,0.0,0.0,0.0,0.0,0.0,0.0,0.0,0.0,0.0,0.0,0.0,0.0,0.0,0.0,0.0,0.0,0.0,3.3651759101064687,3.504718227349435,3.3821417829517593,3.187052020186306,3.5830538393693225,2.988596305887152,3.023805117693661,2.3414281034549465,2.2376661058139895,2.0469170467392788,2.5248774589909577,3.09477908644209,2.60583604920545,2.5691662227721657,2.144995588092582,2.0622836131246265,1.9296597523428585,2.12490988741978,2.817296326148577,3.451725061345982
105,0.0,0.0,0.0,0.0,0.0,0.0,0.0,0.0,0.0,0.0,0.0,0.0,0.0,0.0,0.0,0.0,0.0,0.0,0.0,0.0,0.0,0.0,0.0,0.0,0.0,0.0,0.0,0.0,0.0,0.0,0.0,0.0,0.0,0.0,0.0,0.0,0.0,0.0,0.0,0.0,0.0,0.0,0.0,0.0,0.0,0.0,0.0,0.0,0.0,0.0,0.0,0.0,0.0,0.0,0.0,0.0,0.0,0.0,0.0,0.0,0.0,0.0,0.0,0.0,0.0,0.0,0.0,0.0,0.0,0.0,0.0,0.0,0.0,0.0,0.0,0.0,0.0,0.0,0.0,0.0,0.0,0.0,0.0,0.0,0.0,0.0,0.0,0.0,0.0,0.0,0.0,0.0,0.0,0.0,0.0,0.0,0.0,0.0,0.0,0.0,0.0,0.0,0.0,0.0,0.0,0.0,3.243793752386236,3.3836614192551906,3.136206310222081,3.5312995314544953,3.067813532914458,3.301865685404979,2.338453104249182,2.441407333352462,2.063999282563911,2.7344643726321785,3.1999851931552725,3.060362599711588,2.8130177557686413,2.3165800855931193,2.365693158531263,2.4088318258132704,2.611564805302944,3.1635749589342885,3.6060712531992043
106,0.0,0.0,0.0,0.0,0.0,0.0,0.0,0.0,0.0,0.0,0.0,0.0,0.0,0.0,0.0,0.0,0.0,0.0,0.0,0.0,0.0,0.0,0.0,0.0,0.0,0.0,0.0,0.0,0.0,0.0,0.0,0.0,0.0,0.0,0.0,0.0,0.0,0.0,0.0,0.0,0.0,0.0,0.0,0.0,0.0,0.0,0.0,0.0,0.0,0.0,0.0,0.0,0.0,0.0,0.0,0.0,0.0,0.0,0.0,0.0,0.0,0.0,0.0,0.0,0.0,0.0,0.0,0.0,0.0,0.0,0.0,0.0,0.0,0.0,0.0,0.0,0.0,0.0,0.0,0.0,0.0,0.0,0.0,0.0,0.0,0.0,0.0,0.0,0.0,0.0,0.0,0.0,0.0,0.0,0.0,0.0,0.0,0.0,0.0,0.0,0.0,0.0,0.0,0.0,0.0,0.0,0.0,3.0507309061555414,3.306086505253441,3.4693093078464186,3.2152785451771,3.0889931045746795,2.330323921098094,2.267067349658499,2.0473210308662835,2.5232015247425252,3.0929178537250444,2.788680419943732,2.775775400578485,2.263839533500431,2.454503821887391,2.3516833071490244,2.5861874171849415,3.081076295941448,3.6305754111548127
107,0.0,0.0,0.0,0.0,0.0,0.0,0.0,0.0,0.0,0.0,0.0,0.0,0.0,0.0,0.0,0.0,0.0,0.0,0.0,0.0,0.0,0.0,0.0,0.0,0.0,0.0,0.0,0.0,0.0,0.0,0.0,0.0,0.0,0.0,0.0,0.0,0.0,0.0,0.0,0.0,0.0,0.0,0.0,0.0,0.0,0.0,0.0,0.0,0.0,0.0,0.0,0.0,0.0,0.0,0.0,0.0,0.0,0.0,0.0,0.0,0.0,0.0,0.0,0.0,0.0,0.0,0.0,0.0,0.0,0.0,0.0,0.0,0.0,0.0,0.0,0.0,0.0,0.0,0.0,0.0,0.0,0.0,0.0,0.0,0.0,0.0,0.0,0.0,0.0,0.0,0.0,0.0,0.0,0.0,0.0,0.0,0.0,0.0,0.0,0.0,0.0,0.0,0.0,0.0,0.0,0.0,0.0,0.0,3.023278605243268,3.441754169459509,3.257796175888159,3.374192409596085,2.3432488936571487,2.293344969246506,2.021134671499756,2.8245773342609652,3.291881369298031,3.212381587681717,2.816188174264704,2.21947173621011,2.615873762936104,2.975841955675083,3.138639076717543,3.8857396311190056,4.166184586027655
108,0.0,0.0,0.0,0.0,0.0,0.0,0.0,0.0,0.0,0.0,0.0,0.0,0.0,0.0,0.0,0.0,0.0,0.0,0.0,0.0,0.0,0.0,0.0,0.0,0.0,0.0,0.0,0.0,0.0,0.0,0.0,0.0,0.0,0.0,0.0,0.0,0.0,0.0,0.0,0.0,0.0,0.0,0.0,0.0,0.0,0.0,0.0,0.0,0.0,0.0,0.0,0.0,0.0,0.0,0.0,0.0,0.0,0.0,0.0,0.0,0.0,0.0,0.0,0.0,0.0,0.0,0.0,0.0,0.0,0.0,0.0,0.0,0.0,0.0,0.0,0.0,0.0,0.0,0.0,0.0,0.0,0.0,0.0,0.0,0.0,0.0,0.0,0.0,0.0,0.0,0.0,0.0,0.0,0.0,0.0,0.0,0.0,0.0,0.0,0.0,0.0,0.0,0.0,0.0,0.0,0.0,0.0,0.0,0.0,4.239738353376819,6.274121272066167,7.52158285884504,4.028951291586624,3.1240417781936407,2.4352630782080293,5.5427656930213836,8.075050278218804,7.2765782733127855,6.797383128968709,4.884666180120038,5.477539385842318,6.916430244375937,7.553021846892004,9.390131408985038,10.39794469715195
109,0.0,0.0,0.0,0.0,0.0,0.0,0.0,0.0,0.0,0.0,0.0,0.0,0.0,0.0,0.0,0.0,0.0,0.0,0.0,0.0,0.0,0.0,0.0,0.0,0.0,0.0,0.0,0.0,0.0,0.0,0.0,0.0,0.0,0.0,0.0,0.0,0.0,0.0,0.0,0.0,0.0,0.0,0.0,0.0,0.0,0.0,0.0,0.0,0.0,0.0,0.0,0.0,0.0,0.0,0.0,0.0,0.0,0.0,0.0,0.0,0.0,0.0,0.0,0.0,0.0,0.0,0.0,0.0,0.0,0.0,0.0,0.0,0.0,0.0,0.0,0.0,0.0,0.0,0.0,0.0,0.0,0.0,0.0,0.0,0.0,0.0,0.0,0.0,0.0,0.0,0.0,0.0,0.0,0.0,0.0,0.0,0.0,0.0,0.0,0.0,0.0,0.0,0.0,0.0,0.0,0.0,0.0,0.0,0.0,0.0,6.546419737357481,8.15862000534314,4.423335078521662,3.647392022802893,2.7009198429482497,5.859908826800858,8.075450485394397,7.603965338293086,6.662136924207113,4.661833136745463,5.265088800111458,5.572341362082992,6.039827285140217,8.640255606787393,10.423708721832602
110,0.0,0.0,0.0,0.0,0.0,0.0,0.0,0.0,0.0,0.0,0.0,0.0,0.0,0.0,0.0,0.0,0.0,0.0,0.0,0.0,0.0,0.0,0.0,0.0,0.0,0.0,0.0,0.0,0.0,0.0,0.0,0.0,0.0,0.0,0.0,0.0,0.0,0.0,0.0,0.0,0.0,0.0,0.0,0.0,0.0,0.0,0.0,0.0,0.0,0.0,0.0,0.0,0.0,0.0,0.0,0.0,0.0,0.0,0.0,0.0,0.0,0.0,0.0,0.0,0.0,0.0,0.0,0.0,0.0,0.0,0.0,0.0,0.0,0.0,0.0,0.0,0.0,0.0,0.0,0.0,0.0,0.0,0.0,0.0,0.0,0.0,0.0,0.0,0.0,0.0,0.0,0.0,0.0,0.0,0.0,0.0,0.0,0.0,0.0,0.0,0.0,0.0,0.0,0.0,0.0,0.0,0.0,0.0,0.0,0.0,0.0,11.58857582096883,5.362458561679495,4.538491521063716,3.1458054482943782,8.92881847862711,12.53316359412843,12.150855760879114,10.14777258146118,6.428567366468083,7.808757226516789,8.769352445445204,9.56100617664449,13.094494161958211,15.293468629601747
111,0.0,0.0,0.0,0.0,0.0,0.0,0.0,0.0,0.0,0.0,0.0,0.0,0.0,0.0,0.0,0.0,0.0,0.0,0.0,0.0,0.0,0.0,0.0,0.0,0.0,0.0,0.0,0.0,0.0,0.0,0.0,0.0,0.0,0.0,0.0,0.0,0.0,0.0,0.0,0.0,0.0,0.0,0.0,0.0,0.0,0.0,0.0,0.0,0.0,0.0,0.0,0.0,0.0,0.0,0.0,0.0,0.0,0.0,0.0,0.0,0.0,0.0,0.0,0.0,0.0,0.0,0.0,0.0,0.0,0.0,0.0,0.0,0.0,0.0,0.0,0.0,0.0,0.0,0.0,0.0,0.0,0.0,0.0,0.0,0.0,0.0,0.0,0.0,0.0,0.0,0.0,0.0,0.0,0.0,0.0,0.0,0.0,0.0,0.0,0.0,0.0,0.0,0.0,0.0,0.0,0.0,0.0,0.0,0.0,0.0,0.0,0.0,6.718233061519661,5.944146206288427,4.171089408292803,11.507572442279919,16.47105737231392,15.695617716179033,12.70423400676968,8.682248148541552,10.315458621832008,12.289050075071906,12.618336188337697,15.94061737570614,18.04901330722746
112,0.0,0.0,0.0,0.0,0.0,0.0,0.0,0.0,0.0,0.0,0.0,0.0,0.0,0.0,0.0,0.0,0.0,0.0,0.0,0.0,0.0,0.0,0.0,0.0,0.0,0.0,0.0,0.0,0.0,0.0,0.0,0.0,0.0,0.0,0.0,0.0,0.0,0.0,0.0,0.0,0.0,0.0,0.0,0.0,0.0,0.0,0.0,0.0,0.0,0.0,0.0,0.0,0.0,0.0,0.0,0.0,0.0,0.0,0.0,0.0,0.0,0.0,0.0,0.0,0.0,0.0,0.0,0.0,0.0,0.0,0.0,0.0,0.0,0.0,0.0,0.0,0.0,0.0,0.0,0.0,0.0,0.0,0.0,0.0,0.0,0.0,0.0,0.0,0.0,0.0,0.0,0.0,0.0,0.0,0.0,0.0,0.0,0.0,0.0,0.0,0.0,0.0,0.0,0.0,0.0,0.0,0.0,0.0,0.0,0.0,0.0,0.0,0.0,3.728655109327799,2.8807867508487286,5.293272164765208,6.783843377899721,6.483324719777661,5.74133517142509,4.514411430766952,4.668615418583909,5.529825051019541,5.311296388231294,6.334984410028459,7.0399346180234845
113,0.0,0.0,0.0,0.0,0.0,0.0,0.0,0.0,0.0,0.0,0.0,0.0,0.0,0.0,0.0,0.0,0.0,0.0,0.0,0.0,0.0,0.0,0.0,0.0,0.0,0.0,0.0,0.0,0.0,0.0,0.0,0.0,0.0,0.0,0.0,0.0,0.0,0.0,0.0,0.0,0.0,0.0,0.0,0.0,0.0,0.0,0.0,0.0,0.0,0.0,0.0,0.0,0.0,0.0,0.0,0.0,0.0,0.0,0.0,0.0,0.0,0.0,0.0,0.0,0.0,0.0,0.0,0.0,0.0,0.0,0.0,0.0,0.0,0.0,0.0,0.0,0.0,0.0,0.0,0.0,0.0,0.0,0.0,0.0,0.0,0.0,0.0,0.0,0.0,0.0,0.0,0.0,0.0,0.0,0.0,0.0,0.0,0.0,0.0,0.0,0.0,0.0,0.0,0.0,0.0,0.0,0.0,0.0,0.0,0.0,0.0,0.0,0.0,0.0,3.1904559775829386,5.109612423095653,7.14315648766875,6.025581442432135,5.81256804364156,5.372502703168465,5.570429230925513,6.926389557865144,5.62360859549214,5.734710083750208,5.501205251936605
114,0.0,0.0,0.0,0.0,0.0,0.0,0.0,0.0,0.0,0.0,0.0,0.0,0.0,0.0,0.0,0.0,0.0,0.0,0.0,0.0,0.0,0.0,0.0,0.0,0.0,0.0,0.0,0.0,0.0,0.0,0.0,0.0,0.0,0.0,0.0,0.0,0.0,0.0,0.0,0.0,0.0,0.0,0.0,0.0,0.0,0.0,0.0,0.0,0.0,0.0,0.0,0.0,0.0,0.0,0.0,0.0,0.0,0.0,0.0,0.0,0.0,0.0,0.0,0.0,0.0,0.0,0.0,0.0,0.0,0.0,0.0,0.0,0.0,0.0,0.0,0.0,0.0,0.0,0.0,0.0,0.0,0.0,0.0,0.0,0.0,0.0,0.0,0.0,0.0,0.0,0.0,0.0,0.0,0.0,0.0,0.0,0.0,0.0,0.0,0.0,0.0,0.0,0.0,0.0,0.0,0.0,0.0,0.0,0.0,0.0,0.0,0.0,0.0,0.0,0.0,4.289703594352776,4.795699987277045,5.00188873146201,4.281754801317537,3.657382628323943,3.547653086490627,3.966127736264196,3.587085907739855,3.876548163251531,3.9444397343039395
115,0.0,0.0,0.0,0.0,0.0,0.0,0.0,0.0,0.0,0.0,0.0,0.0,0.0,0.0,0.0,0.0,0.0,0.0,0.0,0.0,0.0,0.0,0.0,0.0,0.0,0.0,0.0,0.0,0.0,0.0,0.0,0.0,0.0,0.0,0.0,0.0,0.0,0.0,0.0,0.0,0.0,0.0,0.0,0.0,0.0,0.0,0.0,0.0,0.0,0.0,0.0,0.0,0.0,0.0,0.0,0.0,0.0,0.0,0.0,0.0,0.0,0.0,0.0,0.0,0.0,0.0,0.0,0.0,0.0,0.0,0.0,0.0,0.0,0.0,0.0,0.0,0.0,0.0,0.0,0.0,0.0,0.0,0.0,0.0,0.0,0.0,0.0,0.0,0.0,0.0,0.0,0.0,0.0,0.0,0.0,0.0,0.0,0.0,0.0,0.0,0.0,0.0,0.0,0.0,0.0,0.0,0.0,0.0,0.0,0.0,0.0,0.0,0.0,0.0,0.0,0.0,14.696915766822006,11.843548916423051,11.748973547913083,10.772610640355145,10.304562685246424,14.289625836132874,12.279617352580548,12.674021411647004,12.083202570607476
116,0.0,0.0,0.0,0.0,0.0,0.0,0.0,0.0,0.0,0.0,0.0,0.0,0.0,0.0,0.0,0.0,0.0,0.0,0.0,0.0,0.0,0.0,0.0,0.0,0.0,0.0,0.0,0.0,0.0,0.0,0.0,0.0,0.0,0.0,0.0,0.0,0.0,0.0,0.0,0.0,0.0,0.0,0.0,0.0,0.0,0.0,0.0,0.0,0.0,0.0,0.0,0.0,0.0,0.0,0.0,0.0,0.0,0.0,0.0,0.0,0.0,0.0,0.0,0.0,0.0,0.0,0.0,0.0,0.0,0.0,0.0,0.0,0.0,0.0,0.0,0.0,0.0,0.0,0.0,0.0,0.0,0.0,0.0,0.0,0.0,0.0,0.0,0.0,0.0,0.0,0.0,0.0,0.0,0.0,0.0,0.0,0.0,0.0,0.0,0.0,0.0,0.0,0.0,0.0,0.0,0.0,0.0,0.0,0.0,0.0,0.0,0.0,0.0,0.0,0.0,0.0,0.0,20.199051915883214,16.584521502869144,14.241680401294484,13.591891006636232,16.879509537251472,16.48355426064034,18.529361940979882,20.046653880683728
117,0.0,0.0,0.0,0.0,0.0,0.0,0.0,0.0,0.0,0.0,0.0,0.0,0.0,0.0,0.0,0.0,0.0,0.0,0.0,0.0,0.0,0.0,0.0,0.0,0.0,0.0,0.0,0.0,0.0,0.0,0.0,0.0,0.0,0.0,0.0,0.0,0.0,0.0,0.0,0.0,0.0,0.0,0.0,0.0,0.0,0.0,0.0,0.0,0.0,0.0,0.0,0.0,0.0,0.0,0.0,0.0,0.0,0.0,0.0,0.0,0.0,0.0,0.0,0.0,0.0,0.0,0.0,0.0,0.0,0.0,0.0,0.0,0.0,0.0,0.0,0.0,0.0,0.0,0.0,0.0,0.0,0.0,0.0,0.0,0.0,0.0,0.0,0.0,0.0,0.0,0.0,0.0,0.0,0.0,0.0,0.0,0.0,0.0,0.0,0.0,0.0,0.0,0.0,0.0,0.0,0.0,0.0,0.0,0.0,0.0,0.0,0.0,0.0,0.0,0.0,0.0,0.0,0.0,16.044509419826504,14.413031771604043,13.852444097807966,19.037972699164698,16.66325161675264,17.34757037958551,16.668496871815318
118,0.0,0.0,0.0,0.0,0.0,0.0,0.0,0.0,0.0,0.0,0.0,0.0,0.0,0.0,0.0,0.0,0.0,0.0,0.0,0.0,0.0,0.0,0.0,0.0,0.0,0.0,0.0,0.0,0.0,0.0,0.0,0.0,0.0,0.0,0.0,0.0,0.0,0.0,0.0,0.0,0.0,0.0,0.0,0.0,0.0,0.0,0.0,0.0,0.0,0.0,0.0,0.0,0.0,0.0,0.0,0.0,0.0,0.0,0.0,0.0,0.0,0.0,0.0,0.0,0.0,0.0,0.0,0.0,0.0,0.0,0.0,0.0,0.0,0.0,0.0,0.0,0.0,0.0,0.0,0.0,0.0,0.0,0.0,0.0,0.0,0.0,0.0,0.0,0.0,0.0,0.0,0.0,0.0,0.0,0.0,0.0,0.0,0.0,0.0,0.0,0.0,0.0,0.0,0.0,0.0,0.0,0.0,0.0,0.0,0.0,0.0,0.0,0.0,0.0,0.0,0.0,0.0,0.0,0.0,11.178405584599005,12.038568255829448,15.129371325980179,14.294113185423713,15.62911477857479,16.714970247108045
119,0.0,0.0,0.0,0.0,0.0,0.0,0.0,0.0,0.0,0.0,0.0,0.0,0.0,0.0,0.0,0.0,0.0,0.0,0.0,0.0,0.0,0.0,0.0,0.0,0.0,0.0,0.0,0.0,0.0,0.0,0.0,0.0,0.0,0.0,0.0,0.0,0.0,0.0,0.0,0.0,0.0,0.0,0.0,0.0,0.0,0.0,0.0,0.0,0.0,0.0,0.0,0.0,0.0,0.0,0.0,0.0,0.0,0.0,0.0,0.0,0.0,0.0,0.0,0.0,0.0,0.0,0.0,0.0,0.0,0.0,0.0,0.0,0.0,0.0,0.0,0.0,0.0,0.0,0.0,0.0,0.0,0.0,0.0,0.0,0.0,0.0,0.0,0.0,0.0,0.0,0.0,0.0,0.0,0.0,0.0,0.0,0.0,0.0,0.0,0.0,0.0,0.0,0.0,0.0,0.0,0.0,0.0,0.0,0.0,0.0,0.0,0.0,0.0,0.0,0.0,0.0,0.0,0.0,0.0,0.0,12.382275342146992,14.435776869558389,12.923232177405483,11.688608145527525,10.638389376007634
120,0.0,0.0,0.0,0.0,0.0,0.0,0.0,0.0,0.0,0.0,0.0,0.0,0.0,0.0,0.0,0.0,0.0,0.0,0.0,0.0,0.0,0.0,0.0,0.0,0.0,0.0,0.0,0.0,0.0,0.0,0.0,0.0,0.0,0.0,0.0,0.0,0.0,0.0,0.0,0.0,0.0,0.0,0.0,0.0,0.0,0.0,0.0,0.0,0.0,0.0,0.0,0.0,0.0,0.0,0.0,0.0,0.0,0.0,0.0,0.0,0.0,0.0,0.0,0.0,0.0,0.0,0.0,0.0,0.0,0.0,0.0,0.0,0.0,0.0,0.0,0.0,0.0,0.0,0.0,0.0,0.0,0.0,0.0,0.0,0.0,0.0,0.0,0.0,0.0,0.0,0.0,0.0,0.0,0.0,0.0,0.0,0.0,0.0,0.0,0.0,0.0,0.0,0.0,0.0,0.0,0.0,0.0,0.0,0.0,0.0,0.0,0.0,0.0,0.0,0.0,0.0,0.0,0.0,0.0,0.0,0.0,13.105181809277811,13.028522895012287,14.975675439216818,15.579199387376038
121,0.0,0.0,0.0,0.0,0.0,0.0,0.0,0.0,0.0,0.0,0.0,0.0,0.0,0.0,0.0,0.0,0.0,0.0,0.0,0.0,0.0,0.0,0.0,0.0,0.0,0.0,0.0,0.0,0.0,0.0,0.0,0.0,0.0,0.0,0.0,0.0,0.0,0.0,0.0,0.0,0.0,0.0,0.0,0.0,0.0,0.0,0.0,0.0,0.0,0.0,0.0,0.0,0.0,0.0,0.0,0.0,0.0,0.0,0.0,0.0,0.0,0.0,0.0,0.0,0.0,0.0,0.0,0.0,0.0,0.0,0.0,0.0,0.0,0.0,0.0,0.0,0.0,0.0,0.0,0.0,0.0,0.0,0.0,0.0,0.0,0.0,0.0,0.0,0.0,0.0,0.0,0.0,0.0,0.0,0.0,0.0,0.0,0.0,0.0,0.0,0.0,0.0,0.0,0.0,0.0,0.0,0.0,0.0,0.0,0.0,0.0,0.0,0.0,0.0,0.0,0.0,0.0,0.0,0.0,0.0,0.0,0.0,14.955558421742488,16.402283052943094,16.921153601912334
122,0.0,0.0,0.0,0.0,0.0,0.0,0.0,0.0,0.0,0.0,0.0,0.0,0.0,0.0,0.0,0.0,0.0,0.0,0.0,0.0,0.0,0.0,0.0,0.0,0.0,0.0,0.0,0.0,0.0,0.0,0.0,0.0,0.0,0.0,0.0,0.0,0.0,0.0,0.0,0.0,0.0,0.0,0.0,0.0,0.0,0.0,0.0,0.0,0.0,0.0,0.0,0.0,0.0,0.0,0.0,0.0,0.0,0.0,0.0,0.0,0.0,0.0,0.0,0.0,0.0,0.0,0.0,0.0,0.0,0.0,0.0,0.0,0.0,0.0,0.0,0.0,0.0,0.0,0.0,0.0,0.0,0.0,0.0,0.0,0.0,0.0,0.0,0.0,0.0,0.0,0.0,0.0,0.0,0.0,0.0,0.0,0.0,0.0,0.0,0.0,0.0,0.0,0.0,0.0,0.0,0.0,0.0,0.0,0.0,0.0,0.0,0.0,0.0,0.0,0.0,0.0,0.0,0.0,0.0,0.0,0.0,0.0,0.0,17.52923363176947,18.154349680831835
123,0.0,0.0,0.0,0.0,0.0,0.0,0.0,0.0,0.0,0.0,0.0,0.0,0.0,0.0,0.0,0.0,0.0,0.0,0.0,0.0,0.0,0.0,0.0,0.0,0.0,0.0,0.0,0.0,0.0,0.0,0.0,0.0,0.0,0.0,0.0,0.0,0.0,0.0,0.0,0.0,0.0,0.0,0.0,0.0,0.0,0.0,0.0,0.0,0.0,0.0,0.0,0.0,0.0,0.0,0.0,0.0,0.0,0.0,0.0,0.0,0.0,0.0,0.0,0.0,0.0,0.0,0.0,0.0,0.0,0.0,0.0,0.0,0.0,0.0,0.0,0.0,0.0,0.0,0.0,0.0,0.0,0.0,0.0,0.0,0.0,0.0,0.0,0.0,0.0,0.0,0.0,0.0,0.0,0.0,0.0,0.0,0.0,0.0,0.0,0.0,0.0,0.0,0.0,0.0,0.0,0.0,0.0,0.0,0.0,0.0,0.0,0.0,0.0,0.0,0.0,0.0,0.0,0.0,0.0,0.0,0.0,0.0,0.0,0.0,15.574968827271052
124,0.0,0.0,0.0,0.0,0.0,0.0,0.0,0.0,0.0,0.0,0.0,0.0,0.0,0.0,0.0,0.0,0.0,0.0,0.0,0.0,0.0,0.0,0.0,0.0,0.0,0.0,0.0,0.0,0.0,0.0,0.0,0.0,0.0,0.0,0.0,0.0,0.0,0.0,0.0,0.0,0.0,0.0,0.0,0.0,0.0,0.0,0.0,0.0,0.0,0.0,0.0,0.0,0.0,0.0,0.0,0.0,0.0,0.0,0.0,0.0,0.0,0.0,0.0,0.0,0.0,0.0,0.0,0.0,0.0,0.0,0.0,0.0,0.0,0.0,0.0,0.0,0.0,0.0,0.0,0.0,0.0,0.0,0.0,0.0,0.0,0.0,0.0,0.0,0.0,0.0,0.0,0.0,0.0,0.0,0.0,0.0,0.0,0.0,0.0,0.0,0.0,0.0,0.0,0.0,0.0,0.0,0.0,0.0,0.0,0.0,0.0,0.0,0.0,0.0,0.0,0.0,0.0,0.0,0.0,0.0,0.0,0.0,0.0,0.0,0.0
