/Users/jesucastin/anaconda3/lib/python3.11/site-packages/pandas/core/arrays/masked.py:60: UserWarning: Pandas requires version '1.3.6' or newer of 'bottleneck' (version '1.3.5' currently installed).
  from pandas.core import (
/Volumes/Seagate Hub/LC3_conformations_scripts_data/data/dihedrals/raw_data/preLC3B_OPLS/SIM_1/chi1/orderness_indicator.py:29: PerformanceWarning: DataFrame is highly fragmented.  This is usually the result of calling `frame.insert` many times, which has poor performance.  Consider joining all columns at once using pd.concat(axis=1) instead. To get a de-fragmented frame, use `newframe = frame.copy()`
  LC3B_transition_states[cols]=transition_indicator_ls
/Volumes/Seagate Hub/LC3_conformations_scripts_data/data/dihedrals/raw_data/preLC3B_OPLS/SIM_1/chi1/orderness_indicator.py:29: PerformanceWarning: DataFrame is highly fragmented.  This is usually the result of calling `frame.insert` many times, which has poor performance.  Consider joining all columns at once using pd.concat(axis=1) instead. To get a de-fragmented frame, use `newframe = frame.copy()`
  LC3B_transition_states[cols]=transition_indicator_ls
/Volumes/Seagate Hub/LC3_conformations_scripts_data/data/dihedrals/raw_data/preLC3B_OPLS/SIM_1/chi1/orderness_indicator.py:29: PerformanceWarning: DataFrame is highly fragmented.  This is usually the result of calling `frame.insert` many times, which has poor performance.  Consider joining all columns at once using pd.concat(axis=1) instead. To get a de-fragmented frame, use `newframe = frame.copy()`
  LC3B_transition_states[cols]=transition_indicator_ls
/Volumes/Seagate Hub/LC3_conformations_scripts_data/data/dihedrals/raw_data/preLC3B_OPLS/SIM_1/chi1/orderness_indicator.py:29: PerformanceWarning: DataFrame is highly fragmented.  This is usually the result of calling `frame.insert` many times, which has poor performance.  Consider joining all columns at once using pd.concat(axis=1) instead. To get a de-fragmented frame, use `newframe = frame.copy()`
  LC3B_transition_states[cols]=transition_indicator_ls
/Volumes/Seagate Hub/LC3_conformations_scripts_data/data/dihedrals/raw_data/preLC3B_OPLS/SIM_1/chi1/orderness_indicator.py:29: PerformanceWarning: DataFrame is highly fragmented.  This is usually the result of calling `frame.insert` many times, which has poor performance.  Consider joining all columns at once using pd.concat(axis=1) instead. To get a de-fragmented frame, use `newframe = frame.copy()`
  LC3B_transition_states[cols]=transition_indicator_ls
/Volumes/Seagate Hub/LC3_conformations_scripts_data/data/dihedrals/raw_data/preLC3B_OPLS/SIM_1/chi1/orderness_indicator.py:29: PerformanceWarning: DataFrame is highly fragmented.  This is usually the result of calling `frame.insert` many times, which has poor performance.  Consider joining all columns at once using pd.concat(axis=1) instead. To get a de-fragmented frame, use `newframe = frame.copy()`
  LC3B_transition_states[cols]=transition_indicator_ls
/Volumes/Seagate Hub/LC3_conformations_scripts_data/data/dihedrals/raw_data/preLC3B_OPLS/SIM_1/chi1/orderness_indicator.py:29: PerformanceWarning: DataFrame is highly fragmented.  This is usually the result of calling `frame.insert` many times, which has poor performance.  Consider joining all columns at once using pd.concat(axis=1) instead. To get a de-fragmented frame, use `newframe = frame.copy()`
  LC3B_transition_states[cols]=transition_indicator_ls
/Volumes/Seagate Hub/LC3_conformations_scripts_data/data/dihedrals/raw_data/preLC3B_OPLS/SIM_1/chi1/orderness_indicator.py:29: PerformanceWarning: DataFrame is highly fragmented.  This is usually the result of calling `frame.insert` many times, which has poor performance.  Consider joining all columns at once using pd.concat(axis=1) instead. To get a de-fragmented frame, use `newframe = frame.copy()`
  LC3B_transition_states[cols]=transition_indicator_ls
/Volumes/Seagate Hub/LC3_conformations_scripts_data/data/dihedrals/raw_data/preLC3B_OPLS/SIM_1/chi1/orderness_indicator.py:29: PerformanceWarning: DataFrame is highly fragmented.  This is usually the result of calling `frame.insert` many times, which has poor performance.  Consider joining all columns at once using pd.concat(axis=1) instead. To get a de-fragmented frame, use `newframe = frame.copy()`
  LC3B_transition_states[cols]=transition_indicator_ls
/Volumes/Seagate Hub/LC3_conformations_scripts_data/data/dihedrals/raw_data/preLC3B_OPLS/SIM_1/chi1/orderness_indicator.py:29: PerformanceWarning: DataFrame is highly fragmented.  This is usually the result of calling `frame.insert` many times, which has poor performance.  Consider joining all columns at once using pd.concat(axis=1) instead. To get a de-fragmented frame, use `newframe = frame.copy()`
  LC3B_transition_states[cols]=transition_indicator_ls
/Volumes/Seagate Hub/LC3_conformations_scripts_data/data/dihedrals/raw_data/preLC3B_OPLS/SIM_1/chi1/orderness_indicator.py:29: PerformanceWarning: DataFrame is highly fragmented.  This is usually the result of calling `frame.insert` many times, which has poor performance.  Consider joining all columns at once using pd.concat(axis=1) instead. To get a de-fragmented frame, use `newframe = frame.copy()`
  LC3B_transition_states[cols]=transition_indicator_ls
/Volumes/Seagate Hub/LC3_conformations_scripts_data/data/dihedrals/raw_data/preLC3B_OPLS/SIM_1/chi1/orderness_indicator.py:29: PerformanceWarning: DataFrame is highly fragmented.  This is usually the result of calling `frame.insert` many times, which has poor performance.  Consider joining all columns at once using pd.concat(axis=1) instead. To get a de-fragmented frame, use `newframe = frame.copy()`
  LC3B_transition_states[cols]=transition_indicator_ls
/Volumes/Seagate Hub/LC3_conformations_scripts_data/data/dihedrals/raw_data/preLC3B_OPLS/SIM_1/chi1/orderness_indicator.py:29: PerformanceWarning: DataFrame is highly fragmented.  This is usually the result of calling `frame.insert` many times, which has poor performance.  Consider joining all columns at once using pd.concat(axis=1) instead. To get a de-fragmented frame, use `newframe = frame.copy()`
  LC3B_transition_states[cols]=transition_indicator_ls
/Volumes/Seagate Hub/LC3_conformations_scripts_data/data/dihedrals/raw_data/preLC3B_OPLS/SIM_1/chi1/orderness_indicator.py:29: PerformanceWarning: DataFrame is highly fragmented.  This is usually the result of calling `frame.insert` many times, which has poor performance.  Consider joining all columns at once using pd.concat(axis=1) instead. To get a de-fragmented frame, use `newframe = frame.copy()`
  LC3B_transition_states[cols]=transition_indicator_ls
/Volumes/Seagate Hub/LC3_conformations_scripts_data/data/dihedrals/raw_data/preLC3B_OPLS/SIM_1/chi1/orderness_indicator.py:29: PerformanceWarning: DataFrame is highly fragmented.  This is usually the result of calling `frame.insert` many times, which has poor performance.  Consider joining all columns at once using pd.concat(axis=1) instead. To get a de-fragmented frame, use `newframe = frame.copy()`
  LC3B_transition_states[cols]=transition_indicator_ls
/Volumes/Seagate Hub/LC3_conformations_scripts_data/data/dihedrals/raw_data/preLC3B_OPLS/SIM_1/chi1/orderness_indicator.py:29: PerformanceWarning: DataFrame is highly fragmented.  This is usually the result of calling `frame.insert` many times, which has poor performance.  Consider joining all columns at once using pd.concat(axis=1) instead. To get a de-fragmented frame, use `newframe = frame.copy()`
  LC3B_transition_states[cols]=transition_indicator_ls
/Volumes/Seagate Hub/LC3_conformations_scripts_data/data/dihedrals/raw_data/preLC3B_OPLS/SIM_1/chi1/orderness_indicator.py:29: PerformanceWarning: DataFrame is highly fragmented.  This is usually the result of calling `frame.insert` many times, which has poor performance.  Consider joining all columns at once using pd.concat(axis=1) instead. To get a de-fragmented frame, use `newframe = frame.copy()`
  LC3B_transition_states[cols]=transition_indicator_ls
/Volumes/Seagate Hub/LC3_conformations_scripts_data/data/dihedrals/raw_data/preLC3B_OPLS/SIM_1/chi1/orderness_indicator.py:29: PerformanceWarning: DataFrame is highly fragmented.  This is usually the result of calling `frame.insert` many times, which has poor performance.  Consider joining all columns at once using pd.concat(axis=1) instead. To get a de-fragmented frame, use `newframe = frame.copy()`
  LC3B_transition_states[cols]=transition_indicator_ls
/Volumes/Seagate Hub/LC3_conformations_scripts_data/data/dihedrals/raw_data/preLC3B_OPLS/SIM_1/chi1/orderness_indicator.py:92: PerformanceWarning: DataFrame is highly fragmented.  This is usually the result of calling `frame.insert` many times, which has poor performance.  Consider joining all columns at once using pd.concat(axis=1) instead. To get a de-fragmented frame, use `newframe = frame.copy()`
  LC3B_ORDERNESS_states[cols]=ORDERNESS_S
/Volumes/Seagate Hub/LC3_conformations_scripts_data/data/dihedrals/raw_data/preLC3B_OPLS/SIM_1/chi1/orderness_indicator.py:92: PerformanceWarning: DataFrame is highly fragmented.  This is usually the result of calling `frame.insert` many times, which has poor performance.  Consider joining all columns at once using pd.concat(axis=1) instead. To get a de-fragmented frame, use `newframe = frame.copy()`
  LC3B_ORDERNESS_states[cols]=ORDERNESS_S
/Volumes/Seagate Hub/LC3_conformations_scripts_data/data/dihedrals/raw_data/preLC3B_OPLS/SIM_1/chi1/orderness_indicator.py:92: PerformanceWarning: DataFrame is highly fragmented.  This is usually the result of calling `frame.insert` many times, which has poor performance.  Consider joining all columns at once using pd.concat(axis=1) instead. To get a de-fragmented frame, use `newframe = frame.copy()`
  LC3B_ORDERNESS_states[cols]=ORDERNESS_S
/Volumes/Seagate Hub/LC3_conformations_scripts_data/data/dihedrals/raw_data/preLC3B_OPLS/SIM_1/chi1/orderness_indicator.py:92: PerformanceWarning: DataFrame is highly fragmented.  This is usually the result of calling `frame.insert` many times, which has poor performance.  Consider joining all columns at once using pd.concat(axis=1) instead. To get a de-fragmented frame, use `newframe = frame.copy()`
  LC3B_ORDERNESS_states[cols]=ORDERNESS_S
/Volumes/Seagate Hub/LC3_conformations_scripts_data/data/dihedrals/raw_data/preLC3B_OPLS/SIM_1/chi1/orderness_indicator.py:92: PerformanceWarning: DataFrame is highly fragmented.  This is usually the result of calling `frame.insert` many times, which has poor performance.  Consider joining all columns at once using pd.concat(axis=1) instead. To get a de-fragmented frame, use `newframe = frame.copy()`
  LC3B_ORDERNESS_states[cols]=ORDERNESS_S
/Volumes/Seagate Hub/LC3_conformations_scripts_data/data/dihedrals/raw_data/preLC3B_OPLS/SIM_1/chi1/orderness_indicator.py:92: PerformanceWarning: DataFrame is highly fragmented.  This is usually the result of calling `frame.insert` many times, which has poor performance.  Consider joining all columns at once using pd.concat(axis=1) instead. To get a de-fragmented frame, use `newframe = frame.copy()`
  LC3B_ORDERNESS_states[cols]=ORDERNESS_S
/Volumes/Seagate Hub/LC3_conformations_scripts_data/data/dihedrals/raw_data/preLC3B_OPLS/SIM_1/chi1/orderness_indicator.py:92: PerformanceWarning: DataFrame is highly fragmented.  This is usually the result of calling `frame.insert` many times, which has poor performance.  Consider joining all columns at once using pd.concat(axis=1) instead. To get a de-fragmented frame, use `newframe = frame.copy()`
  LC3B_ORDERNESS_states[cols]=ORDERNESS_S
/Volumes/Seagate Hub/LC3_conformations_scripts_data/data/dihedrals/raw_data/preLC3B_OPLS/SIM_1/chi1/orderness_indicator.py:92: PerformanceWarning: DataFrame is highly fragmented.  This is usually the result of calling `frame.insert` many times, which has poor performance.  Consider joining all columns at once using pd.concat(axis=1) instead. To get a de-fragmented frame, use `newframe = frame.copy()`
  LC3B_ORDERNESS_states[cols]=ORDERNESS_S
/Volumes/Seagate Hub/LC3_conformations_scripts_data/data/dihedrals/raw_data/preLC3B_OPLS/SIM_1/chi1/orderness_indicator.py:92: PerformanceWarning: DataFrame is highly fragmented.  This is usually the result of calling `frame.insert` many times, which has poor performance.  Consider joining all columns at once using pd.concat(axis=1) instead. To get a de-fragmented frame, use `newframe = frame.copy()`
  LC3B_ORDERNESS_states[cols]=ORDERNESS_S
/Volumes/Seagate Hub/LC3_conformations_scripts_data/data/dihedrals/raw_data/preLC3B_OPLS/SIM_1/chi1/orderness_indicator.py:92: PerformanceWarning: DataFrame is highly fragmented.  This is usually the result of calling `frame.insert` many times, which has poor performance.  Consider joining all columns at once using pd.concat(axis=1) instead. To get a de-fragmented frame, use `newframe = frame.copy()`
  LC3B_ORDERNESS_states[cols]=ORDERNESS_S
/Volumes/Seagate Hub/LC3_conformations_scripts_data/data/dihedrals/raw_data/preLC3B_OPLS/SIM_1/chi1/orderness_indicator.py:92: PerformanceWarning: DataFrame is highly fragmented.  This is usually the result of calling `frame.insert` many times, which has poor performance.  Consider joining all columns at once using pd.concat(axis=1) instead. To get a de-fragmented frame, use `newframe = frame.copy()`
  LC3B_ORDERNESS_states[cols]=ORDERNESS_S
/Volumes/Seagate Hub/LC3_conformations_scripts_data/data/dihedrals/raw_data/preLC3B_OPLS/SIM_1/chi1/orderness_indicator.py:92: PerformanceWarning: DataFrame is highly fragmented.  This is usually the result of calling `frame.insert` many times, which has poor performance.  Consider joining all columns at once using pd.concat(axis=1) instead. To get a de-fragmented frame, use `newframe = frame.copy()`
  LC3B_ORDERNESS_states[cols]=ORDERNESS_S
/Volumes/Seagate Hub/LC3_conformations_scripts_data/data/dihedrals/raw_data/preLC3B_OPLS/SIM_1/chi1/orderness_indicator.py:92: PerformanceWarning: DataFrame is highly fragmented.  This is usually the result of calling `frame.insert` many times, which has poor performance.  Consider joining all columns at once using pd.concat(axis=1) instead. To get a de-fragmented frame, use `newframe = frame.copy()`
  LC3B_ORDERNESS_states[cols]=ORDERNESS_S
/Volumes/Seagate Hub/LC3_conformations_scripts_data/data/dihedrals/raw_data/preLC3B_OPLS/SIM_1/chi1/orderness_indicator.py:92: PerformanceWarning: DataFrame is highly fragmented.  This is usually the result of calling `frame.insert` many times, which has poor performance.  Consider joining all columns at once using pd.concat(axis=1) instead. To get a de-fragmented frame, use `newframe = frame.copy()`
  LC3B_ORDERNESS_states[cols]=ORDERNESS_S
/Volumes/Seagate Hub/LC3_conformations_scripts_data/data/dihedrals/raw_data/preLC3B_OPLS/SIM_1/chi1/orderness_indicator.py:92: PerformanceWarning: DataFrame is highly fragmented.  This is usually the result of calling `frame.insert` many times, which has poor performance.  Consider joining all columns at once using pd.concat(axis=1) instead. To get a de-fragmented frame, use `newframe = frame.copy()`
  LC3B_ORDERNESS_states[cols]=ORDERNESS_S
/Volumes/Seagate Hub/LC3_conformations_scripts_data/data/dihedrals/raw_data/preLC3B_OPLS/SIM_1/chi1/orderness_indicator.py:92: PerformanceWarning: DataFrame is highly fragmented.  This is usually the result of calling `frame.insert` many times, which has poor performance.  Consider joining all columns at once using pd.concat(axis=1) instead. To get a de-fragmented frame, use `newframe = frame.copy()`
  LC3B_ORDERNESS_states[cols]=ORDERNESS_S
/Volumes/Seagate Hub/LC3_conformations_scripts_data/data/dihedrals/raw_data/preLC3B_OPLS/SIM_1/chi1/orderness_indicator.py:92: PerformanceWarning: DataFrame is highly fragmented.  This is usually the result of calling `frame.insert` many times, which has poor performance.  Consider joining all columns at once using pd.concat(axis=1) instead. To get a de-fragmented frame, use `newframe = frame.copy()`
  LC3B_ORDERNESS_states[cols]=ORDERNESS_S
/Volumes/Seagate Hub/LC3_conformations_scripts_data/data/dihedrals/raw_data/preLC3B_OPLS/SIM_1/chi1/orderness_indicator.py:92: PerformanceWarning: DataFrame is highly fragmented.  This is usually the result of calling `frame.insert` many times, which has poor performance.  Consider joining all columns at once using pd.concat(axis=1) instead. To get a de-fragmented frame, use `newframe = frame.copy()`
  LC3B_ORDERNESS_states[cols]=ORDERNESS_S
/Users/jesucastin/anaconda3/lib/python3.11/site-packages/pandas/core/arrays/masked.py:60: UserWarning: Pandas requires version '1.3.6' or newer of 'bottleneck' (version '1.3.5' currently installed).
  from pandas.core import (
/Users/jesucastin/anaconda3/lib/python3.11/site-packages/pandas/core/arrays/masked.py:60: UserWarning: Pandas requires version '1.3.6' or newer of 'bottleneck' (version '1.3.5' currently installed).
  from pandas.core import (
/Users/jesucastin/anaconda3/lib/python3.11/site-packages/pandas/core/arrays/masked.py:60: UserWarning: Pandas requires version '1.3.6' or newer of 'bottleneck' (version '1.3.5' currently installed).
  from pandas.core import (
/Users/jesucastin/anaconda3/lib/python3.11/site-packages/pandas/core/arrays/masked.py:60: UserWarning: Pandas requires version '1.3.6' or newer of 'bottleneck' (version '1.3.5' currently installed).
  from pandas.core import (
/Volumes/Seagate Hub/LC3_conformations_scripts_data/data/dihedrals/raw_data/preLC3B_OPLS/SIM_1/psi/orderness_indicator.py:29: PerformanceWarning: DataFrame is highly fragmented.  This is usually the result of calling `frame.insert` many times, which has poor performance.  Consider joining all columns at once using pd.concat(axis=1) instead. To get a de-fragmented frame, use `newframe = frame.copy()`
  LC3B_transition_states[cols]=transition_indicator_ls
/Volumes/Seagate Hub/LC3_conformations_scripts_data/data/dihedrals/raw_data/preLC3B_OPLS/SIM_1/psi/orderness_indicator.py:29: PerformanceWarning: DataFrame is highly fragmented.  This is usually the result of calling `frame.insert` many times, which has poor performance.  Consider joining all columns at once using pd.concat(axis=1) instead. To get a de-fragmented frame, use `newframe = frame.copy()`
  LC3B_transition_states[cols]=transition_indicator_ls
/Volumes/Seagate Hub/LC3_conformations_scripts_data/data/dihedrals/raw_data/preLC3B_OPLS/SIM_1/psi/orderness_indicator.py:29: PerformanceWarning: DataFrame is highly fragmented.  This is usually the result of calling `frame.insert` many times, which has poor performance.  Consider joining all columns at once using pd.concat(axis=1) instead. To get a de-fragmented frame, use `newframe = frame.copy()`
  LC3B_transition_states[cols]=transition_indicator_ls
/Volumes/Seagate Hub/LC3_conformations_scripts_data/data/dihedrals/raw_data/preLC3B_OPLS/SIM_1/psi/orderness_indicator.py:29: PerformanceWarning: DataFrame is highly fragmented.  This is usually the result of calling `frame.insert` many times, which has poor performance.  Consider joining all columns at once using pd.concat(axis=1) instead. To get a de-fragmented frame, use `newframe = frame.copy()`
  LC3B_transition_states[cols]=transition_indicator_ls
/Volumes/Seagate Hub/LC3_conformations_scripts_data/data/dihedrals/raw_data/preLC3B_OPLS/SIM_1/psi/orderness_indicator.py:29: PerformanceWarning: DataFrame is highly fragmented.  This is usually the result of calling `frame.insert` many times, which has poor performance.  Consider joining all columns at once using pd.concat(axis=1) instead. To get a de-fragmented frame, use `newframe = frame.copy()`
  LC3B_transition_states[cols]=transition_indicator_ls
/Volumes/Seagate Hub/LC3_conformations_scripts_data/data/dihedrals/raw_data/preLC3B_OPLS/SIM_1/psi/orderness_indicator.py:29: PerformanceWarning: DataFrame is highly fragmented.  This is usually the result of calling `frame.insert` many times, which has poor performance.  Consider joining all columns at once using pd.concat(axis=1) instead. To get a de-fragmented frame, use `newframe = frame.copy()`
  LC3B_transition_states[cols]=transition_indicator_ls
/Volumes/Seagate Hub/LC3_conformations_scripts_data/data/dihedrals/raw_data/preLC3B_OPLS/SIM_1/psi/orderness_indicator.py:29: PerformanceWarning: DataFrame is highly fragmented.  This is usually the result of calling `frame.insert` many times, which has poor performance.  Consider joining all columns at once using pd.concat(axis=1) instead. To get a de-fragmented frame, use `newframe = frame.copy()`
  LC3B_transition_states[cols]=transition_indicator_ls
/Volumes/Seagate Hub/LC3_conformations_scripts_data/data/dihedrals/raw_data/preLC3B_OPLS/SIM_1/psi/orderness_indicator.py:29: PerformanceWarning: DataFrame is highly fragmented.  This is usually the result of calling `frame.insert` many times, which has poor performance.  Consider joining all columns at once using pd.concat(axis=1) instead. To get a de-fragmented frame, use `newframe = frame.copy()`
  LC3B_transition_states[cols]=transition_indicator_ls
/Volumes/Seagate Hub/LC3_conformations_scripts_data/data/dihedrals/raw_data/preLC3B_OPLS/SIM_1/psi/orderness_indicator.py:29: PerformanceWarning: DataFrame is highly fragmented.  This is usually the result of calling `frame.insert` many times, which has poor performance.  Consider joining all columns at once using pd.concat(axis=1) instead. To get a de-fragmented frame, use `newframe = frame.copy()`
  LC3B_transition_states[cols]=transition_indicator_ls
/Volumes/Seagate Hub/LC3_conformations_scripts_data/data/dihedrals/raw_data/preLC3B_OPLS/SIM_1/psi/orderness_indicator.py:29: PerformanceWarning: DataFrame is highly fragmented.  This is usually the result of calling `frame.insert` many times, which has poor performance.  Consider joining all columns at once using pd.concat(axis=1) instead. To get a de-fragmented frame, use `newframe = frame.copy()`
  LC3B_transition_states[cols]=transition_indicator_ls
/Volumes/Seagate Hub/LC3_conformations_scripts_data/data/dihedrals/raw_data/preLC3B_OPLS/SIM_1/psi/orderness_indicator.py:29: PerformanceWarning: DataFrame is highly fragmented.  This is usually the result of calling `frame.insert` many times, which has poor performance.  Consider joining all columns at once using pd.concat(axis=1) instead. To get a de-fragmented frame, use `newframe = frame.copy()`
  LC3B_transition_states[cols]=transition_indicator_ls
/Volumes/Seagate Hub/LC3_conformations_scripts_data/data/dihedrals/raw_data/preLC3B_OPLS/SIM_1/psi/orderness_indicator.py:29: PerformanceWarning: DataFrame is highly fragmented.  This is usually the result of calling `frame.insert` many times, which has poor performance.  Consider joining all columns at once using pd.concat(axis=1) instead. To get a de-fragmented frame, use `newframe = frame.copy()`
  LC3B_transition_states[cols]=transition_indicator_ls
/Volumes/Seagate Hub/LC3_conformations_scripts_data/data/dihedrals/raw_data/preLC3B_OPLS/SIM_1/psi/orderness_indicator.py:29: PerformanceWarning: DataFrame is highly fragmented.  This is usually the result of calling `frame.insert` many times, which has poor performance.  Consider joining all columns at once using pd.concat(axis=1) instead. To get a de-fragmented frame, use `newframe = frame.copy()`
  LC3B_transition_states[cols]=transition_indicator_ls
/Volumes/Seagate Hub/LC3_conformations_scripts_data/data/dihedrals/raw_data/preLC3B_OPLS/SIM_1/psi/orderness_indicator.py:29: PerformanceWarning: DataFrame is highly fragmented.  This is usually the result of calling `frame.insert` many times, which has poor performance.  Consider joining all columns at once using pd.concat(axis=1) instead. To get a de-fragmented frame, use `newframe = frame.copy()`
  LC3B_transition_states[cols]=transition_indicator_ls
/Volumes/Seagate Hub/LC3_conformations_scripts_data/data/dihedrals/raw_data/preLC3B_OPLS/SIM_1/psi/orderness_indicator.py:29: PerformanceWarning: DataFrame is highly fragmented.  This is usually the result of calling `frame.insert` many times, which has poor performance.  Consider joining all columns at once using pd.concat(axis=1) instead. To get a de-fragmented frame, use `newframe = frame.copy()`
  LC3B_transition_states[cols]=transition_indicator_ls
/Volumes/Seagate Hub/LC3_conformations_scripts_data/data/dihedrals/raw_data/preLC3B_OPLS/SIM_1/psi/orderness_indicator.py:29: PerformanceWarning: DataFrame is highly fragmented.  This is usually the result of calling `frame.insert` many times, which has poor performance.  Consider joining all columns at once using pd.concat(axis=1) instead. To get a de-fragmented frame, use `newframe = frame.copy()`
  LC3B_transition_states[cols]=transition_indicator_ls
/Volumes/Seagate Hub/LC3_conformations_scripts_data/data/dihedrals/raw_data/preLC3B_OPLS/SIM_1/psi/orderness_indicator.py:29: PerformanceWarning: DataFrame is highly fragmented.  This is usually the result of calling `frame.insert` many times, which has poor performance.  Consider joining all columns at once using pd.concat(axis=1) instead. To get a de-fragmented frame, use `newframe = frame.copy()`
  LC3B_transition_states[cols]=transition_indicator_ls
/Volumes/Seagate Hub/LC3_conformations_scripts_data/data/dihedrals/raw_data/preLC3B_OPLS/SIM_1/psi/orderness_indicator.py:29: PerformanceWarning: DataFrame is highly fragmented.  This is usually the result of calling `frame.insert` many times, which has poor performance.  Consider joining all columns at once using pd.concat(axis=1) instead. To get a de-fragmented frame, use `newframe = frame.copy()`
  LC3B_transition_states[cols]=transition_indicator_ls
/Volumes/Seagate Hub/LC3_conformations_scripts_data/data/dihedrals/raw_data/preLC3B_OPLS/SIM_1/psi/orderness_indicator.py:29: PerformanceWarning: DataFrame is highly fragmented.  This is usually the result of calling `frame.insert` many times, which has poor performance.  Consider joining all columns at once using pd.concat(axis=1) instead. To get a de-fragmented frame, use `newframe = frame.copy()`
  LC3B_transition_states[cols]=transition_indicator_ls
/Volumes/Seagate Hub/LC3_conformations_scripts_data/data/dihedrals/raw_data/preLC3B_OPLS/SIM_1/psi/orderness_indicator.py:29: PerformanceWarning: DataFrame is highly fragmented.  This is usually the result of calling `frame.insert` many times, which has poor performance.  Consider joining all columns at once using pd.concat(axis=1) instead. To get a de-fragmented frame, use `newframe = frame.copy()`
  LC3B_transition_states[cols]=transition_indicator_ls
/Volumes/Seagate Hub/LC3_conformations_scripts_data/data/dihedrals/raw_data/preLC3B_OPLS/SIM_1/psi/orderness_indicator.py:29: PerformanceWarning: DataFrame is highly fragmented.  This is usually the result of calling `frame.insert` many times, which has poor performance.  Consider joining all columns at once using pd.concat(axis=1) instead. To get a de-fragmented frame, use `newframe = frame.copy()`
  LC3B_transition_states[cols]=transition_indicator_ls
/Volumes/Seagate Hub/LC3_conformations_scripts_data/data/dihedrals/raw_data/preLC3B_OPLS/SIM_1/psi/orderness_indicator.py:29: PerformanceWarning: DataFrame is highly fragmented.  This is usually the result of calling `frame.insert` many times, which has poor performance.  Consider joining all columns at once using pd.concat(axis=1) instead. To get a de-fragmented frame, use `newframe = frame.copy()`
  LC3B_transition_states[cols]=transition_indicator_ls
/Volumes/Seagate Hub/LC3_conformations_scripts_data/data/dihedrals/raw_data/preLC3B_OPLS/SIM_1/psi/orderness_indicator.py:29: PerformanceWarning: DataFrame is highly fragmented.  This is usually the result of calling `frame.insert` many times, which has poor performance.  Consider joining all columns at once using pd.concat(axis=1) instead. To get a de-fragmented frame, use `newframe = frame.copy()`
  LC3B_transition_states[cols]=transition_indicator_ls
/Volumes/Seagate Hub/LC3_conformations_scripts_data/data/dihedrals/raw_data/preLC3B_OPLS/SIM_1/psi/orderness_indicator.py:29: PerformanceWarning: DataFrame is highly fragmented.  This is usually the result of calling `frame.insert` many times, which has poor performance.  Consider joining all columns at once using pd.concat(axis=1) instead. To get a de-fragmented frame, use `newframe = frame.copy()`
  LC3B_transition_states[cols]=transition_indicator_ls
/Volumes/Seagate Hub/LC3_conformations_scripts_data/data/dihedrals/raw_data/preLC3B_OPLS/SIM_1/psi/orderness_indicator.py:29: PerformanceWarning: DataFrame is highly fragmented.  This is usually the result of calling `frame.insert` many times, which has poor performance.  Consider joining all columns at once using pd.concat(axis=1) instead. To get a de-fragmented frame, use `newframe = frame.copy()`
  LC3B_transition_states[cols]=transition_indicator_ls
/Volumes/Seagate Hub/LC3_conformations_scripts_data/data/dihedrals/raw_data/preLC3B_OPLS/SIM_1/psi/orderness_indicator.py:92: PerformanceWarning: DataFrame is highly fragmented.  This is usually the result of calling `frame.insert` many times, which has poor performance.  Consider joining all columns at once using pd.concat(axis=1) instead. To get a de-fragmented frame, use `newframe = frame.copy()`
  LC3B_ORDERNESS_states[cols]=ORDERNESS_S
/Volumes/Seagate Hub/LC3_conformations_scripts_data/data/dihedrals/raw_data/preLC3B_OPLS/SIM_1/psi/orderness_indicator.py:92: PerformanceWarning: DataFrame is highly fragmented.  This is usually the result of calling `frame.insert` many times, which has poor performance.  Consider joining all columns at once using pd.concat(axis=1) instead. To get a de-fragmented frame, use `newframe = frame.copy()`
  LC3B_ORDERNESS_states[cols]=ORDERNESS_S
/Volumes/Seagate Hub/LC3_conformations_scripts_data/data/dihedrals/raw_data/preLC3B_OPLS/SIM_1/psi/orderness_indicator.py:92: PerformanceWarning: DataFrame is highly fragmented.  This is usually the result of calling `frame.insert` many times, which has poor performance.  Consider joining all columns at once using pd.concat(axis=1) instead. To get a de-fragmented frame, use `newframe = frame.copy()`
  LC3B_ORDERNESS_states[cols]=ORDERNESS_S
/Volumes/Seagate Hub/LC3_conformations_scripts_data/data/dihedrals/raw_data/preLC3B_OPLS/SIM_1/psi/orderness_indicator.py:92: PerformanceWarning: DataFrame is highly fragmented.  This is usually the result of calling `frame.insert` many times, which has poor performance.  Consider joining all columns at once using pd.concat(axis=1) instead. To get a de-fragmented frame, use `newframe = frame.copy()`
  LC3B_ORDERNESS_states[cols]=ORDERNESS_S
/Volumes/Seagate Hub/LC3_conformations_scripts_data/data/dihedrals/raw_data/preLC3B_OPLS/SIM_1/psi/orderness_indicator.py:92: PerformanceWarning: DataFrame is highly fragmented.  This is usually the result of calling `frame.insert` many times, which has poor performance.  Consider joining all columns at once using pd.concat(axis=1) instead. To get a de-fragmented frame, use `newframe = frame.copy()`
  LC3B_ORDERNESS_states[cols]=ORDERNESS_S
/Volumes/Seagate Hub/LC3_conformations_scripts_data/data/dihedrals/raw_data/preLC3B_OPLS/SIM_1/psi/orderness_indicator.py:92: PerformanceWarning: DataFrame is highly fragmented.  This is usually the result of calling `frame.insert` many times, which has poor performance.  Consider joining all columns at once using pd.concat(axis=1) instead. To get a de-fragmented frame, use `newframe = frame.copy()`
  LC3B_ORDERNESS_states[cols]=ORDERNESS_S
/Volumes/Seagate Hub/LC3_conformations_scripts_data/data/dihedrals/raw_data/preLC3B_OPLS/SIM_1/psi/orderness_indicator.py:92: PerformanceWarning: DataFrame is highly fragmented.  This is usually the result of calling `frame.insert` many times, which has poor performance.  Consider joining all columns at once using pd.concat(axis=1) instead. To get a de-fragmented frame, use `newframe = frame.copy()`
  LC3B_ORDERNESS_states[cols]=ORDERNESS_S
/Volumes/Seagate Hub/LC3_conformations_scripts_data/data/dihedrals/raw_data/preLC3B_OPLS/SIM_1/psi/orderness_indicator.py:92: PerformanceWarning: DataFrame is highly fragmented.  This is usually the result of calling `frame.insert` many times, which has poor performance.  Consider joining all columns at once using pd.concat(axis=1) instead. To get a de-fragmented frame, use `newframe = frame.copy()`
  LC3B_ORDERNESS_states[cols]=ORDERNESS_S
/Volumes/Seagate Hub/LC3_conformations_scripts_data/data/dihedrals/raw_data/preLC3B_OPLS/SIM_1/psi/orderness_indicator.py:92: PerformanceWarning: DataFrame is highly fragmented.  This is usually the result of calling `frame.insert` many times, which has poor performance.  Consider joining all columns at once using pd.concat(axis=1) instead. To get a de-fragmented frame, use `newframe = frame.copy()`
  LC3B_ORDERNESS_states[cols]=ORDERNESS_S
/Volumes/Seagate Hub/LC3_conformations_scripts_data/data/dihedrals/raw_data/preLC3B_OPLS/SIM_1/psi/orderness_indicator.py:92: PerformanceWarning: DataFrame is highly fragmented.  This is usually the result of calling `frame.insert` many times, which has poor performance.  Consider joining all columns at once using pd.concat(axis=1) instead. To get a de-fragmented frame, use `newframe = frame.copy()`
  LC3B_ORDERNESS_states[cols]=ORDERNESS_S
/Volumes/Seagate Hub/LC3_conformations_scripts_data/data/dihedrals/raw_data/preLC3B_OPLS/SIM_1/psi/orderness_indicator.py:92: PerformanceWarning: DataFrame is highly fragmented.  This is usually the result of calling `frame.insert` many times, which has poor performance.  Consider joining all columns at once using pd.concat(axis=1) instead. To get a de-fragmented frame, use `newframe = frame.copy()`
  LC3B_ORDERNESS_states[cols]=ORDERNESS_S
/Volumes/Seagate Hub/LC3_conformations_scripts_data/data/dihedrals/raw_data/preLC3B_OPLS/SIM_1/psi/orderness_indicator.py:92: PerformanceWarning: DataFrame is highly fragmented.  This is usually the result of calling `frame.insert` many times, which has poor performance.  Consider joining all columns at once using pd.concat(axis=1) instead. To get a de-fragmented frame, use `newframe = frame.copy()`
  LC3B_ORDERNESS_states[cols]=ORDERNESS_S
/Volumes/Seagate Hub/LC3_conformations_scripts_data/data/dihedrals/raw_data/preLC3B_OPLS/SIM_1/psi/orderness_indicator.py:92: PerformanceWarning: DataFrame is highly fragmented.  This is usually the result of calling `frame.insert` many times, which has poor performance.  Consider joining all columns at once using pd.concat(axis=1) instead. To get a de-fragmented frame, use `newframe = frame.copy()`
  LC3B_ORDERNESS_states[cols]=ORDERNESS_S
/Volumes/Seagate Hub/LC3_conformations_scripts_data/data/dihedrals/raw_data/preLC3B_OPLS/SIM_1/psi/orderness_indicator.py:92: PerformanceWarning: DataFrame is highly fragmented.  This is usually the result of calling `frame.insert` many times, which has poor performance.  Consider joining all columns at once using pd.concat(axis=1) instead. To get a de-fragmented frame, use `newframe = frame.copy()`
  LC3B_ORDERNESS_states[cols]=ORDERNESS_S
/Volumes/Seagate Hub/LC3_conformations_scripts_data/data/dihedrals/raw_data/preLC3B_OPLS/SIM_1/psi/orderness_indicator.py:92: PerformanceWarning: DataFrame is highly fragmented.  This is usually the result of calling `frame.insert` many times, which has poor performance.  Consider joining all columns at once using pd.concat(axis=1) instead. To get a de-fragmented frame, use `newframe = frame.copy()`
  LC3B_ORDERNESS_states[cols]=ORDERNESS_S
/Volumes/Seagate Hub/LC3_conformations_scripts_data/data/dihedrals/raw_data/preLC3B_OPLS/SIM_1/psi/orderness_indicator.py:92: PerformanceWarning: DataFrame is highly fragmented.  This is usually the result of calling `frame.insert` many times, which has poor performance.  Consider joining all columns at once using pd.concat(axis=1) instead. To get a de-fragmented frame, use `newframe = frame.copy()`
  LC3B_ORDERNESS_states[cols]=ORDERNESS_S
/Volumes/Seagate Hub/LC3_conformations_scripts_data/data/dihedrals/raw_data/preLC3B_OPLS/SIM_1/psi/orderness_indicator.py:92: PerformanceWarning: DataFrame is highly fragmented.  This is usually the result of calling `frame.insert` many times, which has poor performance.  Consider joining all columns at once using pd.concat(axis=1) instead. To get a de-fragmented frame, use `newframe = frame.copy()`
  LC3B_ORDERNESS_states[cols]=ORDERNESS_S
/Volumes/Seagate Hub/LC3_conformations_scripts_data/data/dihedrals/raw_data/preLC3B_OPLS/SIM_1/psi/orderness_indicator.py:92: PerformanceWarning: DataFrame is highly fragmented.  This is usually the result of calling `frame.insert` many times, which has poor performance.  Consider joining all columns at once using pd.concat(axis=1) instead. To get a de-fragmented frame, use `newframe = frame.copy()`
  LC3B_ORDERNESS_states[cols]=ORDERNESS_S
/Volumes/Seagate Hub/LC3_conformations_scripts_data/data/dihedrals/raw_data/preLC3B_OPLS/SIM_1/psi/orderness_indicator.py:92: PerformanceWarning: DataFrame is highly fragmented.  This is usually the result of calling `frame.insert` many times, which has poor performance.  Consider joining all columns at once using pd.concat(axis=1) instead. To get a de-fragmented frame, use `newframe = frame.copy()`
  LC3B_ORDERNESS_states[cols]=ORDERNESS_S
/Volumes/Seagate Hub/LC3_conformations_scripts_data/data/dihedrals/raw_data/preLC3B_OPLS/SIM_1/psi/orderness_indicator.py:92: PerformanceWarning: DataFrame is highly fragmented.  This is usually the result of calling `frame.insert` many times, which has poor performance.  Consider joining all columns at once using pd.concat(axis=1) instead. To get a de-fragmented frame, use `newframe = frame.copy()`
  LC3B_ORDERNESS_states[cols]=ORDERNESS_S
/Volumes/Seagate Hub/LC3_conformations_scripts_data/data/dihedrals/raw_data/preLC3B_OPLS/SIM_1/psi/orderness_indicator.py:92: PerformanceWarning: DataFrame is highly fragmented.  This is usually the result of calling `frame.insert` many times, which has poor performance.  Consider joining all columns at once using pd.concat(axis=1) instead. To get a de-fragmented frame, use `newframe = frame.copy()`
  LC3B_ORDERNESS_states[cols]=ORDERNESS_S
/Volumes/Seagate Hub/LC3_conformations_scripts_data/data/dihedrals/raw_data/preLC3B_OPLS/SIM_1/psi/orderness_indicator.py:92: PerformanceWarning: DataFrame is highly fragmented.  This is usually the result of calling `frame.insert` many times, which has poor performance.  Consider joining all columns at once using pd.concat(axis=1) instead. To get a de-fragmented frame, use `newframe = frame.copy()`
  LC3B_ORDERNESS_states[cols]=ORDERNESS_S
/Volumes/Seagate Hub/LC3_conformations_scripts_data/data/dihedrals/raw_data/preLC3B_OPLS/SIM_1/psi/orderness_indicator.py:92: PerformanceWarning: DataFrame is highly fragmented.  This is usually the result of calling `frame.insert` many times, which has poor performance.  Consider joining all columns at once using pd.concat(axis=1) instead. To get a de-fragmented frame, use `newframe = frame.copy()`
  LC3B_ORDERNESS_states[cols]=ORDERNESS_S
/Volumes/Seagate Hub/LC3_conformations_scripts_data/data/dihedrals/raw_data/preLC3B_OPLS/SIM_1/psi/orderness_indicator.py:92: PerformanceWarning: DataFrame is highly fragmented.  This is usually the result of calling `frame.insert` many times, which has poor performance.  Consider joining all columns at once using pd.concat(axis=1) instead. To get a de-fragmented frame, use `newframe = frame.copy()`
  LC3B_ORDERNESS_states[cols]=ORDERNESS_S
/Volumes/Seagate Hub/LC3_conformations_scripts_data/data/dihedrals/raw_data/preLC3B_OPLS/SIM_1/psi/orderness_indicator.py:92: PerformanceWarning: DataFrame is highly fragmented.  This is usually the result of calling `frame.insert` many times, which has poor performance.  Consider joining all columns at once using pd.concat(axis=1) instead. To get a de-fragmented frame, use `newframe = frame.copy()`
  LC3B_ORDERNESS_states[cols]=ORDERNESS_S
/Users/jesucastin/anaconda3/lib/python3.11/site-packages/pandas/core/arrays/masked.py:60: UserWarning: Pandas requires version '1.3.6' or newer of 'bottleneck' (version '1.3.5' currently installed).
  from pandas.core import (
/Volumes/Seagate Hub/LC3_conformations_scripts_data/data/dihedrals/raw_data/preLC3B_OPLS/SIM_1/phi/orderness_indicator.py:29: PerformanceWarning: DataFrame is highly fragmented.  This is usually the result of calling `frame.insert` many times, which has poor performance.  Consider joining all columns at once using pd.concat(axis=1) instead. To get a de-fragmented frame, use `newframe = frame.copy()`
  LC3B_transition_states[cols]=transition_indicator_ls
/Volumes/Seagate Hub/LC3_conformations_scripts_data/data/dihedrals/raw_data/preLC3B_OPLS/SIM_1/phi/orderness_indicator.py:29: PerformanceWarning: DataFrame is highly fragmented.  This is usually the result of calling `frame.insert` many times, which has poor performance.  Consider joining all columns at once using pd.concat(axis=1) instead. To get a de-fragmented frame, use `newframe = frame.copy()`
  LC3B_transition_states[cols]=transition_indicator_ls
/Volumes/Seagate Hub/LC3_conformations_scripts_data/data/dihedrals/raw_data/preLC3B_OPLS/SIM_1/phi/orderness_indicator.py:29: PerformanceWarning: DataFrame is highly fragmented.  This is usually the result of calling `frame.insert` many times, which has poor performance.  Consider joining all columns at once using pd.concat(axis=1) instead. To get a de-fragmented frame, use `newframe = frame.copy()`
  LC3B_transition_states[cols]=transition_indicator_ls
/Volumes/Seagate Hub/LC3_conformations_scripts_data/data/dihedrals/raw_data/preLC3B_OPLS/SIM_1/phi/orderness_indicator.py:29: PerformanceWarning: DataFrame is highly fragmented.  This is usually the result of calling `frame.insert` many times, which has poor performance.  Consider joining all columns at once using pd.concat(axis=1) instead. To get a de-fragmented frame, use `newframe = frame.copy()`
  LC3B_transition_states[cols]=transition_indicator_ls
/Volumes/Seagate Hub/LC3_conformations_scripts_data/data/dihedrals/raw_data/preLC3B_OPLS/SIM_1/phi/orderness_indicator.py:29: PerformanceWarning: DataFrame is highly fragmented.  This is usually the result of calling `frame.insert` many times, which has poor performance.  Consider joining all columns at once using pd.concat(axis=1) instead. To get a de-fragmented frame, use `newframe = frame.copy()`
  LC3B_transition_states[cols]=transition_indicator_ls
/Volumes/Seagate Hub/LC3_conformations_scripts_data/data/dihedrals/raw_data/preLC3B_OPLS/SIM_1/phi/orderness_indicator.py:29: PerformanceWarning: DataFrame is highly fragmented.  This is usually the result of calling `frame.insert` many times, which has poor performance.  Consider joining all columns at once using pd.concat(axis=1) instead. To get a de-fragmented frame, use `newframe = frame.copy()`
  LC3B_transition_states[cols]=transition_indicator_ls
/Volumes/Seagate Hub/LC3_conformations_scripts_data/data/dihedrals/raw_data/preLC3B_OPLS/SIM_1/phi/orderness_indicator.py:29: PerformanceWarning: DataFrame is highly fragmented.  This is usually the result of calling `frame.insert` many times, which has poor performance.  Consider joining all columns at once using pd.concat(axis=1) instead. To get a de-fragmented frame, use `newframe = frame.copy()`
  LC3B_transition_states[cols]=transition_indicator_ls
/Volumes/Seagate Hub/LC3_conformations_scripts_data/data/dihedrals/raw_data/preLC3B_OPLS/SIM_1/phi/orderness_indicator.py:29: PerformanceWarning: DataFrame is highly fragmented.  This is usually the result of calling `frame.insert` many times, which has poor performance.  Consider joining all columns at once using pd.concat(axis=1) instead. To get a de-fragmented frame, use `newframe = frame.copy()`
  LC3B_transition_states[cols]=transition_indicator_ls
/Volumes/Seagate Hub/LC3_conformations_scripts_data/data/dihedrals/raw_data/preLC3B_OPLS/SIM_1/phi/orderness_indicator.py:29: PerformanceWarning: DataFrame is highly fragmented.  This is usually the result of calling `frame.insert` many times, which has poor performance.  Consider joining all columns at once using pd.concat(axis=1) instead. To get a de-fragmented frame, use `newframe = frame.copy()`
  LC3B_transition_states[cols]=transition_indicator_ls
/Volumes/Seagate Hub/LC3_conformations_scripts_data/data/dihedrals/raw_data/preLC3B_OPLS/SIM_1/phi/orderness_indicator.py:29: PerformanceWarning: DataFrame is highly fragmented.  This is usually the result of calling `frame.insert` many times, which has poor performance.  Consider joining all columns at once using pd.concat(axis=1) instead. To get a de-fragmented frame, use `newframe = frame.copy()`
  LC3B_transition_states[cols]=transition_indicator_ls
/Volumes/Seagate Hub/LC3_conformations_scripts_data/data/dihedrals/raw_data/preLC3B_OPLS/SIM_1/phi/orderness_indicator.py:29: PerformanceWarning: DataFrame is highly fragmented.  This is usually the result of calling `frame.insert` many times, which has poor performance.  Consider joining all columns at once using pd.concat(axis=1) instead. To get a de-fragmented frame, use `newframe = frame.copy()`
  LC3B_transition_states[cols]=transition_indicator_ls
/Volumes/Seagate Hub/LC3_conformations_scripts_data/data/dihedrals/raw_data/preLC3B_OPLS/SIM_1/phi/orderness_indicator.py:29: PerformanceWarning: DataFrame is highly fragmented.  This is usually the result of calling `frame.insert` many times, which has poor performance.  Consider joining all columns at once using pd.concat(axis=1) instead. To get a de-fragmented frame, use `newframe = frame.copy()`
  LC3B_transition_states[cols]=transition_indicator_ls
/Volumes/Seagate Hub/LC3_conformations_scripts_data/data/dihedrals/raw_data/preLC3B_OPLS/SIM_1/phi/orderness_indicator.py:29: PerformanceWarning: DataFrame is highly fragmented.  This is usually the result of calling `frame.insert` many times, which has poor performance.  Consider joining all columns at once using pd.concat(axis=1) instead. To get a de-fragmented frame, use `newframe = frame.copy()`
  LC3B_transition_states[cols]=transition_indicator_ls
/Volumes/Seagate Hub/LC3_conformations_scripts_data/data/dihedrals/raw_data/preLC3B_OPLS/SIM_1/phi/orderness_indicator.py:29: PerformanceWarning: DataFrame is highly fragmented.  This is usually the result of calling `frame.insert` many times, which has poor performance.  Consider joining all columns at once using pd.concat(axis=1) instead. To get a de-fragmented frame, use `newframe = frame.copy()`
  LC3B_transition_states[cols]=transition_indicator_ls
/Volumes/Seagate Hub/LC3_conformations_scripts_data/data/dihedrals/raw_data/preLC3B_OPLS/SIM_1/phi/orderness_indicator.py:29: PerformanceWarning: DataFrame is highly fragmented.  This is usually the result of calling `frame.insert` many times, which has poor performance.  Consider joining all columns at once using pd.concat(axis=1) instead. To get a de-fragmented frame, use `newframe = frame.copy()`
  LC3B_transition_states[cols]=transition_indicator_ls
/Volumes/Seagate Hub/LC3_conformations_scripts_data/data/dihedrals/raw_data/preLC3B_OPLS/SIM_1/phi/orderness_indicator.py:29: PerformanceWarning: DataFrame is highly fragmented.  This is usually the result of calling `frame.insert` many times, which has poor performance.  Consider joining all columns at once using pd.concat(axis=1) instead. To get a de-fragmented frame, use `newframe = frame.copy()`
  LC3B_transition_states[cols]=transition_indicator_ls
/Volumes/Seagate Hub/LC3_conformations_scripts_data/data/dihedrals/raw_data/preLC3B_OPLS/SIM_1/phi/orderness_indicator.py:29: PerformanceWarning: DataFrame is highly fragmented.  This is usually the result of calling `frame.insert` many times, which has poor performance.  Consider joining all columns at once using pd.concat(axis=1) instead. To get a de-fragmented frame, use `newframe = frame.copy()`
  LC3B_transition_states[cols]=transition_indicator_ls
/Volumes/Seagate Hub/LC3_conformations_scripts_data/data/dihedrals/raw_data/preLC3B_OPLS/SIM_1/phi/orderness_indicator.py:29: PerformanceWarning: DataFrame is highly fragmented.  This is usually the result of calling `frame.insert` many times, which has poor performance.  Consider joining all columns at once using pd.concat(axis=1) instead. To get a de-fragmented frame, use `newframe = frame.copy()`
  LC3B_transition_states[cols]=transition_indicator_ls
/Volumes/Seagate Hub/LC3_conformations_scripts_data/data/dihedrals/raw_data/preLC3B_OPLS/SIM_1/phi/orderness_indicator.py:29: PerformanceWarning: DataFrame is highly fragmented.  This is usually the result of calling `frame.insert` many times, which has poor performance.  Consider joining all columns at once using pd.concat(axis=1) instead. To get a de-fragmented frame, use `newframe = frame.copy()`
  LC3B_transition_states[cols]=transition_indicator_ls
/Volumes/Seagate Hub/LC3_conformations_scripts_data/data/dihedrals/raw_data/preLC3B_OPLS/SIM_1/phi/orderness_indicator.py:29: PerformanceWarning: DataFrame is highly fragmented.  This is usually the result of calling `frame.insert` many times, which has poor performance.  Consider joining all columns at once using pd.concat(axis=1) instead. To get a de-fragmented frame, use `newframe = frame.copy()`
  LC3B_transition_states[cols]=transition_indicator_ls
/Volumes/Seagate Hub/LC3_conformations_scripts_data/data/dihedrals/raw_data/preLC3B_OPLS/SIM_1/phi/orderness_indicator.py:29: PerformanceWarning: DataFrame is highly fragmented.  This is usually the result of calling `frame.insert` many times, which has poor performance.  Consider joining all columns at once using pd.concat(axis=1) instead. To get a de-fragmented frame, use `newframe = frame.copy()`
  LC3B_transition_states[cols]=transition_indicator_ls
/Volumes/Seagate Hub/LC3_conformations_scripts_data/data/dihedrals/raw_data/preLC3B_OPLS/SIM_1/phi/orderness_indicator.py:29: PerformanceWarning: DataFrame is highly fragmented.  This is usually the result of calling `frame.insert` many times, which has poor performance.  Consider joining all columns at once using pd.concat(axis=1) instead. To get a de-fragmented frame, use `newframe = frame.copy()`
  LC3B_transition_states[cols]=transition_indicator_ls
/Volumes/Seagate Hub/LC3_conformations_scripts_data/data/dihedrals/raw_data/preLC3B_OPLS/SIM_1/phi/orderness_indicator.py:29: PerformanceWarning: DataFrame is highly fragmented.  This is usually the result of calling `frame.insert` many times, which has poor performance.  Consider joining all columns at once using pd.concat(axis=1) instead. To get a de-fragmented frame, use `newframe = frame.copy()`
  LC3B_transition_states[cols]=transition_indicator_ls
/Volumes/Seagate Hub/LC3_conformations_scripts_data/data/dihedrals/raw_data/preLC3B_OPLS/SIM_1/phi/orderness_indicator.py:29: PerformanceWarning: DataFrame is highly fragmented.  This is usually the result of calling `frame.insert` many times, which has poor performance.  Consider joining all columns at once using pd.concat(axis=1) instead. To get a de-fragmented frame, use `newframe = frame.copy()`
  LC3B_transition_states[cols]=transition_indicator_ls
/Volumes/Seagate Hub/LC3_conformations_scripts_data/data/dihedrals/raw_data/preLC3B_OPLS/SIM_1/phi/orderness_indicator.py:29: PerformanceWarning: DataFrame is highly fragmented.  This is usually the result of calling `frame.insert` many times, which has poor performance.  Consider joining all columns at once using pd.concat(axis=1) instead. To get a de-fragmented frame, use `newframe = frame.copy()`
  LC3B_transition_states[cols]=transition_indicator_ls
/Volumes/Seagate Hub/LC3_conformations_scripts_data/data/dihedrals/raw_data/preLC3B_OPLS/SIM_1/phi/orderness_indicator.py:92: PerformanceWarning: DataFrame is highly fragmented.  This is usually the result of calling `frame.insert` many times, which has poor performance.  Consider joining all columns at once using pd.concat(axis=1) instead. To get a de-fragmented frame, use `newframe = frame.copy()`
  LC3B_ORDERNESS_states[cols]=ORDERNESS_S
/Volumes/Seagate Hub/LC3_conformations_scripts_data/data/dihedrals/raw_data/preLC3B_OPLS/SIM_1/phi/orderness_indicator.py:92: PerformanceWarning: DataFrame is highly fragmented.  This is usually the result of calling `frame.insert` many times, which has poor performance.  Consider joining all columns at once using pd.concat(axis=1) instead. To get a de-fragmented frame, use `newframe = frame.copy()`
  LC3B_ORDERNESS_states[cols]=ORDERNESS_S
/Volumes/Seagate Hub/LC3_conformations_scripts_data/data/dihedrals/raw_data/preLC3B_OPLS/SIM_1/phi/orderness_indicator.py:92: PerformanceWarning: DataFrame is highly fragmented.  This is usually the result of calling `frame.insert` many times, which has poor performance.  Consider joining all columns at once using pd.concat(axis=1) instead. To get a de-fragmented frame, use `newframe = frame.copy()`
  LC3B_ORDERNESS_states[cols]=ORDERNESS_S
/Volumes/Seagate Hub/LC3_conformations_scripts_data/data/dihedrals/raw_data/preLC3B_OPLS/SIM_1/phi/orderness_indicator.py:92: PerformanceWarning: DataFrame is highly fragmented.  This is usually the result of calling `frame.insert` many times, which has poor performance.  Consider joining all columns at once using pd.concat(axis=1) instead. To get a de-fragmented frame, use `newframe = frame.copy()`
  LC3B_ORDERNESS_states[cols]=ORDERNESS_S
/Volumes/Seagate Hub/LC3_conformations_scripts_data/data/dihedrals/raw_data/preLC3B_OPLS/SIM_1/phi/orderness_indicator.py:92: PerformanceWarning: DataFrame is highly fragmented.  This is usually the result of calling `frame.insert` many times, which has poor performance.  Consider joining all columns at once using pd.concat(axis=1) instead. To get a de-fragmented frame, use `newframe = frame.copy()`
  LC3B_ORDERNESS_states[cols]=ORDERNESS_S
/Volumes/Seagate Hub/LC3_conformations_scripts_data/data/dihedrals/raw_data/preLC3B_OPLS/SIM_1/phi/orderness_indicator.py:92: PerformanceWarning: DataFrame is highly fragmented.  This is usually the result of calling `frame.insert` many times, which has poor performance.  Consider joining all columns at once using pd.concat(axis=1) instead. To get a de-fragmented frame, use `newframe = frame.copy()`
  LC3B_ORDERNESS_states[cols]=ORDERNESS_S
/Volumes/Seagate Hub/LC3_conformations_scripts_data/data/dihedrals/raw_data/preLC3B_OPLS/SIM_1/phi/orderness_indicator.py:92: PerformanceWarning: DataFrame is highly fragmented.  This is usually the result of calling `frame.insert` many times, which has poor performance.  Consider joining all columns at once using pd.concat(axis=1) instead. To get a de-fragmented frame, use `newframe = frame.copy()`
  LC3B_ORDERNESS_states[cols]=ORDERNESS_S
/Volumes/Seagate Hub/LC3_conformations_scripts_data/data/dihedrals/raw_data/preLC3B_OPLS/SIM_1/phi/orderness_indicator.py:92: PerformanceWarning: DataFrame is highly fragmented.  This is usually the result of calling `frame.insert` many times, which has poor performance.  Consider joining all columns at once using pd.concat(axis=1) instead. To get a de-fragmented frame, use `newframe = frame.copy()`
  LC3B_ORDERNESS_states[cols]=ORDERNESS_S
/Volumes/Seagate Hub/LC3_conformations_scripts_data/data/dihedrals/raw_data/preLC3B_OPLS/SIM_1/phi/orderness_indicator.py:92: PerformanceWarning: DataFrame is highly fragmented.  This is usually the result of calling `frame.insert` many times, which has poor performance.  Consider joining all columns at once using pd.concat(axis=1) instead. To get a de-fragmented frame, use `newframe = frame.copy()`
  LC3B_ORDERNESS_states[cols]=ORDERNESS_S
/Volumes/Seagate Hub/LC3_conformations_scripts_data/data/dihedrals/raw_data/preLC3B_OPLS/SIM_1/phi/orderness_indicator.py:92: PerformanceWarning: DataFrame is highly fragmented.  This is usually the result of calling `frame.insert` many times, which has poor performance.  Consider joining all columns at once using pd.concat(axis=1) instead. To get a de-fragmented frame, use `newframe = frame.copy()`
  LC3B_ORDERNESS_states[cols]=ORDERNESS_S
/Volumes/Seagate Hub/LC3_conformations_scripts_data/data/dihedrals/raw_data/preLC3B_OPLS/SIM_1/phi/orderness_indicator.py:92: PerformanceWarning: DataFrame is highly fragmented.  This is usually the result of calling `frame.insert` many times, which has poor performance.  Consider joining all columns at once using pd.concat(axis=1) instead. To get a de-fragmented frame, use `newframe = frame.copy()`
  LC3B_ORDERNESS_states[cols]=ORDERNESS_S
/Volumes/Seagate Hub/LC3_conformations_scripts_data/data/dihedrals/raw_data/preLC3B_OPLS/SIM_1/phi/orderness_indicator.py:92: PerformanceWarning: DataFrame is highly fragmented.  This is usually the result of calling `frame.insert` many times, which has poor performance.  Consider joining all columns at once using pd.concat(axis=1) instead. To get a de-fragmented frame, use `newframe = frame.copy()`
  LC3B_ORDERNESS_states[cols]=ORDERNESS_S
/Volumes/Seagate Hub/LC3_conformations_scripts_data/data/dihedrals/raw_data/preLC3B_OPLS/SIM_1/phi/orderness_indicator.py:92: PerformanceWarning: DataFrame is highly fragmented.  This is usually the result of calling `frame.insert` many times, which has poor performance.  Consider joining all columns at once using pd.concat(axis=1) instead. To get a de-fragmented frame, use `newframe = frame.copy()`
  LC3B_ORDERNESS_states[cols]=ORDERNESS_S
/Volumes/Seagate Hub/LC3_conformations_scripts_data/data/dihedrals/raw_data/preLC3B_OPLS/SIM_1/phi/orderness_indicator.py:92: PerformanceWarning: DataFrame is highly fragmented.  This is usually the result of calling `frame.insert` many times, which has poor performance.  Consider joining all columns at once using pd.concat(axis=1) instead. To get a de-fragmented frame, use `newframe = frame.copy()`
  LC3B_ORDERNESS_states[cols]=ORDERNESS_S
/Volumes/Seagate Hub/LC3_conformations_scripts_data/data/dihedrals/raw_data/preLC3B_OPLS/SIM_1/phi/orderness_indicator.py:92: PerformanceWarning: DataFrame is highly fragmented.  This is usually the result of calling `frame.insert` many times, which has poor performance.  Consider joining all columns at once using pd.concat(axis=1) instead. To get a de-fragmented frame, use `newframe = frame.copy()`
  LC3B_ORDERNESS_states[cols]=ORDERNESS_S
/Volumes/Seagate Hub/LC3_conformations_scripts_data/data/dihedrals/raw_data/preLC3B_OPLS/SIM_1/phi/orderness_indicator.py:92: PerformanceWarning: DataFrame is highly fragmented.  This is usually the result of calling `frame.insert` many times, which has poor performance.  Consider joining all columns at once using pd.concat(axis=1) instead. To get a de-fragmented frame, use `newframe = frame.copy()`
  LC3B_ORDERNESS_states[cols]=ORDERNESS_S
/Volumes/Seagate Hub/LC3_conformations_scripts_data/data/dihedrals/raw_data/preLC3B_OPLS/SIM_1/phi/orderness_indicator.py:92: PerformanceWarning: DataFrame is highly fragmented.  This is usually the result of calling `frame.insert` many times, which has poor performance.  Consider joining all columns at once using pd.concat(axis=1) instead. To get a de-fragmented frame, use `newframe = frame.copy()`
  LC3B_ORDERNESS_states[cols]=ORDERNESS_S
/Volumes/Seagate Hub/LC3_conformations_scripts_data/data/dihedrals/raw_data/preLC3B_OPLS/SIM_1/phi/orderness_indicator.py:92: PerformanceWarning: DataFrame is highly fragmented.  This is usually the result of calling `frame.insert` many times, which has poor performance.  Consider joining all columns at once using pd.concat(axis=1) instead. To get a de-fragmented frame, use `newframe = frame.copy()`
  LC3B_ORDERNESS_states[cols]=ORDERNESS_S
/Volumes/Seagate Hub/LC3_conformations_scripts_data/data/dihedrals/raw_data/preLC3B_OPLS/SIM_1/phi/orderness_indicator.py:92: PerformanceWarning: DataFrame is highly fragmented.  This is usually the result of calling `frame.insert` many times, which has poor performance.  Consider joining all columns at once using pd.concat(axis=1) instead. To get a de-fragmented frame, use `newframe = frame.copy()`
  LC3B_ORDERNESS_states[cols]=ORDERNESS_S
/Volumes/Seagate Hub/LC3_conformations_scripts_data/data/dihedrals/raw_data/preLC3B_OPLS/SIM_1/phi/orderness_indicator.py:92: PerformanceWarning: DataFrame is highly fragmented.  This is usually the result of calling `frame.insert` many times, which has poor performance.  Consider joining all columns at once using pd.concat(axis=1) instead. To get a de-fragmented frame, use `newframe = frame.copy()`
  LC3B_ORDERNESS_states[cols]=ORDERNESS_S
/Volumes/Seagate Hub/LC3_conformations_scripts_data/data/dihedrals/raw_data/preLC3B_OPLS/SIM_1/phi/orderness_indicator.py:92: PerformanceWarning: DataFrame is highly fragmented.  This is usually the result of calling `frame.insert` many times, which has poor performance.  Consider joining all columns at once using pd.concat(axis=1) instead. To get a de-fragmented frame, use `newframe = frame.copy()`
  LC3B_ORDERNESS_states[cols]=ORDERNESS_S
/Volumes/Seagate Hub/LC3_conformations_scripts_data/data/dihedrals/raw_data/preLC3B_OPLS/SIM_1/phi/orderness_indicator.py:92: PerformanceWarning: DataFrame is highly fragmented.  This is usually the result of calling `frame.insert` many times, which has poor performance.  Consider joining all columns at once using pd.concat(axis=1) instead. To get a de-fragmented frame, use `newframe = frame.copy()`
  LC3B_ORDERNESS_states[cols]=ORDERNESS_S
/Volumes/Seagate Hub/LC3_conformations_scripts_data/data/dihedrals/raw_data/preLC3B_OPLS/SIM_1/phi/orderness_indicator.py:92: PerformanceWarning: DataFrame is highly fragmented.  This is usually the result of calling `frame.insert` many times, which has poor performance.  Consider joining all columns at once using pd.concat(axis=1) instead. To get a de-fragmented frame, use `newframe = frame.copy()`
  LC3B_ORDERNESS_states[cols]=ORDERNESS_S
/Volumes/Seagate Hub/LC3_conformations_scripts_data/data/dihedrals/raw_data/preLC3B_OPLS/SIM_1/phi/orderness_indicator.py:92: PerformanceWarning: DataFrame is highly fragmented.  This is usually the result of calling `frame.insert` many times, which has poor performance.  Consider joining all columns at once using pd.concat(axis=1) instead. To get a de-fragmented frame, use `newframe = frame.copy()`
  LC3B_ORDERNESS_states[cols]=ORDERNESS_S
/Volumes/Seagate Hub/LC3_conformations_scripts_data/data/dihedrals/raw_data/preLC3B_OPLS/SIM_1/phi/orderness_indicator.py:92: PerformanceWarning: DataFrame is highly fragmented.  This is usually the result of calling `frame.insert` many times, which has poor performance.  Consider joining all columns at once using pd.concat(axis=1) instead. To get a de-fragmented frame, use `newframe = frame.copy()`
  LC3B_ORDERNESS_states[cols]=ORDERNESS_S
I am done with preLC3B_OPLS
/Users/jesucastin/anaconda3/lib/python3.11/site-packages/pandas/core/arrays/masked.py:60: UserWarning: Pandas requires version '1.3.6' or newer of 'bottleneck' (version '1.3.5' currently installed).
  from pandas.core import (
/Volumes/Seagate Hub/LC3_conformations_scripts_data/data/dihedrals/raw_data/preLC3B_OPLS/SIM_2/chi1/orderness_indicator.py:29: PerformanceWarning: DataFrame is highly fragmented.  This is usually the result of calling `frame.insert` many times, which has poor performance.  Consider joining all columns at once using pd.concat(axis=1) instead. To get a de-fragmented frame, use `newframe = frame.copy()`
  LC3B_transition_states[cols]=transition_indicator_ls
/Volumes/Seagate Hub/LC3_conformations_scripts_data/data/dihedrals/raw_data/preLC3B_OPLS/SIM_2/chi1/orderness_indicator.py:29: PerformanceWarning: DataFrame is highly fragmented.  This is usually the result of calling `frame.insert` many times, which has poor performance.  Consider joining all columns at once using pd.concat(axis=1) instead. To get a de-fragmented frame, use `newframe = frame.copy()`
  LC3B_transition_states[cols]=transition_indicator_ls
/Volumes/Seagate Hub/LC3_conformations_scripts_data/data/dihedrals/raw_data/preLC3B_OPLS/SIM_2/chi1/orderness_indicator.py:29: PerformanceWarning: DataFrame is highly fragmented.  This is usually the result of calling `frame.insert` many times, which has poor performance.  Consider joining all columns at once using pd.concat(axis=1) instead. To get a de-fragmented frame, use `newframe = frame.copy()`
  LC3B_transition_states[cols]=transition_indicator_ls
/Volumes/Seagate Hub/LC3_conformations_scripts_data/data/dihedrals/raw_data/preLC3B_OPLS/SIM_2/chi1/orderness_indicator.py:29: PerformanceWarning: DataFrame is highly fragmented.  This is usually the result of calling `frame.insert` many times, which has poor performance.  Consider joining all columns at once using pd.concat(axis=1) instead. To get a de-fragmented frame, use `newframe = frame.copy()`
  LC3B_transition_states[cols]=transition_indicator_ls
/Volumes/Seagate Hub/LC3_conformations_scripts_data/data/dihedrals/raw_data/preLC3B_OPLS/SIM_2/chi1/orderness_indicator.py:29: PerformanceWarning: DataFrame is highly fragmented.  This is usually the result of calling `frame.insert` many times, which has poor performance.  Consider joining all columns at once using pd.concat(axis=1) instead. To get a de-fragmented frame, use `newframe = frame.copy()`
  LC3B_transition_states[cols]=transition_indicator_ls
/Volumes/Seagate Hub/LC3_conformations_scripts_data/data/dihedrals/raw_data/preLC3B_OPLS/SIM_2/chi1/orderness_indicator.py:29: PerformanceWarning: DataFrame is highly fragmented.  This is usually the result of calling `frame.insert` many times, which has poor performance.  Consider joining all columns at once using pd.concat(axis=1) instead. To get a de-fragmented frame, use `newframe = frame.copy()`
  LC3B_transition_states[cols]=transition_indicator_ls
/Volumes/Seagate Hub/LC3_conformations_scripts_data/data/dihedrals/raw_data/preLC3B_OPLS/SIM_2/chi1/orderness_indicator.py:29: PerformanceWarning: DataFrame is highly fragmented.  This is usually the result of calling `frame.insert` many times, which has poor performance.  Consider joining all columns at once using pd.concat(axis=1) instead. To get a de-fragmented frame, use `newframe = frame.copy()`
  LC3B_transition_states[cols]=transition_indicator_ls
/Volumes/Seagate Hub/LC3_conformations_scripts_data/data/dihedrals/raw_data/preLC3B_OPLS/SIM_2/chi1/orderness_indicator.py:29: PerformanceWarning: DataFrame is highly fragmented.  This is usually the result of calling `frame.insert` many times, which has poor performance.  Consider joining all columns at once using pd.concat(axis=1) instead. To get a de-fragmented frame, use `newframe = frame.copy()`
  LC3B_transition_states[cols]=transition_indicator_ls
/Volumes/Seagate Hub/LC3_conformations_scripts_data/data/dihedrals/raw_data/preLC3B_OPLS/SIM_2/chi1/orderness_indicator.py:29: PerformanceWarning: DataFrame is highly fragmented.  This is usually the result of calling `frame.insert` many times, which has poor performance.  Consider joining all columns at once using pd.concat(axis=1) instead. To get a de-fragmented frame, use `newframe = frame.copy()`
  LC3B_transition_states[cols]=transition_indicator_ls
/Volumes/Seagate Hub/LC3_conformations_scripts_data/data/dihedrals/raw_data/preLC3B_OPLS/SIM_2/chi1/orderness_indicator.py:29: PerformanceWarning: DataFrame is highly fragmented.  This is usually the result of calling `frame.insert` many times, which has poor performance.  Consider joining all columns at once using pd.concat(axis=1) instead. To get a de-fragmented frame, use `newframe = frame.copy()`
  LC3B_transition_states[cols]=transition_indicator_ls
/Volumes/Seagate Hub/LC3_conformations_scripts_data/data/dihedrals/raw_data/preLC3B_OPLS/SIM_2/chi1/orderness_indicator.py:29: PerformanceWarning: DataFrame is highly fragmented.  This is usually the result of calling `frame.insert` many times, which has poor performance.  Consider joining all columns at once using pd.concat(axis=1) instead. To get a de-fragmented frame, use `newframe = frame.copy()`
  LC3B_transition_states[cols]=transition_indicator_ls
/Volumes/Seagate Hub/LC3_conformations_scripts_data/data/dihedrals/raw_data/preLC3B_OPLS/SIM_2/chi1/orderness_indicator.py:29: PerformanceWarning: DataFrame is highly fragmented.  This is usually the result of calling `frame.insert` many times, which has poor performance.  Consider joining all columns at once using pd.concat(axis=1) instead. To get a de-fragmented frame, use `newframe = frame.copy()`
  LC3B_transition_states[cols]=transition_indicator_ls
/Volumes/Seagate Hub/LC3_conformations_scripts_data/data/dihedrals/raw_data/preLC3B_OPLS/SIM_2/chi1/orderness_indicator.py:29: PerformanceWarning: DataFrame is highly fragmented.  This is usually the result of calling `frame.insert` many times, which has poor performance.  Consider joining all columns at once using pd.concat(axis=1) instead. To get a de-fragmented frame, use `newframe = frame.copy()`
  LC3B_transition_states[cols]=transition_indicator_ls
/Volumes/Seagate Hub/LC3_conformations_scripts_data/data/dihedrals/raw_data/preLC3B_OPLS/SIM_2/chi1/orderness_indicator.py:29: PerformanceWarning: DataFrame is highly fragmented.  This is usually the result of calling `frame.insert` many times, which has poor performance.  Consider joining all columns at once using pd.concat(axis=1) instead. To get a de-fragmented frame, use `newframe = frame.copy()`
  LC3B_transition_states[cols]=transition_indicator_ls
/Volumes/Seagate Hub/LC3_conformations_scripts_data/data/dihedrals/raw_data/preLC3B_OPLS/SIM_2/chi1/orderness_indicator.py:29: PerformanceWarning: DataFrame is highly fragmented.  This is usually the result of calling `frame.insert` many times, which has poor performance.  Consider joining all columns at once using pd.concat(axis=1) instead. To get a de-fragmented frame, use `newframe = frame.copy()`
  LC3B_transition_states[cols]=transition_indicator_ls
/Volumes/Seagate Hub/LC3_conformations_scripts_data/data/dihedrals/raw_data/preLC3B_OPLS/SIM_2/chi1/orderness_indicator.py:29: PerformanceWarning: DataFrame is highly fragmented.  This is usually the result of calling `frame.insert` many times, which has poor performance.  Consider joining all columns at once using pd.concat(axis=1) instead. To get a de-fragmented frame, use `newframe = frame.copy()`
  LC3B_transition_states[cols]=transition_indicator_ls
/Volumes/Seagate Hub/LC3_conformations_scripts_data/data/dihedrals/raw_data/preLC3B_OPLS/SIM_2/chi1/orderness_indicator.py:29: PerformanceWarning: DataFrame is highly fragmented.  This is usually the result of calling `frame.insert` many times, which has poor performance.  Consider joining all columns at once using pd.concat(axis=1) instead. To get a de-fragmented frame, use `newframe = frame.copy()`
  LC3B_transition_states[cols]=transition_indicator_ls
/Volumes/Seagate Hub/LC3_conformations_scripts_data/data/dihedrals/raw_data/preLC3B_OPLS/SIM_2/chi1/orderness_indicator.py:29: PerformanceWarning: DataFrame is highly fragmented.  This is usually the result of calling `frame.insert` many times, which has poor performance.  Consider joining all columns at once using pd.concat(axis=1) instead. To get a de-fragmented frame, use `newframe = frame.copy()`
  LC3B_transition_states[cols]=transition_indicator_ls
/Volumes/Seagate Hub/LC3_conformations_scripts_data/data/dihedrals/raw_data/preLC3B_OPLS/SIM_2/chi1/orderness_indicator.py:92: PerformanceWarning: DataFrame is highly fragmented.  This is usually the result of calling `frame.insert` many times, which has poor performance.  Consider joining all columns at once using pd.concat(axis=1) instead. To get a de-fragmented frame, use `newframe = frame.copy()`
  LC3B_ORDERNESS_states[cols]=ORDERNESS_S
/Volumes/Seagate Hub/LC3_conformations_scripts_data/data/dihedrals/raw_data/preLC3B_OPLS/SIM_2/chi1/orderness_indicator.py:92: PerformanceWarning: DataFrame is highly fragmented.  This is usually the result of calling `frame.insert` many times, which has poor performance.  Consider joining all columns at once using pd.concat(axis=1) instead. To get a de-fragmented frame, use `newframe = frame.copy()`
  LC3B_ORDERNESS_states[cols]=ORDERNESS_S
/Volumes/Seagate Hub/LC3_conformations_scripts_data/data/dihedrals/raw_data/preLC3B_OPLS/SIM_2/chi1/orderness_indicator.py:92: PerformanceWarning: DataFrame is highly fragmented.  This is usually the result of calling `frame.insert` many times, which has poor performance.  Consider joining all columns at once using pd.concat(axis=1) instead. To get a de-fragmented frame, use `newframe = frame.copy()`
  LC3B_ORDERNESS_states[cols]=ORDERNESS_S
/Volumes/Seagate Hub/LC3_conformations_scripts_data/data/dihedrals/raw_data/preLC3B_OPLS/SIM_2/chi1/orderness_indicator.py:92: PerformanceWarning: DataFrame is highly fragmented.  This is usually the result of calling `frame.insert` many times, which has poor performance.  Consider joining all columns at once using pd.concat(axis=1) instead. To get a de-fragmented frame, use `newframe = frame.copy()`
  LC3B_ORDERNESS_states[cols]=ORDERNESS_S
/Volumes/Seagate Hub/LC3_conformations_scripts_data/data/dihedrals/raw_data/preLC3B_OPLS/SIM_2/chi1/orderness_indicator.py:92: PerformanceWarning: DataFrame is highly fragmented.  This is usually the result of calling `frame.insert` many times, which has poor performance.  Consider joining all columns at once using pd.concat(axis=1) instead. To get a de-fragmented frame, use `newframe = frame.copy()`
  LC3B_ORDERNESS_states[cols]=ORDERNESS_S
/Volumes/Seagate Hub/LC3_conformations_scripts_data/data/dihedrals/raw_data/preLC3B_OPLS/SIM_2/chi1/orderness_indicator.py:92: PerformanceWarning: DataFrame is highly fragmented.  This is usually the result of calling `frame.insert` many times, which has poor performance.  Consider joining all columns at once using pd.concat(axis=1) instead. To get a de-fragmented frame, use `newframe = frame.copy()`
  LC3B_ORDERNESS_states[cols]=ORDERNESS_S
/Volumes/Seagate Hub/LC3_conformations_scripts_data/data/dihedrals/raw_data/preLC3B_OPLS/SIM_2/chi1/orderness_indicator.py:92: PerformanceWarning: DataFrame is highly fragmented.  This is usually the result of calling `frame.insert` many times, which has poor performance.  Consider joining all columns at once using pd.concat(axis=1) instead. To get a de-fragmented frame, use `newframe = frame.copy()`
  LC3B_ORDERNESS_states[cols]=ORDERNESS_S
/Volumes/Seagate Hub/LC3_conformations_scripts_data/data/dihedrals/raw_data/preLC3B_OPLS/SIM_2/chi1/orderness_indicator.py:92: PerformanceWarning: DataFrame is highly fragmented.  This is usually the result of calling `frame.insert` many times, which has poor performance.  Consider joining all columns at once using pd.concat(axis=1) instead. To get a de-fragmented frame, use `newframe = frame.copy()`
  LC3B_ORDERNESS_states[cols]=ORDERNESS_S
/Volumes/Seagate Hub/LC3_conformations_scripts_data/data/dihedrals/raw_data/preLC3B_OPLS/SIM_2/chi1/orderness_indicator.py:92: PerformanceWarning: DataFrame is highly fragmented.  This is usually the result of calling `frame.insert` many times, which has poor performance.  Consider joining all columns at once using pd.concat(axis=1) instead. To get a de-fragmented frame, use `newframe = frame.copy()`
  LC3B_ORDERNESS_states[cols]=ORDERNESS_S
/Volumes/Seagate Hub/LC3_conformations_scripts_data/data/dihedrals/raw_data/preLC3B_OPLS/SIM_2/chi1/orderness_indicator.py:92: PerformanceWarning: DataFrame is highly fragmented.  This is usually the result of calling `frame.insert` many times, which has poor performance.  Consider joining all columns at once using pd.concat(axis=1) instead. To get a de-fragmented frame, use `newframe = frame.copy()`
  LC3B_ORDERNESS_states[cols]=ORDERNESS_S
/Volumes/Seagate Hub/LC3_conformations_scripts_data/data/dihedrals/raw_data/preLC3B_OPLS/SIM_2/chi1/orderness_indicator.py:92: PerformanceWarning: DataFrame is highly fragmented.  This is usually the result of calling `frame.insert` many times, which has poor performance.  Consider joining all columns at once using pd.concat(axis=1) instead. To get a de-fragmented frame, use `newframe = frame.copy()`
  LC3B_ORDERNESS_states[cols]=ORDERNESS_S
/Volumes/Seagate Hub/LC3_conformations_scripts_data/data/dihedrals/raw_data/preLC3B_OPLS/SIM_2/chi1/orderness_indicator.py:92: PerformanceWarning: DataFrame is highly fragmented.  This is usually the result of calling `frame.insert` many times, which has poor performance.  Consider joining all columns at once using pd.concat(axis=1) instead. To get a de-fragmented frame, use `newframe = frame.copy()`
  LC3B_ORDERNESS_states[cols]=ORDERNESS_S
/Volumes/Seagate Hub/LC3_conformations_scripts_data/data/dihedrals/raw_data/preLC3B_OPLS/SIM_2/chi1/orderness_indicator.py:92: PerformanceWarning: DataFrame is highly fragmented.  This is usually the result of calling `frame.insert` many times, which has poor performance.  Consider joining all columns at once using pd.concat(axis=1) instead. To get a de-fragmented frame, use `newframe = frame.copy()`
  LC3B_ORDERNESS_states[cols]=ORDERNESS_S
/Volumes/Seagate Hub/LC3_conformations_scripts_data/data/dihedrals/raw_data/preLC3B_OPLS/SIM_2/chi1/orderness_indicator.py:92: PerformanceWarning: DataFrame is highly fragmented.  This is usually the result of calling `frame.insert` many times, which has poor performance.  Consider joining all columns at once using pd.concat(axis=1) instead. To get a de-fragmented frame, use `newframe = frame.copy()`
  LC3B_ORDERNESS_states[cols]=ORDERNESS_S
/Volumes/Seagate Hub/LC3_conformations_scripts_data/data/dihedrals/raw_data/preLC3B_OPLS/SIM_2/chi1/orderness_indicator.py:92: PerformanceWarning: DataFrame is highly fragmented.  This is usually the result of calling `frame.insert` many times, which has poor performance.  Consider joining all columns at once using pd.concat(axis=1) instead. To get a de-fragmented frame, use `newframe = frame.copy()`
  LC3B_ORDERNESS_states[cols]=ORDERNESS_S
/Volumes/Seagate Hub/LC3_conformations_scripts_data/data/dihedrals/raw_data/preLC3B_OPLS/SIM_2/chi1/orderness_indicator.py:92: PerformanceWarning: DataFrame is highly fragmented.  This is usually the result of calling `frame.insert` many times, which has poor performance.  Consider joining all columns at once using pd.concat(axis=1) instead. To get a de-fragmented frame, use `newframe = frame.copy()`
  LC3B_ORDERNESS_states[cols]=ORDERNESS_S
/Volumes/Seagate Hub/LC3_conformations_scripts_data/data/dihedrals/raw_data/preLC3B_OPLS/SIM_2/chi1/orderness_indicator.py:92: PerformanceWarning: DataFrame is highly fragmented.  This is usually the result of calling `frame.insert` many times, which has poor performance.  Consider joining all columns at once using pd.concat(axis=1) instead. To get a de-fragmented frame, use `newframe = frame.copy()`
  LC3B_ORDERNESS_states[cols]=ORDERNESS_S
/Volumes/Seagate Hub/LC3_conformations_scripts_data/data/dihedrals/raw_data/preLC3B_OPLS/SIM_2/chi1/orderness_indicator.py:92: PerformanceWarning: DataFrame is highly fragmented.  This is usually the result of calling `frame.insert` many times, which has poor performance.  Consider joining all columns at once using pd.concat(axis=1) instead. To get a de-fragmented frame, use `newframe = frame.copy()`
  LC3B_ORDERNESS_states[cols]=ORDERNESS_S
/Users/jesucastin/anaconda3/lib/python3.11/site-packages/pandas/core/arrays/masked.py:60: UserWarning: Pandas requires version '1.3.6' or newer of 'bottleneck' (version '1.3.5' currently installed).
  from pandas.core import (
/Users/jesucastin/anaconda3/lib/python3.11/site-packages/pandas/core/arrays/masked.py:60: UserWarning: Pandas requires version '1.3.6' or newer of 'bottleneck' (version '1.3.5' currently installed).
  from pandas.core import (
/Users/jesucastin/anaconda3/lib/python3.11/site-packages/pandas/core/arrays/masked.py:60: UserWarning: Pandas requires version '1.3.6' or newer of 'bottleneck' (version '1.3.5' currently installed).
  from pandas.core import (
/Users/jesucastin/anaconda3/lib/python3.11/site-packages/pandas/core/arrays/masked.py:60: UserWarning: Pandas requires version '1.3.6' or newer of 'bottleneck' (version '1.3.5' currently installed).
  from pandas.core import (
/Volumes/Seagate Hub/LC3_conformations_scripts_data/data/dihedrals/raw_data/preLC3B_OPLS/SIM_2/psi/orderness_indicator.py:29: PerformanceWarning: DataFrame is highly fragmented.  This is usually the result of calling `frame.insert` many times, which has poor performance.  Consider joining all columns at once using pd.concat(axis=1) instead. To get a de-fragmented frame, use `newframe = frame.copy()`
  LC3B_transition_states[cols]=transition_indicator_ls
/Volumes/Seagate Hub/LC3_conformations_scripts_data/data/dihedrals/raw_data/preLC3B_OPLS/SIM_2/psi/orderness_indicator.py:29: PerformanceWarning: DataFrame is highly fragmented.  This is usually the result of calling `frame.insert` many times, which has poor performance.  Consider joining all columns at once using pd.concat(axis=1) instead. To get a de-fragmented frame, use `newframe = frame.copy()`
  LC3B_transition_states[cols]=transition_indicator_ls
/Volumes/Seagate Hub/LC3_conformations_scripts_data/data/dihedrals/raw_data/preLC3B_OPLS/SIM_2/psi/orderness_indicator.py:29: PerformanceWarning: DataFrame is highly fragmented.  This is usually the result of calling `frame.insert` many times, which has poor performance.  Consider joining all columns at once using pd.concat(axis=1) instead. To get a de-fragmented frame, use `newframe = frame.copy()`
  LC3B_transition_states[cols]=transition_indicator_ls
/Volumes/Seagate Hub/LC3_conformations_scripts_data/data/dihedrals/raw_data/preLC3B_OPLS/SIM_2/psi/orderness_indicator.py:29: PerformanceWarning: DataFrame is highly fragmented.  This is usually the result of calling `frame.insert` many times, which has poor performance.  Consider joining all columns at once using pd.concat(axis=1) instead. To get a de-fragmented frame, use `newframe = frame.copy()`
  LC3B_transition_states[cols]=transition_indicator_ls
/Volumes/Seagate Hub/LC3_conformations_scripts_data/data/dihedrals/raw_data/preLC3B_OPLS/SIM_2/psi/orderness_indicator.py:29: PerformanceWarning: DataFrame is highly fragmented.  This is usually the result of calling `frame.insert` many times, which has poor performance.  Consider joining all columns at once using pd.concat(axis=1) instead. To get a de-fragmented frame, use `newframe = frame.copy()`
  LC3B_transition_states[cols]=transition_indicator_ls
/Volumes/Seagate Hub/LC3_conformations_scripts_data/data/dihedrals/raw_data/preLC3B_OPLS/SIM_2/psi/orderness_indicator.py:29: PerformanceWarning: DataFrame is highly fragmented.  This is usually the result of calling `frame.insert` many times, which has poor performance.  Consider joining all columns at once using pd.concat(axis=1) instead. To get a de-fragmented frame, use `newframe = frame.copy()`
  LC3B_transition_states[cols]=transition_indicator_ls
/Volumes/Seagate Hub/LC3_conformations_scripts_data/data/dihedrals/raw_data/preLC3B_OPLS/SIM_2/psi/orderness_indicator.py:29: PerformanceWarning: DataFrame is highly fragmented.  This is usually the result of calling `frame.insert` many times, which has poor performance.  Consider joining all columns at once using pd.concat(axis=1) instead. To get a de-fragmented frame, use `newframe = frame.copy()`
  LC3B_transition_states[cols]=transition_indicator_ls
/Volumes/Seagate Hub/LC3_conformations_scripts_data/data/dihedrals/raw_data/preLC3B_OPLS/SIM_2/psi/orderness_indicator.py:29: PerformanceWarning: DataFrame is highly fragmented.  This is usually the result of calling `frame.insert` many times, which has poor performance.  Consider joining all columns at once using pd.concat(axis=1) instead. To get a de-fragmented frame, use `newframe = frame.copy()`
  LC3B_transition_states[cols]=transition_indicator_ls
/Volumes/Seagate Hub/LC3_conformations_scripts_data/data/dihedrals/raw_data/preLC3B_OPLS/SIM_2/psi/orderness_indicator.py:29: PerformanceWarning: DataFrame is highly fragmented.  This is usually the result of calling `frame.insert` many times, which has poor performance.  Consider joining all columns at once using pd.concat(axis=1) instead. To get a de-fragmented frame, use `newframe = frame.copy()`
  LC3B_transition_states[cols]=transition_indicator_ls
/Volumes/Seagate Hub/LC3_conformations_scripts_data/data/dihedrals/raw_data/preLC3B_OPLS/SIM_2/psi/orderness_indicator.py:29: PerformanceWarning: DataFrame is highly fragmented.  This is usually the result of calling `frame.insert` many times, which has poor performance.  Consider joining all columns at once using pd.concat(axis=1) instead. To get a de-fragmented frame, use `newframe = frame.copy()`
  LC3B_transition_states[cols]=transition_indicator_ls
/Volumes/Seagate Hub/LC3_conformations_scripts_data/data/dihedrals/raw_data/preLC3B_OPLS/SIM_2/psi/orderness_indicator.py:29: PerformanceWarning: DataFrame is highly fragmented.  This is usually the result of calling `frame.insert` many times, which has poor performance.  Consider joining all columns at once using pd.concat(axis=1) instead. To get a de-fragmented frame, use `newframe = frame.copy()`
  LC3B_transition_states[cols]=transition_indicator_ls
/Volumes/Seagate Hub/LC3_conformations_scripts_data/data/dihedrals/raw_data/preLC3B_OPLS/SIM_2/psi/orderness_indicator.py:29: PerformanceWarning: DataFrame is highly fragmented.  This is usually the result of calling `frame.insert` many times, which has poor performance.  Consider joining all columns at once using pd.concat(axis=1) instead. To get a de-fragmented frame, use `newframe = frame.copy()`
  LC3B_transition_states[cols]=transition_indicator_ls
/Volumes/Seagate Hub/LC3_conformations_scripts_data/data/dihedrals/raw_data/preLC3B_OPLS/SIM_2/psi/orderness_indicator.py:29: PerformanceWarning: DataFrame is highly fragmented.  This is usually the result of calling `frame.insert` many times, which has poor performance.  Consider joining all columns at once using pd.concat(axis=1) instead. To get a de-fragmented frame, use `newframe = frame.copy()`
  LC3B_transition_states[cols]=transition_indicator_ls
/Volumes/Seagate Hub/LC3_conformations_scripts_data/data/dihedrals/raw_data/preLC3B_OPLS/SIM_2/psi/orderness_indicator.py:29: PerformanceWarning: DataFrame is highly fragmented.  This is usually the result of calling `frame.insert` many times, which has poor performance.  Consider joining all columns at once using pd.concat(axis=1) instead. To get a de-fragmented frame, use `newframe = frame.copy()`
  LC3B_transition_states[cols]=transition_indicator_ls
/Volumes/Seagate Hub/LC3_conformations_scripts_data/data/dihedrals/raw_data/preLC3B_OPLS/SIM_2/psi/orderness_indicator.py:29: PerformanceWarning: DataFrame is highly fragmented.  This is usually the result of calling `frame.insert` many times, which has poor performance.  Consider joining all columns at once using pd.concat(axis=1) instead. To get a de-fragmented frame, use `newframe = frame.copy()`
  LC3B_transition_states[cols]=transition_indicator_ls
/Volumes/Seagate Hub/LC3_conformations_scripts_data/data/dihedrals/raw_data/preLC3B_OPLS/SIM_2/psi/orderness_indicator.py:29: PerformanceWarning: DataFrame is highly fragmented.  This is usually the result of calling `frame.insert` many times, which has poor performance.  Consider joining all columns at once using pd.concat(axis=1) instead. To get a de-fragmented frame, use `newframe = frame.copy()`
  LC3B_transition_states[cols]=transition_indicator_ls
/Volumes/Seagate Hub/LC3_conformations_scripts_data/data/dihedrals/raw_data/preLC3B_OPLS/SIM_2/psi/orderness_indicator.py:29: PerformanceWarning: DataFrame is highly fragmented.  This is usually the result of calling `frame.insert` many times, which has poor performance.  Consider joining all columns at once using pd.concat(axis=1) instead. To get a de-fragmented frame, use `newframe = frame.copy()`
  LC3B_transition_states[cols]=transition_indicator_ls
/Volumes/Seagate Hub/LC3_conformations_scripts_data/data/dihedrals/raw_data/preLC3B_OPLS/SIM_2/psi/orderness_indicator.py:29: PerformanceWarning: DataFrame is highly fragmented.  This is usually the result of calling `frame.insert` many times, which has poor performance.  Consider joining all columns at once using pd.concat(axis=1) instead. To get a de-fragmented frame, use `newframe = frame.copy()`
  LC3B_transition_states[cols]=transition_indicator_ls
/Volumes/Seagate Hub/LC3_conformations_scripts_data/data/dihedrals/raw_data/preLC3B_OPLS/SIM_2/psi/orderness_indicator.py:29: PerformanceWarning: DataFrame is highly fragmented.  This is usually the result of calling `frame.insert` many times, which has poor performance.  Consider joining all columns at once using pd.concat(axis=1) instead. To get a de-fragmented frame, use `newframe = frame.copy()`
  LC3B_transition_states[cols]=transition_indicator_ls
/Volumes/Seagate Hub/LC3_conformations_scripts_data/data/dihedrals/raw_data/preLC3B_OPLS/SIM_2/psi/orderness_indicator.py:29: PerformanceWarning: DataFrame is highly fragmented.  This is usually the result of calling `frame.insert` many times, which has poor performance.  Consider joining all columns at once using pd.concat(axis=1) instead. To get a de-fragmented frame, use `newframe = frame.copy()`
  LC3B_transition_states[cols]=transition_indicator_ls
/Volumes/Seagate Hub/LC3_conformations_scripts_data/data/dihedrals/raw_data/preLC3B_OPLS/SIM_2/psi/orderness_indicator.py:29: PerformanceWarning: DataFrame is highly fragmented.  This is usually the result of calling `frame.insert` many times, which has poor performance.  Consider joining all columns at once using pd.concat(axis=1) instead. To get a de-fragmented frame, use `newframe = frame.copy()`
  LC3B_transition_states[cols]=transition_indicator_ls
/Volumes/Seagate Hub/LC3_conformations_scripts_data/data/dihedrals/raw_data/preLC3B_OPLS/SIM_2/psi/orderness_indicator.py:29: PerformanceWarning: DataFrame is highly fragmented.  This is usually the result of calling `frame.insert` many times, which has poor performance.  Consider joining all columns at once using pd.concat(axis=1) instead. To get a de-fragmented frame, use `newframe = frame.copy()`
  LC3B_transition_states[cols]=transition_indicator_ls
/Volumes/Seagate Hub/LC3_conformations_scripts_data/data/dihedrals/raw_data/preLC3B_OPLS/SIM_2/psi/orderness_indicator.py:29: PerformanceWarning: DataFrame is highly fragmented.  This is usually the result of calling `frame.insert` many times, which has poor performance.  Consider joining all columns at once using pd.concat(axis=1) instead. To get a de-fragmented frame, use `newframe = frame.copy()`
  LC3B_transition_states[cols]=transition_indicator_ls
/Volumes/Seagate Hub/LC3_conformations_scripts_data/data/dihedrals/raw_data/preLC3B_OPLS/SIM_2/psi/orderness_indicator.py:29: PerformanceWarning: DataFrame is highly fragmented.  This is usually the result of calling `frame.insert` many times, which has poor performance.  Consider joining all columns at once using pd.concat(axis=1) instead. To get a de-fragmented frame, use `newframe = frame.copy()`
  LC3B_transition_states[cols]=transition_indicator_ls
/Volumes/Seagate Hub/LC3_conformations_scripts_data/data/dihedrals/raw_data/preLC3B_OPLS/SIM_2/psi/orderness_indicator.py:29: PerformanceWarning: DataFrame is highly fragmented.  This is usually the result of calling `frame.insert` many times, which has poor performance.  Consider joining all columns at once using pd.concat(axis=1) instead. To get a de-fragmented frame, use `newframe = frame.copy()`
  LC3B_transition_states[cols]=transition_indicator_ls
/Volumes/Seagate Hub/LC3_conformations_scripts_data/data/dihedrals/raw_data/preLC3B_OPLS/SIM_2/psi/orderness_indicator.py:92: PerformanceWarning: DataFrame is highly fragmented.  This is usually the result of calling `frame.insert` many times, which has poor performance.  Consider joining all columns at once using pd.concat(axis=1) instead. To get a de-fragmented frame, use `newframe = frame.copy()`
  LC3B_ORDERNESS_states[cols]=ORDERNESS_S
/Volumes/Seagate Hub/LC3_conformations_scripts_data/data/dihedrals/raw_data/preLC3B_OPLS/SIM_2/psi/orderness_indicator.py:92: PerformanceWarning: DataFrame is highly fragmented.  This is usually the result of calling `frame.insert` many times, which has poor performance.  Consider joining all columns at once using pd.concat(axis=1) instead. To get a de-fragmented frame, use `newframe = frame.copy()`
  LC3B_ORDERNESS_states[cols]=ORDERNESS_S
/Volumes/Seagate Hub/LC3_conformations_scripts_data/data/dihedrals/raw_data/preLC3B_OPLS/SIM_2/psi/orderness_indicator.py:92: PerformanceWarning: DataFrame is highly fragmented.  This is usually the result of calling `frame.insert` many times, which has poor performance.  Consider joining all columns at once using pd.concat(axis=1) instead. To get a de-fragmented frame, use `newframe = frame.copy()`
  LC3B_ORDERNESS_states[cols]=ORDERNESS_S
/Volumes/Seagate Hub/LC3_conformations_scripts_data/data/dihedrals/raw_data/preLC3B_OPLS/SIM_2/psi/orderness_indicator.py:92: PerformanceWarning: DataFrame is highly fragmented.  This is usually the result of calling `frame.insert` many times, which has poor performance.  Consider joining all columns at once using pd.concat(axis=1) instead. To get a de-fragmented frame, use `newframe = frame.copy()`
  LC3B_ORDERNESS_states[cols]=ORDERNESS_S
/Volumes/Seagate Hub/LC3_conformations_scripts_data/data/dihedrals/raw_data/preLC3B_OPLS/SIM_2/psi/orderness_indicator.py:92: PerformanceWarning: DataFrame is highly fragmented.  This is usually the result of calling `frame.insert` many times, which has poor performance.  Consider joining all columns at once using pd.concat(axis=1) instead. To get a de-fragmented frame, use `newframe = frame.copy()`
  LC3B_ORDERNESS_states[cols]=ORDERNESS_S
/Volumes/Seagate Hub/LC3_conformations_scripts_data/data/dihedrals/raw_data/preLC3B_OPLS/SIM_2/psi/orderness_indicator.py:92: PerformanceWarning: DataFrame is highly fragmented.  This is usually the result of calling `frame.insert` many times, which has poor performance.  Consider joining all columns at once using pd.concat(axis=1) instead. To get a de-fragmented frame, use `newframe = frame.copy()`
  LC3B_ORDERNESS_states[cols]=ORDERNESS_S
/Volumes/Seagate Hub/LC3_conformations_scripts_data/data/dihedrals/raw_data/preLC3B_OPLS/SIM_2/psi/orderness_indicator.py:92: PerformanceWarning: DataFrame is highly fragmented.  This is usually the result of calling `frame.insert` many times, which has poor performance.  Consider joining all columns at once using pd.concat(axis=1) instead. To get a de-fragmented frame, use `newframe = frame.copy()`
  LC3B_ORDERNESS_states[cols]=ORDERNESS_S
/Volumes/Seagate Hub/LC3_conformations_scripts_data/data/dihedrals/raw_data/preLC3B_OPLS/SIM_2/psi/orderness_indicator.py:92: PerformanceWarning: DataFrame is highly fragmented.  This is usually the result of calling `frame.insert` many times, which has poor performance.  Consider joining all columns at once using pd.concat(axis=1) instead. To get a de-fragmented frame, use `newframe = frame.copy()`
  LC3B_ORDERNESS_states[cols]=ORDERNESS_S
/Volumes/Seagate Hub/LC3_conformations_scripts_data/data/dihedrals/raw_data/preLC3B_OPLS/SIM_2/psi/orderness_indicator.py:92: PerformanceWarning: DataFrame is highly fragmented.  This is usually the result of calling `frame.insert` many times, which has poor performance.  Consider joining all columns at once using pd.concat(axis=1) instead. To get a de-fragmented frame, use `newframe = frame.copy()`
  LC3B_ORDERNESS_states[cols]=ORDERNESS_S
/Volumes/Seagate Hub/LC3_conformations_scripts_data/data/dihedrals/raw_data/preLC3B_OPLS/SIM_2/psi/orderness_indicator.py:92: PerformanceWarning: DataFrame is highly fragmented.  This is usually the result of calling `frame.insert` many times, which has poor performance.  Consider joining all columns at once using pd.concat(axis=1) instead. To get a de-fragmented frame, use `newframe = frame.copy()`
  LC3B_ORDERNESS_states[cols]=ORDERNESS_S
/Volumes/Seagate Hub/LC3_conformations_scripts_data/data/dihedrals/raw_data/preLC3B_OPLS/SIM_2/psi/orderness_indicator.py:92: PerformanceWarning: DataFrame is highly fragmented.  This is usually the result of calling `frame.insert` many times, which has poor performance.  Consider joining all columns at once using pd.concat(axis=1) instead. To get a de-fragmented frame, use `newframe = frame.copy()`
  LC3B_ORDERNESS_states[cols]=ORDERNESS_S
/Volumes/Seagate Hub/LC3_conformations_scripts_data/data/dihedrals/raw_data/preLC3B_OPLS/SIM_2/psi/orderness_indicator.py:92: PerformanceWarning: DataFrame is highly fragmented.  This is usually the result of calling `frame.insert` many times, which has poor performance.  Consider joining all columns at once using pd.concat(axis=1) instead. To get a de-fragmented frame, use `newframe = frame.copy()`
  LC3B_ORDERNESS_states[cols]=ORDERNESS_S
/Volumes/Seagate Hub/LC3_conformations_scripts_data/data/dihedrals/raw_data/preLC3B_OPLS/SIM_2/psi/orderness_indicator.py:92: PerformanceWarning: DataFrame is highly fragmented.  This is usually the result of calling `frame.insert` many times, which has poor performance.  Consider joining all columns at once using pd.concat(axis=1) instead. To get a de-fragmented frame, use `newframe = frame.copy()`
  LC3B_ORDERNESS_states[cols]=ORDERNESS_S
/Volumes/Seagate Hub/LC3_conformations_scripts_data/data/dihedrals/raw_data/preLC3B_OPLS/SIM_2/psi/orderness_indicator.py:92: PerformanceWarning: DataFrame is highly fragmented.  This is usually the result of calling `frame.insert` many times, which has poor performance.  Consider joining all columns at once using pd.concat(axis=1) instead. To get a de-fragmented frame, use `newframe = frame.copy()`
  LC3B_ORDERNESS_states[cols]=ORDERNESS_S
/Volumes/Seagate Hub/LC3_conformations_scripts_data/data/dihedrals/raw_data/preLC3B_OPLS/SIM_2/psi/orderness_indicator.py:92: PerformanceWarning: DataFrame is highly fragmented.  This is usually the result of calling `frame.insert` many times, which has poor performance.  Consider joining all columns at once using pd.concat(axis=1) instead. To get a de-fragmented frame, use `newframe = frame.copy()`
  LC3B_ORDERNESS_states[cols]=ORDERNESS_S
/Volumes/Seagate Hub/LC3_conformations_scripts_data/data/dihedrals/raw_data/preLC3B_OPLS/SIM_2/psi/orderness_indicator.py:92: PerformanceWarning: DataFrame is highly fragmented.  This is usually the result of calling `frame.insert` many times, which has poor performance.  Consider joining all columns at once using pd.concat(axis=1) instead. To get a de-fragmented frame, use `newframe = frame.copy()`
  LC3B_ORDERNESS_states[cols]=ORDERNESS_S
/Volumes/Seagate Hub/LC3_conformations_scripts_data/data/dihedrals/raw_data/preLC3B_OPLS/SIM_2/psi/orderness_indicator.py:92: PerformanceWarning: DataFrame is highly fragmented.  This is usually the result of calling `frame.insert` many times, which has poor performance.  Consider joining all columns at once using pd.concat(axis=1) instead. To get a de-fragmented frame, use `newframe = frame.copy()`
  LC3B_ORDERNESS_states[cols]=ORDERNESS_S
/Volumes/Seagate Hub/LC3_conformations_scripts_data/data/dihedrals/raw_data/preLC3B_OPLS/SIM_2/psi/orderness_indicator.py:92: PerformanceWarning: DataFrame is highly fragmented.  This is usually the result of calling `frame.insert` many times, which has poor performance.  Consider joining all columns at once using pd.concat(axis=1) instead. To get a de-fragmented frame, use `newframe = frame.copy()`
  LC3B_ORDERNESS_states[cols]=ORDERNESS_S
/Volumes/Seagate Hub/LC3_conformations_scripts_data/data/dihedrals/raw_data/preLC3B_OPLS/SIM_2/psi/orderness_indicator.py:92: PerformanceWarning: DataFrame is highly fragmented.  This is usually the result of calling `frame.insert` many times, which has poor performance.  Consider joining all columns at once using pd.concat(axis=1) instead. To get a de-fragmented frame, use `newframe = frame.copy()`
  LC3B_ORDERNESS_states[cols]=ORDERNESS_S
/Volumes/Seagate Hub/LC3_conformations_scripts_data/data/dihedrals/raw_data/preLC3B_OPLS/SIM_2/psi/orderness_indicator.py:92: PerformanceWarning: DataFrame is highly fragmented.  This is usually the result of calling `frame.insert` many times, which has poor performance.  Consider joining all columns at once using pd.concat(axis=1) instead. To get a de-fragmented frame, use `newframe = frame.copy()`
  LC3B_ORDERNESS_states[cols]=ORDERNESS_S
/Volumes/Seagate Hub/LC3_conformations_scripts_data/data/dihedrals/raw_data/preLC3B_OPLS/SIM_2/psi/orderness_indicator.py:92: PerformanceWarning: DataFrame is highly fragmented.  This is usually the result of calling `frame.insert` many times, which has poor performance.  Consider joining all columns at once using pd.concat(axis=1) instead. To get a de-fragmented frame, use `newframe = frame.copy()`
  LC3B_ORDERNESS_states[cols]=ORDERNESS_S
/Volumes/Seagate Hub/LC3_conformations_scripts_data/data/dihedrals/raw_data/preLC3B_OPLS/SIM_2/psi/orderness_indicator.py:92: PerformanceWarning: DataFrame is highly fragmented.  This is usually the result of calling `frame.insert` many times, which has poor performance.  Consider joining all columns at once using pd.concat(axis=1) instead. To get a de-fragmented frame, use `newframe = frame.copy()`
  LC3B_ORDERNESS_states[cols]=ORDERNESS_S
/Volumes/Seagate Hub/LC3_conformations_scripts_data/data/dihedrals/raw_data/preLC3B_OPLS/SIM_2/psi/orderness_indicator.py:92: PerformanceWarning: DataFrame is highly fragmented.  This is usually the result of calling `frame.insert` many times, which has poor performance.  Consider joining all columns at once using pd.concat(axis=1) instead. To get a de-fragmented frame, use `newframe = frame.copy()`
  LC3B_ORDERNESS_states[cols]=ORDERNESS_S
/Volumes/Seagate Hub/LC3_conformations_scripts_data/data/dihedrals/raw_data/preLC3B_OPLS/SIM_2/psi/orderness_indicator.py:92: PerformanceWarning: DataFrame is highly fragmented.  This is usually the result of calling `frame.insert` many times, which has poor performance.  Consider joining all columns at once using pd.concat(axis=1) instead. To get a de-fragmented frame, use `newframe = frame.copy()`
  LC3B_ORDERNESS_states[cols]=ORDERNESS_S
/Volumes/Seagate Hub/LC3_conformations_scripts_data/data/dihedrals/raw_data/preLC3B_OPLS/SIM_2/psi/orderness_indicator.py:92: PerformanceWarning: DataFrame is highly fragmented.  This is usually the result of calling `frame.insert` many times, which has poor performance.  Consider joining all columns at once using pd.concat(axis=1) instead. To get a de-fragmented frame, use `newframe = frame.copy()`
  LC3B_ORDERNESS_states[cols]=ORDERNESS_S
/Users/jesucastin/anaconda3/lib/python3.11/site-packages/pandas/core/arrays/masked.py:60: UserWarning: Pandas requires version '1.3.6' or newer of 'bottleneck' (version '1.3.5' currently installed).
  from pandas.core import (
/Volumes/Seagate Hub/LC3_conformations_scripts_data/data/dihedrals/raw_data/preLC3B_OPLS/SIM_2/phi/orderness_indicator.py:29: PerformanceWarning: DataFrame is highly fragmented.  This is usually the result of calling `frame.insert` many times, which has poor performance.  Consider joining all columns at once using pd.concat(axis=1) instead. To get a de-fragmented frame, use `newframe = frame.copy()`
  LC3B_transition_states[cols]=transition_indicator_ls
/Volumes/Seagate Hub/LC3_conformations_scripts_data/data/dihedrals/raw_data/preLC3B_OPLS/SIM_2/phi/orderness_indicator.py:29: PerformanceWarning: DataFrame is highly fragmented.  This is usually the result of calling `frame.insert` many times, which has poor performance.  Consider joining all columns at once using pd.concat(axis=1) instead. To get a de-fragmented frame, use `newframe = frame.copy()`
  LC3B_transition_states[cols]=transition_indicator_ls
/Volumes/Seagate Hub/LC3_conformations_scripts_data/data/dihedrals/raw_data/preLC3B_OPLS/SIM_2/phi/orderness_indicator.py:29: PerformanceWarning: DataFrame is highly fragmented.  This is usually the result of calling `frame.insert` many times, which has poor performance.  Consider joining all columns at once using pd.concat(axis=1) instead. To get a de-fragmented frame, use `newframe = frame.copy()`
  LC3B_transition_states[cols]=transition_indicator_ls
/Volumes/Seagate Hub/LC3_conformations_scripts_data/data/dihedrals/raw_data/preLC3B_OPLS/SIM_2/phi/orderness_indicator.py:29: PerformanceWarning: DataFrame is highly fragmented.  This is usually the result of calling `frame.insert` many times, which has poor performance.  Consider joining all columns at once using pd.concat(axis=1) instead. To get a de-fragmented frame, use `newframe = frame.copy()`
  LC3B_transition_states[cols]=transition_indicator_ls
/Volumes/Seagate Hub/LC3_conformations_scripts_data/data/dihedrals/raw_data/preLC3B_OPLS/SIM_2/phi/orderness_indicator.py:29: PerformanceWarning: DataFrame is highly fragmented.  This is usually the result of calling `frame.insert` many times, which has poor performance.  Consider joining all columns at once using pd.concat(axis=1) instead. To get a de-fragmented frame, use `newframe = frame.copy()`
  LC3B_transition_states[cols]=transition_indicator_ls
/Volumes/Seagate Hub/LC3_conformations_scripts_data/data/dihedrals/raw_data/preLC3B_OPLS/SIM_2/phi/orderness_indicator.py:29: PerformanceWarning: DataFrame is highly fragmented.  This is usually the result of calling `frame.insert` many times, which has poor performance.  Consider joining all columns at once using pd.concat(axis=1) instead. To get a de-fragmented frame, use `newframe = frame.copy()`
  LC3B_transition_states[cols]=transition_indicator_ls
/Volumes/Seagate Hub/LC3_conformations_scripts_data/data/dihedrals/raw_data/preLC3B_OPLS/SIM_2/phi/orderness_indicator.py:29: PerformanceWarning: DataFrame is highly fragmented.  This is usually the result of calling `frame.insert` many times, which has poor performance.  Consider joining all columns at once using pd.concat(axis=1) instead. To get a de-fragmented frame, use `newframe = frame.copy()`
  LC3B_transition_states[cols]=transition_indicator_ls
/Volumes/Seagate Hub/LC3_conformations_scripts_data/data/dihedrals/raw_data/preLC3B_OPLS/SIM_2/phi/orderness_indicator.py:29: PerformanceWarning: DataFrame is highly fragmented.  This is usually the result of calling `frame.insert` many times, which has poor performance.  Consider joining all columns at once using pd.concat(axis=1) instead. To get a de-fragmented frame, use `newframe = frame.copy()`
  LC3B_transition_states[cols]=transition_indicator_ls
/Volumes/Seagate Hub/LC3_conformations_scripts_data/data/dihedrals/raw_data/preLC3B_OPLS/SIM_2/phi/orderness_indicator.py:29: PerformanceWarning: DataFrame is highly fragmented.  This is usually the result of calling `frame.insert` many times, which has poor performance.  Consider joining all columns at once using pd.concat(axis=1) instead. To get a de-fragmented frame, use `newframe = frame.copy()`
  LC3B_transition_states[cols]=transition_indicator_ls
/Volumes/Seagate Hub/LC3_conformations_scripts_data/data/dihedrals/raw_data/preLC3B_OPLS/SIM_2/phi/orderness_indicator.py:29: PerformanceWarning: DataFrame is highly fragmented.  This is usually the result of calling `frame.insert` many times, which has poor performance.  Consider joining all columns at once using pd.concat(axis=1) instead. To get a de-fragmented frame, use `newframe = frame.copy()`
  LC3B_transition_states[cols]=transition_indicator_ls
/Volumes/Seagate Hub/LC3_conformations_scripts_data/data/dihedrals/raw_data/preLC3B_OPLS/SIM_2/phi/orderness_indicator.py:29: PerformanceWarning: DataFrame is highly fragmented.  This is usually the result of calling `frame.insert` many times, which has poor performance.  Consider joining all columns at once using pd.concat(axis=1) instead. To get a de-fragmented frame, use `newframe = frame.copy()`
  LC3B_transition_states[cols]=transition_indicator_ls
/Volumes/Seagate Hub/LC3_conformations_scripts_data/data/dihedrals/raw_data/preLC3B_OPLS/SIM_2/phi/orderness_indicator.py:29: PerformanceWarning: DataFrame is highly fragmented.  This is usually the result of calling `frame.insert` many times, which has poor performance.  Consider joining all columns at once using pd.concat(axis=1) instead. To get a de-fragmented frame, use `newframe = frame.copy()`
  LC3B_transition_states[cols]=transition_indicator_ls
/Volumes/Seagate Hub/LC3_conformations_scripts_data/data/dihedrals/raw_data/preLC3B_OPLS/SIM_2/phi/orderness_indicator.py:29: PerformanceWarning: DataFrame is highly fragmented.  This is usually the result of calling `frame.insert` many times, which has poor performance.  Consider joining all columns at once using pd.concat(axis=1) instead. To get a de-fragmented frame, use `newframe = frame.copy()`
  LC3B_transition_states[cols]=transition_indicator_ls
/Volumes/Seagate Hub/LC3_conformations_scripts_data/data/dihedrals/raw_data/preLC3B_OPLS/SIM_2/phi/orderness_indicator.py:29: PerformanceWarning: DataFrame is highly fragmented.  This is usually the result of calling `frame.insert` many times, which has poor performance.  Consider joining all columns at once using pd.concat(axis=1) instead. To get a de-fragmented frame, use `newframe = frame.copy()`
  LC3B_transition_states[cols]=transition_indicator_ls
/Volumes/Seagate Hub/LC3_conformations_scripts_data/data/dihedrals/raw_data/preLC3B_OPLS/SIM_2/phi/orderness_indicator.py:29: PerformanceWarning: DataFrame is highly fragmented.  This is usually the result of calling `frame.insert` many times, which has poor performance.  Consider joining all columns at once using pd.concat(axis=1) instead. To get a de-fragmented frame, use `newframe = frame.copy()`
  LC3B_transition_states[cols]=transition_indicator_ls
/Volumes/Seagate Hub/LC3_conformations_scripts_data/data/dihedrals/raw_data/preLC3B_OPLS/SIM_2/phi/orderness_indicator.py:29: PerformanceWarning: DataFrame is highly fragmented.  This is usually the result of calling `frame.insert` many times, which has poor performance.  Consider joining all columns at once using pd.concat(axis=1) instead. To get a de-fragmented frame, use `newframe = frame.copy()`
  LC3B_transition_states[cols]=transition_indicator_ls
/Volumes/Seagate Hub/LC3_conformations_scripts_data/data/dihedrals/raw_data/preLC3B_OPLS/SIM_2/phi/orderness_indicator.py:29: PerformanceWarning: DataFrame is highly fragmented.  This is usually the result of calling `frame.insert` many times, which has poor performance.  Consider joining all columns at once using pd.concat(axis=1) instead. To get a de-fragmented frame, use `newframe = frame.copy()`
  LC3B_transition_states[cols]=transition_indicator_ls
/Volumes/Seagate Hub/LC3_conformations_scripts_data/data/dihedrals/raw_data/preLC3B_OPLS/SIM_2/phi/orderness_indicator.py:29: PerformanceWarning: DataFrame is highly fragmented.  This is usually the result of calling `frame.insert` many times, which has poor performance.  Consider joining all columns at once using pd.concat(axis=1) instead. To get a de-fragmented frame, use `newframe = frame.copy()`
  LC3B_transition_states[cols]=transition_indicator_ls
/Volumes/Seagate Hub/LC3_conformations_scripts_data/data/dihedrals/raw_data/preLC3B_OPLS/SIM_2/phi/orderness_indicator.py:29: PerformanceWarning: DataFrame is highly fragmented.  This is usually the result of calling `frame.insert` many times, which has poor performance.  Consider joining all columns at once using pd.concat(axis=1) instead. To get a de-fragmented frame, use `newframe = frame.copy()`
  LC3B_transition_states[cols]=transition_indicator_ls
/Volumes/Seagate Hub/LC3_conformations_scripts_data/data/dihedrals/raw_data/preLC3B_OPLS/SIM_2/phi/orderness_indicator.py:29: PerformanceWarning: DataFrame is highly fragmented.  This is usually the result of calling `frame.insert` many times, which has poor performance.  Consider joining all columns at once using pd.concat(axis=1) instead. To get a de-fragmented frame, use `newframe = frame.copy()`
  LC3B_transition_states[cols]=transition_indicator_ls
/Volumes/Seagate Hub/LC3_conformations_scripts_data/data/dihedrals/raw_data/preLC3B_OPLS/SIM_2/phi/orderness_indicator.py:29: PerformanceWarning: DataFrame is highly fragmented.  This is usually the result of calling `frame.insert` many times, which has poor performance.  Consider joining all columns at once using pd.concat(axis=1) instead. To get a de-fragmented frame, use `newframe = frame.copy()`
  LC3B_transition_states[cols]=transition_indicator_ls
/Volumes/Seagate Hub/LC3_conformations_scripts_data/data/dihedrals/raw_data/preLC3B_OPLS/SIM_2/phi/orderness_indicator.py:29: PerformanceWarning: DataFrame is highly fragmented.  This is usually the result of calling `frame.insert` many times, which has poor performance.  Consider joining all columns at once using pd.concat(axis=1) instead. To get a de-fragmented frame, use `newframe = frame.copy()`
  LC3B_transition_states[cols]=transition_indicator_ls
/Volumes/Seagate Hub/LC3_conformations_scripts_data/data/dihedrals/raw_data/preLC3B_OPLS/SIM_2/phi/orderness_indicator.py:29: PerformanceWarning: DataFrame is highly fragmented.  This is usually the result of calling `frame.insert` many times, which has poor performance.  Consider joining all columns at once using pd.concat(axis=1) instead. To get a de-fragmented frame, use `newframe = frame.copy()`
  LC3B_transition_states[cols]=transition_indicator_ls
/Volumes/Seagate Hub/LC3_conformations_scripts_data/data/dihedrals/raw_data/preLC3B_OPLS/SIM_2/phi/orderness_indicator.py:29: PerformanceWarning: DataFrame is highly fragmented.  This is usually the result of calling `frame.insert` many times, which has poor performance.  Consider joining all columns at once using pd.concat(axis=1) instead. To get a de-fragmented frame, use `newframe = frame.copy()`
  LC3B_transition_states[cols]=transition_indicator_ls
/Volumes/Seagate Hub/LC3_conformations_scripts_data/data/dihedrals/raw_data/preLC3B_OPLS/SIM_2/phi/orderness_indicator.py:29: PerformanceWarning: DataFrame is highly fragmented.  This is usually the result of calling `frame.insert` many times, which has poor performance.  Consider joining all columns at once using pd.concat(axis=1) instead. To get a de-fragmented frame, use `newframe = frame.copy()`
  LC3B_transition_states[cols]=transition_indicator_ls
/Volumes/Seagate Hub/LC3_conformations_scripts_data/data/dihedrals/raw_data/preLC3B_OPLS/SIM_2/phi/orderness_indicator.py:92: PerformanceWarning: DataFrame is highly fragmented.  This is usually the result of calling `frame.insert` many times, which has poor performance.  Consider joining all columns at once using pd.concat(axis=1) instead. To get a de-fragmented frame, use `newframe = frame.copy()`
  LC3B_ORDERNESS_states[cols]=ORDERNESS_S
/Volumes/Seagate Hub/LC3_conformations_scripts_data/data/dihedrals/raw_data/preLC3B_OPLS/SIM_2/phi/orderness_indicator.py:92: PerformanceWarning: DataFrame is highly fragmented.  This is usually the result of calling `frame.insert` many times, which has poor performance.  Consider joining all columns at once using pd.concat(axis=1) instead. To get a de-fragmented frame, use `newframe = frame.copy()`
  LC3B_ORDERNESS_states[cols]=ORDERNESS_S
/Volumes/Seagate Hub/LC3_conformations_scripts_data/data/dihedrals/raw_data/preLC3B_OPLS/SIM_2/phi/orderness_indicator.py:92: PerformanceWarning: DataFrame is highly fragmented.  This is usually the result of calling `frame.insert` many times, which has poor performance.  Consider joining all columns at once using pd.concat(axis=1) instead. To get a de-fragmented frame, use `newframe = frame.copy()`
  LC3B_ORDERNESS_states[cols]=ORDERNESS_S
/Volumes/Seagate Hub/LC3_conformations_scripts_data/data/dihedrals/raw_data/preLC3B_OPLS/SIM_2/phi/orderness_indicator.py:92: PerformanceWarning: DataFrame is highly fragmented.  This is usually the result of calling `frame.insert` many times, which has poor performance.  Consider joining all columns at once using pd.concat(axis=1) instead. To get a de-fragmented frame, use `newframe = frame.copy()`
  LC3B_ORDERNESS_states[cols]=ORDERNESS_S
/Volumes/Seagate Hub/LC3_conformations_scripts_data/data/dihedrals/raw_data/preLC3B_OPLS/SIM_2/phi/orderness_indicator.py:92: PerformanceWarning: DataFrame is highly fragmented.  This is usually the result of calling `frame.insert` many times, which has poor performance.  Consider joining all columns at once using pd.concat(axis=1) instead. To get a de-fragmented frame, use `newframe = frame.copy()`
  LC3B_ORDERNESS_states[cols]=ORDERNESS_S
/Volumes/Seagate Hub/LC3_conformations_scripts_data/data/dihedrals/raw_data/preLC3B_OPLS/SIM_2/phi/orderness_indicator.py:92: PerformanceWarning: DataFrame is highly fragmented.  This is usually the result of calling `frame.insert` many times, which has poor performance.  Consider joining all columns at once using pd.concat(axis=1) instead. To get a de-fragmented frame, use `newframe = frame.copy()`
  LC3B_ORDERNESS_states[cols]=ORDERNESS_S
/Volumes/Seagate Hub/LC3_conformations_scripts_data/data/dihedrals/raw_data/preLC3B_OPLS/SIM_2/phi/orderness_indicator.py:92: PerformanceWarning: DataFrame is highly fragmented.  This is usually the result of calling `frame.insert` many times, which has poor performance.  Consider joining all columns at once using pd.concat(axis=1) instead. To get a de-fragmented frame, use `newframe = frame.copy()`
  LC3B_ORDERNESS_states[cols]=ORDERNESS_S
/Volumes/Seagate Hub/LC3_conformations_scripts_data/data/dihedrals/raw_data/preLC3B_OPLS/SIM_2/phi/orderness_indicator.py:92: PerformanceWarning: DataFrame is highly fragmented.  This is usually the result of calling `frame.insert` many times, which has poor performance.  Consider joining all columns at once using pd.concat(axis=1) instead. To get a de-fragmented frame, use `newframe = frame.copy()`
  LC3B_ORDERNESS_states[cols]=ORDERNESS_S
/Volumes/Seagate Hub/LC3_conformations_scripts_data/data/dihedrals/raw_data/preLC3B_OPLS/SIM_2/phi/orderness_indicator.py:92: PerformanceWarning: DataFrame is highly fragmented.  This is usually the result of calling `frame.insert` many times, which has poor performance.  Consider joining all columns at once using pd.concat(axis=1) instead. To get a de-fragmented frame, use `newframe = frame.copy()`
  LC3B_ORDERNESS_states[cols]=ORDERNESS_S
/Volumes/Seagate Hub/LC3_conformations_scripts_data/data/dihedrals/raw_data/preLC3B_OPLS/SIM_2/phi/orderness_indicator.py:92: PerformanceWarning: DataFrame is highly fragmented.  This is usually the result of calling `frame.insert` many times, which has poor performance.  Consider joining all columns at once using pd.concat(axis=1) instead. To get a de-fragmented frame, use `newframe = frame.copy()`
  LC3B_ORDERNESS_states[cols]=ORDERNESS_S
/Volumes/Seagate Hub/LC3_conformations_scripts_data/data/dihedrals/raw_data/preLC3B_OPLS/SIM_2/phi/orderness_indicator.py:92: PerformanceWarning: DataFrame is highly fragmented.  This is usually the result of calling `frame.insert` many times, which has poor performance.  Consider joining all columns at once using pd.concat(axis=1) instead. To get a de-fragmented frame, use `newframe = frame.copy()`
  LC3B_ORDERNESS_states[cols]=ORDERNESS_S
/Volumes/Seagate Hub/LC3_conformations_scripts_data/data/dihedrals/raw_data/preLC3B_OPLS/SIM_2/phi/orderness_indicator.py:92: PerformanceWarning: DataFrame is highly fragmented.  This is usually the result of calling `frame.insert` many times, which has poor performance.  Consider joining all columns at once using pd.concat(axis=1) instead. To get a de-fragmented frame, use `newframe = frame.copy()`
  LC3B_ORDERNESS_states[cols]=ORDERNESS_S
/Volumes/Seagate Hub/LC3_conformations_scripts_data/data/dihedrals/raw_data/preLC3B_OPLS/SIM_2/phi/orderness_indicator.py:92: PerformanceWarning: DataFrame is highly fragmented.  This is usually the result of calling `frame.insert` many times, which has poor performance.  Consider joining all columns at once using pd.concat(axis=1) instead. To get a de-fragmented frame, use `newframe = frame.copy()`
  LC3B_ORDERNESS_states[cols]=ORDERNESS_S
/Volumes/Seagate Hub/LC3_conformations_scripts_data/data/dihedrals/raw_data/preLC3B_OPLS/SIM_2/phi/orderness_indicator.py:92: PerformanceWarning: DataFrame is highly fragmented.  This is usually the result of calling `frame.insert` many times, which has poor performance.  Consider joining all columns at once using pd.concat(axis=1) instead. To get a de-fragmented frame, use `newframe = frame.copy()`
  LC3B_ORDERNESS_states[cols]=ORDERNESS_S
/Volumes/Seagate Hub/LC3_conformations_scripts_data/data/dihedrals/raw_data/preLC3B_OPLS/SIM_2/phi/orderness_indicator.py:92: PerformanceWarning: DataFrame is highly fragmented.  This is usually the result of calling `frame.insert` many times, which has poor performance.  Consider joining all columns at once using pd.concat(axis=1) instead. To get a de-fragmented frame, use `newframe = frame.copy()`
  LC3B_ORDERNESS_states[cols]=ORDERNESS_S
/Volumes/Seagate Hub/LC3_conformations_scripts_data/data/dihedrals/raw_data/preLC3B_OPLS/SIM_2/phi/orderness_indicator.py:92: PerformanceWarning: DataFrame is highly fragmented.  This is usually the result of calling `frame.insert` many times, which has poor performance.  Consider joining all columns at once using pd.concat(axis=1) instead. To get a de-fragmented frame, use `newframe = frame.copy()`
  LC3B_ORDERNESS_states[cols]=ORDERNESS_S
/Volumes/Seagate Hub/LC3_conformations_scripts_data/data/dihedrals/raw_data/preLC3B_OPLS/SIM_2/phi/orderness_indicator.py:92: PerformanceWarning: DataFrame is highly fragmented.  This is usually the result of calling `frame.insert` many times, which has poor performance.  Consider joining all columns at once using pd.concat(axis=1) instead. To get a de-fragmented frame, use `newframe = frame.copy()`
  LC3B_ORDERNESS_states[cols]=ORDERNESS_S
/Volumes/Seagate Hub/LC3_conformations_scripts_data/data/dihedrals/raw_data/preLC3B_OPLS/SIM_2/phi/orderness_indicator.py:92: PerformanceWarning: DataFrame is highly fragmented.  This is usually the result of calling `frame.insert` many times, which has poor performance.  Consider joining all columns at once using pd.concat(axis=1) instead. To get a de-fragmented frame, use `newframe = frame.copy()`
  LC3B_ORDERNESS_states[cols]=ORDERNESS_S
/Volumes/Seagate Hub/LC3_conformations_scripts_data/data/dihedrals/raw_data/preLC3B_OPLS/SIM_2/phi/orderness_indicator.py:92: PerformanceWarning: DataFrame is highly fragmented.  This is usually the result of calling `frame.insert` many times, which has poor performance.  Consider joining all columns at once using pd.concat(axis=1) instead. To get a de-fragmented frame, use `newframe = frame.copy()`
  LC3B_ORDERNESS_states[cols]=ORDERNESS_S
/Volumes/Seagate Hub/LC3_conformations_scripts_data/data/dihedrals/raw_data/preLC3B_OPLS/SIM_2/phi/orderness_indicator.py:92: PerformanceWarning: DataFrame is highly fragmented.  This is usually the result of calling `frame.insert` many times, which has poor performance.  Consider joining all columns at once using pd.concat(axis=1) instead. To get a de-fragmented frame, use `newframe = frame.copy()`
  LC3B_ORDERNESS_states[cols]=ORDERNESS_S
/Volumes/Seagate Hub/LC3_conformations_scripts_data/data/dihedrals/raw_data/preLC3B_OPLS/SIM_2/phi/orderness_indicator.py:92: PerformanceWarning: DataFrame is highly fragmented.  This is usually the result of calling `frame.insert` many times, which has poor performance.  Consider joining all columns at once using pd.concat(axis=1) instead. To get a de-fragmented frame, use `newframe = frame.copy()`
  LC3B_ORDERNESS_states[cols]=ORDERNESS_S
/Volumes/Seagate Hub/LC3_conformations_scripts_data/data/dihedrals/raw_data/preLC3B_OPLS/SIM_2/phi/orderness_indicator.py:92: PerformanceWarning: DataFrame is highly fragmented.  This is usually the result of calling `frame.insert` many times, which has poor performance.  Consider joining all columns at once using pd.concat(axis=1) instead. To get a de-fragmented frame, use `newframe = frame.copy()`
  LC3B_ORDERNESS_states[cols]=ORDERNESS_S
/Volumes/Seagate Hub/LC3_conformations_scripts_data/data/dihedrals/raw_data/preLC3B_OPLS/SIM_2/phi/orderness_indicator.py:92: PerformanceWarning: DataFrame is highly fragmented.  This is usually the result of calling `frame.insert` many times, which has poor performance.  Consider joining all columns at once using pd.concat(axis=1) instead. To get a de-fragmented frame, use `newframe = frame.copy()`
  LC3B_ORDERNESS_states[cols]=ORDERNESS_S
/Volumes/Seagate Hub/LC3_conformations_scripts_data/data/dihedrals/raw_data/preLC3B_OPLS/SIM_2/phi/orderness_indicator.py:92: PerformanceWarning: DataFrame is highly fragmented.  This is usually the result of calling `frame.insert` many times, which has poor performance.  Consider joining all columns at once using pd.concat(axis=1) instead. To get a de-fragmented frame, use `newframe = frame.copy()`
  LC3B_ORDERNESS_states[cols]=ORDERNESS_S
/Volumes/Seagate Hub/LC3_conformations_scripts_data/data/dihedrals/raw_data/preLC3B_OPLS/SIM_2/phi/orderness_indicator.py:92: PerformanceWarning: DataFrame is highly fragmented.  This is usually the result of calling `frame.insert` many times, which has poor performance.  Consider joining all columns at once using pd.concat(axis=1) instead. To get a de-fragmented frame, use `newframe = frame.copy()`
  LC3B_ORDERNESS_states[cols]=ORDERNESS_S
I am done with preLC3B_OPLS
/Users/jesucastin/anaconda3/lib/python3.11/site-packages/pandas/core/arrays/masked.py:60: UserWarning: Pandas requires version '1.3.6' or newer of 'bottleneck' (version '1.3.5' currently installed).
  from pandas.core import (
/Volumes/Seagate Hub/LC3_conformations_scripts_data/data/dihedrals/raw_data/preLC3B_OPLS/SIM_3/chi1/orderness_indicator.py:29: PerformanceWarning: DataFrame is highly fragmented.  This is usually the result of calling `frame.insert` many times, which has poor performance.  Consider joining all columns at once using pd.concat(axis=1) instead. To get a de-fragmented frame, use `newframe = frame.copy()`
  LC3B_transition_states[cols]=transition_indicator_ls
/Volumes/Seagate Hub/LC3_conformations_scripts_data/data/dihedrals/raw_data/preLC3B_OPLS/SIM_3/chi1/orderness_indicator.py:29: PerformanceWarning: DataFrame is highly fragmented.  This is usually the result of calling `frame.insert` many times, which has poor performance.  Consider joining all columns at once using pd.concat(axis=1) instead. To get a de-fragmented frame, use `newframe = frame.copy()`
  LC3B_transition_states[cols]=transition_indicator_ls
/Volumes/Seagate Hub/LC3_conformations_scripts_data/data/dihedrals/raw_data/preLC3B_OPLS/SIM_3/chi1/orderness_indicator.py:29: PerformanceWarning: DataFrame is highly fragmented.  This is usually the result of calling `frame.insert` many times, which has poor performance.  Consider joining all columns at once using pd.concat(axis=1) instead. To get a de-fragmented frame, use `newframe = frame.copy()`
  LC3B_transition_states[cols]=transition_indicator_ls
/Volumes/Seagate Hub/LC3_conformations_scripts_data/data/dihedrals/raw_data/preLC3B_OPLS/SIM_3/chi1/orderness_indicator.py:29: PerformanceWarning: DataFrame is highly fragmented.  This is usually the result of calling `frame.insert` many times, which has poor performance.  Consider joining all columns at once using pd.concat(axis=1) instead. To get a de-fragmented frame, use `newframe = frame.copy()`
  LC3B_transition_states[cols]=transition_indicator_ls
/Volumes/Seagate Hub/LC3_conformations_scripts_data/data/dihedrals/raw_data/preLC3B_OPLS/SIM_3/chi1/orderness_indicator.py:29: PerformanceWarning: DataFrame is highly fragmented.  This is usually the result of calling `frame.insert` many times, which has poor performance.  Consider joining all columns at once using pd.concat(axis=1) instead. To get a de-fragmented frame, use `newframe = frame.copy()`
  LC3B_transition_states[cols]=transition_indicator_ls
/Volumes/Seagate Hub/LC3_conformations_scripts_data/data/dihedrals/raw_data/preLC3B_OPLS/SIM_3/chi1/orderness_indicator.py:29: PerformanceWarning: DataFrame is highly fragmented.  This is usually the result of calling `frame.insert` many times, which has poor performance.  Consider joining all columns at once using pd.concat(axis=1) instead. To get a de-fragmented frame, use `newframe = frame.copy()`
  LC3B_transition_states[cols]=transition_indicator_ls
/Volumes/Seagate Hub/LC3_conformations_scripts_data/data/dihedrals/raw_data/preLC3B_OPLS/SIM_3/chi1/orderness_indicator.py:29: PerformanceWarning: DataFrame is highly fragmented.  This is usually the result of calling `frame.insert` many times, which has poor performance.  Consider joining all columns at once using pd.concat(axis=1) instead. To get a de-fragmented frame, use `newframe = frame.copy()`
  LC3B_transition_states[cols]=transition_indicator_ls
/Volumes/Seagate Hub/LC3_conformations_scripts_data/data/dihedrals/raw_data/preLC3B_OPLS/SIM_3/chi1/orderness_indicator.py:29: PerformanceWarning: DataFrame is highly fragmented.  This is usually the result of calling `frame.insert` many times, which has poor performance.  Consider joining all columns at once using pd.concat(axis=1) instead. To get a de-fragmented frame, use `newframe = frame.copy()`
  LC3B_transition_states[cols]=transition_indicator_ls
/Volumes/Seagate Hub/LC3_conformations_scripts_data/data/dihedrals/raw_data/preLC3B_OPLS/SIM_3/chi1/orderness_indicator.py:29: PerformanceWarning: DataFrame is highly fragmented.  This is usually the result of calling `frame.insert` many times, which has poor performance.  Consider joining all columns at once using pd.concat(axis=1) instead. To get a de-fragmented frame, use `newframe = frame.copy()`
  LC3B_transition_states[cols]=transition_indicator_ls
/Volumes/Seagate Hub/LC3_conformations_scripts_data/data/dihedrals/raw_data/preLC3B_OPLS/SIM_3/chi1/orderness_indicator.py:29: PerformanceWarning: DataFrame is highly fragmented.  This is usually the result of calling `frame.insert` many times, which has poor performance.  Consider joining all columns at once using pd.concat(axis=1) instead. To get a de-fragmented frame, use `newframe = frame.copy()`
  LC3B_transition_states[cols]=transition_indicator_ls
/Volumes/Seagate Hub/LC3_conformations_scripts_data/data/dihedrals/raw_data/preLC3B_OPLS/SIM_3/chi1/orderness_indicator.py:29: PerformanceWarning: DataFrame is highly fragmented.  This is usually the result of calling `frame.insert` many times, which has poor performance.  Consider joining all columns at once using pd.concat(axis=1) instead. To get a de-fragmented frame, use `newframe = frame.copy()`
  LC3B_transition_states[cols]=transition_indicator_ls
/Volumes/Seagate Hub/LC3_conformations_scripts_data/data/dihedrals/raw_data/preLC3B_OPLS/SIM_3/chi1/orderness_indicator.py:29: PerformanceWarning: DataFrame is highly fragmented.  This is usually the result of calling `frame.insert` many times, which has poor performance.  Consider joining all columns at once using pd.concat(axis=1) instead. To get a de-fragmented frame, use `newframe = frame.copy()`
  LC3B_transition_states[cols]=transition_indicator_ls
/Volumes/Seagate Hub/LC3_conformations_scripts_data/data/dihedrals/raw_data/preLC3B_OPLS/SIM_3/chi1/orderness_indicator.py:29: PerformanceWarning: DataFrame is highly fragmented.  This is usually the result of calling `frame.insert` many times, which has poor performance.  Consider joining all columns at once using pd.concat(axis=1) instead. To get a de-fragmented frame, use `newframe = frame.copy()`
  LC3B_transition_states[cols]=transition_indicator_ls
/Volumes/Seagate Hub/LC3_conformations_scripts_data/data/dihedrals/raw_data/preLC3B_OPLS/SIM_3/chi1/orderness_indicator.py:29: PerformanceWarning: DataFrame is highly fragmented.  This is usually the result of calling `frame.insert` many times, which has poor performance.  Consider joining all columns at once using pd.concat(axis=1) instead. To get a de-fragmented frame, use `newframe = frame.copy()`
  LC3B_transition_states[cols]=transition_indicator_ls
/Volumes/Seagate Hub/LC3_conformations_scripts_data/data/dihedrals/raw_data/preLC3B_OPLS/SIM_3/chi1/orderness_indicator.py:29: PerformanceWarning: DataFrame is highly fragmented.  This is usually the result of calling `frame.insert` many times, which has poor performance.  Consider joining all columns at once using pd.concat(axis=1) instead. To get a de-fragmented frame, use `newframe = frame.copy()`
  LC3B_transition_states[cols]=transition_indicator_ls
/Volumes/Seagate Hub/LC3_conformations_scripts_data/data/dihedrals/raw_data/preLC3B_OPLS/SIM_3/chi1/orderness_indicator.py:29: PerformanceWarning: DataFrame is highly fragmented.  This is usually the result of calling `frame.insert` many times, which has poor performance.  Consider joining all columns at once using pd.concat(axis=1) instead. To get a de-fragmented frame, use `newframe = frame.copy()`
  LC3B_transition_states[cols]=transition_indicator_ls
/Volumes/Seagate Hub/LC3_conformations_scripts_data/data/dihedrals/raw_data/preLC3B_OPLS/SIM_3/chi1/orderness_indicator.py:29: PerformanceWarning: DataFrame is highly fragmented.  This is usually the result of calling `frame.insert` many times, which has poor performance.  Consider joining all columns at once using pd.concat(axis=1) instead. To get a de-fragmented frame, use `newframe = frame.copy()`
  LC3B_transition_states[cols]=transition_indicator_ls
/Volumes/Seagate Hub/LC3_conformations_scripts_data/data/dihedrals/raw_data/preLC3B_OPLS/SIM_3/chi1/orderness_indicator.py:29: PerformanceWarning: DataFrame is highly fragmented.  This is usually the result of calling `frame.insert` many times, which has poor performance.  Consider joining all columns at once using pd.concat(axis=1) instead. To get a de-fragmented frame, use `newframe = frame.copy()`
  LC3B_transition_states[cols]=transition_indicator_ls
/Volumes/Seagate Hub/LC3_conformations_scripts_data/data/dihedrals/raw_data/preLC3B_OPLS/SIM_3/chi1/orderness_indicator.py:92: PerformanceWarning: DataFrame is highly fragmented.  This is usually the result of calling `frame.insert` many times, which has poor performance.  Consider joining all columns at once using pd.concat(axis=1) instead. To get a de-fragmented frame, use `newframe = frame.copy()`
  LC3B_ORDERNESS_states[cols]=ORDERNESS_S
/Volumes/Seagate Hub/LC3_conformations_scripts_data/data/dihedrals/raw_data/preLC3B_OPLS/SIM_3/chi1/orderness_indicator.py:92: PerformanceWarning: DataFrame is highly fragmented.  This is usually the result of calling `frame.insert` many times, which has poor performance.  Consider joining all columns at once using pd.concat(axis=1) instead. To get a de-fragmented frame, use `newframe = frame.copy()`
  LC3B_ORDERNESS_states[cols]=ORDERNESS_S
/Volumes/Seagate Hub/LC3_conformations_scripts_data/data/dihedrals/raw_data/preLC3B_OPLS/SIM_3/chi1/orderness_indicator.py:92: PerformanceWarning: DataFrame is highly fragmented.  This is usually the result of calling `frame.insert` many times, which has poor performance.  Consider joining all columns at once using pd.concat(axis=1) instead. To get a de-fragmented frame, use `newframe = frame.copy()`
  LC3B_ORDERNESS_states[cols]=ORDERNESS_S
/Volumes/Seagate Hub/LC3_conformations_scripts_data/data/dihedrals/raw_data/preLC3B_OPLS/SIM_3/chi1/orderness_indicator.py:92: PerformanceWarning: DataFrame is highly fragmented.  This is usually the result of calling `frame.insert` many times, which has poor performance.  Consider joining all columns at once using pd.concat(axis=1) instead. To get a de-fragmented frame, use `newframe = frame.copy()`
  LC3B_ORDERNESS_states[cols]=ORDERNESS_S
/Volumes/Seagate Hub/LC3_conformations_scripts_data/data/dihedrals/raw_data/preLC3B_OPLS/SIM_3/chi1/orderness_indicator.py:92: PerformanceWarning: DataFrame is highly fragmented.  This is usually the result of calling `frame.insert` many times, which has poor performance.  Consider joining all columns at once using pd.concat(axis=1) instead. To get a de-fragmented frame, use `newframe = frame.copy()`
  LC3B_ORDERNESS_states[cols]=ORDERNESS_S
/Volumes/Seagate Hub/LC3_conformations_scripts_data/data/dihedrals/raw_data/preLC3B_OPLS/SIM_3/chi1/orderness_indicator.py:92: PerformanceWarning: DataFrame is highly fragmented.  This is usually the result of calling `frame.insert` many times, which has poor performance.  Consider joining all columns at once using pd.concat(axis=1) instead. To get a de-fragmented frame, use `newframe = frame.copy()`
  LC3B_ORDERNESS_states[cols]=ORDERNESS_S
/Volumes/Seagate Hub/LC3_conformations_scripts_data/data/dihedrals/raw_data/preLC3B_OPLS/SIM_3/chi1/orderness_indicator.py:92: PerformanceWarning: DataFrame is highly fragmented.  This is usually the result of calling `frame.insert` many times, which has poor performance.  Consider joining all columns at once using pd.concat(axis=1) instead. To get a de-fragmented frame, use `newframe = frame.copy()`
  LC3B_ORDERNESS_states[cols]=ORDERNESS_S
/Volumes/Seagate Hub/LC3_conformations_scripts_data/data/dihedrals/raw_data/preLC3B_OPLS/SIM_3/chi1/orderness_indicator.py:92: PerformanceWarning: DataFrame is highly fragmented.  This is usually the result of calling `frame.insert` many times, which has poor performance.  Consider joining all columns at once using pd.concat(axis=1) instead. To get a de-fragmented frame, use `newframe = frame.copy()`
  LC3B_ORDERNESS_states[cols]=ORDERNESS_S
/Volumes/Seagate Hub/LC3_conformations_scripts_data/data/dihedrals/raw_data/preLC3B_OPLS/SIM_3/chi1/orderness_indicator.py:92: PerformanceWarning: DataFrame is highly fragmented.  This is usually the result of calling `frame.insert` many times, which has poor performance.  Consider joining all columns at once using pd.concat(axis=1) instead. To get a de-fragmented frame, use `newframe = frame.copy()`
  LC3B_ORDERNESS_states[cols]=ORDERNESS_S
/Volumes/Seagate Hub/LC3_conformations_scripts_data/data/dihedrals/raw_data/preLC3B_OPLS/SIM_3/chi1/orderness_indicator.py:92: PerformanceWarning: DataFrame is highly fragmented.  This is usually the result of calling `frame.insert` many times, which has poor performance.  Consider joining all columns at once using pd.concat(axis=1) instead. To get a de-fragmented frame, use `newframe = frame.copy()`
  LC3B_ORDERNESS_states[cols]=ORDERNESS_S
/Volumes/Seagate Hub/LC3_conformations_scripts_data/data/dihedrals/raw_data/preLC3B_OPLS/SIM_3/chi1/orderness_indicator.py:92: PerformanceWarning: DataFrame is highly fragmented.  This is usually the result of calling `frame.insert` many times, which has poor performance.  Consider joining all columns at once using pd.concat(axis=1) instead. To get a de-fragmented frame, use `newframe = frame.copy()`
  LC3B_ORDERNESS_states[cols]=ORDERNESS_S
/Volumes/Seagate Hub/LC3_conformations_scripts_data/data/dihedrals/raw_data/preLC3B_OPLS/SIM_3/chi1/orderness_indicator.py:92: PerformanceWarning: DataFrame is highly fragmented.  This is usually the result of calling `frame.insert` many times, which has poor performance.  Consider joining all columns at once using pd.concat(axis=1) instead. To get a de-fragmented frame, use `newframe = frame.copy()`
  LC3B_ORDERNESS_states[cols]=ORDERNESS_S
/Volumes/Seagate Hub/LC3_conformations_scripts_data/data/dihedrals/raw_data/preLC3B_OPLS/SIM_3/chi1/orderness_indicator.py:92: PerformanceWarning: DataFrame is highly fragmented.  This is usually the result of calling `frame.insert` many times, which has poor performance.  Consider joining all columns at once using pd.concat(axis=1) instead. To get a de-fragmented frame, use `newframe = frame.copy()`
  LC3B_ORDERNESS_states[cols]=ORDERNESS_S
/Volumes/Seagate Hub/LC3_conformations_scripts_data/data/dihedrals/raw_data/preLC3B_OPLS/SIM_3/chi1/orderness_indicator.py:92: PerformanceWarning: DataFrame is highly fragmented.  This is usually the result of calling `frame.insert` many times, which has poor performance.  Consider joining all columns at once using pd.concat(axis=1) instead. To get a de-fragmented frame, use `newframe = frame.copy()`
  LC3B_ORDERNESS_states[cols]=ORDERNESS_S
/Volumes/Seagate Hub/LC3_conformations_scripts_data/data/dihedrals/raw_data/preLC3B_OPLS/SIM_3/chi1/orderness_indicator.py:92: PerformanceWarning: DataFrame is highly fragmented.  This is usually the result of calling `frame.insert` many times, which has poor performance.  Consider joining all columns at once using pd.concat(axis=1) instead. To get a de-fragmented frame, use `newframe = frame.copy()`
  LC3B_ORDERNESS_states[cols]=ORDERNESS_S
/Volumes/Seagate Hub/LC3_conformations_scripts_data/data/dihedrals/raw_data/preLC3B_OPLS/SIM_3/chi1/orderness_indicator.py:92: PerformanceWarning: DataFrame is highly fragmented.  This is usually the result of calling `frame.insert` many times, which has poor performance.  Consider joining all columns at once using pd.concat(axis=1) instead. To get a de-fragmented frame, use `newframe = frame.copy()`
  LC3B_ORDERNESS_states[cols]=ORDERNESS_S
/Volumes/Seagate Hub/LC3_conformations_scripts_data/data/dihedrals/raw_data/preLC3B_OPLS/SIM_3/chi1/orderness_indicator.py:92: PerformanceWarning: DataFrame is highly fragmented.  This is usually the result of calling `frame.insert` many times, which has poor performance.  Consider joining all columns at once using pd.concat(axis=1) instead. To get a de-fragmented frame, use `newframe = frame.copy()`
  LC3B_ORDERNESS_states[cols]=ORDERNESS_S
/Volumes/Seagate Hub/LC3_conformations_scripts_data/data/dihedrals/raw_data/preLC3B_OPLS/SIM_3/chi1/orderness_indicator.py:92: PerformanceWarning: DataFrame is highly fragmented.  This is usually the result of calling `frame.insert` many times, which has poor performance.  Consider joining all columns at once using pd.concat(axis=1) instead. To get a de-fragmented frame, use `newframe = frame.copy()`
  LC3B_ORDERNESS_states[cols]=ORDERNESS_S
/Users/jesucastin/anaconda3/lib/python3.11/site-packages/pandas/core/arrays/masked.py:60: UserWarning: Pandas requires version '1.3.6' or newer of 'bottleneck' (version '1.3.5' currently installed).
  from pandas.core import (
/Users/jesucastin/anaconda3/lib/python3.11/site-packages/pandas/core/arrays/masked.py:60: UserWarning: Pandas requires version '1.3.6' or newer of 'bottleneck' (version '1.3.5' currently installed).
  from pandas.core import (
/Users/jesucastin/anaconda3/lib/python3.11/site-packages/pandas/core/arrays/masked.py:60: UserWarning: Pandas requires version '1.3.6' or newer of 'bottleneck' (version '1.3.5' currently installed).
  from pandas.core import (
/Users/jesucastin/anaconda3/lib/python3.11/site-packages/pandas/core/arrays/masked.py:60: UserWarning: Pandas requires version '1.3.6' or newer of 'bottleneck' (version '1.3.5' currently installed).
  from pandas.core import (
/Volumes/Seagate Hub/LC3_conformations_scripts_data/data/dihedrals/raw_data/preLC3B_OPLS/SIM_3/psi/orderness_indicator.py:29: PerformanceWarning: DataFrame is highly fragmented.  This is usually the result of calling `frame.insert` many times, which has poor performance.  Consider joining all columns at once using pd.concat(axis=1) instead. To get a de-fragmented frame, use `newframe = frame.copy()`
  LC3B_transition_states[cols]=transition_indicator_ls
/Volumes/Seagate Hub/LC3_conformations_scripts_data/data/dihedrals/raw_data/preLC3B_OPLS/SIM_3/psi/orderness_indicator.py:29: PerformanceWarning: DataFrame is highly fragmented.  This is usually the result of calling `frame.insert` many times, which has poor performance.  Consider joining all columns at once using pd.concat(axis=1) instead. To get a de-fragmented frame, use `newframe = frame.copy()`
  LC3B_transition_states[cols]=transition_indicator_ls
/Volumes/Seagate Hub/LC3_conformations_scripts_data/data/dihedrals/raw_data/preLC3B_OPLS/SIM_3/psi/orderness_indicator.py:29: PerformanceWarning: DataFrame is highly fragmented.  This is usually the result of calling `frame.insert` many times, which has poor performance.  Consider joining all columns at once using pd.concat(axis=1) instead. To get a de-fragmented frame, use `newframe = frame.copy()`
  LC3B_transition_states[cols]=transition_indicator_ls
/Volumes/Seagate Hub/LC3_conformations_scripts_data/data/dihedrals/raw_data/preLC3B_OPLS/SIM_3/psi/orderness_indicator.py:29: PerformanceWarning: DataFrame is highly fragmented.  This is usually the result of calling `frame.insert` many times, which has poor performance.  Consider joining all columns at once using pd.concat(axis=1) instead. To get a de-fragmented frame, use `newframe = frame.copy()`
  LC3B_transition_states[cols]=transition_indicator_ls
/Volumes/Seagate Hub/LC3_conformations_scripts_data/data/dihedrals/raw_data/preLC3B_OPLS/SIM_3/psi/orderness_indicator.py:29: PerformanceWarning: DataFrame is highly fragmented.  This is usually the result of calling `frame.insert` many times, which has poor performance.  Consider joining all columns at once using pd.concat(axis=1) instead. To get a de-fragmented frame, use `newframe = frame.copy()`
  LC3B_transition_states[cols]=transition_indicator_ls
/Volumes/Seagate Hub/LC3_conformations_scripts_data/data/dihedrals/raw_data/preLC3B_OPLS/SIM_3/psi/orderness_indicator.py:29: PerformanceWarning: DataFrame is highly fragmented.  This is usually the result of calling `frame.insert` many times, which has poor performance.  Consider joining all columns at once using pd.concat(axis=1) instead. To get a de-fragmented frame, use `newframe = frame.copy()`
  LC3B_transition_states[cols]=transition_indicator_ls
/Volumes/Seagate Hub/LC3_conformations_scripts_data/data/dihedrals/raw_data/preLC3B_OPLS/SIM_3/psi/orderness_indicator.py:29: PerformanceWarning: DataFrame is highly fragmented.  This is usually the result of calling `frame.insert` many times, which has poor performance.  Consider joining all columns at once using pd.concat(axis=1) instead. To get a de-fragmented frame, use `newframe = frame.copy()`
  LC3B_transition_states[cols]=transition_indicator_ls
/Volumes/Seagate Hub/LC3_conformations_scripts_data/data/dihedrals/raw_data/preLC3B_OPLS/SIM_3/psi/orderness_indicator.py:29: PerformanceWarning: DataFrame is highly fragmented.  This is usually the result of calling `frame.insert` many times, which has poor performance.  Consider joining all columns at once using pd.concat(axis=1) instead. To get a de-fragmented frame, use `newframe = frame.copy()`
  LC3B_transition_states[cols]=transition_indicator_ls
/Volumes/Seagate Hub/LC3_conformations_scripts_data/data/dihedrals/raw_data/preLC3B_OPLS/SIM_3/psi/orderness_indicator.py:29: PerformanceWarning: DataFrame is highly fragmented.  This is usually the result of calling `frame.insert` many times, which has poor performance.  Consider joining all columns at once using pd.concat(axis=1) instead. To get a de-fragmented frame, use `newframe = frame.copy()`
  LC3B_transition_states[cols]=transition_indicator_ls
/Volumes/Seagate Hub/LC3_conformations_scripts_data/data/dihedrals/raw_data/preLC3B_OPLS/SIM_3/psi/orderness_indicator.py:29: PerformanceWarning: DataFrame is highly fragmented.  This is usually the result of calling `frame.insert` many times, which has poor performance.  Consider joining all columns at once using pd.concat(axis=1) instead. To get a de-fragmented frame, use `newframe = frame.copy()`
  LC3B_transition_states[cols]=transition_indicator_ls
/Volumes/Seagate Hub/LC3_conformations_scripts_data/data/dihedrals/raw_data/preLC3B_OPLS/SIM_3/psi/orderness_indicator.py:29: PerformanceWarning: DataFrame is highly fragmented.  This is usually the result of calling `frame.insert` many times, which has poor performance.  Consider joining all columns at once using pd.concat(axis=1) instead. To get a de-fragmented frame, use `newframe = frame.copy()`
  LC3B_transition_states[cols]=transition_indicator_ls
/Volumes/Seagate Hub/LC3_conformations_scripts_data/data/dihedrals/raw_data/preLC3B_OPLS/SIM_3/psi/orderness_indicator.py:29: PerformanceWarning: DataFrame is highly fragmented.  This is usually the result of calling `frame.insert` many times, which has poor performance.  Consider joining all columns at once using pd.concat(axis=1) instead. To get a de-fragmented frame, use `newframe = frame.copy()`
  LC3B_transition_states[cols]=transition_indicator_ls
/Volumes/Seagate Hub/LC3_conformations_scripts_data/data/dihedrals/raw_data/preLC3B_OPLS/SIM_3/psi/orderness_indicator.py:29: PerformanceWarning: DataFrame is highly fragmented.  This is usually the result of calling `frame.insert` many times, which has poor performance.  Consider joining all columns at once using pd.concat(axis=1) instead. To get a de-fragmented frame, use `newframe = frame.copy()`
  LC3B_transition_states[cols]=transition_indicator_ls
/Volumes/Seagate Hub/LC3_conformations_scripts_data/data/dihedrals/raw_data/preLC3B_OPLS/SIM_3/psi/orderness_indicator.py:29: PerformanceWarning: DataFrame is highly fragmented.  This is usually the result of calling `frame.insert` many times, which has poor performance.  Consider joining all columns at once using pd.concat(axis=1) instead. To get a de-fragmented frame, use `newframe = frame.copy()`
  LC3B_transition_states[cols]=transition_indicator_ls
/Volumes/Seagate Hub/LC3_conformations_scripts_data/data/dihedrals/raw_data/preLC3B_OPLS/SIM_3/psi/orderness_indicator.py:29: PerformanceWarning: DataFrame is highly fragmented.  This is usually the result of calling `frame.insert` many times, which has poor performance.  Consider joining all columns at once using pd.concat(axis=1) instead. To get a de-fragmented frame, use `newframe = frame.copy()`
  LC3B_transition_states[cols]=transition_indicator_ls
/Volumes/Seagate Hub/LC3_conformations_scripts_data/data/dihedrals/raw_data/preLC3B_OPLS/SIM_3/psi/orderness_indicator.py:29: PerformanceWarning: DataFrame is highly fragmented.  This is usually the result of calling `frame.insert` many times, which has poor performance.  Consider joining all columns at once using pd.concat(axis=1) instead. To get a de-fragmented frame, use `newframe = frame.copy()`
  LC3B_transition_states[cols]=transition_indicator_ls
/Volumes/Seagate Hub/LC3_conformations_scripts_data/data/dihedrals/raw_data/preLC3B_OPLS/SIM_3/psi/orderness_indicator.py:29: PerformanceWarning: DataFrame is highly fragmented.  This is usually the result of calling `frame.insert` many times, which has poor performance.  Consider joining all columns at once using pd.concat(axis=1) instead. To get a de-fragmented frame, use `newframe = frame.copy()`
  LC3B_transition_states[cols]=transition_indicator_ls
/Volumes/Seagate Hub/LC3_conformations_scripts_data/data/dihedrals/raw_data/preLC3B_OPLS/SIM_3/psi/orderness_indicator.py:29: PerformanceWarning: DataFrame is highly fragmented.  This is usually the result of calling `frame.insert` many times, which has poor performance.  Consider joining all columns at once using pd.concat(axis=1) instead. To get a de-fragmented frame, use `newframe = frame.copy()`
  LC3B_transition_states[cols]=transition_indicator_ls
/Volumes/Seagate Hub/LC3_conformations_scripts_data/data/dihedrals/raw_data/preLC3B_OPLS/SIM_3/psi/orderness_indicator.py:29: PerformanceWarning: DataFrame is highly fragmented.  This is usually the result of calling `frame.insert` many times, which has poor performance.  Consider joining all columns at once using pd.concat(axis=1) instead. To get a de-fragmented frame, use `newframe = frame.copy()`
  LC3B_transition_states[cols]=transition_indicator_ls
/Volumes/Seagate Hub/LC3_conformations_scripts_data/data/dihedrals/raw_data/preLC3B_OPLS/SIM_3/psi/orderness_indicator.py:29: PerformanceWarning: DataFrame is highly fragmented.  This is usually the result of calling `frame.insert` many times, which has poor performance.  Consider joining all columns at once using pd.concat(axis=1) instead. To get a de-fragmented frame, use `newframe = frame.copy()`
  LC3B_transition_states[cols]=transition_indicator_ls
/Volumes/Seagate Hub/LC3_conformations_scripts_data/data/dihedrals/raw_data/preLC3B_OPLS/SIM_3/psi/orderness_indicator.py:29: PerformanceWarning: DataFrame is highly fragmented.  This is usually the result of calling `frame.insert` many times, which has poor performance.  Consider joining all columns at once using pd.concat(axis=1) instead. To get a de-fragmented frame, use `newframe = frame.copy()`
  LC3B_transition_states[cols]=transition_indicator_ls
/Volumes/Seagate Hub/LC3_conformations_scripts_data/data/dihedrals/raw_data/preLC3B_OPLS/SIM_3/psi/orderness_indicator.py:29: PerformanceWarning: DataFrame is highly fragmented.  This is usually the result of calling `frame.insert` many times, which has poor performance.  Consider joining all columns at once using pd.concat(axis=1) instead. To get a de-fragmented frame, use `newframe = frame.copy()`
  LC3B_transition_states[cols]=transition_indicator_ls
/Volumes/Seagate Hub/LC3_conformations_scripts_data/data/dihedrals/raw_data/preLC3B_OPLS/SIM_3/psi/orderness_indicator.py:29: PerformanceWarning: DataFrame is highly fragmented.  This is usually the result of calling `frame.insert` many times, which has poor performance.  Consider joining all columns at once using pd.concat(axis=1) instead. To get a de-fragmented frame, use `newframe = frame.copy()`
  LC3B_transition_states[cols]=transition_indicator_ls
/Volumes/Seagate Hub/LC3_conformations_scripts_data/data/dihedrals/raw_data/preLC3B_OPLS/SIM_3/psi/orderness_indicator.py:29: PerformanceWarning: DataFrame is highly fragmented.  This is usually the result of calling `frame.insert` many times, which has poor performance.  Consider joining all columns at once using pd.concat(axis=1) instead. To get a de-fragmented frame, use `newframe = frame.copy()`
  LC3B_transition_states[cols]=transition_indicator_ls
/Volumes/Seagate Hub/LC3_conformations_scripts_data/data/dihedrals/raw_data/preLC3B_OPLS/SIM_3/psi/orderness_indicator.py:29: PerformanceWarning: DataFrame is highly fragmented.  This is usually the result of calling `frame.insert` many times, which has poor performance.  Consider joining all columns at once using pd.concat(axis=1) instead. To get a de-fragmented frame, use `newframe = frame.copy()`
  LC3B_transition_states[cols]=transition_indicator_ls
/Volumes/Seagate Hub/LC3_conformations_scripts_data/data/dihedrals/raw_data/preLC3B_OPLS/SIM_3/psi/orderness_indicator.py:92: PerformanceWarning: DataFrame is highly fragmented.  This is usually the result of calling `frame.insert` many times, which has poor performance.  Consider joining all columns at once using pd.concat(axis=1) instead. To get a de-fragmented frame, use `newframe = frame.copy()`
  LC3B_ORDERNESS_states[cols]=ORDERNESS_S
/Volumes/Seagate Hub/LC3_conformations_scripts_data/data/dihedrals/raw_data/preLC3B_OPLS/SIM_3/psi/orderness_indicator.py:92: PerformanceWarning: DataFrame is highly fragmented.  This is usually the result of calling `frame.insert` many times, which has poor performance.  Consider joining all columns at once using pd.concat(axis=1) instead. To get a de-fragmented frame, use `newframe = frame.copy()`
  LC3B_ORDERNESS_states[cols]=ORDERNESS_S
/Volumes/Seagate Hub/LC3_conformations_scripts_data/data/dihedrals/raw_data/preLC3B_OPLS/SIM_3/psi/orderness_indicator.py:92: PerformanceWarning: DataFrame is highly fragmented.  This is usually the result of calling `frame.insert` many times, which has poor performance.  Consider joining all columns at once using pd.concat(axis=1) instead. To get a de-fragmented frame, use `newframe = frame.copy()`
  LC3B_ORDERNESS_states[cols]=ORDERNESS_S
/Volumes/Seagate Hub/LC3_conformations_scripts_data/data/dihedrals/raw_data/preLC3B_OPLS/SIM_3/psi/orderness_indicator.py:92: PerformanceWarning: DataFrame is highly fragmented.  This is usually the result of calling `frame.insert` many times, which has poor performance.  Consider joining all columns at once using pd.concat(axis=1) instead. To get a de-fragmented frame, use `newframe = frame.copy()`
  LC3B_ORDERNESS_states[cols]=ORDERNESS_S
/Volumes/Seagate Hub/LC3_conformations_scripts_data/data/dihedrals/raw_data/preLC3B_OPLS/SIM_3/psi/orderness_indicator.py:92: PerformanceWarning: DataFrame is highly fragmented.  This is usually the result of calling `frame.insert` many times, which has poor performance.  Consider joining all columns at once using pd.concat(axis=1) instead. To get a de-fragmented frame, use `newframe = frame.copy()`
  LC3B_ORDERNESS_states[cols]=ORDERNESS_S
/Volumes/Seagate Hub/LC3_conformations_scripts_data/data/dihedrals/raw_data/preLC3B_OPLS/SIM_3/psi/orderness_indicator.py:92: PerformanceWarning: DataFrame is highly fragmented.  This is usually the result of calling `frame.insert` many times, which has poor performance.  Consider joining all columns at once using pd.concat(axis=1) instead. To get a de-fragmented frame, use `newframe = frame.copy()`
  LC3B_ORDERNESS_states[cols]=ORDERNESS_S
/Volumes/Seagate Hub/LC3_conformations_scripts_data/data/dihedrals/raw_data/preLC3B_OPLS/SIM_3/psi/orderness_indicator.py:92: PerformanceWarning: DataFrame is highly fragmented.  This is usually the result of calling `frame.insert` many times, which has poor performance.  Consider joining all columns at once using pd.concat(axis=1) instead. To get a de-fragmented frame, use `newframe = frame.copy()`
  LC3B_ORDERNESS_states[cols]=ORDERNESS_S
/Volumes/Seagate Hub/LC3_conformations_scripts_data/data/dihedrals/raw_data/preLC3B_OPLS/SIM_3/psi/orderness_indicator.py:92: PerformanceWarning: DataFrame is highly fragmented.  This is usually the result of calling `frame.insert` many times, which has poor performance.  Consider joining all columns at once using pd.concat(axis=1) instead. To get a de-fragmented frame, use `newframe = frame.copy()`
  LC3B_ORDERNESS_states[cols]=ORDERNESS_S
/Volumes/Seagate Hub/LC3_conformations_scripts_data/data/dihedrals/raw_data/preLC3B_OPLS/SIM_3/psi/orderness_indicator.py:92: PerformanceWarning: DataFrame is highly fragmented.  This is usually the result of calling `frame.insert` many times, which has poor performance.  Consider joining all columns at once using pd.concat(axis=1) instead. To get a de-fragmented frame, use `newframe = frame.copy()`
  LC3B_ORDERNESS_states[cols]=ORDERNESS_S
/Volumes/Seagate Hub/LC3_conformations_scripts_data/data/dihedrals/raw_data/preLC3B_OPLS/SIM_3/psi/orderness_indicator.py:92: PerformanceWarning: DataFrame is highly fragmented.  This is usually the result of calling `frame.insert` many times, which has poor performance.  Consider joining all columns at once using pd.concat(axis=1) instead. To get a de-fragmented frame, use `newframe = frame.copy()`
  LC3B_ORDERNESS_states[cols]=ORDERNESS_S
/Volumes/Seagate Hub/LC3_conformations_scripts_data/data/dihedrals/raw_data/preLC3B_OPLS/SIM_3/psi/orderness_indicator.py:92: PerformanceWarning: DataFrame is highly fragmented.  This is usually the result of calling `frame.insert` many times, which has poor performance.  Consider joining all columns at once using pd.concat(axis=1) instead. To get a de-fragmented frame, use `newframe = frame.copy()`
  LC3B_ORDERNESS_states[cols]=ORDERNESS_S
/Volumes/Seagate Hub/LC3_conformations_scripts_data/data/dihedrals/raw_data/preLC3B_OPLS/SIM_3/psi/orderness_indicator.py:92: PerformanceWarning: DataFrame is highly fragmented.  This is usually the result of calling `frame.insert` many times, which has poor performance.  Consider joining all columns at once using pd.concat(axis=1) instead. To get a de-fragmented frame, use `newframe = frame.copy()`
  LC3B_ORDERNESS_states[cols]=ORDERNESS_S
/Volumes/Seagate Hub/LC3_conformations_scripts_data/data/dihedrals/raw_data/preLC3B_OPLS/SIM_3/psi/orderness_indicator.py:92: PerformanceWarning: DataFrame is highly fragmented.  This is usually the result of calling `frame.insert` many times, which has poor performance.  Consider joining all columns at once using pd.concat(axis=1) instead. To get a de-fragmented frame, use `newframe = frame.copy()`
  LC3B_ORDERNESS_states[cols]=ORDERNESS_S
/Volumes/Seagate Hub/LC3_conformations_scripts_data/data/dihedrals/raw_data/preLC3B_OPLS/SIM_3/psi/orderness_indicator.py:92: PerformanceWarning: DataFrame is highly fragmented.  This is usually the result of calling `frame.insert` many times, which has poor performance.  Consider joining all columns at once using pd.concat(axis=1) instead. To get a de-fragmented frame, use `newframe = frame.copy()`
  LC3B_ORDERNESS_states[cols]=ORDERNESS_S
/Volumes/Seagate Hub/LC3_conformations_scripts_data/data/dihedrals/raw_data/preLC3B_OPLS/SIM_3/psi/orderness_indicator.py:92: PerformanceWarning: DataFrame is highly fragmented.  This is usually the result of calling `frame.insert` many times, which has poor performance.  Consider joining all columns at once using pd.concat(axis=1) instead. To get a de-fragmented frame, use `newframe = frame.copy()`
  LC3B_ORDERNESS_states[cols]=ORDERNESS_S
/Volumes/Seagate Hub/LC3_conformations_scripts_data/data/dihedrals/raw_data/preLC3B_OPLS/SIM_3/psi/orderness_indicator.py:92: PerformanceWarning: DataFrame is highly fragmented.  This is usually the result of calling `frame.insert` many times, which has poor performance.  Consider joining all columns at once using pd.concat(axis=1) instead. To get a de-fragmented frame, use `newframe = frame.copy()`
  LC3B_ORDERNESS_states[cols]=ORDERNESS_S
/Volumes/Seagate Hub/LC3_conformations_scripts_data/data/dihedrals/raw_data/preLC3B_OPLS/SIM_3/psi/orderness_indicator.py:92: PerformanceWarning: DataFrame is highly fragmented.  This is usually the result of calling `frame.insert` many times, which has poor performance.  Consider joining all columns at once using pd.concat(axis=1) instead. To get a de-fragmented frame, use `newframe = frame.copy()`
  LC3B_ORDERNESS_states[cols]=ORDERNESS_S
/Volumes/Seagate Hub/LC3_conformations_scripts_data/data/dihedrals/raw_data/preLC3B_OPLS/SIM_3/psi/orderness_indicator.py:92: PerformanceWarning: DataFrame is highly fragmented.  This is usually the result of calling `frame.insert` many times, which has poor performance.  Consider joining all columns at once using pd.concat(axis=1) instead. To get a de-fragmented frame, use `newframe = frame.copy()`
  LC3B_ORDERNESS_states[cols]=ORDERNESS_S
/Volumes/Seagate Hub/LC3_conformations_scripts_data/data/dihedrals/raw_data/preLC3B_OPLS/SIM_3/psi/orderness_indicator.py:92: PerformanceWarning: DataFrame is highly fragmented.  This is usually the result of calling `frame.insert` many times, which has poor performance.  Consider joining all columns at once using pd.concat(axis=1) instead. To get a de-fragmented frame, use `newframe = frame.copy()`
  LC3B_ORDERNESS_states[cols]=ORDERNESS_S
/Volumes/Seagate Hub/LC3_conformations_scripts_data/data/dihedrals/raw_data/preLC3B_OPLS/SIM_3/psi/orderness_indicator.py:92: PerformanceWarning: DataFrame is highly fragmented.  This is usually the result of calling `frame.insert` many times, which has poor performance.  Consider joining all columns at once using pd.concat(axis=1) instead. To get a de-fragmented frame, use `newframe = frame.copy()`
  LC3B_ORDERNESS_states[cols]=ORDERNESS_S
/Volumes/Seagate Hub/LC3_conformations_scripts_data/data/dihedrals/raw_data/preLC3B_OPLS/SIM_3/psi/orderness_indicator.py:92: PerformanceWarning: DataFrame is highly fragmented.  This is usually the result of calling `frame.insert` many times, which has poor performance.  Consider joining all columns at once using pd.concat(axis=1) instead. To get a de-fragmented frame, use `newframe = frame.copy()`
  LC3B_ORDERNESS_states[cols]=ORDERNESS_S
/Volumes/Seagate Hub/LC3_conformations_scripts_data/data/dihedrals/raw_data/preLC3B_OPLS/SIM_3/psi/orderness_indicator.py:92: PerformanceWarning: DataFrame is highly fragmented.  This is usually the result of calling `frame.insert` many times, which has poor performance.  Consider joining all columns at once using pd.concat(axis=1) instead. To get a de-fragmented frame, use `newframe = frame.copy()`
  LC3B_ORDERNESS_states[cols]=ORDERNESS_S
/Volumes/Seagate Hub/LC3_conformations_scripts_data/data/dihedrals/raw_data/preLC3B_OPLS/SIM_3/psi/orderness_indicator.py:92: PerformanceWarning: DataFrame is highly fragmented.  This is usually the result of calling `frame.insert` many times, which has poor performance.  Consider joining all columns at once using pd.concat(axis=1) instead. To get a de-fragmented frame, use `newframe = frame.copy()`
  LC3B_ORDERNESS_states[cols]=ORDERNESS_S
/Volumes/Seagate Hub/LC3_conformations_scripts_data/data/dihedrals/raw_data/preLC3B_OPLS/SIM_3/psi/orderness_indicator.py:92: PerformanceWarning: DataFrame is highly fragmented.  This is usually the result of calling `frame.insert` many times, which has poor performance.  Consider joining all columns at once using pd.concat(axis=1) instead. To get a de-fragmented frame, use `newframe = frame.copy()`
  LC3B_ORDERNESS_states[cols]=ORDERNESS_S
/Volumes/Seagate Hub/LC3_conformations_scripts_data/data/dihedrals/raw_data/preLC3B_OPLS/SIM_3/psi/orderness_indicator.py:92: PerformanceWarning: DataFrame is highly fragmented.  This is usually the result of calling `frame.insert` many times, which has poor performance.  Consider joining all columns at once using pd.concat(axis=1) instead. To get a de-fragmented frame, use `newframe = frame.copy()`
  LC3B_ORDERNESS_states[cols]=ORDERNESS_S
/Users/jesucastin/anaconda3/lib/python3.11/site-packages/pandas/core/arrays/masked.py:60: UserWarning: Pandas requires version '1.3.6' or newer of 'bottleneck' (version '1.3.5' currently installed).
  from pandas.core import (
/Volumes/Seagate Hub/LC3_conformations_scripts_data/data/dihedrals/raw_data/preLC3B_OPLS/SIM_3/phi/orderness_indicator.py:29: PerformanceWarning: DataFrame is highly fragmented.  This is usually the result of calling `frame.insert` many times, which has poor performance.  Consider joining all columns at once using pd.concat(axis=1) instead. To get a de-fragmented frame, use `newframe = frame.copy()`
  LC3B_transition_states[cols]=transition_indicator_ls
/Volumes/Seagate Hub/LC3_conformations_scripts_data/data/dihedrals/raw_data/preLC3B_OPLS/SIM_3/phi/orderness_indicator.py:29: PerformanceWarning: DataFrame is highly fragmented.  This is usually the result of calling `frame.insert` many times, which has poor performance.  Consider joining all columns at once using pd.concat(axis=1) instead. To get a de-fragmented frame, use `newframe = frame.copy()`
  LC3B_transition_states[cols]=transition_indicator_ls
/Volumes/Seagate Hub/LC3_conformations_scripts_data/data/dihedrals/raw_data/preLC3B_OPLS/SIM_3/phi/orderness_indicator.py:29: PerformanceWarning: DataFrame is highly fragmented.  This is usually the result of calling `frame.insert` many times, which has poor performance.  Consider joining all columns at once using pd.concat(axis=1) instead. To get a de-fragmented frame, use `newframe = frame.copy()`
  LC3B_transition_states[cols]=transition_indicator_ls
/Volumes/Seagate Hub/LC3_conformations_scripts_data/data/dihedrals/raw_data/preLC3B_OPLS/SIM_3/phi/orderness_indicator.py:29: PerformanceWarning: DataFrame is highly fragmented.  This is usually the result of calling `frame.insert` many times, which has poor performance.  Consider joining all columns at once using pd.concat(axis=1) instead. To get a de-fragmented frame, use `newframe = frame.copy()`
  LC3B_transition_states[cols]=transition_indicator_ls
/Volumes/Seagate Hub/LC3_conformations_scripts_data/data/dihedrals/raw_data/preLC3B_OPLS/SIM_3/phi/orderness_indicator.py:29: PerformanceWarning: DataFrame is highly fragmented.  This is usually the result of calling `frame.insert` many times, which has poor performance.  Consider joining all columns at once using pd.concat(axis=1) instead. To get a de-fragmented frame, use `newframe = frame.copy()`
  LC3B_transition_states[cols]=transition_indicator_ls
/Volumes/Seagate Hub/LC3_conformations_scripts_data/data/dihedrals/raw_data/preLC3B_OPLS/SIM_3/phi/orderness_indicator.py:29: PerformanceWarning: DataFrame is highly fragmented.  This is usually the result of calling `frame.insert` many times, which has poor performance.  Consider joining all columns at once using pd.concat(axis=1) instead. To get a de-fragmented frame, use `newframe = frame.copy()`
  LC3B_transition_states[cols]=transition_indicator_ls
/Volumes/Seagate Hub/LC3_conformations_scripts_data/data/dihedrals/raw_data/preLC3B_OPLS/SIM_3/phi/orderness_indicator.py:29: PerformanceWarning: DataFrame is highly fragmented.  This is usually the result of calling `frame.insert` many times, which has poor performance.  Consider joining all columns at once using pd.concat(axis=1) instead. To get a de-fragmented frame, use `newframe = frame.copy()`
  LC3B_transition_states[cols]=transition_indicator_ls
/Volumes/Seagate Hub/LC3_conformations_scripts_data/data/dihedrals/raw_data/preLC3B_OPLS/SIM_3/phi/orderness_indicator.py:29: PerformanceWarning: DataFrame is highly fragmented.  This is usually the result of calling `frame.insert` many times, which has poor performance.  Consider joining all columns at once using pd.concat(axis=1) instead. To get a de-fragmented frame, use `newframe = frame.copy()`
  LC3B_transition_states[cols]=transition_indicator_ls
/Volumes/Seagate Hub/LC3_conformations_scripts_data/data/dihedrals/raw_data/preLC3B_OPLS/SIM_3/phi/orderness_indicator.py:29: PerformanceWarning: DataFrame is highly fragmented.  This is usually the result of calling `frame.insert` many times, which has poor performance.  Consider joining all columns at once using pd.concat(axis=1) instead. To get a de-fragmented frame, use `newframe = frame.copy()`
  LC3B_transition_states[cols]=transition_indicator_ls
/Volumes/Seagate Hub/LC3_conformations_scripts_data/data/dihedrals/raw_data/preLC3B_OPLS/SIM_3/phi/orderness_indicator.py:29: PerformanceWarning: DataFrame is highly fragmented.  This is usually the result of calling `frame.insert` many times, which has poor performance.  Consider joining all columns at once using pd.concat(axis=1) instead. To get a de-fragmented frame, use `newframe = frame.copy()`
  LC3B_transition_states[cols]=transition_indicator_ls
/Volumes/Seagate Hub/LC3_conformations_scripts_data/data/dihedrals/raw_data/preLC3B_OPLS/SIM_3/phi/orderness_indicator.py:29: PerformanceWarning: DataFrame is highly fragmented.  This is usually the result of calling `frame.insert` many times, which has poor performance.  Consider joining all columns at once using pd.concat(axis=1) instead. To get a de-fragmented frame, use `newframe = frame.copy()`
  LC3B_transition_states[cols]=transition_indicator_ls
/Volumes/Seagate Hub/LC3_conformations_scripts_data/data/dihedrals/raw_data/preLC3B_OPLS/SIM_3/phi/orderness_indicator.py:29: PerformanceWarning: DataFrame is highly fragmented.  This is usually the result of calling `frame.insert` many times, which has poor performance.  Consider joining all columns at once using pd.concat(axis=1) instead. To get a de-fragmented frame, use `newframe = frame.copy()`
  LC3B_transition_states[cols]=transition_indicator_ls
/Volumes/Seagate Hub/LC3_conformations_scripts_data/data/dihedrals/raw_data/preLC3B_OPLS/SIM_3/phi/orderness_indicator.py:29: PerformanceWarning: DataFrame is highly fragmented.  This is usually the result of calling `frame.insert` many times, which has poor performance.  Consider joining all columns at once using pd.concat(axis=1) instead. To get a de-fragmented frame, use `newframe = frame.copy()`
  LC3B_transition_states[cols]=transition_indicator_ls
/Volumes/Seagate Hub/LC3_conformations_scripts_data/data/dihedrals/raw_data/preLC3B_OPLS/SIM_3/phi/orderness_indicator.py:29: PerformanceWarning: DataFrame is highly fragmented.  This is usually the result of calling `frame.insert` many times, which has poor performance.  Consider joining all columns at once using pd.concat(axis=1) instead. To get a de-fragmented frame, use `newframe = frame.copy()`
  LC3B_transition_states[cols]=transition_indicator_ls
/Volumes/Seagate Hub/LC3_conformations_scripts_data/data/dihedrals/raw_data/preLC3B_OPLS/SIM_3/phi/orderness_indicator.py:29: PerformanceWarning: DataFrame is highly fragmented.  This is usually the result of calling `frame.insert` many times, which has poor performance.  Consider joining all columns at once using pd.concat(axis=1) instead. To get a de-fragmented frame, use `newframe = frame.copy()`
  LC3B_transition_states[cols]=transition_indicator_ls
/Volumes/Seagate Hub/LC3_conformations_scripts_data/data/dihedrals/raw_data/preLC3B_OPLS/SIM_3/phi/orderness_indicator.py:29: PerformanceWarning: DataFrame is highly fragmented.  This is usually the result of calling `frame.insert` many times, which has poor performance.  Consider joining all columns at once using pd.concat(axis=1) instead. To get a de-fragmented frame, use `newframe = frame.copy()`
  LC3B_transition_states[cols]=transition_indicator_ls
/Volumes/Seagate Hub/LC3_conformations_scripts_data/data/dihedrals/raw_data/preLC3B_OPLS/SIM_3/phi/orderness_indicator.py:29: PerformanceWarning: DataFrame is highly fragmented.  This is usually the result of calling `frame.insert` many times, which has poor performance.  Consider joining all columns at once using pd.concat(axis=1) instead. To get a de-fragmented frame, use `newframe = frame.copy()`
  LC3B_transition_states[cols]=transition_indicator_ls
/Volumes/Seagate Hub/LC3_conformations_scripts_data/data/dihedrals/raw_data/preLC3B_OPLS/SIM_3/phi/orderness_indicator.py:29: PerformanceWarning: DataFrame is highly fragmented.  This is usually the result of calling `frame.insert` many times, which has poor performance.  Consider joining all columns at once using pd.concat(axis=1) instead. To get a de-fragmented frame, use `newframe = frame.copy()`
  LC3B_transition_states[cols]=transition_indicator_ls
/Volumes/Seagate Hub/LC3_conformations_scripts_data/data/dihedrals/raw_data/preLC3B_OPLS/SIM_3/phi/orderness_indicator.py:29: PerformanceWarning: DataFrame is highly fragmented.  This is usually the result of calling `frame.insert` many times, which has poor performance.  Consider joining all columns at once using pd.concat(axis=1) instead. To get a de-fragmented frame, use `newframe = frame.copy()`
  LC3B_transition_states[cols]=transition_indicator_ls
/Volumes/Seagate Hub/LC3_conformations_scripts_data/data/dihedrals/raw_data/preLC3B_OPLS/SIM_3/phi/orderness_indicator.py:29: PerformanceWarning: DataFrame is highly fragmented.  This is usually the result of calling `frame.insert` many times, which has poor performance.  Consider joining all columns at once using pd.concat(axis=1) instead. To get a de-fragmented frame, use `newframe = frame.copy()`
  LC3B_transition_states[cols]=transition_indicator_ls
/Volumes/Seagate Hub/LC3_conformations_scripts_data/data/dihedrals/raw_data/preLC3B_OPLS/SIM_3/phi/orderness_indicator.py:29: PerformanceWarning: DataFrame is highly fragmented.  This is usually the result of calling `frame.insert` many times, which has poor performance.  Consider joining all columns at once using pd.concat(axis=1) instead. To get a de-fragmented frame, use `newframe = frame.copy()`
  LC3B_transition_states[cols]=transition_indicator_ls
/Volumes/Seagate Hub/LC3_conformations_scripts_data/data/dihedrals/raw_data/preLC3B_OPLS/SIM_3/phi/orderness_indicator.py:29: PerformanceWarning: DataFrame is highly fragmented.  This is usually the result of calling `frame.insert` many times, which has poor performance.  Consider joining all columns at once using pd.concat(axis=1) instead. To get a de-fragmented frame, use `newframe = frame.copy()`
  LC3B_transition_states[cols]=transition_indicator_ls
/Volumes/Seagate Hub/LC3_conformations_scripts_data/data/dihedrals/raw_data/preLC3B_OPLS/SIM_3/phi/orderness_indicator.py:29: PerformanceWarning: DataFrame is highly fragmented.  This is usually the result of calling `frame.insert` many times, which has poor performance.  Consider joining all columns at once using pd.concat(axis=1) instead. To get a de-fragmented frame, use `newframe = frame.copy()`
  LC3B_transition_states[cols]=transition_indicator_ls
/Volumes/Seagate Hub/LC3_conformations_scripts_data/data/dihedrals/raw_data/preLC3B_OPLS/SIM_3/phi/orderness_indicator.py:29: PerformanceWarning: DataFrame is highly fragmented.  This is usually the result of calling `frame.insert` many times, which has poor performance.  Consider joining all columns at once using pd.concat(axis=1) instead. To get a de-fragmented frame, use `newframe = frame.copy()`
  LC3B_transition_states[cols]=transition_indicator_ls
/Volumes/Seagate Hub/LC3_conformations_scripts_data/data/dihedrals/raw_data/preLC3B_OPLS/SIM_3/phi/orderness_indicator.py:29: PerformanceWarning: DataFrame is highly fragmented.  This is usually the result of calling `frame.insert` many times, which has poor performance.  Consider joining all columns at once using pd.concat(axis=1) instead. To get a de-fragmented frame, use `newframe = frame.copy()`
  LC3B_transition_states[cols]=transition_indicator_ls
/Volumes/Seagate Hub/LC3_conformations_scripts_data/data/dihedrals/raw_data/preLC3B_OPLS/SIM_3/phi/orderness_indicator.py:92: PerformanceWarning: DataFrame is highly fragmented.  This is usually the result of calling `frame.insert` many times, which has poor performance.  Consider joining all columns at once using pd.concat(axis=1) instead. To get a de-fragmented frame, use `newframe = frame.copy()`
  LC3B_ORDERNESS_states[cols]=ORDERNESS_S
/Volumes/Seagate Hub/LC3_conformations_scripts_data/data/dihedrals/raw_data/preLC3B_OPLS/SIM_3/phi/orderness_indicator.py:92: PerformanceWarning: DataFrame is highly fragmented.  This is usually the result of calling `frame.insert` many times, which has poor performance.  Consider joining all columns at once using pd.concat(axis=1) instead. To get a de-fragmented frame, use `newframe = frame.copy()`
  LC3B_ORDERNESS_states[cols]=ORDERNESS_S
/Volumes/Seagate Hub/LC3_conformations_scripts_data/data/dihedrals/raw_data/preLC3B_OPLS/SIM_3/phi/orderness_indicator.py:92: PerformanceWarning: DataFrame is highly fragmented.  This is usually the result of calling `frame.insert` many times, which has poor performance.  Consider joining all columns at once using pd.concat(axis=1) instead. To get a de-fragmented frame, use `newframe = frame.copy()`
  LC3B_ORDERNESS_states[cols]=ORDERNESS_S
/Volumes/Seagate Hub/LC3_conformations_scripts_data/data/dihedrals/raw_data/preLC3B_OPLS/SIM_3/phi/orderness_indicator.py:92: PerformanceWarning: DataFrame is highly fragmented.  This is usually the result of calling `frame.insert` many times, which has poor performance.  Consider joining all columns at once using pd.concat(axis=1) instead. To get a de-fragmented frame, use `newframe = frame.copy()`
  LC3B_ORDERNESS_states[cols]=ORDERNESS_S
/Volumes/Seagate Hub/LC3_conformations_scripts_data/data/dihedrals/raw_data/preLC3B_OPLS/SIM_3/phi/orderness_indicator.py:92: PerformanceWarning: DataFrame is highly fragmented.  This is usually the result of calling `frame.insert` many times, which has poor performance.  Consider joining all columns at once using pd.concat(axis=1) instead. To get a de-fragmented frame, use `newframe = frame.copy()`
  LC3B_ORDERNESS_states[cols]=ORDERNESS_S
/Volumes/Seagate Hub/LC3_conformations_scripts_data/data/dihedrals/raw_data/preLC3B_OPLS/SIM_3/phi/orderness_indicator.py:92: PerformanceWarning: DataFrame is highly fragmented.  This is usually the result of calling `frame.insert` many times, which has poor performance.  Consider joining all columns at once using pd.concat(axis=1) instead. To get a de-fragmented frame, use `newframe = frame.copy()`
  LC3B_ORDERNESS_states[cols]=ORDERNESS_S
/Volumes/Seagate Hub/LC3_conformations_scripts_data/data/dihedrals/raw_data/preLC3B_OPLS/SIM_3/phi/orderness_indicator.py:92: PerformanceWarning: DataFrame is highly fragmented.  This is usually the result of calling `frame.insert` many times, which has poor performance.  Consider joining all columns at once using pd.concat(axis=1) instead. To get a de-fragmented frame, use `newframe = frame.copy()`
  LC3B_ORDERNESS_states[cols]=ORDERNESS_S
/Volumes/Seagate Hub/LC3_conformations_scripts_data/data/dihedrals/raw_data/preLC3B_OPLS/SIM_3/phi/orderness_indicator.py:92: PerformanceWarning: DataFrame is highly fragmented.  This is usually the result of calling `frame.insert` many times, which has poor performance.  Consider joining all columns at once using pd.concat(axis=1) instead. To get a de-fragmented frame, use `newframe = frame.copy()`
  LC3B_ORDERNESS_states[cols]=ORDERNESS_S
/Volumes/Seagate Hub/LC3_conformations_scripts_data/data/dihedrals/raw_data/preLC3B_OPLS/SIM_3/phi/orderness_indicator.py:92: PerformanceWarning: DataFrame is highly fragmented.  This is usually the result of calling `frame.insert` many times, which has poor performance.  Consider joining all columns at once using pd.concat(axis=1) instead. To get a de-fragmented frame, use `newframe = frame.copy()`
  LC3B_ORDERNESS_states[cols]=ORDERNESS_S
/Volumes/Seagate Hub/LC3_conformations_scripts_data/data/dihedrals/raw_data/preLC3B_OPLS/SIM_3/phi/orderness_indicator.py:92: PerformanceWarning: DataFrame is highly fragmented.  This is usually the result of calling `frame.insert` many times, which has poor performance.  Consider joining all columns at once using pd.concat(axis=1) instead. To get a de-fragmented frame, use `newframe = frame.copy()`
  LC3B_ORDERNESS_states[cols]=ORDERNESS_S
/Volumes/Seagate Hub/LC3_conformations_scripts_data/data/dihedrals/raw_data/preLC3B_OPLS/SIM_3/phi/orderness_indicator.py:92: PerformanceWarning: DataFrame is highly fragmented.  This is usually the result of calling `frame.insert` many times, which has poor performance.  Consider joining all columns at once using pd.concat(axis=1) instead. To get a de-fragmented frame, use `newframe = frame.copy()`
  LC3B_ORDERNESS_states[cols]=ORDERNESS_S
/Volumes/Seagate Hub/LC3_conformations_scripts_data/data/dihedrals/raw_data/preLC3B_OPLS/SIM_3/phi/orderness_indicator.py:92: PerformanceWarning: DataFrame is highly fragmented.  This is usually the result of calling `frame.insert` many times, which has poor performance.  Consider joining all columns at once using pd.concat(axis=1) instead. To get a de-fragmented frame, use `newframe = frame.copy()`
  LC3B_ORDERNESS_states[cols]=ORDERNESS_S
/Volumes/Seagate Hub/LC3_conformations_scripts_data/data/dihedrals/raw_data/preLC3B_OPLS/SIM_3/phi/orderness_indicator.py:92: PerformanceWarning: DataFrame is highly fragmented.  This is usually the result of calling `frame.insert` many times, which has poor performance.  Consider joining all columns at once using pd.concat(axis=1) instead. To get a de-fragmented frame, use `newframe = frame.copy()`
  LC3B_ORDERNESS_states[cols]=ORDERNESS_S
/Volumes/Seagate Hub/LC3_conformations_scripts_data/data/dihedrals/raw_data/preLC3B_OPLS/SIM_3/phi/orderness_indicator.py:92: PerformanceWarning: DataFrame is highly fragmented.  This is usually the result of calling `frame.insert` many times, which has poor performance.  Consider joining all columns at once using pd.concat(axis=1) instead. To get a de-fragmented frame, use `newframe = frame.copy()`
  LC3B_ORDERNESS_states[cols]=ORDERNESS_S
/Volumes/Seagate Hub/LC3_conformations_scripts_data/data/dihedrals/raw_data/preLC3B_OPLS/SIM_3/phi/orderness_indicator.py:92: PerformanceWarning: DataFrame is highly fragmented.  This is usually the result of calling `frame.insert` many times, which has poor performance.  Consider joining all columns at once using pd.concat(axis=1) instead. To get a de-fragmented frame, use `newframe = frame.copy()`
  LC3B_ORDERNESS_states[cols]=ORDERNESS_S
/Volumes/Seagate Hub/LC3_conformations_scripts_data/data/dihedrals/raw_data/preLC3B_OPLS/SIM_3/phi/orderness_indicator.py:92: PerformanceWarning: DataFrame is highly fragmented.  This is usually the result of calling `frame.insert` many times, which has poor performance.  Consider joining all columns at once using pd.concat(axis=1) instead. To get a de-fragmented frame, use `newframe = frame.copy()`
  LC3B_ORDERNESS_states[cols]=ORDERNESS_S
/Volumes/Seagate Hub/LC3_conformations_scripts_data/data/dihedrals/raw_data/preLC3B_OPLS/SIM_3/phi/orderness_indicator.py:92: PerformanceWarning: DataFrame is highly fragmented.  This is usually the result of calling `frame.insert` many times, which has poor performance.  Consider joining all columns at once using pd.concat(axis=1) instead. To get a de-fragmented frame, use `newframe = frame.copy()`
  LC3B_ORDERNESS_states[cols]=ORDERNESS_S
/Volumes/Seagate Hub/LC3_conformations_scripts_data/data/dihedrals/raw_data/preLC3B_OPLS/SIM_3/phi/orderness_indicator.py:92: PerformanceWarning: DataFrame is highly fragmented.  This is usually the result of calling `frame.insert` many times, which has poor performance.  Consider joining all columns at once using pd.concat(axis=1) instead. To get a de-fragmented frame, use `newframe = frame.copy()`
  LC3B_ORDERNESS_states[cols]=ORDERNESS_S
/Volumes/Seagate Hub/LC3_conformations_scripts_data/data/dihedrals/raw_data/preLC3B_OPLS/SIM_3/phi/orderness_indicator.py:92: PerformanceWarning: DataFrame is highly fragmented.  This is usually the result of calling `frame.insert` many times, which has poor performance.  Consider joining all columns at once using pd.concat(axis=1) instead. To get a de-fragmented frame, use `newframe = frame.copy()`
  LC3B_ORDERNESS_states[cols]=ORDERNESS_S
/Volumes/Seagate Hub/LC3_conformations_scripts_data/data/dihedrals/raw_data/preLC3B_OPLS/SIM_3/phi/orderness_indicator.py:92: PerformanceWarning: DataFrame is highly fragmented.  This is usually the result of calling `frame.insert` many times, which has poor performance.  Consider joining all columns at once using pd.concat(axis=1) instead. To get a de-fragmented frame, use `newframe = frame.copy()`
  LC3B_ORDERNESS_states[cols]=ORDERNESS_S
/Volumes/Seagate Hub/LC3_conformations_scripts_data/data/dihedrals/raw_data/preLC3B_OPLS/SIM_3/phi/orderness_indicator.py:92: PerformanceWarning: DataFrame is highly fragmented.  This is usually the result of calling `frame.insert` many times, which has poor performance.  Consider joining all columns at once using pd.concat(axis=1) instead. To get a de-fragmented frame, use `newframe = frame.copy()`
  LC3B_ORDERNESS_states[cols]=ORDERNESS_S
/Volumes/Seagate Hub/LC3_conformations_scripts_data/data/dihedrals/raw_data/preLC3B_OPLS/SIM_3/phi/orderness_indicator.py:92: PerformanceWarning: DataFrame is highly fragmented.  This is usually the result of calling `frame.insert` many times, which has poor performance.  Consider joining all columns at once using pd.concat(axis=1) instead. To get a de-fragmented frame, use `newframe = frame.copy()`
  LC3B_ORDERNESS_states[cols]=ORDERNESS_S
/Volumes/Seagate Hub/LC3_conformations_scripts_data/data/dihedrals/raw_data/preLC3B_OPLS/SIM_3/phi/orderness_indicator.py:92: PerformanceWarning: DataFrame is highly fragmented.  This is usually the result of calling `frame.insert` many times, which has poor performance.  Consider joining all columns at once using pd.concat(axis=1) instead. To get a de-fragmented frame, use `newframe = frame.copy()`
  LC3B_ORDERNESS_states[cols]=ORDERNESS_S
/Volumes/Seagate Hub/LC3_conformations_scripts_data/data/dihedrals/raw_data/preLC3B_OPLS/SIM_3/phi/orderness_indicator.py:92: PerformanceWarning: DataFrame is highly fragmented.  This is usually the result of calling `frame.insert` many times, which has poor performance.  Consider joining all columns at once using pd.concat(axis=1) instead. To get a de-fragmented frame, use `newframe = frame.copy()`
  LC3B_ORDERNESS_states[cols]=ORDERNESS_S
/Volumes/Seagate Hub/LC3_conformations_scripts_data/data/dihedrals/raw_data/preLC3B_OPLS/SIM_3/phi/orderness_indicator.py:92: PerformanceWarning: DataFrame is highly fragmented.  This is usually the result of calling `frame.insert` many times, which has poor performance.  Consider joining all columns at once using pd.concat(axis=1) instead. To get a de-fragmented frame, use `newframe = frame.copy()`
  LC3B_ORDERNESS_states[cols]=ORDERNESS_S
I am done with preLC3B_OPLS
/Users/jesucastin/anaconda3/lib/python3.11/site-packages/pandas/core/arrays/masked.py:60: UserWarning: Pandas requires version '1.3.6' or newer of 'bottleneck' (version '1.3.5' currently installed).
  from pandas.core import (
/Volumes/Seagate Hub/LC3_conformations_scripts_data/data/dihedrals/raw_data/LC3B_P62_INCLUDED/SIM_1/chi1/orderness_indicator.py:29: PerformanceWarning: DataFrame is highly fragmented.  This is usually the result of calling `frame.insert` many times, which has poor performance.  Consider joining all columns at once using pd.concat(axis=1) instead. To get a de-fragmented frame, use `newframe = frame.copy()`
  LC3B_transition_states[cols]=transition_indicator_ls
/Volumes/Seagate Hub/LC3_conformations_scripts_data/data/dihedrals/raw_data/LC3B_P62_INCLUDED/SIM_1/chi1/orderness_indicator.py:29: PerformanceWarning: DataFrame is highly fragmented.  This is usually the result of calling `frame.insert` many times, which has poor performance.  Consider joining all columns at once using pd.concat(axis=1) instead. To get a de-fragmented frame, use `newframe = frame.copy()`
  LC3B_transition_states[cols]=transition_indicator_ls
/Volumes/Seagate Hub/LC3_conformations_scripts_data/data/dihedrals/raw_data/LC3B_P62_INCLUDED/SIM_1/chi1/orderness_indicator.py:29: PerformanceWarning: DataFrame is highly fragmented.  This is usually the result of calling `frame.insert` many times, which has poor performance.  Consider joining all columns at once using pd.concat(axis=1) instead. To get a de-fragmented frame, use `newframe = frame.copy()`
  LC3B_transition_states[cols]=transition_indicator_ls
/Volumes/Seagate Hub/LC3_conformations_scripts_data/data/dihedrals/raw_data/LC3B_P62_INCLUDED/SIM_1/chi1/orderness_indicator.py:29: PerformanceWarning: DataFrame is highly fragmented.  This is usually the result of calling `frame.insert` many times, which has poor performance.  Consider joining all columns at once using pd.concat(axis=1) instead. To get a de-fragmented frame, use `newframe = frame.copy()`
  LC3B_transition_states[cols]=transition_indicator_ls
/Volumes/Seagate Hub/LC3_conformations_scripts_data/data/dihedrals/raw_data/LC3B_P62_INCLUDED/SIM_1/chi1/orderness_indicator.py:29: PerformanceWarning: DataFrame is highly fragmented.  This is usually the result of calling `frame.insert` many times, which has poor performance.  Consider joining all columns at once using pd.concat(axis=1) instead. To get a de-fragmented frame, use `newframe = frame.copy()`
  LC3B_transition_states[cols]=transition_indicator_ls
/Volumes/Seagate Hub/LC3_conformations_scripts_data/data/dihedrals/raw_data/LC3B_P62_INCLUDED/SIM_1/chi1/orderness_indicator.py:29: PerformanceWarning: DataFrame is highly fragmented.  This is usually the result of calling `frame.insert` many times, which has poor performance.  Consider joining all columns at once using pd.concat(axis=1) instead. To get a de-fragmented frame, use `newframe = frame.copy()`
  LC3B_transition_states[cols]=transition_indicator_ls
/Volumes/Seagate Hub/LC3_conformations_scripts_data/data/dihedrals/raw_data/LC3B_P62_INCLUDED/SIM_1/chi1/orderness_indicator.py:29: PerformanceWarning: DataFrame is highly fragmented.  This is usually the result of calling `frame.insert` many times, which has poor performance.  Consider joining all columns at once using pd.concat(axis=1) instead. To get a de-fragmented frame, use `newframe = frame.copy()`
  LC3B_transition_states[cols]=transition_indicator_ls
/Volumes/Seagate Hub/LC3_conformations_scripts_data/data/dihedrals/raw_data/LC3B_P62_INCLUDED/SIM_1/chi1/orderness_indicator.py:29: PerformanceWarning: DataFrame is highly fragmented.  This is usually the result of calling `frame.insert` many times, which has poor performance.  Consider joining all columns at once using pd.concat(axis=1) instead. To get a de-fragmented frame, use `newframe = frame.copy()`
  LC3B_transition_states[cols]=transition_indicator_ls
/Volumes/Seagate Hub/LC3_conformations_scripts_data/data/dihedrals/raw_data/LC3B_P62_INCLUDED/SIM_1/chi1/orderness_indicator.py:29: PerformanceWarning: DataFrame is highly fragmented.  This is usually the result of calling `frame.insert` many times, which has poor performance.  Consider joining all columns at once using pd.concat(axis=1) instead. To get a de-fragmented frame, use `newframe = frame.copy()`
  LC3B_transition_states[cols]=transition_indicator_ls
/Volumes/Seagate Hub/LC3_conformations_scripts_data/data/dihedrals/raw_data/LC3B_P62_INCLUDED/SIM_1/chi1/orderness_indicator.py:29: PerformanceWarning: DataFrame is highly fragmented.  This is usually the result of calling `frame.insert` many times, which has poor performance.  Consider joining all columns at once using pd.concat(axis=1) instead. To get a de-fragmented frame, use `newframe = frame.copy()`
  LC3B_transition_states[cols]=transition_indicator_ls
/Volumes/Seagate Hub/LC3_conformations_scripts_data/data/dihedrals/raw_data/LC3B_P62_INCLUDED/SIM_1/chi1/orderness_indicator.py:29: PerformanceWarning: DataFrame is highly fragmented.  This is usually the result of calling `frame.insert` many times, which has poor performance.  Consider joining all columns at once using pd.concat(axis=1) instead. To get a de-fragmented frame, use `newframe = frame.copy()`
  LC3B_transition_states[cols]=transition_indicator_ls
/Volumes/Seagate Hub/LC3_conformations_scripts_data/data/dihedrals/raw_data/LC3B_P62_INCLUDED/SIM_1/chi1/orderness_indicator.py:29: PerformanceWarning: DataFrame is highly fragmented.  This is usually the result of calling `frame.insert` many times, which has poor performance.  Consider joining all columns at once using pd.concat(axis=1) instead. To get a de-fragmented frame, use `newframe = frame.copy()`
  LC3B_transition_states[cols]=transition_indicator_ls
/Volumes/Seagate Hub/LC3_conformations_scripts_data/data/dihedrals/raw_data/LC3B_P62_INCLUDED/SIM_1/chi1/orderness_indicator.py:29: PerformanceWarning: DataFrame is highly fragmented.  This is usually the result of calling `frame.insert` many times, which has poor performance.  Consider joining all columns at once using pd.concat(axis=1) instead. To get a de-fragmented frame, use `newframe = frame.copy()`
  LC3B_transition_states[cols]=transition_indicator_ls
/Volumes/Seagate Hub/LC3_conformations_scripts_data/data/dihedrals/raw_data/LC3B_P62_INCLUDED/SIM_1/chi1/orderness_indicator.py:29: PerformanceWarning: DataFrame is highly fragmented.  This is usually the result of calling `frame.insert` many times, which has poor performance.  Consider joining all columns at once using pd.concat(axis=1) instead. To get a de-fragmented frame, use `newframe = frame.copy()`
  LC3B_transition_states[cols]=transition_indicator_ls
/Volumes/Seagate Hub/LC3_conformations_scripts_data/data/dihedrals/raw_data/LC3B_P62_INCLUDED/SIM_1/chi1/orderness_indicator.py:29: PerformanceWarning: DataFrame is highly fragmented.  This is usually the result of calling `frame.insert` many times, which has poor performance.  Consider joining all columns at once using pd.concat(axis=1) instead. To get a de-fragmented frame, use `newframe = frame.copy()`
  LC3B_transition_states[cols]=transition_indicator_ls
/Volumes/Seagate Hub/LC3_conformations_scripts_data/data/dihedrals/raw_data/LC3B_P62_INCLUDED/SIM_1/chi1/orderness_indicator.py:29: PerformanceWarning: DataFrame is highly fragmented.  This is usually the result of calling `frame.insert` many times, which has poor performance.  Consider joining all columns at once using pd.concat(axis=1) instead. To get a de-fragmented frame, use `newframe = frame.copy()`
  LC3B_transition_states[cols]=transition_indicator_ls
/Volumes/Seagate Hub/LC3_conformations_scripts_data/data/dihedrals/raw_data/LC3B_P62_INCLUDED/SIM_1/chi1/orderness_indicator.py:29: PerformanceWarning: DataFrame is highly fragmented.  This is usually the result of calling `frame.insert` many times, which has poor performance.  Consider joining all columns at once using pd.concat(axis=1) instead. To get a de-fragmented frame, use `newframe = frame.copy()`
  LC3B_transition_states[cols]=transition_indicator_ls
/Volumes/Seagate Hub/LC3_conformations_scripts_data/data/dihedrals/raw_data/LC3B_P62_INCLUDED/SIM_1/chi1/orderness_indicator.py:29: PerformanceWarning: DataFrame is highly fragmented.  This is usually the result of calling `frame.insert` many times, which has poor performance.  Consider joining all columns at once using pd.concat(axis=1) instead. To get a de-fragmented frame, use `newframe = frame.copy()`
  LC3B_transition_states[cols]=transition_indicator_ls
/Volumes/Seagate Hub/LC3_conformations_scripts_data/data/dihedrals/raw_data/LC3B_P62_INCLUDED/SIM_1/chi1/orderness_indicator.py:29: PerformanceWarning: DataFrame is highly fragmented.  This is usually the result of calling `frame.insert` many times, which has poor performance.  Consider joining all columns at once using pd.concat(axis=1) instead. To get a de-fragmented frame, use `newframe = frame.copy()`
  LC3B_transition_states[cols]=transition_indicator_ls
/Volumes/Seagate Hub/LC3_conformations_scripts_data/data/dihedrals/raw_data/LC3B_P62_INCLUDED/SIM_1/chi1/orderness_indicator.py:29: PerformanceWarning: DataFrame is highly fragmented.  This is usually the result of calling `frame.insert` many times, which has poor performance.  Consider joining all columns at once using pd.concat(axis=1) instead. To get a de-fragmented frame, use `newframe = frame.copy()`
  LC3B_transition_states[cols]=transition_indicator_ls
/Volumes/Seagate Hub/LC3_conformations_scripts_data/data/dihedrals/raw_data/LC3B_P62_INCLUDED/SIM_1/chi1/orderness_indicator.py:92: PerformanceWarning: DataFrame is highly fragmented.  This is usually the result of calling `frame.insert` many times, which has poor performance.  Consider joining all columns at once using pd.concat(axis=1) instead. To get a de-fragmented frame, use `newframe = frame.copy()`
  LC3B_ORDERNESS_states[cols]=ORDERNESS_S
/Volumes/Seagate Hub/LC3_conformations_scripts_data/data/dihedrals/raw_data/LC3B_P62_INCLUDED/SIM_1/chi1/orderness_indicator.py:92: PerformanceWarning: DataFrame is highly fragmented.  This is usually the result of calling `frame.insert` many times, which has poor performance.  Consider joining all columns at once using pd.concat(axis=1) instead. To get a de-fragmented frame, use `newframe = frame.copy()`
  LC3B_ORDERNESS_states[cols]=ORDERNESS_S
/Volumes/Seagate Hub/LC3_conformations_scripts_data/data/dihedrals/raw_data/LC3B_P62_INCLUDED/SIM_1/chi1/orderness_indicator.py:92: PerformanceWarning: DataFrame is highly fragmented.  This is usually the result of calling `frame.insert` many times, which has poor performance.  Consider joining all columns at once using pd.concat(axis=1) instead. To get a de-fragmented frame, use `newframe = frame.copy()`
  LC3B_ORDERNESS_states[cols]=ORDERNESS_S
/Volumes/Seagate Hub/LC3_conformations_scripts_data/data/dihedrals/raw_data/LC3B_P62_INCLUDED/SIM_1/chi1/orderness_indicator.py:92: PerformanceWarning: DataFrame is highly fragmented.  This is usually the result of calling `frame.insert` many times, which has poor performance.  Consider joining all columns at once using pd.concat(axis=1) instead. To get a de-fragmented frame, use `newframe = frame.copy()`
  LC3B_ORDERNESS_states[cols]=ORDERNESS_S
/Volumes/Seagate Hub/LC3_conformations_scripts_data/data/dihedrals/raw_data/LC3B_P62_INCLUDED/SIM_1/chi1/orderness_indicator.py:92: PerformanceWarning: DataFrame is highly fragmented.  This is usually the result of calling `frame.insert` many times, which has poor performance.  Consider joining all columns at once using pd.concat(axis=1) instead. To get a de-fragmented frame, use `newframe = frame.copy()`
  LC3B_ORDERNESS_states[cols]=ORDERNESS_S
/Volumes/Seagate Hub/LC3_conformations_scripts_data/data/dihedrals/raw_data/LC3B_P62_INCLUDED/SIM_1/chi1/orderness_indicator.py:92: PerformanceWarning: DataFrame is highly fragmented.  This is usually the result of calling `frame.insert` many times, which has poor performance.  Consider joining all columns at once using pd.concat(axis=1) instead. To get a de-fragmented frame, use `newframe = frame.copy()`
  LC3B_ORDERNESS_states[cols]=ORDERNESS_S
/Volumes/Seagate Hub/LC3_conformations_scripts_data/data/dihedrals/raw_data/LC3B_P62_INCLUDED/SIM_1/chi1/orderness_indicator.py:92: PerformanceWarning: DataFrame is highly fragmented.  This is usually the result of calling `frame.insert` many times, which has poor performance.  Consider joining all columns at once using pd.concat(axis=1) instead. To get a de-fragmented frame, use `newframe = frame.copy()`
  LC3B_ORDERNESS_states[cols]=ORDERNESS_S
/Volumes/Seagate Hub/LC3_conformations_scripts_data/data/dihedrals/raw_data/LC3B_P62_INCLUDED/SIM_1/chi1/orderness_indicator.py:92: PerformanceWarning: DataFrame is highly fragmented.  This is usually the result of calling `frame.insert` many times, which has poor performance.  Consider joining all columns at once using pd.concat(axis=1) instead. To get a de-fragmented frame, use `newframe = frame.copy()`
  LC3B_ORDERNESS_states[cols]=ORDERNESS_S
/Volumes/Seagate Hub/LC3_conformations_scripts_data/data/dihedrals/raw_data/LC3B_P62_INCLUDED/SIM_1/chi1/orderness_indicator.py:92: PerformanceWarning: DataFrame is highly fragmented.  This is usually the result of calling `frame.insert` many times, which has poor performance.  Consider joining all columns at once using pd.concat(axis=1) instead. To get a de-fragmented frame, use `newframe = frame.copy()`
  LC3B_ORDERNESS_states[cols]=ORDERNESS_S
/Volumes/Seagate Hub/LC3_conformations_scripts_data/data/dihedrals/raw_data/LC3B_P62_INCLUDED/SIM_1/chi1/orderness_indicator.py:92: PerformanceWarning: DataFrame is highly fragmented.  This is usually the result of calling `frame.insert` many times, which has poor performance.  Consider joining all columns at once using pd.concat(axis=1) instead. To get a de-fragmented frame, use `newframe = frame.copy()`
  LC3B_ORDERNESS_states[cols]=ORDERNESS_S
/Volumes/Seagate Hub/LC3_conformations_scripts_data/data/dihedrals/raw_data/LC3B_P62_INCLUDED/SIM_1/chi1/orderness_indicator.py:92: PerformanceWarning: DataFrame is highly fragmented.  This is usually the result of calling `frame.insert` many times, which has poor performance.  Consider joining all columns at once using pd.concat(axis=1) instead. To get a de-fragmented frame, use `newframe = frame.copy()`
  LC3B_ORDERNESS_states[cols]=ORDERNESS_S
/Volumes/Seagate Hub/LC3_conformations_scripts_data/data/dihedrals/raw_data/LC3B_P62_INCLUDED/SIM_1/chi1/orderness_indicator.py:92: PerformanceWarning: DataFrame is highly fragmented.  This is usually the result of calling `frame.insert` many times, which has poor performance.  Consider joining all columns at once using pd.concat(axis=1) instead. To get a de-fragmented frame, use `newframe = frame.copy()`
  LC3B_ORDERNESS_states[cols]=ORDERNESS_S
/Volumes/Seagate Hub/LC3_conformations_scripts_data/data/dihedrals/raw_data/LC3B_P62_INCLUDED/SIM_1/chi1/orderness_indicator.py:92: PerformanceWarning: DataFrame is highly fragmented.  This is usually the result of calling `frame.insert` many times, which has poor performance.  Consider joining all columns at once using pd.concat(axis=1) instead. To get a de-fragmented frame, use `newframe = frame.copy()`
  LC3B_ORDERNESS_states[cols]=ORDERNESS_S
/Volumes/Seagate Hub/LC3_conformations_scripts_data/data/dihedrals/raw_data/LC3B_P62_INCLUDED/SIM_1/chi1/orderness_indicator.py:92: PerformanceWarning: DataFrame is highly fragmented.  This is usually the result of calling `frame.insert` many times, which has poor performance.  Consider joining all columns at once using pd.concat(axis=1) instead. To get a de-fragmented frame, use `newframe = frame.copy()`
  LC3B_ORDERNESS_states[cols]=ORDERNESS_S
/Volumes/Seagate Hub/LC3_conformations_scripts_data/data/dihedrals/raw_data/LC3B_P62_INCLUDED/SIM_1/chi1/orderness_indicator.py:92: PerformanceWarning: DataFrame is highly fragmented.  This is usually the result of calling `frame.insert` many times, which has poor performance.  Consider joining all columns at once using pd.concat(axis=1) instead. To get a de-fragmented frame, use `newframe = frame.copy()`
  LC3B_ORDERNESS_states[cols]=ORDERNESS_S
/Volumes/Seagate Hub/LC3_conformations_scripts_data/data/dihedrals/raw_data/LC3B_P62_INCLUDED/SIM_1/chi1/orderness_indicator.py:92: PerformanceWarning: DataFrame is highly fragmented.  This is usually the result of calling `frame.insert` many times, which has poor performance.  Consider joining all columns at once using pd.concat(axis=1) instead. To get a de-fragmented frame, use `newframe = frame.copy()`
  LC3B_ORDERNESS_states[cols]=ORDERNESS_S
/Volumes/Seagate Hub/LC3_conformations_scripts_data/data/dihedrals/raw_data/LC3B_P62_INCLUDED/SIM_1/chi1/orderness_indicator.py:92: PerformanceWarning: DataFrame is highly fragmented.  This is usually the result of calling `frame.insert` many times, which has poor performance.  Consider joining all columns at once using pd.concat(axis=1) instead. To get a de-fragmented frame, use `newframe = frame.copy()`
  LC3B_ORDERNESS_states[cols]=ORDERNESS_S
/Volumes/Seagate Hub/LC3_conformations_scripts_data/data/dihedrals/raw_data/LC3B_P62_INCLUDED/SIM_1/chi1/orderness_indicator.py:92: PerformanceWarning: DataFrame is highly fragmented.  This is usually the result of calling `frame.insert` many times, which has poor performance.  Consider joining all columns at once using pd.concat(axis=1) instead. To get a de-fragmented frame, use `newframe = frame.copy()`
  LC3B_ORDERNESS_states[cols]=ORDERNESS_S
/Volumes/Seagate Hub/LC3_conformations_scripts_data/data/dihedrals/raw_data/LC3B_P62_INCLUDED/SIM_1/chi1/orderness_indicator.py:92: PerformanceWarning: DataFrame is highly fragmented.  This is usually the result of calling `frame.insert` many times, which has poor performance.  Consider joining all columns at once using pd.concat(axis=1) instead. To get a de-fragmented frame, use `newframe = frame.copy()`
  LC3B_ORDERNESS_states[cols]=ORDERNESS_S
/Volumes/Seagate Hub/LC3_conformations_scripts_data/data/dihedrals/raw_data/LC3B_P62_INCLUDED/SIM_1/chi1/orderness_indicator.py:92: PerformanceWarning: DataFrame is highly fragmented.  This is usually the result of calling `frame.insert` many times, which has poor performance.  Consider joining all columns at once using pd.concat(axis=1) instead. To get a de-fragmented frame, use `newframe = frame.copy()`
  LC3B_ORDERNESS_states[cols]=ORDERNESS_S
/Users/jesucastin/anaconda3/lib/python3.11/site-packages/pandas/core/arrays/masked.py:60: UserWarning: Pandas requires version '1.3.6' or newer of 'bottleneck' (version '1.3.5' currently installed).
  from pandas.core import (
/Users/jesucastin/anaconda3/lib/python3.11/site-packages/pandas/core/arrays/masked.py:60: UserWarning: Pandas requires version '1.3.6' or newer of 'bottleneck' (version '1.3.5' currently installed).
  from pandas.core import (
/Users/jesucastin/anaconda3/lib/python3.11/site-packages/pandas/core/arrays/masked.py:60: UserWarning: Pandas requires version '1.3.6' or newer of 'bottleneck' (version '1.3.5' currently installed).
  from pandas.core import (
/Users/jesucastin/anaconda3/lib/python3.11/site-packages/pandas/core/arrays/masked.py:60: UserWarning: Pandas requires version '1.3.6' or newer of 'bottleneck' (version '1.3.5' currently installed).
  from pandas.core import (
/Volumes/Seagate Hub/LC3_conformations_scripts_data/data/dihedrals/raw_data/LC3B_P62_INCLUDED/SIM_1/psi/orderness_indicator.py:29: PerformanceWarning: DataFrame is highly fragmented.  This is usually the result of calling `frame.insert` many times, which has poor performance.  Consider joining all columns at once using pd.concat(axis=1) instead. To get a de-fragmented frame, use `newframe = frame.copy()`
  LC3B_transition_states[cols]=transition_indicator_ls
/Volumes/Seagate Hub/LC3_conformations_scripts_data/data/dihedrals/raw_data/LC3B_P62_INCLUDED/SIM_1/psi/orderness_indicator.py:29: PerformanceWarning: DataFrame is highly fragmented.  This is usually the result of calling `frame.insert` many times, which has poor performance.  Consider joining all columns at once using pd.concat(axis=1) instead. To get a de-fragmented frame, use `newframe = frame.copy()`
  LC3B_transition_states[cols]=transition_indicator_ls
/Volumes/Seagate Hub/LC3_conformations_scripts_data/data/dihedrals/raw_data/LC3B_P62_INCLUDED/SIM_1/psi/orderness_indicator.py:29: PerformanceWarning: DataFrame is highly fragmented.  This is usually the result of calling `frame.insert` many times, which has poor performance.  Consider joining all columns at once using pd.concat(axis=1) instead. To get a de-fragmented frame, use `newframe = frame.copy()`
  LC3B_transition_states[cols]=transition_indicator_ls
/Volumes/Seagate Hub/LC3_conformations_scripts_data/data/dihedrals/raw_data/LC3B_P62_INCLUDED/SIM_1/psi/orderness_indicator.py:29: PerformanceWarning: DataFrame is highly fragmented.  This is usually the result of calling `frame.insert` many times, which has poor performance.  Consider joining all columns at once using pd.concat(axis=1) instead. To get a de-fragmented frame, use `newframe = frame.copy()`
  LC3B_transition_states[cols]=transition_indicator_ls
/Volumes/Seagate Hub/LC3_conformations_scripts_data/data/dihedrals/raw_data/LC3B_P62_INCLUDED/SIM_1/psi/orderness_indicator.py:29: PerformanceWarning: DataFrame is highly fragmented.  This is usually the result of calling `frame.insert` many times, which has poor performance.  Consider joining all columns at once using pd.concat(axis=1) instead. To get a de-fragmented frame, use `newframe = frame.copy()`
  LC3B_transition_states[cols]=transition_indicator_ls
/Volumes/Seagate Hub/LC3_conformations_scripts_data/data/dihedrals/raw_data/LC3B_P62_INCLUDED/SIM_1/psi/orderness_indicator.py:29: PerformanceWarning: DataFrame is highly fragmented.  This is usually the result of calling `frame.insert` many times, which has poor performance.  Consider joining all columns at once using pd.concat(axis=1) instead. To get a de-fragmented frame, use `newframe = frame.copy()`
  LC3B_transition_states[cols]=transition_indicator_ls
/Volumes/Seagate Hub/LC3_conformations_scripts_data/data/dihedrals/raw_data/LC3B_P62_INCLUDED/SIM_1/psi/orderness_indicator.py:29: PerformanceWarning: DataFrame is highly fragmented.  This is usually the result of calling `frame.insert` many times, which has poor performance.  Consider joining all columns at once using pd.concat(axis=1) instead. To get a de-fragmented frame, use `newframe = frame.copy()`
  LC3B_transition_states[cols]=transition_indicator_ls
/Volumes/Seagate Hub/LC3_conformations_scripts_data/data/dihedrals/raw_data/LC3B_P62_INCLUDED/SIM_1/psi/orderness_indicator.py:29: PerformanceWarning: DataFrame is highly fragmented.  This is usually the result of calling `frame.insert` many times, which has poor performance.  Consider joining all columns at once using pd.concat(axis=1) instead. To get a de-fragmented frame, use `newframe = frame.copy()`
  LC3B_transition_states[cols]=transition_indicator_ls
/Volumes/Seagate Hub/LC3_conformations_scripts_data/data/dihedrals/raw_data/LC3B_P62_INCLUDED/SIM_1/psi/orderness_indicator.py:29: PerformanceWarning: DataFrame is highly fragmented.  This is usually the result of calling `frame.insert` many times, which has poor performance.  Consider joining all columns at once using pd.concat(axis=1) instead. To get a de-fragmented frame, use `newframe = frame.copy()`
  LC3B_transition_states[cols]=transition_indicator_ls
/Volumes/Seagate Hub/LC3_conformations_scripts_data/data/dihedrals/raw_data/LC3B_P62_INCLUDED/SIM_1/psi/orderness_indicator.py:29: PerformanceWarning: DataFrame is highly fragmented.  This is usually the result of calling `frame.insert` many times, which has poor performance.  Consider joining all columns at once using pd.concat(axis=1) instead. To get a de-fragmented frame, use `newframe = frame.copy()`
  LC3B_transition_states[cols]=transition_indicator_ls
/Volumes/Seagate Hub/LC3_conformations_scripts_data/data/dihedrals/raw_data/LC3B_P62_INCLUDED/SIM_1/psi/orderness_indicator.py:29: PerformanceWarning: DataFrame is highly fragmented.  This is usually the result of calling `frame.insert` many times, which has poor performance.  Consider joining all columns at once using pd.concat(axis=1) instead. To get a de-fragmented frame, use `newframe = frame.copy()`
  LC3B_transition_states[cols]=transition_indicator_ls
/Volumes/Seagate Hub/LC3_conformations_scripts_data/data/dihedrals/raw_data/LC3B_P62_INCLUDED/SIM_1/psi/orderness_indicator.py:29: PerformanceWarning: DataFrame is highly fragmented.  This is usually the result of calling `frame.insert` many times, which has poor performance.  Consider joining all columns at once using pd.concat(axis=1) instead. To get a de-fragmented frame, use `newframe = frame.copy()`
  LC3B_transition_states[cols]=transition_indicator_ls
/Volumes/Seagate Hub/LC3_conformations_scripts_data/data/dihedrals/raw_data/LC3B_P62_INCLUDED/SIM_1/psi/orderness_indicator.py:29: PerformanceWarning: DataFrame is highly fragmented.  This is usually the result of calling `frame.insert` many times, which has poor performance.  Consider joining all columns at once using pd.concat(axis=1) instead. To get a de-fragmented frame, use `newframe = frame.copy()`
  LC3B_transition_states[cols]=transition_indicator_ls
/Volumes/Seagate Hub/LC3_conformations_scripts_data/data/dihedrals/raw_data/LC3B_P62_INCLUDED/SIM_1/psi/orderness_indicator.py:29: PerformanceWarning: DataFrame is highly fragmented.  This is usually the result of calling `frame.insert` many times, which has poor performance.  Consider joining all columns at once using pd.concat(axis=1) instead. To get a de-fragmented frame, use `newframe = frame.copy()`
  LC3B_transition_states[cols]=transition_indicator_ls
/Volumes/Seagate Hub/LC3_conformations_scripts_data/data/dihedrals/raw_data/LC3B_P62_INCLUDED/SIM_1/psi/orderness_indicator.py:29: PerformanceWarning: DataFrame is highly fragmented.  This is usually the result of calling `frame.insert` many times, which has poor performance.  Consider joining all columns at once using pd.concat(axis=1) instead. To get a de-fragmented frame, use `newframe = frame.copy()`
  LC3B_transition_states[cols]=transition_indicator_ls
/Volumes/Seagate Hub/LC3_conformations_scripts_data/data/dihedrals/raw_data/LC3B_P62_INCLUDED/SIM_1/psi/orderness_indicator.py:29: PerformanceWarning: DataFrame is highly fragmented.  This is usually the result of calling `frame.insert` many times, which has poor performance.  Consider joining all columns at once using pd.concat(axis=1) instead. To get a de-fragmented frame, use `newframe = frame.copy()`
  LC3B_transition_states[cols]=transition_indicator_ls
/Volumes/Seagate Hub/LC3_conformations_scripts_data/data/dihedrals/raw_data/LC3B_P62_INCLUDED/SIM_1/psi/orderness_indicator.py:29: PerformanceWarning: DataFrame is highly fragmented.  This is usually the result of calling `frame.insert` many times, which has poor performance.  Consider joining all columns at once using pd.concat(axis=1) instead. To get a de-fragmented frame, use `newframe = frame.copy()`
  LC3B_transition_states[cols]=transition_indicator_ls
/Volumes/Seagate Hub/LC3_conformations_scripts_data/data/dihedrals/raw_data/LC3B_P62_INCLUDED/SIM_1/psi/orderness_indicator.py:29: PerformanceWarning: DataFrame is highly fragmented.  This is usually the result of calling `frame.insert` many times, which has poor performance.  Consider joining all columns at once using pd.concat(axis=1) instead. To get a de-fragmented frame, use `newframe = frame.copy()`
  LC3B_transition_states[cols]=transition_indicator_ls
/Volumes/Seagate Hub/LC3_conformations_scripts_data/data/dihedrals/raw_data/LC3B_P62_INCLUDED/SIM_1/psi/orderness_indicator.py:29: PerformanceWarning: DataFrame is highly fragmented.  This is usually the result of calling `frame.insert` many times, which has poor performance.  Consider joining all columns at once using pd.concat(axis=1) instead. To get a de-fragmented frame, use `newframe = frame.copy()`
  LC3B_transition_states[cols]=transition_indicator_ls
/Volumes/Seagate Hub/LC3_conformations_scripts_data/data/dihedrals/raw_data/LC3B_P62_INCLUDED/SIM_1/psi/orderness_indicator.py:29: PerformanceWarning: DataFrame is highly fragmented.  This is usually the result of calling `frame.insert` many times, which has poor performance.  Consider joining all columns at once using pd.concat(axis=1) instead. To get a de-fragmented frame, use `newframe = frame.copy()`
  LC3B_transition_states[cols]=transition_indicator_ls
/Volumes/Seagate Hub/LC3_conformations_scripts_data/data/dihedrals/raw_data/LC3B_P62_INCLUDED/SIM_1/psi/orderness_indicator.py:29: PerformanceWarning: DataFrame is highly fragmented.  This is usually the result of calling `frame.insert` many times, which has poor performance.  Consider joining all columns at once using pd.concat(axis=1) instead. To get a de-fragmented frame, use `newframe = frame.copy()`
  LC3B_transition_states[cols]=transition_indicator_ls
/Volumes/Seagate Hub/LC3_conformations_scripts_data/data/dihedrals/raw_data/LC3B_P62_INCLUDED/SIM_1/psi/orderness_indicator.py:29: PerformanceWarning: DataFrame is highly fragmented.  This is usually the result of calling `frame.insert` many times, which has poor performance.  Consider joining all columns at once using pd.concat(axis=1) instead. To get a de-fragmented frame, use `newframe = frame.copy()`
  LC3B_transition_states[cols]=transition_indicator_ls
/Volumes/Seagate Hub/LC3_conformations_scripts_data/data/dihedrals/raw_data/LC3B_P62_INCLUDED/SIM_1/psi/orderness_indicator.py:29: PerformanceWarning: DataFrame is highly fragmented.  This is usually the result of calling `frame.insert` many times, which has poor performance.  Consider joining all columns at once using pd.concat(axis=1) instead. To get a de-fragmented frame, use `newframe = frame.copy()`
  LC3B_transition_states[cols]=transition_indicator_ls
/Volumes/Seagate Hub/LC3_conformations_scripts_data/data/dihedrals/raw_data/LC3B_P62_INCLUDED/SIM_1/psi/orderness_indicator.py:29: PerformanceWarning: DataFrame is highly fragmented.  This is usually the result of calling `frame.insert` many times, which has poor performance.  Consider joining all columns at once using pd.concat(axis=1) instead. To get a de-fragmented frame, use `newframe = frame.copy()`
  LC3B_transition_states[cols]=transition_indicator_ls
/Volumes/Seagate Hub/LC3_conformations_scripts_data/data/dihedrals/raw_data/LC3B_P62_INCLUDED/SIM_1/psi/orderness_indicator.py:29: PerformanceWarning: DataFrame is highly fragmented.  This is usually the result of calling `frame.insert` many times, which has poor performance.  Consider joining all columns at once using pd.concat(axis=1) instead. To get a de-fragmented frame, use `newframe = frame.copy()`
  LC3B_transition_states[cols]=transition_indicator_ls
/Volumes/Seagate Hub/LC3_conformations_scripts_data/data/dihedrals/raw_data/LC3B_P62_INCLUDED/SIM_1/psi/orderness_indicator.py:29: PerformanceWarning: DataFrame is highly fragmented.  This is usually the result of calling `frame.insert` many times, which has poor performance.  Consider joining all columns at once using pd.concat(axis=1) instead. To get a de-fragmented frame, use `newframe = frame.copy()`
  LC3B_transition_states[cols]=transition_indicator_ls
/Volumes/Seagate Hub/LC3_conformations_scripts_data/data/dihedrals/raw_data/LC3B_P62_INCLUDED/SIM_1/psi/orderness_indicator.py:92: PerformanceWarning: DataFrame is highly fragmented.  This is usually the result of calling `frame.insert` many times, which has poor performance.  Consider joining all columns at once using pd.concat(axis=1) instead. To get a de-fragmented frame, use `newframe = frame.copy()`
  LC3B_ORDERNESS_states[cols]=ORDERNESS_S
/Volumes/Seagate Hub/LC3_conformations_scripts_data/data/dihedrals/raw_data/LC3B_P62_INCLUDED/SIM_1/psi/orderness_indicator.py:92: PerformanceWarning: DataFrame is highly fragmented.  This is usually the result of calling `frame.insert` many times, which has poor performance.  Consider joining all columns at once using pd.concat(axis=1) instead. To get a de-fragmented frame, use `newframe = frame.copy()`
  LC3B_ORDERNESS_states[cols]=ORDERNESS_S
/Volumes/Seagate Hub/LC3_conformations_scripts_data/data/dihedrals/raw_data/LC3B_P62_INCLUDED/SIM_1/psi/orderness_indicator.py:92: PerformanceWarning: DataFrame is highly fragmented.  This is usually the result of calling `frame.insert` many times, which has poor performance.  Consider joining all columns at once using pd.concat(axis=1) instead. To get a de-fragmented frame, use `newframe = frame.copy()`
  LC3B_ORDERNESS_states[cols]=ORDERNESS_S
/Volumes/Seagate Hub/LC3_conformations_scripts_data/data/dihedrals/raw_data/LC3B_P62_INCLUDED/SIM_1/psi/orderness_indicator.py:92: PerformanceWarning: DataFrame is highly fragmented.  This is usually the result of calling `frame.insert` many times, which has poor performance.  Consider joining all columns at once using pd.concat(axis=1) instead. To get a de-fragmented frame, use `newframe = frame.copy()`
  LC3B_ORDERNESS_states[cols]=ORDERNESS_S
/Volumes/Seagate Hub/LC3_conformations_scripts_data/data/dihedrals/raw_data/LC3B_P62_INCLUDED/SIM_1/psi/orderness_indicator.py:92: PerformanceWarning: DataFrame is highly fragmented.  This is usually the result of calling `frame.insert` many times, which has poor performance.  Consider joining all columns at once using pd.concat(axis=1) instead. To get a de-fragmented frame, use `newframe = frame.copy()`
  LC3B_ORDERNESS_states[cols]=ORDERNESS_S
/Volumes/Seagate Hub/LC3_conformations_scripts_data/data/dihedrals/raw_data/LC3B_P62_INCLUDED/SIM_1/psi/orderness_indicator.py:92: PerformanceWarning: DataFrame is highly fragmented.  This is usually the result of calling `frame.insert` many times, which has poor performance.  Consider joining all columns at once using pd.concat(axis=1) instead. To get a de-fragmented frame, use `newframe = frame.copy()`
  LC3B_ORDERNESS_states[cols]=ORDERNESS_S
/Volumes/Seagate Hub/LC3_conformations_scripts_data/data/dihedrals/raw_data/LC3B_P62_INCLUDED/SIM_1/psi/orderness_indicator.py:92: PerformanceWarning: DataFrame is highly fragmented.  This is usually the result of calling `frame.insert` many times, which has poor performance.  Consider joining all columns at once using pd.concat(axis=1) instead. To get a de-fragmented frame, use `newframe = frame.copy()`
  LC3B_ORDERNESS_states[cols]=ORDERNESS_S
/Volumes/Seagate Hub/LC3_conformations_scripts_data/data/dihedrals/raw_data/LC3B_P62_INCLUDED/SIM_1/psi/orderness_indicator.py:92: PerformanceWarning: DataFrame is highly fragmented.  This is usually the result of calling `frame.insert` many times, which has poor performance.  Consider joining all columns at once using pd.concat(axis=1) instead. To get a de-fragmented frame, use `newframe = frame.copy()`
  LC3B_ORDERNESS_states[cols]=ORDERNESS_S
/Volumes/Seagate Hub/LC3_conformations_scripts_data/data/dihedrals/raw_data/LC3B_P62_INCLUDED/SIM_1/psi/orderness_indicator.py:92: PerformanceWarning: DataFrame is highly fragmented.  This is usually the result of calling `frame.insert` many times, which has poor performance.  Consider joining all columns at once using pd.concat(axis=1) instead. To get a de-fragmented frame, use `newframe = frame.copy()`
  LC3B_ORDERNESS_states[cols]=ORDERNESS_S
/Volumes/Seagate Hub/LC3_conformations_scripts_data/data/dihedrals/raw_data/LC3B_P62_INCLUDED/SIM_1/psi/orderness_indicator.py:92: PerformanceWarning: DataFrame is highly fragmented.  This is usually the result of calling `frame.insert` many times, which has poor performance.  Consider joining all columns at once using pd.concat(axis=1) instead. To get a de-fragmented frame, use `newframe = frame.copy()`
  LC3B_ORDERNESS_states[cols]=ORDERNESS_S
/Volumes/Seagate Hub/LC3_conformations_scripts_data/data/dihedrals/raw_data/LC3B_P62_INCLUDED/SIM_1/psi/orderness_indicator.py:92: PerformanceWarning: DataFrame is highly fragmented.  This is usually the result of calling `frame.insert` many times, which has poor performance.  Consider joining all columns at once using pd.concat(axis=1) instead. To get a de-fragmented frame, use `newframe = frame.copy()`
  LC3B_ORDERNESS_states[cols]=ORDERNESS_S
/Volumes/Seagate Hub/LC3_conformations_scripts_data/data/dihedrals/raw_data/LC3B_P62_INCLUDED/SIM_1/psi/orderness_indicator.py:92: PerformanceWarning: DataFrame is highly fragmented.  This is usually the result of calling `frame.insert` many times, which has poor performance.  Consider joining all columns at once using pd.concat(axis=1) instead. To get a de-fragmented frame, use `newframe = frame.copy()`
  LC3B_ORDERNESS_states[cols]=ORDERNESS_S
/Volumes/Seagate Hub/LC3_conformations_scripts_data/data/dihedrals/raw_data/LC3B_P62_INCLUDED/SIM_1/psi/orderness_indicator.py:92: PerformanceWarning: DataFrame is highly fragmented.  This is usually the result of calling `frame.insert` many times, which has poor performance.  Consider joining all columns at once using pd.concat(axis=1) instead. To get a de-fragmented frame, use `newframe = frame.copy()`
  LC3B_ORDERNESS_states[cols]=ORDERNESS_S
/Volumes/Seagate Hub/LC3_conformations_scripts_data/data/dihedrals/raw_data/LC3B_P62_INCLUDED/SIM_1/psi/orderness_indicator.py:92: PerformanceWarning: DataFrame is highly fragmented.  This is usually the result of calling `frame.insert` many times, which has poor performance.  Consider joining all columns at once using pd.concat(axis=1) instead. To get a de-fragmented frame, use `newframe = frame.copy()`
  LC3B_ORDERNESS_states[cols]=ORDERNESS_S
/Volumes/Seagate Hub/LC3_conformations_scripts_data/data/dihedrals/raw_data/LC3B_P62_INCLUDED/SIM_1/psi/orderness_indicator.py:92: PerformanceWarning: DataFrame is highly fragmented.  This is usually the result of calling `frame.insert` many times, which has poor performance.  Consider joining all columns at once using pd.concat(axis=1) instead. To get a de-fragmented frame, use `newframe = frame.copy()`
  LC3B_ORDERNESS_states[cols]=ORDERNESS_S
/Volumes/Seagate Hub/LC3_conformations_scripts_data/data/dihedrals/raw_data/LC3B_P62_INCLUDED/SIM_1/psi/orderness_indicator.py:92: PerformanceWarning: DataFrame is highly fragmented.  This is usually the result of calling `frame.insert` many times, which has poor performance.  Consider joining all columns at once using pd.concat(axis=1) instead. To get a de-fragmented frame, use `newframe = frame.copy()`
  LC3B_ORDERNESS_states[cols]=ORDERNESS_S
/Volumes/Seagate Hub/LC3_conformations_scripts_data/data/dihedrals/raw_data/LC3B_P62_INCLUDED/SIM_1/psi/orderness_indicator.py:92: PerformanceWarning: DataFrame is highly fragmented.  This is usually the result of calling `frame.insert` many times, which has poor performance.  Consider joining all columns at once using pd.concat(axis=1) instead. To get a de-fragmented frame, use `newframe = frame.copy()`
  LC3B_ORDERNESS_states[cols]=ORDERNESS_S
/Volumes/Seagate Hub/LC3_conformations_scripts_data/data/dihedrals/raw_data/LC3B_P62_INCLUDED/SIM_1/psi/orderness_indicator.py:92: PerformanceWarning: DataFrame is highly fragmented.  This is usually the result of calling `frame.insert` many times, which has poor performance.  Consider joining all columns at once using pd.concat(axis=1) instead. To get a de-fragmented frame, use `newframe = frame.copy()`
  LC3B_ORDERNESS_states[cols]=ORDERNESS_S
/Volumes/Seagate Hub/LC3_conformations_scripts_data/data/dihedrals/raw_data/LC3B_P62_INCLUDED/SIM_1/psi/orderness_indicator.py:92: PerformanceWarning: DataFrame is highly fragmented.  This is usually the result of calling `frame.insert` many times, which has poor performance.  Consider joining all columns at once using pd.concat(axis=1) instead. To get a de-fragmented frame, use `newframe = frame.copy()`
  LC3B_ORDERNESS_states[cols]=ORDERNESS_S
/Volumes/Seagate Hub/LC3_conformations_scripts_data/data/dihedrals/raw_data/LC3B_P62_INCLUDED/SIM_1/psi/orderness_indicator.py:92: PerformanceWarning: DataFrame is highly fragmented.  This is usually the result of calling `frame.insert` many times, which has poor performance.  Consider joining all columns at once using pd.concat(axis=1) instead. To get a de-fragmented frame, use `newframe = frame.copy()`
  LC3B_ORDERNESS_states[cols]=ORDERNESS_S
/Volumes/Seagate Hub/LC3_conformations_scripts_data/data/dihedrals/raw_data/LC3B_P62_INCLUDED/SIM_1/psi/orderness_indicator.py:92: PerformanceWarning: DataFrame is highly fragmented.  This is usually the result of calling `frame.insert` many times, which has poor performance.  Consider joining all columns at once using pd.concat(axis=1) instead. To get a de-fragmented frame, use `newframe = frame.copy()`
  LC3B_ORDERNESS_states[cols]=ORDERNESS_S
/Volumes/Seagate Hub/LC3_conformations_scripts_data/data/dihedrals/raw_data/LC3B_P62_INCLUDED/SIM_1/psi/orderness_indicator.py:92: PerformanceWarning: DataFrame is highly fragmented.  This is usually the result of calling `frame.insert` many times, which has poor performance.  Consider joining all columns at once using pd.concat(axis=1) instead. To get a de-fragmented frame, use `newframe = frame.copy()`
  LC3B_ORDERNESS_states[cols]=ORDERNESS_S
/Volumes/Seagate Hub/LC3_conformations_scripts_data/data/dihedrals/raw_data/LC3B_P62_INCLUDED/SIM_1/psi/orderness_indicator.py:92: PerformanceWarning: DataFrame is highly fragmented.  This is usually the result of calling `frame.insert` many times, which has poor performance.  Consider joining all columns at once using pd.concat(axis=1) instead. To get a de-fragmented frame, use `newframe = frame.copy()`
  LC3B_ORDERNESS_states[cols]=ORDERNESS_S
/Volumes/Seagate Hub/LC3_conformations_scripts_data/data/dihedrals/raw_data/LC3B_P62_INCLUDED/SIM_1/psi/orderness_indicator.py:92: PerformanceWarning: DataFrame is highly fragmented.  This is usually the result of calling `frame.insert` many times, which has poor performance.  Consider joining all columns at once using pd.concat(axis=1) instead. To get a de-fragmented frame, use `newframe = frame.copy()`
  LC3B_ORDERNESS_states[cols]=ORDERNESS_S
/Volumes/Seagate Hub/LC3_conformations_scripts_data/data/dihedrals/raw_data/LC3B_P62_INCLUDED/SIM_1/psi/orderness_indicator.py:92: PerformanceWarning: DataFrame is highly fragmented.  This is usually the result of calling `frame.insert` many times, which has poor performance.  Consider joining all columns at once using pd.concat(axis=1) instead. To get a de-fragmented frame, use `newframe = frame.copy()`
  LC3B_ORDERNESS_states[cols]=ORDERNESS_S
/Volumes/Seagate Hub/LC3_conformations_scripts_data/data/dihedrals/raw_data/LC3B_P62_INCLUDED/SIM_1/psi/orderness_indicator.py:92: PerformanceWarning: DataFrame is highly fragmented.  This is usually the result of calling `frame.insert` many times, which has poor performance.  Consider joining all columns at once using pd.concat(axis=1) instead. To get a de-fragmented frame, use `newframe = frame.copy()`
  LC3B_ORDERNESS_states[cols]=ORDERNESS_S
/Users/jesucastin/anaconda3/lib/python3.11/site-packages/pandas/core/arrays/masked.py:60: UserWarning: Pandas requires version '1.3.6' or newer of 'bottleneck' (version '1.3.5' currently installed).
  from pandas.core import (
/Volumes/Seagate Hub/LC3_conformations_scripts_data/data/dihedrals/raw_data/LC3B_P62_INCLUDED/SIM_1/phi/orderness_indicator.py:29: PerformanceWarning: DataFrame is highly fragmented.  This is usually the result of calling `frame.insert` many times, which has poor performance.  Consider joining all columns at once using pd.concat(axis=1) instead. To get a de-fragmented frame, use `newframe = frame.copy()`
  LC3B_transition_states[cols]=transition_indicator_ls
/Volumes/Seagate Hub/LC3_conformations_scripts_data/data/dihedrals/raw_data/LC3B_P62_INCLUDED/SIM_1/phi/orderness_indicator.py:29: PerformanceWarning: DataFrame is highly fragmented.  This is usually the result of calling `frame.insert` many times, which has poor performance.  Consider joining all columns at once using pd.concat(axis=1) instead. To get a de-fragmented frame, use `newframe = frame.copy()`
  LC3B_transition_states[cols]=transition_indicator_ls
/Volumes/Seagate Hub/LC3_conformations_scripts_data/data/dihedrals/raw_data/LC3B_P62_INCLUDED/SIM_1/phi/orderness_indicator.py:29: PerformanceWarning: DataFrame is highly fragmented.  This is usually the result of calling `frame.insert` many times, which has poor performance.  Consider joining all columns at once using pd.concat(axis=1) instead. To get a de-fragmented frame, use `newframe = frame.copy()`
  LC3B_transition_states[cols]=transition_indicator_ls
/Volumes/Seagate Hub/LC3_conformations_scripts_data/data/dihedrals/raw_data/LC3B_P62_INCLUDED/SIM_1/phi/orderness_indicator.py:29: PerformanceWarning: DataFrame is highly fragmented.  This is usually the result of calling `frame.insert` many times, which has poor performance.  Consider joining all columns at once using pd.concat(axis=1) instead. To get a de-fragmented frame, use `newframe = frame.copy()`
  LC3B_transition_states[cols]=transition_indicator_ls
/Volumes/Seagate Hub/LC3_conformations_scripts_data/data/dihedrals/raw_data/LC3B_P62_INCLUDED/SIM_1/phi/orderness_indicator.py:29: PerformanceWarning: DataFrame is highly fragmented.  This is usually the result of calling `frame.insert` many times, which has poor performance.  Consider joining all columns at once using pd.concat(axis=1) instead. To get a de-fragmented frame, use `newframe = frame.copy()`
  LC3B_transition_states[cols]=transition_indicator_ls
/Volumes/Seagate Hub/LC3_conformations_scripts_data/data/dihedrals/raw_data/LC3B_P62_INCLUDED/SIM_1/phi/orderness_indicator.py:29: PerformanceWarning: DataFrame is highly fragmented.  This is usually the result of calling `frame.insert` many times, which has poor performance.  Consider joining all columns at once using pd.concat(axis=1) instead. To get a de-fragmented frame, use `newframe = frame.copy()`
  LC3B_transition_states[cols]=transition_indicator_ls
/Volumes/Seagate Hub/LC3_conformations_scripts_data/data/dihedrals/raw_data/LC3B_P62_INCLUDED/SIM_1/phi/orderness_indicator.py:29: PerformanceWarning: DataFrame is highly fragmented.  This is usually the result of calling `frame.insert` many times, which has poor performance.  Consider joining all columns at once using pd.concat(axis=1) instead. To get a de-fragmented frame, use `newframe = frame.copy()`
  LC3B_transition_states[cols]=transition_indicator_ls
/Volumes/Seagate Hub/LC3_conformations_scripts_data/data/dihedrals/raw_data/LC3B_P62_INCLUDED/SIM_1/phi/orderness_indicator.py:29: PerformanceWarning: DataFrame is highly fragmented.  This is usually the result of calling `frame.insert` many times, which has poor performance.  Consider joining all columns at once using pd.concat(axis=1) instead. To get a de-fragmented frame, use `newframe = frame.copy()`
  LC3B_transition_states[cols]=transition_indicator_ls
/Volumes/Seagate Hub/LC3_conformations_scripts_data/data/dihedrals/raw_data/LC3B_P62_INCLUDED/SIM_1/phi/orderness_indicator.py:29: PerformanceWarning: DataFrame is highly fragmented.  This is usually the result of calling `frame.insert` many times, which has poor performance.  Consider joining all columns at once using pd.concat(axis=1) instead. To get a de-fragmented frame, use `newframe = frame.copy()`
  LC3B_transition_states[cols]=transition_indicator_ls
/Volumes/Seagate Hub/LC3_conformations_scripts_data/data/dihedrals/raw_data/LC3B_P62_INCLUDED/SIM_1/phi/orderness_indicator.py:29: PerformanceWarning: DataFrame is highly fragmented.  This is usually the result of calling `frame.insert` many times, which has poor performance.  Consider joining all columns at once using pd.concat(axis=1) instead. To get a de-fragmented frame, use `newframe = frame.copy()`
  LC3B_transition_states[cols]=transition_indicator_ls
/Volumes/Seagate Hub/LC3_conformations_scripts_data/data/dihedrals/raw_data/LC3B_P62_INCLUDED/SIM_1/phi/orderness_indicator.py:29: PerformanceWarning: DataFrame is highly fragmented.  This is usually the result of calling `frame.insert` many times, which has poor performance.  Consider joining all columns at once using pd.concat(axis=1) instead. To get a de-fragmented frame, use `newframe = frame.copy()`
  LC3B_transition_states[cols]=transition_indicator_ls
/Volumes/Seagate Hub/LC3_conformations_scripts_data/data/dihedrals/raw_data/LC3B_P62_INCLUDED/SIM_1/phi/orderness_indicator.py:29: PerformanceWarning: DataFrame is highly fragmented.  This is usually the result of calling `frame.insert` many times, which has poor performance.  Consider joining all columns at once using pd.concat(axis=1) instead. To get a de-fragmented frame, use `newframe = frame.copy()`
  LC3B_transition_states[cols]=transition_indicator_ls
/Volumes/Seagate Hub/LC3_conformations_scripts_data/data/dihedrals/raw_data/LC3B_P62_INCLUDED/SIM_1/phi/orderness_indicator.py:29: PerformanceWarning: DataFrame is highly fragmented.  This is usually the result of calling `frame.insert` many times, which has poor performance.  Consider joining all columns at once using pd.concat(axis=1) instead. To get a de-fragmented frame, use `newframe = frame.copy()`
  LC3B_transition_states[cols]=transition_indicator_ls
/Volumes/Seagate Hub/LC3_conformations_scripts_data/data/dihedrals/raw_data/LC3B_P62_INCLUDED/SIM_1/phi/orderness_indicator.py:29: PerformanceWarning: DataFrame is highly fragmented.  This is usually the result of calling `frame.insert` many times, which has poor performance.  Consider joining all columns at once using pd.concat(axis=1) instead. To get a de-fragmented frame, use `newframe = frame.copy()`
  LC3B_transition_states[cols]=transition_indicator_ls
/Volumes/Seagate Hub/LC3_conformations_scripts_data/data/dihedrals/raw_data/LC3B_P62_INCLUDED/SIM_1/phi/orderness_indicator.py:29: PerformanceWarning: DataFrame is highly fragmented.  This is usually the result of calling `frame.insert` many times, which has poor performance.  Consider joining all columns at once using pd.concat(axis=1) instead. To get a de-fragmented frame, use `newframe = frame.copy()`
  LC3B_transition_states[cols]=transition_indicator_ls
/Volumes/Seagate Hub/LC3_conformations_scripts_data/data/dihedrals/raw_data/LC3B_P62_INCLUDED/SIM_1/phi/orderness_indicator.py:29: PerformanceWarning: DataFrame is highly fragmented.  This is usually the result of calling `frame.insert` many times, which has poor performance.  Consider joining all columns at once using pd.concat(axis=1) instead. To get a de-fragmented frame, use `newframe = frame.copy()`
  LC3B_transition_states[cols]=transition_indicator_ls
/Volumes/Seagate Hub/LC3_conformations_scripts_data/data/dihedrals/raw_data/LC3B_P62_INCLUDED/SIM_1/phi/orderness_indicator.py:29: PerformanceWarning: DataFrame is highly fragmented.  This is usually the result of calling `frame.insert` many times, which has poor performance.  Consider joining all columns at once using pd.concat(axis=1) instead. To get a de-fragmented frame, use `newframe = frame.copy()`
  LC3B_transition_states[cols]=transition_indicator_ls
/Volumes/Seagate Hub/LC3_conformations_scripts_data/data/dihedrals/raw_data/LC3B_P62_INCLUDED/SIM_1/phi/orderness_indicator.py:29: PerformanceWarning: DataFrame is highly fragmented.  This is usually the result of calling `frame.insert` many times, which has poor performance.  Consider joining all columns at once using pd.concat(axis=1) instead. To get a de-fragmented frame, use `newframe = frame.copy()`
  LC3B_transition_states[cols]=transition_indicator_ls
/Volumes/Seagate Hub/LC3_conformations_scripts_data/data/dihedrals/raw_data/LC3B_P62_INCLUDED/SIM_1/phi/orderness_indicator.py:29: PerformanceWarning: DataFrame is highly fragmented.  This is usually the result of calling `frame.insert` many times, which has poor performance.  Consider joining all columns at once using pd.concat(axis=1) instead. To get a de-fragmented frame, use `newframe = frame.copy()`
  LC3B_transition_states[cols]=transition_indicator_ls
/Volumes/Seagate Hub/LC3_conformations_scripts_data/data/dihedrals/raw_data/LC3B_P62_INCLUDED/SIM_1/phi/orderness_indicator.py:29: PerformanceWarning: DataFrame is highly fragmented.  This is usually the result of calling `frame.insert` many times, which has poor performance.  Consider joining all columns at once using pd.concat(axis=1) instead. To get a de-fragmented frame, use `newframe = frame.copy()`
  LC3B_transition_states[cols]=transition_indicator_ls
/Volumes/Seagate Hub/LC3_conformations_scripts_data/data/dihedrals/raw_data/LC3B_P62_INCLUDED/SIM_1/phi/orderness_indicator.py:29: PerformanceWarning: DataFrame is highly fragmented.  This is usually the result of calling `frame.insert` many times, which has poor performance.  Consider joining all columns at once using pd.concat(axis=1) instead. To get a de-fragmented frame, use `newframe = frame.copy()`
  LC3B_transition_states[cols]=transition_indicator_ls
/Volumes/Seagate Hub/LC3_conformations_scripts_data/data/dihedrals/raw_data/LC3B_P62_INCLUDED/SIM_1/phi/orderness_indicator.py:29: PerformanceWarning: DataFrame is highly fragmented.  This is usually the result of calling `frame.insert` many times, which has poor performance.  Consider joining all columns at once using pd.concat(axis=1) instead. To get a de-fragmented frame, use `newframe = frame.copy()`
  LC3B_transition_states[cols]=transition_indicator_ls
/Volumes/Seagate Hub/LC3_conformations_scripts_data/data/dihedrals/raw_data/LC3B_P62_INCLUDED/SIM_1/phi/orderness_indicator.py:29: PerformanceWarning: DataFrame is highly fragmented.  This is usually the result of calling `frame.insert` many times, which has poor performance.  Consider joining all columns at once using pd.concat(axis=1) instead. To get a de-fragmented frame, use `newframe = frame.copy()`
  LC3B_transition_states[cols]=transition_indicator_ls
/Volumes/Seagate Hub/LC3_conformations_scripts_data/data/dihedrals/raw_data/LC3B_P62_INCLUDED/SIM_1/phi/orderness_indicator.py:29: PerformanceWarning: DataFrame is highly fragmented.  This is usually the result of calling `frame.insert` many times, which has poor performance.  Consider joining all columns at once using pd.concat(axis=1) instead. To get a de-fragmented frame, use `newframe = frame.copy()`
  LC3B_transition_states[cols]=transition_indicator_ls
/Volumes/Seagate Hub/LC3_conformations_scripts_data/data/dihedrals/raw_data/LC3B_P62_INCLUDED/SIM_1/phi/orderness_indicator.py:29: PerformanceWarning: DataFrame is highly fragmented.  This is usually the result of calling `frame.insert` many times, which has poor performance.  Consider joining all columns at once using pd.concat(axis=1) instead. To get a de-fragmented frame, use `newframe = frame.copy()`
  LC3B_transition_states[cols]=transition_indicator_ls
/Volumes/Seagate Hub/LC3_conformations_scripts_data/data/dihedrals/raw_data/LC3B_P62_INCLUDED/SIM_1/phi/orderness_indicator.py:29: PerformanceWarning: DataFrame is highly fragmented.  This is usually the result of calling `frame.insert` many times, which has poor performance.  Consider joining all columns at once using pd.concat(axis=1) instead. To get a de-fragmented frame, use `newframe = frame.copy()`
  LC3B_transition_states[cols]=transition_indicator_ls
/Volumes/Seagate Hub/LC3_conformations_scripts_data/data/dihedrals/raw_data/LC3B_P62_INCLUDED/SIM_1/phi/orderness_indicator.py:92: PerformanceWarning: DataFrame is highly fragmented.  This is usually the result of calling `frame.insert` many times, which has poor performance.  Consider joining all columns at once using pd.concat(axis=1) instead. To get a de-fragmented frame, use `newframe = frame.copy()`
  LC3B_ORDERNESS_states[cols]=ORDERNESS_S
/Volumes/Seagate Hub/LC3_conformations_scripts_data/data/dihedrals/raw_data/LC3B_P62_INCLUDED/SIM_1/phi/orderness_indicator.py:92: PerformanceWarning: DataFrame is highly fragmented.  This is usually the result of calling `frame.insert` many times, which has poor performance.  Consider joining all columns at once using pd.concat(axis=1) instead. To get a de-fragmented frame, use `newframe = frame.copy()`
  LC3B_ORDERNESS_states[cols]=ORDERNESS_S
/Volumes/Seagate Hub/LC3_conformations_scripts_data/data/dihedrals/raw_data/LC3B_P62_INCLUDED/SIM_1/phi/orderness_indicator.py:92: PerformanceWarning: DataFrame is highly fragmented.  This is usually the result of calling `frame.insert` many times, which has poor performance.  Consider joining all columns at once using pd.concat(axis=1) instead. To get a de-fragmented frame, use `newframe = frame.copy()`
  LC3B_ORDERNESS_states[cols]=ORDERNESS_S
/Volumes/Seagate Hub/LC3_conformations_scripts_data/data/dihedrals/raw_data/LC3B_P62_INCLUDED/SIM_1/phi/orderness_indicator.py:92: PerformanceWarning: DataFrame is highly fragmented.  This is usually the result of calling `frame.insert` many times, which has poor performance.  Consider joining all columns at once using pd.concat(axis=1) instead. To get a de-fragmented frame, use `newframe = frame.copy()`
  LC3B_ORDERNESS_states[cols]=ORDERNESS_S
/Volumes/Seagate Hub/LC3_conformations_scripts_data/data/dihedrals/raw_data/LC3B_P62_INCLUDED/SIM_1/phi/orderness_indicator.py:92: PerformanceWarning: DataFrame is highly fragmented.  This is usually the result of calling `frame.insert` many times, which has poor performance.  Consider joining all columns at once using pd.concat(axis=1) instead. To get a de-fragmented frame, use `newframe = frame.copy()`
  LC3B_ORDERNESS_states[cols]=ORDERNESS_S
/Volumes/Seagate Hub/LC3_conformations_scripts_data/data/dihedrals/raw_data/LC3B_P62_INCLUDED/SIM_1/phi/orderness_indicator.py:92: PerformanceWarning: DataFrame is highly fragmented.  This is usually the result of calling `frame.insert` many times, which has poor performance.  Consider joining all columns at once using pd.concat(axis=1) instead. To get a de-fragmented frame, use `newframe = frame.copy()`
  LC3B_ORDERNESS_states[cols]=ORDERNESS_S
/Volumes/Seagate Hub/LC3_conformations_scripts_data/data/dihedrals/raw_data/LC3B_P62_INCLUDED/SIM_1/phi/orderness_indicator.py:92: PerformanceWarning: DataFrame is highly fragmented.  This is usually the result of calling `frame.insert` many times, which has poor performance.  Consider joining all columns at once using pd.concat(axis=1) instead. To get a de-fragmented frame, use `newframe = frame.copy()`
  LC3B_ORDERNESS_states[cols]=ORDERNESS_S
/Volumes/Seagate Hub/LC3_conformations_scripts_data/data/dihedrals/raw_data/LC3B_P62_INCLUDED/SIM_1/phi/orderness_indicator.py:92: PerformanceWarning: DataFrame is highly fragmented.  This is usually the result of calling `frame.insert` many times, which has poor performance.  Consider joining all columns at once using pd.concat(axis=1) instead. To get a de-fragmented frame, use `newframe = frame.copy()`
  LC3B_ORDERNESS_states[cols]=ORDERNESS_S
/Volumes/Seagate Hub/LC3_conformations_scripts_data/data/dihedrals/raw_data/LC3B_P62_INCLUDED/SIM_1/phi/orderness_indicator.py:92: PerformanceWarning: DataFrame is highly fragmented.  This is usually the result of calling `frame.insert` many times, which has poor performance.  Consider joining all columns at once using pd.concat(axis=1) instead. To get a de-fragmented frame, use `newframe = frame.copy()`
  LC3B_ORDERNESS_states[cols]=ORDERNESS_S
/Volumes/Seagate Hub/LC3_conformations_scripts_data/data/dihedrals/raw_data/LC3B_P62_INCLUDED/SIM_1/phi/orderness_indicator.py:92: PerformanceWarning: DataFrame is highly fragmented.  This is usually the result of calling `frame.insert` many times, which has poor performance.  Consider joining all columns at once using pd.concat(axis=1) instead. To get a de-fragmented frame, use `newframe = frame.copy()`
  LC3B_ORDERNESS_states[cols]=ORDERNESS_S
/Volumes/Seagate Hub/LC3_conformations_scripts_data/data/dihedrals/raw_data/LC3B_P62_INCLUDED/SIM_1/phi/orderness_indicator.py:92: PerformanceWarning: DataFrame is highly fragmented.  This is usually the result of calling `frame.insert` many times, which has poor performance.  Consider joining all columns at once using pd.concat(axis=1) instead. To get a de-fragmented frame, use `newframe = frame.copy()`
  LC3B_ORDERNESS_states[cols]=ORDERNESS_S
/Volumes/Seagate Hub/LC3_conformations_scripts_data/data/dihedrals/raw_data/LC3B_P62_INCLUDED/SIM_1/phi/orderness_indicator.py:92: PerformanceWarning: DataFrame is highly fragmented.  This is usually the result of calling `frame.insert` many times, which has poor performance.  Consider joining all columns at once using pd.concat(axis=1) instead. To get a de-fragmented frame, use `newframe = frame.copy()`
  LC3B_ORDERNESS_states[cols]=ORDERNESS_S
/Volumes/Seagate Hub/LC3_conformations_scripts_data/data/dihedrals/raw_data/LC3B_P62_INCLUDED/SIM_1/phi/orderness_indicator.py:92: PerformanceWarning: DataFrame is highly fragmented.  This is usually the result of calling `frame.insert` many times, which has poor performance.  Consider joining all columns at once using pd.concat(axis=1) instead. To get a de-fragmented frame, use `newframe = frame.copy()`
  LC3B_ORDERNESS_states[cols]=ORDERNESS_S
/Volumes/Seagate Hub/LC3_conformations_scripts_data/data/dihedrals/raw_data/LC3B_P62_INCLUDED/SIM_1/phi/orderness_indicator.py:92: PerformanceWarning: DataFrame is highly fragmented.  This is usually the result of calling `frame.insert` many times, which has poor performance.  Consider joining all columns at once using pd.concat(axis=1) instead. To get a de-fragmented frame, use `newframe = frame.copy()`
  LC3B_ORDERNESS_states[cols]=ORDERNESS_S
/Volumes/Seagate Hub/LC3_conformations_scripts_data/data/dihedrals/raw_data/LC3B_P62_INCLUDED/SIM_1/phi/orderness_indicator.py:92: PerformanceWarning: DataFrame is highly fragmented.  This is usually the result of calling `frame.insert` many times, which has poor performance.  Consider joining all columns at once using pd.concat(axis=1) instead. To get a de-fragmented frame, use `newframe = frame.copy()`
  LC3B_ORDERNESS_states[cols]=ORDERNESS_S
/Volumes/Seagate Hub/LC3_conformations_scripts_data/data/dihedrals/raw_data/LC3B_P62_INCLUDED/SIM_1/phi/orderness_indicator.py:92: PerformanceWarning: DataFrame is highly fragmented.  This is usually the result of calling `frame.insert` many times, which has poor performance.  Consider joining all columns at once using pd.concat(axis=1) instead. To get a de-fragmented frame, use `newframe = frame.copy()`
  LC3B_ORDERNESS_states[cols]=ORDERNESS_S
/Volumes/Seagate Hub/LC3_conformations_scripts_data/data/dihedrals/raw_data/LC3B_P62_INCLUDED/SIM_1/phi/orderness_indicator.py:92: PerformanceWarning: DataFrame is highly fragmented.  This is usually the result of calling `frame.insert` many times, which has poor performance.  Consider joining all columns at once using pd.concat(axis=1) instead. To get a de-fragmented frame, use `newframe = frame.copy()`
  LC3B_ORDERNESS_states[cols]=ORDERNESS_S
/Volumes/Seagate Hub/LC3_conformations_scripts_data/data/dihedrals/raw_data/LC3B_P62_INCLUDED/SIM_1/phi/orderness_indicator.py:92: PerformanceWarning: DataFrame is highly fragmented.  This is usually the result of calling `frame.insert` many times, which has poor performance.  Consider joining all columns at once using pd.concat(axis=1) instead. To get a de-fragmented frame, use `newframe = frame.copy()`
  LC3B_ORDERNESS_states[cols]=ORDERNESS_S
/Volumes/Seagate Hub/LC3_conformations_scripts_data/data/dihedrals/raw_data/LC3B_P62_INCLUDED/SIM_1/phi/orderness_indicator.py:92: PerformanceWarning: DataFrame is highly fragmented.  This is usually the result of calling `frame.insert` many times, which has poor performance.  Consider joining all columns at once using pd.concat(axis=1) instead. To get a de-fragmented frame, use `newframe = frame.copy()`
  LC3B_ORDERNESS_states[cols]=ORDERNESS_S
/Volumes/Seagate Hub/LC3_conformations_scripts_data/data/dihedrals/raw_data/LC3B_P62_INCLUDED/SIM_1/phi/orderness_indicator.py:92: PerformanceWarning: DataFrame is highly fragmented.  This is usually the result of calling `frame.insert` many times, which has poor performance.  Consider joining all columns at once using pd.concat(axis=1) instead. To get a de-fragmented frame, use `newframe = frame.copy()`
  LC3B_ORDERNESS_states[cols]=ORDERNESS_S
/Volumes/Seagate Hub/LC3_conformations_scripts_data/data/dihedrals/raw_data/LC3B_P62_INCLUDED/SIM_1/phi/orderness_indicator.py:92: PerformanceWarning: DataFrame is highly fragmented.  This is usually the result of calling `frame.insert` many times, which has poor performance.  Consider joining all columns at once using pd.concat(axis=1) instead. To get a de-fragmented frame, use `newframe = frame.copy()`
  LC3B_ORDERNESS_states[cols]=ORDERNESS_S
/Volumes/Seagate Hub/LC3_conformations_scripts_data/data/dihedrals/raw_data/LC3B_P62_INCLUDED/SIM_1/phi/orderness_indicator.py:92: PerformanceWarning: DataFrame is highly fragmented.  This is usually the result of calling `frame.insert` many times, which has poor performance.  Consider joining all columns at once using pd.concat(axis=1) instead. To get a de-fragmented frame, use `newframe = frame.copy()`
  LC3B_ORDERNESS_states[cols]=ORDERNESS_S
/Volumes/Seagate Hub/LC3_conformations_scripts_data/data/dihedrals/raw_data/LC3B_P62_INCLUDED/SIM_1/phi/orderness_indicator.py:92: PerformanceWarning: DataFrame is highly fragmented.  This is usually the result of calling `frame.insert` many times, which has poor performance.  Consider joining all columns at once using pd.concat(axis=1) instead. To get a de-fragmented frame, use `newframe = frame.copy()`
  LC3B_ORDERNESS_states[cols]=ORDERNESS_S
/Volumes/Seagate Hub/LC3_conformations_scripts_data/data/dihedrals/raw_data/LC3B_P62_INCLUDED/SIM_1/phi/orderness_indicator.py:92: PerformanceWarning: DataFrame is highly fragmented.  This is usually the result of calling `frame.insert` many times, which has poor performance.  Consider joining all columns at once using pd.concat(axis=1) instead. To get a de-fragmented frame, use `newframe = frame.copy()`
  LC3B_ORDERNESS_states[cols]=ORDERNESS_S
/Volumes/Seagate Hub/LC3_conformations_scripts_data/data/dihedrals/raw_data/LC3B_P62_INCLUDED/SIM_1/phi/orderness_indicator.py:92: PerformanceWarning: DataFrame is highly fragmented.  This is usually the result of calling `frame.insert` many times, which has poor performance.  Consider joining all columns at once using pd.concat(axis=1) instead. To get a de-fragmented frame, use `newframe = frame.copy()`
  LC3B_ORDERNESS_states[cols]=ORDERNESS_S
/Volumes/Seagate Hub/LC3_conformations_scripts_data/data/dihedrals/raw_data/LC3B_P62_INCLUDED/SIM_1/phi/orderness_indicator.py:92: PerformanceWarning: DataFrame is highly fragmented.  This is usually the result of calling `frame.insert` many times, which has poor performance.  Consider joining all columns at once using pd.concat(axis=1) instead. To get a de-fragmented frame, use `newframe = frame.copy()`
  LC3B_ORDERNESS_states[cols]=ORDERNESS_S
I am done with LC3B_P62_INCLUDED
/Users/jesucastin/anaconda3/lib/python3.11/site-packages/pandas/core/arrays/masked.py:60: UserWarning: Pandas requires version '1.3.6' or newer of 'bottleneck' (version '1.3.5' currently installed).
  from pandas.core import (
/Volumes/Seagate Hub/LC3_conformations_scripts_data/data/dihedrals/raw_data/LC3B_P62_INCLUDED/SIM_2/chi1/orderness_indicator.py:29: PerformanceWarning: DataFrame is highly fragmented.  This is usually the result of calling `frame.insert` many times, which has poor performance.  Consider joining all columns at once using pd.concat(axis=1) instead. To get a de-fragmented frame, use `newframe = frame.copy()`
  LC3B_transition_states[cols]=transition_indicator_ls
/Volumes/Seagate Hub/LC3_conformations_scripts_data/data/dihedrals/raw_data/LC3B_P62_INCLUDED/SIM_2/chi1/orderness_indicator.py:29: PerformanceWarning: DataFrame is highly fragmented.  This is usually the result of calling `frame.insert` many times, which has poor performance.  Consider joining all columns at once using pd.concat(axis=1) instead. To get a de-fragmented frame, use `newframe = frame.copy()`
  LC3B_transition_states[cols]=transition_indicator_ls
/Volumes/Seagate Hub/LC3_conformations_scripts_data/data/dihedrals/raw_data/LC3B_P62_INCLUDED/SIM_2/chi1/orderness_indicator.py:29: PerformanceWarning: DataFrame is highly fragmented.  This is usually the result of calling `frame.insert` many times, which has poor performance.  Consider joining all columns at once using pd.concat(axis=1) instead. To get a de-fragmented frame, use `newframe = frame.copy()`
  LC3B_transition_states[cols]=transition_indicator_ls
/Volumes/Seagate Hub/LC3_conformations_scripts_data/data/dihedrals/raw_data/LC3B_P62_INCLUDED/SIM_2/chi1/orderness_indicator.py:29: PerformanceWarning: DataFrame is highly fragmented.  This is usually the result of calling `frame.insert` many times, which has poor performance.  Consider joining all columns at once using pd.concat(axis=1) instead. To get a de-fragmented frame, use `newframe = frame.copy()`
  LC3B_transition_states[cols]=transition_indicator_ls
/Volumes/Seagate Hub/LC3_conformations_scripts_data/data/dihedrals/raw_data/LC3B_P62_INCLUDED/SIM_2/chi1/orderness_indicator.py:29: PerformanceWarning: DataFrame is highly fragmented.  This is usually the result of calling `frame.insert` many times, which has poor performance.  Consider joining all columns at once using pd.concat(axis=1) instead. To get a de-fragmented frame, use `newframe = frame.copy()`
  LC3B_transition_states[cols]=transition_indicator_ls
/Volumes/Seagate Hub/LC3_conformations_scripts_data/data/dihedrals/raw_data/LC3B_P62_INCLUDED/SIM_2/chi1/orderness_indicator.py:29: PerformanceWarning: DataFrame is highly fragmented.  This is usually the result of calling `frame.insert` many times, which has poor performance.  Consider joining all columns at once using pd.concat(axis=1) instead. To get a de-fragmented frame, use `newframe = frame.copy()`
  LC3B_transition_states[cols]=transition_indicator_ls
/Volumes/Seagate Hub/LC3_conformations_scripts_data/data/dihedrals/raw_data/LC3B_P62_INCLUDED/SIM_2/chi1/orderness_indicator.py:29: PerformanceWarning: DataFrame is highly fragmented.  This is usually the result of calling `frame.insert` many times, which has poor performance.  Consider joining all columns at once using pd.concat(axis=1) instead. To get a de-fragmented frame, use `newframe = frame.copy()`
  LC3B_transition_states[cols]=transition_indicator_ls
/Volumes/Seagate Hub/LC3_conformations_scripts_data/data/dihedrals/raw_data/LC3B_P62_INCLUDED/SIM_2/chi1/orderness_indicator.py:29: PerformanceWarning: DataFrame is highly fragmented.  This is usually the result of calling `frame.insert` many times, which has poor performance.  Consider joining all columns at once using pd.concat(axis=1) instead. To get a de-fragmented frame, use `newframe = frame.copy()`
  LC3B_transition_states[cols]=transition_indicator_ls
/Volumes/Seagate Hub/LC3_conformations_scripts_data/data/dihedrals/raw_data/LC3B_P62_INCLUDED/SIM_2/chi1/orderness_indicator.py:29: PerformanceWarning: DataFrame is highly fragmented.  This is usually the result of calling `frame.insert` many times, which has poor performance.  Consider joining all columns at once using pd.concat(axis=1) instead. To get a de-fragmented frame, use `newframe = frame.copy()`
  LC3B_transition_states[cols]=transition_indicator_ls
/Volumes/Seagate Hub/LC3_conformations_scripts_data/data/dihedrals/raw_data/LC3B_P62_INCLUDED/SIM_2/chi1/orderness_indicator.py:29: PerformanceWarning: DataFrame is highly fragmented.  This is usually the result of calling `frame.insert` many times, which has poor performance.  Consider joining all columns at once using pd.concat(axis=1) instead. To get a de-fragmented frame, use `newframe = frame.copy()`
  LC3B_transition_states[cols]=transition_indicator_ls
/Volumes/Seagate Hub/LC3_conformations_scripts_data/data/dihedrals/raw_data/LC3B_P62_INCLUDED/SIM_2/chi1/orderness_indicator.py:29: PerformanceWarning: DataFrame is highly fragmented.  This is usually the result of calling `frame.insert` many times, which has poor performance.  Consider joining all columns at once using pd.concat(axis=1) instead. To get a de-fragmented frame, use `newframe = frame.copy()`
  LC3B_transition_states[cols]=transition_indicator_ls
/Volumes/Seagate Hub/LC3_conformations_scripts_data/data/dihedrals/raw_data/LC3B_P62_INCLUDED/SIM_2/chi1/orderness_indicator.py:29: PerformanceWarning: DataFrame is highly fragmented.  This is usually the result of calling `frame.insert` many times, which has poor performance.  Consider joining all columns at once using pd.concat(axis=1) instead. To get a de-fragmented frame, use `newframe = frame.copy()`
  LC3B_transition_states[cols]=transition_indicator_ls
/Volumes/Seagate Hub/LC3_conformations_scripts_data/data/dihedrals/raw_data/LC3B_P62_INCLUDED/SIM_2/chi1/orderness_indicator.py:29: PerformanceWarning: DataFrame is highly fragmented.  This is usually the result of calling `frame.insert` many times, which has poor performance.  Consider joining all columns at once using pd.concat(axis=1) instead. To get a de-fragmented frame, use `newframe = frame.copy()`
  LC3B_transition_states[cols]=transition_indicator_ls
/Volumes/Seagate Hub/LC3_conformations_scripts_data/data/dihedrals/raw_data/LC3B_P62_INCLUDED/SIM_2/chi1/orderness_indicator.py:29: PerformanceWarning: DataFrame is highly fragmented.  This is usually the result of calling `frame.insert` many times, which has poor performance.  Consider joining all columns at once using pd.concat(axis=1) instead. To get a de-fragmented frame, use `newframe = frame.copy()`
  LC3B_transition_states[cols]=transition_indicator_ls
/Volumes/Seagate Hub/LC3_conformations_scripts_data/data/dihedrals/raw_data/LC3B_P62_INCLUDED/SIM_2/chi1/orderness_indicator.py:29: PerformanceWarning: DataFrame is highly fragmented.  This is usually the result of calling `frame.insert` many times, which has poor performance.  Consider joining all columns at once using pd.concat(axis=1) instead. To get a de-fragmented frame, use `newframe = frame.copy()`
  LC3B_transition_states[cols]=transition_indicator_ls
/Volumes/Seagate Hub/LC3_conformations_scripts_data/data/dihedrals/raw_data/LC3B_P62_INCLUDED/SIM_2/chi1/orderness_indicator.py:29: PerformanceWarning: DataFrame is highly fragmented.  This is usually the result of calling `frame.insert` many times, which has poor performance.  Consider joining all columns at once using pd.concat(axis=1) instead. To get a de-fragmented frame, use `newframe = frame.copy()`
  LC3B_transition_states[cols]=transition_indicator_ls
/Volumes/Seagate Hub/LC3_conformations_scripts_data/data/dihedrals/raw_data/LC3B_P62_INCLUDED/SIM_2/chi1/orderness_indicator.py:29: PerformanceWarning: DataFrame is highly fragmented.  This is usually the result of calling `frame.insert` many times, which has poor performance.  Consider joining all columns at once using pd.concat(axis=1) instead. To get a de-fragmented frame, use `newframe = frame.copy()`
  LC3B_transition_states[cols]=transition_indicator_ls
/Volumes/Seagate Hub/LC3_conformations_scripts_data/data/dihedrals/raw_data/LC3B_P62_INCLUDED/SIM_2/chi1/orderness_indicator.py:29: PerformanceWarning: DataFrame is highly fragmented.  This is usually the result of calling `frame.insert` many times, which has poor performance.  Consider joining all columns at once using pd.concat(axis=1) instead. To get a de-fragmented frame, use `newframe = frame.copy()`
  LC3B_transition_states[cols]=transition_indicator_ls
/Volumes/Seagate Hub/LC3_conformations_scripts_data/data/dihedrals/raw_data/LC3B_P62_INCLUDED/SIM_2/chi1/orderness_indicator.py:29: PerformanceWarning: DataFrame is highly fragmented.  This is usually the result of calling `frame.insert` many times, which has poor performance.  Consider joining all columns at once using pd.concat(axis=1) instead. To get a de-fragmented frame, use `newframe = frame.copy()`
  LC3B_transition_states[cols]=transition_indicator_ls
/Volumes/Seagate Hub/LC3_conformations_scripts_data/data/dihedrals/raw_data/LC3B_P62_INCLUDED/SIM_2/chi1/orderness_indicator.py:29: PerformanceWarning: DataFrame is highly fragmented.  This is usually the result of calling `frame.insert` many times, which has poor performance.  Consider joining all columns at once using pd.concat(axis=1) instead. To get a de-fragmented frame, use `newframe = frame.copy()`
  LC3B_transition_states[cols]=transition_indicator_ls
/Volumes/Seagate Hub/LC3_conformations_scripts_data/data/dihedrals/raw_data/LC3B_P62_INCLUDED/SIM_2/chi1/orderness_indicator.py:92: PerformanceWarning: DataFrame is highly fragmented.  This is usually the result of calling `frame.insert` many times, which has poor performance.  Consider joining all columns at once using pd.concat(axis=1) instead. To get a de-fragmented frame, use `newframe = frame.copy()`
  LC3B_ORDERNESS_states[cols]=ORDERNESS_S
/Volumes/Seagate Hub/LC3_conformations_scripts_data/data/dihedrals/raw_data/LC3B_P62_INCLUDED/SIM_2/chi1/orderness_indicator.py:92: PerformanceWarning: DataFrame is highly fragmented.  This is usually the result of calling `frame.insert` many times, which has poor performance.  Consider joining all columns at once using pd.concat(axis=1) instead. To get a de-fragmented frame, use `newframe = frame.copy()`
  LC3B_ORDERNESS_states[cols]=ORDERNESS_S
/Volumes/Seagate Hub/LC3_conformations_scripts_data/data/dihedrals/raw_data/LC3B_P62_INCLUDED/SIM_2/chi1/orderness_indicator.py:92: PerformanceWarning: DataFrame is highly fragmented.  This is usually the result of calling `frame.insert` many times, which has poor performance.  Consider joining all columns at once using pd.concat(axis=1) instead. To get a de-fragmented frame, use `newframe = frame.copy()`
  LC3B_ORDERNESS_states[cols]=ORDERNESS_S
/Volumes/Seagate Hub/LC3_conformations_scripts_data/data/dihedrals/raw_data/LC3B_P62_INCLUDED/SIM_2/chi1/orderness_indicator.py:92: PerformanceWarning: DataFrame is highly fragmented.  This is usually the result of calling `frame.insert` many times, which has poor performance.  Consider joining all columns at once using pd.concat(axis=1) instead. To get a de-fragmented frame, use `newframe = frame.copy()`
  LC3B_ORDERNESS_states[cols]=ORDERNESS_S
/Volumes/Seagate Hub/LC3_conformations_scripts_data/data/dihedrals/raw_data/LC3B_P62_INCLUDED/SIM_2/chi1/orderness_indicator.py:92: PerformanceWarning: DataFrame is highly fragmented.  This is usually the result of calling `frame.insert` many times, which has poor performance.  Consider joining all columns at once using pd.concat(axis=1) instead. To get a de-fragmented frame, use `newframe = frame.copy()`
  LC3B_ORDERNESS_states[cols]=ORDERNESS_S
/Volumes/Seagate Hub/LC3_conformations_scripts_data/data/dihedrals/raw_data/LC3B_P62_INCLUDED/SIM_2/chi1/orderness_indicator.py:92: PerformanceWarning: DataFrame is highly fragmented.  This is usually the result of calling `frame.insert` many times, which has poor performance.  Consider joining all columns at once using pd.concat(axis=1) instead. To get a de-fragmented frame, use `newframe = frame.copy()`
  LC3B_ORDERNESS_states[cols]=ORDERNESS_S
/Volumes/Seagate Hub/LC3_conformations_scripts_data/data/dihedrals/raw_data/LC3B_P62_INCLUDED/SIM_2/chi1/orderness_indicator.py:92: PerformanceWarning: DataFrame is highly fragmented.  This is usually the result of calling `frame.insert` many times, which has poor performance.  Consider joining all columns at once using pd.concat(axis=1) instead. To get a de-fragmented frame, use `newframe = frame.copy()`
  LC3B_ORDERNESS_states[cols]=ORDERNESS_S
/Volumes/Seagate Hub/LC3_conformations_scripts_data/data/dihedrals/raw_data/LC3B_P62_INCLUDED/SIM_2/chi1/orderness_indicator.py:92: PerformanceWarning: DataFrame is highly fragmented.  This is usually the result of calling `frame.insert` many times, which has poor performance.  Consider joining all columns at once using pd.concat(axis=1) instead. To get a de-fragmented frame, use `newframe = frame.copy()`
  LC3B_ORDERNESS_states[cols]=ORDERNESS_S
/Volumes/Seagate Hub/LC3_conformations_scripts_data/data/dihedrals/raw_data/LC3B_P62_INCLUDED/SIM_2/chi1/orderness_indicator.py:92: PerformanceWarning: DataFrame is highly fragmented.  This is usually the result of calling `frame.insert` many times, which has poor performance.  Consider joining all columns at once using pd.concat(axis=1) instead. To get a de-fragmented frame, use `newframe = frame.copy()`
  LC3B_ORDERNESS_states[cols]=ORDERNESS_S
/Volumes/Seagate Hub/LC3_conformations_scripts_data/data/dihedrals/raw_data/LC3B_P62_INCLUDED/SIM_2/chi1/orderness_indicator.py:92: PerformanceWarning: DataFrame is highly fragmented.  This is usually the result of calling `frame.insert` many times, which has poor performance.  Consider joining all columns at once using pd.concat(axis=1) instead. To get a de-fragmented frame, use `newframe = frame.copy()`
  LC3B_ORDERNESS_states[cols]=ORDERNESS_S
/Volumes/Seagate Hub/LC3_conformations_scripts_data/data/dihedrals/raw_data/LC3B_P62_INCLUDED/SIM_2/chi1/orderness_indicator.py:92: PerformanceWarning: DataFrame is highly fragmented.  This is usually the result of calling `frame.insert` many times, which has poor performance.  Consider joining all columns at once using pd.concat(axis=1) instead. To get a de-fragmented frame, use `newframe = frame.copy()`
  LC3B_ORDERNESS_states[cols]=ORDERNESS_S
/Volumes/Seagate Hub/LC3_conformations_scripts_data/data/dihedrals/raw_data/LC3B_P62_INCLUDED/SIM_2/chi1/orderness_indicator.py:92: PerformanceWarning: DataFrame is highly fragmented.  This is usually the result of calling `frame.insert` many times, which has poor performance.  Consider joining all columns at once using pd.concat(axis=1) instead. To get a de-fragmented frame, use `newframe = frame.copy()`
  LC3B_ORDERNESS_states[cols]=ORDERNESS_S
/Volumes/Seagate Hub/LC3_conformations_scripts_data/data/dihedrals/raw_data/LC3B_P62_INCLUDED/SIM_2/chi1/orderness_indicator.py:92: PerformanceWarning: DataFrame is highly fragmented.  This is usually the result of calling `frame.insert` many times, which has poor performance.  Consider joining all columns at once using pd.concat(axis=1) instead. To get a de-fragmented frame, use `newframe = frame.copy()`
  LC3B_ORDERNESS_states[cols]=ORDERNESS_S
/Volumes/Seagate Hub/LC3_conformations_scripts_data/data/dihedrals/raw_data/LC3B_P62_INCLUDED/SIM_2/chi1/orderness_indicator.py:92: PerformanceWarning: DataFrame is highly fragmented.  This is usually the result of calling `frame.insert` many times, which has poor performance.  Consider joining all columns at once using pd.concat(axis=1) instead. To get a de-fragmented frame, use `newframe = frame.copy()`
  LC3B_ORDERNESS_states[cols]=ORDERNESS_S
/Volumes/Seagate Hub/LC3_conformations_scripts_data/data/dihedrals/raw_data/LC3B_P62_INCLUDED/SIM_2/chi1/orderness_indicator.py:92: PerformanceWarning: DataFrame is highly fragmented.  This is usually the result of calling `frame.insert` many times, which has poor performance.  Consider joining all columns at once using pd.concat(axis=1) instead. To get a de-fragmented frame, use `newframe = frame.copy()`
  LC3B_ORDERNESS_states[cols]=ORDERNESS_S
/Volumes/Seagate Hub/LC3_conformations_scripts_data/data/dihedrals/raw_data/LC3B_P62_INCLUDED/SIM_2/chi1/orderness_indicator.py:92: PerformanceWarning: DataFrame is highly fragmented.  This is usually the result of calling `frame.insert` many times, which has poor performance.  Consider joining all columns at once using pd.concat(axis=1) instead. To get a de-fragmented frame, use `newframe = frame.copy()`
  LC3B_ORDERNESS_states[cols]=ORDERNESS_S
/Volumes/Seagate Hub/LC3_conformations_scripts_data/data/dihedrals/raw_data/LC3B_P62_INCLUDED/SIM_2/chi1/orderness_indicator.py:92: PerformanceWarning: DataFrame is highly fragmented.  This is usually the result of calling `frame.insert` many times, which has poor performance.  Consider joining all columns at once using pd.concat(axis=1) instead. To get a de-fragmented frame, use `newframe = frame.copy()`
  LC3B_ORDERNESS_states[cols]=ORDERNESS_S
/Volumes/Seagate Hub/LC3_conformations_scripts_data/data/dihedrals/raw_data/LC3B_P62_INCLUDED/SIM_2/chi1/orderness_indicator.py:92: PerformanceWarning: DataFrame is highly fragmented.  This is usually the result of calling `frame.insert` many times, which has poor performance.  Consider joining all columns at once using pd.concat(axis=1) instead. To get a de-fragmented frame, use `newframe = frame.copy()`
  LC3B_ORDERNESS_states[cols]=ORDERNESS_S
/Volumes/Seagate Hub/LC3_conformations_scripts_data/data/dihedrals/raw_data/LC3B_P62_INCLUDED/SIM_2/chi1/orderness_indicator.py:92: PerformanceWarning: DataFrame is highly fragmented.  This is usually the result of calling `frame.insert` many times, which has poor performance.  Consider joining all columns at once using pd.concat(axis=1) instead. To get a de-fragmented frame, use `newframe = frame.copy()`
  LC3B_ORDERNESS_states[cols]=ORDERNESS_S
/Volumes/Seagate Hub/LC3_conformations_scripts_data/data/dihedrals/raw_data/LC3B_P62_INCLUDED/SIM_2/chi1/orderness_indicator.py:92: PerformanceWarning: DataFrame is highly fragmented.  This is usually the result of calling `frame.insert` many times, which has poor performance.  Consider joining all columns at once using pd.concat(axis=1) instead. To get a de-fragmented frame, use `newframe = frame.copy()`
  LC3B_ORDERNESS_states[cols]=ORDERNESS_S
/Users/jesucastin/anaconda3/lib/python3.11/site-packages/pandas/core/arrays/masked.py:60: UserWarning: Pandas requires version '1.3.6' or newer of 'bottleneck' (version '1.3.5' currently installed).
  from pandas.core import (
/Users/jesucastin/anaconda3/lib/python3.11/site-packages/pandas/core/arrays/masked.py:60: UserWarning: Pandas requires version '1.3.6' or newer of 'bottleneck' (version '1.3.5' currently installed).
  from pandas.core import (
/Users/jesucastin/anaconda3/lib/python3.11/site-packages/pandas/core/arrays/masked.py:60: UserWarning: Pandas requires version '1.3.6' or newer of 'bottleneck' (version '1.3.5' currently installed).
  from pandas.core import (
/Users/jesucastin/anaconda3/lib/python3.11/site-packages/pandas/core/arrays/masked.py:60: UserWarning: Pandas requires version '1.3.6' or newer of 'bottleneck' (version '1.3.5' currently installed).
  from pandas.core import (
/Volumes/Seagate Hub/LC3_conformations_scripts_data/data/dihedrals/raw_data/LC3B_P62_INCLUDED/SIM_2/psi/orderness_indicator.py:29: PerformanceWarning: DataFrame is highly fragmented.  This is usually the result of calling `frame.insert` many times, which has poor performance.  Consider joining all columns at once using pd.concat(axis=1) instead. To get a de-fragmented frame, use `newframe = frame.copy()`
  LC3B_transition_states[cols]=transition_indicator_ls
/Volumes/Seagate Hub/LC3_conformations_scripts_data/data/dihedrals/raw_data/LC3B_P62_INCLUDED/SIM_2/psi/orderness_indicator.py:29: PerformanceWarning: DataFrame is highly fragmented.  This is usually the result of calling `frame.insert` many times, which has poor performance.  Consider joining all columns at once using pd.concat(axis=1) instead. To get a de-fragmented frame, use `newframe = frame.copy()`
  LC3B_transition_states[cols]=transition_indicator_ls
/Volumes/Seagate Hub/LC3_conformations_scripts_data/data/dihedrals/raw_data/LC3B_P62_INCLUDED/SIM_2/psi/orderness_indicator.py:29: PerformanceWarning: DataFrame is highly fragmented.  This is usually the result of calling `frame.insert` many times, which has poor performance.  Consider joining all columns at once using pd.concat(axis=1) instead. To get a de-fragmented frame, use `newframe = frame.copy()`
  LC3B_transition_states[cols]=transition_indicator_ls
/Volumes/Seagate Hub/LC3_conformations_scripts_data/data/dihedrals/raw_data/LC3B_P62_INCLUDED/SIM_2/psi/orderness_indicator.py:29: PerformanceWarning: DataFrame is highly fragmented.  This is usually the result of calling `frame.insert` many times, which has poor performance.  Consider joining all columns at once using pd.concat(axis=1) instead. To get a de-fragmented frame, use `newframe = frame.copy()`
  LC3B_transition_states[cols]=transition_indicator_ls
/Volumes/Seagate Hub/LC3_conformations_scripts_data/data/dihedrals/raw_data/LC3B_P62_INCLUDED/SIM_2/psi/orderness_indicator.py:29: PerformanceWarning: DataFrame is highly fragmented.  This is usually the result of calling `frame.insert` many times, which has poor performance.  Consider joining all columns at once using pd.concat(axis=1) instead. To get a de-fragmented frame, use `newframe = frame.copy()`
  LC3B_transition_states[cols]=transition_indicator_ls
/Volumes/Seagate Hub/LC3_conformations_scripts_data/data/dihedrals/raw_data/LC3B_P62_INCLUDED/SIM_2/psi/orderness_indicator.py:29: PerformanceWarning: DataFrame is highly fragmented.  This is usually the result of calling `frame.insert` many times, which has poor performance.  Consider joining all columns at once using pd.concat(axis=1) instead. To get a de-fragmented frame, use `newframe = frame.copy()`
  LC3B_transition_states[cols]=transition_indicator_ls
/Volumes/Seagate Hub/LC3_conformations_scripts_data/data/dihedrals/raw_data/LC3B_P62_INCLUDED/SIM_2/psi/orderness_indicator.py:29: PerformanceWarning: DataFrame is highly fragmented.  This is usually the result of calling `frame.insert` many times, which has poor performance.  Consider joining all columns at once using pd.concat(axis=1) instead. To get a de-fragmented frame, use `newframe = frame.copy()`
  LC3B_transition_states[cols]=transition_indicator_ls
/Volumes/Seagate Hub/LC3_conformations_scripts_data/data/dihedrals/raw_data/LC3B_P62_INCLUDED/SIM_2/psi/orderness_indicator.py:29: PerformanceWarning: DataFrame is highly fragmented.  This is usually the result of calling `frame.insert` many times, which has poor performance.  Consider joining all columns at once using pd.concat(axis=1) instead. To get a de-fragmented frame, use `newframe = frame.copy()`
  LC3B_transition_states[cols]=transition_indicator_ls
/Volumes/Seagate Hub/LC3_conformations_scripts_data/data/dihedrals/raw_data/LC3B_P62_INCLUDED/SIM_2/psi/orderness_indicator.py:29: PerformanceWarning: DataFrame is highly fragmented.  This is usually the result of calling `frame.insert` many times, which has poor performance.  Consider joining all columns at once using pd.concat(axis=1) instead. To get a de-fragmented frame, use `newframe = frame.copy()`
  LC3B_transition_states[cols]=transition_indicator_ls
/Volumes/Seagate Hub/LC3_conformations_scripts_data/data/dihedrals/raw_data/LC3B_P62_INCLUDED/SIM_2/psi/orderness_indicator.py:29: PerformanceWarning: DataFrame is highly fragmented.  This is usually the result of calling `frame.insert` many times, which has poor performance.  Consider joining all columns at once using pd.concat(axis=1) instead. To get a de-fragmented frame, use `newframe = frame.copy()`
  LC3B_transition_states[cols]=transition_indicator_ls
/Volumes/Seagate Hub/LC3_conformations_scripts_data/data/dihedrals/raw_data/LC3B_P62_INCLUDED/SIM_2/psi/orderness_indicator.py:29: PerformanceWarning: DataFrame is highly fragmented.  This is usually the result of calling `frame.insert` many times, which has poor performance.  Consider joining all columns at once using pd.concat(axis=1) instead. To get a de-fragmented frame, use `newframe = frame.copy()`
  LC3B_transition_states[cols]=transition_indicator_ls
/Volumes/Seagate Hub/LC3_conformations_scripts_data/data/dihedrals/raw_data/LC3B_P62_INCLUDED/SIM_2/psi/orderness_indicator.py:29: PerformanceWarning: DataFrame is highly fragmented.  This is usually the result of calling `frame.insert` many times, which has poor performance.  Consider joining all columns at once using pd.concat(axis=1) instead. To get a de-fragmented frame, use `newframe = frame.copy()`
  LC3B_transition_states[cols]=transition_indicator_ls
/Volumes/Seagate Hub/LC3_conformations_scripts_data/data/dihedrals/raw_data/LC3B_P62_INCLUDED/SIM_2/psi/orderness_indicator.py:29: PerformanceWarning: DataFrame is highly fragmented.  This is usually the result of calling `frame.insert` many times, which has poor performance.  Consider joining all columns at once using pd.concat(axis=1) instead. To get a de-fragmented frame, use `newframe = frame.copy()`
  LC3B_transition_states[cols]=transition_indicator_ls
/Volumes/Seagate Hub/LC3_conformations_scripts_data/data/dihedrals/raw_data/LC3B_P62_INCLUDED/SIM_2/psi/orderness_indicator.py:29: PerformanceWarning: DataFrame is highly fragmented.  This is usually the result of calling `frame.insert` many times, which has poor performance.  Consider joining all columns at once using pd.concat(axis=1) instead. To get a de-fragmented frame, use `newframe = frame.copy()`
  LC3B_transition_states[cols]=transition_indicator_ls
/Volumes/Seagate Hub/LC3_conformations_scripts_data/data/dihedrals/raw_data/LC3B_P62_INCLUDED/SIM_2/psi/orderness_indicator.py:29: PerformanceWarning: DataFrame is highly fragmented.  This is usually the result of calling `frame.insert` many times, which has poor performance.  Consider joining all columns at once using pd.concat(axis=1) instead. To get a de-fragmented frame, use `newframe = frame.copy()`
  LC3B_transition_states[cols]=transition_indicator_ls
/Volumes/Seagate Hub/LC3_conformations_scripts_data/data/dihedrals/raw_data/LC3B_P62_INCLUDED/SIM_2/psi/orderness_indicator.py:29: PerformanceWarning: DataFrame is highly fragmented.  This is usually the result of calling `frame.insert` many times, which has poor performance.  Consider joining all columns at once using pd.concat(axis=1) instead. To get a de-fragmented frame, use `newframe = frame.copy()`
  LC3B_transition_states[cols]=transition_indicator_ls
/Volumes/Seagate Hub/LC3_conformations_scripts_data/data/dihedrals/raw_data/LC3B_P62_INCLUDED/SIM_2/psi/orderness_indicator.py:29: PerformanceWarning: DataFrame is highly fragmented.  This is usually the result of calling `frame.insert` many times, which has poor performance.  Consider joining all columns at once using pd.concat(axis=1) instead. To get a de-fragmented frame, use `newframe = frame.copy()`
  LC3B_transition_states[cols]=transition_indicator_ls
/Volumes/Seagate Hub/LC3_conformations_scripts_data/data/dihedrals/raw_data/LC3B_P62_INCLUDED/SIM_2/psi/orderness_indicator.py:29: PerformanceWarning: DataFrame is highly fragmented.  This is usually the result of calling `frame.insert` many times, which has poor performance.  Consider joining all columns at once using pd.concat(axis=1) instead. To get a de-fragmented frame, use `newframe = frame.copy()`
  LC3B_transition_states[cols]=transition_indicator_ls
/Volumes/Seagate Hub/LC3_conformations_scripts_data/data/dihedrals/raw_data/LC3B_P62_INCLUDED/SIM_2/psi/orderness_indicator.py:29: PerformanceWarning: DataFrame is highly fragmented.  This is usually the result of calling `frame.insert` many times, which has poor performance.  Consider joining all columns at once using pd.concat(axis=1) instead. To get a de-fragmented frame, use `newframe = frame.copy()`
  LC3B_transition_states[cols]=transition_indicator_ls
/Volumes/Seagate Hub/LC3_conformations_scripts_data/data/dihedrals/raw_data/LC3B_P62_INCLUDED/SIM_2/psi/orderness_indicator.py:29: PerformanceWarning: DataFrame is highly fragmented.  This is usually the result of calling `frame.insert` many times, which has poor performance.  Consider joining all columns at once using pd.concat(axis=1) instead. To get a de-fragmented frame, use `newframe = frame.copy()`
  LC3B_transition_states[cols]=transition_indicator_ls
/Volumes/Seagate Hub/LC3_conformations_scripts_data/data/dihedrals/raw_data/LC3B_P62_INCLUDED/SIM_2/psi/orderness_indicator.py:29: PerformanceWarning: DataFrame is highly fragmented.  This is usually the result of calling `frame.insert` many times, which has poor performance.  Consider joining all columns at once using pd.concat(axis=1) instead. To get a de-fragmented frame, use `newframe = frame.copy()`
  LC3B_transition_states[cols]=transition_indicator_ls
/Volumes/Seagate Hub/LC3_conformations_scripts_data/data/dihedrals/raw_data/LC3B_P62_INCLUDED/SIM_2/psi/orderness_indicator.py:29: PerformanceWarning: DataFrame is highly fragmented.  This is usually the result of calling `frame.insert` many times, which has poor performance.  Consider joining all columns at once using pd.concat(axis=1) instead. To get a de-fragmented frame, use `newframe = frame.copy()`
  LC3B_transition_states[cols]=transition_indicator_ls
/Volumes/Seagate Hub/LC3_conformations_scripts_data/data/dihedrals/raw_data/LC3B_P62_INCLUDED/SIM_2/psi/orderness_indicator.py:29: PerformanceWarning: DataFrame is highly fragmented.  This is usually the result of calling `frame.insert` many times, which has poor performance.  Consider joining all columns at once using pd.concat(axis=1) instead. To get a de-fragmented frame, use `newframe = frame.copy()`
  LC3B_transition_states[cols]=transition_indicator_ls
/Volumes/Seagate Hub/LC3_conformations_scripts_data/data/dihedrals/raw_data/LC3B_P62_INCLUDED/SIM_2/psi/orderness_indicator.py:29: PerformanceWarning: DataFrame is highly fragmented.  This is usually the result of calling `frame.insert` many times, which has poor performance.  Consider joining all columns at once using pd.concat(axis=1) instead. To get a de-fragmented frame, use `newframe = frame.copy()`
  LC3B_transition_states[cols]=transition_indicator_ls
/Volumes/Seagate Hub/LC3_conformations_scripts_data/data/dihedrals/raw_data/LC3B_P62_INCLUDED/SIM_2/psi/orderness_indicator.py:29: PerformanceWarning: DataFrame is highly fragmented.  This is usually the result of calling `frame.insert` many times, which has poor performance.  Consider joining all columns at once using pd.concat(axis=1) instead. To get a de-fragmented frame, use `newframe = frame.copy()`
  LC3B_transition_states[cols]=transition_indicator_ls
/Volumes/Seagate Hub/LC3_conformations_scripts_data/data/dihedrals/raw_data/LC3B_P62_INCLUDED/SIM_2/psi/orderness_indicator.py:29: PerformanceWarning: DataFrame is highly fragmented.  This is usually the result of calling `frame.insert` many times, which has poor performance.  Consider joining all columns at once using pd.concat(axis=1) instead. To get a de-fragmented frame, use `newframe = frame.copy()`
  LC3B_transition_states[cols]=transition_indicator_ls
/Volumes/Seagate Hub/LC3_conformations_scripts_data/data/dihedrals/raw_data/LC3B_P62_INCLUDED/SIM_2/psi/orderness_indicator.py:92: PerformanceWarning: DataFrame is highly fragmented.  This is usually the result of calling `frame.insert` many times, which has poor performance.  Consider joining all columns at once using pd.concat(axis=1) instead. To get a de-fragmented frame, use `newframe = frame.copy()`
  LC3B_ORDERNESS_states[cols]=ORDERNESS_S
/Volumes/Seagate Hub/LC3_conformations_scripts_data/data/dihedrals/raw_data/LC3B_P62_INCLUDED/SIM_2/psi/orderness_indicator.py:92: PerformanceWarning: DataFrame is highly fragmented.  This is usually the result of calling `frame.insert` many times, which has poor performance.  Consider joining all columns at once using pd.concat(axis=1) instead. To get a de-fragmented frame, use `newframe = frame.copy()`
  LC3B_ORDERNESS_states[cols]=ORDERNESS_S
/Volumes/Seagate Hub/LC3_conformations_scripts_data/data/dihedrals/raw_data/LC3B_P62_INCLUDED/SIM_2/psi/orderness_indicator.py:92: PerformanceWarning: DataFrame is highly fragmented.  This is usually the result of calling `frame.insert` many times, which has poor performance.  Consider joining all columns at once using pd.concat(axis=1) instead. To get a de-fragmented frame, use `newframe = frame.copy()`
  LC3B_ORDERNESS_states[cols]=ORDERNESS_S
/Volumes/Seagate Hub/LC3_conformations_scripts_data/data/dihedrals/raw_data/LC3B_P62_INCLUDED/SIM_2/psi/orderness_indicator.py:92: PerformanceWarning: DataFrame is highly fragmented.  This is usually the result of calling `frame.insert` many times, which has poor performance.  Consider joining all columns at once using pd.concat(axis=1) instead. To get a de-fragmented frame, use `newframe = frame.copy()`
  LC3B_ORDERNESS_states[cols]=ORDERNESS_S
/Volumes/Seagate Hub/LC3_conformations_scripts_data/data/dihedrals/raw_data/LC3B_P62_INCLUDED/SIM_2/psi/orderness_indicator.py:92: PerformanceWarning: DataFrame is highly fragmented.  This is usually the result of calling `frame.insert` many times, which has poor performance.  Consider joining all columns at once using pd.concat(axis=1) instead. To get a de-fragmented frame, use `newframe = frame.copy()`
  LC3B_ORDERNESS_states[cols]=ORDERNESS_S
/Volumes/Seagate Hub/LC3_conformations_scripts_data/data/dihedrals/raw_data/LC3B_P62_INCLUDED/SIM_2/psi/orderness_indicator.py:92: PerformanceWarning: DataFrame is highly fragmented.  This is usually the result of calling `frame.insert` many times, which has poor performance.  Consider joining all columns at once using pd.concat(axis=1) instead. To get a de-fragmented frame, use `newframe = frame.copy()`
  LC3B_ORDERNESS_states[cols]=ORDERNESS_S
/Volumes/Seagate Hub/LC3_conformations_scripts_data/data/dihedrals/raw_data/LC3B_P62_INCLUDED/SIM_2/psi/orderness_indicator.py:92: PerformanceWarning: DataFrame is highly fragmented.  This is usually the result of calling `frame.insert` many times, which has poor performance.  Consider joining all columns at once using pd.concat(axis=1) instead. To get a de-fragmented frame, use `newframe = frame.copy()`
  LC3B_ORDERNESS_states[cols]=ORDERNESS_S
/Volumes/Seagate Hub/LC3_conformations_scripts_data/data/dihedrals/raw_data/LC3B_P62_INCLUDED/SIM_2/psi/orderness_indicator.py:92: PerformanceWarning: DataFrame is highly fragmented.  This is usually the result of calling `frame.insert` many times, which has poor performance.  Consider joining all columns at once using pd.concat(axis=1) instead. To get a de-fragmented frame, use `newframe = frame.copy()`
  LC3B_ORDERNESS_states[cols]=ORDERNESS_S
/Volumes/Seagate Hub/LC3_conformations_scripts_data/data/dihedrals/raw_data/LC3B_P62_INCLUDED/SIM_2/psi/orderness_indicator.py:92: PerformanceWarning: DataFrame is highly fragmented.  This is usually the result of calling `frame.insert` many times, which has poor performance.  Consider joining all columns at once using pd.concat(axis=1) instead. To get a de-fragmented frame, use `newframe = frame.copy()`
  LC3B_ORDERNESS_states[cols]=ORDERNESS_S
/Volumes/Seagate Hub/LC3_conformations_scripts_data/data/dihedrals/raw_data/LC3B_P62_INCLUDED/SIM_2/psi/orderness_indicator.py:92: PerformanceWarning: DataFrame is highly fragmented.  This is usually the result of calling `frame.insert` many times, which has poor performance.  Consider joining all columns at once using pd.concat(axis=1) instead. To get a de-fragmented frame, use `newframe = frame.copy()`
  LC3B_ORDERNESS_states[cols]=ORDERNESS_S
/Volumes/Seagate Hub/LC3_conformations_scripts_data/data/dihedrals/raw_data/LC3B_P62_INCLUDED/SIM_2/psi/orderness_indicator.py:92: PerformanceWarning: DataFrame is highly fragmented.  This is usually the result of calling `frame.insert` many times, which has poor performance.  Consider joining all columns at once using pd.concat(axis=1) instead. To get a de-fragmented frame, use `newframe = frame.copy()`
  LC3B_ORDERNESS_states[cols]=ORDERNESS_S
/Volumes/Seagate Hub/LC3_conformations_scripts_data/data/dihedrals/raw_data/LC3B_P62_INCLUDED/SIM_2/psi/orderness_indicator.py:92: PerformanceWarning: DataFrame is highly fragmented.  This is usually the result of calling `frame.insert` many times, which has poor performance.  Consider joining all columns at once using pd.concat(axis=1) instead. To get a de-fragmented frame, use `newframe = frame.copy()`
  LC3B_ORDERNESS_states[cols]=ORDERNESS_S
/Volumes/Seagate Hub/LC3_conformations_scripts_data/data/dihedrals/raw_data/LC3B_P62_INCLUDED/SIM_2/psi/orderness_indicator.py:92: PerformanceWarning: DataFrame is highly fragmented.  This is usually the result of calling `frame.insert` many times, which has poor performance.  Consider joining all columns at once using pd.concat(axis=1) instead. To get a de-fragmented frame, use `newframe = frame.copy()`
  LC3B_ORDERNESS_states[cols]=ORDERNESS_S
/Volumes/Seagate Hub/LC3_conformations_scripts_data/data/dihedrals/raw_data/LC3B_P62_INCLUDED/SIM_2/psi/orderness_indicator.py:92: PerformanceWarning: DataFrame is highly fragmented.  This is usually the result of calling `frame.insert` many times, which has poor performance.  Consider joining all columns at once using pd.concat(axis=1) instead. To get a de-fragmented frame, use `newframe = frame.copy()`
  LC3B_ORDERNESS_states[cols]=ORDERNESS_S
/Volumes/Seagate Hub/LC3_conformations_scripts_data/data/dihedrals/raw_data/LC3B_P62_INCLUDED/SIM_2/psi/orderness_indicator.py:92: PerformanceWarning: DataFrame is highly fragmented.  This is usually the result of calling `frame.insert` many times, which has poor performance.  Consider joining all columns at once using pd.concat(axis=1) instead. To get a de-fragmented frame, use `newframe = frame.copy()`
  LC3B_ORDERNESS_states[cols]=ORDERNESS_S
/Volumes/Seagate Hub/LC3_conformations_scripts_data/data/dihedrals/raw_data/LC3B_P62_INCLUDED/SIM_2/psi/orderness_indicator.py:92: PerformanceWarning: DataFrame is highly fragmented.  This is usually the result of calling `frame.insert` many times, which has poor performance.  Consider joining all columns at once using pd.concat(axis=1) instead. To get a de-fragmented frame, use `newframe = frame.copy()`
  LC3B_ORDERNESS_states[cols]=ORDERNESS_S
/Volumes/Seagate Hub/LC3_conformations_scripts_data/data/dihedrals/raw_data/LC3B_P62_INCLUDED/SIM_2/psi/orderness_indicator.py:92: PerformanceWarning: DataFrame is highly fragmented.  This is usually the result of calling `frame.insert` many times, which has poor performance.  Consider joining all columns at once using pd.concat(axis=1) instead. To get a de-fragmented frame, use `newframe = frame.copy()`
  LC3B_ORDERNESS_states[cols]=ORDERNESS_S
/Volumes/Seagate Hub/LC3_conformations_scripts_data/data/dihedrals/raw_data/LC3B_P62_INCLUDED/SIM_2/psi/orderness_indicator.py:92: PerformanceWarning: DataFrame is highly fragmented.  This is usually the result of calling `frame.insert` many times, which has poor performance.  Consider joining all columns at once using pd.concat(axis=1) instead. To get a de-fragmented frame, use `newframe = frame.copy()`
  LC3B_ORDERNESS_states[cols]=ORDERNESS_S
/Volumes/Seagate Hub/LC3_conformations_scripts_data/data/dihedrals/raw_data/LC3B_P62_INCLUDED/SIM_2/psi/orderness_indicator.py:92: PerformanceWarning: DataFrame is highly fragmented.  This is usually the result of calling `frame.insert` many times, which has poor performance.  Consider joining all columns at once using pd.concat(axis=1) instead. To get a de-fragmented frame, use `newframe = frame.copy()`
  LC3B_ORDERNESS_states[cols]=ORDERNESS_S
/Volumes/Seagate Hub/LC3_conformations_scripts_data/data/dihedrals/raw_data/LC3B_P62_INCLUDED/SIM_2/psi/orderness_indicator.py:92: PerformanceWarning: DataFrame is highly fragmented.  This is usually the result of calling `frame.insert` many times, which has poor performance.  Consider joining all columns at once using pd.concat(axis=1) instead. To get a de-fragmented frame, use `newframe = frame.copy()`
  LC3B_ORDERNESS_states[cols]=ORDERNESS_S
/Volumes/Seagate Hub/LC3_conformations_scripts_data/data/dihedrals/raw_data/LC3B_P62_INCLUDED/SIM_2/psi/orderness_indicator.py:92: PerformanceWarning: DataFrame is highly fragmented.  This is usually the result of calling `frame.insert` many times, which has poor performance.  Consider joining all columns at once using pd.concat(axis=1) instead. To get a de-fragmented frame, use `newframe = frame.copy()`
  LC3B_ORDERNESS_states[cols]=ORDERNESS_S
/Volumes/Seagate Hub/LC3_conformations_scripts_data/data/dihedrals/raw_data/LC3B_P62_INCLUDED/SIM_2/psi/orderness_indicator.py:92: PerformanceWarning: DataFrame is highly fragmented.  This is usually the result of calling `frame.insert` many times, which has poor performance.  Consider joining all columns at once using pd.concat(axis=1) instead. To get a de-fragmented frame, use `newframe = frame.copy()`
  LC3B_ORDERNESS_states[cols]=ORDERNESS_S
/Volumes/Seagate Hub/LC3_conformations_scripts_data/data/dihedrals/raw_data/LC3B_P62_INCLUDED/SIM_2/psi/orderness_indicator.py:92: PerformanceWarning: DataFrame is highly fragmented.  This is usually the result of calling `frame.insert` many times, which has poor performance.  Consider joining all columns at once using pd.concat(axis=1) instead. To get a de-fragmented frame, use `newframe = frame.copy()`
  LC3B_ORDERNESS_states[cols]=ORDERNESS_S
/Volumes/Seagate Hub/LC3_conformations_scripts_data/data/dihedrals/raw_data/LC3B_P62_INCLUDED/SIM_2/psi/orderness_indicator.py:92: PerformanceWarning: DataFrame is highly fragmented.  This is usually the result of calling `frame.insert` many times, which has poor performance.  Consider joining all columns at once using pd.concat(axis=1) instead. To get a de-fragmented frame, use `newframe = frame.copy()`
  LC3B_ORDERNESS_states[cols]=ORDERNESS_S
/Volumes/Seagate Hub/LC3_conformations_scripts_data/data/dihedrals/raw_data/LC3B_P62_INCLUDED/SIM_2/psi/orderness_indicator.py:92: PerformanceWarning: DataFrame is highly fragmented.  This is usually the result of calling `frame.insert` many times, which has poor performance.  Consider joining all columns at once using pd.concat(axis=1) instead. To get a de-fragmented frame, use `newframe = frame.copy()`
  LC3B_ORDERNESS_states[cols]=ORDERNESS_S
/Volumes/Seagate Hub/LC3_conformations_scripts_data/data/dihedrals/raw_data/LC3B_P62_INCLUDED/SIM_2/psi/orderness_indicator.py:92: PerformanceWarning: DataFrame is highly fragmented.  This is usually the result of calling `frame.insert` many times, which has poor performance.  Consider joining all columns at once using pd.concat(axis=1) instead. To get a de-fragmented frame, use `newframe = frame.copy()`
  LC3B_ORDERNESS_states[cols]=ORDERNESS_S
/Users/jesucastin/anaconda3/lib/python3.11/site-packages/pandas/core/arrays/masked.py:60: UserWarning: Pandas requires version '1.3.6' or newer of 'bottleneck' (version '1.3.5' currently installed).
  from pandas.core import (
/Volumes/Seagate Hub/LC3_conformations_scripts_data/data/dihedrals/raw_data/LC3B_P62_INCLUDED/SIM_2/phi/orderness_indicator.py:29: PerformanceWarning: DataFrame is highly fragmented.  This is usually the result of calling `frame.insert` many times, which has poor performance.  Consider joining all columns at once using pd.concat(axis=1) instead. To get a de-fragmented frame, use `newframe = frame.copy()`
  LC3B_transition_states[cols]=transition_indicator_ls
/Volumes/Seagate Hub/LC3_conformations_scripts_data/data/dihedrals/raw_data/LC3B_P62_INCLUDED/SIM_2/phi/orderness_indicator.py:29: PerformanceWarning: DataFrame is highly fragmented.  This is usually the result of calling `frame.insert` many times, which has poor performance.  Consider joining all columns at once using pd.concat(axis=1) instead. To get a de-fragmented frame, use `newframe = frame.copy()`
  LC3B_transition_states[cols]=transition_indicator_ls
/Volumes/Seagate Hub/LC3_conformations_scripts_data/data/dihedrals/raw_data/LC3B_P62_INCLUDED/SIM_2/phi/orderness_indicator.py:29: PerformanceWarning: DataFrame is highly fragmented.  This is usually the result of calling `frame.insert` many times, which has poor performance.  Consider joining all columns at once using pd.concat(axis=1) instead. To get a de-fragmented frame, use `newframe = frame.copy()`
  LC3B_transition_states[cols]=transition_indicator_ls
/Volumes/Seagate Hub/LC3_conformations_scripts_data/data/dihedrals/raw_data/LC3B_P62_INCLUDED/SIM_2/phi/orderness_indicator.py:29: PerformanceWarning: DataFrame is highly fragmented.  This is usually the result of calling `frame.insert` many times, which has poor performance.  Consider joining all columns at once using pd.concat(axis=1) instead. To get a de-fragmented frame, use `newframe = frame.copy()`
  LC3B_transition_states[cols]=transition_indicator_ls
/Volumes/Seagate Hub/LC3_conformations_scripts_data/data/dihedrals/raw_data/LC3B_P62_INCLUDED/SIM_2/phi/orderness_indicator.py:29: PerformanceWarning: DataFrame is highly fragmented.  This is usually the result of calling `frame.insert` many times, which has poor performance.  Consider joining all columns at once using pd.concat(axis=1) instead. To get a de-fragmented frame, use `newframe = frame.copy()`
  LC3B_transition_states[cols]=transition_indicator_ls
/Volumes/Seagate Hub/LC3_conformations_scripts_data/data/dihedrals/raw_data/LC3B_P62_INCLUDED/SIM_2/phi/orderness_indicator.py:29: PerformanceWarning: DataFrame is highly fragmented.  This is usually the result of calling `frame.insert` many times, which has poor performance.  Consider joining all columns at once using pd.concat(axis=1) instead. To get a de-fragmented frame, use `newframe = frame.copy()`
  LC3B_transition_states[cols]=transition_indicator_ls
/Volumes/Seagate Hub/LC3_conformations_scripts_data/data/dihedrals/raw_data/LC3B_P62_INCLUDED/SIM_2/phi/orderness_indicator.py:29: PerformanceWarning: DataFrame is highly fragmented.  This is usually the result of calling `frame.insert` many times, which has poor performance.  Consider joining all columns at once using pd.concat(axis=1) instead. To get a de-fragmented frame, use `newframe = frame.copy()`
  LC3B_transition_states[cols]=transition_indicator_ls
/Volumes/Seagate Hub/LC3_conformations_scripts_data/data/dihedrals/raw_data/LC3B_P62_INCLUDED/SIM_2/phi/orderness_indicator.py:29: PerformanceWarning: DataFrame is highly fragmented.  This is usually the result of calling `frame.insert` many times, which has poor performance.  Consider joining all columns at once using pd.concat(axis=1) instead. To get a de-fragmented frame, use `newframe = frame.copy()`
  LC3B_transition_states[cols]=transition_indicator_ls
/Volumes/Seagate Hub/LC3_conformations_scripts_data/data/dihedrals/raw_data/LC3B_P62_INCLUDED/SIM_2/phi/orderness_indicator.py:29: PerformanceWarning: DataFrame is highly fragmented.  This is usually the result of calling `frame.insert` many times, which has poor performance.  Consider joining all columns at once using pd.concat(axis=1) instead. To get a de-fragmented frame, use `newframe = frame.copy()`
  LC3B_transition_states[cols]=transition_indicator_ls
/Volumes/Seagate Hub/LC3_conformations_scripts_data/data/dihedrals/raw_data/LC3B_P62_INCLUDED/SIM_2/phi/orderness_indicator.py:29: PerformanceWarning: DataFrame is highly fragmented.  This is usually the result of calling `frame.insert` many times, which has poor performance.  Consider joining all columns at once using pd.concat(axis=1) instead. To get a de-fragmented frame, use `newframe = frame.copy()`
  LC3B_transition_states[cols]=transition_indicator_ls
/Volumes/Seagate Hub/LC3_conformations_scripts_data/data/dihedrals/raw_data/LC3B_P62_INCLUDED/SIM_2/phi/orderness_indicator.py:29: PerformanceWarning: DataFrame is highly fragmented.  This is usually the result of calling `frame.insert` many times, which has poor performance.  Consider joining all columns at once using pd.concat(axis=1) instead. To get a de-fragmented frame, use `newframe = frame.copy()`
  LC3B_transition_states[cols]=transition_indicator_ls
/Volumes/Seagate Hub/LC3_conformations_scripts_data/data/dihedrals/raw_data/LC3B_P62_INCLUDED/SIM_2/phi/orderness_indicator.py:29: PerformanceWarning: DataFrame is highly fragmented.  This is usually the result of calling `frame.insert` many times, which has poor performance.  Consider joining all columns at once using pd.concat(axis=1) instead. To get a de-fragmented frame, use `newframe = frame.copy()`
  LC3B_transition_states[cols]=transition_indicator_ls
/Volumes/Seagate Hub/LC3_conformations_scripts_data/data/dihedrals/raw_data/LC3B_P62_INCLUDED/SIM_2/phi/orderness_indicator.py:29: PerformanceWarning: DataFrame is highly fragmented.  This is usually the result of calling `frame.insert` many times, which has poor performance.  Consider joining all columns at once using pd.concat(axis=1) instead. To get a de-fragmented frame, use `newframe = frame.copy()`
  LC3B_transition_states[cols]=transition_indicator_ls
/Volumes/Seagate Hub/LC3_conformations_scripts_data/data/dihedrals/raw_data/LC3B_P62_INCLUDED/SIM_2/phi/orderness_indicator.py:29: PerformanceWarning: DataFrame is highly fragmented.  This is usually the result of calling `frame.insert` many times, which has poor performance.  Consider joining all columns at once using pd.concat(axis=1) instead. To get a de-fragmented frame, use `newframe = frame.copy()`
  LC3B_transition_states[cols]=transition_indicator_ls
/Volumes/Seagate Hub/LC3_conformations_scripts_data/data/dihedrals/raw_data/LC3B_P62_INCLUDED/SIM_2/phi/orderness_indicator.py:29: PerformanceWarning: DataFrame is highly fragmented.  This is usually the result of calling `frame.insert` many times, which has poor performance.  Consider joining all columns at once using pd.concat(axis=1) instead. To get a de-fragmented frame, use `newframe = frame.copy()`
  LC3B_transition_states[cols]=transition_indicator_ls
/Volumes/Seagate Hub/LC3_conformations_scripts_data/data/dihedrals/raw_data/LC3B_P62_INCLUDED/SIM_2/phi/orderness_indicator.py:29: PerformanceWarning: DataFrame is highly fragmented.  This is usually the result of calling `frame.insert` many times, which has poor performance.  Consider joining all columns at once using pd.concat(axis=1) instead. To get a de-fragmented frame, use `newframe = frame.copy()`
  LC3B_transition_states[cols]=transition_indicator_ls
/Volumes/Seagate Hub/LC3_conformations_scripts_data/data/dihedrals/raw_data/LC3B_P62_INCLUDED/SIM_2/phi/orderness_indicator.py:29: PerformanceWarning: DataFrame is highly fragmented.  This is usually the result of calling `frame.insert` many times, which has poor performance.  Consider joining all columns at once using pd.concat(axis=1) instead. To get a de-fragmented frame, use `newframe = frame.copy()`
  LC3B_transition_states[cols]=transition_indicator_ls
/Volumes/Seagate Hub/LC3_conformations_scripts_data/data/dihedrals/raw_data/LC3B_P62_INCLUDED/SIM_2/phi/orderness_indicator.py:29: PerformanceWarning: DataFrame is highly fragmented.  This is usually the result of calling `frame.insert` many times, which has poor performance.  Consider joining all columns at once using pd.concat(axis=1) instead. To get a de-fragmented frame, use `newframe = frame.copy()`
  LC3B_transition_states[cols]=transition_indicator_ls
/Volumes/Seagate Hub/LC3_conformations_scripts_data/data/dihedrals/raw_data/LC3B_P62_INCLUDED/SIM_2/phi/orderness_indicator.py:29: PerformanceWarning: DataFrame is highly fragmented.  This is usually the result of calling `frame.insert` many times, which has poor performance.  Consider joining all columns at once using pd.concat(axis=1) instead. To get a de-fragmented frame, use `newframe = frame.copy()`
  LC3B_transition_states[cols]=transition_indicator_ls
/Volumes/Seagate Hub/LC3_conformations_scripts_data/data/dihedrals/raw_data/LC3B_P62_INCLUDED/SIM_2/phi/orderness_indicator.py:29: PerformanceWarning: DataFrame is highly fragmented.  This is usually the result of calling `frame.insert` many times, which has poor performance.  Consider joining all columns at once using pd.concat(axis=1) instead. To get a de-fragmented frame, use `newframe = frame.copy()`
  LC3B_transition_states[cols]=transition_indicator_ls
/Volumes/Seagate Hub/LC3_conformations_scripts_data/data/dihedrals/raw_data/LC3B_P62_INCLUDED/SIM_2/phi/orderness_indicator.py:29: PerformanceWarning: DataFrame is highly fragmented.  This is usually the result of calling `frame.insert` many times, which has poor performance.  Consider joining all columns at once using pd.concat(axis=1) instead. To get a de-fragmented frame, use `newframe = frame.copy()`
  LC3B_transition_states[cols]=transition_indicator_ls
/Volumes/Seagate Hub/LC3_conformations_scripts_data/data/dihedrals/raw_data/LC3B_P62_INCLUDED/SIM_2/phi/orderness_indicator.py:29: PerformanceWarning: DataFrame is highly fragmented.  This is usually the result of calling `frame.insert` many times, which has poor performance.  Consider joining all columns at once using pd.concat(axis=1) instead. To get a de-fragmented frame, use `newframe = frame.copy()`
  LC3B_transition_states[cols]=transition_indicator_ls
/Volumes/Seagate Hub/LC3_conformations_scripts_data/data/dihedrals/raw_data/LC3B_P62_INCLUDED/SIM_2/phi/orderness_indicator.py:29: PerformanceWarning: DataFrame is highly fragmented.  This is usually the result of calling `frame.insert` many times, which has poor performance.  Consider joining all columns at once using pd.concat(axis=1) instead. To get a de-fragmented frame, use `newframe = frame.copy()`
  LC3B_transition_states[cols]=transition_indicator_ls
/Volumes/Seagate Hub/LC3_conformations_scripts_data/data/dihedrals/raw_data/LC3B_P62_INCLUDED/SIM_2/phi/orderness_indicator.py:29: PerformanceWarning: DataFrame is highly fragmented.  This is usually the result of calling `frame.insert` many times, which has poor performance.  Consider joining all columns at once using pd.concat(axis=1) instead. To get a de-fragmented frame, use `newframe = frame.copy()`
  LC3B_transition_states[cols]=transition_indicator_ls
/Volumes/Seagate Hub/LC3_conformations_scripts_data/data/dihedrals/raw_data/LC3B_P62_INCLUDED/SIM_2/phi/orderness_indicator.py:29: PerformanceWarning: DataFrame is highly fragmented.  This is usually the result of calling `frame.insert` many times, which has poor performance.  Consider joining all columns at once using pd.concat(axis=1) instead. To get a de-fragmented frame, use `newframe = frame.copy()`
  LC3B_transition_states[cols]=transition_indicator_ls
/Volumes/Seagate Hub/LC3_conformations_scripts_data/data/dihedrals/raw_data/LC3B_P62_INCLUDED/SIM_2/phi/orderness_indicator.py:29: PerformanceWarning: DataFrame is highly fragmented.  This is usually the result of calling `frame.insert` many times, which has poor performance.  Consider joining all columns at once using pd.concat(axis=1) instead. To get a de-fragmented frame, use `newframe = frame.copy()`
  LC3B_transition_states[cols]=transition_indicator_ls
/Volumes/Seagate Hub/LC3_conformations_scripts_data/data/dihedrals/raw_data/LC3B_P62_INCLUDED/SIM_2/phi/orderness_indicator.py:92: PerformanceWarning: DataFrame is highly fragmented.  This is usually the result of calling `frame.insert` many times, which has poor performance.  Consider joining all columns at once using pd.concat(axis=1) instead. To get a de-fragmented frame, use `newframe = frame.copy()`
  LC3B_ORDERNESS_states[cols]=ORDERNESS_S
/Volumes/Seagate Hub/LC3_conformations_scripts_data/data/dihedrals/raw_data/LC3B_P62_INCLUDED/SIM_2/phi/orderness_indicator.py:92: PerformanceWarning: DataFrame is highly fragmented.  This is usually the result of calling `frame.insert` many times, which has poor performance.  Consider joining all columns at once using pd.concat(axis=1) instead. To get a de-fragmented frame, use `newframe = frame.copy()`
  LC3B_ORDERNESS_states[cols]=ORDERNESS_S
/Volumes/Seagate Hub/LC3_conformations_scripts_data/data/dihedrals/raw_data/LC3B_P62_INCLUDED/SIM_2/phi/orderness_indicator.py:92: PerformanceWarning: DataFrame is highly fragmented.  This is usually the result of calling `frame.insert` many times, which has poor performance.  Consider joining all columns at once using pd.concat(axis=1) instead. To get a de-fragmented frame, use `newframe = frame.copy()`
  LC3B_ORDERNESS_states[cols]=ORDERNESS_S
/Volumes/Seagate Hub/LC3_conformations_scripts_data/data/dihedrals/raw_data/LC3B_P62_INCLUDED/SIM_2/phi/orderness_indicator.py:92: PerformanceWarning: DataFrame is highly fragmented.  This is usually the result of calling `frame.insert` many times, which has poor performance.  Consider joining all columns at once using pd.concat(axis=1) instead. To get a de-fragmented frame, use `newframe = frame.copy()`
  LC3B_ORDERNESS_states[cols]=ORDERNESS_S
/Volumes/Seagate Hub/LC3_conformations_scripts_data/data/dihedrals/raw_data/LC3B_P62_INCLUDED/SIM_2/phi/orderness_indicator.py:92: PerformanceWarning: DataFrame is highly fragmented.  This is usually the result of calling `frame.insert` many times, which has poor performance.  Consider joining all columns at once using pd.concat(axis=1) instead. To get a de-fragmented frame, use `newframe = frame.copy()`
  LC3B_ORDERNESS_states[cols]=ORDERNESS_S
/Volumes/Seagate Hub/LC3_conformations_scripts_data/data/dihedrals/raw_data/LC3B_P62_INCLUDED/SIM_2/phi/orderness_indicator.py:92: PerformanceWarning: DataFrame is highly fragmented.  This is usually the result of calling `frame.insert` many times, which has poor performance.  Consider joining all columns at once using pd.concat(axis=1) instead. To get a de-fragmented frame, use `newframe = frame.copy()`
  LC3B_ORDERNESS_states[cols]=ORDERNESS_S
/Volumes/Seagate Hub/LC3_conformations_scripts_data/data/dihedrals/raw_data/LC3B_P62_INCLUDED/SIM_2/phi/orderness_indicator.py:92: PerformanceWarning: DataFrame is highly fragmented.  This is usually the result of calling `frame.insert` many times, which has poor performance.  Consider joining all columns at once using pd.concat(axis=1) instead. To get a de-fragmented frame, use `newframe = frame.copy()`
  LC3B_ORDERNESS_states[cols]=ORDERNESS_S
/Volumes/Seagate Hub/LC3_conformations_scripts_data/data/dihedrals/raw_data/LC3B_P62_INCLUDED/SIM_2/phi/orderness_indicator.py:92: PerformanceWarning: DataFrame is highly fragmented.  This is usually the result of calling `frame.insert` many times, which has poor performance.  Consider joining all columns at once using pd.concat(axis=1) instead. To get a de-fragmented frame, use `newframe = frame.copy()`
  LC3B_ORDERNESS_states[cols]=ORDERNESS_S
/Volumes/Seagate Hub/LC3_conformations_scripts_data/data/dihedrals/raw_data/LC3B_P62_INCLUDED/SIM_2/phi/orderness_indicator.py:92: PerformanceWarning: DataFrame is highly fragmented.  This is usually the result of calling `frame.insert` many times, which has poor performance.  Consider joining all columns at once using pd.concat(axis=1) instead. To get a de-fragmented frame, use `newframe = frame.copy()`
  LC3B_ORDERNESS_states[cols]=ORDERNESS_S
/Volumes/Seagate Hub/LC3_conformations_scripts_data/data/dihedrals/raw_data/LC3B_P62_INCLUDED/SIM_2/phi/orderness_indicator.py:92: PerformanceWarning: DataFrame is highly fragmented.  This is usually the result of calling `frame.insert` many times, which has poor performance.  Consider joining all columns at once using pd.concat(axis=1) instead. To get a de-fragmented frame, use `newframe = frame.copy()`
  LC3B_ORDERNESS_states[cols]=ORDERNESS_S
/Volumes/Seagate Hub/LC3_conformations_scripts_data/data/dihedrals/raw_data/LC3B_P62_INCLUDED/SIM_2/phi/orderness_indicator.py:92: PerformanceWarning: DataFrame is highly fragmented.  This is usually the result of calling `frame.insert` many times, which has poor performance.  Consider joining all columns at once using pd.concat(axis=1) instead. To get a de-fragmented frame, use `newframe = frame.copy()`
  LC3B_ORDERNESS_states[cols]=ORDERNESS_S
/Volumes/Seagate Hub/LC3_conformations_scripts_data/data/dihedrals/raw_data/LC3B_P62_INCLUDED/SIM_2/phi/orderness_indicator.py:92: PerformanceWarning: DataFrame is highly fragmented.  This is usually the result of calling `frame.insert` many times, which has poor performance.  Consider joining all columns at once using pd.concat(axis=1) instead. To get a de-fragmented frame, use `newframe = frame.copy()`
  LC3B_ORDERNESS_states[cols]=ORDERNESS_S
/Volumes/Seagate Hub/LC3_conformations_scripts_data/data/dihedrals/raw_data/LC3B_P62_INCLUDED/SIM_2/phi/orderness_indicator.py:92: PerformanceWarning: DataFrame is highly fragmented.  This is usually the result of calling `frame.insert` many times, which has poor performance.  Consider joining all columns at once using pd.concat(axis=1) instead. To get a de-fragmented frame, use `newframe = frame.copy()`
  LC3B_ORDERNESS_states[cols]=ORDERNESS_S
/Volumes/Seagate Hub/LC3_conformations_scripts_data/data/dihedrals/raw_data/LC3B_P62_INCLUDED/SIM_2/phi/orderness_indicator.py:92: PerformanceWarning: DataFrame is highly fragmented.  This is usually the result of calling `frame.insert` many times, which has poor performance.  Consider joining all columns at once using pd.concat(axis=1) instead. To get a de-fragmented frame, use `newframe = frame.copy()`
  LC3B_ORDERNESS_states[cols]=ORDERNESS_S
/Volumes/Seagate Hub/LC3_conformations_scripts_data/data/dihedrals/raw_data/LC3B_P62_INCLUDED/SIM_2/phi/orderness_indicator.py:92: PerformanceWarning: DataFrame is highly fragmented.  This is usually the result of calling `frame.insert` many times, which has poor performance.  Consider joining all columns at once using pd.concat(axis=1) instead. To get a de-fragmented frame, use `newframe = frame.copy()`
  LC3B_ORDERNESS_states[cols]=ORDERNESS_S
/Volumes/Seagate Hub/LC3_conformations_scripts_data/data/dihedrals/raw_data/LC3B_P62_INCLUDED/SIM_2/phi/orderness_indicator.py:92: PerformanceWarning: DataFrame is highly fragmented.  This is usually the result of calling `frame.insert` many times, which has poor performance.  Consider joining all columns at once using pd.concat(axis=1) instead. To get a de-fragmented frame, use `newframe = frame.copy()`
  LC3B_ORDERNESS_states[cols]=ORDERNESS_S
/Volumes/Seagate Hub/LC3_conformations_scripts_data/data/dihedrals/raw_data/LC3B_P62_INCLUDED/SIM_2/phi/orderness_indicator.py:92: PerformanceWarning: DataFrame is highly fragmented.  This is usually the result of calling `frame.insert` many times, which has poor performance.  Consider joining all columns at once using pd.concat(axis=1) instead. To get a de-fragmented frame, use `newframe = frame.copy()`
  LC3B_ORDERNESS_states[cols]=ORDERNESS_S
/Volumes/Seagate Hub/LC3_conformations_scripts_data/data/dihedrals/raw_data/LC3B_P62_INCLUDED/SIM_2/phi/orderness_indicator.py:92: PerformanceWarning: DataFrame is highly fragmented.  This is usually the result of calling `frame.insert` many times, which has poor performance.  Consider joining all columns at once using pd.concat(axis=1) instead. To get a de-fragmented frame, use `newframe = frame.copy()`
  LC3B_ORDERNESS_states[cols]=ORDERNESS_S
/Volumes/Seagate Hub/LC3_conformations_scripts_data/data/dihedrals/raw_data/LC3B_P62_INCLUDED/SIM_2/phi/orderness_indicator.py:92: PerformanceWarning: DataFrame is highly fragmented.  This is usually the result of calling `frame.insert` many times, which has poor performance.  Consider joining all columns at once using pd.concat(axis=1) instead. To get a de-fragmented frame, use `newframe = frame.copy()`
  LC3B_ORDERNESS_states[cols]=ORDERNESS_S
/Volumes/Seagate Hub/LC3_conformations_scripts_data/data/dihedrals/raw_data/LC3B_P62_INCLUDED/SIM_2/phi/orderness_indicator.py:92: PerformanceWarning: DataFrame is highly fragmented.  This is usually the result of calling `frame.insert` many times, which has poor performance.  Consider joining all columns at once using pd.concat(axis=1) instead. To get a de-fragmented frame, use `newframe = frame.copy()`
  LC3B_ORDERNESS_states[cols]=ORDERNESS_S
/Volumes/Seagate Hub/LC3_conformations_scripts_data/data/dihedrals/raw_data/LC3B_P62_INCLUDED/SIM_2/phi/orderness_indicator.py:92: PerformanceWarning: DataFrame is highly fragmented.  This is usually the result of calling `frame.insert` many times, which has poor performance.  Consider joining all columns at once using pd.concat(axis=1) instead. To get a de-fragmented frame, use `newframe = frame.copy()`
  LC3B_ORDERNESS_states[cols]=ORDERNESS_S
/Volumes/Seagate Hub/LC3_conformations_scripts_data/data/dihedrals/raw_data/LC3B_P62_INCLUDED/SIM_2/phi/orderness_indicator.py:92: PerformanceWarning: DataFrame is highly fragmented.  This is usually the result of calling `frame.insert` many times, which has poor performance.  Consider joining all columns at once using pd.concat(axis=1) instead. To get a de-fragmented frame, use `newframe = frame.copy()`
  LC3B_ORDERNESS_states[cols]=ORDERNESS_S
/Volumes/Seagate Hub/LC3_conformations_scripts_data/data/dihedrals/raw_data/LC3B_P62_INCLUDED/SIM_2/phi/orderness_indicator.py:92: PerformanceWarning: DataFrame is highly fragmented.  This is usually the result of calling `frame.insert` many times, which has poor performance.  Consider joining all columns at once using pd.concat(axis=1) instead. To get a de-fragmented frame, use `newframe = frame.copy()`
  LC3B_ORDERNESS_states[cols]=ORDERNESS_S
/Volumes/Seagate Hub/LC3_conformations_scripts_data/data/dihedrals/raw_data/LC3B_P62_INCLUDED/SIM_2/phi/orderness_indicator.py:92: PerformanceWarning: DataFrame is highly fragmented.  This is usually the result of calling `frame.insert` many times, which has poor performance.  Consider joining all columns at once using pd.concat(axis=1) instead. To get a de-fragmented frame, use `newframe = frame.copy()`
  LC3B_ORDERNESS_states[cols]=ORDERNESS_S
/Volumes/Seagate Hub/LC3_conformations_scripts_data/data/dihedrals/raw_data/LC3B_P62_INCLUDED/SIM_2/phi/orderness_indicator.py:92: PerformanceWarning: DataFrame is highly fragmented.  This is usually the result of calling `frame.insert` many times, which has poor performance.  Consider joining all columns at once using pd.concat(axis=1) instead. To get a de-fragmented frame, use `newframe = frame.copy()`
  LC3B_ORDERNESS_states[cols]=ORDERNESS_S
/Volumes/Seagate Hub/LC3_conformations_scripts_data/data/dihedrals/raw_data/LC3B_P62_INCLUDED/SIM_2/phi/orderness_indicator.py:92: PerformanceWarning: DataFrame is highly fragmented.  This is usually the result of calling `frame.insert` many times, which has poor performance.  Consider joining all columns at once using pd.concat(axis=1) instead. To get a de-fragmented frame, use `newframe = frame.copy()`
  LC3B_ORDERNESS_states[cols]=ORDERNESS_S
I am done with LC3B_P62_INCLUDED
/Users/jesucastin/anaconda3/lib/python3.11/site-packages/pandas/core/arrays/masked.py:60: UserWarning: Pandas requires version '1.3.6' or newer of 'bottleneck' (version '1.3.5' currently installed).
  from pandas.core import (
/Volumes/Seagate Hub/LC3_conformations_scripts_data/data/dihedrals/raw_data/LC3B_P62_INCLUDED/SIM_3/chi1/orderness_indicator.py:29: PerformanceWarning: DataFrame is highly fragmented.  This is usually the result of calling `frame.insert` many times, which has poor performance.  Consider joining all columns at once using pd.concat(axis=1) instead. To get a de-fragmented frame, use `newframe = frame.copy()`
  LC3B_transition_states[cols]=transition_indicator_ls
/Volumes/Seagate Hub/LC3_conformations_scripts_data/data/dihedrals/raw_data/LC3B_P62_INCLUDED/SIM_3/chi1/orderness_indicator.py:29: PerformanceWarning: DataFrame is highly fragmented.  This is usually the result of calling `frame.insert` many times, which has poor performance.  Consider joining all columns at once using pd.concat(axis=1) instead. To get a de-fragmented frame, use `newframe = frame.copy()`
  LC3B_transition_states[cols]=transition_indicator_ls
/Volumes/Seagate Hub/LC3_conformations_scripts_data/data/dihedrals/raw_data/LC3B_P62_INCLUDED/SIM_3/chi1/orderness_indicator.py:29: PerformanceWarning: DataFrame is highly fragmented.  This is usually the result of calling `frame.insert` many times, which has poor performance.  Consider joining all columns at once using pd.concat(axis=1) instead. To get a de-fragmented frame, use `newframe = frame.copy()`
  LC3B_transition_states[cols]=transition_indicator_ls
/Volumes/Seagate Hub/LC3_conformations_scripts_data/data/dihedrals/raw_data/LC3B_P62_INCLUDED/SIM_3/chi1/orderness_indicator.py:29: PerformanceWarning: DataFrame is highly fragmented.  This is usually the result of calling `frame.insert` many times, which has poor performance.  Consider joining all columns at once using pd.concat(axis=1) instead. To get a de-fragmented frame, use `newframe = frame.copy()`
  LC3B_transition_states[cols]=transition_indicator_ls
/Volumes/Seagate Hub/LC3_conformations_scripts_data/data/dihedrals/raw_data/LC3B_P62_INCLUDED/SIM_3/chi1/orderness_indicator.py:29: PerformanceWarning: DataFrame is highly fragmented.  This is usually the result of calling `frame.insert` many times, which has poor performance.  Consider joining all columns at once using pd.concat(axis=1) instead. To get a de-fragmented frame, use `newframe = frame.copy()`
  LC3B_transition_states[cols]=transition_indicator_ls
/Volumes/Seagate Hub/LC3_conformations_scripts_data/data/dihedrals/raw_data/LC3B_P62_INCLUDED/SIM_3/chi1/orderness_indicator.py:29: PerformanceWarning: DataFrame is highly fragmented.  This is usually the result of calling `frame.insert` many times, which has poor performance.  Consider joining all columns at once using pd.concat(axis=1) instead. To get a de-fragmented frame, use `newframe = frame.copy()`
  LC3B_transition_states[cols]=transition_indicator_ls
/Volumes/Seagate Hub/LC3_conformations_scripts_data/data/dihedrals/raw_data/LC3B_P62_INCLUDED/SIM_3/chi1/orderness_indicator.py:29: PerformanceWarning: DataFrame is highly fragmented.  This is usually the result of calling `frame.insert` many times, which has poor performance.  Consider joining all columns at once using pd.concat(axis=1) instead. To get a de-fragmented frame, use `newframe = frame.copy()`
  LC3B_transition_states[cols]=transition_indicator_ls
/Volumes/Seagate Hub/LC3_conformations_scripts_data/data/dihedrals/raw_data/LC3B_P62_INCLUDED/SIM_3/chi1/orderness_indicator.py:29: PerformanceWarning: DataFrame is highly fragmented.  This is usually the result of calling `frame.insert` many times, which has poor performance.  Consider joining all columns at once using pd.concat(axis=1) instead. To get a de-fragmented frame, use `newframe = frame.copy()`
  LC3B_transition_states[cols]=transition_indicator_ls
/Volumes/Seagate Hub/LC3_conformations_scripts_data/data/dihedrals/raw_data/LC3B_P62_INCLUDED/SIM_3/chi1/orderness_indicator.py:29: PerformanceWarning: DataFrame is highly fragmented.  This is usually the result of calling `frame.insert` many times, which has poor performance.  Consider joining all columns at once using pd.concat(axis=1) instead. To get a de-fragmented frame, use `newframe = frame.copy()`
  LC3B_transition_states[cols]=transition_indicator_ls
/Volumes/Seagate Hub/LC3_conformations_scripts_data/data/dihedrals/raw_data/LC3B_P62_INCLUDED/SIM_3/chi1/orderness_indicator.py:29: PerformanceWarning: DataFrame is highly fragmented.  This is usually the result of calling `frame.insert` many times, which has poor performance.  Consider joining all columns at once using pd.concat(axis=1) instead. To get a de-fragmented frame, use `newframe = frame.copy()`
  LC3B_transition_states[cols]=transition_indicator_ls
/Volumes/Seagate Hub/LC3_conformations_scripts_data/data/dihedrals/raw_data/LC3B_P62_INCLUDED/SIM_3/chi1/orderness_indicator.py:29: PerformanceWarning: DataFrame is highly fragmented.  This is usually the result of calling `frame.insert` many times, which has poor performance.  Consider joining all columns at once using pd.concat(axis=1) instead. To get a de-fragmented frame, use `newframe = frame.copy()`
  LC3B_transition_states[cols]=transition_indicator_ls
/Volumes/Seagate Hub/LC3_conformations_scripts_data/data/dihedrals/raw_data/LC3B_P62_INCLUDED/SIM_3/chi1/orderness_indicator.py:29: PerformanceWarning: DataFrame is highly fragmented.  This is usually the result of calling `frame.insert` many times, which has poor performance.  Consider joining all columns at once using pd.concat(axis=1) instead. To get a de-fragmented frame, use `newframe = frame.copy()`
  LC3B_transition_states[cols]=transition_indicator_ls
/Volumes/Seagate Hub/LC3_conformations_scripts_data/data/dihedrals/raw_data/LC3B_P62_INCLUDED/SIM_3/chi1/orderness_indicator.py:29: PerformanceWarning: DataFrame is highly fragmented.  This is usually the result of calling `frame.insert` many times, which has poor performance.  Consider joining all columns at once using pd.concat(axis=1) instead. To get a de-fragmented frame, use `newframe = frame.copy()`
  LC3B_transition_states[cols]=transition_indicator_ls
/Volumes/Seagate Hub/LC3_conformations_scripts_data/data/dihedrals/raw_data/LC3B_P62_INCLUDED/SIM_3/chi1/orderness_indicator.py:29: PerformanceWarning: DataFrame is highly fragmented.  This is usually the result of calling `frame.insert` many times, which has poor performance.  Consider joining all columns at once using pd.concat(axis=1) instead. To get a de-fragmented frame, use `newframe = frame.copy()`
  LC3B_transition_states[cols]=transition_indicator_ls
/Volumes/Seagate Hub/LC3_conformations_scripts_data/data/dihedrals/raw_data/LC3B_P62_INCLUDED/SIM_3/chi1/orderness_indicator.py:29: PerformanceWarning: DataFrame is highly fragmented.  This is usually the result of calling `frame.insert` many times, which has poor performance.  Consider joining all columns at once using pd.concat(axis=1) instead. To get a de-fragmented frame, use `newframe = frame.copy()`
  LC3B_transition_states[cols]=transition_indicator_ls
/Volumes/Seagate Hub/LC3_conformations_scripts_data/data/dihedrals/raw_data/LC3B_P62_INCLUDED/SIM_3/chi1/orderness_indicator.py:29: PerformanceWarning: DataFrame is highly fragmented.  This is usually the result of calling `frame.insert` many times, which has poor performance.  Consider joining all columns at once using pd.concat(axis=1) instead. To get a de-fragmented frame, use `newframe = frame.copy()`
  LC3B_transition_states[cols]=transition_indicator_ls
/Volumes/Seagate Hub/LC3_conformations_scripts_data/data/dihedrals/raw_data/LC3B_P62_INCLUDED/SIM_3/chi1/orderness_indicator.py:29: PerformanceWarning: DataFrame is highly fragmented.  This is usually the result of calling `frame.insert` many times, which has poor performance.  Consider joining all columns at once using pd.concat(axis=1) instead. To get a de-fragmented frame, use `newframe = frame.copy()`
  LC3B_transition_states[cols]=transition_indicator_ls
/Volumes/Seagate Hub/LC3_conformations_scripts_data/data/dihedrals/raw_data/LC3B_P62_INCLUDED/SIM_3/chi1/orderness_indicator.py:29: PerformanceWarning: DataFrame is highly fragmented.  This is usually the result of calling `frame.insert` many times, which has poor performance.  Consider joining all columns at once using pd.concat(axis=1) instead. To get a de-fragmented frame, use `newframe = frame.copy()`
  LC3B_transition_states[cols]=transition_indicator_ls
/Volumes/Seagate Hub/LC3_conformations_scripts_data/data/dihedrals/raw_data/LC3B_P62_INCLUDED/SIM_3/chi1/orderness_indicator.py:29: PerformanceWarning: DataFrame is highly fragmented.  This is usually the result of calling `frame.insert` many times, which has poor performance.  Consider joining all columns at once using pd.concat(axis=1) instead. To get a de-fragmented frame, use `newframe = frame.copy()`
  LC3B_transition_states[cols]=transition_indicator_ls
/Volumes/Seagate Hub/LC3_conformations_scripts_data/data/dihedrals/raw_data/LC3B_P62_INCLUDED/SIM_3/chi1/orderness_indicator.py:29: PerformanceWarning: DataFrame is highly fragmented.  This is usually the result of calling `frame.insert` many times, which has poor performance.  Consider joining all columns at once using pd.concat(axis=1) instead. To get a de-fragmented frame, use `newframe = frame.copy()`
  LC3B_transition_states[cols]=transition_indicator_ls
/Volumes/Seagate Hub/LC3_conformations_scripts_data/data/dihedrals/raw_data/LC3B_P62_INCLUDED/SIM_3/chi1/orderness_indicator.py:92: PerformanceWarning: DataFrame is highly fragmented.  This is usually the result of calling `frame.insert` many times, which has poor performance.  Consider joining all columns at once using pd.concat(axis=1) instead. To get a de-fragmented frame, use `newframe = frame.copy()`
  LC3B_ORDERNESS_states[cols]=ORDERNESS_S
/Volumes/Seagate Hub/LC3_conformations_scripts_data/data/dihedrals/raw_data/LC3B_P62_INCLUDED/SIM_3/chi1/orderness_indicator.py:92: PerformanceWarning: DataFrame is highly fragmented.  This is usually the result of calling `frame.insert` many times, which has poor performance.  Consider joining all columns at once using pd.concat(axis=1) instead. To get a de-fragmented frame, use `newframe = frame.copy()`
  LC3B_ORDERNESS_states[cols]=ORDERNESS_S
/Volumes/Seagate Hub/LC3_conformations_scripts_data/data/dihedrals/raw_data/LC3B_P62_INCLUDED/SIM_3/chi1/orderness_indicator.py:92: PerformanceWarning: DataFrame is highly fragmented.  This is usually the result of calling `frame.insert` many times, which has poor performance.  Consider joining all columns at once using pd.concat(axis=1) instead. To get a de-fragmented frame, use `newframe = frame.copy()`
  LC3B_ORDERNESS_states[cols]=ORDERNESS_S
/Volumes/Seagate Hub/LC3_conformations_scripts_data/data/dihedrals/raw_data/LC3B_P62_INCLUDED/SIM_3/chi1/orderness_indicator.py:92: PerformanceWarning: DataFrame is highly fragmented.  This is usually the result of calling `frame.insert` many times, which has poor performance.  Consider joining all columns at once using pd.concat(axis=1) instead. To get a de-fragmented frame, use `newframe = frame.copy()`
  LC3B_ORDERNESS_states[cols]=ORDERNESS_S
/Volumes/Seagate Hub/LC3_conformations_scripts_data/data/dihedrals/raw_data/LC3B_P62_INCLUDED/SIM_3/chi1/orderness_indicator.py:92: PerformanceWarning: DataFrame is highly fragmented.  This is usually the result of calling `frame.insert` many times, which has poor performance.  Consider joining all columns at once using pd.concat(axis=1) instead. To get a de-fragmented frame, use `newframe = frame.copy()`
  LC3B_ORDERNESS_states[cols]=ORDERNESS_S
/Volumes/Seagate Hub/LC3_conformations_scripts_data/data/dihedrals/raw_data/LC3B_P62_INCLUDED/SIM_3/chi1/orderness_indicator.py:92: PerformanceWarning: DataFrame is highly fragmented.  This is usually the result of calling `frame.insert` many times, which has poor performance.  Consider joining all columns at once using pd.concat(axis=1) instead. To get a de-fragmented frame, use `newframe = frame.copy()`
  LC3B_ORDERNESS_states[cols]=ORDERNESS_S
/Volumes/Seagate Hub/LC3_conformations_scripts_data/data/dihedrals/raw_data/LC3B_P62_INCLUDED/SIM_3/chi1/orderness_indicator.py:92: PerformanceWarning: DataFrame is highly fragmented.  This is usually the result of calling `frame.insert` many times, which has poor performance.  Consider joining all columns at once using pd.concat(axis=1) instead. To get a de-fragmented frame, use `newframe = frame.copy()`
  LC3B_ORDERNESS_states[cols]=ORDERNESS_S
/Volumes/Seagate Hub/LC3_conformations_scripts_data/data/dihedrals/raw_data/LC3B_P62_INCLUDED/SIM_3/chi1/orderness_indicator.py:92: PerformanceWarning: DataFrame is highly fragmented.  This is usually the result of calling `frame.insert` many times, which has poor performance.  Consider joining all columns at once using pd.concat(axis=1) instead. To get a de-fragmented frame, use `newframe = frame.copy()`
  LC3B_ORDERNESS_states[cols]=ORDERNESS_S
/Volumes/Seagate Hub/LC3_conformations_scripts_data/data/dihedrals/raw_data/LC3B_P62_INCLUDED/SIM_3/chi1/orderness_indicator.py:92: PerformanceWarning: DataFrame is highly fragmented.  This is usually the result of calling `frame.insert` many times, which has poor performance.  Consider joining all columns at once using pd.concat(axis=1) instead. To get a de-fragmented frame, use `newframe = frame.copy()`
  LC3B_ORDERNESS_states[cols]=ORDERNESS_S
/Volumes/Seagate Hub/LC3_conformations_scripts_data/data/dihedrals/raw_data/LC3B_P62_INCLUDED/SIM_3/chi1/orderness_indicator.py:92: PerformanceWarning: DataFrame is highly fragmented.  This is usually the result of calling `frame.insert` many times, which has poor performance.  Consider joining all columns at once using pd.concat(axis=1) instead. To get a de-fragmented frame, use `newframe = frame.copy()`
  LC3B_ORDERNESS_states[cols]=ORDERNESS_S
/Volumes/Seagate Hub/LC3_conformations_scripts_data/data/dihedrals/raw_data/LC3B_P62_INCLUDED/SIM_3/chi1/orderness_indicator.py:92: PerformanceWarning: DataFrame is highly fragmented.  This is usually the result of calling `frame.insert` many times, which has poor performance.  Consider joining all columns at once using pd.concat(axis=1) instead. To get a de-fragmented frame, use `newframe = frame.copy()`
  LC3B_ORDERNESS_states[cols]=ORDERNESS_S
/Volumes/Seagate Hub/LC3_conformations_scripts_data/data/dihedrals/raw_data/LC3B_P62_INCLUDED/SIM_3/chi1/orderness_indicator.py:92: PerformanceWarning: DataFrame is highly fragmented.  This is usually the result of calling `frame.insert` many times, which has poor performance.  Consider joining all columns at once using pd.concat(axis=1) instead. To get a de-fragmented frame, use `newframe = frame.copy()`
  LC3B_ORDERNESS_states[cols]=ORDERNESS_S
/Volumes/Seagate Hub/LC3_conformations_scripts_data/data/dihedrals/raw_data/LC3B_P62_INCLUDED/SIM_3/chi1/orderness_indicator.py:92: PerformanceWarning: DataFrame is highly fragmented.  This is usually the result of calling `frame.insert` many times, which has poor performance.  Consider joining all columns at once using pd.concat(axis=1) instead. To get a de-fragmented frame, use `newframe = frame.copy()`
  LC3B_ORDERNESS_states[cols]=ORDERNESS_S
/Volumes/Seagate Hub/LC3_conformations_scripts_data/data/dihedrals/raw_data/LC3B_P62_INCLUDED/SIM_3/chi1/orderness_indicator.py:92: PerformanceWarning: DataFrame is highly fragmented.  This is usually the result of calling `frame.insert` many times, which has poor performance.  Consider joining all columns at once using pd.concat(axis=1) instead. To get a de-fragmented frame, use `newframe = frame.copy()`
  LC3B_ORDERNESS_states[cols]=ORDERNESS_S
/Volumes/Seagate Hub/LC3_conformations_scripts_data/data/dihedrals/raw_data/LC3B_P62_INCLUDED/SIM_3/chi1/orderness_indicator.py:92: PerformanceWarning: DataFrame is highly fragmented.  This is usually the result of calling `frame.insert` many times, which has poor performance.  Consider joining all columns at once using pd.concat(axis=1) instead. To get a de-fragmented frame, use `newframe = frame.copy()`
  LC3B_ORDERNESS_states[cols]=ORDERNESS_S
/Volumes/Seagate Hub/LC3_conformations_scripts_data/data/dihedrals/raw_data/LC3B_P62_INCLUDED/SIM_3/chi1/orderness_indicator.py:92: PerformanceWarning: DataFrame is highly fragmented.  This is usually the result of calling `frame.insert` many times, which has poor performance.  Consider joining all columns at once using pd.concat(axis=1) instead. To get a de-fragmented frame, use `newframe = frame.copy()`
  LC3B_ORDERNESS_states[cols]=ORDERNESS_S
/Volumes/Seagate Hub/LC3_conformations_scripts_data/data/dihedrals/raw_data/LC3B_P62_INCLUDED/SIM_3/chi1/orderness_indicator.py:92: PerformanceWarning: DataFrame is highly fragmented.  This is usually the result of calling `frame.insert` many times, which has poor performance.  Consider joining all columns at once using pd.concat(axis=1) instead. To get a de-fragmented frame, use `newframe = frame.copy()`
  LC3B_ORDERNESS_states[cols]=ORDERNESS_S
/Volumes/Seagate Hub/LC3_conformations_scripts_data/data/dihedrals/raw_data/LC3B_P62_INCLUDED/SIM_3/chi1/orderness_indicator.py:92: PerformanceWarning: DataFrame is highly fragmented.  This is usually the result of calling `frame.insert` many times, which has poor performance.  Consider joining all columns at once using pd.concat(axis=1) instead. To get a de-fragmented frame, use `newframe = frame.copy()`
  LC3B_ORDERNESS_states[cols]=ORDERNESS_S
/Volumes/Seagate Hub/LC3_conformations_scripts_data/data/dihedrals/raw_data/LC3B_P62_INCLUDED/SIM_3/chi1/orderness_indicator.py:92: PerformanceWarning: DataFrame is highly fragmented.  This is usually the result of calling `frame.insert` many times, which has poor performance.  Consider joining all columns at once using pd.concat(axis=1) instead. To get a de-fragmented frame, use `newframe = frame.copy()`
  LC3B_ORDERNESS_states[cols]=ORDERNESS_S
/Volumes/Seagate Hub/LC3_conformations_scripts_data/data/dihedrals/raw_data/LC3B_P62_INCLUDED/SIM_3/chi1/orderness_indicator.py:92: PerformanceWarning: DataFrame is highly fragmented.  This is usually the result of calling `frame.insert` many times, which has poor performance.  Consider joining all columns at once using pd.concat(axis=1) instead. To get a de-fragmented frame, use `newframe = frame.copy()`
  LC3B_ORDERNESS_states[cols]=ORDERNESS_S
/Users/jesucastin/anaconda3/lib/python3.11/site-packages/pandas/core/arrays/masked.py:60: UserWarning: Pandas requires version '1.3.6' or newer of 'bottleneck' (version '1.3.5' currently installed).
  from pandas.core import (
/Users/jesucastin/anaconda3/lib/python3.11/site-packages/pandas/core/arrays/masked.py:60: UserWarning: Pandas requires version '1.3.6' or newer of 'bottleneck' (version '1.3.5' currently installed).
  from pandas.core import (
/Users/jesucastin/anaconda3/lib/python3.11/site-packages/pandas/core/arrays/masked.py:60: UserWarning: Pandas requires version '1.3.6' or newer of 'bottleneck' (version '1.3.5' currently installed).
  from pandas.core import (
/Users/jesucastin/anaconda3/lib/python3.11/site-packages/pandas/core/arrays/masked.py:60: UserWarning: Pandas requires version '1.3.6' or newer of 'bottleneck' (version '1.3.5' currently installed).
  from pandas.core import (
/Volumes/Seagate Hub/LC3_conformations_scripts_data/data/dihedrals/raw_data/LC3B_P62_INCLUDED/SIM_3/psi/orderness_indicator.py:29: PerformanceWarning: DataFrame is highly fragmented.  This is usually the result of calling `frame.insert` many times, which has poor performance.  Consider joining all columns at once using pd.concat(axis=1) instead. To get a de-fragmented frame, use `newframe = frame.copy()`
  LC3B_transition_states[cols]=transition_indicator_ls
/Volumes/Seagate Hub/LC3_conformations_scripts_data/data/dihedrals/raw_data/LC3B_P62_INCLUDED/SIM_3/psi/orderness_indicator.py:29: PerformanceWarning: DataFrame is highly fragmented.  This is usually the result of calling `frame.insert` many times, which has poor performance.  Consider joining all columns at once using pd.concat(axis=1) instead. To get a de-fragmented frame, use `newframe = frame.copy()`
  LC3B_transition_states[cols]=transition_indicator_ls
/Volumes/Seagate Hub/LC3_conformations_scripts_data/data/dihedrals/raw_data/LC3B_P62_INCLUDED/SIM_3/psi/orderness_indicator.py:29: PerformanceWarning: DataFrame is highly fragmented.  This is usually the result of calling `frame.insert` many times, which has poor performance.  Consider joining all columns at once using pd.concat(axis=1) instead. To get a de-fragmented frame, use `newframe = frame.copy()`
  LC3B_transition_states[cols]=transition_indicator_ls
/Volumes/Seagate Hub/LC3_conformations_scripts_data/data/dihedrals/raw_data/LC3B_P62_INCLUDED/SIM_3/psi/orderness_indicator.py:29: PerformanceWarning: DataFrame is highly fragmented.  This is usually the result of calling `frame.insert` many times, which has poor performance.  Consider joining all columns at once using pd.concat(axis=1) instead. To get a de-fragmented frame, use `newframe = frame.copy()`
  LC3B_transition_states[cols]=transition_indicator_ls
/Volumes/Seagate Hub/LC3_conformations_scripts_data/data/dihedrals/raw_data/LC3B_P62_INCLUDED/SIM_3/psi/orderness_indicator.py:29: PerformanceWarning: DataFrame is highly fragmented.  This is usually the result of calling `frame.insert` many times, which has poor performance.  Consider joining all columns at once using pd.concat(axis=1) instead. To get a de-fragmented frame, use `newframe = frame.copy()`
  LC3B_transition_states[cols]=transition_indicator_ls
/Volumes/Seagate Hub/LC3_conformations_scripts_data/data/dihedrals/raw_data/LC3B_P62_INCLUDED/SIM_3/psi/orderness_indicator.py:29: PerformanceWarning: DataFrame is highly fragmented.  This is usually the result of calling `frame.insert` many times, which has poor performance.  Consider joining all columns at once using pd.concat(axis=1) instead. To get a de-fragmented frame, use `newframe = frame.copy()`
  LC3B_transition_states[cols]=transition_indicator_ls
/Volumes/Seagate Hub/LC3_conformations_scripts_data/data/dihedrals/raw_data/LC3B_P62_INCLUDED/SIM_3/psi/orderness_indicator.py:29: PerformanceWarning: DataFrame is highly fragmented.  This is usually the result of calling `frame.insert` many times, which has poor performance.  Consider joining all columns at once using pd.concat(axis=1) instead. To get a de-fragmented frame, use `newframe = frame.copy()`
  LC3B_transition_states[cols]=transition_indicator_ls
/Volumes/Seagate Hub/LC3_conformations_scripts_data/data/dihedrals/raw_data/LC3B_P62_INCLUDED/SIM_3/psi/orderness_indicator.py:29: PerformanceWarning: DataFrame is highly fragmented.  This is usually the result of calling `frame.insert` many times, which has poor performance.  Consider joining all columns at once using pd.concat(axis=1) instead. To get a de-fragmented frame, use `newframe = frame.copy()`
  LC3B_transition_states[cols]=transition_indicator_ls
/Volumes/Seagate Hub/LC3_conformations_scripts_data/data/dihedrals/raw_data/LC3B_P62_INCLUDED/SIM_3/psi/orderness_indicator.py:29: PerformanceWarning: DataFrame is highly fragmented.  This is usually the result of calling `frame.insert` many times, which has poor performance.  Consider joining all columns at once using pd.concat(axis=1) instead. To get a de-fragmented frame, use `newframe = frame.copy()`
  LC3B_transition_states[cols]=transition_indicator_ls
/Volumes/Seagate Hub/LC3_conformations_scripts_data/data/dihedrals/raw_data/LC3B_P62_INCLUDED/SIM_3/psi/orderness_indicator.py:29: PerformanceWarning: DataFrame is highly fragmented.  This is usually the result of calling `frame.insert` many times, which has poor performance.  Consider joining all columns at once using pd.concat(axis=1) instead. To get a de-fragmented frame, use `newframe = frame.copy()`
  LC3B_transition_states[cols]=transition_indicator_ls
/Volumes/Seagate Hub/LC3_conformations_scripts_data/data/dihedrals/raw_data/LC3B_P62_INCLUDED/SIM_3/psi/orderness_indicator.py:29: PerformanceWarning: DataFrame is highly fragmented.  This is usually the result of calling `frame.insert` many times, which has poor performance.  Consider joining all columns at once using pd.concat(axis=1) instead. To get a de-fragmented frame, use `newframe = frame.copy()`
  LC3B_transition_states[cols]=transition_indicator_ls
/Volumes/Seagate Hub/LC3_conformations_scripts_data/data/dihedrals/raw_data/LC3B_P62_INCLUDED/SIM_3/psi/orderness_indicator.py:29: PerformanceWarning: DataFrame is highly fragmented.  This is usually the result of calling `frame.insert` many times, which has poor performance.  Consider joining all columns at once using pd.concat(axis=1) instead. To get a de-fragmented frame, use `newframe = frame.copy()`
  LC3B_transition_states[cols]=transition_indicator_ls
/Volumes/Seagate Hub/LC3_conformations_scripts_data/data/dihedrals/raw_data/LC3B_P62_INCLUDED/SIM_3/psi/orderness_indicator.py:29: PerformanceWarning: DataFrame is highly fragmented.  This is usually the result of calling `frame.insert` many times, which has poor performance.  Consider joining all columns at once using pd.concat(axis=1) instead. To get a de-fragmented frame, use `newframe = frame.copy()`
  LC3B_transition_states[cols]=transition_indicator_ls
/Volumes/Seagate Hub/LC3_conformations_scripts_data/data/dihedrals/raw_data/LC3B_P62_INCLUDED/SIM_3/psi/orderness_indicator.py:29: PerformanceWarning: DataFrame is highly fragmented.  This is usually the result of calling `frame.insert` many times, which has poor performance.  Consider joining all columns at once using pd.concat(axis=1) instead. To get a de-fragmented frame, use `newframe = frame.copy()`
  LC3B_transition_states[cols]=transition_indicator_ls
/Volumes/Seagate Hub/LC3_conformations_scripts_data/data/dihedrals/raw_data/LC3B_P62_INCLUDED/SIM_3/psi/orderness_indicator.py:29: PerformanceWarning: DataFrame is highly fragmented.  This is usually the result of calling `frame.insert` many times, which has poor performance.  Consider joining all columns at once using pd.concat(axis=1) instead. To get a de-fragmented frame, use `newframe = frame.copy()`
  LC3B_transition_states[cols]=transition_indicator_ls
/Volumes/Seagate Hub/LC3_conformations_scripts_data/data/dihedrals/raw_data/LC3B_P62_INCLUDED/SIM_3/psi/orderness_indicator.py:29: PerformanceWarning: DataFrame is highly fragmented.  This is usually the result of calling `frame.insert` many times, which has poor performance.  Consider joining all columns at once using pd.concat(axis=1) instead. To get a de-fragmented frame, use `newframe = frame.copy()`
  LC3B_transition_states[cols]=transition_indicator_ls
/Volumes/Seagate Hub/LC3_conformations_scripts_data/data/dihedrals/raw_data/LC3B_P62_INCLUDED/SIM_3/psi/orderness_indicator.py:29: PerformanceWarning: DataFrame is highly fragmented.  This is usually the result of calling `frame.insert` many times, which has poor performance.  Consider joining all columns at once using pd.concat(axis=1) instead. To get a de-fragmented frame, use `newframe = frame.copy()`
  LC3B_transition_states[cols]=transition_indicator_ls
/Volumes/Seagate Hub/LC3_conformations_scripts_data/data/dihedrals/raw_data/LC3B_P62_INCLUDED/SIM_3/psi/orderness_indicator.py:29: PerformanceWarning: DataFrame is highly fragmented.  This is usually the result of calling `frame.insert` many times, which has poor performance.  Consider joining all columns at once using pd.concat(axis=1) instead. To get a de-fragmented frame, use `newframe = frame.copy()`
  LC3B_transition_states[cols]=transition_indicator_ls
/Volumes/Seagate Hub/LC3_conformations_scripts_data/data/dihedrals/raw_data/LC3B_P62_INCLUDED/SIM_3/psi/orderness_indicator.py:29: PerformanceWarning: DataFrame is highly fragmented.  This is usually the result of calling `frame.insert` many times, which has poor performance.  Consider joining all columns at once using pd.concat(axis=1) instead. To get a de-fragmented frame, use `newframe = frame.copy()`
  LC3B_transition_states[cols]=transition_indicator_ls
/Volumes/Seagate Hub/LC3_conformations_scripts_data/data/dihedrals/raw_data/LC3B_P62_INCLUDED/SIM_3/psi/orderness_indicator.py:29: PerformanceWarning: DataFrame is highly fragmented.  This is usually the result of calling `frame.insert` many times, which has poor performance.  Consider joining all columns at once using pd.concat(axis=1) instead. To get a de-fragmented frame, use `newframe = frame.copy()`
  LC3B_transition_states[cols]=transition_indicator_ls
/Volumes/Seagate Hub/LC3_conformations_scripts_data/data/dihedrals/raw_data/LC3B_P62_INCLUDED/SIM_3/psi/orderness_indicator.py:29: PerformanceWarning: DataFrame is highly fragmented.  This is usually the result of calling `frame.insert` many times, which has poor performance.  Consider joining all columns at once using pd.concat(axis=1) instead. To get a de-fragmented frame, use `newframe = frame.copy()`
  LC3B_transition_states[cols]=transition_indicator_ls
/Volumes/Seagate Hub/LC3_conformations_scripts_data/data/dihedrals/raw_data/LC3B_P62_INCLUDED/SIM_3/psi/orderness_indicator.py:29: PerformanceWarning: DataFrame is highly fragmented.  This is usually the result of calling `frame.insert` many times, which has poor performance.  Consider joining all columns at once using pd.concat(axis=1) instead. To get a de-fragmented frame, use `newframe = frame.copy()`
  LC3B_transition_states[cols]=transition_indicator_ls
/Volumes/Seagate Hub/LC3_conformations_scripts_data/data/dihedrals/raw_data/LC3B_P62_INCLUDED/SIM_3/psi/orderness_indicator.py:29: PerformanceWarning: DataFrame is highly fragmented.  This is usually the result of calling `frame.insert` many times, which has poor performance.  Consider joining all columns at once using pd.concat(axis=1) instead. To get a de-fragmented frame, use `newframe = frame.copy()`
  LC3B_transition_states[cols]=transition_indicator_ls
/Volumes/Seagate Hub/LC3_conformations_scripts_data/data/dihedrals/raw_data/LC3B_P62_INCLUDED/SIM_3/psi/orderness_indicator.py:29: PerformanceWarning: DataFrame is highly fragmented.  This is usually the result of calling `frame.insert` many times, which has poor performance.  Consider joining all columns at once using pd.concat(axis=1) instead. To get a de-fragmented frame, use `newframe = frame.copy()`
  LC3B_transition_states[cols]=transition_indicator_ls
/Volumes/Seagate Hub/LC3_conformations_scripts_data/data/dihedrals/raw_data/LC3B_P62_INCLUDED/SIM_3/psi/orderness_indicator.py:29: PerformanceWarning: DataFrame is highly fragmented.  This is usually the result of calling `frame.insert` many times, which has poor performance.  Consider joining all columns at once using pd.concat(axis=1) instead. To get a de-fragmented frame, use `newframe = frame.copy()`
  LC3B_transition_states[cols]=transition_indicator_ls
/Volumes/Seagate Hub/LC3_conformations_scripts_data/data/dihedrals/raw_data/LC3B_P62_INCLUDED/SIM_3/psi/orderness_indicator.py:29: PerformanceWarning: DataFrame is highly fragmented.  This is usually the result of calling `frame.insert` many times, which has poor performance.  Consider joining all columns at once using pd.concat(axis=1) instead. To get a de-fragmented frame, use `newframe = frame.copy()`
  LC3B_transition_states[cols]=transition_indicator_ls
/Volumes/Seagate Hub/LC3_conformations_scripts_data/data/dihedrals/raw_data/LC3B_P62_INCLUDED/SIM_3/psi/orderness_indicator.py:92: PerformanceWarning: DataFrame is highly fragmented.  This is usually the result of calling `frame.insert` many times, which has poor performance.  Consider joining all columns at once using pd.concat(axis=1) instead. To get a de-fragmented frame, use `newframe = frame.copy()`
  LC3B_ORDERNESS_states[cols]=ORDERNESS_S
/Volumes/Seagate Hub/LC3_conformations_scripts_data/data/dihedrals/raw_data/LC3B_P62_INCLUDED/SIM_3/psi/orderness_indicator.py:92: PerformanceWarning: DataFrame is highly fragmented.  This is usually the result of calling `frame.insert` many times, which has poor performance.  Consider joining all columns at once using pd.concat(axis=1) instead. To get a de-fragmented frame, use `newframe = frame.copy()`
  LC3B_ORDERNESS_states[cols]=ORDERNESS_S
/Volumes/Seagate Hub/LC3_conformations_scripts_data/data/dihedrals/raw_data/LC3B_P62_INCLUDED/SIM_3/psi/orderness_indicator.py:92: PerformanceWarning: DataFrame is highly fragmented.  This is usually the result of calling `frame.insert` many times, which has poor performance.  Consider joining all columns at once using pd.concat(axis=1) instead. To get a de-fragmented frame, use `newframe = frame.copy()`
  LC3B_ORDERNESS_states[cols]=ORDERNESS_S
/Volumes/Seagate Hub/LC3_conformations_scripts_data/data/dihedrals/raw_data/LC3B_P62_INCLUDED/SIM_3/psi/orderness_indicator.py:92: PerformanceWarning: DataFrame is highly fragmented.  This is usually the result of calling `frame.insert` many times, which has poor performance.  Consider joining all columns at once using pd.concat(axis=1) instead. To get a de-fragmented frame, use `newframe = frame.copy()`
  LC3B_ORDERNESS_states[cols]=ORDERNESS_S
/Volumes/Seagate Hub/LC3_conformations_scripts_data/data/dihedrals/raw_data/LC3B_P62_INCLUDED/SIM_3/psi/orderness_indicator.py:92: PerformanceWarning: DataFrame is highly fragmented.  This is usually the result of calling `frame.insert` many times, which has poor performance.  Consider joining all columns at once using pd.concat(axis=1) instead. To get a de-fragmented frame, use `newframe = frame.copy()`
  LC3B_ORDERNESS_states[cols]=ORDERNESS_S
/Volumes/Seagate Hub/LC3_conformations_scripts_data/data/dihedrals/raw_data/LC3B_P62_INCLUDED/SIM_3/psi/orderness_indicator.py:92: PerformanceWarning: DataFrame is highly fragmented.  This is usually the result of calling `frame.insert` many times, which has poor performance.  Consider joining all columns at once using pd.concat(axis=1) instead. To get a de-fragmented frame, use `newframe = frame.copy()`
  LC3B_ORDERNESS_states[cols]=ORDERNESS_S
/Volumes/Seagate Hub/LC3_conformations_scripts_data/data/dihedrals/raw_data/LC3B_P62_INCLUDED/SIM_3/psi/orderness_indicator.py:92: PerformanceWarning: DataFrame is highly fragmented.  This is usually the result of calling `frame.insert` many times, which has poor performance.  Consider joining all columns at once using pd.concat(axis=1) instead. To get a de-fragmented frame, use `newframe = frame.copy()`
  LC3B_ORDERNESS_states[cols]=ORDERNESS_S
/Volumes/Seagate Hub/LC3_conformations_scripts_data/data/dihedrals/raw_data/LC3B_P62_INCLUDED/SIM_3/psi/orderness_indicator.py:92: PerformanceWarning: DataFrame is highly fragmented.  This is usually the result of calling `frame.insert` many times, which has poor performance.  Consider joining all columns at once using pd.concat(axis=1) instead. To get a de-fragmented frame, use `newframe = frame.copy()`
  LC3B_ORDERNESS_states[cols]=ORDERNESS_S
/Volumes/Seagate Hub/LC3_conformations_scripts_data/data/dihedrals/raw_data/LC3B_P62_INCLUDED/SIM_3/psi/orderness_indicator.py:92: PerformanceWarning: DataFrame is highly fragmented.  This is usually the result of calling `frame.insert` many times, which has poor performance.  Consider joining all columns at once using pd.concat(axis=1) instead. To get a de-fragmented frame, use `newframe = frame.copy()`
  LC3B_ORDERNESS_states[cols]=ORDERNESS_S
/Volumes/Seagate Hub/LC3_conformations_scripts_data/data/dihedrals/raw_data/LC3B_P62_INCLUDED/SIM_3/psi/orderness_indicator.py:92: PerformanceWarning: DataFrame is highly fragmented.  This is usually the result of calling `frame.insert` many times, which has poor performance.  Consider joining all columns at once using pd.concat(axis=1) instead. To get a de-fragmented frame, use `newframe = frame.copy()`
  LC3B_ORDERNESS_states[cols]=ORDERNESS_S
/Volumes/Seagate Hub/LC3_conformations_scripts_data/data/dihedrals/raw_data/LC3B_P62_INCLUDED/SIM_3/psi/orderness_indicator.py:92: PerformanceWarning: DataFrame is highly fragmented.  This is usually the result of calling `frame.insert` many times, which has poor performance.  Consider joining all columns at once using pd.concat(axis=1) instead. To get a de-fragmented frame, use `newframe = frame.copy()`
  LC3B_ORDERNESS_states[cols]=ORDERNESS_S
/Volumes/Seagate Hub/LC3_conformations_scripts_data/data/dihedrals/raw_data/LC3B_P62_INCLUDED/SIM_3/psi/orderness_indicator.py:92: PerformanceWarning: DataFrame is highly fragmented.  This is usually the result of calling `frame.insert` many times, which has poor performance.  Consider joining all columns at once using pd.concat(axis=1) instead. To get a de-fragmented frame, use `newframe = frame.copy()`
  LC3B_ORDERNESS_states[cols]=ORDERNESS_S
/Volumes/Seagate Hub/LC3_conformations_scripts_data/data/dihedrals/raw_data/LC3B_P62_INCLUDED/SIM_3/psi/orderness_indicator.py:92: PerformanceWarning: DataFrame is highly fragmented.  This is usually the result of calling `frame.insert` many times, which has poor performance.  Consider joining all columns at once using pd.concat(axis=1) instead. To get a de-fragmented frame, use `newframe = frame.copy()`
  LC3B_ORDERNESS_states[cols]=ORDERNESS_S
/Volumes/Seagate Hub/LC3_conformations_scripts_data/data/dihedrals/raw_data/LC3B_P62_INCLUDED/SIM_3/psi/orderness_indicator.py:92: PerformanceWarning: DataFrame is highly fragmented.  This is usually the result of calling `frame.insert` many times, which has poor performance.  Consider joining all columns at once using pd.concat(axis=1) instead. To get a de-fragmented frame, use `newframe = frame.copy()`
  LC3B_ORDERNESS_states[cols]=ORDERNESS_S
/Volumes/Seagate Hub/LC3_conformations_scripts_data/data/dihedrals/raw_data/LC3B_P62_INCLUDED/SIM_3/psi/orderness_indicator.py:92: PerformanceWarning: DataFrame is highly fragmented.  This is usually the result of calling `frame.insert` many times, which has poor performance.  Consider joining all columns at once using pd.concat(axis=1) instead. To get a de-fragmented frame, use `newframe = frame.copy()`
  LC3B_ORDERNESS_states[cols]=ORDERNESS_S
/Volumes/Seagate Hub/LC3_conformations_scripts_data/data/dihedrals/raw_data/LC3B_P62_INCLUDED/SIM_3/psi/orderness_indicator.py:92: PerformanceWarning: DataFrame is highly fragmented.  This is usually the result of calling `frame.insert` many times, which has poor performance.  Consider joining all columns at once using pd.concat(axis=1) instead. To get a de-fragmented frame, use `newframe = frame.copy()`
  LC3B_ORDERNESS_states[cols]=ORDERNESS_S
/Volumes/Seagate Hub/LC3_conformations_scripts_data/data/dihedrals/raw_data/LC3B_P62_INCLUDED/SIM_3/psi/orderness_indicator.py:92: PerformanceWarning: DataFrame is highly fragmented.  This is usually the result of calling `frame.insert` many times, which has poor performance.  Consider joining all columns at once using pd.concat(axis=1) instead. To get a de-fragmented frame, use `newframe = frame.copy()`
  LC3B_ORDERNESS_states[cols]=ORDERNESS_S
/Volumes/Seagate Hub/LC3_conformations_scripts_data/data/dihedrals/raw_data/LC3B_P62_INCLUDED/SIM_3/psi/orderness_indicator.py:92: PerformanceWarning: DataFrame is highly fragmented.  This is usually the result of calling `frame.insert` many times, which has poor performance.  Consider joining all columns at once using pd.concat(axis=1) instead. To get a de-fragmented frame, use `newframe = frame.copy()`
  LC3B_ORDERNESS_states[cols]=ORDERNESS_S
/Volumes/Seagate Hub/LC3_conformations_scripts_data/data/dihedrals/raw_data/LC3B_P62_INCLUDED/SIM_3/psi/orderness_indicator.py:92: PerformanceWarning: DataFrame is highly fragmented.  This is usually the result of calling `frame.insert` many times, which has poor performance.  Consider joining all columns at once using pd.concat(axis=1) instead. To get a de-fragmented frame, use `newframe = frame.copy()`
  LC3B_ORDERNESS_states[cols]=ORDERNESS_S
/Volumes/Seagate Hub/LC3_conformations_scripts_data/data/dihedrals/raw_data/LC3B_P62_INCLUDED/SIM_3/psi/orderness_indicator.py:92: PerformanceWarning: DataFrame is highly fragmented.  This is usually the result of calling `frame.insert` many times, which has poor performance.  Consider joining all columns at once using pd.concat(axis=1) instead. To get a de-fragmented frame, use `newframe = frame.copy()`
  LC3B_ORDERNESS_states[cols]=ORDERNESS_S
/Volumes/Seagate Hub/LC3_conformations_scripts_data/data/dihedrals/raw_data/LC3B_P62_INCLUDED/SIM_3/psi/orderness_indicator.py:92: PerformanceWarning: DataFrame is highly fragmented.  This is usually the result of calling `frame.insert` many times, which has poor performance.  Consider joining all columns at once using pd.concat(axis=1) instead. To get a de-fragmented frame, use `newframe = frame.copy()`
  LC3B_ORDERNESS_states[cols]=ORDERNESS_S
/Volumes/Seagate Hub/LC3_conformations_scripts_data/data/dihedrals/raw_data/LC3B_P62_INCLUDED/SIM_3/psi/orderness_indicator.py:92: PerformanceWarning: DataFrame is highly fragmented.  This is usually the result of calling `frame.insert` many times, which has poor performance.  Consider joining all columns at once using pd.concat(axis=1) instead. To get a de-fragmented frame, use `newframe = frame.copy()`
  LC3B_ORDERNESS_states[cols]=ORDERNESS_S
/Volumes/Seagate Hub/LC3_conformations_scripts_data/data/dihedrals/raw_data/LC3B_P62_INCLUDED/SIM_3/psi/orderness_indicator.py:92: PerformanceWarning: DataFrame is highly fragmented.  This is usually the result of calling `frame.insert` many times, which has poor performance.  Consider joining all columns at once using pd.concat(axis=1) instead. To get a de-fragmented frame, use `newframe = frame.copy()`
  LC3B_ORDERNESS_states[cols]=ORDERNESS_S
/Volumes/Seagate Hub/LC3_conformations_scripts_data/data/dihedrals/raw_data/LC3B_P62_INCLUDED/SIM_3/psi/orderness_indicator.py:92: PerformanceWarning: DataFrame is highly fragmented.  This is usually the result of calling `frame.insert` many times, which has poor performance.  Consider joining all columns at once using pd.concat(axis=1) instead. To get a de-fragmented frame, use `newframe = frame.copy()`
  LC3B_ORDERNESS_states[cols]=ORDERNESS_S
/Volumes/Seagate Hub/LC3_conformations_scripts_data/data/dihedrals/raw_data/LC3B_P62_INCLUDED/SIM_3/psi/orderness_indicator.py:92: PerformanceWarning: DataFrame is highly fragmented.  This is usually the result of calling `frame.insert` many times, which has poor performance.  Consider joining all columns at once using pd.concat(axis=1) instead. To get a de-fragmented frame, use `newframe = frame.copy()`
  LC3B_ORDERNESS_states[cols]=ORDERNESS_S
/Volumes/Seagate Hub/LC3_conformations_scripts_data/data/dihedrals/raw_data/LC3B_P62_INCLUDED/SIM_3/psi/orderness_indicator.py:92: PerformanceWarning: DataFrame is highly fragmented.  This is usually the result of calling `frame.insert` many times, which has poor performance.  Consider joining all columns at once using pd.concat(axis=1) instead. To get a de-fragmented frame, use `newframe = frame.copy()`
  LC3B_ORDERNESS_states[cols]=ORDERNESS_S
/Users/jesucastin/anaconda3/lib/python3.11/site-packages/pandas/core/arrays/masked.py:60: UserWarning: Pandas requires version '1.3.6' or newer of 'bottleneck' (version '1.3.5' currently installed).
  from pandas.core import (
/Volumes/Seagate Hub/LC3_conformations_scripts_data/data/dihedrals/raw_data/LC3B_P62_INCLUDED/SIM_3/phi/orderness_indicator.py:29: PerformanceWarning: DataFrame is highly fragmented.  This is usually the result of calling `frame.insert` many times, which has poor performance.  Consider joining all columns at once using pd.concat(axis=1) instead. To get a de-fragmented frame, use `newframe = frame.copy()`
  LC3B_transition_states[cols]=transition_indicator_ls
/Volumes/Seagate Hub/LC3_conformations_scripts_data/data/dihedrals/raw_data/LC3B_P62_INCLUDED/SIM_3/phi/orderness_indicator.py:29: PerformanceWarning: DataFrame is highly fragmented.  This is usually the result of calling `frame.insert` many times, which has poor performance.  Consider joining all columns at once using pd.concat(axis=1) instead. To get a de-fragmented frame, use `newframe = frame.copy()`
  LC3B_transition_states[cols]=transition_indicator_ls
/Volumes/Seagate Hub/LC3_conformations_scripts_data/data/dihedrals/raw_data/LC3B_P62_INCLUDED/SIM_3/phi/orderness_indicator.py:29: PerformanceWarning: DataFrame is highly fragmented.  This is usually the result of calling `frame.insert` many times, which has poor performance.  Consider joining all columns at once using pd.concat(axis=1) instead. To get a de-fragmented frame, use `newframe = frame.copy()`
  LC3B_transition_states[cols]=transition_indicator_ls
/Volumes/Seagate Hub/LC3_conformations_scripts_data/data/dihedrals/raw_data/LC3B_P62_INCLUDED/SIM_3/phi/orderness_indicator.py:29: PerformanceWarning: DataFrame is highly fragmented.  This is usually the result of calling `frame.insert` many times, which has poor performance.  Consider joining all columns at once using pd.concat(axis=1) instead. To get a de-fragmented frame, use `newframe = frame.copy()`
  LC3B_transition_states[cols]=transition_indicator_ls
/Volumes/Seagate Hub/LC3_conformations_scripts_data/data/dihedrals/raw_data/LC3B_P62_INCLUDED/SIM_3/phi/orderness_indicator.py:29: PerformanceWarning: DataFrame is highly fragmented.  This is usually the result of calling `frame.insert` many times, which has poor performance.  Consider joining all columns at once using pd.concat(axis=1) instead. To get a de-fragmented frame, use `newframe = frame.copy()`
  LC3B_transition_states[cols]=transition_indicator_ls
/Volumes/Seagate Hub/LC3_conformations_scripts_data/data/dihedrals/raw_data/LC3B_P62_INCLUDED/SIM_3/phi/orderness_indicator.py:29: PerformanceWarning: DataFrame is highly fragmented.  This is usually the result of calling `frame.insert` many times, which has poor performance.  Consider joining all columns at once using pd.concat(axis=1) instead. To get a de-fragmented frame, use `newframe = frame.copy()`
  LC3B_transition_states[cols]=transition_indicator_ls
/Volumes/Seagate Hub/LC3_conformations_scripts_data/data/dihedrals/raw_data/LC3B_P62_INCLUDED/SIM_3/phi/orderness_indicator.py:29: PerformanceWarning: DataFrame is highly fragmented.  This is usually the result of calling `frame.insert` many times, which has poor performance.  Consider joining all columns at once using pd.concat(axis=1) instead. To get a de-fragmented frame, use `newframe = frame.copy()`
  LC3B_transition_states[cols]=transition_indicator_ls
/Volumes/Seagate Hub/LC3_conformations_scripts_data/data/dihedrals/raw_data/LC3B_P62_INCLUDED/SIM_3/phi/orderness_indicator.py:29: PerformanceWarning: DataFrame is highly fragmented.  This is usually the result of calling `frame.insert` many times, which has poor performance.  Consider joining all columns at once using pd.concat(axis=1) instead. To get a de-fragmented frame, use `newframe = frame.copy()`
  LC3B_transition_states[cols]=transition_indicator_ls
/Volumes/Seagate Hub/LC3_conformations_scripts_data/data/dihedrals/raw_data/LC3B_P62_INCLUDED/SIM_3/phi/orderness_indicator.py:29: PerformanceWarning: DataFrame is highly fragmented.  This is usually the result of calling `frame.insert` many times, which has poor performance.  Consider joining all columns at once using pd.concat(axis=1) instead. To get a de-fragmented frame, use `newframe = frame.copy()`
  LC3B_transition_states[cols]=transition_indicator_ls
/Volumes/Seagate Hub/LC3_conformations_scripts_data/data/dihedrals/raw_data/LC3B_P62_INCLUDED/SIM_3/phi/orderness_indicator.py:29: PerformanceWarning: DataFrame is highly fragmented.  This is usually the result of calling `frame.insert` many times, which has poor performance.  Consider joining all columns at once using pd.concat(axis=1) instead. To get a de-fragmented frame, use `newframe = frame.copy()`
  LC3B_transition_states[cols]=transition_indicator_ls
/Volumes/Seagate Hub/LC3_conformations_scripts_data/data/dihedrals/raw_data/LC3B_P62_INCLUDED/SIM_3/phi/orderness_indicator.py:29: PerformanceWarning: DataFrame is highly fragmented.  This is usually the result of calling `frame.insert` many times, which has poor performance.  Consider joining all columns at once using pd.concat(axis=1) instead. To get a de-fragmented frame, use `newframe = frame.copy()`
  LC3B_transition_states[cols]=transition_indicator_ls
/Volumes/Seagate Hub/LC3_conformations_scripts_data/data/dihedrals/raw_data/LC3B_P62_INCLUDED/SIM_3/phi/orderness_indicator.py:29: PerformanceWarning: DataFrame is highly fragmented.  This is usually the result of calling `frame.insert` many times, which has poor performance.  Consider joining all columns at once using pd.concat(axis=1) instead. To get a de-fragmented frame, use `newframe = frame.copy()`
  LC3B_transition_states[cols]=transition_indicator_ls
/Volumes/Seagate Hub/LC3_conformations_scripts_data/data/dihedrals/raw_data/LC3B_P62_INCLUDED/SIM_3/phi/orderness_indicator.py:29: PerformanceWarning: DataFrame is highly fragmented.  This is usually the result of calling `frame.insert` many times, which has poor performance.  Consider joining all columns at once using pd.concat(axis=1) instead. To get a de-fragmented frame, use `newframe = frame.copy()`
  LC3B_transition_states[cols]=transition_indicator_ls
/Volumes/Seagate Hub/LC3_conformations_scripts_data/data/dihedrals/raw_data/LC3B_P62_INCLUDED/SIM_3/phi/orderness_indicator.py:29: PerformanceWarning: DataFrame is highly fragmented.  This is usually the result of calling `frame.insert` many times, which has poor performance.  Consider joining all columns at once using pd.concat(axis=1) instead. To get a de-fragmented frame, use `newframe = frame.copy()`
  LC3B_transition_states[cols]=transition_indicator_ls
/Volumes/Seagate Hub/LC3_conformations_scripts_data/data/dihedrals/raw_data/LC3B_P62_INCLUDED/SIM_3/phi/orderness_indicator.py:29: PerformanceWarning: DataFrame is highly fragmented.  This is usually the result of calling `frame.insert` many times, which has poor performance.  Consider joining all columns at once using pd.concat(axis=1) instead. To get a de-fragmented frame, use `newframe = frame.copy()`
  LC3B_transition_states[cols]=transition_indicator_ls
/Volumes/Seagate Hub/LC3_conformations_scripts_data/data/dihedrals/raw_data/LC3B_P62_INCLUDED/SIM_3/phi/orderness_indicator.py:29: PerformanceWarning: DataFrame is highly fragmented.  This is usually the result of calling `frame.insert` many times, which has poor performance.  Consider joining all columns at once using pd.concat(axis=1) instead. To get a de-fragmented frame, use `newframe = frame.copy()`
  LC3B_transition_states[cols]=transition_indicator_ls
/Volumes/Seagate Hub/LC3_conformations_scripts_data/data/dihedrals/raw_data/LC3B_P62_INCLUDED/SIM_3/phi/orderness_indicator.py:29: PerformanceWarning: DataFrame is highly fragmented.  This is usually the result of calling `frame.insert` many times, which has poor performance.  Consider joining all columns at once using pd.concat(axis=1) instead. To get a de-fragmented frame, use `newframe = frame.copy()`
  LC3B_transition_states[cols]=transition_indicator_ls
/Volumes/Seagate Hub/LC3_conformations_scripts_data/data/dihedrals/raw_data/LC3B_P62_INCLUDED/SIM_3/phi/orderness_indicator.py:29: PerformanceWarning: DataFrame is highly fragmented.  This is usually the result of calling `frame.insert` many times, which has poor performance.  Consider joining all columns at once using pd.concat(axis=1) instead. To get a de-fragmented frame, use `newframe = frame.copy()`
  LC3B_transition_states[cols]=transition_indicator_ls
/Volumes/Seagate Hub/LC3_conformations_scripts_data/data/dihedrals/raw_data/LC3B_P62_INCLUDED/SIM_3/phi/orderness_indicator.py:29: PerformanceWarning: DataFrame is highly fragmented.  This is usually the result of calling `frame.insert` many times, which has poor performance.  Consider joining all columns at once using pd.concat(axis=1) instead. To get a de-fragmented frame, use `newframe = frame.copy()`
  LC3B_transition_states[cols]=transition_indicator_ls
/Volumes/Seagate Hub/LC3_conformations_scripts_data/data/dihedrals/raw_data/LC3B_P62_INCLUDED/SIM_3/phi/orderness_indicator.py:29: PerformanceWarning: DataFrame is highly fragmented.  This is usually the result of calling `frame.insert` many times, which has poor performance.  Consider joining all columns at once using pd.concat(axis=1) instead. To get a de-fragmented frame, use `newframe = frame.copy()`
  LC3B_transition_states[cols]=transition_indicator_ls
/Volumes/Seagate Hub/LC3_conformations_scripts_data/data/dihedrals/raw_data/LC3B_P62_INCLUDED/SIM_3/phi/orderness_indicator.py:29: PerformanceWarning: DataFrame is highly fragmented.  This is usually the result of calling `frame.insert` many times, which has poor performance.  Consider joining all columns at once using pd.concat(axis=1) instead. To get a de-fragmented frame, use `newframe = frame.copy()`
  LC3B_transition_states[cols]=transition_indicator_ls
/Volumes/Seagate Hub/LC3_conformations_scripts_data/data/dihedrals/raw_data/LC3B_P62_INCLUDED/SIM_3/phi/orderness_indicator.py:29: PerformanceWarning: DataFrame is highly fragmented.  This is usually the result of calling `frame.insert` many times, which has poor performance.  Consider joining all columns at once using pd.concat(axis=1) instead. To get a de-fragmented frame, use `newframe = frame.copy()`
  LC3B_transition_states[cols]=transition_indicator_ls
/Volumes/Seagate Hub/LC3_conformations_scripts_data/data/dihedrals/raw_data/LC3B_P62_INCLUDED/SIM_3/phi/orderness_indicator.py:29: PerformanceWarning: DataFrame is highly fragmented.  This is usually the result of calling `frame.insert` many times, which has poor performance.  Consider joining all columns at once using pd.concat(axis=1) instead. To get a de-fragmented frame, use `newframe = frame.copy()`
  LC3B_transition_states[cols]=transition_indicator_ls
/Volumes/Seagate Hub/LC3_conformations_scripts_data/data/dihedrals/raw_data/LC3B_P62_INCLUDED/SIM_3/phi/orderness_indicator.py:29: PerformanceWarning: DataFrame is highly fragmented.  This is usually the result of calling `frame.insert` many times, which has poor performance.  Consider joining all columns at once using pd.concat(axis=1) instead. To get a de-fragmented frame, use `newframe = frame.copy()`
  LC3B_transition_states[cols]=transition_indicator_ls
/Volumes/Seagate Hub/LC3_conformations_scripts_data/data/dihedrals/raw_data/LC3B_P62_INCLUDED/SIM_3/phi/orderness_indicator.py:29: PerformanceWarning: DataFrame is highly fragmented.  This is usually the result of calling `frame.insert` many times, which has poor performance.  Consider joining all columns at once using pd.concat(axis=1) instead. To get a de-fragmented frame, use `newframe = frame.copy()`
  LC3B_transition_states[cols]=transition_indicator_ls
/Volumes/Seagate Hub/LC3_conformations_scripts_data/data/dihedrals/raw_data/LC3B_P62_INCLUDED/SIM_3/phi/orderness_indicator.py:29: PerformanceWarning: DataFrame is highly fragmented.  This is usually the result of calling `frame.insert` many times, which has poor performance.  Consider joining all columns at once using pd.concat(axis=1) instead. To get a de-fragmented frame, use `newframe = frame.copy()`
  LC3B_transition_states[cols]=transition_indicator_ls
/Volumes/Seagate Hub/LC3_conformations_scripts_data/data/dihedrals/raw_data/LC3B_P62_INCLUDED/SIM_3/phi/orderness_indicator.py:92: PerformanceWarning: DataFrame is highly fragmented.  This is usually the result of calling `frame.insert` many times, which has poor performance.  Consider joining all columns at once using pd.concat(axis=1) instead. To get a de-fragmented frame, use `newframe = frame.copy()`
  LC3B_ORDERNESS_states[cols]=ORDERNESS_S
/Volumes/Seagate Hub/LC3_conformations_scripts_data/data/dihedrals/raw_data/LC3B_P62_INCLUDED/SIM_3/phi/orderness_indicator.py:92: PerformanceWarning: DataFrame is highly fragmented.  This is usually the result of calling `frame.insert` many times, which has poor performance.  Consider joining all columns at once using pd.concat(axis=1) instead. To get a de-fragmented frame, use `newframe = frame.copy()`
  LC3B_ORDERNESS_states[cols]=ORDERNESS_S
/Volumes/Seagate Hub/LC3_conformations_scripts_data/data/dihedrals/raw_data/LC3B_P62_INCLUDED/SIM_3/phi/orderness_indicator.py:92: PerformanceWarning: DataFrame is highly fragmented.  This is usually the result of calling `frame.insert` many times, which has poor performance.  Consider joining all columns at once using pd.concat(axis=1) instead. To get a de-fragmented frame, use `newframe = frame.copy()`
  LC3B_ORDERNESS_states[cols]=ORDERNESS_S
/Volumes/Seagate Hub/LC3_conformations_scripts_data/data/dihedrals/raw_data/LC3B_P62_INCLUDED/SIM_3/phi/orderness_indicator.py:92: PerformanceWarning: DataFrame is highly fragmented.  This is usually the result of calling `frame.insert` many times, which has poor performance.  Consider joining all columns at once using pd.concat(axis=1) instead. To get a de-fragmented frame, use `newframe = frame.copy()`
  LC3B_ORDERNESS_states[cols]=ORDERNESS_S
/Volumes/Seagate Hub/LC3_conformations_scripts_data/data/dihedrals/raw_data/LC3B_P62_INCLUDED/SIM_3/phi/orderness_indicator.py:92: PerformanceWarning: DataFrame is highly fragmented.  This is usually the result of calling `frame.insert` many times, which has poor performance.  Consider joining all columns at once using pd.concat(axis=1) instead. To get a de-fragmented frame, use `newframe = frame.copy()`
  LC3B_ORDERNESS_states[cols]=ORDERNESS_S
/Volumes/Seagate Hub/LC3_conformations_scripts_data/data/dihedrals/raw_data/LC3B_P62_INCLUDED/SIM_3/phi/orderness_indicator.py:92: PerformanceWarning: DataFrame is highly fragmented.  This is usually the result of calling `frame.insert` many times, which has poor performance.  Consider joining all columns at once using pd.concat(axis=1) instead. To get a de-fragmented frame, use `newframe = frame.copy()`
  LC3B_ORDERNESS_states[cols]=ORDERNESS_S
/Volumes/Seagate Hub/LC3_conformations_scripts_data/data/dihedrals/raw_data/LC3B_P62_INCLUDED/SIM_3/phi/orderness_indicator.py:92: PerformanceWarning: DataFrame is highly fragmented.  This is usually the result of calling `frame.insert` many times, which has poor performance.  Consider joining all columns at once using pd.concat(axis=1) instead. To get a de-fragmented frame, use `newframe = frame.copy()`
  LC3B_ORDERNESS_states[cols]=ORDERNESS_S
/Volumes/Seagate Hub/LC3_conformations_scripts_data/data/dihedrals/raw_data/LC3B_P62_INCLUDED/SIM_3/phi/orderness_indicator.py:92: PerformanceWarning: DataFrame is highly fragmented.  This is usually the result of calling `frame.insert` many times, which has poor performance.  Consider joining all columns at once using pd.concat(axis=1) instead. To get a de-fragmented frame, use `newframe = frame.copy()`
  LC3B_ORDERNESS_states[cols]=ORDERNESS_S
/Volumes/Seagate Hub/LC3_conformations_scripts_data/data/dihedrals/raw_data/LC3B_P62_INCLUDED/SIM_3/phi/orderness_indicator.py:92: PerformanceWarning: DataFrame is highly fragmented.  This is usually the result of calling `frame.insert` many times, which has poor performance.  Consider joining all columns at once using pd.concat(axis=1) instead. To get a de-fragmented frame, use `newframe = frame.copy()`
  LC3B_ORDERNESS_states[cols]=ORDERNESS_S
/Volumes/Seagate Hub/LC3_conformations_scripts_data/data/dihedrals/raw_data/LC3B_P62_INCLUDED/SIM_3/phi/orderness_indicator.py:92: PerformanceWarning: DataFrame is highly fragmented.  This is usually the result of calling `frame.insert` many times, which has poor performance.  Consider joining all columns at once using pd.concat(axis=1) instead. To get a de-fragmented frame, use `newframe = frame.copy()`
  LC3B_ORDERNESS_states[cols]=ORDERNESS_S
/Volumes/Seagate Hub/LC3_conformations_scripts_data/data/dihedrals/raw_data/LC3B_P62_INCLUDED/SIM_3/phi/orderness_indicator.py:92: PerformanceWarning: DataFrame is highly fragmented.  This is usually the result of calling `frame.insert` many times, which has poor performance.  Consider joining all columns at once using pd.concat(axis=1) instead. To get a de-fragmented frame, use `newframe = frame.copy()`
  LC3B_ORDERNESS_states[cols]=ORDERNESS_S
/Volumes/Seagate Hub/LC3_conformations_scripts_data/data/dihedrals/raw_data/LC3B_P62_INCLUDED/SIM_3/phi/orderness_indicator.py:92: PerformanceWarning: DataFrame is highly fragmented.  This is usually the result of calling `frame.insert` many times, which has poor performance.  Consider joining all columns at once using pd.concat(axis=1) instead. To get a de-fragmented frame, use `newframe = frame.copy()`
  LC3B_ORDERNESS_states[cols]=ORDERNESS_S
/Volumes/Seagate Hub/LC3_conformations_scripts_data/data/dihedrals/raw_data/LC3B_P62_INCLUDED/SIM_3/phi/orderness_indicator.py:92: PerformanceWarning: DataFrame is highly fragmented.  This is usually the result of calling `frame.insert` many times, which has poor performance.  Consider joining all columns at once using pd.concat(axis=1) instead. To get a de-fragmented frame, use `newframe = frame.copy()`
  LC3B_ORDERNESS_states[cols]=ORDERNESS_S
/Volumes/Seagate Hub/LC3_conformations_scripts_data/data/dihedrals/raw_data/LC3B_P62_INCLUDED/SIM_3/phi/orderness_indicator.py:92: PerformanceWarning: DataFrame is highly fragmented.  This is usually the result of calling `frame.insert` many times, which has poor performance.  Consider joining all columns at once using pd.concat(axis=1) instead. To get a de-fragmented frame, use `newframe = frame.copy()`
  LC3B_ORDERNESS_states[cols]=ORDERNESS_S
/Volumes/Seagate Hub/LC3_conformations_scripts_data/data/dihedrals/raw_data/LC3B_P62_INCLUDED/SIM_3/phi/orderness_indicator.py:92: PerformanceWarning: DataFrame is highly fragmented.  This is usually the result of calling `frame.insert` many times, which has poor performance.  Consider joining all columns at once using pd.concat(axis=1) instead. To get a de-fragmented frame, use `newframe = frame.copy()`
  LC3B_ORDERNESS_states[cols]=ORDERNESS_S
/Volumes/Seagate Hub/LC3_conformations_scripts_data/data/dihedrals/raw_data/LC3B_P62_INCLUDED/SIM_3/phi/orderness_indicator.py:92: PerformanceWarning: DataFrame is highly fragmented.  This is usually the result of calling `frame.insert` many times, which has poor performance.  Consider joining all columns at once using pd.concat(axis=1) instead. To get a de-fragmented frame, use `newframe = frame.copy()`
  LC3B_ORDERNESS_states[cols]=ORDERNESS_S
/Volumes/Seagate Hub/LC3_conformations_scripts_data/data/dihedrals/raw_data/LC3B_P62_INCLUDED/SIM_3/phi/orderness_indicator.py:92: PerformanceWarning: DataFrame is highly fragmented.  This is usually the result of calling `frame.insert` many times, which has poor performance.  Consider joining all columns at once using pd.concat(axis=1) instead. To get a de-fragmented frame, use `newframe = frame.copy()`
  LC3B_ORDERNESS_states[cols]=ORDERNESS_S
/Volumes/Seagate Hub/LC3_conformations_scripts_data/data/dihedrals/raw_data/LC3B_P62_INCLUDED/SIM_3/phi/orderness_indicator.py:92: PerformanceWarning: DataFrame is highly fragmented.  This is usually the result of calling `frame.insert` many times, which has poor performance.  Consider joining all columns at once using pd.concat(axis=1) instead. To get a de-fragmented frame, use `newframe = frame.copy()`
  LC3B_ORDERNESS_states[cols]=ORDERNESS_S
/Volumes/Seagate Hub/LC3_conformations_scripts_data/data/dihedrals/raw_data/LC3B_P62_INCLUDED/SIM_3/phi/orderness_indicator.py:92: PerformanceWarning: DataFrame is highly fragmented.  This is usually the result of calling `frame.insert` many times, which has poor performance.  Consider joining all columns at once using pd.concat(axis=1) instead. To get a de-fragmented frame, use `newframe = frame.copy()`
  LC3B_ORDERNESS_states[cols]=ORDERNESS_S
/Volumes/Seagate Hub/LC3_conformations_scripts_data/data/dihedrals/raw_data/LC3B_P62_INCLUDED/SIM_3/phi/orderness_indicator.py:92: PerformanceWarning: DataFrame is highly fragmented.  This is usually the result of calling `frame.insert` many times, which has poor performance.  Consider joining all columns at once using pd.concat(axis=1) instead. To get a de-fragmented frame, use `newframe = frame.copy()`
  LC3B_ORDERNESS_states[cols]=ORDERNESS_S
/Volumes/Seagate Hub/LC3_conformations_scripts_data/data/dihedrals/raw_data/LC3B_P62_INCLUDED/SIM_3/phi/orderness_indicator.py:92: PerformanceWarning: DataFrame is highly fragmented.  This is usually the result of calling `frame.insert` many times, which has poor performance.  Consider joining all columns at once using pd.concat(axis=1) instead. To get a de-fragmented frame, use `newframe = frame.copy()`
  LC3B_ORDERNESS_states[cols]=ORDERNESS_S
/Volumes/Seagate Hub/LC3_conformations_scripts_data/data/dihedrals/raw_data/LC3B_P62_INCLUDED/SIM_3/phi/orderness_indicator.py:92: PerformanceWarning: DataFrame is highly fragmented.  This is usually the result of calling `frame.insert` many times, which has poor performance.  Consider joining all columns at once using pd.concat(axis=1) instead. To get a de-fragmented frame, use `newframe = frame.copy()`
  LC3B_ORDERNESS_states[cols]=ORDERNESS_S
/Volumes/Seagate Hub/LC3_conformations_scripts_data/data/dihedrals/raw_data/LC3B_P62_INCLUDED/SIM_3/phi/orderness_indicator.py:92: PerformanceWarning: DataFrame is highly fragmented.  This is usually the result of calling `frame.insert` many times, which has poor performance.  Consider joining all columns at once using pd.concat(axis=1) instead. To get a de-fragmented frame, use `newframe = frame.copy()`
  LC3B_ORDERNESS_states[cols]=ORDERNESS_S
/Volumes/Seagate Hub/LC3_conformations_scripts_data/data/dihedrals/raw_data/LC3B_P62_INCLUDED/SIM_3/phi/orderness_indicator.py:92: PerformanceWarning: DataFrame is highly fragmented.  This is usually the result of calling `frame.insert` many times, which has poor performance.  Consider joining all columns at once using pd.concat(axis=1) instead. To get a de-fragmented frame, use `newframe = frame.copy()`
  LC3B_ORDERNESS_states[cols]=ORDERNESS_S
/Volumes/Seagate Hub/LC3_conformations_scripts_data/data/dihedrals/raw_data/LC3B_P62_INCLUDED/SIM_3/phi/orderness_indicator.py:92: PerformanceWarning: DataFrame is highly fragmented.  This is usually the result of calling `frame.insert` many times, which has poor performance.  Consider joining all columns at once using pd.concat(axis=1) instead. To get a de-fragmented frame, use `newframe = frame.copy()`
  LC3B_ORDERNESS_states[cols]=ORDERNESS_S
/Volumes/Seagate Hub/LC3_conformations_scripts_data/data/dihedrals/raw_data/LC3B_P62_INCLUDED/SIM_3/phi/orderness_indicator.py:92: PerformanceWarning: DataFrame is highly fragmented.  This is usually the result of calling `frame.insert` many times, which has poor performance.  Consider joining all columns at once using pd.concat(axis=1) instead. To get a de-fragmented frame, use `newframe = frame.copy()`
  LC3B_ORDERNESS_states[cols]=ORDERNESS_S
I am done with LC3B_P62_INCLUDED
/Users/jesucastin/anaconda3/lib/python3.11/site-packages/pandas/core/arrays/masked.py:60: UserWarning: Pandas requires version '1.3.6' or newer of 'bottleneck' (version '1.3.5' currently installed).
  from pandas.core import (
/Volumes/Seagate Hub/LC3_conformations_scripts_data/data/dihedrals/raw_data/LC3B_II_ER_protein/SIM_1/chi1/orderness_indicator.py:29: PerformanceWarning: DataFrame is highly fragmented.  This is usually the result of calling `frame.insert` many times, which has poor performance.  Consider joining all columns at once using pd.concat(axis=1) instead. To get a de-fragmented frame, use `newframe = frame.copy()`
  LC3B_transition_states[cols]=transition_indicator_ls
/Volumes/Seagate Hub/LC3_conformations_scripts_data/data/dihedrals/raw_data/LC3B_II_ER_protein/SIM_1/chi1/orderness_indicator.py:29: PerformanceWarning: DataFrame is highly fragmented.  This is usually the result of calling `frame.insert` many times, which has poor performance.  Consider joining all columns at once using pd.concat(axis=1) instead. To get a de-fragmented frame, use `newframe = frame.copy()`
  LC3B_transition_states[cols]=transition_indicator_ls
/Volumes/Seagate Hub/LC3_conformations_scripts_data/data/dihedrals/raw_data/LC3B_II_ER_protein/SIM_1/chi1/orderness_indicator.py:29: PerformanceWarning: DataFrame is highly fragmented.  This is usually the result of calling `frame.insert` many times, which has poor performance.  Consider joining all columns at once using pd.concat(axis=1) instead. To get a de-fragmented frame, use `newframe = frame.copy()`
  LC3B_transition_states[cols]=transition_indicator_ls
/Volumes/Seagate Hub/LC3_conformations_scripts_data/data/dihedrals/raw_data/LC3B_II_ER_protein/SIM_1/chi1/orderness_indicator.py:29: PerformanceWarning: DataFrame is highly fragmented.  This is usually the result of calling `frame.insert` many times, which has poor performance.  Consider joining all columns at once using pd.concat(axis=1) instead. To get a de-fragmented frame, use `newframe = frame.copy()`
  LC3B_transition_states[cols]=transition_indicator_ls
/Volumes/Seagate Hub/LC3_conformations_scripts_data/data/dihedrals/raw_data/LC3B_II_ER_protein/SIM_1/chi1/orderness_indicator.py:29: PerformanceWarning: DataFrame is highly fragmented.  This is usually the result of calling `frame.insert` many times, which has poor performance.  Consider joining all columns at once using pd.concat(axis=1) instead. To get a de-fragmented frame, use `newframe = frame.copy()`
  LC3B_transition_states[cols]=transition_indicator_ls
/Volumes/Seagate Hub/LC3_conformations_scripts_data/data/dihedrals/raw_data/LC3B_II_ER_protein/SIM_1/chi1/orderness_indicator.py:29: PerformanceWarning: DataFrame is highly fragmented.  This is usually the result of calling `frame.insert` many times, which has poor performance.  Consider joining all columns at once using pd.concat(axis=1) instead. To get a de-fragmented frame, use `newframe = frame.copy()`
  LC3B_transition_states[cols]=transition_indicator_ls
/Volumes/Seagate Hub/LC3_conformations_scripts_data/data/dihedrals/raw_data/LC3B_II_ER_protein/SIM_1/chi1/orderness_indicator.py:29: PerformanceWarning: DataFrame is highly fragmented.  This is usually the result of calling `frame.insert` many times, which has poor performance.  Consider joining all columns at once using pd.concat(axis=1) instead. To get a de-fragmented frame, use `newframe = frame.copy()`
  LC3B_transition_states[cols]=transition_indicator_ls
/Volumes/Seagate Hub/LC3_conformations_scripts_data/data/dihedrals/raw_data/LC3B_II_ER_protein/SIM_1/chi1/orderness_indicator.py:29: PerformanceWarning: DataFrame is highly fragmented.  This is usually the result of calling `frame.insert` many times, which has poor performance.  Consider joining all columns at once using pd.concat(axis=1) instead. To get a de-fragmented frame, use `newframe = frame.copy()`
  LC3B_transition_states[cols]=transition_indicator_ls
/Volumes/Seagate Hub/LC3_conformations_scripts_data/data/dihedrals/raw_data/LC3B_II_ER_protein/SIM_1/chi1/orderness_indicator.py:29: PerformanceWarning: DataFrame is highly fragmented.  This is usually the result of calling `frame.insert` many times, which has poor performance.  Consider joining all columns at once using pd.concat(axis=1) instead. To get a de-fragmented frame, use `newframe = frame.copy()`
  LC3B_transition_states[cols]=transition_indicator_ls
/Volumes/Seagate Hub/LC3_conformations_scripts_data/data/dihedrals/raw_data/LC3B_II_ER_protein/SIM_1/chi1/orderness_indicator.py:29: PerformanceWarning: DataFrame is highly fragmented.  This is usually the result of calling `frame.insert` many times, which has poor performance.  Consider joining all columns at once using pd.concat(axis=1) instead. To get a de-fragmented frame, use `newframe = frame.copy()`
  LC3B_transition_states[cols]=transition_indicator_ls
/Volumes/Seagate Hub/LC3_conformations_scripts_data/data/dihedrals/raw_data/LC3B_II_ER_protein/SIM_1/chi1/orderness_indicator.py:29: PerformanceWarning: DataFrame is highly fragmented.  This is usually the result of calling `frame.insert` many times, which has poor performance.  Consider joining all columns at once using pd.concat(axis=1) instead. To get a de-fragmented frame, use `newframe = frame.copy()`
  LC3B_transition_states[cols]=transition_indicator_ls
/Volumes/Seagate Hub/LC3_conformations_scripts_data/data/dihedrals/raw_data/LC3B_II_ER_protein/SIM_1/chi1/orderness_indicator.py:29: PerformanceWarning: DataFrame is highly fragmented.  This is usually the result of calling `frame.insert` many times, which has poor performance.  Consider joining all columns at once using pd.concat(axis=1) instead. To get a de-fragmented frame, use `newframe = frame.copy()`
  LC3B_transition_states[cols]=transition_indicator_ls
/Volumes/Seagate Hub/LC3_conformations_scripts_data/data/dihedrals/raw_data/LC3B_II_ER_protein/SIM_1/chi1/orderness_indicator.py:29: PerformanceWarning: DataFrame is highly fragmented.  This is usually the result of calling `frame.insert` many times, which has poor performance.  Consider joining all columns at once using pd.concat(axis=1) instead. To get a de-fragmented frame, use `newframe = frame.copy()`
  LC3B_transition_states[cols]=transition_indicator_ls
/Volumes/Seagate Hub/LC3_conformations_scripts_data/data/dihedrals/raw_data/LC3B_II_ER_protein/SIM_1/chi1/orderness_indicator.py:92: PerformanceWarning: DataFrame is highly fragmented.  This is usually the result of calling `frame.insert` many times, which has poor performance.  Consider joining all columns at once using pd.concat(axis=1) instead. To get a de-fragmented frame, use `newframe = frame.copy()`
  LC3B_ORDERNESS_states[cols]=ORDERNESS_S
/Volumes/Seagate Hub/LC3_conformations_scripts_data/data/dihedrals/raw_data/LC3B_II_ER_protein/SIM_1/chi1/orderness_indicator.py:92: PerformanceWarning: DataFrame is highly fragmented.  This is usually the result of calling `frame.insert` many times, which has poor performance.  Consider joining all columns at once using pd.concat(axis=1) instead. To get a de-fragmented frame, use `newframe = frame.copy()`
  LC3B_ORDERNESS_states[cols]=ORDERNESS_S
/Volumes/Seagate Hub/LC3_conformations_scripts_data/data/dihedrals/raw_data/LC3B_II_ER_protein/SIM_1/chi1/orderness_indicator.py:92: PerformanceWarning: DataFrame is highly fragmented.  This is usually the result of calling `frame.insert` many times, which has poor performance.  Consider joining all columns at once using pd.concat(axis=1) instead. To get a de-fragmented frame, use `newframe = frame.copy()`
  LC3B_ORDERNESS_states[cols]=ORDERNESS_S
/Volumes/Seagate Hub/LC3_conformations_scripts_data/data/dihedrals/raw_data/LC3B_II_ER_protein/SIM_1/chi1/orderness_indicator.py:92: PerformanceWarning: DataFrame is highly fragmented.  This is usually the result of calling `frame.insert` many times, which has poor performance.  Consider joining all columns at once using pd.concat(axis=1) instead. To get a de-fragmented frame, use `newframe = frame.copy()`
  LC3B_ORDERNESS_states[cols]=ORDERNESS_S
/Volumes/Seagate Hub/LC3_conformations_scripts_data/data/dihedrals/raw_data/LC3B_II_ER_protein/SIM_1/chi1/orderness_indicator.py:92: PerformanceWarning: DataFrame is highly fragmented.  This is usually the result of calling `frame.insert` many times, which has poor performance.  Consider joining all columns at once using pd.concat(axis=1) instead. To get a de-fragmented frame, use `newframe = frame.copy()`
  LC3B_ORDERNESS_states[cols]=ORDERNESS_S
/Volumes/Seagate Hub/LC3_conformations_scripts_data/data/dihedrals/raw_data/LC3B_II_ER_protein/SIM_1/chi1/orderness_indicator.py:92: PerformanceWarning: DataFrame is highly fragmented.  This is usually the result of calling `frame.insert` many times, which has poor performance.  Consider joining all columns at once using pd.concat(axis=1) instead. To get a de-fragmented frame, use `newframe = frame.copy()`
  LC3B_ORDERNESS_states[cols]=ORDERNESS_S
/Volumes/Seagate Hub/LC3_conformations_scripts_data/data/dihedrals/raw_data/LC3B_II_ER_protein/SIM_1/chi1/orderness_indicator.py:92: PerformanceWarning: DataFrame is highly fragmented.  This is usually the result of calling `frame.insert` many times, which has poor performance.  Consider joining all columns at once using pd.concat(axis=1) instead. To get a de-fragmented frame, use `newframe = frame.copy()`
  LC3B_ORDERNESS_states[cols]=ORDERNESS_S
/Volumes/Seagate Hub/LC3_conformations_scripts_data/data/dihedrals/raw_data/LC3B_II_ER_protein/SIM_1/chi1/orderness_indicator.py:92: PerformanceWarning: DataFrame is highly fragmented.  This is usually the result of calling `frame.insert` many times, which has poor performance.  Consider joining all columns at once using pd.concat(axis=1) instead. To get a de-fragmented frame, use `newframe = frame.copy()`
  LC3B_ORDERNESS_states[cols]=ORDERNESS_S
/Volumes/Seagate Hub/LC3_conformations_scripts_data/data/dihedrals/raw_data/LC3B_II_ER_protein/SIM_1/chi1/orderness_indicator.py:92: PerformanceWarning: DataFrame is highly fragmented.  This is usually the result of calling `frame.insert` many times, which has poor performance.  Consider joining all columns at once using pd.concat(axis=1) instead. To get a de-fragmented frame, use `newframe = frame.copy()`
  LC3B_ORDERNESS_states[cols]=ORDERNESS_S
/Volumes/Seagate Hub/LC3_conformations_scripts_data/data/dihedrals/raw_data/LC3B_II_ER_protein/SIM_1/chi1/orderness_indicator.py:92: PerformanceWarning: DataFrame is highly fragmented.  This is usually the result of calling `frame.insert` many times, which has poor performance.  Consider joining all columns at once using pd.concat(axis=1) instead. To get a de-fragmented frame, use `newframe = frame.copy()`
  LC3B_ORDERNESS_states[cols]=ORDERNESS_S
/Volumes/Seagate Hub/LC3_conformations_scripts_data/data/dihedrals/raw_data/LC3B_II_ER_protein/SIM_1/chi1/orderness_indicator.py:92: PerformanceWarning: DataFrame is highly fragmented.  This is usually the result of calling `frame.insert` many times, which has poor performance.  Consider joining all columns at once using pd.concat(axis=1) instead. To get a de-fragmented frame, use `newframe = frame.copy()`
  LC3B_ORDERNESS_states[cols]=ORDERNESS_S
/Volumes/Seagate Hub/LC3_conformations_scripts_data/data/dihedrals/raw_data/LC3B_II_ER_protein/SIM_1/chi1/orderness_indicator.py:92: PerformanceWarning: DataFrame is highly fragmented.  This is usually the result of calling `frame.insert` many times, which has poor performance.  Consider joining all columns at once using pd.concat(axis=1) instead. To get a de-fragmented frame, use `newframe = frame.copy()`
  LC3B_ORDERNESS_states[cols]=ORDERNESS_S
/Volumes/Seagate Hub/LC3_conformations_scripts_data/data/dihedrals/raw_data/LC3B_II_ER_protein/SIM_1/chi1/orderness_indicator.py:92: PerformanceWarning: DataFrame is highly fragmented.  This is usually the result of calling `frame.insert` many times, which has poor performance.  Consider joining all columns at once using pd.concat(axis=1) instead. To get a de-fragmented frame, use `newframe = frame.copy()`
  LC3B_ORDERNESS_states[cols]=ORDERNESS_S
/Users/jesucastin/anaconda3/lib/python3.11/site-packages/pandas/core/arrays/masked.py:60: UserWarning: Pandas requires version '1.3.6' or newer of 'bottleneck' (version '1.3.5' currently installed).
  from pandas.core import (
/Users/jesucastin/anaconda3/lib/python3.11/site-packages/pandas/core/arrays/masked.py:60: UserWarning: Pandas requires version '1.3.6' or newer of 'bottleneck' (version '1.3.5' currently installed).
  from pandas.core import (
/Users/jesucastin/anaconda3/lib/python3.11/site-packages/pandas/core/arrays/masked.py:60: UserWarning: Pandas requires version '1.3.6' or newer of 'bottleneck' (version '1.3.5' currently installed).
  from pandas.core import (
/Users/jesucastin/anaconda3/lib/python3.11/site-packages/pandas/core/arrays/masked.py:60: UserWarning: Pandas requires version '1.3.6' or newer of 'bottleneck' (version '1.3.5' currently installed).
  from pandas.core import (
/Volumes/Seagate Hub/LC3_conformations_scripts_data/data/dihedrals/raw_data/LC3B_II_ER_protein/SIM_1/psi/orderness_indicator.py:29: PerformanceWarning: DataFrame is highly fragmented.  This is usually the result of calling `frame.insert` many times, which has poor performance.  Consider joining all columns at once using pd.concat(axis=1) instead. To get a de-fragmented frame, use `newframe = frame.copy()`
  LC3B_transition_states[cols]=transition_indicator_ls
/Volumes/Seagate Hub/LC3_conformations_scripts_data/data/dihedrals/raw_data/LC3B_II_ER_protein/SIM_1/psi/orderness_indicator.py:29: PerformanceWarning: DataFrame is highly fragmented.  This is usually the result of calling `frame.insert` many times, which has poor performance.  Consider joining all columns at once using pd.concat(axis=1) instead. To get a de-fragmented frame, use `newframe = frame.copy()`
  LC3B_transition_states[cols]=transition_indicator_ls
/Volumes/Seagate Hub/LC3_conformations_scripts_data/data/dihedrals/raw_data/LC3B_II_ER_protein/SIM_1/psi/orderness_indicator.py:29: PerformanceWarning: DataFrame is highly fragmented.  This is usually the result of calling `frame.insert` many times, which has poor performance.  Consider joining all columns at once using pd.concat(axis=1) instead. To get a de-fragmented frame, use `newframe = frame.copy()`
  LC3B_transition_states[cols]=transition_indicator_ls
/Volumes/Seagate Hub/LC3_conformations_scripts_data/data/dihedrals/raw_data/LC3B_II_ER_protein/SIM_1/psi/orderness_indicator.py:29: PerformanceWarning: DataFrame is highly fragmented.  This is usually the result of calling `frame.insert` many times, which has poor performance.  Consider joining all columns at once using pd.concat(axis=1) instead. To get a de-fragmented frame, use `newframe = frame.copy()`
  LC3B_transition_states[cols]=transition_indicator_ls
/Volumes/Seagate Hub/LC3_conformations_scripts_data/data/dihedrals/raw_data/LC3B_II_ER_protein/SIM_1/psi/orderness_indicator.py:29: PerformanceWarning: DataFrame is highly fragmented.  This is usually the result of calling `frame.insert` many times, which has poor performance.  Consider joining all columns at once using pd.concat(axis=1) instead. To get a de-fragmented frame, use `newframe = frame.copy()`
  LC3B_transition_states[cols]=transition_indicator_ls
/Volumes/Seagate Hub/LC3_conformations_scripts_data/data/dihedrals/raw_data/LC3B_II_ER_protein/SIM_1/psi/orderness_indicator.py:29: PerformanceWarning: DataFrame is highly fragmented.  This is usually the result of calling `frame.insert` many times, which has poor performance.  Consider joining all columns at once using pd.concat(axis=1) instead. To get a de-fragmented frame, use `newframe = frame.copy()`
  LC3B_transition_states[cols]=transition_indicator_ls
/Volumes/Seagate Hub/LC3_conformations_scripts_data/data/dihedrals/raw_data/LC3B_II_ER_protein/SIM_1/psi/orderness_indicator.py:29: PerformanceWarning: DataFrame is highly fragmented.  This is usually the result of calling `frame.insert` many times, which has poor performance.  Consider joining all columns at once using pd.concat(axis=1) instead. To get a de-fragmented frame, use `newframe = frame.copy()`
  LC3B_transition_states[cols]=transition_indicator_ls
/Volumes/Seagate Hub/LC3_conformations_scripts_data/data/dihedrals/raw_data/LC3B_II_ER_protein/SIM_1/psi/orderness_indicator.py:29: PerformanceWarning: DataFrame is highly fragmented.  This is usually the result of calling `frame.insert` many times, which has poor performance.  Consider joining all columns at once using pd.concat(axis=1) instead. To get a de-fragmented frame, use `newframe = frame.copy()`
  LC3B_transition_states[cols]=transition_indicator_ls
/Volumes/Seagate Hub/LC3_conformations_scripts_data/data/dihedrals/raw_data/LC3B_II_ER_protein/SIM_1/psi/orderness_indicator.py:29: PerformanceWarning: DataFrame is highly fragmented.  This is usually the result of calling `frame.insert` many times, which has poor performance.  Consider joining all columns at once using pd.concat(axis=1) instead. To get a de-fragmented frame, use `newframe = frame.copy()`
  LC3B_transition_states[cols]=transition_indicator_ls
/Volumes/Seagate Hub/LC3_conformations_scripts_data/data/dihedrals/raw_data/LC3B_II_ER_protein/SIM_1/psi/orderness_indicator.py:29: PerformanceWarning: DataFrame is highly fragmented.  This is usually the result of calling `frame.insert` many times, which has poor performance.  Consider joining all columns at once using pd.concat(axis=1) instead. To get a de-fragmented frame, use `newframe = frame.copy()`
  LC3B_transition_states[cols]=transition_indicator_ls
/Volumes/Seagate Hub/LC3_conformations_scripts_data/data/dihedrals/raw_data/LC3B_II_ER_protein/SIM_1/psi/orderness_indicator.py:29: PerformanceWarning: DataFrame is highly fragmented.  This is usually the result of calling `frame.insert` many times, which has poor performance.  Consider joining all columns at once using pd.concat(axis=1) instead. To get a de-fragmented frame, use `newframe = frame.copy()`
  LC3B_transition_states[cols]=transition_indicator_ls
/Volumes/Seagate Hub/LC3_conformations_scripts_data/data/dihedrals/raw_data/LC3B_II_ER_protein/SIM_1/psi/orderness_indicator.py:29: PerformanceWarning: DataFrame is highly fragmented.  This is usually the result of calling `frame.insert` many times, which has poor performance.  Consider joining all columns at once using pd.concat(axis=1) instead. To get a de-fragmented frame, use `newframe = frame.copy()`
  LC3B_transition_states[cols]=transition_indicator_ls
/Volumes/Seagate Hub/LC3_conformations_scripts_data/data/dihedrals/raw_data/LC3B_II_ER_protein/SIM_1/psi/orderness_indicator.py:29: PerformanceWarning: DataFrame is highly fragmented.  This is usually the result of calling `frame.insert` many times, which has poor performance.  Consider joining all columns at once using pd.concat(axis=1) instead. To get a de-fragmented frame, use `newframe = frame.copy()`
  LC3B_transition_states[cols]=transition_indicator_ls
/Volumes/Seagate Hub/LC3_conformations_scripts_data/data/dihedrals/raw_data/LC3B_II_ER_protein/SIM_1/psi/orderness_indicator.py:29: PerformanceWarning: DataFrame is highly fragmented.  This is usually the result of calling `frame.insert` many times, which has poor performance.  Consider joining all columns at once using pd.concat(axis=1) instead. To get a de-fragmented frame, use `newframe = frame.copy()`
  LC3B_transition_states[cols]=transition_indicator_ls
/Volumes/Seagate Hub/LC3_conformations_scripts_data/data/dihedrals/raw_data/LC3B_II_ER_protein/SIM_1/psi/orderness_indicator.py:29: PerformanceWarning: DataFrame is highly fragmented.  This is usually the result of calling `frame.insert` many times, which has poor performance.  Consider joining all columns at once using pd.concat(axis=1) instead. To get a de-fragmented frame, use `newframe = frame.copy()`
  LC3B_transition_states[cols]=transition_indicator_ls
/Volumes/Seagate Hub/LC3_conformations_scripts_data/data/dihedrals/raw_data/LC3B_II_ER_protein/SIM_1/psi/orderness_indicator.py:29: PerformanceWarning: DataFrame is highly fragmented.  This is usually the result of calling `frame.insert` many times, which has poor performance.  Consider joining all columns at once using pd.concat(axis=1) instead. To get a de-fragmented frame, use `newframe = frame.copy()`
  LC3B_transition_states[cols]=transition_indicator_ls
/Volumes/Seagate Hub/LC3_conformations_scripts_data/data/dihedrals/raw_data/LC3B_II_ER_protein/SIM_1/psi/orderness_indicator.py:29: PerformanceWarning: DataFrame is highly fragmented.  This is usually the result of calling `frame.insert` many times, which has poor performance.  Consider joining all columns at once using pd.concat(axis=1) instead. To get a de-fragmented frame, use `newframe = frame.copy()`
  LC3B_transition_states[cols]=transition_indicator_ls
/Volumes/Seagate Hub/LC3_conformations_scripts_data/data/dihedrals/raw_data/LC3B_II_ER_protein/SIM_1/psi/orderness_indicator.py:29: PerformanceWarning: DataFrame is highly fragmented.  This is usually the result of calling `frame.insert` many times, which has poor performance.  Consider joining all columns at once using pd.concat(axis=1) instead. To get a de-fragmented frame, use `newframe = frame.copy()`
  LC3B_transition_states[cols]=transition_indicator_ls
/Volumes/Seagate Hub/LC3_conformations_scripts_data/data/dihedrals/raw_data/LC3B_II_ER_protein/SIM_1/psi/orderness_indicator.py:29: PerformanceWarning: DataFrame is highly fragmented.  This is usually the result of calling `frame.insert` many times, which has poor performance.  Consider joining all columns at once using pd.concat(axis=1) instead. To get a de-fragmented frame, use `newframe = frame.copy()`
  LC3B_transition_states[cols]=transition_indicator_ls
/Volumes/Seagate Hub/LC3_conformations_scripts_data/data/dihedrals/raw_data/LC3B_II_ER_protein/SIM_1/psi/orderness_indicator.py:92: PerformanceWarning: DataFrame is highly fragmented.  This is usually the result of calling `frame.insert` many times, which has poor performance.  Consider joining all columns at once using pd.concat(axis=1) instead. To get a de-fragmented frame, use `newframe = frame.copy()`
  LC3B_ORDERNESS_states[cols]=ORDERNESS_S
/Volumes/Seagate Hub/LC3_conformations_scripts_data/data/dihedrals/raw_data/LC3B_II_ER_protein/SIM_1/psi/orderness_indicator.py:92: PerformanceWarning: DataFrame is highly fragmented.  This is usually the result of calling `frame.insert` many times, which has poor performance.  Consider joining all columns at once using pd.concat(axis=1) instead. To get a de-fragmented frame, use `newframe = frame.copy()`
  LC3B_ORDERNESS_states[cols]=ORDERNESS_S
/Volumes/Seagate Hub/LC3_conformations_scripts_data/data/dihedrals/raw_data/LC3B_II_ER_protein/SIM_1/psi/orderness_indicator.py:92: PerformanceWarning: DataFrame is highly fragmented.  This is usually the result of calling `frame.insert` many times, which has poor performance.  Consider joining all columns at once using pd.concat(axis=1) instead. To get a de-fragmented frame, use `newframe = frame.copy()`
  LC3B_ORDERNESS_states[cols]=ORDERNESS_S
/Volumes/Seagate Hub/LC3_conformations_scripts_data/data/dihedrals/raw_data/LC3B_II_ER_protein/SIM_1/psi/orderness_indicator.py:92: PerformanceWarning: DataFrame is highly fragmented.  This is usually the result of calling `frame.insert` many times, which has poor performance.  Consider joining all columns at once using pd.concat(axis=1) instead. To get a de-fragmented frame, use `newframe = frame.copy()`
  LC3B_ORDERNESS_states[cols]=ORDERNESS_S
/Volumes/Seagate Hub/LC3_conformations_scripts_data/data/dihedrals/raw_data/LC3B_II_ER_protein/SIM_1/psi/orderness_indicator.py:92: PerformanceWarning: DataFrame is highly fragmented.  This is usually the result of calling `frame.insert` many times, which has poor performance.  Consider joining all columns at once using pd.concat(axis=1) instead. To get a de-fragmented frame, use `newframe = frame.copy()`
  LC3B_ORDERNESS_states[cols]=ORDERNESS_S
/Volumes/Seagate Hub/LC3_conformations_scripts_data/data/dihedrals/raw_data/LC3B_II_ER_protein/SIM_1/psi/orderness_indicator.py:92: PerformanceWarning: DataFrame is highly fragmented.  This is usually the result of calling `frame.insert` many times, which has poor performance.  Consider joining all columns at once using pd.concat(axis=1) instead. To get a de-fragmented frame, use `newframe = frame.copy()`
  LC3B_ORDERNESS_states[cols]=ORDERNESS_S
/Volumes/Seagate Hub/LC3_conformations_scripts_data/data/dihedrals/raw_data/LC3B_II_ER_protein/SIM_1/psi/orderness_indicator.py:92: PerformanceWarning: DataFrame is highly fragmented.  This is usually the result of calling `frame.insert` many times, which has poor performance.  Consider joining all columns at once using pd.concat(axis=1) instead. To get a de-fragmented frame, use `newframe = frame.copy()`
  LC3B_ORDERNESS_states[cols]=ORDERNESS_S
/Volumes/Seagate Hub/LC3_conformations_scripts_data/data/dihedrals/raw_data/LC3B_II_ER_protein/SIM_1/psi/orderness_indicator.py:92: PerformanceWarning: DataFrame is highly fragmented.  This is usually the result of calling `frame.insert` many times, which has poor performance.  Consider joining all columns at once using pd.concat(axis=1) instead. To get a de-fragmented frame, use `newframe = frame.copy()`
  LC3B_ORDERNESS_states[cols]=ORDERNESS_S
/Volumes/Seagate Hub/LC3_conformations_scripts_data/data/dihedrals/raw_data/LC3B_II_ER_protein/SIM_1/psi/orderness_indicator.py:92: PerformanceWarning: DataFrame is highly fragmented.  This is usually the result of calling `frame.insert` many times, which has poor performance.  Consider joining all columns at once using pd.concat(axis=1) instead. To get a de-fragmented frame, use `newframe = frame.copy()`
  LC3B_ORDERNESS_states[cols]=ORDERNESS_S
/Volumes/Seagate Hub/LC3_conformations_scripts_data/data/dihedrals/raw_data/LC3B_II_ER_protein/SIM_1/psi/orderness_indicator.py:92: PerformanceWarning: DataFrame is highly fragmented.  This is usually the result of calling `frame.insert` many times, which has poor performance.  Consider joining all columns at once using pd.concat(axis=1) instead. To get a de-fragmented frame, use `newframe = frame.copy()`
  LC3B_ORDERNESS_states[cols]=ORDERNESS_S
/Volumes/Seagate Hub/LC3_conformations_scripts_data/data/dihedrals/raw_data/LC3B_II_ER_protein/SIM_1/psi/orderness_indicator.py:92: PerformanceWarning: DataFrame is highly fragmented.  This is usually the result of calling `frame.insert` many times, which has poor performance.  Consider joining all columns at once using pd.concat(axis=1) instead. To get a de-fragmented frame, use `newframe = frame.copy()`
  LC3B_ORDERNESS_states[cols]=ORDERNESS_S
/Volumes/Seagate Hub/LC3_conformations_scripts_data/data/dihedrals/raw_data/LC3B_II_ER_protein/SIM_1/psi/orderness_indicator.py:92: PerformanceWarning: DataFrame is highly fragmented.  This is usually the result of calling `frame.insert` many times, which has poor performance.  Consider joining all columns at once using pd.concat(axis=1) instead. To get a de-fragmented frame, use `newframe = frame.copy()`
  LC3B_ORDERNESS_states[cols]=ORDERNESS_S
/Volumes/Seagate Hub/LC3_conformations_scripts_data/data/dihedrals/raw_data/LC3B_II_ER_protein/SIM_1/psi/orderness_indicator.py:92: PerformanceWarning: DataFrame is highly fragmented.  This is usually the result of calling `frame.insert` many times, which has poor performance.  Consider joining all columns at once using pd.concat(axis=1) instead. To get a de-fragmented frame, use `newframe = frame.copy()`
  LC3B_ORDERNESS_states[cols]=ORDERNESS_S
/Volumes/Seagate Hub/LC3_conformations_scripts_data/data/dihedrals/raw_data/LC3B_II_ER_protein/SIM_1/psi/orderness_indicator.py:92: PerformanceWarning: DataFrame is highly fragmented.  This is usually the result of calling `frame.insert` many times, which has poor performance.  Consider joining all columns at once using pd.concat(axis=1) instead. To get a de-fragmented frame, use `newframe = frame.copy()`
  LC3B_ORDERNESS_states[cols]=ORDERNESS_S
/Volumes/Seagate Hub/LC3_conformations_scripts_data/data/dihedrals/raw_data/LC3B_II_ER_protein/SIM_1/psi/orderness_indicator.py:92: PerformanceWarning: DataFrame is highly fragmented.  This is usually the result of calling `frame.insert` many times, which has poor performance.  Consider joining all columns at once using pd.concat(axis=1) instead. To get a de-fragmented frame, use `newframe = frame.copy()`
  LC3B_ORDERNESS_states[cols]=ORDERNESS_S
/Volumes/Seagate Hub/LC3_conformations_scripts_data/data/dihedrals/raw_data/LC3B_II_ER_protein/SIM_1/psi/orderness_indicator.py:92: PerformanceWarning: DataFrame is highly fragmented.  This is usually the result of calling `frame.insert` many times, which has poor performance.  Consider joining all columns at once using pd.concat(axis=1) instead. To get a de-fragmented frame, use `newframe = frame.copy()`
  LC3B_ORDERNESS_states[cols]=ORDERNESS_S
/Volumes/Seagate Hub/LC3_conformations_scripts_data/data/dihedrals/raw_data/LC3B_II_ER_protein/SIM_1/psi/orderness_indicator.py:92: PerformanceWarning: DataFrame is highly fragmented.  This is usually the result of calling `frame.insert` many times, which has poor performance.  Consider joining all columns at once using pd.concat(axis=1) instead. To get a de-fragmented frame, use `newframe = frame.copy()`
  LC3B_ORDERNESS_states[cols]=ORDERNESS_S
/Volumes/Seagate Hub/LC3_conformations_scripts_data/data/dihedrals/raw_data/LC3B_II_ER_protein/SIM_1/psi/orderness_indicator.py:92: PerformanceWarning: DataFrame is highly fragmented.  This is usually the result of calling `frame.insert` many times, which has poor performance.  Consider joining all columns at once using pd.concat(axis=1) instead. To get a de-fragmented frame, use `newframe = frame.copy()`
  LC3B_ORDERNESS_states[cols]=ORDERNESS_S
/Volumes/Seagate Hub/LC3_conformations_scripts_data/data/dihedrals/raw_data/LC3B_II_ER_protein/SIM_1/psi/orderness_indicator.py:92: PerformanceWarning: DataFrame is highly fragmented.  This is usually the result of calling `frame.insert` many times, which has poor performance.  Consider joining all columns at once using pd.concat(axis=1) instead. To get a de-fragmented frame, use `newframe = frame.copy()`
  LC3B_ORDERNESS_states[cols]=ORDERNESS_S
/Users/jesucastin/anaconda3/lib/python3.11/site-packages/pandas/core/arrays/masked.py:60: UserWarning: Pandas requires version '1.3.6' or newer of 'bottleneck' (version '1.3.5' currently installed).
  from pandas.core import (
/Volumes/Seagate Hub/LC3_conformations_scripts_data/data/dihedrals/raw_data/LC3B_II_ER_protein/SIM_1/phi/orderness_indicator.py:29: PerformanceWarning: DataFrame is highly fragmented.  This is usually the result of calling `frame.insert` many times, which has poor performance.  Consider joining all columns at once using pd.concat(axis=1) instead. To get a de-fragmented frame, use `newframe = frame.copy()`
  LC3B_transition_states[cols]=transition_indicator_ls
/Volumes/Seagate Hub/LC3_conformations_scripts_data/data/dihedrals/raw_data/LC3B_II_ER_protein/SIM_1/phi/orderness_indicator.py:29: PerformanceWarning: DataFrame is highly fragmented.  This is usually the result of calling `frame.insert` many times, which has poor performance.  Consider joining all columns at once using pd.concat(axis=1) instead. To get a de-fragmented frame, use `newframe = frame.copy()`
  LC3B_transition_states[cols]=transition_indicator_ls
/Volumes/Seagate Hub/LC3_conformations_scripts_data/data/dihedrals/raw_data/LC3B_II_ER_protein/SIM_1/phi/orderness_indicator.py:29: PerformanceWarning: DataFrame is highly fragmented.  This is usually the result of calling `frame.insert` many times, which has poor performance.  Consider joining all columns at once using pd.concat(axis=1) instead. To get a de-fragmented frame, use `newframe = frame.copy()`
  LC3B_transition_states[cols]=transition_indicator_ls
/Volumes/Seagate Hub/LC3_conformations_scripts_data/data/dihedrals/raw_data/LC3B_II_ER_protein/SIM_1/phi/orderness_indicator.py:29: PerformanceWarning: DataFrame is highly fragmented.  This is usually the result of calling `frame.insert` many times, which has poor performance.  Consider joining all columns at once using pd.concat(axis=1) instead. To get a de-fragmented frame, use `newframe = frame.copy()`
  LC3B_transition_states[cols]=transition_indicator_ls
/Volumes/Seagate Hub/LC3_conformations_scripts_data/data/dihedrals/raw_data/LC3B_II_ER_protein/SIM_1/phi/orderness_indicator.py:29: PerformanceWarning: DataFrame is highly fragmented.  This is usually the result of calling `frame.insert` many times, which has poor performance.  Consider joining all columns at once using pd.concat(axis=1) instead. To get a de-fragmented frame, use `newframe = frame.copy()`
  LC3B_transition_states[cols]=transition_indicator_ls
/Volumes/Seagate Hub/LC3_conformations_scripts_data/data/dihedrals/raw_data/LC3B_II_ER_protein/SIM_1/phi/orderness_indicator.py:29: PerformanceWarning: DataFrame is highly fragmented.  This is usually the result of calling `frame.insert` many times, which has poor performance.  Consider joining all columns at once using pd.concat(axis=1) instead. To get a de-fragmented frame, use `newframe = frame.copy()`
  LC3B_transition_states[cols]=transition_indicator_ls
/Volumes/Seagate Hub/LC3_conformations_scripts_data/data/dihedrals/raw_data/LC3B_II_ER_protein/SIM_1/phi/orderness_indicator.py:29: PerformanceWarning: DataFrame is highly fragmented.  This is usually the result of calling `frame.insert` many times, which has poor performance.  Consider joining all columns at once using pd.concat(axis=1) instead. To get a de-fragmented frame, use `newframe = frame.copy()`
  LC3B_transition_states[cols]=transition_indicator_ls
/Volumes/Seagate Hub/LC3_conformations_scripts_data/data/dihedrals/raw_data/LC3B_II_ER_protein/SIM_1/phi/orderness_indicator.py:29: PerformanceWarning: DataFrame is highly fragmented.  This is usually the result of calling `frame.insert` many times, which has poor performance.  Consider joining all columns at once using pd.concat(axis=1) instead. To get a de-fragmented frame, use `newframe = frame.copy()`
  LC3B_transition_states[cols]=transition_indicator_ls
/Volumes/Seagate Hub/LC3_conformations_scripts_data/data/dihedrals/raw_data/LC3B_II_ER_protein/SIM_1/phi/orderness_indicator.py:29: PerformanceWarning: DataFrame is highly fragmented.  This is usually the result of calling `frame.insert` many times, which has poor performance.  Consider joining all columns at once using pd.concat(axis=1) instead. To get a de-fragmented frame, use `newframe = frame.copy()`
  LC3B_transition_states[cols]=transition_indicator_ls
/Volumes/Seagate Hub/LC3_conformations_scripts_data/data/dihedrals/raw_data/LC3B_II_ER_protein/SIM_1/phi/orderness_indicator.py:29: PerformanceWarning: DataFrame is highly fragmented.  This is usually the result of calling `frame.insert` many times, which has poor performance.  Consider joining all columns at once using pd.concat(axis=1) instead. To get a de-fragmented frame, use `newframe = frame.copy()`
  LC3B_transition_states[cols]=transition_indicator_ls
/Volumes/Seagate Hub/LC3_conformations_scripts_data/data/dihedrals/raw_data/LC3B_II_ER_protein/SIM_1/phi/orderness_indicator.py:29: PerformanceWarning: DataFrame is highly fragmented.  This is usually the result of calling `frame.insert` many times, which has poor performance.  Consider joining all columns at once using pd.concat(axis=1) instead. To get a de-fragmented frame, use `newframe = frame.copy()`
  LC3B_transition_states[cols]=transition_indicator_ls
/Volumes/Seagate Hub/LC3_conformations_scripts_data/data/dihedrals/raw_data/LC3B_II_ER_protein/SIM_1/phi/orderness_indicator.py:29: PerformanceWarning: DataFrame is highly fragmented.  This is usually the result of calling `frame.insert` many times, which has poor performance.  Consider joining all columns at once using pd.concat(axis=1) instead. To get a de-fragmented frame, use `newframe = frame.copy()`
  LC3B_transition_states[cols]=transition_indicator_ls
/Volumes/Seagate Hub/LC3_conformations_scripts_data/data/dihedrals/raw_data/LC3B_II_ER_protein/SIM_1/phi/orderness_indicator.py:29: PerformanceWarning: DataFrame is highly fragmented.  This is usually the result of calling `frame.insert` many times, which has poor performance.  Consider joining all columns at once using pd.concat(axis=1) instead. To get a de-fragmented frame, use `newframe = frame.copy()`
  LC3B_transition_states[cols]=transition_indicator_ls
/Volumes/Seagate Hub/LC3_conformations_scripts_data/data/dihedrals/raw_data/LC3B_II_ER_protein/SIM_1/phi/orderness_indicator.py:29: PerformanceWarning: DataFrame is highly fragmented.  This is usually the result of calling `frame.insert` many times, which has poor performance.  Consider joining all columns at once using pd.concat(axis=1) instead. To get a de-fragmented frame, use `newframe = frame.copy()`
  LC3B_transition_states[cols]=transition_indicator_ls
/Volumes/Seagate Hub/LC3_conformations_scripts_data/data/dihedrals/raw_data/LC3B_II_ER_protein/SIM_1/phi/orderness_indicator.py:29: PerformanceWarning: DataFrame is highly fragmented.  This is usually the result of calling `frame.insert` many times, which has poor performance.  Consider joining all columns at once using pd.concat(axis=1) instead. To get a de-fragmented frame, use `newframe = frame.copy()`
  LC3B_transition_states[cols]=transition_indicator_ls
/Volumes/Seagate Hub/LC3_conformations_scripts_data/data/dihedrals/raw_data/LC3B_II_ER_protein/SIM_1/phi/orderness_indicator.py:29: PerformanceWarning: DataFrame is highly fragmented.  This is usually the result of calling `frame.insert` many times, which has poor performance.  Consider joining all columns at once using pd.concat(axis=1) instead. To get a de-fragmented frame, use `newframe = frame.copy()`
  LC3B_transition_states[cols]=transition_indicator_ls
/Volumes/Seagate Hub/LC3_conformations_scripts_data/data/dihedrals/raw_data/LC3B_II_ER_protein/SIM_1/phi/orderness_indicator.py:29: PerformanceWarning: DataFrame is highly fragmented.  This is usually the result of calling `frame.insert` many times, which has poor performance.  Consider joining all columns at once using pd.concat(axis=1) instead. To get a de-fragmented frame, use `newframe = frame.copy()`
  LC3B_transition_states[cols]=transition_indicator_ls
/Volumes/Seagate Hub/LC3_conformations_scripts_data/data/dihedrals/raw_data/LC3B_II_ER_protein/SIM_1/phi/orderness_indicator.py:29: PerformanceWarning: DataFrame is highly fragmented.  This is usually the result of calling `frame.insert` many times, which has poor performance.  Consider joining all columns at once using pd.concat(axis=1) instead. To get a de-fragmented frame, use `newframe = frame.copy()`
  LC3B_transition_states[cols]=transition_indicator_ls
/Volumes/Seagate Hub/LC3_conformations_scripts_data/data/dihedrals/raw_data/LC3B_II_ER_protein/SIM_1/phi/orderness_indicator.py:29: PerformanceWarning: DataFrame is highly fragmented.  This is usually the result of calling `frame.insert` many times, which has poor performance.  Consider joining all columns at once using pd.concat(axis=1) instead. To get a de-fragmented frame, use `newframe = frame.copy()`
  LC3B_transition_states[cols]=transition_indicator_ls
/Volumes/Seagate Hub/LC3_conformations_scripts_data/data/dihedrals/raw_data/LC3B_II_ER_protein/SIM_1/phi/orderness_indicator.py:92: PerformanceWarning: DataFrame is highly fragmented.  This is usually the result of calling `frame.insert` many times, which has poor performance.  Consider joining all columns at once using pd.concat(axis=1) instead. To get a de-fragmented frame, use `newframe = frame.copy()`
  LC3B_ORDERNESS_states[cols]=ORDERNESS_S
/Volumes/Seagate Hub/LC3_conformations_scripts_data/data/dihedrals/raw_data/LC3B_II_ER_protein/SIM_1/phi/orderness_indicator.py:92: PerformanceWarning: DataFrame is highly fragmented.  This is usually the result of calling `frame.insert` many times, which has poor performance.  Consider joining all columns at once using pd.concat(axis=1) instead. To get a de-fragmented frame, use `newframe = frame.copy()`
  LC3B_ORDERNESS_states[cols]=ORDERNESS_S
/Volumes/Seagate Hub/LC3_conformations_scripts_data/data/dihedrals/raw_data/LC3B_II_ER_protein/SIM_1/phi/orderness_indicator.py:92: PerformanceWarning: DataFrame is highly fragmented.  This is usually the result of calling `frame.insert` many times, which has poor performance.  Consider joining all columns at once using pd.concat(axis=1) instead. To get a de-fragmented frame, use `newframe = frame.copy()`
  LC3B_ORDERNESS_states[cols]=ORDERNESS_S
/Volumes/Seagate Hub/LC3_conformations_scripts_data/data/dihedrals/raw_data/LC3B_II_ER_protein/SIM_1/phi/orderness_indicator.py:92: PerformanceWarning: DataFrame is highly fragmented.  This is usually the result of calling `frame.insert` many times, which has poor performance.  Consider joining all columns at once using pd.concat(axis=1) instead. To get a de-fragmented frame, use `newframe = frame.copy()`
  LC3B_ORDERNESS_states[cols]=ORDERNESS_S
/Volumes/Seagate Hub/LC3_conformations_scripts_data/data/dihedrals/raw_data/LC3B_II_ER_protein/SIM_1/phi/orderness_indicator.py:92: PerformanceWarning: DataFrame is highly fragmented.  This is usually the result of calling `frame.insert` many times, which has poor performance.  Consider joining all columns at once using pd.concat(axis=1) instead. To get a de-fragmented frame, use `newframe = frame.copy()`
  LC3B_ORDERNESS_states[cols]=ORDERNESS_S
/Volumes/Seagate Hub/LC3_conformations_scripts_data/data/dihedrals/raw_data/LC3B_II_ER_protein/SIM_1/phi/orderness_indicator.py:92: PerformanceWarning: DataFrame is highly fragmented.  This is usually the result of calling `frame.insert` many times, which has poor performance.  Consider joining all columns at once using pd.concat(axis=1) instead. To get a de-fragmented frame, use `newframe = frame.copy()`
  LC3B_ORDERNESS_states[cols]=ORDERNESS_S
/Volumes/Seagate Hub/LC3_conformations_scripts_data/data/dihedrals/raw_data/LC3B_II_ER_protein/SIM_1/phi/orderness_indicator.py:92: PerformanceWarning: DataFrame is highly fragmented.  This is usually the result of calling `frame.insert` many times, which has poor performance.  Consider joining all columns at once using pd.concat(axis=1) instead. To get a de-fragmented frame, use `newframe = frame.copy()`
  LC3B_ORDERNESS_states[cols]=ORDERNESS_S
/Volumes/Seagate Hub/LC3_conformations_scripts_data/data/dihedrals/raw_data/LC3B_II_ER_protein/SIM_1/phi/orderness_indicator.py:92: PerformanceWarning: DataFrame is highly fragmented.  This is usually the result of calling `frame.insert` many times, which has poor performance.  Consider joining all columns at once using pd.concat(axis=1) instead. To get a de-fragmented frame, use `newframe = frame.copy()`
  LC3B_ORDERNESS_states[cols]=ORDERNESS_S
/Volumes/Seagate Hub/LC3_conformations_scripts_data/data/dihedrals/raw_data/LC3B_II_ER_protein/SIM_1/phi/orderness_indicator.py:92: PerformanceWarning: DataFrame is highly fragmented.  This is usually the result of calling `frame.insert` many times, which has poor performance.  Consider joining all columns at once using pd.concat(axis=1) instead. To get a de-fragmented frame, use `newframe = frame.copy()`
  LC3B_ORDERNESS_states[cols]=ORDERNESS_S
/Volumes/Seagate Hub/LC3_conformations_scripts_data/data/dihedrals/raw_data/LC3B_II_ER_protein/SIM_1/phi/orderness_indicator.py:92: PerformanceWarning: DataFrame is highly fragmented.  This is usually the result of calling `frame.insert` many times, which has poor performance.  Consider joining all columns at once using pd.concat(axis=1) instead. To get a de-fragmented frame, use `newframe = frame.copy()`
  LC3B_ORDERNESS_states[cols]=ORDERNESS_S
/Volumes/Seagate Hub/LC3_conformations_scripts_data/data/dihedrals/raw_data/LC3B_II_ER_protein/SIM_1/phi/orderness_indicator.py:92: PerformanceWarning: DataFrame is highly fragmented.  This is usually the result of calling `frame.insert` many times, which has poor performance.  Consider joining all columns at once using pd.concat(axis=1) instead. To get a de-fragmented frame, use `newframe = frame.copy()`
  LC3B_ORDERNESS_states[cols]=ORDERNESS_S
/Volumes/Seagate Hub/LC3_conformations_scripts_data/data/dihedrals/raw_data/LC3B_II_ER_protein/SIM_1/phi/orderness_indicator.py:92: PerformanceWarning: DataFrame is highly fragmented.  This is usually the result of calling `frame.insert` many times, which has poor performance.  Consider joining all columns at once using pd.concat(axis=1) instead. To get a de-fragmented frame, use `newframe = frame.copy()`
  LC3B_ORDERNESS_states[cols]=ORDERNESS_S
/Volumes/Seagate Hub/LC3_conformations_scripts_data/data/dihedrals/raw_data/LC3B_II_ER_protein/SIM_1/phi/orderness_indicator.py:92: PerformanceWarning: DataFrame is highly fragmented.  This is usually the result of calling `frame.insert` many times, which has poor performance.  Consider joining all columns at once using pd.concat(axis=1) instead. To get a de-fragmented frame, use `newframe = frame.copy()`
  LC3B_ORDERNESS_states[cols]=ORDERNESS_S
/Volumes/Seagate Hub/LC3_conformations_scripts_data/data/dihedrals/raw_data/LC3B_II_ER_protein/SIM_1/phi/orderness_indicator.py:92: PerformanceWarning: DataFrame is highly fragmented.  This is usually the result of calling `frame.insert` many times, which has poor performance.  Consider joining all columns at once using pd.concat(axis=1) instead. To get a de-fragmented frame, use `newframe = frame.copy()`
  LC3B_ORDERNESS_states[cols]=ORDERNESS_S
/Volumes/Seagate Hub/LC3_conformations_scripts_data/data/dihedrals/raw_data/LC3B_II_ER_protein/SIM_1/phi/orderness_indicator.py:92: PerformanceWarning: DataFrame is highly fragmented.  This is usually the result of calling `frame.insert` many times, which has poor performance.  Consider joining all columns at once using pd.concat(axis=1) instead. To get a de-fragmented frame, use `newframe = frame.copy()`
  LC3B_ORDERNESS_states[cols]=ORDERNESS_S
/Volumes/Seagate Hub/LC3_conformations_scripts_data/data/dihedrals/raw_data/LC3B_II_ER_protein/SIM_1/phi/orderness_indicator.py:92: PerformanceWarning: DataFrame is highly fragmented.  This is usually the result of calling `frame.insert` many times, which has poor performance.  Consider joining all columns at once using pd.concat(axis=1) instead. To get a de-fragmented frame, use `newframe = frame.copy()`
  LC3B_ORDERNESS_states[cols]=ORDERNESS_S
/Volumes/Seagate Hub/LC3_conformations_scripts_data/data/dihedrals/raw_data/LC3B_II_ER_protein/SIM_1/phi/orderness_indicator.py:92: PerformanceWarning: DataFrame is highly fragmented.  This is usually the result of calling `frame.insert` many times, which has poor performance.  Consider joining all columns at once using pd.concat(axis=1) instead. To get a de-fragmented frame, use `newframe = frame.copy()`
  LC3B_ORDERNESS_states[cols]=ORDERNESS_S
/Volumes/Seagate Hub/LC3_conformations_scripts_data/data/dihedrals/raw_data/LC3B_II_ER_protein/SIM_1/phi/orderness_indicator.py:92: PerformanceWarning: DataFrame is highly fragmented.  This is usually the result of calling `frame.insert` many times, which has poor performance.  Consider joining all columns at once using pd.concat(axis=1) instead. To get a de-fragmented frame, use `newframe = frame.copy()`
  LC3B_ORDERNESS_states[cols]=ORDERNESS_S
/Volumes/Seagate Hub/LC3_conformations_scripts_data/data/dihedrals/raw_data/LC3B_II_ER_protein/SIM_1/phi/orderness_indicator.py:92: PerformanceWarning: DataFrame is highly fragmented.  This is usually the result of calling `frame.insert` many times, which has poor performance.  Consider joining all columns at once using pd.concat(axis=1) instead. To get a de-fragmented frame, use `newframe = frame.copy()`
  LC3B_ORDERNESS_states[cols]=ORDERNESS_S
I am done with LC3B_II_ER_protein
/Users/jesucastin/anaconda3/lib/python3.11/site-packages/pandas/core/arrays/masked.py:60: UserWarning: Pandas requires version '1.3.6' or newer of 'bottleneck' (version '1.3.5' currently installed).
  from pandas.core import (
/Volumes/Seagate Hub/LC3_conformations_scripts_data/data/dihedrals/raw_data/LC3B_II_ER_protein/SIM_2/chi1/orderness_indicator.py:29: PerformanceWarning: DataFrame is highly fragmented.  This is usually the result of calling `frame.insert` many times, which has poor performance.  Consider joining all columns at once using pd.concat(axis=1) instead. To get a de-fragmented frame, use `newframe = frame.copy()`
  LC3B_transition_states[cols]=transition_indicator_ls
/Volumes/Seagate Hub/LC3_conformations_scripts_data/data/dihedrals/raw_data/LC3B_II_ER_protein/SIM_2/chi1/orderness_indicator.py:29: PerformanceWarning: DataFrame is highly fragmented.  This is usually the result of calling `frame.insert` many times, which has poor performance.  Consider joining all columns at once using pd.concat(axis=1) instead. To get a de-fragmented frame, use `newframe = frame.copy()`
  LC3B_transition_states[cols]=transition_indicator_ls
/Volumes/Seagate Hub/LC3_conformations_scripts_data/data/dihedrals/raw_data/LC3B_II_ER_protein/SIM_2/chi1/orderness_indicator.py:29: PerformanceWarning: DataFrame is highly fragmented.  This is usually the result of calling `frame.insert` many times, which has poor performance.  Consider joining all columns at once using pd.concat(axis=1) instead. To get a de-fragmented frame, use `newframe = frame.copy()`
  LC3B_transition_states[cols]=transition_indicator_ls
/Volumes/Seagate Hub/LC3_conformations_scripts_data/data/dihedrals/raw_data/LC3B_II_ER_protein/SIM_2/chi1/orderness_indicator.py:29: PerformanceWarning: DataFrame is highly fragmented.  This is usually the result of calling `frame.insert` many times, which has poor performance.  Consider joining all columns at once using pd.concat(axis=1) instead. To get a de-fragmented frame, use `newframe = frame.copy()`
  LC3B_transition_states[cols]=transition_indicator_ls
/Volumes/Seagate Hub/LC3_conformations_scripts_data/data/dihedrals/raw_data/LC3B_II_ER_protein/SIM_2/chi1/orderness_indicator.py:29: PerformanceWarning: DataFrame is highly fragmented.  This is usually the result of calling `frame.insert` many times, which has poor performance.  Consider joining all columns at once using pd.concat(axis=1) instead. To get a de-fragmented frame, use `newframe = frame.copy()`
  LC3B_transition_states[cols]=transition_indicator_ls
/Volumes/Seagate Hub/LC3_conformations_scripts_data/data/dihedrals/raw_data/LC3B_II_ER_protein/SIM_2/chi1/orderness_indicator.py:29: PerformanceWarning: DataFrame is highly fragmented.  This is usually the result of calling `frame.insert` many times, which has poor performance.  Consider joining all columns at once using pd.concat(axis=1) instead. To get a de-fragmented frame, use `newframe = frame.copy()`
  LC3B_transition_states[cols]=transition_indicator_ls
/Volumes/Seagate Hub/LC3_conformations_scripts_data/data/dihedrals/raw_data/LC3B_II_ER_protein/SIM_2/chi1/orderness_indicator.py:29: PerformanceWarning: DataFrame is highly fragmented.  This is usually the result of calling `frame.insert` many times, which has poor performance.  Consider joining all columns at once using pd.concat(axis=1) instead. To get a de-fragmented frame, use `newframe = frame.copy()`
  LC3B_transition_states[cols]=transition_indicator_ls
/Volumes/Seagate Hub/LC3_conformations_scripts_data/data/dihedrals/raw_data/LC3B_II_ER_protein/SIM_2/chi1/orderness_indicator.py:29: PerformanceWarning: DataFrame is highly fragmented.  This is usually the result of calling `frame.insert` many times, which has poor performance.  Consider joining all columns at once using pd.concat(axis=1) instead. To get a de-fragmented frame, use `newframe = frame.copy()`
  LC3B_transition_states[cols]=transition_indicator_ls
/Volumes/Seagate Hub/LC3_conformations_scripts_data/data/dihedrals/raw_data/LC3B_II_ER_protein/SIM_2/chi1/orderness_indicator.py:29: PerformanceWarning: DataFrame is highly fragmented.  This is usually the result of calling `frame.insert` many times, which has poor performance.  Consider joining all columns at once using pd.concat(axis=1) instead. To get a de-fragmented frame, use `newframe = frame.copy()`
  LC3B_transition_states[cols]=transition_indicator_ls
/Volumes/Seagate Hub/LC3_conformations_scripts_data/data/dihedrals/raw_data/LC3B_II_ER_protein/SIM_2/chi1/orderness_indicator.py:29: PerformanceWarning: DataFrame is highly fragmented.  This is usually the result of calling `frame.insert` many times, which has poor performance.  Consider joining all columns at once using pd.concat(axis=1) instead. To get a de-fragmented frame, use `newframe = frame.copy()`
  LC3B_transition_states[cols]=transition_indicator_ls
/Volumes/Seagate Hub/LC3_conformations_scripts_data/data/dihedrals/raw_data/LC3B_II_ER_protein/SIM_2/chi1/orderness_indicator.py:29: PerformanceWarning: DataFrame is highly fragmented.  This is usually the result of calling `frame.insert` many times, which has poor performance.  Consider joining all columns at once using pd.concat(axis=1) instead. To get a de-fragmented frame, use `newframe = frame.copy()`
  LC3B_transition_states[cols]=transition_indicator_ls
/Volumes/Seagate Hub/LC3_conformations_scripts_data/data/dihedrals/raw_data/LC3B_II_ER_protein/SIM_2/chi1/orderness_indicator.py:29: PerformanceWarning: DataFrame is highly fragmented.  This is usually the result of calling `frame.insert` many times, which has poor performance.  Consider joining all columns at once using pd.concat(axis=1) instead. To get a de-fragmented frame, use `newframe = frame.copy()`
  LC3B_transition_states[cols]=transition_indicator_ls
/Volumes/Seagate Hub/LC3_conformations_scripts_data/data/dihedrals/raw_data/LC3B_II_ER_protein/SIM_2/chi1/orderness_indicator.py:29: PerformanceWarning: DataFrame is highly fragmented.  This is usually the result of calling `frame.insert` many times, which has poor performance.  Consider joining all columns at once using pd.concat(axis=1) instead. To get a de-fragmented frame, use `newframe = frame.copy()`
  LC3B_transition_states[cols]=transition_indicator_ls
/Volumes/Seagate Hub/LC3_conformations_scripts_data/data/dihedrals/raw_data/LC3B_II_ER_protein/SIM_2/chi1/orderness_indicator.py:92: PerformanceWarning: DataFrame is highly fragmented.  This is usually the result of calling `frame.insert` many times, which has poor performance.  Consider joining all columns at once using pd.concat(axis=1) instead. To get a de-fragmented frame, use `newframe = frame.copy()`
  LC3B_ORDERNESS_states[cols]=ORDERNESS_S
/Volumes/Seagate Hub/LC3_conformations_scripts_data/data/dihedrals/raw_data/LC3B_II_ER_protein/SIM_2/chi1/orderness_indicator.py:92: PerformanceWarning: DataFrame is highly fragmented.  This is usually the result of calling `frame.insert` many times, which has poor performance.  Consider joining all columns at once using pd.concat(axis=1) instead. To get a de-fragmented frame, use `newframe = frame.copy()`
  LC3B_ORDERNESS_states[cols]=ORDERNESS_S
/Volumes/Seagate Hub/LC3_conformations_scripts_data/data/dihedrals/raw_data/LC3B_II_ER_protein/SIM_2/chi1/orderness_indicator.py:92: PerformanceWarning: DataFrame is highly fragmented.  This is usually the result of calling `frame.insert` many times, which has poor performance.  Consider joining all columns at once using pd.concat(axis=1) instead. To get a de-fragmented frame, use `newframe = frame.copy()`
  LC3B_ORDERNESS_states[cols]=ORDERNESS_S
/Volumes/Seagate Hub/LC3_conformations_scripts_data/data/dihedrals/raw_data/LC3B_II_ER_protein/SIM_2/chi1/orderness_indicator.py:92: PerformanceWarning: DataFrame is highly fragmented.  This is usually the result of calling `frame.insert` many times, which has poor performance.  Consider joining all columns at once using pd.concat(axis=1) instead. To get a de-fragmented frame, use `newframe = frame.copy()`
  LC3B_ORDERNESS_states[cols]=ORDERNESS_S
/Volumes/Seagate Hub/LC3_conformations_scripts_data/data/dihedrals/raw_data/LC3B_II_ER_protein/SIM_2/chi1/orderness_indicator.py:92: PerformanceWarning: DataFrame is highly fragmented.  This is usually the result of calling `frame.insert` many times, which has poor performance.  Consider joining all columns at once using pd.concat(axis=1) instead. To get a de-fragmented frame, use `newframe = frame.copy()`
  LC3B_ORDERNESS_states[cols]=ORDERNESS_S
/Volumes/Seagate Hub/LC3_conformations_scripts_data/data/dihedrals/raw_data/LC3B_II_ER_protein/SIM_2/chi1/orderness_indicator.py:92: PerformanceWarning: DataFrame is highly fragmented.  This is usually the result of calling `frame.insert` many times, which has poor performance.  Consider joining all columns at once using pd.concat(axis=1) instead. To get a de-fragmented frame, use `newframe = frame.copy()`
  LC3B_ORDERNESS_states[cols]=ORDERNESS_S
/Volumes/Seagate Hub/LC3_conformations_scripts_data/data/dihedrals/raw_data/LC3B_II_ER_protein/SIM_2/chi1/orderness_indicator.py:92: PerformanceWarning: DataFrame is highly fragmented.  This is usually the result of calling `frame.insert` many times, which has poor performance.  Consider joining all columns at once using pd.concat(axis=1) instead. To get a de-fragmented frame, use `newframe = frame.copy()`
  LC3B_ORDERNESS_states[cols]=ORDERNESS_S
/Volumes/Seagate Hub/LC3_conformations_scripts_data/data/dihedrals/raw_data/LC3B_II_ER_protein/SIM_2/chi1/orderness_indicator.py:92: PerformanceWarning: DataFrame is highly fragmented.  This is usually the result of calling `frame.insert` many times, which has poor performance.  Consider joining all columns at once using pd.concat(axis=1) instead. To get a de-fragmented frame, use `newframe = frame.copy()`
  LC3B_ORDERNESS_states[cols]=ORDERNESS_S
/Volumes/Seagate Hub/LC3_conformations_scripts_data/data/dihedrals/raw_data/LC3B_II_ER_protein/SIM_2/chi1/orderness_indicator.py:92: PerformanceWarning: DataFrame is highly fragmented.  This is usually the result of calling `frame.insert` many times, which has poor performance.  Consider joining all columns at once using pd.concat(axis=1) instead. To get a de-fragmented frame, use `newframe = frame.copy()`
  LC3B_ORDERNESS_states[cols]=ORDERNESS_S
/Volumes/Seagate Hub/LC3_conformations_scripts_data/data/dihedrals/raw_data/LC3B_II_ER_protein/SIM_2/chi1/orderness_indicator.py:92: PerformanceWarning: DataFrame is highly fragmented.  This is usually the result of calling `frame.insert` many times, which has poor performance.  Consider joining all columns at once using pd.concat(axis=1) instead. To get a de-fragmented frame, use `newframe = frame.copy()`
  LC3B_ORDERNESS_states[cols]=ORDERNESS_S
/Volumes/Seagate Hub/LC3_conformations_scripts_data/data/dihedrals/raw_data/LC3B_II_ER_protein/SIM_2/chi1/orderness_indicator.py:92: PerformanceWarning: DataFrame is highly fragmented.  This is usually the result of calling `frame.insert` many times, which has poor performance.  Consider joining all columns at once using pd.concat(axis=1) instead. To get a de-fragmented frame, use `newframe = frame.copy()`
  LC3B_ORDERNESS_states[cols]=ORDERNESS_S
/Volumes/Seagate Hub/LC3_conformations_scripts_data/data/dihedrals/raw_data/LC3B_II_ER_protein/SIM_2/chi1/orderness_indicator.py:92: PerformanceWarning: DataFrame is highly fragmented.  This is usually the result of calling `frame.insert` many times, which has poor performance.  Consider joining all columns at once using pd.concat(axis=1) instead. To get a de-fragmented frame, use `newframe = frame.copy()`
  LC3B_ORDERNESS_states[cols]=ORDERNESS_S
/Volumes/Seagate Hub/LC3_conformations_scripts_data/data/dihedrals/raw_data/LC3B_II_ER_protein/SIM_2/chi1/orderness_indicator.py:92: PerformanceWarning: DataFrame is highly fragmented.  This is usually the result of calling `frame.insert` many times, which has poor performance.  Consider joining all columns at once using pd.concat(axis=1) instead. To get a de-fragmented frame, use `newframe = frame.copy()`
  LC3B_ORDERNESS_states[cols]=ORDERNESS_S
/Users/jesucastin/anaconda3/lib/python3.11/site-packages/pandas/core/arrays/masked.py:60: UserWarning: Pandas requires version '1.3.6' or newer of 'bottleneck' (version '1.3.5' currently installed).
  from pandas.core import (
/Users/jesucastin/anaconda3/lib/python3.11/site-packages/pandas/core/arrays/masked.py:60: UserWarning: Pandas requires version '1.3.6' or newer of 'bottleneck' (version '1.3.5' currently installed).
  from pandas.core import (
/Users/jesucastin/anaconda3/lib/python3.11/site-packages/pandas/core/arrays/masked.py:60: UserWarning: Pandas requires version '1.3.6' or newer of 'bottleneck' (version '1.3.5' currently installed).
  from pandas.core import (
/Users/jesucastin/anaconda3/lib/python3.11/site-packages/pandas/core/arrays/masked.py:60: UserWarning: Pandas requires version '1.3.6' or newer of 'bottleneck' (version '1.3.5' currently installed).
  from pandas.core import (
/Volumes/Seagate Hub/LC3_conformations_scripts_data/data/dihedrals/raw_data/LC3B_II_ER_protein/SIM_2/psi/orderness_indicator.py:29: PerformanceWarning: DataFrame is highly fragmented.  This is usually the result of calling `frame.insert` many times, which has poor performance.  Consider joining all columns at once using pd.concat(axis=1) instead. To get a de-fragmented frame, use `newframe = frame.copy()`
  LC3B_transition_states[cols]=transition_indicator_ls
/Volumes/Seagate Hub/LC3_conformations_scripts_data/data/dihedrals/raw_data/LC3B_II_ER_protein/SIM_2/psi/orderness_indicator.py:29: PerformanceWarning: DataFrame is highly fragmented.  This is usually the result of calling `frame.insert` many times, which has poor performance.  Consider joining all columns at once using pd.concat(axis=1) instead. To get a de-fragmented frame, use `newframe = frame.copy()`
  LC3B_transition_states[cols]=transition_indicator_ls
/Volumes/Seagate Hub/LC3_conformations_scripts_data/data/dihedrals/raw_data/LC3B_II_ER_protein/SIM_2/psi/orderness_indicator.py:29: PerformanceWarning: DataFrame is highly fragmented.  This is usually the result of calling `frame.insert` many times, which has poor performance.  Consider joining all columns at once using pd.concat(axis=1) instead. To get a de-fragmented frame, use `newframe = frame.copy()`
  LC3B_transition_states[cols]=transition_indicator_ls
/Volumes/Seagate Hub/LC3_conformations_scripts_data/data/dihedrals/raw_data/LC3B_II_ER_protein/SIM_2/psi/orderness_indicator.py:29: PerformanceWarning: DataFrame is highly fragmented.  This is usually the result of calling `frame.insert` many times, which has poor performance.  Consider joining all columns at once using pd.concat(axis=1) instead. To get a de-fragmented frame, use `newframe = frame.copy()`
  LC3B_transition_states[cols]=transition_indicator_ls
/Volumes/Seagate Hub/LC3_conformations_scripts_data/data/dihedrals/raw_data/LC3B_II_ER_protein/SIM_2/psi/orderness_indicator.py:29: PerformanceWarning: DataFrame is highly fragmented.  This is usually the result of calling `frame.insert` many times, which has poor performance.  Consider joining all columns at once using pd.concat(axis=1) instead. To get a de-fragmented frame, use `newframe = frame.copy()`
  LC3B_transition_states[cols]=transition_indicator_ls
/Volumes/Seagate Hub/LC3_conformations_scripts_data/data/dihedrals/raw_data/LC3B_II_ER_protein/SIM_2/psi/orderness_indicator.py:29: PerformanceWarning: DataFrame is highly fragmented.  This is usually the result of calling `frame.insert` many times, which has poor performance.  Consider joining all columns at once using pd.concat(axis=1) instead. To get a de-fragmented frame, use `newframe = frame.copy()`
  LC3B_transition_states[cols]=transition_indicator_ls
/Volumes/Seagate Hub/LC3_conformations_scripts_data/data/dihedrals/raw_data/LC3B_II_ER_protein/SIM_2/psi/orderness_indicator.py:29: PerformanceWarning: DataFrame is highly fragmented.  This is usually the result of calling `frame.insert` many times, which has poor performance.  Consider joining all columns at once using pd.concat(axis=1) instead. To get a de-fragmented frame, use `newframe = frame.copy()`
  LC3B_transition_states[cols]=transition_indicator_ls
/Volumes/Seagate Hub/LC3_conformations_scripts_data/data/dihedrals/raw_data/LC3B_II_ER_protein/SIM_2/psi/orderness_indicator.py:29: PerformanceWarning: DataFrame is highly fragmented.  This is usually the result of calling `frame.insert` many times, which has poor performance.  Consider joining all columns at once using pd.concat(axis=1) instead. To get a de-fragmented frame, use `newframe = frame.copy()`
  LC3B_transition_states[cols]=transition_indicator_ls
/Volumes/Seagate Hub/LC3_conformations_scripts_data/data/dihedrals/raw_data/LC3B_II_ER_protein/SIM_2/psi/orderness_indicator.py:29: PerformanceWarning: DataFrame is highly fragmented.  This is usually the result of calling `frame.insert` many times, which has poor performance.  Consider joining all columns at once using pd.concat(axis=1) instead. To get a de-fragmented frame, use `newframe = frame.copy()`
  LC3B_transition_states[cols]=transition_indicator_ls
/Volumes/Seagate Hub/LC3_conformations_scripts_data/data/dihedrals/raw_data/LC3B_II_ER_protein/SIM_2/psi/orderness_indicator.py:29: PerformanceWarning: DataFrame is highly fragmented.  This is usually the result of calling `frame.insert` many times, which has poor performance.  Consider joining all columns at once using pd.concat(axis=1) instead. To get a de-fragmented frame, use `newframe = frame.copy()`
  LC3B_transition_states[cols]=transition_indicator_ls
/Volumes/Seagate Hub/LC3_conformations_scripts_data/data/dihedrals/raw_data/LC3B_II_ER_protein/SIM_2/psi/orderness_indicator.py:29: PerformanceWarning: DataFrame is highly fragmented.  This is usually the result of calling `frame.insert` many times, which has poor performance.  Consider joining all columns at once using pd.concat(axis=1) instead. To get a de-fragmented frame, use `newframe = frame.copy()`
  LC3B_transition_states[cols]=transition_indicator_ls
/Volumes/Seagate Hub/LC3_conformations_scripts_data/data/dihedrals/raw_data/LC3B_II_ER_protein/SIM_2/psi/orderness_indicator.py:29: PerformanceWarning: DataFrame is highly fragmented.  This is usually the result of calling `frame.insert` many times, which has poor performance.  Consider joining all columns at once using pd.concat(axis=1) instead. To get a de-fragmented frame, use `newframe = frame.copy()`
  LC3B_transition_states[cols]=transition_indicator_ls
/Volumes/Seagate Hub/LC3_conformations_scripts_data/data/dihedrals/raw_data/LC3B_II_ER_protein/SIM_2/psi/orderness_indicator.py:29: PerformanceWarning: DataFrame is highly fragmented.  This is usually the result of calling `frame.insert` many times, which has poor performance.  Consider joining all columns at once using pd.concat(axis=1) instead. To get a de-fragmented frame, use `newframe = frame.copy()`
  LC3B_transition_states[cols]=transition_indicator_ls
/Volumes/Seagate Hub/LC3_conformations_scripts_data/data/dihedrals/raw_data/LC3B_II_ER_protein/SIM_2/psi/orderness_indicator.py:29: PerformanceWarning: DataFrame is highly fragmented.  This is usually the result of calling `frame.insert` many times, which has poor performance.  Consider joining all columns at once using pd.concat(axis=1) instead. To get a de-fragmented frame, use `newframe = frame.copy()`
  LC3B_transition_states[cols]=transition_indicator_ls
/Volumes/Seagate Hub/LC3_conformations_scripts_data/data/dihedrals/raw_data/LC3B_II_ER_protein/SIM_2/psi/orderness_indicator.py:29: PerformanceWarning: DataFrame is highly fragmented.  This is usually the result of calling `frame.insert` many times, which has poor performance.  Consider joining all columns at once using pd.concat(axis=1) instead. To get a de-fragmented frame, use `newframe = frame.copy()`
  LC3B_transition_states[cols]=transition_indicator_ls
/Volumes/Seagate Hub/LC3_conformations_scripts_data/data/dihedrals/raw_data/LC3B_II_ER_protein/SIM_2/psi/orderness_indicator.py:29: PerformanceWarning: DataFrame is highly fragmented.  This is usually the result of calling `frame.insert` many times, which has poor performance.  Consider joining all columns at once using pd.concat(axis=1) instead. To get a de-fragmented frame, use `newframe = frame.copy()`
  LC3B_transition_states[cols]=transition_indicator_ls
/Volumes/Seagate Hub/LC3_conformations_scripts_data/data/dihedrals/raw_data/LC3B_II_ER_protein/SIM_2/psi/orderness_indicator.py:29: PerformanceWarning: DataFrame is highly fragmented.  This is usually the result of calling `frame.insert` many times, which has poor performance.  Consider joining all columns at once using pd.concat(axis=1) instead. To get a de-fragmented frame, use `newframe = frame.copy()`
  LC3B_transition_states[cols]=transition_indicator_ls
/Volumes/Seagate Hub/LC3_conformations_scripts_data/data/dihedrals/raw_data/LC3B_II_ER_protein/SIM_2/psi/orderness_indicator.py:29: PerformanceWarning: DataFrame is highly fragmented.  This is usually the result of calling `frame.insert` many times, which has poor performance.  Consider joining all columns at once using pd.concat(axis=1) instead. To get a de-fragmented frame, use `newframe = frame.copy()`
  LC3B_transition_states[cols]=transition_indicator_ls
/Volumes/Seagate Hub/LC3_conformations_scripts_data/data/dihedrals/raw_data/LC3B_II_ER_protein/SIM_2/psi/orderness_indicator.py:29: PerformanceWarning: DataFrame is highly fragmented.  This is usually the result of calling `frame.insert` many times, which has poor performance.  Consider joining all columns at once using pd.concat(axis=1) instead. To get a de-fragmented frame, use `newframe = frame.copy()`
  LC3B_transition_states[cols]=transition_indicator_ls
/Volumes/Seagate Hub/LC3_conformations_scripts_data/data/dihedrals/raw_data/LC3B_II_ER_protein/SIM_2/psi/orderness_indicator.py:92: PerformanceWarning: DataFrame is highly fragmented.  This is usually the result of calling `frame.insert` many times, which has poor performance.  Consider joining all columns at once using pd.concat(axis=1) instead. To get a de-fragmented frame, use `newframe = frame.copy()`
  LC3B_ORDERNESS_states[cols]=ORDERNESS_S
/Volumes/Seagate Hub/LC3_conformations_scripts_data/data/dihedrals/raw_data/LC3B_II_ER_protein/SIM_2/psi/orderness_indicator.py:92: PerformanceWarning: DataFrame is highly fragmented.  This is usually the result of calling `frame.insert` many times, which has poor performance.  Consider joining all columns at once using pd.concat(axis=1) instead. To get a de-fragmented frame, use `newframe = frame.copy()`
  LC3B_ORDERNESS_states[cols]=ORDERNESS_S
/Volumes/Seagate Hub/LC3_conformations_scripts_data/data/dihedrals/raw_data/LC3B_II_ER_protein/SIM_2/psi/orderness_indicator.py:92: PerformanceWarning: DataFrame is highly fragmented.  This is usually the result of calling `frame.insert` many times, which has poor performance.  Consider joining all columns at once using pd.concat(axis=1) instead. To get a de-fragmented frame, use `newframe = frame.copy()`
  LC3B_ORDERNESS_states[cols]=ORDERNESS_S
/Volumes/Seagate Hub/LC3_conformations_scripts_data/data/dihedrals/raw_data/LC3B_II_ER_protein/SIM_2/psi/orderness_indicator.py:92: PerformanceWarning: DataFrame is highly fragmented.  This is usually the result of calling `frame.insert` many times, which has poor performance.  Consider joining all columns at once using pd.concat(axis=1) instead. To get a de-fragmented frame, use `newframe = frame.copy()`
  LC3B_ORDERNESS_states[cols]=ORDERNESS_S
/Volumes/Seagate Hub/LC3_conformations_scripts_data/data/dihedrals/raw_data/LC3B_II_ER_protein/SIM_2/psi/orderness_indicator.py:92: PerformanceWarning: DataFrame is highly fragmented.  This is usually the result of calling `frame.insert` many times, which has poor performance.  Consider joining all columns at once using pd.concat(axis=1) instead. To get a de-fragmented frame, use `newframe = frame.copy()`
  LC3B_ORDERNESS_states[cols]=ORDERNESS_S
/Volumes/Seagate Hub/LC3_conformations_scripts_data/data/dihedrals/raw_data/LC3B_II_ER_protein/SIM_2/psi/orderness_indicator.py:92: PerformanceWarning: DataFrame is highly fragmented.  This is usually the result of calling `frame.insert` many times, which has poor performance.  Consider joining all columns at once using pd.concat(axis=1) instead. To get a de-fragmented frame, use `newframe = frame.copy()`
  LC3B_ORDERNESS_states[cols]=ORDERNESS_S
/Volumes/Seagate Hub/LC3_conformations_scripts_data/data/dihedrals/raw_data/LC3B_II_ER_protein/SIM_2/psi/orderness_indicator.py:92: PerformanceWarning: DataFrame is highly fragmented.  This is usually the result of calling `frame.insert` many times, which has poor performance.  Consider joining all columns at once using pd.concat(axis=1) instead. To get a de-fragmented frame, use `newframe = frame.copy()`
  LC3B_ORDERNESS_states[cols]=ORDERNESS_S
/Volumes/Seagate Hub/LC3_conformations_scripts_data/data/dihedrals/raw_data/LC3B_II_ER_protein/SIM_2/psi/orderness_indicator.py:92: PerformanceWarning: DataFrame is highly fragmented.  This is usually the result of calling `frame.insert` many times, which has poor performance.  Consider joining all columns at once using pd.concat(axis=1) instead. To get a de-fragmented frame, use `newframe = frame.copy()`
  LC3B_ORDERNESS_states[cols]=ORDERNESS_S
/Volumes/Seagate Hub/LC3_conformations_scripts_data/data/dihedrals/raw_data/LC3B_II_ER_protein/SIM_2/psi/orderness_indicator.py:92: PerformanceWarning: DataFrame is highly fragmented.  This is usually the result of calling `frame.insert` many times, which has poor performance.  Consider joining all columns at once using pd.concat(axis=1) instead. To get a de-fragmented frame, use `newframe = frame.copy()`
  LC3B_ORDERNESS_states[cols]=ORDERNESS_S
/Volumes/Seagate Hub/LC3_conformations_scripts_data/data/dihedrals/raw_data/LC3B_II_ER_protein/SIM_2/psi/orderness_indicator.py:92: PerformanceWarning: DataFrame is highly fragmented.  This is usually the result of calling `frame.insert` many times, which has poor performance.  Consider joining all columns at once using pd.concat(axis=1) instead. To get a de-fragmented frame, use `newframe = frame.copy()`
  LC3B_ORDERNESS_states[cols]=ORDERNESS_S
/Volumes/Seagate Hub/LC3_conformations_scripts_data/data/dihedrals/raw_data/LC3B_II_ER_protein/SIM_2/psi/orderness_indicator.py:92: PerformanceWarning: DataFrame is highly fragmented.  This is usually the result of calling `frame.insert` many times, which has poor performance.  Consider joining all columns at once using pd.concat(axis=1) instead. To get a de-fragmented frame, use `newframe = frame.copy()`
  LC3B_ORDERNESS_states[cols]=ORDERNESS_S
/Volumes/Seagate Hub/LC3_conformations_scripts_data/data/dihedrals/raw_data/LC3B_II_ER_protein/SIM_2/psi/orderness_indicator.py:92: PerformanceWarning: DataFrame is highly fragmented.  This is usually the result of calling `frame.insert` many times, which has poor performance.  Consider joining all columns at once using pd.concat(axis=1) instead. To get a de-fragmented frame, use `newframe = frame.copy()`
  LC3B_ORDERNESS_states[cols]=ORDERNESS_S
/Volumes/Seagate Hub/LC3_conformations_scripts_data/data/dihedrals/raw_data/LC3B_II_ER_protein/SIM_2/psi/orderness_indicator.py:92: PerformanceWarning: DataFrame is highly fragmented.  This is usually the result of calling `frame.insert` many times, which has poor performance.  Consider joining all columns at once using pd.concat(axis=1) instead. To get a de-fragmented frame, use `newframe = frame.copy()`
  LC3B_ORDERNESS_states[cols]=ORDERNESS_S
/Volumes/Seagate Hub/LC3_conformations_scripts_data/data/dihedrals/raw_data/LC3B_II_ER_protein/SIM_2/psi/orderness_indicator.py:92: PerformanceWarning: DataFrame is highly fragmented.  This is usually the result of calling `frame.insert` many times, which has poor performance.  Consider joining all columns at once using pd.concat(axis=1) instead. To get a de-fragmented frame, use `newframe = frame.copy()`
  LC3B_ORDERNESS_states[cols]=ORDERNESS_S
/Volumes/Seagate Hub/LC3_conformations_scripts_data/data/dihedrals/raw_data/LC3B_II_ER_protein/SIM_2/psi/orderness_indicator.py:92: PerformanceWarning: DataFrame is highly fragmented.  This is usually the result of calling `frame.insert` many times, which has poor performance.  Consider joining all columns at once using pd.concat(axis=1) instead. To get a de-fragmented frame, use `newframe = frame.copy()`
  LC3B_ORDERNESS_states[cols]=ORDERNESS_S
/Volumes/Seagate Hub/LC3_conformations_scripts_data/data/dihedrals/raw_data/LC3B_II_ER_protein/SIM_2/psi/orderness_indicator.py:92: PerformanceWarning: DataFrame is highly fragmented.  This is usually the result of calling `frame.insert` many times, which has poor performance.  Consider joining all columns at once using pd.concat(axis=1) instead. To get a de-fragmented frame, use `newframe = frame.copy()`
  LC3B_ORDERNESS_states[cols]=ORDERNESS_S
/Volumes/Seagate Hub/LC3_conformations_scripts_data/data/dihedrals/raw_data/LC3B_II_ER_protein/SIM_2/psi/orderness_indicator.py:92: PerformanceWarning: DataFrame is highly fragmented.  This is usually the result of calling `frame.insert` many times, which has poor performance.  Consider joining all columns at once using pd.concat(axis=1) instead. To get a de-fragmented frame, use `newframe = frame.copy()`
  LC3B_ORDERNESS_states[cols]=ORDERNESS_S
/Volumes/Seagate Hub/LC3_conformations_scripts_data/data/dihedrals/raw_data/LC3B_II_ER_protein/SIM_2/psi/orderness_indicator.py:92: PerformanceWarning: DataFrame is highly fragmented.  This is usually the result of calling `frame.insert` many times, which has poor performance.  Consider joining all columns at once using pd.concat(axis=1) instead. To get a de-fragmented frame, use `newframe = frame.copy()`
  LC3B_ORDERNESS_states[cols]=ORDERNESS_S
/Volumes/Seagate Hub/LC3_conformations_scripts_data/data/dihedrals/raw_data/LC3B_II_ER_protein/SIM_2/psi/orderness_indicator.py:92: PerformanceWarning: DataFrame is highly fragmented.  This is usually the result of calling `frame.insert` many times, which has poor performance.  Consider joining all columns at once using pd.concat(axis=1) instead. To get a de-fragmented frame, use `newframe = frame.copy()`
  LC3B_ORDERNESS_states[cols]=ORDERNESS_S
/Users/jesucastin/anaconda3/lib/python3.11/site-packages/pandas/core/arrays/masked.py:60: UserWarning: Pandas requires version '1.3.6' or newer of 'bottleneck' (version '1.3.5' currently installed).
  from pandas.core import (
/Volumes/Seagate Hub/LC3_conformations_scripts_data/data/dihedrals/raw_data/LC3B_II_ER_protein/SIM_2/phi/orderness_indicator.py:29: PerformanceWarning: DataFrame is highly fragmented.  This is usually the result of calling `frame.insert` many times, which has poor performance.  Consider joining all columns at once using pd.concat(axis=1) instead. To get a de-fragmented frame, use `newframe = frame.copy()`
  LC3B_transition_states[cols]=transition_indicator_ls
/Volumes/Seagate Hub/LC3_conformations_scripts_data/data/dihedrals/raw_data/LC3B_II_ER_protein/SIM_2/phi/orderness_indicator.py:29: PerformanceWarning: DataFrame is highly fragmented.  This is usually the result of calling `frame.insert` many times, which has poor performance.  Consider joining all columns at once using pd.concat(axis=1) instead. To get a de-fragmented frame, use `newframe = frame.copy()`
  LC3B_transition_states[cols]=transition_indicator_ls
/Volumes/Seagate Hub/LC3_conformations_scripts_data/data/dihedrals/raw_data/LC3B_II_ER_protein/SIM_2/phi/orderness_indicator.py:29: PerformanceWarning: DataFrame is highly fragmented.  This is usually the result of calling `frame.insert` many times, which has poor performance.  Consider joining all columns at once using pd.concat(axis=1) instead. To get a de-fragmented frame, use `newframe = frame.copy()`
  LC3B_transition_states[cols]=transition_indicator_ls
/Volumes/Seagate Hub/LC3_conformations_scripts_data/data/dihedrals/raw_data/LC3B_II_ER_protein/SIM_2/phi/orderness_indicator.py:29: PerformanceWarning: DataFrame is highly fragmented.  This is usually the result of calling `frame.insert` many times, which has poor performance.  Consider joining all columns at once using pd.concat(axis=1) instead. To get a de-fragmented frame, use `newframe = frame.copy()`
  LC3B_transition_states[cols]=transition_indicator_ls
/Volumes/Seagate Hub/LC3_conformations_scripts_data/data/dihedrals/raw_data/LC3B_II_ER_protein/SIM_2/phi/orderness_indicator.py:29: PerformanceWarning: DataFrame is highly fragmented.  This is usually the result of calling `frame.insert` many times, which has poor performance.  Consider joining all columns at once using pd.concat(axis=1) instead. To get a de-fragmented frame, use `newframe = frame.copy()`
  LC3B_transition_states[cols]=transition_indicator_ls
/Volumes/Seagate Hub/LC3_conformations_scripts_data/data/dihedrals/raw_data/LC3B_II_ER_protein/SIM_2/phi/orderness_indicator.py:29: PerformanceWarning: DataFrame is highly fragmented.  This is usually the result of calling `frame.insert` many times, which has poor performance.  Consider joining all columns at once using pd.concat(axis=1) instead. To get a de-fragmented frame, use `newframe = frame.copy()`
  LC3B_transition_states[cols]=transition_indicator_ls
/Volumes/Seagate Hub/LC3_conformations_scripts_data/data/dihedrals/raw_data/LC3B_II_ER_protein/SIM_2/phi/orderness_indicator.py:29: PerformanceWarning: DataFrame is highly fragmented.  This is usually the result of calling `frame.insert` many times, which has poor performance.  Consider joining all columns at once using pd.concat(axis=1) instead. To get a de-fragmented frame, use `newframe = frame.copy()`
  LC3B_transition_states[cols]=transition_indicator_ls
/Volumes/Seagate Hub/LC3_conformations_scripts_data/data/dihedrals/raw_data/LC3B_II_ER_protein/SIM_2/phi/orderness_indicator.py:29: PerformanceWarning: DataFrame is highly fragmented.  This is usually the result of calling `frame.insert` many times, which has poor performance.  Consider joining all columns at once using pd.concat(axis=1) instead. To get a de-fragmented frame, use `newframe = frame.copy()`
  LC3B_transition_states[cols]=transition_indicator_ls
/Volumes/Seagate Hub/LC3_conformations_scripts_data/data/dihedrals/raw_data/LC3B_II_ER_protein/SIM_2/phi/orderness_indicator.py:29: PerformanceWarning: DataFrame is highly fragmented.  This is usually the result of calling `frame.insert` many times, which has poor performance.  Consider joining all columns at once using pd.concat(axis=1) instead. To get a de-fragmented frame, use `newframe = frame.copy()`
  LC3B_transition_states[cols]=transition_indicator_ls
/Volumes/Seagate Hub/LC3_conformations_scripts_data/data/dihedrals/raw_data/LC3B_II_ER_protein/SIM_2/phi/orderness_indicator.py:29: PerformanceWarning: DataFrame is highly fragmented.  This is usually the result of calling `frame.insert` many times, which has poor performance.  Consider joining all columns at once using pd.concat(axis=1) instead. To get a de-fragmented frame, use `newframe = frame.copy()`
  LC3B_transition_states[cols]=transition_indicator_ls
/Volumes/Seagate Hub/LC3_conformations_scripts_data/data/dihedrals/raw_data/LC3B_II_ER_protein/SIM_2/phi/orderness_indicator.py:29: PerformanceWarning: DataFrame is highly fragmented.  This is usually the result of calling `frame.insert` many times, which has poor performance.  Consider joining all columns at once using pd.concat(axis=1) instead. To get a de-fragmented frame, use `newframe = frame.copy()`
  LC3B_transition_states[cols]=transition_indicator_ls
/Volumes/Seagate Hub/LC3_conformations_scripts_data/data/dihedrals/raw_data/LC3B_II_ER_protein/SIM_2/phi/orderness_indicator.py:29: PerformanceWarning: DataFrame is highly fragmented.  This is usually the result of calling `frame.insert` many times, which has poor performance.  Consider joining all columns at once using pd.concat(axis=1) instead. To get a de-fragmented frame, use `newframe = frame.copy()`
  LC3B_transition_states[cols]=transition_indicator_ls
/Volumes/Seagate Hub/LC3_conformations_scripts_data/data/dihedrals/raw_data/LC3B_II_ER_protein/SIM_2/phi/orderness_indicator.py:29: PerformanceWarning: DataFrame is highly fragmented.  This is usually the result of calling `frame.insert` many times, which has poor performance.  Consider joining all columns at once using pd.concat(axis=1) instead. To get a de-fragmented frame, use `newframe = frame.copy()`
  LC3B_transition_states[cols]=transition_indicator_ls
/Volumes/Seagate Hub/LC3_conformations_scripts_data/data/dihedrals/raw_data/LC3B_II_ER_protein/SIM_2/phi/orderness_indicator.py:29: PerformanceWarning: DataFrame is highly fragmented.  This is usually the result of calling `frame.insert` many times, which has poor performance.  Consider joining all columns at once using pd.concat(axis=1) instead. To get a de-fragmented frame, use `newframe = frame.copy()`
  LC3B_transition_states[cols]=transition_indicator_ls
/Volumes/Seagate Hub/LC3_conformations_scripts_data/data/dihedrals/raw_data/LC3B_II_ER_protein/SIM_2/phi/orderness_indicator.py:29: PerformanceWarning: DataFrame is highly fragmented.  This is usually the result of calling `frame.insert` many times, which has poor performance.  Consider joining all columns at once using pd.concat(axis=1) instead. To get a de-fragmented frame, use `newframe = frame.copy()`
  LC3B_transition_states[cols]=transition_indicator_ls
/Volumes/Seagate Hub/LC3_conformations_scripts_data/data/dihedrals/raw_data/LC3B_II_ER_protein/SIM_2/phi/orderness_indicator.py:29: PerformanceWarning: DataFrame is highly fragmented.  This is usually the result of calling `frame.insert` many times, which has poor performance.  Consider joining all columns at once using pd.concat(axis=1) instead. To get a de-fragmented frame, use `newframe = frame.copy()`
  LC3B_transition_states[cols]=transition_indicator_ls
/Volumes/Seagate Hub/LC3_conformations_scripts_data/data/dihedrals/raw_data/LC3B_II_ER_protein/SIM_2/phi/orderness_indicator.py:29: PerformanceWarning: DataFrame is highly fragmented.  This is usually the result of calling `frame.insert` many times, which has poor performance.  Consider joining all columns at once using pd.concat(axis=1) instead. To get a de-fragmented frame, use `newframe = frame.copy()`
  LC3B_transition_states[cols]=transition_indicator_ls
/Volumes/Seagate Hub/LC3_conformations_scripts_data/data/dihedrals/raw_data/LC3B_II_ER_protein/SIM_2/phi/orderness_indicator.py:29: PerformanceWarning: DataFrame is highly fragmented.  This is usually the result of calling `frame.insert` many times, which has poor performance.  Consider joining all columns at once using pd.concat(axis=1) instead. To get a de-fragmented frame, use `newframe = frame.copy()`
  LC3B_transition_states[cols]=transition_indicator_ls
/Volumes/Seagate Hub/LC3_conformations_scripts_data/data/dihedrals/raw_data/LC3B_II_ER_protein/SIM_2/phi/orderness_indicator.py:29: PerformanceWarning: DataFrame is highly fragmented.  This is usually the result of calling `frame.insert` many times, which has poor performance.  Consider joining all columns at once using pd.concat(axis=1) instead. To get a de-fragmented frame, use `newframe = frame.copy()`
  LC3B_transition_states[cols]=transition_indicator_ls
/Volumes/Seagate Hub/LC3_conformations_scripts_data/data/dihedrals/raw_data/LC3B_II_ER_protein/SIM_2/phi/orderness_indicator.py:92: PerformanceWarning: DataFrame is highly fragmented.  This is usually the result of calling `frame.insert` many times, which has poor performance.  Consider joining all columns at once using pd.concat(axis=1) instead. To get a de-fragmented frame, use `newframe = frame.copy()`
  LC3B_ORDERNESS_states[cols]=ORDERNESS_S
/Volumes/Seagate Hub/LC3_conformations_scripts_data/data/dihedrals/raw_data/LC3B_II_ER_protein/SIM_2/phi/orderness_indicator.py:92: PerformanceWarning: DataFrame is highly fragmented.  This is usually the result of calling `frame.insert` many times, which has poor performance.  Consider joining all columns at once using pd.concat(axis=1) instead. To get a de-fragmented frame, use `newframe = frame.copy()`
  LC3B_ORDERNESS_states[cols]=ORDERNESS_S
/Volumes/Seagate Hub/LC3_conformations_scripts_data/data/dihedrals/raw_data/LC3B_II_ER_protein/SIM_2/phi/orderness_indicator.py:92: PerformanceWarning: DataFrame is highly fragmented.  This is usually the result of calling `frame.insert` many times, which has poor performance.  Consider joining all columns at once using pd.concat(axis=1) instead. To get a de-fragmented frame, use `newframe = frame.copy()`
  LC3B_ORDERNESS_states[cols]=ORDERNESS_S
/Volumes/Seagate Hub/LC3_conformations_scripts_data/data/dihedrals/raw_data/LC3B_II_ER_protein/SIM_2/phi/orderness_indicator.py:92: PerformanceWarning: DataFrame is highly fragmented.  This is usually the result of calling `frame.insert` many times, which has poor performance.  Consider joining all columns at once using pd.concat(axis=1) instead. To get a de-fragmented frame, use `newframe = frame.copy()`
  LC3B_ORDERNESS_states[cols]=ORDERNESS_S
/Volumes/Seagate Hub/LC3_conformations_scripts_data/data/dihedrals/raw_data/LC3B_II_ER_protein/SIM_2/phi/orderness_indicator.py:92: PerformanceWarning: DataFrame is highly fragmented.  This is usually the result of calling `frame.insert` many times, which has poor performance.  Consider joining all columns at once using pd.concat(axis=1) instead. To get a de-fragmented frame, use `newframe = frame.copy()`
  LC3B_ORDERNESS_states[cols]=ORDERNESS_S
/Volumes/Seagate Hub/LC3_conformations_scripts_data/data/dihedrals/raw_data/LC3B_II_ER_protein/SIM_2/phi/orderness_indicator.py:92: PerformanceWarning: DataFrame is highly fragmented.  This is usually the result of calling `frame.insert` many times, which has poor performance.  Consider joining all columns at once using pd.concat(axis=1) instead. To get a de-fragmented frame, use `newframe = frame.copy()`
  LC3B_ORDERNESS_states[cols]=ORDERNESS_S
/Volumes/Seagate Hub/LC3_conformations_scripts_data/data/dihedrals/raw_data/LC3B_II_ER_protein/SIM_2/phi/orderness_indicator.py:92: PerformanceWarning: DataFrame is highly fragmented.  This is usually the result of calling `frame.insert` many times, which has poor performance.  Consider joining all columns at once using pd.concat(axis=1) instead. To get a de-fragmented frame, use `newframe = frame.copy()`
  LC3B_ORDERNESS_states[cols]=ORDERNESS_S
/Volumes/Seagate Hub/LC3_conformations_scripts_data/data/dihedrals/raw_data/LC3B_II_ER_protein/SIM_2/phi/orderness_indicator.py:92: PerformanceWarning: DataFrame is highly fragmented.  This is usually the result of calling `frame.insert` many times, which has poor performance.  Consider joining all columns at once using pd.concat(axis=1) instead. To get a de-fragmented frame, use `newframe = frame.copy()`
  LC3B_ORDERNESS_states[cols]=ORDERNESS_S
/Volumes/Seagate Hub/LC3_conformations_scripts_data/data/dihedrals/raw_data/LC3B_II_ER_protein/SIM_2/phi/orderness_indicator.py:92: PerformanceWarning: DataFrame is highly fragmented.  This is usually the result of calling `frame.insert` many times, which has poor performance.  Consider joining all columns at once using pd.concat(axis=1) instead. To get a de-fragmented frame, use `newframe = frame.copy()`
  LC3B_ORDERNESS_states[cols]=ORDERNESS_S
/Volumes/Seagate Hub/LC3_conformations_scripts_data/data/dihedrals/raw_data/LC3B_II_ER_protein/SIM_2/phi/orderness_indicator.py:92: PerformanceWarning: DataFrame is highly fragmented.  This is usually the result of calling `frame.insert` many times, which has poor performance.  Consider joining all columns at once using pd.concat(axis=1) instead. To get a de-fragmented frame, use `newframe = frame.copy()`
  LC3B_ORDERNESS_states[cols]=ORDERNESS_S
/Volumes/Seagate Hub/LC3_conformations_scripts_data/data/dihedrals/raw_data/LC3B_II_ER_protein/SIM_2/phi/orderness_indicator.py:92: PerformanceWarning: DataFrame is highly fragmented.  This is usually the result of calling `frame.insert` many times, which has poor performance.  Consider joining all columns at once using pd.concat(axis=1) instead. To get a de-fragmented frame, use `newframe = frame.copy()`
  LC3B_ORDERNESS_states[cols]=ORDERNESS_S
/Volumes/Seagate Hub/LC3_conformations_scripts_data/data/dihedrals/raw_data/LC3B_II_ER_protein/SIM_2/phi/orderness_indicator.py:92: PerformanceWarning: DataFrame is highly fragmented.  This is usually the result of calling `frame.insert` many times, which has poor performance.  Consider joining all columns at once using pd.concat(axis=1) instead. To get a de-fragmented frame, use `newframe = frame.copy()`
  LC3B_ORDERNESS_states[cols]=ORDERNESS_S
/Volumes/Seagate Hub/LC3_conformations_scripts_data/data/dihedrals/raw_data/LC3B_II_ER_protein/SIM_2/phi/orderness_indicator.py:92: PerformanceWarning: DataFrame is highly fragmented.  This is usually the result of calling `frame.insert` many times, which has poor performance.  Consider joining all columns at once using pd.concat(axis=1) instead. To get a de-fragmented frame, use `newframe = frame.copy()`
  LC3B_ORDERNESS_states[cols]=ORDERNESS_S
/Volumes/Seagate Hub/LC3_conformations_scripts_data/data/dihedrals/raw_data/LC3B_II_ER_protein/SIM_2/phi/orderness_indicator.py:92: PerformanceWarning: DataFrame is highly fragmented.  This is usually the result of calling `frame.insert` many times, which has poor performance.  Consider joining all columns at once using pd.concat(axis=1) instead. To get a de-fragmented frame, use `newframe = frame.copy()`
  LC3B_ORDERNESS_states[cols]=ORDERNESS_S
/Volumes/Seagate Hub/LC3_conformations_scripts_data/data/dihedrals/raw_data/LC3B_II_ER_protein/SIM_2/phi/orderness_indicator.py:92: PerformanceWarning: DataFrame is highly fragmented.  This is usually the result of calling `frame.insert` many times, which has poor performance.  Consider joining all columns at once using pd.concat(axis=1) instead. To get a de-fragmented frame, use `newframe = frame.copy()`
  LC3B_ORDERNESS_states[cols]=ORDERNESS_S
/Volumes/Seagate Hub/LC3_conformations_scripts_data/data/dihedrals/raw_data/LC3B_II_ER_protein/SIM_2/phi/orderness_indicator.py:92: PerformanceWarning: DataFrame is highly fragmented.  This is usually the result of calling `frame.insert` many times, which has poor performance.  Consider joining all columns at once using pd.concat(axis=1) instead. To get a de-fragmented frame, use `newframe = frame.copy()`
  LC3B_ORDERNESS_states[cols]=ORDERNESS_S
/Volumes/Seagate Hub/LC3_conformations_scripts_data/data/dihedrals/raw_data/LC3B_II_ER_protein/SIM_2/phi/orderness_indicator.py:92: PerformanceWarning: DataFrame is highly fragmented.  This is usually the result of calling `frame.insert` many times, which has poor performance.  Consider joining all columns at once using pd.concat(axis=1) instead. To get a de-fragmented frame, use `newframe = frame.copy()`
  LC3B_ORDERNESS_states[cols]=ORDERNESS_S
/Volumes/Seagate Hub/LC3_conformations_scripts_data/data/dihedrals/raw_data/LC3B_II_ER_protein/SIM_2/phi/orderness_indicator.py:92: PerformanceWarning: DataFrame is highly fragmented.  This is usually the result of calling `frame.insert` many times, which has poor performance.  Consider joining all columns at once using pd.concat(axis=1) instead. To get a de-fragmented frame, use `newframe = frame.copy()`
  LC3B_ORDERNESS_states[cols]=ORDERNESS_S
/Volumes/Seagate Hub/LC3_conformations_scripts_data/data/dihedrals/raw_data/LC3B_II_ER_protein/SIM_2/phi/orderness_indicator.py:92: PerformanceWarning: DataFrame is highly fragmented.  This is usually the result of calling `frame.insert` many times, which has poor performance.  Consider joining all columns at once using pd.concat(axis=1) instead. To get a de-fragmented frame, use `newframe = frame.copy()`
  LC3B_ORDERNESS_states[cols]=ORDERNESS_S
I am done with LC3B_II_ER_protein
/Users/jesucastin/anaconda3/lib/python3.11/site-packages/pandas/core/arrays/masked.py:60: UserWarning: Pandas requires version '1.3.6' or newer of 'bottleneck' (version '1.3.5' currently installed).
  from pandas.core import (
/Volumes/Seagate Hub/LC3_conformations_scripts_data/data/dihedrals/raw_data/LC3B_II_ER_protein/SIM_3/chi1/orderness_indicator.py:29: PerformanceWarning: DataFrame is highly fragmented.  This is usually the result of calling `frame.insert` many times, which has poor performance.  Consider joining all columns at once using pd.concat(axis=1) instead. To get a de-fragmented frame, use `newframe = frame.copy()`
  LC3B_transition_states[cols]=transition_indicator_ls
/Volumes/Seagate Hub/LC3_conformations_scripts_data/data/dihedrals/raw_data/LC3B_II_ER_protein/SIM_3/chi1/orderness_indicator.py:29: PerformanceWarning: DataFrame is highly fragmented.  This is usually the result of calling `frame.insert` many times, which has poor performance.  Consider joining all columns at once using pd.concat(axis=1) instead. To get a de-fragmented frame, use `newframe = frame.copy()`
  LC3B_transition_states[cols]=transition_indicator_ls
/Volumes/Seagate Hub/LC3_conformations_scripts_data/data/dihedrals/raw_data/LC3B_II_ER_protein/SIM_3/chi1/orderness_indicator.py:29: PerformanceWarning: DataFrame is highly fragmented.  This is usually the result of calling `frame.insert` many times, which has poor performance.  Consider joining all columns at once using pd.concat(axis=1) instead. To get a de-fragmented frame, use `newframe = frame.copy()`
  LC3B_transition_states[cols]=transition_indicator_ls
/Volumes/Seagate Hub/LC3_conformations_scripts_data/data/dihedrals/raw_data/LC3B_II_ER_protein/SIM_3/chi1/orderness_indicator.py:29: PerformanceWarning: DataFrame is highly fragmented.  This is usually the result of calling `frame.insert` many times, which has poor performance.  Consider joining all columns at once using pd.concat(axis=1) instead. To get a de-fragmented frame, use `newframe = frame.copy()`
  LC3B_transition_states[cols]=transition_indicator_ls
/Volumes/Seagate Hub/LC3_conformations_scripts_data/data/dihedrals/raw_data/LC3B_II_ER_protein/SIM_3/chi1/orderness_indicator.py:29: PerformanceWarning: DataFrame is highly fragmented.  This is usually the result of calling `frame.insert` many times, which has poor performance.  Consider joining all columns at once using pd.concat(axis=1) instead. To get a de-fragmented frame, use `newframe = frame.copy()`
  LC3B_transition_states[cols]=transition_indicator_ls
/Volumes/Seagate Hub/LC3_conformations_scripts_data/data/dihedrals/raw_data/LC3B_II_ER_protein/SIM_3/chi1/orderness_indicator.py:29: PerformanceWarning: DataFrame is highly fragmented.  This is usually the result of calling `frame.insert` many times, which has poor performance.  Consider joining all columns at once using pd.concat(axis=1) instead. To get a de-fragmented frame, use `newframe = frame.copy()`
  LC3B_transition_states[cols]=transition_indicator_ls
/Volumes/Seagate Hub/LC3_conformations_scripts_data/data/dihedrals/raw_data/LC3B_II_ER_protein/SIM_3/chi1/orderness_indicator.py:29: PerformanceWarning: DataFrame is highly fragmented.  This is usually the result of calling `frame.insert` many times, which has poor performance.  Consider joining all columns at once using pd.concat(axis=1) instead. To get a de-fragmented frame, use `newframe = frame.copy()`
  LC3B_transition_states[cols]=transition_indicator_ls
/Volumes/Seagate Hub/LC3_conformations_scripts_data/data/dihedrals/raw_data/LC3B_II_ER_protein/SIM_3/chi1/orderness_indicator.py:29: PerformanceWarning: DataFrame is highly fragmented.  This is usually the result of calling `frame.insert` many times, which has poor performance.  Consider joining all columns at once using pd.concat(axis=1) instead. To get a de-fragmented frame, use `newframe = frame.copy()`
  LC3B_transition_states[cols]=transition_indicator_ls
/Volumes/Seagate Hub/LC3_conformations_scripts_data/data/dihedrals/raw_data/LC3B_II_ER_protein/SIM_3/chi1/orderness_indicator.py:29: PerformanceWarning: DataFrame is highly fragmented.  This is usually the result of calling `frame.insert` many times, which has poor performance.  Consider joining all columns at once using pd.concat(axis=1) instead. To get a de-fragmented frame, use `newframe = frame.copy()`
  LC3B_transition_states[cols]=transition_indicator_ls
/Volumes/Seagate Hub/LC3_conformations_scripts_data/data/dihedrals/raw_data/LC3B_II_ER_protein/SIM_3/chi1/orderness_indicator.py:29: PerformanceWarning: DataFrame is highly fragmented.  This is usually the result of calling `frame.insert` many times, which has poor performance.  Consider joining all columns at once using pd.concat(axis=1) instead. To get a de-fragmented frame, use `newframe = frame.copy()`
  LC3B_transition_states[cols]=transition_indicator_ls
/Volumes/Seagate Hub/LC3_conformations_scripts_data/data/dihedrals/raw_data/LC3B_II_ER_protein/SIM_3/chi1/orderness_indicator.py:29: PerformanceWarning: DataFrame is highly fragmented.  This is usually the result of calling `frame.insert` many times, which has poor performance.  Consider joining all columns at once using pd.concat(axis=1) instead. To get a de-fragmented frame, use `newframe = frame.copy()`
  LC3B_transition_states[cols]=transition_indicator_ls
/Volumes/Seagate Hub/LC3_conformations_scripts_data/data/dihedrals/raw_data/LC3B_II_ER_protein/SIM_3/chi1/orderness_indicator.py:29: PerformanceWarning: DataFrame is highly fragmented.  This is usually the result of calling `frame.insert` many times, which has poor performance.  Consider joining all columns at once using pd.concat(axis=1) instead. To get a de-fragmented frame, use `newframe = frame.copy()`
  LC3B_transition_states[cols]=transition_indicator_ls
/Volumes/Seagate Hub/LC3_conformations_scripts_data/data/dihedrals/raw_data/LC3B_II_ER_protein/SIM_3/chi1/orderness_indicator.py:29: PerformanceWarning: DataFrame is highly fragmented.  This is usually the result of calling `frame.insert` many times, which has poor performance.  Consider joining all columns at once using pd.concat(axis=1) instead. To get a de-fragmented frame, use `newframe = frame.copy()`
  LC3B_transition_states[cols]=transition_indicator_ls
/Volumes/Seagate Hub/LC3_conformations_scripts_data/data/dihedrals/raw_data/LC3B_II_ER_protein/SIM_3/chi1/orderness_indicator.py:92: PerformanceWarning: DataFrame is highly fragmented.  This is usually the result of calling `frame.insert` many times, which has poor performance.  Consider joining all columns at once using pd.concat(axis=1) instead. To get a de-fragmented frame, use `newframe = frame.copy()`
  LC3B_ORDERNESS_states[cols]=ORDERNESS_S
/Volumes/Seagate Hub/LC3_conformations_scripts_data/data/dihedrals/raw_data/LC3B_II_ER_protein/SIM_3/chi1/orderness_indicator.py:92: PerformanceWarning: DataFrame is highly fragmented.  This is usually the result of calling `frame.insert` many times, which has poor performance.  Consider joining all columns at once using pd.concat(axis=1) instead. To get a de-fragmented frame, use `newframe = frame.copy()`
  LC3B_ORDERNESS_states[cols]=ORDERNESS_S
/Volumes/Seagate Hub/LC3_conformations_scripts_data/data/dihedrals/raw_data/LC3B_II_ER_protein/SIM_3/chi1/orderness_indicator.py:92: PerformanceWarning: DataFrame is highly fragmented.  This is usually the result of calling `frame.insert` many times, which has poor performance.  Consider joining all columns at once using pd.concat(axis=1) instead. To get a de-fragmented frame, use `newframe = frame.copy()`
  LC3B_ORDERNESS_states[cols]=ORDERNESS_S
/Volumes/Seagate Hub/LC3_conformations_scripts_data/data/dihedrals/raw_data/LC3B_II_ER_protein/SIM_3/chi1/orderness_indicator.py:92: PerformanceWarning: DataFrame is highly fragmented.  This is usually the result of calling `frame.insert` many times, which has poor performance.  Consider joining all columns at once using pd.concat(axis=1) instead. To get a de-fragmented frame, use `newframe = frame.copy()`
  LC3B_ORDERNESS_states[cols]=ORDERNESS_S
/Volumes/Seagate Hub/LC3_conformations_scripts_data/data/dihedrals/raw_data/LC3B_II_ER_protein/SIM_3/chi1/orderness_indicator.py:92: PerformanceWarning: DataFrame is highly fragmented.  This is usually the result of calling `frame.insert` many times, which has poor performance.  Consider joining all columns at once using pd.concat(axis=1) instead. To get a de-fragmented frame, use `newframe = frame.copy()`
  LC3B_ORDERNESS_states[cols]=ORDERNESS_S
/Volumes/Seagate Hub/LC3_conformations_scripts_data/data/dihedrals/raw_data/LC3B_II_ER_protein/SIM_3/chi1/orderness_indicator.py:92: PerformanceWarning: DataFrame is highly fragmented.  This is usually the result of calling `frame.insert` many times, which has poor performance.  Consider joining all columns at once using pd.concat(axis=1) instead. To get a de-fragmented frame, use `newframe = frame.copy()`
  LC3B_ORDERNESS_states[cols]=ORDERNESS_S
/Volumes/Seagate Hub/LC3_conformations_scripts_data/data/dihedrals/raw_data/LC3B_II_ER_protein/SIM_3/chi1/orderness_indicator.py:92: PerformanceWarning: DataFrame is highly fragmented.  This is usually the result of calling `frame.insert` many times, which has poor performance.  Consider joining all columns at once using pd.concat(axis=1) instead. To get a de-fragmented frame, use `newframe = frame.copy()`
  LC3B_ORDERNESS_states[cols]=ORDERNESS_S
/Volumes/Seagate Hub/LC3_conformations_scripts_data/data/dihedrals/raw_data/LC3B_II_ER_protein/SIM_3/chi1/orderness_indicator.py:92: PerformanceWarning: DataFrame is highly fragmented.  This is usually the result of calling `frame.insert` many times, which has poor performance.  Consider joining all columns at once using pd.concat(axis=1) instead. To get a de-fragmented frame, use `newframe = frame.copy()`
  LC3B_ORDERNESS_states[cols]=ORDERNESS_S
/Volumes/Seagate Hub/LC3_conformations_scripts_data/data/dihedrals/raw_data/LC3B_II_ER_protein/SIM_3/chi1/orderness_indicator.py:92: PerformanceWarning: DataFrame is highly fragmented.  This is usually the result of calling `frame.insert` many times, which has poor performance.  Consider joining all columns at once using pd.concat(axis=1) instead. To get a de-fragmented frame, use `newframe = frame.copy()`
  LC3B_ORDERNESS_states[cols]=ORDERNESS_S
/Volumes/Seagate Hub/LC3_conformations_scripts_data/data/dihedrals/raw_data/LC3B_II_ER_protein/SIM_3/chi1/orderness_indicator.py:92: PerformanceWarning: DataFrame is highly fragmented.  This is usually the result of calling `frame.insert` many times, which has poor performance.  Consider joining all columns at once using pd.concat(axis=1) instead. To get a de-fragmented frame, use `newframe = frame.copy()`
  LC3B_ORDERNESS_states[cols]=ORDERNESS_S
/Volumes/Seagate Hub/LC3_conformations_scripts_data/data/dihedrals/raw_data/LC3B_II_ER_protein/SIM_3/chi1/orderness_indicator.py:92: PerformanceWarning: DataFrame is highly fragmented.  This is usually the result of calling `frame.insert` many times, which has poor performance.  Consider joining all columns at once using pd.concat(axis=1) instead. To get a de-fragmented frame, use `newframe = frame.copy()`
  LC3B_ORDERNESS_states[cols]=ORDERNESS_S
/Volumes/Seagate Hub/LC3_conformations_scripts_data/data/dihedrals/raw_data/LC3B_II_ER_protein/SIM_3/chi1/orderness_indicator.py:92: PerformanceWarning: DataFrame is highly fragmented.  This is usually the result of calling `frame.insert` many times, which has poor performance.  Consider joining all columns at once using pd.concat(axis=1) instead. To get a de-fragmented frame, use `newframe = frame.copy()`
  LC3B_ORDERNESS_states[cols]=ORDERNESS_S
/Volumes/Seagate Hub/LC3_conformations_scripts_data/data/dihedrals/raw_data/LC3B_II_ER_protein/SIM_3/chi1/orderness_indicator.py:92: PerformanceWarning: DataFrame is highly fragmented.  This is usually the result of calling `frame.insert` many times, which has poor performance.  Consider joining all columns at once using pd.concat(axis=1) instead. To get a de-fragmented frame, use `newframe = frame.copy()`
  LC3B_ORDERNESS_states[cols]=ORDERNESS_S
/Users/jesucastin/anaconda3/lib/python3.11/site-packages/pandas/core/arrays/masked.py:60: UserWarning: Pandas requires version '1.3.6' or newer of 'bottleneck' (version '1.3.5' currently installed).
  from pandas.core import (
/Users/jesucastin/anaconda3/lib/python3.11/site-packages/pandas/core/arrays/masked.py:60: UserWarning: Pandas requires version '1.3.6' or newer of 'bottleneck' (version '1.3.5' currently installed).
  from pandas.core import (
/Users/jesucastin/anaconda3/lib/python3.11/site-packages/pandas/core/arrays/masked.py:60: UserWarning: Pandas requires version '1.3.6' or newer of 'bottleneck' (version '1.3.5' currently installed).
  from pandas.core import (
/Users/jesucastin/anaconda3/lib/python3.11/site-packages/pandas/core/arrays/masked.py:60: UserWarning: Pandas requires version '1.3.6' or newer of 'bottleneck' (version '1.3.5' currently installed).
  from pandas.core import (
/Volumes/Seagate Hub/LC3_conformations_scripts_data/data/dihedrals/raw_data/LC3B_II_ER_protein/SIM_3/psi/orderness_indicator.py:29: PerformanceWarning: DataFrame is highly fragmented.  This is usually the result of calling `frame.insert` many times, which has poor performance.  Consider joining all columns at once using pd.concat(axis=1) instead. To get a de-fragmented frame, use `newframe = frame.copy()`
  LC3B_transition_states[cols]=transition_indicator_ls
/Volumes/Seagate Hub/LC3_conformations_scripts_data/data/dihedrals/raw_data/LC3B_II_ER_protein/SIM_3/psi/orderness_indicator.py:29: PerformanceWarning: DataFrame is highly fragmented.  This is usually the result of calling `frame.insert` many times, which has poor performance.  Consider joining all columns at once using pd.concat(axis=1) instead. To get a de-fragmented frame, use `newframe = frame.copy()`
  LC3B_transition_states[cols]=transition_indicator_ls
/Volumes/Seagate Hub/LC3_conformations_scripts_data/data/dihedrals/raw_data/LC3B_II_ER_protein/SIM_3/psi/orderness_indicator.py:29: PerformanceWarning: DataFrame is highly fragmented.  This is usually the result of calling `frame.insert` many times, which has poor performance.  Consider joining all columns at once using pd.concat(axis=1) instead. To get a de-fragmented frame, use `newframe = frame.copy()`
  LC3B_transition_states[cols]=transition_indicator_ls
/Volumes/Seagate Hub/LC3_conformations_scripts_data/data/dihedrals/raw_data/LC3B_II_ER_protein/SIM_3/psi/orderness_indicator.py:29: PerformanceWarning: DataFrame is highly fragmented.  This is usually the result of calling `frame.insert` many times, which has poor performance.  Consider joining all columns at once using pd.concat(axis=1) instead. To get a de-fragmented frame, use `newframe = frame.copy()`
  LC3B_transition_states[cols]=transition_indicator_ls
/Volumes/Seagate Hub/LC3_conformations_scripts_data/data/dihedrals/raw_data/LC3B_II_ER_protein/SIM_3/psi/orderness_indicator.py:29: PerformanceWarning: DataFrame is highly fragmented.  This is usually the result of calling `frame.insert` many times, which has poor performance.  Consider joining all columns at once using pd.concat(axis=1) instead. To get a de-fragmented frame, use `newframe = frame.copy()`
  LC3B_transition_states[cols]=transition_indicator_ls
/Volumes/Seagate Hub/LC3_conformations_scripts_data/data/dihedrals/raw_data/LC3B_II_ER_protein/SIM_3/psi/orderness_indicator.py:29: PerformanceWarning: DataFrame is highly fragmented.  This is usually the result of calling `frame.insert` many times, which has poor performance.  Consider joining all columns at once using pd.concat(axis=1) instead. To get a de-fragmented frame, use `newframe = frame.copy()`
  LC3B_transition_states[cols]=transition_indicator_ls
/Volumes/Seagate Hub/LC3_conformations_scripts_data/data/dihedrals/raw_data/LC3B_II_ER_protein/SIM_3/psi/orderness_indicator.py:29: PerformanceWarning: DataFrame is highly fragmented.  This is usually the result of calling `frame.insert` many times, which has poor performance.  Consider joining all columns at once using pd.concat(axis=1) instead. To get a de-fragmented frame, use `newframe = frame.copy()`
  LC3B_transition_states[cols]=transition_indicator_ls
/Volumes/Seagate Hub/LC3_conformations_scripts_data/data/dihedrals/raw_data/LC3B_II_ER_protein/SIM_3/psi/orderness_indicator.py:29: PerformanceWarning: DataFrame is highly fragmented.  This is usually the result of calling `frame.insert` many times, which has poor performance.  Consider joining all columns at once using pd.concat(axis=1) instead. To get a de-fragmented frame, use `newframe = frame.copy()`
  LC3B_transition_states[cols]=transition_indicator_ls
/Volumes/Seagate Hub/LC3_conformations_scripts_data/data/dihedrals/raw_data/LC3B_II_ER_protein/SIM_3/psi/orderness_indicator.py:29: PerformanceWarning: DataFrame is highly fragmented.  This is usually the result of calling `frame.insert` many times, which has poor performance.  Consider joining all columns at once using pd.concat(axis=1) instead. To get a de-fragmented frame, use `newframe = frame.copy()`
  LC3B_transition_states[cols]=transition_indicator_ls
/Volumes/Seagate Hub/LC3_conformations_scripts_data/data/dihedrals/raw_data/LC3B_II_ER_protein/SIM_3/psi/orderness_indicator.py:29: PerformanceWarning: DataFrame is highly fragmented.  This is usually the result of calling `frame.insert` many times, which has poor performance.  Consider joining all columns at once using pd.concat(axis=1) instead. To get a de-fragmented frame, use `newframe = frame.copy()`
  LC3B_transition_states[cols]=transition_indicator_ls
/Volumes/Seagate Hub/LC3_conformations_scripts_data/data/dihedrals/raw_data/LC3B_II_ER_protein/SIM_3/psi/orderness_indicator.py:29: PerformanceWarning: DataFrame is highly fragmented.  This is usually the result of calling `frame.insert` many times, which has poor performance.  Consider joining all columns at once using pd.concat(axis=1) instead. To get a de-fragmented frame, use `newframe = frame.copy()`
  LC3B_transition_states[cols]=transition_indicator_ls
/Volumes/Seagate Hub/LC3_conformations_scripts_data/data/dihedrals/raw_data/LC3B_II_ER_protein/SIM_3/psi/orderness_indicator.py:29: PerformanceWarning: DataFrame is highly fragmented.  This is usually the result of calling `frame.insert` many times, which has poor performance.  Consider joining all columns at once using pd.concat(axis=1) instead. To get a de-fragmented frame, use `newframe = frame.copy()`
  LC3B_transition_states[cols]=transition_indicator_ls
/Volumes/Seagate Hub/LC3_conformations_scripts_data/data/dihedrals/raw_data/LC3B_II_ER_protein/SIM_3/psi/orderness_indicator.py:29: PerformanceWarning: DataFrame is highly fragmented.  This is usually the result of calling `frame.insert` many times, which has poor performance.  Consider joining all columns at once using pd.concat(axis=1) instead. To get a de-fragmented frame, use `newframe = frame.copy()`
  LC3B_transition_states[cols]=transition_indicator_ls
/Volumes/Seagate Hub/LC3_conformations_scripts_data/data/dihedrals/raw_data/LC3B_II_ER_protein/SIM_3/psi/orderness_indicator.py:29: PerformanceWarning: DataFrame is highly fragmented.  This is usually the result of calling `frame.insert` many times, which has poor performance.  Consider joining all columns at once using pd.concat(axis=1) instead. To get a de-fragmented frame, use `newframe = frame.copy()`
  LC3B_transition_states[cols]=transition_indicator_ls
/Volumes/Seagate Hub/LC3_conformations_scripts_data/data/dihedrals/raw_data/LC3B_II_ER_protein/SIM_3/psi/orderness_indicator.py:29: PerformanceWarning: DataFrame is highly fragmented.  This is usually the result of calling `frame.insert` many times, which has poor performance.  Consider joining all columns at once using pd.concat(axis=1) instead. To get a de-fragmented frame, use `newframe = frame.copy()`
  LC3B_transition_states[cols]=transition_indicator_ls
/Volumes/Seagate Hub/LC3_conformations_scripts_data/data/dihedrals/raw_data/LC3B_II_ER_protein/SIM_3/psi/orderness_indicator.py:29: PerformanceWarning: DataFrame is highly fragmented.  This is usually the result of calling `frame.insert` many times, which has poor performance.  Consider joining all columns at once using pd.concat(axis=1) instead. To get a de-fragmented frame, use `newframe = frame.copy()`
  LC3B_transition_states[cols]=transition_indicator_ls
/Volumes/Seagate Hub/LC3_conformations_scripts_data/data/dihedrals/raw_data/LC3B_II_ER_protein/SIM_3/psi/orderness_indicator.py:29: PerformanceWarning: DataFrame is highly fragmented.  This is usually the result of calling `frame.insert` many times, which has poor performance.  Consider joining all columns at once using pd.concat(axis=1) instead. To get a de-fragmented frame, use `newframe = frame.copy()`
  LC3B_transition_states[cols]=transition_indicator_ls
/Volumes/Seagate Hub/LC3_conformations_scripts_data/data/dihedrals/raw_data/LC3B_II_ER_protein/SIM_3/psi/orderness_indicator.py:29: PerformanceWarning: DataFrame is highly fragmented.  This is usually the result of calling `frame.insert` many times, which has poor performance.  Consider joining all columns at once using pd.concat(axis=1) instead. To get a de-fragmented frame, use `newframe = frame.copy()`
  LC3B_transition_states[cols]=transition_indicator_ls
/Volumes/Seagate Hub/LC3_conformations_scripts_data/data/dihedrals/raw_data/LC3B_II_ER_protein/SIM_3/psi/orderness_indicator.py:29: PerformanceWarning: DataFrame is highly fragmented.  This is usually the result of calling `frame.insert` many times, which has poor performance.  Consider joining all columns at once using pd.concat(axis=1) instead. To get a de-fragmented frame, use `newframe = frame.copy()`
  LC3B_transition_states[cols]=transition_indicator_ls
/Volumes/Seagate Hub/LC3_conformations_scripts_data/data/dihedrals/raw_data/LC3B_II_ER_protein/SIM_3/psi/orderness_indicator.py:92: PerformanceWarning: DataFrame is highly fragmented.  This is usually the result of calling `frame.insert` many times, which has poor performance.  Consider joining all columns at once using pd.concat(axis=1) instead. To get a de-fragmented frame, use `newframe = frame.copy()`
  LC3B_ORDERNESS_states[cols]=ORDERNESS_S
/Volumes/Seagate Hub/LC3_conformations_scripts_data/data/dihedrals/raw_data/LC3B_II_ER_protein/SIM_3/psi/orderness_indicator.py:92: PerformanceWarning: DataFrame is highly fragmented.  This is usually the result of calling `frame.insert` many times, which has poor performance.  Consider joining all columns at once using pd.concat(axis=1) instead. To get a de-fragmented frame, use `newframe = frame.copy()`
  LC3B_ORDERNESS_states[cols]=ORDERNESS_S
/Volumes/Seagate Hub/LC3_conformations_scripts_data/data/dihedrals/raw_data/LC3B_II_ER_protein/SIM_3/psi/orderness_indicator.py:92: PerformanceWarning: DataFrame is highly fragmented.  This is usually the result of calling `frame.insert` many times, which has poor performance.  Consider joining all columns at once using pd.concat(axis=1) instead. To get a de-fragmented frame, use `newframe = frame.copy()`
  LC3B_ORDERNESS_states[cols]=ORDERNESS_S
/Volumes/Seagate Hub/LC3_conformations_scripts_data/data/dihedrals/raw_data/LC3B_II_ER_protein/SIM_3/psi/orderness_indicator.py:92: PerformanceWarning: DataFrame is highly fragmented.  This is usually the result of calling `frame.insert` many times, which has poor performance.  Consider joining all columns at once using pd.concat(axis=1) instead. To get a de-fragmented frame, use `newframe = frame.copy()`
  LC3B_ORDERNESS_states[cols]=ORDERNESS_S
/Volumes/Seagate Hub/LC3_conformations_scripts_data/data/dihedrals/raw_data/LC3B_II_ER_protein/SIM_3/psi/orderness_indicator.py:92: PerformanceWarning: DataFrame is highly fragmented.  This is usually the result of calling `frame.insert` many times, which has poor performance.  Consider joining all columns at once using pd.concat(axis=1) instead. To get a de-fragmented frame, use `newframe = frame.copy()`
  LC3B_ORDERNESS_states[cols]=ORDERNESS_S
/Volumes/Seagate Hub/LC3_conformations_scripts_data/data/dihedrals/raw_data/LC3B_II_ER_protein/SIM_3/psi/orderness_indicator.py:92: PerformanceWarning: DataFrame is highly fragmented.  This is usually the result of calling `frame.insert` many times, which has poor performance.  Consider joining all columns at once using pd.concat(axis=1) instead. To get a de-fragmented frame, use `newframe = frame.copy()`
  LC3B_ORDERNESS_states[cols]=ORDERNESS_S
/Volumes/Seagate Hub/LC3_conformations_scripts_data/data/dihedrals/raw_data/LC3B_II_ER_protein/SIM_3/psi/orderness_indicator.py:92: PerformanceWarning: DataFrame is highly fragmented.  This is usually the result of calling `frame.insert` many times, which has poor performance.  Consider joining all columns at once using pd.concat(axis=1) instead. To get a de-fragmented frame, use `newframe = frame.copy()`
  LC3B_ORDERNESS_states[cols]=ORDERNESS_S
/Volumes/Seagate Hub/LC3_conformations_scripts_data/data/dihedrals/raw_data/LC3B_II_ER_protein/SIM_3/psi/orderness_indicator.py:92: PerformanceWarning: DataFrame is highly fragmented.  This is usually the result of calling `frame.insert` many times, which has poor performance.  Consider joining all columns at once using pd.concat(axis=1) instead. To get a de-fragmented frame, use `newframe = frame.copy()`
  LC3B_ORDERNESS_states[cols]=ORDERNESS_S
/Volumes/Seagate Hub/LC3_conformations_scripts_data/data/dihedrals/raw_data/LC3B_II_ER_protein/SIM_3/psi/orderness_indicator.py:92: PerformanceWarning: DataFrame is highly fragmented.  This is usually the result of calling `frame.insert` many times, which has poor performance.  Consider joining all columns at once using pd.concat(axis=1) instead. To get a de-fragmented frame, use `newframe = frame.copy()`
  LC3B_ORDERNESS_states[cols]=ORDERNESS_S
/Volumes/Seagate Hub/LC3_conformations_scripts_data/data/dihedrals/raw_data/LC3B_II_ER_protein/SIM_3/psi/orderness_indicator.py:92: PerformanceWarning: DataFrame is highly fragmented.  This is usually the result of calling `frame.insert` many times, which has poor performance.  Consider joining all columns at once using pd.concat(axis=1) instead. To get a de-fragmented frame, use `newframe = frame.copy()`
  LC3B_ORDERNESS_states[cols]=ORDERNESS_S
/Volumes/Seagate Hub/LC3_conformations_scripts_data/data/dihedrals/raw_data/LC3B_II_ER_protein/SIM_3/psi/orderness_indicator.py:92: PerformanceWarning: DataFrame is highly fragmented.  This is usually the result of calling `frame.insert` many times, which has poor performance.  Consider joining all columns at once using pd.concat(axis=1) instead. To get a de-fragmented frame, use `newframe = frame.copy()`
  LC3B_ORDERNESS_states[cols]=ORDERNESS_S
/Volumes/Seagate Hub/LC3_conformations_scripts_data/data/dihedrals/raw_data/LC3B_II_ER_protein/SIM_3/psi/orderness_indicator.py:92: PerformanceWarning: DataFrame is highly fragmented.  This is usually the result of calling `frame.insert` many times, which has poor performance.  Consider joining all columns at once using pd.concat(axis=1) instead. To get a de-fragmented frame, use `newframe = frame.copy()`
  LC3B_ORDERNESS_states[cols]=ORDERNESS_S
/Volumes/Seagate Hub/LC3_conformations_scripts_data/data/dihedrals/raw_data/LC3B_II_ER_protein/SIM_3/psi/orderness_indicator.py:92: PerformanceWarning: DataFrame is highly fragmented.  This is usually the result of calling `frame.insert` many times, which has poor performance.  Consider joining all columns at once using pd.concat(axis=1) instead. To get a de-fragmented frame, use `newframe = frame.copy()`
  LC3B_ORDERNESS_states[cols]=ORDERNESS_S
/Volumes/Seagate Hub/LC3_conformations_scripts_data/data/dihedrals/raw_data/LC3B_II_ER_protein/SIM_3/psi/orderness_indicator.py:92: PerformanceWarning: DataFrame is highly fragmented.  This is usually the result of calling `frame.insert` many times, which has poor performance.  Consider joining all columns at once using pd.concat(axis=1) instead. To get a de-fragmented frame, use `newframe = frame.copy()`
  LC3B_ORDERNESS_states[cols]=ORDERNESS_S
/Volumes/Seagate Hub/LC3_conformations_scripts_data/data/dihedrals/raw_data/LC3B_II_ER_protein/SIM_3/psi/orderness_indicator.py:92: PerformanceWarning: DataFrame is highly fragmented.  This is usually the result of calling `frame.insert` many times, which has poor performance.  Consider joining all columns at once using pd.concat(axis=1) instead. To get a de-fragmented frame, use `newframe = frame.copy()`
  LC3B_ORDERNESS_states[cols]=ORDERNESS_S
/Volumes/Seagate Hub/LC3_conformations_scripts_data/data/dihedrals/raw_data/LC3B_II_ER_protein/SIM_3/psi/orderness_indicator.py:92: PerformanceWarning: DataFrame is highly fragmented.  This is usually the result of calling `frame.insert` many times, which has poor performance.  Consider joining all columns at once using pd.concat(axis=1) instead. To get a de-fragmented frame, use `newframe = frame.copy()`
  LC3B_ORDERNESS_states[cols]=ORDERNESS_S
/Volumes/Seagate Hub/LC3_conformations_scripts_data/data/dihedrals/raw_data/LC3B_II_ER_protein/SIM_3/psi/orderness_indicator.py:92: PerformanceWarning: DataFrame is highly fragmented.  This is usually the result of calling `frame.insert` many times, which has poor performance.  Consider joining all columns at once using pd.concat(axis=1) instead. To get a de-fragmented frame, use `newframe = frame.copy()`
  LC3B_ORDERNESS_states[cols]=ORDERNESS_S
/Volumes/Seagate Hub/LC3_conformations_scripts_data/data/dihedrals/raw_data/LC3B_II_ER_protein/SIM_3/psi/orderness_indicator.py:92: PerformanceWarning: DataFrame is highly fragmented.  This is usually the result of calling `frame.insert` many times, which has poor performance.  Consider joining all columns at once using pd.concat(axis=1) instead. To get a de-fragmented frame, use `newframe = frame.copy()`
  LC3B_ORDERNESS_states[cols]=ORDERNESS_S
/Volumes/Seagate Hub/LC3_conformations_scripts_data/data/dihedrals/raw_data/LC3B_II_ER_protein/SIM_3/psi/orderness_indicator.py:92: PerformanceWarning: DataFrame is highly fragmented.  This is usually the result of calling `frame.insert` many times, which has poor performance.  Consider joining all columns at once using pd.concat(axis=1) instead. To get a de-fragmented frame, use `newframe = frame.copy()`
  LC3B_ORDERNESS_states[cols]=ORDERNESS_S
/Users/jesucastin/anaconda3/lib/python3.11/site-packages/pandas/core/arrays/masked.py:60: UserWarning: Pandas requires version '1.3.6' or newer of 'bottleneck' (version '1.3.5' currently installed).
  from pandas.core import (
/Volumes/Seagate Hub/LC3_conformations_scripts_data/data/dihedrals/raw_data/LC3B_II_ER_protein/SIM_3/phi/orderness_indicator.py:29: PerformanceWarning: DataFrame is highly fragmented.  This is usually the result of calling `frame.insert` many times, which has poor performance.  Consider joining all columns at once using pd.concat(axis=1) instead. To get a de-fragmented frame, use `newframe = frame.copy()`
  LC3B_transition_states[cols]=transition_indicator_ls
/Volumes/Seagate Hub/LC3_conformations_scripts_data/data/dihedrals/raw_data/LC3B_II_ER_protein/SIM_3/phi/orderness_indicator.py:29: PerformanceWarning: DataFrame is highly fragmented.  This is usually the result of calling `frame.insert` many times, which has poor performance.  Consider joining all columns at once using pd.concat(axis=1) instead. To get a de-fragmented frame, use `newframe = frame.copy()`
  LC3B_transition_states[cols]=transition_indicator_ls
/Volumes/Seagate Hub/LC3_conformations_scripts_data/data/dihedrals/raw_data/LC3B_II_ER_protein/SIM_3/phi/orderness_indicator.py:29: PerformanceWarning: DataFrame is highly fragmented.  This is usually the result of calling `frame.insert` many times, which has poor performance.  Consider joining all columns at once using pd.concat(axis=1) instead. To get a de-fragmented frame, use `newframe = frame.copy()`
  LC3B_transition_states[cols]=transition_indicator_ls
/Volumes/Seagate Hub/LC3_conformations_scripts_data/data/dihedrals/raw_data/LC3B_II_ER_protein/SIM_3/phi/orderness_indicator.py:29: PerformanceWarning: DataFrame is highly fragmented.  This is usually the result of calling `frame.insert` many times, which has poor performance.  Consider joining all columns at once using pd.concat(axis=1) instead. To get a de-fragmented frame, use `newframe = frame.copy()`
  LC3B_transition_states[cols]=transition_indicator_ls
/Volumes/Seagate Hub/LC3_conformations_scripts_data/data/dihedrals/raw_data/LC3B_II_ER_protein/SIM_3/phi/orderness_indicator.py:29: PerformanceWarning: DataFrame is highly fragmented.  This is usually the result of calling `frame.insert` many times, which has poor performance.  Consider joining all columns at once using pd.concat(axis=1) instead. To get a de-fragmented frame, use `newframe = frame.copy()`
  LC3B_transition_states[cols]=transition_indicator_ls
/Volumes/Seagate Hub/LC3_conformations_scripts_data/data/dihedrals/raw_data/LC3B_II_ER_protein/SIM_3/phi/orderness_indicator.py:29: PerformanceWarning: DataFrame is highly fragmented.  This is usually the result of calling `frame.insert` many times, which has poor performance.  Consider joining all columns at once using pd.concat(axis=1) instead. To get a de-fragmented frame, use `newframe = frame.copy()`
  LC3B_transition_states[cols]=transition_indicator_ls
/Volumes/Seagate Hub/LC3_conformations_scripts_data/data/dihedrals/raw_data/LC3B_II_ER_protein/SIM_3/phi/orderness_indicator.py:29: PerformanceWarning: DataFrame is highly fragmented.  This is usually the result of calling `frame.insert` many times, which has poor performance.  Consider joining all columns at once using pd.concat(axis=1) instead. To get a de-fragmented frame, use `newframe = frame.copy()`
  LC3B_transition_states[cols]=transition_indicator_ls
/Volumes/Seagate Hub/LC3_conformations_scripts_data/data/dihedrals/raw_data/LC3B_II_ER_protein/SIM_3/phi/orderness_indicator.py:29: PerformanceWarning: DataFrame is highly fragmented.  This is usually the result of calling `frame.insert` many times, which has poor performance.  Consider joining all columns at once using pd.concat(axis=1) instead. To get a de-fragmented frame, use `newframe = frame.copy()`
  LC3B_transition_states[cols]=transition_indicator_ls
/Volumes/Seagate Hub/LC3_conformations_scripts_data/data/dihedrals/raw_data/LC3B_II_ER_protein/SIM_3/phi/orderness_indicator.py:29: PerformanceWarning: DataFrame is highly fragmented.  This is usually the result of calling `frame.insert` many times, which has poor performance.  Consider joining all columns at once using pd.concat(axis=1) instead. To get a de-fragmented frame, use `newframe = frame.copy()`
  LC3B_transition_states[cols]=transition_indicator_ls
/Volumes/Seagate Hub/LC3_conformations_scripts_data/data/dihedrals/raw_data/LC3B_II_ER_protein/SIM_3/phi/orderness_indicator.py:29: PerformanceWarning: DataFrame is highly fragmented.  This is usually the result of calling `frame.insert` many times, which has poor performance.  Consider joining all columns at once using pd.concat(axis=1) instead. To get a de-fragmented frame, use `newframe = frame.copy()`
  LC3B_transition_states[cols]=transition_indicator_ls
/Volumes/Seagate Hub/LC3_conformations_scripts_data/data/dihedrals/raw_data/LC3B_II_ER_protein/SIM_3/phi/orderness_indicator.py:29: PerformanceWarning: DataFrame is highly fragmented.  This is usually the result of calling `frame.insert` many times, which has poor performance.  Consider joining all columns at once using pd.concat(axis=1) instead. To get a de-fragmented frame, use `newframe = frame.copy()`
  LC3B_transition_states[cols]=transition_indicator_ls
/Volumes/Seagate Hub/LC3_conformations_scripts_data/data/dihedrals/raw_data/LC3B_II_ER_protein/SIM_3/phi/orderness_indicator.py:29: PerformanceWarning: DataFrame is highly fragmented.  This is usually the result of calling `frame.insert` many times, which has poor performance.  Consider joining all columns at once using pd.concat(axis=1) instead. To get a de-fragmented frame, use `newframe = frame.copy()`
  LC3B_transition_states[cols]=transition_indicator_ls
/Volumes/Seagate Hub/LC3_conformations_scripts_data/data/dihedrals/raw_data/LC3B_II_ER_protein/SIM_3/phi/orderness_indicator.py:29: PerformanceWarning: DataFrame is highly fragmented.  This is usually the result of calling `frame.insert` many times, which has poor performance.  Consider joining all columns at once using pd.concat(axis=1) instead. To get a de-fragmented frame, use `newframe = frame.copy()`
  LC3B_transition_states[cols]=transition_indicator_ls
/Volumes/Seagate Hub/LC3_conformations_scripts_data/data/dihedrals/raw_data/LC3B_II_ER_protein/SIM_3/phi/orderness_indicator.py:29: PerformanceWarning: DataFrame is highly fragmented.  This is usually the result of calling `frame.insert` many times, which has poor performance.  Consider joining all columns at once using pd.concat(axis=1) instead. To get a de-fragmented frame, use `newframe = frame.copy()`
  LC3B_transition_states[cols]=transition_indicator_ls
/Volumes/Seagate Hub/LC3_conformations_scripts_data/data/dihedrals/raw_data/LC3B_II_ER_protein/SIM_3/phi/orderness_indicator.py:29: PerformanceWarning: DataFrame is highly fragmented.  This is usually the result of calling `frame.insert` many times, which has poor performance.  Consider joining all columns at once using pd.concat(axis=1) instead. To get a de-fragmented frame, use `newframe = frame.copy()`
  LC3B_transition_states[cols]=transition_indicator_ls
/Volumes/Seagate Hub/LC3_conformations_scripts_data/data/dihedrals/raw_data/LC3B_II_ER_protein/SIM_3/phi/orderness_indicator.py:29: PerformanceWarning: DataFrame is highly fragmented.  This is usually the result of calling `frame.insert` many times, which has poor performance.  Consider joining all columns at once using pd.concat(axis=1) instead. To get a de-fragmented frame, use `newframe = frame.copy()`
  LC3B_transition_states[cols]=transition_indicator_ls
/Volumes/Seagate Hub/LC3_conformations_scripts_data/data/dihedrals/raw_data/LC3B_II_ER_protein/SIM_3/phi/orderness_indicator.py:29: PerformanceWarning: DataFrame is highly fragmented.  This is usually the result of calling `frame.insert` many times, which has poor performance.  Consider joining all columns at once using pd.concat(axis=1) instead. To get a de-fragmented frame, use `newframe = frame.copy()`
  LC3B_transition_states[cols]=transition_indicator_ls
/Volumes/Seagate Hub/LC3_conformations_scripts_data/data/dihedrals/raw_data/LC3B_II_ER_protein/SIM_3/phi/orderness_indicator.py:29: PerformanceWarning: DataFrame is highly fragmented.  This is usually the result of calling `frame.insert` many times, which has poor performance.  Consider joining all columns at once using pd.concat(axis=1) instead. To get a de-fragmented frame, use `newframe = frame.copy()`
  LC3B_transition_states[cols]=transition_indicator_ls
/Volumes/Seagate Hub/LC3_conformations_scripts_data/data/dihedrals/raw_data/LC3B_II_ER_protein/SIM_3/phi/orderness_indicator.py:29: PerformanceWarning: DataFrame is highly fragmented.  This is usually the result of calling `frame.insert` many times, which has poor performance.  Consider joining all columns at once using pd.concat(axis=1) instead. To get a de-fragmented frame, use `newframe = frame.copy()`
  LC3B_transition_states[cols]=transition_indicator_ls
/Volumes/Seagate Hub/LC3_conformations_scripts_data/data/dihedrals/raw_data/LC3B_II_ER_protein/SIM_3/phi/orderness_indicator.py:92: PerformanceWarning: DataFrame is highly fragmented.  This is usually the result of calling `frame.insert` many times, which has poor performance.  Consider joining all columns at once using pd.concat(axis=1) instead. To get a de-fragmented frame, use `newframe = frame.copy()`
  LC3B_ORDERNESS_states[cols]=ORDERNESS_S
/Volumes/Seagate Hub/LC3_conformations_scripts_data/data/dihedrals/raw_data/LC3B_II_ER_protein/SIM_3/phi/orderness_indicator.py:92: PerformanceWarning: DataFrame is highly fragmented.  This is usually the result of calling `frame.insert` many times, which has poor performance.  Consider joining all columns at once using pd.concat(axis=1) instead. To get a de-fragmented frame, use `newframe = frame.copy()`
  LC3B_ORDERNESS_states[cols]=ORDERNESS_S
/Volumes/Seagate Hub/LC3_conformations_scripts_data/data/dihedrals/raw_data/LC3B_II_ER_protein/SIM_3/phi/orderness_indicator.py:92: PerformanceWarning: DataFrame is highly fragmented.  This is usually the result of calling `frame.insert` many times, which has poor performance.  Consider joining all columns at once using pd.concat(axis=1) instead. To get a de-fragmented frame, use `newframe = frame.copy()`
  LC3B_ORDERNESS_states[cols]=ORDERNESS_S
/Volumes/Seagate Hub/LC3_conformations_scripts_data/data/dihedrals/raw_data/LC3B_II_ER_protein/SIM_3/phi/orderness_indicator.py:92: PerformanceWarning: DataFrame is highly fragmented.  This is usually the result of calling `frame.insert` many times, which has poor performance.  Consider joining all columns at once using pd.concat(axis=1) instead. To get a de-fragmented frame, use `newframe = frame.copy()`
  LC3B_ORDERNESS_states[cols]=ORDERNESS_S
/Volumes/Seagate Hub/LC3_conformations_scripts_data/data/dihedrals/raw_data/LC3B_II_ER_protein/SIM_3/phi/orderness_indicator.py:92: PerformanceWarning: DataFrame is highly fragmented.  This is usually the result of calling `frame.insert` many times, which has poor performance.  Consider joining all columns at once using pd.concat(axis=1) instead. To get a de-fragmented frame, use `newframe = frame.copy()`
  LC3B_ORDERNESS_states[cols]=ORDERNESS_S
/Volumes/Seagate Hub/LC3_conformations_scripts_data/data/dihedrals/raw_data/LC3B_II_ER_protein/SIM_3/phi/orderness_indicator.py:92: PerformanceWarning: DataFrame is highly fragmented.  This is usually the result of calling `frame.insert` many times, which has poor performance.  Consider joining all columns at once using pd.concat(axis=1) instead. To get a de-fragmented frame, use `newframe = frame.copy()`
  LC3B_ORDERNESS_states[cols]=ORDERNESS_S
/Volumes/Seagate Hub/LC3_conformations_scripts_data/data/dihedrals/raw_data/LC3B_II_ER_protein/SIM_3/phi/orderness_indicator.py:92: PerformanceWarning: DataFrame is highly fragmented.  This is usually the result of calling `frame.insert` many times, which has poor performance.  Consider joining all columns at once using pd.concat(axis=1) instead. To get a de-fragmented frame, use `newframe = frame.copy()`
  LC3B_ORDERNESS_states[cols]=ORDERNESS_S
/Volumes/Seagate Hub/LC3_conformations_scripts_data/data/dihedrals/raw_data/LC3B_II_ER_protein/SIM_3/phi/orderness_indicator.py:92: PerformanceWarning: DataFrame is highly fragmented.  This is usually the result of calling `frame.insert` many times, which has poor performance.  Consider joining all columns at once using pd.concat(axis=1) instead. To get a de-fragmented frame, use `newframe = frame.copy()`
  LC3B_ORDERNESS_states[cols]=ORDERNESS_S
/Volumes/Seagate Hub/LC3_conformations_scripts_data/data/dihedrals/raw_data/LC3B_II_ER_protein/SIM_3/phi/orderness_indicator.py:92: PerformanceWarning: DataFrame is highly fragmented.  This is usually the result of calling `frame.insert` many times, which has poor performance.  Consider joining all columns at once using pd.concat(axis=1) instead. To get a de-fragmented frame, use `newframe = frame.copy()`
  LC3B_ORDERNESS_states[cols]=ORDERNESS_S
/Volumes/Seagate Hub/LC3_conformations_scripts_data/data/dihedrals/raw_data/LC3B_II_ER_protein/SIM_3/phi/orderness_indicator.py:92: PerformanceWarning: DataFrame is highly fragmented.  This is usually the result of calling `frame.insert` many times, which has poor performance.  Consider joining all columns at once using pd.concat(axis=1) instead. To get a de-fragmented frame, use `newframe = frame.copy()`
  LC3B_ORDERNESS_states[cols]=ORDERNESS_S
/Volumes/Seagate Hub/LC3_conformations_scripts_data/data/dihedrals/raw_data/LC3B_II_ER_protein/SIM_3/phi/orderness_indicator.py:92: PerformanceWarning: DataFrame is highly fragmented.  This is usually the result of calling `frame.insert` many times, which has poor performance.  Consider joining all columns at once using pd.concat(axis=1) instead. To get a de-fragmented frame, use `newframe = frame.copy()`
  LC3B_ORDERNESS_states[cols]=ORDERNESS_S
/Volumes/Seagate Hub/LC3_conformations_scripts_data/data/dihedrals/raw_data/LC3B_II_ER_protein/SIM_3/phi/orderness_indicator.py:92: PerformanceWarning: DataFrame is highly fragmented.  This is usually the result of calling `frame.insert` many times, which has poor performance.  Consider joining all columns at once using pd.concat(axis=1) instead. To get a de-fragmented frame, use `newframe = frame.copy()`
  LC3B_ORDERNESS_states[cols]=ORDERNESS_S
/Volumes/Seagate Hub/LC3_conformations_scripts_data/data/dihedrals/raw_data/LC3B_II_ER_protein/SIM_3/phi/orderness_indicator.py:92: PerformanceWarning: DataFrame is highly fragmented.  This is usually the result of calling `frame.insert` many times, which has poor performance.  Consider joining all columns at once using pd.concat(axis=1) instead. To get a de-fragmented frame, use `newframe = frame.copy()`
  LC3B_ORDERNESS_states[cols]=ORDERNESS_S
/Volumes/Seagate Hub/LC3_conformations_scripts_data/data/dihedrals/raw_data/LC3B_II_ER_protein/SIM_3/phi/orderness_indicator.py:92: PerformanceWarning: DataFrame is highly fragmented.  This is usually the result of calling `frame.insert` many times, which has poor performance.  Consider joining all columns at once using pd.concat(axis=1) instead. To get a de-fragmented frame, use `newframe = frame.copy()`
  LC3B_ORDERNESS_states[cols]=ORDERNESS_S
/Volumes/Seagate Hub/LC3_conformations_scripts_data/data/dihedrals/raw_data/LC3B_II_ER_protein/SIM_3/phi/orderness_indicator.py:92: PerformanceWarning: DataFrame is highly fragmented.  This is usually the result of calling `frame.insert` many times, which has poor performance.  Consider joining all columns at once using pd.concat(axis=1) instead. To get a de-fragmented frame, use `newframe = frame.copy()`
  LC3B_ORDERNESS_states[cols]=ORDERNESS_S
/Volumes/Seagate Hub/LC3_conformations_scripts_data/data/dihedrals/raw_data/LC3B_II_ER_protein/SIM_3/phi/orderness_indicator.py:92: PerformanceWarning: DataFrame is highly fragmented.  This is usually the result of calling `frame.insert` many times, which has poor performance.  Consider joining all columns at once using pd.concat(axis=1) instead. To get a de-fragmented frame, use `newframe = frame.copy()`
  LC3B_ORDERNESS_states[cols]=ORDERNESS_S
/Volumes/Seagate Hub/LC3_conformations_scripts_data/data/dihedrals/raw_data/LC3B_II_ER_protein/SIM_3/phi/orderness_indicator.py:92: PerformanceWarning: DataFrame is highly fragmented.  This is usually the result of calling `frame.insert` many times, which has poor performance.  Consider joining all columns at once using pd.concat(axis=1) instead. To get a de-fragmented frame, use `newframe = frame.copy()`
  LC3B_ORDERNESS_states[cols]=ORDERNESS_S
/Volumes/Seagate Hub/LC3_conformations_scripts_data/data/dihedrals/raw_data/LC3B_II_ER_protein/SIM_3/phi/orderness_indicator.py:92: PerformanceWarning: DataFrame is highly fragmented.  This is usually the result of calling `frame.insert` many times, which has poor performance.  Consider joining all columns at once using pd.concat(axis=1) instead. To get a de-fragmented frame, use `newframe = frame.copy()`
  LC3B_ORDERNESS_states[cols]=ORDERNESS_S
/Volumes/Seagate Hub/LC3_conformations_scripts_data/data/dihedrals/raw_data/LC3B_II_ER_protein/SIM_3/phi/orderness_indicator.py:92: PerformanceWarning: DataFrame is highly fragmented.  This is usually the result of calling `frame.insert` many times, which has poor performance.  Consider joining all columns at once using pd.concat(axis=1) instead. To get a de-fragmented frame, use `newframe = frame.copy()`
  LC3B_ORDERNESS_states[cols]=ORDERNESS_S
I am done with LC3B_II_ER_protein
