,0,1,2,3,4,5,6,7,8,9,10,11,12,13,14,15,16,17,18,19,20,21,22,23,24,25,26,27,28,29,30,31,32,33,34,35,36,37,38,39,40,41,42,43,44,45,46,47,48,49,50,51,52,53,54,55,56,57,58,59,60,61,62,63,64,65,66,67,68,69,70,71,72,73,74,75,76,77,78,79,80,81,82,83,84,85,86,87,88,89,90,91,92,93,94,95,96,97,98,99,100,101,102,103,104,105,106,107,108,109,110,111,112,113,114,115,116,117,118,119,120,121,122,123,124,125
0,0.0,0.0005322533888697436,0.0009966184954844966,0.000537413864918933,0.0019050586296611976,0.00014499993534485348,0.0,0.0008844914571301808,0.000524224392897378,0.00036254130255656625,0.0001581179834020315,0.0002442645332470534,0.0,0.0001581179834020315,0.0001627323151293877,0.0,0.0,0.0,0.0,0.0,0.0003185629380729996,0.0001615287323175012,0.0001615287323175012,4.8908969667292926e-05,0.0006819650124071198,0.0002235649892193463,0.0,0.0007697119678932302,8.264500687008665e-05,9.411455628630648e-05,0.0,0.0,4.339986186932017e-05,0.0,0.0,0.00021976328233287625,1.3382818260490982e-05,0.0007919905531286605,0.00022553236841986717,0.0015692810393737999,0.0001714221898373113,1.5040762345160867e-06,0.00032105660009086514,7.352817809528131e-05,3.67456592281234e-05,8.350250742725001e-05,2.4223906921426496e-05,2.7820157622350733e-05,0.0008418831146497999,0.00014531131082858614,0.0,0.00013567906111817355,0.0,0.0001615287323175012,0.0010190265234257625,0.00013926963589272132,0.0006343692853926818,0.0,9.775945589618929e-06,0.0,3.671367526649063e-05,0.0005663964407304774,0.0001615287323175012,0.0,0.0,0.0,0.0,0.0,7.352817809528131e-05,1.0187145765213145e-09,5.3827832775232886e-05,0.00013147892791917206,1.9788652040898347e-05,0.0010377309639853557,0.00014142488385330805,0.0001252366152375544,0.0006492517420192568,2.1958181800880647e-05,5.421963702868641e-05,0.00021978887795819774,0.0,0.00010407189757587296,0.0,0.00015114812269607502,4.9595796331158935e-05,0.00012913336451997283,9.197337096712792e-05,4.254727122574259e-05,8.627511442288504e-05,5.3670967381627514e-05,0.0001234534502537086,0.000228674620207368,0.0002462864681143423,9.411455628630648e-05,0.0,0.0,8.663902499343557e-07,5.589492247720162e-06,0.0,3.9067005501151994e-05,1.8344260339027502e-05,0.00013638296212486632,2.1411949723846376e-05,0.0006819650124071198,0.0002633576226885233,1.7356895695828069e-06,6.3133685671152824e-06,0.0008292441388957177,0.0,0.0,0.006628080849258356,0.00023576257499678156,0.00012288628386955503,0.00039619403179627123,0.0002766933847380675,0.00039960001233994066,0.0009522868081193701,0.0007580982768540011,0.009614981010754892,0.001907927405703452,0.0034522885450164083,0.0006906228710967417,0.00043587119029702076,1.697469902628792e-05,3.4312680300781955e-06,0.0005561921544961004
1,0.0005322533888697436,0.0,5.959666755229185e-05,0.0001623223699501479,0.00039587538361092597,0.0005179358599539767,0.0,0.0001503240819711847,0.0005949236217340642,0.00010042909691513995,0.0001237954870447993,0.0003933270847258233,0.0,0.0001237954870447993,0.001147590588268421,0.0,0.0,0.0,0.0,0.0,0.00087875182036652,2.4741971004368303e-05,2.4741971004368303e-05,9.657204282892916e-05,0.00024780549960452944,0.0008942639384323949,0.0,1.6707908066113325e-06,0.00042894059157415386,0.00046179734026212957,0.0,0.0,0.0006562641486052615,0.0,0.0,1.199022115297595e-05,2.7290574928997982e-05,5.283757284550272e-05,0.00011504187952213044,0.000634710985644913,7.670080689778857e-05,0.00031663387884324577,1.2685433998197424e-05,4.7631554204966524e-05,0.0001523480642434045,2.3111501049391135e-05,0.00031541451299229835,0.0001397240656564314,0.0005830192259204626,1.1847989392599475e-05,0.0,0.00027912473034804263,0.0,2.4741971004368303e-05,3.252598451995801e-05,2.171788283474171e-06,1.4622652121851199e-06,0.0,0.00023653184977926605,0.0,9.901925137082878e-05,3.0588241945118724e-05,2.4741971004368303e-05,0.0,0.0,0.0,0.0,0.0,0.00019817570391673407,9.080300986976758e-07,2.0027720791585533e-06,0.0001237954870447993,0.0004202358081406433,0.0006324847546955821,0.0006848814508696394,0.00024045084646397456,6.223357187451489e-06,5.283757284550272e-05,4.3100748711085986e-06,0.00010704950053365143,0.0,2.6091543308335527e-05,0.0,0.0003069573675046986,0.00017198509883937282,7.462674634504704e-06,0.00028900557606171705,1.4570742859376542e-08,0.001696526623618925,0.0011689815468301536,0.0017489089822349101,0.00012145541111752665,6.468791687784414e-07,6.017577275428841e-07,0.0,0.0,0.0001441562768495614,7.425159076270752e-05,0.0,0.00010704950053365143,0.00044174638131939703,4.481283678609113e-05,0.0013652749349779855,1.8211067582288133e-05,1.8211067582288133e-05,0.00024780549960452944,3.149371537760205e-05,0.00011386822191474942,0.0,0.0,1.101493176770081e-05,0.00014377573528921305,2.1806169198136324e-05,5.925604464034561e-05,0.0003160752702040196,6.531078434596866e-05,4.7015571440729665e-05,0.0019861634441375887,3.942833149556124e-05,0.0002678296314072709,0.00011960362976587771,0.00045050996735363207,0.0006723222057760181,0.000748118715279608,7.819211036103253e-05,0.0004558995509948505
2,0.0009966184954844966,5.959666755229185e-05,0.0,0.00037279358541027425,0.002869894449657232,0.005161090485139051,0.0,4.3609194223869445e-06,0.0001861874327327383,0.00010807968930622112,4.381102624400349e-05,5.104353832509432e-06,0.0,0.00021217455446545682,0.0001272594775481658,0.0,0.0,0.0,0.0,0.0,4.2404755117797835e-05,4.2404755117797835e-05,4.2404755117797835e-05,0.0007427848407456568,0.0004247268626912354,0.00016853728682912975,0.0,0.002148103563697582,2.2421119087804296e-06,1.977179283156746e-06,0.0,0.0,2.889920075042603e-05,0.0,0.0,0.00010142062094505412,9.148137935478156e-05,4.2483943563015135e-05,0.005059982211060911,8.749087660751831e-05,0.00022693682280880054,1.071666702265263e-05,0.0002029426225400718,3.724531849564271e-07,0.0008724369700600235,0.0002642415395236516,0.00010108079652031208,0.0004994286080467693,0.0011802825841196454,7.551605757589606e-05,0.0,5.41812124159243e-06,0.0,4.2404755117797835e-05,0.0001943985838042812,6.120203880138149e-05,2.8103712282313885e-05,0.0,0.00019931394627262266,0.0,8.56117812927763e-05,0.0003821861160812414,4.2404755117797835e-05,0.0,0.0,0.0,0.0,0.0,0.0003396605227542238,0.000552440130453607,0.0006256177440535715,4.381102624400349e-05,1.5564810994470068e-07,1.3688897069232789e-05,0.00017737848679401586,0.00016587640244843885,4.364396681212071e-05,4.238005779872521e-06,6.951281687251845e-05,0.00028538231014269564,0.0,1.279147764431003e-05,0.0,0.000142693995098635,0.0002840322781401494,0.0005752879698615,8.779355153557894e-05,0.00010580079157878697,0.011819128131770693,2.9221236501752925e-05,0.0004951476055822506,1.6390688906858558e-06,0.0009341034245580002,3.9593171780911095e-05,0.0,0.0,0.00021217455446545682,0.0001272594775481658,0.0,4.364396681212071e-05,8.482457739208858e-05,0.000136544580002884,2.637939117727388e-05,0.0004247268626912354,8.779355153557894e-05,0.0004247268626912354,0.001015684965514239,0.0011880892495895624,0.0,0.0,0.0017233694374244111,0.000505464156255636,8.019930657331793e-05,2.3496874882231243e-05,0.0002582742891339305,0.00019420989431326958,0.008269927323090592,0.0002708777644220121,0.003805287544547521,6.300066279012759e-05,0.00013538004469221265,0.00032690565294373223,2.2877372913264753e-06,6.250440466054109e-06,0.00020578368468391608,0.00024626625152012567
3,0.000537413864918933,0.0001623223699501479,0.00037279358541027425,0.0,0.0015604142431604358,0.0031235726741090444,0.0,0.00020184574172568687,2.5816189005985137e-05,0.0001596831270861336,0.00013820338325402017,0.0005448673585946601,0.0,0.00013820338325402017,0.00026258625185228044,0.0,0.0,0.0,0.0,0.0,0.0008434338899473425,2.762147303188863e-05,2.762147303188863e-05,7.143026131150524e-05,8.846081281125618e-06,0.0004934365895428148,0.0,1.0764244330731775e-05,0.0006089375763703724,0.00040315387209450973,0.0,0.0,2.9544471932857784e-06,0.0,0.0,0.00020051769564126106,8.622821249137827e-07,2.78454297170472e-06,3.8874644085836905e-06,9.100528449130108e-06,0.00014450435565995802,0.0003770529278827122,8.625901314373891e-07,3.2491959226783234e-05,4.988103930003555e-05,7.180493883876364e-05,3.549333871105578e-05,0.00045475670714153387,0.000153960502927028,0.0001924364077608824,0.0,0.0002354515504953494,0.0,2.762147303188863e-05,2.10989507872448e-06,0.00011431095095090966,1.1559574096290434e-05,0.0,5.4451773964356645e-05,0.0,0.00011054348962544093,0.00024893924345850807,2.762147303188863e-05,0.0,0.0,0.0,0.0,0.0,0.00035463414835911145,0.0003598294831431827,0.0002628766897390792,0.0006498177941806314,2.1861821549678357e-06,0.00047628687582337414,0.002012102061422845,0.00020700999875898542,0.0002212805311028606,8.110959083921859e-05,0.0006934308011317717,4.2975589689927315e-05,0.0,1.7755925159228003e-05,0.0,2.634877280671173e-05,0.0008767168427795593,0.00021563966737899712,8.846081281125618e-06,1.979958650654345e-06,2.786538948546934e-06,0.0003290879089900118,0.00033457814005120575,1.5349596464076431e-06,0.00023353979434865624,0.00016310402539378892,0.0,0.0,0.00013820338325402017,8.289321116869861e-05,0.0,0.00026097946562353533,5.525254119727031e-05,0.00022194064871351163,3.11599242741557e-05,8.846081281125618e-06,0.00027664731348663296,8.846081281125618e-06,1.1028321669299761e-05,0.0017393880055767896,0.0,0.0,3.772991138269036e-05,0.0001365713934085753,1.5225224378439118e-05,0.00015702326670016462,5.532003303786105e-06,3.3825279901721615e-06,0.0010867717559908943,9.824378284689671e-05,0.0009541089084642721,0.0009937520449783315,0.0007630099286664634,0.0004295826989782186,4.52729977057886e-05,8.050227133787609e-05,0.0007782822110094993,0.00013482658130696892
4,0.0019050586296611976,0.00039587538361092597,0.002869894449657232,0.0015604142431604358,0.0,0.011622319147242191,0.0,4.5256523596773986e-05,0.0002494361957756713,0.0031563502396793064,3.3595006041557844e-08,3.3408078175559304e-05,0.0,0.00017992733455514777,5.0874124610525635e-05,0.0,0.0,0.0,0.0,0.0,7.326873807144981e-05,7.326873807144981e-05,7.326873807144981e-05,0.00016225388294783432,6.730261894474428e-08,0.0012228755208542029,0.0,0.0007284879267488668,0.0006124826111507812,2.0898516222671477e-05,0.0,0.0,3.469307888961893e-05,0.0,0.0,6.289472905229225e-06,1.4908340719489732e-06,0.00012082894620518524,0.001139884112954813,0.0002706565706937789,0.00021317607222673353,0.0004253540560359209,2.6711981603650802e-05,0.0005869156080652018,0.0015710406066981111,0.00015007165590935276,0.00048028071882363086,1.2012453716847018e-05,0.0013901380793820816,0.00029705030459417246,0.0,0.0023494667837845136,0.0,0.000540409522148575,4.498375118309225e-05,5.5531750007338726e-05,6.636483816039446e-07,0.0,0.0007484046594463472,0.0,1.0933622575056245e-05,0.00015297275470584396,0.000540409522148575,0.0,0.0,0.0,0.0,0.0,4.937084924221298e-05,1.4622829206439403e-05,0.000697692248717156,0.0006479175511190025,7.632908910772313e-05,0.00014969717867159907,1.4761902184980277e-06,0.00012030242756339493,0.00021242719433239897,1.3942143759509745e-05,0.00035143031492773993,1.106348922742627e-06,0.0,5.096067004490304e-05,0.0,0.0005017459375116568,7.323464623735262e-06,0.00027105264335913466,0.0007339185911332972,0.0008522477249985694,0.010621256648847853,0.0005785242061970919,0.0019964915574313723,0.0005631688342920575,0.00019018334334767518,0.000593912944662176,0.0,0.0,0.00036661695100743117,0.00021988815149044617,0.0,4.0866699316105645e-05,0.00015193085016851202,1.251254672796488e-06,1.0808734687040597e-05,9.952678723958798e-05,9.952678723958798e-05,6.730261894474428e-08,0.00017561085869126141,0.0025568818738962266,0.0,0.0,0.003483857441159465,2.373858069932693e-06,0.0004599925836479067,1.726691917994217e-05,0.0007558353169346901,0.000894745991637501,0.0024336491878450134,8.635264023380525e-05,0.0034340025099553473,0.0030807934441777225,0.010524187596743343,0.00278608931464182,0.0003213230158264878,0.0004752816976571169,0.0015318219643126194,5.882174657104123e-07
5,0.00014499993534485348,0.0005179358599539767,0.005161090485139051,0.0031235726741090444,0.011622319147242191,0.0,0.0,0.0004545809399620007,0.002638107101493329,0.0026451990354206794,8.291890007177134e-06,0.0003885856902401223,0.0,0.0002948764343589361,8.783445233632019e-05,0.0,0.0,0.0,0.0,0.0,5.893229636545578e-05,5.893229636545578e-05,5.893229636545578e-05,4.659466917464469e-05,5.3686759309200856e-05,0.0015604605033278495,0.0,0.0009816046856852478,0.0007526052831139402,0.0005228635640678288,0.0,0.0,3.6642174261902765e-06,0.0,0.0,1.1705782334607562e-05,5.1666302948452474e-05,0.0005353216563675565,0.011436592364078187,0.00033234077788801223,9.433316525858529e-05,2.599552659416515e-07,0.0011670830890056962,1.4532280988049942e-05,0.0002649929075681746,0.00011733761690502589,0.00022760725864497686,7.005569500724714e-05,0.0027495137498245188,0.0005342066527070392,0.0,0.0013992587829600826,0.0,5.893229636545578e-05,0.0010859405075736212,0.0008232047985808821,0.00030937070191229977,0.0,0.000824372609049956,0.0,0.0004068406308729515,3.1769955719676346e-05,5.893229636545578e-05,0.0,0.0,0.0,0.0,0.0,0.00035067448256637617,0.0010654263244747337,0.0011745694170689656,8.291890007177134e-06,0.00019870858816051738,0.0004691782847721076,0.0002632318680819692,0.0002094625812237693,0.000289988565156628,0.0005353216563675565,0.0014797876109169212,0.0010768530100593518,0.0,3.731208973555713e-06,0.0,0.0010640805720003824,0.00014107305519051646,0.0007034641479024651,1.6613133195765166e-05,9.889871065525886e-05,0.007109771160345746,0.0014365533792074286,0.004476854714872681,0.00025168660560806726,0.0015345300711312997,0.0007104627934173828,0.0,0.0,0.0002948764343589361,8.783445233632019e-05,0.0,8.160543894464951e-05,0.00011788607227112992,0.0007770264097224106,1.5221956645907451e-05,1.6613133195765166e-05,5.3686759309200856e-05,5.3686759309200856e-05,0.00029411203274987835,0.006546228913115022,0.0,0.0,0.005874463021174186,4.80325682840479e-05,0.0004562099989274663,0.00040338148219737184,0.000254392310039233,4.394064810067048e-05,0.00011662541737648101,0.00017209758200322292,0.0022475012981964717,0.0014948134912412502,0.004946989930968225,0.00549638375530475,0.002240058383866949,7.316754527319483e-05,0.0012642419805082676,0.000182693838298728
6,0.0,0.0,0.0,0.0,0.0,0.0,0.0,0.0,0.0,0.0,0.0,0.0,0.0,0.0,0.0,0.0,0.0,0.0,0.0,0.0,0.0,0.0,0.0,0.0,0.0,0.0,0.0,0.0,0.0,0.0,0.0,0.0,0.0,0.0,0.0,0.0,0.0,0.0,0.0,0.0,0.0,0.0,0.0,0.0,0.0,0.0,0.0,0.0,0.0,0.0,0.0,0.0,0.0,0.0,0.0,0.0,0.0,0.0,0.0,0.0,0.0,0.0,0.0,0.0,0.0,0.0,0.0,0.0,0.0,0.0,0.0,0.0,0.0,0.0,0.0,0.0,0.0,0.0,0.0,0.0,0.0,0.0,0.0,0.0,0.0,0.0,0.0,0.0,0.0,0.0,0.0,0.0,0.0,0.0,0.0,0.0,0.0,0.0,0.0,0.0,0.0,0.0,0.0,0.0,0.0,0.0,0.0,0.0,0.0,0.0,0.0,0.0,0.0,0.0,0.0,0.0,0.0,0.0,0.0,0.0,0.0,0.0,0.0,0.0,0.0,0.0
7,0.0008844914571301808,0.0001503240819711847,4.3609194223869445e-06,0.00020184574172568687,4.5256523596773986e-05,0.0004545809399620007,0.0,0.0,1.3147778675076568e-05,0.0003351654000511683,1.7291634035938156e-05,5.475801807176844e-06,0.0,1.7291634035938156e-05,1.0371504265130355e-05,0.0,0.0,0.0,0.0,0.0,3.4560104043621706e-06,3.4560104043621706e-06,3.4560104043621706e-06,0.00011293426829455563,3.4612281417105066e-05,0.00025336933122923526,0.0,5.58059273839199e-06,0.00037342910515827054,0.00040163200845051597,0.0,0.0,0.00012165414924154577,0.0,0.0,0.0006149139991828171,0.0001812646399691794,0.0008729876357669417,0.0006510985585005088,1.84501926932054e-05,0.00023011857888463773,0.0004526489231848924,0.0001292451450205579,2.76805346324904e-05,0.00018955268973237295,2.4783786032220442e-05,4.332388193067102e-05,9.202497476975738e-05,5.885144831550322e-05,6.529801181996627e-05,0.0,2.5035934280545852e-05,0.0,3.45601040436217e-06,0.0003980964657009087,0.000667274883863406,3.725814721591597e-05,0.0,1.5569598932437614e-07,0.0,1.3830989273260086e-05,3.114582619918017e-05,3.4560104043621706e-06,0.0,0.0,0.0,0.0,0.0,0.0005480336745525317,4.501863680209815e-05,8.182261330291058e-05,0.000708527436528966,1.3147778675076568e-05,0.0008664896835518393,0.00013026058772572647,5.317521387777479e-06,0.00016275932850496358,0.0008729876357669417,8.674928136401757e-05,0.0005645747256167273,0.0,6.934100681404243e-05,0.0,6.238590859582296e-05,0.00035990258003433203,7.182350429530009e-05,3.461228141710506e-05,0.00027617930328646114,0.0001057074965858494,5.12060229924404e-06,4.933145940144303e-07,0.00023378846972713216,1.9308607661193972e-05,4.885686090084991e-06,0.0,0.0,1.7291634035938156e-05,1.0371504265130355e-05,0.0,0.00016275932850496358,6.913178234264615e-06,0.00018196834272577703,6.529801181996627e-05,3.4612281417105066e-05,3.4612281417105066e-05,3.4612281417105066e-05,3.7338511655521e-05,0.00010469601457465251,0.0,0.0,3.425051125452292e-05,2.0603447076692432e-05,3.3832893847718197e-06,0.00016897485467310606,2.668726340759005e-07,2.1566856679112838e-05,4.3101337421499954e-05,0.00012441860534486018,2.7248182753492495e-06,0.00017675633882015913,1.670260005922345e-05,0.00010935220078913972,4.7882337300487576e-05,0.00027665337245819143,0.00017238446819441491,2.7157246633606805e-05
8,0.000524224392897378,0.0005949236217340642,0.0001861874327327383,2.5816189005985137e-05,0.0002494361957756713,0.002638107101493329,0.0,1.3147778675076568e-05,0.0,0.0004067516018433164,0.0001345897038781721,2.931668298791518e-05,0.0,0.0001259567208850068,8.072578794211943e-05,0.0,0.0,0.0,0.0,0.0,2.6899259837363368e-05,2.6899259837363368e-05,2.6899259837363368e-05,1.6432819993272618e-07,0.0002694134070192546,0.0007781583907556212,0.0,0.0002320841151804108,0.00020391066863991586,0.0006117879439960063,0.0,0.0,0.00025584707519173686,0.0,0.0,0.0002928399984586526,0.00022758106887399172,0.0006210560162712854,6.304490961452362e-05,0.000785698270981277,0.000668725762706071,0.00021463946861472643,6.679559994232447e-05,0.00021545579375268625,0.00033276367246322163,0.0007008814880023135,2.0690488622962153e-05,0.0006994510137875477,1.4629766458569733e-05,0.00036221634929036535,0.0,4.834982929081348e-05,0.0,2.6899259837363364e-05,3.315783428439116e-05,0.00036360928267410676,9.312281837921374e-05,0.0,0.00032580360507464224,0.0,0.0008352523510760097,0.00024242990736580682,2.6899259837363368e-05,0.0,0.0,0.0,0.0,0.0,0.00021545579375268625,0.00014058153888698742,7.662212185878146e-05,0.0001345897038781721,0.00010792387409146046,0.0004179190780949087,0.0002006023440722681,2.7217994291229056e-06,0.0001876119303237981,4.568270420604096e-06,0.000675296688737293,8.945842969166977e-05,0.0,0.00019737645255317362,0.0,2.252005960656859e-05,0.0006388188941667677,6.102870525509998e-06,0.00026941340701925465,1.8948692216053814e-05,0.000869662173807453,7.832415761721925e-05,2.0158560137443853e-06,0.0009332468723544226,1.7643095145688386e-05,2.7273533890674097e-05,0.0,0.0,0.0001259567208850068,8.072578794211943e-05,0.0,0.0003266757097835143,5.380785365687769e-05,9.575924731584137e-05,0.00022535051076975508,0.0002524981870652354,0.0002694134070192546,0.0002694134070192546,0.0001651238025079339,2.2849258485710617e-06,0.0,0.0,0.00022376294200056324,0.00011515032972986836,8.338382842442712e-06,8.14500331966755e-06,2.237150986029112e-05,0.00010570280822209737,0.0007592197542446878,3.5665065054474115e-05,0.00045666484599477626,1.4072464601300313e-05,0.0001684931400354481,8.328562936185191e-05,0.0001342313641586831,4.092029057207173e-05,2.8868533760311268e-05,2.654651507293202e-08
9,0.00036254130255656625,0.00010042909691513995,0.00010807968930622112,0.0001596831270861336,0.0031563502396793064,0.0026451990354206794,0.0,0.0003351654000511683,0.0004067516018433164,0.0,0.00014484890127019123,0.001066132141847173,0.0,0.0001448489012701912,8.687907502468038e-05,0.0,0.0,0.0,0.0,0.0,2.8949612465840597e-05,2.8949612465840597e-05,2.8949612465840597e-05,8.945773281954797e-05,0.0002899504279255863,0.00011430947164564652,0.0,0.0010302103688482568,1.7766717866257763e-06,0.0002226780641710511,0.0,0.0,6.738883728725427e-05,0.0,0.0,0.0002164742420026817,8.361602291953103e-05,0.0003256244749321734,0.0007867789226429231,1.116500798787343e-05,7.673915386731465e-05,3.618899705923654e-05,0.0003888074171233234,0.0003325186581959441,5.991232874851134e-05,3.6508433933778e-05,0.0017579978773099468,7.153936104776853e-05,0.0007033923685400879,2.5805290416505678e-05,0.0,6.047249765595529e-05,0.0,2.8949612465840597e-05,9.601584091317923e-05,2.306329542904427e-06,0.00010773383069683905,0.0,0.00010516794218815365,0.0,0.00011585893916908299,1.3959178931044047e-05,2.8949612465840597e-05,0.0,0.0,0.0,0.0,0.0,2.6784189476737963e-05,0.0003771329713590236,0.0010315640155838107,0.00014484890127019123,2.55006562288238e-05,0.00015373697374679025,0.00011336077197502325,1.3068966631436547e-05,8.16344475693901e-07,9.5425605838461e-05,5.879033203142739e-07,0.0006652040852798218,0.0,0.0001615407437881379,0.0,0.0005226405378018328,1.3408729098088453e-06,5.167967417232165e-05,0.0002899504279255863,2.1144859419283636e-05,0.0032329226083387744,9.306667540998309e-05,0.00017363307032783695,0.00043044903152869487,0.0005712073336206875,4.6390476599519176e-05,0.0,0.0,0.0001448489012701912,8.687907502468038e-05,0.0,0.00019054514650233725,0.00039562121789304185,0.00019078288235297065,0.00020571878692080795,0.0002899504279255863,0.00022182498050425257,0.0002899504279255863,5.736935098214519e-07,0.0024581579356698375,0.0,0.0,0.0008171988844927524,8.40864860187305e-05,0.0006946215199112634,0.00021570679112172106,0.00019959223258254064,0.0003792325693608308,0.0005276684064537815,0.0008306540827597675,0.0006235891420932919,7.388761267889212e-07,0.0015963691889955061,0.00021546551094155943,0.0003966007545232377,7.620313543723082e-05,0.0009043356071893774,2.7219747019478378e-05
10,0.0001581179834020315,0.0001237954870447993,4.381102624400349e-05,0.00013820338325402017,3.3595006041557844e-08,8.291890007177134e-06,0.0,1.7291634035938156e-05,0.0001345897038781721,0.00014484890127019123,0.0,7.844156728842911e-07,0.0,2.7768552983910496e-06,1.6655573753686796e-06,0.0,0.0,0.0,0.0,0.0,5.550006886081645e-07,5.550006886081645e-07,5.550006886081645e-07,2.1221175447068324e-05,5.558349517267e-06,4.0440560537779054e-05,0.0,1.3955279321612373e-05,1.6150857733331355e-07,6.449259948088035e-05,0.0,0.0,1.953595054631138e-05,0.0,0.0,3.4034512780840555e-07,2.910819031979742e-05,1.2812056268027283e-05,5.4666499358390204e-05,0.0008065345174882935,4.271631974407329e-05,9.330038889156721e-05,7.1059966966508314e-06,4.445194167482387e-06,8.671444683848846e-05,7.839424574075065e-05,0.00017662821464777253,4.774783205866947e-05,6.123955726022303e-05,6.911359695175565e-05,0.0,0.0001345897038781721,0.0,5.550006886081645e-07,2.967298071320824e-05,0.00017741583445113928,1.777498725940225e-05,0.0,5.2995905582983564e-05,0.0,2.2211136204725936e-06,5.001678815883593e-06,5.550006886081645e-07,0.0,0.0,0.0,0.0,0.0,4.445194167482387e-06,7.2294791858138515e-06,3.534808301579136e-06,2.7768552983910496e-06,0.0001259567208850068,0.00015185256804430778,0.00011782880045705509,5.879511362556314e-05,0.00021839912311644164,1.2812056268027283e-05,1.393082134059407e-05,9.06541342044898e-05,0.0,1.1135316895772047e-05,0.0,1.00184280026142e-05,0.0005163077482498923,2.628710854813178e-05,5.558349517267e-06,0.00016598873919177362,1.585472864375078e-05,1.9273838145717764e-07,0.00011544809998597818,6.616083098017907e-06,3.8167907642546234e-05,6.449259948088035e-05,0.0,0.0,2.7768552983910496e-06,1.6655573753686796e-06,0.0,9.06541342044898e-05,1.1101864391757714e-06,1.5093873322109914e-06,6.911359695175565e-05,5.558349517267e-06,5.558349517267e-06,5.558349517267e-06,6.923402722684631e-05,0.00018800223733850138,0.0,0.0,0.00012918384810201144,7.606922935635404e-05,6.276302652660246e-05,0.0004452094546699607,0.0001306152422783059,3.754034969955051e-05,0.0002487693255736569,0.00011604295605097653,1.0428318103899557e-08,0.0006219805308433966,1.908539303775692e-06,6.319162738424006e-05,0.00012260043792715824,4.442518277908618e-05,3.2960249873946305e-05,0.00011413745162554701
11,0.0002442645332470534,0.0003933270847258233,5.104353832509432e-06,0.0005448673585946601,3.3408078175559304e-05,0.0003885856902401223,0.0,5.475801807176844e-06,2.931668298791518e-05,0.001066132141847173,7.844156728842911e-07,0.0,0.0,0.00039803302029834656,0.0002387298880760046,0.0,0.0,0.0,0.0,0.0,7.954668488208994e-05,7.954668488208994e-05,0.0005160327588493705,0.0005149251454913023,1.5714139743244475e-06,1.252397669498982e-06,0.0,0.0005780113488002879,1.1354347652894794e-08,2.8280690406097303e-05,0.0,0.0,0.0017216297175870888,0.0,0.0,0.00024764161546294,1.7315863339787633e-05,0.00044182846697787804,0.0017084097778285647,0.0004639604328746357,0.0002970762344908413,0.0008376357190120927,6.542277141403474e-08,6.89950485790898e-05,6.864650544549525e-06,2.109090264650114e-05,2.5705297255421014e-06,5.96674192731493e-06,4.284198159145531e-05,9.833290440587378e-06,0.0,0.0002701877160308152,0.0,0.0005160327588493705,3.121276930393086e-05,0.00013058140647960177,2.934466220772447e-07,0.0,9.697849836094361e-05,0.0,0.00031836645171149194,0.00010690645967181099,0.0005160327588493705,0.0,0.0,0.0,0.0,0.0,0.0005366491247461113,0.0002972602813703432,2.736272022773635e-05,0.00039803302029834656,0.00013670272356281713,9.903745190464669e-05,0.0003100915425633733,9.14684491336781e-05,0.0001741622216003128,5.14177309941567e-05,7.379354349288736e-05,6.708423618849609e-05,0.0,2.7143716972880623e-05,0.0,7.199706728129883e-05,2.75286770105227e-05,0.00018334424834908956,0.0003005379462479121,0.00015174454206433948,0.009409243500945214,4.059389862255832e-05,0.0010844971035760937,0.0005303752406238191,0.00018953325273632663,4.3921657696080637e-07,0.0,0.0,0.00039803302029834656,0.0002387298880760046,0.0,2.120475343870057e-05,0.00015912330669118357,2.239135767967697e-05,5.5173622196035764e-08,0.0006713637778288084,1.5714139743244475e-06,7.027811873124213e-05,0.0005739692848394026,0.0015888691908215284,0.0,0.0,0.00021546263394966927,0.0009540533227031535,0.0006134956676051759,0.00013007395819281163,0.00022887587209274602,5.7076823286534954e-05,2.3033041804329524e-06,0.0001311535509458243,0.002071358009078506,0.00011038068992055838,0.000505087927205581,0.0017939698587091856,1.5221219871374304e-05,0.00021793049698538868,0.0007086259269678628,9.534261274128479e-06
12,0.0,0.0,0.0,0.0,0.0,0.0,0.0,0.0,0.0,0.0,0.0,0.0,0.0,0.0,0.0,0.0,0.0,0.0,0.0,0.0,0.0,0.0,0.0,0.0,0.0,0.0,0.0,0.0,0.0,0.0,0.0,0.0,0.0,0.0,0.0,0.0,0.0,0.0,0.0,0.0,0.0,0.0,0.0,0.0,0.0,0.0,0.0,0.0,0.0,0.0,0.0,0.0,0.0,0.0,0.0,0.0,0.0,0.0,0.0,0.0,0.0,0.0,0.0,0.0,0.0,0.0,0.0,0.0,0.0,0.0,0.0,0.0,0.0,0.0,0.0,0.0,0.0,0.0,0.0,0.0,0.0,0.0,0.0,0.0,0.0,0.0,0.0,0.0,0.0,0.0,0.0,0.0,0.0,0.0,0.0,0.0,0.0,0.0,0.0,0.0,0.0,0.0,0.0,0.0,0.0,0.0,0.0,0.0,0.0,0.0,0.0,0.0,0.0,0.0,0.0,0.0,0.0,0.0,0.0,0.0,0.0,0.0,0.0,0.0,0.0,0.0
13,0.0001581179834020315,0.0001237954870447993,0.00021217455446545682,0.00013820338325402017,0.00017992733455514777,0.0002948764343589361,0.0,1.7291634035938156e-05,0.0001259567208850068,0.0001448489012701912,2.7768552983910496e-06,0.00039803302029834656,0.0,0.0,1.6655573753686796e-06,0.0,0.0,0.0,0.0,0.0,5.550006886081645e-07,5.550006886081645e-07,5.550006886081645e-07,2.1221175447068324e-05,5.558349517267e-06,4.0440560537779054e-05,0.0,7.758794034074936e-05,1.6150857733331355e-07,6.449259948088035e-05,0.0,0.0,1.953595054631138e-05,0.0,0.0,0.0008792576383995382,2.9108190319797418e-05,1.2812056268027283e-05,2.7440478503026503e-05,0.0001306152422783059,4.271631974407329e-05,1.0697013532286344e-05,0.0002606109853786465,4.445194167482386e-06,1.0255191477145936e-05,7.839424574075065e-05,0.00017662821464777253,0.0002065112763510063,6.123955726022303e-05,6.911359695175565e-05,0.0,0.0001259567208850068,0.0,5.550006886081645e-07,2.9672980713208237e-05,0.00010714235339280109,0.0005072526484194721,0.0,5.299590558298356e-05,0.0,2.2211136204725936e-06,5.001678815883593e-06,5.550006886081645e-07,0.0,0.0,0.0,0.0,0.0,4.445194167482387e-06,7.2294791858138515e-06,0.0003202407590874416,2.7768552983910496e-06,0.0001259567208850068,0.00015185256804430778,0.00011782880045705509,1.541494498899321e-05,9.06541342044898e-05,1.2812056268027283e-05,0.0007787923509405882,9.06541342044898e-05,0.0,0.0008525799082256956,0.0,1.00184280026142e-05,1.998140633202251e-05,2.6287108548131784e-05,5.558349517267001e-06,0.00016598873919177365,0.0004989951806058694,0.00016214433501755138,0.00011544809998597818,6.616083098017907e-06,0.0004606779844301799,6.449259948088035e-05,0.0,0.0,2.7768552983910496e-06,1.6655573753686796e-06,0.0,9.06541342044898e-05,1.1101864391757714e-06,0.00012506376636276824,6.911359695175563e-05,5.558349517267e-06,0.0010877045406574826,5.558349517267e-06,1.808730270021814e-05,2.0172851225171536e-06,0.0,0.0,0.00012918384810201144,7.606922935635404e-05,6.276302652660246e-05,0.0004452094546699607,9.417641775136907e-07,0.00033724187781950627,1.65338709155358e-05,0.00011604295605097654,1.0428318103899557e-08,1.7112577698306925e-06,1.908539303775692e-06,6.319162738424006e-05,0.00012260043792715824,4.4425182779086174e-05,3.296024987394632e-05,8.730650426802329e-07
14,0.0001627323151293877,0.001147590588268421,0.0001272594775481658,0.00026258625185228044,5.0874124610525635e-05,8.783445233632019e-05,0.0,1.0371504265130355e-05,8.072578794211943e-05,8.687907502468038e-05,1.6655573753686796e-06,0.0002387298880760046,0.0,1.6655573753686796e-06,0.0,0.0,0.0,0.0,0.0,0.0,3.3288940070794495e-07,3.3288940070794495e-07,3.3288940070794495e-07,1.2728434104215649e-05,3.3338962443538665e-06,0.0006246603509487855,0.0,4.867760844191248e-08,5.348763357672137e-05,3.868240880472944e-05,0.0,0.0,1.1717640340831986e-05,0.0,0.0,0.0008916131743063237,1.745904168755569e-05,7.684661606791093e-06,0.00026134899126040325,5.446976932811891e-06,2.5621138515895495e-05,0.00028456961973861745,0.00018004477927320244,2.666226323025883e-06,0.0002116694197172419,4.702049447219078e-05,0.00010593966320476905,0.00012386279503402546,0.0003206141572717476,4.145404530171097e-05,0.0,8.072578794211941e-05,0.0,3.3288940070794495e-07,1.779780096016573e-05,6.426328022262709e-05,1.2349063026628702e-05,0.0,3.178677425984548e-05,0.0,1.332223677588268e-06,3.000005504989258e-06,3.3288940070794495e-07,0.0,0.0,0.0,0.0,0.0,2.666226323025883e-06,4.336238551762411e-06,0.0001920738363462572,1.6655573753686796e-06,8.072578794211941e-05,0.000237462656024873,7.067286189470936e-05,8.042049792185299e-05,5.437384800620833e-05,7.684661606791093e-06,8.355695105485284e-06,5.437384800620833e-05,0.0,6.678955733328572e-06,0.0,6.009047186387714e-06,0.0003096635896551847,1.5766966274789987e-05,3.333896244353867e-06,0.0003185048052201297,0.00036464146901591873,0.0002307311005022031,0.00031128304362821176,0.0004414099109043134,2.2893023254902147e-05,3.868240880472944e-05,0.0,0.0,1.6655573753686796e-06,9.990011653619566e-07,0.0,5.437384800620832e-05,6.658897643250253e-07,4.564169095921211e-06,4.145404530171098e-05,3.3338962443538665e-06,3.3338962443538665e-06,3.3338962443538665e-06,0.00023660951610235054,0.00011914334381605567,0.0,0.0,7.74834447180698e-05,4.562597169783973e-05,3.764502440325055e-05,2.5109241510453258e-05,0.00016352846913887187,0.00034664217756599466,0.00023206878477121724,6.960173838820624e-05,8.99120040468314e-06,4.30777056756158e-06,1.710085768157192e-05,0.00011225072794760373,7.353481864555304e-05,2.6646105520963212e-05,0.00013849131034390078,0.00012757101513351569
15,0.0,0.0,0.0,0.0,0.0,0.0,0.0,0.0,0.0,0.0,0.0,0.0,0.0,0.0,0.0,0.0,0.0,0.0,0.0,0.0,0.0,0.0,0.0,0.0,0.0,0.0,0.0,0.0,0.0,0.0,0.0,0.0,0.0,0.0,0.0,0.0,0.0,0.0,0.0,0.0,0.0,0.0,0.0,0.0,0.0,0.0,0.0,0.0,0.0,0.0,0.0,0.0,0.0,0.0,0.0,0.0,0.0,0.0,0.0,0.0,0.0,0.0,0.0,0.0,0.0,0.0,0.0,0.0,0.0,0.0,0.0,0.0,0.0,0.0,0.0,0.0,0.0,0.0,0.0,0.0,0.0,0.0,0.0,0.0,0.0,0.0,0.0,0.0,0.0,0.0,0.0,0.0,0.0,0.0,0.0,0.0,0.0,0.0,0.0,0.0,0.0,0.0,0.0,0.0,0.0,0.0,0.0,0.0,0.0,0.0,0.0,0.0,0.0,0.0,0.0,0.0,0.0,0.0,0.0,0.0,0.0,0.0,0.0,0.0,0.0,0.0
16,0.0,0.0,0.0,0.0,0.0,0.0,0.0,0.0,0.0,0.0,0.0,0.0,0.0,0.0,0.0,0.0,0.0,0.0,0.0,0.0,0.0,0.0,0.0,0.0,0.0,0.0,0.0,0.0,0.0,0.0,0.0,0.0,0.0,0.0,0.0,0.0,0.0,0.0,0.0,0.0,0.0,0.0,0.0,0.0,0.0,0.0,0.0,0.0,0.0,0.0,0.0,0.0,0.0,0.0,0.0,0.0,0.0,0.0,0.0,0.0,0.0,0.0,0.0,0.0,0.0,0.0,0.0,0.0,0.0,0.0,0.0,0.0,0.0,0.0,0.0,0.0,0.0,0.0,0.0,0.0,0.0,0.0,0.0,0.0,0.0,0.0,0.0,0.0,0.0,0.0,0.0,0.0,0.0,0.0,0.0,0.0,0.0,0.0,0.0,0.0,0.0,0.0,0.0,0.0,0.0,0.0,0.0,0.0,0.0,0.0,0.0,0.0,0.0,0.0,0.0,0.0,0.0,0.0,0.0,0.0,0.0,0.0,0.0,0.0,0.0,0.0
17,0.0,0.0,0.0,0.0,0.0,0.0,0.0,0.0,0.0,0.0,0.0,0.0,0.0,0.0,0.0,0.0,0.0,0.0,0.0,0.0,0.0,0.0,0.0,0.0,0.0,0.0,0.0,0.0,0.0,0.0,0.0,0.0,0.0,0.0,0.0,0.0,0.0,0.0,0.0,0.0,0.0,0.0,0.0,0.0,0.0,0.0,0.0,0.0,0.0,0.0,0.0,0.0,0.0,0.0,0.0,0.0,0.0,0.0,0.0,0.0,0.0,0.0,0.0,0.0,0.0,0.0,0.0,0.0,0.0,0.0,0.0,0.0,0.0,0.0,0.0,0.0,0.0,0.0,0.0,0.0,0.0,0.0,0.0,0.0,0.0,0.0,0.0,0.0,0.0,0.0,0.0,0.0,0.0,0.0,0.0,0.0,0.0,0.0,0.0,0.0,0.0,0.0,0.0,0.0,0.0,0.0,0.0,0.0,0.0,0.0,0.0,0.0,0.0,0.0,0.0,0.0,0.0,0.0,0.0,0.0,0.0,0.0,0.0,0.0,0.0,0.0
18,0.0,0.0,0.0,0.0,0.0,0.0,0.0,0.0,0.0,0.0,0.0,0.0,0.0,0.0,0.0,0.0,0.0,0.0,0.0,0.0,0.0,0.0,0.0,0.0,0.0,0.0,0.0,0.0,0.0,0.0,0.0,0.0,0.0,0.0,0.0,0.0,0.0,0.0,0.0,0.0,0.0,0.0,0.0,0.0,0.0,0.0,0.0,0.0,0.0,0.0,0.0,0.0,0.0,0.0,0.0,0.0,0.0,0.0,0.0,0.0,0.0,0.0,0.0,0.0,0.0,0.0,0.0,0.0,0.0,0.0,0.0,0.0,0.0,0.0,0.0,0.0,0.0,0.0,0.0,0.0,0.0,0.0,0.0,0.0,0.0,0.0,0.0,0.0,0.0,0.0,0.0,0.0,0.0,0.0,0.0,0.0,0.0,0.0,0.0,0.0,0.0,0.0,0.0,0.0,0.0,0.0,0.0,0.0,0.0,0.0,0.0,0.0,0.0,0.0,0.0,0.0,0.0,0.0,0.0,0.0,0.0,0.0,0.0,0.0,0.0,0.0
19,0.0,0.0,0.0,0.0,0.0,0.0,0.0,0.0,0.0,0.0,0.0,0.0,0.0,0.0,0.0,0.0,0.0,0.0,0.0,0.0,0.0,0.0,0.0,0.0,0.0,0.0,0.0,0.0,0.0,0.0,0.0,0.0,0.0,0.0,0.0,0.0,0.0,0.0,0.0,0.0,0.0,0.0,0.0,0.0,0.0,0.0,0.0,0.0,0.0,0.0,0.0,0.0,0.0,0.0,0.0,0.0,0.0,0.0,0.0,0.0,0.0,0.0,0.0,0.0,0.0,0.0,0.0,0.0,0.0,0.0,0.0,0.0,0.0,0.0,0.0,0.0,0.0,0.0,0.0,0.0,0.0,0.0,0.0,0.0,0.0,0.0,0.0,0.0,0.0,0.0,0.0,0.0,0.0,0.0,0.0,0.0,0.0,0.0,0.0,0.0,0.0,0.0,0.0,0.0,0.0,0.0,0.0,0.0,0.0,0.0,0.0,0.0,0.0,0.0,0.0,0.0,0.0,0.0,0.0,0.0,0.0,0.0,0.0,0.0,0.0,0.0
20,0.0003185629380729996,0.00087875182036652,4.2404755117797835e-05,0.0008434338899473425,7.326873807144981e-05,5.893229636545578e-05,0.0,3.4560104043621706e-06,2.6899259837363368e-05,2.8949612465840597e-05,5.550006886081645e-07,7.954668488208994e-05,0.0,5.550006886081645e-07,3.3288940070794495e-07,0.0,0.0,0.0,0.0,0.0,0.0,1.1092616222475445e-07,1.1092616222475445e-07,4.241388919732817e-06,1.1109279230616828e-06,8.082656765769727e-06,0.0,0.00013738518593132815,7.202722750341686e-05,1.2889756611647475e-05,0.0,0.0,3.904571288665243e-06,0.0,0.0,0.00017569718225244544,5.817724815513963e-06,2.5606972490599064e-06,0.0001255351466132456,0.00031914081301887367,8.537497657672777e-06,9.481998082117137e-05,5.9993019021977996e-05,8.884456458185653e-07,0.00035289508557594806,1.5668152035132012e-05,3.530081085999444e-05,4.1272955300173894e-05,0.0004307815721464478,1.381331507872533e-05,0.0,2.6899259837363364e-05,0.0,1.1092616222475445e-07,5.930606286634193e-06,2.1413722908353543e-05,0.00044566674852486443,0.0,1.059200496403332e-05,0.0,4.439265259505355e-07,9.996682039432941e-07,1.1092616222475445e-07,0.0,0.0,0.0,0.0,0.0,8.884456458185653e-07,1.444930294226557e-06,6.400109554322787e-05,5.550006886081645e-07,2.6899259837363364e-05,7.912445278235598e-05,2.354948866806554e-05,0.00020991661576393736,1.8118410835336635e-05,2.5606972490599064e-06,2.784299967574861e-06,1.8118410835336635e-05,0.0,2.2255744403432825e-06,0.0,2.0023464539556168e-06,0.00010318088581794781,5.2538907218537985e-06,1.1109279230616828e-06,2.2479893519855516e-05,0.00045035097430828436,7.688154579470201e-05,2.3073688856254456e-05,0.0003431188047653674,7.628436287861354e-06,1.2889756611647475e-05,0.0,0.0,5.550006886081645e-07,3.3288940070794495e-07,0.0,1.8118410835336635e-05,2.2188928753985318e-07,0.00015883744336052003,1.381331507872533e-05,1.1109279230616828e-06,1.1109279230616828e-06,1.1109279230616828e-06,0.0001332226274815189,0.00018387988808406787,0.0,0.0,2.5818868468011087e-05,1.5203473311409675e-05,1.2544081491037938e-05,8.897387345084303e-05,0.00016116863459001175,0.00011550137875325297,0.00013471516138398965,2.319257508988783e-05,0.0003066536102520901,0.00032409366549627366,0.00018349480525161265,3.740371744951368e-05,0.0008818712899404055,8.879036494091065e-06,4.5950713490689035e-05,0.00029220861350086504
21,0.0001615287323175012,2.4741971004368303e-05,4.2404755117797835e-05,2.762147303188863e-05,7.326873807144981e-05,5.893229636545578e-05,0.0,3.4560104043621706e-06,2.6899259837363368e-05,2.8949612465840597e-05,5.550006886081645e-07,7.954668488208994e-05,0.0,5.550006886081645e-07,3.3288940070794495e-07,0.0,0.0,0.0,0.0,0.0,1.1092616222475445e-07,0.0,1.1092616222475445e-07,4.241388919732817e-06,1.1109279230616828e-06,8.082656765769727e-06,0.0,0.00013738518593132815,7.202722750341686e-05,1.2889756611647475e-05,0.0,0.0,3.904571288665243e-06,0.0,0.0,0.00017569718225244544,5.817724815513963e-06,2.5606972490599064e-06,0.0001255351466132456,0.00031914081301887367,8.537497657672777e-06,9.481998082117137e-05,5.9993019021977996e-05,8.884456458185653e-07,0.0001417701613427687,1.5668152035132012e-05,3.530081085999444e-05,4.1272955300173894e-05,0.0001068294081099252,1.381331507872533e-05,0.0,2.6899259837363364e-05,0.0,1.1092616222475445e-07,5.930606286634193e-06,2.1413722908353543e-05,0.00044566674852486443,0.0,1.059200496403332e-05,0.0,4.439265259505355e-07,9.996682039432941e-07,1.1092616222475445e-07,0.0,0.0,0.0,0.0,0.0,8.884456458185653e-07,1.444930294226557e-06,0.000581004086898494,5.550006886081645e-07,2.6899259837363364e-05,7.912445278235598e-05,0.0008946498735192829,0.00020991661576393736,1.8118410835336635e-05,2.5606972490599064e-06,2.784299967574861e-06,1.8118410835336635e-05,0.0,2.2255744403432825e-06,0.0,2.0023464539556168e-06,0.0004406307300179934,5.2538907218537985e-06,1.1109279230616828e-06,2.2479893519855516e-05,9.972150159468543e-05,7.688154579470201e-05,0.0009012278851365643,0.00014707500659620507,7.628436287861354e-06,1.2889756611647475e-05,0.0,0.0,5.550006886081645e-07,3.3288940070794495e-07,0.0,1.8118410835336635e-05,2.2188928753985318e-07,0.0003229216436811325,1.381331507872533e-05,1.1109279230616828e-06,1.1109279230616828e-06,1.1109279230616828e-06,0.0001332226274815189,0.00018387988808406787,0.0,0.0,2.5818868468011087e-05,1.5203473311409675e-05,1.2544081491037938e-05,8.897387345084303e-05,0.00031914081301887367,0.00011550137875325297,0.00013471516138398965,2.319257508988783e-05,0.00016918215501552137,0.00032409366549627366,0.0002861298668807077,3.740371744951368e-05,2.4503132667807257e-05,8.879036494091065e-06,0.0006826736464308001,0.00029220861350086504
22,0.0001615287323175012,2.4741971004368303e-05,4.2404755117797835e-05,2.762147303188863e-05,7.326873807144981e-05,5.893229636545578e-05,0.0,3.4560104043621706e-06,2.6899259837363368e-05,2.8949612465840597e-05,5.550006886081645e-07,0.0005160327588493705,0.0,5.550006886081645e-07,3.3288940070794495e-07,0.0,0.0,0.0,0.0,0.0,1.1092616222475445e-07,1.1092616222475445e-07,0.0,4.241388919732817e-06,1.1109279230616828e-06,8.082656765769727e-06,0.0,0.00013738518593132815,0.0005455065667614115,1.2889756611647475e-05,0.0,0.0,3.904571288665243e-06,0.0,0.0,0.0002970445244821739,5.817724815513963e-06,2.5606972490599064e-06,0.0001255351466132456,0.00016116863459001175,8.537497657672777e-06,9.481998082117137e-05,5.9993019021977996e-05,8.884456458185653e-07,0.0001417701613427687,1.5668152035132012e-05,3.530081085999444e-05,4.1272955300173894e-05,0.0004307815721464478,1.381331507872533e-05,0.0,2.6899259837363364e-05,0.0,1.1092616222475445e-07,5.930606286634193e-06,2.1413722908353543e-05,0.00010137150664858965,0.0,1.059200496403332e-05,0.0,4.439265259505355e-07,9.996682039432941e-07,1.1092616222475445e-07,0.0,0.0,0.0,0.0,0.0,8.884456458185653e-07,1.444930294226557e-06,6.400109554322787e-05,5.550006886081645e-07,2.6899259837363364e-05,7.912445278235598e-05,2.354948866806554e-05,0.00025323881940822083,0.0009795030351568111,2.5606972490599064e-06,2.784299967574861e-06,1.8118410835336635e-05,0.0,2.2255744403432825e-06,0.0,2.0023464539556168e-06,0.00010318088581794781,5.2538907218537985e-06,1.1109279230616828e-06,2.2479893519855516e-05,9.972150159468543e-05,7.688154579470201e-05,2.3073688856254456e-05,0.0003431188047653674,7.628436287861354e-06,1.2889756611647475e-05,0.0,0.0,5.550006886081645e-07,3.3288940070794495e-07,0.0,1.8118410835336635e-05,2.2188928753985318e-07,0.00015883744336052003,1.381331507872533e-05,1.1109279230616828e-06,1.1109279230616828e-06,1.1109279230616828e-06,0.0003696306449700446,0.00018387988808406787,0.0,0.0,2.5818868468011087e-05,1.5203473311409675e-05,1.2544081491037938e-05,8.897387345084303e-05,0.00016116863459001175,0.00011550137875325297,0.00013471516138398965,2.319257508988783e-05,0.0003066536102520901,0.0001581234246662577,0.00018349480525161265,0.0007471123826382855,2.4503132667807257e-05,8.879036494091065e-06,4.5950713490689035e-05,0.00017909806636797357
23,4.8908969667292926e-05,9.657204282892916e-05,0.0007427848407456568,7.143026131150524e-05,0.00016225388294783432,4.659466917464469e-05,0.0,0.00011293426829455563,1.6432819993272618e-07,8.945773281954797e-05,2.1221175447068324e-05,0.0005149251454913023,0.0,2.1221175447068324e-05,1.2728434104215649e-05,0.0,0.0,0.0,0.0,0.0,4.241388919732817e-06,4.241388919732817e-06,4.241388919732817e-06,0.0,4.247799974560236e-05,1.454327658634569e-06,0.0,0.0019056233255495152,1.0334950759297219e-05,0.0004929142862643357,0.0,0.0,0.00014930107443158493,0.0,0.0,0.0006023673757267487,2.6399702767388394e-05,0.00018092061507566707,0.00018649052030862538,0.00041430638340903404,0.00048634190606104384,4.133530399714515e-06,9.09541959727263e-05,3.397098449921911e-05,0.00020620145883256812,0.00013242398824084555,0.0001932688741801467,0.00024812844131952695,4.0970346468310024e-06,3.824929184776039e-05,0.0,6.226999865974577e-05,0.0,4.241388919732817e-06,0.00022677594190643663,1.0723560091652025e-05,9.33390870370127e-05,0.0,8.038537282834896e-05,0.0,1.6974092277912874e-05,3.822377722773369e-05,4.241388919732817e-06,0.0,0.0,0.0,0.0,0.0,3.3970984499219115e-05,5.524925565767301e-05,8.92252750783934e-05,2.1221175447068324e-05,6.226999865974577e-05,9.739616985492995e-05,2.6573412891901094e-05,1.0486961465904269e-05,1.2742233154612412e-08,9.791344222583368e-05,0.00010646356853145607,1.2742233154612412e-08,0.0,8.509907540161612e-05,0.0,7.65633679176493e-05,7.71912922757121e-05,3.9419961643951e-05,0.00041420030404580973,1.78759411014431e-05,1.6328984197767037e-05,0.00011990091087935191,0.0001300749171558351,0.0006506206195307034,3.7152589216371426e-06,0.0005474875161203052,0.0,0.0,2.1221175447068324e-05,1.2728434104215649e-05,0.0,7.57351433411797e-05,8.484199969755326e-06,4.687887433894964e-05,3.824929184776039e-05,4.247799974560236e-05,4.247799974560236e-05,0.00041420030404580973,4.4563035862473e-06,0.00026962764864020506,0.0,0.0,4.947931470521296e-05,0.0005814055477288122,0.00047969381074962976,2.090937884739112e-05,0.00012794819778181611,0.00016832986311073929,0.0001451176445843817,0.00033740948780619853,0.0001495316877991521,4.995859943733409e-05,0.0021551671558053334,0.00023287907230589528,6.048650981787065e-06,0.00033952822279669615,0.00015746788125633115,6.94808689300519e-07
24,0.0006819650124071198,0.00024780549960452944,0.0004247268626912354,8.846081281125618e-06,6.730261894474428e-08,5.3686759309200856e-05,0.0,3.4612281417105066e-05,0.0002694134070192546,0.0002899504279255863,5.558349517267e-06,1.5714139743244475e-06,0.0,5.558349517267e-06,3.3338962443538665e-06,0.0,0.0,0.0,0.0,0.0,1.1109279230616828e-06,1.1109279230616828e-06,1.1109279230616828e-06,4.247799974560236e-05,0.0,8.094945114161366e-05,0.0,0.00018532051254094815,0.00011119072594853007,0.00012334824570187954,0.0,0.0,3.910470231655864e-05,0.0,0.0,0.00024412265921818117,0.00032276059932685996,2.5645580681003515e-05,0.00010950109093772677,5.107821149335969e-05,8.550486440444872e-05,0.00023598342381020627,5.781718172683149e-05,8.897818054713342e-06,0.00044415222668868276,0.0001569224797376488,0.00014638741687061137,0.00041338958459071325,0.0007728766214093838,0.00013834498829871063,0.0,0.00026941340701925465,0.0,1.1109279230616828e-06,5.9395935440551784e-05,0.00021446943551961474,1.1855352142161853e-05,0.0,0.00010608169568789952,0.0,4.445937137872275e-06,1.0011718862957133e-05,1.1109279230616828e-06,0.0,0.0,0.0,0.0,0.0,8.89781805471334e-06,1.4471051889906582e-05,7.081859014471814e-06,5.558349517267001e-06,1.0821301830309793e-05,1.3325424562906274e-06,0.00023586141613895058,0.00011778662694416383,0.0004380050608845359,2.5645580681003515e-05,2.788499331921701e-05,0.00018146378811203088,0.0,2.2289282937895006e-05,0.0,2.0053628972119484e-05,0.00028718512708060995,0.0003516895470294236,1.1125992400876645e-05,0.0008547208755070988,1.4360364527292322e-05,3.8611594467232967e-07,0.00023109575252445105,0.001376657338744967,7.640026113525352e-05,0.000129094963807432,0.0,0.0,5.558349517267e-06,3.3338962443538665e-06,0.0,0.00018146378811203088,2.222226588708635e-06,0.0002505078175882142,0.0001383449882987106,1.1125992400876645e-05,1.1125992400876645e-05,1.1125992400876645e-05,3.62369773293207e-05,0.00010963815588494933,0.0,0.0,0.0002585919270024817,9.015488983784992e-05,0.0001291530995795537,0.00022564649965452286,5.107821149335969e-05,0.00031405845696785026,0.0004984361749939576,0.0002322865291788498,2.0891495782295325e-08,4.459883776277972e-05,0.0005203039792886413,0.0009749035448359706,1.917790240291877e-05,0.0008341346630721306,1.3294988601685281e-05,4.79259630570532e-05
25,0.0002235649892193463,0.0008942639384323949,0.00016853728682912975,0.0004934365895428148,0.0012228755208542029,0.0015604605033278495,0.0,0.00025336933122923526,0.0007781583907556212,0.00011430947164564652,4.0440560537779054e-05,1.252397669498982e-06,0.0,4.0440560537779054e-05,0.0006246603509487855,0.0,0.0,0.0,0.0,0.0,8.082656765769727e-06,8.082656765769727e-06,8.082656765769727e-06,1.454327658634569e-06,8.094945114161366e-05,0.0,0.0,7.396192598503116e-05,0.0015790864530743102,0.0009394350286723304,0.0,0.0,0.00028452699231839955,0.0,0.0,0.00019466063653711093,9.074156363803363e-06,0.00018659401467516234,1.6731301267907132e-06,3.867337111166356e-06,7.712318936578733e-05,1.69258490339981e-05,2.1526333430608275e-05,6.473768051463454e-05,4.306679209052308e-05,0.0001349606172628173,0.00032185975655728977,8.349028730636194e-06,0.0009428492964086467,0.0002978593251442257,0.0,9.158348309084836e-05,0.0,8.082656765769725e-06,0.00029932006032057216,0.00010014117271982102,1.3970711876711825e-07,0.0,3.9610230569641974e-05,0.0,3.234698940611368e-05,7.284219552964089e-05,8.082656765769727e-06,0.0,0.0,0.0,0.0,0.0,6.473768051463455e-05,0.00010528768011144565,3.1881971750791585e-05,4.0440560537779054e-05,9.158348309084836e-05,0.0003033661265798835,2.6721035726809264e-07,6.773318469043758e-05,1.6420837162921405e-06,5.08199443172715e-05,0.00020288842233180736,3.3457638322895004e-05,0.0,0.00016217314896091293,0.0,0.00014590638043328406,0.00012733914709372996,9.596048922343398e-05,0.0002339076342837417,3.445697450006228e-06,3.343669507010116e-05,0.00012289785086445513,0.0005400286632109075,0.0010496400489916338,4.909470909757955e-05,0.0002712712255683199,0.0,0.0,0.000443324685397128,2.425614962859819e-05,0.0,0.00018550695759136612,1.6168039362107478e-05,5.4263555721931504e-05,6.342040977216782e-05,8.094945114161366e-05,8.094945114161366e-05,0.0002339076342837417,8.19404462369381e-05,0.000733409103995841,0.0,0.0,7.015054148140924e-05,0.0003664178359545163,3.170506492743903e-05,4.786531802729668e-05,1.4416144670947482e-06,5.1402091659629194e-05,0.0005465062983639501,0.00038479898149272845,0.00032708331188639294,1.4910754607129744e-05,0.002302651225486973,0.0006077289951397652,4.7279416788526766e-05,8.869149423549087e-05,0.000600343277582579,4.090545043924237e-05
26,0.0,0.0,0.0,0.0,0.0,0.0,0.0,0.0,0.0,0.0,0.0,0.0,0.0,0.0,0.0,0.0,0.0,0.0,0.0,0.0,0.0,0.0,0.0,0.0,0.0,0.0,0.0,0.0,0.0,0.0,0.0,0.0,0.0,0.0,0.0,0.0,0.0,0.0,0.0,0.0,0.0,0.0,0.0,0.0,0.0,0.0,0.0,0.0,0.0,0.0,0.0,0.0,0.0,0.0,0.0,0.0,0.0,0.0,0.0,0.0,0.0,0.0,0.0,0.0,0.0,0.0,0.0,0.0,0.0,0.0,0.0,0.0,0.0,0.0,0.0,0.0,0.0,0.0,0.0,0.0,0.0,0.0,0.0,0.0,0.0,0.0,0.0,0.0,0.0,0.0,0.0,0.0,0.0,0.0,0.0,0.0,0.0,0.0,0.0,0.0,0.0,0.0,0.0,0.0,0.0,0.0,0.0,0.0,0.0,0.0,0.0,0.0,0.0,0.0,0.0,0.0,0.0,0.0,0.0,0.0,0.0,0.0,0.0,0.0,0.0,0.0
27,0.0007697119678932302,1.6707908066113325e-06,0.002148103563697582,1.0764244330731775e-05,0.0007284879267488668,0.0009816046856852478,0.0,5.58059273839199e-06,0.0002320841151804108,0.0010302103688482568,1.3955279321612373e-05,0.0005780113488002879,0.0,7.758794034074936e-05,4.867760844191248e-08,0.0,0.0,0.0,0.0,0.0,0.00013738518593132815,0.00013738518593132815,0.00013738518593132815,0.0019056233255495152,0.00018532051254094815,7.396192598503116e-05,0.0,0.0,0.0012741886086689875,8.055238248844089e-05,0.0,0.0,0.000548132451390268,0.0,0.0,6.432477198579098e-05,0.0002755261832640425,0.00010713294834148305,0.0010965149208066547,4.150583450808303e-07,0.0003872761494672014,0.00024207763138967345,0.0006821438422044759,0.00014815167929048954,0.0024108943541742995,7.180420274990911e-07,0.0004069189697468731,5.290706796982187e-05,0.00016369708170982248,9.750069524677458e-06,0.0,0.0012700096920971087,0.0,0.00013738518593132818,0.00012493279130090503,0.00014064354218639536,7.489250452400462e-05,0.0,0.000389644821376513,0.0,2.4283365876567593e-05,9.66631677847545e-05,0.00013738518593132815,0.0,0.0,0.0,0.0,0.0,4.8628365763046284e-05,2.0690014912699405e-05,0.0003601650455670336,1.3955279321612373e-05,0.00021141598203022445,0.00030467725648729814,1.1362669763494994e-05,0.0003764884523318971,0.00016579974243495954,1.986606891092905e-05,0.000190813737606994,0.00016579974243495954,0.0,2.205896593329243e-05,0.0,3.414167748256263e-05,0.00016999021759437922,0.00040824336166280927,2.7958437495257e-05,0.00030553337846176993,0.0005543737805498248,5.043957815328371e-05,0.003194386522239547,0.00010073283724668439,0.00027343022800296337,1.4866294405358317e-06,0.0,0.0,7.758794034074936e-05,0.00022414612661533184,0.0,0.00019039552020353508,0.000274827035205766,0.00023699843064368953,3.527055155140785e-07,0.00018532051254094815,1.099335704521297e-05,2.7958437495257e-05,2.927156255960652e-06,0.0005197366868346784,0.0,0.0,0.00274226761285396,0.0005206241187122808,4.247699228318829e-05,0.0002705063558862261,0.0006858471469468122,0.00018574785992108312,0.0006285707562357998,0.00017614185673229003,0.0010803014304499939,0.0005907815947536468,0.0023366348186193778,0.0006700799063529776,3.7156127068435412e-06,0.0006401578778396947,0.0005699186359239732,0.00028889563821030747
28,8.264500687008665e-05,0.00042894059157415386,2.2421119087804296e-06,0.0006089375763703724,0.0006124826111507812,0.0007526052831139402,0.0,0.00037342910515827054,0.00020391066863991586,1.7766717866257763e-06,1.6150857733331355e-07,1.1354347652894794e-08,0.0,1.6150857733331355e-07,5.348763357672137e-05,0.0,0.0,0.0,0.0,0.0,7.202722750341686e-05,7.202722750341686e-05,0.0005455065667614115,1.0334950759297219e-05,0.00011119072594853007,0.0015790864530743102,0.0,0.0012741886086689875,0.0,0.00017708417062259623,0.0,0.0,2.0618944235867634e-05,0.0,0.0,2.8308214370841717e-05,0.0006412738241506823,1.0705444711602572e-05,0.0006272703942372514,5.460586801236565e-05,0.0006765001086799431,5.417491536209378e-06,4.1169567510027224e-06,0.00057696909330224,0.00037485888654016034,1.0804821313562245e-05,5.52624749856497e-05,2.9331183711376902e-05,5.4653122681886995e-06,0.0003177418218533771,0.0,2.675633090958463e-05,0.0,7.202722750341687e-05,0.0002448650158376353,0.00011905827326095663,0.00015786180420834664,0.0,9.211159964975772e-07,0.0,1.2304591525874665e-05,7.141452907705133e-06,7.202722750341687e-05,0.0,0.0,0.0,0.0,0.0,2.4644254627584063e-05,2.426363675913352e-05,5.840785547777056e-05,0.0003604042487945247,4.822357584000932e-07,0.00012046153746854025,0.0003622248202887709,3.4973222754842125e-05,4.393664907286683e-08,0.0007641017973051678,0.00042903382932439583,4.393664907286683e-08,0.0,0.00021308254046250555,0.0,0.00012185283649775625,0.00032198025619939105,4.5326415987151863e-07,0.00011119072594853007,7.886269938733176e-08,1.5419108725530338e-05,4.117668826872183e-06,0.0002604246043707956,4.694405763409817e-05,0.0007173292160111097,0.00031096345144904377,0.0,0.0,1.6150857733331355e-07,0.0002161620758284124,0.0,6.540206520464138e-05,0.00014408124610773888,3.363085774433822e-06,0.00013128510203539974,3.2356063626311183e-07,3.2356063626311183e-07,3.2356063626311183e-07,3.5749533943899145e-07,2.605040741354963e-05,0.0,0.0,0.0003062597301354015,0.00032439309806072455,1.6929182705525297e-06,5.079786238253972e-05,0.0005345748986473444,7.805840863310781e-06,0.00021747788040913903,0.00010631523977004524,2.939883959001354e-06,0.0009318639449539586,0.00019554297703480586,0.0007950132172645976,1.7849664240579218e-06,3.6096105441507306e-05,0.00018487529521656835,5.23915439592322e-06
29,9.411455628630648e-05,0.00046179734026212957,1.977179283156746e-06,0.00040315387209450973,2.0898516222671477e-05,0.0005228635640678288,0.0,0.00040163200845051597,0.0006117879439960063,0.0002226780641710511,6.449259948088035e-05,2.8280690406097303e-05,0.0,6.449259948088035e-05,3.868240880472944e-05,0.0,0.0,0.0,0.0,0.0,1.2889756611647475e-05,1.2889756611647475e-05,1.2889756611647475e-05,0.0004929142862643357,0.00012334824570187954,0.0009394350286723304,0.0,8.055238248844089e-05,0.00017708417062259623,0.0,0.0,0.0,5.175723879108487e-05,0.0,0.0,0.00017257816999092612,0.00010248470194040537,0.0005669521307264467,7.11946210331829e-05,4.831658254763726e-05,6.87345120369824e-05,8.797585153163244e-05,8.94777808765079e-05,0.00010324082238175885,0.0013479442527369618,0.000202766696157307,0.0012682580727814878,2.510263032096219e-05,5.5457452179571965e-05,5.168840913817151e-06,0.0,1.5598110246567215e-05,0.0,1.2889756611647476e-05,7.480291265221981e-05,3.297340877478724e-05,0.0001236862861365047,0.0,1.7046593254460476e-05,0.0,5.158531034157731e-05,0.00011616569181488082,1.2889756611647476e-05,0.0,0.0,0.0,0.0,0.0,0.00010324082238175885,7.03628046685574e-05,9.398702754771435e-05,6.449259948088035e-05,9.221696113403922e-05,1.0220315843022357e-07,1.1227955218046743e-06,0.000533274586895728,0.00010687763332892046,3.076820273623706e-06,4.6942460394087964e-07,3.923035543153161e-08,0.0,0.00025863048618977175,0.0,2.2473347137223372e-05,0.0004322106378966892,0.0006106007049720834,0.00012909496380743204,0.00016569630847173373,0.00016563138318856992,2.317225495864899e-06,0.0003811434852686107,7.144946487285951e-05,0.00022099731301636805,0.00010462341822998133,0.0,0.0,6.449259948088035e-05,3.868240880472945e-05,0.0,0.00014103360303335517,2.5783891887908078e-05,0.0011884447084807162,5.168840913817151e-06,0.00012909496380743204,0.00012334824570187954,0.00012334824570187954,1.195788165290389e-06,0.0001958492434256489,0.0,0.0,0.0001267232316273534,0.00011768760577539892,0.00025614382119199094,4.4768518953447966e-06,1.9362392409943713e-05,0.0005188974911473796,0.000956859720390499,0.0001212115848274809,0.0001325920212519164,0.000303294089377658,0.00011529455043491569,1.2415696244024723e-05,1.7058587475956145e-07,0.00019987584405078182,0.00010336393631834749,2.1393269269307186e-06
30,0.0,0.0,0.0,0.0,0.0,0.0,0.0,0.0,0.0,0.0,0.0,0.0,0.0,0.0,0.0,0.0,0.0,0.0,0.0,0.0,0.0,0.0,0.0,0.0,0.0,0.0,0.0,0.0,0.0,0.0,0.0,0.0,0.0,0.0,0.0,0.0,0.0,0.0,0.0,0.0,0.0,0.0,0.0,0.0,0.0,0.0,0.0,0.0,0.0,0.0,0.0,0.0,0.0,0.0,0.0,0.0,0.0,0.0,0.0,0.0,0.0,0.0,0.0,0.0,0.0,0.0,0.0,0.0,0.0,0.0,0.0,0.0,0.0,0.0,0.0,0.0,0.0,0.0,0.0,0.0,0.0,0.0,0.0,0.0,0.0,0.0,0.0,0.0,0.0,0.0,0.0,0.0,0.0,0.0,0.0,0.0,0.0,0.0,0.0,0.0,0.0,0.0,0.0,0.0,0.0,0.0,0.0,0.0,0.0,0.0,0.0,0.0,0.0,0.0,0.0,0.0,0.0,0.0,0.0,0.0,0.0,0.0,0.0,0.0,0.0,0.0
31,0.0,0.0,0.0,0.0,0.0,0.0,0.0,0.0,0.0,0.0,0.0,0.0,0.0,0.0,0.0,0.0,0.0,0.0,0.0,0.0,0.0,0.0,0.0,0.0,0.0,0.0,0.0,0.0,0.0,0.0,0.0,0.0,0.0,0.0,0.0,0.0,0.0,0.0,0.0,0.0,0.0,0.0,0.0,0.0,0.0,0.0,0.0,0.0,0.0,0.0,0.0,0.0,0.0,0.0,0.0,0.0,0.0,0.0,0.0,0.0,0.0,0.0,0.0,0.0,0.0,0.0,0.0,0.0,0.0,0.0,0.0,0.0,0.0,0.0,0.0,0.0,0.0,0.0,0.0,0.0,0.0,0.0,0.0,0.0,0.0,0.0,0.0,0.0,0.0,0.0,0.0,0.0,0.0,0.0,0.0,0.0,0.0,0.0,0.0,0.0,0.0,0.0,0.0,0.0,0.0,0.0,0.0,0.0,0.0,0.0,0.0,0.0,0.0,0.0,0.0,0.0,0.0,0.0,0.0,0.0,0.0,0.0,0.0,0.0,0.0,0.0
32,4.339986186932017e-05,0.0006562641486052615,2.889920075042603e-05,2.9544471932857784e-06,3.469307888961893e-05,3.6642174261902765e-06,0.0,0.00012165414924154577,0.00025584707519173686,6.738883728725427e-05,1.953595054631138e-05,0.0017216297175870888,0.0,1.953595054631138e-05,1.1717640340831986e-05,0.0,0.0,0.0,0.0,0.0,3.904571288665243e-06,3.904571288665243e-06,3.904571288665243e-06,0.00014930107443158493,3.910470231655864e-05,0.00028452699231839955,0.0,0.000548132451390268,2.0618944235867634e-05,5.175723879108487e-05,0.0,0.0,0.0,0.0,0.0,2.406435183117356e-06,0.00034697045576826844,9.013776000908366e-05,0.0009232904069878618,0.00013217535433717592,0.00018034088141812596,7.560056975210682e-05,0.0001591487198713083,3.127325841258383e-05,1.5812933358276494e-05,0.0005515896175176928,0.00014308954154247216,3.733198775263878e-05,3.7648971549950018e-06,0.00048628301302624697,0.0,0.0005563096513948301,0.0,3.904571288665243e-06,3.42987978877886e-05,0.00014164091479017764,8.469440953592545e-07,0.0,0.00010524300560462119,0.0,1.562613986002412e-05,3.5188322576560335e-05,3.904571288665243e-06,0.0,0.0,0.0,0.0,0.0,3.127325841258383e-05,5.086174384220431e-05,0.00038447275484906614,1.953595054631138e-05,5.275685908251183e-06,0.0001811417594960854,2.6268690390590427e-05,0.00041572534132577237,8.311326509892353e-05,9.013776000908366e-05,9.80088711072201e-05,8.311326509892353e-05,0.0,7.834105142442887e-05,0.0,7.048320729838599e-05,1.1090513061706595e-05,0.00018494375978383247,3.910470231655864e-05,0.00016241114540062416,2.1895776157604028e-05,4.534508713173246e-05,0.00017431037901413784,0.0001284008908372928,8.661474527284278e-06,5.175723879108482e-05,0.0,0.0,1.953595054631138e-05,1.1717640340831984e-05,0.0,0.0003387979110083207,7.810451109925573e-06,1.0673238027244451e-05,0.0002365067138244923,3.910470231655864e-05,3.910470231655864e-05,3.910470231655864e-05,0.0004891234584287782,0.000163383187490663,0.0,0.0,2.8103339614505435e-05,4.0589058450871287e-05,1.26136955212963e-05,1.658900443586586e-05,6.6593325391686785e-06,0.0001241253126797265,0.00011694257909566767,1.0110565191926365e-05,1.7867326414570852e-05,0.00038671204785474403,0.0009873059482324836,0.00022779661837280256,1.8434762106448322e-05,0.00031256345433280084,1.1550136245501083e-05,0.00011677426708618047
33,0.0,0.0,0.0,0.0,0.0,0.0,0.0,0.0,0.0,0.0,0.0,0.0,0.0,0.0,0.0,0.0,0.0,0.0,0.0,0.0,0.0,0.0,0.0,0.0,0.0,0.0,0.0,0.0,0.0,0.0,0.0,0.0,0.0,0.0,0.0,0.0,0.0,0.0,0.0,0.0,0.0,0.0,0.0,0.0,0.0,0.0,0.0,0.0,0.0,0.0,0.0,0.0,0.0,0.0,0.0,0.0,0.0,0.0,0.0,0.0,0.0,0.0,0.0,0.0,0.0,0.0,0.0,0.0,0.0,0.0,0.0,0.0,0.0,0.0,0.0,0.0,0.0,0.0,0.0,0.0,0.0,0.0,0.0,0.0,0.0,0.0,0.0,0.0,0.0,0.0,0.0,0.0,0.0,0.0,0.0,0.0,0.0,0.0,0.0,0.0,0.0,0.0,0.0,0.0,0.0,0.0,0.0,0.0,0.0,0.0,0.0,0.0,0.0,0.0,0.0,0.0,0.0,0.0,0.0,0.0,0.0,0.0,0.0,0.0,0.0,0.0
34,0.0,0.0,0.0,0.0,0.0,0.0,0.0,0.0,0.0,0.0,0.0,0.0,0.0,0.0,0.0,0.0,0.0,0.0,0.0,0.0,0.0,0.0,0.0,0.0,0.0,0.0,0.0,0.0,0.0,0.0,0.0,0.0,0.0,0.0,0.0,0.0,0.0,0.0,0.0,0.0,0.0,0.0,0.0,0.0,0.0,0.0,0.0,0.0,0.0,0.0,0.0,0.0,0.0,0.0,0.0,0.0,0.0,0.0,0.0,0.0,0.0,0.0,0.0,0.0,0.0,0.0,0.0,0.0,0.0,0.0,0.0,0.0,0.0,0.0,0.0,0.0,0.0,0.0,0.0,0.0,0.0,0.0,0.0,0.0,0.0,0.0,0.0,0.0,0.0,0.0,0.0,0.0,0.0,0.0,0.0,0.0,0.0,0.0,0.0,0.0,0.0,0.0,0.0,0.0,0.0,0.0,0.0,0.0,0.0,0.0,0.0,0.0,0.0,0.0,0.0,0.0,0.0,0.0,0.0,0.0,0.0,0.0,0.0,0.0,0.0,0.0
35,0.00021976328233287625,1.199022115297595e-05,0.00010142062094505412,0.00020051769564126106,6.289472905229225e-06,1.1705782334607562e-05,0.0,0.0006149139991828171,0.0002928399984586526,0.0002164742420026817,3.4034512780840555e-07,0.00024764161546294,0.0,0.0008792576383995382,0.0008916131743063237,0.0,0.0,0.0,0.0,0.0,0.00017569718225244544,0.00017569718225244544,0.0002970445244821739,0.0006023673757267487,0.00024412265921818117,0.00019466063653711093,0.0,6.432477198579098e-05,2.8308214370841717e-05,0.00017257816999092612,0.0,0.0,2.406435183117356e-06,0.0,0.0,0.0,0.001802063212190035,0.000616875146728391,1.3476007180755669e-05,1.0127369815974034e-05,7.465204999760006e-05,9.980528701211255e-05,0.0028464331990440215,6.799026471416151e-06,0.001326889515061264,0.000459008438668829,6.835865841578297e-05,4.986067629128977e-07,0.0010977220942221932,0.00029375469184857086,0.0,3.964863678225473e-05,0.0,0.00029704452448217383,0.0013658865253365873,7.371459142548617e-05,5.7625988299943136e-05,0.0,9.016079550559601e-05,0.0,7.500339963645026e-05,0.0006584454810170967,0.00017569718225244544,0.0,0.0,0.0,0.0,0.0,0.00015019511678773453,0.0003101830148262933,9.91872441152028e-07,0.00012185320630837701,9.787547301364939e-05,0.000478328118021884,1.4948880389569169e-05,0.0015148966333134398,0.0004821551555766997,0.00018416730200884344,4.386870615550757e-05,0.0011255148312761401,0.0,5.0647752943625815e-05,0.0,0.0002588491901055959,0.00011850501098690375,0.0006607521396621591,5.512087942597066e-05,4.221349222409995e-05,0.00013122665240176317,9.280623899704434e-08,0.0006709501360104494,0.0002414766391514037,0.00017413250395032984,0.00011346377327228914,0.0,0.0,0.00012185320630837701,0.0005273229262185851,0.0,8.032009839338571e-05,1.099429668269997e-05,7.935440440038212e-07,0.000468748104772486,5.512087942597066e-05,0.0005734842297354594,6.81824500960706e-07,0.00014524868048913005,8.930524792292224e-05,0.0,0.0,2.653956211212281e-05,2.296468299091295e-05,0.0002767340731929073,1.4872951871699926e-05,0.0003056478162687974,0.00031070329458920357,2.281148186872523e-06,2.8831190220814356e-05,2.140650628906066e-05,0.0006955899932048759,1.099917675940836e-05,7.5351053238480875e-06,0.0008446319986607298,1.721596141377119e-05,2.300486786806352e-05,0.0003772628115199187
36,1.3382818260490982e-05,2.7290574928997982e-05,9.148137935478156e-05,8.622821249137827e-07,1.4908340719489732e-06,5.1666302948452474e-05,0.0,0.0001812646399691794,0.00022758106887399172,8.361602291953103e-05,2.910819031979742e-05,1.7315863339787633e-05,0.0,2.9108190319797418e-05,1.745904168755569e-05,0.0,0.0,0.0,0.0,0.0,5.817724815513963e-06,5.817724815513963e-06,5.817724815513963e-06,2.6399702767388394e-05,0.00032276059932685996,9.074156363803363e-06,0.0,0.0002755261832640425,0.0006412738241506823,0.00010248470194040537,0.0,0.0,0.00034697045576826844,0.0,0.0,0.001802063212190035,0.0,0.00011007777476365933,0.00019684647829894806,3.7174765740609274e-08,1.4344153473483566e-05,1.3848778945094631e-05,4.635608729911504e-05,4.659662089098597e-05,0.0001244160111990144,0.00016208842397383934,2.053544245752306e-05,3.7544448679565105e-05,1.183485161718707e-06,1.0772604958763312e-06,0.0,3.970553201906109e-05,0.0,5.817724815513963e-06,0.0003110650251355588,0.001123398225735805,9.028559283580275e-05,0.0,0.0005555931761916906,0.0,2.328263637508977e-05,5.2430025065384316e-05,5.817724815513963e-06,0.0,0.0,0.0,0.0,0.0,4.659662089098597e-05,7.578331366910552e-05,0.0004363745555162428,2.910819031979742e-05,5.305816610826487e-05,1.9814925389801026e-05,0.00014426042273085423,3.7230272198413516e-05,0.00026029336156160475,0.00011007777476365933,0.00014603275395084695,3.851521430216944e-06,0.0,0.00011672751030891167,0.0,0.00010501928587537518,0.0002647230818027687,6.842837409667217e-06,5.826539510421859e-05,0.0008452838079850949,0.001120014955244688,6.131960868247638e-05,0.0011458061643799299,9.533867221399046e-05,8.288612856729587e-05,0.0006761400609671186,0.0,0.0,2.910819031979742e-05,1.745904168755569e-05,0.0,4.0501203243303695e-05,1.1637404939894986e-05,0.0011454469408464884,0.0007245947821955648,5.826539510421859e-05,5.826539510421859e-05,0.00032276059932685996,5.000618303889731e-05,0.0002046631907789056,0.0,0.0,3.926929692930908e-05,0.000167475443881189,0.0006141618136535311,0.0003498232105595949,1.5154638134977502e-05,9.045360165266757e-06,0.0004384966079321955,0.0005051941776653896,0.00014503001251311336,0.0003856081630169868,1.4108318630848412e-05,8.710147310019722e-05,7.727584490536092e-05,0.0010225269532934031,4.654196420201021e-05,2.512056259666853e-05
37,0.0007919905531286605,5.283757284550272e-05,4.2483943563015135e-05,2.78454297170472e-06,0.00012082894620518524,0.0005353216563675565,0.0,0.0008729876357669417,0.0006210560162712854,0.0003256244749321734,1.2812056268027283e-05,0.00044182846697787804,0.0,1.2812056268027283e-05,7.684661606791093e-06,0.0,0.0,0.0,0.0,0.0,2.5606972490599064e-06,2.5606972490599064e-06,2.5606972490599064e-06,0.00018092061507566707,2.5645580681003515e-05,0.00018659401467516234,0.0,0.00010713294834148305,1.0705444711602572e-05,0.0005669521307264467,0.0,0.0,9.013776000908366e-05,0.0,0.0,0.000616875146728391,0.00011007777476365933,0.0,0.0035904501254480393,0.0011354576452736128,0.00019709485241411605,0.000121928724423136,0.0007612136953310787,2.050959013423237e-05,0.00030731370297288837,0.00011869750745568578,0.0004540318211110761,3.558305467550826e-05,0.0004654846714866629,0.0003189007762029027,0.0,0.00012715936466283715,0.0,2.5606972490599064e-06,0.00010616580217124246,2.5919948624358082e-05,4.204361431279168e-05,0.0,0.0002445276058712573,0.0,1.0247929862371267e-05,2.307715489291477e-05,2.5606972490599064e-06,0.0,0.0,0.0,0.0,0.0,2.050959013423237e-05,3.3356030002828324e-05,5.6754464045218707e-05,1.2812056268027283e-05,0.0003811292147964328,0.0004360678914585763,4.240186110584393e-05,0.0003092484895235951,7.32420970911547e-06,5.911373326433717e-05,6.427568527157672e-05,0.0003357228412603743,0.0,0.0011514470449068492,0.0,4.622405349663958e-05,2.76499217630573e-05,0.00012128796642103755,2.5645580681003515e-05,2.7137404051620986e-05,0.00015747299136927993,0.00015039860239780822,0.00019900521394020196,1.955280992927842e-05,0.00017610755441311156,3.076820273623706e-06,0.0,0.0,0.0008062593610300554,7.684661606791094e-06,0.0,7.32420970911547e-06,5.122250926818062e-06,9.489222873293869e-05,7.881730944636315e-07,2.5645580681003515e-05,2.5645580681003515e-05,2.5645580681003515e-05,0.00018471517195805121,4.5686576212749846e-05,0.0,0.0,6.29322715148884e-05,1.1939500511382986e-07,0.00019905375808574206,0.0002524328032894325,0.0005196560680380679,0.0005738933259674745,0.000833041334144932,0.00019639593157371442,0.0003212206289221303,0.00016078991882411764,0.0001502357065603343,0.0008636388409688707,1.4108766320086483e-05,0.00020497993968034202,6.389196403746032e-05,5.6306564350298806e-06
38,0.00022553236841986717,0.00011504187952213044,0.005059982211060911,3.8874644085836905e-06,0.001139884112954813,0.011436592364078187,0.0,0.0006510985585005088,6.304490961452362e-05,0.0007867789226429231,5.4666499358390204e-05,0.0017084097778285647,0.0,2.7440478503026503e-05,0.00026134899126040325,0.0,0.0,0.0,0.0,0.0,0.0001255351466132456,0.0001255351466132456,0.0001255351466132456,0.00018649052030862538,0.00010950109093772677,1.6731301267907132e-06,0.0,0.0010965149208066547,0.0006272703942372514,7.11946210331829e-05,0.0,0.0,0.0009232904069878618,0.0,0.0,1.3476007180755669e-05,0.00019684647829894806,0.0035904501254480393,0.0,0.02112308599616193,0.0010111659018116476,2.9682658404815753e-05,0.0020492238206524897,2.6493012552848916e-05,0.003920712281091365,2.5920410093663857e-06,1.9812742542169048e-06,0.003239071804836697,0.0015877203725325542,0.0003786418819360202,0.0,0.0011087169696397305,0.0,0.0001255351466132456,2.6962692708031076e-05,3.291354449547516e-05,0.00012082765229344278,0.0,2.2831114295029183e-06,0.0,0.000502445570997673,0.0003730063350827848,0.00038583572324870833,0.0,0.0,0.0,0.0,0.0,2.6493012552848916e-05,4.0547535368436327e-07,0.00018190762363022236,5.466649935839018e-05,4.90674185561887e-06,0.00042085237265948854,0.0007531042711872256,0.00010104458844671085,5.8658038663422785e-06,0.00024729313944692633,0.00011211617247550826,0.002573417549411562,0.0,0.00047835076700397314,0.0,0.003484247933981394,0.0003490189081724257,0.0013213294959262575,0.001046201242691152,0.001099079931173085,0.07736684526558171,0.0007252836956102258,0.0016022956569534527,0.014250905786556987,0.0014031925100741068,0.00268177884246849,0.0,0.0,5.4666499358390204e-05,0.0003767578904635796,0.0,0.0009039211081013632,4.962345981023059e-05,0.0010352049775188953,3.56336676690048e-05,0.00010950109093772677,0.0004339574014862733,5.49765977502539e-05,0.0009799999644184276,0.0014327573223231402,0.0,0.0,0.0004944456190829607,2.631559641003969e-05,9.407948256170756e-06,0.0018181979476386868,2.997081004804279e-05,0.0027227252166393233,0.008795994159790824,0.0008419289450909131,0.001009164878133427,0.0003375535276511259,0.001255363065313042,0.003816185094992628,0.0011028414734082625,1.4171924329666082e-05,0.0008503366594586293,0.00013335569250166619
39,0.0015692810393737999,0.000634710985644913,8.749087660751831e-05,9.100528449130108e-06,0.0002706565706937789,0.00033234077788801223,0.0,1.84501926932054e-05,0.000785698270981277,1.116500798787343e-05,0.0008065345174882935,0.0004639604328746357,0.0,0.0001306152422783059,5.446976932811891e-06,0.0,0.0,0.0,0.0,0.0,0.00031914081301887367,0.00031914081301887367,0.00016116863459001175,0.00041430638340903404,5.107821149335969e-05,3.867337111166356e-06,0.0,4.150583450808303e-07,5.460586801236565e-05,4.831658254763726e-05,0.0,0.0,0.00013217535433717592,0.0,0.0,1.0127369815974034e-05,3.7174765740609274e-08,0.0011354576452736128,0.02112308599616193,0.0,0.0036125980379065788,0.00011174312909268411,0.000681811861629451,7.440113185754429e-05,0.002852726766111875,0.00019407556685582046,0.0005049321007292934,2.435342909772216e-05,0.0003757962734404329,2.8929418867999876e-05,0.0,6.330325232299216e-05,0.0,0.00016116863459001178,0.00042341415381070744,0.00038761829255018,8.892846338378756e-06,0.0,0.00029086257650902175,0.0,5.3489948191026715e-05,1.6373071623166356e-05,0.00031914081301887356,0.0,0.0,0.0,0.0,0.0,4.205483357768386e-07,5.467387371504669e-05,3.4338338671070865e-05,9.417641775136907e-07,0.0005115861950220034,1.627015697739818e-05,0.0007025567926650855,3.36161418648933e-07,0.0004778853102543482,0.00014271981923214992,0.00032023697955884615,0.00023230868537305223,0.0,0.00018677253136763878,0.0,0.0001493459987768009,7.869279613666224e-05,0.00023469359730151533,9.306533408532042e-05,0.00029476836303184324,0.00027146817413179185,0.0007223070797344865,0.000562160901325953,0.0008179777765789081,0.0001025487197770208,3.282181591817161e-05,0.0,0.0,9.417641775136907e-07,5.446976932811891e-06,0.0,0.00016684151806157957,0.0006384600138413524,0.0004836504610977784,3.869993453728068e-06,0.0006886232198509584,5.107821149335969e-05,1.8866912487576173e-06,1.5172511506823154e-05,0.0002377241941058277,0.0,0.0,0.0020283727092304978,0.002986740582998704,0.0019380225732983066,2.162775158557305e-05,0.002677551925131732,4.911336186078823e-05,0.0007872272218946326,0.00011256791481593334,0.006619241786916457,0.0001536948933319694,0.0035688958375657658,4.665868095017037e-06,4.925473848004479e-05,2.6108552374868666e-05,0.00011814608458874613,0.00015956305227321065
40,0.0001714221898373113,7.670080689778857e-05,0.00022693682280880054,0.00014450435565995802,0.00021317607222673353,9.433316525858529e-05,0.0,0.00023011857888463773,0.000668725762706071,7.673915386731465e-05,4.271631974407329e-05,0.0002970762344908413,0.0,4.271631974407329e-05,2.5621138515895495e-05,0.0,0.0,0.0,0.0,0.0,8.537497657672777e-06,8.537497657672777e-06,8.537497657672777e-06,0.00048634190606104384,8.550486440444872e-05,7.712318936578733e-05,0.0,0.0003872761494672014,0.0006765001086799431,6.87345120369824e-05,0.0,0.0,0.00018034088141812596,0.0,0.0,7.465204999760006e-05,1.4344153473483566e-05,0.00019709485241411605,0.0010111659018116476,0.0036125980379065788,0.0,0.0002997206021868005,0.0006111453845385065,6.83807639196085e-05,0.0001300204642277771,1.2650673941308314e-05,7.176155834846305e-05,0.0001978221812269234,0.0005437347312904832,7.736901396077642e-05,0.0,0.0001263814700718231,0.0,8.537497657672778e-06,0.00045650382693577065,0.00036077898485418504,0.00010396775108749846,0.0,1.1224846719867193e-05,0.0,3.416728560930091e-05,7.694136575303641e-05,8.537497657672778e-06,0.0,0.0,0.0,0.0,0.0,6.83807639196085e-05,0.00011121276088900727,8.542408292471523e-05,4.271631974407329e-05,0.0011143516760714948,1.5704306747876026e-05,1.2648226920934386e-06,0.000390054730912465,0.0005745324677004205,0.00019709485241411605,3.1355474493458956e-05,0.0005745324677004205,0.0,0.00017129960837442733,0.0,0.00015411737483367089,0.0008191927494889972,0.00040440886709487077,8.550486440444872e-05,3.618636776461922e-05,0.00012615118329021863,0.00014570468348450898,0.0004369087480265481,0.0002659943449170197,0.0005872123432343059,5.370327659142646e-05,0.0,0.0,4.271631974407329e-05,2.5621138515895495e-05,0.0,5.12206535813848e-05,1.7077876514422485e-05,0.00016371285754334872,0.0001795695150120973,8.550486440444872e-05,8.550486440444872e-05,8.550486440444872e-05,0.00017228722877897008,0.00012885605075193423,0.0,0.0,0.00027551608581681097,0.0004101903823600942,4.5715526840290786e-05,0.0007699045685210446,0.0005705403523836748,5.729787996621187e-06,0.0005685972054141918,2.6874951420574622e-05,6.935882662999259e-05,7.241792987896438e-07,0.001059088911573349,0.00011039436369915498,0.00022885562631270908,0.0009363094028816852,6.80643968849953e-05,0.0002972601638057447
41,1.5040762345160867e-06,0.00031663387884324577,1.071666702265263e-05,0.0003770529278827122,0.0004253540560359209,2.599552659416515e-07,0.0,0.0004526489231848924,0.00021463946861472643,3.618899705923654e-05,9.330038889156721e-05,0.0008376357190120927,0.0,1.0697013532286344e-05,0.00028456961973861745,0.0,0.0,0.0,0.0,0.0,9.481998082117137e-05,9.481998082117137e-05,9.481998082117137e-05,4.133530399714515e-06,0.00023598342381020627,1.69258490339981e-05,0.0,0.00024207763138967345,5.417491536209378e-06,8.797585153163244e-05,0.0,0.0,7.560056975210682e-05,0.0,0.0,9.980528701211255e-05,1.3848778945094631e-05,0.000121928724423136,2.9682658404815753e-05,0.00011174312909268411,0.0002997206021868005,0.0,0.00012751469442723838,3.6133230901677594e-08,0.0003783536940947501,0.00012246241039337667,0.0015200747352734963,0.0004815317775632806,1.0843903358706054e-06,4.550621864382338e-06,0.0,3.120270296359069e-05,0.0,9.481998082117138e-05,0.000135242683333991,0.0007776698349517388,2.3228910694975623e-06,0.0,5.255155369448541e-05,0.0,0.0003794993346251293,0.00017805801925403108,9.481998082117137e-05,0.0,0.0,0.0,0.0,0.0,3.6133230901677594e-08,0.00019825799431782173,0.0001283409451326564,1.0697013532286344e-05,0.0001392401412573488,0.00010434709264172748,0.0005718225912850453,0.00014861154444313542,9.164306743590796e-07,0.0003264848179373724,0.0004279733308052303,0.00011735593967646921,0.0,0.0006465122661009359,0.0,1.0801213370754774e-05,0.0008485642357302179,8.11837288515249e-06,0.00023598342381020627,0.00028858064487665997,0.006583686029679358,0.0007715779367538315,3.774764539374927e-05,4.5187410896340634e-07,0.00021039613337153242,4.632304131119451e-06,0.0,0.0,1.0697013532286344e-05,1.8388805777372615e-05,0.0,9.164306743590796e-07,9.788504456471989e-05,4.13837237440897e-06,2.3735407608943765e-05,2.14281084389043e-05,0.00023598342381020627,2.14281084389043e-05,0.00025206624396905287,5.370867932813885e-05,0.0,0.0,9.706197015016231e-06,0.0006344203133944121,0.0008595708128467544,0.00015095409285112308,2.504471313374574e-06,1.3138230467222558e-05,0.0011838591576953956,0.00012341244736346468,0.0004316563205088667,0.001016086156466603,0.00026833608674199736,0.0003239361990305962,0.0012068968817279466,7.92340615060101e-05,0.00017203702266628757,0.00013621155994936792
42,0.00032105660009086514,1.2685433998197424e-05,0.0002029426225400718,8.625901314373891e-07,2.6711981603650802e-05,0.0011670830890056962,0.0,0.0001292451450205579,6.679559994232447e-05,0.0003888074171233234,7.1059966966508314e-06,6.542277141403474e-08,0.0,0.0002606109853786465,0.00018004477927320244,0.0,0.0,0.0,0.0,0.0,5.9993019021977996e-05,5.9993019021977996e-05,5.9993019021977996e-05,9.09541959727263e-05,5.781718172683149e-05,2.1526333430608275e-05,0.0,0.0006821438422044759,4.1169567510027224e-06,8.94777808765079e-05,0.0,0.0,0.0001591487198713083,0.0,0.0,0.0028464331990440215,4.635608729911504e-05,0.0007612136953310787,0.0020492238206524897,0.000681811861629451,0.0006111453845385065,0.00012751469442723838,0.0,6.268983875375381e-05,3.764945557151937e-05,0.00044953440131783153,0.0008471743350438174,0.00030679520351396426,0.00028715468893099165,3.6068951088442914e-05,0.0,0.00039516588371105643,0.0,5.9993019021977996e-05,7.411943927869576e-05,0.00011646947869793189,7.277369047784497e-05,0.0,0.0006730373319281898,0.0,0.0002401035526021473,0.0005407269948692499,5.9993019021977996e-05,0.0,0.0,0.0,0.0,0.0,0.0003396550293604129,1.9420388215905644e-06,1.681622641724087e-05,7.1059966966508314e-06,0.0011052344774829725,0.0003366469233671886,0.00016572216594064868,6.692630553195274e-05,0.0011845971213052114,3.524118026061306e-05,6.64702450689449e-05,0.0004558322662270393,0.0,2.8574720059962734e-05,0.0,6.98624044800519e-05,0.00012892893198053089,1.6559039955653588e-06,1.423702685816434e-05,1.8666510202666005e-05,1.7872154554594323e-05,3.844133146104021e-05,8.333198523360744e-06,0.00016633346450536457,1.1189650098023364e-05,4.793859585826326e-07,0.0,0.0,7.1059966966508314e-06,0.000625690481735356,0.0,8.543495498712183e-05,0.00012000794009937136,9.556391170116672e-07,8.096393900733454e-06,1.423702685816434e-05,5.781718172683149e-05,1.423702685816434e-05,0.00045015561278068106,0.00036933734122147725,0.0,0.0,0.0012162977646979012,0.0005458042477438688,0.0009509404390065932,3.4902511874823844e-05,1.4249378044604768e-05,0.000336304494143176,1.9711876363455872e-07,1.0900102794236333e-05,3.956214362783048e-05,0.00020280492631986674,0.000579162446657247,0.0014379077310460106,0.00016580568535972577,6.711486615783768e-05,0.000952989837996643,4.339521519355948e-05
43,7.352817809528131e-05,4.7631554204966524e-05,3.724531849564271e-07,3.2491959226783234e-05,0.0005869156080652018,1.4532280988049942e-05,0.0,2.76805346324904e-05,0.00021545579375268625,0.0003325186581959441,4.445194167482387e-06,6.89950485790898e-05,0.0,4.445194167482386e-06,2.666226323025883e-06,0.0,0.0,0.0,0.0,0.0,8.884456458185653e-07,8.884456458185653e-07,8.884456458185653e-07,3.397098449921911e-05,8.897818054713342e-06,6.473768051463454e-05,0.0,0.00014815167929048954,0.00057696909330224,0.00010324082238175885,0.0,0.0,3.127325841258383e-05,0.0,0.0,6.799026471416151e-06,4.659662089098597e-05,2.050959013423237e-05,2.6493012552848916e-05,7.440113185754429e-05,6.83807639196085e-05,3.6133230901677594e-08,6.268983875375381e-05,0.0,0.0016119458959989595,0.00012549507823228184,0.0002827543808926566,9.074358272532879e-07,4.068679573557992e-06,0.0001106382707332403,0.0,0.00021545579375268625,0.0,8.884456458185653e-07,4.750074589561758e-05,0.00017151639444232784,0.00015160349833923987,0.0,8.483657398970657e-05,0.0,3.5555617502114747e-06,8.006697707227658e-06,8.884456458185653e-07,0.0,0.0,0.0,0.0,0.0,7.115875343890882e-06,1.157296899674286e-05,0.0005126680385868782,4.445194167482387e-06,0.00021545579375268625,6.7606428904283e-05,0.00018862386689765014,4.6582682378814026e-05,0.00014512123002884507,2.050959013423237e-05,2.230051744170258e-05,0.0005704115923064019,0.0,1.782545462594459e-05,0.0,1.6037532233956996e-05,0.0008265772711717577,4.2080592860565006e-05,8.89781805471334e-06,0.00018005639826491898,0.00035411117337004645,1.4971817370847536e-05,0.00018481270103818314,0.00011402360903471078,6.109957230815744e-05,0.00010324082238175885,0.0,0.0,4.445194167482387e-06,2.666226323025883e-06,0.0,0.00014512123002884507,1.777187687544639e-06,1.0443098411508294e-07,0.0001106382707332403,8.89781805471334e-06,8.89781805471334e-06,8.89781805471334e-06,1.215718718117617e-05,1.341783729877656e-05,0.0,0.0,0.0002068017379070421,0.00012177310152167193,0.00010047206650886207,0.00010226538196527913,7.440113185754429e-05,0.0002510620954943349,0.0001586700107523772,5.759345910536789e-05,0.0002786424919230242,9.872853372804567e-05,1.306156772951706e-05,4.721721585713542e-06,0.00019626259468140113,7.111634964197961e-05,1.7981982876295126e-07,0.00016095369928580822
44,3.67456592281234e-05,0.0001523480642434045,0.0008724369700600235,4.988103930003555e-05,0.0015710406066981111,0.0002649929075681746,0.0,0.00018955268973237295,0.00033276367246322163,5.991232874851134e-05,8.671444683848846e-05,6.864650544549525e-06,0.0,1.0255191477145936e-05,0.0002116694197172419,0.0,0.0,0.0,0.0,0.0,0.00035289508557594806,0.0001417701613427687,0.0001417701613427687,0.00020620145883256812,0.00044415222668868276,4.306679209052308e-05,0.0,0.0024108943541742995,0.00037485888654016034,0.0013479442527369618,0.0,0.0,1.5812933358276494e-05,0.0,0.0,0.001326889515061264,0.0001244160111990144,0.00030731370297288837,0.003920712281091365,0.002852726766111875,0.0001300204642277771,0.0003783536940947501,3.764945557151937e-05,0.0016119458959989595,0.0,0.00036371335239348797,5.989800839174982e-05,0.00016654829180913619,0.00032726150972625656,4.5649989462760894e-05,0.0,0.0012537997167885138,0.0,0.0001417701613427687,5.5291831522020845e-06,6.186430319662537e-05,8.861700554617553e-07,0.0,0.0004843731504453157,0.0,2.901822422244878e-05,1.1846976949959483e-06,0.00035289508557594806,0.0,0.0,0.0,0.0,0.0,5.8109910924002714e-05,0.000137790788306417,1.523273968514604e-05,0.0007094401571439249,1.694071555141468e-05,0.001562956051548511,3.636563219376024e-05,0.00010426212764598182,0.00041722954448454976,0.000495059424687485,0.00015603984013383507,0.0007448086478278942,0.0,3.296775780668021e-05,0.0,0.0008729804694249514,5.0192168485054586e-05,2.6899799209062307e-05,0.0014445156583828241,0.0018808676988457942,4.066537754454278e-05,2.9178923721560977e-05,6.839016070523134e-06,0.0002952910006508323,2.0167169263856917e-06,0.0005846475457644438,0.0,0.0,8.671444683848846e-05,3.9411430470872895e-07,0.0,2.2026373953545723e-05,3.291783686696719e-05,0.00012235703686092796,6.890187016132549e-05,0.00016505169038458445,1.6430071161672424e-05,0.00016505169038458445,0.00011523616893114414,0.0004702367333466696,0.0,0.0,0.00041115296405803926,0.0012715231477866658,0.0002113777288425716,6.580099730481119e-05,4.58138456731305e-05,0.00016802585225401956,1.502932562929193e-05,0.00019554226519581186,0.0002490405323596961,0.00043702672744203204,0.003602509381784493,0.0027854720499348416,0.000188124888770362,0.00029326165979912545,0.0004127146802426025,0.00032703007418927784
45,8.350250742725001e-05,2.3111501049391135e-05,0.0002642415395236516,7.180493883876364e-05,0.00015007165590935276,0.00011733761690502589,0.0,2.4783786032220442e-05,0.0007008814880023135,3.6508433933778e-05,7.839424574075065e-05,2.109090264650114e-05,0.0,7.839424574075065e-05,4.702049447219078e-05,0.0,0.0,0.0,0.0,0.0,1.5668152035132012e-05,1.5668152035132012e-05,1.5668152035132012e-05,0.00013242398824084555,0.0001569224797376488,0.0001349606172628173,0.0,7.180420274990911e-07,1.0804821313562245e-05,0.000202766696157307,0.0,0.0,0.0005515896175176928,0.0,0.0,0.000459008438668829,0.00016208842397383934,0.00011869750745568578,2.5920410093663857e-06,0.00019407556685582046,1.2650673941308314e-05,0.00012246241039337667,0.00044953440131783153,0.00012549507823228184,0.00036371335239348797,0.0,0.0019658599707722425,4.369677145533242e-05,4.7868072426456715e-06,5.8774997017749003e-05,0.0,0.00014046582643747942,0.0,1.5668152035132012e-05,0.00019098056087543712,7.78783481253362e-06,9.661650762238369e-06,0.0,4.362841661016716e-06,0.0,6.270469217496773e-05,0.00014120609188519013,1.5668152035132012e-05,0.0,0.0,0.0,0.0,0.0,0.00013212824082742245,3.9890643188682245e-05,3.0215736586320253e-05,0.00025592267653810766,0.0002727282477936999,5.899505493122976e-05,0.00012290315716055069,3.230230844406153e-05,0.0004737936420159761,5.489351371743565e-07,0.0003933157119325878,0.0005895217605928265,0.0,0.00016977267937800242,0.0,0.0002828474959642787,3.622744310837682e-07,0.00013648169990051177,0.0005133614671102065,7.749039210320867e-05,0.0003375912991804486,0.00041699997011208174,0.0007782788716642606,0.00022040960059579182,8.224472128486715e-05,0.00046677602090104805,0.0,0.0,7.839424574075065e-05,4.702049447219077e-05,0.0,0.0003021541331722636,3.1341648976393075e-05,9.7005787513419e-06,0.001017496537896701,8.451181901144721e-05,0.00015692247973764882,8.451181901144721e-05,0.00033110453199005924,0.000705196887884391,0.0,0.0,0.0018156766955972758,9.272381850962939e-05,4.624667561138883e-05,0.0002099234911808114,0.00019407556685582046,3.675376957221351e-05,2.4753955791992398e-05,0.00024498011283334445,0.0003405642690137243,0.0005712740890659348,0.0008051751266548775,0.00014014929938720557,0.00030494269023607803,6.543593451768489e-06,0.0016780264501393945,0.00047438668302971247
46,2.4223906921426496e-05,0.00031541451299229835,0.00010108079652031208,3.549333871105578e-05,0.00048028071882363086,0.00022760725864497686,0.0,4.332388193067102e-05,2.0690488622962153e-05,0.0017579978773099468,0.00017662821464777253,2.5705297255421014e-06,0.0,0.00017662821464777253,0.00010593966320476905,0.0,0.0,0.0,0.0,0.0,3.530081085999444e-05,3.530081085999444e-05,3.530081085999444e-05,0.0001932688741801467,0.00014638741687061137,0.00032185975655728977,0.0,0.0004069189697468731,5.52624749856497e-05,0.0012682580727814878,0.0,0.0,0.00014308954154247216,0.0,0.0,6.835865841578297e-05,2.053544245752306e-05,0.0004540318211110761,1.9812742542169048e-06,0.0005049321007292934,7.176155834846305e-05,0.0015200747352734963,0.0008471743350438174,0.0002827543808926566,5.989800839174982e-05,0.0019658599707722425,0.0,0.0031707213248884855,0.00014748919330835521,0.0001828211708360028,0.0,0.00010485925202473908,0.0,3.5300810859994435e-05,0.00022376650454323144,0.00010246567236924984,0.0004903849558008161,0.0,0.0005406284908394084,0.0,0.000141277722164357,0.00019003264981245138,0.0007653782855587665,0.0,0.0,0.0,0.0,0.0,8.250847268664893e-06,1.4495294495916723e-05,0.0004274786089018853,0.000516460187693573,0.0005760057873426812,3.035750347824386e-05,1.8129361844909262e-05,9.466489337705674e-05,0.0014917401679897073,8.239887264108132e-06,0.0008862626638551848,0.0002102187645552445,0.0,0.00011399705331661904,0.0,0.00012427197796204518,6.64350293416309e-06,0.00018230690610867933,0.00035356748686707015,5.105479535731465e-05,2.359526701224961e-06,4.004229388892004e-05,1.470624213834455e-05,1.2810317769153148e-05,0.000869152372101683,0.0001017857054504375,0.0,0.0,0.00017662821464777253,0.00010593966320476905,0.0,0.00011561181983810219,7.061402901732455e-05,0.00014369405759649938,1.1457250385882393e-06,5.9286039531910725e-09,5.9286039531910725e-09,0.00035356748686707015,8.719608032636903e-07,5.956536206116049e-05,0.0,0.0,0.0007214054361534337,3.907615808166899e-06,0.0015558384503253817,1.6448546555829853e-05,0.002737062960954797,1.85575055235463e-05,0.001611774172012072,0.00019378030897255778,0.002685975439726389,9.902004741417156e-05,0.0015905872764129681,0.00011132356210454323,0.00011415317230958422,0.00023506824264486086,4.640016355271612e-06,1.7181028720864456e-05
47,2.7820157622350733e-05,0.0001397240656564314,0.0004994286080467693,0.00045475670714153387,1.2012453716847018e-05,7.005569500724714e-05,0.0,9.202497476975738e-05,0.0006994510137875477,7.153936104776853e-05,4.774783205866947e-05,5.96674192731493e-06,0.0,0.0002065112763510063,0.00012386279503402546,0.0,0.0,0.0,0.0,0.0,4.1272955300173894e-05,4.1272955300173894e-05,4.1272955300173894e-05,0.00024812844131952695,0.00041338958459071325,8.349028730636194e-06,0.0,5.290706796982187e-05,2.9331183711376902e-05,2.510263032096219e-05,0.0,0.0,3.733198775263878e-05,0.0,0.0,4.986067629128977e-07,3.7544448679565105e-05,3.558305467550826e-05,0.003239071804836697,2.435342909772216e-05,0.0001978221812269234,0.0004815317775632806,0.00030679520351396426,9.074358272532879e-07,0.00016654829180913619,4.369677145533242e-05,0.0031707213248884855,0.0,9.512245140488353e-05,0.0019281610878511663,0.0,1.0173491747865557e-05,0.0,4.127295530017389e-05,9.828048269387553e-07,0.00013966867792672313,0.00018227301911672876,0.0,0.0015132784269050853,0.0,9.068167063278518e-05,4.377781953501389e-07,4.1272955300173894e-05,0.0,0.0,0.0,0.0,0.0,0.0003305941338706385,2.70324111674556e-05,0.0001690169036058925,0.0004358404432846059,5.924464316082003e-05,0.00015482022180726652,6.8166529452214205e-06,2.8599644883380666e-07,2.267682008254919e-05,3.558305467550829e-05,0.0003099866423449571,7.158041690226045e-05,0.0,0.0008282525383967187,0.0,0.00013186159863891181,6.185699693881416e-05,8.316846474111246e-05,0.0004133895845907133,6.348319270310806e-06,0.003894117686965872,2.402141791102495e-06,2.8166805015975038e-06,2.082429751417976e-06,0.0003571033152936472,0.0009533268533066788,0.0,0.0,4.774783205866947e-05,0.00012386279503402546,0.0,0.00014166505798600816,0.0002957084719113625,0.0003974352333527345,4.238703960483055e-05,4.6403722148430975e-06,4.6403722148430975e-06,0.00041338958459071325,0.0003801363389524578,0.00015946147845138795,0.0,0.0,0.00042736326219468355,2.3570412913107182e-05,0.00025812629178421226,7.753491802913316e-05,4.1587149220149956e-05,0.00039433627324187825,0.0009086554855620025,0.0008902949444784657,2.59452136083518e-05,0.0002445561141063532,0.00018976555345971008,7.955101551058497e-06,0.0002971065761157247,1.2897646407579422e-05,5.891389428503064e-06,0.0001218466720593692
48,0.0008418831146497999,0.0005830192259204626,0.0011802825841196454,0.000153960502927028,0.0013901380793820816,0.0027495137498245188,0.0,5.885144831550322e-05,1.4629766458569733e-05,0.0007033923685400879,6.123955726022303e-05,4.284198159145531e-05,0.0,6.123955726022303e-05,0.0003206141572717476,0.0,0.0,0.0,0.0,0.0,0.0004307815721464478,0.0001068294081099252,0.0004307815721464478,4.0970346468310024e-06,0.0007728766214093838,0.0009428492964086467,0.0,0.00016369708170982248,5.4653122681886995e-06,5.5457452179571965e-05,0.0,0.0,3.7648971549950018e-06,0.0,0.0,0.0010977220942221932,1.183485161718707e-06,0.0004654846714866629,0.0015877203725325542,0.0003757962734404329,0.0005437347312904832,1.0843903358706054e-06,0.00028715468893099165,4.068679573557992e-06,0.00032726150972625656,4.7868072426456715e-06,0.00014748919330835521,9.512245140488353e-05,0.0,0.005975424632133927,0.0,0.0006793979211937862,0.0,0.0001068294081099252,0.00010799109669279037,1.3513860146255048e-05,4.788088418675282e-05,0.0,0.0014396696204371316,0.0,0.000427569564899183,2.1459310335455805e-05,0.0001068294081099252,0.0,0.0,0.0,0.0,0.0,4.068679573557992e-06,0.0006707768842690985,4.692606528815474e-05,0.0005345670390079803,0.0005762781864882224,0.0001272400698420135,2.4537536455509937e-06,6.811040450828952e-08,0.00033555466778465446,0.00021465345150172065,0.00030841883509138946,0.0007977264805523235,0.0,9.941136670736168e-05,0.0,0.0001850421256208649,0.0003836524493206145,1.9355106453994335e-07,4.955010577798697e-05,4.677468454876779e-05,0.003954872197909284,1.384706636737361e-05,0.00218098653412941,2.0906335028590814e-05,6.735082373917744e-05,6.019603964773279e-07,0.0,0.0,2.473634215766333e-05,8.382175632010253e-06,0.0,3.0915060808635645e-05,0.00021370078277800948,8.46227754862732e-05,1.6224878469614013e-06,4.955010577798697e-05,0.00012270000000534387,4.955010577798697e-05,0.0003953367779276932,0.003308078113364383,0.0,0.0,0.0016427461698159873,0.00022482265756116932,4.976872008362863e-05,2.7094059803336838e-05,0.00022680704590293324,1.6169066377661303e-05,0.0009328458901044917,0.00013533070350270262,0.005025236139799331,0.0005999926045946536,0.002945892650794802,0.002749828277745567,0.00017953973510389945,3.107480181541438e-05,0.00026220517978834193,0.00038210940878083063
49,0.00014531131082858614,1.1847989392599475e-05,7.551605757589606e-05,0.0001924364077608824,0.00029705030459417246,0.0005342066527070392,0.0,6.529801181996627e-05,0.00036221634929036535,2.5805290416505678e-05,6.911359695175565e-05,9.833290440587378e-06,0.0,6.911359695175565e-05,4.145404530171097e-05,0.0,0.0,0.0,0.0,0.0,1.381331507872533e-05,1.381331507872533e-05,1.381331507872533e-05,3.824929184776039e-05,0.00013834498829871063,0.0002978593251442257,0.0,9.750069524677458e-06,0.0003177418218533771,5.168840913817151e-06,0.0,0.0,0.00048628301302624697,0.0,0.0,0.00029375469184857086,1.0772604958763312e-06,0.0003189007762029027,0.0003786418819360202,2.8929418867999876e-05,7.736901396077642e-05,4.550621864382338e-06,3.6068951088442914e-05,0.0001106382707332403,4.5649989462760894e-05,5.8774997017749003e-05,0.0001828211708360028,0.0019281610878511663,0.005975424632133927,0.0,0.0,4.472958441612874e-05,0.0,1.381331507872533e-05,1.9697742952326408e-06,0.0001291848086606023,0.0016194425613819973,0.0,0.00019227744412342372,0.0,5.528146684620662e-05,0.00012448926719823742,1.381331507872533e-05,0.0,0.0,0.0,0.0,0.0,0.0001106382707332403,5.878542983848273e-05,0.00029853490560858165,6.911359695175563e-05,4.377527335450821e-06,3.490800921685536e-07,0.0001329784218965412,9.354284684647061e-05,0.00019624097390086726,0.00016232222381996268,4.241579458829924e-08,6.124231877984435e-06,0.0,7.061176782043884e-06,0.0,1.5536287691052833e-05,4.6270981347147915e-05,0.0006543578329692163,0.0001383449882987106,2.2437246339423837e-05,0.0007611916905968614,8.885842584487502e-05,0.0018074970263874984,1.8857059714321106e-06,4.113152193292941e-05,0.0003687506597752593,0.0,0.0,6.911359695175565e-05,4.145404530171097e-05,0.0,8.086036098841449e-06,0.0006200942463791964,4.5086332941209387e-07,3.7433873979664755e-05,0.00013834498829871063,0.00013834498829871063,0.00013834498829871063,0.0008589457294710303,0.0006037499472621973,0.0,0.0,2.0771735919465634e-07,6.7451097782335995e-06,0.00010239403884826294,4.481803784898075e-05,0.0003748354335268954,0.0002602978037166909,0.0004407809974338226,0.00026709753980082404,0.0015609655497827299,0.00031278414013610886,0.00034866507882153454,0.0011975724464628624,2.564051140863623e-06,0.0003495977578486196,0.0015048750121463873,0.00039465163316507266
50,0.0,0.0,0.0,0.0,0.0,0.0,0.0,0.0,0.0,0.0,0.0,0.0,0.0,0.0,0.0,0.0,0.0,0.0,0.0,0.0,0.0,0.0,0.0,0.0,0.0,0.0,0.0,0.0,0.0,0.0,0.0,0.0,0.0,0.0,0.0,0.0,0.0,0.0,0.0,0.0,0.0,0.0,0.0,0.0,0.0,0.0,0.0,0.0,0.0,0.0,0.0,0.0,0.0,0.0,0.0,0.0,0.0,0.0,0.0,0.0,0.0,0.0,0.0,0.0,0.0,0.0,0.0,0.0,0.0,0.0,0.0,0.0,0.0,0.0,0.0,0.0,0.0,0.0,0.0,0.0,0.0,0.0,0.0,0.0,0.0,0.0,0.0,0.0,0.0,0.0,0.0,0.0,0.0,0.0,0.0,0.0,0.0,0.0,0.0,0.0,0.0,0.0,0.0,0.0,0.0,0.0,0.0,0.0,0.0,0.0,0.0,0.0,0.0,0.0,0.0,0.0,0.0,0.0,0.0,0.0,0.0,0.0,0.0,0.0,0.0,0.0
51,0.00013567906111817355,0.00027912473034804263,5.41812124159243e-06,0.0002354515504953494,0.0023494667837845136,0.0013992587829600826,0.0,2.5035934280545852e-05,4.834982929081348e-05,6.047249765595529e-05,0.0001345897038781721,0.0002701877160308152,0.0,0.0001259567208850068,8.072578794211941e-05,0.0,0.0,0.0,0.0,0.0,2.6899259837363364e-05,2.6899259837363364e-05,2.6899259837363364e-05,6.226999865974577e-05,0.00026941340701925465,9.158348309084836e-05,0.0,0.0012700096920971087,2.675633090958463e-05,1.5598110246567215e-05,0.0,0.0,0.0005563096513948301,0.0,0.0,3.964863678225473e-05,3.970553201906109e-05,0.00012715936466283715,0.0011087169696397305,6.330325232299216e-05,0.0001263814700718231,3.120270296359069e-05,0.00039516588371105643,0.00021545579375268625,0.0012537997167885138,0.00014046582643747942,0.00010485925202473908,1.0173491747865557e-05,0.0006793979211937862,4.472958441612874e-05,0.0,0.0,0.0,2.6899259837363368e-05,0.00024179537256582942,0.0010257275988574842,0.0002414686078743098,0.0,6.980249745911231e-05,0.0,0.00018328018346741186,2.1034958003889233e-05,2.6899259837363368e-05,0.0,0.0,0.0,0.0,0.0,0.00021545579375268625,1.3508373200725786e-08,0.0004335812238372462,0.0001259567208850068,0.00034966677791601047,0.0011740404605015114,0.0001107631482238137,5.1358888255722494e-05,0.00010343060784340338,0.0006210560162712855,9.168176996175687e-05,0.00019185651265130163,0.0,4.0380018772790197e-05,0.0,0.00048562008767928395,6.0460269115193916e-05,0.001274461598026459,0.0002694134070192546,0.0007787222434187226,0.0039365984514861735,0.00017724859664687911,0.0011209466807947982,0.00025935461889045825,0.00021160688468380498,5.060252150254461e-07,0.0,0.0,0.0001259567208850068,8.072578794211943e-05,0.0,0.0001876119303237982,5.380785365687769e-05,4.3062999529369607e-05,0.0002704274993250715,0.0002694134070192546,0.0007117131311210954,0.0002694134070192546,2.322015129803954e-06,0.0008191501630312103,0.0,0.0,0.0004475700781776176,3.695109040316967e-05,0.0005654998739539655,2.4175393360589088e-05,0.001139456867921853,0.00012068122127036106,0.0017015300411502322,0.00029661607173289,0.0004013722130224817,0.0005430537511311668,0.0016761054532922282,0.0008799770465189195,6.910325553481796e-05,0.0006809767195854924,0.002430588691953393,0.00031633527006716226
52,0.0,0.0,0.0,0.0,0.0,0.0,0.0,0.0,0.0,0.0,0.0,0.0,0.0,0.0,0.0,0.0,0.0,0.0,0.0,0.0,0.0,0.0,0.0,0.0,0.0,0.0,0.0,0.0,0.0,0.0,0.0,0.0,0.0,0.0,0.0,0.0,0.0,0.0,0.0,0.0,0.0,0.0,0.0,0.0,0.0,0.0,0.0,0.0,0.0,0.0,0.0,0.0,0.0,0.0,0.0,0.0,0.0,0.0,0.0,0.0,0.0,0.0,0.0,0.0,0.0,0.0,0.0,0.0,0.0,0.0,0.0,0.0,0.0,0.0,0.0,0.0,0.0,0.0,0.0,0.0,0.0,0.0,0.0,0.0,0.0,0.0,0.0,0.0,0.0,0.0,0.0,0.0,0.0,0.0,0.0,0.0,0.0,0.0,0.0,0.0,0.0,0.0,0.0,0.0,0.0,0.0,0.0,0.0,0.0,0.0,0.0,0.0,0.0,0.0,0.0,0.0,0.0,0.0,0.0,0.0,0.0,0.0,0.0,0.0,0.0,0.0
53,0.0001615287323175012,2.4741971004368303e-05,4.2404755117797835e-05,2.762147303188863e-05,0.000540409522148575,5.893229636545578e-05,0.0,3.45601040436217e-06,2.6899259837363364e-05,2.8949612465840597e-05,5.550006886081645e-07,0.0005160327588493705,0.0,5.550006886081645e-07,3.3288940070794495e-07,0.0,0.0,0.0,0.0,0.0,1.1092616222475445e-07,1.1092616222475445e-07,1.1092616222475445e-07,4.241388919732817e-06,1.1109279230616828e-06,8.082656765769725e-06,0.0,0.00013738518593132818,7.202722750341687e-05,1.2889756611647476e-05,0.0,0.0,3.904571288665243e-06,0.0,0.0,0.00029704452448217383,5.817724815513963e-06,2.5606972490599064e-06,0.0001255351466132456,0.00016116863459001178,8.537497657672778e-06,9.481998082117138e-05,5.9993019021977996e-05,8.884456458185653e-07,0.0001417701613427687,1.5668152035132012e-05,3.5300810859994435e-05,4.127295530017389e-05,0.0001068294081099252,1.381331507872533e-05,0.0,2.6899259837363368e-05,0.0,0.0,5.930606286634192e-06,2.1413722908353543e-05,0.00010137150664858965,0.0,1.0592004964033319e-05,0.0,4.439265259505355e-07,9.996682039432941e-07,1.1092616222475445e-07,0.0,0.0,0.0,0.0,0.0,8.884456458185653e-07,1.444930294226557e-06,6.400109554322787e-05,5.550006886081645e-07,2.6899259837363368e-05,7.912445278235598e-05,0.0008946498735192829,0.0002532388194082208,1.8118410835336635e-05,2.5606972490599064e-06,2.784299967574861e-06,1.8118410835336635e-05,0.0,2.2255744403432825e-06,0.0,2.0023464539556164e-06,0.0001031808858179478,5.253890721853798e-06,1.1109279230616828e-06,2.247989351985552e-05,9.972150159468543e-05,7.6881545794702e-05,2.3073688856254456e-05,0.0003431188047653674,7.628436287861355e-06,1.2889756611647476e-05,0.0,0.0,5.550006886081645e-07,3.3288940070794495e-07,0.0,1.8118410835336635e-05,2.2188928753985318e-07,0.0003229216436811325,1.381331507872533e-05,1.1109279230616828e-06,1.1109279230616828e-06,1.1109279230616828e-06,0.0003696306449700446,0.00028560648704768115,0.0,0.0,2.5818868468011087e-05,1.5203473311409676e-05,1.2544081491037938e-05,8.897387345084303e-05,0.00031914081301887356,0.00011550137875325295,0.00013471516138398965,2.319257508988783e-05,0.0003066536102520901,0.00032409366549627366,0.00018349480525161265,3.740371744951367e-05,2.450313266780726e-05,8.879036494091065e-06,4.595071349068904e-05,0.00017909806636797357
54,0.0010190265234257625,3.252598451995801e-05,0.0001943985838042812,2.10989507872448e-06,4.498375118309225e-05,0.0010859405075736212,0.0,0.0003980964657009087,3.315783428439116e-05,9.601584091317923e-05,2.967298071320824e-05,3.121276930393086e-05,0.0,2.9672980713208237e-05,1.779780096016573e-05,0.0,0.0,0.0,0.0,0.0,5.930606286634193e-06,5.930606286634193e-06,5.930606286634193e-06,0.00022677594190643663,5.9395935440551784e-05,0.00029932006032057216,0.0,0.00012493279130090503,0.0002448650158376353,7.480291265221981e-05,0.0,0.0,3.42987978877886e-05,0.0,0.0,0.0013658865253365873,0.0003110650251355588,0.00010616580217124246,2.6962692708031076e-05,0.00042341415381070744,0.00045650382693577065,0.000135242683333991,7.411943927869576e-05,4.750074589561758e-05,5.5291831522020845e-06,0.00019098056087543712,0.00022376650454323144,9.828048269387553e-07,0.00010799109669279037,1.9697742952326408e-06,0.0,0.00024179537256582942,0.0,5.930606286634192e-06,0.0,0.00039096460220285013,0.0005686726032985336,0.0,5.3087415137875656e-05,0.0,2.3734392030189998e-05,5.3447338492588395e-05,5.930606286634192e-06,0.0,0.0,0.0,0.0,0.0,4.750074589561758e-05,7.725376591258729e-05,1.577131893635894e-06,2.967298071320824e-05,0.00024179537256582942,1.1860175836738546e-05,2.029622164116901e-05,0.00018523315581377565,0.0002722165854630782,0.00013691070856664965,0.00014886633415429375,8.09838689871757e-05,0.0,0.00013625032175243858,0.0,0.00010705703014057955,7.601748510904316e-05,0.0002809155475380853,5.9395935440551784e-05,1.1532778039190635e-05,1.3646364015219305e-06,1.1050175029088958e-07,0.00025936227224044217,8.96730145439382e-08,0.0004078909336912679,7.480291265221981e-05,0.0,0.0,2.967298071320824e-05,0.0007232164059228123,0.0,0.0009689254190897317,1.1863206159544395e-05,0.00045941810765816825,5.274589885532864e-05,5.9395935440551784e-05,5.9395935440551784e-05,5.9395935440551784e-05,9.078546008205917e-05,2.989915610185931e-05,0.0,0.0,0.00021254361257441956,1.0514391170675876e-05,9.986916335308043e-05,5.832757640787016e-06,0.0014850852428287074,0.00010234374161573125,0.0006864366773133143,9.421649247390909e-05,0.0021953551393667837,0.0006398386846496371,0.0014376313411239511,0.00017016004919941162,0.0002095331712249469,0.0004747682396602178,3.7269689153450166e-05,1.1994299384281777e-05
55,0.00013926963589272132,2.171788283474171e-06,6.120203880138149e-05,0.00011431095095090966,5.5531750007338726e-05,0.0008232047985808821,0.0,0.000667274883863406,0.00036360928267410676,2.306329542904427e-06,0.00017741583445113928,0.00013058140647960177,0.0,0.00010714235339280109,6.426328022262709e-05,0.0,0.0,0.0,0.0,0.0,2.1413722908353543e-05,2.1413722908353543e-05,2.1413722908353543e-05,1.0723560091652025e-05,0.00021446943551961474,0.00010014117271982102,0.0,0.00014064354218639536,0.00011905827326095663,3.297340877478724e-05,0.0,0.0,0.00014164091479017764,0.0,0.0,7.371459142548617e-05,0.001123398225735805,2.5919948624358082e-05,3.291354449547516e-05,0.00038761829255018,0.00036077898485418504,0.0007776698349517388,0.00011646947869793189,0.00017151639444232784,6.186430319662537e-05,7.78783481253362e-06,0.00010246567236924984,0.00013966867792672313,1.3513860146255048e-05,0.0001291848086606023,0.0,0.0010257275988574842,0.0,2.1413722908353543e-05,0.00039096460220285013,0.0,0.0007828841859316687,0.0,0.000130764114875915,0.0,8.5699124783603e-05,0.0001929892102038448,2.1413722908353543e-05,0.0,0.0,0.0,0.0,0.0,0.00017151639444232784,7.47011102232921e-06,3.446609564133267e-05,0.00010714235339280109,2.866600184338265e-05,0.0001809594640518647,8.161208463135472e-07,0.0005018565994539116,0.00033029832803785786,3.6138523928211266e-05,4.0496065120821116e-05,7.27204082289929e-05,0.0,0.00042968034256881586,0.0,0.00010138828714925533,3.8997753099456094e-05,3.2827540126340344e-07,0.00021446943551961474,6.58088711018965e-07,2.8440752753758325e-05,0.0001848836786893951,0.0001025176347916602,0.00021417282481942575,0.00026221714851859784,0.0005276107905896278,0.0,0.0,0.00017741583445113928,6.426328022262709e-05,0.0,1.8467661820889336e-07,4.2834814624279013e-05,0.00019957331405098203,6.650240887317292e-05,3.479366263444783e-05,0.0003557398859754509,0.00021446943551961474,2.362204025414599e-05,2.7570440304586935e-05,0.0,0.0,1.263023964623983e-05,0.0002866825927885664,2.0536988243740484e-07,2.445422942159764e-05,0.00013347756755480774,0.0001572907777668527,0.0004010653147079493,0.00010730048671052188,0.00043328561022491557,4.4333859940594994e-05,0.0005888551338814507,0.0007036752773965779,7.780796414311349e-05,2.3954117834366337e-07,1.0339984734352597e-05,5.600419499533467e-05
56,0.0006343692853926818,1.4622652121851199e-06,2.8103712282313885e-05,1.1559574096290434e-05,6.636483816039446e-07,0.00030937070191229977,0.0,3.725814721591597e-05,9.312281837921374e-05,0.00010773383069683905,1.777498725940225e-05,2.934466220772447e-07,0.0,0.0005072526484194721,1.2349063026628702e-05,0.0,0.0,0.0,0.0,0.0,0.00044566674852486443,0.00044566674852486443,0.00010137150664858965,9.33390870370127e-05,1.1855352142161853e-05,1.3970711876711825e-07,0.0,7.489250452400462e-05,0.00015786180420834664,0.0001236862861365047,0.0,0.0,8.469440953592545e-07,0.0,0.0,5.7625988299943136e-05,9.028559283580275e-05,4.204361431279168e-05,0.00012082765229344278,8.892846338378756e-06,0.00010396775108749846,2.3228910694975623e-06,7.277369047784497e-05,0.00015160349833923987,8.861700554617553e-07,9.661650762238369e-06,0.0004903849558008161,0.00018227301911672876,4.788088418675282e-05,0.0016194425613819973,0.0,0.0002414686078743098,0.0,0.00010137150664858965,0.0005686726032985336,0.0007828841859316687,0.0,0.0,0.00021479715438358455,0.0,5.35689900111578e-07,0.0005761367808250405,0.00044566674852486443,0.0,0.0,0.0,0.0,0.0,8.11182096318179e-05,0.0004894238510121215,7.668852080566606e-05,7.464725375730592e-05,7.870360914624918e-08,0.0005705981564242003,0.00022816969062496202,2.4176824687457098e-05,6.044254855110576e-05,0.0004005627934793093,1.1094269862314392e-05,0.00019273110494776686,0.0,2.69266648275258e-06,0.0,3.637278020941751e-06,0.00011741788198570266,0.0005940356228991608,0.00027590716295169113,5.604937962075266e-05,7.518536642177852e-05,5.1862577064106094e-05,7.2105969544239965e-06,0.000108227929262275,0.00010852268143342824,0.000127541548210084,0.0,0.0,7.464725375730592e-05,1.2349063026628702e-05,0.0,0.00013053209978620387,0.00020278249379427788,5.47343802201599e-06,2.8652127331064742e-05,0.00014956719645762748,0.00014956719645762748,3.560601861069061e-05,0.0007409925810677974,5.696303433019834e-07,0.0,0.0,6.166358512209498e-06,0.00015317990842658898,0.00011765194042552747,1.1410270468601618e-07,0.00022693495164066192,0.0012598337359479139,0.0012692470161139672,0.0001686677646835712,0.0006832566610866812,0.00023397437456339036,0.000630489359036074,3.248125335136268e-05,0.00027904395561227733,0.0005491378003892699,7.739252692479397e-07,8.027720420979937e-05
57,0.0,0.0,0.0,0.0,0.0,0.0,0.0,0.0,0.0,0.0,0.0,0.0,0.0,0.0,0.0,0.0,0.0,0.0,0.0,0.0,0.0,0.0,0.0,0.0,0.0,0.0,0.0,0.0,0.0,0.0,0.0,0.0,0.0,0.0,0.0,0.0,0.0,0.0,0.0,0.0,0.0,0.0,0.0,0.0,0.0,0.0,0.0,0.0,0.0,0.0,0.0,0.0,0.0,0.0,0.0,0.0,0.0,0.0,0.0,0.0,0.0,0.0,0.0,0.0,0.0,0.0,0.0,0.0,0.0,0.0,0.0,0.0,0.0,0.0,0.0,0.0,0.0,0.0,0.0,0.0,0.0,0.0,0.0,0.0,0.0,0.0,0.0,0.0,0.0,0.0,0.0,0.0,0.0,0.0,0.0,0.0,0.0,0.0,0.0,0.0,0.0,0.0,0.0,0.0,0.0,0.0,0.0,0.0,0.0,0.0,0.0,0.0,0.0,0.0,0.0,0.0,0.0,0.0,0.0,0.0,0.0,0.0,0.0,0.0,0.0,0.0
58,9.775945589618929e-06,0.00023653184977926605,0.00019931394627262266,5.4451773964356645e-05,0.0007484046594463472,0.000824372609049956,0.0,1.5569598932437614e-07,0.00032580360507464224,0.00010516794218815365,5.2995905582983564e-05,9.697849836094361e-05,0.0,5.299590558298356e-05,3.178677425984548e-05,0.0,0.0,0.0,0.0,0.0,1.059200496403332e-05,1.059200496403332e-05,1.059200496403332e-05,8.038537282834896e-05,0.00010608169568789952,3.9610230569641974e-05,0.0,0.000389644821376513,9.211159964975772e-07,1.7046593254460476e-05,0.0,0.0,0.00010524300560462119,0.0,0.0,9.016079550559601e-05,0.0005555931761916906,0.0002445276058712573,2.2831114295029183e-06,0.00029086257650902175,1.1224846719867193e-05,5.255155369448541e-05,0.0006730373319281898,8.483657398970657e-05,0.0004843731504453157,4.362841661016716e-06,0.0005406284908394084,0.0015132784269050853,0.0014396696204371316,0.00019227744412342372,0.0,6.980249745911231e-05,0.0,1.0592004964033319e-05,5.3087415137875656e-05,0.000130764114875915,0.00021479715438358455,0.0,0.0,0.0,4.2389543451483776e-05,9.54573322663839e-05,1.0592004964033319e-05,0.0,0.0,0.0,0.0,0.0,0.00022498481191923813,0.0001379764413214697,0.0008077170974971086,5.2995905582983564e-05,1.2408867729575524e-05,0.00017332472490723372,5.097309816773712e-06,6.607776965157251e-06,3.712293609981702e-05,0.0007164090111083089,0.0002658814353851564,0.0004851135188977565,0.0,0.00021252415279987915,0.0,0.00019120668263377988,8.888986816369131e-05,0.000526017107471069,0.00010608169568789953,0.0011795056995483125,6.69055002009922e-05,2.8907650761657018e-05,0.0012272454726163689,0.0003230586503956455,1.3918626920089082e-06,8.995490914492736e-06,0.0,0.0,5.2995905582983564e-05,0.0005403467833165902,0.0,1.9224732586922783e-08,2.118759557438465e-05,0.000353434473497719,0.00019227744412342372,0.0001671896471759258,0.0007307061752294847,0.00010608169568789953,3.3095706785494085e-05,0.000194598738100904,0.0,0.0,0.0010335642899965644,0.0014167312565150033,0.00013063627716076987,0.0007580670275352053,0.0005194841884159401,2.6391663179524383e-06,0.00036189041872713556,0.00017870180553296062,0.0025584226392207747,0.00031952016462498357,0.0005971404116274052,0.0017489137956893492,0.0004440031088146876,0.0003568786794882723,7.662227077050014e-05,0.00019830004456237527
59,0.0,0.0,0.0,0.0,0.0,0.0,0.0,0.0,0.0,0.0,0.0,0.0,0.0,0.0,0.0,0.0,0.0,0.0,0.0,0.0,0.0,0.0,0.0,0.0,0.0,0.0,0.0,0.0,0.0,0.0,0.0,0.0,0.0,0.0,0.0,0.0,0.0,0.0,0.0,0.0,0.0,0.0,0.0,0.0,0.0,0.0,0.0,0.0,0.0,0.0,0.0,0.0,0.0,0.0,0.0,0.0,0.0,0.0,0.0,0.0,0.0,0.0,0.0,0.0,0.0,0.0,0.0,0.0,0.0,0.0,0.0,0.0,0.0,0.0,0.0,0.0,0.0,0.0,0.0,0.0,0.0,0.0,0.0,0.0,0.0,0.0,0.0,0.0,0.0,0.0,0.0,0.0,0.0,0.0,0.0,0.0,0.0,0.0,0.0,0.0,0.0,0.0,0.0,0.0,0.0,0.0,0.0,0.0,0.0,0.0,0.0,0.0,0.0,0.0,0.0,0.0,0.0,0.0,0.0,0.0,0.0,0.0,0.0,0.0,0.0,0.0
60,3.671367526649063e-05,9.901925137082878e-05,8.56117812927763e-05,0.00011054348962544093,1.0933622575056245e-05,0.0004068406308729515,0.0,1.3830989273260086e-05,0.0008352523510760097,0.00011585893916908299,2.2211136204725936e-06,0.00031836645171149194,0.0,2.2211136204725936e-06,1.332223677588268e-06,0.0,0.0,0.0,0.0,0.0,4.439265259505355e-07,4.439265259505355e-07,4.439265259505355e-07,1.6974092277912874e-05,4.445937137872275e-06,3.234698940611368e-05,0.0,2.4283365876567593e-05,1.2304591525874665e-05,5.158531034157731e-05,0.0,0.0,1.562613986002412e-05,0.0,0.0,7.500339963645026e-05,2.328263637508977e-05,1.0247929862371267e-05,0.000502445570997673,5.3489948191026715e-05,3.416728560930091e-05,0.0003794993346251293,0.0002401035526021473,3.5555617502114747e-06,2.901822422244878e-05,6.270469217496773e-05,0.000141277722164357,9.068167063278518e-05,0.000427569564899183,5.528146684620662e-05,0.0,0.00018328018346741186,0.0,4.439265259505355e-07,2.3734392030189998e-05,8.5699124783603e-05,5.35689900111578e-07,0.0,4.2389543451483776e-05,0.0,0.0,4.000675047614219e-06,4.439265259505355e-07,0.0,0.0,0.0,0.0,0.0,3.5555617502114747e-06,5.782617160219351e-06,0.0002561455162912225,2.221113620472594e-06,0.00010765306918355433,0.00031667645150626727,9.424675769484345e-05,2.8179322150260287e-06,7.251088284746334e-05,1.0247929862371267e-05,1.1142791523517766e-05,0.0002845128320990232,0.0,8.906763581610941e-06,0.0,8.013402359897381e-06,9.302686088960574e-07,2.102615347759223e-05,4.445937137872274e-06,8.996608483516904e-05,0.0003991185492234332,0.0003076991528431984,0.0009264483701927465,0.0005886699136480916,3.0529177402831986e-05,5.15853103415773e-05,0.0,0.0,2.2211136204725936e-06,1.332223677588268e-06,0.0,7.251088284746334e-05,8.880010523512086e-07,5.027343569029741e-05,5.528146684620661e-05,4.445937137872275e-06,4.445937137872275e-06,4.445937137872275e-06,2.0098264593472982e-05,1.5488373262164637e-05,0.0,0.0,0.00010332916491145477,0.0003329257266289486,5.020189161413906e-05,8.87234519387112e-07,5.3489948191026715e-05,6.151599369413939e-06,7.922262977769353e-05,9.281833765564779e-05,2.8195904881109506e-05,4.096752001452611e-05,8.749498470634028e-05,0.00014969403963379843,0.0002060420575219366,3.553414210668661e-05,0.00018390139833125469,0.0007168667560568635
61,0.0005663964407304774,3.0588241945118724e-05,0.0003821861160812414,0.00024893924345850807,0.00015297275470584396,3.1769955719676346e-05,0.0,3.114582619918017e-05,0.00024242990736580682,1.3959178931044047e-05,5.001678815883593e-06,0.00010690645967181099,0.0,5.001678815883593e-06,3.000005504989258e-06,0.0,0.0,0.0,0.0,0.0,9.996682039432941e-07,9.996682039432941e-07,9.996682039432941e-07,3.822377722773369e-05,1.0011718862957133e-05,7.284219552964089e-05,0.0,9.66631677847545e-05,7.141452907705133e-06,0.00011616569181488082,0.0,0.0,3.5188322576560335e-05,0.0,0.0,0.0006584454810170967,5.2430025065384316e-05,2.307715489291477e-05,0.0003730063350827848,1.6373071623166356e-05,7.694136575303641e-05,0.00017805801925403108,0.0005407269948692499,8.006697707227658e-06,1.1846976949959483e-06,0.00014120609188519013,0.00019003264981245138,4.377781953501389e-07,2.1459310335455805e-05,0.00012448926719823742,0.0,2.1034958003889233e-05,0.0,9.996682039432941e-07,5.3447338492588395e-05,0.0001929892102038448,0.0005761367808250405,0.0,9.54573322663839e-05,0.0,4.000675047614219e-06,0.0,0.0019539499456359155,0.0,0.0,0.0,0.0,0.0,8.006697707227658e-06,1.3021767925202488e-05,0.0005768577068884776,5.001678815883594e-06,0.00024242990736580685,1.0323861644903989e-06,0.00021223855391964638,3.225935621771055e-06,0.00016328939013094692,0.0006037965338515582,0.0005772255894085636,0.00016328939013094692,0.0,2.005699479887747e-05,0.0,1.8045244244586644e-05,0.0002208687188515205,4.734863130281198e-05,1.0011718862957135e-05,4.3354565171264665e-05,0.0008988905956239503,2.3354955063448893e-06,3.970130383654157e-05,0.00012817251814132755,6.874862432013056e-05,0.00011616569181488081,0.0,0.0,5.001678815883593e-06,3.000005504989258e-06,0.0,7.82849828476043e-05,1.999669964687006e-06,1.3719469277382614e-05,0.0001244892671982374,1.0011718862957133e-05,1.0011718862957133e-05,1.0011718862957133e-05,0.0003906031925293116,0.00010450426056681221,0.0,0.0,0.00032334648618939676,0.00013701813596768636,0.00011305030127853036,7.54916180654885e-05,0.00017900728108525752,3.84059924961713e-05,0.0003995492136027423,0.00020902173187220373,0.0015252894211439827,0.0005446332496456982,2.6699293016787655e-06,3.726474948506957e-07,0.00022083366458740128,8.001942699721064e-05,4.400385324417188e-06,0.00011842358833261162
62,0.0001615287323175012,2.4741971004368303e-05,4.2404755117797835e-05,2.762147303188863e-05,0.000540409522148575,5.893229636545578e-05,0.0,3.4560104043621706e-06,2.6899259837363368e-05,2.8949612465840597e-05,5.550006886081645e-07,0.0005160327588493705,0.0,5.550006886081645e-07,3.3288940070794495e-07,0.0,0.0,0.0,0.0,0.0,1.1092616222475445e-07,1.1092616222475445e-07,1.1092616222475445e-07,4.241388919732817e-06,1.1109279230616828e-06,8.082656765769727e-06,0.0,0.00013738518593132815,7.202722750341687e-05,1.2889756611647476e-05,0.0,0.0,3.904571288665243e-06,0.0,0.0,0.00017569718225244544,5.817724815513963e-06,2.5606972490599064e-06,0.00038583572324870833,0.00031914081301887356,8.537497657672778e-06,9.481998082117137e-05,5.9993019021977996e-05,8.884456458185653e-07,0.00035289508557594806,1.5668152035132012e-05,0.0007653782855587665,4.1272955300173894e-05,0.0001068294081099252,1.381331507872533e-05,0.0,2.6899259837363368e-05,0.0,1.1092616222475445e-07,5.930606286634192e-06,2.1413722908353543e-05,0.00044566674852486443,0.0,1.0592004964033319e-05,0.0,4.439265259505355e-07,0.0019539499456359155,0.0,0.0,0.0,0.0,0.0,0.0,8.884456458185653e-07,1.444930294226557e-06,6.400109554322787e-05,5.550006886081645e-07,2.6899259837363364e-05,7.912445278235598e-05,2.354948866806554e-05,0.00020991661576393736,1.8118410835336635e-05,2.5606972490599064e-06,2.784299967574861e-06,1.8118410835336635e-05,0.0,2.2255744403432825e-06,0.0,2.0023464539556168e-06,0.00010318088581794781,5.2538907218537985e-06,1.1109279230616828e-06,2.2479893519855516e-05,9.972150159468543e-05,7.688154579470201e-05,2.3073688856254456e-05,0.00014707500659620507,7.628436287861354e-06,1.2889756611647475e-05,0.0,0.0,5.550006886081645e-07,3.3288940070794495e-07,0.0,1.8118410835336635e-05,2.2188928753985318e-07,0.0003229216436811325,1.381331507872533e-05,1.1109279230616828e-06,1.1109279230616828e-06,1.1109279230616828e-06,0.0001332226274815189,0.00028560648704768115,0.0,0.0,2.5818868468011087e-05,1.5203473311409675e-05,1.2544081491037938e-05,8.897387345084303e-05,0.00031914081301887367,0.00011550137875325297,0.00013471516138398965,2.319257508988783e-05,0.00016918215501552137,0.00032409366549627366,0.0002861298668807077,3.740371744951368e-05,2.4503132667807257e-05,8.879036494091065e-06,4.5950713490689035e-05,0.00017909806636797357
63,0.0,0.0,0.0,0.0,0.0,0.0,0.0,0.0,0.0,0.0,0.0,0.0,0.0,0.0,0.0,0.0,0.0,0.0,0.0,0.0,0.0,0.0,0.0,0.0,0.0,0.0,0.0,0.0,0.0,0.0,0.0,0.0,0.0,0.0,0.0,0.0,0.0,0.0,0.0,0.0,0.0,0.0,0.0,0.0,0.0,0.0,0.0,0.0,0.0,0.0,0.0,0.0,0.0,0.0,0.0,0.0,0.0,0.0,0.0,0.0,0.0,0.0,0.0,0.0,0.0,0.0,0.0,0.0,0.0,0.0,0.0,0.0,0.0,0.0,0.0,0.0,0.0,0.0,0.0,0.0,0.0,0.0,0.0,0.0,0.0,0.0,0.0,0.0,0.0,0.0,0.0,0.0,0.0,0.0,0.0,0.0,0.0,0.0,0.0,0.0,0.0,0.0,0.0,0.0,0.0,0.0,0.0,0.0,0.0,0.0,0.0,0.0,0.0,0.0,0.0,0.0,0.0,0.0,0.0,0.0,0.0,0.0,0.0,0.0,0.0,0.0
64,0.0,0.0,0.0,0.0,0.0,0.0,0.0,0.0,0.0,0.0,0.0,0.0,0.0,0.0,0.0,0.0,0.0,0.0,0.0,0.0,0.0,0.0,0.0,0.0,0.0,0.0,0.0,0.0,0.0,0.0,0.0,0.0,0.0,0.0,0.0,0.0,0.0,0.0,0.0,0.0,0.0,0.0,0.0,0.0,0.0,0.0,0.0,0.0,0.0,0.0,0.0,0.0,0.0,0.0,0.0,0.0,0.0,0.0,0.0,0.0,0.0,0.0,0.0,0.0,0.0,0.0,0.0,0.0,0.0,0.0,0.0,0.0,0.0,0.0,0.0,0.0,0.0,0.0,0.0,0.0,0.0,0.0,0.0,0.0,0.0,0.0,0.0,0.0,0.0,0.0,0.0,0.0,0.0,0.0,0.0,0.0,0.0,0.0,0.0,0.0,0.0,0.0,0.0,0.0,0.0,0.0,0.0,0.0,0.0,0.0,0.0,0.0,0.0,0.0,0.0,0.0,0.0,0.0,0.0,0.0,0.0,0.0,0.0,0.0,0.0,0.0
65,0.0,0.0,0.0,0.0,0.0,0.0,0.0,0.0,0.0,0.0,0.0,0.0,0.0,0.0,0.0,0.0,0.0,0.0,0.0,0.0,0.0,0.0,0.0,0.0,0.0,0.0,0.0,0.0,0.0,0.0,0.0,0.0,0.0,0.0,0.0,0.0,0.0,0.0,0.0,0.0,0.0,0.0,0.0,0.0,0.0,0.0,0.0,0.0,0.0,0.0,0.0,0.0,0.0,0.0,0.0,0.0,0.0,0.0,0.0,0.0,0.0,0.0,0.0,0.0,0.0,0.0,0.0,0.0,0.0,0.0,0.0,0.0,0.0,0.0,0.0,0.0,0.0,0.0,0.0,0.0,0.0,0.0,0.0,0.0,0.0,0.0,0.0,0.0,0.0,0.0,0.0,0.0,0.0,0.0,0.0,0.0,0.0,0.0,0.0,0.0,0.0,0.0,0.0,0.0,0.0,0.0,0.0,0.0,0.0,0.0,0.0,0.0,0.0,0.0,0.0,0.0,0.0,0.0,0.0,0.0,0.0,0.0,0.0,0.0,0.0,0.0
66,0.0,0.0,0.0,0.0,0.0,0.0,0.0,0.0,0.0,0.0,0.0,0.0,0.0,0.0,0.0,0.0,0.0,0.0,0.0,0.0,0.0,0.0,0.0,0.0,0.0,0.0,0.0,0.0,0.0,0.0,0.0,0.0,0.0,0.0,0.0,0.0,0.0,0.0,0.0,0.0,0.0,0.0,0.0,0.0,0.0,0.0,0.0,0.0,0.0,0.0,0.0,0.0,0.0,0.0,0.0,0.0,0.0,0.0,0.0,0.0,0.0,0.0,0.0,0.0,0.0,0.0,0.0,0.0,0.0,0.0,0.0,0.0,0.0,0.0,0.0,0.0,0.0,0.0,0.0,0.0,0.0,0.0,0.0,0.0,0.0,0.0,0.0,0.0,0.0,0.0,0.0,0.0,0.0,0.0,0.0,0.0,0.0,0.0,0.0,0.0,0.0,0.0,0.0,0.0,0.0,0.0,0.0,0.0,0.0,0.0,0.0,0.0,0.0,0.0,0.0,0.0,0.0,0.0,0.0,0.0,0.0,0.0,0.0,0.0,0.0,0.0
67,0.0,0.0,0.0,0.0,0.0,0.0,0.0,0.0,0.0,0.0,0.0,0.0,0.0,0.0,0.0,0.0,0.0,0.0,0.0,0.0,0.0,0.0,0.0,0.0,0.0,0.0,0.0,0.0,0.0,0.0,0.0,0.0,0.0,0.0,0.0,0.0,0.0,0.0,0.0,0.0,0.0,0.0,0.0,0.0,0.0,0.0,0.0,0.0,0.0,0.0,0.0,0.0,0.0,0.0,0.0,0.0,0.0,0.0,0.0,0.0,0.0,0.0,0.0,0.0,0.0,0.0,0.0,0.0,0.0,0.0,0.0,0.0,0.0,0.0,0.0,0.0,0.0,0.0,0.0,0.0,0.0,0.0,0.0,0.0,0.0,0.0,0.0,0.0,0.0,0.0,0.0,0.0,0.0,0.0,0.0,0.0,0.0,0.0,0.0,0.0,0.0,0.0,0.0,0.0,0.0,0.0,0.0,0.0,0.0,0.0,0.0,0.0,0.0,0.0,0.0,0.0,0.0,0.0,0.0,0.0,0.0,0.0,0.0,0.0,0.0,0.0
68,7.352817809528131e-05,0.00019817570391673407,0.0003396605227542238,0.00035463414835911145,4.937084924221298e-05,0.00035067448256637617,0.0,0.0005480336745525317,0.00021545579375268625,2.6784189476737963e-05,4.445194167482387e-06,0.0005366491247461113,0.0,4.445194167482387e-06,2.666226323025883e-06,0.0,0.0,0.0,0.0,0.0,8.884456458185653e-07,8.884456458185653e-07,8.884456458185653e-07,3.3970984499219115e-05,8.89781805471334e-06,6.473768051463455e-05,0.0,4.8628365763046284e-05,2.4644254627584063e-05,0.00010324082238175885,0.0,0.0,3.127325841258383e-05,0.0,0.0,0.00015019511678773453,4.659662089098597e-05,2.050959013423237e-05,2.6493012552848916e-05,4.205483357768386e-07,6.83807639196085e-05,3.6133230901677594e-08,0.0003396550293604129,7.115875343890882e-06,5.8109910924002714e-05,0.00013212824082742245,8.250847268664893e-06,0.0003305941338706385,4.068679573557992e-06,0.0001106382707332403,0.0,0.00021545579375268625,0.0,8.884456458185653e-07,4.750074589561758e-05,0.00017151639444232784,8.11182096318179e-05,0.0,0.00022498481191923813,0.0,3.5555617502114747e-06,8.006697707227658e-06,8.884456458185653e-07,0.0,0.0,0.0,0.0,0.0,0.0,1.157296899674286e-05,4.749755766329171e-05,4.445194167482386e-06,3.591553271056186e-05,6.760642890428297e-05,0.00018862386689765014,5.643407449933575e-06,0.0001019683651537782,0.0006430751383560529,2.230051744170258e-05,0.00014512123002884507,0.0,1.7825454625944586e-05,0.0,1.6037532233957e-05,0.00032900287569258475,4.2080592860565006e-05,8.897818054713342e-06,0.00018005639826491895,8.693142833325168e-05,1.497181737084755e-05,0.00044317672763097765,7.041812219875696e-05,6.109957230815744e-05,0.00017653598499560398,0.0,0.0,4.445194167482387e-06,2.666226323025883e-06,0.0,0.00014512123002884507,1.777187687544639e-06,1.0443098411508294e-07,0.00011063827073324032,8.89781805471334e-06,8.89781805471334e-06,8.89781805471334e-06,1.2157187181176184e-05,0.0014733331973657878,0.0,0.0,0.00020680173790704214,0.00012177310152167193,0.00010047206650886208,0.00010226538196527913,0.000740536567567131,0.0002138564780265773,1.0572842191140685e-05,0.0001857649814699883,0.00048797965426128093,4.9667613793036997e-08,1.306156772951706e-05,0.0002995995471946932,0.0001962625946814011,7.111634964197961e-05,0.0001426550530748054,0.00016095369928580827
69,1.0187145765213145e-09,9.080300986976758e-07,0.000552440130453607,0.0003598294831431827,1.4622829206439403e-05,0.0010654263244747337,0.0,4.501863680209815e-05,0.00014058153888698742,0.0003771329713590236,7.2294791858138515e-06,0.0002972602813703432,0.0,7.2294791858138515e-06,4.336238551762411e-06,0.0,0.0,0.0,0.0,0.0,1.444930294226557e-06,1.444930294226557e-06,1.444930294226557e-06,5.524925565767301e-05,1.4471051889906582e-05,0.00010528768011144565,0.0,2.0690014912699405e-05,2.426363675913352e-05,7.03628046685574e-05,0.0,0.0,5.086174384220431e-05,0.0,0.0,0.0003101830148262933,7.578331366910552e-05,3.3356030002828324e-05,4.0547535368436327e-07,5.467387371504669e-05,0.00011121276088900727,0.00019825799431782173,1.9420388215905644e-06,1.157296899674286e-05,0.000137790788306417,3.9890643188682245e-05,1.4495294495916723e-05,2.70324111674556e-05,0.0006707768842690985,5.878542983848273e-05,0.0,1.3508373200725786e-08,0.0,1.444930294226557e-06,7.725376591258729e-05,7.47011102232921e-06,0.0004894238510121215,0.0,0.0001379764413214697,0.0,5.782617160219351e-06,1.3021767925202488e-05,1.444930294226557e-06,0.0,0.0,0.0,0.0,0.0,1.157296899674286e-05,0.0,0.0014699613467793428,7.229479185813852e-06,1.3508373200725786e-08,0.0001100534163244359,0.00018932756311998845,3.1391169294754794e-07,2.202082119560232e-05,3.335603000282833e-05,3.6268737415772954e-05,2.202082119560232e-05,0.0,2.8990640169936587e-05,0.0,2.608282396941013e-05,1.4556426527789122e-05,6.843853527176945e-05,1.4471051889906582e-05,4.595204397516564e-06,0.0004742587916760844,7.844427728477286e-06,0.0005975700180481647,2.3530797236515885e-05,0.0001801613692612092,0.00016790922516615422,0.0,0.0,7.2294791858138515e-06,4.336238551762411e-06,0.0,0.00023602445221234883,2.890343037279831e-06,2.616586334540399e-07,5.878542983848273e-05,1.4471051889906582e-05,1.4471051889906582e-05,1.4471051889906582e-05,0.00010237747644589794,0.00035787970986835807,0.0,0.0,1.695138633092507e-07,0.00019805042068496366,0.0001634060919661959,0.0005358677438026661,0.0002308797904046916,0.00023008015030458997,0.0008115455306641486,3.0979182090192902e-06,7.686809137420682e-05,0.0005304602742748409,0.0003228013810050092,0.0004872797211177819,1.1557710637585559e-06,0.00011566189949670321,1.1475668815104625e-05,8.837888818652044e-06
70,5.3827832775232886e-05,2.0027720791585533e-06,0.0006256177440535715,0.0002628766897390792,0.000697692248717156,0.0011745694170689656,0.0,8.182261330291058e-05,7.662212185878146e-05,0.0010315640155838107,3.534808301579136e-06,2.736272022773635e-05,0.0,0.0003202407590874416,0.0001920738363462572,0.0,0.0,0.0,0.0,0.0,6.400109554322787e-05,0.000581004086898494,6.400109554322787e-05,8.92252750783934e-05,7.081859014471814e-06,3.1881971750791585e-05,0.0,0.0003601650455670336,5.840785547777056e-05,9.398702754771435e-05,0.0,0.0,0.00038447275484906614,0.0,0.0,9.91872441152028e-07,0.0004363745555162428,5.6754464045218707e-05,0.00018190762363022236,3.4338338671070865e-05,8.542408292471523e-05,0.0001283409451326564,1.681622641724087e-05,0.0005126680385868782,1.523273968514604e-05,3.0215736586320253e-05,0.0004274786089018853,0.0001690169036058925,4.692606528815474e-05,0.00029853490560858165,0.0,0.0004335812238372462,0.0,6.400109554322787e-05,1.577131893635894e-06,3.446609564133267e-05,7.668852080566606e-05,0.0,0.0008077170974971086,0.0,0.0002561455162912225,0.0005768577068884776,6.400109554322787e-05,0.0,0.0,0.0,0.0,0.0,4.749755766329171e-05,0.0014699613467793428,0.0,0.0003202407590874416,0.0011137309641796947,0.0013839362670187202,0.0003825014419748308,0.00041913324204294507,6.155275062937906e-05,0.0014780042964649238,0.00031465744964618203,0.0001306817985206759,0.0,1.4895475288079793e-05,0.0,4.403903181527085e-05,0.00015608689892959281,0.00017885616050923147,0.00046773119974820527,0.00013675389581835535,0.001649001067769943,7.444755564674308e-06,0.00036164471566525833,2.8509322334523677e-07,0.00047147534330523044,0.0001662022851407418,0.0,0.0,0.0003202407590874416,0.0001920738363462572,0.0,0.0001306817985206759,0.00018325777238992089,2.070534246472269e-06,5.5032506602844416e-05,7.433474166193026e-05,7.433474166193026e-05,7.433474166193026e-05,0.00034862270526051127,0.001406214818161812,0.0,0.0,2.635431094588647e-05,5.815189109314729e-05,2.1737346445341896e-05,1.8221864171282724e-06,0.00034423295065268665,0.000746576315968357,0.0013549729720313958,0.0003463834139165894,0.0020106589090655557,7.040364811555658e-05,0.001280322938002185,0.00020570747095810787,0.00010781944179685202,5.099426740940295e-05,0.00011171990740857615,0.0001466641084016825
71,0.00013147892791917206,0.0001237954870447993,4.381102624400349e-05,0.0006498177941806314,0.0006479175511190025,8.291890007177134e-06,0.0,0.000708527436528966,0.0001345897038781721,0.00014484890127019123,2.7768552983910496e-06,0.00039803302029834656,0.0,2.7768552983910496e-06,1.6655573753686796e-06,0.0,0.0,0.0,0.0,0.0,5.550006886081645e-07,5.550006886081645e-07,5.550006886081645e-07,2.1221175447068324e-05,5.558349517267001e-06,4.0440560537779054e-05,0.0,1.3955279321612373e-05,0.0003604042487945247,6.449259948088035e-05,0.0,0.0,1.953595054631138e-05,0.0,0.0,0.00012185320630837701,2.910819031979742e-05,1.2812056268027283e-05,5.466649935839018e-05,9.417641775136907e-07,4.271631974407329e-05,1.0697013532286344e-05,7.1059966966508314e-06,4.445194167482387e-06,0.0007094401571439249,0.00025592267653810766,0.000516460187693573,0.0004358404432846059,0.0005345670390079803,6.911359695175563e-05,0.0,0.0001259567208850068,0.0,5.550006886081645e-07,2.967298071320824e-05,0.00010714235339280109,7.464725375730592e-05,0.0,5.2995905582983564e-05,0.0,2.221113620472594e-06,5.001678815883594e-06,5.550006886081645e-07,0.0,0.0,0.0,0.0,0.0,4.445194167482386e-06,7.229479185813852e-06,0.0003202407590874416,0.0,0.0001345897038781721,6.651749913901404e-07,0.00011782880045705509,0.00039001616384970683,0.00021839912311644164,1.2812056268027283e-05,1.393082134059407e-05,9.06541342044898e-05,0.0,1.1135316895772047e-05,0.0,1.00184280026142e-05,6.999945911750517e-05,2.628710854813178e-05,5.558349517267e-06,0.00016598873919177362,1.585472864375078e-05,0.00038469608416935835,0.00011544809998597818,0.00020293685377724034,3.8167907642546234e-05,6.449259948088035e-05,0.0,0.0,2.7768552983910496e-06,1.6655573753686796e-06,0.0,9.06541342044898e-05,1.1101864391757714e-06,0.0007948659873864434,6.911359695175565e-05,5.558349517267e-06,5.558349517267e-06,5.558349517267e-06,6.923402722684631e-05,2.0172851225171536e-06,0.0,0.0,0.0015297637712452998,0.001000115007118813,0.0003162169471521101,0.00011261029966276782,9.417641775136907e-07,4.342560128925036e-05,0.0002487693255736569,0.00011604295605097653,1.0428318103899557e-08,0.00016791224205842185,0.00018698394810249164,6.319162738424006e-05,0.00012260043792715824,0.0004154087532212202,3.2960249873946305e-05,8.730650426802329e-07
72,1.9788652040898347e-05,0.0004202358081406433,1.5564810994470068e-07,2.1861821549678357e-06,7.632908910772313e-05,0.00019870858816051738,0.0,1.3147778675076568e-05,0.00010792387409146046,2.55006562288238e-05,0.0001259567208850068,0.00013670272356281713,0.0,0.0001259567208850068,8.072578794211941e-05,0.0,0.0,0.0,0.0,0.0,2.6899259837363364e-05,2.6899259837363364e-05,2.6899259837363364e-05,6.226999865974577e-05,1.0821301830309793e-05,9.158348309084836e-05,0.0,0.00021141598203022445,4.822357584000932e-07,9.221696113403922e-05,0.0,0.0,5.275685908251183e-06,0.0,0.0,9.787547301364939e-05,5.305816610826487e-05,0.0003811292147964328,4.90674185561887e-06,0.0005115861950220034,0.0011143516760714948,0.0001392401412573488,0.0011052344774829725,0.00021545579375268625,1.694071555141468e-05,0.0002727282477936999,0.0005760057873426812,5.924464316082003e-05,0.0005762781864882224,4.377527335450821e-06,0.0,0.00034966677791601047,0.0,2.6899259837363368e-05,0.00024179537256582942,2.866600184338265e-05,7.870360914624918e-08,0.0,1.2408867729575524e-05,0.0,0.00010765306918355433,0.00024242990736580685,2.6899259837363364e-05,0.0,0.0,0.0,0.0,0.0,3.591553271056186e-05,1.3508373200725786e-08,0.0011137309641796947,0.0001345897038781721,0.0,0.0011740404605015114,0.0001107631482238137,0.00020200275299632215,0.0017064317518562882,7.364483879749488e-05,9.928114881472359e-05,0.00019185651265130163,0.0,4.0380018772790197e-05,0.0,0.00048562008767928395,3.3698562860119165e-05,6.102870525509984e-06,1.0821301830309793e-05,9.429446990858034e-05,6.716209810397552e-06,0.00031778919312436694,0.0018250735072451842,0.00025935461889045825,2.710393452720768e-06,9.221696113403922e-05,0.0,0.0,0.0001259567208850068,0.00026962612095366085,0.0,1.7650624238342436e-06,5.380785365687769e-05,0.0003013720979601125,4.472958441612874e-05,0.0002694134070192546,1.0821301830309793e-05,1.0821301830309793e-05,1.22297466415022e-07,5.449041068284551e-05,0.0,0.0,0.0022552672772718028,0.0002155795446964234,0.00011518220151961515,0.0008490290183279393,0.00043158261782853726,4.054742704873724e-05,0.0017015300411502322,0.00012924124747496846,0.001172343147153131,0.0005430537511311668,0.0006031168837424871,0.0004037338151152059,6.910325553481796e-05,4.092029057207173e-05,2.8868533760311268e-05,0.0002554125401134297
73,0.0010377309639853557,0.0006324847546955821,1.3688897069232789e-05,0.00047628687582337414,0.00014969717867159907,0.0004691782847721076,0.0,0.0008664896835518393,0.0004179190780949087,0.00015373697374679025,0.00015185256804430778,9.903745190464669e-05,0.0,0.00015185256804430778,0.000237462656024873,0.0,0.0,0.0,0.0,0.0,7.912445278235598e-05,7.912445278235598e-05,7.912445278235598e-05,9.739616985492995e-05,1.3325424562906274e-06,0.0003033661265798835,0.0,0.00030467725648729814,0.00012046153746854025,1.0220315843022357e-07,0.0,0.0,0.0001811417594960854,0.0,0.0,0.000478328118021884,1.9814925389801026e-05,0.0004360678914585763,0.00042085237265948854,1.627015697739818e-05,1.5704306747876026e-05,0.00010434709264172748,0.0003366469233671886,6.7606428904283e-05,0.001562956051548511,5.899505493122976e-05,3.035750347824386e-05,0.00015482022180726652,0.0001272400698420135,3.490800921685536e-07,0.0,0.0011740404605015114,0.0,7.912445278235598e-05,1.1860175836738546e-05,0.0001809594640518647,0.0005705981564242003,0.0,0.00017332472490723372,0.0,0.00031667645150626727,1.0323861644903989e-06,7.912445278235598e-05,0.0,0.0,0.0,0.0,0.0,6.760642890428297e-05,0.0001100534163244359,0.0013839362670187202,6.651749913901404e-07,0.0011740404605015114,0.0,0.00029494807349416535,0.0017390704823927235,0.0024140357116144307,8.100689709966731e-07,0.0004872419346426365,4.642288271145922e-05,0.0,0.0002953728393525016,0.0,7.437269333080196e-05,2.9618467692456513e-05,0.00018950236352123354,0.0003042997838497055,0.00016341108256210193,9.197552665675336e-06,0.00010172490426938385,0.001190766078758062,5.76901829534948e-05,0.00029993507230815413,0.00013326503989475528,0.0,0.0,0.00039592007295154966,0.000237462656024873,0.0,8.925942965148947e-05,0.00013498056110366007,0.0004129398033755529,3.490800921685536e-07,0.0007925863606585746,0.00014726973650325194,1.3325424562906274e-06,0.00011226816863866857,0.0008155215572940612,0.0,0.0,0.0007871390017730935,0.0003316148617457692,2.0535595128214632e-05,0.0017164725619090038,0.0003762182153425903,2.6811256818145375e-05,0.0009698982466376325,4.3299216043689564e-07,0.004936165335356922,1.409071095512845e-06,0.0012208007704831558,0.003406406445704349,8.058980748571124e-09,2.1387101306884746e-05,0.0003596189164647816,0.00035679920002373855
74,0.00014142488385330805,0.0006848814508696394,0.00017737848679401586,0.002012102061422845,1.4761902184980277e-06,0.0002632318680819692,0.0,0.00013026058772572647,0.0002006023440722681,0.00011336077197502325,0.00011782880045705509,0.0003100915425633733,0.0,0.00011782880045705509,7.067286189470936e-05,0.0,0.0,0.0,0.0,0.0,2.354948866806554e-05,0.0008946498735192829,2.354948866806554e-05,2.6573412891901094e-05,0.00023586141613895058,2.6721035726809264e-07,0.0,1.1362669763494994e-05,0.0003622248202887709,1.1227955218046743e-06,0.0,0.0,2.6268690390590427e-05,0.0,0.0,1.4948880389569169e-05,0.00014426042273085423,4.240186110584393e-05,0.0007531042711872256,0.0007025567926650855,1.2648226920934386e-06,0.0005718225912850453,0.00016572216594064868,0.00018862386689765014,3.636563219376024e-05,0.00012290315716055069,1.8129361844909262e-05,6.8166529452214205e-06,2.4537536455509937e-06,0.0001329784218965412,0.0,0.0001107631482238137,0.0,0.0008946498735192829,2.029622164116901e-05,8.161208463135472e-07,0.00022816969062496202,0.0,5.097309816773712e-06,0.0,9.424675769484345e-05,0.00021223855391964638,2.354948866806554e-05,0.0,0.0,0.0,0.0,0.0,0.00018862386689765014,0.00018932756311998845,0.0003825014419748308,0.00011782880045705509,0.0001107631482238137,0.00029494807349416535,0.0,4.675989096265224e-06,0.001451385760519998,0.00018872135008799964,8.646743783181853e-06,0.0002707551652229648,0.0,1.9259085597590986e-05,0.0,0.00042513930200082614,0.00030515606751333477,0.0011157067410660056,2.3361375314138866e-05,0.00017686850767798315,0.0005806237413227442,0.00038129713185465226,0.00023572571879903635,0.00022910549346277223,6.702811054208114e-05,0.0005519897206298081,0.0,0.0,0.00011782880045705509,7.067286189470936e-05,0.0,7.58451814950325e-05,4.710710742702968e-05,5.249421986782549e-05,0.00014654892720658032,2.3361375314138853e-05,2.3361375314138853e-05,2.3361375314138853e-05,0.0009091783522215324,3.156506725140529e-05,0.0,0.0,0.00016300891769085676,0.0006711519680979165,4.702893149897264e-05,0.0002963972224430296,2.58245086023263e-05,0.00015823492530491834,0.0001791287169813447,6.499745560209925e-05,0.0014782700137172793,0.00015609572900041968,0.0004241252142960137,0.00033206804470367374,2.7410747304113187e-05,0.00022887940269299904,0.001162684135518286,6.55231555840121e-05
75,0.0001252366152375544,0.00024045084646397456,0.00016587640244843885,0.00020700999875898542,0.00012030242756339493,0.0002094625812237693,0.0,5.317521387777479e-06,2.7217994291229056e-06,1.3068966631436547e-05,5.879511362556314e-05,9.14684491336781e-05,0.0,1.541494498899321e-05,8.042049792185299e-05,0.0,0.0,0.0,0.0,0.0,0.00020991661576393736,0.00020991661576393736,0.00025323881940822083,1.0486961465904269e-05,0.00011778662694416383,6.773318469043758e-05,0.0,0.0003764884523318971,3.4973222754842125e-05,0.000533274586895728,0.0,0.0,0.00041572534132577237,0.0,0.0,0.0015148966333134398,3.7230272198413516e-05,0.0003092484895235951,0.00010104458844671085,3.36161418648933e-07,0.000390054730912465,0.00014861154444313542,6.692630553195274e-05,4.6582682378814026e-05,0.00010426212764598182,3.230230844406153e-05,9.466489337705674e-05,2.8599644883380666e-07,6.811040450828952e-08,9.354284684647061e-05,0.0,5.1358888255722494e-05,0.0,0.0002532388194082208,0.00018523315581377565,0.0005018565994539116,2.4176824687457098e-05,0.0,6.607776965157251e-06,0.0,2.8179322150260287e-06,3.225935621771055e-06,0.00020991661576393736,0.0,0.0,0.0,0.0,0.0,5.643407449933575e-06,3.1391169294754794e-07,0.00041913324204294507,0.00039001616384970683,0.00020200275299632215,0.0017390704823927235,4.675989096265224e-06,0.0,5.9481395738690416e-05,0.00014761434186001752,0.0010988445042772182,0.00019669054158156238,0.0,4.146442990004905e-06,0.0,7.5740244754572e-05,1.0437228975944618e-05,0.0009357146374783243,0.0005205521773206835,4.1253674236127425e-05,8.637433432631182e-08,7.464572106161875e-05,5.6423913982695624e-05,4.4923281946831865e-05,0.00023328074521972208,6.655596091396064e-05,0.0,0.0,0.00039001616384970683,0.0007600958584565991,0.0,1.2264067780924431e-05,1.4080251203169906e-06,2.1842670381549533e-06,5.290409266169114e-05,7.05898317765863e-06,0.00011778662694416378,0.00019504937869030338,4.740411845363451e-05,0.0004674831649605247,0.0,0.0,5.224091327019639e-06,9.523150296679016e-06,6.0167657702332776e-05,0.00012779088438043436,0.00019531914247822302,2.6545013693914706e-06,8.247482105702914e-05,0.0001053881263287336,0.001285740268349737,0.00026275613303233716,4.486344094154968e-07,0.0004494560505971124,0.0004564032145380737,0.00021344245679431472,0.0002424952821126888,0.0003685293660190634
76,0.0006492517420192568,6.223357187451489e-06,4.364396681212071e-05,0.0002212805311028606,0.00021242719433239897,0.000289988565156628,0.0,0.00016275932850496358,0.0001876119303237981,8.16344475693901e-07,0.00021839912311644164,0.0001741622216003128,0.0,9.06541342044898e-05,5.437384800620833e-05,0.0,0.0,0.0,0.0,0.0,1.8118410835336635e-05,1.8118410835336635e-05,0.0009795030351568111,1.2742233154612412e-08,0.0004380050608845359,1.6420837162921405e-06,0.0,0.00016579974243495954,4.393664907286683e-08,0.00010687763332892046,0.0,0.0,8.311326509892353e-05,0.0,0.0,0.0004821551555766997,0.00026029336156160475,7.32420970911547e-06,5.8658038663422785e-06,0.0004778853102543482,0.0005745324677004205,9.164306743590796e-07,0.0011845971213052114,0.00014512123002884507,0.00041722954448454976,0.0004737936420159761,0.0014917401679897073,2.267682008254919e-05,0.00033555466778465446,0.00019624097390086726,0.0,0.00010343060784340338,0.0,1.8118410835336635e-05,0.0002722165854630782,0.00033029832803785786,6.044254855110576e-05,0.0,3.712293609981702e-05,0.0,7.251088284746334e-05,0.00016328939013094692,1.8118410835336635e-05,0.0,0.0,0.0,0.0,0.0,0.0001019683651537782,2.202082119560232e-05,6.155275062937906e-05,0.00021839912311644164,0.0017064317518562882,0.0024140357116144307,0.001451385760519998,5.9481395738690416e-05,0.0,7.535154625456142e-05,0.0004548312283524924,7.3064202635040655e-06,0.0,5.910337714549403e-07,0.0,0.00032708405085847656,7.249122370847828e-07,0.00014007278962171088,5.9265373162880014e-05,2.6125118755445634e-06,0.0005364477139448223,0.00011727500379993434,0.0009981947232390951,2.4056913122778617e-05,1.901940345699145e-05,0.00014103360303335517,0.0,0.0,0.00021839912311644164,5.437384800620832e-05,0.0,0.0002972908643467494,3.6243025420464994e-05,0.00015063280208192078,6.299098158633768e-05,0.0004380050608845359,0.00018146378811203088,5.9265373162880014e-05,0.00010368869816419378,0.00032775201963057207,0.0,0.0,0.00014722318749851274,2.0482772127589186e-05,0.00026414690266179995,0.00019571830948248489,0.00023230868537305223,0.0001147976164038683,5.5833813141828155e-08,5.32024236579745e-05,0.00010012614364885222,0.00011210278021580818,2.505743006961001e-05,1.4093337564634355e-05,2.8350723428561858e-05,0.0006170221649382857,6.321704284414453e-05,2.0729966132277083e-05
77,2.1958181800880647e-05,5.283757284550272e-05,4.238005779872521e-06,8.110959083921859e-05,1.3942143759509745e-05,0.0005353216563675565,0.0,0.0008729876357669417,4.568270420604096e-06,9.5425605838461e-05,1.2812056268027283e-05,5.14177309941567e-05,0.0,1.2812056268027283e-05,7.684661606791093e-06,0.0,0.0,0.0,0.0,0.0,2.5606972490599064e-06,2.5606972490599064e-06,2.5606972490599064e-06,9.791344222583368e-05,2.5645580681003515e-05,5.08199443172715e-05,0.0,1.986606891092905e-05,0.0007641017973051678,3.076820273623706e-06,0.0,0.0,9.013776000908366e-05,0.0,0.0,0.00018416730200884344,0.00011007777476365933,5.911373326433717e-05,0.00024729313944692633,0.00014271981923214992,0.00019709485241411605,0.0003264848179373724,3.524118026061306e-05,2.050959013423237e-05,0.000495059424687485,5.489351371743565e-07,8.239887264108132e-06,3.558305467550829e-05,0.00021465345150172065,0.00016232222381996268,0.0,0.0006210560162712855,0.0,2.5606972490599064e-06,0.00013691070856664965,3.6138523928211266e-05,0.0004005627934793093,0.0,0.0007164090111083089,0.0,1.0247929862371267e-05,0.0006037965338515582,2.5606972490599064e-06,0.0,0.0,0.0,0.0,0.0,0.0006430751383560529,3.335603000282833e-05,0.0014780042964649238,1.2812056268027283e-05,7.364483879749488e-05,8.100689709966731e-07,0.00018872135008799964,0.00014761434186001752,7.535154625456142e-05,0.0,0.0010075172628921754,7.32420970911547e-06,0.0,5.137732257030532e-05,0.0,0.000385315293934005,6.066905789122722e-07,0.00013163944466336152,2.5645580681003515e-05,3.3769711119703685e-05,4.041361331848036e-05,0.00040579073907100075,0.00019900521394020196,1.955280992927842e-05,5.9962248949999524e-05,3.076820273623706e-06,0.0,0.0,1.2812056268027283e-05,7.684661606791094e-06,0.0,0.0003357228412603743,5.122250926818062e-06,2.3577249184375114e-06,0.0003189007762029027,2.5645580681003515e-05,2.5645580681003515e-05,0.0005691763288233399,8.60626200579177e-05,0.0007317824388596501,0.0,0.0,6.29322715148884e-05,0.0003509974133759645,0.00019905375808574206,0.00047048474749915954,0.0008045047466163789,0.0005851978585688531,5.823340621170873e-05,3.94414414840557e-05,0.0004368194198565332,9.164763571490155e-05,1.6584258601424036e-05,0.00020083167812297412,0.0001693382511791041,0.00020497993968034202,0.0004834127858300512,6.103561001470956e-05
78,5.421963702868641e-05,4.3100748711085986e-06,6.951281687251845e-05,0.0006934308011317717,0.00035143031492773993,0.0014797876109169212,0.0,8.674928136401757e-05,0.000675296688737293,5.879033203142739e-07,1.393082134059407e-05,7.379354349288736e-05,0.0,0.0007787923509405882,8.355695105485284e-06,0.0,0.0,0.0,0.0,0.0,2.784299967574861e-06,2.784299967574861e-06,2.784299967574861e-06,0.00010646356853145607,2.788499331921701e-05,0.00020288842233180736,0.0,0.000190813737606994,0.00042903382932439583,4.6942460394087964e-07,0.0,0.0,9.80088711072201e-05,0.0,0.0,4.386870615550757e-05,0.00014603275395084695,6.427568527157672e-05,0.00011211617247550826,0.00032023697955884615,3.1355474493458956e-05,0.0004279733308052303,6.64702450689449e-05,2.230051744170258e-05,0.00015603984013383507,0.0003933157119325878,0.0008862626638551848,0.0003099866423449571,0.00030841883509138946,4.241579458829924e-08,0.0,9.168176996175687e-05,0.0,2.784299967574861e-06,0.00014886633415429375,4.0496065120821116e-05,1.1094269862314392e-05,0.0,0.0002658814353851564,0.0,1.1142791523517766e-05,0.0005772255894085636,2.784299967574861e-06,0.0,0.0,0.0,0.0,0.0,2.230051744170258e-05,3.6268737415772954e-05,0.00031465744964618203,1.393082134059407e-05,9.928114881472359e-05,0.0004872419346426365,8.646743783181853e-06,0.0010988445042772182,0.0004548312283524924,0.0010075172628921754,0.0,1.5256872673304189e-05,0.0,5.58637032347967e-05,0.0,5.026043367711393e-05,3.930984403112829e-06,0.0001318793019613157,2.7884993319217013e-05,1.3999450326460434e-05,0.0025047288336284973,5.798762461050867e-05,0.0005792429567655164,0.0007156587712036039,0.00019148618235558573,0.00032356439865045854,0.0,0.0,1.393082134059407e-05,8.355695105485282e-06,0.0,5.342372865261037e-05,5.5695314615838025e-06,6.678000802622271e-06,0.0003467499617645929,2.7884993319217013e-05,0.0015704784069046282,2.7884993319217013e-05,0.0006440149762889438,0.00019237389015156446,0.0,0.0,1.740554442662382e-06,0.00038164983293233705,0.00031488643329838275,0.002051499100435328,0.0010071530352071972,1.4478975879866505e-05,0.00020861492297214216,5.760400011327758e-05,3.0186808482019422e-05,0.00017871615751603905,4.622267386188058e-06,3.292026101010717e-05,7.148765667076758e-05,2.6608944492744228e-05,3.001568590271119e-06,0.0008531327393206587
79,0.00021978887795819774,0.00010704950053365143,0.00028538231014269564,4.2975589689927315e-05,1.106348922742627e-06,0.0010768530100593518,0.0,0.0005645747256167273,8.945842969166977e-05,0.0006652040852798218,9.06541342044898e-05,6.708423618849609e-05,0.0,9.06541342044898e-05,5.437384800620833e-05,0.0,0.0,0.0,0.0,0.0,1.8118410835336635e-05,1.8118410835336635e-05,1.8118410835336635e-05,1.2742233154612412e-08,0.00018146378811203088,3.3457638322895004e-05,0.0,0.00016579974243495954,4.393664907286683e-08,3.923035543153161e-08,0.0,0.0,8.311326509892353e-05,0.0,0.0,0.0011255148312761401,3.851521430216944e-06,0.0003357228412603743,0.002573417549411562,0.00023230868537305223,0.0005745324677004205,0.00011735593967646921,0.0004558322662270393,0.0005704115923064019,0.0007448086478278942,0.0005895217605928265,0.0002102187645552445,7.158041690226045e-05,0.0007977264805523235,6.124231877984435e-06,0.0,0.00019185651265130163,0.0,1.8118410835336635e-05,8.09838689871757e-05,7.27204082289929e-05,0.00019273110494776686,0.0,0.0004851135188977565,0.0,0.0002845128320990232,0.00016328939013094692,1.8118410835336635e-05,0.0,0.0,0.0,0.0,0.0,0.00014512123002884507,2.202082119560232e-05,0.0001306817985206759,9.06541342044898e-05,0.00019185651265130163,4.642288271145922e-05,0.0002707551652229648,0.00019669054158156238,7.3064202635040655e-06,7.32420970911547e-06,1.5256872673304189e-05,0.0,0.0,0.0003635517963858014,0.0,0.00032708405085847656,7.249122370847828e-07,0.00014007278962171088,0.00018146378811203088,0.00011025121775318344,0.0017096736947623623,0.00017821895325459717,5.009348420206578e-05,0.00081418102312208,1.901940345699145e-05,0.0006125754655581734,0.0,0.0,9.06541342044898e-05,5.437384800620832e-05,0.0,0.00013530459903435255,3.6243025420464994e-05,0.00025492793770852786,0.00016487843796234296,0.00018146378811203088,0.00018146378811203088,5.9265373162880014e-05,1.0099128714705953e-05,0.0002557379607076686,0.0,0.0,0.0016141664971946268,0.000526735792350844,0.0006628667790499546,1.0087187093542197e-05,0.001244944902153591,0.0006282889984425724,4.762056276332374e-05,2.8991783259195805e-05,0.0015743687588289784,0.0002897039889379889,0.0017559905964563494,0.0011086812467096911,4.771784192708693e-05,6.65200253048785e-05,2.3851377834460685e-06,0.0004750902728951592
80,0.0,0.0,0.0,0.0,0.0,0.0,0.0,0.0,0.0,0.0,0.0,0.0,0.0,0.0,0.0,0.0,0.0,0.0,0.0,0.0,0.0,0.0,0.0,0.0,0.0,0.0,0.0,0.0,0.0,0.0,0.0,0.0,0.0,0.0,0.0,0.0,0.0,0.0,0.0,0.0,0.0,0.0,0.0,0.0,0.0,0.0,0.0,0.0,0.0,0.0,0.0,0.0,0.0,0.0,0.0,0.0,0.0,0.0,0.0,0.0,0.0,0.0,0.0,0.0,0.0,0.0,0.0,0.0,0.0,0.0,0.0,0.0,0.0,0.0,0.0,0.0,0.0,0.0,0.0,0.0,0.0,0.0,0.0,0.0,0.0,0.0,0.0,0.0,0.0,0.0,0.0,0.0,0.0,0.0,0.0,0.0,0.0,0.0,0.0,0.0,0.0,0.0,0.0,0.0,0.0,0.0,0.0,0.0,0.0,0.0,0.0,0.0,0.0,0.0,0.0,0.0,0.0,0.0,0.0,0.0,0.0,0.0,0.0,0.0,0.0,0.0
81,0.00010407189757587296,2.6091543308335527e-05,1.279147764431003e-05,1.7755925159228003e-05,5.096067004490304e-05,3.731208973555713e-06,0.0,6.934100681404243e-05,0.00019737645255317362,0.0001615407437881379,1.1135316895772047e-05,2.7143716972880623e-05,0.0,0.0008525799082256956,6.678955733328572e-06,0.0,0.0,0.0,0.0,0.0,2.2255744403432825e-06,2.2255744403432825e-06,2.2255744403432825e-06,8.509907540161612e-05,2.2289282937895006e-05,0.00016217314896091293,0.0,2.205896593329243e-05,0.00021308254046250555,0.00025863048618977175,0.0,0.0,7.834105142442887e-05,0.0,0.0,5.0647752943625815e-05,0.00011672751030891167,0.0011514470449068492,0.00047835076700397314,0.00018677253136763878,0.00017129960837442733,0.0006465122661009359,2.8574720059962734e-05,1.782545462594459e-05,3.296775780668021e-05,0.00016977267937800242,0.00011399705331661904,0.0008282525383967187,9.941136670736168e-05,7.061176782043884e-06,0.0,4.0380018772790197e-05,0.0,2.2255744403432825e-06,0.00013625032175243858,0.00042968034256881586,2.69266648275258e-06,0.0,0.00021252415279987915,0.0,8.906763581610941e-06,2.005699479887747e-05,2.2255744403432825e-06,0.0,0.0,0.0,0.0,0.0,1.7825454625944586e-05,2.8990640169936587e-05,1.4895475288079793e-05,1.1135316895772047e-05,4.0380018772790197e-05,0.0002953728393525016,1.9259085597590986e-05,4.146442990004905e-06,5.910337714549403e-07,5.137732257030532e-05,5.58637032347967e-05,0.0003635517963858014,0.0,0.0,0.0,4.0174575125741273e-05,4.6759553696419095e-06,0.00010541439007046939,2.2289282937895006e-05,1.3858789566773252e-05,0.00023164289122562173,7.748013784655635e-07,1.676770914261007e-05,0.00028625665322110484,8.491841493453683e-05,0.000247883092679463,0.0,0.0,1.1135316895772047e-05,6.678955733328573e-06,0.0,0.00011902667624986475,4.451892852316418e-06,0.00020136166281350162,0.0002189989585020588,2.2289282937895006e-05,2.2289282937895006e-05,2.2289282937895006e-05,7.27247426397878e-05,8.109494481561342e-06,0.0,0.0,3.29321638654929e-05,0.00030505823524852577,0.00025169415497849847,2.296032892866646e-05,3.7860980372713017e-06,5.074741727193285e-05,1.6397746873250148e-05,5.032325546833571e-05,0.0009856762879207651,0.00020597107842868867,9.53880081200608e-06,0.00025432334677425795,2.4658373028101836e-05,5.8478944180189075e-05,2.6673086972398203e-05,6.107687286161472e-05
82,0.0,0.0,0.0,0.0,0.0,0.0,0.0,0.0,0.0,0.0,0.0,0.0,0.0,0.0,0.0,0.0,0.0,0.0,0.0,0.0,0.0,0.0,0.0,0.0,0.0,0.0,0.0,0.0,0.0,0.0,0.0,0.0,0.0,0.0,0.0,0.0,0.0,0.0,0.0,0.0,0.0,0.0,0.0,0.0,0.0,0.0,0.0,0.0,0.0,0.0,0.0,0.0,0.0,0.0,0.0,0.0,0.0,0.0,0.0,0.0,0.0,0.0,0.0,0.0,0.0,0.0,0.0,0.0,0.0,0.0,0.0,0.0,0.0,0.0,0.0,0.0,0.0,0.0,0.0,0.0,0.0,0.0,0.0,0.0,0.0,0.0,0.0,0.0,0.0,0.0,0.0,0.0,0.0,0.0,0.0,0.0,0.0,0.0,0.0,0.0,0.0,0.0,0.0,0.0,0.0,0.0,0.0,0.0,0.0,0.0,0.0,0.0,0.0,0.0,0.0,0.0,0.0,0.0,0.0,0.0,0.0,0.0,0.0,0.0,0.0,0.0
83,0.00015114812269607502,0.0003069573675046986,0.000142693995098635,2.634877280671173e-05,0.0005017459375116568,0.0010640805720003824,0.0,6.238590859582296e-05,2.252005960656859e-05,0.0005226405378018328,1.00184280026142e-05,7.199706728129883e-05,0.0,1.00184280026142e-05,6.009047186387714e-06,0.0,0.0,0.0,0.0,0.0,2.0023464539556168e-06,2.0023464539556168e-06,2.0023464539556168e-06,7.65633679176493e-05,2.0053628972119484e-05,0.00014590638043328406,0.0,3.414167748256263e-05,0.00012185283649775625,2.2473347137223372e-05,0.0,0.0,7.048320729838599e-05,0.0,0.0,0.0002588491901055959,0.00010501928587537518,4.622405349663958e-05,0.003484247933981394,0.0001493459987768009,0.00015411737483367089,1.0801213370754774e-05,6.98624044800519e-05,1.6037532233956996e-05,0.0008729804694249514,0.0002828474959642787,0.00012427197796204518,0.00013186159863891181,0.0001850421256208649,1.5536287691052833e-05,0.0,0.00048562008767928395,0.0,2.0023464539556164e-06,0.00010705703014057955,0.00010138828714925533,3.637278020941751e-06,0.0,0.00019120668263377988,0.0,8.013402359897381e-06,1.8045244244586644e-05,2.0023464539556168e-06,0.0,0.0,0.0,0.0,0.0,1.6037532233957e-05,2.608282396941013e-05,4.403903181527085e-05,1.00184280026142e-05,0.00048562008767928395,7.437269333080196e-05,0.00042513930200082614,7.5740244754572e-05,0.00032708405085847656,0.000385315293934005,5.026043367711393e-05,0.00032708405085847656,0.0,4.0174575125741273e-05,0.0,0.0,3.1280635354063156e-05,0.0007726785482146759,2.0053628972119484e-05,4.893395271830487e-06,0.004382521603666733,4.685341317367829e-06,0.004211921292118908,0.00025706165387408514,0.00010583819152154819,0.00029655764391712153,0.0,0.0,1.00184280026142e-05,6.009047186387715e-06,0.0,0.00032708405085847656,4.0053620337115674e-06,2.7520224569105344e-05,1.5536287691052833e-05,2.0053628972119484e-05,2.0053628972119484e-05,2.0053628972119484e-05,0.00016868806941228653,5.0183084589056195e-06,0.0,0.0,0.00046611320212204516,7.870467230809873e-06,0.00030893329937769034,0.0007124633593713536,0.001131020210919929,0.003029744419645722,0.0009751909894485389,7.827192591237437e-05,0.0005542181683868977,1.5274409338058935e-06,7.127993263390895e-05,7.475723489007851e-07,0.0017845947298863703,0.00016028301057762292,3.559661108187826e-05,0.0005030711056719202
84,4.9595796331158935e-05,0.00017198509883937282,0.0002840322781401494,0.0008767168427795593,7.323464623735262e-06,0.00014107305519051646,0.0,0.00035990258003433203,0.0006388188941667677,1.3408729098088453e-06,0.0005163077482498923,2.75286770105227e-05,0.0,1.998140633202251e-05,0.0003096635896551847,0.0,0.0,0.0,0.0,0.0,0.00010318088581794781,0.0004406307300179934,0.00010318088581794781,7.71912922757121e-05,0.00028718512708060995,0.00012733914709372996,0.0,0.00016999021759437922,0.00032198025619939105,0.0004322106378966892,0.0,0.0,1.1090513061706595e-05,0.0,0.0,0.00011850501098690375,0.0002647230818027687,2.76499217630573e-05,0.0003490189081724257,7.869279613666224e-05,0.0008191927494889972,0.0008485642357302179,0.00012892893198053089,0.0008265772711717577,5.0192168485054586e-05,3.622744310837682e-07,6.64350293416309e-06,6.185699693881416e-05,0.0003836524493206145,4.6270981347147915e-05,0.0,6.0460269115193916e-05,0.0,0.0001031808858179478,7.601748510904316e-05,3.8997753099456094e-05,0.00011741788198570266,0.0,8.888986816369131e-05,0.0,9.302686088960574e-07,0.0002208687188515205,0.00010318088581794781,0.0,0.0,0.0,0.0,0.0,0.00032900287569258475,1.4556426527789122e-05,0.00015608689892959281,6.999945911750517e-05,3.3698562860119165e-05,2.9618467692456513e-05,0.00030515606751333477,1.0437228975944618e-05,7.249122370847828e-07,6.066905789122722e-07,3.930984403112829e-06,7.249122370847828e-07,0.0,4.6759553696419095e-06,0.0,3.1280635354063156e-05,0.0,0.00012261726586414124,9.41110901445894e-06,0.0004102343085568886,0.00014873467535854836,0.00010909156487286372,0.00026655385359000043,8.2409614451073e-06,1.70402250882336e-07,1.0640046924393102e-06,0.0,0.0,1.998140633202251e-05,0.0003096635896551847,0.0,0.0005207303094521588,0.000881567305362849,4.9910721036162866e-05,0.00039253051716849454,9.41110901445894e-06,4.0025652123235603e-05,0.0004115654363712615,0.00014865410820039376,7.884916348903002e-06,0.0,0.0,0.00042487996161456355,3.483367940231702e-05,1.6131763336612735e-05,1.8810387276209763e-05,4.467672404003149e-05,5.887035073462443e-05,0.00012392135558649984,0.00010669182893401183,0.0013904131859626447,1.5934918674432317e-05,2.240492217040678e-08,1.002305480283635e-09,0.00042404845748066295,9.996225305570388e-06,3.0465234606186394e-06,2.6194782519157328e-05
85,0.00012913336451997283,7.462674634504704e-06,0.0005752879698615,0.00021563966737899712,0.00027105264335913466,0.0007034641479024651,0.0,7.182350429530009e-05,6.102870525509998e-06,5.167967417232165e-05,2.628710854813178e-05,0.00018334424834908956,0.0,2.6287108548131784e-05,1.5766966274789987e-05,0.0,0.0,0.0,0.0,0.0,5.2538907218537985e-06,5.2538907218537985e-06,5.2538907218537985e-06,3.9419961643951e-05,0.0003516895470294236,9.596048922343398e-05,0.0,0.00040824336166280927,4.5326415987151863e-07,0.0006106007049720834,0.0,0.0,0.00018494375978383247,0.0,0.0,0.0006607521396621591,6.842837409667217e-06,0.00012128796642103755,0.0013213294959262575,0.00023469359730151533,0.00040440886709487077,8.11837288515249e-06,1.6559039955653588e-06,4.2080592860565006e-05,2.6899799209062307e-05,0.00013648169990051177,0.00018230690610867933,8.316846474111246e-05,1.9355106453994335e-07,0.0006543578329692163,0.0,0.001274461598026459,0.0,5.253890721853798e-06,0.0002809155475380853,3.2827540126340344e-07,0.0005940356228991608,0.0,0.000526017107471069,0.0,2.102615347759223e-05,4.734863130281198e-05,5.2538907218537985e-06,0.0,0.0,0.0,0.0,0.0,4.2080592860565006e-05,6.843853527176945e-05,0.00017885616050923147,2.628710854813178e-05,6.102870525509984e-06,0.00018950236352123354,0.0011157067410660056,0.0009357146374783243,0.00014007278962171088,0.00013163944466336152,0.0001318793019613157,0.00014007278962171088,0.0,0.00010541439007046939,0.0,0.0007726785482146759,0.00012261726586414124,0.0,0.0003516895470294236,0.0010295825166145324,0.002680285203447754,0.00037329019789524845,0.00017040145764419374,0.0001243536558755995,0.00036134405855424163,7.154195575968919e-05,0.0,0.0,2.628710854813178e-05,1.5766966274789984e-05,0.0,1.7691537944325848e-05,1.0509545751722204e-05,0.00012501018351800466,7.465068452810224e-07,5.2618443569689886e-05,5.2618443569689886e-05,5.2618443569689886e-05,0.0003175851353661313,1.650380807638452e-05,0.0,0.0,0.00013805682348962844,6.113521449127281e-05,6.669309717168145e-06,1.895164133272918e-05,1.3673616853094716e-08,0.00013949417903363329,2.1472974402155697e-06,0.00035812302107174636,2.4484607149719516e-05,0.00026804404911368236,6.400477904617305e-05,0.00013792160755698806,0.0003200871700362041,0.00042058876974716174,2.7360541943914152e-05,0.000473634240832527
86,9.197337096712792e-05,0.00028900557606171705,8.779355153557894e-05,8.846081281125618e-06,0.0007339185911332972,1.6613133195765166e-05,0.0,3.461228141710506e-05,0.00026941340701925465,0.0002899504279255863,5.558349517267e-06,0.0003005379462479121,0.0,5.558349517267001e-06,3.333896244353867e-06,0.0,0.0,0.0,0.0,0.0,1.1109279230616828e-06,1.1109279230616828e-06,1.1109279230616828e-06,0.00041420030404580973,1.1125992400876645e-05,0.0002339076342837417,0.0,2.7958437495257e-05,0.00011119072594853007,0.00012909496380743204,0.0,0.0,3.910470231655864e-05,0.0,0.0,5.512087942597066e-05,5.826539510421859e-05,2.5645580681003515e-05,0.001046201242691152,9.306533408532042e-05,8.550486440444872e-05,0.00023598342381020627,1.423702685816434e-05,8.89781805471334e-06,0.0014445156583828241,0.0005133614671102065,0.00035356748686707015,0.0004133895845907133,4.955010577798697e-05,0.0001383449882987106,0.0,0.0002694134070192546,0.0,1.1109279230616828e-06,5.9395935440551784e-05,0.00021446943551961474,0.00027590716295169113,0.0,0.00010608169568789953,0.0,4.445937137872274e-06,1.0011718862957135e-05,1.1109279230616828e-06,0.0,0.0,0.0,0.0,0.0,8.897818054713342e-06,1.4471051889906582e-05,0.00046773119974820527,5.558349517267e-06,1.0821301830309793e-05,0.0003042997838497055,2.3361375314138866e-05,0.0005205521773206835,5.9265373162880014e-05,2.5645580681003515e-05,2.7884993319217013e-05,0.00018146378811203088,0.0,2.2289282937895006e-05,0.0,2.0053628972119484e-05,9.41110901445894e-06,0.0003516895470294236,0.0,0.0008547208755070987,0.0014219251428442964,0.0007085661847876183,0.00023109575252445105,2.4264700822060917e-05,7.64002611352535e-05,0.00012909496380743204,0.0,0.0,5.558349517267e-06,3.3338962443538665e-06,0.0,0.00018146378811203088,2.222226588708635e-06,4.6085861320155623e-05,0.00013834498829871063,1.1125992400876645e-05,1.1125992400876645e-05,1.1125992400876645e-05,0.0001386799733991459,4.041273551827251e-06,0.0,0.0,0.0002585919270024817,0.00015226838154077938,0.00012915309957955368,0.0005540226107630187,0.00026162762621976453,0.0006757522486145952,3.312464997196865e-05,2.5065839974791076e-05,2.0891495782295325e-08,4.459883776277972e-05,0.0009922307160623676,0.00012664163448214053,0.0002454132531580162,8.89255186173639e-05,0.00033576588128018416,0.00022866362453020169
87,4.254727122574259e-05,1.4570742859376542e-08,0.00010580079157878697,1.979958650654345e-06,0.0008522477249985694,9.889871065525886e-05,0.0,0.00027617930328646114,1.8948692216053814e-05,2.1144859419283636e-05,0.00016598873919177362,0.00015174454206433948,0.0,0.00016598873919177365,0.0003185048052201297,0.0,0.0,0.0,0.0,0.0,2.2479893519855516e-05,2.2479893519855516e-05,2.2479893519855516e-05,1.78759411014431e-05,0.0008547208755070988,3.445697450006228e-06,0.0,0.00030553337846176993,7.886269938733176e-08,0.00016569630847173373,0.0,0.0,0.00016241114540062416,0.0,0.0,4.221349222409995e-05,0.0008452838079850949,2.7137404051620986e-05,0.001099079931173085,0.00029476836303184324,3.618636776461922e-05,0.00028858064487665997,1.8666510202666005e-05,0.00018005639826491898,0.0018808676988457942,7.749039210320867e-05,5.105479535731465e-05,6.348319270310806e-06,4.677468454876779e-05,2.2437246339423837e-05,0.0,0.0007787222434187226,0.0,2.247989351985552e-05,1.1532778039190635e-05,6.58088711018965e-07,5.604937962075266e-05,0.0,0.0011795056995483125,0.0,8.996608483516904e-05,4.3354565171264665e-05,2.2479893519855516e-05,0.0,0.0,0.0,0.0,0.0,0.00018005639826491895,4.595204397516564e-06,0.00013675389581835535,0.00016598873919177362,9.429446990858034e-05,0.00016341108256210193,0.00017686850767798315,4.1253674236127425e-05,2.6125118755445634e-06,3.3769711119703685e-05,1.3999450326460434e-05,0.00011025121775318344,0.0,1.3858789566773252e-05,0.0,4.893395271830487e-06,0.0004102343085568886,0.0010295825166145324,0.0008547208755070987,0.0,0.000798319188389897,0.006404285027366159,6.864471660903663e-05,0.001834156368105416,0.00023261625578508912,0.00014871750568299735,0.0,0.0,0.00011247700336114214,6.746293058952376e-05,0.0,0.0002305080009091735,4.4967535268025506e-05,0.00011111346288860823,2.2437246339423837e-05,0.0002251482480485817,0.0002251482480485817,2.870882470415261e-05,0.0006141952074212769,4.939216082121896e-06,0.0,0.0,0.000922652844265388,0.0003481434016728974,0.0003159228938354054,0.0005278430911476281,0.00017658445820733712,0.0005677375710109339,0.00035518364176544354,0.00044490167414698144,0.0022954943932185943,0.0005771243698851286,0.004236556516159347,0.0003397077821746578,1.1438600425137243e-05,0.00024921604524463987,2.411307464340515e-05,2.382185026427602e-05
88,8.627511442288504e-05,0.001696526623618925,0.011819128131770693,2.786538948546934e-06,0.010621256648847853,0.007109771160345746,0.0,0.0001057074965858494,0.000869662173807453,0.0032329226083387744,1.585472864375078e-05,0.009409243500945214,0.0,0.0004989951806058694,0.00036464146901591873,0.0,0.0,0.0,0.0,0.0,0.00045035097430828436,9.972150159468543e-05,9.972150159468543e-05,1.6328984197767037e-05,1.4360364527292322e-05,3.343669507010116e-05,0.0,0.0005543737805498248,1.5419108725530338e-05,0.00016563138318856992,0.0,0.0,2.1895776157604028e-05,0.0,0.0,0.00013122665240176317,0.001120014955244688,0.00015747299136927993,0.07736684526558171,0.00027146817413179185,0.00012615118329021863,0.006583686029679358,1.7872154554594323e-05,0.00035411117337004645,4.066537754454278e-05,0.0003375912991804486,2.359526701224961e-06,0.003894117686965872,0.003954872197909284,0.0007611916905968614,0.0,0.0039365984514861735,0.0,9.972150159468543e-05,1.3646364015219305e-06,2.8440752753758325e-05,7.518536642177852e-05,0.0,6.69055002009922e-05,0.0,0.0003991185492234332,0.0008988905956239503,9.972150159468543e-05,0.0,0.0,0.0,0.0,0.0,8.693142833325168e-05,0.0004742587916760844,0.001649001067769943,1.585472864375078e-05,6.716209810397552e-06,9.197552665675336e-06,0.0005806237413227442,8.637433432631182e-08,0.0005364477139448223,4.041361331848036e-05,0.0025047288336284973,0.0017096736947623623,0.0,0.00023164289122562173,0.0,0.004382521603666733,0.00014873467535854836,0.002680285203447754,0.0014219251428442964,0.000798319188389897,0.0,0.0014312893672488083,0.003581192298979083,0.00016349833185402103,0.004547671148717211,0.0004251712322863783,0.0,0.0,0.0004989951806058694,0.00029928074585700454,0.0,1.9768069339716238e-05,8.832506585135266e-05,0.0018633087421692993,2.3887081218064497e-06,1.4360364527292322e-05,0.0009989618243990536,0.000442977932867497,0.0009328585740772822,0.0017326486788289443,0.0,0.0,0.00014988876069790607,0.0008211567122539737,0.0009648782257849742,0.001595206289612374,0.0005994385706897358,0.0007283857806428592,0.012817058947176718,0.0006091687756437443,0.0029335323429187654,0.0010496643734314356,0.0014710141429396216,0.0008690882387155912,0.0013274378639450465,0.0016128064517538449,0.0021901683343670195,3.35202286656314e-08
89,5.3670967381627514e-05,0.0011689815468301536,2.9221236501752925e-05,0.0003290879089900118,0.0005785242061970919,0.0014365533792074286,0.0,5.12060229924404e-06,7.832415761721925e-05,9.306667540998309e-05,1.9273838145717764e-07,4.059389862255832e-05,0.0,0.00016214433501755138,0.0002307311005022031,0.0,0.0,0.0,0.0,0.0,7.688154579470201e-05,7.688154579470201e-05,7.688154579470201e-05,0.00011990091087935191,3.8611594467232967e-07,0.00012289785086445513,0.0,5.043957815328371e-05,4.117668826872183e-06,2.317225495864899e-06,0.0,0.0,4.534508713173246e-05,0.0,0.0,9.280623899704434e-08,6.131960868247638e-05,0.00015039860239780822,0.0007252836956102258,0.0007223070797344865,0.00014570468348450898,0.0007715779367538315,3.844133146104021e-05,1.4971817370847536e-05,2.9178923721560977e-05,0.00041699997011208174,4.004229388892004e-05,2.402141791102495e-06,1.384706636737361e-05,8.885842584487502e-05,0.0,0.00017724859664687911,0.0,7.6881545794702e-05,1.1050175029088958e-07,0.0001848836786893951,5.1862577064106094e-05,0.0,2.8907650761657018e-05,0.0,0.0003076991528431984,2.3354955063448893e-06,7.688154579470201e-05,0.0,0.0,0.0,0.0,0.0,1.497181737084755e-05,7.844427728477286e-06,7.444755564674308e-06,0.00038469608416935835,0.00031778919312436694,0.00010172490426938385,0.00038129713185465226,7.464572106161875e-05,0.00011727500379993434,0.00040579073907100075,5.798762461050867e-05,0.00017821895325459717,0.0,7.748013784655635e-07,0.0,4.685341317367829e-06,0.00010909156487286372,0.00037329019789524845,0.0007085661847876183,0.006404285027366159,0.0014312893672488083,0.0,3.252255313238961e-05,0.0010097136695818888,0.0016018830240431326,2.317225495864899e-06,0.0,0.0,0.00038469608416935835,4.380010652865362e-05,0.0,3.438830711779018e-07,0.00014124251616924455,2.0583734817847645e-05,6.267874454951876e-06,0.0001355543635146963,0.0007701146885987326,0.0001355543635146963,5.728418644659395e-06,0.00017960961303807544,0.0,0.0,0.0002622522212959704,0.00014716864180373498,1.3662118449158094e-07,4.9669297939991704e-05,0.0008556302764989084,0.0005020486297101431,0.003037111829120743,1.4617236223774454e-05,0.002131783890253515,0.0002823546054324345,0.0011447041065388314,1.1051128978840398e-05,2.2325489997427196e-05,9.398842304342498e-05,2.3350880888872477e-05,2.8609700759190445e-07
90,0.0001234534502537086,0.0017489089822349101,0.0004951476055822506,0.00033457814005120575,0.0019964915574313723,0.004476854714872681,0.0,4.933145940144303e-07,2.0158560137443853e-06,0.00017363307032783695,0.00011544809998597818,0.0010844971035760937,0.0,0.00011544809998597818,0.00031128304362821176,0.0,0.0,0.0,0.0,0.0,2.3073688856254456e-05,0.0009012278851365643,2.3073688856254456e-05,0.0001300749171558351,0.00023109575252445105,0.0005400286632109075,0.0,0.003194386522239547,0.0002604246043707956,0.0003811434852686107,0.0,0.0,0.00017431037901413784,0.0,0.0,0.0006709501360104494,0.0011458061643799299,0.00019900521394020196,0.0016022956569534527,0.000562160901325953,0.0004369087480265481,3.774764539374927e-05,8.333198523360744e-06,0.00018481270103818314,6.839016070523134e-06,0.0007782788716642606,1.470624213834455e-05,2.8166805015975038e-06,0.00218098653412941,0.0018074970263874984,0.0,0.0011209466807947982,0.0,2.3073688856254456e-05,0.00025936227224044217,0.0001025176347916602,7.2105969544239965e-06,0.0,0.0012272454726163689,0.0,0.0009264483701927465,3.970130383654157e-05,2.3073688856254456e-05,0.0,0.0,0.0,0.0,0.0,0.00044317672763097765,0.0005975700180481647,0.00036164471566525833,0.00011544809998597818,0.0018250735072451842,0.001190766078758062,0.00023572571879903635,5.6423913982695624e-05,0.0009981947232390951,0.00019900521394020196,0.0005792429567655164,5.009348420206578e-05,0.0,1.676770914261007e-05,0.0,0.004211921292118908,0.00026655385359000043,0.00017040145764419374,0.00023109575252445105,6.864471660903663e-05,0.003581192298979083,3.252255313238961e-05,0.0,0.018455459603167346,0.007578199426545688,4.336663490890218e-05,0.0,0.0,0.00011544809998597818,6.924495227909568e-05,0.0,5.009348420206578e-05,4.615533778395656e-05,0.0003270092062672685,3.2371843521023544e-05,0.00023109575252445105,0.00023109575252445105,0.00032070362934028435,0.00035318124844793816,0.002605556777061693,0.0,0.0,0.0009969616600901596,2.0214436491250377e-05,4.683747219116479e-06,0.00016669889144433877,0.00117657154580439,0.0007461417802845966,0.0001396150269611647,0.0023608405884706163,0.00030761853780041874,0.0032974012780526626,0.0017146290326414656,1.7388022111467622e-05,0.0007085463494540868,0.00022341395527870466,0.00019574922609760705,4.211596850676406e-05
91,0.000228674620207368,0.00012145541111752665,1.6390688906858558e-06,1.5349596464076431e-06,0.0005631688342920575,0.00025168660560806726,0.0,0.00023378846972713216,0.0009332468723544226,0.00043044903152869487,6.616083098017907e-06,0.0005303752406238191,0.0,6.616083098017907e-06,0.0004414099109043134,0.0,0.0,0.0,0.0,0.0,0.0003431188047653674,0.00014707500659620507,0.0003431188047653674,0.0006506206195307034,0.001376657338744967,0.0010496400489916338,0.0,0.00010073283724668439,4.694405763409817e-05,7.144946487285951e-05,0.0,0.0,0.0001284008908372928,0.0,0.0,0.0002414766391514037,9.533867221399046e-05,1.955280992927842e-05,0.014250905786556987,0.0008179777765789081,0.0002659943449170197,4.5187410896340634e-07,0.00016633346450536457,0.00011402360903471078,0.0002952910006508323,0.00022040960059579182,1.2810317769153148e-05,2.082429751417976e-06,2.0906335028590814e-05,1.8857059714321106e-06,0.0,0.00025935461889045825,0.0,0.0003431188047653674,8.96730145439382e-08,0.00021417282481942575,0.000108227929262275,0.0,0.0003230586503956455,0.0,0.0005886699136480916,0.00012817251814132755,0.00014707500659620507,0.0,0.0,0.0,0.0,0.0,7.041812219875696e-05,2.3530797236515885e-05,2.8509322334523677e-07,0.00020293685377724034,0.00025935461889045825,5.76901829534948e-05,0.00022910549346277223,4.4923281946831865e-05,2.4056913122778617e-05,1.955280992927842e-05,0.0007156587712036039,0.00081418102312208,0.0,0.00028625665322110484,0.0,0.00025706165387408514,8.2409614451073e-06,0.0001243536558755995,2.4264700822060917e-05,0.001834156368105416,0.00016349833185402103,0.0010097136695818888,0.018455459603167346,0.0,0.003937956314535945,4.852659557237117e-05,0.0,0.0,6.616083098017907e-06,0.00044140991090431343,0.0,0.0010854465811040367,0.000294211626070307,0.0010729691884805853,4.068566068918581e-05,0.001376657338744967,0.0004065909274971485,1.3254635442959189e-05,0.000100394730220962,0.00017243624654263157,0.0,0.0,5.6659813566705894e-05,0.0004649800955456168,0.00019270139997628688,2.5060983955283063e-05,0.0014247404256528123,5.477930275859036e-05,1.242597178882361e-05,0.0005795839271044694,0.0008484040444759582,0.00041920262709602835,0.00036057402943002245,0.00016645757651530908,3.4006315419152005e-06,7.289668355966604e-05,5.733922158128869e-05,4.537762546536969e-06
92,0.0002462864681143423,6.468791687784414e-07,0.0009341034245580002,0.00023353979434865624,0.00019018334334767518,0.0015345300711312997,0.0,1.9308607661193972e-05,1.7643095145688386e-05,0.0005712073336206875,3.8167907642546234e-05,0.00018953325273632663,0.0,0.0004606779844301799,2.2893023254902147e-05,0.0,0.0,0.0,0.0,0.0,7.628436287861354e-06,7.628436287861354e-06,7.628436287861354e-06,3.7152589216371426e-06,7.640026113525352e-05,4.909470909757955e-05,0.0,0.00027343022800296337,0.0007173292160111097,0.00022099731301636805,0.0,0.0,8.661474527284278e-06,0.0,0.0,0.00017413250395032984,8.288612856729587e-05,0.00017610755441311156,0.0014031925100741068,0.0001025487197770208,0.0005872123432343059,0.00021039613337153242,1.1189650098023364e-05,6.109957230815744e-05,2.0167169263856917e-06,8.224472128486715e-05,0.000869152372101683,0.0003571033152936472,6.735082373917744e-05,4.113152193292941e-05,0.0,0.00021160688468380498,0.0,7.628436287861355e-06,0.0004078909336912679,0.00026221714851859784,0.00010852268143342824,0.0,1.3918626920089082e-06,0.0,3.0529177402831986e-05,6.874862432013056e-05,7.628436287861354e-06,0.0,0.0,0.0,0.0,0.0,6.109957230815744e-05,0.0001801613692612092,0.00047147534330523044,3.8167907642546234e-05,2.710393452720768e-06,0.00029993507230815413,6.702811054208114e-05,0.00023328074521972208,1.901940345699145e-05,5.9962248949999524e-05,0.00019148618235558573,1.901940345699145e-05,0.0,8.491841493453683e-05,0.0,0.00010583819152154819,1.70402250882336e-07,0.00036134405855424163,7.64002611352535e-05,0.00023261625578508912,0.004547671148717211,0.0016018830240431326,0.007578199426545688,0.003937956314535945,0.0,0.0013320874136760856,0.0,0.0,3.8167907642546234e-05,2.2893023254902147e-05,0.0,7.719933204996323e-06,1.5259443461661677e-05,0.0008721815882658844,0.0002629969433948989,7.64002611352535e-05,7.64002611352535e-05,7.64002611352535e-05,2.3031331024887098e-05,0.0004947285206741963,0.0,0.0,0.0001801723005800109,7.095797523374052e-05,1.9882468064669906e-05,4.7907841270039146e-08,0.00025098292624577655,1.048089045909106e-05,6.283429889276948e-05,0.00039048802024540456,0.0001776346188291783,0.00019337178689133412,0.0002739236279177845,1.3293012318208732e-06,0.00014430325723132785,4.205403294315591e-06,0.00021357171434973395,8.231227414234724e-07
93,9.411455628630648e-05,6.017577275428841e-07,3.9593171780911095e-05,0.00016310402539378892,0.000593912944662176,0.0007104627934173828,0.0,4.885686090084991e-06,2.7273533890674097e-05,4.6390476599519176e-05,6.449259948088035e-05,4.3921657696080637e-07,0.0,6.449259948088035e-05,3.868240880472944e-05,0.0,0.0,0.0,0.0,0.0,1.2889756611647475e-05,1.2889756611647475e-05,1.2889756611647475e-05,0.0005474875161203052,0.000129094963807432,0.0002712712255683199,0.0,1.4866294405358317e-06,0.00031096345144904377,0.00010462341822998133,0.0,0.0,5.175723879108482e-05,0.0,0.0,0.00011346377327228914,0.0006761400609671186,3.076820273623706e-06,0.00268177884246849,3.282181591817161e-05,5.370327659142646e-05,4.632304131119451e-06,4.793859585826326e-07,0.00010324082238175885,0.0005846475457644438,0.00046677602090104805,0.0001017857054504375,0.0009533268533066788,6.019603964773279e-07,0.0003687506597752593,0.0,5.060252150254461e-07,0.0,1.2889756611647476e-05,7.480291265221981e-05,0.0005276107905896278,0.000127541548210084,0.0,8.995490914492736e-06,0.0,5.15853103415773e-05,0.00011616569181488081,1.2889756611647475e-05,0.0,0.0,0.0,0.0,0.0,0.00017653598499560398,0.00016790922516615422,0.0001662022851407418,6.449259948088035e-05,9.221696113403922e-05,0.00013326503989475528,0.0005519897206298081,6.655596091396064e-05,0.00014103360303335517,3.076820273623706e-06,0.00032356439865045854,0.0006125754655581734,0.0,0.000247883092679463,0.0,0.00029655764391712153,1.0640046924393102e-06,7.154195575968919e-05,0.00012909496380743204,0.00014871750568299735,0.0004251712322863783,2.317225495864899e-06,4.336663490890218e-05,4.852659557237117e-05,0.0013320874136760856,0.0,0.0,0.0,6.449259948088035e-05,3.868240880472945e-05,0.0,3.4341152128294136e-05,2.5783891887908078e-05,9.931721437566612e-06,1.6224554757721734e-05,0.00012909496380743204,0.00012909496380743204,0.00012909496380743204,0.00047168229563606095,0.0009793935086182689,0.0,0.0,5.256216164635914e-05,4.515306440915361e-05,6.938413860126824e-05,6.433652781080875e-05,4.598870806277617e-07,2.571984197979394e-06,0.00010719551878622907,0.0001940682105532423,3.679048705367818e-05,0.00016987396145579916,1.033484714686836e-05,0.00030160165890532036,2.8325059049016162e-05,5.407520301468601e-05,3.997560420658617e-05,0.00045162855895372655
94,0.0,0.0,0.0,0.0,0.0,0.0,0.0,0.0,0.0,0.0,0.0,0.0,0.0,0.0,0.0,0.0,0.0,0.0,0.0,0.0,0.0,0.0,0.0,0.0,0.0,0.0,0.0,0.0,0.0,0.0,0.0,0.0,0.0,0.0,0.0,0.0,0.0,0.0,0.0,0.0,0.0,0.0,0.0,0.0,0.0,0.0,0.0,0.0,0.0,0.0,0.0,0.0,0.0,0.0,0.0,0.0,0.0,0.0,0.0,0.0,0.0,0.0,0.0,0.0,0.0,0.0,0.0,0.0,0.0,0.0,0.0,0.0,0.0,0.0,0.0,0.0,0.0,0.0,0.0,0.0,0.0,0.0,0.0,0.0,0.0,0.0,0.0,0.0,0.0,0.0,0.0,0.0,0.0,0.0,0.0,0.0,0.0,0.0,0.0,0.0,0.0,0.0,0.0,0.0,0.0,0.0,0.0,0.0,0.0,0.0,0.0,0.0,0.0,0.0,0.0,0.0,0.0,0.0,0.0,0.0,0.0,0.0,0.0,0.0,0.0,0.0
95,0.0,0.0,0.0,0.0,0.0,0.0,0.0,0.0,0.0,0.0,0.0,0.0,0.0,0.0,0.0,0.0,0.0,0.0,0.0,0.0,0.0,0.0,0.0,0.0,0.0,0.0,0.0,0.0,0.0,0.0,0.0,0.0,0.0,0.0,0.0,0.0,0.0,0.0,0.0,0.0,0.0,0.0,0.0,0.0,0.0,0.0,0.0,0.0,0.0,0.0,0.0,0.0,0.0,0.0,0.0,0.0,0.0,0.0,0.0,0.0,0.0,0.0,0.0,0.0,0.0,0.0,0.0,0.0,0.0,0.0,0.0,0.0,0.0,0.0,0.0,0.0,0.0,0.0,0.0,0.0,0.0,0.0,0.0,0.0,0.0,0.0,0.0,0.0,0.0,0.0,0.0,0.0,0.0,0.0,0.0,0.0,0.0,0.0,0.0,0.0,0.0,0.0,0.0,0.0,0.0,0.0,0.0,0.0,0.0,0.0,0.0,0.0,0.0,0.0,0.0,0.0,0.0,0.0,0.0,0.0,0.0,0.0,0.0,0.0,0.0,0.0
96,8.663902499343557e-07,0.0001441562768495614,0.00021217455446545682,0.00013820338325402017,0.00036661695100743117,0.0002948764343589361,0.0,1.7291634035938156e-05,0.0001259567208850068,0.0001448489012701912,2.7768552983910496e-06,0.00039803302029834656,0.0,2.7768552983910496e-06,1.6655573753686796e-06,0.0,0.0,0.0,0.0,0.0,5.550006886081645e-07,5.550006886081645e-07,5.550006886081645e-07,2.1221175447068324e-05,5.558349517267e-06,0.000443324685397128,0.0,7.758794034074936e-05,1.6150857733331355e-07,6.449259948088035e-05,0.0,0.0,1.953595054631138e-05,0.0,0.0,0.00012185320630837701,2.910819031979742e-05,0.0008062593610300554,5.4666499358390204e-05,9.417641775136907e-07,4.271631974407329e-05,1.0697013532286344e-05,7.1059966966508314e-06,4.445194167482387e-06,8.671444683848846e-05,7.839424574075065e-05,0.00017662821464777253,4.774783205866947e-05,2.473634215766333e-05,6.911359695175565e-05,0.0,0.0001259567208850068,0.0,5.550006886081645e-07,2.967298071320824e-05,0.00017741583445113928,7.464725375730592e-05,0.0,5.2995905582983564e-05,0.0,2.2211136204725936e-06,5.001678815883593e-06,5.550006886081645e-07,0.0,0.0,0.0,0.0,0.0,4.445194167482387e-06,7.2294791858138515e-06,0.0003202407590874416,2.7768552983910496e-06,0.0001259567208850068,0.00039592007295154966,0.00011782880045705509,0.00039001616384970683,0.00021839912311644164,1.2812056268027283e-05,1.393082134059407e-05,9.06541342044898e-05,0.0,1.1135316895772047e-05,0.0,1.00184280026142e-05,1.998140633202251e-05,2.628710854813178e-05,5.558349517267e-06,0.00011247700336114214,0.0004989951806058694,0.00038469608416935835,0.00011544809998597818,6.616083098017907e-06,3.8167907642546234e-05,6.449259948088035e-05,0.0,0.0,0.0,0.0015312399211132586,0.0,0.00021839912311644166,1.1101864391757714e-06,0.0006180002619983802,6.911359695175563e-05,5.558349517267e-06,5.558349517267e-06,5.558349517267e-06,1.808730270021814e-05,2.0172851225171536e-06,0.0,0.0,0.00012918384810201144,7.606922935635404e-05,6.276302652660246e-05,0.0004452094546699607,9.417641775136907e-07,3.754034969955051e-05,7.219351339228256e-05,0.00011604295605097654,0.00015020845275554688,0.00012337741402687727,1.908539303775692e-06,0.00018715056805311623,0.00012260043792715824,4.4425182779086174e-05,3.296024987394632e-05,0.0005152538401885997
97,5.589492247720162e-06,7.425159076270752e-05,0.0001272594775481658,8.289321116869861e-05,0.00021988815149044617,8.783445233632019e-05,0.0,1.0371504265130355e-05,8.072578794211943e-05,8.687907502468038e-05,1.6655573753686796e-06,0.0002387298880760046,0.0,1.6655573753686796e-06,9.990011653619566e-07,0.0,0.0,0.0,0.0,0.0,3.3288940070794495e-07,3.3288940070794495e-07,3.3288940070794495e-07,1.2728434104215649e-05,3.3338962443538665e-06,2.425614962859819e-05,0.0,0.00022414612661533184,0.0002161620758284124,3.868240880472945e-05,0.0,0.0,1.1717640340831984e-05,0.0,0.0,0.0005273229262185851,1.745904168755569e-05,7.684661606791094e-06,0.0003767578904635796,5.446976932811891e-06,2.5621138515895495e-05,1.8388805777372615e-05,0.000625690481735356,2.666226323025883e-06,3.9411430470872895e-07,4.702049447219077e-05,0.00010593966320476905,0.00012386279503402546,8.382175632010253e-06,4.145404530171097e-05,0.0,8.072578794211943e-05,0.0,3.3288940070794495e-07,0.0007232164059228123,6.426328022262709e-05,1.2349063026628702e-05,0.0,0.0005403467833165902,0.0,1.332223677588268e-06,3.000005504989258e-06,3.3288940070794495e-07,0.0,0.0,0.0,0.0,0.0,2.666226323025883e-06,4.336238551762411e-06,0.0001920738363462572,1.6655573753686796e-06,0.00026962612095366085,0.000237462656024873,7.067286189470936e-05,0.0007600958584565991,5.437384800620832e-05,7.684661606791094e-06,8.355695105485282e-06,5.437384800620832e-05,0.0,6.678955733328573e-06,0.0,6.009047186387715e-06,0.0003096635896551847,1.5766966274789984e-05,3.3338962443538665e-06,6.746293058952376e-05,0.00029928074585700454,4.380010652865362e-05,6.924495227909568e-05,0.00044140991090431343,2.2893023254902147e-05,3.868240880472945e-05,0.0,0.0,0.0015312399211132586,0.0,0.0,5.437384800620832e-05,6.658897643250253e-07,0.000969310229832125,4.145404530171098e-05,3.3338962443538665e-06,3.3338962443538665e-06,3.3338962443538665e-06,3.03016090807546e-08,0.00011914334381605567,0.0,0.0,7.74834447180698e-05,4.562597169783973e-05,3.764502440325055e-05,0.00026702359428560686,5.446976932811891e-06,0.00034664217756599466,0.0004043115041361686,6.960173838820624e-05,0.0005077669084773876,0.00047457263771484895,1.710085768157192e-05,0.00011225072794760373,7.353481864555304e-05,2.6646105520963212e-05,0.00013790140089742792,0.0005375313728851945
98,0.0,0.0,0.0,0.0,0.0,0.0,0.0,0.0,0.0,0.0,0.0,0.0,0.0,0.0,0.0,0.0,0.0,0.0,0.0,0.0,0.0,0.0,0.0,0.0,0.0,0.0,0.0,0.0,0.0,0.0,0.0,0.0,0.0,0.0,0.0,0.0,0.0,0.0,0.0,0.0,0.0,0.0,0.0,0.0,0.0,0.0,0.0,0.0,0.0,0.0,0.0,0.0,0.0,0.0,0.0,0.0,0.0,0.0,0.0,0.0,0.0,0.0,0.0,0.0,0.0,0.0,0.0,0.0,0.0,0.0,0.0,0.0,0.0,0.0,0.0,0.0,0.0,0.0,0.0,0.0,0.0,0.0,0.0,0.0,0.0,0.0,0.0,0.0,0.0,0.0,0.0,0.0,0.0,0.0,0.0,0.0,0.0,0.0,0.0,0.0,0.0,0.0,0.0,0.0,0.0,0.0,0.0,0.0,0.0,0.0,0.0,0.0,0.0,0.0,0.0,0.0,0.0,0.0,0.0,0.0,0.0,0.0,0.0,0.0,0.0,0.0
99,3.9067005501151994e-05,0.00010704950053365143,4.364396681212071e-05,0.00026097946562353533,4.0866699316105645e-05,8.160543894464951e-05,0.0,0.00016275932850496358,0.0003266757097835143,0.00019054514650233725,9.06541342044898e-05,2.120475343870057e-05,0.0,9.06541342044898e-05,5.437384800620832e-05,0.0,0.0,0.0,0.0,0.0,1.8118410835336635e-05,1.8118410835336635e-05,1.8118410835336635e-05,7.57351433411797e-05,0.00018146378811203088,0.00018550695759136612,0.0,0.00019039552020353508,6.540206520464138e-05,0.00014103360303335517,0.0,0.0,0.0003387979110083207,0.0,0.0,8.032009839338571e-05,4.0501203243303695e-05,7.32420970911547e-06,0.0009039211081013632,0.00016684151806157957,5.12206535813848e-05,9.164306743590796e-07,8.543495498712183e-05,0.00014512123002884507,2.2026373953545723e-05,0.0003021541331722636,0.00011561181983810219,0.00014166505798600816,3.0915060808635645e-05,8.086036098841449e-06,0.0,0.0001876119303237982,0.0,1.8118410835336635e-05,0.0009689254190897317,1.8467661820889336e-07,0.00013053209978620387,0.0,1.9224732586922783e-08,0.0,7.251088284746334e-05,7.82849828476043e-05,1.8118410835336635e-05,0.0,0.0,0.0,0.0,0.0,0.00014512123002884507,0.00023602445221234883,0.0001306817985206759,9.06541342044898e-05,1.7650624238342436e-06,8.925942965148947e-05,7.58451814950325e-05,1.2264067780924431e-05,0.0002972908643467494,0.0003357228412603743,5.342372865261037e-05,0.00013530459903435255,0.0,0.00011902667624986475,0.0,0.00032708405085847656,0.0005207303094521588,1.7691537944325848e-05,0.00018146378811203088,0.0002305080009091735,1.9768069339716238e-05,3.438830711779018e-07,5.009348420206578e-05,0.0010854465811040367,7.719933204996323e-06,3.4341152128294136e-05,0.0,0.0,0.00021839912311644166,5.437384800620832e-05,0.0,0.0,3.6243025420464994e-05,0.0005112477270516292,0.0009625171795973712,0.00018146378811203088,5.9265373162880014e-05,0.00018146378811203088,0.0004476741470299467,9.036698100739417e-05,0.0,0.0,5.8160731915467495e-05,0.0005447116055762274,0.00012214249974130758,0.00017717362638066943,0.00017023154841264414,0.0010512790042945617,0.0007344111848053975,5.32024236579745e-05,0.0003249293707645491,1.700446478435113e-05,3.1736516463793155e-05,1.4038358654649372e-07,8.595556901040523e-06,0.0002891217474714368,0.0002799902525296089,0.0003544606245081631
100,1.8344260339027502e-05,0.00044174638131939703,8.482457739208858e-05,5.525254119727031e-05,0.00015193085016851202,0.00011788607227112992,0.0,6.913178234264615e-06,5.380785365687769e-05,0.00039562121789304185,1.1101864391757714e-06,0.00015912330669118357,0.0,1.1101864391757714e-06,6.658897643250253e-07,0.0,0.0,0.0,0.0,0.0,2.2188928753985318e-07,2.2188928753985318e-07,2.2188928753985318e-07,8.484199969755326e-06,2.222226588708635e-06,1.6168039362107478e-05,0.0,0.000274827035205766,0.00014408124610773888,2.5783891887908078e-05,0.0,0.0,7.810451109925573e-06,0.0,0.0,1.099429668269997e-05,1.1637404939894986e-05,5.122250926818062e-06,4.962345981023059e-05,0.0006384600138413524,1.7077876514422485e-05,9.788504456471989e-05,0.00012000794009937136,1.777187687544639e-06,3.291783686696719e-05,3.1341648976393075e-05,7.061402901732455e-05,0.0002957084719113625,0.00021370078277800948,0.0006200942463791964,0.0,5.380785365687769e-05,0.0,2.2188928753985318e-07,1.1863206159544395e-05,4.2834814624279013e-05,0.00020278249379427788,0.0,2.118759557438465e-05,0.0,8.880010523512086e-07,1.999669964687006e-06,2.2188928753985318e-07,0.0,0.0,0.0,0.0,0.0,1.777187687544639e-06,2.890343037279831e-06,0.00018325777238992089,1.1101864391757714e-06,5.380785365687769e-05,0.00013498056110366007,4.710710742702968e-05,1.4080251203169906e-06,3.6243025420464994e-05,5.122250926818062e-06,5.5695314615838025e-06,3.6243025420464994e-05,0.0,4.451892852316418e-06,0.0,4.0053620337115674e-06,0.000881567305362849,1.0509545751722204e-05,2.222226588708635e-06,4.4967535268025506e-05,8.832506585135266e-05,0.00014124251616924455,4.615533778395656e-05,0.000294211626070307,1.5259443461661677e-05,2.5783891887908078e-05,0.0,0.0,1.1101864391757714e-06,6.658897643250253e-07,0.0,3.6243025420464994e-05,0.0,2.0011676989772654e-05,2.7631329113063e-05,2.222226588708635e-06,2.222226588708635e-06,2.222226588708635e-06,0.00026649983593146317,0.000571363635024443,0.0,0.0,0.00042913638329457245,3.0412129365552694e-05,2.5092421994315444e-05,0.000966818141277611,1.8562037557185622e-05,6.262744156881203e-05,3.9583281891073543e-05,4.6393152710510396e-05,0.0006134749557411448,2.046968011072155e-05,7.877262080552944e-06,7.482062366083796e-05,0.00044462701255664687,0.0007606210324450123,9.191784320552345e-05,9.559269817244286e-06
101,0.00013638296212486632,4.481283678609113e-05,0.000136544580002884,0.00022194064871351163,1.251254672796488e-06,0.0007770264097224106,0.0,0.00018196834272577703,9.575924731584137e-05,0.00019078288235297065,1.5093873322109914e-06,2.239135767967697e-05,0.0,0.00012506376636276824,4.564169095921211e-06,0.0,0.0,0.0,0.0,0.0,0.00015883744336052003,0.0003229216436811325,0.00015883744336052003,4.687887433894964e-05,0.0002505078175882142,5.4263555721931504e-05,0.0,0.00023699843064368953,3.363085774433822e-06,0.0011884447084807162,0.0,0.0,1.0673238027244451e-05,0.0,0.0,7.935440440038212e-07,0.0011454469408464884,9.489222873293869e-05,0.0010352049775188953,0.0004836504610977784,0.00016371285754334872,4.13837237440897e-06,9.556391170116672e-07,1.0443098411508294e-07,0.00012235703686092796,9.7005787513419e-06,0.00014369405759649938,0.0003974352333527345,8.46227754862732e-05,4.5086332941209387e-07,0.0,4.3062999529369607e-05,0.0,0.0003229216436811325,0.00045941810765816825,0.00019957331405098203,5.47343802201599e-06,0.0,0.000353434473497719,0.0,5.027343569029741e-05,1.3719469277382614e-05,0.0003229216436811325,0.0,0.0,0.0,0.0,0.0,1.0443098411508294e-07,2.616586334540399e-07,2.070534246472269e-06,0.0007948659873864434,0.0003013720979601125,0.0004129398033755529,5.249421986782549e-05,2.1842670381549533e-06,0.00015063280208192078,2.3577249184375114e-06,6.678000802622271e-06,0.00025492793770852786,0.0,0.00020136166281350162,0.0,2.7520224569105344e-05,4.9910721036162866e-05,0.00012501018351800466,4.6085861320155623e-05,0.00011111346288860823,0.0018633087421692993,2.0583734817847645e-05,0.0003270092062672685,0.0010729691884805853,0.0008721815882658844,9.931721437566612e-06,0.0,0.0,0.0006180002619983802,0.000969310229832125,0.0,0.0005112477270516292,2.0011676989772654e-05,0.0,0.0009490338229512854,4.6085861320155623e-05,4.6085861320155623e-05,3.0238519103230755e-06,9.623351582869425e-05,0.0046512413620050826,0.0,0.0,5.537357005638366e-05,5.530100513507011e-05,5.5159335588124284e-05,5.349029241299465e-06,0.00014469682919577252,0.0001580005658763299,0.00038058760351740786,8.059619283071e-05,0.0008654559519489496,0.0008162179277401895,0.00033139008018427066,8.903277148831308e-05,0.00012083580335877134,9.831954029455934e-06,6.687241657190365e-06,9.185238920371907e-05
102,2.1411949723846376e-05,0.0013652749349779855,2.637939117727388e-05,3.11599242741557e-05,1.0808734687040597e-05,1.5221956645907451e-05,0.0,6.529801181996627e-05,0.00022535051076975508,0.00020571878692080795,6.911359695175565e-05,5.5173622196035764e-08,0.0,6.911359695175563e-05,4.145404530171098e-05,0.0,0.0,0.0,0.0,0.0,1.381331507872533e-05,1.381331507872533e-05,1.381331507872533e-05,3.824929184776039e-05,0.0001383449882987106,6.342040977216782e-05,0.0,3.527055155140785e-07,0.00013128510203539974,5.168840913817151e-06,0.0,0.0,0.0002365067138244923,0.0,0.0,0.000468748104772486,0.0007245947821955648,7.881730944636315e-07,3.56336676690048e-05,3.869993453728068e-06,0.0001795695150120973,2.3735407608943765e-05,8.096393900733454e-06,0.0001106382707332403,6.890187016132549e-05,0.001017496537896701,1.1457250385882393e-06,4.238703960483055e-05,1.6224878469614013e-06,3.7433873979664755e-05,0.0,0.0002704274993250715,0.0,1.381331507872533e-05,5.274589885532864e-05,6.650240887317292e-05,2.8652127331064742e-05,0.0,0.00019227744412342372,0.0,5.528146684620661e-05,0.0001244892671982374,1.381331507872533e-05,0.0,0.0,0.0,0.0,0.0,0.00011063827073324032,5.878542983848273e-05,5.5032506602844416e-05,6.911359695175565e-05,4.472958441612874e-05,3.490800921685536e-07,0.00014654892720658032,5.290409266169114e-05,6.299098158633768e-05,0.0003189007762029027,0.0003467499617645929,0.00016487843796234296,0.0,0.0002189989585020588,0.0,1.5536287691052833e-05,0.00039253051716849454,7.465068452810224e-07,0.00013834498829871063,2.2437246339423837e-05,2.3887081218064497e-06,6.267874454951876e-06,3.2371843521023544e-05,4.068566068918581e-05,0.0002629969433948989,1.6224554757721734e-05,0.0,0.0,6.911359695175563e-05,4.145404530171098e-05,0.0,0.0009625171795973712,2.7631329113063e-05,0.0009490338229512854,0.0,0.00013834498829871063,0.000581217203060787,0.00013834498829871063,4.922690118112894e-05,0.00035596394149650613,0.0,0.0,0.0002808082731285727,7.463676996554943e-05,8.102474737556255e-05,0.0002607715390440402,8.619945815623107e-06,0.00012142092070029911,0.0004911678138735482,0.000450644267050224,1.1786394094844878e-05,7.485572032667166e-06,3.134732734121125e-05,0.00025898004045384363,0.0005719647956011528,9.308829604145894e-05,9.876814506122437e-05,0.00045639570809849917
103,0.0006819650124071198,1.8211067582288133e-05,0.0004247268626912354,8.846081281125618e-06,9.952678723958798e-05,1.6613133195765166e-05,0.0,3.4612281417105066e-05,0.0002524981870652354,0.0002899504279255863,5.558349517267e-06,0.0006713637778288084,0.0,5.558349517267e-06,3.3338962443538665e-06,0.0,0.0,0.0,0.0,0.0,1.1109279230616828e-06,1.1109279230616828e-06,1.1109279230616828e-06,4.247799974560236e-05,1.1125992400876645e-05,8.094945114161366e-05,0.0,0.00018532051254094815,3.2356063626311183e-07,0.00012909496380743204,0.0,0.0,3.910470231655864e-05,0.0,0.0,5.512087942597066e-05,5.826539510421859e-05,2.5645580681003515e-05,0.00010950109093772677,0.0006886232198509584,8.550486440444872e-05,2.14281084389043e-05,1.423702685816434e-05,8.89781805471334e-06,0.00016505169038458445,8.451181901144721e-05,5.9286039531910725e-09,4.6403722148430975e-06,4.955010577798697e-05,0.00013834498829871063,0.0,0.0002694134070192546,0.0,1.1109279230616828e-06,5.9395935440551784e-05,3.479366263444783e-05,0.00014956719645762748,0.0,0.0001671896471759258,0.0,4.445937137872275e-06,1.0011718862957133e-05,1.1109279230616828e-06,0.0,0.0,0.0,0.0,0.0,8.89781805471334e-06,1.4471051889906582e-05,7.433474166193026e-05,5.558349517267e-06,0.0002694134070192546,0.0007925863606585746,2.3361375314138853e-05,7.05898317765863e-06,0.0004380050608845359,2.5645580681003515e-05,2.7884993319217013e-05,0.00018146378811203088,0.0,2.2289282937895006e-05,0.0,2.0053628972119484e-05,9.41110901445894e-06,5.2618443569689886e-05,1.1125992400876645e-05,0.0002251482480485817,1.4360364527292322e-05,0.0001355543635146963,0.00023109575252445105,0.001376657338744967,7.64002611352535e-05,0.00012909496380743204,0.0,0.0,5.558349517267e-06,3.3338962443538665e-06,0.0,0.00018146378811203088,2.222226588708635e-06,4.6085861320155623e-05,0.00013834498829871063,0.0,1.1125992400876645e-05,1.1125992400876645e-05,0.00020611417222917377,0.00020811588622585868,0.0,0.0,1.4230208122626938e-05,9.015488983784992e-05,0.0001256328182907202,1.1443182381794988e-05,9.306533408532042e-05,0.00031405845696785026,0.0004984361749939576,0.0002322865291788498,0.000621358789181025,0.0003364089882838644,0.00020972068349918297,6.943665950615146e-07,1.917790240291877e-05,8.89255186173639e-05,1.3294988601685281e-05,0.00022866362453020169
104,0.0002633576226885233,1.8211067582288133e-05,8.779355153557894e-05,0.00027664731348663296,9.952678723958798e-05,5.3686759309200856e-05,0.0,3.4612281417105066e-05,0.0002694134070192546,0.00022182498050425257,5.558349517267e-06,1.5714139743244475e-06,0.0,0.0010877045406574826,3.3338962443538665e-06,0.0,0.0,0.0,0.0,0.0,1.1109279230616828e-06,1.1109279230616828e-06,1.1109279230616828e-06,4.247799974560236e-05,1.1125992400876645e-05,8.094945114161366e-05,0.0,1.099335704521297e-05,3.2356063626311183e-07,0.00012334824570187954,0.0,0.0,3.910470231655864e-05,0.0,0.0,0.0005734842297354594,5.826539510421859e-05,2.5645580681003515e-05,0.0004339574014862733,5.107821149335969e-05,8.550486440444872e-05,0.00023598342381020627,5.781718172683149e-05,8.89781805471334e-06,1.6430071161672424e-05,0.00015692247973764882,5.9286039531910725e-09,4.6403722148430975e-06,0.00012270000000534387,0.00013834498829871063,0.0,0.0007117131311210954,0.0,1.1109279230616828e-06,5.9395935440551784e-05,0.0003557398859754509,0.00014956719645762748,0.0,0.0007307061752294847,0.0,4.445937137872275e-06,1.0011718862957133e-05,1.1109279230616828e-06,0.0,0.0,0.0,0.0,0.0,8.89781805471334e-06,1.4471051889906582e-05,7.433474166193026e-05,5.558349517267e-06,1.0821301830309793e-05,0.00014726973650325194,2.3361375314138853e-05,0.00011778662694416378,0.00018146378811203088,2.5645580681003515e-05,0.0015704784069046282,0.00018146378811203088,0.0,2.2289282937895006e-05,0.0,2.0053628972119484e-05,4.0025652123235603e-05,5.2618443569689886e-05,1.1125992400876645e-05,0.0002251482480485817,0.0009989618243990536,0.0007701146885987326,0.00023109575252445105,0.0004065909274971485,7.64002611352535e-05,0.00012909496380743204,0.0,0.0,5.558349517267e-06,3.3338962443538665e-06,0.0,5.9265373162880014e-05,2.222226588708635e-06,4.6085861320155623e-05,0.000581217203060787,1.1125992400876645e-05,0.0,1.1125992400876645e-05,3.62369773293207e-05,0.00020811588622585868,0.0,0.0,0.0002585919270024817,9.015488983784992e-05,0.0001256328182907202,0.00020169107211225707,9.306533408532042e-05,3.8881482642997233e-07,0.00019847828834921905,0.0002322865291788498,0.000621358789181025,0.00010263058695882295,3.823421294778869e-06,0.00012664163448214053,1.917790240291877e-05,0.00020998178087486844,1.3294988601685281e-05,0.00054975907753036
105,1.7356895695828069e-06,0.00024780549960452944,0.0004247268626912354,8.846081281125618e-06,6.730261894474428e-08,5.3686759309200856e-05,0.0,3.4612281417105066e-05,0.0002694134070192546,0.0002899504279255863,5.558349517267e-06,7.027811873124213e-05,0.0,5.558349517267e-06,3.3338962443538665e-06,0.0,0.0,0.0,0.0,0.0,1.1109279230616828e-06,1.1109279230616828e-06,1.1109279230616828e-06,0.00041420030404580973,1.1125992400876645e-05,0.0002339076342837417,0.0,2.7958437495257e-05,3.2356063626311183e-07,0.00012334824570187954,0.0,0.0,3.910470231655864e-05,0.0,0.0,6.81824500960706e-07,0.00032276059932685996,2.5645580681003515e-05,5.49765977502539e-05,1.8866912487576173e-06,8.550486440444872e-05,2.14281084389043e-05,1.423702685816434e-05,8.89781805471334e-06,0.00016505169038458445,8.451181901144721e-05,0.00035356748686707015,0.00041338958459071325,4.955010577798697e-05,0.00013834498829871063,0.0,0.0002694134070192546,0.0,1.1109279230616828e-06,5.9395935440551784e-05,0.00021446943551961474,3.560601861069061e-05,0.0,0.00010608169568789953,0.0,4.445937137872275e-06,1.0011718862957133e-05,1.1109279230616828e-06,0.0,0.0,0.0,0.0,0.0,8.89781805471334e-06,1.4471051889906582e-05,7.433474166193026e-05,5.558349517267e-06,1.0821301830309793e-05,1.3325424562906274e-06,2.3361375314138853e-05,0.00019504937869030338,5.9265373162880014e-05,0.0005691763288233399,2.7884993319217013e-05,5.9265373162880014e-05,0.0,2.2289282937895006e-05,0.0,2.0053628972119484e-05,0.0004115654363712615,5.2618443569689886e-05,1.1125992400876645e-05,2.870882470415261e-05,0.000442977932867497,0.0001355543635146963,0.00032070362934028435,1.3254635442959189e-05,7.64002611352535e-05,0.00012909496380743204,0.0,0.0,5.558349517267e-06,3.3338962443538665e-06,0.0,0.00018146378811203088,2.222226588708635e-06,3.0238519103230755e-06,0.00013834498829871063,1.1125992400876645e-05,1.1125992400876645e-05,0.0,6.763035549104394e-06,0.00020811588622585868,0.0,0.0,1.4230208122626938e-05,0.00015226838154077938,0.0001256328182907202,1.1443182381794988e-05,0.0006886232198509584,0.00031405845696785026,8.171957266735782e-06,2.5065839974791062e-05,2.0891495782295325e-08,0.000710560594556695,0.00010850926355991073,0.00012664163448214053,1.917790240291877e-05,8.89255186173639e-05,6.604615964774378e-05,9.592968748566922e-05
106,6.3133685671152824e-06,3.149371537760205e-05,0.001015684965514239,1.1028321669299761e-05,0.00017561085869126141,0.00029411203274987835,0.0,3.7338511655521e-05,0.0001651238025079339,5.736935098214519e-07,6.923402722684631e-05,0.0005739692848394026,0.0,1.808730270021814e-05,0.00023660951610235054,0.0,0.0,0.0,0.0,0.0,0.0001332226274815189,0.0001332226274815189,0.0003696306449700446,4.4563035862473e-06,3.62369773293207e-05,8.19404462369381e-05,0.0,2.927156255960652e-06,3.5749533943899145e-07,1.195788165290389e-06,0.0,0.0,0.0004891234584287782,0.0,0.0,0.00014524868048913005,5.000618303889731e-05,0.00018471517195805121,0.0009799999644184276,1.5172511506823154e-05,0.00017228722877897008,0.00025206624396905287,0.00045015561278068106,1.215718718117617e-05,0.00011523616893114414,0.00033110453199005924,8.719608032636903e-07,0.0003801363389524578,0.0003953367779276932,0.0008589457294710303,0.0,2.322015129803954e-06,0.0,0.0003696306449700446,9.078546008205917e-05,2.362204025414599e-05,0.0007409925810677974,0.0,3.3095706785494085e-05,0.0,2.0098264593472982e-05,0.0003906031925293116,0.0001332226274815189,0.0,0.0,0.0,0.0,0.0,1.2157187181176184e-05,0.00010237747644589794,0.00034862270526051127,6.923402722684631e-05,1.22297466415022e-07,0.00011226816863866857,0.0009091783522215324,4.740411845363451e-05,0.00010368869816419378,8.60626200579177e-05,0.0006440149762889438,1.0099128714705953e-05,0.0,7.27247426397878e-05,0.0,0.00016868806941228653,0.00014865410820039376,0.0003175851353661313,0.0001386799733991459,0.0006141952074212769,0.0009328585740772822,5.728418644659395e-06,0.00035318124844793816,0.000100394730220962,2.3031331024887098e-05,0.00047168229563606095,0.0,0.0,1.808730270021814e-05,3.03016090807546e-08,0.0,0.0004476741470299467,0.00026649983593146317,9.623351582869425e-05,4.922690118112894e-05,0.00020611417222917377,3.62369773293207e-05,6.763035549104394e-06,0.0,0.0006965477254822008,0.0,0.0,0.00013596416115936464,1.8205533180128066e-07,0.00028202452626340923,0.00024112293431066776,0.0002996718968567933,1.1725337659561309e-05,3.6144953232915885e-05,0.0005542751582646075,7.940471403041719e-05,0.00046119130136209555,0.00021167710525830073,8.92626376159532e-05,0.0004077644060689455,0.0008615169231797138,2.8800485539599028e-05,0.0001082076825484491
107,0.0008292441388957177,0.00011386822191474942,0.0011880892495895624,0.0017393880055767896,0.0025568818738962266,0.006546228913115022,0.0,0.00010469601457465251,2.2849258485710617e-06,0.0024581579356698375,0.00018800223733850138,0.0015888691908215284,0.0,2.0172851225171536e-06,0.00011914334381605567,0.0,0.0,0.0,0.0,0.0,0.00018387988808406787,0.00018387988808406787,0.00018387988808406787,0.00026962764864020506,0.00010963815588494933,0.000733409103995841,0.0,0.0005197366868346784,2.605040741354963e-05,0.0001958492434256489,0.0,0.0,0.000163383187490663,0.0,0.0,8.930524792292224e-05,0.0002046631907789056,4.5686576212749846e-05,0.0014327573223231402,0.0002377241941058277,0.00012885605075193423,5.370867932813885e-05,0.00036933734122147725,1.341783729877656e-05,0.0004702367333466696,0.000705196887884391,5.956536206116049e-05,0.00015946147845138795,0.003308078113364383,0.0006037499472621973,0.0,0.0008191501630312103,0.0,0.00028560648704768115,2.989915610185931e-05,2.7570440304586935e-05,5.696303433019834e-07,0.0,0.000194598738100904,0.0,1.5488373262164637e-05,0.00010450426056681221,0.00028560648704768115,0.0,0.0,0.0,0.0,0.0,0.0014733331973657878,0.00035787970986835807,0.001406214818161812,2.0172851225171536e-06,5.449041068284551e-05,0.0008155215572940612,3.156506725140529e-05,0.0004674831649605247,0.00032775201963057207,0.0007317824388596501,0.00019237389015156446,0.0002557379607076686,0.0,8.109494481561342e-06,0.0,5.0183084589056195e-06,7.884916348903002e-06,1.650380807638452e-05,4.041273551827251e-06,4.939216082121896e-06,0.0017326486788289443,0.00017960961303807544,0.002605556777061693,0.00017243624654263157,0.0004947285206741963,0.0009793935086182689,0.0,0.0,2.0172851225171536e-06,0.00011914334381605567,0.0,9.036698100739417e-05,0.000571363635024443,0.0046512413620050826,0.00035596394149650613,0.00020811588622585868,0.00020811588622585868,0.00020811588622585868,0.0006965477254822008,0.0,0.0,0.0,0.0018649953107106564,1.222071516351363e-07,5.370965118304757e-05,6.791810778013132e-05,0.00013213634240206822,0.00014890950982717963,0.00012770380660230823,0.0002161242652305136,0.0044485691126238056,0.00020237716634932158,0.0035463563444934412,0.0007268938962725494,0.0006344359177568471,0.00011063978564303267,2.0500578578404273e-05,2.450011122179306e-05
108,0.0,0.0,0.0,0.0,0.0,0.0,0.0,0.0,0.0,0.0,0.0,0.0,0.0,0.0,0.0,0.0,0.0,0.0,0.0,0.0,0.0,0.0,0.0,0.0,0.0,0.0,0.0,0.0,0.0,0.0,0.0,0.0,0.0,0.0,0.0,0.0,0.0,0.0,0.0,0.0,0.0,0.0,0.0,0.0,0.0,0.0,0.0,0.0,0.0,0.0,0.0,0.0,0.0,0.0,0.0,0.0,0.0,0.0,0.0,0.0,0.0,0.0,0.0,0.0,0.0,0.0,0.0,0.0,0.0,0.0,0.0,0.0,0.0,0.0,0.0,0.0,0.0,0.0,0.0,0.0,0.0,0.0,0.0,0.0,0.0,0.0,0.0,0.0,0.0,0.0,0.0,0.0,0.0,0.0,0.0,0.0,0.0,0.0,0.0,0.0,0.0,0.0,0.0,0.0,0.0,0.0,0.0,0.0,0.0,0.0,0.0,0.0,0.0,0.0,0.0,0.0,0.0,0.0,0.0,0.0,0.0,0.0,0.0,0.0,0.0,0.0
109,0.0,0.0,0.0,0.0,0.0,0.0,0.0,0.0,0.0,0.0,0.0,0.0,0.0,0.0,0.0,0.0,0.0,0.0,0.0,0.0,0.0,0.0,0.0,0.0,0.0,0.0,0.0,0.0,0.0,0.0,0.0,0.0,0.0,0.0,0.0,0.0,0.0,0.0,0.0,0.0,0.0,0.0,0.0,0.0,0.0,0.0,0.0,0.0,0.0,0.0,0.0,0.0,0.0,0.0,0.0,0.0,0.0,0.0,0.0,0.0,0.0,0.0,0.0,0.0,0.0,0.0,0.0,0.0,0.0,0.0,0.0,0.0,0.0,0.0,0.0,0.0,0.0,0.0,0.0,0.0,0.0,0.0,0.0,0.0,0.0,0.0,0.0,0.0,0.0,0.0,0.0,0.0,0.0,0.0,0.0,0.0,0.0,0.0,0.0,0.0,0.0,0.0,0.0,0.0,0.0,0.0,0.0,0.0,0.0,0.0,0.0,0.0,0.0,0.0,0.0,0.0,0.0,0.0,0.0,0.0,0.0,0.0,0.0,0.0,0.0,0.0
110,0.006628080849258356,1.101493176770081e-05,0.0017233694374244111,3.772991138269036e-05,0.003483857441159465,0.005874463021174186,0.0,3.425051125452292e-05,0.00022376294200056324,0.0008171988844927524,0.00012918384810201144,0.00021546263394966927,0.0,0.00012918384810201144,7.74834447180698e-05,0.0,0.0,0.0,0.0,0.0,2.5818868468011087e-05,2.5818868468011087e-05,2.5818868468011087e-05,4.947931470521296e-05,0.0002585919270024817,7.015054148140924e-05,0.0,0.00274226761285396,0.0003062597301354015,0.0001267232316273534,0.0,0.0,2.8103339614505435e-05,0.0,0.0,2.653956211212281e-05,3.926929692930908e-05,6.29322715148884e-05,0.0004944456190829607,0.0020283727092304978,0.00027551608581681097,9.706197015016231e-06,0.0012162977646979012,0.0002068017379070421,0.00041115296405803926,0.0018156766955972758,0.0007214054361534337,0.00042736326219468355,0.0016427461698159873,2.0771735919465634e-07,0.0,0.0004475700781776176,0.0,2.5818868468011087e-05,0.00021254361257441956,1.263023964623983e-05,6.166358512209498e-06,0.0,0.0010335642899965644,0.0,0.00010332916491145477,0.00032334648618939676,2.5818868468011087e-05,0.0,0.0,0.0,0.0,0.0,0.00020680173790704214,1.695138633092507e-07,2.635431094588647e-05,0.0015297637712452998,0.0022552672772718028,0.0007871390017730935,0.00016300891769085676,5.224091327019639e-06,0.00014722318749851274,6.29322715148884e-05,1.740554442662382e-06,0.0016141664971946268,0.0,3.29321638654929e-05,0.0,0.00046611320212204516,0.00042487996161456355,0.00013805682348962844,0.0002585919270024817,0.000922652844265388,0.00014988876069790607,0.0002622522212959704,0.0009969616600901596,5.6659813566705894e-05,0.0001801723005800109,5.256216164635914e-05,0.0,0.0,0.00012918384810201144,7.74834447180698e-05,0.0,5.8160731915467495e-05,0.00042913638329457245,5.537357005638366e-05,0.0002808082731285727,1.4230208122626938e-05,0.0002585919270024817,1.4230208122626938e-05,0.00013596416115936464,0.0018649953107106564,0.0,0.0,0.0,0.010592171421874514,0.0016560047345722854,0.00158899533883606,0.0003399930561825567,0.0004532661185571215,2.3052658954227957e-05,0.0003669606375608235,0.0046675913850802615,0.0030509920927207813,0.01227966159414253,0.0007356973541208993,0.00010744207157331728,0.00012527104953992852,0.001877701177001,0.00017104248346944172
111,0.00023576257499678156,0.00014377573528921305,0.000505464156255636,0.0001365713934085753,2.373858069932693e-06,4.80325682840479e-05,0.0,2.0603447076692432e-05,0.00011515032972986836,8.40864860187305e-05,7.606922935635404e-05,0.0009540533227031535,0.0,7.606922935635404e-05,4.562597169783973e-05,0.0,0.0,0.0,0.0,0.0,1.5203473311409675e-05,1.5203473311409675e-05,1.5203473311409675e-05,0.0005814055477288122,9.015488983784992e-05,0.0003664178359545163,0.0,0.0005206241187122808,0.00032439309806072455,0.00011768760577539892,0.0,0.0,4.0589058450871287e-05,0.0,0.0,2.296468299091295e-05,0.000167475443881189,1.1939500511382986e-07,2.631559641003969e-05,0.002986740582998704,0.0004101903823600942,0.0006344203133944121,0.0005458042477438688,0.00012177310152167193,0.0012715231477866658,9.272381850962939e-05,3.907615808166899e-06,2.3570412913107182e-05,0.00022482265756116932,6.7451097782335995e-06,0.0,3.695109040316967e-05,0.0,1.5203473311409676e-05,1.0514391170675876e-05,0.0002866825927885664,0.00015317990842658898,0.0,0.0014167312565150033,0.0,0.0003329257266289486,0.00013701813596768636,1.5203473311409675e-05,0.0,0.0,0.0,0.0,0.0,0.00012177310152167193,0.00019805042068496366,5.815189109314729e-05,0.001000115007118813,0.0002155795446964234,0.0003316148617457692,0.0006711519680979165,9.523150296679016e-06,2.0482772127589186e-05,0.0003509974133759645,0.00038164983293233705,0.000526735792350844,0.0,0.00030505823524852577,0.0,7.870467230809873e-06,3.483367940231702e-05,6.113521449127281e-05,0.00015226838154077938,0.0003481434016728974,0.0008211567122539737,0.00014716864180373498,2.0214436491250377e-05,0.0004649800955456168,7.095797523374052e-05,4.515306440915361e-05,0.0,0.0,7.606922935635404e-05,4.562597169783973e-05,0.0,0.0005447116055762274,3.0412129365552694e-05,5.530100513507011e-05,7.463676996554943e-05,9.015488983784992e-05,9.015488983784992e-05,0.00015226838154077938,1.8205533180128066e-07,1.222071516351363e-07,0.0,0.0,0.010592171421874514,0.0,0.006754703074665602,0.0005063706200279811,6.429722698796992e-05,0.00034451115791783856,7.599504466331572e-05,9.031051043126997e-05,0.0027082195870802277,0.0002202509097533117,0.0007538153398301399,4.130551998133322e-05,4.6931586600812956e-05,0.00044369619624791174,0.0001308224065044222,8.577800985441286e-06
112,0.00012288628386955503,2.1806169198136324e-05,8.019930657331793e-05,1.5225224378439118e-05,0.0004599925836479067,0.0004562099989274663,0.0,3.3832893847718197e-06,8.338382842442712e-06,0.0006946215199112634,6.276302652660246e-05,0.0006134956676051759,0.0,6.276302652660246e-05,3.764502440325055e-05,0.0,0.0,0.0,0.0,0.0,1.2544081491037938e-05,1.2544081491037938e-05,1.2544081491037938e-05,0.00047969381074962976,0.0001291530995795537,3.170506492743903e-05,0.0,4.247699228318829e-05,1.6929182705525297e-06,0.00025614382119199094,0.0,0.0,1.26136955212963e-05,0.0,0.0,0.0002767340731929073,0.0006141618136535311,0.00019905375808574206,9.407948256170756e-06,0.0019380225732983066,4.5715526840290786e-05,0.0008595708128467544,0.0009509404390065932,0.00010047206650886207,0.0002113777288425716,4.624667561138883e-05,0.0015558384503253817,0.00025812629178421226,4.976872008362863e-05,0.00010239403884826294,0.0,0.0005654998739539655,0.0,1.2544081491037938e-05,9.986916335308043e-05,2.0536988243740484e-07,0.00011765194042552747,0.0,0.00013063627716076987,0.0,5.020189161413906e-05,0.00011305030127853036,1.2544081491037938e-05,0.0,0.0,0.0,0.0,0.0,0.00010047206650886208,0.0001634060919661959,2.1737346445341896e-05,0.0003162169471521101,0.00011518220151961515,2.0535595128214632e-05,4.702893149897264e-05,6.0167657702332776e-05,0.00026414690266179995,0.00019905375808574206,0.00031488643329838275,0.0006628667790499546,0.0,0.00025169415497849847,0.0,0.00030893329937769034,1.6131763336612735e-05,6.669309717168145e-06,0.00012915309957955368,0.0003159228938354054,0.0009648782257849742,1.3662118449158094e-07,4.683747219116479e-06,0.00019270139997628688,1.9882468064669906e-05,6.938413860126824e-05,0.0,0.0,6.276302652660246e-05,3.764502440325055e-05,0.0,0.00012214249974130758,2.5092421994315444e-05,5.5159335588124284e-05,8.102474737556255e-05,0.0001256328182907202,0.0001256328182907202,0.0001256328182907202,0.00028202452626340923,5.370965118304757e-05,0.0,0.0,0.0016560047345722854,0.006754703074665602,0.0,0.00022943215597347514,0.0017019628066357925,1.6741959849525892e-06,0.00011454219853051671,0.00014555029223111207,0.0027351530211320012,0.00010730559644962128,0.0011183094796060732,5.5086100273586507e-05,1.8646055767065862e-05,0.00029640590513621155,0.0004397289647084424,0.0001485281255802493
113,0.00039619403179627123,5.925604464034561e-05,2.3496874882231243e-05,0.00015702326670016462,1.726691917994217e-05,0.00040338148219737184,0.0,0.00016897485467310606,8.14500331966755e-06,0.00021570679112172106,0.0004452094546699607,0.00013007395819281163,0.0,0.0004452094546699607,2.5109241510453258e-05,0.0,0.0,0.0,0.0,0.0,8.897387345084303e-05,8.897387345084303e-05,8.897387345084303e-05,2.090937884739112e-05,0.00022564649965452286,4.786531802729668e-05,0.0,0.0002705063558862261,5.079786238253972e-05,4.4768518953447966e-06,0.0,0.0,1.658900443586586e-05,0.0,0.0,1.4872951871699926e-05,0.0003498232105595949,0.0002524328032894325,0.0018181979476386868,2.162775158557305e-05,0.0007699045685210446,0.00015095409285112308,3.4902511874823844e-05,0.00010226538196527913,6.580099730481119e-05,0.0002099234911808114,1.6448546555829853e-05,7.753491802913316e-05,2.7094059803336838e-05,4.481803784898075e-05,0.0,2.4175393360589088e-05,0.0,8.897387345084303e-05,5.832757640787016e-06,2.445422942159764e-05,1.1410270468601618e-07,0.0,0.0007580670275352053,0.0,8.87234519387112e-07,7.54916180654885e-05,8.897387345084303e-05,0.0,0.0,0.0,0.0,0.0,0.00010226538196527913,0.0005358677438026661,1.8221864171282724e-06,0.00011261029966276782,0.0008490290183279393,0.0017164725619090038,0.0002963972224430296,0.00012779088438043436,0.00019571830948248489,0.00047048474749915954,0.002051499100435328,1.0087187093542197e-05,0.0,2.296032892866646e-05,0.0,0.0007124633593713536,1.8810387276209763e-05,1.895164133272918e-05,0.0005540226107630187,0.0005278430911476281,0.001595206289612374,4.9669297939991704e-05,0.00016669889144433877,2.5060983955283063e-05,4.7907841270039146e-08,6.433652781080875e-05,0.0,0.0,0.0004452094546699607,0.00026702359428560686,0.0,0.00017717362638066943,0.000966818141277611,5.349029241299465e-06,0.0002607715390440402,1.1443182381794988e-05,0.00020169107211225707,1.1443182381794988e-05,0.00024112293431066776,6.791810778013132e-05,0.0,0.0,0.00158899533883606,0.0005063706200279811,0.00022943215597347514,0.0,0.008900894642222549,1.345626348070938e-07,0.0013022691455211264,0.0003549091314855005,0.0035288559595383594,0.0004675361121846801,0.00010725502601523175,0.00015266597895352563,0.00037177173632061333,0.00014046575197831403,0.0009021438801949371,0.00027978309499238595
114,0.0002766933847380675,0.0003160752702040196,0.0002582742891339305,5.532003303786105e-06,0.0007558353169346901,0.000254392310039233,0.0,2.668726340759005e-07,2.237150986029112e-05,0.00019959223258254064,0.0001306152422783059,0.00022887587209274602,0.0,9.417641775136907e-07,0.00016352846913887187,0.0,0.0,0.0,0.0,0.0,0.00016116863459001175,0.00031914081301887367,0.00016116863459001175,0.00012794819778181611,5.107821149335969e-05,1.4416144670947482e-06,0.0,0.0006858471469468122,0.0005345748986473444,1.9362392409943713e-05,0.0,0.0,6.6593325391686785e-06,0.0,0.0,0.0003056478162687974,1.5154638134977502e-05,0.0005196560680380679,2.997081004804279e-05,0.002677551925131732,0.0005705403523836748,2.504471313374574e-06,1.4249378044604768e-05,7.440113185754429e-05,4.58138456731305e-05,0.00019407556685582046,0.002737062960954797,4.1587149220149956e-05,0.00022680704590293324,0.0003748354335268954,0.0,0.001139456867921853,0.0,0.00031914081301887356,0.0014850852428287074,0.00013347756755480774,0.00022693495164066192,0.0,0.0005194841884159401,0.0,5.3489948191026715e-05,0.00017900728108525752,0.00031914081301887367,0.0,0.0,0.0,0.0,0.0,0.000740536567567131,0.0002308797904046916,0.00034423295065268665,9.417641775136907e-07,0.00043158261782853726,0.0003762182153425903,2.58245086023263e-05,0.00019531914247822302,0.00023230868537305223,0.0008045047466163789,0.0010071530352071972,0.001244944902153591,0.0,3.7860980372713017e-06,0.0,0.001131020210919929,4.467672404003149e-05,1.3673616853094716e-08,0.00026162762621976453,0.00017658445820733712,0.0005994385706897358,0.0008556302764989084,0.00117657154580439,0.0014247404256528123,0.00025098292624577655,4.598870806277617e-07,0.0,0.0,9.417641775136907e-07,5.446976932811891e-06,0.0,0.00017023154841264414,1.8562037557185622e-05,0.00014469682919577252,8.619945815623107e-06,9.306533408532042e-05,9.306533408532042e-05,0.0006886232198509584,0.0002996718968567933,0.00013213634240206822,0.0,0.0,0.0003399930561825567,6.429722698796992e-05,0.0017019628066357925,0.008900894642222549,0.0,8.353119177043067e-05,0.008777824918012881,0.000575520068444837,0.021914709985070634,0.00020730358452042234,0.003452978825506648,7.780163235502117e-05,0.000587008222079871,0.00019846539821955118,0.0005653657849820672,0.00024262437552145626
115,0.00039960001233994066,6.531078434596866e-05,0.00019420989431326958,3.3825279901721615e-06,0.000894745991637501,4.394064810067048e-05,0.0,2.1566856679112838e-05,0.00010570280822209737,0.0003792325693608308,3.754034969955051e-05,5.7076823286534954e-05,0.0,0.00033724187781950627,0.00034664217756599466,0.0,0.0,0.0,0.0,0.0,0.00011550137875325297,0.00011550137875325297,0.00011550137875325297,0.00016832986311073929,0.00031405845696785026,5.1402091659629194e-05,0.0,0.00018574785992108312,7.805840863310781e-06,0.0005188974911473796,0.0,0.0,0.0001241253126797265,0.0,0.0,0.00031070329458920357,9.045360165266757e-06,0.0005738933259674745,0.0027227252166393233,4.911336186078823e-05,5.729787996621187e-06,1.3138230467222558e-05,0.000336304494143176,0.0002510620954943349,0.00016802585225401956,3.675376957221351e-05,1.85575055235463e-05,0.00039433627324187825,1.6169066377661303e-05,0.0002602978037166909,0.0,0.00012068122127036106,0.0,0.00011550137875325295,0.00010234374161573125,0.0001572907777668527,0.0012598337359479139,0.0,2.6391663179524383e-06,0.0,6.151599369413939e-06,3.84059924961713e-05,0.00011550137875325297,0.0,0.0,0.0,0.0,0.0,0.0002138564780265773,0.00023008015030458997,0.000746576315968357,4.342560128925036e-05,4.054742704873724e-05,2.6811256818145375e-05,0.00015823492530491834,2.6545013693914706e-06,0.0001147976164038683,0.0005851978585688531,1.4478975879866505e-05,0.0006282889984425724,0.0,5.074741727193285e-05,0.0,0.003029744419645722,5.887035073462443e-05,0.00013949417903363329,0.0006757522486145952,0.0005677375710109339,0.0007283857806428592,0.0005020486297101431,0.0007461417802845966,5.477930275859036e-05,1.048089045909106e-05,2.571984197979394e-06,0.0,0.0,3.754034969955051e-05,0.00034664217756599466,0.0,0.0010512790042945617,6.262744156881203e-05,0.0001580005658763299,0.00012142092070029911,0.00031405845696785026,3.8881482642997233e-07,0.00031405845696785026,1.1725337659561309e-05,0.00014890950982717963,0.0,0.0,0.0004532661185571215,0.00034451115791783856,1.6741959849525892e-06,1.345626348070938e-07,8.353119177043067e-05,0.0,0.024697668984280344,1.608675246764701e-07,0.006141065923263078,0.00038384707144628605,0.00056919084494213,6.495945888188655e-06,0.000172840673484307,0.0001504480597892047,3.943478055138511e-07,0.00021527152477057027
116,0.0009522868081193701,4.7015571440729665e-05,0.008269927323090592,0.0010867717559908943,0.0024336491878450134,0.00011662541737648101,0.0,4.3101337421499954e-05,0.0007592197542446878,0.0005276684064537815,0.0002487693255736569,2.3033041804329524e-06,0.0,1.65338709155358e-05,0.00023206878477121724,0.0,0.0,0.0,0.0,0.0,0.00013471516138398965,0.00013471516138398965,0.00013471516138398965,0.0001451176445843817,0.0004984361749939576,0.0005465062983639501,0.0,0.0006285707562357998,0.00021747788040913903,0.000956859720390499,0.0,0.0,0.00011694257909566767,0.0,0.0,2.281148186872523e-06,0.0004384966079321955,0.000833041334144932,0.008795994159790824,0.0007872272218946326,0.0005685972054141918,0.0011838591576953956,1.9711876363455872e-07,0.0001586700107523772,1.502932562929193e-05,2.4753955791992398e-05,0.001611774172012072,0.0009086554855620025,0.0009328458901044917,0.0004407809974338226,0.0,0.0017015300411502322,0.0,0.00013471516138398965,0.0006864366773133143,0.0004010653147079493,0.0012692470161139672,0.0,0.00036189041872713556,0.0,7.922262977769353e-05,0.0003995492136027423,0.00013471516138398965,0.0,0.0,0.0,0.0,0.0,1.0572842191140685e-05,0.0008115455306641486,0.0013549729720313958,0.0002487693255736569,0.0017015300411502322,0.0009698982466376325,0.0001791287169813447,8.247482105702914e-05,5.5833813141828155e-08,5.823340621170873e-05,0.00020861492297214216,4.762056276332374e-05,0.0,1.6397746873250148e-05,0.0,0.0009751909894485389,0.00012392135558649984,2.1472974402155697e-06,3.312464997196865e-05,0.00035518364176544354,0.012817058947176718,0.003037111829120743,0.0001396150269611647,1.242597178882361e-05,6.283429889276948e-05,0.00010719551878622907,0.0,0.0,7.219351339228256e-05,0.0004043115041361686,0.0,0.0007344111848053975,3.9583281891073543e-05,0.00038058760351740786,0.0004911678138735482,0.0004984361749939576,0.00019847828834921905,8.171957266735782e-06,3.6144953232915885e-05,0.00012770380660230823,0.0,0.0,2.3052658954227957e-05,7.599504466331572e-05,0.00011454219853051671,0.0013022691455211264,0.008777824918012881,0.024697668984280344,0.0,0.0031417456556268007,0.0919855297848478,0.003122517314988898,0.009808270134142514,0.0003307730672595997,0.0006382146172678772,7.097371200451362e-05,0.0008884448129390056,2.3081549994546967e-06
117,0.0007580982768540011,0.0019861634441375887,0.0002708777644220121,9.824378284689671e-05,8.635264023380525e-05,0.00017209758200322292,0.0,0.00012441860534486018,3.5665065054474115e-05,0.0008306540827597675,0.00011604295605097653,0.0001311535509458243,0.0,0.00011604295605097654,6.960173838820624e-05,0.0,0.0,0.0,0.0,0.0,2.319257508988783e-05,2.319257508988783e-05,2.319257508988783e-05,0.00033740948780619853,0.0002322865291788498,0.00038479898149272845,0.0,0.00017614185673229003,0.00010631523977004524,0.0001212115848274809,0.0,0.0,1.0110565191926365e-05,0.0,0.0,2.8831190220814356e-05,0.0005051941776653896,0.00019639593157371442,0.0008419289450909131,0.00011256791481593334,2.6874951420574622e-05,0.00012341244736346468,1.0900102794236333e-05,5.759345910536789e-05,0.00019554226519581186,0.00024498011283334445,0.00019378030897255778,0.0008902949444784657,0.00013533070350270262,0.00026709753980082404,0.0,0.00029661607173289,0.0,2.319257508988783e-05,9.421649247390909e-05,0.00010730048671052188,0.0001686677646835712,0.0,0.00017870180553296062,0.0,9.281833765564779e-05,0.00020902173187220373,2.319257508988783e-05,0.0,0.0,0.0,0.0,0.0,0.0001857649814699883,3.0979182090192902e-06,0.0003463834139165894,0.00011604295605097653,0.00012924124747496846,4.3299216043689564e-07,6.499745560209925e-05,0.0001053881263287336,5.32024236579745e-05,3.94414414840557e-05,5.760400011327758e-05,2.8991783259195805e-05,0.0,5.032325546833571e-05,0.0,7.827192591237437e-05,0.00010669182893401183,0.00035812302107174636,2.5065839974791076e-05,0.00044490167414698144,0.0006091687756437443,1.4617236223774454e-05,0.0023608405884706163,0.0005795839271044694,0.00039048802024540456,0.0001940682105532423,0.0,0.0,0.00011604295605097654,6.960173838820624e-05,0.0,5.32024236579745e-05,4.6393152710510396e-05,8.059619283071e-05,0.000450644267050224,0.0002322865291788498,0.0002322865291788498,2.5065839974791062e-05,0.0005542751582646075,0.0002161242652305136,0.0,0.0,0.0003669606375608235,9.031051043126997e-05,0.00014555029223111207,0.0003549091314855005,0.000575520068444837,1.608675246764701e-07,0.0031417456556268007,0.0,0.003143442416459292,0.002591248637447632,0.00031992820884683797,5.8094973398533506e-05,9.10969364662234e-05,3.4642850846442386e-06,0.0002651939605394561,0.0001325506462173734
118,0.009614981010754892,3.942833149556124e-05,0.003805287544547521,0.0009541089084642721,0.0034340025099553473,0.0022475012981964717,0.0,2.7248182753492495e-06,0.00045666484599477626,0.0006235891420932919,1.0428318103899557e-08,0.002071358009078506,0.0,1.0428318103899557e-08,8.99120040468314e-06,0.0,0.0,0.0,0.0,0.0,0.0003066536102520901,0.00016918215501552137,0.0003066536102520901,0.0001495316877991521,2.0891495782295325e-08,0.00032708331188639294,0.0,0.0010803014304499939,2.939883959001354e-06,0.0001325920212519164,0.0,0.0,1.7867326414570852e-05,0.0,0.0,2.140650628906066e-05,0.00014503001251311336,0.0003212206289221303,0.001009164878133427,0.006619241786916457,6.935882662999259e-05,0.0004316563205088667,3.956214362783048e-05,0.0002786424919230242,0.0002490405323596961,0.0003405642690137243,0.002685975439726389,2.59452136083518e-05,0.005025236139799331,0.0015609655497827299,0.0,0.0004013722130224817,0.0,0.0003066536102520901,0.0021953551393667837,0.00043328561022491557,0.0006832566610866812,0.0,0.0025584226392207747,0.0,2.8195904881109506e-05,0.0015252894211439827,0.00016918215501552137,0.0,0.0,0.0,0.0,0.0,0.00048797965426128093,7.686809137420682e-05,0.0020106589090655557,1.0428318103899557e-08,0.001172343147153131,0.004936165335356922,0.0014782700137172793,0.001285740268349737,0.00010012614364885222,0.0004368194198565332,3.0186808482019422e-05,0.0015743687588289784,0.0,0.0009856762879207651,0.0,0.0005542181683868977,0.0013904131859626447,2.4484607149719516e-05,2.0891495782295325e-08,0.0022954943932185943,0.0029335323429187654,0.002131783890253515,0.00030761853780041874,0.0008484040444759582,0.0001776346188291783,3.679048705367818e-05,0.0,0.0,0.00015020845275554688,0.0005077669084773876,0.0,0.0003249293707645491,0.0006134749557411448,0.0008654559519489496,1.1786394094844878e-05,0.000621358789181025,0.000621358789181025,2.0891495782295325e-08,7.940471403041719e-05,0.0044485691126238056,0.0,0.0,0.0046675913850802615,0.0027082195870802277,0.0027351530211320012,0.0035288559595383594,0.021914709985070634,0.006141065923263078,0.0919855297848478,0.003143442416459292,0.0,0.00521461778926546,0.02279102632140221,0.0036746366369149984,0.001691546503725101,5.531501015048246e-05,0.0017881189445149055,4.100110259870615e-05
119,0.001907927405703452,0.0002678296314072709,6.300066279012759e-05,0.0009937520449783315,0.0030807934441777225,0.0014948134912412502,0.0,0.00017675633882015913,1.4072464601300313e-05,7.388761267889212e-07,0.0006219805308433966,0.00011038068992055838,0.0,1.7112577698306925e-06,4.30777056756158e-06,0.0,0.0,0.0,0.0,0.0,0.00032409366549627366,0.00032409366549627366,0.0001581234246662577,4.995859943733409e-05,4.459883776277972e-05,1.4910754607129744e-05,0.0,0.0005907815947536468,0.0009318639449539586,0.000303294089377658,0.0,0.0,0.00038671204785474403,0.0,0.0,0.0006955899932048759,0.0003856081630169868,0.00016078991882411764,0.0003375535276511259,0.0001536948933319694,7.241792987896438e-07,0.001016086156466603,0.00020280492631986674,9.872853372804567e-05,0.00043702672744203204,0.0005712740890659348,9.902004741417156e-05,0.0002445561141063532,0.0005999926045946536,0.00031278414013610886,0.0,0.0005430537511311668,0.0,0.00032409366549627366,0.0006398386846496371,4.4333859940594994e-05,0.00023397437456339036,0.0,0.00031952016462498357,0.0,4.096752001452611e-05,0.0005446332496456982,0.00032409366549627366,0.0,0.0,0.0,0.0,0.0,4.9667613793036997e-08,0.0005304602742748409,7.040364811555658e-05,0.00016791224205842185,0.0005430537511311668,1.409071095512845e-06,0.00015609572900041968,0.00026275613303233716,0.00011210278021580818,9.164763571490155e-05,0.00017871615751603905,0.0002897039889379889,0.0,0.00020597107842868867,0.0,1.5274409338058935e-06,1.5934918674432317e-05,0.00026804404911368236,4.459883776277972e-05,0.0005771243698851286,0.0010496643734314356,0.0002823546054324345,0.0032974012780526626,0.00041920262709602835,0.00019337178689133412,0.00016987396145579916,0.0,0.0,0.00012337741402687727,0.00047457263771484895,0.0,1.700446478435113e-05,2.046968011072155e-05,0.0008162179277401895,7.485572032667166e-06,0.0003364089882838644,0.00010263058695882295,0.000710560594556695,0.00046119130136209555,0.00020237716634932158,0.0,0.0,0.0030509920927207813,0.0002202509097533117,0.00010730559644962128,0.0004675361121846801,0.00020730358452042234,0.00038384707144628605,0.003122517314988898,0.002591248637447632,0.00521461778926546,0.0,0.0023068998543967194,0.0009719421718495406,0.0019238289909468981,1.1940810597202043e-05,0.0004960576291423314,0.00022064486461386996
120,0.0034522885450164083,0.00011960362976587771,0.00013538004469221265,0.0007630099286664634,0.010524187596743343,0.004946989930968225,0.0,1.670260005922345e-05,0.0001684931400354481,0.0015963691889955061,1.908539303775692e-06,0.000505087927205581,0.0,1.908539303775692e-06,1.710085768157192e-05,0.0,0.0,0.0,0.0,0.0,0.00018349480525161265,0.0002861298668807077,0.00018349480525161265,0.0021551671558053334,0.0005203039792886413,0.002302651225486973,0.0,0.0023366348186193778,0.00019554297703480586,0.00011529455043491569,0.0,0.0,0.0009873059482324836,0.0,0.0,1.099917675940836e-05,1.4108318630848412e-05,0.0001502357065603343,0.001255363065313042,0.0035688958375657658,0.001059088911573349,0.00026833608674199736,0.000579162446657247,1.306156772951706e-05,0.003602509381784493,0.0008051751266548775,0.0015905872764129681,0.00018976555345971008,0.002945892650794802,0.00034866507882153454,0.0,0.0016761054532922282,0.0,0.00018349480525161265,0.0014376313411239511,0.0005888551338814507,0.000630489359036074,0.0,0.0005971404116274052,0.0,8.749498470634028e-05,2.6699293016787655e-06,0.0002861298668807077,0.0,0.0,0.0,0.0,0.0,1.306156772951706e-05,0.0003228013810050092,0.001280322938002185,0.00018698394810249164,0.0006031168837424871,0.0012208007704831558,0.0004241252142960137,4.486344094154968e-07,2.505743006961001e-05,1.6584258601424036e-05,4.622267386188058e-06,0.0017559905964563494,0.0,9.53880081200608e-06,0.0,7.127993263390895e-05,2.240492217040678e-08,6.400477904617305e-05,0.0009922307160623676,0.004236556516159347,0.0014710141429396216,0.0011447041065388314,0.0017146290326414656,0.00036057402943002245,0.0002739236279177845,1.033484714686836e-05,0.0,0.0,1.908539303775692e-06,1.710085768157192e-05,0.0,3.1736516463793155e-05,7.877262080552944e-06,0.00033139008018427066,3.134732734121125e-05,0.00020972068349918297,3.823421294778869e-06,0.00010850926355991073,0.00021167710525830073,0.0035463563444934412,0.0,0.0,0.01227966159414253,0.0007538153398301399,0.0011183094796060732,0.00010725502601523175,0.003452978825506648,0.00056919084494213,0.009808270134142514,0.00031992820884683797,0.02279102632140221,0.0023068998543967194,0.0,0.0011339615599079604,0.0024536592303551347,0.0003743220723108785,0.0005859178690641974,4.5177011484999995e-05
121,0.0006906228710967417,0.00045050996735363207,0.00032690565294373223,0.0004295826989782186,0.00278608931464182,0.00549638375530475,0.0,0.00010935220078913972,8.328562936185191e-05,0.00021546551094155943,6.319162738424006e-05,0.0017939698587091856,0.0,6.319162738424006e-05,0.00011225072794760373,0.0,0.0,0.0,0.0,0.0,3.740371744951368e-05,3.740371744951368e-05,0.0007471123826382855,0.00023287907230589528,0.0009749035448359706,0.0006077289951397652,0.0,0.0006700799063529776,0.0007950132172645976,1.2415696244024723e-05,0.0,0.0,0.00022779661837280256,0.0,0.0,7.5351053238480875e-06,8.710147310019722e-05,0.0008636388409688707,0.003816185094992628,4.665868095017037e-06,0.00011039436369915498,0.0003239361990305962,0.0014379077310460106,4.721721585713542e-06,0.0027854720499348416,0.00014014929938720557,0.00011132356210454323,7.955101551058497e-06,0.002749828277745567,0.0011975724464628624,0.0,0.0008799770465189195,0.0,3.740371744951367e-05,0.00017016004919941162,0.0007036752773965779,3.248125335136268e-05,0.0,0.0017489137956893492,0.0,0.00014969403963379843,3.726474948506957e-07,3.740371744951368e-05,0.0,0.0,0.0,0.0,0.0,0.0002995995471946932,0.0004872797211177819,0.00020570747095810787,6.319162738424006e-05,0.0004037338151152059,0.003406406445704349,0.00033206804470367374,0.0004494560505971124,1.4093337564634355e-05,0.00020083167812297412,3.292026101010717e-05,0.0011086812467096911,0.0,0.00025432334677425795,0.0,7.475723489007851e-07,1.002305480283635e-09,0.00013792160755698806,0.00012664163448214053,0.0003397077821746578,0.0008690882387155912,1.1051128978840398e-05,1.7388022111467622e-05,0.00016645757651530908,1.3293012318208732e-06,0.00030160165890532036,0.0,0.0,0.00018715056805311623,0.00011225072794760373,0.0,1.4038358654649372e-07,7.482062366083796e-05,8.903277148831308e-05,0.00025898004045384363,6.943665950615146e-07,0.00012664163448214053,0.00012664163448214053,8.92626376159532e-05,0.0007268938962725494,0.0,0.0,0.0007356973541208993,4.130551998133322e-05,5.5086100273586507e-05,0.00015266597895352563,7.780163235502117e-05,6.495945888188655e-06,0.0003307730672595997,5.8094973398533506e-05,0.0036746366369149984,0.0009719421718495406,0.0011339615599079604,0.0,0.0007060520753039189,0.0013569596222268343,7.694234640562227e-05,4.199943752894496e-06
122,0.00043587119029702076,0.0006723222057760181,2.2877372913264753e-06,4.52729977057886e-05,0.0003213230158264878,0.002240058383866949,0.0,4.7882337300487576e-05,0.0001342313641586831,0.0003966007545232377,0.00012260043792715824,1.5221219871374304e-05,0.0,0.00012260043792715824,7.353481864555304e-05,0.0,0.0,0.0,0.0,0.0,0.0008818712899404055,2.4503132667807257e-05,2.4503132667807257e-05,6.048650981787065e-06,1.917790240291877e-05,4.7279416788526766e-05,0.0,3.7156127068435412e-06,1.7849664240579218e-06,1.7058587475956145e-07,0.0,0.0,1.8434762106448322e-05,0.0,0.0,0.0008446319986607298,7.727584490536092e-05,1.4108766320086483e-05,0.0011028414734082625,4.925473848004479e-05,0.00022885562631270908,0.0012068968817279466,0.00016580568535972577,0.00019626259468140113,0.000188124888770362,0.00030494269023607803,0.00011415317230958422,0.0002971065761157247,0.00017953973510389945,2.564051140863623e-06,0.0,6.910325553481796e-05,0.0,2.450313266780726e-05,0.0002095331712249469,7.780796414311349e-05,0.00027904395561227733,0.0,0.0004440031088146876,0.0,0.0002060420575219366,0.00022083366458740128,2.4503132667807257e-05,0.0,0.0,0.0,0.0,0.0,0.0001962625946814011,1.1557710637585559e-06,0.00010781944179685202,0.00012260043792715824,6.910325553481796e-05,8.058980748571124e-09,2.7410747304113187e-05,0.0004564032145380737,2.8350723428561858e-05,0.0001693382511791041,7.148765667076758e-05,4.771784192708693e-05,0.0,2.4658373028101836e-05,0.0,0.0017845947298863703,0.00042404845748066295,0.0003200871700362041,0.0002454132531580162,1.1438600425137243e-05,0.0013274378639450465,2.2325489997427196e-05,0.0007085463494540868,3.4006315419152005e-06,0.00014430325723132785,2.8325059049016162e-05,0.0,0.0,0.00012260043792715824,7.353481864555304e-05,0.0,8.595556901040523e-06,0.00044462701255664687,0.00012083580335877134,0.0005719647956011528,1.917790240291877e-05,1.917790240291877e-05,1.917790240291877e-05,0.0004077644060689455,0.0006344359177568471,0.0,0.0,0.00010744207157331728,4.6931586600812956e-05,1.8646055767065862e-05,0.00037177173632061333,0.000587008222079871,0.000172840673484307,0.0006382146172678772,9.10969364662234e-05,0.001691546503725101,0.0019238289909468981,0.0024536592303551347,0.0007060520753039189,0.0,0.004901322915480034,0.00014896440701404976,4.481661099058477e-05
123,1.697469902628792e-05,0.000748118715279608,6.250440466054109e-06,8.050227133787609e-05,0.0004752816976571169,7.316754527319483e-05,0.0,0.00027665337245819143,4.092029057207173e-05,7.620313543723082e-05,4.442518277908618e-05,0.00021793049698538868,0.0,4.4425182779086174e-05,2.6646105520963212e-05,0.0,0.0,0.0,0.0,0.0,8.879036494091065e-06,8.879036494091065e-06,8.879036494091065e-06,0.00033952822279669615,0.0008341346630721306,8.869149423549087e-05,0.0,0.0006401578778396947,3.6096105441507306e-05,0.00019987584405078182,0.0,0.0,0.00031256345433280084,0.0,0.0,1.721596141377119e-05,0.0010225269532934031,0.00020497993968034202,1.4171924329666082e-05,2.6108552374868666e-05,0.0009363094028816852,7.92340615060101e-05,6.711486615783768e-05,7.111634964197961e-05,0.00029326165979912545,6.543593451768489e-06,0.00023506824264486086,1.2897646407579422e-05,3.107480181541438e-05,0.0003495977578486196,0.0,0.0006809767195854924,0.0,8.879036494091065e-06,0.0004747682396602178,2.3954117834366337e-07,0.0005491378003892699,0.0,0.0003568786794882723,0.0,3.553414210668661e-05,8.001942699721064e-05,8.879036494091065e-06,0.0,0.0,0.0,0.0,0.0,7.111634964197961e-05,0.00011566189949670321,5.099426740940295e-05,0.0004154087532212202,4.092029057207173e-05,2.1387101306884746e-05,0.00022887940269299904,0.00021344245679431472,0.0006170221649382857,0.00020497993968034202,2.6608944492744228e-05,6.65200253048785e-05,0.0,5.8478944180189075e-05,0.0,0.00016028301057762292,9.996225305570388e-06,0.00042058876974716174,8.89255186173639e-05,0.00024921604524463987,0.0016128064517538449,9.398842304342498e-05,0.00022341395527870466,7.289668355966604e-05,4.205403294315591e-06,5.407520301468601e-05,0.0,0.0,4.4425182779086174e-05,2.6646105520963212e-05,0.0,0.0002891217474714368,0.0007606210324450123,9.831954029455934e-06,9.308829604145894e-05,8.89255186173639e-05,0.00020998178087486844,8.89255186173639e-05,0.0008615169231797138,0.00011063978564303267,0.0,0.0,0.00012527104953992852,0.00044369619624791174,0.00029640590513621155,0.00014046575197831403,0.00019846539821955118,0.0001504480597892047,7.097371200451362e-05,3.4642850846442386e-06,5.531501015048246e-05,1.1940810597202043e-05,0.0003743220723108785,0.0013569596222268343,0.004901322915480034,0.0,0.0015217249414088978,1.8091982762261354e-07
124,3.4312680300781955e-06,7.819211036103253e-05,0.00020578368468391608,0.0007782822110094993,0.0015318219643126194,0.0012642419805082676,0.0,0.00017238446819441491,2.8868533760311268e-05,0.0009043356071893774,3.2960249873946305e-05,0.0007086259269678628,0.0,3.296024987394632e-05,0.00013849131034390078,0.0,0.0,0.0,0.0,0.0,4.5950713490689035e-05,0.0006826736464308001,4.5950713490689035e-05,0.00015746788125633115,1.3294988601685281e-05,0.000600343277582579,0.0,0.0005699186359239732,0.00018487529521656835,0.00010336393631834749,0.0,0.0,1.1550136245501083e-05,0.0,0.0,2.300486786806352e-05,4.654196420201021e-05,6.389196403746032e-05,0.0008503366594586293,0.00011814608458874613,6.80643968849953e-05,0.00017203702266628757,0.000952989837996643,1.7981982876295126e-07,0.0004127146802426025,0.0016780264501393945,4.640016355271612e-06,5.891389428503064e-06,0.00026220517978834193,0.0015048750121463873,0.0,0.002430588691953393,0.0,4.595071349068904e-05,3.7269689153450166e-05,1.0339984734352597e-05,7.739252692479397e-07,0.0,7.662227077050014e-05,0.0,0.00018390139833125469,4.400385324417188e-06,4.5950713490689035e-05,0.0,0.0,0.0,0.0,0.0,0.0001426550530748054,1.1475668815104625e-05,0.00011171990740857615,3.2960249873946305e-05,2.8868533760311268e-05,0.0003596189164647816,0.001162684135518286,0.0002424952821126888,6.321704284414453e-05,0.0004834127858300512,3.001568590271119e-06,2.3851377834460685e-06,0.0,2.6673086972398203e-05,0.0,3.559661108187826e-05,3.0465234606186394e-06,2.7360541943914152e-05,0.00033576588128018416,2.411307464340515e-05,0.0021901683343670195,2.3350880888872477e-05,0.00019574922609760705,5.733922158128869e-05,0.00021357171434973395,3.997560420658617e-05,0.0,0.0,3.296024987394632e-05,0.00013790140089742792,0.0,0.0002799902525296089,9.191784320552345e-05,6.687241657190365e-06,9.876814506122437e-05,1.3294988601685281e-05,1.3294988601685281e-05,6.604615964774378e-05,2.8800485539599028e-05,2.0500578578404273e-05,0.0,0.0,0.001877701177001,0.0001308224065044222,0.0004397289647084424,0.0009021438801949371,0.0005653657849820672,3.943478055138511e-07,0.0008884448129390056,0.0002651939605394561,0.0017881189445149055,0.0004960576291423314,0.0005859178690641974,7.694234640562227e-05,0.00014896440701404976,0.0015217249414088978,0.0,0.00045680642997382274
125,0.0005561921544961004,0.0004558995509948505,0.00024626625152012567,0.00013482658130696892,5.882174657104123e-07,0.000182693838298728,0.0,2.7157246633606805e-05,2.654651507293202e-08,2.7219747019478378e-05,0.00011413745162554701,9.534261274128479e-06,0.0,8.730650426802329e-07,0.00012757101513351569,0.0,0.0,0.0,0.0,0.0,0.00029220861350086504,0.00029220861350086504,0.00017909806636797357,6.94808689300519e-07,4.79259630570532e-05,4.090545043924237e-05,0.0,0.00028889563821030747,5.23915439592322e-06,2.1393269269307186e-06,0.0,0.0,0.00011677426708618047,0.0,0.0,0.0003772628115199187,2.512056259666853e-05,5.6306564350298806e-06,0.00013335569250166619,0.00015956305227321065,0.0002972601638057447,0.00013621155994936792,4.339521519355948e-05,0.00016095369928580822,0.00032703007418927784,0.00047438668302971247,1.7181028720864456e-05,0.0001218466720593692,0.00038210940878083063,0.00039465163316507266,0.0,0.00031633527006716226,0.0,0.00017909806636797357,1.1994299384281777e-05,5.600419499533467e-05,8.027720420979937e-05,0.0,0.00019830004456237527,0.0,0.0007168667560568635,0.00011842358833261162,0.00017909806636797357,0.0,0.0,0.0,0.0,0.0,0.00016095369928580827,8.837888818652044e-06,0.0001466641084016825,8.730650426802329e-07,0.0002554125401134297,0.00035679920002373855,6.55231555840121e-05,0.0003685293660190634,2.0729966132277083e-05,6.103561001470956e-05,0.0008531327393206587,0.0004750902728951592,0.0,6.107687286161472e-05,0.0,0.0005030711056719202,2.6194782519157328e-05,0.000473634240832527,0.00022866362453020169,2.382185026427602e-05,3.35202286656314e-08,2.8609700759190445e-07,4.211596850676406e-05,4.537762546536969e-06,8.231227414234724e-07,0.00045162855895372655,0.0,0.0,0.0005152538401885997,0.0005375313728851945,0.0,0.0003544606245081631,9.559269817244286e-06,9.185238920371907e-05,0.00045639570809849917,0.00022866362453020169,0.00054975907753036,9.592968748566922e-05,0.0001082076825484491,2.450011122179306e-05,0.0,0.0,0.00017104248346944172,8.577800985441286e-06,0.0001485281255802493,0.00027978309499238595,0.00024262437552145626,0.00021527152477057027,2.3081549994546967e-06,0.0001325506462173734,4.100110259870615e-05,0.00022064486461386996,4.5177011484999995e-05,4.199943752894496e-06,4.481661099058477e-05,1.8091982762261354e-07,0.00045680642997382274,0.0
