,0,1,2,3,4,5,6,7,8,9,10,11,12,13,14,15,16,17,18,19,20,21,22,23,24,25,26,27,28,29,30,31,32,33,34,35,36,37,38,39,40,41,42,43,44,45,46,47,48,49,50,51,52,53,54,55,56,57,58,59,60,61,62,63,64,65,66,67,68,69,70,71,72,73,74,75,76,77,78,79,80,81,82,83,84,85,86,87,88,89,90,91,92,93,94,95,96,97,98,99,100,101,102,103,104,105,106,107,108,109,110,111,112,113,114,115,116,117,118,119,120,121,122,123,124
0,0.0,0.0,0.0,0.0,0.0,0.012500673676701268,0.0,0.020682350713367104,0.0,0.016269038723444762,0.0,0.00716691951333992,0.024606426178916507,0.011124685477486906,0.0,0.00782018878790458,0.01777737033890192,0.0,0.0,0.0007392613202452658,0.0,0.007482858942417181,0.0,0.019759994727453822,0.0,0.016588097661366152,0.009476033871831824,0.0,0.018627484884246037,0.005397369283758557,0.02281457806994691,0.0,0.0,0.0,0.0,0.016134287507433065,0.0,0.0,0.0004965288471243667,0.0,0.0,0.0,0.010084447690388298,0.0,0.0,0.007226769776075059,0.016361148397276093,0.00012711334036552557,0.0,0.030659518840479016,0.0077643477260469496,0.025911287217538437,0.0026427605660526154,0.0,0.0,0.0016614179976306431,0.0,0.0,0.012720042002581256,0.004292826061227828,0.0,0.0,0.0,0.0,0.0,0.00040446210775213487,0.0,0.0,0.004192928646623351,0.0006803790638683083,0.019067220721726397,0.006785214747301538,0.02341330411385867,0.004896491678925141,0.0024098008380262215,0.0,0.0,0.0,0.0,0.0,0.020433338387321864,0.019446967028971418,0.0,0.0010917309787403795,0.002606813691161669,0.027004792461297278,0.0,0.005516492342973134,0.0,0.0,0.02695255522999318,0.0,0.015501997979414206,0.02461994179884197,0.0,0.007992335158247155,0.0,0.0,0.027617809426895956,0.021187666964754825,0.008232907467530026,0.0,0.0,0.011418544887391135,0.052363473885521206,0.0,0.0,0.0025807310528707106,0.0,0.0,0.02379970982817836,0.0018115127391062913,0.0,0.0,0.0062563449767747414,0.0,0.011117140156475802,0.0,0.0,0.0,0.02209993514569142,0.0,0.005129774921598607,0.0032613059168458136,0.0036757786037475704
1,0.0,0.0,0.0015174704270686235,0.01427966132983638,0.026190685132937652,0.0,0.0,0.0,0.0,0.0,0.008483667808508955,0.010265541669983946,0.0202461870256867,0.0,0.002108243655089659,0.0,0.015145458572608739,0.01046780650437018,0.0,0.0006954116462578597,0.0,0.0,0.0,0.030163424996914046,0.0,0.013708044544004316,0.0,0.0,0.009547398577504751,0.010682822269131087,0.0,0.006917181609708223,0.0,0.0009286967534798407,0.000856324860400548,0.0,0.0,0.0,0.02932493002385339,0.0009903041300018955,0.0004015994691561886,0.003768914895527331,0.0,0.0,0.031199726725039234,0.0,0.016936255889357987,0.015497860286335374,0.0,0.0,0.002185646201092517,0.0,0.02027209129263241,0.012369218843717,0.007550380891245823,0.0,0.014872447448952997,0.019498170853316843,0.014541277461946223,0.020978737247419055,0.0,0.003109024573963559,0.0,0.0,0.0071620907311809034,0.0,0.004381369372324251,0.01250548515773442,0.0017200480139321073,0.0,0.0,0.0,0.0,0.0010426074927458728,0.014817455254327427,0.010582789543999382,0.015654860829615203,0.013585596178855575,0.0,0.0,0.008421890570974533,0.0,0.0,0.0,0.03428565900254732,0.0067881130771318965,0.0,0.01506113208948534,0.0017288685103888923,0.014124041968073264,0.0,0.0,0.009261300941826534,0.009658766265962626,0.0,0.009010736347679682,0.0,0.00479384296905927,0.0015104622372117404,0.0,0.015721027224980588,0.007974417034918524,0.0,0.0,0.009249691482366984,0.0009444899684192265,0.018939153452522284,0.0,0.00502582540460228,0.012487778511446557,0.004072069130744538,0.05253030108847767,0.0032311671325473412,0.027548433974044606,0.02759330621391065,0.012666812596794585,0.0004828746775968895,0.017853525469109677,0.0076559521013033205,0.0,0.0,0.0,0.0,0.0,0.018134055713019848
2,0.0,0.0015174704270686235,0.0,0.018185817656815928,0.05534118560151313,0.02655973647213017,0.011500879323556035,0.0038003228820713275,0.006226511695289538,0.003731203877119782,0.025246228251517344,0.0,0.0,0.043992228845735504,0.010394203446638883,0.016052363571469108,0.0,0.00017410685260266234,0.0,0.005711515465524286,0.020251892667666027,0.0,0.02042496065204169,0.012968257113780801,0.0,0.004350128878164661,0.010608304631533727,0.005428208972207749,0.0,0.0,0.005159283859035746,0.0,0.01332940863411558,0.005592924365926066,0.0,0.026503338776508123,0.0009484273244302344,0.000773277130647898,0.023337361775245036,0.03203208512189093,0.003081379317784183,0.004364176609357173,0.01365126798877725,0.0,0.0,0.030998364318300275,0.004519219696572208,0.0006576533046560584,0.002705648958896134,0.0,0.0,0.0,0.020238498126521343,0.0063215270410887925,0.0,0.0016480939816005957,0.013182055603361498,0.007457132948997192,0.0,0.019419807604879047,0.010790301614914455,0.0016530296506216402,0.03367268722807015,0.0,0.0,0.004711338000072729,0.0,0.00812034134456674,0.015800820991929143,0.007176010248449494,0.0,0.01869522048260741,0.0,0.0,0.0,0.0,0.01732128275507705,0.0,0.02319897628236678,0.023609418523385273,0.042600564829941234,0.026634289210076822,0.04785180710649861,0.08649200616787045,0.02976562246791925,0.14808876956531236,0.04841307090388103,0.02164883636888071,0.06590199797580709,0.027151450275295197,0.012564118311391148,0.0016472724324199106,0.05268210151340291,0.026056431629120524,0.0021730048522146106,0.0,0.0,0.0039657700635542525,0.02545891847714543,0.0,0.01564175652313704,0.027846936805365985,0.027638677015809243,0.0,0.0,0.008737680698493122,0.0,0.028218954598131063,0.0,0.0,0.05551373903659673,0.0,0.014584084726037005,0.0,0.004081641223201871,0.023955192325368913,0.0055820961431338745,0.06528912312400248,0.05220827658618621,0.056116167849297405,0.00952551161560411,0.023757754048956414,0.030338732653149236,0.030555073888227646,0.009724256671773901
3,0.0,0.01427966132983638,0.018185817656815928,0.0,0.040724066238049694,0.039500043119148565,0.0,0.0,0.018206719896944,0.0,0.0,0.0,0.00730736160584744,0.0,0.009073237640332188,0.0019534847423869905,0.0,0.0,0.016683041270236565,0.0,0.0,0.011345932177833973,0.024742398406652377,0.0,0.013376770409720962,0.0,0.011519413457417471,0.019472702519462537,0.0017405850560594516,0.006102412784793287,0.0,0.0,0.0,0.028749793000035773,0.012091790779781064,0.014421244922441012,0.003582195476052874,0.0,0.0,0.037816807957176124,0.02871365090002964,0.011275480547118022,0.0,0.0,0.012121476227971328,0.0,0.0,0.0,0.03404269443282093,0.0,0.024978062915014476,0.019910141475159016,0.007698693008270752,0.0,0.0,0.012571159060072112,0.0,0.0,0.0,0.0,0.04102373061476605,0.012780388163126766,0.0016603026958454947,0.0,0.007310600742531648,0.0,0.024401463521590117,0.004349012051254597,0.002666976304135815,0.0,0.0,0.02034633387243101,0.013316000930307048,0.007743475637859376,0.03216202166288884,0.0,0.0,0.0,0.0,0.0006821102021916658,0.014175510814306236,0.017615389038391882,0.013510773156157008,0.03743110663431537,0.04358132557934358,0.08121471466707053,0.0,0.028950291368374792,0.01569492970072872,0.04392541792040472,0.0,0.005558808130087023,0.0,0.004089835639490502,0.0073252389970202,0.0,0.001723081341544308,0.018788221997807497,0.0,0.0,0.005087723392491306,0.01479297872025409,0.03513975773007427,0.011663065951465157,0.014544015309867042,0.008721094922155892,0.005624825840065739,0.0,0.0,0.010584173773842132,0.031618777674156995,0.023639319339122444,0.0,0.0,0.0,0.006587470907531312,0.00825399345936173,0.0745603533464596,0.013257639771827812,0.019164963062247686,0.0043831407960288615,0.040993158895542336,0.022723890600143903,0.0420209003596117,0.03111014402839185
4,0.0,0.026190685132937652,0.05534118560151313,0.040724066238049694,0.0,0.05000289964786564,0.0069224640706382345,0.02540590818898636,0.0,0.0,0.0,0.013512314891119814,0.0013549652489812658,0.0191796510631832,0.009836741209525712,0.017137303647414726,0.027005009352542686,0.0071932014994313676,0.026238900504146123,0.0026588484052192385,0.005980645308680366,0.0,0.0162978638965825,0.012959542574129124,0.02122687172558102,0.0,0.004154008507670781,0.008830139388956049,0.010321567787026531,0.0,0.006894854976378539,0.0,0.008405551060084449,0.031193341587371748,0.02068444955730353,0.005853241877201931,0.021927932713097675,0.0,0.00847862290671575,0.013807662991527359,0.0065336968266054285,0.011962880011526345,0.01017471015209992,0.0,0.03130523973128696,0.0,0.0,0.0004969006401447373,0.0,0.0,0.025231891656613215,0.0,0.0,0.0,0.019725779593947834,0.0002855180125660439,0.0,0.01596485960505234,0.03340968400618394,0.031761913198430136,0.008659948588646493,0.004174624691089868,0.015327781295496834,0.00029163406032317596,0.01552095847238899,0.0077862361145744075,0.0,0.0,0.007496051169741058,0.008283921121783777,0.0,0.0,0.025011113939615193,0.01567550266421236,0.009810319895284358,0.01533752101038921,0.0,0.007463052621004884,0.011887935265541216,0.027456202027112298,0.023786403257022748,0.00626542578117828,0.012519708922636319,0.04444662989986625,0.01623381443696914,0.09076101682230941,0.012864074158504657,0.05952957607716325,0.009652359229698426,0.05440392145395734,0.031073984525304965,0.005787600705605023,0.01584587898498313,0.00784959238081484,0.03815863338213088,0.008060942273051097,0.0,0.012283019647045812,0.011498614970510523,0.0,0.04182932200753431,0.02830930113475194,0.01824092683611056,0.019059796879730584,0.008944081118871239,0.01986227802322027,0.007510070148596171,0.014660092138422343,0.0,0.04154825061557954,0.011525101215580591,0.01806472590885111,0.0,0.0,0.003966232132733616,0.0026498701967625493,0.011717462396534373,0.09297229162095366,0.016700697425036992,0.044161676055793464,0.01573958305439227,0.020458721874006436,0.03912529140714316,0.039510816182573905,0.03085613116310082
5,0.012500673676701268,0.0,0.02655973647213017,0.039500043119148565,0.05000289964786564,0.0,0.021480959608062733,0.0022354569371465516,0.0015212500080599156,0.0,0.016255115639637552,0.01177881426738292,0.012886075613575798,0.020128311044068425,0.002223538768793887,0.003798862125710123,0.0,0.006307245842953613,0.012295663523966383,0.0236143424570594,0.0,0.0,0.0,0.001164813743596227,0.0,0.009743345131946413,0.014364628843591909,0.0,0.01996559609746207,0.0,0.0,0.0,0.0138190953325239,0.004525116936524576,0.0,0.01866750584895005,0.0,0.005308774188211629,0.0,0.03972907956440341,0.02302945249739974,0.0027304774053913405,0.0,0.0,0.005057092813718356,0.012473531072723532,0.021644584720055704,0.0,0.053089392435169636,0.026939940633925907,0.012804487816450383,0.0,0.0,0.02138056851936021,0.015739479002871093,0.024386594512697535,0.0,0.01673828168820446,0.02332321762251066,0.015013070303688814,0.018040305537375012,0.016464196106103834,0.0,0.016612843980241543,0.0,0.02679116316492003,0.0,0.02351055511496636,0.0,0.002561199546206261,0.0011334073817765855,0.002260766911376777,0.009418209335363414,0.0,0.0012507762045608217,0.0,0.0,0.011928483547656299,0.03779607768200588,0.0,0.050671694984164795,0.02304832373823995,0.06452758308512241,0.0595564103303019,0.06001478814706385,0.14473979023946093,0.046199419969420674,0.036215861062256494,0.06644301362270078,0.030216210134392796,0.005365060541890898,0.0,0.00508005515109744,0.003464913735301778,0.010071976461640375,0.0,0.006357667701391456,0.02798363080064359,0.010754940158086868,0.019530710499338966,0.004245569425989082,0.02964102087620457,0.024261897879531702,0.0,0.0,0.0,0.0006260697828466277,0.0,0.0032390012039984484,0.0,0.037579508364160574,1.7249335449776027e-05,0.0036709971210653336,0.02682962791241117,0.02568358426375017,0.002498573753997313,0.011601832077589691,0.06936501133808282,0.02461238373258645,0.09146487252476643,0.08188083776166177,0.010947613347974894,0.0,0.0030232922182928945,0.02623342431204012
6,0.0,0.0,0.011500879323556035,0.0,0.0069224640706382345,0.021480959608062733,0.0,0.021275540230527135,0.0,0.011459430302994456,0.027847854646175563,0.013495294662955182,0.0,0.0015049437119349918,0.00393560823791006,0.0,0.0,0.023694417988402883,0.0,0.003436907605418149,0.0,0.0,0.0,0.0,0.0044295995063885485,0.010283785009709945,0.0,0.00473695535868579,0.0,0.0,0.007735151937780849,0.0,0.0,0.0008030865516079899,0.0243894705540324,0.00047620725304753364,0.01548119733161446,0.0,0.024836705064650744,0.01892136723662219,0.0,0.0,0.005127456298364308,0.0011902557950875803,0.0,0.018164560956860143,0.016170845320530702,0.0,0.0,0.02524510373403377,0.0,0.0,0.0,0.0,0.0,0.004586555529418668,0.0058622851700063094,0.013204100170363553,0.00249845561013462,0.027682692339208614,0.009205975202177363,0.0,0.0,0.0,0.017684809754754838,0.0,0.0,0.0,0.009700521895999792,0.0,0.0,0.022139537530472708,0.014603019061558697,0.03673129981126788,0.021166865222436826,0.0,0.004676763919177596,0.01040805522801147,0.008691671808477075,0.0,0.006029544792567343,0.0,0.015487925027434457,0.01447911614976416,0.0,0.03875042277852714,0.0,0.0,0.0,0.021243910552632528,0.0012713464867548652,0.0,0.01240988154739675,0.0,0.017813511757097444,0.00967733696971429,0.04383345790202586,0.0,0.0,0.01548840767327242,0.002930540966853634,0.010066477884600467,0.0,0.00475968617585476,0.016239860861141153,0.0006546442095247684,0.030569056505823866,0.0,0.0030427757169766423,0.020973906096701356,0.016984209993210264,0.01390094580321044,0.024562084939792506,0.020437573279095567,0.010890782053648351,0.0,0.0,0.023471455530395424,0.0,0.004755150408469078,0.005651204629787188,0.015734580158844658,0.016078367952566452,0.008738012637174997,0.0
7,0.020682350713367104,0.0,0.0038003228820713275,0.0,0.02540590818898636,0.0022354569371465516,0.021275540230527135,0.0,0.0,0.007613560271479969,0.0,0.0,0.0017582973304666183,0.004176719381715266,0.030365713839034747,0.015873316248693925,0.0,0.0,0.0,0.0,0.0,0.0,0.005091407946261839,0.0039221336952470764,0.004875413425272868,0.0,0.011797423314076738,0.0,0.0,0.0008882565764718464,0.02017563010308976,0.00988782997625659,0.02458912273194791,0.00752972452842382,0.01071367523278699,0.017549864663544135,0.0,0.0,0.019723279259543425,0.0,0.0006058475978116817,0.0,0.0,0.01994704129095215,0.014064626785778245,0.008625710916683182,0.005166485656141084,0.015027668025627605,0.014286144206673512,0.009800094677165028,0.013781100895874587,0.018653305678730803,0.0,0.00966345103600652,0.001629082180254926,0.0050014366608222005,0.010411427596793033,0.008602684099089153,0.0,0.01734445344300184,0.0193343876059906,0.012959804272488107,0.003475974192999054,0.0,0.006339474309938531,0.0,0.0,0.0049014032587964,0.024197509619472868,0.00024778728328733735,0.0,0.0,0.006728024361856377,0.0,0.0,0.0,0.0014590332717583365,0.003947338517000354,0.01817374398091154,0.004739002951708926,0.0,0.0,0.0,0.0,0.0,0.00832999699468484,0.0,0.0,0.0,0.02597293023866243,0.006882332321143103,0.005566341684107634,0.007446401061973695,0.0035446217069310393,0.0,0.0,0.025478069324747388,0.0,0.0,0.013281049675232026,0.02016626482353523,0.0,0.00039967752784608734,0.01257746865720133,0.0,0.0,0.0,0.004846975150195831,0.0,0.0054453575992301495,0.0,0.0,0.0,0.018118616010604605,0.003055923676638095,0.003734816892338344,0.0,0.0,0.0,0.02037535899677767,0.013683591294785025,0.012606332295132638,0.0,0.0,0.0
8,0.0,0.0,0.006226511695289538,0.018206719896944,0.0,0.0015212500080599156,0.0,0.0,0.0,0.03699851231767415,0.011501988528157092,0.002662162456054773,0.004049380302436845,0.012806451435457333,0.0,0.005358647887262258,0.01565587191299045,0.0,0.016183475490143984,0.0,0.012615390578825547,0.0,0.0,0.0007491563545860558,0.01006515617326098,0.012307549036544074,0.020829992595000846,0.004155714613842676,0.0,0.0011774454668547207,0.0,0.013178060049230389,0.010645143775580124,0.0013635122053523574,0.0271470568877481,0.0,0.0,0.0,0.013730834228486977,0.008807470130453687,0.02422166384906621,0.0,0.0,0.0,0.017855350887479915,0.020303865424578404,0.025446780113465906,0.004524014081445316,0.01359121021369969,0.0,0.0,0.0,0.010634119424581812,0.006923043041435761,0.0,0.0030582630134610156,0.017392873627676053,0.011635240367755095,0.012636580683465404,0.011526877691085957,0.008480192160393862,0.019767141078165906,0.0,0.010415467488648744,0.0,0.007899199512201527,0.016519123580470918,0.0,0.0,0.01827533558344996,0.0,0.010968546809194457,0.0,0.021005060594786684,0.0,0.01226045047250679,0.011912043688000473,0.0,0.0,0.015384058466453965,0.001512260764968687,0.017200208350136137,0.0,0.01506714912876106,0.002591238556785669,0.008050648592617726,0.0007495638839047913,0.030922381920944098,2.7385597229034886e-05,0.0,0.016539110921814704,0.0,0.0,0.004742600861904478,0.010906739481043815,0.0065249588913154355,0.0,0.0,0.009550093967766848,0.002200144012694416,0.006742161949865988,0.0007230412240879502,0.0,0.004739204573463773,0.01607800436353113,0.0,0.0,0.0,0.0,0.0,0.0,0.012777119956647098,0.0,0.0,0.01645594307027487,0.0042965008651769665,0.007490342691729879,0.011824899675506373,0.0,0.0,0.004619753157026452,0.0,0.0,0.0070193887156770884,0.0002640423985980078
9,0.016269038723444762,0.0,0.003731203877119782,0.0,0.0,0.0,0.011459430302994456,0.007613560271479969,0.03699851231767415,0.0,0.03228383353959785,0.0017701283103273013,0.01939781657340589,0.020161261828393506,0.0020202437857603783,0.008546518004663106,0.009808418052002388,0.026473393582572058,0.0,0.0,0.008168618499500013,0.010184457377162559,0.007798302023300785,0.006306503130871555,0.021680505084765045,0.001854029730300688,0.021500508359246773,0.0,0.003914198379431966,0.01696964908297094,0.0,0.007718516704515288,0.01628152797402116,0.007175835273669939,0.022319100755752608,0.01643767117591377,0.0,0.0,0.0,0.009043709938577393,0.0,0.0217970088812649,0.0025649232666022925,0.0,0.0,0.02420932383482821,0.004628625060369984,0.0,0.0057918507034191435,0.0,0.026546182186708123,0.0,0.0,0.0017480789050781098,0.017544077346935083,0.008325777842850712,0.0,0.00722315737331769,0.0030663767096728023,0.030257605296185375,0.03164161032368007,0.0,0.01508520786259826,0.004464193315041776,0.027043158053271732,0.0,0.007285514562244799,0.0036553571760293835,0.0,0.0,0.0,0.004215081387844322,0.007708921186478257,0.0,0.0,0.0,0.015043722706736595,0.0,0.012012980884542834,0.011619242127077989,0.0,0.01864593893697375,0.0067770130334281475,0.0,0.0061267354028951004,0.014994857171347853,0.0,0.01137894281186469,0.039166154866956404,0.0,0.0,0.02270625084520983,0.01695649306643343,0.004273211745144501,0.03387827126975207,0.0,0.0017735511745335941,0.0,0.002321047521888886,0.0,0.02351937879226984,0.0001469369450672886,0.0,0.02384306532247571,0.021774523316207883,0.0,0.00016125272236777732,0.0,0.0,0.0,0.0,0.0,0.0,0.0,0.0,0.0119165886676047,0.004934998044317851,0.006192967154724727,0.014152230189076853,0.008535256704025329,0.00577143217686249,0.025256819136797226,0.0009846101796062712,0.0,0.0
10,0.0,0.008483667808508955,0.025246228251517344,0.0,0.0,0.016255115639637552,0.027847854646175563,0.0,0.011501988528157092,0.03228383353959785,0.0,0.0,0.0,0.0,0.050850270483758564,0.012040361492283935,0.0,0.0005097671262195291,0.0,0.0,0.0,0.022267220981052382,0.004770937922874197,0.0,0.0,0.0,0.0,0.0,0.0,0.0,0.008995393774061888,0.0,0.02131699075781679,0.0,0.01601679085047092,0.0,0.004354088196385497,0.005815930656794421,0.0,0.0,0.004645116733947852,0.029077614270714314,0.01297224937318564,0.002362010116633506,0.0,0.003378174195352024,0.007472579165582083,0.0,0.012310974369192706,0.028667650277270695,0.021380791546833144,0.007175343073223317,0.0,0.0,0.005082429874168959,0.0,0.021689063008214937,0.016264077475655725,0.0,0.0,0.0,0.0025732903317567946,0.012201002499660163,0.0,0.0,0.0,0.0,0.0,0.014786206665473145,0.01610746037355515,0.0,0.009859408101670297,0.005355643779597408,0.008268599451792369,0.0,0.0068890752565407,0.013709653821837975,0.0,0.02443505680714253,0.008533975781203296,0.0,0.002927266710147869,0.0,0.0,0.0,0.013023942994038862,0.007262059513709396,0.01922042262095136,0.01855255960160651,0.0,0.014846189965550316,0.0032516192227296514,0.022827097777024186,0.006878285310274457,0.0036892127829926125,0.0,0.0,0.0,0.0,0.0,0.0008661905705809048,0.006784538408378005,0.0,0.008989171591446521,0.0,0.0,0.034367186960158946,0.015144058490190737,0.0,0.029175724085745536,0.003768195606868474,0.010285238793728446,0.0,0.0,0.0,0.006552995414020657,0.0,0.004113705207950957,0.006989418183980689,0.002823363106072563,0.03877643190158686,0.022489445615751613,0.015709912465154297,0.015024135502244462,0.0015411785334222827
11,0.00716691951333992,0.010265541669983946,0.0,0.0,0.013512314891119814,0.01177881426738292,0.013495294662955182,0.0,0.002662162456054773,0.0017701283103273013,0.0,0.0,0.03391494320936328,0.0,0.0010343711085090135,0.003876179878472108,0.0,0.0,0.0,0.0,0.0,0.0036951136566374387,0.0,0.0,0.0,0.0,0.01738970852264554,0.02273443299157485,0.02641139686705607,0.011655319530415653,0.0,0.024869502987622916,0.0,0.0,0.0,0.0,0.0,0.0,0.0,0.006645886092345954,0.0,0.01421463820437463,0.0,0.00853710191374013,0.0,0.0,0.010106056334923785,0.0,0.00887296307820673,0.010485494646365723,0.02046944804712858,0.009947004741741594,0.008099056519323078,0.004968500376540952,0.0017470595284860835,0.020068769224495853,0.0022594629311001313,0.0,0.0,0.0,0.0007307515398613518,0.03573386123344413,0.023827023070643882,0.0,0.018046656640312797,0.010553791437081905,0.001042167575473485,0.021297732056874352,0.013224840689703754,0.018804980812358707,0.02170022638161484,0.0078251980128341,0.0,0.014980321908773853,0.029834734348180625,0.0,0.011577321894693071,0.0,0.0,0.021787735564480215,0.0,0.0,0.0,0.0252435809135374,0.0,0.009285930763963002,0.001543455510424785,0.0,0.0028997351632380486,0.0,0.01255284760326969,0.0,0.002458917899067714,0.0,0.0,0.015142786266269859,0.0,0.002546588598997701,0.02095502849496267,0.019004375494972692,0.01315357975415754,0.004865947065777476,0.0,0.02292957238502158,0.0,0.0,0.0,0.011738332457514211,0.015484700221063186,0.0,0.0,0.0,0.010958905902686666,0.006015704472638106,0.017106939930603637,0.005473933852361057,0.01910822422734082,0.013170372477916636,0.016535936861122202,0.003474978917475724,0.00702799091760653,0.01101280986882891,0.0,0.019494558105167314,0.012599020383784243
12,0.024606426178916507,0.0202461870256867,0.0,0.00730736160584744,0.0013549652489812658,0.012886075613575798,0.0,0.0017582973304666183,0.004049380302436845,0.01939781657340589,0.0,0.03391494320936328,0.0,0.0,0.0,0.0,0.023236342436367963,0.004589971141719218,0.0,0.007750292184462992,0.0,0.0,0.0010655478222059145,0.0,0.0,0.00815130932607655,0.003997177490682624,0.0,0.02379060111610176,0.020079950813789438,0.0,0.023401623114438053,0.025446307841005655,0.009600495996888725,0.0,0.0,0.023961574632621385,0.026522403842450082,0.0,0.0,0.0,0.0066380287828673445,0.0,0.0006003659057531863,0.0,0.011195052487831703,0.010435835693529683,0.0,0.00772438947084364,0.0,0.0,0.0,0.0,0.012778685125084621,0.01614975622514425,0.0,0.0,0.008627966651129526,0.0,0.0008325600460992177,0.007649554317350038,0.019072416625265376,0.002514911318944435,0.0022241721717195517,0.0,0.0,0.0,0.0,0.006868696134443297,0.008325372366503991,0.01008540338030528,0.0,0.0,0.0402738673778229,0.0,0.011533725937224126,0.003880382859814624,0.0,0.008656921826606379,0.007412574807482919,0.006710370961469536,0.001281697649368141,0.0370807512123168,0.0,0.0,0.03199937599788427,0.0,0.0,0.01191448716534893,0.0045321906314654825,0.008040351444198457,0.0,0.003807710809567766,0.0,0.0,0.0,0.0,0.0,0.0,0.01318900572574666,0.0,0.0,0.005256623072440014,0.0,0.0,0.0,0.019753243985743296,0.0,0.0,0.0,0.0,0.022395987574678422,0.0132820752445868,0.01771397347686765,0.016880884117238537,0.0,0.0,0.003989065584075746,0.0029956950127667525,0.004568198230762377,0.0,0.0,0.0,0.0021218431059368825,0.008115630781826866
13,0.011124685477486906,0.0,0.043992228845735504,0.0,0.0191796510631832,0.020128311044068425,0.0015049437119349918,0.004176719381715266,0.012806451435457333,0.020161261828393506,0.0,0.0,0.0,0.0,0.008267109354799018,0.009993212076658153,0.0,0.0,0.00761412669869177,0.0012613999420381106,0.0,0.0,0.0,0.011315109779458155,0.0,0.0060652760026069785,0.0,0.0010422275990062957,0.005267020586899207,0.0022126692956518923,0.0,0.014962337993664754,0.0027214743466696945,0.04026501172733443,0.005288965728943218,0.0,0.013935970076183857,0.0002944063844108058,0.0055838017988749655,0.0,0.009362773046385442,0.0,0.0035663929359674995,0.0,0.01693685733181738,0.0,0.0,0.0167156504990027,0.0020679666119214346,0.014120679309369777,0.0,0.0,0.03231706872016282,0.020303699607540082,0.0240320111202319,0.016911022635199835,0.0,0.0,0.009625065978043246,0.0,0.0,0.015132553994481768,0.0,0.0009537877251668547,0.0,0.013728122416670985,0.0,0.0,0.0,0.0,0.009734795076417946,0.030789282488314917,0.025953353134290147,0.0,0.0012031357527826358,0.0,0.010330450491879972,0.010107487596920706,0.0,0.012187772961325116,0.01566427186546271,0.0,0.0,0.0024267890793021607,0.0,0.0,0.0,0.010837224553557512,0.0,0.0,0.0,0.0,0.020727254633396974,0.0,0.007370808303479137,0.008417949338220154,0.0,0.0,0.0,0.0,0.0060885015797840225,0.008778615888829222,0.0,0.0,0.008258273253322734,0.0,0.001845664810398162,0.0005179416955343186,0.0,0.0,0.0,0.0,0.009438399331773262,0.01241719798840002,0.0,0.010245521385786382,0.0030886802300642557,0.0,0.0,0.010818167137243151,0.003425114223369441,0.0,0.011135723148226973,0.014600500447770948,0.020702674791783338
14,0.0,0.002108243655089659,0.010394203446638883,0.009073237640332188,0.009836741209525712,0.002223538768793887,0.00393560823791006,0.030365713839034747,0.0,0.0020202437857603783,0.050850270483758564,0.0010343711085090135,0.0,0.008267109354799018,0.0,0.010412743195694851,0.005383355086424402,0.040716879811478535,0.02968198341315542,0.0,0.0,0.0,0.0073481976938643,0.0015073169037789214,0.0,0.005072757824120089,0.010483829011187495,0.026249919062116156,0.0,0.0,0.0,0.0007880607881700641,0.009458194074030146,0.023262668638850847,0.014920572966164336,0.0,0.010218125557023505,0.0,0.011944688215942634,0.0,0.0,0.00567493605678937,0.0,0.0,0.013039995602294852,0.004093258064366445,0.0,0.0,0.0,0.0,0.004705788336572425,0.0,0.0,0.0019384599984864082,0.013744108157845325,0.0,0.0,0.0,0.0014349050268984698,0.0,0.0,0.014596356554820389,0.0,0.0,0.008985273867681443,0.0,0.0038483495616468133,0.0315980800956801,0.0,0.006675167212092603,0.0,0.0,0.026598043526773196,0.006993003648228857,0.012294802379538616,0.0,0.00447910288156006,0.026485423061251012,0.0028668150100523704,0.0,0.013367452091106458,0.002164949618059353,0.0,0.009821205388762522,0.030914099344392376,0.0284684912208526,0.024136391872549012,0.008382733296938838,0.021297165730606693,0.010658273279731567,0.003005731661073874,0.009929688758334443,0.019215094557788248,0.001273880337055111,0.008792779562937447,0.0,0.0,0.018750228560973525,0.0,0.0,0.0,0.008522842196255986,0.0004208619818752979,0.0,0.018362869396047365,0.00995268678118233,0.018151410394341205,0.0,0.0067279025926101355,0.0,0.0,0.016946462008058383,0.0243265246980382,0.0,0.0019354282778136778,0.024721792224176475,0.0,0.011317670104905808,0.0024705473584409887,0.008381458009599108,0.022908210669214668,0.018616658227476712,0.010463391099821528,0.0055448881088713264,0.016539379396903975
15,0.00782018878790458,0.0,0.016052363571469108,0.0019534847423869905,0.017137303647414726,0.003798862125710123,0.0,0.015873316248693925,0.005358647887262258,0.008546518004663106,0.012040361492283935,0.003876179878472108,0.0,0.009993212076658153,0.010412743195694851,0.0,0.012928672275736908,0.02148410693217251,0.022805139860879287,0.0,0.03925502920497337,0.0,0.0,0.016239593313176037,0.0,0.0,0.006501414460583277,0.0,0.014378356054237429,0.0,0.0,0.0,0.0,0.00703891845732052,0.0025762942303879655,0.0,0.005432799856148307,0.0019592795291174525,0.013138602079052042,0.0,0.015293602931496508,0.0006245635168262709,0.0,0.002049615779934122,0.011151900463198139,0.0,0.016986483709731992,0.0,0.006634837005030647,0.0019921065686592243,0.0010477446897816378,0.002339460891256806,0.022361807268127087,0.0,0.0,0.0,0.0,0.009367355743558292,0.008352446589766416,0.0041361588246138226,0.0,0.01347070599265976,0.00918456771375542,0.006687227730685308,0.0,0.0,0.0,0.00727713054894874,0.0,0.0,0.0,0.0,0.00942595807819746,0.017994254700198553,0.0,0.0,0.017809660416315154,0.0,0.0007666922060804993,0.007514267937579255,0.0,0.0001381312741246532,0.0,0.0,0.014163487081108705,0.004605398441542619,0.015396903135939333,0.004682485987757445,0.027938197691805833,0.02274768643989855,0.000803840353290397,0.0,0.0,0.0,0.0,0.0,0.01609538173803493,0.0,0.0,0.020939200484511034,0.0,0.04036692526847574,0.01733603968039077,0.012392707552325355,0.0,0.0012935336360895278,0.0010843534778421926,0.013161028988936785,0.0,0.004206963345887438,0.0,0.014392034035540568,0.018153316961387667,0.026286064111822327,0.0029370390022487314,0.0,0.0,0.0,0.01640986385643739,0.0,0.004620795511169895,0.005267960822228801,0.020641100533015155,0.0039091700392228645,0.007306987656205521
16,0.01777737033890192,0.015145458572608739,0.0,0.0,0.027005009352542686,0.0,0.0,0.0,0.01565587191299045,0.009808418052002388,0.0,0.0,0.023236342436367963,0.0,0.005383355086424402,0.012928672275736908,0.0,0.015305472155072053,0.018316573932405156,0.0,0.009986145074826425,0.03095696439594242,0.0,0.005577451297240188,0.0,0.013394298375971836,0.0,0.0,0.0031072100829083737,0.011283629087993852,0.0,0.0,0.010773560413557703,0.014698153953587756,0.0,0.0,0.009961523286720286,0.022257928233908153,0.004035908525873211,0.0,0.0,0.001805791639466925,0.01756519936210843,0.0,0.0,0.0,0.0,0.0,0.0,0.0,0.014440530305577681,0.0,0.011965744652903787,0.0,0.033901734740698686,0.0,0.0,0.026836049886857616,0.03010926406038461,0.0023208887108427945,0.0,0.0,0.0009404843034088728,0.0,0.018520929609260328,0.0,0.007138959252608323,0.0,0.0,0.0,0.0,0.0,0.0262445660261017,0.0,0.0022821409835840356,0.010175562702718466,0.020013300239302367,0.0,0.0,0.011275689002770761,0.0,0.003963340253497982,0.0,0.012625948918146612,0.0,0.0,0.0036521812086443006,0.0,0.021142193353214545,0.0018842324348815609,0.0,0.0031461450497785037,0.0007368091138326704,0.0,0.0,0.0,0.015196769776420815,0.0,0.0,0.020812089463186467,0.0,0.002575793268748683,0.0,0.0,0.0,0.0,0.00565316370269997,0.0,0.009606017557256763,0.0,0.015139628392034865,0.0,0.0,0.030598490396645417,0.0,0.0,0.0,0.009685134081398594,0.004144267555748371,0.0,0.0027051861886038253,0.007781925219098262,0.0004055203702213461,0.00451823462327372,0.0
17,0.0,0.01046780650437018,0.00017410685260266234,0.0,0.0071932014994313676,0.006307245842953613,0.023694417988402883,0.0,0.0,0.026473393582572058,0.0005097671262195291,0.0,0.004589971141719218,0.0,0.040716879811478535,0.02148410693217251,0.015305472155072053,0.0,0.0,0.0,0.0,0.0,0.0,0.023632353346953572,0.00012898377618775214,0.0,0.0,0.0,0.0,0.0028668080113982697,0.027473877896677656,0.0,0.0,0.0,0.025681190420499433,0.018008526266491742,0.0,0.013002107021317322,0.016500591626934735,0.003876293798064978,0.023125034945621792,0.0013241125636884732,0.010405956966211605,0.0,0.013971614964117585,0.012849684112395288,0.0,0.0,0.0,0.0,0.0,0.002914536487701014,0.014348001043847702,0.0,0.016606130900462368,0.007547734794235872,0.0,0.02455127201350127,1.2348100668191364e-05,0.0,0.0,0.028037544671805747,0.009932733780772196,0.02816985496993496,0.0,0.008449916933618518,0.026573323980620067,0.007360240587033218,0.010155295188507552,0.0,0.0,0.0,0.006828371852938275,0.0,0.0,0.013112250937195924,0.033033419300656064,0.0,0.006552010872998615,0.025128551341357053,0.010689724896754349,0.0,0.0,0.01258848816289948,0.0,0.010043101248823127,0.02647261510224208,0.0,0.02701944204858897,0.0,0.025215922042628236,0.01674962128491675,0.0032405723047155277,0.0005535788298063338,0.0017044140259496743,0.0,0.0,0.002929523230582376,0.010854350880517671,0.0,0.0,0.003966143489909868,0.0,0.0,0.0,0.00432742352580906,0.005805270357246428,0.009412891516548783,0.0001406376335157944,0.0016950391525467623,0.006987988345889207,0.0,0.0,0.0,0.0,0.0,0.0,0.010702879386752073,0.008941275223112832,0.00887023693804423,0.02209524920688022,0.0,0.00824112437894886,0.0,0.011857756454711321
18,0.0,0.0,0.0,0.016683041270236565,0.026238900504146123,0.012295663523966383,0.0,0.0,0.016183475490143984,0.0,0.0,0.0,0.0,0.00761412669869177,0.02968198341315542,0.022805139860879287,0.018316573932405156,0.0,0.0,0.0079672449197421,0.005594782569914969,0.0,0.0,0.011115443982112616,0.0,0.0,0.0,0.0,0.0058358607298512055,0.014856515835131034,0.0,0.0,0.0,0.008082613056059174,0.0,0.0067902621257109885,0.015167355576462427,0.0040524424201509035,0.01066984850014574,0.0008016245127295818,0.0,0.0,0.012271605962047794,0.01685893729819732,0.0,0.0013836486912959245,0.025496101577195063,0.0,0.01615468799582409,0.0076690158994736635,0.0028990053359860823,0.0,0.0017708819646342633,0.0,0.0,0.0,0.020555270647150792,0.0,0.02094965401050608,0.0018983904933316254,0.0,0.0,0.0,0.0,0.0,0.0,0.0,0.002048307779510594,0.013839245785234766,0.0,0.0,0.005402776594799263,0.0,0.0,0.0227917985077557,0.0,0.028350953904245912,0.0,0.0,0.0,0.0016877295724571084,0.00012718533588529368,0.0,0.001676308820798944,0.0,0.0,0.0,0.013246069837721919,0.024852759045443484,0.007905419495824795,0.025353421033517343,0.00881506874497795,0.0,0.01655377894867538,0.018879632235477395,0.000932822438331371,0.014746460551816831,0.005266446146825032,0.0,0.01739591585081879,0.0011791415837514307,0.0,0.03356902639855086,0.0,0.0017953699772901288,0.0,0.0,0.0,0.0022451473033742175,0.013227683937079071,0.0,0.0,0.0,0.007447271453064452,0.0,0.0,0.015244889183667176,0.0017135490475030934,0.0,0.02135273565650131,0.0,0.002545921793975836,0.0,0.0,0.007795839242733749
19,0.0007392613202452658,0.0006954116462578597,0.005711515465524286,0.0,0.0026588484052192385,0.0236143424570594,0.003436907605418149,0.0,0.0,0.0,0.0,0.0,0.007750292184462992,0.0012613999420381106,0.0,0.0,0.0,0.0,0.0079672449197421,0.0,9.204480318825148e-05,0.0,0.0092778251984873,0.03480782347590505,0.0,0.01872343580111746,0.018616858465517083,0.0,0.0,0.0,0.01049600586513666,0.0,0.013012787294575112,0.016746061168318782,0.005726086387754847,0.0022521075545327562,0.016513843982234988,0.01196311720904486,0.0,0.0022745533872106094,0.012978292800880808,0.011667353089650057,0.005199022545898657,0.0,0.0,0.0,0.011115741694052161,0.009248977879993348,0.0,0.0,0.007792338886771333,0.011532812843833007,0.0,0.0020547550817529014,0.0,0.002548714697390153,0.0,0.008798582511087893,0.004748197678804189,0.004382453808491782,0.0,0.0,0.0,0.0,0.0004412551073533777,0.0,0.0009215161959170715,0.0034001250589312804,0.0,0.0015730319725264508,0.0,0.0,0.0,0.0,0.0,0.0,0.01243805622253813,0.01846226604786505,0.006515915878824607,0.0,0.0,0.006242701025010788,0.003388178844410561,0.003538184293389257,0.04166098548017505,0.01153919161165362,0.010341221294059011,0.0,0.0,0.013431813240512902,0.0,0.0,0.0,0.014822094510802408,0.010530551785447706,0.0,0.011935372893498553,0.03444606218186408,0.013095546671334723,0.0,0.0,0.0,0.0,0.0057022797045984674,0.020081771802942683,0.0006264263322233177,0.0,0.01740337858587715,0.0,0.0,0.01998613958929152,0.0010194819328637195,0.0,0.008027955132727804,0.0,0.013727553162245165,0.003907543682259096,0.004491716668860057,0.009922349702170763,0.0,0.0,0.0,0.0,0.0,0.0
20,0.0,0.0,0.020251892667666027,0.0,0.005980645308680366,0.0,0.0,0.0,0.012615390578825547,0.008168618499500013,0.0,0.0,0.0,0.0,0.0,0.03925502920497337,0.009986145074826425,0.0,0.005594782569914969,9.204480318825148e-05,0.0,0.013238838764534577,0.0,0.01168859780577236,0.022885732588778573,0.0061220624180089445,0.006484356623782439,0.0,0.014590690247931803,0.020589867243836046,0.0,0.021859339935529576,0.0,0.0028938659799937483,0.0,0.011929442320790073,0.0,0.013794426567387497,0.0,0.0,0.013524298569480564,0.0,0.0016509437416551975,0.0,0.0,0.0,0.0,0.03265586216170302,0.012164640050642106,0.0,0.005311429124104983,0.004125202424002161,0.016031363853401537,0.010170502374765356,0.0,0.037240596982008434,0.00092871298488717,0.0,0.006322818922426698,0.004205754869920142,0.02144156720812518,0.013375967018090407,0.0029007891901908778,0.0,0.0018721678005393372,0.0,0.004665935016010536,0.0,0.0,0.0,0.0,0.0,0.01387596184956763,0.012651763837550511,0.005065762480766622,0.010697111021004346,0.01229618713267655,0.0,0.005573871178473411,0.018815725753165147,0.015241269178363659,0.00042328504083410934,0.00817047420018735,0.019142632062431275,0.022691544735508273,0.0,0.0,0.01018963791702987,0.01464046084201076,0.0,0.0,0.0,0.0,0.011487520187722033,0.0,0.0,0.013829182096984027,0.0,0.0,0.0,0.019891311021027924,0.0,0.0004841920408038547,0.007009090691234121,0.004345493553622681,0.00964973290237836,0.0,0.029198577267733228,0.0,0.013072075704710251,0.01252643637599693,0.0,0.012929090608296612,0.01454863072574586,0.0,0.0,0.0009509075813518564,0.0,0.011265168058559816,0.0,0.0,0.007163099647355509,0.0,0.022710587785414127,0.021901563551573133
21,0.007482858942417181,0.0,0.0,0.011345932177833973,0.0,0.0,0.0,0.0,0.0,0.010184457377162559,0.022267220981052382,0.0036951136566374387,0.0,0.0,0.0,0.0,0.03095696439594242,0.0,0.0,0.0,0.013238838764534577,0.0,0.019662263364345733,0.002025984175441309,0.0,0.0,0.0,0.022773168176839498,0.008741101786485572,0.0,0.01168937340854459,0.0,0.0,0.0008401884749567046,0.005084138190801113,0.0,0.0,0.0013523321248225528,0.013387906455965215,0.0,0.0041693392395467654,0.0,0.003987702435372498,0.0,0.0,0.00014366693820999643,0.004846019222625841,0.0,0.0,0.0,0.005809546028249457,0.0,0.018385509286883206,0.0,0.0,0.0,0.004816606278869706,0.0,0.0,0.02816868515398241,0.0005169090142738142,0.0,0.04383739365121908,0.002538127669853729,0.0,0.011902470043119173,0.03048957890912707,0.0,0.0,0.0,0.014006932599269106,0.0,0.02463351716332962,0.0,0.01679237649323273,0.012094141690751847,0.006808401099309691,0.01487453059908539,0.015107178293478185,0.0005388510024593174,0.0,0.010773470111287153,0.0,0.0033456989538640514,0.023919418498673295,0.0,0.0,0.018011105136542582,0.010489343306318233,0.0,0.0,0.01641403960177268,0.03515002480659657,0.008612848740927603,0.0,0.024567983397228765,0.0,0.009497415306170431,0.0,0.0,0.004173822582866471,0.0,0.0,0.015251151329610302,0.02127201509002674,0.0,0.0,0.01257402007577113,0.0,0.0,0.0,0.002267756331316484,0.0,0.0,0.0,0.001150618304179396,0.0,0.006435137160879734,0.0095783045241431,0.006386311829622571,0.010030835683538797,0.0,0.006007864927163986,0.0037098790791647573,0.0
22,0.0,0.0,0.02042496065204169,0.024742398406652377,0.0162978638965825,0.0,0.0,0.005091407946261839,0.0,0.007798302023300785,0.004770937922874197,0.0,0.0010655478222059145,0.0,0.0073481976938643,0.0,0.0,0.0,0.0,0.0092778251984873,0.0,0.019662263364345733,0.0,0.0,0.00955331516889757,0.017846413813362716,0.0,0.011561693882224056,0.005881006093619412,0.0006263961843684385,0.01268470373976438,0.0,0.0,0.02566402302733728,0.031939107290982705,0.044788438657493046,0.013800056430149255,0.0011824149067098944,0.0,0.0,0.014945960499245459,0.0035711521844037364,0.0,0.0,0.01147987546601037,0.0,0.0013493310667369585,0.0036328095326823018,0.0009033277385093186,0.0,0.0,0.0,0.0,0.016021875599414592,0.0,0.0,0.002574708563060746,0.0,0.038221730329988546,0.015046116218893957,0.0034632716535787367,0.0,0.0,0.0,0.002550909370513388,0.004256038980836152,0.0,0.01203156108898451,0.010601530999888809,0.0,0.005929821078737518,0.01654662951439967,0.0,0.005970637659996392,0.028088090551116274,0.0,0.0,0.0,0.0036636203189965855,0.0,0.0018210126999615994,0.0055242917260880375,0.0,0.014718176896227675,0.003768972747301369,0.01933230631675542,0.0,0.0,0.028085714778335102,0.029896137694442437,0.0,0.0,0.0,0.008137041484729934,0.0,0.0,0.028238166473462556,0.011809562471626123,0.0038646463607836523,0.01601666780502775,0.0,0.0,0.0,0.027077672638460726,0.0,0.0060410785318030236,0.04296978509388616,0.008104748085418834,0.011016584212049096,0.00034913163813765635,0.0,2.8238018844106705e-05,0.0,0.0,0.0,0.009620959809196528,0.01638577487973958,0.0,0.010990522419152882,0.011911246975777168,0.005492906893679539,0.0,0.0,0.008213247148600722,0.0
23,0.019759994727453822,0.030163424996914046,0.012968257113780801,0.0,0.012959542574129124,0.001164813743596227,0.0,0.0039221336952470764,0.0007491563545860558,0.006306503130871555,0.0,0.0,0.0,0.011315109779458155,0.0015073169037789214,0.016239593313176037,0.005577451297240188,0.023632353346953572,0.011115443982112616,0.03480782347590505,0.01168859780577236,0.002025984175441309,0.0,0.0,0.004741901856103681,0.0,0.009076601516739835,0.002696486103501705,0.008734547002131166,0.0,0.004744252409005334,0.0,0.020169759291747802,0.0046956020936024245,0.0,0.0,0.0009470744542152687,0.011835692596535274,0.0,0.0,0.0,0.004980916224164744,0.0,0.009898611101253785,0.0012536469687551843,0.0,0.006515061973679792,0.0,0.0,0.0,0.0,0.0,0.0,0.0,0.017739935436177134,0.0,0.0,0.003527470941325106,0.0030941373323845056,0.02180079129469803,0.033126424730522075,0.0074780105972118704,0.010738781281079746,0.0,0.015612568159347084,0.0,3.931396182288438e-05,0.0,0.009493058164292023,0.015276595713687335,0.0,0.0,0.010774612378421367,0.0,0.020380029133007405,0.01812083736676051,0.00540689937247496,0.0,0.0,0.008775981987385606,0.015633019859797592,0.0008976706322503247,0.009406850344831241,0.01585591905788508,0.0016251023217668248,0.0,0.014922744817558176,0.0,0.0,0.0,0.0021436394087954724,0.0025232125190255417,0.0,0.0077057428512459225,0.004967742166114952,0.0013747302726168087,0.0,0.022699655026217513,0.0028151425045219725,0.0,0.0018375540768458265,0.0,0.037971208178005256,0.02517882687330708,0.014025234645195894,0.0,0.0,0.010333286142619968,0.01615153509399203,0.0021659521105483748,0.0,0.0027773520466798374,0.0,0.00878006376848095,0.000700146808155111,0.0,0.005702274624645121,0.00651345133448622,0.0,0.004739198309549941,0.0,0.003029082299086383,0.0,0.0,0.02396619468821104
24,0.0,0.0,0.0,0.013376770409720962,0.02122687172558102,0.0,0.0044295995063885485,0.004875413425272868,0.01006515617326098,0.021680505084765045,0.0,0.0,0.0,0.0,0.0,0.0,0.0,0.00012898377618775214,0.0,0.0,0.022885732588778573,0.0,0.00955331516889757,0.004741901856103681,0.0,0.0,0.005358668289996871,0.03259692611695275,0.04836866463386169,0.0132896801667588,0.0,0.0,0.0010323492694075398,0.0,0.0003318671845882193,0.0,0.0,7.295611114166434e-05,0.011869140868185468,0.0,0.003770378867263169,0.0,0.014361056552642637,0.0,0.006948716685004186,0.009947885922544586,0.004145932564111554,0.0,0.012499525864472893,0.0,0.0,0.0007925713972092296,0.007539126012460429,0.011530240404037606,0.0,0.0,0.0009556581686327448,0.011245445069671511,0.0,0.0018737551947536346,0.0,0.0,0.0,0.012723491872953296,0.0033021343604566766,0.0029365673007140103,0.014898729774932562,0.03746904185659261,0.004110518542496777,0.0,0.0,0.018240097431325708,0.0,0.0,0.012074039914669932,0.0,0.0,0.02028068620127943,0.0,0.0,0.0,0.0,0.0,0.002606373400054096,0.026376989772574966,0.0,0.004360172953300712,0.0004746755951607895,0.013035546358793226,0.0,0.005153113191518344,0.0,0.011656448541412345,0.006085181239677162,0.001425622043583985,0.012261816416859972,0.0,0.0,0.010896316271374218,0.0,0.007842134589592042,0.02135504786635778,0.0,0.004799707907686468,0.010410560934689173,0.0,0.0004322350492520499,0.013423203922398486,0.0016346206272475072,0.0,0.0012377976177830874,0.0,0.0155601286839806,0.018749784368083944,0.0,0.0,0.013439691155270772,0.0,0.024206770754154228,0.0,0.0,0.010672134789045273,0.0,0.0,0.0
25,0.016588097661366152,0.013708044544004316,0.004350128878164661,0.0,0.0,0.009743345131946413,0.010283785009709945,0.0,0.012307549036544074,0.001854029730300688,0.0,0.0,0.00815130932607655,0.0060652760026069785,0.005072757824120089,0.0,0.013394298375971836,0.0,0.0,0.01872343580111746,0.0061220624180089445,0.0,0.017846413813362716,0.0,0.0,0.0,0.0,0.0,0.010134072898403623,0.0,0.0,0.015482235774374686,0.009981699427215496,0.0,0.004700860405479901,0.01649496508130177,0.0,0.0,0.0,0.00357130085250823,0.0,0.0024044506214924155,0.014285121137743495,0.0,0.0,0.01848708968695867,0.0,0.006996550288297598,0.0036605229483610557,0.0,0.004315643606189745,0.0038912136055886393,0.0066446967852717975,0.0,0.0,0.0004890425095718243,0.0,0.0,0.014241754937149409,0.0,0.0,0.01038486683883999,0.01483479406941246,0.0034303016765813155,0.01132514714705568,0.007122464557998143,0.007072397220598603,0.013398216233364124,0.003415281642632273,0.013896828561909658,0.0328074464606809,0.015741956036049665,0.02098508399043375,0.0,0.0,0.011226628421363571,0.0017635838094092193,0.024763237546739703,0.0,0.003987994773202885,0.0,0.010159182979270653,0.0,0.0,0.0,0.0,0.0,0.0,0.0035237382833566144,0.0,0.0,0.021182409408068814,0.0028630227846502265,0.0,0.0,0.0,0.02105477722534932,0.0,0.011757567189405016,0.0,0.0,0.004480545950548809,0.01586973788998236,0.006663060425114331,0.007593433744303546,0.0,0.008326998626853488,0.0007123111345022082,0.0,0.019964895811554584,0.04004434179551186,0.0,0.02619736858812871,0.022475855916786358,0.010196214306540163,0.0,0.037032693315232734,0.0,0.0,0.0,0.015882249079990807,0.02814512573904171,0.02787370442012982,0.0,0.0
26,0.009476033871831824,0.0,0.010608304631533727,0.011519413457417471,0.004154008507670781,0.014364628843591909,0.0,0.011797423314076738,0.020829992595000846,0.021500508359246773,0.0,0.01738970852264554,0.003997177490682624,0.0,0.010483829011187495,0.006501414460583277,0.0,0.0,0.0,0.018616858465517083,0.006484356623782439,0.0,0.0,0.009076601516739835,0.005358668289996871,0.0,0.0,0.020784699821156494,0.030181776589432552,0.015448591265179168,0.01034539991995409,0.0,0.002265299823227984,0.03696290374411859,0.0,0.0,0.0,0.019282617473538544,0.0,0.0,0.0,0.0,0.0,0.0074591640046115515,0.01973853123243785,0.012033300054344664,0.0,0.009445744910016707,0.017561583045207385,0.0,0.0,0.0,0.028118014399891145,0.006823574401039423,0.0,0.0,0.0,0.014766399306506806,0.006539140248937869,0.0033336701348947173,0.01475501566567683,0.0067622069843586985,0.024691068338834832,0.010913631759458475,0.0014052099364070259,0.0,0.0036409330833988562,0.0,0.0,0.02254112957254062,0.009531676085421381,0.01938489340377103,0.0,0.010661569563341189,0.010834510330713698,0.005850285369000119,0.005288954571113891,0.003973157295898311,0.0,0.01763595152866948,0.028112553286497644,0.0,0.018083731629678468,0.02599313078724741,0.02580139034765505,0.004708651200717284,0.02738639706941104,0.037634188343517394,0.02389941738197976,0.02894086950208319,0.014892624709939462,0.0,0.03329412442432833,0.0,0.0,0.0,0.0,0.009352333559769832,0.010245089106748928,0.014273186958106088,0.0,0.0,0.024561279345741482,0.0,0.0,0.0,0.0,0.0,0.01788308210279599,0.00870760914169999,0.02466983149905655,0.0,0.0,0.012842668961005721,0.010122787675531875,0.002420612074486961,0.014084439414732586,0.018875280503530156,0.007004236857045321,0.018152084244583477,0.014032561310464153,0.018847986735262445,0.0,0.013194103763424003,0.040738411111084005
27,0.0,0.0,0.005428208972207749,0.019472702519462537,0.008830139388956049,0.0,0.00473695535868579,0.0,0.004155714613842676,0.0,0.0,0.02273443299157485,0.0,0.0010422275990062957,0.026249919062116156,0.0,0.0,0.0,0.0,0.0,0.0,0.022773168176839498,0.011561693882224056,0.002696486103501705,0.03259692611695275,0.0,0.020784699821156494,0.0,0.0,0.015592436234257434,0.004043603414577213,0.014184683276966759,0.01671372993753728,0.0,0.0,0.0062811020275761464,0.0,0.0,0.0,0.0,0.005297572751414847,0.0047955856137829045,0.01971862341724151,0.01734784601018724,0.01936800398163463,0.0,0.0,0.0,0.0,0.025721505208641027,0.002418987130500483,0.0,0.004408122673053683,0.0,0.008998775994876418,0.03922199038494867,0.0,0.008383071585203794,0.0,0.0,0.01986210118805598,0.0041864885145797,0.0,0.003555455619609127,0.019331904188255145,0.0,0.01692714597343148,0.0231863539418109,0.0,0.022825848113802394,0.030425102471550503,0.0,0.0,0.0,0.020690118827423554,0.01022140257835602,0.019330510025513448,0.022062178679305156,0.007951092319312458,0.0,0.00814545181632731,0.009347208012266961,0.02515409677388636,0.007503434538788767,0.0037328217890024717,0.0,0.00833038587231627,0.009552160958344658,0.01950710216859175,0.0,0.00273734752794752,0.02231992021876028,0.0,0.0,0.023234740937560616,0.017748682468982757,0.0,0.00588877890516315,0.000904499620909327,0.0,0.0062676541617490145,0.013792812299876722,0.0,0.012847236691926334,0.019512182141436796,0.0,0.00977421394040423,0.01370376749340707,0.0,0.01785003098392579,0.0,0.0022139110661063555,0.0,0.0030023601141389022,0.008202701406451851,0.009038647333933447,0.0,0.0,0.0,0.0,0.021025371762016576,0.0,0.0,0.006739156633653209,0.0
28,0.018627484884246037,0.009547398577504751,0.0,0.0017405850560594516,0.010321567787026531,0.01996559609746207,0.0,0.0,0.0,0.003914198379431966,0.0,0.02641139686705607,0.02379060111610176,0.005267020586899207,0.0,0.014378356054237429,0.0031072100829083737,0.0,0.0058358607298512055,0.0,0.014590690247931803,0.008741101786485572,0.005881006093619412,0.008734547002131166,0.04836866463386169,0.010134072898403623,0.030181776589432552,0.0,0.0,0.005145411929343702,0.0,0.0,0.005026149101543531,0.0013983870585105862,0.0,0.0,0.0,0.008577958576477585,0.0,0.006068822036110255,0.01441265573374384,0.0020507648804120038,0.01409368088556473,0.0,0.0,0.0,0.0,0.0,0.0040573569226154405,0.0,0.0,0.005661193668395015,0.0,0.0,0.0,0.0069866921359196255,0.0,0.0,0.0,0.0,0.0,0.011490072846294552,0.0002676080703007955,0.0023602116363266035,0.0,6.408457295759007e-05,0.0,0.0,0.00031357499747564077,0.0,0.0,0.0006115878829984212,0.01816089016194322,0.012241088563964553,0.0,0.0,0.0,0.017515935022609952,0.010644858012009095,0.020991578187680382,0.0,0.007055521624788064,0.015601060571493797,0.015573393569510152,0.00030370648133892786,0.015745544288849445,0.0,0.008598791553628082,0.01336626403160679,0.0,0.025235047543978872,0.0007934142939518551,0.0,0.002314609567997117,0.0,0.012086779599042252,0.032665877719710856,0.0,0.016648642404771152,0.0,0.000885785014292928,0.0,0.0369712984129551,0.005725444664275159,0.010041924110961276,0.0,0.0,0.023373975382138923,0.0,0.0,0.008079162563653597,0.0,0.013759072399910366,0.028877387480804373,0.0,0.0,0.0,0.0,0.002248467112733188,0.030585417646526558,0.0,0.023165106099838795,0.0,0.003057978589954935,0.0
29,0.005397369283758557,0.010682822269131087,0.0,0.006102412784793287,0.0,0.0,0.0,0.0008882565764718464,0.0011774454668547207,0.01696964908297094,0.0,0.011655319530415653,0.020079950813789438,0.0022126692956518923,0.0,0.0,0.011283629087993852,0.0028668080113982697,0.014856515835131034,0.0,0.020589867243836046,0.0,0.0006263961843684385,0.0,0.0132896801667588,0.0,0.015448591265179168,0.015592436234257434,0.005145411929343702,0.0,0.0,0.0,0.006896479888430562,0.0062614520614800995,0.00025214354186875454,0.0,0.01883080607527532,0.009008760022765294,0.0,0.0006755652120231659,0.0,0.0,0.0,0.0,0.0,0.0014625786970574595,0.0170247031676114,0.0012465154722880456,0.023098021725027174,0.01791477864873947,0.015681331692217526,0.00863083418789845,0.0,0.0,0.022559911706890645,0.01544560450444088,0.0,0.001187205123980739,0.02758688192836445,0.0,0.0,0.009087548185058303,0.00944202704428232,0.0,0.0,0.0,0.0,0.0,0.0,0.014860908231727699,0.0,0.013268605183208493,0.0,0.02617246798274664,0.008352114417717438,0.0,0.0,0.012650231728563277,0.0,0.015892385204469228,0.024190296884334828,0.010222456307470651,0.0,0.014206055582691057,0.0,0.0058432309263736215,0.0,0.030804958783297032,0.02174449469556894,0.0,0.004151220736487993,0.0,0.0019895974720913756,0.0,0.012309606600066303,0.0,0.008588990996887702,0.0025934040873369923,0.011077071192204357,0.00453615469590396,0.0,0.0,0.0026504811799803463,0.012400369170993741,0.0003562293256775817,0.011097510398404786,0.01564024266534325,0.022026928425673553,0.0,0.0016188190813988257,0.012495073624134712,0.016388652833467354,0.0,0.0016073784125385515,0.017127001678615805,0.0,0.04003240683403142,0.0,0.012296250283408305,0.0,0.008069193614569592,0.0,0.011057025752165828,0.0,0.006388698794660641
30,0.02281457806994691,0.0,0.005159283859035746,0.0,0.006894854976378539,0.0,0.007735151937780849,0.02017563010308976,0.0,0.0,0.008995393774061888,0.0,0.0,0.0,0.0,0.0,0.0,0.027473877896677656,0.0,0.01049600586513666,0.0,0.01168937340854459,0.01268470373976438,0.004744252409005334,0.0,0.0,0.01034539991995409,0.004043603414577213,0.0,0.0,0.0,0.01858312962358255,0.01895324211552829,0.010775011456620298,0.0,0.01974405175607785,0.00014635608333168904,0.03336147514878718,0.0,0.0,0.016035075068887572,0.0028689943584607747,0.012900119676017674,0.0070749879670737315,0.009326168666194512,0.010137930834703823,0.006054976625879505,0.012826143331198914,0.0,0.00789964775357177,0.0014211853350909465,0.00010734899938213971,0.019895575272499855,0.0,0.0,0.023933584722862555,0.0,0.0,0.0,0.0018701065753035095,0.00611736996133061,0.02020296061479243,0.0,0.011315765753653118,0.0022392606598140574,0.0,0.0,0.0006872062218175046,0.007276281231331616,0.026665629967745907,0.0,0.0,0.000459205872272328,0.022003834127553468,0.0,0.0,0.025334124413625148,0.0,0.0,0.0,0.0,0.02701477573711042,0.0,0.0005501650408126224,0.015018250698019209,0.0,0.0,0.009497096056549914,0.0,0.019925155370460246,0.0,0.009934684473489774,0.0,0.021969128782385106,0.0,0.02407916673791899,0.0,0.00749673873993828,0.012933841200459817,0.016108848501133366,0.009052382992401853,0.0193668829033653,0.013831726880517259,0.010371652123221331,0.006228402909042252,0.016015294075770292,0.023789098252004592,0.0,0.0,0.007588207508442579,0.00203356375674435,0.013136032625944871,0.0,0.0,0.0,0.0004985215692308032,0.0,0.004331811067228131,0.028377933508218156,0.006486800169806628,0.0046813097432778505,0.00554806851633316,0.016708066908460495,0.0,0.0
31,0.0,0.006917181609708223,0.0,0.0,0.0,0.0,0.0,0.00988782997625659,0.013178060049230389,0.007718516704515288,0.0,0.024869502987622916,0.023401623114438053,0.014962337993664754,0.0007880607881700641,0.0,0.0,0.0,0.0,0.0,0.021859339935529576,0.0,0.0,0.0,0.0,0.015482235774374686,0.0,0.014184683276966759,0.0,0.0,0.01858312962358255,0.0,0.0017162785253006518,0.00024009330305929666,0.009114573267997805,0.018700830545454572,0.0,0.0,0.0,0.0,0.04445347612943884,0.0,0.012758356598762788,0.0006343873793168697,0.013101849883053518,0.010227665406486786,0.017764758824636573,0.0,0.022112501192183665,0.00951239130541559,0.004650274440238356,0.0,0.0,0.016745356694471525,0.03017364754680507,0.0,0.0,0.004144064080854548,0.006592129595961893,0.001895550187492212,0.0,0.006124372599466632,0.0,0.019623270437583606,0.0,0.01227336402393231,0.00681148440706103,0.022375070591561297,0.0,0.015812658878425978,0.0,0.010638885044067514,0.018453999872031446,0.0,0.0,0.0,0.0,0.0,0.01074833938412656,0.0,0.005405610389287219,0.0,0.0,0.0,0.0,0.0,0.021297680909300176,0.0,0.0,0.007272406772115048,0.01734924283064654,0.0,0.014356546017870286,0.0,0.0,0.014352797022145758,0.0,0.02282888257920135,0.0,0.015814751998729726,0.008823760554634852,0.0,0.0,0.03067069062221428,0.013931809770369341,0.006165304258193949,0.023518854649158705,0.009301194778341682,0.0,0.009770386756615679,0.007402488736546253,0.016890400175317843,0.0,0.005083218766580799,0.013164003644191347,0.0,0.004546704813640723,0.0,0.0,0.012543463552995071,0.0,0.0,0.0056154158184007485,0.0,0.023063490594685376
32,0.0,0.0,0.01332940863411558,0.0,0.008405551060084449,0.0138190953325239,0.0,0.02458912273194791,0.010645143775580124,0.01628152797402116,0.02131699075781679,0.0,0.025446307841005655,0.0027214743466696945,0.009458194074030146,0.0,0.010773560413557703,0.0,0.0,0.013012787294575112,0.0,0.0,0.0,0.020169759291747802,0.0010323492694075398,0.009981699427215496,0.002265299823227984,0.01671372993753728,0.005026149101543531,0.006896479888430562,0.01895324211552829,0.0017162785253006518,0.0,0.01265314110576199,0.032670582936518144,0.015349239340817,0.0,0.0,0.010610928088712335,0.004146115136777873,0.0,0.0033615399068072094,0.0,0.0,0.0,0.0,0.0,0.010310252706065448,0.01719697203903614,0.008296619131596294,0.015497514962052428,0.0,0.028852674408266665,0.00959177831974678,0.0,0.0,0.0,0.0,0.0,0.0,0.011383092412147633,0.0100774670361794,0.0,0.0016809253035106053,0.0,0.0,0.0,0.01770771861854392,0.0,0.00017769903594277991,0.0,0.0,0.0,0.0019203355690882162,0.017190075925173964,0.0,0.0016405964742816082,0.0016113496925891369,0.011593546966397916,0.0030300164957210995,0.0,0.005739687632226875,0.0012434270108991896,0.0018425610712471396,0.006023104763123399,0.002543946867000102,0.019735072585456592,0.03706539275827314,0.011199513939595285,0.001144248995016639,0.014070443634619956,0.0,0.03902795164395911,0.00719175641175962,0.002912005688624042,0.008338864676600721,0.0,0.006437337528542031,0.0062695518526503236,0.013132204123770919,0.010418632661074234,0.00947940859079388,0.00687443591727277,0.006353183741302004,0.008822081606864707,0.01444138319776389,0.009880938249412274,0.0,0.0007790059094467949,0.020175690084233366,0.0089497033479633,0.0010623600166494995,0.007790163354044921,0.00896973394955225,0.0,0.005236290637926189,0.0308512305345765,0.005789146337529694,0.007945665182967687,0.012284878957422585,0.0,0.00530266959560155,0.005700872139523305,0.011869770170386928,0.0
33,0.0,0.0009286967534798407,0.005592924365926066,0.028749793000035773,0.031193341587371748,0.004525116936524576,0.0008030865516079899,0.00752972452842382,0.0013635122053523574,0.007175835273669939,0.0,0.0,0.009600495996888725,0.04026501172733443,0.023262668638850847,0.00703891845732052,0.014698153953587756,0.0,0.008082613056059174,0.016746061168318782,0.0028938659799937483,0.0008401884749567046,0.02566402302733728,0.0046956020936024245,0.0,0.0,0.03696290374411859,0.0,0.0013983870585105862,0.0062614520614800995,0.010775011456620298,0.00024009330305929666,0.01265314110576199,0.0,0.015016647854366738,0.01964590849389225,0.005310432589907599,0.0,0.0,0.035223039699617154,0.019022007310156575,0.0,0.005390074078262863,0.0071807056086390375,0.02491093187436455,0.0,0.0,0.002648124779607741,0.0,0.028058774607733206,0.0,0.0297548621818553,0.0,0.0,0.0,0.007741304451378994,0.0,0.020994106250318723,0.023415071767355577,0.007522954267201953,0.00525708260314417,0.0,0.0087611843387565,0.034265060643124734,0.01468866810532532,0.0,0.0,0.0,0.0034389265275738268,0.0,0.017684684328911793,0.0,0.0,0.018766362777657974,0.0060167893707241404,0.0,0.0030104199081675276,0.0,0.0,0.0,0.012845620753369147,0.016678977166499465,0.00010317131017156811,0.006772781765278957,0.0004645050458931266,0.018238767923472565,3.9273917649573775e-05,0.008383416893861906,0.0,0.025935568253830255,0.0,0.0,0.0032657231909416495,0.0,0.020453466092842376,0.0,0.02616585716366604,0.016297364934517944,0.0,0.026287310810323206,0.015012281197416044,0.01732379384461158,0.00268421425731713,0.023034083823552542,0.001963750994999458,0.00346576432507284,0.0,0.011731037325163562,0.02248729887078227,0.03224697669705101,0.015061151731520006,0.011651851709665095,0.0034428298140438685,0.0,0.002512452012484623,0.0,0.014132855068740291,0.014038862109708283,0.005726457430719201,0.02623986173143411,0.0,0.0003575102637434213,0.02750465979578376,0.002122607116726627,0.009039282078362909
34,0.0,0.000856324860400548,0.0,0.012091790779781064,0.02068444955730353,0.0,0.0243894705540324,0.01071367523278699,0.0271470568877481,0.022319100755752608,0.01601679085047092,0.0,0.0,0.005288965728943218,0.014920572966164336,0.0025762942303879655,0.0,0.025681190420499433,0.0,0.005726086387754847,0.0,0.005084138190801113,0.031939107290982705,0.0,0.0003318671845882193,0.004700860405479901,0.0,0.0,0.0,0.00025214354186875454,0.0,0.009114573267997805,0.032670582936518144,0.015016647854366738,0.0,0.0,0.012629859548954236,0.03211366536961613,0.0,0.033792560396821436,0.004328575321596695,0.0,0.0036794045146253396,0.001656338039687455,0.011963903193686676,0.035372645486962284,0.02511756957692235,0.0,0.015937478753596857,0.0,0.0,0.0037679021680290248,0.010376836969924419,0.0,0.0,0.005556843790679444,0.006094612374243802,0.006987748449124531,0.0,0.017421128762870275,0.0,0.004182113382288577,0.020276501640744016,0.0,0.0,0.01191679368042653,0.01701788787775005,0.0,0.001972550484552471,0.0224490996387523,0.01752909675280634,0.0,0.0,0.01371828677335607,0.013846796098856196,0.0,0.0,0.0,0.006725818130266958,0.0092783270518213,0.0042113945553117205,0.0,0.007063062687225674,0.01863061982337033,0.0,0.028646204416907572,0.00507331858309179,0.018146698532176764,0.015773567976917313,0.0,0.011242328867268725,0.02419836958469279,0.007409383742233544,0.023538810172905933,0.0,0.0,0.0,0.0,0.0,0.0012557028319877261,0.0,0.01635575011039414,0.0,0.0,0.01722835585575222,0.0,0.0,0.0,0.0022352515579466825,0.0,0.0034971008861415243,0.009135323589347877,0.003369160030359808,0.025075354559824348,0.0,0.0,0.0,0.024523063304621395,0.0066579065635563595,0.02461590101722777,0.01469640215237522,0.0,0.0,0.0,0.0
35,0.016134287507433065,0.0,0.026503338776508123,0.014421244922441012,0.005853241877201931,0.01866750584895005,0.00047620725304753364,0.017549864663544135,0.0,0.01643767117591377,0.0,0.0,0.0,0.0,0.0,0.0,0.0,0.018008526266491742,0.0067902621257109885,0.0022521075545327562,0.011929442320790073,0.0,0.044788438657493046,0.0,0.0,0.01649496508130177,0.0,0.0062811020275761464,0.0,0.0,0.01974405175607785,0.018700830545454572,0.015349239340817,0.01964590849389225,0.0,0.0,0.04220341413524942,0.0003069977948326752,0.0,0.008834545690605822,0.00988028860959922,0.0,0.0,0.002519881200696794,0.019443747992430538,0.006958444641115058,0.0,0.03841843554858926,0.007876241055157607,0.038836501107914145,0.0035202709154509293,0.005716861383779914,0.01396052270796666,0.011272741710006251,0.012658510222051333,0.0,0.012601881023961425,0.0,0.0037014028055351034,0.0,0.0,0.0,0.001187649358314502,0.019141468793097083,0.0,0.006814938789223568,0.0,0.0,0.004061407374049253,0.0,0.006017609870768936,0.0,0.00972999223306914,0.0,0.004878044927200342,0.005117727088892465,0.0038352594230399717,0.0,0.010198818941677068,0.0,0.011141445191817034,0.02676052216232705,0.01609481458087103,0.04858292590179225,0.024163594929246024,0.11858862482674493,0.0,0.01019744174913928,0.02050923546825434,0.007027921525659231,0.009652537368702419,0.015371362648568088,0.023604772439752786,0.0175941795134138,0.0,0.0,0.002138134253917734,0.01093839370657701,0.015190076712739753,0.013893207380281325,0.0,0.031234947532537305,0.05563800821912679,0.0,0.017640649351512216,0.0,0.01903635077284882,0.0012106002783713876,0.0044073410562015525,0.0,0.018977465828267093,0.02306026957446683,0.0,0.002620190130065758,0.00041680095774587755,0.009617392896316801,0.0,0.04700237478328084,0.04627170815277104,0.03504121668076543,0.0040971713336697135,0.017042248778166957,0.050577388113355326,0.04242035114806164,0.019832977226363013
36,0.0,0.0,0.0009484273244302344,0.003582195476052874,0.021927932713097675,0.0,0.01548119733161446,0.0,0.0,0.0,0.004354088196385497,0.0,0.023961574632621385,0.013935970076183857,0.010218125557023505,0.005432799856148307,0.009961523286720286,0.0,0.015167355576462427,0.016513843982234988,0.0,0.0,0.013800056430149255,0.0009470744542152687,0.0,0.0,0.0,0.0,0.0,0.01883080607527532,0.00014635608333168904,0.0,0.0,0.005310432589907599,0.012629859548954236,0.04220341413524942,0.0,0.017072830127188077,0.0,0.027349672028883276,0.0,0.0,0.0057557032128761065,0.0,0.012613024464969591,0.02310325924165113,0.0,0.006808543884011975,0.01077871746404302,0.0156802992981957,0.003472118978923966,0.0,0.0,0.0,0.0,0.004970344014879835,0.0,0.0,0.0,0.006904682573449783,0.039862917164673384,0.009342478711738877,0.004611693447190923,0.013559210775607511,0.0213089882905253,0.0,0.0,0.0,0.0,0.0,0.02859440648823952,0.0,0.006360082684055968,0.014219441171186453,0.00541593054667544,0.025487785899644955,0.0,0.0,0.016076984615103207,0.0,0.02032862023411397,0.004448314142974752,0.011108618552557736,0.0,0.00648916629613705,0.0,0.006287974812634545,0.005731156587028607,0.019427906424646757,0.0,0.0,0.0,0.007018848931742205,0.0,0.0065359690212991595,0.0,0.0,0.019252346869414794,0.004868197085269976,0.023171598653050296,0.015682535253805696,0.0,0.019531593610502718,0.005673792469763406,0.0,0.007268751466113166,0.0,0.0,0.024960963101724687,0.0,0.0,0.015720199877116592,0.01066671130622332,0.0033486017724744244,0.004281451255747193,0.0,0.0018712090429495731,0.021233456903833492,0.0,0.0,0.0,0.0,0.023621942693338838,0.0,0.0030973238628693167
37,0.0,0.0,0.000773277130647898,0.0,0.0,0.005308774188211629,0.0,0.0,0.0,0.0,0.005815930656794421,0.0,0.026522403842450082,0.0002944063844108058,0.0,0.0019592795291174525,0.022257928233908153,0.013002107021317322,0.0040524424201509035,0.01196311720904486,0.013794426567387497,0.0013523321248225528,0.0011824149067098944,0.011835692596535274,7.295611114166434e-05,0.0,0.019282617473538544,0.0,0.008577958576477585,0.009008760022765294,0.03336147514878718,0.0,0.0,0.0,0.03211366536961613,0.0003069977948326752,0.017072830127188077,0.0,0.0,0.025949898835071927,0.0,0.0,0.0,0.002150744402583449,0.0,4.474813431531999e-05,0.0,0.0,0.004739044132662684,0.0,0.0,0.01743141791687286,0.0,0.0,0.0,0.0004193934624492357,0.006583213957948253,0.0,0.0044095617793660224,0.0,0.0,0.0001926765786359752,0.026120307585133062,0.01799257167211543,0.0,0.0008032310029522094,0.0,0.0,0.0,0.019273564395478893,0.012630415788677851,0.007038283353001162,0.0,0.02396902419746816,0.001229452505276285,0.0,0.0,0.019816656477394723,0.0,0.0,0.01986800613451578,0.0,0.0,0.0,0.0,0.010071678740726675,0.0,0.002589399461959019,0.0,0.0,0.015701536889606516,0.0,0.018564763105588078,0.008681153196811842,0.0,0.0,0.016296058426998883,0.014126816363645212,0.009988335340436194,0.0,0.005239732302101174,0.0,0.0,0.0,0.016900264172390322,0.0,0.0,0.0,0.0,0.009294487648738858,0.0,0.018447411954117143,0.0,0.0,0.006903092595293536,0.0021991577943181184,0.008642962329906467,0.0,0.004073684180785797,0.015707004561721583,0.00752756975137725,0.0007616975181976571,0.028372447707908144,0.0,0.0
38,0.0004965288471243667,0.02932493002385339,0.023337361775245036,0.0,0.00847862290671575,0.0,0.024836705064650744,0.019723279259543425,0.013730834228486977,0.0,0.0,0.0,0.0,0.0055838017988749655,0.011944688215942634,0.013138602079052042,0.004035908525873211,0.016500591626934735,0.01066984850014574,0.0,0.0,0.013387906455965215,0.0,0.0,0.011869140868185468,0.0,0.0,0.0,0.0,0.0,0.0,0.0,0.010610928088712335,0.0,0.0,0.0,0.0,0.0,0.0,0.1238794259443301,0.0,0.005830257807433625,0.0,0.0,0.01336195696533693,0.0,0.019908449665487105,0.024930911306023873,0.0,0.0,0.0,0.01035367889570793,0.0,0.014666570390863498,0.0112157858203501,0.0,0.011929619676809722,0.0010070129288877183,0.0,0.0,0.0,0.007590043737688568,0.005016217600404715,0.006430106135634439,0.0,0.014789367738537784,0.0043518157781949895,0.006406278648917407,0.01054906638685793,0.03219139167917451,0.0,0.004939070393978007,0.0014129371949715974,0.016584555931258294,0.016049040023491834,0.0050285164681271866,0.0,0.01092586869940071,0.0,0.00970088947425296,0.0156284134216369,0.006815855784564562,0.015355060094647932,0.018757865477958546,0.01588174336988324,0.0053518883440721865,0.011512286345181089,0.004931286103827759,0.030096961410979617,0.0027346254827449457,0.025252260639394564,0.009963577860107264,0.020295349448541167,0.002565607289596983,0.002572931369049236,0.012441852733035219,0.017501730828210604,0.0062873977883137755,0.012788975559060667,0.0,0.0,0.029662549576626063,0.029396650913706246,0.0,0.0,0.0,0.01240876306644001,0.015501557039639735,0.0,0.009886759066604967,0.0,0.03147257172926743,0.013909420814526285,0.004473254753014189,0.007007900414460089,0.009368564541254898,0.0027554486227092667,0.01310024037662405,0.021076824303992936,0.0072998828825685536,0.00816723316209167,0.008259810501557219,0.010768528848175585,0.0,0.0
39,0.0,0.0009903041300018955,0.03203208512189093,0.037816807957176124,0.013807662991527359,0.03972907956440341,0.01892136723662219,0.0,0.008807470130453687,0.009043709938577393,0.0,0.006645886092345954,0.0,0.0,0.0,0.0,0.0,0.003876293798064978,0.0008016245127295818,0.0022745533872106094,0.0,0.0,0.0,0.0,0.0,0.00357130085250823,0.0,0.0,0.006068822036110255,0.0006755652120231659,0.0,0.0,0.004146115136777873,0.035223039699617154,0.033792560396821436,0.008834545690605822,0.027349672028883276,0.025949898835071927,0.1238794259443301,0.0,0.17046312874496294,0.0,0.010566708536077662,0.01130827519516675,0.0,0.0,0.022161016411307966,0.0,0.005128798390577227,0.003925784846837033,0.0,0.0,0.0009109989168782917,0.0,0.006697520477853658,0.0,0.007288767225891668,0.0014996453764308804,0.011690281138159175,0.0160982339722886,0.0,0.0,0.02021405664547471,0.0,0.013162989991835072,0.01722753248195108,0.018663678144446916,0.014817216286043156,0.0,0.0,0.0,0.03289158222961985,0.01753235044689827,0.0027380797046592242,0.0,0.0,0.0,0.0,0.003294550810258645,0.025213972467509116,0.0,0.06235177550592219,0.05528083144104201,0.0642245504714527,0.012939558174232424,0.15588064606465135,0.006692017052387644,0.030876370122096652,0.0741595769666592,0.052102140256044205,0.019855231465807144,0.06301132965686307,0.004993199426113648,0.0010949010048801888,0.0,0.0,0.004678913679197816,0.0,0.005294116726143994,0.0,0.007451818507056895,0.01795518528756679,0.024474699636756192,0.0,0.005835778689290638,0.02382590102905935,0.0,0.0,0.0,0.026849151414072292,0.03222670953960938,0.0034242040185454847,0.0,0.008622631530000202,0.0,0.015062085297249617,0.0009414496448534315,0.0467772067434602,0.017403036849540587,0.06628019507771299,0.034850941635074406,0.07647640527657318,0.03239336468749565,0.020359060197807644,0.04311419903533853
40,0.0,0.0004015994691561886,0.003081379317784183,0.02871365090002964,0.0065336968266054285,0.02302945249739974,0.0,0.0006058475978116817,0.02422166384906621,0.0,0.004645116733947852,0.0,0.0,0.009362773046385442,0.0,0.015293602931496508,0.0,0.023125034945621792,0.0,0.012978292800880808,0.013524298569480564,0.0041693392395467654,0.014945960499245459,0.0,0.003770378867263169,0.0,0.0,0.005297572751414847,0.01441265573374384,0.0,0.016035075068887572,0.04445347612943884,0.0,0.019022007310156575,0.004328575321596695,0.00988028860959922,0.0,0.0,0.0,0.17046312874496294,0.0,0.021315934452329266,0.0,0.0,0.02095103999623582,0.0032194404508762986,0.0,0.04827789906473878,0.0,0.0,0.0006335299345252565,0.0,0.0,0.011653394527688654,0.0,0.0,0.0,0.0,0.0,0.0,0.0,0.025248953602997837,0.0,0.004417716281626127,0.0,0.015910946523924885,0.014763128147438742,0.021153697033785335,0.00862471249312513,0.012597819188284731,0.012696792507506771,5.47441123677217e-05,0.0038655959206543855,0.002985769370276614,0.002488430909208361,0.0,0.0,0.02279460250379195,0.011931904742735533,0.03893160306825383,0.016128266836046734,0.042718590272250445,0.05447843352488313,0.04541943319705766,0.024118041740683438,0.06919248343779927,0.008229185477950374,0.04375192828422492,0.02924175303619503,0.03585169041044889,0.006591158784930329,0.011248382968156001,0.010520754682007194,0.0,0.005090372127156684,0.017987443439055895,0.022649114949598648,0.0,0.0,0.0,0.0,0.0,0.007020516197851379,0.017043840232950025,0.003741315427273406,0.0,0.0,0.0,0.0,0.015137335099226767,0.0,0.0,0.005020138869661572,0.024434014480825716,0.0010764141656780524,0.01971561441962688,0.013823289616967216,0.03976325080025678,0.02057683580988101,0.07694232523119204,0.061355787920695626,0.04389820926052135,0.0029654828636935804,0.016762069588374118,0.01130916331474996
41,0.0,0.003768914895527331,0.004364176609357173,0.011275480547118022,0.011962880011526345,0.0027304774053913405,0.0,0.0,0.0,0.0217970088812649,0.029077614270714314,0.01421463820437463,0.0066380287828673445,0.0,0.00567493605678937,0.0006245635168262709,0.001805791639466925,0.0013241125636884732,0.0,0.011667353089650057,0.0,0.0,0.0035711521844037364,0.004980916224164744,0.0,0.0024044506214924155,0.0,0.0047955856137829045,0.0020507648804120038,0.0,0.0028689943584607747,0.0,0.0033615399068072094,0.0,0.0,0.0,0.0,0.0,0.005830257807433625,0.0,0.021315934452329266,0.0,0.013336066164926663,0.005687179780298202,0.0,0.0,0.004815801833188971,0.009243843422300557,0.0,0.016542196367351103,0.0,0.0,0.0,0.0035315455237299176,0.012290003749965805,0.00544614932740739,0.0,0.007250689586721926,0.0,0.0,0.011718660967868999,0.0,0.026789017665860726,0.011954923218254088,0.0,0.00174399047897289,0.011507171852391807,0.0,0.0,0.0,0.003329164510470939,0.0,0.0,0.005957513538676018,0.0015548368526721035,0.004531212249877292,0.014867321961686386,0.005458341031873815,0.0,0.004319935064239999,0.01456669033984248,0.016911622274372817,0.0,0.0058624603836401334,0.0,0.00515796506235322,0.0,0.0,0.0023908044595177813,0.0,0.01473475639144528,0.0,0.0,0.0,0.0,0.0006608881755960638,0.0,0.0,0.0,0.0,0.0,0.008898236750638944,0.0,0.0,0.002115343990736207,0.0029831260731736364,0.0,0.011796580216769215,0.0,0.0,0.0,0.011904238220457053,0.008424928880663707,0.0,0.012589019857994543,0.013485344844218261,0.018808501786785392,0.010801649074305253,0.015636507727879945,0.01907902441709286,0.0,0.01633839313242813,0.0015481374787533753,0.01113577167247648,0.00015573111057332056
42,0.010084447690388298,0.0,0.01365126798877725,0.0,0.01017471015209992,0.0,0.005127456298364308,0.0,0.0,0.0025649232666022925,0.01297224937318564,0.0,0.0,0.0035663929359674995,0.0,0.0,0.01756519936210843,0.010405956966211605,0.012271605962047794,0.005199022545898657,0.0016509437416551975,0.003987702435372498,0.0,0.0,0.014361056552642637,0.014285121137743495,0.0,0.01971862341724151,0.01409368088556473,0.0,0.012900119676017674,0.012758356598762788,0.0,0.005390074078262863,0.0036794045146253396,0.0,0.0057557032128761065,0.0,0.0,0.010566708536077662,0.0,0.013336066164926663,0.0,0.015544942903185976,0.0004891369271575741,0.011709577422339912,0.0,0.009404335102070505,0.020770413572377855,0.022276921598188615,0.023158580154944097,0.007077516825954255,5.7892622272959215e-05,0.0068763170858900935,0.009465190738724871,0.0020697994305223233,0.0028528154680644846,0.0,0.0,0.0,0.008061088139786676,0.0,0.0,0.0,0.0,0.02124720405971825,0.002137990052737848,0.022436030721823208,0.0011510677955914872,0.011352064390241168,0.0,0.017183945976443127,0.01478970249538758,0.005330941419534163,0.007376567037799653,0.01288892613118886,0.004318245616550698,0.005742514513626951,0.0,0.013959409202631612,0.005962277994811416,0.023575392725319944,0.024126795277830126,0.011750626559678068,0.0,0.0009575347524970468,0.0,0.025603258634712134,0.008468166501499397,0.0,0.013813252469667248,0.0,0.014805502294934492,0.0030318190202693884,0.00021741202961234052,0.0,0.0,0.0,0.0,0.0,0.0,0.02690389846007779,0.0,0.0,0.006697347585913782,0.0,0.015320852732416235,0.0007686700852769235,0.0024154728743051024,0.0,0.015860439869112675,0.007540788566025469,0.0,0.010855582584300194,0.01147658077691549,0.0,0.0,0.025222177597411743,0.00893530235485418,0.0,0.0,0.0,0.0013543018878330315,0.0042076674392586,0.0
43,0.0,0.0,0.0,0.0,0.0,0.0,0.0011902557950875803,0.01994704129095215,0.0,0.0,0.002362010116633506,0.00853710191374013,0.0006003659057531863,0.0,0.0,0.002049615779934122,0.0,0.0,0.01685893729819732,0.0,0.0,0.0,0.0,0.009898611101253785,0.0,0.0,0.0074591640046115515,0.01734784601018724,0.0,0.0,0.0070749879670737315,0.0006343873793168697,0.0,0.0071807056086390375,0.001656338039687455,0.002519881200696794,0.0,0.002150744402583449,0.0,0.01130827519516675,0.0,0.005687179780298202,0.015544942903185976,0.0,0.0,0.0,0.020155186191693986,0.013642576810156903,0.031247253843691425,0.0,0.0,0.005718390729448686,0.009906534868424188,0.014332745035236627,0.01681576878512203,0.0,0.022972463361135453,0.0,0.0,0.0008232776786725182,0.0,0.0,0.004783918691679823,0.0,0.005251504821601749,0.0,0.0,0.0,0.022660480108247505,0.0022968486173446934,0.005418148572532644,0.004591884902747978,0.013369426516679717,0.0,0.0,0.0,0.0,0.0075029316397117185,0.0,0.0,0.0006966109801744835,0.0,0.0016682652847537227,0.00380829677060035,0.014553699414098453,0.01658078617806069,0.02331532553680926,0.00794164009072773,0.0,0.01248606485159165,0.0,0.023158715023591014,0.011883568397706767,0.00574722771449121,0.0,0.0008954031321035671,0.028301960011275717,0.025635206547361733,0.0,0.0,0.0,0.0011765848286264813,0.010313545442628858,0.01622020725609996,0.0,0.00928032195380002,0.0016138773983831456,0.014084266426499958,0.033286994946244874,0.006495452147303737,0.0022872390939516762,0.0,0.015820793364887287,0.0,0.009733788117283204,0.0018063380271176044,0.05200091224677461,0.00809401494754347,0.016679038755416542,0.01730218816846829,0.0,0.0,0.015562325319588233,0.0116164360662534,0.010727944114336196
44,0.0,0.031199726725039234,0.0,0.012121476227971328,0.03130523973128696,0.005057092813718356,0.0,0.014064626785778245,0.017855350887479915,0.0,0.0,0.0,0.0,0.01693685733181738,0.013039995602294852,0.011151900463198139,0.0,0.013971614964117585,0.0,0.0,0.0,0.0,0.01147987546601037,0.0012536469687551843,0.006948716685004186,0.0,0.01973853123243785,0.01936800398163463,0.0,0.0,0.009326168666194512,0.013101849883053518,0.0,0.02491093187436455,0.011963903193686676,0.019443747992430538,0.012613024464969591,0.0,0.01336195696533693,0.0,0.02095103999623582,0.0,0.0004891369271575741,0.0,0.0,0.007153748646340219,0.01256596712434721,0.003955610992250058,0.0,0.0,0.0,0.0030272091494909503,0.0,0.021772103682408783,0.0,0.0,0.0,0.008432584757313677,0.003098054074640366,0.0,0.0,0.0143121969842257,0.0,0.032769739695338806,0.017551316799733208,0.0,0.0022455084003247805,0.00799314704036469,0.007100501741994947,0.0,0.0119289372679523,0.0,0.002983255895918191,0.006250334844429162,0.003038126521655471,0.002741195578713551,0.0,0.0,0.015713006519541217,0.013807390037277045,0.0,0.0024356851409326197,0.0,0.014340328102805167,0.002567307299347732,0.0,0.00729886706527072,0.0,0.009722699254290035,0.017633402737720516,0.013799972225419843,0.0020321619128385038,0.0,0.0,0.0,0.0,0.039105010657584316,0.0030372281808519475,0.0005090357668873224,0.017421733402743556,0.0,0.005971596609526841,0.0,0.012991061435404738,0.0,0.0,0.004201104435267666,0.0,0.0,0.015428451911480678,0.0,0.007575107078049648,0.01746832780245189,0.0004998039242281038,0.0,0.007261168661048423,0.0,0.012771835285351862,0.0,0.020569328150162214,0.007780475024436129,0.01001617454163739,0.011254230849963243,0.006324877169467058,0.014455765050331415
45,0.007226769776075059,0.0,0.030998364318300275,0.0,0.0,0.012473531072723532,0.018164560956860143,0.008625710916683182,0.020303865424578404,0.02420932383482821,0.003378174195352024,0.0,0.011195052487831703,0.0,0.004093258064366445,0.0,0.0,0.012849684112395288,0.0013836486912959245,0.0,0.0,0.00014366693820999643,0.0,0.0,0.009947885922544586,0.01848708968695867,0.012033300054344664,0.0,0.0,0.0014625786970574595,0.010137930834703823,0.010227665406486786,0.0,0.0,0.035372645486962284,0.006958444641115058,0.02310325924165113,4.474813431531999e-05,0.0,0.0,0.0032194404508762986,0.0,0.011709577422339912,0.0,0.007153748646340219,0.0,0.00048520666009288504,0.016142692030876482,0.003581763760808876,0.01897893911671833,0.009042021036655079,0.002494602681532676,0.0,0.0,0.015018511961829795,0.005912254409002671,0.007138559412135592,0.0,0.0,0.005451497342544798,0.0,0.033117119143883045,0.010779114225909936,0.0,0.010992155061869013,0.0,0.0,0.025204210933671867,0.0,0.0,0.0,0.012539293954259456,0.0,0.008778484113523,0.015387286153199398,0.012820344635044556,0.005354364174966264,0.0,0.0,0.0,0.0,0.0,0.01777956954653437,0.0,0.0,0.010606975851502831,0.014532032174759735,0.022232649109659164,0.013657362655091987,0.017259437933257793,0.010099714768708523,0.0,0.0,0.002032764027530831,0.0,0.0,0.011276466764516435,0.0,0.001001235840313086,0.0,0.002633216194299237,0.004896479765827522,0.007331143266015694,0.0,0.0,0.0020955261208062126,0.022088566279314215,0.0025037476266822623,0.019387452582082076,0.002229405459498679,0.017516804386835005,0.0003408136220617308,0.007495036732725779,0.0,0.008507433546602883,0.016434075988502883,0.014623218612362265,0.0,0.0,0.008507619830801616,0.007935821259145825,0.002067581758534942,5.798780445065432e-05,0.0,0.0272390525037558
46,0.016361148397276093,0.016936255889357987,0.004519219696572208,0.0,0.0,0.021644584720055704,0.016170845320530702,0.005166485656141084,0.025446780113465906,0.004628625060369984,0.007472579165582083,0.010106056334923785,0.010435835693529683,0.0,0.0,0.016986483709731992,0.0,0.0,0.025496101577195063,0.011115741694052161,0.0,0.004846019222625841,0.0013493310667369585,0.006515061973679792,0.004145932564111554,0.0,0.0,0.0,0.0,0.0170247031676114,0.006054976625879505,0.017764758824636573,0.0,0.0,0.02511756957692235,0.0,0.0,0.0,0.019908449665487105,0.022161016411307966,0.0,0.004815801833188971,0.0,0.020155186191693986,0.01256596712434721,0.00048520666009288504,0.0,0.0,0.042618866121589605,0.010977257249678019,0.0037133963860380703,0.0034731268008263427,0.0,0.0,0.0012450023151062695,0.01593546221526143,0.01604274154313412,0.0,0.0,0.0,0.0,0.0,0.0,0.007748390240987391,0.0,0.0,0.017347128980688353,0.0,0.0072153032163191355,0.0,0.00438861367230281,0.03659694968887006,0.01224788903170193,0.0,0.0,0.037512159617066665,0.0,0.0015436563420241356,0.0,0.0,0.0,0.012902834249509887,0.0,0.0,0.0125386593646164,0.017126101937496863,0.02552069967542181,0.0,0.0018104041004871618,0.00837935378100596,0.0,0.029771407896880042,0.013225114863284482,0.0005366050607653605,0.02583061512846907,0.0,0.0,0.017042438125939974,0.0,0.0,0.0,0.0,0.0034534763211260255,0.0,0.0,0.0,0.0,0.018830378825625438,0.014449447529933934,0.003623392768853151,0.018856294240473304,0.0,0.0,0.0,0.020591419979209213,0.015721132849144226,0.0,0.01034872847969126,0.01747200425745632,0.02335888250164242,0.029823817915791473,0.018011025218689802,0.018275120582230464,0.0026892451531912442,0.0010404529044167887
47,0.00012711334036552557,0.015497860286335374,0.0006576533046560584,0.0,0.0004969006401447373,0.0,0.0,0.015027668025627605,0.004524014081445316,0.0,0.0,0.0,0.0,0.0167156504990027,0.0,0.0,0.0,0.0,0.0,0.009248977879993348,0.03265586216170302,0.0,0.0036328095326823018,0.0,0.0,0.006996550288297598,0.009445744910016707,0.0,0.0,0.0012465154722880456,0.012826143331198914,0.0,0.010310252706065448,0.002648124779607741,0.0,0.03841843554858926,0.006808543884011975,0.0,0.024930911306023873,0.0,0.04827789906473878,0.009243843422300557,0.009404335102070505,0.013642576810156903,0.003955610992250058,0.016142692030876482,0.0,0.0,0.0187143679238444,0.008652949813695798,0.0,0.0,0.0,0.006470245166259936,0.0,0.0011019447696201112,0.0,0.015509880135590848,0.027054806795502095,0.0014667581213876346,0.020406083658322416,0.0,0.013443741361224504,0.0,0.006088591665395882,0.0,0.0,0.0,0.008527106200663326,0.018538677338153953,0.024693767305626224,0.012259666425855187,0.0,0.011680834214105928,0.0,0.0,0.004631346818742443,0.021823131585508193,0.014835850449883559,0.006551806207956368,0.0,0.0,0.0,0.012177443504622687,0.010396970021102625,0.016519970558573682,0.000483818599732011,0.0007319430440544394,0.021042856894130324,0.003405112292925949,0.0,0.016172205224713743,0.018711782885506345,0.0,0.0,0.0,0.0,0.0,0.021419525212503565,0.0076196897464528845,0.0,0.0,0.0,0.022258269057815916,0.039597078389090434,0.04452287133425603,0.0,0.0,0.021877723540224103,0.022214452160032927,0.0,0.003245580203207865,0.006803024205661146,0.00034979173114280115,0.0,0.0,0.0,0.0034051469582783156,0.0,0.013629523296418533,0.005069726991097312,0.003676994469876682,0.008647488239625467,0.0,0.02329705053147091
48,0.0,0.0,0.002705648958896134,0.03404269443282093,0.0,0.053089392435169636,0.0,0.014286144206673512,0.01359121021369969,0.0057918507034191435,0.012310974369192706,0.00887296307820673,0.00772438947084364,0.0020679666119214346,0.0,0.006634837005030647,0.0,0.0,0.01615468799582409,0.0,0.012164640050642106,0.0,0.0009033277385093186,0.0,0.012499525864472893,0.0036605229483610557,0.017561583045207385,0.0,0.0040573569226154405,0.023098021725027174,0.0,0.022112501192183665,0.01719697203903614,0.0,0.015937478753596857,0.007876241055157607,0.01077871746404302,0.004739044132662684,0.0,0.005128798390577227,0.0,0.0,0.020770413572377855,0.031247253843691425,0.0,0.003581763760808876,0.042618866121589605,0.0187143679238444,0.0,0.03167154532277916,0.011480023529389705,0.006820126450212349,0.005965765923027888,0.02690373497430354,0.0,0.006706711509886887,0.004981596120752663,0.008226245077501027,0.014960752423236023,0.023402957799667057,0.012432292244344723,0.0,0.0008593834179375648,0.006529751527817318,0.006746788983200247,0.049285096788018734,0.0,0.01244119179236236,0.004103417804286913,0.0,0.0,0.0,0.0,0.0,0.01689310831676316,0.0,0.008244912429341333,0.0,0.0044110606755101145,0.00262780133569418,0.03148157613407765,0.0,0.0,0.01079660941379501,0.00350791478476431,0.03664128584571458,0.013027796346779752,0.012198021916542956,0.0028721462582561585,0.0,0.0037498061645431235,0.008846499396133467,0.0,0.0,0.0,0.0038132306066058774,0.0,0.015730014988587726,0.0,0.0,0.0049311741135174,0.020828087134498574,0.0,0.014798812692184526,0.01970294136991768,0.03089565008745776,0.04703567736007663,0.0,0.0039925168591103954,0.0143231219104214,0.019046332135261856,0.011142032922830225,0.012042858419124336,0.0,0.0,0.012696364194671794,0.0,0.01591410789929082,0.011496553947361043,0.0,0.0002685658882093378,0.0,0.010492596640726326,0.019309733460431744,0.0
49,0.030659518840479016,0.0,0.0,0.0,0.0,0.026939940633925907,0.02524510373403377,0.009800094677165028,0.0,0.0,0.028667650277270695,0.010485494646365723,0.0,0.014120679309369777,0.0,0.0019921065686592243,0.0,0.0,0.0076690158994736635,0.0,0.0,0.0,0.0,0.0,0.0,0.0,0.0,0.025721505208641027,0.0,0.01791477864873947,0.00789964775357177,0.00951239130541559,0.008296619131596294,0.028058774607733206,0.0,0.038836501107914145,0.0156802992981957,0.0,0.0,0.003925784846837033,0.0,0.016542196367351103,0.022276921598188615,0.0,0.0,0.01897893911671833,0.010977257249678019,0.008652949813695798,0.03167154532277916,0.0,0.011735845956422075,0.009693077834244335,0.026397559963815986,0.004150830044003406,0.0,0.018436496658846835,0.03059550145022527,0.0,0.02064143257076445,0.0,0.0,0.0,0.017166002535067726,0.012874503180877461,0.008554984143186672,0.0,0.018255603051167135,0.006242173720308664,0.00301520311393233,0.017486203132148326,0.017961811250602366,0.02635275066565068,0.0012541668242826987,0.0,0.0,0.009089123157456136,0.02347167523578353,0.014948879266942328,0.0,0.015654526895535703,0.01702151522545936,0.0,0.0,0.016454432914588146,0.011098046604040235,0.003776407975395024,0.0,0.0005959553761565317,0.038804936340621765,0.014352587039734743,0.024491569267974356,0.0,0.04474608346385889,0.015563783766050499,0.011258472406741937,0.01291894640183422,0.012900758444382987,0.0,0.0,0.005483322213565955,0.018761561677342442,0.010928748943147326,0.010251525954876328,0.0,0.01594485945915114,0.0,0.0,0.015469097965243428,0.024608953179328985,0.015450223482759817,0.0,0.017958954961650342,0.022676489963351365,0.0,0.0061783410135598515,0.0,0.0,0.012002853699043747,0.0065689660937415795,0.016243222528593115,0.03230907649728998,0.0012180268857377996,0.0,0.02618197786008203,0.004444302915085352
50,0.0077643477260469496,0.002185646201092517,0.0,0.024978062915014476,0.025231891656613215,0.012804487816450383,0.0,0.013781100895874587,0.0,0.026546182186708123,0.021380791546833144,0.02046944804712858,0.0,0.0,0.004705788336572425,0.0010477446897816378,0.014440530305577681,0.0,0.0028990053359860823,0.007792338886771333,0.005311429124104983,0.005809546028249457,0.0,0.0,0.0,0.004315643606189745,0.0,0.002418987130500483,0.0,0.015681331692217526,0.0014211853350909465,0.004650274440238356,0.015497514962052428,0.0,0.0,0.0035202709154509293,0.003472118978923966,0.0,0.0,0.0,0.0006335299345252565,0.0,0.023158580154944097,0.0,0.0,0.009042021036655079,0.0037133963860380703,0.0,0.011480023529389705,0.011735845956422075,0.0,0.028519110158074845,0.0008394513479617061,0.012419757595210967,0.0196305436066444,0.0,0.013852962970187122,0.027603270091506538,0.0,0.002326392146663636,0.006567121565861811,0.0,0.020416681679222393,0.0017019591790585764,0.0,0.003773068536206736,0.01576983580747715,0.0,0.0,0.021455928583843153,0.0029182530561779885,0.0,0.0,0.0038034002110647336,0.0,0.01510431609631091,0.0,0.010201623501619572,0.0,0.025707519586103622,0.013486530611850789,0.0,0.0003031082740649893,0.0021689469414898355,0.0030119730807545153,0.0,0.018173026136414805,0.0024326175762281466,0.02643159834792197,0.000788883598075607,0.018178015815148107,0.0,0.010148967893326422,0.0,0.0,0.01017719159963093,0.0,0.04260564227487862,0.010220756680756615,0.018532278381631073,0.0,0.010992971526200712,0.013752297448818673,0.00035496822919434123,0.018806319143434003,0.01539668811469408,0.004515286869685831,0.022231395752107197,0.009311736302553442,0.0,0.012306905157947412,0.01043205505354905,0.021930533609300085,0.003436940437663516,0.0059755538346548676,0.016976938579833956,0.0,0.0,0.0027239423673233176,0.009386330158383416,0.005459299770729231,0.0,0.0,0.0,0.019847046644689392
51,0.025911287217538437,0.0,0.0,0.019910141475159016,0.0,0.0,0.0,0.018653305678730803,0.0,0.0,0.007175343073223317,0.009947004741741594,0.0,0.0,0.0,0.002339460891256806,0.0,0.002914536487701014,0.0,0.011532812843833007,0.004125202424002161,0.0,0.0,0.0,0.0007925713972092296,0.0038912136055886393,0.0,0.0,0.005661193668395015,0.00863083418789845,0.00010734899938213971,0.0,0.0,0.0297548621818553,0.0037679021680290248,0.005716861383779914,0.0,0.01743141791687286,0.01035367889570793,0.0,0.0,0.0,0.007077516825954255,0.005718390729448686,0.0030272091494909503,0.002494602681532676,0.0034731268008263427,0.0,0.006820126450212349,0.009693077834244335,0.028519110158074845,0.0,0.0,0.004386553670180149,0.03739786765558595,0.007012693042416807,0.0,0.008499045009136452,0.001186542897172238,0.0,0.0010131469528760206,0.0,0.0,0.033037939914397185,0.0,0.0,0.02104797927891333,0.0,0.02579084691742839,0.019192611341829924,0.0017104188965113565,0.0,0.009458274079941376,0.04147379641314597,6.321571435830009e-05,0.0033917168301123013,0.0,0.0,0.019091632004347048,0.010521106252499912,0.0,0.0,0.0036349459538520534,0.017279383147127625,0.0,0.0004585576727365037,0.0,0.0,0.0,0.008364700054909413,0.0,0.006250222315609122,0.0,0.0,0.0,0.0228531095843989,0.011607152167029788,0.02989024990052247,0.012978495410950863,0.0,0.004405915375533809,0.017128859929941065,0.0,0.02823891578879323,0.0,0.029883543858882256,0.014453836452432256,0.0,0.016069460130931468,0.01367681630523343,0.026434989804929643,0.003224314727135358,0.0006741561696044229,0.0,0.0,0.0,0.01183412819824703,0.015929445825888955,0.0,0.0,0.003070437327412634,0.0,0.0,0.013704901211839093,0.0
52,0.0026427605660526154,0.02027209129263241,0.020238498126521343,0.007698693008270752,0.0,0.0,0.0,0.0,0.010634119424581812,0.0,0.0,0.008099056519323078,0.0,0.03231706872016282,0.0,0.022361807268127087,0.011965744652903787,0.014348001043847702,0.0017708819646342633,0.0,0.016031363853401537,0.018385509286883206,0.0,0.0,0.007539126012460429,0.0066446967852717975,0.028118014399891145,0.004408122673053683,0.0,0.0,0.019895575272499855,0.0,0.028852674408266665,0.0,0.010376836969924419,0.01396052270796666,0.0,0.0,0.0,0.0009109989168782917,0.0,0.0,5.7892622272959215e-05,0.009906534868424188,0.0,0.0,0.0,0.0,0.005965765923027888,0.026397559963815986,0.0008394513479617061,0.0,0.0,0.02431337231366193,0.0035652111200867864,0.0,0.02058263400187066,0.0,0.00793286014997907,0.011281747940767417,0.015776781668821904,0.0,0.0,0.009363849167669969,0.0021900600528246272,0.001087327154468909,0.007623999017690508,0.0033760370229627412,0.008130891739363655,0.0,0.007892877175096125,0.04960839160878816,0.033200894770129885,0.0,0.02097908098144341,0.0,0.0,0.0,0.012924947976721946,0.0,0.0022288599568467404,0.021920176011674286,0.008055396446852825,0.01763050055085902,0.033862587079428685,0.02597220608899864,0.014321082943848928,0.0,0.009382504109383127,0.018345189781364013,0.004845511908792233,0.0,0.0,0.0019758105344980237,0.017367393339463355,0.0,0.0,0.0,0.00805996133864273,0.007427875652607163,0.0,0.012854175425259129,0.0,0.009051687717545498,0.0,0.027097874183977133,0.02832818585711916,0.0,0.0,0.0,0.0010639690020157744,0.009256860522397048,0.0,0.020065168765188268,0.0,0.00041786765314455465,0.0,0.01191369440127854,0.0,0.04112988493218861,0.0006004226601623586,0.0010316217543619999,0.0,0.015168382296598892,0.006413194396066579
53,0.0,0.012369218843717,0.0063215270410887925,0.0,0.0,0.02138056851936021,0.0,0.00966345103600652,0.006923043041435761,0.0017480789050781098,0.0,0.004968500376540952,0.012778685125084621,0.020303699607540082,0.0019384599984864082,0.0,0.0,0.0,0.0,0.0020547550817529014,0.010170502374765356,0.0,0.016021875599414592,0.0,0.011530240404037606,0.0,0.006823574401039423,0.0,0.0,0.0,0.0,0.016745356694471525,0.00959177831974678,0.0,0.0,0.011272741710006251,0.0,0.0,0.014666570390863498,0.0,0.011653394527688654,0.0035315455237299176,0.0068763170858900935,0.014332745035236627,0.021772103682408783,0.0,0.0,0.006470245166259936,0.02690373497430354,0.004150830044003406,0.012419757595210967,0.004386553670180149,0.02431337231366193,0.0,0.012432330963991767,0.01085129173670829,0.0,0.0,0.0,0.0,0.003270990660102946,0.0,0.0,0.004135853941304113,0.021177189066601265,0.0,0.02351784869182616,0.004109417488832534,0.008461800209423664,0.025666487404911287,0.008883008013454763,0.0,0.01344398631360022,0.0,0.0029078878920021367,0.0,0.012347730535218204,0.0,0.035785780036251325,0.0,0.018943244627888767,0.003841773887592659,0.0,0.039996916709378105,0.0,0.0018613712975126262,0.012163180295478249,0.022705519170870936,0.007498802819361217,0.0,0.004869058699321194,0.0,0.013240103498942446,0.0,0.005643343995587635,0.0,0.0,0.0,0.0008803255859088921,0.0015876184199035137,0.0,0.01717268896119517,0.01927397802737474,0.0,0.0,0.014928013808529705,0.0,0.0,0.021739817663856797,0.0,0.0,0.006092930176174072,0.0,0.0113110353496495,0.0,0.020148929165317853,0.0,0.016663535004711072,0.0020785926994166815,0.008023354484561374,0.0,0.007666913796104069,0.0,0.02212287192099094,0.030762687311528758
54,0.0,0.007550380891245823,0.0,0.0,0.019725779593947834,0.015739479002871093,0.0,0.001629082180254926,0.0,0.017544077346935083,0.005082429874168959,0.0017470595284860835,0.01614975622514425,0.0240320111202319,0.013744108157845325,0.0,0.033901734740698686,0.016606130900462368,0.0,0.0,0.0,0.0,0.0,0.017739935436177134,0.0,0.0,0.0,0.008998775994876418,0.0,0.022559911706890645,0.0,0.03017364754680507,0.0,0.0,0.0,0.012658510222051333,0.0,0.0,0.0112157858203501,0.006697520477853658,0.0,0.012290003749965805,0.009465190738724871,0.01681576878512203,0.0,0.015018511961829795,0.0012450023151062695,0.0,0.0,0.0,0.0196305436066444,0.03739786765558595,0.0035652111200867864,0.012432330963991767,0.0,0.014179407866527605,0.0,0.0,0.0,0.0,0.014724568089278023,0.005237401013131304,0.0,0.026491800584205194,0.0,0.0012134994915236064,0.03527300026674851,0.0,0.0017133668723916529,0.009545745898271285,0.0,0.011574596868653586,0.0,0.0,0.02012936093757567,0.008043741346782873,0.016040964205692454,0.031325270616936685,0.0,0.0314899138491862,0.007856110171679198,0.0,0.0,0.0,0.0,0.00669063320067842,0.0013687055353992506,0.0,0.010982126164213568,0.01086955415691726,0.0,0.012615927081702338,0.018815517172565244,0.0,0.0,0.0,0.0,0.016298132979400748,0.015141005724382595,0.013718505067394027,0.0,0.0,0.0,0.0062961981990161675,0.004813864124528777,0.005038954140847096,0.0024232548574198987,0.0030350920677273407,0.017421337149525762,0.0,0.03684809899448371,0.014158784563163884,0.0009263484164598879,0.013552511672209278,0.0,0.0,0.009659110902891399,0.0,0.020335695091647565,0.031179915008553216,0.0028003097395421506,0.02828436051525518,0.004438397322267029,0.017283568940658967,0.0
55,0.0016614179976306431,0.0,0.0016480939816005957,0.012571159060072112,0.0002855180125660439,0.024386594512697535,0.004586555529418668,0.0050014366608222005,0.0030582630134610156,0.008325777842850712,0.0,0.020068769224495853,0.0,0.016911022635199835,0.0,0.0,0.0,0.007547734794235872,0.0,0.002548714697390153,0.037240596982008434,0.0,0.0,0.0,0.0,0.0004890425095718243,0.0,0.03922199038494867,0.0069866921359196255,0.01544560450444088,0.023933584722862555,0.0,0.0,0.007741304451378994,0.005556843790679444,0.0,0.004970344014879835,0.0004193934624492357,0.0,0.0,0.0,0.00544614932740739,0.0020697994305223233,0.0,0.0,0.005912254409002671,0.01593546221526143,0.0011019447696201112,0.006706711509886887,0.018436496658846835,0.0,0.007012693042416807,0.0,0.01085129173670829,0.014179407866527605,0.0,0.0,0.04241854859115701,0.0,0.0,0.004482261505524221,0.0,0.014908075669346488,0.01732197360021459,0.023008976163787054,0.0,0.007320756904481307,0.009876771497034476,0.0,0.02578776591534826,0.028945368676529526,0.0,0.0,0.013028374912480878,0.015632700804052213,0.0027708443498326574,0.007391328484031234,0.010292297999383138,0.0,0.0,0.011150621158507512,0.0,0.0,0.020609821780545268,0.005219676675230822,0.0,0.0,0.0,0.0,0.0,0.0,0.009243247095647611,0.0,0.003188619066278875,0.0,0.00426956557805358,0.01688163724055247,0.018468123483337706,0.0,0.0,0.0,0.0,0.0,0.011536762036929993,0.020536940748419497,0.0,0.0,0.0025903736433674496,0.003559429980774631,0.0,0.0,0.0,0.0,0.0,0.0,0.0,0.00043125836275414997,0.004625771413047097,0.0,0.0,0.006646126279889586,0.007083890724254083,0.0,0.0,0.013055063911330933
56,0.0,0.014872447448952997,0.013182055603361498,0.0,0.0,0.0,0.0058622851700063094,0.010411427596793033,0.017392873627676053,0.0,0.021689063008214937,0.0022594629311001313,0.0,0.0,0.0,0.0,0.0,0.0,0.020555270647150792,0.0,0.00092871298488717,0.004816606278869706,0.002574708563060746,0.0,0.0009556581686327448,0.0,0.0,0.0,0.0,0.0,0.0,0.0,0.0,0.0,0.006094612374243802,0.012601881023961425,0.0,0.006583213957948253,0.011929619676809722,0.007288767225891668,0.0,0.0,0.0028528154680644846,0.022972463361135453,0.0,0.007138559412135592,0.01604274154313412,0.0,0.004981596120752663,0.03059550145022527,0.013852962970187122,0.0,0.02058263400187066,0.0,0.0,0.0,0.0,0.022445575099066417,0.0,0.0,0.006378775108645485,0.03928440115934961,0.004860817951066743,0.02107277519686157,0.0,0.005576070376721809,0.008723438846988785,0.0,0.0,0.0,0.0014954935560407279,0.0,0.01843608008860098,0.017929025458617076,0.001200284837531207,0.025040207042349216,0.0,0.0,0.0,0.0,0.0,0.0,0.0,0.0,0.02818813140744414,0.009534034779290046,0.004199336091640582,0.0,0.0005224414782087905,0.0,0.011961610441639792,0.0,0.016937778654173563,0.00599683217195679,0.0,0.0013066865400981342,3.25818170603398e-05,0.0,0.0,0.016818176548477837,0.016447212412201928,0.0082040730227666,0.0,0.0,0.0,0.0,0.0,0.0,0.0,0.0,0.004232433267032931,0.023712216721627932,0.004967242679317252,0.0,0.01585950045419171,0.0,0.0027921508659538574,0.0,0.011247543023872097,0.0,0.0,0.011162721494586414,0.0,0.010123192099616318,0.0
57,0.0,0.019498170853316843,0.007457132948997192,0.0,0.01596485960505234,0.01673828168820446,0.013204100170363553,0.008602684099089153,0.011635240367755095,0.00722315737331769,0.016264077475655725,0.0,0.008627966651129526,0.0,0.0,0.009367355743558292,0.026836049886857616,0.02455127201350127,0.0,0.008798582511087893,0.0,0.0,0.0,0.003527470941325106,0.011245445069671511,0.0,0.014766399306506806,0.008383071585203794,0.0,0.001187205123980739,0.0,0.004144064080854548,0.0,0.020994106250318723,0.006987748449124531,0.0,0.0,0.0,0.0010070129288877183,0.0014996453764308804,0.0,0.007250689586721926,0.0,0.0,0.008432584757313677,0.0,0.0,0.015509880135590848,0.008226245077501027,0.0,0.027603270091506538,0.008499045009136452,0.0,0.0,0.0,0.04241854859115701,0.022445575099066417,0.0,0.018935893867888076,0.018782628835567472,0.0,0.0,0.004549837457307859,0.010529890339944004,0.00851798838232476,0.0,0.015914861504450428,0.0,0.0,0.014133347960280318,0.0,0.017409891799489152,0.0,0.0,0.0026502646198593993,0.008687168396998679,0.0,0.008599790600844592,0.007520549942762855,0.0,0.0026104882678774644,0.0,0.016732832798086683,0.02420777180435607,0.0,0.03424292247533067,0.0,0.007346192715733224,0.0,0.0,0.0,0.020995315639877,0.0013790515396090441,0.0017078191718145064,0.01603547857059162,0.0,0.009201236249706035,0.0,0.019036937961947942,0.0,0.0,0.0,0.0,0.0313139211542417,0.011816258415709768,0.0,0.0,0.0,0.0,0.0,0.0253210588661803,0.0,0.01616142959901712,0.0,0.00041150034038395233,0.013857513223222817,0.0,0.008531299154556748,0.027929956046230053,0.02635414782354495,0.027292041439803683,0.0,0.0,0.0,0.0
58,0.012720042002581256,0.014541277461946223,0.0,0.0,0.03340968400618394,0.02332321762251066,0.00249845561013462,0.0,0.012636580683465404,0.0030663767096728023,0.0,0.0,0.0,0.009625065978043246,0.0014349050268984698,0.008352446589766416,0.03010926406038461,1.2348100668191364e-05,0.02094965401050608,0.004748197678804189,0.006322818922426698,0.0,0.038221730329988546,0.0030941373323845056,0.0,0.014241754937149409,0.006539140248937869,0.0,0.0,0.02758688192836445,0.0,0.006592129595961893,0.0,0.023415071767355577,0.0,0.0037014028055351034,0.0,0.0044095617793660224,0.0,0.011690281138159175,0.0,0.0,0.0,0.0,0.003098054074640366,0.0,0.0,0.027054806795502095,0.014960752423236023,0.02064143257076445,0.0,0.001186542897172238,0.00793286014997907,0.0,0.0,0.0,0.0,0.018935893867888076,0.0,0.0,0.00112465044324761,0.010785107564998064,0.037565589482548845,0.01810884307314531,0.015127927371908712,0.004258751711197384,0.004446688248336272,0.0,0.008667206975682795,0.0,0.0,0.01232079783226947,0.0,0.0,0.0,0.0,0.0,0.012215515943283073,0.005408086146768909,0.0,0.021186379478803197,0.0009791526019835572,0.0,0.06422372351264638,0.014192409271334583,0.044196657010553864,0.02189330725792349,0.0,0.04288288691674769,0.027124633447262347,0.024270853781708013,0.04275615589105275,0.10072370028124489,0.024558112311274805,0.013444413299525948,0.002738573809885736,0.013783572747034789,0.0,0.023217589730891497,0.025548293965627522,0.0,0.0,0.0012132030973255326,0.0,0.004735900900324275,0.006371322176021543,0.007937317563388113,0.007744346041636874,0.0,0.008546791287753486,0.0013285117886869813,0.029909771320652645,0.0,0.019078789254947104,0.010524553973946915,0.004011375425585939,0.011322376930809952,0.01007939572372063,0.030973544537282294,0.004496233462267796,0.040620672425017545,6.647146531335579e-05,0.042298778236007806,0.00809229620818197,0.0
59,0.004292826061227828,0.020978737247419055,0.019419807604879047,0.0,0.031761913198430136,0.015013070303688814,0.027682692339208614,0.01734445344300184,0.011526877691085957,0.030257605296185375,0.0,0.0,0.0008325600460992177,0.0,0.0,0.0041361588246138226,0.0023208887108427945,0.0,0.0018983904933316254,0.004382453808491782,0.004205754869920142,0.02816868515398241,0.015046116218893957,0.02180079129469803,0.0018737551947536346,0.0,0.0033336701348947173,0.0,0.0,0.0,0.0018701065753035095,0.001895550187492212,0.0,0.007522954267201953,0.017421128762870275,0.0,0.006904682573449783,0.0,0.0,0.0160982339722886,0.0,0.0,0.0,0.0008232776786725182,0.0,0.005451497342544798,0.0,0.0014667581213876346,0.023402957799667057,0.0,0.002326392146663636,0.0,0.011281747940767417,0.0,0.0,0.0,0.0,0.018782628835567472,0.0,0.0,0.0,0.010682546926850556,0.005066433169437445,0.0,0.002976008082857362,0.0,0.013657867462982587,0.0,0.0,0.0,0.0,0.0,0.02235715127557114,0.0,0.0,0.001883817242602781,0.006892392766555844,0.01638621103834037,0.0007040811921452672,0.0,0.0,0.0022078794008724145,0.004049038567026209,0.0036507253821662644,0.008993412427329872,0.0025747169991507945,0.0,0.020895297963211767,0.011135056635087182,0.01770807956682674,0.0,0.0,0.006362946428935423,0.0,0.0,0.0,0.007009507776431612,0.031544401632864094,0.008502386905600012,0.0,0.0,0.0,0.0,0.016041348203033046,0.0024223400889145097,0.01668608395274518,0.011780806914456043,0.02346907059240788,0.0,0.0,0.0015889123961629892,0.0,0.0,0.006956820436191613,0.0,0.002725593561283546,0.01389023107016829,0.0260907254548588,0.02166456542851236,0.0018939603707339714,0.0033231303511529475,0.014703691049949619,0.007677441552253583,0.010558699528284698,0.01785808870824468
60,0.0,0.0,0.010790301614914455,0.04102373061476605,0.008659948588646493,0.018040305537375012,0.009205975202177363,0.0193343876059906,0.008480192160393862,0.03164161032368007,0.0,0.0007307515398613518,0.007649554317350038,0.0,0.0,0.0,0.0,0.0,0.0,0.0,0.02144156720812518,0.0005169090142738142,0.0034632716535787367,0.033126424730522075,0.0,0.0,0.01475501566567683,0.01986210118805598,0.0,0.0,0.00611736996133061,0.0,0.011383092412147633,0.00525708260314417,0.0,0.0,0.039862917164673384,0.0,0.0,0.0,0.0,0.011718660967868999,0.008061088139786676,0.0,0.0,0.0,0.0,0.020406083658322416,0.012432292244344723,0.0,0.006567121565861811,0.0010131469528760206,0.015776781668821904,0.003270990660102946,0.014724568089278023,0.004482261505524221,0.006378775108645485,0.0,0.00112465044324761,0.0,0.0,0.0,0.0023040680085646414,0.021501147637223994,0.002581839171101663,0.0,0.0,0.008321455023688529,0.0,0.0002116012122890254,0.0,0.004129470119437428,0.025151851867904362,0.005815045411858399,0.024634804856746406,0.02701286318955365,0.0,0.030097001989388694,0.0,0.007307582706726379,0.0021255324515916385,0.0,0.0,0.01898495156630542,0.026327714979076156,0.0,0.023112207288867204,0.01673882089091272,0.0,0.0,0.0,0.0,0.02613018980061188,0.02234045541932339,0.02102259282408081,0.012451969524111206,0.0,0.0,0.010632063051581042,0.0,0.01278973845406739,0.012872979474555457,0.0,0.0,0.004108365685492998,0.006915858762074123,0.014580270152709573,0.0,0.019986899679452108,0.012139492445091271,0.00939422458069128,0.01913593889898557,0.005528216019380139,0.0,0.003827786044664272,0.015169185779896566,0.00032636442645195274,0.0007248037025480158,0.0,0.0,0.0011917454362020408,0.0,0.017873082212714664,0.008213348417526412,0.0012530815201490242
61,0.0,0.003109024573963559,0.0016530296506216402,0.012780388163126766,0.004174624691089868,0.016464196106103834,0.0,0.012959804272488107,0.019767141078165906,0.0,0.0025732903317567946,0.03573386123344413,0.019072416625265376,0.015132553994481768,0.014596356554820389,0.01347070599265976,0.0,0.028037544671805747,0.0,0.0,0.013375967018090407,0.0,0.0,0.0074780105972118704,0.0,0.01038486683883999,0.0067622069843586985,0.0041864885145797,0.011490072846294552,0.009087548185058303,0.02020296061479243,0.006124372599466632,0.0100774670361794,0.0,0.004182113382288577,0.0,0.009342478711738877,0.0001926765786359752,0.007590043737688568,0.0,0.025248953602997837,0.0,0.0,0.0,0.0143121969842257,0.033117119143883045,0.0,0.0,0.0,0.0,0.0,0.0,0.0,0.0,0.005237401013131304,0.0,0.03928440115934961,0.0,0.010785107564998064,0.010682546926850556,0.0,0.0,0.0,0.0,0.01011085425243774,0.015699315659420066,0.004530930891316842,0.016358683225202952,0.012680606273741901,0.0,0.0,0.018379859513189878,0.0,0.017481602853061773,0.003377426455605459,0.0,0.009094794388198046,0.015577177096946393,0.010844918090025857,0.02122523810313659,0.029463855518641502,0.0,0.008059922865292002,0.00018615082983597375,0.014091206206741091,0.0,0.019784789445801643,0.018306127727799826,0.0,0.010161219691634749,0.01443843800702549,0.009784889433680277,0.0,0.00511569554884872,0.020243293988404965,0.0,0.006024817743058186,0.00029590300678350445,0.0,0.0,0.03010634322878758,0.006138268331459251,0.022933073629371137,0.026057798794669296,0.020552748672561627,0.0005198992734207764,0.0,0.008087888426626222,0.0,0.003215692330797104,0.0,0.0023259112560332085,0.027930266588666264,0.0,0.0086213743220247,0.0038519259845966047,0.004595489662018615,0.013518463063515895,0.006567803290045582,0.02171356691289006,0.013427233733795951,0.011844642766373426,0.0021353408883006963,0.0,0.010355764516754462
62,0.0,0.0,0.03367268722807015,0.0016603026958454947,0.015327781295496834,0.0,0.0,0.003475974192999054,0.0,0.01508520786259826,0.012201002499660163,0.023827023070643882,0.002514911318944435,0.0,0.0,0.00918456771375542,0.0009404843034088728,0.009932733780772196,0.0,0.0,0.0029007891901908778,0.04383739365121908,0.0,0.010738781281079746,0.0,0.01483479406941246,0.024691068338834832,0.0,0.0002676080703007955,0.00944202704428232,0.0,0.0,0.0,0.0087611843387565,0.020276501640744016,0.001187649358314502,0.004611693447190923,0.026120307585133062,0.005016217600404715,0.02021405664547471,0.0,0.026789017665860726,0.0,0.004783918691679823,0.0,0.010779114225909936,0.0,0.013443741361224504,0.0008593834179375648,0.017166002535067726,0.020416681679222393,0.0,0.0,0.0,0.0,0.014908075669346488,0.004860817951066743,0.004549837457307859,0.037565589482548845,0.005066433169437445,0.0023040680085646414,0.0,0.0,0.006810840295068843,0.019965140772947976,0.0,0.0,0.024726861951704038,0.0,0.014839482147336547,0.006283206436959787,0.00603556026662222,0.01449474627087799,0.011235663842578347,0.010259126472009328,0.018672229218442027,0.0,0.010421452584322033,0.0,0.0,0.0,0.0,0.0,0.0061413803770182795,0.006451035014394257,0.0,0.0,0.0,0.0023770232290267757,0.007044275541294276,0.005187199019524691,0.025839750095705938,0.01357553511943621,0.0,0.0,0.0,0.0,0.00415461663917327,0.035518254859776555,0.003045469933411482,0.004393463760664851,0.0,0.006979631540235509,0.0039480908223348266,0.010986370105212195,0.008811176603465753,0.0,0.0,0.014260571581754533,0.0005334287162499507,0.0,0.00025772735834017624,0.02249160054306465,0.009198587550672599,0.013168403503140524,0.014433976498168022,0.0,0.011246742301084467,0.0,0.0,0.0,0.0,0.02328174084704937,0.0,0.0
63,0.0,0.0,0.0,0.0,0.00029163406032317596,0.016612843980241543,0.0,0.0,0.010415467488648744,0.004464193315041776,0.0,0.0,0.0022241721717195517,0.0009537877251668547,0.0,0.006687227730685308,0.0,0.02816985496993496,0.0,0.0,0.0,0.002538127669853729,0.0,0.0,0.012723491872953296,0.0034303016765813155,0.010913631759458475,0.003555455619609127,0.0023602116363266035,0.0,0.011315765753653118,0.019623270437583606,0.0016809253035106053,0.034265060643124734,0.0,0.019141468793097083,0.013559210775607511,0.01799257167211543,0.006430106135634439,0.0,0.004417716281626127,0.011954923218254088,0.0,0.0,0.032769739695338806,0.0,0.007748390240987391,0.0,0.006529751527817318,0.012874503180877461,0.0017019591790585764,0.033037939914397185,0.009363849167669969,0.004135853941304113,0.026491800584205194,0.01732197360021459,0.02107277519686157,0.010529890339944004,0.01810884307314531,0.0,0.021501147637223994,0.0,0.006810840295068843,0.0,0.0,0.0,0.002029651450890846,0.0,0.021461677544962754,0.0,0.0,0.0,0.0,0.0,0.013735405363813236,0.01767839148922512,0.007019467893473852,0.021902182961608396,0.0,0.0,0.0,0.0,0.0,0.03157567466789679,0.0,0.0078957534270927,0.0,0.01106791505599869,0.02621823520090416,0.002745446496846604,0.0,0.0,0.013209825377880513,0.02637216312989832,0.006985164354574636,0.025011625255121572,0.0,0.0,0.0,0.01694142379328678,0.013758436209874603,0.0,0.012912091834171413,0.0,0.0,0.0,0.01155872210998421,0.011574861769954481,0.007600697571704451,0.01255276744752365,0.0009182856440448361,0.0,0.0,0.0,0.0,0.0,0.013109828037029203,0.0005898042282410643,0.0,0.022366320590021083,0.0,0.016103704621020398,0.0,0.013616864344419,0.0
64,0.0,0.0071620907311809034,0.0,0.007310600742531648,0.01552095847238899,0.0,0.017684809754754838,0.006339474309938531,0.0,0.027043158053271732,0.0,0.018046656640312797,0.0,0.0,0.008985273867681443,0.0,0.018520929609260328,0.0,0.0,0.0004412551073533777,0.0018721678005393372,0.0,0.002550909370513388,0.015612568159347084,0.0033021343604566766,0.01132514714705568,0.0014052099364070259,0.019331904188255145,0.0,0.0,0.0022392606598140574,0.0,0.0,0.01468866810532532,0.0,0.0,0.0213089882905253,0.0,0.0,0.013162989991835072,0.0,0.0,0.0,0.005251504821601749,0.017551316799733208,0.010992155061869013,0.0,0.006088591665395882,0.006746788983200247,0.008554984143186672,0.0,0.0,0.0021900600528246272,0.021177189066601265,0.0,0.023008976163787054,0.0,0.00851798838232476,0.015127927371908712,0.002976008082857362,0.002581839171101663,0.01011085425243774,0.019965140772947976,0.0,0.0,0.028716017001809035,0.027694152597366184,0.002838493470105341,0.0,0.007873385286187862,0.0,0.0,0.0,0.015937422644225485,0.0,0.0,0.020851457415595576,0.0,0.0,0.0,0.006871046393051472,0.0,0.005644451475852463,0.018399808927699546,6.474483225105132e-06,0.015375908120693005,0.0,0.01707271688452039,0.022484355548892943,0.02639715319634739,0.011609389237771772,0.010719907898011805,0.022992399961507815,0.0,0.00934397372757445,0.006318575213907884,0.003775283204474178,0.011350651464189454,0.00975850814446666,0.028192566902155214,0.0,0.0,0.042359089574192765,0.012635224401175371,0.0028932529392484696,0.020798727963869723,0.00914281053431587,0.01849394705805274,0.0,0.0,0.008487083627824354,0.0,0.0,0.003948996787761949,0.004678251290634705,0.008112769070972803,0.022699119222973962,0.0,0.0,0.0,0.0067625515006106696,0.0,0.019227111620365278,0.0050088380377708575,0.0
65,0.00040446210775213487,0.0,0.004711338000072729,0.0,0.0077862361145744075,0.02679116316492003,0.0,0.0,0.007899199512201527,0.0,0.0,0.010553791437081905,0.0,0.013728122416670985,0.0,0.0,0.0,0.008449916933618518,0.0,0.0,0.0,0.011902470043119173,0.004256038980836152,0.0,0.0029365673007140103,0.007122464557998143,0.0,0.0,6.408457295759007e-05,0.0,0.0,0.01227336402393231,0.0,0.0,0.01191679368042653,0.006814938789223568,0.0,0.0008032310029522094,0.014789367738537784,0.01722753248195108,0.015910946523924885,0.00174399047897289,0.02124720405971825,0.0,0.0,0.0,0.0,0.0,0.049285096788018734,0.0,0.003773068536206736,0.0,0.001087327154468909,0.0,0.0012134994915236064,0.0,0.005576070376721809,0.0,0.004258751711197384,0.0,0.0,0.015699315659420066,0.0,0.0,0.028716017001809035,0.0,0.03460913616252448,0.0,0.0,0.0,0.006396373026015034,0.022735239536360474,0.026417196470367443,0.018746759890755804,0.014358082029128028,0.0,0.0,0.008565850554303367,0.0,0.0031919371402819863,0.0,0.0065828120726445505,0.0,0.0,0.007885389043819302,0.003031911721159908,0.01519721267185048,0.006211633077088052,0.0,0.0,0.003009777149774351,0.0,0.0023254234674698893,0.009103391803596317,0.005431050577266561,0.0,0.0,0.0,0.0011945592851834164,0.0,0.0,0.00022170678980337755,0.0,0.0,0.0,0.00507866296844206,0.0010572263085064648,0.0035707816457160035,0.008273134027480644,0.0,0.0,0.0046817309450837286,0.0,0.0,0.0,0.0,0.0,0.0,0.005336171636789899,0.01478609416379495,0.0,0.0,0.017742345933327464,0.015440499729145074,0.017885524406719533
66,0.0,0.004381369372324251,0.0,0.024401463521590117,0.0,0.0,0.0,0.0,0.016519123580470918,0.007285514562244799,0.0,0.001042167575473485,0.0,0.0,0.0038483495616468133,0.0,0.007138959252608323,0.026573323980620067,0.0,0.0009215161959170715,0.004665935016010536,0.03048957890912707,0.0,3.931396182288438e-05,0.014898729774932562,0.007072397220598603,0.0036409330833988562,0.01692714597343148,0.0,0.0,0.0,0.00681148440706103,0.0,0.0,0.01701788787775005,0.0,0.0,0.0,0.0043518157781949895,0.018663678144446916,0.014763128147438742,0.011507171852391807,0.002137990052737848,0.0,0.0022455084003247805,0.0,0.017347128980688353,0.0,0.0,0.018255603051167135,0.01576983580747715,0.02104797927891333,0.007623999017690508,0.02351784869182616,0.03527300026674851,0.007320756904481307,0.008723438846988785,0.015914861504450428,0.004446688248336272,0.013657867462982587,0.0,0.004530930891316842,0.0,0.002029651450890846,0.027694152597366184,0.03460913616252448,0.0,0.007118164099691349,0.002661056310743426,0.0,0.0,0.017560306733487963,0.0062597989058224,0.0,0.01567329751659674,0.0,0.005700594070482623,0.04216010116626734,0.0,0.0,0.02659310409445048,0.0,0.0,0.013004505352252949,0.0,0.0,0.02258104494686375,0.012512731503178998,0.009263647132226716,0.01002692937832439,0.0,0.009921270331473941,0.0,0.010154041389688118,0.0,0.0,0.000774644359943899,0.031166263694242247,0.0076994281733515635,0.007300423258957522,0.005005176216092977,0.01247167893829726,0.003942743453762887,0.0,0.007902051669097965,0.024775528608469877,0.0045388302335931385,0.003645184329901241,0.0,0.0,0.0027702550403017057,0.0,0.01459824929373088,0.0,0.0,0.0,0.0,0.0,0.0,0.008164115848527942,0.0,0.0,0.0,0.008874099813432679,0.02472415446991416
67,0.0,0.01250548515773442,0.00812034134456674,0.004349012051254597,0.0,0.02351055511496636,0.0,0.0049014032587964,0.0,0.0036553571760293835,0.0,0.021297732056874352,0.0,0.0,0.0315980800956801,0.00727713054894874,0.0,0.007360240587033218,0.002048307779510594,0.0034001250589312804,0.0,0.0,0.01203156108898451,0.0,0.03746904185659261,0.013398216233364124,0.0,0.0231863539418109,0.0,0.0,0.0006872062218175046,0.022375070591561297,0.01770771861854392,0.0,0.0,0.0,0.0,0.0,0.006406278648917407,0.014817216286043156,0.021153697033785335,0.0,0.022436030721823208,0.0,0.00799314704036469,0.025204210933671867,0.0,0.0,0.01244119179236236,0.006242173720308664,0.0,0.0,0.0033760370229627412,0.004109417488832534,0.0,0.009876771497034476,0.0,0.0,0.0,0.0,0.008321455023688529,0.016358683225202952,0.024726861951704038,0.0,0.002838493470105341,0.0,0.007118164099691349,0.0,0.013622972009538437,0.0,0.0,0.0,0.013801450603510013,0.014842253630021673,0.00575796051134958,0.003922195476584456,0.0,0.018382855751527316,0.0,0.0,0.0024111731300573425,0.005150852527966876,0.00823777069327214,0.0036516048058867767,0.01023061238040679,0.01398513107380861,0.012789044432916619,0.01612923904757224,0.001525908541939458,0.0,0.013259501484428782,0.0,0.016157939088296658,0.015123144912189801,0.005341451451369217,0.0,0.014247037827310294,0.0,0.019031935374196784,0.0007600220350516551,0.013012201103789423,0.005549788063673233,0.0,0.00911938762353337,0.0010123481248562882,0.0,0.002992111652051932,0.0,0.003026868649470771,0.0,0.004746241206365909,0.007996293975289781,0.007843999245253919,0.0014064970395581966,0.01818129946385305,0.0,0.016076710017676632,0.024901435988295084,0.0,0.014201899400747564,0.01400611935120466,0.009294087217365465,0.0017739680556223547,0.021142631229672304,0.0
68,0.004192928646623351,0.0017200480139321073,0.015800820991929143,0.002666976304135815,0.007496051169741058,0.0,0.009700521895999792,0.024197509619472868,0.0,0.0,0.014786206665473145,0.013224840689703754,0.006868696134443297,0.0,0.0,0.0,0.0,0.010155295188507552,0.013839245785234766,0.0,0.0,0.0,0.010601530999888809,0.009493058164292023,0.004110518542496777,0.003415281642632273,0.0,0.0,0.00031357499747564077,0.0,0.007276281231331616,0.0,0.0,0.0034389265275738268,0.001972550484552471,0.004061407374049253,0.0,0.0,0.01054906638685793,0.0,0.00862471249312513,0.0,0.0011510677955914872,0.022660480108247505,0.007100501741994947,0.0,0.0072153032163191355,0.008527106200663326,0.004103417804286913,0.00301520311393233,0.0,0.02579084691742839,0.008130891739363655,0.008461800209423664,0.0017133668723916529,0.0,0.0,0.0,0.008667206975682795,0.0,0.0,0.012680606273741901,0.0,0.021461677544962754,0.0,0.0,0.002661056310743426,0.013622972009538437,0.0,0.025605974681329968,0.009149675070432295,0.0,0.023516449824062313,0.0,0.007165776482207065,0.0,0.0,0.011196631686067882,0.01087385620755299,0.024308722831422713,0.02264306151343387,0.0,0.0,0.004046745861998602,0.0,0.03259612569924375,0.0,0.008351798204191851,0.0017098160256248107,0.0,0.0,0.0,0.02533355577469898,0.02120290794216384,0.0,0.01882457491851408,0.0,0.0,0.0009801554588566574,0.008119530003451558,0.012419765477002187,0.0,0.029531834149861602,0.0,0.008660424545662515,0.0007690059646785485,0.0,0.029376029208417975,0.020872331083136686,0.020385378045957303,0.011050210094186497,0.0,0.010706049475627921,0.0,0.0,0.02010942545005978,0.0,0.01770393855282837,0.0,0.01470964959171539,0.0,0.01275896475548155,0.0050613422828558186,0.01819804075293696,0.0
69,0.0006803790638683083,0.0,0.007176010248449494,0.0,0.008283921121783777,0.002561199546206261,0.0,0.00024778728328733735,0.01827533558344996,0.0,0.01610746037355515,0.018804980812358707,0.008325372366503991,0.0,0.006675167212092603,0.0,0.0,0.0,0.0,0.0015730319725264508,0.0,0.0,0.0,0.015276595713687335,0.0,0.013896828561909658,0.02254112957254062,0.022825848113802394,0.0,0.014860908231727699,0.026665629967745907,0.015812658878425978,0.00017769903594277991,0.0,0.0224490996387523,0.0,0.0,0.019273564395478893,0.03219139167917451,0.0,0.012597819188284731,0.0,0.011352064390241168,0.0022968486173446934,0.0,0.0,0.0,0.018538677338153953,0.0,0.017486203132148326,0.021455928583843153,0.019192611341829924,0.0,0.025666487404911287,0.009545745898271285,0.02578776591534826,0.0,0.014133347960280318,0.0,0.0,0.0002116012122890254,0.0,0.014839482147336547,0.0,0.007873385286187862,0.0,0.0,0.0,0.025605974681329968,0.0,0.0033293389423745268,0.015016280692480954,0.0,0.00669711179434529,0.012053836294565912,0.0150132208806113,0.0,0.014690280570832215,0.00024582179214593936,0.022311144012001627,0.0,0.009020184447988022,0.031203322130732403,0.0,0.0,0.0,0.0,0.0,0.0,0.0,0.0,0.011477837201409713,0.0,0.0,0.00492918713367807,0.0,0.0071159254943706785,0.0,0.0,0.006253689412169194,0.007245065770776549,0.0,0.016796000402716338,0.0,0.010861602569589124,0.0,0.0,0.014664910573827683,0.0,0.028793749946846248,0.0,0.009152954640010869,0.0,0.01035733060901034,0.03083938836880762,0.0,0.0010731699030328556,0.009238677778485638,0.0,0.021308130295902394,0.00419254465983343,0.0,0.0,0.019847052197843773,0.0
70,0.019067220721726397,0.0,0.0,0.0,0.0,0.0011334073817765855,0.0,0.0,0.0,0.0,0.0,0.02170022638161484,0.01008540338030528,0.009734795076417946,0.0,0.0,0.0,0.0,0.0,0.0,0.0,0.014006932599269106,0.005929821078737518,0.0,0.0,0.0328074464606809,0.009531676085421381,0.030425102471550503,0.0,0.0,0.0,0.0,0.0,0.017684684328911793,0.01752909675280634,0.006017609870768936,0.02859440648823952,0.012630415788677851,0.0,0.0,0.012696792507506771,0.003329164510470939,0.0,0.005418148572532644,0.0119289372679523,0.0,0.00438861367230281,0.024693767305626224,0.0,0.017961811250602366,0.0029182530561779885,0.0017104188965113565,0.007892877175096125,0.008883008013454763,0.0,0.028945368676529526,0.0014954935560407279,0.0,0.0,0.0,0.0,0.0,0.006283206436959787,0.0,0.0,0.006396373026015034,0.0,0.0,0.009149675070432295,0.0033293389423745268,0.0,0.0020500296492897974,0.0,0.0,0.001637148651207454,0.011344356369713537,0.02096442046636504,0.01384499879838863,0.005485614843772524,0.000988688510641822,0.006741004464575262,0.013447979436344681,0.012399212799067527,0.021835780586473064,0.0,0.0,0.017782723122217625,0.0069460687721401015,0.03818794354891519,0.0,0.0,0.0,0.0,0.028655728579027873,0.0,0.0,0.0,0.007622785163702517,0.0,0.0,0.018524160540410506,0.0198108152325549,0.0,0.0,0.0,0.009912217293926773,0.0,0.0,0.018873835796397564,0.0011200556870996081,0.0137959827833809,0.0,0.0,0.0,0.009725921179785324,0.0034909282063368963,0.0006856682356959354,0.01954673830096798,0.00926875033170571,0.0,0.0,0.0,0.0,0.0,0.0
71,0.006785214747301538,0.0,0.01869522048260741,0.02034633387243101,0.0,0.002260766911376777,0.022139537530472708,0.0,0.010968546809194457,0.004215081387844322,0.009859408101670297,0.0078251980128341,0.0,0.030789282488314917,0.0,0.0,0.0,0.0,0.005402776594799263,0.0,0.0,0.0,0.01654662951439967,0.0,0.018240097431325708,0.015741956036049665,0.01938489340377103,0.0,0.0006115878829984212,0.013268605183208493,0.0,0.010638885044067514,0.0,0.0,0.0,0.0,0.0,0.007038283353001162,0.004939070393978007,0.03289158222961985,5.47441123677217e-05,0.0,0.017183945976443127,0.004591884902747978,0.0,0.012539293954259456,0.03659694968887006,0.012259666425855187,0.0,0.02635275066565068,0.0,0.0,0.04960839160878816,0.0,0.011574596868653586,0.0,0.0,0.017409891799489152,0.01232079783226947,0.0,0.004129470119437428,0.018379859513189878,0.00603556026662222,0.0,0.0,0.022735239536360474,0.017560306733487963,0.0,0.0,0.015016280692480954,0.0020500296492897974,0.0,0.0,0.0,0.017511038088173336,0.008101663665047276,0.0038626784374917733,0.01162401713718264,0.0,0.0,0.0,0.0,0.011478974225200389,0.0,0.014352917467933324,0.0,0.0,0.0,0.003316385774659203,0.03197361031639545,0.015446079275162283,0.011704537565650597,0.007453752723884044,0.02291520411798409,0.017796934389108898,0.008696775679887025,0.003223775319639799,0.006622485348626306,0.031231047218823527,0.0,0.0,0.003258250633741966,0.016658870007014492,0.01578277015029439,0.00514563292012582,0.007120201596087838,0.021201304967873646,0.0,0.009232735152779448,0.0,0.006277941481338978,0.002882943304765462,0.0,0.0,0.014736919154633377,0.0,0.01364946762654018,0.0,0.011734818558049476,0.008191059617433716,0.011955308225277683,0.0,0.0,0.005858182100079823,0.0
72,0.02341330411385867,0.0,0.0,0.013316000930307048,0.025011113939615193,0.009418209335363414,0.014603019061558697,0.006728024361856377,0.0,0.007708921186478257,0.005355643779597408,0.0,0.0,0.025953353134290147,0.026598043526773196,0.00942595807819746,0.0262445660261017,0.006828371852938275,0.0,0.0,0.01387596184956763,0.02463351716332962,0.0,0.010774612378421367,0.0,0.02098508399043375,0.0,0.0,0.01816089016194322,0.0,0.000459205872272328,0.018453999872031446,0.0,0.0,0.0,0.00972999223306914,0.006360082684055968,0.0,0.0014129371949715974,0.01753235044689827,0.0038655959206543855,0.0,0.01478970249538758,0.013369426516679717,0.002983255895918191,0.0,0.01224788903170193,0.0,0.0,0.0012541668242826987,0.0,0.009458274079941376,0.033200894770129885,0.01344398631360022,0.0,0.0,0.01843608008860098,0.0,0.0,0.02235715127557114,0.025151851867904362,0.0,0.01449474627087799,0.0,0.0,0.026417196470367443,0.0062597989058224,0.013801450603510013,0.023516449824062313,0.0,0.0,0.0,0.0,0.0,0.0,0.0,0.001370582724036673,0.011552822574250499,0.011770338398191527,0.012706168201781054,0.0,0.004383724732655914,0.010568396986745832,0.006277243631325646,0.0,0.0,0.005041163768016332,0.01524594565773274,0.026406453964563426,0.0,0.0,0.0,0.0,0.0,0.0,0.0,0.02179680751393498,0.0,0.004151543836574234,0.0,0.0,0.006493573134051189,0.000411628626142857,0.0,0.0,0.030531367461728465,0.011155056536249042,0.003531502799993369,0.017423100674344383,0.0,0.02690520521933948,0.026463747911337876,0.0,0.023276220244201618,0.0,0.0,0.024812301910282386,0.0,0.0,0.013353096242084916,0.0188804648071228,0.008477882299836814,0.0,0.013809461239760346,0.0147520138490016
73,0.004896491678925141,0.0010426074927458728,0.0,0.007743475637859376,0.01567550266421236,0.0,0.03673129981126788,0.0,0.021005060594786684,0.0,0.008268599451792369,0.014980321908773853,0.0402738673778229,0.0,0.006993003648228857,0.017994254700198553,0.0,0.0,0.0,0.0,0.012651763837550511,0.0,0.005970637659996392,0.0,0.0,0.0,0.010661569563341189,0.0,0.012241088563964553,0.02617246798274664,0.022003834127553468,0.0,0.0019203355690882162,0.018766362777657974,0.01371828677335607,0.0,0.014219441171186453,0.02396902419746816,0.016584555931258294,0.0027380797046592242,0.002985769370276614,0.005957513538676018,0.005330941419534163,0.0,0.006250334844429162,0.008778484113523,0.0,0.011680834214105928,0.0,0.0,0.0038034002110647336,0.04147379641314597,0.0,0.0,0.0,0.013028374912480878,0.017929025458617076,0.0,0.0,0.0,0.005815045411858399,0.017481602853061773,0.011235663842578347,0.0,0.015937422644225485,0.018746759890755804,0.0,0.014842253630021673,0.0,0.00669711179434529,0.0,0.0,0.0,0.0,0.005231910241871418,0.024044017837216103,0.009560486883524177,0.0,0.0015934077826758042,0.002132145985038747,0.026716363698042755,0.020969831622626778,0.0,0.02647638606870295,0.0,0.0,0.006323269116498942,0.0,0.0,0.0,0.0,0.016519964625934414,0.0,0.013445783211041729,0.014966286540131435,0.0,0.006996486646124289,0.012598369187757363,0.0,0.0,0.015504647410961248,0.0,0.0,0.0,0.028137066234448227,0.009860871457207487,0.0,0.0,0.0,0.0,0.0,0.020261820071811876,0.002600504939819004,0.0,0.0,0.010248246196401745,0.0,0.0,0.0,0.006934146069299096,0.016192126455648825,0.0,0.0,0.0004838438240781784,0.0
74,0.0024098008380262215,0.014817455254327427,0.0,0.03216202166288884,0.009810319895284358,0.0012507762045608217,0.021166865222436826,0.0,0.0,0.0,0.0,0.029834734348180625,0.0,0.0012031357527826358,0.012294802379538616,0.0,0.0022821409835840356,0.0,0.0227917985077557,0.0,0.005065762480766622,0.01679237649323273,0.028088090551116274,0.020380029133007405,0.012074039914669932,0.0,0.010834510330713698,0.020690118827423554,0.0,0.008352114417717438,0.0,0.0,0.017190075925173964,0.0060167893707241404,0.013846796098856196,0.004878044927200342,0.00541593054667544,0.001229452505276285,0.016049040023491834,0.0,0.002488430909208361,0.0015548368526721035,0.007376567037799653,0.0,0.003038126521655471,0.015387286153199398,0.0,0.0,0.01689310831676316,0.0,0.0,6.321571435830009e-05,0.02097908098144341,0.0029078878920021367,0.02012936093757567,0.015632700804052213,0.001200284837531207,0.0026502646198593993,0.0,0.0,0.024634804856746406,0.003377426455605459,0.010259126472009328,0.013735405363813236,0.0,0.014358082029128028,0.01567329751659674,0.00575796051134958,0.007165776482207065,0.012053836294565912,0.001637148651207454,0.017511038088173336,0.0,0.005231910241871418,0.0,0.011054079653090909,0.007853070389431949,0.0,0.02058067268854824,0.0,0.0,0.0,0.0,0.00453951730524782,0.006711976543523512,0.0,0.02247747454614757,0.0,0.011397093376203316,0.0,0.0,0.0,0.017988200337585525,0.029653680002861726,0.0,0.016680198814850833,0.013359666298344841,0.03991393231313545,0.005802683861052316,0.0,0.01792248065820612,0.0,0.01113190617356885,0.0,0.0042845327642364595,0.0,0.0,0.0,0.0,0.012340545631540856,0.027472295213669007,0.012357086014508134,0.0,0.0,0.0,0.005114120513115772,0.0010417577089523178,0.01276032521931203,0.0,0.009860475810413938,0.015544431221004906,0.03979727514544695,0.0,0.0,0.0
75,0.0,0.010582789543999382,0.0,0.0,0.01533752101038921,0.0,0.0,0.0,0.01226045047250679,0.0,0.0068890752565407,0.0,0.011533725937224126,0.0,0.0,0.0,0.010175562702718466,0.013112250937195924,0.0,0.0,0.010697111021004346,0.012094141690751847,0.0,0.01812083736676051,0.0,0.011226628421363571,0.005850285369000119,0.01022140257835602,0.0,0.0,0.0,0.0,0.0,0.0,0.0,0.005117727088892465,0.025487785899644955,0.0,0.0050285164681271866,0.0,0.0,0.004531212249877292,0.01288892613118886,0.0,0.002741195578713551,0.012820344635044556,0.037512159617066665,0.0,0.0,0.009089123157456136,0.01510431609631091,0.0033917168301123013,0.0,0.0,0.008043741346782873,0.0027708443498326574,0.025040207042349216,0.008687168396998679,0.0,0.001883817242602781,0.02701286318955365,0.0,0.018672229218442027,0.01767839148922512,0.0,0.0,0.0,0.003922195476584456,0.0,0.0150132208806113,0.011344356369713537,0.008101663665047276,0.0,0.024044017837216103,0.011054079653090909,0.0,0.018748021653741453,0.02869627348701531,0.0009869477626232026,0.01826552020936667,0.0,0.008498368219392205,0.02254552205565563,0.022181740098284664,0.0027974121711542566,0.021188734257362896,0.0016002471621439085,0.013976551596436515,0.0,0.021733293649656815,0.0,0.0,0.0,0.020693255625814366,0.007919319028754757,0.038984843787085666,0.0,0.0,0.00250774879024096,0.0008775130350864302,0.023905194527814366,0.0,0.0,0.02023997932871513,0.0,0.0,0.0,0.01580411464058873,0.004855166400713706,0.006670272189942317,0.0037859899417149734,0.006935004183870497,0.0,0.0,0.012636794259929474,0.009238636581908821,0.009903736502462124,0.003626057859628773,0.00796582329809059,0.005162251705877807,0.0,0.0,0.026741895093347345,0.011964019608501353,0.0
76,0.0,0.015654860829615203,0.01732128275507705,0.0,0.0,0.0,0.004676763919177596,0.0014590332717583365,0.011912043688000473,0.015043722706736595,0.013709653821837975,0.011577321894693071,0.003880382859814624,0.010330450491879972,0.00447910288156006,0.017809660416315154,0.020013300239302367,0.033033419300656064,0.028350953904245912,0.01243805622253813,0.01229618713267655,0.006808401099309691,0.0,0.00540689937247496,0.0,0.0017635838094092193,0.005288954571113891,0.019330510025513448,0.0,0.0,0.025334124413625148,0.0,0.0016405964742816082,0.0030104199081675276,0.0,0.0038352594230399717,0.0,0.0,0.0,0.0,0.0,0.014867321961686386,0.004318245616550698,0.0,0.0,0.005354364174966264,0.0,0.004631346818742443,0.008244912429341333,0.02347167523578353,0.0,0.0,0.0,0.012347730535218204,0.016040964205692454,0.007391328484031234,0.0,0.0,0.0,0.006892392766555844,0.0,0.009094794388198046,0.0,0.007019467893473852,0.020851457415595576,0.0,0.005700594070482623,0.0,0.0,0.0,0.02096442046636504,0.0038626784374917733,0.001370582724036673,0.009560486883524177,0.007853070389431949,0.018748021653741453,0.0,0.019725073775938462,0.0011944212748700167,0.007499677341875177,0.003077819105314461,0.03319776625569126,0.02451314875459154,0.007751200240810441,0.0,0.0,0.0040334259889514,0.0,0.0,0.002585092204020256,0.0,0.0,0.0,0.007212068113540582,0.0028462899073016246,0.015191228115616795,0.0,0.025506992401664874,0.028792634322869937,0.005788465975580692,0.013082077097991807,0.0,0.0,0.02663267613323228,0.0,0.005619244610618246,0.0,0.0041684617935393575,0.01536195146054542,0.0,0.021022716978088773,0.0075444081801450125,0.0,0.015057761409345893,0.01928987314174968,0.0,0.0,0.0,0.0001323355783178215,0.0022854682403652404,0.005176696322932273,0.002197718585967401,0.0,0.002342178364332703,0.0
77,0.0,0.013585596178855575,0.0,0.0,0.007463052621004884,0.011928483547656299,0.01040805522801147,0.003947338517000354,0.0,0.0,0.0,0.0,0.0,0.010107487596920706,0.026485423061251012,0.0,0.0,0.0,0.0,0.01846226604786505,0.0,0.01487453059908539,0.0,0.0,0.02028068620127943,0.024763237546739703,0.003973157295898311,0.022062178679305156,0.017515935022609952,0.012650231728563277,0.0,0.0,0.0016113496925891369,0.0,0.0,0.0,0.0,0.019816656477394723,0.01092586869940071,0.0,0.02279460250379195,0.005458341031873815,0.005742514513626951,0.0075029316397117185,0.0,0.0,0.0015436563420241356,0.021823131585508193,0.0,0.014948879266942328,0.010201623501619572,0.0,0.0,0.0,0.031325270616936685,0.010292297999383138,0.0,0.008599790600844592,0.012215515943283073,0.01638621103834037,0.030097001989388694,0.015577177096946393,0.010421452584322033,0.021902182961608396,0.0,0.008565850554303367,0.04216010116626734,0.018382855751527316,0.011196631686067882,0.014690280570832215,0.01384499879838863,0.01162401713718264,0.011552822574250499,0.0,0.0,0.02869627348701531,0.019725073775938462,0.0,0.005576377215350092,0.046106169608092884,0.0002951347614441602,0.007281923634613996,0.029333631570279017,0.027983441048943902,0.03603838918630675,0.024863688221077318,0.007612659105094899,0.004461158697548484,0.006615861614388763,0.008218088777629085,0.004499625559467368,0.0,0.0,0.0,0.010103753997841913,0.0020457682003067745,0.003560811806149644,0.009151980281064453,0.014223842806318387,0.01858197618655666,0.005829498466100702,0.0,0.028390638070426633,0.020767869956305418,0.0,0.009483191618532949,0.0,0.0,0.02040385715709636,0.005224055477924594,0.0,0.00660738574321762,0.0,0.0,0.013265114104238585,0.0,0.02748351697640583,0.0,0.010384853474851852,0.022082731064494432,0.0060615467043625415,0.024352329732713507,0.0,0.03428150002887964,0.007486208491421564
78,0.0,0.0,0.02319897628236678,0.0,0.011887935265541216,0.03779607768200588,0.008691671808477075,0.01817374398091154,0.0,0.012012980884542834,0.02443505680714253,0.0,0.008656921826606379,0.0,0.0028668150100523704,0.0007666922060804993,0.0,0.006552010872998615,0.0,0.006515915878824607,0.005573871178473411,0.015107178293478185,0.0036636203189965855,0.0,0.0,0.0,0.0,0.007951092319312458,0.010644858012009095,0.0,0.0,0.01074833938412656,0.011593546966397916,0.0,0.006725818130266958,0.010198818941677068,0.016076984615103207,0.0,0.0,0.003294550810258645,0.011931904742735533,0.0,0.0,0.0,0.015713006519541217,0.0,0.0,0.014835850449883559,0.0044110606755101145,0.0,0.0,0.019091632004347048,0.012924947976721946,0.035785780036251325,0.0,0.0,0.0,0.007520549942762855,0.005408086146768909,0.0007040811921452672,0.0,0.010844918090025857,0.0,0.0,0.0,0.0,0.0,0.0,0.01087385620755299,0.00024582179214593936,0.005485614843772524,0.0,0.011770338398191527,0.0015934077826758042,0.02058067268854824,0.0009869477626232026,0.0011944212748700167,0.005576377215350092,0.0,0.006266327837212593,0.032470784503319194,0.0,0.0,0.01654043939030192,0.00941037490538843,0.021770160594067,0.00024330748846423944,0.0,0.0071640459885209395,0.0,0.0,0.0,0.02508494047265497,0.0,0.00328101341004583,0.01280265490401522,0.00971964647941892,0.011006430434048475,0.025419397198477967,0.0,0.019660954013098753,0.0,0.01492618359599529,0.007117911821464595,0.0,0.0,0.00911935378167339,0.0,0.01041429453699294,0.021176076268990762,0.012225694168074952,0.004679758098348863,0.016450425244082467,0.040509921996815024,0.01314705101682545,0.004440647102186723,0.0,0.0,0.011046884012900549,0.0,0.0,0.0,0.02190029644641367,0.0,0.0
79,0.0,0.0,0.023609418523385273,0.0006821102021916658,0.027456202027112298,0.0,0.0,0.004739002951708926,0.015384058466453965,0.011619242127077989,0.008533975781203296,0.021787735564480215,0.007412574807482919,0.012187772961325116,0.0,0.007514267937579255,0.011275689002770761,0.025128551341357053,0.0,0.0,0.018815725753165147,0.0005388510024593174,0.0,0.008775981987385606,0.0,0.003987994773202885,0.01763595152866948,0.0,0.020991578187680382,0.015892385204469228,0.0,0.0,0.0030300164957210995,0.0,0.0092783270518213,0.0,0.0,0.0,0.00970088947425296,0.025213972467509116,0.03893160306825383,0.004319935064239999,0.013959409202631612,0.0,0.013807390037277045,0.0,0.0,0.006551806207956368,0.00262780133569418,0.015654526895535703,0.025707519586103622,0.010521106252499912,0.0,0.0,0.0314899138491862,0.0,0.0,0.0,0.0,0.0,0.007307582706726379,0.02122523810313659,0.0,0.0,0.0,0.0031919371402819863,0.0,0.0,0.024308722831422713,0.022311144012001627,0.000988688510641822,0.0,0.012706168201781054,0.002132145985038747,0.0,0.01826552020936667,0.007499677341875177,0.046106169608092884,0.006266327837212593,0.0,0.0,0.0,0.014093358889225804,0.05203446961130176,0.057538313922838036,0.018967545997162993,0.0,0.0,0.002854691903352524,0.0,0.0,0.0,0.0,0.01297921054481499,0.0,0.0,0.01858357929596366,0.0014877607978833751,0.0,0.0,0.008900800719940705,0.0,0.0,0.0,0.0,0.012587597792642846,0.003406812274519666,0.021097509945459336,0.0,0.007770634615205552,0.012610441217845825,0.006455329671439358,0.018707436010066303,0.0,0.009032922555332057,0.0007280856316294049,0.04323815273211373,0.0,0.0,0.006206920154076201,0.01696657600992424,0.016427118121053574,0.0012411906028422237,0.02761078965405961,0.0
80,0.020433338387321864,0.008421890570974533,0.042600564829941234,0.014175510814306236,0.023786403257022748,0.050671694984164795,0.006029544792567343,0.0,0.001512260764968687,0.0,0.0,0.0,0.006710370961469536,0.01566427186546271,0.013367452091106458,0.0,0.0,0.010689724896754349,0.0016877295724571084,0.0,0.015241269178363659,0.0,0.0018210126999615994,0.015633019859797592,0.0,0.0,0.028112553286497644,0.00814545181632731,0.0,0.024190296884334828,0.0,0.005405610389287219,0.0,0.012845620753369147,0.0042113945553117205,0.011141445191817034,0.02032862023411397,0.01986800613451578,0.0156284134216369,0.0,0.016128266836046734,0.01456669033984248,0.005962277994811416,0.0006966109801744835,0.0,0.0,0.0,0.0,0.03148157613407765,0.01702151522545936,0.013486530611850789,0.0,0.0022288599568467404,0.018943244627888767,0.007856110171679198,0.011150621158507512,0.0,0.0026104882678774644,0.021186379478803197,0.0,0.0021255324515916385,0.029463855518641502,0.0,0.0,0.006871046393051472,0.0,0.02659310409445048,0.0024111731300573425,0.02264306151343387,0.0,0.006741004464575262,0.0,0.0,0.026716363698042755,0.0,0.0,0.003077819105314461,0.0002951347614441602,0.032470784503319194,0.0,0.0,0.017195876716852077,0.08594780390902912,0.06918503370313722,0.060221412533237206,0.11288110749723312,0.020453020985287118,0.0,0.06146784156095464,0.02954883690649801,0.007899496034598386,0.027138286802002476,0.035658107644009895,0.0,0.002139744324424875,0.0,0.01034025994114618,0.013890132673193278,0.007159002408645421,0.013923139043764188,0.017027970692237382,0.01921962823156509,0.04803086949460322,0.0007483022078647039,0.0030931943555296826,0.0032720081006107904,0.0,0.0,0.009079473071968991,0.012312621558689507,0.03300374879025192,0.0,0.07208444499226374,0.014825438487541476,0.0,0.017833302756523395,0.001230727909472762,0.12208388087905586,0.0017560811880761307,0.08627633186692307,0.05164384950142864,0.032301606683277306,0.02586432259766802,0.046880004110793294,0.005458420006134723
81,0.019446967028971418,0.0,0.026634289210076822,0.017615389038391882,0.00626542578117828,0.02304832373823995,0.0,0.0,0.017200208350136137,0.01864593893697375,0.002927266710147869,0.0,0.001281697649368141,0.0,0.002164949618059353,0.0001381312741246532,0.003963340253497982,0.0,0.00012718533588529368,0.006242701025010788,0.00042328504083410934,0.010773470111287153,0.0055242917260880375,0.0008976706322503247,0.0,0.010159182979270653,0.0,0.009347208012266961,0.007055521624788064,0.010222456307470651,0.02701477573711042,0.0,0.005739687632226875,0.016678977166499465,0.0,0.02676052216232705,0.004448314142974752,0.0,0.006815855784564562,0.06235177550592219,0.042718590272250445,0.016911622274372817,0.023575392725319944,0.0,0.0024356851409326197,0.0,0.012902834249509887,0.0,0.0,0.0,0.0,0.0,0.021920176011674286,0.003841773887592659,0.0,0.0,0.0,0.0,0.0009791526019835572,0.0022078794008724145,0.0,0.0,0.0,0.0,0.0,0.0065828120726445505,0.0,0.005150852527966876,0.0,0.009020184447988022,0.013447979436344681,0.0,0.004383724732655914,0.020969831622626778,0.0,0.008498368219392205,0.03319776625569126,0.007281923634613996,0.0,0.0,0.017195876716852077,0.0,0.04488701299837494,0.08175054515748492,0.03649548088653809,0.10403945521329216,0.01926446003901816,0.02949964433460739,0.04201053870536775,0.055164478435824726,0.026401046730879507,0.03130446343027504,0.05071961393243285,0.0,0.012177797414709701,0.013741215669542228,0.020202687841366362,0.013305537790312627,0.0,0.00983310410291427,0.0004704679695306524,0.033800315217867194,0.03517821469030302,0.021419784239220085,0.0,0.0,0.0,0.0037713376695531764,0.0,0.014089668937291577,0.007779720172800708,0.0016146313573255355,0.0358992954161792,0.0,0.0,0.0,0.03204356186138302,0.12259223486652537,0.0,0.10926418887184752,0.022151433749966642,0.03302775817888559,0.002115769380797161,0.013274247567484743,0.02264188070645279
82,0.0,0.0,0.04785180710649861,0.013510773156157008,0.012519708922636319,0.06452758308512241,0.015487925027434457,0.0,0.0,0.0067770130334281475,0.0,0.0,0.0370807512123168,0.0,0.0,0.0,0.0,0.0,0.0,0.003388178844410561,0.00817047420018735,0.0,0.0,0.009406850344831241,0.0,0.0,0.018083731629678468,0.02515409677388636,0.015601060571493797,0.0,0.0,0.0,0.0012434270108991896,0.00010317131017156811,0.007063062687225674,0.01609481458087103,0.011108618552557736,0.0,0.015355060094647932,0.05528083144104201,0.05447843352488313,0.0,0.024126795277830126,0.0016682652847537227,0.0,0.01777956954653437,0.0,0.0,0.0,0.0,0.0003031082740649893,0.0036349459538520534,0.008055396446852825,0.0,0.0,0.0,0.0,0.016732832798086683,0.0,0.004049038567026209,0.0,0.008059922865292002,0.0,0.0,0.005644451475852463,0.0,0.0,0.00823777069327214,0.0,0.031203322130732403,0.012399212799067527,0.011478974225200389,0.010568396986745832,0.0,0.0,0.02254552205565563,0.02451314875459154,0.029333631570279017,0.0,0.014093358889225804,0.08594780390902912,0.04488701299837494,0.0,0.08265654734128258,0.1028202040162931,0.18974061891433536,0.042680820507451145,0.0759010214153868,0.04660250292088097,0.01404997212772674,0.015334035497986065,0.04021147966753169,0.017056339636776663,0.0,0.018023928661122568,0.01267898584461058,0.003282913183012326,0.010992566643020396,0.0,0.0011668906138391222,0.008334332784598608,0.009390684769105206,0.06864322295527536,0.0,0.0,0.0,0.004441837344953292,0.0,0.0,0.012726266540329156,0.05580375836417417,0.00372200372629905,0.03390966902633341,0.0,0.016756858762757787,0.0012768610454312324,0.0318264701901354,0.07738425867546894,0.0,0.07428320930224785,0.04505537282722827,0.04098962101402215,0.010956994011969812,0.03634332973472798,0.030950036631434585
83,0.0010917309787403795,0.0,0.08649200616787045,0.03743110663431537,0.04444662989986625,0.0595564103303019,0.01447911614976416,0.0,0.01506714912876106,0.0,0.0,0.0252435809135374,0.0,0.0024267890793021607,0.009821205388762522,0.0,0.012625948918146612,0.01258848816289948,0.001676308820798944,0.003538184293389257,0.019142632062431275,0.0033456989538640514,0.014718176896227675,0.01585591905788508,0.002606373400054096,0.0,0.02599313078724741,0.007503434538788767,0.015573393569510152,0.014206055582691057,0.0005501650408126224,0.0,0.0018425610712471396,0.006772781765278957,0.01863061982337033,0.04858292590179225,0.0,0.0,0.018757865477958546,0.0642245504714527,0.04541943319705766,0.0058624603836401334,0.011750626559678068,0.00380829677060035,0.014340328102805167,0.0,0.0,0.012177443504622687,0.01079660941379501,0.016454432914588146,0.0021689469414898355,0.017279383147127625,0.01763050055085902,0.039996916709378105,0.0,0.020609821780545268,0.0,0.02420777180435607,0.06422372351264638,0.0036507253821662644,0.01898495156630542,0.00018615082983597375,0.0061413803770182795,0.03157567466789679,0.018399808927699546,0.0,0.013004505352252949,0.0036516048058867767,0.004046745861998602,0.0,0.021835780586473064,0.0,0.006277243631325646,0.02647638606870295,0.00453951730524782,0.022181740098284664,0.007751200240810441,0.027983441048943902,0.01654043939030192,0.05203446961130176,0.06918503370313722,0.08175054515748492,0.08265654734128258,0.0,0.16253950077935997,0.5049850144942734,0.24812073265958778,0.06039736125405826,0.13433676020726804,0.1163241778785169,0.04577475553529364,0.08338315032566257,0.27642702074071,0.017394665234937268,0.013835764088594438,0.0,0.012509013371323707,0.016188069053345355,0.03212259964675068,0.035666212494789296,0.0455537496559244,0.09187197056664154,0.11724557278183045,0.024336152815278567,0.014216579697860166,0.010679781251996978,0.005123295698959751,0.0,0.032937885374178855,0.032314524687404145,0.064602016398148,0.006407716312906153,0.020598180970893942,0.006528169790229299,0.0,0.02008055614564741,0.03324559411553096,0.16319550270951577,0.16979509875599552,0.1404033018690507,0.07275840347604667,0.039653728844015745,0.11056773973710898,0.1321491243434738,0.05382064682085641
84,0.002606813691161669,0.03428565900254732,0.02976562246791925,0.04358132557934358,0.01623381443696914,0.06001478814706385,0.0,0.0,0.002591238556785669,0.0061267354028951004,0.0,0.0,0.0,0.0,0.030914099344392376,0.014163487081108705,0.0,0.0,0.0,0.04166098548017505,0.022691544735508273,0.023919418498673295,0.003768972747301369,0.0016251023217668248,0.026376989772574966,0.0,0.02580139034765505,0.0037328217890024717,0.00030370648133892786,0.0,0.015018250698019209,0.0,0.006023104763123399,0.0004645050458931266,0.0,0.024163594929246024,0.00648916629613705,0.0,0.01588174336988324,0.012939558174232424,0.024118041740683438,0.0,0.0,0.014553699414098453,0.002567307299347732,0.0,0.0125386593646164,0.010396970021102625,0.00350791478476431,0.011098046604040235,0.0030119730807545153,0.0,0.033862587079428685,0.0,0.0,0.005219676675230822,0.02818813140744414,0.0,0.014192409271334583,0.008993412427329872,0.026327714979076156,0.014091206206741091,0.006451035014394257,0.0,6.474483225105132e-06,0.007885389043819302,0.0,0.01023061238040679,0.0,0.0,0.0,0.014352917467933324,0.0,0.0,0.006711976543523512,0.0027974121711542566,0.0,0.03603838918630675,0.00941037490538843,0.057538313922838036,0.060221412533237206,0.03649548088653809,0.1028202040162931,0.16253950077935997,0.0,0.18701230277040004,0.04058299316058678,0.059891232375073766,0.07791878955271381,0.052001033373574757,0.02205215494129531,0.02124282600302596,0.0321366992610006,0.006656810840721672,0.0,0.0007997222804743132,0.002652842238306974,0.0364581240904478,0.0,0.037111110663607505,0.008993694463714341,0.01936407315592259,0.03411407422599222,0.042749269116736155,0.0,0.01704973820569755,0.0,0.0,0.008482848145844546,0.0,0.027038361318430848,0.0,0.008419972172492685,0.0,0.0,0.0,0.03763075573602492,0.06802402254681095,0.01189880055000092,0.11024986278744286,0.017002162135209886,0.05124764667977377,0.016234764079365416,0.061721882627812086,0.0
85,0.027004792461297278,0.0067881130771318965,0.14808876956531236,0.08121471466707053,0.09076101682230941,0.14473979023946093,0.03875042277852714,0.00832999699468484,0.008050648592617726,0.014994857171347853,0.013023942994038862,0.009285930763963002,0.03199937599788427,0.0,0.0284684912208526,0.004605398441542619,0.0,0.010043101248823127,0.0,0.01153919161165362,0.0,0.0,0.01933230631675542,0.0,0.0,0.0,0.004708651200717284,0.0,0.015745544288849445,0.0058432309263736215,0.0,0.0,0.002543946867000102,0.018238767923472565,0.028646204416907572,0.11858862482674493,0.0,0.010071678740726675,0.0053518883440721865,0.15588064606465135,0.06919248343779927,0.00515796506235322,0.0009575347524970468,0.01658078617806069,0.0,0.010606975851502831,0.017126101937496863,0.016519970558573682,0.03664128584571458,0.003776407975395024,0.0,0.0004585576727365037,0.02597220608899864,0.0018613712975126262,0.00669063320067842,0.0,0.009534034779290046,0.03424292247533067,0.044196657010553864,0.0025747169991507945,0.0,0.0,0.0,0.0078957534270927,0.015375908120693005,0.003031911721159908,0.0,0.01398513107380861,0.03259612569924375,0.0,0.0,0.0,0.0,0.0,0.0,0.021188734257362896,0.0,0.024863688221077318,0.021770160594067,0.018967545997162993,0.11288110749723312,0.10403945521329216,0.18974061891433536,0.5049850144942734,0.18701230277040004,0.0,0.19682047728034657,0.10582867733413703,0.10900932347434278,0.10224822193849992,0.05168242074660245,0.07683598523620727,0.1654411182637796,0.032800970811007524,0.0,0.00452585789772364,0.0,0.007367282371689043,0.02350138914276023,0.0504608233496846,0.06492143917280657,0.1311540969101399,0.17353736895866678,0.0,0.0,0.005979808114163987,0.0,0.036117320712744316,0.0033734501680253715,0.018208876567396004,0.08694256956799773,0.012961192406803157,0.010432444068903202,0.017486788084843496,0.0,0.03278660379377474,0.04707435616878364,0.2175963909551868,0.18955829601136376,0.23111191892836835,0.04905892199593698,0.11244013404278874,0.17059277276914386,0.14187354342551028,0.09814705958495473
86,0.0,0.0,0.04841307090388103,0.0,0.012864074158504657,0.046199419969420674,0.0,0.0,0.0007495638839047913,0.0,0.007262059513709396,0.001543455510424785,0.0,0.0,0.024136391872549012,0.015396903135939333,0.0036521812086443006,0.02647261510224208,0.0,0.010341221294059011,0.0,0.0,0.0,0.014922744817558176,0.004360172953300712,0.0,0.02738639706941104,0.00833038587231627,0.0,0.0,0.0,0.021297680909300176,0.019735072585456592,3.9273917649573775e-05,0.00507331858309179,0.0,0.006287974812634545,0.0,0.011512286345181089,0.006692017052387644,0.008229185477950374,0.0,0.0,0.02331532553680926,0.00729886706527072,0.014532032174759735,0.02552069967542181,0.000483818599732011,0.013027796346779752,0.0,0.018173026136414805,0.0,0.014321082943848928,0.012163180295478249,0.0013687055353992506,0.0,0.004199336091640582,0.0,0.02189330725792349,0.0,0.023112207288867204,0.019784789445801643,0.0,0.0,0.0,0.01519721267185048,0.02258104494686375,0.012789044432916619,0.0,0.0,0.017782723122217625,0.0,0.005041163768016332,0.006323269116498942,0.02247747454614757,0.0016002471621439085,0.0040334259889514,0.007612659105094899,0.00024330748846423944,0.0,0.020453020985287118,0.01926446003901816,0.042680820507451145,0.24812073265958778,0.04058299316058678,0.19682047728034657,0.0,0.031798714254768434,0.03976636305197623,0.0617750179450125,0.033838993460414635,0.0165458778748091,0.0754219513075638,0.001511162865010185,0.0006891219690672301,0.012610644092917234,0.0,0.0,0.0002781424808784294,0.0005876508126885227,0.0031192097019845377,0.015344151845877008,0.029876114387923813,0.029030993395495308,0.016770750246568156,0.000471157331064731,0.0,0.022057026611115305,0.010595439740458623,0.0,0.03248993514708065,0.014679496979603357,0.023589890714254658,0.0,0.01790404116244826,0.0022219428781440342,0.014995475610724895,0.02479690138161761,0.07644258991383257,0.033318408128131694,0.03660045651953947,0.021160800702042515,0.02024997393205563,0.0391619459033965,0.00919004671711754
87,0.005516492342973134,0.01506113208948534,0.02164883636888071,0.028950291368374792,0.05952957607716325,0.036215861062256494,0.0,0.0,0.030922381920944098,0.01137894281186469,0.01922042262095136,0.0,0.0,0.010837224553557512,0.008382733296938838,0.004682485987757445,0.0,0.0,0.013246069837721919,0.0,0.01018963791702987,0.018011105136542582,0.0,0.0,0.0004746755951607895,0.0,0.037634188343517394,0.009552160958344658,0.008598791553628082,0.030804958783297032,0.009497096056549914,0.0,0.03706539275827314,0.008383416893861906,0.018146698532176764,0.01019744174913928,0.005731156587028607,0.002589399461959019,0.004931286103827759,0.030876370122096652,0.04375192828422492,0.0,0.025603258634712134,0.00794164009072773,0.0,0.022232649109659164,0.0,0.0007319430440544394,0.012198021916542956,0.0005959553761565317,0.0024326175762281466,0.0,0.0,0.022705519170870936,0.0,0.0,0.0,0.007346192715733224,0.0,0.020895297963211767,0.01673882089091272,0.018306127727799826,0.0,0.01106791505599869,0.01707271688452039,0.006211633077088052,0.012512731503178998,0.01612923904757224,0.008351798204191851,0.0,0.0069460687721401015,0.0,0.01524594565773274,0.0,0.0,0.013976551596436515,0.0,0.004461158697548484,0.0,0.0,0.0,0.02949964433460739,0.0759010214153868,0.06039736125405826,0.059891232375073766,0.10582867733413703,0.031798714254768434,0.0,0.017216343323496197,0.022633245237947186,0.0,0.042882660963347696,0.024570271239814367,0.022753227832263967,0.03376085511030258,0.0,0.007541965667711814,0.0,0.02887491953861332,0.015488842339837383,0.0,0.01704249840804728,0.003273118832989752,0.0,0.0,0.0,0.03108209102338577,0.017089261915186782,0.0,0.002704747244314021,0.006307992157188913,0.0,0.005102484957944853,0.024208805717754522,0.03752671910008587,0.017014961975355902,0.011974443872079021,0.04892903308956953,0.014746172518639966,0.05905332603550573,0.015457574906919014,0.027434246042577826,0.011268504573563654,0.03380035137538506,0.01345841788751656
88,0.0,0.0017288685103888923,0.06590199797580709,0.01569492970072872,0.009652359229698426,0.06644301362270078,0.0,0.0,2.7385597229034886e-05,0.039166154866956404,0.01855255960160651,0.0028997351632380486,0.01191448716534893,0.0,0.021297165730606693,0.027938197691805833,0.021142193353214545,0.02701944204858897,0.024852759045443484,0.0,0.01464046084201076,0.010489343306318233,0.028085714778335102,0.0,0.013035546358793226,0.0035237382833566144,0.02389941738197976,0.01950710216859175,0.01336626403160679,0.02174449469556894,0.0,0.0,0.011199513939595285,0.0,0.015773567976917313,0.02050923546825434,0.019427906424646757,0.0,0.030096961410979617,0.0741595769666592,0.02924175303619503,0.0023908044595177813,0.008468166501499397,0.0,0.009722699254290035,0.013657362655091987,0.0018104041004871618,0.021042856894130324,0.0028721462582561585,0.038804936340621765,0.02643159834792197,0.0,0.009382504109383127,0.007498802819361217,0.010982126164213568,0.0,0.0005224414782087905,0.0,0.04288288691674769,0.011135056635087182,0.0,0.0,0.0023770232290267757,0.02621823520090416,0.022484355548892943,0.0,0.009263647132226716,0.001525908541939458,0.0017098160256248107,0.0,0.03818794354891519,0.003316385774659203,0.026406453964563426,0.0,0.011397093376203316,0.0,0.0,0.006615861614388763,0.0071640459885209395,0.002854691903352524,0.06146784156095464,0.04201053870536775,0.04660250292088097,0.13433676020726804,0.07791878955271381,0.10900932347434278,0.03976636305197623,0.017216343323496197,0.0,0.08587727759531383,0.021512580140888637,0.04670582189286421,0.05641510841224129,0.0,0.0,0.0,0.027324769914059743,0.029988406708534754,0.014145827248698062,0.021786218037621374,0.0007296448088798257,0.01021109667266451,0.004153239531937913,0.0045213991366539474,0.0,0.01641728305875123,0.0,0.0,0.018072016511553102,0.0022315507613859253,0.02081504140364121,0.026872308187523508,0.0,0.0343588509140611,0.0,0.005534777601365448,0.024826117144278292,0.04129520569806644,0.06726652749382023,0.09626921756917017,0.05276903260990107,0.043454966200858536,0.0,0.01608120786686662,0.01200970291389325
89,0.0,0.014124041968073264,0.027151450275295197,0.04392541792040472,0.05440392145395734,0.030216210134392796,0.021243910552632528,0.02597293023866243,0.0,0.0,0.0,0.0,0.0045321906314654825,0.0,0.010658273279731567,0.02274768643989855,0.0018842324348815609,0.0,0.007905419495824795,0.013431813240512902,0.0,0.0,0.029896137694442437,0.0,0.0,0.0,0.02894086950208319,0.0,0.0,0.0,0.019925155370460246,0.007272406772115048,0.001144248995016639,0.025935568253830255,0.0,0.007027921525659231,0.0,0.0,0.0027346254827449457,0.052102140256044205,0.03585169041044889,0.0,0.0,0.01248606485159165,0.017633402737720516,0.017259437933257793,0.00837935378100596,0.003405112292925949,0.0,0.014352587039734743,0.000788883598075607,0.008364700054909413,0.018345189781364013,0.0,0.01086955415691726,0.0,0.0,0.0,0.027124633447262347,0.01770807956682674,0.0,0.010161219691634749,0.007044275541294276,0.002745446496846604,0.02639715319634739,0.0,0.01002692937832439,0.0,0.0,0.0,0.0,0.03197361031639545,0.0,0.0,0.0,0.021733293649656815,0.002585092204020256,0.008218088777629085,0.0,0.0,0.02954883690649801,0.055164478435824726,0.01404997212772674,0.1163241778785169,0.052001033373574757,0.10224822193849992,0.0617750179450125,0.022633245237947186,0.08587727759531383,0.0,0.04342752939424699,0.03380753200501996,0.01797224790904739,0.0,0.01509887250955888,0.015542194953931165,0.0,0.004039227039500659,0.02177250631537664,0.021152982735840986,0.009492526755893849,0.031621972619371164,0.03780513632116467,0.00888704298476739,0.00013755826294215012,0.014158550838567763,0.0,0.0,0.014488598693887411,0.00871644800335769,0.0018284455665682486,0.018885328555996672,0.0,0.0,0.007028540976390829,0.0,0.004782178360818179,0.06528857639575758,0.06534598976476591,0.040318729803655806,0.04660695110120372,0.04190587226919451,0.034531808939940234,0.059065968560368276,0.0161560673386818
90,0.02695255522999318,0.0,0.012564118311391148,0.0,0.031073984525304965,0.005365060541890898,0.0012713464867548652,0.006882332321143103,0.016539110921814704,0.0,0.014846189965550316,0.01255284760326969,0.008040351444198457,0.0,0.003005731661073874,0.000803840353290397,0.0,0.025215922042628236,0.025353421033517343,0.0,0.0,0.0,0.0,0.0021436394087954724,0.005153113191518344,0.0,0.014892624709939462,0.00273734752794752,0.025235047543978872,0.004151220736487993,0.0,0.01734924283064654,0.014070443634619956,0.0,0.011242328867268725,0.009652537368702419,0.0,0.015701536889606516,0.025252260639394564,0.019855231465807144,0.006591158784930329,0.01473475639144528,0.013813252469667248,0.0,0.013799972225419843,0.010099714768708523,0.0,0.0,0.0037498061645431235,0.024491569267974356,0.018178015815148107,0.0,0.004845511908792233,0.004869058699321194,0.0,0.0,0.011961610441639792,0.0,0.024270853781708013,0.0,0.0,0.01443843800702549,0.005187199019524691,0.0,0.011609389237771772,0.003009777149774351,0.0,0.013259501484428782,0.0,0.0,0.0,0.015446079275162283,0.0,0.0,0.0,0.0,0.0,0.004499625559467368,0.0,0.0,0.007899496034598386,0.026401046730879507,0.015334035497986065,0.04577475553529364,0.02205215494129531,0.05168242074660245,0.033838993460414635,0.0,0.021512580140888637,0.04342752939424699,0.0,0.0,0.003977943125680561,0.0,0.0,0.009970308123782523,0.025823817058101994,0.0,0.015458071039299526,0.030809419710196018,0.03198609552975018,0.023972447088206117,0.018872845219741308,0.0,0.01327132140061238,0.02152839413438823,0.0,0.0,0.01888287776176245,0.0,0.007198342328586627,0.0,0.023426956430486534,0.0,0.029898237265205907,0.01644244364433245,0.015990111737700374,0.02933466493729142,0.0,0.02119856174636503,0.030852028217428717,0.012540423645186927,0.022372747457605868,0.004492717493000065,0.00012227664271069472
91,0.0,0.0,0.0016472724324199106,0.005558808130087023,0.005787600705605023,0.0,0.0,0.005566341684107634,0.0,0.02270625084520983,0.0032516192227296514,0.0,0.0,0.0,0.009929688758334443,0.0,0.0031461450497785037,0.01674962128491675,0.00881506874497795,0.0,0.0,0.01641403960177268,0.0,0.0025232125190255417,0.0,0.021182409408068814,0.0,0.02231992021876028,0.0007934142939518551,0.0,0.009934684473489774,0.0,0.0,0.0,0.02419836958469279,0.015371362648568088,0.0,0.0,0.009963577860107264,0.06301132965686307,0.011248382968156001,0.0,0.0,0.023158715023591014,0.0020321619128385038,0.0,0.029771407896880042,0.016172205224713743,0.008846499396133467,0.0,0.0,0.006250222315609122,0.0,0.0,0.012615927081702338,0.009243247095647611,0.0,0.020995315639877,0.04275615589105275,0.0,0.0,0.009784889433680277,0.025839750095705938,0.0,0.010719907898011805,0.0,0.009921270331473941,0.0,0.0,0.011477837201409713,0.0,0.011704537565650597,0.0,0.016519964625934414,0.0,0.0,0.0,0.0,0.0,0.0,0.027138286802002476,0.03130446343027504,0.04021147966753169,0.08338315032566257,0.02124282600302596,0.07683598523620727,0.0165458778748091,0.042882660963347696,0.04670582189286421,0.03380753200501996,0.0,0.0,0.0833046525729717,0.0,0.02849399656064744,0.0,0.01751347736615738,0.01440718250961126,0.028409072719472128,0.022532050518698554,0.026481490191403445,0.019475102829384028,0.051434499729045235,0.0,0.0,0.0,0.0,0.015456946457076626,0.0,0.0005557700871268167,0.017194701730482542,0.030255931061670793,0.0,0.023447287122980498,0.0,0.0,0.017964767442561147,0.04729816114474783,0.03558509481694827,0.03374197252230182,0.018985597136587096,0.0,0.0,0.03205313373860719,0.02340765312379478
92,0.015501997979414206,0.009261300941826534,0.05268210151340291,0.0,0.01584587898498313,0.00508005515109744,0.01240988154739675,0.007446401061973695,0.0,0.01695649306643343,0.022827097777024186,0.002458917899067714,0.003807710809567766,0.020727254633396974,0.019215094557788248,0.0,0.0007368091138326704,0.0032405723047155277,0.0,0.0,0.0,0.03515002480659657,0.0,0.0,0.011656448541412345,0.0028630227846502265,0.03329412442432833,0.0,0.0,0.0019895974720913756,0.0,0.014356546017870286,0.03902795164395911,0.0032657231909416495,0.007409383742233544,0.023604772439752786,0.007018848931742205,0.018564763105588078,0.020295349448541167,0.004993199426113648,0.010520754682007194,0.0,0.014805502294934492,0.011883568397706767,0.0,0.0,0.013225114863284482,0.018711782885506345,0.0,0.04474608346385889,0.010148967893326422,0.0,0.0,0.013240103498942446,0.018815517172565244,0.0,0.016937778654173563,0.0013790515396090441,0.10072370028124489,0.006362946428935423,0.02613018980061188,0.0,0.01357553511943621,0.013209825377880513,0.022992399961507815,0.0023254234674698893,0.0,0.016157939088296658,0.02533355577469898,0.0,0.0,0.007453752723884044,0.0,0.0,0.017988200337585525,0.0,0.0,0.0,0.02508494047265497,0.0,0.035658107644009895,0.05071961393243285,0.017056339636776663,0.27642702074071,0.0321366992610006,0.1654411182637796,0.0754219513075638,0.024570271239814367,0.05641510841224129,0.01797224790904739,0.003977943125680561,0.0833046525729717,0.0,0.017116458813137392,0.008923955696314323,0.03603238827233923,0.0058066884940481955,0.0053111801750356236,0.018072031526126686,0.035568093328806505,0.005795796721545621,0.08516235374838477,0.0550858999572732,0.008102384316858391,0.014851845327788382,0.002467623687580023,0.0,0.0016617842935637839,0.018961814045310277,0.007877380508490184,0.025997804358251386,0.0,0.037535852019469296,0.0007355900198282583,0.0,0.027667135971870316,0.023563314575476113,0.05677131351824549,0.0881046669129999,0.027053681635420546,0.040216164994044235,0.041192261570708766,0.04219468536424564,0.04636513285811006,0.009815887173591165
93,0.02461994179884197,0.009658766265962626,0.026056431629120524,0.004089835639490502,0.00784959238081484,0.003464913735301778,0.0,0.0035446217069310393,0.004742600861904478,0.004273211745144501,0.006878285310274457,0.0,0.0,0.0,0.001273880337055111,0.0,0.0,0.0005535788298063338,0.01655377894867538,0.014822094510802408,0.011487520187722033,0.008612848740927603,0.008137041484729934,0.0077057428512459225,0.006085181239677162,0.0,0.0,0.0,0.002314609567997117,0.0,0.021969128782385106,0.0,0.00719175641175962,0.0,0.023538810172905933,0.0175941795134138,0.0,0.008681153196811842,0.002565607289596983,0.0010949010048801888,0.0,0.0,0.0030318190202693884,0.00574722771449121,0.0,0.002032764027530831,0.0005366050607653605,0.0,0.0,0.015563783766050499,0.0,0.0,0.0019758105344980237,0.0,0.0,0.003188619066278875,0.00599683217195679,0.0017078191718145064,0.024558112311274805,0.0,0.02234045541932339,0.00511569554884872,0.0,0.02637216312989832,0.0,0.009103391803596317,0.010154041389688118,0.015123144912189801,0.02120290794216384,0.0,0.028655728579027873,0.02291520411798409,0.0,0.013445783211041729,0.029653680002861726,0.020693255625814366,0.007212068113540582,0.0,0.0,0.01297921054481499,0.0,0.0,0.0,0.017394665234937268,0.006656810840721672,0.032800970811007524,0.001511162865010185,0.022753227832263967,0.0,0.0,0.0,0.0,0.017116458813137392,0.0,0.0224457440316721,0.0,0.02709735118866874,0.0,0.0,0.018761699980553104,0.009081573996180481,0.0,0.0,0.0,0.0,0.012819786482527462,0.012981289160642895,0.0,0.017094114974209873,0.0,0.0,0.0,0.0029627754325574074,0.01349099612164828,0.0,0.0,0.0,0.0,0.03798543385314712,0.005006704960408115,0.005635382085264595,0.0,0.0,0.008262771174584849,0.0004225007043032747
94,0.0,0.0,0.0021730048522146106,0.0073252389970202,0.03815863338213088,0.010071976461640375,0.017813511757097444,0.0,0.010906739481043815,0.03387827126975207,0.0036892127829926125,0.0,0.0,0.007370808303479137,0.008792779562937447,0.0,0.0,0.0017044140259496743,0.018879632235477395,0.010530551785447706,0.0,0.0,0.0,0.004967742166114952,0.001425622043583985,0.0,0.0,0.023234740937560616,0.0,0.012309606600066303,0.0,0.0,0.002912005688624042,0.020453466092842376,0.0,0.0,0.0065359690212991595,0.0,0.002572931369049236,0.0,0.005090372127156684,0.0,0.00021741202961234052,0.0,0.0,0.0,0.02583061512846907,0.0,0.0,0.011258472406741937,0.0,0.0,0.017367393339463355,0.005643343995587635,0.0,0.0,0.0,0.01603547857059162,0.013444413299525948,0.0,0.02102259282408081,0.020243293988404965,0.0,0.006985164354574636,0.00934397372757445,0.005431050577266561,0.0,0.005341451451369217,0.0,0.00492918713367807,0.0,0.017796934389108898,0.0,0.014966286540131435,0.0,0.007919319028754757,0.0028462899073016246,0.010103753997841913,0.00328101341004583,0.0,0.002139744324424875,0.012177797414709701,0.018023928661122568,0.013835764088594438,0.0,0.0,0.0006891219690672301,0.03376085511030258,0.0,0.01509887250955888,0.0,0.02849399656064744,0.008923955696314323,0.0224457440316721,0.0,0.0009440228007413509,0.0,0.0,0.0,0.016479843283055295,0.0029227607533925948,0.0,0.0,0.0,0.013705030351346181,0.021796481387210243,0.0,0.01697251857332116,0.007461932087589496,0.0,0.0,0.01975485917431019,0.0219791108926346,0.011562871710471434,0.0133410733979904,0.015279952539301256,0.0,4.066860666895877e-06,0.0,0.01195802421799641,0.01980313324946792,0.0,0.013356916976309918,0.020955938586184608,0.013581811654398201
95,0.007992335158247155,0.009010736347679682,0.0,0.0,0.008060942273051097,0.0,0.00967733696971429,0.0,0.0065249588913154355,0.0,0.0,0.015142786266269859,0.0,0.008417949338220154,0.0,0.0,0.0,0.0,0.000932822438331371,0.0,0.0,0.024567983397228765,0.0,0.0013747302726168087,0.012261816416859972,0.0,0.0,0.017748682468982757,0.012086779599042252,0.0,0.02407916673791899,0.014352797022145758,0.008338864676600721,0.0,0.0,0.0,0.0,0.0,0.012441852733035219,0.0,0.017987443439055895,0.0006608881755960638,0.0,0.0008954031321035671,0.0,0.0,0.0,0.0,0.0038132306066058774,0.01291894640183422,0.01017719159963093,0.0228531095843989,0.0,0.0,0.0,0.00426956557805358,0.0013066865400981342,0.0,0.002738573809885736,0.0,0.012451969524111206,0.0,0.0,0.025011625255121572,0.006318575213907884,0.0,0.0,0.0,0.01882457491851408,0.0,0.0,0.008696775679887025,0.0,0.0,0.016680198814850833,0.038984843787085666,0.015191228115616795,0.0020457682003067745,0.01280265490401522,0.0,0.0,0.013741215669542228,0.01267898584461058,0.0,0.0007997222804743132,0.00452585789772364,0.012610644092917234,0.0,0.0,0.015542194953931165,0.009970308123782523,0.0,0.03603238827233923,0.0,0.0009440228007413509,0.0,0.02164507844400454,0.0,0.00309985682335423,0.0,0.0,0.0,0.004105871276038009,0.0,0.009984712370678217,0.0,0.014917451466689435,0.0004125121547469135,0.0,0.020148249416121367,0.0,0.0006233637551513738,0.005246648338186333,0.004682897873649061,0.020381168361735646,0.0,0.0005103090853983971,0.0,0.0,0.013418732243274611,0.0,0.0,0.0,0.028839235834921872,0.02325149323679021
96,0.0,0.0,0.0,0.001723081341544308,0.0,0.006357667701391456,0.04383345790202586,0.025478069324747388,0.0,0.0017735511745335941,0.0,0.0,0.0,0.0,0.0,0.01609538173803493,0.015196769776420815,0.0,0.014746460551816831,0.011935372893498553,0.013829182096984027,0.0,0.028238166473462556,0.0,0.0,0.02105477722534932,0.0,0.0,0.032665877719710856,0.008588990996887702,0.0,0.0,0.0,0.02616585716366604,0.0,0.002138134253917734,0.0,0.016296058426998883,0.017501730828210604,0.004678913679197816,0.022649114949598648,0.0,0.0,0.028301960011275717,0.039105010657584316,0.011276466764516435,0.0,0.0,0.0,0.012900758444382987,0.0,0.011607152167029788,0.0,0.0,0.0,0.01688163724055247,3.25818170603398e-05,0.009201236249706035,0.013783572747034789,0.007009507776431612,0.0,0.006024817743058186,0.0,0.0,0.003775283204474178,0.0,0.000774644359943899,0.014247037827310294,0.0,0.0071159254943706785,0.0,0.003223775319639799,0.02179680751393498,0.006996486646124289,0.013359666298344841,0.0,0.0,0.003560811806149644,0.00971964647941892,0.01858357929596366,0.01034025994114618,0.020202687841366362,0.003282913183012326,0.012509013371323707,0.002652842238306974,0.0,0.0,0.007541965667711814,0.027324769914059743,0.0,0.025823817058101994,0.01751347736615738,0.0058066884940481955,0.02709735118866874,0.0,0.02164507844400454,0.0,0.009703552406543636,0.0,0.022677050512202257,0.0,0.0,0.006284314851337847,0.01006477051209309,0.01752286960447691,0.03048094187574435,0.0,0.0,0.0,0.0,0.0,0.0,0.0,0.0,0.015833373524547945,0.0,0.00026151639272065097,0.02107724208692119,0.005431690191114669,0.00887050267251066,0.006453107350094633,0.0,0.028166963366882847,0.009801658251431533,0.0023232203017702346
97,0.0,0.00479384296905927,0.0039657700635542525,0.018788221997807497,0.012283019647045812,0.02798363080064359,0.0,0.0,0.0,0.0,0.0,0.002546588598997701,0.0,0.0,0.018750228560973525,0.0,0.0,0.002929523230582376,0.005266446146825032,0.03444606218186408,0.0,0.009497415306170431,0.011809562471626123,0.022699655026217513,0.0,0.0,0.009352333559769832,0.00588877890516315,0.0,0.0025934040873369923,0.00749673873993828,0.02282888257920135,0.006437337528542031,0.016297364934517944,0.0,0.01093839370657701,0.019252346869414794,0.014126816363645212,0.0062873977883137755,0.0,0.0,0.0,0.0,0.025635206547361733,0.0030372281808519475,0.0,0.017042438125939974,0.0,0.015730014988587726,0.0,0.04260564227487862,0.02989024990052247,0.0,0.0,0.016298132979400748,0.018468123483337706,0.0,0.0,0.0,0.031544401632864094,0.0,0.00029590300678350445,0.00415461663917327,0.0,0.011350651464189454,0.0,0.031166263694242247,0.0,0.0,0.0,0.007622785163702517,0.006622485348626306,0.0,0.012598369187757363,0.03991393231313545,0.0,0.025506992401664874,0.009151980281064453,0.011006430434048475,0.0014877607978833751,0.013890132673193278,0.013305537790312627,0.010992566643020396,0.016188069053345355,0.0364581240904478,0.007367282371689043,0.0,0.0,0.029988406708534754,0.004039227039500659,0.0,0.01440718250961126,0.0053111801750356236,0.0,0.0,0.0,0.009703552406543636,0.0,0.0063179047331702876,0.03206269100718462,0.0011833905659361932,0.00684926366597427,0.021326714035179606,0.0033960155784074075,0.0,0.0,0.019999270473609165,0.0,0.0,0.0,0.0,0.0,0.0,0.0,0.0,0.006468914926149871,0.02179823492095423,0.0019128545667319585,0.00875098852463907,0.038492678779351586,0.0,0.0007191266716395361,0.02178000078848097,0.0006063992773830407,0.0
98,0.027617809426895956,0.0015104622372117404,0.02545891847714543,0.0,0.011498614970510523,0.010754940158086868,0.0,0.0,0.009550093967766848,0.002321047521888886,0.0,0.02095502849496267,0.0,0.0,0.0,0.0,0.0,0.010854350880517671,0.0,0.013095546671334723,0.0,0.0,0.0038646463607836523,0.0028151425045219725,0.010896316271374218,0.011757567189405016,0.010245089106748928,0.000904499620909327,0.016648642404771152,0.011077071192204357,0.012933841200459817,0.0,0.0062695518526503236,0.0,0.0,0.015190076712739753,0.004868197085269976,0.009988335340436194,0.012788975559060667,0.005294116726143994,0.0,0.0,0.0,0.0,0.0005090357668873224,0.001001235840313086,0.0,0.021419525212503565,0.0,0.0,0.010220756680756615,0.012978495410950863,0.00805996133864273,0.0008803255859088921,0.015141005724382595,0.0,0.0,0.019036937961947942,0.023217589730891497,0.008502386905600012,0.010632063051581042,0.0,0.035518254859776555,0.0,0.00975850814446666,0.0011945592851834164,0.0076994281733515635,0.019031935374196784,0.0009801554588566574,0.0,0.0,0.031231047218823527,0.004151543836574234,0.0,0.005802683861052316,0.00250774879024096,0.028792634322869937,0.014223842806318387,0.025419397198477967,0.0,0.007159002408645421,0.0,0.0,0.03212259964675068,0.0,0.02350138914276023,0.0002781424808784294,0.02887491953861332,0.014145827248698062,0.02177250631537664,0.015458071039299526,0.028409072719472128,0.018072031526126686,0.0,0.0,0.00309985682335423,0.0,0.0063179047331702876,0.0,0.07103492212430584,0.029207206722813517,0.0005781153941457617,0.04973962500072382,0.032790543352726687,0.012374431198080238,0.0,0.0,0.00330681340022565,0.0,0.0,0.0,0.026051046057518512,0.009381279445366708,0.01022169473631962,0.005929323629710659,0.0,0.011050823492489315,0.0304690014823219,0.0,0.0,0.0,0.015480906397295158,0.025258464337030162,0.0035111929668518727,0.025512225903307595
99,0.021187666964754825,0.0,0.0,0.0,0.0,0.019530710499338966,0.01548840767327242,0.013281049675232026,0.002200144012694416,0.0,0.0,0.019004375494972692,0.01318900572574666,0.0,0.0,0.020939200484511034,0.020812089463186467,0.0,0.01739591585081879,0.0,0.0,0.0,0.01601666780502775,0.0,0.0,0.0,0.014273186958106088,0.0,0.0,0.00453615469590396,0.016108848501133366,0.015814751998729726,0.013132204123770919,0.026287310810323206,0.0012557028319877261,0.013893207380281325,0.023171598653050296,0.0,0.0,0.0,0.0,0.0,0.0,0.0,0.017421733402743556,0.0,0.0,0.0076196897464528845,0.0,0.005483322213565955,0.018532278381631073,0.0,0.007427875652607163,0.0015876184199035137,0.013718505067394027,0.0,0.016818176548477837,0.0,0.025548293965627522,0.0,0.0,0.0,0.003045469933411482,0.01694142379328678,0.028192566902155214,0.0,0.007300423258957522,0.0007600220350516551,0.008119530003451558,0.006253689412169194,0.0,0.0,0.0,0.0,0.0,0.0008775130350864302,0.005788465975580692,0.01858197618655666,0.0,0.0,0.013923139043764188,0.00983310410291427,0.0011668906138391222,0.035666212494789296,0.037111110663607505,0.0504608233496846,0.0005876508126885227,0.015488842339837383,0.021786218037621374,0.021152982735840986,0.030809419710196018,0.022532050518698554,0.035568093328806505,0.018761699980553104,0.016479843283055295,0.0,0.022677050512202257,0.03206269100718462,0.07103492212430584,0.0,0.025907420656116287,0.05543674931940057,0.11579495084413782,0.004815571924307704,0.006398954548985536,0.015102756802718886,0.02888314903650091,0.008725158765295227,0.0,0.004173560768468754,0.002439506362498456,0.0,0.0019563216517504145,0.007110491435787125,0.00762490135471694,0.021579969737094196,0.02141141592838114,0.0038309649824617154,0.023953019216712335,0.039640118856348217,0.02626982925106347,0.0,0.023291844055729705,0.01881849127131563,0.029013286457941767
100,0.008232907467530026,0.015721027224980588,0.01564175652313704,0.005087723392491306,0.04182932200753431,0.004245569425989082,0.002930540966853634,0.02016626482353523,0.006742161949865988,0.02351937879226984,0.0008661905705809048,0.01315357975415754,0.0,0.0060885015797840225,0.0,0.0,0.0,0.0,0.0011791415837514307,0.0,0.019891311021027924,0.004173822582866471,0.0,0.0018375540768458265,0.007842134589592042,0.0,0.0,0.0062676541617490145,0.000885785014292928,0.0,0.009052382992401853,0.008823760554634852,0.010418632661074234,0.015012281197416044,0.0,0.0,0.015682535253805696,0.005239732302101174,0.0,0.007451818507056895,0.0,0.0,0.0,0.0,0.0,0.002633216194299237,0.0,0.0,0.0049311741135174,0.018761561677342442,0.0,0.004405915375533809,0.0,0.0,0.0,0.0,0.016447212412201928,0.0,0.0,0.0,0.01278973845406739,0.03010634322878758,0.004393463760664851,0.013758436209874603,0.0,0.0,0.005005176216092977,0.013012201103789423,0.012419765477002187,0.007245065770776549,0.018524160540410506,0.0,0.0,0.015504647410961248,0.01792248065820612,0.023905194527814366,0.013082077097991807,0.005829498466100702,0.019660954013098753,0.008900800719940705,0.017027970692237382,0.0004704679695306524,0.008334332784598608,0.0455537496559244,0.008993694463714341,0.06492143917280657,0.0031192097019845377,0.0,0.0007296448088798257,0.009492526755893849,0.03198609552975018,0.026481490191403445,0.005795796721545621,0.009081573996180481,0.0029227607533925948,0.0,0.0,0.0011833905659361932,0.029207206722813517,0.025907420656116287,0.0,0.0,0.0385909802299782,0.02226875386594873,0.007186594575868455,0.0,0.019856018877289827,0.003978370209441806,0.011148874892040084,0.0,0.011018417613651188,0.0,0.0,0.00814050877036454,0.019226960795966086,0.013275501344866214,0.005524320988077314,0.0007763737289190331,0.0,0.009223171375839279,0.0,0.0,0.009226666262382999,0.0,0.0
101,0.0,0.007974417034918524,0.027846936805365985,0.01479297872025409,0.02830930113475194,0.02964102087620457,0.010066477884600467,0.0,0.0007230412240879502,0.0001469369450672886,0.006784538408378005,0.004865947065777476,0.0,0.008778615888829222,0.008522842196255986,0.04036692526847574,0.002575793268748683,0.003966143489909868,0.0,0.0,0.0,0.0,0.0,0.0,0.02135504786635778,0.004480545950548809,0.0,0.013792812299876722,0.0,0.0,0.0193668829033653,0.0,0.00947940859079388,0.01732379384461158,0.01635575011039414,0.031234947532537305,0.0,0.0,0.029662549576626063,0.01795518528756679,0.0,0.008898236750638944,0.02690389846007779,0.0011765848286264813,0.005971596609526841,0.004896479765827522,0.0,0.0,0.020828087134498574,0.010928748943147326,0.010992971526200712,0.017128859929941065,0.012854175425259129,0.01717268896119517,0.0,0.0,0.0082040730227666,0.0,0.0,0.0,0.012872979474555457,0.006138268331459251,0.0,0.0,0.0,0.00022170678980337755,0.01247167893829726,0.005549788063673233,0.0,0.0,0.0198108152325549,0.003258250633741966,0.006493573134051189,0.0,0.0,0.0,0.0,0.0,0.0,0.0,0.01921962823156509,0.033800315217867194,0.009390684769105206,0.09187197056664154,0.01936407315592259,0.1311540969101399,0.015344151845877008,0.01704249840804728,0.01021109667266451,0.031621972619371164,0.023972447088206117,0.019475102829384028,0.08516235374838477,0.0,0.0,0.0,0.0,0.00684926366597427,0.0005781153941457617,0.05543674931940057,0.0,0.0,0.19152331800994737,9.775299056258291e-05,0.029421126716182577,0.0,0.021514334728593987,0.0,0.0,0.040820205532479115,0.02145141273184148,0.00045413713203590333,0.0,0.0,0.01867968508455853,0.023753424451113503,0.044700630858550916,0.03937566830117767,0.048077318400117086,0.03783882632221669,0.011716437259030599,0.010865118758037973,0.03881856680750673,0.027998208294310878,0.024939189708896414
102,0.0,0.0,0.027638677015809243,0.03513975773007427,0.01824092683611056,0.024261897879531702,0.0,0.00039967752784608734,0.0,0.0,0.0,0.0,0.005256623072440014,0.0,0.0004208619818752979,0.01733603968039077,0.0,0.0,0.03356902639855086,0.0,0.0004841920408038547,0.0,0.0,0.037971208178005256,0.0,0.01586973788998236,0.024561279345741482,0.0,0.0369712984129551,0.0026504811799803463,0.013831726880517259,0.0,0.00687443591727277,0.00268421425731713,0.0,0.05563800821912679,0.019531593610502718,0.0,0.029396650913706246,0.024474699636756192,0.007020516197851379,0.0,0.0,0.010313545442628858,0.0,0.007331143266015694,0.0034534763211260255,0.0,0.0,0.010251525954876328,0.013752297448818673,0.0,0.0,0.01927397802737474,0.0,0.0,0.0,0.0,0.0012132030973255326,0.0,0.0,0.022933073629371137,0.006979631540235509,0.012912091834171413,0.042359089574192765,0.0,0.003942743453762887,0.0,0.029531834149861602,0.016796000402716338,0.0,0.016658870007014492,0.000411628626142857,0.0,0.01113190617356885,0.0,0.0,0.028390638070426633,0.01492618359599529,0.0,0.04803086949460322,0.03517821469030302,0.06864322295527536,0.11724557278183045,0.03411407422599222,0.17353736895866678,0.029876114387923813,0.003273118832989752,0.004153239531937913,0.03780513632116467,0.018872845219741308,0.051434499729045235,0.0550858999572732,0.0,0.0,0.004105871276038009,0.006284314851337847,0.021326714035179606,0.04973962500072382,0.11579495084413782,0.0385909802299782,0.19152331800994737,0.0,0.018800911907247198,0.002149992589218108,0.0,0.007605702798278102,0.014271862422447157,0.019173699257117427,0.029162434271300164,0.010823293417332458,0.0,0.0,0.0005433705065058803,0.0,0.031491172381166166,0.018018901247480734,0.037875777552354606,0.022595284937877658,0.058866380964175846,0.004811219935513478,0.017376815685790525,0.046340745946965356,0.027834694023882278,0.020931319556811268
103,0.011418544887391135,0.0,0.0,0.011663065951465157,0.019059796879730584,0.0,0.00475968617585476,0.01257746865720133,0.004739204573463773,0.02384306532247571,0.008989171591446521,0.02292957238502158,0.0,0.0,0.0,0.012392707552325355,0.0,0.0,0.0,0.0057022797045984674,0.007009090691234121,0.015251151329610302,0.027077672638460726,0.02517882687330708,0.004799707907686468,0.006663060425114331,0.0,0.012847236691926334,0.005725444664275159,0.012400369170993741,0.010371652123221331,0.03067069062221428,0.006353183741302004,0.023034083823552542,0.0,0.0,0.005673792469763406,0.0,0.0,0.0,0.017043840232950025,0.0,0.0,0.01622020725609996,0.012991061435404738,0.0,0.0,0.022258269057815916,0.014798812692184526,0.0,0.00035496822919434123,0.02823891578879323,0.009051687717545498,0.0,0.0062961981990161675,0.011536762036929993,0.0,0.0313139211542417,0.0,0.016041348203033046,0.0,0.026057798794669296,0.0039480908223348266,0.0,0.012635224401175371,0.0,0.0,0.00911938762353337,0.0,0.0,0.0,0.01578277015029439,0.0,0.0,0.0,0.02023997932871513,0.02663267613323228,0.020767869956305418,0.007117911821464595,0.0,0.0007483022078647039,0.021419784239220085,0.0,0.024336152815278567,0.042749269116736155,0.0,0.029030993395495308,0.0,0.0045213991366539474,0.00888704298476739,0.0,0.0,0.008102384316858391,0.0,0.0,0.0,0.01006477051209309,0.0033960155784074075,0.032790543352726687,0.004815571924307704,0.02226875386594873,9.775299056258291e-05,0.018800911907247198,0.0,0.0,0.0017914729092547432,0.0,0.0010534557915686804,0.0,0.0,0.0,0.0,0.0,0.0,0.012068763371996027,0.017184485611919875,0.0,0.012201075535627659,0.010293129996726158,0.0,0.045146684782091384,0.0010299751191942264,0.023962997200682956,0.021611770014108522,0.008885511381743427
104,0.052363473885521206,0.009249691482366984,0.0,0.014544015309867042,0.008944081118871239,0.0,0.016239860861141153,0.0,0.01607800436353113,0.021774523316207883,0.0,0.0,0.0,0.008258273253322734,0.018362869396047365,0.0,0.0,0.0,0.0017953699772901288,0.020081771802942683,0.004345493553622681,0.02127201509002674,0.0,0.014025234645195894,0.010410560934689173,0.007593433744303546,0.0,0.019512182141436796,0.010041924110961276,0.0003562293256775817,0.006228402909042252,0.013931809770369341,0.008822081606864707,0.001963750994999458,0.01722835585575222,0.017640649351512216,0.0,0.016900264172390322,0.0,0.005835778689290638,0.003741315427273406,0.002115343990736207,0.006697347585913782,0.0,0.0,0.0,0.0,0.039597078389090434,0.01970294136991768,0.01594485945915114,0.018806319143434003,0.0,0.0,0.0,0.004813864124528777,0.020536940748419497,0.0,0.011816258415709768,0.004735900900324275,0.0024223400889145097,0.004108365685492998,0.020552748672561627,0.010986370105212195,0.0,0.0028932529392484696,0.0,0.007902051669097965,0.0010123481248562882,0.008660424545662515,0.010861602569589124,0.0,0.00514563292012582,0.0,0.028137066234448227,0.0042845327642364595,0.0,0.0,0.0,0.0,0.0,0.0030931943555296826,0.0,0.0,0.014216579697860166,0.0,0.0,0.016770750246568156,0.0,0.0,0.00013755826294215012,0.01327132140061238,0.0,0.014851845327788382,0.0,0.013705030351346181,0.009984712370678217,0.01752286960447691,0.0,0.012374431198080238,0.006398954548985536,0.007186594575868455,0.029421126716182577,0.002149992589218108,0.0,0.0,0.0,0.029197616329245335,0.0,0.0,0.0,0.013566394352870326,0.0,0.000523983043579257,0.006409517114820851,0.0018071993344053183,0.0,0.0,0.006245827666520043,0.0,0.027430594834962463,0.004988527424070632,0.0,0.008182861367829197,0.0,0.0
105,0.0,0.0009444899684192265,0.008737680698493122,0.008721094922155892,0.01986227802322027,0.0,0.0006546442095247684,0.0,0.0,0.0,0.0,0.0,0.0,0.0,0.00995268678118233,0.0012935336360895278,0.0,0.00432742352580906,0.0,0.0006264263322233177,0.00964973290237836,0.0,0.0060410785318030236,0.0,0.0,0.0,0.0,0.0,0.0,0.011097510398404786,0.016015294075770292,0.006165304258193949,0.01444138319776389,0.00346576432507284,0.0,0.0,0.007268751466113166,0.0,0.0,0.02382590102905935,0.0,0.0029831260731736364,0.0,0.00928032195380002,0.0,0.0020955261208062126,0.0,0.04452287133425603,0.03089565008745776,0.0,0.01539668811469408,0.029883543858882256,0.027097874183977133,0.014928013808529705,0.005038954140847096,0.0,0.0,0.0,0.006371322176021543,0.01668608395274518,0.006915858762074123,0.0005198992734207764,0.008811176603465753,0.0,0.020798727963869723,0.00507866296844206,0.024775528608469877,0.0,0.0007690059646785485,0.0,0.009912217293926773,0.007120201596087838,0.030531367461728465,0.009860871457207487,0.0,0.0,0.005619244610618246,0.009483191618532949,0.0,0.012587597792642846,0.0032720081006107904,0.0,0.0,0.010679781251996978,0.01704973820569755,0.005979808114163987,0.000471157331064731,0.0,0.01641728305875123,0.014158550838567763,0.02152839413438823,0.0,0.002467623687580023,0.012819786482527462,0.021796481387210243,0.0,0.03048094187574435,0.0,0.0,0.015102756802718886,0.0,0.0,0.0,0.0017914729092547432,0.0,0.0,0.011650444555468376,0.005821080060060879,0.0,0.0,0.010793651094545886,0.0,0.0,0.028743627730309917,0.0073374953989908676,0.0,0.0,0.0,0.01619118120813834,0.01671688676385763,0.014987629418714121,0.01099502067260616,0.0077071638559012,0.012802486159618987,0.010263519348732153
106,0.0,0.018939153452522284,0.0,0.005624825840065739,0.007510070148596171,0.0006260697828466277,0.030569056505823866,0.0,0.0,0.00016125272236777732,0.034367186960158946,0.0,0.019753243985743296,0.001845664810398162,0.018151410394341205,0.0010843534778421926,0.00565316370269997,0.005805270357246428,0.0,0.0,0.0,0.0,0.04296978509388616,0.0,0.0004322350492520499,0.008326998626853488,0.0,0.00977421394040423,0.0,0.01564024266534325,0.023789098252004592,0.023518854649158705,0.009880938249412274,0.0,0.0,0.01903635077284882,0.0,0.0,0.01240876306644001,0.0,0.0,0.0,0.015320852732416235,0.0016138773983831456,0.004201104435267666,0.022088566279314215,0.0,0.0,0.04703567736007663,0.0,0.004515286869685831,0.014453836452432256,0.02832818585711916,0.0,0.0024232548574198987,0.0,0.0,0.0,0.007937317563388113,0.011780806914456043,0.014580270152709573,0.0,0.0,0.01155872210998421,0.00914281053431587,0.0010572263085064648,0.0045388302335931385,0.002992111652051932,0.0,0.0,0.0,0.021201304967873646,0.011155056536249042,0.0,0.0,0.0,0.0,0.0,0.00911935378167339,0.003406812274519666,0.0,0.0,0.004441837344953292,0.005123295698959751,0.0,0.0,0.0,0.03108209102338577,0.0,0.0,0.0,0.0,0.0,0.012981289160642895,0.0,0.014917451466689435,0.0,0.019999270473609165,0.0,0.02888314903650091,0.019856018877289827,0.021514334728593987,0.007605702798278102,0.0,0.029197616329245335,0.011650444555468376,0.0,0.015717266927756768,0.0,0.011945384349943744,0.0,0.0,0.009689427877958678,0.016643712085006257,0.0,0.0036546058611222065,0.0014369698887648497,0.01606061380250967,0.0,0.0,0.0017744121778289212,9.391561185001507e-05,0.0,0.0,0.0
107,0.0025807310528707106,0.0,0.028218954598131063,0.0,0.014660092138422343,0.0,0.0,0.004846975150195831,0.0,0.0,0.015144058490190737,0.011738332457514211,0.0,0.0005179416955343186,0.0,0.013161028988936785,0.0,0.009412891516548783,0.0,0.01740337858587715,0.029198577267733228,0.01257402007577113,0.008104748085418834,0.010333286142619968,0.013423203922398486,0.0007123111345022082,0.0,0.01370376749340707,0.023373975382138923,0.022026928425673553,0.0,0.009301194778341682,0.0,0.011731037325163562,0.0,0.0012106002783713876,0.0,0.0,0.015501557039639735,0.0,0.0,0.011796580216769215,0.0007686700852769235,0.014084266426499958,0.0,0.0025037476266822623,0.018830378825625438,0.0,0.0,0.015469097965243428,0.022231395752107197,0.0,0.0,0.0,0.0030350920677273407,0.0025903736433674496,0.0,0.0,0.007744346041636874,0.02346907059240788,0.0,0.008087888426626222,0.0,0.011574861769954481,0.01849394705805274,0.0035707816457160035,0.003645184329901241,0.0,0.029376029208417975,0.014664910573827683,0.0,0.0,0.003531502799993369,0.0,0.0,0.01580411464058873,0.0041684617935393575,0.0,0.0,0.021097509945459336,0.0,0.0037713376695531764,0.0,0.0,0.0,0.036117320712744316,0.022057026611115305,0.017089261915186782,0.0,0.0,0.0,0.015456946457076626,0.0016617842935637839,0.0,0.01697251857332116,0.0004125121547469135,0.0,0.0,0.00330681340022565,0.008725158765295227,0.003978370209441806,0.0,0.014271862422447157,0.0010534557915686804,0.0,0.005821080060060879,0.015717266927756768,0.0,0.0,0.0,0.0,0.006771387728965017,0.0019054229355424113,0.0,0.0,0.0,0.0,0.0,0.008854768026766102,0.0,0.0,0.019980485559943695,0.0,0.004096951959577488,0.0
108,0.0,0.00502582540460228,0.0,0.0,0.0,0.0032390012039984484,0.0030427757169766423,0.0,0.0,0.0,0.0,0.015484700221063186,0.0,0.0,0.0067279025926101355,0.0,0.009606017557256763,0.0001406376335157944,0.0022451473033742175,0.0,0.0,0.0,0.011016584212049096,0.01615153509399203,0.0016346206272475072,0.0,0.01788308210279599,0.0,0.0,0.0,0.0,0.0,0.0007790059094467949,0.02248729887078227,0.0022352515579466825,0.0044073410562015525,0.024960963101724687,0.0,0.0,0.0,0.0,0.0,0.0024154728743051024,0.033286994946244874,0.0,0.019387452582082076,0.014449447529933934,0.021877723540224103,0.0039925168591103954,0.024608953179328985,0.009311736302553442,0.016069460130931468,0.0,0.021739817663856797,0.017421337149525762,0.003559429980774631,0.0,0.0,0.0,0.0,0.019986899679452108,0.0,0.014260571581754533,0.007600697571704451,0.0,0.008273134027480644,0.0,0.003026868649470771,0.020872331083136686,0.0,0.018873835796397564,0.009232735152779448,0.017423100674344383,0.0,0.0,0.004855166400713706,0.01536195146054542,0.02040385715709636,0.01041429453699294,0.0,0.009079473071968991,0.0,0.0,0.032937885374178855,0.008482848145844546,0.0033734501680253715,0.010595439740458623,0.0,0.018072016511553102,0.014488598693887411,0.01888287776176245,0.0,0.018961814045310277,0.017094114974209873,0.007461932087589496,0.0,0.0,0.0,0.0,0.0,0.011148874892040084,0.0,0.019173699257117427,0.0,0.0,0.0,0.0,0.0,0.0,0.0068450028365480975,0.0,0.024210562227705346,0.0,0.0,0.0,0.0,0.0,0.0,0.011110510855568023,0.0169552937503763,0.010513255804472266,0.019386860315611543,0.01115934909756433,0.0,0.0
109,0.0,0.012487778511446557,0.0,0.010584173773842132,0.04154825061557954,0.0,0.020973906096701356,0.0054453575992301495,0.0,0.0,0.029175724085745536,0.0,0.0,0.0,0.0,0.004206963345887438,0.0,0.0016950391525467623,0.013227683937079071,0.0,0.013072075704710251,0.0,0.00034913163813765635,0.0021659521105483748,0.0,0.019964895811554584,0.00870760914169999,0.01785003098392579,0.0,0.0016188190813988257,0.007588207508442579,0.009770386756615679,0.020175690084233366,0.03224697669705101,0.0,0.0,0.0,0.009294487648738858,0.009886759066604967,0.026849151414072292,0.015137335099226767,0.0,0.0,0.006495452147303737,0.015428451911480678,0.002229405459498679,0.003623392768853151,0.022214452160032927,0.0143231219104214,0.015450223482759817,0.0,0.01367681630523343,0.0,0.0,0.0,0.0,0.0,0.0,0.008546791287753486,0.0,0.012139492445091271,0.003215692330797104,0.0005334287162499507,0.01255276744752365,0.0,0.0,0.0,0.0,0.020385378045957303,0.028793749946846248,0.0011200556870996081,0.0,0.0,0.0,0.012340545631540856,0.006670272189942317,0.0,0.005224055477924594,0.021176076268990762,0.007770634615205552,0.012312621558689507,0.014089668937291577,0.012726266540329156,0.032314524687404145,0.0,0.018208876567396004,0.0,0.002704747244314021,0.0022315507613859253,0.00871644800335769,0.0,0.0005557700871268167,0.007877380508490184,0.0,0.0,0.020148249416121367,0.0,0.0,0.0,0.004173560768468754,0.0,0.040820205532479115,0.029162434271300164,0.0,0.0,0.0,0.011945384349943744,0.0,0.0068450028365480975,0.0,0.0022609676505735976,0.006768398205431403,0.007351696259646268,0.023177602037862677,0.0,0.002764630180703165,0.002582857738049782,0.01335880360928865,0.0017565752890451591,0.0,0.0,0.0,0.024252744789371228,0.02312160914535788,4.405928735629061e-06
110,0.02379970982817836,0.004072069130744538,0.05551373903659673,0.031618777674156995,0.011525101215580591,0.037579508364160574,0.016984209993210264,0.0,0.0,0.0,0.003768195606868474,0.0,0.0,0.0,0.0,0.0,0.015139628392034865,0.006987988345889207,0.0,0.01998613958929152,0.01252643637599693,0.0,0.0,0.0,0.0012377976177830874,0.04004434179551186,0.02466983149905655,0.0,0.008079162563653597,0.012495073624134712,0.00203356375674435,0.007402488736546253,0.0089497033479633,0.015061151731520006,0.0034971008861415243,0.018977465828267093,0.0,0.0,0.0,0.03222670953960938,0.0,0.0,0.015860439869112675,0.0022872390939516762,0.0,0.017516804386835005,0.018856294240473304,0.0,0.019046332135261856,0.0,0.012306905157947412,0.026434989804929643,0.0010639690020157744,0.0,0.03684809899448371,0.0,0.004232433267032931,0.0253210588661803,0.0013285117886869813,0.0015889123961629892,0.00939422458069128,0.0,0.0,0.0009182856440448361,0.008487083627824354,0.0,0.0027702550403017057,0.004746241206365909,0.011050210094186497,0.0,0.0137959827833809,0.006277941481338978,0.02690520521933948,0.0,0.027472295213669007,0.0037859899417149734,0.021022716978088773,0.0,0.012225694168074952,0.012610441217845825,0.03300374879025192,0.007779720172800708,0.05580375836417417,0.064602016398148,0.027038361318430848,0.08694256956799773,0.03248993514708065,0.006307992157188913,0.02081504140364121,0.0018284455665682486,0.007198342328586627,0.017194701730482542,0.025997804358251386,0.0,0.0,0.0,0.0,0.0,0.0,0.002439506362498456,0.011018417613651188,0.02145141273184148,0.010823293417332458,0.0,0.013566394352870326,0.010793651094545886,0.0,0.0,0.0,0.0022609676505735976,0.0,0.009123209714124059,0.0,0.01513491438907355,0.012107803455228883,0.0,0.004592614401246031,0.060546527712034504,0.029287424935264816,0.03343081163878292,0.024260743454812328,0.01963092383323417,0.005413875830610593,0.03771293073546289,0.013563769279762994
111,0.0018115127391062913,0.05253030108847767,0.0,0.023639319339122444,0.01806472590885111,1.7249335449776027e-05,0.01390094580321044,0.0,0.012777119956647098,0.0,0.010285238793728446,0.0,0.022395987574678422,0.0,0.016946462008058383,0.014392034035540568,0.0,0.0,0.0,0.0010194819328637195,0.0,0.002267756331316484,2.8238018844106705e-05,0.0027773520466798374,0.0,0.0,0.0,0.0022139110661063555,0.0,0.016388652833467354,0.013136032625944871,0.016890400175317843,0.0010623600166494995,0.011651851709665095,0.009135323589347877,0.02306026957446683,0.015720199877116592,0.018447411954117143,0.03147257172926743,0.0034242040185454847,0.0,0.011904238220457053,0.007540788566025469,0.0,0.007575107078049648,0.0003408136220617308,0.0,0.003245580203207865,0.011142032922830225,0.017958954961650342,0.01043205505354905,0.003224314727135358,0.009256860522397048,0.006092930176174072,0.014158784563163884,0.0,0.023712216721627932,0.0,0.029909771320652645,0.0,0.01913593889898557,0.0023259112560332085,0.00025772735834017624,0.0,0.0,0.0046817309450837286,0.0,0.007996293975289781,0.0,0.009152954640010869,0.0,0.002882943304765462,0.026463747911337876,0.020261820071811876,0.012357086014508134,0.006935004183870497,0.0075444081801450125,0.00660738574321762,0.004679758098348863,0.006455329671439358,0.0,0.0016146313573255355,0.00372200372629905,0.006407716312906153,0.0,0.012961192406803157,0.014679496979603357,0.0,0.026872308187523508,0.018885328555996672,0.0,0.030255931061670793,0.0,0.0,0.01975485917431019,0.0006233637551513738,0.0,0.0,0.026051046057518512,0.0,0.0,0.00045413713203590333,0.0,0.0,0.0,0.0,0.0,0.006771387728965017,0.024210562227705346,0.006768398205431403,0.009123209714124059,0.0,0.013586626608969254,0.0,0.0,0.008551768986428954,0.05609996035998055,0.02899275614104102,0.0009300481923046888,0.0030957412154863917,0.011764237311733261,0.020729751783997052,0.01790732810142437,0.005069027953793714,0.013904700450732221
112,0.0,0.0032311671325473412,0.014584084726037005,0.0,0.0,0.0036709971210653336,0.024562084939792506,0.0,0.0,0.0,0.0,0.010958905902686666,0.0132820752445868,0.009438399331773262,0.0243265246980382,0.018153316961387667,0.0,0.0,0.0,0.0,0.012929090608296612,0.0,0.0,0.0,0.0155601286839806,0.02619736858812871,0.0,0.0,0.013759072399910366,0.0,0.0,0.0,0.007790163354044921,0.0034428298140438685,0.003369160030359808,0.0,0.01066671130622332,0.0,0.013909420814526285,0.0,0.005020138869661572,0.008424928880663707,0.0,0.015820793364887287,0.01746832780245189,0.007495036732725779,0.0,0.006803024205661146,0.012042858419124336,0.022676489963351365,0.021930533609300085,0.0006741561696044229,0.0,0.0,0.0009263484164598879,0.0,0.004967242679317252,0.01616142959901712,0.0,0.0,0.005528216019380139,0.027930266588666264,0.02249160054306465,0.0,0.0,0.0,0.01459824929373088,0.007843999245253919,0.010706049475627921,0.0,0.0,0.0,0.0,0.002600504939819004,0.0,0.0,0.0,0.0,0.016450425244082467,0.018707436010066303,0.07208444499226374,0.0358992954161792,0.03390966902633341,0.020598180970893942,0.008419972172492685,0.010432444068903202,0.023589890714254658,0.005102484957944853,0.0,0.0,0.023426956430486534,0.0,0.037535852019469296,0.0029627754325574074,0.0219791108926346,0.005246648338186333,0.0,0.0,0.009381279445366708,0.0019563216517504145,0.0,0.0,0.0,0.0,0.000523983043579257,0.0,0.009689427877958678,0.0019054229355424113,0.0,0.007351696259646268,0.0,0.013586626608969254,0.0,0.016835283453170646,0.018861280795629654,0.007283763735255633,0.004653741203902939,0.014054371690643386,0.008404174185371538,0.0361798377158582,0.0,0.0,0.0037584543120168235,0.00662924792918318,0.01690731433201531
113,0.0,0.027548433974044606,0.0,0.0,0.0,0.02682962791241117,0.020437573279095567,0.018118616010604605,0.0,0.0,0.0,0.006015704472638106,0.01771397347686765,0.01241719798840002,0.0,0.026286064111822327,0.030598490396645417,0.0,0.007447271453064452,0.008027955132727804,0.01454863072574586,0.0,0.0,0.00878006376848095,0.018749784368083944,0.022475855916786358,0.012842668961005721,0.0030023601141389022,0.028877387480804373,0.0016073784125385515,0.0,0.005083218766580799,0.00896973394955225,0.0,0.025075354559824348,0.002620190130065758,0.0033486017724744244,0.0,0.004473254753014189,0.008622631530000202,0.024434014480825716,0.0,0.010855582584300194,0.0,0.0004998039242281038,0.0,0.0,0.00034979173114280115,0.0,0.0,0.003436940437663516,0.0,0.020065168765188268,0.0113110353496495,0.013552511672209278,0.0,0.0,0.0,0.019078789254947104,0.006956820436191613,0.0,0.0,0.009198587550672599,0.0,0.003948996787761949,0.0,0.0,0.0014064970395581966,0.0,0.01035733060901034,0.0,0.0,0.023276220244201618,0.0,0.0,0.0,0.015057761409345893,0.0,0.040509921996815024,0.0,0.014825438487541476,0.0,0.0,0.006528169790229299,0.0,0.017486788084843496,0.0,0.024208805717754522,0.0343588509140611,0.0,0.0,0.023447287122980498,0.0007355900198282583,0.01349099612164828,0.011562871710471434,0.004682897873649061,0.0,0.0,0.01022169473631962,0.007110491435787125,0.00814050877036454,0.0,0.0005433705065058803,0.0,0.006409517114820851,0.028743627730309917,0.016643712085006257,0.0,0.0,0.023177602037862677,0.01513491438907355,0.0,0.016835283453170646,0.0,0.0,0.0,0.003417985263282297,0.027953118910224894,0.0028121342813980377,0.001370921544845416,3.513138247601688e-05,0.0,0.0,0.013663548123327374,0.016224674503836134
114,0.0062563449767747414,0.02759330621391065,0.004081641223201871,0.0,0.003966232132733616,0.02568358426375017,0.010890782053648351,0.003055923676638095,0.01645594307027487,0.0,0.0,0.017106939930603637,0.016880884117238537,0.0,0.0019354282778136778,0.0029370390022487314,0.0,0.0,0.0,0.0,0.0,0.0,0.0,0.000700146808155111,0.0,0.010196214306540163,0.010122787675531875,0.008202701406451851,0.0,0.017127001678615805,0.0,0.013164003644191347,0.0,0.002512452012484623,0.0,0.00041680095774587755,0.004281451255747193,0.006903092595293536,0.007007900414460089,0.0,0.0010764141656780524,0.012589019857994543,0.01147658077691549,0.009733788117283204,0.0,0.008507433546602883,0.020591419979209213,0.0,0.0,0.0061783410135598515,0.0059755538346548676,0.0,0.0,0.0,0.0,0.0,0.01585950045419171,0.00041150034038395233,0.010524553973946915,0.0,0.003827786044664272,0.0086213743220247,0.013168403503140524,0.0,0.004678251290634705,0.0,0.0,0.01818129946385305,0.0,0.03083938836880762,0.009725921179785324,0.014736919154633377,0.0,0.0,0.0,0.012636794259929474,0.01928987314174968,0.013265114104238585,0.01314705101682545,0.009032922555332057,0.0,0.0,0.016756858762757787,0.0,0.0,0.0,0.01790404116244826,0.03752671910008587,0.0,0.007028540976390829,0.029898237265205907,0.0,0.0,0.0,0.0133410733979904,0.020381168361735646,0.015833373524547945,0.0,0.005929323629710659,0.00762490135471694,0.019226960795966086,0.01867968508455853,0.0,0.012068763371996027,0.0018071993344053183,0.0073374953989908676,0.0,0.0,0.0,0.0,0.012107803455228883,0.0,0.018861280795629654,0.0,0.0,0.017083590321000486,0.0,0.006314346353682332,0.007856204496259345,0.0040271455059111005,0.0008300667328331457,0.0,0.034343026214094685,0.0,0.0
115,0.0,0.012666812596794585,0.023955192325368913,0.006587470907531312,0.0026498701967625493,0.002498573753997313,0.0,0.003734816892338344,0.0042965008651769665,0.0119165886676047,0.006552995414020657,0.005473933852361057,0.0,0.010245521385786382,0.024721792224176475,0.0,0.0,0.0,0.0,0.013727553162245165,0.0,0.001150618304179396,0.009620959809196528,0.0,0.0,0.0,0.002420612074486961,0.009038647333933447,0.0,0.0,0.0004985215692308032,0.0,0.005236290637926189,0.0,0.0,0.009617392896316801,0.0,0.0021991577943181184,0.009368564541254898,0.015062085297249617,0.01971561441962688,0.013485344844218261,0.0,0.0018063380271176044,0.007261168661048423,0.016434075988502883,0.015721132849144226,0.0,0.012696364194671794,0.0,0.016976938579833956,0.0,0.00041786765314455465,0.020148929165317853,0.0,0.0,0.0,0.013857513223222817,0.004011375425585939,0.002725593561283546,0.015169185779896566,0.0038519259845966047,0.014433976498168022,0.0,0.008112769070972803,0.0,0.0,0.0,0.02010942545005978,0.0,0.0034909282063368963,0.0,0.0,0.010248246196401745,0.005114120513115772,0.009238636581908821,0.0,0.0,0.004440647102186723,0.0007280856316294049,0.017833302756523395,0.0,0.0012768610454312324,0.02008055614564741,0.0,0.03278660379377474,0.0022219428781440342,0.017014961975355902,0.005534777601365448,0.0,0.01644244364433245,0.0,0.027667135971870316,0.0,0.015279952539301256,0.0,0.0,0.006468914926149871,0.0,0.021579969737094196,0.013275501344866214,0.023753424451113503,0.031491172381166166,0.017184485611919875,0.0,0.0,0.0036546058611222065,0.0,0.0,0.002764630180703165,0.0,0.008551768986428954,0.007283763735255633,0.0,0.017083590321000486,0.0,0.023954174346785706,0.04717678776342016,0.01732249996930424,0.022162931820345122,0.007163779637016532,0.025837664054886744,0.0,0.018284540498128443,0.01844919304448478
116,0.011117140156475802,0.0004828746775968895,0.0055820961431338745,0.00825399345936173,0.011717462396534373,0.011601832077589691,0.0,0.0,0.007490342691729879,0.004934998044317851,0.0,0.01910822422734082,0.0,0.0030886802300642557,0.0,0.0,0.0,0.0,0.015244889183667176,0.003907543682259096,0.0009509075813518564,0.0,0.01638577487973958,0.005702274624645121,0.013439691155270772,0.037032693315232734,0.014084439414732586,0.0,0.0,0.04003240683403142,0.0,0.004546704813640723,0.0308512305345765,0.014132855068740291,0.0,0.0,0.0018712090429495731,0.008642962329906467,0.0027554486227092667,0.0009414496448534315,0.013823289616967216,0.018808501786785392,0.0,0.05200091224677461,0.0,0.014623218612362265,0.0,0.0,0.0,0.0,0.0,0.01183412819824703,0.0,0.0,0.009659110902891399,0.00043125836275414997,0.0027921508659538574,0.0,0.011322376930809952,0.01389023107016829,0.00032636442645195274,0.004595489662018615,0.0,0.013109828037029203,0.022699119222973962,0.0,0.0,0.016076710017676632,0.0,0.0010731699030328556,0.0006856682356959354,0.01364946762654018,0.024812301910282386,0.0,0.0010417577089523178,0.009903736502462124,0.0,0.02748351697640583,0.0,0.04323815273211373,0.001230727909472762,0.03204356186138302,0.0318264701901354,0.03324559411553096,0.03763075573602492,0.04707435616878364,0.014995475610724895,0.011974443872079021,0.024826117144278292,0.004782178360818179,0.015990111737700374,0.017964767442561147,0.023563314575476113,0.0,0.0,0.0005103090853983971,0.00026151639272065097,0.02179823492095423,0.011050823492489315,0.02141141592838114,0.005524320988077314,0.044700630858550916,0.018018901247480734,0.0,0.0,0.0,0.0014369698887648497,0.0,0.0,0.002582857738049782,0.004592614401246031,0.05609996035998055,0.004653741203902939,0.003417985263282297,0.0,0.023954174346785706,0.0,0.0459740807351352,0.004532747086081201,0.07293071390182337,0.00483629799551899,0.02188190437082227,0.021196580586909874,0.04133056279236236,0.008168403440543592
117,0.0,0.017853525469109677,0.06528912312400248,0.0745603533464596,0.09297229162095366,0.06936501133808282,0.023471455530395424,0.0,0.011824899675506373,0.006192967154724727,0.004113705207950957,0.013170372477916636,0.003989065584075746,0.0,0.011317670104905808,0.0,0.009685134081398594,0.010702879386752073,0.0017135490475030934,0.004491716668860057,0.0,0.006435137160879734,0.0,0.00651345133448622,0.0,0.0,0.018875280503530156,0.0,0.0,0.0,0.004331811067228131,0.0,0.005789146337529694,0.014038862109708283,0.024523063304621395,0.04700237478328084,0.021233456903833492,0.0,0.01310024037662405,0.0467772067434602,0.03976325080025678,0.010801649074305253,0.025222177597411743,0.00809401494754347,0.012771835285351862,0.0,0.01034872847969126,0.0034051469582783156,0.01591410789929082,0.012002853699043747,0.0,0.015929445825888955,0.01191369440127854,0.016663535004711072,0.0,0.004625771413047097,0.0,0.008531299154556748,0.01007939572372063,0.0260907254548588,0.0007248037025480158,0.013518463063515895,0.011246742301084467,0.0005898042282410643,0.0,0.0,0.0,0.024901435988295084,0.01770393855282837,0.009238677778485638,0.01954673830096798,0.0,0.0,0.0,0.01276032521931203,0.003626057859628773,0.0,0.0,0.0,0.0,0.12208388087905586,0.12259223486652537,0.07738425867546894,0.16319550270951577,0.06802402254681095,0.2175963909551868,0.02479690138161761,0.04892903308956953,0.04129520569806644,0.06528857639575758,0.02933466493729142,0.04729816114474783,0.05677131351824549,0.0,4.066860666895877e-06,0.0,0.02107724208692119,0.0019128545667319585,0.0304690014823219,0.0038309649824617154,0.0007763737289190331,0.03937566830117767,0.037875777552354606,0.012201075535627659,0.006245827666520043,0.0,0.01606061380250967,0.0,0.0,0.01335880360928865,0.060546527712034504,0.02899275614104102,0.014054371690643386,0.027953118910224894,0.006314346353682332,0.04717678776342016,0.0459740807351352,0.0,0.04562211356210266,0.1873243068252508,0.04140320385287666,0.08710722817471872,0.0779646211634395,0.06821638419408504,0.044140217747153265
118,0.0,0.0076559521013033205,0.05220827658618621,0.013257639771827812,0.016700697425036992,0.02461238373258645,0.0,0.0,0.0,0.014152230189076853,0.006989418183980689,0.016535936861122202,0.0029956950127667525,0.0,0.0024705473584409887,0.01640986385643739,0.004144267555748371,0.008941275223112832,0.0,0.009922349702170763,0.011265168058559816,0.0095783045241431,0.010990522419152882,0.0,0.024206770754154228,0.0,0.007004236857045321,0.0,0.002248467112733188,0.012296250283408305,0.028377933508218156,0.0,0.007945665182967687,0.005726457430719201,0.0066579065635563595,0.04627170815277104,0.0,0.004073684180785797,0.021076824303992936,0.017403036849540587,0.02057683580988101,0.015636507727879945,0.00893530235485418,0.016679038755416542,0.0,0.0,0.01747200425745632,0.0,0.011496553947361043,0.0065689660937415795,0.0027239423673233176,0.0,0.0,0.0020785926994166815,0.020335695091647565,0.0,0.011247543023872097,0.027929956046230053,0.030973544537282294,0.02166456542851236,0.0,0.006567803290045582,0.0,0.0,0.0,0.005336171636789899,0.0,0.0,0.0,0.0,0.00926875033170571,0.011734818558049476,0.0,0.0,0.0,0.00796582329809059,0.0001323355783178215,0.010384853474851852,0.011046884012900549,0.0,0.0017560811880761307,0.0,0.0,0.16979509875599552,0.01189880055000092,0.18955829601136376,0.07644258991383257,0.014746172518639966,0.06726652749382023,0.06534598976476591,0.0,0.03558509481694827,0.0881046669129999,0.03798543385314712,0.0,0.0,0.005431690191114669,0.00875098852463907,0.0,0.023953019216712335,0.0,0.048077318400117086,0.022595284937877658,0.010293129996726158,0.0,0.01619118120813834,0.0,0.008854768026766102,0.011110510855568023,0.0017565752890451591,0.029287424935264816,0.0009300481923046888,0.008404174185371538,0.0028121342813980377,0.007856204496259345,0.01732249996930424,0.004532747086081201,0.04562211356210266,0.0,0.013266013990931746,0.015694841129692882,0.02514651042398608,0.07774583315599148,0.02444274404269997,0.012961258887739469
119,0.0,0.0,0.056116167849297405,0.019164963062247686,0.044161676055793464,0.09146487252476643,0.004755150408469078,0.02037535899677767,0.0,0.008535256704025329,0.002823363106072563,0.003474978917475724,0.004568198230762377,0.010818167137243151,0.008381458009599108,0.0,0.0,0.00887023693804423,0.02135273565650131,0.0,0.0,0.006386311829622571,0.011911246975777168,0.004739198309549941,0.0,0.0,0.018152084244583477,0.0,0.030585417646526558,0.0,0.006486800169806628,0.012543463552995071,0.012284878957422585,0.02623986173143411,0.02461590101722777,0.03504121668076543,0.0,0.015707004561721583,0.0072998828825685536,0.06628019507771299,0.07694232523119204,0.01907902441709286,0.0,0.01730218816846829,0.020569328150162214,0.008507619830801616,0.02335888250164242,0.013629523296418533,0.0,0.016243222528593115,0.009386330158383416,0.0,0.04112988493218861,0.008023354484561374,0.031179915008553216,0.0,0.0,0.02635414782354495,0.004496233462267796,0.0018939603707339714,0.0,0.02171356691289006,0.0,0.022366320590021083,0.0,0.01478609416379495,0.008164115848527942,0.014201899400747564,0.01470964959171539,0.021308130295902394,0.0,0.008191059617433716,0.013353096242084916,0.006934146069299096,0.009860475810413938,0.005162251705877807,0.0022854682403652404,0.022082731064494432,0.0,0.006206920154076201,0.08627633186692307,0.10926418887184752,0.07428320930224785,0.1404033018690507,0.11024986278744286,0.23111191892836835,0.033318408128131694,0.05905332603550573,0.09626921756917017,0.040318729803655806,0.02119856174636503,0.03374197252230182,0.027053681635420546,0.005006704960408115,0.01195802421799641,0.013418732243274611,0.00887050267251066,0.038492678779351586,0.0,0.039640118856348217,0.009223171375839279,0.03783882632221669,0.058866380964175846,0.0,0.027430594834962463,0.01671688676385763,0.0,0.0,0.0169552937503763,0.0,0.03343081163878292,0.0030957412154863917,0.0361798377158582,0.001370921544845416,0.0040271455059111005,0.022162931820345122,0.07293071390182337,0.1873243068252508,0.013266013990931746,0.0,0.0310225695906734,0.10553535512173529,0.06057804009641199,0.05222178529551069,0.019632961225840795
120,0.02209993514569142,0.0,0.00952551161560411,0.0043831407960288615,0.01573958305439227,0.08188083776166177,0.005651204629787188,0.013683591294785025,0.004619753157026452,0.00577143217686249,0.03877643190158686,0.00702799091760653,0.0,0.003425114223369441,0.022908210669214668,0.004620795511169895,0.0027051861886038253,0.02209524920688022,0.0,0.0,0.0,0.010030835683538797,0.005492906893679539,0.0,0.0,0.015882249079990807,0.014032561310464153,0.021025371762016576,0.0,0.008069193614569592,0.0046813097432778505,0.0,0.0,0.0,0.01469640215237522,0.0040971713336697135,0.0,0.00752756975137725,0.00816723316209167,0.034850941635074406,0.061355787920695626,0.0,0.0,0.0,0.007780475024436129,0.007935821259145825,0.029823817915791473,0.005069726991097312,0.0002685658882093378,0.03230907649728998,0.005459299770729231,0.003070437327412634,0.0006004226601623586,0.0,0.0028003097395421506,0.006646126279889586,0.0,0.027292041439803683,0.040620672425017545,0.0033231303511529475,0.0011917454362020408,0.013427233733795951,0.0,0.0,0.0067625515006106696,0.0,0.0,0.01400611935120466,0.0,0.00419254465983343,0.0,0.011955308225277683,0.0188804648071228,0.016192126455648825,0.015544431221004906,0.0,0.005176696322932273,0.0060615467043625415,0.0,0.01696657600992424,0.05164384950142864,0.022151433749966642,0.04505537282722827,0.07275840347604667,0.017002162135209886,0.04905892199593698,0.03660045651953947,0.015457574906919014,0.05276903260990107,0.04660695110120372,0.030852028217428717,0.018985597136587096,0.040216164994044235,0.005635382085264595,0.01980313324946792,0.0,0.006453107350094633,0.0,0.0,0.02626982925106347,0.0,0.011716437259030599,0.004811219935513478,0.045146684782091384,0.004988527424070632,0.014987629418714121,0.0017744121778289212,0.0,0.010513255804472266,0.0,0.024260743454812328,0.011764237311733261,0.0,3.513138247601688e-05,0.0008300667328331457,0.007163779637016532,0.00483629799551899,0.04140320385287666,0.015694841129692882,0.0310225695906734,0.0,0.030097996527271853,0.008696599046413844,0.0,0.0
121,0.0,0.0,0.023757754048956414,0.040993158895542336,0.020458721874006436,0.010947613347974894,0.015734580158844658,0.012606332295132638,0.0,0.025256819136797226,0.022489445615751613,0.01101280986882891,0.0,0.0,0.018616658227476712,0.005267960822228801,0.007781925219098262,0.0,0.002545921793975836,0.0,0.007163099647355509,0.0,0.0,0.003029082299086383,0.010672134789045273,0.02814512573904171,0.018847986735262445,0.0,0.023165106099838795,0.0,0.00554806851633316,0.0,0.00530266959560155,0.0003575102637434213,0.0,0.017042248778166957,0.0,0.0007616975181976571,0.008259810501557219,0.07647640527657318,0.04389820926052135,0.01633839313242813,0.0,0.0,0.01001617454163739,0.002067581758534942,0.018011025218689802,0.003676994469876682,0.0,0.0012180268857377996,0.0,0.0,0.0010316217543619999,0.007666913796104069,0.02828436051525518,0.007083890724254083,0.011162721494586414,0.0,6.647146531335579e-05,0.014703691049949619,0.0,0.011844642766373426,0.0,0.016103704621020398,0.0,0.0,0.0,0.009294087217365465,0.01275896475548155,0.0,0.0,0.0,0.008477882299836814,0.0,0.03979727514544695,0.0,0.002197718585967401,0.024352329732713507,0.0,0.016427118121053574,0.032301606683277306,0.03302775817888559,0.04098962101402215,0.039653728844015745,0.05124764667977377,0.11244013404278874,0.021160800702042515,0.027434246042577826,0.043454966200858536,0.04190587226919451,0.012540423645186927,0.0,0.041192261570708766,0.0,0.0,0.0,0.0,0.0007191266716395361,0.015480906397295158,0.0,0.0,0.010865118758037973,0.017376815685790525,0.0010299751191942264,0.0,0.01099502067260616,9.391561185001507e-05,0.019980485559943695,0.019386860315611543,0.0,0.01963092383323417,0.020729751783997052,0.0,0.0,0.0,0.025837664054886744,0.02188190437082227,0.08710722817471872,0.02514651042398608,0.10553535512173529,0.030097996527271853,0.0,0.005180020409583541,0.02517005118457938,0.009677604317623434
122,0.005129774921598607,0.0,0.030338732653149236,0.022723890600143903,0.03912529140714316,0.0,0.016078367952566452,0.0,0.0,0.0009846101796062712,0.015709912465154297,0.0,0.0,0.011135723148226973,0.010463391099821528,0.020641100533015155,0.0004055203702213461,0.00824112437894886,0.0,0.0,0.0,0.006007864927163986,0.0,0.0,0.0,0.02787370442012982,0.0,0.0,0.0,0.011057025752165828,0.016708066908460495,0.0056154158184007485,0.005700872139523305,0.02750465979578376,0.0,0.050577388113355326,0.023621942693338838,0.028372447707908144,0.010768528848175585,0.03239336468749565,0.0029654828636935804,0.0015481374787533753,0.0013543018878330315,0.015562325319588233,0.011254230849963243,5.798780445065432e-05,0.018275120582230464,0.008647488239625467,0.010492596640726326,0.0,0.0,0.0,0.0,0.0,0.004438397322267029,0.0,0.0,0.0,0.042298778236007806,0.007677441552253583,0.017873082212714664,0.0021353408883006963,0.02328174084704937,0.0,0.019227111620365278,0.017742345933327464,0.0,0.0017739680556223547,0.0050613422828558186,0.0,0.0,0.0,0.0,0.0,0.0,0.026741895093347345,0.0,0.0,0.02190029644641367,0.0012411906028422237,0.02586432259766802,0.002115769380797161,0.010956994011969812,0.11056773973710898,0.016234764079365416,0.17059277276914386,0.02024997393205563,0.011268504573563654,0.0,0.034531808939940234,0.022372747457605868,0.0,0.04219468536424564,0.0,0.013356916976309918,0.0,0.028166963366882847,0.02178000078848097,0.025258464337030162,0.023291844055729705,0.009226666262382999,0.03881856680750673,0.046340745946965356,0.023962997200682956,0.008182861367829197,0.0077071638559012,0.0,0.0,0.01115934909756433,0.024252744789371228,0.005413875830610593,0.01790732810142437,0.0037584543120168235,0.0,0.034343026214094685,0.0,0.021196580586909874,0.0779646211634395,0.07774583315599148,0.06057804009641199,0.008696599046413844,0.005180020409583541,0.0,0.039727397683923193,0.030037370408569686
123,0.0032613059168458136,0.0,0.030555073888227646,0.0420209003596117,0.039510816182573905,0.0030232922182928945,0.008738012637174997,0.0,0.0070193887156770884,0.0,0.015024135502244462,0.019494558105167314,0.0021218431059368825,0.014600500447770948,0.0055448881088713264,0.0039091700392228645,0.00451823462327372,0.0,0.0,0.0,0.022710587785414127,0.0037098790791647573,0.008213247148600722,0.0,0.0,0.0,0.013194103763424003,0.006739156633653209,0.003057978589954935,0.0,0.0,0.0,0.011869770170386928,0.002122607116726627,0.0,0.04242035114806164,0.0,0.0,0.0,0.020359060197807644,0.016762069588374118,0.01113577167247648,0.0042076674392586,0.0116164360662534,0.006324877169467058,0.0,0.0026892451531912442,0.0,0.019309733460431744,0.02618197786008203,0.0,0.013704901211839093,0.015168382296598892,0.02212287192099094,0.017283568940658967,0.0,0.010123192099616318,0.0,0.00809229620818197,0.010558699528284698,0.008213348417526412,0.0,0.0,0.013616864344419,0.0050088380377708575,0.015440499729145074,0.008874099813432679,0.021142631229672304,0.01819804075293696,0.019847052197843773,0.0,0.005858182100079823,0.013809461239760346,0.0004838438240781784,0.0,0.011964019608501353,0.002342178364332703,0.03428150002887964,0.0,0.02761078965405961,0.046880004110793294,0.013274247567484743,0.03634332973472798,0.1321491243434738,0.061721882627812086,0.14187354342551028,0.0391619459033965,0.03380035137538506,0.01608120786686662,0.059065968560368276,0.004492717493000065,0.03205313373860719,0.04636513285811006,0.008262771174584849,0.020955938586184608,0.028839235834921872,0.009801658251431533,0.0006063992773830407,0.0035111929668518727,0.01881849127131563,0.0,0.027998208294310878,0.027834694023882278,0.021611770014108522,0.0,0.012802486159618987,0.0,0.004096951959577488,0.0,0.02312160914535788,0.03771293073546289,0.005069027953793714,0.00662924792918318,0.013663548123327374,0.0,0.018284540498128443,0.04133056279236236,0.06821638419408504,0.02444274404269997,0.05222178529551069,0.0,0.02517005118457938,0.039727397683923193,0.0,0.04881494862692559
124,0.0036757786037475704,0.018134055713019848,0.009724256671773901,0.03111014402839185,0.03085613116310082,0.02623342431204012,0.0,0.0,0.0002640423985980078,0.0,0.0015411785334222827,0.012599020383784243,0.008115630781826866,0.020702674791783338,0.016539379396903975,0.007306987656205521,0.0,0.011857756454711321,0.007795839242733749,0.0,0.021901563551573133,0.0,0.0,0.02396619468821104,0.0,0.0,0.040738411111084005,0.0,0.0,0.006388698794660641,0.0,0.023063490594685376,0.0,0.009039282078362909,0.0,0.019832977226363013,0.0030973238628693167,0.0,0.0,0.04311419903533853,0.01130916331474996,0.00015573111057332056,0.0,0.010727944114336196,0.014455765050331415,0.0272390525037558,0.0010404529044167887,0.02329705053147091,0.0,0.004444302915085352,0.019847046644689392,0.0,0.006413194396066579,0.030762687311528758,0.0,0.013055063911330933,0.0,0.0,0.0,0.01785808870824468,0.0012530815201490242,0.010355764516754462,0.0,0.0,0.0,0.017885524406719533,0.02472415446991416,0.0,0.0,0.0,0.0,0.0,0.0147520138490016,0.0,0.0,0.0,0.0,0.007486208491421564,0.0,0.0,0.005458420006134723,0.02264188070645279,0.030950036631434585,0.05382064682085641,0.0,0.09814705958495473,0.00919004671711754,0.01345841788751656,0.01200970291389325,0.0161560673386818,0.00012227664271069472,0.02340765312379478,0.009815887173591165,0.0004225007043032747,0.013581811654398201,0.02325149323679021,0.0023232203017702346,0.0,0.025512225903307595,0.029013286457941767,0.0,0.024939189708896414,0.020931319556811268,0.008885511381743427,0.0,0.010263519348732153,0.0,0.0,0.0,4.405928735629061e-06,0.013563769279762994,0.013904700450732221,0.01690731433201531,0.016224674503836134,0.0,0.01844919304448478,0.008168403440543592,0.044140217747153265,0.012961258887739469,0.019632961225840795,0.0,0.009677604317623434,0.030037370408569686,0.04881494862692559,0.0
