,0,1,2,3,4,5,6,7,8,9,10,11,12,13,14,15,16,17,18,19,20,21,22,23,24,25,26,27,28,29,30,31,32,33,34,35,36,37,38,39,40,41,42,43,44,45,46,47,48,49,50,51,52,53,54,55,56,57,58,59,60,61,62,63,64,65,66,67,68,69,70,71,72,73,74,75,76,77,78,79,80,81,82,83,84,85,86,87,88,89,90,91,92,93,94,95,96,97,98,99,100,101,102,103,104,105,106,107,108,109,110,111,112,113,114,115,116,117,118,119,120,121,122,123,124
0,0.0,1.2323413546627268e-06,0.0023428635675327293,0.00498443733349559,0.0001341189330741535,0.009377754465251124,0.00012893766071398103,5.851486448128558e-05,0.0007249210374368435,0.00016836395476714727,0.0007102446075046854,0.0011343562140192995,0.0,8.288783630555224e-10,0.0001387129196364488,0.0,0.00012893766071398103,0.0002579630584846075,6.445787068474743e-05,0.0,0.0,0.0003798970790902672,6.445787068474743e-05,0.001319136537142641,0.0003059002102519443,0.00016362921921097054,0.005094842911692158,0.0012876187232540304,0.0002454679933481779,0.001358238275165931,0.0,6.445787068474743e-05,0.0005809111873607096,0.0,0.0005335884240795312,0.00034155126315387304,2.529111085153056e-09,4.027518471460126e-05,0.009563374458648823,0.006339977863411727,2.4006520562904008e-05,0.0011836964076859559,0.0027262760695345297,0.0008396663043885737,0.00014143192146849902,0.0002073028790886215,0.0006647049755152395,0.0007278549348446847,2.116842213618109e-05,5.789160585627725e-05,0.00012893766071398103,0.00011932709831391313,6.445787068474743e-05,0.0003737830377464153,0.002212850734305761,0.0013071391085870048,1.839592865621852e-06,0.002782648381330295,1.4541298055127652e-06,0.0006455668703680015,0.001997625986439599,0.0005809111873607096,6.445787068474743e-05,0.0,0.0,6.445787068474743e-05,0.0,0.0,0.0028570816327039244,0.0009691763986201736,3.197449360199165e-06,0.001358238275165931,0.0007878754778636093,2.0597732171158565e-07,4.587199424374768e-05,9.424713092395086e-05,0.007380549413190055,6.748446976593625e-05,0.0021685835083519274,0.0012283451612856932,0.0003597010675959842,0.008250246347464615,0.004200986878541288,0.0011397499197088323,0.00012451374291376288,0.0020848404452003463,0.0008632967981119593,0.004278655934322164,0.00012747559601435896,0.00022201542018063632,6.845386158729779e-06,7.514525537661416e-05,0.0029623438541283294,0.0037225953663494156,0.00019343938500441515,0.00012893766071398103,0.0002579630584846075,0.0005162775434440272,9.873880201854079e-05,0.0008909262829191958,0.001905226501164257,0.0007614966600148269,0.014234897017176595,0.0009301449771953732,0.0019535155804040914,0.00012893766071398103,1.5105804161465575e-05,0.00018419409783871846,6.445787068474743e-05,0.0,0.00035988775262174225,0.00957113441646037,2.7257203079256147e-05,0.0015491243517945532,0.0009048750022593188,5.1168184948156076e-05,0.0022503708924809505,0.0013847891428442527,0.00044262953244806534,0.0005293936051585541,0.0028666965758243064,0.0025563104980192925,1.2545419415118058e-05,0.0016647966322575023,0.0006222339076278436
1,1.2323413546627268e-06,0.0,0.0018647897160428207,0.004025123581270206,0.004664706825675907,0.0004237404471347192,7.853792068563195e-05,0.0003288182864557718,0.00452537597028421,0.003087253825988701,0.004014684290412119,0.00023208191014454296,0.0,0.00020702553190723864,0.00018774167055064044,0.0,0.0015626939276716396,0.00015718324374884723,0.0007811786271061935,0.0,0.0,0.0006763033104864982,0.0007811786271061935,0.00015292150993200684,0.0009502735502851631,0.0001015671901069349,0.0014887043807350737,0.0006101146205068384,0.00021904080022727034,0.00022966112679321399,0.0,0.0014887043807350737,0.000912134635336015,0.0,0.00039376585372604696,0.0007044378367289542,0.004206977797564779,2.799153552455101e-05,0.0018780870350977056,0.00415091533420798,1.334606082795184e-05,0.0002771401179448744,0.0010308960692338707,1.2331799661630893e-06,0.0003935558225786871,0.000464523019615779,3.7024043420252545e-05,0.00034539455313265617,3.279225854498351e-05,0.0019301071621267785,0.0015626939276716396,4.186844452998887e-05,0.0014887043807350737,0.0003290605715633733,2.1122049998489154e-06,2.499054330202426e-05,0.0002483035998519206,0.0007805025720907686,0.0029208237997019504,0.0013206037263656348,1.140808686502943e-05,8.778348015760563e-05,0.0007811786271061935,0.0,0.0,0.0014887043807350737,0.0,0.0,0.0042267568687464774,0.0002891807644836478,4.532199531353409e-06,0.0017333623453116246,1.5613454681711718e-06,0.0003922078441567512,0.001769086461319041,0.0008011839098501613,0.0022521714758781436,0.0005221393000937705,0.0007442147548733239,0.0017943509400100662,2.8361214979779572e-05,0.003615915206399798,4.730044136304346e-05,0.006686295319917816,0.0015205484220683883,0.0009020697059312019,0.003201834706413531,0.00013929662257692934,0.00011471154666053828,5.978419721140563e-07,0.0007914707347093624,0.002509210439452563,0.012249027465703515,5.721950718279694e-07,0.000740629174252844,0.0015626939276716396,0.00015718324374884723,0.0005545843635718944,6.276310840381595e-05,0.0006582744295443822,0.00024942942455415205,0.006802581633068967,0.003570763428804567,1.2833126487557447e-05,0.00029586196180974504,0.0015626939276716396,0.0013396134115737754,0.0021719902307355877,0.0014887043807350737,0.0,0.0008077562699688209,0.0009621791107881955,1.8046612870423054e-06,9.662956255635122e-05,0.0007999974437098696,2.7301581657024278e-05,0.0016294260394744506,0.0009771060599100883,0.0002360650152653095,3.122782237131656e-05,0.0002992981233881433,0.001660074866109574,0.001068819143575206,0.0023293711480695087,0.0018088484954173673
2,0.0023428635675327293,0.0018647897160428207,0.0,0.010404294519667427,0.00759752159263651,0.0054502890902227525,0.0012210634171000545,0.013139715031398741,0.0019079983761589724,0.0018897550245829,0.0018752048078104803,0.0010924954754616392,0.0,0.0005592388765662433,0.0003513229694078675,0.0,0.00021860701319741267,0.0004375267599992176,0.0006104075847011832,0.0,0.0,5.5700655902939155e-06,0.0006104075847011832,0.00030757078378647513,0.0006498945130512037,0.01226088337193438,0.0006104075847011832,0.0012152296283414069,0.0009324510788394753,0.006263208330833113,0.0,0.0006104075847011832,0.0004781684060775353,0.0,0.0026086546813259585,0.00040252012121756167,0.009645448727468479,0.013043449428358965,0.026974777090426314,0.007566250084294665,0.0008082709673543903,2.1070969202898508e-07,0.0005514516486432534,7.641572696739355e-06,0.0008618438045835743,7.32094899252125e-05,0.0016138241905756892,0.00996808427067587,0.003766742338832028,5.4473362913574496e-05,0.00021860701319741267,0.0003930548954162504,0.0006104075847011832,0.0022170359121397795,0.0008542972756206207,0.0027073127887574607,0.00010483598777601683,0.03106687404410466,0.05265836274624845,1.5250185685305402e-05,0.0009279932474103557,0.0004781684060775353,0.0006104075847011832,0.0,0.0,0.0006104075847011832,0.0,0.0,0.002759056900556256,0.00016288908557683966,0.0007054020917991834,0.0008567754866374846,0.0065873126361850705,0.0007381210900774943,3.78145530877943e-05,0.0020554576171747103,0.0010261452959877335,0.000441553175990298,0.0036193363512047236,0.001434258003120592,0.001316346877936246,0.01737978494247858,3.219744099031844e-05,0.03436227231716164,0.011698632954574746,0.0048958950838311,0.07627716173868347,0.00028398411523658995,0.0006260879587773438,0.003910386634625172,0.008535720342747037,0.05006490338168123,0.005240387366183736,0.005014078800527826,0.001191832158670326,0.0036002070781867923,7.520589913364579e-05,8.464004266752343e-05,0.002150832628701024,0.0021153253060236014,0.022000890414585066,0.020045804704445648,0.023283008402592408,0.0009532784478734975,0.0033597742231082175,0.0012210634171000545,2.053608723694816e-05,0.01135566178909792,0.0006104075847011832,0.0,0.003028431773670686,0.01092951652308842,0.0019207949943283226,0.0018263655989302575,0.00011772874775120748,1.0318083843884542e-05,0.004108152385012613,0.022959963305124235,0.048238811867671615,0.0017972922765067537,0.03241775280778418,0.15440439885466606,0.017345734952847667,0.021873806981967767,0.0002968084379755724
3,0.00498443733349559,0.004025123581270206,0.010404294519667427,0.0,0.0029974180709796566,0.12671064885782654,0.0008736759265517213,0.005941337600290148,0.0006084664171585167,0.00032008814048388397,0.0013209090248818489,0.003535121389573643,0.0,2.212415779008761e-07,0.0004814402588005219,0.0,0.0004922105461691426,1.260603037450418e-06,0.00043675415531056327,0.0,0.0,0.00011917668573802256,0.00043675415531056327,0.0019744825693951873,8.522151528296444e-06,5.905685000283663e-05,0.00043675415531056327,4.9016926411943475e-05,3.8977659786491083e-05,0.00024969268115149,0.0,0.00043675415531056327,0.003936832470317622,0.0,0.0010414682733609763,0.002436705889445077,0.0033155342587922014,0.0010504106792330985,0.05390310668035815,0.05877514402933805,0.0012908391140991006,4.53782907145382e-05,0.0005027415678338919,0.0002341146298456767,0.0016311010279619314,2.9414856550242755e-05,0.0015112977744516252,0.000826490369511828,0.0028175830054240646,0.0017369545957094128,0.0008736759265517213,0.0025491271152728377,0.00043675415531056327,0.0017357782241834065,0.0010293451604675742,0.005709294263625213,1.593227272126997e-05,0.01124629488226993,0.002326496574240746,0.0024687761407163568,0.021885292156284004,0.00030574292555744656,0.00043675415531056327,0.0,0.0,0.00043675415531056327,0.0,0.0,0.00018367727986874402,0.0008640606669078723,0.00012257081753862877,1.0149778848564607e-06,0.0007613066369014607,0.0004260257836857687,0.0015872108311489228,0.0027184719686960024,8.550360817936228e-07,0.001477929037712266,0.00044265663926384535,9.678330267447438e-06,0.0004080974856739274,0.018108193845107555,0.07117718339190467,0.003820462065297185,0.014987051688078066,0.0009726261959139708,0.02402383199637356,0.003856485139994244,0.016660613827783288,0.007122213914531112,0.12812156478096018,0.01231481261426774,0.004254731341100544,1.2539780606646518e-05,0.001310765443247781,0.0008736759265517213,0.0009851915106723352,2.5246002161963103e-06,0.00015358798536824976,0.0005136332952003226,0.00012845027854811454,0.000543979577706581,0.002092095100412957,5.163399170213731e-06,0.0003379085579182352,0.0008736759265517213,2.460865324296397e-06,0.00038814949006342605,0.0022468014780162244,0.0,0.004747263813875875,0.03562466813521133,9.145452851240447e-06,0.0003024708175259546,0.009019427712784262,0.00018997977613148333,0.010877811684156222,0.008769541723017976,0.0015781128678310312,0.004332227082679636,0.004081982491010208,0.001380310439825732,0.000511741277747673,0.031035007138257364,0.004846127715487181
4,0.0001341189330741535,0.004664706825675907,0.00759752159263651,0.0029974180709796566,0.0,0.0196929151627808,0.0005319317958716795,0.0012877527060097618,0.00012282699918963075,0.0050277188320766815,0.002268441169135639,0.00012870476525656238,0.0,0.00019756882221013544,0.0005418988289105293,0.0,0.001023867997069227,0.0010642498242194372,0.00026591765399154653,0.0,0.0,0.00044046494343583553,0.00026591765399154653,0.0010316583200948436,0.00014877665599454594,0.0009029960384158069,0.00026591765399154653,0.00107650085163003,0.00014567574314039352,0.0056046270343294785,0.0,0.00026591765399154653,0.00011366103297866341,0.0,0.002663526936471288,0.001224937176212702,0.004409502958106269,0.00028383098307436274,0.006687334865167721,0.002465210799395817,0.0006238570811881489,1.3188394534806216e-06,0.00035289245529585516,0.0005689281624720794,4.3543512727145076e-05,3.1302503700261845e-05,0.0005845742732228825,0.004153223851633021,0.009334462671904943,0.002434102947949176,0.0010238679970692272,0.0009666703056491391,0.00026591765399154653,0.003756243083188113,0.0013223880925751442,0.0008571430752503894,0.001254761743859482,2.5863172950485217e-06,0.02036775107570069,0.00020386811265226488,7.294784012833377e-06,0.0023967383573907626,0.00026591765399154653,0.0,0.0,0.0029492954302338054,0.0,0.0,0.00018774868642226953,0.000867465918261946,0.0005361503605732497,0.0005132983113421534,0.0018219805279431698,0.0009845540474528102,0.0008552571784849573,0.0048654732340515155,0.0022337888824480274,0.0005152008632218294,0.010432088682002745,0.007535025881045423,9.963616481649511e-06,0.008833989249181627,0.005925621202299048,0.03567900847474828,0.016229051442957172,5.355225870456659e-05,0.01833647542092711,0.003195083525462589,2.8591158334570066e-05,0.003214800743070675,0.0005901677524567076,0.017542231650624403,0.00357419385961231,0.001099868298886347,0.0007980424958510846,0.001023867997069227,0.0010642498242194372,0.0018152141384641454,0.00031109639312161866,0.008185724091237802,0.00834841066665508,0.014227583204369381,0.00038727490578952645,0.002118265594014558,0.0015497741803218636,0.001023867997069227,0.0008237067505139314,0.000573211044674885,0.00026591765399154653,0.0,0.0025102231486467943,0.016302117749760342,0.001538901293210735,0.0016085925489538384,2.6603576576337916e-05,0.00011944346118677032,0.007854986902843367,0.004464835939566167,8.535990365622856e-05,0.00042962415678625144,0.003308290178847511,0.0034737428196869456,0.001111659914730562,0.01392478492754739,0.0005160865498836809
5,0.009377754465251124,0.0004237404471347192,0.0054502890902227525,0.12671064885782654,0.0196929151627808,0.0,0.0012210634171000545,0.0003109975394500543,0.00012702647731222485,4.952426389461117e-05,0.006061003877947489,0.011902869823026338,0.0,1.0975450134477166e-08,0.00471963898682177,0.0,0.0012210634171000545,0.0004375267599992175,0.0006104075847011832,0.0,0.0,0.0002468231289007718,0.0006104075847011832,0.00030757078378647513,0.0021971830386724603,0.016072968861205975,0.0006104075847011832,0.005561403623834804,0.0009324510788394753,0.0027883562789338,0.0,0.0006104075847011832,0.001670792544978695,0.0,0.0005739283467978793,0.03616283542100096,0.01325864516133463,0.002253844017807858,0.09874159025407592,0.07714635402541077,0.005365267889502725,0.0006401480208327178,0.0017263182463632257,7.641572696739355e-06,0.0008996530934883649,2.1864723663612327e-05,0.0001666780909264011,7.032610990498706e-06,0.004183911324389186,0.0004133682847615645,0.0012210634171000545,9.800373231201558e-06,0.0006104075847011832,0.002916724850746158,0.01587794407282922,0.0007550497685878241,0.00036319874025675137,0.018659585899749663,0.002474062211307401,0.0005739283467978793,0.012297977623020555,0.0017240863720799087,0.0006104075847011832,0.0,0.0,0.0017995445156519007,0.0,0.0,0.00010184504789436505,0.0008622155463540883,0.000934149923162751,0.001750067692210314,0.00983918307119262,0.006828297233107237,0.0009874757417480137,0.00035050791618109183,0.007057518199174763,0.0019012209992936373,0.013668954053948636,4.915270938046719e-05,0.00022619478299633306,0.11817712785992197,0.3554581415190905,0.10914435766939058,0.12743366147604274,0.00036669086929774146,0.10045107105043224,0.0028698605141780553,0.042227353597761245,2.3985168005380806e-06,0.18417734935005098,0.014216876658589804,0.0005265012607326738,0.005910785697641242,0.0018319677017070645,0.0012210634171000545,7.520589913364579e-05,0.00489022308373306,0.001594359406977186,0.0008204640359284055,0.0028301224637911847,0.0005299257554567161,0.01777826280671982,0.02651845966231957,0.0007199517809469868,0.00021860701319741273,0.03035585802305965,0.0041932536086459445,0.0006104075847011832,0.0,0.02038283796091139,0.18840799261739974,0.0005707841763180299,5.339577212491742e-05,0.02750716367924082,6.128936040542334e-06,0.07140708864544282,0.027693973159937827,0.0008468247566324348,0.05280928292194042,0.021944619660317674,0.04707876057001169,0.017345734952847674,0.09452654783931111,0.00240742957992146
6,0.00012893766071398103,7.853792068563195e-05,0.0012210634171000545,0.0008736759265517213,0.0005319317958716795,0.0012210634171000545,0.0,6.381138672802469e-05,0.0010210923278295874,0.0029181175324986238,1.1602721733474837e-05,0.0007418200877098757,0.0,2.6431692177201516e-05,3.9197848874713934e-05,0.0,2.1064201576591835e-06,4.214245063641964e-06,1.053034601945521e-06,0.0,0.0,4.880641901630437e-05,1.053034601945521e-06,5.3086288774883413e-05,7.780864460811596e-05,3.813203084630745e-05,1.053034601945521e-06,0.0004338041360252598,0.0001304500649039638,2.2187739432970904e-05,0.0,1.053034601945521e-06,9.48996541758867e-06,0.0,1.0546167042215824e-05,0.00025795494049983574,7.996758139728936e-05,7.026395787305395e-05,0.0015557966340968461,3.8045987427824306e-05,7.241774557807352e-05,8.14908663686707e-05,4.453233677833763e-05,1.3716891263627649e-05,0.000494775999160186,0.0012947632379339772,0.0007685835973547852,0.00025079695666464286,0.000404950226714104,9.295226245789285e-05,2.1064201576591835e-06,0.0029679556952191977,1.053034601945521e-06,0.005130219690464646,0.0013534119647438043,0.00011580460855428793,0.0048118214255894074,0.0001092584895312625,0.0006995006819713736,1.0546167042215826e-05,9.18681659503494e-05,9.48996541758867e-06,1.053034601945521e-06,0.0,0.0,1.053034601945521e-06,0.0,0.0,4.6668655435557094e-05,1.58324759017268e-05,0.0018490419580731992,2.2187739432970904e-05,0.0008199987588037696,0.0010606522220472723,0.0007580210638853376,0.005608906140834176,0.0002932536792868832,0.003443069274933127,0.002846443702351798,0.00020553039923731532,1.2659629728919152e-05,0.000543149724048076,0.0010846098477566115,0.001627217708163935,0.0010875790198352987,1.980329680271688e-05,0.0005973883509868237,0.0001909572634746878,0.0004972395093179943,0.000612688179414224,0.0022183124073528486,0.0042355603665287294,0.00024396550584329145,0.000504641581491064,3.160156899371077e-06,2.1064201576591835e-06,4.214245063641964e-06,8.434116625841721e-06,8.970108781488044e-05,0.0010170775814364566,0.005677960647342083,0.0005758395939681147,0.0005792688885544521,0.0001399237104962029,2.8555807399227385e-05,2.1064201576591835e-06,6.160894063365328e-05,0.0005406646941204011,1.053034601945521e-06,0.0,0.0007351702148605053,0.00011075442385934728,0.00020440700013288931,0.002558885124394947,0.0011749212332007029,0.0008143747407004075,0.0010418673825310705,0.0009099739265781908,0.0010374785596471358,0.0007564992432510508,0.0005469172844433096,4.0755731348011955e-05,0.0004665827862279056,1.4714503534347143e-05,0.001501153526688827
7,5.851486448128558e-05,0.0003288182864557718,0.013139715031398741,0.005941337600290148,0.0012877527060097618,0.0003109975394500543,6.381138672802469e-05,0.0,0.0039412346030277875,0.0006700328883660356,0.0003514952620650488,0.002854192266140774,0.0,0.0008007456997315482,6.778271515167648e-05,0.0,6.381138672802469e-05,0.00012766574701141668,3.190032528464554e-05,0.0,0.0,5.675426118258175e-06,3.190032528464554e-05,0.0016083114545326345,0.00013337871436133937,0.0011552275406832746,3.190032528464554e-05,0.001935320962122547,0.001123072452120248,0.00047289699859193055,0.0,3.190032528464554e-05,0.0002874900374302998,0.0,0.00031948724900577387,8.305402438021526e-06,0.00015468976998704356,0.0021287866924286237,0.0003075345112204387,0.00031338319044012665,8.571188802343997e-05,0.0006194848857056566,0.0013491413118950715,0.00041554372182902905,1.0239579332287136e-05,0.0031933239340305405,0.0018890067749315496,0.0003558223885454426,0.0028023776298936993,3.127151853493082e-05,6.381138672802469e-05,0.00390678740856315,3.190032528464554e-05,0.0009617095396378193,6.866336302212071e-05,0.0035087848231430347,9.844662594999726e-05,0.00331040827602878,0.0007623396957618444,0.00031948724900577387,0.00029158463170751253,0.0002874900374302998,3.190032528464554e-05,0.0,0.0,3.190032528464554e-05,0.0,0.0,0.0014138674646478123,0.00047963547517258976,0.0001348192540757129,0.0006721710829869875,0.004700984630696584,1.0089101036345436e-07,0.0005207882524120216,0.0007055316050622436,0.0003117655424033398,0.0003196494575033709,5.023009953070795e-05,0.0008563826794285625,0.00038351408390514753,5.245454870213764e-05,0.0008054840171043151,0.0005584473230333578,1.8703573373020118e-05,0.0024711552833171385,0.00017266053664633625,5.4697196834934895e-05,0.00016758492054591006,0.00018335200869248758,0.00016481801698807867,0.0012078978081038014,0.0014568955293742382,0.0018285574344028574,9.573319155809476e-05,6.381138672802469e-05,0.002736319282741024,0.00025550362005321214,0.0027177568079289277,1.7192048089216312e-05,9.37075929164315e-05,0.0009464075454964867,0.000956950230413525,0.000125214941828787,0.0008650984487087737,6.381138672802469e-05,0.004955644243940625,0.002325857668158146,3.190032528464554e-05,0.0,0.0031625123523522708,3.6925122621733097e-05,0.00013991926198811953,0.0004037325394364377,0.0014124131557696283,8.620715994360266e-08,4.779977661900187e-05,0.0002971324185660078,0.00021690675562777303,0.0012343773403141092,0.0002089796644520933,0.0015368366308141403,6.535970891190351e-05,0.0001925689550012802,5.9405680945071e-06
8,0.0007249210374368435,0.00452537597028421,0.0019079983761589724,0.0006084664171585167,0.00012282699918963075,0.00012702647731222485,0.0010210923278295874,0.0039412346030277875,0.0,0.014794886970769805,0.0022591683355645846,0.0038436990609770445,0.0,0.00028453402067418255,0.0029487144484653715,0.0,0.0005331778764615104,0.00018950251066403417,0.0029458968435152797,0.0,0.0,9.582146835623268e-05,0.00026654057147249666,0.00018135883597132158,0.00048669085382107197,6.001337161092501e-05,0.00026654057147249666,9.064386815792267e-05,0.0004960878073895623,1.9783316600203384e-05,0.0,0.00026654057147249666,0.0002210543850644465,0.0,0.00104931952121292,1.826640141248065e-05,1.0692070179932248e-05,0.004799713846022311,8.095048923486982e-05,0.0006799071895645454,0.00022773976732808575,0.00012120036444187249,3.984097806432204e-05,0.00040206738004888503,0.0012071505486378911,0.0008689725434422422,0.0001567784551201056,0.005846424294496253,0.00017525986299296098,0.0027060502231024035,0.0005331778764615104,0.0005713778411050455,0.0029458968435152797,0.0037710095427522434,0.00013321734753536253,0.000980026875965811,0.00039960913271141606,0.0015158667999563725,0.00015459559866024705,0.0010493195212129198,0.0009025818779582594,0.00011525267460776262,0.0029458968435152797,0.0,0.0,0.00026654057147249666,0.0,0.0,0.004271400375039104,0.0008728105993595633,0.00017349514779633942,0.0019311182155888663,0.0003470902765117679,0.00027279251432744115,1.9589012204299327e-05,0.00020983682811081324,0.00046711663718387777,0.0016979294933513627,0.0006778500563958266,0.0018856009706949895,0.0004377886640176589,7.714263197556125e-05,0.0009035564418980418,1.730093947933578e-06,1.3621455635584042e-06,4.768850981718062e-10,7.267956127230266e-07,0.007937640482239595,7.666171837370238e-05,0.0003631242580321785,7.51998269547043e-05,0.000154972788166842,0.0003287103566302381,4.88199916219589e-05,0.0007999119853753361,0.0005331778764615104,0.00018950251066403417,4.66215245719039e-05,9.031155815940042e-08,0.001628791219843515,0.003809412524750422,0.0018273351566469097,4.507683094891356e-05,0.0005097099292876821,8.217182171357856e-06,0.0010210923278295874,1.9905447699638108e-05,0.004775114162149212,0.00026654057147249666,0.0,2.1340790616327973e-05,0.0055603969886165805,2.3197834125993508e-05,0.0022162071556546996,0.002038705162108447,0.0005234835190645268,0.0009701548337183482,0.0020061571187103126,0.00040500900878429427,0.00020900992573586144,6.16694846384174e-05,3.858798660029883e-05,0.00015774568271050354,0.00025235999110291124,0.0007153325186074555
9,0.00016836395476714727,0.003087253825988701,0.0018897550245829,0.00032008814048388397,0.0050277188320766815,4.952426389461117e-05,0.0029181175324986238,0.0006700328883660356,0.014794886970769805,0.0,0.0004093645254187129,0.021277255802070252,0.0,8.484706878560483e-07,0.0024813660450627223,0.0,0.00013332749939185508,0.00026674578645901866,6.665240896068872e-05,0.0,0.0,0.0030897231841999794,6.665240896068872e-05,0.0012101309743555544,0.0003249243465730244,0.0024761726391720833,6.665240896068873e-05,4.865379787832192e-05,0.00018994426990528697,1.613548919908208e-05,0.0,6.665240896068873e-05,0.0006006895128977934,0.0,0.0006675466124171863,0.000497393007883634,0.0003727899968921152,0.0013012402373838187,0.0019197089554387381,0.001541072834489757,0.00021665895414348254,3.100465413114396e-07,0.0006405321013407608,0.0002663766998394003,7.72850342280966e-08,2.573495314615027e-05,9.121849026547521e-05,0.0035008771933546057,0.0016790143414120017,0.0011542575073747617,0.00013332749939185508,3.491836476490546e-07,6.665240896068873e-05,0.00033102264628725336,0.0025571376701199727,0.00197724772192041,0.00014016476061692222,0.001330936046255282,0.001156778479418595,0.0006675466124171863,4.637276086782762e-05,0.0006006895128977934,6.665240896068872e-05,0.0,0.0,6.665240896068872e-05,0.0,0.0,1.4977436344347606e-05,0.0010021747375849417,1.8698765847436686e-05,0.0027296090675165857,0.004437131501732752,0.00027492019054101564,6.699663332463759e-05,0.005555479096269194,0.0014753396953022062,0.0003933065403195709,0.0003271684061117827,0.0005034389266325612,0.0008013292901601373,6.776589332799303e-06,0.00013130325323382452,9.818688326716751e-05,0.003488384562728063,0.0006477061957255282,0.00012488877136854743,0.0006883831866759673,0.00023058979991042618,1.1198896345382953e-06,0.0003287989775778253,0.0014001704884604978,0.0005093033655508385,4.537333956852761e-06,0.0002000252867381338,0.00013332749939185508,0.0016865291792070515,0.000742760735380691,0.0006162821823858131,0.0011217806885981997,7.458778722082459e-06,0.0006683783954918646,0.0002787975959122376,2.2199857837875887e-05,0.0018076216914418972,0.0029181175324986238,9.818688326716751e-05,0.00011221657673396024,6.665240896068873e-05,0.0,0.000421451909750488,4.421463984404773e-07,0.001064385106851812,1.1584739268820693e-06,7.296449088657263e-06,2.0080396923245442e-05,0.0027035868539353504,3.6432721496390484e-05,0.0020461274836148366,0.0017233664081887214,0.005494379899547632,0.0009383801095190276,5.849118764368314e-05,0.0002477620997785684,9.900013620662074e-05
10,0.0007102446075046854,0.004014684290412119,0.0018752048078104803,0.0013209090248818489,0.002268441169135639,0.006061003877947489,1.1602721733474837e-05,0.0003514952620650488,0.0022591683355645846,0.0004093645254187129,0.0,0.00019977324521725545,0.0,0.00014559362611799283,0.0018644396180791853,0.0,1.1602721733474839e-05,2.3213192839894307e-05,5.80039284201619e-06,0.0,0.0,0.00026884172193446,5.80039284201619e-06,0.00029241694550971494,0.0004285984641951573,0.0002100431618230111,5.80039284201619e-06,0.002389765474584695,0.0013294418918889965,0.00012221654748072888,0.0,5.80039284201619e-06,0.004019509888517424,0.0,5.8091206085503836e-05,0.0023558380195440975,0.000440490907402673,0.00038703886557200565,0.003985532136894894,0.0008474370020363338,0.00039890290157658945,2.188768740564507e-05,0.00024529842696722814,7.55564895334054e-05,9.022540450630752e-05,0.0002195155471579286,3.6630668447550987e-06,0.0013815401956682838,0.0002763259150561809,0.0005120169261332478,1.1602721733474839e-05,0.00043941748436665654,5.80039284201619e-06,0.000174859251787502,0.00026960448663603746,0.000540902649999393,0.00441418970352684,0.0005988897189232195,0.0012805362861471083,0.00384884135836573,0.000782916493371158,5.2273342141517076e-05,5.80039284201619e-06,0.0,0.0,5.80039284201619e-06,0.0,0.0,0.0002570660887808934,8.72097679067778e-05,0.0015455691026190032,0.00012221654748072888,0.0008109145436918183,0.0002757901248314885,5.32422322046484e-06,0.0005751013415773572,0.0016154345937230779,0.0005179907331923835,0.0007707626108834447,0.0011321720291256766,6.973277847710555e-05,0.001166793510074491,0.0010502240191766208,0.0037807981188265677,0.007078922046321756,3.7599141065521654e-06,0.0032910706368775152,0.0001425874760529236,0.0009443563824597553,0.003375372857281746,5.9596694622619505e-05,5.078730170572241e-06,3.301081046468509e-05,0.00278005067657022,1.74069879685237e-05,1.1602721733474839e-05,2.3213192839894307e-05,4.645742462633334e-05,0.0004941078122470778,0.0004138433903459185,1.5054767534273858e-05,0.0006185733774190269,0.004397816849418712,0.0023259978807178183,0.0001572939647875109,0.006753188996881677,0.006359367026794837,3.842156619370793e-05,5.80039284201619e-06,0.0,0.0002111293669203179,0.0025352275014084145,0.0011259834281750953,3.066526215723207e-06,0.00011246843098057948,0.000582101050665023,0.0004611107647436174,0.0017098890113706443,2.1283584963007e-06,0.0009337047493607504,0.0007266969101290056,0.00011645133135707782,0.0011018716953766858,0.005478429541640728,0.0037556826808425176
11,0.0011343562140192995,0.00023208191014454296,0.0010924954754616392,0.003535121389573643,0.00012870476525656238,0.011902869823026338,0.0007418200877098757,0.002854192266140774,0.0038436990609770445,0.021277255802070252,0.00019977324521725545,0.0,0.0,0.00011100465048134359,0.0010844303929445677,0.0,0.0006534521328819805,3.058961004862696e-05,0.00037084041500043933,0.0,0.0,1.5111258024328469e-05,0.002473956805038246,0.0006243838802002754,0.00010975314797822339,0.0003311881208411126,0.00037084041500043933,0.000293396181055608,0.0003061565697087686,8.214203761480359e-05,0.0,0.00037084041500043933,0.003342585856657253,0.0,0.0037146833849802103,2.4641902462757532e-05,0.0003389033502974672,0.0006130446063677792,0.0005349325118540508,0.0022010026218538337,0.0007917974070852159,8.839447349516285e-05,7.237249107000273e-05,0.0005505194925991097,0.000463952592845199,0.0006445660084095627,0.0008890793526863458,0.0005764969100020565,0.0019322998927792407,0.003985835475609398,0.0006534521328819804,5.0237615388309986e-05,0.00037084041500043933,0.00045151646489353134,0.005682998153171401,0.00011732709926033184,0.0004290441451273764,0.00286783201968438,0.00531769770567106,4.0342777244490085e-06,5.818836883876586e-05,0.0004789040079952124,0.00037084041500043933,0.0,0.0,0.00037084041500043933,0.0,0.0,4.49660450162432e-06,0.00022455377665985248,0.00014473467697072222,8.214203761480359e-05,2.138953692692597e-05,0.0032695431109639123,0.002188980710414003,0.00012562446106322627,2.7370958435821025e-06,0.0003337470924627263,2.5268047723910465e-05,0.00017452076262080922,9.20254473177106e-05,0.00012430008100639857,0.0018673531052102997,0.0008972098645403552,0.00011018497930503556,0.0003136121190234047,0.0002950695212944065,0.00013697796673503454,0.0017043342315967056,0.0004404977873300417,0.0009767027123222954,0.00025761989432214987,6.234138302340126e-05,3.423364653810972e-05,0.001112939123236048,0.0006534521328819805,0.001307984015006902,6.126463941969314e-05,0.00011801307926232299,0.0015247488708925896,0.0001299191463437287,0.00022394530728499088,4.109770468575582e-05,0.00012447863407110736,7.680883197893984e-05,0.0007418200877098758,0.002470763008845647,1.0330316166156598e-06,0.00037084041500043933,0.0,0.0010952855023001575,0.002359523141805721,4.726993291517203e-05,0.00047703799490167903,8.925828895603848e-06,5.092875628316366e-05,0.0029841997774087063,0.00042509220542119456,0.00046697707072264723,0.0046233938664514765,0.003900404399257868,2.8378694649839174e-05,4.5345040335507016e-05,0.0007479951306870417,0.000594679724687623
12,0.0,0.0,0.0,0.0,0.0,0.0,0.0,0.0,0.0,0.0,0.0,0.0,0.0,0.0,0.0,0.0,0.0,0.0,0.0,0.0,0.0,0.0,0.0,0.0,0.0,0.0,0.0,0.0,0.0,0.0,0.0,0.0,0.0,0.0,0.0,0.0,0.0,0.0,0.0,0.0,0.0,0.0,0.0,0.0,0.0,0.0,0.0,0.0,0.0,0.0,0.0,0.0,0.0,0.0,0.0,0.0,0.0,0.0,0.0,0.0,0.0,0.0,0.0,0.0,0.0,0.0,0.0,0.0,0.0,0.0,0.0,0.0,0.0,0.0,0.0,0.0,0.0,0.0,0.0,0.0,0.0,0.0,0.0,0.0,0.0,0.0,0.0,0.0,0.0,0.0,0.0,0.0,0.0,0.0,0.0,0.0,0.0,0.0,0.0,0.0,0.0,0.0,0.0,0.0,0.0,0.0,0.0,0.0,0.0,0.0,0.0,0.0,0.0,0.0,0.0,0.0,0.0,0.0,0.0,0.0,0.0,0.0,0.0,0.0,0.0
13,8.288783630555224e-10,0.00020702553190723864,0.0005592388765662433,2.212415779008761e-07,0.00019756882221013544,1.0975450134477166e-08,2.6431692177201516e-05,0.0008007456997315482,0.00028453402067418255,8.484706878560483e-07,0.00014559362611799283,0.00011100465048134359,0.0,0.0,0.0004918719675296851,0.0,2.6431692177201516e-05,5.2881079418590564e-05,1.321363568543396e-05,0.0,0.0,0.0005607942199705374,1.321363568543396e-05,0.0006661559631754925,0.0009764006234570861,0.0004784972971328732,1.321363568543396e-05,0.0018263052538002736,4.150213478564438e-08,0.0002784186721748871,0.0,1.321363568543396e-05,0.00011908211913438139,0.0,0.0025761421239606196,0.0007897334726096511,0.0001568683546237731,0.0008817201709760645,0.00040477015166322624,0.0017458830818408472,0.00022186577207826215,1.2146573183181606e-05,0.0005588133194564897,0.000172122935231046,0.0024219358085135903,0.0019243212931465432,0.008575049909060092,3.904155649769848e-06,0.0003399085751522853,0.0011664449559156062,2.643169217720151e-05,8.288783630555224e-10,1.321363568543396e-05,0.0003983442172295005,0.00035004416463972003,0.0025757670916034987,0.00042847491556826994,0.0013710834599557032,0.0007626602079699705,0.00013233564885317505,0.0011528400025559854,0.00011908211913438139,1.321363568543396e-05,0.0,0.0,1.321363568543396e-05,0.0,0.0,0.0005856216509455873,0.00019867007039716736,6.3038367749860475e-06,0.0002784186721748871,0.0029192554373669707,0.0001540414154193838,0.0007353211176579993,0.0032458267985690063,0.0010400490204745677,0.001239647624242633,0.001755934684536447,9.10834769102292e-05,0.002299432854315765,0.0008345746027577995,0.00044967115737489665,0.0011237052586091328,0.00026119128649727764,0.00010281841501218406,0.00010409255150376595,0.00013975663304849722,0.0023903230819226733,0.0015282495496715754,1.9994131683960094e-05,0.0017937660061918576,0.0005186662952573301,0.0024579566438790988,3.965417243409052e-05,2.6431692177201516e-05,5.2881079418590564e-05,0.00010583303397729212,0.0011256441426530242,0.00012626670662652033,0.0028344863263830684,0.0001533227647632221,6.296930946255983e-05,0.0005242283779020122,0.0003583285743389846,2.6431692177201516e-05,0.0011237052586091328,0.002791796158938585,1.321363568543396e-05,0.0,0.001051658984680937,0.00021778982254255812,0.0025652549555729327,2.2004828802360733e-06,8.739649226809077e-05,7.18018865491988e-05,0.0006880741335346734,0.0002797379179946623,7.734400468952618e-09,0.004914374946534539,1.9982566586356034e-07,3.177613487655966e-05,8.37813239753543e-05,0.0006911768323938222,0.0017217716226464077
14,0.0001387129196364488,0.00018774167055064044,0.0003513229694078675,0.0004814402588005219,0.0005418988289105293,0.00471963898682177,3.9197848874713934e-05,6.778271515167648e-05,0.0029487144484653715,0.0024813660450627223,0.0018644396180791853,0.0010844303929445677,0.0,0.0004918719675296851,0.0,0.0,3.9197848874713934e-05,7.8421992471617e-05,1.959563980082206e-05,0.0,0.0,0.0002200858322684715,1.959563980082206e-05,0.000987916743946424,0.0025399815529843113,0.0007096133982465356,1.9595639800822058e-05,0.00028534284764269974,0.0018398772341807715,0.00041289387003135073,0.0,1.9595639800822058e-05,0.0001765976227224042,0.0,0.000196252544977146,0.0005733942476786134,0.0007783977706592096,0.0013076081924970426,3.496452111662822e-05,0.00016094438535898208,2.4234459786577998e-05,0.0006259716759789947,0.0002881344080229981,0.0002552569840627116,2.3006216762613826e-05,0.0009447587797239699,0.00015300352243536027,0.0013272619444027326,6.0252073181522764e-05,0.0017298734369485588,3.9197848874713934e-05,0.001018537589239026,1.9595639800822058e-05,0.0005907448391817333,4.687290092609233e-05,7.434936055557066e-05,0.00044245396380136927,0.002033369472033906,0.007943861897240181,0.00019625254497714604,2.8127660754668217e-06,0.0001765976227224042,1.959563980082206e-05,0.0,0.0,1.959563980082206e-05,0.0,0.0,0.000252424644474914,0.0002946263815737512,0.0016962320434971557,0.00041289387003135073,0.0028588752757470167,5.637106406658117e-05,0.004175090400556624,0.0004234512026213372,0.00013159082695093213,0.001750057570490569,0.002604145001292461,4.145476533979973e-05,0.0002355822211986649,0.0008420380091529795,0.002692472229674647,0.0008581738939284263,0.004997440394477303,2.777730236409948e-05,0.00030278153973995256,1.1404493421099875e-05,2.6198796903443508e-05,0.0003668910778318797,0.0016510534580281263,0.0028236433742676098,0.0013107036731928256,0.004881435302787199,5.880663162851798e-05,3.9197848874713934e-05,7.8421992471617e-05,0.00015694930511427733,0.001669362807337945,0.000822391268460915,0.0001093751535755609,0.0008102130023556127,0.0006824485145205647,0.01146466135860151,0.0005314010557942218,3.9197848874713934e-05,0.0032806899200381466,0.000592023973950406,1.9595639800822058e-05,0.0,1.3667453904302121e-05,0.00026948429169808914,0.000158564055576833,1.9640171351789134e-05,0.00022733798080091806,0.00021161200148733726,0.00021190845009910351,0.001338635458886493,0.0006239826227236279,0.00015868848237895902,0.00019456939587281208,1.7996516015348345e-05,0.0009017455120313345,0.005527612172941661,0.0024340688482527594
15,0.0,0.0,0.0,0.0,0.0,0.0,0.0,0.0,0.0,0.0,0.0,0.0,0.0,0.0,0.0,0.0,0.0,0.0,0.0,0.0,0.0,0.0,0.0,0.0,0.0,0.0,0.0,0.0,0.0,0.0,0.0,0.0,0.0,0.0,0.0,0.0,0.0,0.0,0.0,0.0,0.0,0.0,0.0,0.0,0.0,0.0,0.0,0.0,0.0,0.0,0.0,0.0,0.0,0.0,0.0,0.0,0.0,0.0,0.0,0.0,0.0,0.0,0.0,0.0,0.0,0.0,0.0,0.0,0.0,0.0,0.0,0.0,0.0,0.0,0.0,0.0,0.0,0.0,0.0,0.0,0.0,0.0,0.0,0.0,0.0,0.0,0.0,0.0,0.0,0.0,0.0,0.0,0.0,0.0,0.0,0.0,0.0,0.0,0.0,0.0,0.0,0.0,0.0,0.0,0.0,0.0,0.0,0.0,0.0,0.0,0.0,0.0,0.0,0.0,0.0,0.0,0.0,0.0,0.0,0.0,0.0,0.0,0.0,0.0,0.0
16,0.00012893766071398103,0.0015626939276716396,0.00021860701319741267,0.0004922105461691426,0.001023867997069227,0.0012210634171000545,2.1064201576591835e-06,6.381138672802469e-05,0.0005331778764615104,0.00013332749939185508,1.1602721733474839e-05,0.0006534521328819805,0.0,2.6431692177201516e-05,3.9197848874713934e-05,0.0,0.0,4.214245063641964e-06,1.053034601945521e-06,0.0,0.0,0.004453908382874801,1.053034601945521e-06,5.3086288774883413e-05,7.780864460811596e-05,3.813203084630745e-05,1.053034601945521e-06,0.0004338041360252598,0.0001304500649039638,2.2187739432970904e-05,0.0,1.053034601945521e-06,9.48996541758867e-06,0.0,1.0546167042215824e-05,0.0011551336005744253,7.996758139728936e-05,7.026395787305395e-05,8.05000331674168e-05,0.0017383819623844662,7.241774557807352e-05,0.002994483390433013,4.453233677833763e-05,1.3716891263627649e-05,0.0011108062592322166,0.00042656592667909875,0.0007685835973547852,0.00025079695666464286,0.000404950226714104,9.295226245789285e-05,2.1064201576591835e-06,0.00012893766071398103,1.053034601945521e-06,3.174465919021679e-05,0.0004073446839223899,0.00011580460855428793,0.0007793201611848142,0.0001092584895312625,0.0007150155616667764,1.0546167042215826e-05,9.18681659503494e-05,9.48996541758867e-06,1.053034601945521e-06,0.0,0.0,1.053034601945521e-06,0.0,0.0,4.6668655435557094e-05,1.58324759017268e-05,0.0002805717301620151,2.2187739432970904e-05,0.0008199987588037696,0.0005157772948570569,0.0006720333660261936,0.0005884975339204108,0.0002932536792868832,9.403673093191479e-05,0.0001399237104962029,0.00020553039923731532,1.2659629728919152e-05,0.000828197682751841,0.0010846098477566115,6.160894063365328e-05,0.0010875790198352987,0.0018573864597112352,0.0005973883509868237,0.0001909572634746878,0.0004972395093179943,0.000612688179414224,0.0022183124073528486,0.00040606496553692237,0.0020430988748751625,0.000504641581491064,3.160156899371077e-06,2.1064201576591835e-06,4.214245063641964e-06,0.0072839205579391985,8.970108781488044e-05,0.0010170775814364566,0.0009335475789825567,0.0009310119386197909,0.0005792688885544521,0.002846443702351798,2.8555807399227385e-05,2.1064201576591835e-06,6.160894063365328e-05,0.0005406646941204011,1.053034601945521e-06,0.0,0.0007351702148605053,0.0014607823528824191,0.00020440700013288931,1.9096012624921306e-05,0.0011749212332007029,0.0006383536341755014,0.0010418673825310705,0.000454636019947643,0.0010374785596471358,0.0007564992432510508,0.0005469172844433096,0.0017238165745694755,0.0004665827862279056,0.001901272297710127,9.714430870608976e-05
17,0.0002579630584846075,0.00015718324374884723,0.0004375267599992176,1.260603037450418e-06,0.0010642498242194372,0.0004375267599992175,4.214245063641964e-06,0.00012766574701141668,0.00018950251066403417,0.00026674578645901866,2.3213192839894307e-05,3.058961004862696e-05,0.0,5.2881079418590564e-05,7.8421992471617e-05,0.0,4.214245063641964e-06,0.0,2.1067713440804056e-06,0.0,0.0,9.764562833468568e-05,2.1067713440804056e-06,0.00010620826749308551,0.00015566980584744527,7.628963711835566e-05,2.1067713440804056e-06,0.00034252432541185873,0.00026108151447322073,4.4390322767653784e-05,0.0,2.1067713440804056e-06,1.8986266993719354e-05,0.0,2.1099376613272787e-05,4.859201058507249e-05,0.00015998915511724823,0.00014057528329312267,0.0002720053144321075,0.00041223908619163636,0.00014488432736231699,0.005992295760141919,8.909457205598986e-05,2.744294700762079e-05,0.0009899090883209653,0.0008534363283341606,6.939778357948292e-05,0.0008903851375282114,0.00040109119906578486,0.00018596741392807497,4.2142450636419645e-06,0.0002579630584846075,2.1067713440804056e-06,6.3510588193557e-05,0.0008149792202542647,0.00023168785292339788,0.001559229581185016,0.00021859109251248405,0.0013995233708764092,2.109937661327279e-05,0.00018379847672440127,1.898626699371935e-05,2.1067713440804056e-06,0.0,0.0,2.1067713440804056e-06,0.0,0.0,9.33686542940657e-05,0.0048958034679754325,0.0007647502266371021,0.004357946632979131,0.0038617010622970477,0.005692942208203019,0.001344565986727092,0.001177426330181916,0.0005867122243361138,0.00018813709557532592,0.0002799428005335787,0.0004112023750999296,2.53277161469685e-05,6.701698590579403e-06,0.0006118709820898165,0.00012330167888665385,2.6622591833051815e-05,3.963317321544312e-05,0.00012154000189460885,0.0003820457588107524,0.0002372378811406235,0.00010819784247795096,0.004333375741516978,0.0019226106902444258,0.00048810010159784867,0.00022676818357893037,6.322421625602773e-06,4.214245063641964e-06,8.431301499751524e-06,1.6873863510216476e-05,0.0001794628336070835,0.0020349551184918255,0.0001433729072798989,0.00014210078217706876,1.2848640658719363e-05,0.00027994280053357865,5.7130738320285284e-05,4.214245063641964e-06,0.0003245746823301935,0.0010817225201133005,2.1067713440804056e-06,0.0,0.0013266400092387305,0.0018922121634997939,0.0004089547777464558,0.0012143335384777177,5.607003704685353e-05,8.800286901391542e-05,1.5143939728571536e-05,0.0009099748045457255,0.0020757759038232595,0.0015135683437280986,0.0019839410904774228,8.156652975426469e-05,0.00028445144341498986,0.0005518945080265495,0.00019442225719636566
18,6.445787068474743e-05,0.0007811786271061935,0.0006104075847011832,0.00043675415531056327,0.00026591765399154653,0.0006104075847011832,1.053034601945521e-06,3.190032528464554e-05,0.0029458968435152797,6.665240896068872e-05,5.80039284201619e-06,0.00037084041500043933,0.0,1.321363568543396e-05,1.959563980082206e-05,0.0,1.053034601945521e-06,2.1067713440804056e-06,0.0,0.0,0.0,2.4399113472766402e-05,5.26429591886939e-07,2.653868614209254e-05,3.889776215293311e-05,0.00701308339586207,5.26429591886939e-07,0.0032480082156244503,0.0007037242815972455,1.1092015469101674e-05,0.0,5.26429591886939e-07,4.744191217559115e-06,0.0,5.272203792358878e-06,0.0018718493552678298,3.997704621241628e-05,3.512606198223554e-05,0.0014941141992924922,0.0013603930973297438,3.6202772377697834e-05,0.0007760098844923006,2.226243358458828e-05,6.85730083723218e-06,0.00024734339559046866,0.00021324493115780572,0.0003327025897916763,0.00012537674151628128,0.00020243913435423258,4.646827541838256e-05,1.053034601945521e-06,6.445787068474744e-05,5.26429591886939e-07,1.5869672648548657e-05,0.0033411209156891265,0.005262084476899123,0.002404967559483316,5.461998686537324e-05,0.00034968513897974186,5.272203792358878e-06,4.5926320124574005e-05,4.744191217559115e-06,5.26429591886939e-07,0.0,0.0,5.26429591886939e-07,0.0,0.0,2.3330412419809975e-05,7.914916149139646e-06,0.00014026143123491223,1.1092015469101674e-05,0.000409921415083768,0.000257841991313457,0.0003359543226850676,0.0002941948987608861,0.0001466012493150433,4.7010416631792616e-05,6.99499409287163e-05,0.00010274751472723405,6.328758484083316e-06,0.0004140199908786139,0.0005421971664525797,0.0014395224108879063,0.0019512358883228605,0.0012826656628391571,0.0027815994288656267,9.54622390246801e-05,0.0002485749106550237,0.0027453028954685862,0.001082566301065738,0.0021170380914237036,0.00012196163133027816,0.0030259753646630885,1.5798151476934783e-06,1.053034601945521e-06,2.1067713440804056e-06,4.21635500013379e-06,4.484296678457751e-05,0.0005084388755365634,0.0028376568490405445,0.002834489829674508,0.00039904356353501875,6.99499409287163e-05,1.4275514859261275e-05,1.053034601945521e-06,0.0014395224108879063,0.00027028324137238276,5.26429591886939e-07,0.0,0.0024865996080149183,0.0007302365325167195,0.00010218591499738698,0.0012791143317260726,0.0018496387811607201,0.0003191179076172086,0.002008340696964586,0.00045489914706358037,0.002013978069622232,0.0003781784433503865,0.00027340891807729864,0.0013703834376002481,0.00023324952265067243,0.0009504190166285991,0.0015380726479534812
19,0.0,0.0,0.0,0.0,0.0,0.0,0.0,0.0,0.0,0.0,0.0,0.0,0.0,0.0,0.0,0.0,0.0,0.0,0.0,0.0,0.0,0.0,0.0,0.0,0.0,0.0,0.0,0.0,0.0,0.0,0.0,0.0,0.0,0.0,0.0,0.0,0.0,0.0,0.0,0.0,0.0,0.0,0.0,0.0,0.0,0.0,0.0,0.0,0.0,0.0,0.0,0.0,0.0,0.0,0.0,0.0,0.0,0.0,0.0,0.0,0.0,0.0,0.0,0.0,0.0,0.0,0.0,0.0,0.0,0.0,0.0,0.0,0.0,0.0,0.0,0.0,0.0,0.0,0.0,0.0,0.0,0.0,0.0,0.0,0.0,0.0,0.0,0.0,0.0,0.0,0.0,0.0,0.0,0.0,0.0,0.0,0.0,0.0,0.0,0.0,0.0,0.0,0.0,0.0,0.0,0.0,0.0,0.0,0.0,0.0,0.0,0.0,0.0,0.0,0.0,0.0,0.0,0.0,0.0,0.0,0.0,0.0,0.0,0.0,0.0
20,0.0,0.0,0.0,0.0,0.0,0.0,0.0,0.0,0.0,0.0,0.0,0.0,0.0,0.0,0.0,0.0,0.0,0.0,0.0,0.0,0.0,0.0,0.0,0.0,0.0,0.0,0.0,0.0,0.0,0.0,0.0,0.0,0.0,0.0,0.0,0.0,0.0,0.0,0.0,0.0,0.0,0.0,0.0,0.0,0.0,0.0,0.0,0.0,0.0,0.0,0.0,0.0,0.0,0.0,0.0,0.0,0.0,0.0,0.0,0.0,0.0,0.0,0.0,0.0,0.0,0.0,0.0,0.0,0.0,0.0,0.0,0.0,0.0,0.0,0.0,0.0,0.0,0.0,0.0,0.0,0.0,0.0,0.0,0.0,0.0,0.0,0.0,0.0,0.0,0.0,0.0,0.0,0.0,0.0,0.0,0.0,0.0,0.0,0.0,0.0,0.0,0.0,0.0,0.0,0.0,0.0,0.0,0.0,0.0,0.0,0.0,0.0,0.0,0.0,0.0,0.0,0.0,0.0,0.0,0.0,0.0,0.0,0.0,0.0,0.0
21,0.0003798970790902672,0.0006763033104864982,5.5700655902939155e-06,0.00011917668573802256,0.00044046494343583553,0.0002468231289007718,4.880641901630437e-05,5.675426118258175e-06,9.582146835623268e-05,0.0030897231841999794,0.00026884172193446,1.5111258024328469e-05,0.0,0.0005607942199705374,0.0002200858322684715,0.0,0.004453908382874801,9.764562833468568e-05,2.4399113472766402e-05,0.0,0.0,0.0,0.006620854356558682,0.0012301001125577557,0.023004289220104116,0.0044055010964714975,2.439911347276641e-05,0.0033716068323722246,0.0004965333965091969,0.0005141090701676665,0.0,2.439911347276641e-05,0.00021988739876317603,0.0,0.0002443604394499015,9.673418846426729e-05,0.0018530449696211788,9.83483379799165e-08,1.1257763661589848e-06,0.0004361134786281488,0.0016780816378099079,1.7522002144989431e-06,0.0010318799405338692,0.0003178290345171279,0.00023913533796832238,0.0005695752495019534,0.0001764113036361651,0.0012925919649530734,4.762055760422448e-05,7.48844410481731e-05,4.880641901630437e-05,0.0016163650425432988,2.439911347276641e-05,0.0003876780805037479,0.00043697132485633424,0.0002494225303545485,2.417985999982334e-07,0.004071744048876153,0.001186221583717264,0.00024436043944990154,0.0013207403731657868,0.00021988739876317606,2.4399113472766402e-05,0.0,0.0,2.4399113472766402e-05,0.0,0.0,0.00011212805952374964,0.0003668493810045713,0.0009762075136002411,0.0007463493564809103,0.00023324538315066875,0.00133875133257417,0.0009743910587434856,0.00016815532931160527,0.006797178697862144,8.130156862535774e-05,3.153146650903138e-08,0.0010938907135983164,0.00029333125177071113,0.000261409856681191,0.001009495152697388,0.00016572329772412785,0.0005008561542674017,0.00014611894255643317,0.0001381930235222514,0.0001671907050689729,0.0046023027210828574,9.406022887175872e-05,9.908220480542994e-05,0.0020525503727169435,0.0005640202675934033,6.306246671280908e-06,7.322192213428328e-05,4.880641901630437e-05,9.764562833468568e-05,0.0020247271871362982,0.0020786183755169187,0.0015584238252173668,0.0002217243545924729,0.0012717985484177324,0.00029265028951410636,0.0003738535587698348,0.0006616676748830001,4.880641901630437e-05,0.0008724846425965786,0.0007195452677299561,2.439911347276641e-05,0.0,0.00026351147641403064,7.827261156420333e-05,0.0013790236406687015,0.00043876909876345167,0.00023727061850966987,0.00024290487415096277,0.0007891143129885764,0.0006149496528857825,0.0022540021749631566,0.00014868135853570583,0.0007650167404531129,0.0005048004716719721,0.0003930487522943953,4.367680394446576e-05,2.785503324253174e-05
22,6.445787068474743e-05,0.0007811786271061935,0.0006104075847011832,0.00043675415531056327,0.00026591765399154653,0.0006104075847011832,1.053034601945521e-06,3.190032528464554e-05,0.00026654057147249666,6.665240896068872e-05,5.80039284201619e-06,0.002473956805038246,0.0,1.321363568543396e-05,1.959563980082206e-05,0.0,1.053034601945521e-06,2.1067713440804056e-06,5.26429591886939e-07,0.0,0.0,0.006620854356558682,0.0,2.653868614209254e-05,3.889776215293311e-05,0.00701308339586207,5.26429591886939e-07,0.0032480082156244503,0.0007037242815972455,1.1092015469101674e-05,0.0,5.26429591886939e-07,4.744191217559115e-06,0.0,5.272203792358878e-06,0.0018718493552678298,3.997704621241628e-05,3.512606198223554e-05,0.0014941141992924922,0.0013603930973297438,3.6202772377697834e-05,0.0007760098844923006,2.226243358458828e-05,6.85730083723218e-06,0.00024734339559046866,0.00021324493115780572,0.0003327025897916763,0.004070430780134817,0.00020243913435423258,4.646827541838256e-05,1.053034601945521e-06,6.445787068474744e-05,5.26429591886939e-07,1.5869672648548657e-05,0.0002036361362108431,5.789248147192755e-05,0.0003895864791792393,0.005352847427185333,0.00034968513897974186,5.272203792358878e-06,4.5926320124574005e-05,4.744191217559115e-06,5.26429591886939e-07,0.0,0.0,5.26429591886939e-07,0.0,0.0,2.3330412419809975e-05,7.914916149139646e-06,0.00014026143123491223,1.1092015469101674e-05,0.000409921415083768,0.000257841991313457,0.0003359543226850676,0.0002941948987608861,0.0001466012493150433,4.7010416631792616e-05,6.99499409287163e-05,0.00010274751472723405,6.328758484083316e-06,0.0004140199908786139,0.00195485844986277,0.0008134316169026749,0.0005436814038333076,0.0009284827211193896,0.00029863941410245763,9.54622390246801e-05,0.0002485749106550237,0.0027453028954685862,0.001082566301065738,0.0004803719612690917,0.004112482330700726,0.0002522752244465351,1.5798151476934783e-06,1.053034601945521e-06,2.1067713440804056e-06,4.21635500013379e-06,4.484296678457751e-05,0.002040555014474995,0.0028376568490405445,0.00028786719610305656,0.00039904356353501875,6.99499409287163e-05,1.4275514859261275e-05,1.053034601945521e-06,0.0008134316169026749,0.0029256573924117037,5.26429591886939e-07,0.0,0.00036751617812095307,0.0007302365325167195,0.00010218591499738698,0.0012791143317260726,0.0005873421063559167,0.0003191179076172086,0.002008340696964586,0.00045489914706358037,0.0005186370131994068,0.0024464936158311605,0.00027340891807729864,0.0013703834376002481,0.003140757910647933,0.0009504190166285991,0.0007504167479098727
23,0.001319136537142641,0.00015292150993200684,0.00030757078378647513,0.0019744825693951873,0.0010316583200948436,0.00030757078378647513,5.3086288774883413e-05,0.0016083114545326345,0.00018135883597132158,0.0012101309743555544,0.00029241694550971494,0.0006243838802002754,0.0,0.0006661559631754925,0.000987916743946424,0.0,5.3086288774883413e-05,0.00010620826749308551,2.653868614209254e-05,0.0,0.0,0.0012301001125577557,2.653868614209254e-05,0.0,0.003345989164269906,0.0009610532444603189,0.006487689296680431,0.0003058437803796478,0.004852411338261118,0.0006561139515609915,0.0,2.653868614209254e-05,0.00023916967317668252,0.0,0.0015846932948854419,0.0031893661344992203,0.002015556938047535,7.534082649344699e-06,0.00013974365051561024,0.000662020880509089,0.0018252478133441105,0.0028688419579647904,0.003459230864979024,0.00034570012465162713,0.0009005980250023365,0.003550488441546738,0.0014206385135900326,0.00016159696811183822,0.00016329989129325635,0.00015597248627423807,5.308628877488342e-05,0.003250040614349876,2.653868614209254e-05,0.0021117679174380535,2.9280283347133353e-07,0.0016927618472878266,8.176691890581749e-05,0.0027539303355170026,0.004336295179231406,0.0002657888240168573,0.002608723774565582,0.00023916967317668252,2.653868614209254e-05,0.0,0.0,2.653868614209254e-05,0.0,0.0,0.0011762174006007353,0.0003990192590633395,0.00011194878470491305,0.0005591928799961319,0.0011566137598609273,0.0008903592074576258,0.0005769543130285575,0.0015817176883402134,6.259853820399386e-05,0.0010330534117036993,1.0760336514266755e-05,0.00040778104573127377,0.0003190540437027949,0.0024858002668586674,1.7944926073153485e-05,0.0006606606091817286,0.0005266376135929057,0.0014808653512277002,0.0016752649126716118,0.00028162472646819453,0.0015939025113350335,4.065551778973702e-06,0.0005024378668935259,0.0001031017045284342,0.006150410616589602,0.001697036206502689,0.003521993081237329,5.3086288774883413e-05,0.00010620826749308551,0.00021255948694617844,0.00010390215745488941,0.00012315692460635326,0.0014389211600833985,5.1685563130525166e-05,0.0019982690207942327,1.0760336514266755e-05,0.002379934562204792,5.3086288774883413e-05,8.5730027926257e-07,2.40699285426261e-06,2.653868614209254e-05,0.0,0.0002497059249156061,0.00015657941078922404,0.003115995611142427,0.0009031291583910153,0.006285512752076424,0.001175447892581294,0.0022042818085362442,2.0889693026273056e-05,7.869633060856409e-05,0.0002682286619123903,4.030415420473897e-07,6.409251358749782e-05,0.004241310586912783,0.0013938464484675186,7.139145919893877e-07
24,0.0003059002102519443,0.0009502735502851631,0.0006498945130512037,8.522151528296444e-06,0.00014877665599454594,0.0021971830386724603,7.780864460811596e-05,0.00013337871436133937,0.00048669085382107197,0.0003249243465730244,0.0004285984641951573,0.00010975314797822339,0.0,0.0009764006234570861,0.0025399815529843113,0.0,7.780864460811596e-05,0.00015566980584744527,3.889776215293311e-05,0.0,0.0,0.023004289220104116,3.889776215293311e-05,0.003345989164269906,0.0,1.3980748172268398e-05,3.889776215293311e-05,0.0011970281372517288,0.00014970114579495464,0.00030100281269607296,0.0,3.889776215293311e-05,0.0003505529351253562,0.0,0.0010929818983025944,0.000362222375154699,1.382690299485415e-05,7.512748014121983e-05,0.0001234712756829535,7.391392029051823e-07,5.67073085364418e-05,2.1543394101043873e-05,0.00210381673927292,0.0005066968302766186,0.00017581242485404533,0.0039362034909877575,9.253178829329612e-05,5.220970145422344e-05,0.00035168363956796135,0.003434147297978017,7.780864460811596e-05,0.002142307791939026,3.889776215293311e-05,7.389236324646945e-05,0.0009225873414090037,4.3034517150492644e-05,1.8431876785579746e-07,0.0016835139160801228,0.00015855792971647138,0.0010929818983025944,0.0002924299077485002,0.00035055293512535623,3.889776215293311e-05,0.0,0.0,3.889776215293311e-05,0.0,0.0,0.0017240318383874543,0.0005848481049631718,0.00021817505690342398,0.0008196200987720084,0.00010842009673080464,0.003759416991503154,6.973362481625102e-05,0.0030592392381293397,0.00030314375974338536,0.00025831157965422485,6.9831430459806036e-06,0.0009506020975343202,0.0004676410381386721,0.002222475031755699,0.003972595916145356,1.854500478876934e-05,8.445930025897847e-05,0.000933028594107153,0.0001979041070740938,1.5902887367326033e-05,0.0031764183307245995,5.746846868833275e-05,0.0010263036245572745,0.003307394815203149,0.0009494000842750136,0.00012982268992975358,0.0001167326562181639,7.780864460811596e-05,0.00015566980584744527,0.00031154996213619867,0.0005411847092593873,6.55311247617722e-05,0.00010488479811742173,5.614763600925991e-05,0.0034770814541772973,0.00017514201209822033,0.0001272232208442415,7.780864460811596e-05,0.0002605588815217616,0.00018863386860150413,3.889776215293311e-05,0.0,0.0007047246569160247,0.0007817541286856789,0.0018508892684535303,0.00010063186203464169,0.0011714652098018846,0.000892063106290521,1.339170263929478e-05,0.00017637871299262906,0.0006837278386858571,0.0003889637666456717,0.00021960955888756067,0.0003294375292522443,0.00040405386207871465,4.585684473678556e-05,0.00032087139076621325
25,0.00016362921921097054,0.0001015671901069349,0.01226088337193438,5.905685000283663e-05,0.0009029960384158069,0.016072968861205975,3.813203084630745e-05,0.0011552275406832746,6.001337161092501e-05,0.0024761726391720833,0.0002100431618230111,0.0003311881208411126,0.0,0.0004784972971328732,0.0007096133982465356,0.0,3.813203084630745e-05,7.628963711835566e-05,0.00701308339586207,0.0,0.0,0.0044055010964714975,0.00701308339586207,0.0009610532444603189,1.3980748172268398e-05,0.0,1.906282063833522e-05,0.1007027587991292,0.005235034165612403,0.0231600172518212,0.0,1.906282063833522e-05,0.0001717957707522331,0.0,0.0001909162521424794,0.01583726179394355,0.0014477372838400146,0.0012720510262693272,0.03142707626312532,0.01269905499347171,3.203637323323717e-05,9.919940711589575e-05,0.0008061895647933592,0.0002483162833531721,8.36878057835725e-06,0.0005359359041853642,0.0013169420035869072,0.022167328061273667,0.007333511521264248,0.0016828327689592576,3.813203084630745e-05,0.00016362921921097054,1.906282063833522e-05,0.0005746815978376259,0.0012710963905486412,0.0013788486532940404,9.986401505998339e-05,0.008265015212017831,0.02979646156878302,0.0001909162521424794,7.733921571900191e-07,0.0001717957707522331,1.906282063833522e-05,0.0,0.0,1.906282063833522e-05,0.0,0.0,0.0019749146784861725,0.0014670631997853651,0.0003596908769308631,0.0004016667679913924,0.0014633628572612426,0.004834692308573836,0.0026286052021989373,0.0002058387293929786,0.0017732246724228159,0.0017024679821680776,9.640110107386139e-05,0.003735545539629521,0.00022917650411678682,0.0015776148008045227,0.0006837990901364518,0.00274562210643803,0.0037181646324423684,0.018618082884820135,0.004380375365699518,0.00028451858864532426,0.0045615643575293305,0.04151010433288172,0.013637083308139406,3.627594785638976e-05,0.00015936265518039523,0.019889321851255796,5.7207634910359465e-05,3.813203084630745e-05,7.628963711835566e-05,0.00015268171333249742,4.004500050033579e-08,0.0010121391491831838,0.00341069373191378,0.0007045167453417748,0.0005658379101963556,0.0025333268764442755,0.0005169515058315449,3.813203084630745e-05,2.1501854055658734e-05,0.005444960808117132,1.906282063833522e-05,0.0,0.0036029952332469373,0.01590502377584429,0.002172384728558348,0.005720056904942712,0.00014569138036965392,0.004049428820683782,0.03824547702841586,0.003504765476485802,0.00039661006914350666,5.9087689865621204e-05,0.0014395786250031766,0.03648680309195314,0.027946261816172376,4.798312098617939e-05,0.00024800569973226473
26,0.005094842911692158,0.0014887043807350737,0.0006104075847011832,0.00043675415531056327,0.00026591765399154653,0.0006104075847011832,1.053034601945521e-06,3.190032528464554e-05,0.00026654057147249666,6.665240896068873e-05,5.80039284201619e-06,0.00037084041500043933,0.0,1.321363568543396e-05,1.9595639800822058e-05,0.0,1.053034601945521e-06,2.1067713440804056e-06,5.26429591886939e-07,0.0,0.0,2.439911347276641e-05,5.26429591886939e-07,0.006487689296680431,3.889776215293311e-05,1.906282063833522e-05,0.0,0.00021686334516162967,0.0007037242815972455,1.1092015469101675e-05,0.0,5.26429591886939e-07,4.744191217559115e-06,0.0,5.272203792358878e-06,0.0018718493552678298,3.997704621241627e-05,3.5126061982235536e-05,0.0014941141992924922,0.0008689979772541744,3.6202772377697834e-05,0.001496826069032376,2.226243358458828e-05,6.857300837232179e-06,0.00024734339559046866,0.0002132449311578057,0.0003327025897916763,0.00012537674151628128,0.003349864188968122,4.646827541838256e-05,1.053034601945521e-06,6.445787068474743e-05,5.26429591886939e-07,1.5869672648548653e-05,0.0002036361362108431,5.789248147192755e-05,0.0003895864791792393,5.461998686537324e-05,0.00034968513897974196,5.272203792358878e-06,4.5926320124574005e-05,4.744191217559115e-06,5.26429591886939e-07,0.0,0.0,5.26429591886939e-07,0.0,0.0,2.3330412419809975e-05,7.914916149139646e-06,0.00014026143123491223,1.1092015469101675e-05,0.000409921415083768,0.002994155317890207,0.0026134118283579026,0.0002941948987608861,0.00014660124931504333,4.7010416631792616e-05,6.99499409287163e-05,0.00010274751472723406,6.328758484083315e-06,0.000414019990878614,0.00195485844986277,0.0014395224108879063,0.0019512358883228605,0.0012826656628391571,0.00029863941410245763,9.54622390246801e-05,0.0002485749106550237,0.00030628778536675365,0.001082566301065738,0.0004803719612690917,0.00012196163133027816,0.00025227522444653513,1.5798151476934783e-06,1.053034601945521e-06,2.1067713440804056e-06,4.21635500013379e-06,4.484296678457751e-05,0.0005084388755365634,0.00028723581709824236,0.00028786719610305656,0.00039904356353501875,6.99499409287163e-05,1.4275514859261275e-05,1.053034601945521e-06,0.0014395224108879063,0.00027028324137238276,5.26429591886939e-07,0.0,0.00036751617812095307,0.0007302365325167193,0.00010218591499738698,0.0009313267680553225,0.0005873421063559167,0.00031911790761720855,0.0005208309167927071,0.002191081960040026,0.002013978069622232,0.0003781784433503865,0.00027340891807729864,0.0013703834376002481,0.003140757910647933,0.0009504190166285991,0.0015380726479534812
27,0.0012876187232540304,0.0006101146205068384,0.0012152296283414069,4.9016926411943475e-05,0.00107650085163003,0.005561403623834804,0.0004338041360252598,0.001935320962122547,9.064386815792267e-05,4.865379787832192e-05,0.002389765474584695,0.000293396181055608,0.0,0.0018263052538002736,0.00028534284764269974,0.0,0.0004338041360252598,0.00034252432541185873,0.0032480082156244503,0.0,0.0,0.0033716068323722246,0.0032480082156244503,0.0003058437803796478,0.0011970281372517288,0.1007027587991292,0.00021686334516162967,0.0,0.0024410846455409723,0.006801691741733746,0.0,0.00021686334516162964,1.940533702854445e-05,0.0,6.040535527569832e-05,0.0013658499121761921,1.414606705807787e-05,0.00024723195175501854,0.00028626122573536064,3.1997561100726014e-05,5.6140844211359694e-05,0.00043534687777013623,0.0011290084321093118,0.0002777291951026433,0.0027109546997021935,0.0006088735646318632,9.060507059014534e-08,0.00818822562152525,0.000909989445784394,5.870971843469029e-05,0.00043380413602525983,2.2991142838457324e-05,0.00021686334516162964,0.00029365195197295275,0.0015215171569855591,0.0006376402663551033,4.941828361850538e-05,0.0015877903214427268,0.00714125229679523,0.0016096615776061297,0.0003667249436073366,0.000477847866771567,0.00021686334516162967,0.0,0.0,0.00021686334516162967,0.0,0.0,2.0650140587325947e-05,2.7717581796904177e-06,0.00022448242002535146,0.0001761309674820505,0.0061857818813196835,0.001203626826475058,2.490144216663133e-05,0.0018715201374491686,0.0007908803797234834,0.000234741388700495,9.89459850105694e-05,2.1312161833196338e-06,0.0010309483425631734,0.003003651232363868,0.0007027021019292338,0.0006439086584271902,0.0004217162267572669,0.0034163610663096133,0.0025670990053034545,8.066149253052924e-06,0.00017559523502154564,0.0004280516171012837,3.3907570602786353e-05,0.0009928429847778765,5.742446070082296e-06,0.000703293561439158,0.0006630298474324585,0.0004338041360252598,0.00034252432541185873,0.0017370783487100146,0.0013762263532626192,5.2012949969511e-05,0.00042178086734331156,0.0008787189851826926,4.912085831617045e-05,0.0006004522950947845,7.349500799444986e-05,0.001273526473629162,0.0019015112046066702,0.0007303396916940399,0.0032480082156244503,0.0,0.003159116863313205,0.0018453425660114062,0.0009151585722998479,0.0004130732138709077,0.0014373371226365547,4.091508235039682e-05,0.006990901848659667,0.001635954171156698,0.0002592777440625482,0.0017270367570049452,2.3561644755829022e-05,0.0043087609355654845,0.0016119880166360636,0.001152375560288776,0.0002046571252324622
28,0.0002454679933481779,0.00021904080022727034,0.0009324510788394753,3.8977659786491083e-05,0.00014567574314039352,0.0009324510788394753,0.0001304500649039638,0.001123072452120248,0.0004960878073895623,0.00018994426990528697,0.0013294418918889965,0.0003061565697087686,0.0,4.150213478564438e-08,0.0018398772341807715,0.0,0.0001304500649039638,0.00026108151447322073,0.0007037242815972455,0.0,0.0,0.0004965333965091969,0.0007037242815972455,0.004852411338261118,0.00014970114579495464,0.005235034165612403,0.0007037242815972455,0.0024410846455409723,0.0,3.372573044850181e-05,0.0,0.001618070870462198,0.0022904687067426682,0.0,0.00012450179867815682,0.0007468554546225234,1.266331525944031e-07,0.00027428751090415797,1.3709751216155728e-05,0.0005337018611784867,0.0006450602632338366,0.0026884584178340854,0.0022893123345179662,0.000122225771552239,2.667274147399332e-05,3.436984457574825e-05,0.0018739505708173997,0.0002230684770679013,0.0003009354919810799,0.00020974447553201748,0.0001304500649039638,0.0007944849525322035,0.001618070870462198,5.616841968520471e-06,0.00021188062812780217,0.0027113746761258544,0.000576023805506515,0.0006493726362174845,0.00294951581856782,0.002820078667276277,3.345554184489305e-05,0.002290468706742668,0.001618070870462198,0.0,0.0,0.001618070870462198,0.0,0.0,0.001936470050436756,8.440191893750233e-05,0.0010205679995469645,0.003102472335655243,0.0002734739911463463,0.0016363039555319118,4.2411329164515866e-05,4.0983144545753876e-05,2.5467032153863843e-06,0.0011391906631259697,0.0005019053821581148,0.00032181682754339524,0.00013329936589983018,0.00020556584086641954,0.0010349508210669444,0.0071888557363389465,0.003430950302590821,0.0001847613035638313,4.011671613077199e-05,0.002350984241134615,0.002041514623921017,0.002901556885918939,3.427489334814462e-10,0.00016108777396697213,0.0001367364524479969,0.00034804662182945064,0.0021120592398135595,0.0001304500649039638,0.0020044504545861214,0.0018399494793334271,0.001390012337230453,5.908584706399949e-05,0.0006218035720427732,0.00033039167060909124,0.00030010047673307113,0.0007612328616231804,0.0002126167258405014,0.0001304500649039638,0.0003809911365199039,0.003546974508569729,0.0007037242815972455,0.0,0.002494044750294288,0.0027707876196463423,0.0014512314072335484,0.0002676000971212738,0.003624118528665298,0.0005816437540481982,0.002488161734917471,0.0006269244844195498,0.0035729260876752327,1.105790478482325e-06,0.0015707927698624142,0.000522109983722441,0.001606977029860319,0.008792280592122458,0.000569428376771992
29,0.001358238275165931,0.00022966112679321399,0.006263208330833113,0.00024969268115149,0.0056046270343294785,0.0027883562789338,2.2187739432970904e-05,0.00047289699859193055,1.9783316600203384e-05,1.613548919908208e-05,0.00012221654748072888,8.214203761480359e-05,0.0,0.0002784186721748871,0.00041289387003135073,0.0,2.2187739432970904e-05,4.4390322767653784e-05,1.1092015469101674e-05,0.0,0.0,0.0005141090701676665,1.1092015469101674e-05,0.0006561139515609915,0.00030100281269607296,0.0231600172518212,1.1092015469101675e-05,0.006801691741733746,3.372573044850181e-05,0.0,0.0,1.1092015469101675e-05,9.996185370844e-05,0.0,0.00011108733513968604,0.002113194059060836,0.0002796530198743447,0.0007401430798157608,0.0036109192438968343,0.0014864264847744048,0.000359859096304962,0.00011483604396241862,0.00046908642256445,0.00014448617490816294,0.0010156692346688615,0.0015642095833207136,0.0019312559942435924,0.002262444296724104,0.004266401486689074,0.0009791474257593632,2.2187739432970904e-05,0.002847391344786906,1.1092015469101675e-05,0.0012600522097772312,0.0017531745159655196,0.0012198855122849803,7.91005977212172e-05,0.003450944832674136,0.0029606377247468284,0.00011108733513968604,0.00018138391673294858,9.996185370844e-05,1.1092015469101675e-05,0.0,0.0,1.1092015469101675e-05,0.0,0.0,0.0007959479157987487,0.0001667707560456692,0.0018307187047625594,0.0002337144228859981,8.756595359018984e-06,0.0018047519573344657,0.0011764250908397839,0.0026292027882686064,0.0016697710376571478,0.0009905716318127612,0.0014739744763782837,7.219786399972532e-05,0.00013334949323466012,0.0009152212061398683,0.0020219867783356966,3.1758463936155975e-05,0.0020379301140658985,6.88884006102796e-05,0.0008015156015763844,3.892908032684484e-05,0.0003793467601981247,0.005759069287973962,0.0010238049538746983,5.0697535609214945e-05,0.002570104462288051,2.9134192252045518e-06,3.3287174371536885e-05,2.2187739432970904e-05,4.439032276765378e-05,8.88401006864525e-05,0.00019705269947679476,0.00011794098485177389,0.0005653884730016577,0.002247860369519787,0.0006871224289384805,0.0014739744763782837,0.0003007933990141496,2.2187739432970904e-05,0.0003738139272824013,0.0017587045510951609,1.1092015469101675e-05,0.0,0.0005747501823544392,0.0005283987050478828,0.000264230634147665,0.00041477276686687604,0.001227603115481405,0.0010018583094552529,0.0028608522432735507,0.004958541520121232,0.0007136529115308865,0.003673183569888182,0.0007016188080585308,0.004115999593271229,0.0012213060965099362,0.001880158352206758,0.00017932027434009685
30,0.0,0.0,0.0,0.0,0.0,0.0,0.0,0.0,0.0,0.0,0.0,0.0,0.0,0.0,0.0,0.0,0.0,0.0,0.0,0.0,0.0,0.0,0.0,0.0,0.0,0.0,0.0,0.0,0.0,0.0,0.0,0.0,0.0,0.0,0.0,0.0,0.0,0.0,0.0,0.0,0.0,0.0,0.0,0.0,0.0,0.0,0.0,0.0,0.0,0.0,0.0,0.0,0.0,0.0,0.0,0.0,0.0,0.0,0.0,0.0,0.0,0.0,0.0,0.0,0.0,0.0,0.0,0.0,0.0,0.0,0.0,0.0,0.0,0.0,0.0,0.0,0.0,0.0,0.0,0.0,0.0,0.0,0.0,0.0,0.0,0.0,0.0,0.0,0.0,0.0,0.0,0.0,0.0,0.0,0.0,0.0,0.0,0.0,0.0,0.0,0.0,0.0,0.0,0.0,0.0,0.0,0.0,0.0,0.0,0.0,0.0,0.0,0.0,0.0,0.0,0.0,0.0,0.0,0.0,0.0,0.0,0.0,0.0,0.0,0.0
31,6.445787068474743e-05,0.0014887043807350737,0.0006104075847011832,0.00043675415531056327,0.00026591765399154653,0.0006104075847011832,1.053034601945521e-06,3.190032528464554e-05,0.00026654057147249666,6.665240896068873e-05,5.80039284201619e-06,0.00037084041500043933,0.0,1.321363568543396e-05,1.9595639800822058e-05,0.0,1.053034601945521e-06,2.1067713440804056e-06,5.26429591886939e-07,0.0,0.0,2.439911347276641e-05,5.26429591886939e-07,2.653868614209254e-05,3.889776215293311e-05,1.906282063833522e-05,5.26429591886939e-07,0.00021686334516162964,0.001618070870462198,1.1092015469101675e-05,0.0,0.0,4.744191217559115e-06,0.0,5.272203792358878e-06,0.0005774506723883086,3.997704621241627e-05,3.5126061982235536e-05,0.0007777309210308498,0.0008689979772541744,3.6202772377697834e-05,0.001496826069032376,2.226243358458828e-05,6.857300837232179e-06,0.0030548079507978364,0.0002132449311578057,0.0003327025897916763,0.00012537674151628128,0.00020243913435423255,4.646827541838256e-05,1.053034601945521e-06,6.445787068474743e-05,5.26429591886939e-07,1.5869672648548653e-05,0.0033411209156891265,5.789248147192755e-05,0.0003895864791792393,5.461998686537324e-05,0.0025566755098445824,5.272203792358878e-06,4.5926320124574005e-05,4.744191217559115e-06,5.26429591886939e-07,0.0,0.0,5.26429591886939e-07,0.0,0.0,2.3330412419809975e-05,7.914916149139646e-06,0.00014026143123491223,1.1092015469101675e-05,0.0023342469500492917,0.002994155317890207,0.0003359543226850676,0.0002941948987608861,0.00014660124931504333,4.7010416631792616e-05,6.99499409287163e-05,0.00010274751472723406,6.328758484083315e-06,0.000414019990878614,0.0005421971664525797,0.0008134316169026748,0.0005436814038333076,0.0009284827211193896,0.00029863941410245763,9.54622390246801e-05,0.0002485749106550237,0.00030628778536675365,0.0011088883896671813,0.0021170380914237036,0.00012196163133027816,0.0030259753646630885,1.5798151476934783e-06,1.053034601945521e-06,2.1067713440804056e-06,4.21635500013379e-06,4.484296678457751e-05,0.0005084388755365634,0.00028723581709824236,0.002834489829674508,0.00039904356353501875,6.99499409287163e-05,1.4275514859261275e-05,1.053034601945521e-06,0.0008134316169026748,0.00027028324137238276,5.26429591886939e-07,0.0,0.00036751617812095307,0.0007302365325167193,0.00010218591499738698,0.0009313267680553225,0.0005873421063559167,0.00031911790761720855,0.0005208309167927071,0.002191081960040026,0.0005186370131994067,0.0003781784433503865,0.00027340891807729864,0.0013703834376002481,0.00023324952265067243,0.001255640574061866,0.0015380726479534812
32,0.0005809111873607096,0.000912134635336015,0.0004781684060775353,0.003936832470317622,0.00011366103297866341,0.001670792544978695,9.48996541758867e-06,0.0002874900374302998,0.0002210543850644465,0.0006006895128977934,0.004019509888517424,0.003342585856657253,0.0,0.00011908211913438139,0.0001765976227224042,0.0,9.48996541758867e-06,1.8986266993719354e-05,4.744191217559115e-06,0.0,0.0,0.00021988739876317603,4.744191217559115e-06,0.00023916967317668252,0.0003505529351253562,0.0001717957707522331,4.744191217559115e-06,1.940533702854445e-05,0.0022904687067426682,9.996185370844e-05,0.0,4.744191217559115e-06,0.0,0.0,4.75132734190738e-05,2.4651443653601563e-05,0.0003602797850054756,0.00031656124959292953,0.0008105571963739571,0.0017186355599296957,0.0003262648731171763,9.137074205667075e-05,0.00020063123003303182,6.179826144729812e-05,7.037532872726435e-05,1.5274466653447587e-05,0.0008238288206304728,0.0011299582630440363,5.7137341421324484e-06,0.0004187809913330742,9.48996541758867e-06,0.0005809111873607096,4.744191217559115e-06,0.00014301865345076045,6.5591928714129225e-06,0.0007600939264306294,5.926281028972496e-07,0.0008246452414088749,0.0003921321852874559,4.75132734190738e-05,0.0004138966898500826,4.275479722746884e-05,4.744191217559115e-06,0.0,0.0,4.744191217559115e-06,0.0,0.0,0.00021025605560640116,7.132956368785499e-05,0.001247374736084596,9.996185370844e-05,0.00040728056845108345,9.38265606608459e-05,4.1923757479049664e-05,0.0001291063401948919,4.1818780937656926e-05,0.0004236669706971085,0.0005624252613413289,0.0009260029948221863,5.703500446187101e-05,0.0006713759264570959,0.0007590654380230642,0.0006800580469473852,6.022088258862788e-05,0.001429931537646562,0.0026917043288494052,0.0008603423223365383,0.0022404084228180754,0.002760650972237663,7.554039912497637e-05,6.066781239586974e-05,0.0010991779005589501,8.105134705589727e-05,1.4237323657246555e-05,9.48996541758867e-06,1.898626699371935e-05,3.799791250181131e-05,0.004114009104649129,0.0011479889306519368,0.003022516766874658,0.0030129698505141655,0.0035968466637726648,0.0006304086658333796,0.00012865189935849718,9.48996541758867e-06,0.0010398747267372182,0.0024360908039155133,4.744191217559115e-06,0.0,9.296118992882012e-06,0.0025736221203109515,0.00023574779869949472,1.7436693166625056e-08,0.0005634240881910383,0.0002771677812924122,0.00121507135972151,0.0012688294461881994,0.00012264397805848695,0.006780582380150187,0.00019529159387452055,0.00022669479330584917,0.0021022654473065432,0.00041520049796693956,0.006765295258346169
33,0.0,0.0,0.0,0.0,0.0,0.0,0.0,0.0,0.0,0.0,0.0,0.0,0.0,0.0,0.0,0.0,0.0,0.0,0.0,0.0,0.0,0.0,0.0,0.0,0.0,0.0,0.0,0.0,0.0,0.0,0.0,0.0,0.0,0.0,0.0,0.0,0.0,0.0,0.0,0.0,0.0,0.0,0.0,0.0,0.0,0.0,0.0,0.0,0.0,0.0,0.0,0.0,0.0,0.0,0.0,0.0,0.0,0.0,0.0,0.0,0.0,0.0,0.0,0.0,0.0,0.0,0.0,0.0,0.0,0.0,0.0,0.0,0.0,0.0,0.0,0.0,0.0,0.0,0.0,0.0,0.0,0.0,0.0,0.0,0.0,0.0,0.0,0.0,0.0,0.0,0.0,0.0,0.0,0.0,0.0,0.0,0.0,0.0,0.0,0.0,0.0,0.0,0.0,0.0,0.0,0.0,0.0,0.0,0.0,0.0,0.0,0.0,0.0,0.0,0.0,0.0,0.0,0.0,0.0,0.0,0.0,0.0,0.0,0.0,0.0
34,0.0005335884240795312,0.00039376585372604696,0.0026086546813259585,0.0010414682733609763,0.002663526936471288,0.0005739283467978793,1.0546167042215824e-05,0.00031948724900577387,0.00104931952121292,0.0006675466124171863,5.8091206085503836e-05,0.0037146833849802103,0.0,0.0025761421239606196,0.000196252544977146,0.0,1.0546167042215824e-05,2.1099376613272787e-05,5.272203792358878e-06,0.0,0.0,0.0002443604394499015,5.272203792358878e-06,0.0015846932948854419,0.0010929818983025944,0.0001909162521424794,5.272203792358878e-06,6.040535527569832e-05,0.00012450179867815682,0.00011108733513968604,0.0,5.272203792358878e-06,4.75132734190738e-05,0.0,0.0,1.3611951733688985e-06,0.00040037856057267975,0.0003517941045874093,0.0014415378880601644,0.002481216979166589,0.00036257774976471385,0.00040857210508345073,0.00022296107104016638,6.867622378517841e-05,0.00014194975050708534,5.2644990575664625e-05,0.0004838332090558176,5.8223368206501565e-05,0.002027635614576516,0.0004653910548968058,1.0546167042215826e-05,0.0005335884240795314,5.272203792358878e-06,0.00015893627958872387,3.429162097491695e-05,0.0005798104707928681,0.0007743889100528228,0.0007029292593769903,0.00046214502880246786,5.280135471615198e-05,0.000895676685702233,4.75132734190738e-05,5.272203792358878e-06,0.0,0.0,5.272203792358878e-06,0.0,0.0,0.00023365713313744076,7.926833601388146e-05,0.0014048174563067713,0.00011108733513968604,0.0002160020530760602,0.00014013894739944778,0.000499332825225579,4.898457432612697e-05,0.0009296902802683076,0.00047082085450761126,0.0007005736506465188,0.0010290697169698258,6.338282871338873e-05,0.0009101764698497303,3.540710539113519e-06,0.001256215974246403,0.00034276868988547126,0.007354096627362354,0.0003311380827426487,0.0009561004433757271,0.00014579308634413008,0.00036378819273278544,5.49482729706473e-07,5.7293486300963327e-05,6.949455628806192e-05,0.0029887123600458054,1.5821890923735055e-05,1.0546167042215826e-05,2.109937661327279e-05,4.2226961009759663e-05,0.000923319829838187,2.4296221528088878e-05,6.228826667623036e-05,0.0024340758035005074,2.506471385635095e-05,0.0007005736506465188,0.0001429705287790927,1.0546167042215826e-05,0.00035758064558513665,0.0002195825213548575,5.272203792358878e-06,0.0,0.0033248693253108506,3.0369451105305278e-05,0.0010234447186018873,9.573682651246674e-05,0.00028466521104601386,0.003196491428117903,0.00027394192998857756,0.00010116519441447365,0.001711443255457312,0.000713067831299787,0.0026461489641006427,0.00020433045053925615,0.00023667700007110038,8.690081302844826e-05,0.0015965182861960754
35,0.00034155126315387304,0.0007044378367289542,0.00040252012121756167,0.002436705889445077,0.001224937176212702,0.03616283542100096,0.00025795494049983574,8.305402438021526e-06,1.826640141248065e-05,0.000497393007883634,0.0023558380195440975,2.4641902462757532e-05,0.0,0.0007897334726096511,0.0005733942476786134,0.0,0.0011551336005744253,4.859201058507249e-05,0.0018718493552678298,0.0,0.0,9.673418846426729e-05,0.0018718493552678298,0.0031893661344992203,0.000362222375154699,0.01583726179394355,0.0018718493552678298,0.0013658499121761921,0.0007468554546225234,0.002113194059060836,0.0,0.0005774506723883086,2.4651443653601563e-05,0.0,1.3611951733688985e-06,0.0,0.02425154083276727,2.2592654488962025e-06,0.000196434332576945,2.176027455662097e-06,0.0002637372252380982,0.0003795753207949354,0.00011634290124605724,0.0002879197915004212,0.00023669369926757077,0.00018019195430186803,0.0030958670657274794,6.452360033859698e-05,0.010709221430941631,0.0002447762119364741,0.0011551336005744253,0.00213550690006166,0.0018718493552678298,4.11095386011828e-06,0.0005516947136104001,0.001228429541901962,3.6556334843798434e-05,0.00011914809963978598,0.0012080397570880096,0.0004545111120900367,7.813599404081236e-05,2.4651443653601563e-05,0.0005774506723883086,0.0,0.0,0.0018718493552678298,0.0,0.0,1.8692560905888068e-05,4.116956158972151e-05,6.645530436774332e-05,0.0003805645548446289,0.0008464796380527892,0.0037042522458202633,0.0011575116109978606,0.0001349598439709187,0.00111540990406156,0.0003819594126017616,0.0007004500389524266,0.0010045629620417241,0.0009748410861349114,0.03518823800374208,0.02531569486337143,0.0022120656191119826,0.027431295021933613,0.004737547507286427,0.01683514643110784,1.6686684592322697e-05,0.002284246615316166,0.004473801515672051,0.005842340699642757,0.0006239165226761688,9.128520976342784e-05,5.801253567360075e-05,8.200451624419858e-06,0.0011551336005744253,4.859201058507249e-05,9.730895803511184e-05,0.0004838106554779684,0.0006462365520775105,0.005156292734516749,0.018216397206478822,0.0018033670055727117,0.0007966232511279002,7.440882647025075e-05,0.0011551336005744253,0.0026616424857034667,0.00028698112394183657,0.0005774506723883086,0.0,0.01353975228885283,0.047308725179641506,0.00013654220637597978,0.042179138760661504,0.0006066072310760985,0.0026457893160688785,0.0582634130819701,0.0048300372842981455,0.000899816398588986,0.01899869781574074,0.014780039554785795,0.01508078675986318,0.0014657241548116956,0.004011244426328159,0.0014123507455910584
36,2.529111085153056e-09,0.004206977797564779,0.009645448727468479,0.0033155342587922014,0.004409502958106269,0.01325864516133463,7.996758139728936e-05,0.00015468976998704356,1.0692070179932248e-05,0.0003727899968921152,0.000440490907402673,0.0003389033502974672,0.0,0.0001568683546237731,0.0007783977706592096,0.0,7.996758139728936e-05,0.00015998915511724823,3.997704621241628e-05,0.0,0.0,0.0018530449696211788,3.997704621241628e-05,0.002015556938047535,1.382690299485415e-05,0.0014477372838400146,3.997704621241627e-05,1.414606705807787e-05,1.266331525944031e-07,0.0002796530198743447,0.0,3.997704621241627e-05,0.0003602797850054756,0.0,0.00040037856057267975,0.02425154083276727,0.0,0.002667842365917256,0.019352172994633453,0.015331587044464046,4.213767745956259e-05,0.000778244249123797,0.0016907555305580538,0.0005207563516190517,1.6048032155319075e-06,2.1532903129498747e-05,0.00021237798897082809,0.006195237135958496,0.009666760886923914,1.1772447550510632e-05,7.996758139728939e-05,0.001492611927048234,3.997704621241627e-05,6.233639820956365e-05,0.00035982416896051237,0.001167769285833287,0.0007896169431402651,0.004148744247874655,0.0065495544160902985,0.00040037856057267975,8.682194801373016e-06,0.0003602797850054756,3.997704621241627e-05,0.0,0.0,3.997704621241627e-05,0.0,0.0,0.0004926893640490699,0.006187072119816469,0.0025088874148909567,0.0008423628215563047,0.0011140494244602608,7.093021876511841e-06,0.0008732794830618022,0.0045741302660388845,0.000677492170463948,0.0006775222164862445,0.0017772657737201954,0.0006162398917648162,0.00048061683468444727,0.005195642921658673,0.010089047732983554,0.0012277522920940158,0.001280871880074337,0.008160608927037575,0.0025358111621261187,0.003209424212541763,0.0020191250859450576,0.0001120255480467108,0.0033830204743647905,0.00015594773487967624,0.0025536636195576177,9.990676243973403e-05,0.0029027739053678354,7.996758139728939e-05,0.00015998915511724823,0.0003201945715210698,0.00058903769839694,0.0005972554954041036,0.0026761480757607143,0.0010279037049618935,0.004829034574730705,0.0017772657737201954,0.0001123992734326776,7.996758139728939e-05,0.0006516655147606531,0.00011668830853228982,3.997704621241627e-05,0.0,0.0032022859053497106,0.004692911047306909,0.0006006394706474126,0.000251551940365375,0.0021055525956209247,5.997208065747334e-06,1.558164651977233e-07,0.0008528421142409887,0.003751155256426824,0.002547261902477884,0.011394206315575433,0.00865251222652916,0.01219908741291724,0.00041993322751812667,5.5316809758039995e-06
37,4.027518471460126e-05,2.799153552455101e-05,0.013043449428358965,0.0010504106792330985,0.00028383098307436274,0.002253844017807858,7.026395787305395e-05,0.0021287866924286237,0.004799713846022311,0.0013012402373838187,0.00038703886557200565,0.0006130446063677792,0.0,0.0008817201709760645,0.0013076081924970426,0.0,7.026395787305395e-05,0.00014057528329312267,3.512606198223554e-05,0.0,0.0,9.83483379799165e-08,3.512606198223554e-05,7.534082649344699e-06,7.512748014121983e-05,0.0012720510262693272,3.5126061982235536e-05,0.00024723195175501854,0.00027428751090415797,0.0007401430798157608,0.0,3.5126061982235536e-05,0.00031656124959292953,0.0,0.0003517941045874093,2.2592654488962025e-06,0.002667842365917256,0.0,0.0031594915553994187,0.0012340110897689483,0.0024159363020264356,0.0014709048625829258,0.0007788858550286163,0.0004575641377159338,3.154727318603118e-05,1.2199998189657656e-05,0.004015068828038889,0.0020285310240046586,0.0021331010709254015,3.3152364632691988e-06,7.026395787305395e-05,0.0001407968346728154,3.5126061982235536e-05,0.0010589622174407309,0.0004411937924320628,0.003863663985954603,0.007937026437985257,0.007684811615919598,0.00026893689762444114,0.0012194552614232727,0.0015034118856834837,0.00031656124959292953,3.5126061982235536e-05,0.0,0.0,3.5126061982235536e-05,0.0,0.0,0.0015568483544646879,0.0005281371305208359,5.948870759456308e-05,0.0007401430798157608,0.001013254684132809,0.0008355893841806671,0.0005822010205623568,0.001154846279064907,0.0001911991844267637,0.00045264347131269473,0.0013408874214427726,4.969130167141181e-06,0.0009867121007754605,0.00021589175470431145,0.004403483190948767,0.0009938065832571586,8.777886854865655e-05,0.0029017625371608718,0.0018396605085016136,0.006371880722165413,0.0002659554263401724,0.0020407298844110034,0.0005256938787098955,0.0019401484628314763,0.0024550699443250277,0.0025734620367554814,0.0001054136956479528,7.026395787305395e-05,0.00014057528329312267,0.00028134029254594096,0.0031128222659493267,1.4555307852628776e-06,0.0028553741432082473,0.002831890249957204,0.0005496935409207027,0.00024115705820577517,0.0041307728917668075,7.026395787305395e-05,0.0003346918906335479,0.0011615865901498587,3.5126061982235536e-05,0.0,0.00056829853369124,0.00013042621212152003,0.0014438721166018247,0.0006439861731939466,0.0006878218524336183,0.0014961513969473019,0.006326723344092227,0.0008443367158107184,0.004116142813854705,0.0012926051883636448,2.16871119844189e-05,0.0033765664224942294,0.0032262686283025094,0.006031094153988069,0.0013123392767544586
38,0.009563374458648823,0.0018780870350977056,0.026974777090426314,0.05390310668035815,0.006687334865167721,0.09874159025407592,0.0015557966340968461,0.0003075345112204387,8.095048923486982e-05,0.0019197089554387381,0.003985532136894894,0.0005349325118540508,0.0,0.00040477015166322624,3.496452111662822e-05,0.0,8.05000331674168e-05,0.0002720053144321075,0.0014941141992924922,0.0,0.0,1.1257763661589848e-06,0.0014941141992924922,0.00013974365051561024,0.0001234712756829535,0.03142707626312532,0.0014941141992924922,0.00028626122573536064,1.3709751216155728e-05,0.0036109192438968343,0.0,0.0007777309210308498,0.0008105571963739571,0.0,0.0014415378880601644,0.000196434332576945,0.019352172994633453,0.0031594915553994187,0.0,1.0,0.008923149598044851,0.020326334373516983,0.0034327140781830736,0.00022666676537711543,3.7470362608611376e-05,0.00039836815082454596,0.00030592298148336266,0.0009990294027207136,0.012720120174997384,0.0006825683369187601,0.0015557966340968461,0.0015423262929569082,0.0007777309210308498,0.0008188115392499612,0.0020858642682792857,0.0005135150858783841,0.0007921797478430202,0.00037795279659182725,0.0010633981385082902,0.0013037935534112068,0.011907138531584325,0.002759671018352458,0.0014941141992924922,0.0,0.0,0.0014941141992924922,0.0,0.0,0.0007559386138170504,0.0019586684337203927,0.0024852150284063613,0.0030534250090730537,3.6544904918082044e-05,0.0067465092658983905,0.00021309587239751833,0.0004077641722779536,0.0001564276627705919,0.00040296609667044806,0.0018919517077489992,0.002061927492337083,0.0008180690862894668,0.18568362524945883,0.05316307878033624,0.02415521988124879,0.025536970942616668,0.0050561681718631615,0.10703935237435502,0.002659623516974534,0.05647703420598188,0.012284209828796591,0.084584272785082,0.00047970775980371664,0.00035211268353625507,0.03504331225177265,3.11283291713179e-05,8.05000331674168e-05,0.00016111022097686263,0.0021781783989613668,0.00011068894802019012,0.0034547982851701325,0.010254694016716073,0.012376833803304376,0.01057973988313824,0.0007941793327248787,0.0014871018010129383,0.0015557966340968461,0.0030028520321921056,0.0002467457433049946,0.0007777309210308498,0.0,0.060633641950286865,0.10514872029344519,0.004702415453526857,0.004146599594214912,0.011744085975738464,0.004448157278041594,0.0032493106111906645,0.01468800789732032,0.04064089505029545,0.126188575934055,0.021660472047989657,0.2346486344743803,0.0372338546462387,0.020983061428188024,0.012372138807716945
39,0.006339977863411727,0.00415091533420798,0.007566250084294665,0.05877514402933805,0.002465210799395817,0.07714635402541077,3.8045987427824306e-05,0.00031338319044012665,0.0006799071895645454,0.001541072834489757,0.0008474370020363338,0.0022010026218538337,0.0,0.0017458830818408472,0.00016094438535898208,0.0,0.0017383819623844662,0.00041223908619163636,0.0013603930973297438,0.0,0.0,0.0004361134786281488,0.0013603930973297438,0.000662020880509089,7.391392029051823e-07,0.01269905499347171,0.0008689979772541744,3.1997561100726014e-05,0.0005337018611784867,0.0014864264847744048,0.0,0.0008689979772541744,0.0017186355599296957,0.0,0.002481216979166589,2.176027455662097e-06,0.015331587044464046,0.0012340110897689483,1.0,0.0,0.009747916313678726,0.01971609897536375,0.00024522860100906235,0.001676715317879606,7.666256374594109e-05,2.8797052504179765e-05,0.00045642188688737434,3.60643263696465e-07,0.004851513111664205,0.0003915246344000811,0.0017383819623844662,0.0006396829453499503,0.0008689979772541744,0.0003147572254013815,0.0009236135207121061,0.0014066255572479272,1.557516070883409e-05,6.156426755506267e-07,0.0006871132770170805,0.0017678150622828736,0.013278601514422896,0.001271180111926969,0.0013603930973297438,0.0,0.0,0.0013603930973297438,0.0,0.0,0.00019476382691587722,2.5752144794526395e-05,0.001355355168103932,0.0025018114096899712,0.0022456766723718056,0.0010542406101414512,2.322157578423451e-05,0.0002157154104819294,0.0007544580056147667,1.7711765737500262e-06,0.000936540570729627,6.824128455774912e-05,0.00287386388144772,0.11645301136003326,0.02786681300220069,0.011697351190119486,0.009338747335206359,0.0018951482714290304,0.06245242376000101,0.0008375073281732062,0.030019530685283673,0.00020680892526914963,0.04567320038178293,0.0016390225943395933,0.00021301235836982107,0.01923784083212676,0.0026081523070880324,0.0017383819623844662,7.61433363493996e-05,0.002684404240154299,0.0002416858017104918,0.0032810692247527795,0.009975621315912033,0.007666975579314982,0.0069804065088708055,0.000936540570729627,0.0002996535444142933,0.0017383819623844662,0.00016811566974396473,9.321299237649458e-05,0.0008689979772541744,0.0,0.027030119648968856,0.07574523889708724,0.001641988329470573,0.007179003622819609,0.008370864469030572,0.0035767110711981956,0.00010740672165560437,0.007993802624614028,0.004107270598929627,0.0961233884596373,8.62762419296757e-05,0.11536318434920761,0.022270578210159497,0.016186253020646857,0.0018379181185981571
40,2.4006520562904008e-05,1.334606082795184e-05,0.0008082709673543903,0.0012908391140991006,0.0006238570811881489,0.005365267889502725,7.241774557807352e-05,8.571188802343997e-05,0.00022773976732808575,0.00021665895414348254,0.00039890290157658945,0.0007917974070852159,0.0,0.00022186577207826215,2.4234459786577998e-05,0.0,7.241774557807352e-05,0.00014488432736231699,3.6202772377697834e-05,0.0,0.0,0.0016780816378099079,3.6202772377697834e-05,0.0018252478133441105,5.67073085364418e-05,3.203637323323717e-05,3.6202772377697834e-05,5.6140844211359694e-05,0.0006450602632338366,0.000359859096304962,0.0,3.6202772377697834e-05,0.0003262648731171763,0.0,0.00036257774976471385,0.0002637372252380982,4.213767745956259e-05,0.0024159363020264356,0.008923149598044851,0.009747916313678726,0.0,0.03610619776951533,0.0023417822672904868,0.00047159006391206355,2.146463401927363e-06,0.0005869599354510487,6.477306694290674e-05,0.0009368783792043404,0.00016183796062255797,0.0031961754289815073,7.241774557807352e-05,0.00044873481565715494,3.6202772377697834e-05,0.001091424159785523,5.44540941719492e-06,9.867667487098737e-05,5.155468450570962e-05,0.0007813446137510028,1.8543706745403095e-05,0.00036257774976471385,1.1731795557642453e-06,0.0003262648731171763,3.6202772377697834e-05,0.0,0.0,3.6202772377697834e-05,0.0,0.0,0.0006471566303683325,0.0005443264266405917,0.005134756729341716,0.00035985909630496175,0.000396569056685257,0.0006656378753806448,0.0011368331223467296,1.7023745339849548e-05,8.011128464562515e-08,0.0032334713574763557,0.00028625354923371107,1.609749591307534e-05,0.0004352403368554109,0.005977532363542088,3.231382290090501e-05,0.006540932767006407,0.0028265723460128294,0.00037379118959334265,0.004569359275654216,0.0026844435789960494,0.0008766616251403357,0.00033563158487644553,0.0006587649322001718,0.0005071503084762949,0.003387402073767478,0.0009529996644270502,0.00010864492782791774,7.241774557807352e-05,0.00014488432736231696,0.0014841088589255356,4.124705921611847e-06,0.00017649732342394422,0.003395427159153169,8.950278286267007e-06,0.0012837803476668692,0.004811705416859395,0.0009817815533818717,7.241774557807352e-05,0.00027677309502353365,4.3229736065402174e-05,3.6202772377697834e-05,0.0,0.002091943027619391,0.0007396917060809432,0.00010636232294681672,0.0015659352427424588,0.00045536156499695996,0.0004965493355882578,0.0002629271663407749,2.031796249247468e-09,2.5977660493717552e-08,0.005705395671742322,0.0007537616907544968,0.0005667549323581626,0.0038227480027657234,0.0015997181679558666,8.481259895981043e-05
41,0.0011836964076859559,0.0002771401179448744,2.1070969202898508e-07,4.53782907145382e-05,1.3188394534806216e-06,0.0006401480208327178,8.14908663686707e-05,0.0006194848857056566,0.00012120036444187249,3.100465413114396e-07,2.188768740564507e-05,8.839447349516285e-05,0.0,1.2146573183181606e-05,0.0006259716759789947,0.0,0.002994483390433013,0.005992295760141919,0.0007760098844923006,0.0,0.0,1.7522002144989431e-06,0.0007760098844923006,0.0028688419579647904,2.1543394101043873e-05,9.919940711589575e-05,0.001496826069032376,0.00043534687777013623,0.0026884584178340854,0.00011483604396241862,0.0,0.001496826069032376,9.137074205667075e-05,0.0,0.00040857210508345073,0.0003795753207949354,0.000778244249123797,0.0014709048625829258,0.020326334373516983,0.01971609897536375,0.03610619776951533,0.0,0.00043105520495638906,0.00028855483710227796,0.001800862407519457,0.004966893497224395,0.0007426307809961362,0.0022429783042015733,0.0005038496332030852,0.0007018384251781821,0.0029944833904330124,0.0005653688808396714,0.001496826069032376,1.4600492862743769e-05,4.928982481235905e-05,0.0025946473644174062,0.0015667862351608406,0.0009817479720328642,0.0006644522783193344,4.8341892727927825e-06,0.0012445958026345567,0.0008172500969375015,0.001496826069032376,0.0,0.0,0.0007760098844923006,0.0,0.0,0.005919380283044834,0.0007766406844229913,0.0005227856668026951,0.000536260007412675,2.196036343297626e-05,0.000645244231922399,0.0012296451117003162,0.012144393308459695,0.0001981145270285136,0.003694272725024717,0.00292976042126455,0.00020844308275991881,0.001479920156974951,0.006558306568247085,0.00028613520655598474,0.0007369563148615379,0.0036708771783510864,9.168807890687274e-05,0.004975738596201213,1.5573364489451462e-06,2.0939795966366224e-05,0.0023948893246653856,9.588241681182509e-05,0.0019920940987386226,4.225645961932797e-06,7.21917082191021e-05,0.0007517107707072335,0.0015523536233796429,0.00016309327852573192,4.492226632847644e-06,0.0002756454576518654,0.0007297538740363914,0.0014869192263134308,7.558767244458523e-06,0.00023560561766725578,0.00017533724287635094,2.816602384387276e-05,0.0029944833904330124,0.0009495573105824524,0.0020955852458871484,0.001496826069032376,0.0,0.0003024239720480641,7.638300511127106e-05,1.648792715220658e-05,0.0025197520843273126,0.0011015089503205171,2.39851240829774e-09,0.0034022166020001824,0.00011179445298010737,2.4845347282870077e-05,0.004141877356008264,7.4823346783126764e-06,0.0014087250728458767,0.0026848616912631346,0.0024812171313949387,0.0005023953980221352
42,0.0027262760695345297,0.0010308960692338707,0.0005514516486432534,0.0005027415678338919,0.00035289245529585516,0.0017263182463632257,4.453233677833763e-05,0.0013491413118950715,3.984097806432204e-05,0.0006405321013407608,0.00024529842696722814,7.237249107000273e-05,0.0,0.0005588133194564897,0.0002881344080229981,0.0,4.453233677833763e-05,8.909457205598986e-05,2.226243358458828e-05,0.0,0.0,0.0010318799405338692,2.226243358458828e-05,0.003459230864979024,0.00210381673927292,0.0008061895647933592,2.226243358458828e-05,0.0011290084321093118,0.0022893123345179662,0.00046908642256445,0.0,2.226243358458828e-05,0.00020063123003303182,0.0,0.00022296107104016638,0.00011634290124605724,0.0016907555305580538,0.0007788858550286163,0.0034327140781830736,0.00024522860100906235,0.0023417822672904868,0.00043105520495638906,0.0,0.0014561625800283333,0.00012433381951471368,1.5901494283073434e-05,0.00012713206882500634,0.0007584211501384947,0.012675912510653496,0.001965318515158395,4.453233677833763e-05,0.0002658496011455939,2.2262433584588278e-05,0.0006711427848609942,0.0008894713271670259,0.00016202878465695593,0.0035851553151759587,0.0001708092105776008,0.002331428070388821,0.00022296107104016638,0.0003658517077747799,0.00020063123003303182,2.226243358458828e-05,0.0,0.0,2.226243358458828e-05,0.0,0.0,0.0009866804300187359,0.0003347231011516554,0.00045409703835072894,0.0004690864225644501,3.8816485879366325e-05,0.0017732653533106676,0.00013848394594517973,0.00044337726473401906,0.00013043922168378186,0.0019882501139660024,0.0005432767302102038,0.0014511834419144271,0.0002676433028746365,0.000830188894863598,3.561302981618076e-06,0.0003475478729835318,5.505849967105505e-05,0.002188255824561939,0.00021267929581690346,9.416823646825223e-05,0.000763503413159949,2.1188491327637305e-05,0.0013376179894245659,0.002274796832811956,0.00874848439306744,0.0010736042939621727,0.0037920319107299983,4.453233677833763e-05,0.003276785474539606,0.00017830889889124102,0.003517432873744317,1.9018874582489193e-05,0.00013725592968888184,6.721747133498796e-09,0.0007177834134543853,0.0029586023230644123,0.000574545599868049,4.453233677833763e-05,0.0003475478729835318,2.2526410682879445e-05,2.2262433584588278e-05,0.0,0.0003588658768580777,2.3849306114399855e-05,0.0011117780057484947,0.00022464231134999412,0.0007560023339790871,0.003459228382182301,0.003615256390536109,0.0011680152732958368,0.0001454092721268698,4.504356486114778e-07,0.00042965456992201785,0.00042813012659435835,0.002463087376551555,0.002846463501845566,0.0013458608204643164
43,0.0008396663043885737,1.2331799661630893e-06,7.641572696739355e-06,0.0002341146298456767,0.0005689281624720794,7.641572696739355e-06,1.3716891263627649e-05,0.00041554372182902905,0.00040206738004888503,0.0002663766998394003,7.55564895334054e-05,0.0005505194925991097,0.0,0.000172122935231046,0.0002552569840627116,0.0,1.3716891263627649e-05,2.744294700762079e-05,6.85730083723218e-06,0.0,0.0,0.0003178290345171279,6.85730083723218e-06,0.00034570012465162713,0.0005066968302766186,0.0002483162833531721,6.857300837232179e-06,0.0002777291951026433,0.000122225771552239,0.00014448617490816294,0.0,6.857300837232179e-06,6.179826144729812e-05,0.0,6.867622378517841e-05,0.0002879197915004212,0.0005207563516190517,0.0004575641377159338,0.00022666676537711543,0.001676715317879606,0.00047159006391206355,0.00028855483710227796,0.0014561625800283333,0.0,6.621106434449368e-06,0.0008514290008259363,0.0010500578450165264,6.479106975070923e-08,0.0009748165166830211,0.000586465006265901,1.3716891263627647e-05,0.0008396663043885737,6.857300837232179e-06,0.0019187198775961565,0.0009605042690990758,0.0003803310052699303,0.00027358318341062527,0.0004317492806843546,0.0011837625887010442,6.867622378517841e-05,0.0005982561774092629,6.179826144729812e-05,6.857300837232179e-06,0.0,0.0,6.857300837232179e-06,0.0,0.0,0.00030390765563661484,0.00010310061752493724,8.732772072041066e-06,0.00014448617490816294,0.00034272732818943415,0.00161858723559247,0.004377161075141309,0.00025002538636852205,0.0019098185906166454,0.0006123785186161389,0.0009112125232168353,3.20966265941349e-05,8.243906023581479e-05,0.0017213868364252024,0.0028977238077598153,0.0013572083486903324,0.0029119582623427214,0.0008062811311951518,2.5001579006934636e-05,0.0012435728319301457,0.0005277327116354864,0.0008504440179564506,7.503565591950498e-05,0.0018894464321262238,0.0015888045736756932,3.2462473941492613e-06,2.057877281018275e-05,1.3716891263627647e-05,2.744294700762079e-05,5.492260097785988e-05,0.000584143537310089,0.0005803891787397376,0.0037422737397385273,1.2154092877537955e-05,3.4636978554682592e-06,0.00023105161050162345,0.0001859552694838709,1.3716891263627647e-05,1.3432022292294824e-05,0.001455848120041469,6.857300837232179e-06,0.0,3.320963738760179e-05,0.0003611902580915966,0.0013311671123980154,0.0008177178689038532,0.0002558911578047331,0.0009370092116440273,3.649226456679106e-05,0.0009059477714322452,0.00012758754871058204,0.000230943964615275,0.0003599076713805315,0.000555255489598001,2.3390808053186173e-05,0.00031033411349215746,0.0002994827309248713
44,0.00014143192146849902,0.0003935558225786871,0.0008618438045835743,0.0016311010279619314,4.3543512727145076e-05,0.0008996530934883649,0.000494775999160186,1.0239579332287136e-05,0.0012071505486378911,7.72850342280966e-08,9.022540450630752e-05,0.000463952592845199,0.0,0.0024219358085135903,2.3006216762613826e-05,0.0,0.0011108062592322166,0.0009899090883209653,0.00024734339559046866,0.0,0.0,0.00023913533796832238,0.00024734339559046866,0.0009005980250023365,0.00017581242485404533,8.36878057835725e-06,0.00024734339559046866,0.0027109546997021935,2.667274147399332e-05,0.0010156692346688615,0.0,0.0030548079507978364,7.037532872726435e-05,0.0,0.00014194975050708534,0.00023669369926757077,1.6048032155319075e-06,3.154727318603118e-05,3.7470362608611376e-05,7.666256374594109e-05,2.146463401927363e-06,0.001800862407519457,0.00012433381951471368,6.621106434449368e-06,0.0,7.012367512471325e-05,3.407425408523367e-05,0.0008413908719616526,0.006584838634769801,0.00020097539692857656,0.000494775999160186,0.0034595496151239424,0.00024734339559046866,2.624440147145745e-05,0.010014079593471741,0.005698933478813413,0.00011458544744368731,0.000637896177170622,0.004947030898117407,0.00017747760544676737,1.6146493013154228e-05,7.037532872726435e-05,0.00024734339559046866,0.0,0.0,0.00024734339559046866,0.0,0.0,2.0877758145449025e-05,0.0007122742647720774,0.0023362966283538783,0.0010156692346688615,0.0003778376936761874,0.002710423918723742,0.0003895651830709613,0.00025316776647147364,0.0014029902789630757,4.745255620615301e-06,0.0012910735662888684,0.00045749122453295806,0.0003351159557585109,0.0002689950881660331,2.9250845589253243e-05,0.0002201216180697703,0.0007182881610986088,4.823349346899567e-07,0.0003617012148512467,0.0004573365486705394,0.0015322462289813464,0.003759653556832431,0.0006418479799715828,1.0944948195875905e-05,0.0009086229801686613,0.0019106045271573664,0.000742297875212487,0.000494775999160186,0.0009899090883209653,0.00048235411693213666,5.3140632263928966e-05,0.0011250122461554024,2.5325120485478364e-05,0.0006485141778827751,0.00042836527551548,6.895524377682256e-05,0.00021231478996525813,0.000494775999160186,0.00014058892742410968,0.0014426894937348321,0.00024734339559046866,0.0,0.0005808947201010605,0.0005896557446019413,2.1154056400250346e-05,0.00011604103562256801,0.006938340082163403,0.0002948721023552404,0.0015711373999496953,0.001607065791385783,1.090476562293782e-06,4.0164065103802995e-06,0.0016782459896228078,1.2398560745653475e-05,0.0008230219307716922,0.005097684482485252,0.00011613612943367042
45,0.0002073028790886215,0.000464523019615779,7.32094899252125e-05,2.9414856550242755e-05,3.1302503700261845e-05,2.1864723663612327e-05,0.0012947632379339772,0.0031933239340305405,0.0008689725434422422,2.573495314615027e-05,0.0002195155471579286,0.0006445660084095627,0.0,0.0019243212931465432,0.0009447587797239699,0.0,0.00042656592667909875,0.0008534363283341606,0.00021324493115780572,0.0,0.0,0.0005695752495019534,0.00021324493115780572,0.003550488441546738,0.0039362034909877575,0.0005359359041853642,0.0002132449311578057,0.0006088735646318632,3.436984457574825e-05,0.0015642095833207136,0.0,0.0002132449311578057,1.5274466653447587e-05,0.0,5.2644990575664625e-05,0.00018019195430186803,2.1532903129498747e-05,1.2199998189657656e-05,0.00039836815082454596,2.8797052504179765e-05,0.0005869599354510487,0.004966893497224395,1.5901494283073434e-05,0.0008514290008259363,7.012367512471325e-05,0.0,0.02046048269821651,0.0029425213487298874,0.0002917842661805124,8.607342798299181e-05,0.0012947632379339772,8.327176475950751e-05,0.0002132449311578057,0.0010308333338937814,0.00018046655843897223,9.333530755543563e-06,2.033749658425797e-05,5.650796586985058e-05,0.00011506280759715819,0.0016590654892906678,0.0003100639958244986,1.5274466653447587e-05,0.0002132449311578057,0.0,0.0,0.0002132449311578057,0.0,0.0,0.0012623727619113195,5.400010896006402e-06,0.001687917908480133,0.0015642095833207136,0.000550320561038851,0.00016095332043885533,0.0011628328826473221,9.551361594114054e-05,0.0001712291604832797,0.0008827712192921726,0.0018674334877198174,0.0020713931276939153,0.00017736371475544482,0.0005889067503284047,0.0005824396187360644,0.0003037686105084447,1.0764140074906371e-06,0.00039187047298452996,0.0011741450641907297,0.00013532815673475418,2.5615596223820777e-05,9.183120833346651e-07,8.121266786040797e-06,0.00016552095374062784,0.0009671818428954617,1.576408862229081e-05,0.000680646816394282,0.00042656592667909875,0.0008534363283341606,0.0017080923000257087,0.003319791120354302,0.0013598579486989964,6.782263962232151e-05,0.00025746825809031605,0.00016169444072418912,9.605000019116733e-06,8.973417217336388e-05,0.0012947632379339772,0.00029666375509677977,0.000727098358126583,0.0002132449311578057,0.0,0.0002743530990820947,0.0016564427543254243,0.0005904627981604527,7.253533376842098e-05,7.709066882855306e-05,0.00017449508402050636,0.0003467670100699308,0.0002245367368302026,0.0004203159697890117,5.960779110858241e-06,0.0013392835999205249,0.0009224639350691276,2.014261878793476e-05,0.005726051450342581,0.0006946296758521452
46,0.0006647049755152395,3.7024043420252545e-05,0.0016138241905756892,0.0015112977744516252,0.0005845742732228825,0.0001666780909264011,0.0007685835973547852,0.0018890067749315496,0.0001567784551201056,9.121849026547521e-05,3.6630668447550987e-06,0.0008890793526863458,0.0,0.008575049909060092,0.00015300352243536027,0.0,0.0007685835973547852,6.939778357948292e-05,0.0003327025897916763,0.0,0.0,0.0001764113036361651,0.0003327025897916763,0.0014206385135900326,9.253178829329612e-05,0.0013169420035869072,0.0003327025897916763,9.060507059014534e-08,0.0018739505708173997,0.0019312559942435924,0.0,0.0003327025897916763,0.0008238288206304728,0.0,0.0004838332090558176,0.0030958670657274794,0.00021237798897082809,0.004015068828038889,0.00030592298148336266,0.00045642188688737434,6.477306694290674e-05,0.0007426307809961362,0.00012713206882500634,0.0010500578450165264,3.407425408523367e-05,0.02046048269821651,0.0,0.009335799944817995,0.02503765096751633,0.0020361329549355095,0.0006655285615263384,0.00044833013815078886,0.0003327025897916763,8.614825815050241e-05,0.00041205800912976685,0.0009512942542299841,2.351030334871694e-06,2.1146056669317653e-05,0.00801053297502796,0.0004838332090558176,0.0007898849136931098,0.0024059302444367696,0.0003327025897916763,0.0,0.0,0.0003327025897916763,0.0,0.0,4.888507010905052e-05,0.0014828409578699592,0.0006727453643387121,4.8155438349435466e-08,0.0011142375404724248,0.0019384565559548768,0.0011583221150734612,3.9611430717563054e-05,0.000436378561914727,0.00030722940465575417,0.0014159529528106252,0.0028009387897156937,0.0008483693325962902,0.0012629140587176947,0.0035658377693461706,0.0070864018867600916,0.0010129549427620801,4.359748906879874e-06,0.004111691051691797,1.0874352833178488e-05,0.00034116276267581155,0.0003488669148501485,0.014130521787319331,0.01145212867542833,0.0026870181325231823,1.0044972893291805e-07,0.0002739721520271139,0.0006655285615263384,0.0015384879892844532,0.00934696779632826,5.693601289809767e-05,0.0008297507459483625,0.00013231245995980236,5.38678294288544e-05,0.0017473332967075361,0.0002183824454363744,0.0006228367453809629,0.0006655285615263384,0.0004906727558355143,0.0002486514016185433,0.0003327025897916763,0.0,0.004421143479997181,0.002369313459134557,0.0023459387766107823,0.0003610014256078153,6.753182637085414e-05,0.000988504564002126,0.0005480732608626656,0.0006454943664871196,0.0003631155985557541,0.005269249817025593,0.0003981189983813537,1.4828630918977366e-06,9.189323864812116e-06,0.0002147305899339372,8.598948012116022e-05
47,0.0007278549348446847,0.00034539455313265617,0.00996808427067587,0.000826490369511828,0.004153223851633021,7.032610990498706e-06,0.00025079695666464286,0.0003558223885454426,0.005846424294496253,0.0035008771933546057,0.0013815401956682838,0.0005764969100020565,0.0,3.904155649769848e-06,0.0013272619444027326,0.0,0.00025079695666464286,0.0008903851375282114,0.00012537674151628128,0.0,0.0,0.0012925919649530734,0.004070430780134817,0.00016159696811183822,5.220970145422344e-05,0.022167328061273667,0.00012537674151628128,0.00818822562152525,0.0002230684770679013,0.002262444296724104,0.0,0.00012537674151628128,0.0011299582630440363,0.0,5.8223368206501565e-05,6.452360033859698e-05,0.006195237135958496,0.0020285310240046586,0.0009990294027207136,3.60643263696465e-07,0.0009368783792043404,0.0022429783042015733,0.0007584211501384947,6.479106975070923e-08,0.0008413908719616526,0.0029425213487298874,0.009335799944817995,0.0,0.024974434941250907,0.0021593356511772992,0.00025079695666464286,0.0003150157800467144,0.0001253767415162813,3.2536011267462354e-05,0.0008080134979643376,6.128276864589699e-05,0.0013467448266356451,0.001061509603396767,0.0002909485910959714,5.8223368206501565e-05,2.5713272107669167e-05,0.00010898243864428295,0.00012537674151628128,0.0,0.0,0.004070430780134817,0.0,0.0,0.0005487963686776712,0.0004584498451656014,0.0009391312179205428,7.971269734986749e-05,0.0009235283961313981,0.005630718492647105,0.001932507767678084,0.0006546106284162955,0.00032939714616690024,0.00020695632639266485,0.0007915148341114884,0.00179361576019756,6.584524203044094e-06,0.005237409163108388,0.007269387223713859,0.0009575645950700175,0.003124187002240557,0.002881475015650505,0.012864362199436596,0.004284664258582245,0.000581608775265759,0.026503343738237768,0.0013361566702896797,0.0007133640899853591,0.005658815772231906,4.3679055280174176e-05,0.0003762606756184571,0.00025079695666464286,0.0008903851375282112,0.00018188878421554082,0.004744072427861687,1.91143157800978e-05,0.003571085656324275,0.00012366559652477008,9.519829799455738e-05,0.00037082534557930104,0.0005714334297058528,0.00025079695666464286,0.001033944020673234,0.0037770912733516423,0.0001253767415162813,0.0,5.4830204202199065e-06,8.35386405277962e-06,0.001319631907131976,0.0009747336519071024,0.0013642181523608186,0.00091067209249209,0.004954233044181372,0.0011600814729386183,0.0008770330968836963,0.0014729253982126251,0.000580424903347996,0.0014508445104304947,0.020231204657742547,0.01081922320803797,0.0008730459552461056
48,2.116842213618109e-05,3.279225854498351e-05,0.003766742338832028,0.0028175830054240646,0.009334462671904943,0.004183911324389186,0.000404950226714104,0.0028023776298936993,0.00017525986299296098,0.0016790143414120017,0.0002763259150561809,0.0019322998927792407,0.0,0.0003399085751522853,6.0252073181522764e-05,0.0,0.000404950226714104,0.00040109119906578486,0.00020243913435423258,0.0,0.0,4.762055760422448e-05,0.00020243913435423258,0.00016329989129325635,0.00035168363956796135,0.007333511521264248,0.003349864188968122,0.000909989445784394,0.0003009354919810799,0.004266401486689074,0.0,0.00020243913435423255,5.7137341421324484e-06,0.0,0.002027635614576516,0.010709221430941631,0.009666760886923914,0.0021331010709254015,0.012720120174997384,0.004851513111664205,0.00016183796062255797,0.0005038496332030852,0.012675912510653496,0.0009748165166830211,0.006584838634769801,0.0002917842661805124,0.02503765096751633,0.024974434941250907,0.0,0.009033624819016144,0.000404950226714104,2.116842213618109e-05,0.00020243913435423255,3.7823920088177285e-05,0.00405707995242003,0.0012538756594733874,0.003838053162661446,0.006733221136931419,0.013231527066923985,0.002027635614576516,3.847801188324492e-05,0.0005807493156593474,0.00020243913435423255,0.0,0.0,0.00020243913435423255,0.0,0.0,0.0010475648777876889,0.0006141308396033829,0.005936786151353178,0.0017779281283126904,0.005158601206834582,0.06519064945272703,0.0021889031168381974,0.012402012145813112,0.0011600828189371104,1.5351100898322326e-05,0.00011051317779663563,0.0007369929480660245,0.0001761937442252952,0.0009602467022642387,0.0020542045625691926,0.05814862939260455,0.03403645551400502,0.012119417840324586,0.018279578066819145,0.0008254896003381069,0.0005838902467759908,0.0006885605393432738,0.007275531483778116,0.000891924246541163,0.03169905147467887,0.0002730715239991596,0.0007360319114646906,0.000404950226714104,0.0008101884904789528,0.0016215307724794428,7.268438526001143e-05,0.0006733111924886836,7.139753024484665e-05,0.0006093028709274685,0.0004474551449295233,0.0029218962080768893,0.0017550200073073161,0.000404950226714104,0.0019499173764299998,0.00043070617486239056,0.00020243913435423255,0.0,0.005738476829663407,0.0039742429883403855,0.002718042343846537,0.000687941161930317,0.012881886274794856,6.687014884242172e-05,0.0029844704046648927,0.011100478302883842,0.0020497484200232416,0.00021862178545900096,0.00849720869785671,0.002880027202380861,0.0006134576775195713,0.035163192171214656,0.0025320432605161172
49,5.789160585627725e-05,0.0019301071621267785,5.4473362913574496e-05,0.0017369545957094128,0.002434102947949176,0.0004133682847615645,9.295226245789285e-05,3.127151853493082e-05,0.0027060502231024035,0.0011542575073747617,0.0005120169261332478,0.003985835475609398,0.0,0.0011664449559156062,0.0017298734369485588,0.0,9.295226245789285e-05,0.00018596741392807497,4.646827541838256e-05,0.0,0.0,7.48844410481731e-05,4.646827541838256e-05,0.00015597248627423807,0.003434147297978017,0.0016828327689592576,4.646827541838256e-05,5.870971843469029e-05,0.00020974447553201748,0.0009791474257593632,0.0,4.646827541838256e-05,0.0004187809913330742,0.0,0.0004653910548968058,0.0002447762119364741,1.1772447550510632e-05,3.3152364632691988e-06,0.0006825683369187601,0.0003915246344000811,0.0031961754289815073,0.0007018384251781821,0.001965318515158395,0.000586465006265901,0.00020097539692857656,8.607342798299181e-05,0.0020361329549355095,0.0021593356511772992,0.009033624819016144,0.0,9.295226245789285e-05,5.789160585627725e-05,4.646827541838257e-05,0.0014009262695122134,0.004722194729508131,0.0001891073291178239,5.3596267225149804e-05,0.003441045031757678,3.129483502766085e-05,0.0008821845078727736,8.682236219356394e-05,0.0004187809913330742,4.646827541838256e-05,0.0,0.0,4.646827541838256e-05,0.0,0.0,5.26709266954655e-05,0.0006986787024993274,0.0002948595177617755,0.0009791474257593632,0.0036741329595845174,0.004439944640016735,2.6446792441363916e-05,0.0024955148202095373,5.9417951072196784e-05,6.334571646458952e-05,0.0023975149070468342,0.0011464597894305392,0.0005586586157684852,0.0005084615672396203,0.004052323945381061,0.00015613506340146884,0.0013425874457197841,0.0012233672985271843,3.168856798231838e-08,0.0005540761187700241,0.002791885231534527,0.000757354688525646,0.000990575609372432,0.0012530488614732826,0.001994808972146891,0.0011973105933968792,0.00013945197174742273,9.295226245789285e-05,0.00018596741392807497,0.000372186724726261,6.86469907178449e-05,4.0900592871044316e-05,1.9747365748243008e-05,0.0032703342392519873,0.0017001871785278784,0.0009661559054018596,0.0012601894958641615,9.295226245789285e-05,3.901885311216606e-05,0.0007365032864915306,4.646827541838257e-05,0.0,0.0032910248794565987,0.0037463452235209243,0.0009193700805600598,6.055004188301188e-05,4.408382785694074e-05,0.00023453274181782933,0.0014312200916861558,0.002463581189060701,0.0005318488456878773,0.0001213092726808214,9.551528215590049e-05,0.002096583178823909,0.0007335210705490058,6.530471954129635e-05,0.0032785571503560654
50,0.00012893766071398103,0.0015626939276716396,0.00021860701319741267,0.0008736759265517213,0.0010238679970692272,0.0012210634171000545,2.1064201576591835e-06,6.381138672802469e-05,0.0005331778764615104,0.00013332749939185508,1.1602721733474839e-05,0.0006534521328819804,0.0,2.643169217720151e-05,3.9197848874713934e-05,0.0,2.1064201576591835e-06,4.2142450636419645e-06,1.053034601945521e-06,0.0,0.0,4.880641901630437e-05,1.053034601945521e-06,5.308628877488342e-05,7.780864460811596e-05,3.813203084630745e-05,1.053034601945521e-06,0.00043380413602525983,0.0001304500649039638,2.2187739432970904e-05,0.0,1.053034601945521e-06,9.48996541758867e-06,0.0,1.0546167042215826e-05,0.0011551336005744253,7.996758139728939e-05,7.026395787305395e-05,0.0015557966340968461,0.0017383819623844662,7.241774557807352e-05,0.0029944833904330124,4.453233677833763e-05,1.3716891263627647e-05,0.000494775999160186,0.0012947632379339772,0.0006655285615263384,0.00025079695666464286,0.000404950226714104,9.295226245789285e-05,0.0,0.00012893766071398103,1.053034601945521e-06,3.174465919021679e-05,0.0004073446839223899,0.00011580460855428793,0.0007793201611848142,0.0001092584895312625,0.0006995006819713736,1.0546167042215826e-05,9.18681659503494e-05,9.48996541758867e-06,1.053034601945521e-06,0.0,0.0,1.053034601945521e-06,0.0,0.0,4.6668655435557094e-05,1.58324759017268e-05,0.001849041958073199,2.2187739432970904e-05,0.0008199987588037693,0.0005157772948570569,0.0007580210638853376,0.0009060136973840277,0.0002932536792868832,9.40367309319148e-05,0.0001399237104962029,0.00020553039923731535,1.2659629728919152e-05,0.004642710247467861,0.0010846098477566113,6.160894063365328e-05,0.0010875790198352987,1.980329680271688e-05,0.0005973883509868236,0.00019095726347468782,0.0004972395093179943,0.000612688179414224,0.0022183124073528486,0.0042355603665287294,0.00024396550584329145,0.000504641581491064,3.160156899371077e-06,2.1064201576591835e-06,4.214245063641964e-06,8.434116625841721e-06,8.970108781488044e-05,0.0010170775814364566,0.0005745765836095257,0.0009310119386197909,0.0007982383740032967,0.0001399237104962029,2.8555807399227385e-05,2.1064201576591835e-06,0.0016272177081639353,0.000540664694120401,1.053034601945521e-06,0.0,0.0007351702148605054,0.00011075442385934728,0.0022937964115806128,0.0018630762606936528,0.0011749212332007029,0.0006383536341755013,0.0010418673825310703,0.000454636019947643,0.00034126999566471794,0.0007564992432510508,0.0005469172844433096,4.075573134801199e-05,0.0004665827862279056,0.0019012722977101268,0.003077012465794809
51,0.00011932709831391313,4.186844452998887e-05,0.0003930548954162504,0.0025491271152728377,0.0009666703056491391,9.800373231201558e-06,0.0029679556952191977,0.00390678740856315,0.0005713778411050455,3.491836476490546e-07,0.00043941748436665654,5.0237615388309986e-05,0.0,8.288783630555224e-10,0.001018537589239026,0.0,0.00012893766071398103,0.0002579630584846075,6.445787068474744e-05,0.0,0.0,0.0016163650425432988,6.445787068474744e-05,0.003250040614349876,0.002142307791939026,0.00016362921921097054,6.445787068474743e-05,2.2991142838457324e-05,0.0007944849525322035,0.002847391344786906,0.0,6.445787068474743e-05,0.0005809111873607096,0.0,0.0005335884240795314,0.00213550690006166,0.001492611927048234,0.0001407968346728154,0.0015423262929569082,0.0006396829453499503,0.00044873481565715494,0.0005653688808396714,0.0002658496011455939,0.0008396663043885737,0.0034595496151239424,8.327176475950751e-05,0.00044833013815078886,0.0003150157800467144,2.116842213618109e-05,5.789160585627725e-05,0.00012893766071398103,0.0,0.005094842911692158,0.001615897593799797,0.0024475368803758475,0.0013071391085870048,0.00030466414083393795,0.00016727325916371177,2.896306934957611e-05,0.0005335884240795314,4.897018493733038e-05,0.000645439227829041,6.445787068474743e-05,0.0,0.0,6.445787068474743e-05,0.0,0.0,0.001784203437615047,0.0009691763986201736,0.00012945387767055794,2.4132014564080494e-05,0.00023122175267408055,0.0005275386436830982,0.00017697795677676362,0.00012525535781050026,0.00023637545154413207,6.748446976593625e-05,0.000490757754959809,0.00029949108871300903,0.0007749444138222874,0.0002782683203438214,0.0021501213337862157,4.6264714626088167e-05,0.0003093701700693623,2.6140845941530672e-06,0.0008632967981119593,0.000979600421734795,0.0003479957571857348,0.0033901567543186345,0.00033608909219131434,0.0004375850806500026,0.0004084894173755248,2.7188351943655725e-05,0.00019343938500441515,0.00012893766071398103,0.0002579630584846075,0.0007794156452652889,9.873880201854079e-05,0.002106011048644651,4.428689662213956e-05,0.0008275056365234033,0.0009422410328097744,0.00010265591653549856,0.0019535155804040914,0.00012893766071398103,0.0009259798334208942,6.613177932340538e-05,0.005094842911692158,0.0,0.0006778292103975452,0.0001981276758486383,0.001709800898954737,0.00018339656827774661,9.815849626962627e-05,0.005214734646184971,1.606450216586008e-05,0.0009541230098619208,1.0958928180473172e-05,8.680312399625852e-05,0.0007579725461174514,5.7681932939482936e-05,0.0003669899347659006,0.000289253384702016,7.863154870122017e-05
52,6.445787068474743e-05,0.0014887043807350737,0.0006104075847011832,0.00043675415531056327,0.00026591765399154653,0.0006104075847011832,1.053034601945521e-06,3.190032528464554e-05,0.0029458968435152797,6.665240896068873e-05,5.80039284201619e-06,0.00037084041500043933,0.0,1.321363568543396e-05,1.9595639800822058e-05,0.0,1.053034601945521e-06,2.1067713440804056e-06,5.26429591886939e-07,0.0,0.0,2.439911347276641e-05,5.26429591886939e-07,2.653868614209254e-05,3.889776215293311e-05,1.906282063833522e-05,5.26429591886939e-07,0.00021686334516162964,0.001618070870462198,1.1092015469101675e-05,0.0,5.26429591886939e-07,4.744191217559115e-06,0.0,5.272203792358878e-06,0.0018718493552678298,3.997704621241627e-05,3.5126061982235536e-05,0.0007777309210308498,0.0008689979772541744,3.6202772377697834e-05,0.001496826069032376,2.2262433584588278e-05,6.857300837232179e-06,0.00024734339559046866,0.0002132449311578057,0.0003327025897916763,0.0001253767415162813,0.00020243913435423255,4.646827541838257e-05,1.053034601945521e-06,0.005094842911692158,0.0,1.5869672648548653e-05,0.0002036361362108431,5.789248147192755e-05,0.0003895864791792393,5.461998686537324e-05,0.00034968513897974196,5.272203792358878e-06,4.5926320124574005e-05,4.744191217559115e-06,5.26429591886939e-07,0.0,0.0,5.26429591886939e-07,0.0,0.0,2.3330412419809975e-05,7.914916149139646e-06,0.00014026143123491223,1.1092015469101675e-05,0.000409921415083768,0.000257841991313457,0.0003359543226850676,0.0002941948987608861,0.0038332549493537847,4.7010416631792616e-05,6.99499409287163e-05,0.00010274751472723406,6.328758484083315e-06,0.002320474820326413,0.0005421971664525797,0.0008134316169026748,0.0005436814038333076,0.0009284827211193896,0.0027815994288656267,0.004487479330369424,0.0002485749106550237,0.00030628778536675365,0.001082566301065738,0.0004803719612690917,0.00012196163133027816,0.00025227522444653513,1.5798151476934783e-06,1.053034601945521e-06,2.1067713440804056e-06,4.21635500013379e-06,4.484296678457751e-05,0.0005084388755365634,0.00028723581709824236,0.00028786719610305656,0.00039904356353501875,6.99499409287163e-05,1.4275514859261275e-05,1.053034601945521e-06,0.0008134316169026748,0.00027028324137238276,5.26429591886939e-07,0.0,0.00036751617812095307,0.0007302365325167193,0.00010218591499738698,0.0009313267680553225,0.0005873421063559167,0.00031911790761720855,0.002008340696964586,0.0004548991470635803,0.002013978069622232,0.0003781784433503865,0.00027340891807729864,0.0008617173809047221,0.00023324952265067243,0.001255640574061866,0.0007504167479098727
53,0.0003737830377464153,0.0003290605715633733,0.0022170359121397795,0.0017357782241834065,0.003756243083188113,0.002916724850746158,0.005130219690464646,0.0009617095396378193,0.0037710095427522434,0.00033102264628725336,0.000174859251787502,0.00045151646489353134,0.0,0.0003983442172295005,0.0005907448391817333,0.0,3.174465919021679e-05,6.3510588193557e-05,1.5869672648548657e-05,0.0,0.0,0.0003876780805037479,1.5869672648548657e-05,0.0021117679174380535,7.389236324646945e-05,0.0005746815978376259,1.5869672648548653e-05,0.00029365195197295275,5.616841968520471e-06,0.0012600522097772312,0.0,1.5869672648548653e-05,0.00014301865345076045,0.0,0.00015893627958872387,4.11095386011828e-06,6.233639820956365e-05,0.0010589622174407309,0.0008188115392499612,0.0003147572254013815,0.001091424159785523,1.4600492862743769e-05,0.0006711427848609942,0.0019187198775961565,2.624440147145745e-05,0.0010308333338937814,8.614825815050241e-05,3.2536011267462354e-05,3.7823920088177285e-05,0.0014009262695122134,3.174465919021679e-05,0.001615897593799797,1.5869672648548653e-05,0.0,0.005439751818629602,0.0017453748178695135,0.025355581471887934,0.004257113350805438,0.0033144677938862586,0.00015893627958872387,0.0013845862140128829,0.00014301865345076045,1.5869672648548653e-05,0.0,0.0,1.5869672648548653e-05,0.0,0.0,0.0007033401770501358,0.00023860467308953653,0.0006257416123493371,0.0003343837992108149,0.00019148028453279094,0.0004234847430614271,9.853163092319477e-05,1.7080339225211262e-06,0.0005222927231743036,0.0026351269986279696,0.0013807400202483628,0.0004788963215091381,0.00019078757363909555,1.1300041115067207e-06,0.0033229915864228603,0.0010796984726552643,0.0010347281826745566,0.0005926886703811262,0.001332618507820045,2.70609278912052e-05,0.0005222581437737519,0.0010977493171873637,0.0028461196538027947,0.00010480666867276946,0.0036773444740904374,0.0004755886542494198,4.762496318414291e-05,3.174465919021679e-05,6.3510588193557e-05,0.00012710636978386505,0.0013519229883820205,0.0007218546517318718,0.0026276310149681895,0.0026122089522365092,0.0015253872223994886,0.002108930089862153,0.00043035681364161064,3.174465919021679e-05,5.109219813735634e-07,0.00031020228880352475,1.5869672648548653e-05,0.0,0.0008871971653792128,0.004790285544316973,6.603856202882778e-06,4.44571480241869e-05,5.830673542445275e-05,4.623587773780105e-05,0.0002763733574130059,3.6369485453966214e-05,0.0003298169898477712,0.0003220974596563641,0.00012207973871536596,1.6786314278561673e-05,3.042171384698274e-06,0.0021117494478287493,0.002373557203023167
54,0.002212850734305761,2.1122049998489154e-06,0.0008542972756206207,0.0010293451604675742,0.0013223880925751442,0.01587794407282922,0.0013534119647438043,6.866336302212071e-05,0.00013321734753536253,0.0025571376701199727,0.00026960448663603746,0.005682998153171401,0.0,0.00035004416463972003,4.687290092609233e-05,0.0,0.0004073446839223899,0.0008149792202542647,0.0033411209156891265,0.0,0.0,0.00043697132485633424,0.0002036361362108431,2.9280283347133353e-07,0.0009225873414090037,0.0012710963905486412,0.0002036361362108431,0.0015215171569855591,0.00021188062812780217,0.0017531745159655196,0.0,0.0033411209156891265,6.5591928714129225e-06,0.0,3.429162097491695e-05,0.0005516947136104001,0.00035982416896051237,0.0004411937924320628,0.0020858642682792857,0.0009236135207121061,5.44540941719492e-06,4.928982481235905e-05,0.0008894713271670259,0.0009605042690990758,0.010014079593471741,0.00018046655843897223,0.00041205800912976685,0.0008080134979643376,0.00405707995242003,0.004722194729508131,0.0004073446839223899,0.0024475368803758475,0.0002036361362108431,0.005439751818629602,0.0,0.0030430016562545763,0.00836503708595079,0.023884088319875416,0.0184178326914548,0.002039626081780739,0.00021996770856626158,0.0005716270642099062,0.0033411209156891265,0.0,0.0,0.0002036361362108431,0.0,0.0,0.007665227511699493,1.6899787256368865e-05,4.3626026491470136e-05,0.0006640962170118462,0.001144516687041692,0.0018815465608600721,0.00047482740784423195,0.0011895894281597657,0.0006941364892160129,0.0014993433342409559,0.0001812725320174463,0.0014888052479493318,0.0001397231251768342,0.0011952569740315974,0.010232966458856983,4.215727241091936e-05,0.003020091542351061,0.0003930590827229809,0.0009535393672292741,7.413967714677201e-05,6.681911031574628e-05,1.891788709689699e-05,0.0028686760198207645,0.001764680738157296,0.00014757231308161446,3.98888859860817e-06,0.0006111256947224354,0.0004073446839223899,0.0008149792202542647,0.0007932085314964435,0.000999803527853443,0.000589450707122886,0.0019629148939386064,0.0012678708457798799,0.0003602145795605408,0.0003007341336985838,0.0007371429030123783,0.0004073446839223899,0.0001670266058200104,0.0014449298100282434,0.0033411209156891265,0.0,0.0004308579101278422,0.0064305877704742154,3.1742067281098825e-06,0.00031677444604495377,5.033887219982013e-06,3.091705851264173e-05,0.00031611246382853977,0.0008130238314258793,7.954585674134278e-05,0.0035940020178542947,0.0002519613397787085,0.00030111639294283255,6.8544615804119e-05,0.00015714467038177604,0.00040671237062606976
55,0.0013071391085870048,2.499054330202426e-05,0.0027073127887574607,0.005709294263625213,0.0008571430752503894,0.0007550497685878241,0.00011580460855428793,0.0035087848231430347,0.000980026875965811,0.00197724772192041,0.000540902649999393,0.00011732709926033184,0.0,0.0025757670916034987,7.434936055557066e-05,0.0,0.00011580460855428793,0.00023168785292339788,0.005262084476899123,0.0,0.0,0.0002494225303545485,5.789248147192755e-05,0.0016927618472878266,4.3034517150492644e-05,0.0013788486532940404,5.789248147192755e-05,0.0006376402663551033,0.0027113746761258544,0.0012198855122849803,0.0,5.789248147192755e-05,0.0007600939264306294,0.0,0.0005798104707928681,0.001228429541901962,0.001167769285833287,0.003863663985954603,0.0005135150858783841,0.0014066255572479272,9.867667487098737e-05,0.0025946473644174062,0.00016202878465695593,0.0003803310052699303,0.005698933478813413,9.333530755543563e-06,0.0009512942542299841,6.128276864589699e-05,0.0012538756594733874,0.0001891073291178239,0.00011580460855428793,0.0013071391085870048,5.789248147192755e-05,0.0017453748178695135,0.0030430016562545763,0.0,0.006198878861981403,0.00037097957902229963,0.00322195778911305,0.0005798104707928681,2.3772959030225884e-06,0.0005217406974615706,5.789248147192755e-05,0.0,0.0,5.789248147192755e-05,0.0,0.0,0.00020401326270147048,0.0008704560992457593,0.001102780000019018,0.0012198855122849805,7.511751390209725e-05,0.00042867276549375205,0.0017063952830037351,0.0032808717269497056,0.003633100525977053,0.00017256192352637184,0.0008685956997487535,5.245830410407838e-06,0.0006960093293863967,0.004051748899898939,0.00042503636357082243,0.00020493338586793922,8.954028599996407e-05,0.0011087918630047998,1.8905856119849874e-05,0.0003568011827419167,9.848165335930814e-05,4.9089531285463855e-05,0.00036137306908830795,0.0005227399668421785,4.410384573671014e-08,0.004379441396689219,0.0023591065812356917,0.00011580460855428793,0.00023168785292339788,0.0004636906768376579,0.000328165555950163,0.0001973021332482656,0.0009075275649675812,0.00022128998707629066,0.003228090830879598,0.0035612110119495454,0.0015700318668573298,0.0031286318712150786,0.0006310503318811666,0.00023070429957267134,5.7892481471927554e-05,0.0,0.003628232118781136,0.0005168873628796265,7.76214628747488e-05,3.615342765084158e-05,0.00021563660420218715,0.00015812714371912494,0.00010526137136298143,4.153498104374838e-05,5.557581654735622e-05,0.0027135526716863365,0.00044152360186411425,0.0006578799091842326,8.784209221995592e-05,0.0020470021588136125,0.0015382111628358872
56,1.839592865621852e-06,0.0002483035998519206,0.00010483598777601683,1.593227272126997e-05,0.001254761743859482,0.00036319874025675137,0.0048118214255894074,9.844662594999726e-05,0.00039960913271141606,0.00014016476061692222,0.00441418970352684,0.0004290441451273764,0.0,0.00042847491556826994,0.00044245396380136927,0.0,0.0007793201611848142,0.001559229581185016,0.002404967559483316,0.0,0.0,2.417985999982334e-07,0.0003895864791792393,8.176691890581749e-05,1.8431876785579746e-07,9.986401505998339e-05,0.0003895864791792393,4.941828361850538e-05,0.000576023805506515,7.91005977212172e-05,0.0,0.0003895864791792393,5.926281028972496e-07,0.0,0.0007743889100528228,3.6556334843798434e-05,0.0007896169431402651,0.007937026437985257,0.0007921797478430202,1.557516070883409e-05,5.155468450570962e-05,0.0015667862351608406,0.0035851553151759587,0.00027358318341062527,0.00011458544744368731,2.033749658425797e-05,2.351030334871694e-06,0.0013467448266356451,0.003838053162661446,5.3596267225149804e-05,0.0007793201611848142,0.00030466414083393795,0.0003895864791792393,0.025355581471887934,0.00836503708595079,0.006198878861981403,0.0,0.00033787450735445765,0.0032958210456216917,0.0039025023673789788,0.0005512702653666167,0.0005601061170708231,0.0003895864791792393,0.0,0.0,0.0003895864791792393,0.0,0.0,4.0570165615088585e-05,0.0005658456889262222,0.00021274352356979304,0.0017820698704449317,0.0025350674923932033,0.0012446192156095044,0.002615689253981338,0.0003228281389417445,8.544913788276361e-05,2.712470161885768e-06,0.0007611443242240677,7.601157921962887e-05,0.0036340045158327343,6.957551400868769e-05,9.117527506658071e-05,0.0030923384448781352,0.003997955794511112,7.26270985500195e-05,0.0008751334214226539,8.518477400549032e-06,2.6466339429010765e-06,0.0004360722178651554,4.474425869520804e-07,0.005930743985543743,3.686643276997057e-05,0.0011953447860583517,0.00016550521645021613,0.0007793201611848142,1.786239912030138e-05,0.0007980990259651685,0.00032300656357285546,0.0007012715864170372,1.0978566729516081e-05,5.579947167108723e-07,0.0005144662472821303,0.001613486298401068,0.0016890400995113412,0.0048118214255894074,0.0004210754475417463,0.00011302371962128485,0.002404967559483316,0.0,3.399585831355608e-05,0.0007598974117586152,2.268466025743083e-05,5.371534917772131e-05,0.0006670263356541377,8.89847145083145e-06,0.0003560607630385219,0.0014193217597891572,0.0008501689146430449,6.184626430763157e-05,4.606515499484694e-07,0.00033822680516696827,0.0006282570453958272,1.2802335368263759e-05,5.778729461586204e-06
57,0.002782648381330295,0.0007805025720907686,0.03106687404410466,0.01124629488226993,2.5863172950485217e-06,0.018659585899749663,0.0001092584895312625,0.00331040827602878,0.0015158667999563725,0.001330936046255282,0.0005988897189232195,0.00286783201968438,0.0,0.0013710834599557032,0.002033369472033906,0.0,0.0001092584895312625,0.00021859109251248405,5.461998686537324e-05,0.0,0.0,0.004071744048876153,0.005352847427185333,0.0027539303355170026,0.0016835139160801228,0.008265015212017831,5.461998686537324e-05,0.0015877903214427268,0.0006493726362174845,0.003450944832674136,0.0,5.461998686537324e-05,0.0008246452414088749,0.0,0.0007029292593769903,0.00011914809963978598,0.004148744247874655,0.007684811615919598,0.00037795279659182725,6.156426755506267e-07,0.0007813446137510028,0.0009817479720328642,0.0001708092105776008,0.0004317492806843546,0.000637896177170622,5.650796586985058e-05,2.1146056669317653e-05,0.001061509603396767,0.006733221136931419,0.003441045031757678,0.0001092584895312625,0.00016727325916371177,5.461998686537324e-05,0.004257113350805438,0.023884088319875416,0.00037097957902229963,0.00033787450735445765,0.0,0.06451052665650654,0.0005470345894298123,0.0003027665249014726,0.003562115476734482,0.005352847427185333,0.0,0.0,5.461998686537324e-05,0.0,0.0,0.0009856065768824864,0.0008212496938356249,0.006415814020596772,8.47294825354188e-05,0.0006020820387822512,0.003972838258791475,0.00012376782017965517,0.001141160565383367,0.00036169088938669554,0.00031013885512640047,0.001399215004628978,0.0023972113286242157,0.0006566646545139343,0.0020548181340070064,0.00944588335494746,0.00029194421934554,0.0018240195046780303,0.0009247578447377569,0.0012602142955664799,0.00014458803052772853,0.0002891854651487345,5.250627717418115e-05,0.02341535864226691,0.009971341142235583,0.003092905018100608,0.0014470318715292941,0.00016391552055584435,0.0001092584895312625,0.00021859109251248405,0.0004374790415287078,0.0022554974775448127,0.002791310317125929,0.006177446233655496,0.002595643131115202,0.0030536626364952124,0.001399215004628978,0.0007985714135750971,0.0001092584895312625,0.00220654109030703,0.0013895387986482314,5.461998686537324e-05,0.0,1.263990963655804e-06,0.0004871770128114567,0.002440292609288741,0.00038019383739946956,0.002973221397360303,9.649859493662761e-05,0.00028067869033998887,0.0025944364359346914,0.0021221664075433376,0.004068276625749892,0.002523721192290268,0.02225456998493232,6.727347566450494e-05,0.0005454206080456739,0.0006662230961585728
58,1.4541298055127652e-06,0.0029208237997019504,0.05265836274624845,0.002326496574240746,0.02036775107570069,0.002474062211307401,0.0006995006819713736,0.0007623396957618444,0.00015459559866024705,0.001156778479418595,0.0012805362861471083,0.00531769770567106,0.0,0.0007626602079699705,0.007943861897240181,0.0,0.0007150155616667764,0.0013995233708764092,0.00034968513897974186,0.0,0.0,0.001186221583717264,0.00034968513897974186,0.004336295179231406,0.00015855792971647138,0.02979646156878302,0.00034968513897974196,0.00714125229679523,0.00294951581856782,0.0029606377247468284,0.0,0.0025566755098445824,0.0003921321852874559,0.0,0.00046214502880246786,0.0012080397570880096,0.0065495544160902985,0.00026893689762444114,0.0010633981385082902,0.0006871132770170805,1.8543706745403095e-05,0.0006644522783193344,0.002331428070388821,0.0011837625887010442,0.004947030898117407,0.00011506280759715819,0.00801053297502796,0.0002909485910959714,0.013231527066923985,3.129483502766085e-05,0.0006995006819713736,2.896306934957611e-05,0.00034968513897974196,0.0033144677938862586,0.0184178326914548,0.00322195778911305,0.0032958210456216917,0.06451052665650654,0.0,0.006123072132441637,0.005793873678726988,0.0022079810603254867,0.0025566755098445824,0.0,0.0,0.0025566755098445824,0.0,0.0,0.0005558394992154055,1.7536645916976918e-07,0.004226108223711098,0.001324717228854634,0.007045780078125277,0.002155396997611739,0.0011136378528493582,0.0024441674957481315,0.00016174511949354514,0.004742886235911189,0.006288612544661036,0.008713634853509917,0.0009528430470659917,0.03493944996492549,0.005588811064032523,0.11651243844932678,0.027268147265848447,0.0015528134744803776,0.024542948451476025,0.016544712035952005,0.0012909046935648718,0.0005644300998626969,0.04884525321225335,0.28057357655866877,0.0021749583631295462,0.020489539697620705,0.0010494467266692618,0.005115480627659582,4.9815918287627447e-05,0.0028673143254071714,0.0006444443490450645,0.008753524545271174,0.027456708166592108,0.035082575007126006,0.013062606784423067,0.0009661688163104653,0.00036775743403488146,0.0007150155616667764,0.0001554416950097534,0.012276287782928873,0.00034968513897974196,0.0,0.01008944645277099,0.0005109552898997556,4.892590756370594e-05,0.016528698859405885,0.0004941973781198815,0.0007060024815250692,0.009992251391994448,0.003787681786766513,0.01227796025194754,0.007995877654614705,0.05775217978816083,0.08203422771905773,0.011944044529121811,0.0025024307228643555,0.0019578729868715544
59,0.0006455668703680015,0.0013206037263656348,1.5250185685305402e-05,0.0024687761407163568,0.00020386811265226488,0.0005739283467978793,1.0546167042215826e-05,0.00031948724900577387,0.0010493195212129198,0.0006675466124171863,0.00384884135836573,4.0342777244490085e-06,0.0,0.00013233564885317505,0.00019625254497714604,0.0,1.0546167042215826e-05,2.109937661327279e-05,5.272203792358878e-06,0.0,0.0,0.00024436043944990154,5.272203792358878e-06,0.0002657888240168573,0.0010929818983025944,0.0001909162521424794,5.272203792358878e-06,0.0016096615776061297,0.002820078667276277,0.00011108733513968604,0.0,5.272203792358878e-06,4.75132734190738e-05,0.0,5.280135471615198e-05,0.0004545111120900367,0.00040037856057267975,0.0012194552614232727,0.0013037935534112068,0.0017678150622828736,0.00036257774976471385,4.8341892727927825e-06,0.00022296107104016638,6.867622378517841e-05,0.00017747760544676737,0.0016590654892906678,0.0004838332090558176,5.8223368206501565e-05,0.002027635614576516,0.0008821845078727736,1.0546167042215826e-05,0.0005335884240795314,5.272203792358878e-06,0.00015893627958872387,0.002039626081780739,0.0005798104707928681,0.0039025023673789788,0.0005470345894298123,0.006123072132441637,0.0,0.0008956766857022329,4.75132734190738e-05,5.272203792358878e-06,0.0,0.0,5.272203792358878e-06,0.0,0.0,0.00023365713313744076,7.926833601388146e-05,2.2074924771957483e-05,0.00011108733513968602,0.0011610196817867559,0.00017593250226721288,0.0033651668367431745,0.00031263747089755326,1.2346031621052548e-05,0.00047082085450761126,0.0004560818394411507,0.0010290697169698258,6.338282871338873e-05,0.00020335281203929425,3.540710539113519e-06,0.001256215974246403,0.0032541996295726706,0.0006933967588849448,0.0003311380827426486,0.000956100443375727,0.00017281125973847613,0.0030679552348351663,0.00034621672610301777,0.003998615245305383,6.949455628806192e-05,0.00015757303682214791,1.5821890923735055e-05,1.0546167042215826e-05,2.109937661327279e-05,4.2226961009759663e-05,0.0004491128406622601,0.0014815464499475263,0.0028770901441950024,0.00028692267301574746,0.0008262514009759479,0.0007005736506465188,0.0001429705287790927,1.0546167042215826e-05,0.00035758064558513665,0.0002195825213548575,5.272203792358878e-06,0.0,0.0003765450994829268,0.0005553056226544426,0.0010234447186018873,0.00453414090499956,0.0004893310663996486,0.0004207462433629712,0.0015610668171969903,0.002280224981185849,0.0002676436654473929,7.855583893093708e-06,0.0026461489641006423,0.0004885709682865983,0.00023667700007110024,0.0022109528275210026,0.0033721541997055217
60,0.001997625986439599,1.140808686502943e-05,0.0009279932474103557,0.021885292156284004,7.294784012833377e-06,0.012297977623020555,9.18681659503494e-05,0.00029158463170751253,0.0009025818779582594,4.637276086782762e-05,0.000782916493371158,5.818836883876586e-05,0.0,0.0011528400025559854,2.8127660754668217e-06,0.0,9.18681659503494e-05,0.00018379847672440127,4.5926320124574005e-05,0.0,0.0,0.0013207403731657868,4.5926320124574005e-05,0.002608723774565582,0.0002924299077485002,7.733921571900191e-07,4.5926320124574005e-05,0.0003667249436073366,3.345554184489305e-05,0.00018138391673294858,0.0,4.5926320124574005e-05,0.0004138966898500826,0.0,0.000895676685702233,7.813599404081236e-05,8.682194801373016e-06,0.0015034118856834837,0.011907138531584325,0.013278601514422896,1.1731795557642453e-06,0.0012445958026345567,0.0003658517077747799,0.0005982561774092629,1.6146493013154228e-05,0.0003100639958244986,0.0007898849136931098,2.5713272107669167e-05,3.847801188324492e-05,8.682236219356394e-05,9.18681659503494e-05,4.897018493733038e-05,4.5926320124574005e-05,0.0013845862140128829,0.00021996770856626158,2.3772959030225884e-06,0.0005512702653666167,0.0003027665249014726,0.005793873678726988,0.0008956766857022329,0.0,0.0004138966898500826,4.5926320124574005e-05,0.0,0.0,4.5926320124574005e-05,0.0,0.0,0.0003062784205434377,0.0006905297933027391,0.0007169958060646024,0.00018138391673294858,0.0034948499545879442,0.0012624876905311271,1.3412110193564168e-05,0.000731850691700717,0.0009012061376983165,0.004102126376604583,0.0008065382495043048,0.0010980992251524214,0.0005521428534158625,0.0027197421432822956,0.003533175711273158,0.000754635083149277,0.00019192312273552594,0.0020223448121288986,0.004817107729749273,0.0008251244820556812,0.003860405038903449,0.0020484143251362904,0.008287994672157805,0.00497574395471913,0.0019266465585125014,0.0001263279484424607,0.00013782554797966252,9.18681659503494e-05,0.00018379847672440127,0.0003678458694734614,6.05468448666153e-05,0.0008659275884070663,5.786874154181014e-06,0.00018708123384934383,0.001576544360971444,0.00012731641863348547,5.010282362409591e-05,9.18681659503494e-05,0.000451954165673903,0.0009535254503436922,4.5926320124574e-05,0.0,0.0008985150538596534,0.0040752455981561434,2.4291682944978732e-05,0.001240784016866752,0.001207138854217794,0.0006481335116985899,0.003366177812272022,0.0010773446362743926,4.1524803327909873e-05,0.003077881378103396,0.001706248861172268,0.008430912224305788,0.0036157108010658997,0.003060969568699821,8.951906995688669e-05
61,0.0005809111873607096,8.778348015760563e-05,0.0004781684060775353,0.00030574292555744656,0.0023967383573907626,0.0017240863720799087,9.48996541758867e-06,0.0002874900374302998,0.00011525267460776262,0.0006006895128977934,5.2273342141517076e-05,0.0004789040079952124,0.0,0.00011908211913438139,0.0001765976227224042,0.0,9.48996541758867e-06,1.898626699371935e-05,4.744191217559115e-06,0.0,0.0,0.00021988739876317606,4.744191217559115e-06,0.00023916967317668252,0.00035055293512535623,0.0001717957707522331,4.744191217559115e-06,0.000477847866771567,0.002290468706742668,9.996185370844e-05,0.0,4.744191217559115e-06,4.275479722746884e-05,0.0,4.75132734190738e-05,2.4651443653601563e-05,0.0003602797850054756,0.00031656124959292953,0.002759671018352458,0.001271180111926969,0.0003262648731171763,0.0008172500969375015,0.00020063123003303182,6.179826144729812e-05,7.037532872726435e-05,1.5274466653447587e-05,0.0024059302444367696,0.00010898243864428295,0.0005807493156593474,0.0004187809913330742,9.48996541758867e-06,0.000645439227829041,4.744191217559115e-06,0.00014301865345076045,0.0005716270642099062,0.0005217406974615706,0.0005601061170708231,0.003562115476734482,0.0022079810603254867,4.75132734190738e-05,0.0004138966898500826,0.0,4.744191217559115e-06,0.0,0.0,4.744191217559115e-06,0.0,0.0,0.00021025605560640116,7.132956368785499e-05,0.001247374736084596,9.996185370844e-05,0.00040728056845108345,0.0002567148308544011,0.00033886257547207017,0.0026516392600901078,4.1818780937656926e-05,0.0004236669706971085,0.0006304086658333795,0.0009260029948221862,5.7035004461871016e-05,0.001582907123498357,0.004887547597705242,0.0010398747267372182,0.00017264263004619634,0.006242622348915857,0.0002081046722045512,0.0008603423223365383,0.0022404084228180754,0.00023308165381485206,0.00010193282389770261,0.0009995779916969066,0.0010991779005589501,0.002273763347130513,1.4237323657246555e-05,9.48996541758867e-06,1.898626699371935e-05,3.799791250181131e-05,0.0004041331159184347,0.0011479889306519368,0.00017280505619102167,0.0025945985183138485,3.248068205487873e-08,0.0006304086658333796,0.00012865189935849718,9.48996541758867e-06,0.00014415473072317637,0.00012499602819414702,4.744191217559115e-06,0.0,9.296118992882012e-06,4.167059668131524e-05,0.00092094139810813,0.000348741842304964,0.0005634240881910383,0.00287630999809571,0.00012674120932644654,0.0008695192792470338,0.004675110018591236,0.003408739890440689,0.002464266505537525,0.0012401162516785813,4.342098964102667e-05,0.0031627702881884567,6.145182242234464e-05
62,6.445787068474743e-05,0.0007811786271061935,0.0006104075847011832,0.00043675415531056327,0.00026591765399154653,0.0006104075847011832,1.053034601945521e-06,3.190032528464554e-05,0.0029458968435152797,6.665240896068872e-05,5.80039284201619e-06,0.00037084041500043933,0.0,1.321363568543396e-05,1.959563980082206e-05,0.0,1.053034601945521e-06,2.1067713440804056e-06,5.26429591886939e-07,0.0,0.0,2.4399113472766402e-05,5.26429591886939e-07,2.653868614209254e-05,3.889776215293311e-05,1.906282063833522e-05,5.26429591886939e-07,0.00021686334516162967,0.001618070870462198,1.1092015469101675e-05,0.0,5.26429591886939e-07,4.744191217559115e-06,0.0,5.272203792358878e-06,0.0005774506723883086,3.997704621241627e-05,3.5126061982235536e-05,0.0014941141992924922,0.0013603930973297438,3.6202772377697834e-05,0.001496826069032376,2.226243358458828e-05,6.857300837232179e-06,0.00024734339559046866,0.0002132449311578057,0.0003327025897916763,0.00012537674151628128,0.00020243913435423255,4.646827541838256e-05,1.053034601945521e-06,6.445787068474743e-05,5.26429591886939e-07,1.5869672648548653e-05,0.0033411209156891265,5.789248147192755e-05,0.0003895864791792393,0.005352847427185333,0.0025566755098445824,5.272203792358878e-06,4.5926320124574005e-05,4.744191217559115e-06,0.0,0.0,0.0,5.26429591886939e-07,0.0,0.0,2.3330412419809975e-05,7.914916149139646e-06,0.00014026143123491223,1.1092015469101674e-05,0.000409921415083768,0.000257841991313457,0.0003359543226850676,0.0002941948987608861,0.0001466012493150433,4.7010416631792616e-05,6.99499409287163e-05,0.00010274751472723405,6.328758484083316e-06,0.0004140199908786139,0.0005421971664525797,0.0008134316169026749,0.0005436814038333076,0.0012826656628391571,0.00029863941410245763,9.54622390246801e-05,0.0002485749106550237,0.00030628778536675365,0.0011088883896671813,0.0004803719612690917,0.00012196163133027816,0.0002522752244465351,1.5798151476934783e-06,1.053034601945521e-06,2.1067713440804056e-06,4.21635500013379e-06,4.484296678457751e-05,0.0005084388755365634,0.00028723581709824236,0.002834489829674508,0.00039904356353501875,6.99499409287163e-05,1.4275514859261275e-05,1.053034601945521e-06,0.0008134316169026749,0.00027028324137238276,5.26429591886939e-07,0.0,0.00036751617812095307,0.0007302365325167195,0.00010218591499738698,0.0009313267680553226,0.0005873421063559167,0.0003191179076172086,0.0005208309167927071,0.00045489914706358037,0.0005186370131994068,0.0003781784433503865,0.00027340891807729864,0.0013703834376002481,0.00023324952265067243,0.001255640574061866,0.0007504167479098727
63,0.0,0.0,0.0,0.0,0.0,0.0,0.0,0.0,0.0,0.0,0.0,0.0,0.0,0.0,0.0,0.0,0.0,0.0,0.0,0.0,0.0,0.0,0.0,0.0,0.0,0.0,0.0,0.0,0.0,0.0,0.0,0.0,0.0,0.0,0.0,0.0,0.0,0.0,0.0,0.0,0.0,0.0,0.0,0.0,0.0,0.0,0.0,0.0,0.0,0.0,0.0,0.0,0.0,0.0,0.0,0.0,0.0,0.0,0.0,0.0,0.0,0.0,0.0,0.0,0.0,0.0,0.0,0.0,0.0,0.0,0.0,0.0,0.0,0.0,0.0,0.0,0.0,0.0,0.0,0.0,0.0,0.0,0.0,0.0,0.0,0.0,0.0,0.0,0.0,0.0,0.0,0.0,0.0,0.0,0.0,0.0,0.0,0.0,0.0,0.0,0.0,0.0,0.0,0.0,0.0,0.0,0.0,0.0,0.0,0.0,0.0,0.0,0.0,0.0,0.0,0.0,0.0,0.0,0.0,0.0,0.0,0.0,0.0,0.0,0.0
64,0.0,0.0,0.0,0.0,0.0,0.0,0.0,0.0,0.0,0.0,0.0,0.0,0.0,0.0,0.0,0.0,0.0,0.0,0.0,0.0,0.0,0.0,0.0,0.0,0.0,0.0,0.0,0.0,0.0,0.0,0.0,0.0,0.0,0.0,0.0,0.0,0.0,0.0,0.0,0.0,0.0,0.0,0.0,0.0,0.0,0.0,0.0,0.0,0.0,0.0,0.0,0.0,0.0,0.0,0.0,0.0,0.0,0.0,0.0,0.0,0.0,0.0,0.0,0.0,0.0,0.0,0.0,0.0,0.0,0.0,0.0,0.0,0.0,0.0,0.0,0.0,0.0,0.0,0.0,0.0,0.0,0.0,0.0,0.0,0.0,0.0,0.0,0.0,0.0,0.0,0.0,0.0,0.0,0.0,0.0,0.0,0.0,0.0,0.0,0.0,0.0,0.0,0.0,0.0,0.0,0.0,0.0,0.0,0.0,0.0,0.0,0.0,0.0,0.0,0.0,0.0,0.0,0.0,0.0,0.0,0.0,0.0,0.0,0.0,0.0
65,6.445787068474743e-05,0.0014887043807350737,0.0006104075847011832,0.00043675415531056327,0.0029492954302338054,0.0017995445156519007,1.053034601945521e-06,3.190032528464554e-05,0.00026654057147249666,6.665240896068872e-05,5.80039284201619e-06,0.00037084041500043933,0.0,1.321363568543396e-05,1.959563980082206e-05,0.0,1.053034601945521e-06,2.1067713440804056e-06,5.26429591886939e-07,0.0,0.0,2.4399113472766402e-05,5.26429591886939e-07,2.653868614209254e-05,3.889776215293311e-05,1.906282063833522e-05,5.26429591886939e-07,0.00021686334516162967,0.001618070870462198,1.1092015469101675e-05,0.0,5.26429591886939e-07,4.744191217559115e-06,0.0,5.272203792358878e-06,0.0018718493552678298,3.997704621241627e-05,3.5126061982235536e-05,0.0014941141992924922,0.0013603930973297438,3.6202772377697834e-05,0.0007760098844923006,2.226243358458828e-05,6.857300837232179e-06,0.00024734339559046866,0.0002132449311578057,0.0003327025897916763,0.004070430780134817,0.00020243913435423255,4.646827541838256e-05,1.053034601945521e-06,6.445787068474743e-05,5.26429591886939e-07,1.5869672648548653e-05,0.0002036361362108431,5.789248147192755e-05,0.0003895864791792393,5.461998686537324e-05,0.0025566755098445824,5.272203792358878e-06,4.5926320124574005e-05,4.744191217559115e-06,5.26429591886939e-07,0.0,0.0,0.0,0.0,0.0,2.3330412419809975e-05,7.914916149139646e-06,0.00014026143123491223,1.1092015469101674e-05,0.000409921415083768,0.000257841991313457,0.0003359543226850676,0.0002941948987608861,0.0001466012493150433,4.7010416631792616e-05,6.99499409287163e-05,0.00010274751472723405,6.328758484083316e-06,0.0004140199908786139,0.00195485844986277,0.0008134316169026749,0.0005436814038333076,0.0009284827211193896,0.00029863941410245763,9.54622390246801e-05,0.0002485749106550237,0.0027453028954685862,0.0011088883896671813,0.0004803719612690917,0.004112482330700726,0.0002522752244465351,1.5798151476934783e-06,1.053034601945521e-06,2.1067713440804056e-06,4.21635500013379e-06,4.484296678457751e-05,0.002040555014474995,0.00028723581709824236,0.00028786719610305656,0.00039904356353501875,0.004967838848579661,0.007475197783626664,1.053034601945521e-06,0.0014395224108879063,0.00027028324137238276,5.26429591886939e-07,0.0,0.0024865996080149183,0.0007302365325167195,0.00010218591499738698,0.0012791143317260726,0.0005873421063559167,0.002686601920239614,0.002008340696964586,0.00045489914706358037,0.0005186370131994068,0.0003781784433503865,0.00027340891807729864,0.0013703834376002481,0.00023324952265067243,0.0009504190166285991,0.0007504167479098727
66,0.0,0.0,0.0,0.0,0.0,0.0,0.0,0.0,0.0,0.0,0.0,0.0,0.0,0.0,0.0,0.0,0.0,0.0,0.0,0.0,0.0,0.0,0.0,0.0,0.0,0.0,0.0,0.0,0.0,0.0,0.0,0.0,0.0,0.0,0.0,0.0,0.0,0.0,0.0,0.0,0.0,0.0,0.0,0.0,0.0,0.0,0.0,0.0,0.0,0.0,0.0,0.0,0.0,0.0,0.0,0.0,0.0,0.0,0.0,0.0,0.0,0.0,0.0,0.0,0.0,0.0,0.0,0.0,0.0,0.0,0.0,0.0,0.0,0.0,0.0,0.0,0.0,0.0,0.0,0.0,0.0,0.0,0.0,0.0,0.0,0.0,0.0,0.0,0.0,0.0,0.0,0.0,0.0,0.0,0.0,0.0,0.0,0.0,0.0,0.0,0.0,0.0,0.0,0.0,0.0,0.0,0.0,0.0,0.0,0.0,0.0,0.0,0.0,0.0,0.0,0.0,0.0,0.0,0.0,0.0,0.0,0.0,0.0,0.0,0.0
67,0.0,0.0,0.0,0.0,0.0,0.0,0.0,0.0,0.0,0.0,0.0,0.0,0.0,0.0,0.0,0.0,0.0,0.0,0.0,0.0,0.0,0.0,0.0,0.0,0.0,0.0,0.0,0.0,0.0,0.0,0.0,0.0,0.0,0.0,0.0,0.0,0.0,0.0,0.0,0.0,0.0,0.0,0.0,0.0,0.0,0.0,0.0,0.0,0.0,0.0,0.0,0.0,0.0,0.0,0.0,0.0,0.0,0.0,0.0,0.0,0.0,0.0,0.0,0.0,0.0,0.0,0.0,0.0,0.0,0.0,0.0,0.0,0.0,0.0,0.0,0.0,0.0,0.0,0.0,0.0,0.0,0.0,0.0,0.0,0.0,0.0,0.0,0.0,0.0,0.0,0.0,0.0,0.0,0.0,0.0,0.0,0.0,0.0,0.0,0.0,0.0,0.0,0.0,0.0,0.0,0.0,0.0,0.0,0.0,0.0,0.0,0.0,0.0,0.0,0.0,0.0,0.0,0.0,0.0,0.0,0.0,0.0,0.0,0.0,0.0
68,0.0028570816327039244,0.0042267568687464774,0.002759056900556256,0.00018367727986874402,0.00018774868642226953,0.00010184504789436505,4.6668655435557094e-05,0.0014138674646478123,0.004271400375039104,1.4977436344347606e-05,0.0002570660887808934,4.49660450162432e-06,0.0,0.0005856216509455873,0.000252424644474914,0.0,4.6668655435557094e-05,9.33686542940657e-05,2.3330412419809975e-05,0.0,0.0,0.00011212805952374964,2.3330412419809975e-05,0.0011762174006007353,0.0017240318383874543,0.0019749146784861725,2.3330412419809975e-05,2.0650140587325947e-05,0.001936470050436756,0.0007959479157987487,0.0,2.3330412419809975e-05,0.00021025605560640116,0.0,0.00023365713313744076,1.8692560905888068e-05,0.0004926893640490699,0.0015568483544646879,0.0007559386138170504,0.00019476382691587722,0.0006471566303683325,0.005919380283044834,0.0009866804300187359,0.00030390765563661484,2.0877758145449025e-05,0.0012623727619113195,4.888507010905052e-05,0.0005487963686776712,0.0010475648777876889,5.26709266954655e-05,4.6668655435557094e-05,0.001784203437615047,2.3330412419809975e-05,0.0007033401770501358,0.007665227511699493,0.00020401326270147048,4.0570165615088585e-05,0.0009856065768824864,0.0005558394992154055,0.00023365713313744076,0.0003062784205434377,0.00021025605560640116,2.3330412419809975e-05,0.0,0.0,2.3330412419809975e-05,0.0,0.0,0.0,0.0003507807986888112,0.0024105655685492545,0.0004915901114613016,0.003284121466824992,5.674987484271024e-05,0.0002501818204826554,0.00029642660774422454,0.0009716069757835876,0.00027862281036054014,0.00310055669265746,0.0004156839259167057,0.0002804829278431503,0.0004962412511670785,5.399221608552879e-05,0.000396332690697916,0.00147299772120246,0.0014527047084586379,0.00033656442193936916,5.588865821983032e-05,0.0037142452788958306,7.2681052345781e-05,0.0003478596443016854,0.0010729368331505718,0.0004885824687767235,0.00031144567818205813,7.001473430600872e-05,4.6668655435557094e-05,0.0032056043133476095,0.00018686285088685432,0.00033571627515532773,0.0009342996654677882,6.090740507668712e-05,1.41248133326908e-05,0.0009011807469535307,0.00310055669265746,0.0006326851488211493,4.6668655435557094e-05,0.0036156691875910653,0.0020161403315002453,2.333041241980997e-05,0.0,1.8281957246377625e-06,0.00012924691038454384,0.00019413266226918032,0.0030107107850489393,0.0006247756981589475,2.360401762010387e-07,0.0005207425760863437,0.004277952333486078,4.288308987711006e-05,0.0006500759584159074,0.00013442350189562526,0.0001692622609188186,0.0007111770907193818,1.0106686488807655e-06,0.0014418842984345748
69,0.0009691763986201736,0.0002891807644836478,0.00016288908557683966,0.0008640606669078723,0.000867465918261946,0.0008622155463540883,1.58324759017268e-05,0.00047963547517258976,0.0008728105993595633,0.0010021747375849417,8.72097679067778e-05,0.00022455377665985248,0.0,0.00019867007039716736,0.0002946263815737512,0.0,1.58324759017268e-05,0.0048958034679754325,7.914916149139646e-06,0.0,0.0,0.0003668493810045713,7.914916149139646e-06,0.0003990192590633395,0.0005848481049631718,0.0014670631997853651,7.914916149139646e-06,2.7717581796904177e-06,8.440191893750233e-05,0.0001667707560456692,0.0,7.914916149139646e-06,7.132956368785499e-05,0.0,7.926833601388146e-05,4.116956158972151e-05,0.006187072119816469,0.0005281371305208359,0.0019586684337203927,2.5752144794526395e-05,0.0005443264266405917,0.0007766406844229913,0.0003347231011516554,0.00010310061752493724,0.0007122742647720774,5.400010896006402e-06,0.0014828409578699592,0.0004584498451656014,0.0006141308396033829,0.0006986787024993274,1.58324759017268e-05,0.0009691763986201736,7.914916149139646e-06,0.00023860467308953653,1.6899787256368865e-05,0.0008704560992457593,0.0005658456889262222,0.0008212496938356249,1.7536645916976918e-07,7.926833601388146e-05,0.0006905297933027391,7.132956368785499e-05,7.914916149139646e-06,0.0,0.0,7.914916149139646e-06,0.0,0.0,0.0003507807986888112,0.0,0.003410167548118184,0.006662827469961536,0.0006893357321748234,0.00021058980876893468,5.530236603388571e-06,7.360538580768006e-05,0.002204409037285934,0.0007068304139467955,0.0010517585341808685,2.7595235119920584e-06,9.515386114882822e-05,0.0007151916096334195,0.001654313976645192,0.0008316606437546003,0.0006453275039009123,0.001600976868367064,0.00013449951780969863,0.0014353863399032862,0.0007223016827503639,0.0012301269189866407,6.702992585047612e-05,0.0002971844135442967,1.0317290333041069e-05,1.9591059890465345e-05,2.3752681025414033e-05,1.58324759017268e-05,3.16755332867042e-05,6.339344914694699e-05,0.0006742403739599779,0.00019506216535806342,9.812052098853803e-05,9.166996064767594e-05,0.0006222594332144588,0.0010517585341808682,0.0002146358393127673,1.58324759017268e-05,0.00024072954633569822,0.0040645934882582125,7.914916149139646e-06,0.0,4.067247355206118e-06,0.0004645234954497095,0.0007828890491051703,0.00037154703335269936,0.00042774529186419714,0.00021119510293420983,0.00041155472813852106,0.002762219759074493,0.00040209290889708395,0.005687673271637616,0.0008955422975941455,0.0006155493538542517,0.005014463974574668,0.00878769162574477,0.001180601930677941
70,3.197449360199165e-06,4.532199531353409e-06,0.0007054020917991834,0.00012257081753862877,0.0005361503605732497,0.000934149923162751,0.0018490419580731992,0.0001348192540757129,0.00017349514779633942,1.8698765847436686e-05,0.0015455691026190032,0.00014473467697072222,0.0,6.3038367749860475e-06,0.0016962320434971557,0.0,0.0002805717301620151,0.0007647502266371021,0.00014026143123491223,0.0,0.0,0.0009762075136002411,0.00014026143123491223,0.00011194878470491305,0.00021817505690342398,0.0003596908769308631,0.00014026143123491223,0.00022448242002535146,0.0010205679995469645,0.0018307187047625594,0.0,0.00014026143123491223,0.001247374736084596,0.0,0.0014048174563067713,6.645530436774332e-05,0.0025088874148909567,5.948870759456308e-05,0.0024852150284063613,0.001355355168103932,0.005134756729341716,0.0005227856668026951,0.00045409703835072894,8.732772072041066e-06,0.0023362966283538783,0.001687917908480133,0.0006727453643387121,0.0009391312179205428,0.005936786151353178,0.0002948595177617755,0.001849041958073199,0.00012945387767055794,0.00014026143123491223,0.0006257416123493371,4.3626026491470136e-05,0.001102780000019018,0.00021274352356979304,0.006415814020596772,0.004226108223711098,2.2074924771957483e-05,0.0007169958060646024,0.001247374736084596,0.00014026143123491223,0.0,0.0,0.00014026143123491223,0.0,0.0,0.0024105655685492545,0.003410167548118184,0.0,2.212814872522359e-05,0.004762029913106746,0.0005489688856008968,0.0030771500097588607,0.0017358502942965222,0.0007770278961864807,0.004873623110180456,1.2423823189026114e-07,0.0023799493031593914,0.001686369959092019,0.005372469265166416,0.0008306213483444392,0.0008150623413020469,0.0029690147693231528,0.003234895696397642,0.0008563786180549768,0.004694960247406024,0.00047310182641774134,2.7058280830659933e-05,0.0021395255533778737,8.207838081700126e-05,0.0036105014159339872,0.0005929308055230741,0.0004209309308673726,0.0002805717301620151,0.0005613390674725733,0.0011234616565713156,2.210771178900773e-06,0.0010285689290903185,3.400735246203845e-06,0.0004978799095736598,0.0009619083248100916,0.0003599485665022767,0.00380431153465795,0.001849041958073199,0.0005775897288745063,0.0003838213506429069,0.0001402614312349122,0.0,0.003085058354313648,0.003977643430928697,0.00023109410736837186,0.00028224421918822043,0.0010678014388832465,0.0001575122044473679,9.734137372664692e-05,0.0011192897045580298,0.0005330159177310937,0.0004457022475306617,0.0024402568842643306,0.00037205808308471395,0.0014749648515073074,8.107918231374774e-06,0.00027769803301733485
71,0.001358238275165931,0.0017333623453116246,0.0008567754866374846,1.0149778848564607e-06,0.0005132983113421534,0.001750067692210314,2.2187739432970904e-05,0.0006721710829869875,0.0019311182155888663,0.0027296090675165857,0.00012221654748072888,8.214203761480359e-05,0.0,0.0002784186721748871,0.00041289387003135073,0.0,2.2187739432970904e-05,0.004357946632979131,1.1092015469101674e-05,0.0,0.0,0.0007463493564809103,1.1092015469101674e-05,0.0005591928799961319,0.0008196200987720084,0.0004016667679913924,1.1092015469101675e-05,0.0001761309674820505,0.003102472335655243,0.0002337144228859981,0.0,1.1092015469101675e-05,9.996185370844e-05,0.0,0.00011108733513968604,0.0003805645548446289,0.0008423628215563047,0.0007401430798157608,0.0030534250090730537,0.0025018114096899712,0.00035985909630496175,0.000536260007412675,0.0004690864225644501,0.00014448617490816294,0.0010156692346688615,0.0015642095833207136,4.8155438349435466e-08,7.971269734986749e-05,0.0017779281283126904,0.0009791474257593632,2.2187739432970904e-05,2.4132014564080494e-05,1.1092015469101675e-05,0.0003343837992108149,0.0006640962170118462,0.0012198855122849805,0.0017820698704449317,8.47294825354188e-05,0.001324717228854634,0.00011108733513968602,0.00018138391673294858,9.996185370844e-05,1.1092015469101674e-05,0.0,0.0,1.1092015469101674e-05,0.0,0.0,0.0004915901114613016,0.006662827469961536,2.212814872522359e-05,0.0,0.00014246862723297875,0.0034643293615063786,0.0002218234974518948,0.0005039161164607544,8.98225699845702e-06,0.00016659508753497814,7.33364265579878e-06,7.219786399972532e-05,0.00013334949323466012,0.0009152212061398683,0.0006317176776260039,4.7781703775047295e-05,0.00023614447056943068,6.88884006102796e-05,0.00010562625517945731,0.002011622069063056,0.0003793467601981247,0.00040756263802871394,0.00030360118227681877,0.0004737608271354635,0.0001957246349509814,0.0020930679463447266,3.3287174371536885e-05,2.2187739432970904e-05,4.439032276765378e-05,8.88401006864525e-05,0.0009448983844754396,0.00011794098485177389,0.0022383516311155214,0.0005596219841154637,2.131761282592677e-05,7.33364265579878e-06,0.0003007933990141496,2.2187739432970904e-05,0.0009853283762444212,0.005696668121964345,1.1092015469101675e-05,0.0,9.220297234112268e-05,0.0016322976403113844,6.933388636676855e-05,1.880472584560163e-05,0.0003752391279972643,0.0021584418801308064,0.00015544357282804117,0.0003359197117083307,0.0007994799303492399,5.099284074345558e-05,3.2865077505044305e-05,0.00010692785809185141,0.0002737785635766867,0.0009726007898017478,0.00014395472130099323
72,0.0007878754778636093,1.5613454681711718e-06,0.0065873126361850705,0.0007613066369014607,0.0018219805279431698,0.00983918307119262,0.0008199987588037696,0.004700984630696584,0.0003470902765117679,0.004437131501732752,0.0008109145436918183,2.138953692692597e-05,0.0,0.0029192554373669707,0.0028588752757470167,0.0,0.0008199987588037696,0.0038617010622970477,0.000409921415083768,0.0,0.0,0.00023324538315066875,0.000409921415083768,0.0011566137598609273,0.00010842009673080464,0.0014633628572612426,0.000409921415083768,0.0061857818813196835,0.0002734739911463463,8.756595359018984e-06,0.0,0.0023342469500492917,0.00040728056845108345,0.0,0.0002160020530760602,0.0008464796380527892,0.0011140494244602608,0.001013254684132809,3.6544904918082044e-05,0.0022456766723718056,0.000396569056685257,2.196036343297626e-05,3.8816485879366325e-05,0.00034272732818943415,0.0003778376936761874,0.000550320561038851,0.0011142375404724248,0.0009235283961313981,0.005158601206834582,0.0036741329595845174,0.0008199987588037693,0.00023122175267408055,0.000409921415083768,0.00019148028453279094,0.001144516687041692,7.511751390209725e-05,0.0025350674923932033,0.0006020820387822512,0.007045780078125277,0.0011610196817867559,0.0034948499545879442,0.00040728056845108345,0.000409921415083768,0.0,0.0,0.000409921415083768,0.0,0.0,0.003284121466824992,0.0006893357321748234,0.004762029913106746,0.00014246862723297875,0.0,0.09103942233386886,0.008095817908634657,0.00114800885422116,0.0036966455300906915,0.006679408678728562,0.01200269069446509,0.0008353803342225929,2.4585340896316132e-05,0.00460257630810964,0.006741592007798329,0.019968311867728558,0.012645494006240706,4.1951676152957256e-07,0.008074016900278461,0.00038198230386562456,0.0009525464901707336,0.0008159213997737822,0.0034846381258439125,0.0015430388022841532,0.0003433046080455876,0.00325283913212548,0.00013546320463583687,0.0005528232779764388,8.17278232042286e-06,0.0022166002134002974,3.578996161361322e-05,0.0003368525099950582,0.0002681952105129107,0.0014657546665088172,0.0008805194813604658,6.061508637957183e-05,4.74976447534149e-06,0.0005528232779764388,0.0012205729118582131,0.000425461715111046,0.000409921415083768,0.0,0.0014391732967847096,0.006571332585031664,0.0016790715314345106,0.008075178611219388,0.004761299891542154,0.000569159800841514,0.00617911374966329,0.01082796593215542,0.004592384015593995,0.0003201415192567803,0.025051207589680522,0.00013584715608208763,0.0023657149952791535,0.0017445227882729858,0.0009615345108543389
73,2.0597732171158565e-07,0.0003922078441567512,0.0007381210900774943,0.0004260257836857687,0.0009845540474528102,0.006828297233107237,0.0010606522220472723,1.0089101036345436e-07,0.00027279251432744115,0.00027492019054101564,0.0002757901248314885,0.0032695431109639123,0.0,0.0001540414154193838,5.637106406658117e-05,0.0,0.0005157772948570569,0.005692942208203019,0.000257841991313457,0.0,0.0,0.00133875133257417,0.000257841991313457,0.0008903592074576258,0.003759416991503154,0.004834692308573836,0.002994155317890207,0.001203626826475058,0.0016363039555319118,0.0018047519573344657,0.0,0.002994155317890207,9.38265606608459e-05,0.0,0.00014013894739944778,0.0037042522458202633,7.093021876511841e-06,0.0008355893841806671,0.0067465092658983905,0.0010542406101414512,0.0006656378753806448,0.000645244231922399,0.0017732653533106676,0.00161858723559247,0.002710423918723742,0.00016095332043885533,0.0019384565559548768,0.005630718492647105,0.06519064945272703,0.004439944640016735,0.0005157772948570569,0.0005275386436830982,0.000257841991313457,0.0004234847430614271,0.0018815465608600721,0.00042867276549375205,0.0012446192156095044,0.003972838258791475,0.002155396997611739,0.00017593250226721288,0.0012624876905311271,0.0002567148308544011,0.000257841991313457,0.0,0.0,0.000257841991313457,0.0,0.0,5.674987484271024e-05,0.00021058980876893468,0.0005489688856008968,0.0034643293615063786,0.09103942233386886,0.0,0.0014181042567880564,0.0007494695729261603,0.005561077598857426,0.0029446271579199757,0.018583110343466443,8.295624443714053e-05,0.003908741000874711,0.001476298223040279,0.006939262144768721,0.02843666784589497,0.014898898482268311,0.0010448963619197023,0.008089491480907077,9.029604939129613e-06,0.002398465832678738,5.5138497921674345e-06,0.0009748528861287432,6.860015834583657e-05,0.004950281753861901,0.00011850967732591652,0.0004911501085302044,0.0005157772948570569,0.0010319281095621483,0.0020653524700769417,0.000561970762491289,0.0011169307944021184,1.7188353001433542e-07,4.476944291582441e-05,0.0012013904543583481,0.000560896659684074,0.00019103850224846112,0.0005157772948570569,0.0038035540654445654,5.909785609877536e-05,0.000257841991313457,0.0,0.00022179377514989444,0.007695165881804175,0.0010362718458636383,0.0005007414747571833,0.0017846748508755148,0.0009445678733212444,0.0026303472347670486,0.023693364858904095,0.003441844013688897,1.714327486781967e-05,0.005945113627490943,0.001654195531925103,7.095906578304006e-05,0.008197935545981645,8.746498433615423e-05
74,4.587199424374768e-05,0.001769086461319041,3.78145530877943e-05,0.0015872108311489228,0.0008552571784849573,0.0009874757417480137,0.0007580210638853376,0.0005207882524120216,1.9589012204299327e-05,6.699663332463759e-05,5.32422322046484e-06,0.002188980710414003,0.0,0.0007353211176579993,0.004175090400556624,0.0,0.0006720333660261936,0.001344565986727092,0.0003359543226850676,0.0,0.0,0.0009743910587434856,0.0003359543226850676,0.0005769543130285575,6.973362481625102e-05,0.0026286052021989373,0.0026134118283579026,2.490144216663133e-05,4.2411329164515866e-05,0.0011764250908397839,0.0,0.0003359543226850676,4.1923757479049664e-05,0.0,0.000499332825225579,0.0011575116109978606,0.0008732794830618022,0.0005822010205623568,0.00021309587239751833,2.322157578423451e-05,0.0011368331223467296,0.0012296451117003162,0.00013848394594517973,0.004377161075141309,0.0003895651830709613,0.0011628328826473221,0.0011583221150734612,0.001932507767678084,0.0021889031168381974,2.6446792441363916e-05,0.0007580210638853376,0.00017697795677676362,0.0003359543226850676,9.853163092319477e-05,0.00047482740784423195,0.0017063952830037351,0.002615689253981338,0.00012376782017965517,0.0011136378528493582,0.0033651668367431745,1.3412110193564168e-05,0.00033886257547207017,0.0003359543226850676,0.0,0.0,0.0003359543226850676,0.0,0.0,0.0002501818204826554,5.530236603388571e-06,0.0030771500097588607,0.0002218234974518948,0.008095817908634657,0.0014181042567880564,0.0,0.003918740738890284,0.004499466861614675,0.005461727971937585,0.008031401050708839,0.00392693551247303,3.918361149529272e-05,0.00029221654628238487,0.00029523978297143295,0.0021305513786367626,0.0008908241780693541,0.0010662296714883742,0.00018998147108716283,5.16213283013654e-05,0.005923087514686312,0.0003313131081922399,0.0006655051803388586,0.0006014726124292079,0.00026473538556698274,4.514673159440293e-05,0.00026666269016570825,0.0007580210638853377,6.534273314188669e-05,0.002691131974420675,0.0005098518971150077,0.00012531117210743547,0.002321621929140299,0.00040827160343369633,7.182774210442922e-05,0.00035351223103122903,0.0001265620289462845,0.0007580210638853377,0.002456367804014794,0.0009184156728663766,0.0026134118283579026,0.0,0.0005557571127962856,0.0006936530058022563,0.001360828142774281,0.0019824826738428164,0.002990607361553832,5.133249379563644e-05,1.6843287401059268e-05,0.007263829966334676,6.818989964670732e-05,0.0007491772037921175,0.014516284701011718,9.261628115173482e-05,0.001444255491772335,0.00010082572733393174,0.0040130274349878
75,9.424713092395086e-05,0.0008011839098501613,0.0020554576171747103,0.0027184719686960024,0.0048654732340515155,0.00035050791618109183,0.005608906140834176,0.0007055316050622436,0.00020983682811081324,0.005555479096269194,0.0005751013415773572,0.00012562446106322627,0.0,0.0032458267985690063,0.0004234512026213372,0.0,0.0005884975339204108,0.001177426330181916,0.0002941948987608861,0.0,0.0,0.00016815532931160527,0.0002941948987608861,0.0015817176883402134,0.0030592392381293397,0.0002058387293929786,0.0002941948987608861,0.0018715201374491686,4.0983144545753876e-05,0.0026292027882686064,0.0,0.0002941948987608861,0.0001291063401948919,0.0,4.898457432612697e-05,0.0001349598439709187,0.0045741302660388845,0.001154846279064907,0.0004077641722779536,0.0002157154104819294,1.7023745339849548e-05,0.012144393308459695,0.00044337726473401906,0.00025002538636852205,0.00025316776647147364,9.551361594114054e-05,3.9611430717563054e-05,0.0006546106284162955,0.012402012145813112,0.0024955148202095373,0.0009060136973840277,0.00012525535781050026,0.0002941948987608861,1.7080339225211262e-06,0.0011895894281597657,0.0032808717269497056,0.0003228281389417445,0.001141160565383367,0.0024441674957481315,0.00031263747089755326,0.000731850691700717,0.0026516392600901078,0.0002941948987608861,0.0,0.0,0.0002941948987608861,0.0,0.0,0.00029642660774422454,7.360538580768006e-05,0.0017358502942965222,0.0005039161164607544,0.00114800885422116,0.0007494695729261603,0.003918740738890284,0.0,0.0030545197453654502,0.004945527093631982,0.005283243599898734,0.006134829266280913,6.791224388271617e-07,0.0004525001325450937,0.003741661282309809,0.0001818504624398908,0.0006489549224947798,0.00015690896637042274,4.271665460379692e-05,0.00012281138952948648,0.00041488022057148985,0.0006487563056990118,0.0030246881715941818,0.0019513901665126616,0.0017091058556976194,0.0008756936253808688,0.0008829079846436801,0.0005884975339204108,0.001177426330181916,0.0023565802486139108,3.6529721427935723e-05,4.85168466976894e-06,0.0001907565209373707,9.694853637535269e-08,0.0020968689972430134,0.0006646555184037571,0.000585350445156079,0.0009060136973840277,0.0001342314465594712,0.003859150973661938,0.0002941948987608861,0.0,0.0013531336742326472,0.0002593155546914026,3.6243493642771786e-05,0.003299478661211693,0.0013948345229417242,0.0004928727032633525,0.00047872523451471076,0.0009187200618298673,6.561149973210267e-05,3.032660128222688e-06,0.007931853364798692,8.12552984172518e-07,0.0005731428287932658,0.003822554472981783,0.0003083590961124285
76,0.007380549413190055,0.0022521714758781436,0.0010261452959877335,8.550360817936228e-07,0.0022337888824480274,0.007057518199174763,0.0002932536792868832,0.0003117655424033398,0.00046711663718387777,0.0014753396953022062,0.0016154345937230779,2.7370958435821025e-06,0.0,0.0010400490204745677,0.00013159082695093213,0.0,0.0002932536792868832,0.0005867122243361138,0.0001466012493150433,0.0,0.0,0.006797178697862144,0.0001466012493150433,6.259853820399386e-05,0.00030314375974338536,0.0017732246724228159,0.00014660124931504333,0.0007908803797234834,2.5467032153863843e-06,0.0016697710376571478,0.0,0.00014660124931504333,4.1818780937656926e-05,0.0,0.0009296902802683076,0.00111540990406156,0.000677492170463948,0.0001911991844267637,0.0001564276627705919,0.0007544580056147667,8.011128464562515e-08,0.0001981145270285136,0.00013043922168378186,0.0019098185906166454,0.0014029902789630757,0.0001712291604832797,0.000436378561914727,0.00032939714616690024,0.0011600828189371104,5.9417951072196784e-05,0.0002932536792868832,0.00023637545154413207,0.0038332549493537847,0.0005222927231743036,0.0006941364892160129,0.003633100525977053,8.544913788276361e-05,0.00036169088938669554,0.00016174511949354514,1.2346031621052548e-05,0.0009012061376983165,4.1818780937656926e-05,0.0001466012493150433,0.0,0.0,0.0001466012493150433,0.0,0.0,0.0009716069757835876,0.002204409037285934,0.0007770278961864807,8.98225699845702e-06,0.0036966455300906915,0.005561077598857426,0.004499466861614675,0.0030545197453654502,0.0,0.00039729441487917666,0.019500552851300243,0.0009387807586568146,0.0017626008040475716,0.0020352738277079987,0.012683923479119884,0.0061242595904435464,0.006954869687840592,0.004173622941986596,0.003216814640506047,0.00011461795660482587,0.004938424941345488,7.82563609112883e-05,0.0069877231616673145,0.00012481714341984075,0.0003742415391970219,0.00013195739205334103,0.00043995732569005776,0.0017885111115113043,0.0005867122243361138,0.0011742450588910266,0.00027533737953983593,0.0022264877532673683,0.0012720584861168362,6.812391704178276e-05,0.0013671137702440366,0.005752133615149139,0.0008886142347064177,0.0002932536792868832,1.3479627498995238e-05,0.00019742400695415595,0.00014660124931504333,0.0,6.489277900786452e-05,0.006007027478656572,0.0026927890535101895,0.00995899103445969,9.061076502215464e-05,0.001320751988722926,0.0036666001632161237,0.007094822015748274,2.6638863446894548e-06,0.002751970948013336,0.006296691502634705,0.0006193229940370192,0.003986506799931133,0.005131437317994652,8.943861289617207e-05
77,6.748446976593625e-05,0.0005221393000937705,0.000441553175990298,0.001477929037712266,0.0005152008632218294,0.0019012209992936373,0.003443069274933127,0.0003196494575033709,0.0016979294933513627,0.0003933065403195709,0.0005179907331923835,0.0003337470924627263,0.0,0.001239647624242633,0.001750057570490569,0.0,9.403673093191479e-05,0.00018813709557532592,4.7010416631792616e-05,0.0,0.0,8.130156862535774e-05,4.7010416631792616e-05,0.0010330534117036993,0.00025831157965422485,0.0017024679821680776,4.7010416631792616e-05,0.000234741388700495,0.0011391906631259697,0.0009905716318127612,0.0,4.7010416631792616e-05,0.0004236669706971085,0.0,0.00047082085450761126,0.0003819594126017616,0.0006775222164862445,0.00045264347131269473,0.00040296609667044806,1.7711765737500262e-06,0.0032334713574763557,0.003694272725024717,0.0019882501139660024,0.0006123785186161389,4.745255620615301e-06,0.0008827712192921726,0.00030722940465575417,0.00020695632639266485,1.5351100898322326e-05,6.334571646458952e-05,9.40367309319148e-05,6.748446976593625e-05,4.7010416631792616e-05,0.0026351269986279696,0.0014993433342409559,0.00017256192352637184,2.712470161885768e-06,0.00031013885512640047,0.004742886235911189,0.00047082085450761126,0.004102126376604583,0.0004236669706971085,4.7010416631792616e-05,0.0,0.0,4.7010416631792616e-05,0.0,0.0,0.00027862281036054014,0.0007068304139467955,0.004873623110180456,0.00016659508753497814,0.006679408678728562,0.0029446271579199757,0.005461727971937585,0.004945527093631982,0.00039729441487917666,0.0,0.02812553570213893,0.0016068592540996614,0.0006600082270495947,0.0010066491348272096,0.0064700710479225635,0.011621563778429206,0.013793498034276852,0.0001645417775822486,0.0012099245098862162,0.00011355095973450503,0.001179592789014884,0.0008327208438566036,0.002169014485611668,0.005284580052704731,0.0002715381478048327,7.237885356940887e-05,0.00014107895365721577,9.40367309319148e-05,0.00018813709557532592,0.00037652907091526196,9.252439150336896e-05,0.000490337571605544,0.0017759415555566522,0.00035341159797443395,0.0018274712532284764,0.003041514023018687,0.0012748929871103114,9.40367309319148e-05,0.0002583628485398101,9.331344368120058e-05,4.7010416631792616e-05,0.0,3.7113849830111626e-06,0.005022341365209134,0.0011723966986479754,0.003983853371287366,0.00048501687912840794,0.0002200258700350198,0.010034193901585381,0.007544090284847344,0.004627198798287399,0.0027627950681066563,0.01122923406483689,0.00015397063733249035,0.0017221233489608813,2.1913915755458943e-05,0.00011836073603468216
78,0.0021685835083519274,0.0007442147548733239,0.0036193363512047236,0.00044265663926384535,0.010432088682002745,0.013668954053948636,0.002846443702351798,5.023009953070795e-05,0.0006778500563958266,0.0003271684061117827,0.0007707626108834447,2.5268047723910465e-05,0.0,0.001755934684536447,0.002604145001292461,0.0,0.0001399237104962029,0.0002799428005335787,6.99499409287163e-05,0.0,0.0,3.153146650903138e-08,6.99499409287163e-05,1.0760336514266755e-05,6.9831430459806036e-06,9.640110107386139e-05,6.99499409287163e-05,9.89459850105694e-05,0.0005019053821581148,0.0014739744763782837,0.0,6.99499409287163e-05,0.0005624252613413289,0.0,0.0007005736506465188,0.0007004500389524266,0.0017772657737201954,0.0013408874214427726,0.0018919517077489992,0.000936540570729627,0.00028625354923371107,0.00292976042126455,0.0005432767302102038,0.0009112125232168353,0.0012910735662888684,0.0018674334877198174,0.0014159529528106252,0.0007915148341114884,0.00011051317779663563,0.0023975149070468342,0.0001399237104962029,0.000490757754959809,6.99499409287163e-05,0.0013807400202483628,0.0001812725320174463,0.0008685956997487535,0.0007611443242240677,0.001399215004628978,0.006288612544661036,0.0004560818394411507,0.0008065382495043048,0.0006304086658333795,6.99499409287163e-05,0.0,0.0,6.99499409287163e-05,0.0,0.0,0.00310055669265746,0.0010517585341808685,1.2423823189026114e-07,7.33364265579878e-06,0.01200269069446509,0.018583110343466443,0.008031401050708839,0.005283243599898734,0.019500552851300243,0.02812553570213893,0.0,0.004120182660897843,0.0002932150078625741,0.0031050969648616085,0.030693470157165472,0.031156670229763237,0.03611513119244666,0.00027112513988136093,0.00821303362302379,4.524436674879495e-05,0.003660836687206724,5.2309173425922735e-05,0.021321194174068716,0.002260189194878869,0.00026662789462926647,0.0007030428426670171,0.00020992132494394785,0.0001399237104962029,0.00027994280053357865,0.0032516830178990885,0.0011052366746082862,0.005256711662613224,0.0008454058770414928,0.0022941840842227923,0.0013916865649409662,0.002426701448619411,2.132361378935033e-05,0.0001399237104962029,0.00019244675022837677,0.00320521519229972,6.99499409287163e-05,0.0,0.0036048908971948535,0.012576953606166572,0.0036806186389739567,0.030362872871451715,0.0033493229850934886,0.001108123380153121,0.0036997666943170584,0.049681468960748,0.014777547486074499,6.712370735813137e-05,0.06572174730163209,0.010642302210757338,0.014488861744785442,0.0030057294841602635,0.00040017072777333464
79,0.0012283451612856932,0.0017943509400100662,0.001434258003120592,9.678330267447438e-06,0.007535025881045423,4.915270938046719e-05,0.00020553039923731532,0.0008563826794285625,0.0018856009706949895,0.0005034389266325612,0.0011321720291256766,0.00017452076262080922,0.0,9.10834769102292e-05,4.145476533979973e-05,0.0,0.00020553039923731532,0.0004112023750999296,0.00010274751472723405,0.0,0.0,0.0010938907135983164,0.00010274751472723405,0.00040778104573127377,0.0009506020975343202,0.003735545539629521,0.00010274751472723406,2.1312161833196338e-06,0.00032181682754339524,7.219786399972532e-05,0.0,0.00010274751472723406,0.0009260029948221863,0.0,0.0010290697169698258,0.0010045629620417241,0.0006162398917648162,4.969130167141181e-06,0.002061927492337083,6.824128455774912e-05,1.609749591307534e-05,0.00020844308275991881,0.0014511834419144271,3.20966265941349e-05,0.00045749122453295806,0.0020713931276939153,0.0028009387897156937,0.00179361576019756,0.0007369929480660245,0.0011464597894305392,0.00020553039923731535,0.00029949108871300903,0.00010274751472723406,0.0004788963215091381,0.0014888052479493318,5.245830410407838e-06,7.601157921962887e-05,0.0023972113286242157,0.008713634853509917,0.0010290697169698258,0.0010980992251524214,0.0009260029948221862,0.00010274751472723405,0.0,0.0,0.00010274751472723405,0.0,0.0,0.0004156839259167057,2.7595235119920584e-06,0.0023799493031593914,7.219786399972532e-05,0.0008353803342225929,8.295624443714053e-05,0.00392693551247303,0.006134829266280913,0.0009387807586568146,0.0016068592540996614,0.004120182660897843,0.0,6.133504925028118e-05,0.00016607577122437558,2.70060235316398e-05,0.0008944464746431417,0.0025285030087591697,0.000446075029332521,0.0002057645103674883,0.007755844569113463,0.000697232685552183,0.000659034745970111,0.002456215972953684,0.00045276269565734743,0.0005393734506368362,0.00030277028042741957,0.0003083486778962374,0.00020553039923731535,0.0004112023750999296,0.0022582182659637465,0.00044097865542826024,0.0007924098742970797,0.0024522788920257736,0.0009442650510923479,0.0008506186857727145,0.0012490155884223714,0.0002845432830202531,0.00020553039923731535,1.963535183924439e-05,9.952518829767874e-05,0.00010274751472723406,0.0,0.0024696762309696202,0.009696348722940729,0.00010085741307943436,0.011780444578764553,0.000678933356481656,6.195917347594006e-05,0.0005311043739110535,0.007794601417868534,0.00037288095530744043,0.005078270591952938,0.002516227920333443,0.00010812210852358827,0.0003448489484847012,0.00023224624906066304,0.00023997712992140685
80,0.0003597010675959842,2.8361214979779572e-05,0.001316346877936246,0.0004080974856739274,9.963616481649511e-06,0.00022619478299633306,1.2659629728919152e-05,0.00038351408390514753,0.0004377886640176589,0.0008013292901601373,6.973277847710555e-05,9.20254473177106e-05,0.0,0.002299432854315765,0.0002355822211986649,0.0,1.2659629728919152e-05,2.53277161469685e-05,6.328758484083316e-06,0.0,0.0,0.00029333125177071113,6.328758484083316e-06,0.0003190540437027949,0.0004676410381386721,0.00022917650411678682,6.328758484083315e-06,0.0010309483425631734,0.00013329936589983018,0.00013334949323466012,0.0,6.328758484083315e-06,5.703500446187101e-05,0.0,6.338282871338873e-05,0.0009748410861349114,0.00048061683468444727,0.0009867121007754605,0.0008180690862894668,0.00287386388144772,0.0004352403368554109,0.001479920156974951,0.0002676433028746365,8.243906023581479e-05,0.0003351159557585109,0.00017736371475544482,0.0008483693325962902,6.584524203044094e-06,0.0001761937442252952,0.0005586586157684852,1.2659629728919152e-05,0.0007749444138222874,6.328758484083315e-06,0.00019078757363909555,0.0001397231251768342,0.0006960093293863967,0.0036340045158327343,0.0006566646545139343,0.0009528430470659917,6.338282871338873e-05,0.0005521428534158625,5.7035004461871016e-05,6.328758484083316e-06,0.0,0.0,6.328758484083316e-06,0.0,0.0,0.0002804829278431503,9.515386114882822e-05,0.001686369959092019,0.00013334949323466012,2.4585340896316132e-05,0.003908741000874711,3.918361149529272e-05,6.791224388271617e-07,0.0017626008040475716,0.0006600082270495947,0.0002932150078625741,6.133504925028118e-05,0.0,0.0032719137888850315,8.29989764195355e-05,0.000370914059622516,0.002498265283816914,0.0019084876747472973,0.0014460330524589118,0.001147715675416736,0.0007139453934166613,0.0006752893011494417,0.002570160305516979,0.002445684428300625,1.100204132907074e-05,2.682722137322896e-05,1.899261514533592e-05,1.2659629728919152e-05,2.53277161469685e-05,5.068930429978441e-05,0.0005391180410124902,0.0006208656843443844,0.0004314077773714087,0.0005614413872872987,0.0013240008099943384,0.0002932150078625741,0.0001716222106122603,1.2659629728919152e-05,0.001265091040578996,0.00045880005707882543,6.328758484083315e-06,0.0,0.0008147035434238303,0.0034351016839757886,6.355256031428918e-05,0.00011496148046428794,0.0014791480839932772,0.002794193034179209,0.00012609393313385748,3.5183898144895346e-10,0.0001311040338266799,7.565940585902498e-05,0.005974014412552952,0.002344834353510182,0.0028045344625589504,0.0005541418595811307,0.0005848760384559176
81,0.008250246347464615,0.003615915206399798,0.01737978494247858,0.018108193845107555,0.008833989249181627,0.11817712785992197,0.000543149724048076,5.245454870213764e-05,7.714263197556125e-05,6.776589332799303e-06,0.001166793510074491,0.00012430008100639857,0.0,0.0008345746027577995,0.0008420380091529795,0.0,0.000828197682751841,6.701698590579403e-06,0.0004140199908786139,0.0,0.0,0.000261409856681191,0.0004140199908786139,0.0024858002668586674,0.002222475031755699,0.0015776148008045227,0.000414019990878614,0.003003651232363868,0.00020556584086641954,0.0009152212061398683,0.0,0.000414019990878614,0.0006713759264570959,0.0,0.0009101764698497303,0.03518823800374208,0.005195642921658673,0.00021589175470431145,0.18568362524945883,0.11645301136003326,0.005977532363542088,0.006558306568247085,0.000830188894863598,0.0017213868364252024,0.0002689950881660331,0.0005889067503284047,0.0012629140587176947,0.005237409163108388,0.0009602467022642387,0.0005084615672396203,0.004642710247467861,0.0002782683203438214,0.002320474820326413,1.1300041115067207e-06,0.0011952569740315974,0.004051748899898939,6.957551400868769e-05,0.0020548181340070064,0.03493944996492549,0.00020335281203929425,0.0027197421432822956,0.001582907123498357,0.0004140199908786139,0.0,0.0,0.0004140199908786139,0.0,0.0,0.0004962412511670785,0.0007151916096334195,0.005372469265166416,0.0009152212061398683,0.00460257630810964,0.001476298223040279,0.00029221654628238487,0.0004525001325450937,0.0020352738277079987,0.0010066491348272096,0.0031050969648616085,0.00016607577122437558,0.0032719137888850315,0.0,0.05620447827134304,0.11709563883406253,0.07999275081099244,0.0005320718233247765,0.08970705916225193,0.0038595448844691506,0.030128777395339916,0.0019920735892492865,0.023555355866022587,0.0277283728144868,4.1783916925627165e-05,0.024276657949786687,0.00012988999886028908,0.0008281976827518411,0.0016570266531051616,1.3421644422072348e-05,0.00014466939785083495,0.0004341028031715787,0.023739390049146943,0.047565019820551634,0.033778348516491474,0.0024264048608405087,0.0009073850759635509,0.0008281976827518411,0.003108245873907911,0.0006850719119123584,0.000414019990878614,0.0,0.02804674273161088,0.12837692682187546,0.0003359931608041961,0.00010071252555749982,0.016357125027881763,0.00019901256259370818,0.05388150377072981,0.07545467678898993,0.020492167908792158,0.02112146616872042,0.032277830411991164,0.169823859612612,0.03140469563954689,0.07549846547257069,0.002136612371112337
82,0.004200986878541288,4.730044136304346e-05,3.219744099031844e-05,0.07117718339190467,0.005925621202299048,0.3554581415190905,0.0010846098477566115,0.0008054840171043151,0.0009035564418980418,0.00013130325323382452,0.0010502240191766208,0.0018673531052102997,0.0,0.00044967115737489665,0.002692472229674647,0.0,0.0010846098477566115,0.0006118709820898165,0.0005421971664525797,0.0,0.0,0.001009495152697388,0.00195485844986277,1.7944926073153485e-05,0.003972595916145356,0.0006837990901364518,0.00195485844986277,0.0007027021019292338,0.0010349508210669444,0.0020219867783356966,0.0,0.0005421971664525797,0.0007590654380230642,0.0,3.540710539113519e-06,0.02531569486337143,0.010089047732983554,0.004403483190948767,0.05316307878033624,0.02786681300220069,3.231382290090501e-05,0.00028613520655598474,3.561302981618076e-06,0.0028977238077598153,2.9250845589253243e-05,0.0005824396187360644,0.0035658377693461706,0.007269387223713859,0.0020542045625691926,0.004052323945381061,0.0010846098477566113,0.0021501213337862157,0.0005421971664525797,0.0033229915864228603,0.010232966458856983,0.00042503636357082243,9.117527506658071e-05,0.00944588335494746,0.005588811064032523,3.540710539113519e-06,0.003533175711273158,0.004887547597705242,0.0005421971664525797,0.0,0.0,0.00195485844986277,0.0,0.0,5.399221608552879e-05,0.001654313976645192,0.0008306213483444392,0.0006317176776260039,0.006741592007798329,0.006939262144768721,0.00029523978297143295,0.003741661282309809,0.012683923479119884,0.0064700710479225635,0.030693470157165472,2.70060235316398e-05,8.29989764195355e-05,0.05620447827134304,0.0,0.057051552077714125,0.10863880367248721,0.024987659830172756,0.03154496560918167,0.02437933532001142,0.12021221975419032,0.03573431254214898,0.5414994901830787,0.14123912382326795,0.05303621434642957,0.0005981398253374673,2.068579340077115e-05,0.0010846098477566113,0.0006118709820898165,0.0009876773019322938,0.004946101669852578,0.0009050323273847439,0.0023506798243365865,3.0147767837812732e-05,0.018873379506540125,0.01662866001570937,0.000187714921166295,0.00030571052915864523,0.0026136640246163267,0.0009871348482967269,0.0005421971664525797,0.0,0.07203306654790016,0.21795024104155622,0.0016574871871596491,0.013135136831009565,0.018601072090586524,0.017116249730474407,0.041248225412654535,0.12097399084783146,0.09507934615745173,0.020267932428568915,0.21030233481072202,0.04748124590307971,0.07935405460439382,0.09356477234085578,0.0004993340309079914
83,0.0011397499197088323,0.006686295319917816,0.03436227231716164,0.003820462065297185,0.03567900847474828,0.10914435766939058,0.001627217708163935,0.0005584473230333578,1.730093947933578e-06,9.818688326716751e-05,0.0037807981188265677,0.0008972098645403552,0.0,0.0011237052586091328,0.0008581738939284263,0.0,6.160894063365328e-05,0.00012330167888665385,0.0014395224108879063,0.0,0.0,0.00016572329772412785,0.0008134316169026749,0.0006606606091817286,1.854500478876934e-05,0.00274562210643803,0.0014395224108879063,0.0006439086584271902,0.0071888557363389465,3.1758463936155975e-05,0.0,0.0008134316169026748,0.0006800580469473852,0.0,0.001256215974246403,0.0022120656191119826,0.0012277522920940158,0.0009938065832571586,0.02415521988124879,0.011697351190119486,0.006540932767006407,0.0007369563148615379,0.0003475478729835318,0.0013572083486903324,0.0002201216180697703,0.0003037686105084447,0.0070864018867600916,0.0009575645950700175,0.05814862939260455,0.00015613506340146884,6.160894063365328e-05,4.6264714626088167e-05,0.0008134316169026748,0.0010796984726552643,4.215727241091936e-05,0.00020493338586793922,0.0030923384448781352,0.00029194421934554,0.11651243844932678,0.001256215974246403,0.000754635083149277,0.0010398747267372182,0.0008134316169026749,0.0,0.0,0.0008134316169026749,0.0,0.0,0.000396332690697916,0.0008316606437546003,0.0008150623413020469,4.7781703775047295e-05,0.019968311867728558,0.02843666784589497,0.0021305513786367626,0.0001818504624398908,0.0061242595904435464,0.011621563778429206,0.031156670229763237,0.0008944464746431417,0.000370914059622516,0.11709563883406253,0.057051552077714125,0.0,0.535122336135649,8.499158197396712e-05,0.11941238066365001,0.005762440075386934,0.028535092294197456,0.012811180697136718,6.905488629556415e-05,0.1548036646081954,0.04255859386448028,0.048980966343188874,0.0006744768186944963,6.160894063365328e-05,0.0015780420942888944,0.00024693923760258686,0.003344899798356412,0.001283979718455863,0.04868160210064403,0.06525431144985852,0.07377735771567016,0.025953354647647545,0.00043502124300206835,0.0028798277060087334,0.01183619476019976,0.002407073357627226,0.0008134316169026748,0.0,0.009710760530684912,0.1305525612495963,0.0017537269811726645,0.003947738981178334,0.005572651296058845,0.0012620604068198057,0.08538589968820276,0.20826210573398846,0.030319013810325344,0.0040402160507027225,0.12205596859042236,0.031881681822272044,0.07544180645095137,0.2927244915371395,0.0017862575088791045
84,0.00012451374291376288,0.0015205484220683883,0.011698632954574746,0.014987051688078066,0.016229051442957172,0.12743366147604274,0.0010875790198352987,1.8703573373020118e-05,1.3621455635584042e-06,0.003488384562728063,0.007078922046321756,0.00011018497930503556,0.0,0.00026119128649727764,0.004997440394477303,0.0,0.0010875790198352987,2.6622591833051815e-05,0.0019512358883228605,0.0,0.0,0.0005008561542674017,0.0005436814038333076,0.0005266376135929057,8.445930025897847e-05,0.0037181646324423684,0.0019512358883228605,0.0004217162267572669,0.003430950302590821,0.0020379301140658985,0.0,0.0005436814038333076,6.022088258862788e-05,0.0,0.00034276868988547126,0.027431295021933613,0.001280871880074337,8.777886854865655e-05,0.025536970942616668,0.009338747335206359,0.0028265723460128294,0.0036708771783510864,5.505849967105505e-05,0.0029119582623427214,0.0007182881610986088,1.0764140074906371e-06,0.0010129549427620801,0.003124187002240557,0.03403645551400502,0.0013425874457197841,0.0010875790198352987,0.0003093701700693623,0.0005436814038333076,0.0010347281826745566,0.003020091542351061,8.954028599996407e-05,0.003997955794511112,0.0018240195046780303,0.027268147265848447,0.0032541996295726706,0.00019192312273552594,0.00017264263004619634,0.0005436814038333076,0.0,0.0,0.0005436814038333076,0.0,0.0,0.00147299772120246,0.0006453275039009123,0.0029690147693231528,0.00023614447056943068,0.012645494006240706,0.014898898482268311,0.0008908241780693541,0.0006489549224947798,0.006954869687840592,0.013793498034276852,0.03611513119244666,0.0025285030087591697,0.002498265283816914,0.07999275081099244,0.10863880367248721,0.535122336135649,0.0,0.004435122853291247,0.10448316738913017,0.0030877007626764754,0.028056550245474102,0.002277176217883307,0.01926498369932199,0.02538982204978593,0.014733943250485961,0.00720827185792712,2.0032403939931512e-05,0.00030357220500087635,2.6622591833051815e-05,0.0009944590686785932,0.0013914652296064083,7.409934793635881e-05,0.014734408046966846,0.029886030423320394,0.027929912016486185,0.0024848143155424816,0.0012764669033551905,0.00030357220500087635,0.005546175140629073,0.0026140580748218213,0.0005436814038333075,0.0,0.02156337638313703,0.10314372145997401,0.0021266257254174254,0.007540145662649132,9.33521030534408e-06,0.001260086070273679,0.05097167359704824,0.1379218758964024,0.03597558040692118,0.0010908944940329524,0.1106815983824253,0.036403775651209704,0.06093434829280194,0.09186361190346104,0.0007363983460322776
85,0.0020848404452003463,0.0009020697059312019,0.0048958950838311,0.0009726261959139708,5.355225870456659e-05,0.00036669086929774146,1.980329680271688e-05,0.0024711552833171385,4.768850981718062e-10,0.0006477061957255282,3.7599141065521654e-06,0.0003136121190234047,0.0,0.00010281841501218406,2.777730236409948e-05,0.0,0.0018573864597112352,3.963317321544312e-05,0.0012826656628391571,0.0,0.0,0.00014611894255643317,0.0009284827211193896,0.0014808653512277002,0.000933028594107153,0.018618082884820135,0.0012826656628391571,0.0034163610663096133,0.0001847613035638313,6.88884006102796e-05,0.0,0.0009284827211193896,0.001429931537646562,0.0,0.007354096627362354,0.004737547507286427,0.008160608927037575,0.0029017625371608718,0.0050561681718631615,0.0018951482714290304,0.00037379118959334265,9.168807890687274e-05,0.002188255824561939,0.0008062811311951518,4.823349346899567e-07,0.00039187047298452996,4.359748906879874e-06,0.002881475015650505,0.012119417840324586,0.0012233672985271843,1.980329680271688e-05,2.6140845941530672e-06,0.0009284827211193896,0.0005926886703811262,0.0003930590827229809,0.0011087918630047998,7.26270985500195e-05,0.0009247578447377569,0.0015528134744803776,0.0006933967588849448,0.0020223448121288986,0.006242622348915857,0.0012826656628391571,0.0,0.0,0.0009284827211193896,0.0,0.0,0.0014527047084586379,0.001600976868367064,0.003234895696397642,6.88884006102796e-05,4.1951676152957256e-07,0.0010448963619197023,0.0010662296714883742,0.00015690896637042274,0.004173622941986596,0.0001645417775822486,0.00027112513988136093,0.000446075029332521,0.0019084876747472973,0.0005320718233247765,0.024987659830172756,8.499158197396712e-05,0.004435122853291247,0.0,0.0014009552475134498,6.480599565907281e-07,0.0025283863623502367,0.023718084473845595,0.00663786727388692,0.002123618617359503,0.004053662976319164,0.003445929825579199,0.00012126961833223883,1.980329680271688e-05,0.0005130709533235549,0.00743967230223142,6.791598362766184e-05,2.790882725594089e-08,0.00286409688034903,0.002002427771997701,0.003448483368147843,0.004482995762814099,0.0004777976410172735,1.980329680271688e-05,5.060992684128234e-05,8.897861008611451e-05,0.0009284827211193896,0.0,0.0031983938349749766,0.0009565245949529409,0.002813020612882367,0.005928725234021833,0.0024026893789246316,0.0008805578968367159,0.005566864943683785,0.012708527218624753,0.011083454326299822,0.019945552882333493,0.004239286463026436,0.0071312621277418485,0.0025850991328853884,0.0035744585390586826,0.0010472363981167692
86,0.0008632967981119593,0.003201834706413531,0.07627716173868347,0.02402383199637356,0.01833647542092711,0.10045107105043224,0.0005973883509868237,0.00017266053664633625,7.267956127230266e-07,0.00012488877136854743,0.0032910706368775152,0.0002950695212944065,0.0,0.00010409255150376595,0.00030278153973995256,0.0,0.0005973883509868237,0.00012154000189460885,0.0027815994288656267,0.0,0.0,0.0001381930235222514,0.00029863941410245763,0.0016752649126716118,0.0001979041070740938,0.004380375365699518,0.00029863941410245763,0.0025670990053034545,4.011671613077199e-05,0.0008015156015763844,0.0,0.00029863941410245763,0.0026917043288494052,0.0,0.0003311380827426487,0.01683514643110784,0.0025358111621261187,0.0018396605085016136,0.10703935237435502,0.06245242376000101,0.004569359275654216,0.004975738596201213,0.00021267929581690346,2.5001579006934636e-05,0.0003617012148512467,0.0011741450641907297,0.004111691051691797,0.012864362199436596,0.018279578066819145,3.168856798231838e-08,0.0005973883509868236,0.0008632967981119593,0.0027815994288656267,0.001332618507820045,0.0009535393672292741,1.8905856119849874e-05,0.0008751334214226539,0.0012602142955664799,0.024542948451476025,0.0003311380827426486,0.004817107729749273,0.0002081046722045512,0.00029863941410245763,0.0,0.0,0.00029863941410245763,0.0,0.0,0.00033656442193936916,0.00013449951780969863,0.0008563786180549768,0.00010562625517945731,0.008074016900278461,0.008089491480907077,0.00018998147108716283,4.271665460379692e-05,0.003216814640506047,0.0012099245098862162,0.00821303362302379,0.0002057645103674883,0.0014460330524589118,0.08970705916225193,0.03154496560918167,0.11941238066365001,0.10448316738913017,0.0014009552475134498,0.0,0.0009850158994408722,0.05912777006587128,0.0027460861937970964,0.003792154572821456,0.04427289991890006,0.026097728604909942,0.011980285651378387,0.00036020527563424617,0.0005973883509868236,0.001195215115595305,0.002392186470644969,0.00770361017380389,0.008508129548222318,0.035897574996873606,0.06005771105793331,0.04737022077440545,0.00555883495057764,0.0017714361408965353,0.0005973883509868236,0.0004895094948893021,0.0009728817803246598,0.0027815994288656267,0.0,0.007543241475220205,0.10937748199013007,0.0006212571830481402,0.001041910111122146,0.005286121182426533,0.001329126832110808,0.0878403574059413,0.059158239055650305,0.022175278202146997,0.007850789914285351,0.061255056827591296,0.1276601722359612,0.020567555408811417,0.07827620579448195,0.002145709297284282
87,0.004278655934322164,0.00013929662257692934,0.00028398411523658995,0.003856485139994244,0.003195083525462589,0.0028698605141780553,0.0001909572634746878,5.4697196834934895e-05,0.007937640482239595,0.0006883831866759673,0.0001425874760529236,0.00013697796673503454,0.0,0.00013975663304849722,1.1404493421099875e-05,0.0,0.0001909572634746878,0.0003820457588107524,9.54622390246801e-05,0.0,0.0,0.0001671907050689729,9.54622390246801e-05,0.00028162472646819453,1.5902887367326033e-05,0.00028451858864532426,9.54622390246801e-05,8.066149253052924e-06,0.002350984241134615,3.892908032684484e-05,0.0,9.54622390246801e-05,0.0008603423223365383,0.0,0.0009561004433757271,1.6686684592322697e-05,0.003209424212541763,0.006371880722165413,0.002659623516974534,0.0008375073281732062,0.0026844435789960494,1.5573364489451462e-06,9.416823646825223e-05,0.0012435728319301457,0.0004573365486705394,0.00013532815673475418,1.0874352833178488e-05,0.004284664258582245,0.0008254896003381069,0.0005540761187700241,0.00019095726347468782,0.000979600421734795,0.004487479330369424,2.70609278912052e-05,7.413967714677201e-05,0.0003568011827419167,8.518477400549032e-06,0.00014458803052772853,0.016544712035952005,0.000956100443375727,0.0008251244820556812,0.0008603423223365383,9.54622390246801e-05,0.0,0.0,9.54622390246801e-05,0.0,0.0,5.588865821983032e-05,0.0014353863399032862,0.004694960247406024,0.002011622069063056,0.00038198230386562456,9.029604939129613e-06,5.16213283013654e-05,0.00012281138952948648,0.00011461795660482587,0.00011355095973450503,4.524436674879495e-05,0.007755844569113463,0.001147715675416736,0.0038595448844691506,0.02437933532001142,0.005762440075386934,0.0030877007626764754,6.480599565907281e-07,0.0009850158994408722,0.0,0.0004261759341692833,0.005859331469583192,0.005729162798549977,1.8829057691231026e-05,0.0030098822867338183,0.00034347647779475553,0.0002864850958839214,0.00019095726347468782,0.0012176581080284123,0.0007646171676488266,0.002388901866284983,4.7840768483085506e-05,0.0003732402717243467,0.003002444238703694,0.0005139768089730913,0.0011728562984935804,8.657885792596613e-05,0.002391596482238125,0.0013204458673147892,0.0017106375293459155,9.54622390246801e-05,0.0,0.005629269374113885,0.001965810819096532,0.0014849531897181596,0.005938151103923199,0.00015457657348639712,0.003480810917649287,0.0009955026724303843,0.004063514321752487,1.39649464189947e-05,6.772205349525177e-05,0.006326338900106399,0.003288723908244965,0.001768943544701976,0.0035726390205342703,0.00012419632872105344
88,0.00012747559601435896,0.00011471154666053828,0.0006260879587773438,0.016660613827783288,2.8591158334570066e-05,0.042227353597761245,0.0004972395093179943,0.00016758492054591006,7.666171837370238e-05,0.00023058979991042618,0.0009443563824597553,0.0017043342315967056,0.0,0.0023903230819226733,2.6198796903443508e-05,0.0,0.0004972395093179943,0.0002372378811406235,0.0002485749106550237,0.0,0.0,0.0046023027210828574,0.0002485749106550237,0.0015939025113350335,0.0031764183307245995,0.0045615643575293305,0.0002485749106550237,0.00017559523502154564,0.002041514623921017,0.0003793467601981247,0.0,0.0002485749106550237,0.0022404084228180754,0.0,0.00014579308634413008,0.002284246615316166,0.0020191250859450576,0.0002659554263401724,0.05647703420598188,0.030019530685283673,0.0008766616251403357,2.0939795966366224e-05,0.000763503413159949,0.0005277327116354864,0.0015322462289813464,2.5615596223820777e-05,0.00034116276267581155,0.000581608775265759,0.0005838902467759908,0.002791885231534527,0.0004972395093179943,0.0003479957571857348,0.0002485749106550237,0.0005222581437737519,6.681911031574628e-05,9.848165335930814e-05,2.6466339429010765e-06,0.0002891854651487345,0.0012909046935648718,0.00017281125973847613,0.003860405038903449,0.0022404084228180754,0.0002485749106550237,0.0,0.0,0.0002485749106550237,0.0,0.0,0.0037142452788958306,0.0007223016827503639,0.00047310182641774134,0.0003793467601981247,0.0009525464901707336,0.002398465832678738,0.005923087514686312,0.00041488022057148985,0.004938424941345488,0.001179592789014884,0.003660836687206724,0.000697232685552183,0.0007139453934166613,0.030128777395339916,0.12021221975419032,0.028535092294197456,0.028056550245474102,0.0025283863623502367,0.05912777006587128,0.0004261759341692833,0.0,0.0034274919161202443,0.040025568239685026,3.0200430987667577e-06,0.002116786969847361,0.002744086355390414,0.0005260073435986214,0.0004972395093179943,0.0009948380302520785,2.236724442595964e-05,0.0024409469791519924,0.0032842458228998037,0.0039250518306348245,0.0025895284442219173,0.010085778954475414,0.001334074065112213,0.00022018137772131377,0.0004972395093179943,5.488419542982105e-06,0.0008351635982663587,0.00024857491065502366,0.0,0.015000795401831744,0.0579866201687717,0.0004203686151653541,5.626580920118803e-05,0.004749735445556483,0.0007027852475508997,0.006018183967347153,0.03188341939933283,0.026610527214187184,0.022535250938309603,0.027600692802250408,0.04820043924830693,0.03784079170709636,0.04001751500901123,0.0010493272563332932
89,0.00022201542018063632,5.978419721140563e-07,0.003910386634625172,0.007122213914531112,0.003214800743070675,2.3985168005380806e-06,0.000612688179414224,0.00018335200869248758,0.0003631242580321785,1.1198896345382953e-06,0.003375372857281746,0.0004404977873300417,0.0,0.0015282495496715754,0.0003668910778318797,0.0,0.000612688179414224,0.00010819784247795096,0.0027453028954685862,0.0,0.0,9.406022887175872e-05,0.0027453028954685862,4.065551778973702e-06,5.746846868833275e-05,0.04151010433288172,0.00030628778536675365,0.0004280516171012837,0.002901556885918939,0.005759069287973962,0.0,0.00030628778536675365,0.002760650972237663,0.0,0.00036378819273278544,0.004473801515672051,0.0001120255480467108,0.0020407298844110034,0.012284209828796591,0.00020680892526914963,0.00033563158487644553,0.0023948893246653856,2.1188491327637305e-05,0.0008504440179564506,0.003759653556832431,9.183120833346651e-07,0.0003488669148501485,0.026503343738237768,0.0006885605393432738,0.000757354688525646,0.000612688179414224,0.0033901567543186345,0.00030628778536675365,0.0010977493171873637,1.891788709689699e-05,4.9089531285463855e-05,0.0004360722178651554,5.250627717418115e-05,0.0005644300998626969,0.0030679552348351663,0.0020484143251362904,0.00023308165381485206,0.00030628778536675365,0.0,0.0,0.0027453028954685862,0.0,0.0,7.2681052345781e-05,0.0012301269189866407,2.7058280830659933e-05,0.00040756263802871394,0.0008159213997737822,5.5138497921674345e-06,0.0003313131081922399,0.0006487563056990118,7.82563609112883e-05,0.0008327208438566036,5.2309173425922735e-05,0.000659034745970111,0.0006752893011494417,0.0019920735892492865,0.03573431254214898,0.012811180697136718,0.002277176217883307,0.023718084473845595,0.0027460861937970964,0.005859331469583192,0.0034274919161202443,0.0,0.02932744557275991,0.08693301625159604,0.002993989189572873,6.020384231367109e-05,0.0003392085706643827,0.000612688179414224,0.00010819784247795096,0.0024534599856531345,0.0016685122291848534,0.0018811662217225386,0.016598531659768326,0.01781154304930455,9.620276765605718e-05,0.001081660975826596,1.1933886789582859e-05,0.000612688179414224,0.0005056916420619973,0.00036741935311662753,0.00030628778536675365,0.0,0.0021881372875103226,0.0024659273494880563,0.0007118586610263453,0.0030669984509445994,0.00039189108037010294,0.0001304491053527089,0.07618694256358548,0.004962815127903703,0.0038964076197213556,0.02768006582834652,0.0027744273214343616,0.0003986865418771312,0.008562852912897788,0.0012493186822921283,0.00037263169101360815
90,6.845386158729779e-06,0.0007914707347093624,0.008535720342747037,0.12812156478096018,0.0005901677524567076,0.18417734935005098,0.0022183124073528486,0.00016481801698807867,7.51998269547043e-05,0.0003287989775778253,5.9596694622619505e-05,0.0009767027123222954,0.0,1.9994131683960094e-05,0.0016510534580281263,0.0,0.0022183124073528486,0.004333375741516978,0.001082566301065738,0.0,0.0,9.908220480542994e-05,0.001082566301065738,0.0005024378668935259,0.0010263036245572745,0.013637083308139406,0.001082566301065738,3.3907570602786353e-05,3.427489334814462e-10,0.0010238049538746983,0.0,0.0011088883896671813,7.554039912497637e-05,0.0,5.49482729706473e-07,0.005842340699642757,0.0033830204743647905,0.0005256938787098955,0.084584272785082,0.04567320038178293,0.0006587649322001718,9.588241681182509e-05,0.0013376179894245659,7.503565591950498e-05,0.0006418479799715828,8.121266786040797e-06,0.014130521787319331,0.0013361566702896797,0.007275531483778116,0.000990575609372432,0.0022183124073528486,0.00033608909219131434,0.001082566301065738,0.0028461196538027947,0.0028686760198207645,0.00036137306908830795,4.474425869520804e-07,0.02341535864226691,0.04884525321225335,0.00034621672610301777,0.008287994672157805,0.00010193282389770261,0.0011088883896671813,0.0,0.0,0.0011088883896671813,0.0,0.0,0.0003478596443016854,6.702992585047612e-05,0.0021395255533778737,0.00030360118227681877,0.0034846381258439125,0.0009748528861287432,0.0006655051803388586,0.0030246881715941818,0.0069877231616673145,0.002169014485611668,0.021321194174068716,0.002456215972953684,0.002570160305516979,0.023555355866022587,0.5414994901830787,6.905488629556415e-05,0.01926498369932199,0.00663786727388692,0.003792154572821456,0.005729162798549977,0.040025568239685026,0.02932744557275991,0.0,0.26908913627699454,0.035397612179707216,0.001971328829577539,0.0002557565667273405,0.0022183124073528486,2.1935334355757237e-07,0.00042718564749250797,0.0017206622597006167,0.0026885711544254796,0.00014862818150332597,0.003060236531762629,4.723082303448212e-05,0.0005058509711778779,0.0013720972771777975,1.0960357591951736e-07,0.00043531275773232543,0.0057849988635182495,0.001082566301065738,0.0,0.036243304535498275,0.11091866778638095,8.481085057524911e-07,0.005241517915085822,0.00389131774322288,0.0005984394701458828,0.031842547864945336,0.014856847564708642,0.012316509716770207,0.01504572103346766,0.07696387994275601,0.014424927877483415,0.03168406609184439,0.018618536591405322,0.0030795002220406543
91,7.514525537661416e-05,0.002509210439452563,0.05006490338168123,0.01231481261426774,0.017542231650624403,0.014216876658589804,0.0042355603665287294,0.0012078978081038014,0.000154972788166842,0.0014001704884604978,5.078730170572241e-06,0.00025761989432214987,0.0,0.0017937660061918576,0.0028236433742676098,0.0,0.00040606496553692237,0.0019226106902444258,0.0021170380914237036,0.0,0.0,0.0020525503727169435,0.0004803719612690917,0.0001031017045284342,0.003307394815203149,3.627594785638976e-05,0.0004803719612690917,0.0009928429847778765,0.00016108777396697213,5.0697535609214945e-05,0.0,0.0021170380914237036,6.066781239586974e-05,0.0,5.7293486300963327e-05,0.0006239165226761688,0.00015594773487967624,0.0019401484628314763,0.00047970775980371664,0.0016390225943395933,0.0005071503084762949,0.0019920940987386226,0.002274796832811956,0.0018894464321262238,1.0944948195875905e-05,0.00016552095374062784,0.01145212867542833,0.0007133640899853591,0.000891924246541163,0.0012530488614732826,0.0042355603665287294,0.0004375850806500026,0.0004803719612690917,0.00010480666867276946,0.001764680738157296,0.0005227399668421785,0.005930743985543743,0.009971341142235583,0.28057357655866877,0.003998615245305383,0.00497574395471913,0.0009995779916969066,0.0004803719612690917,0.0,0.0,0.0004803719612690917,0.0,0.0,0.0010729368331505718,0.0002971844135442967,8.207838081700126e-05,0.0004737608271354635,0.0015430388022841532,6.860015834583657e-05,0.0006014726124292079,0.0019513901665126616,0.00012481714341984075,0.005284580052704731,0.002260189194878869,0.00045276269565734743,0.002445684428300625,0.0277283728144868,0.14123912382326795,0.1548036646081954,0.02538982204978593,0.002123618617359503,0.04427289991890006,1.8829057691231026e-05,3.0200430987667577e-06,0.08693301625159604,0.26908913627699454,0.0,0.01394724722952655,0.097581741767963,0.001441677159467407,0.0042355603665287294,0.0008127475967220675,0.0016279717761816896,0.0011923082785435578,0.013297145888642238,0.01670442348454854,0.042279371551832264,0.01948925504277001,0.001721559754407783,0.0001830657646886058,0.00040606496553692237,3.3064550239595655e-05,0.004964102114284205,0.0004803719612690917,0.0,0.0019601334487810073,1.9726393072577963e-05,0.0005094007099647668,6.330426882947298e-05,0.00048465351024017464,1.1468243693500794e-05,0.008412078543054919,0.01141664749490917,0.0190625442200287,0.0005866023602163003,0.0032206353306671277,0.031370145657171014,0.0013732751654709802,0.03714771624504003,0.0031898435893569954
92,0.0029623438541283294,0.012249027465703515,0.005240387366183736,0.004254731341100544,0.00357419385961231,0.0005265012607326738,0.00024396550584329145,0.0014568955293742382,0.0003287103566302381,0.0005093033655508385,3.301081046468509e-05,6.234138302340126e-05,0.0,0.0005186662952573301,0.0013107036731928256,0.0,0.0020430988748751625,0.00048810010159784867,0.00012196163133027816,0.0,0.0,0.0005640202675934033,0.004112482330700726,0.006150410616589602,0.0009494000842750136,0.00015936265518039523,0.00012196163133027816,5.742446070082296e-06,0.0001367364524479969,0.002570104462288051,0.0,0.00012196163133027816,0.0010991779005589501,0.0,6.949455628806192e-05,9.128520976342784e-05,0.0025536636195576177,0.0024550699443250277,0.00035211268353625507,0.00021301235836982107,0.003387402073767478,4.225645961932797e-06,0.00874848439306744,0.0015888045736756932,0.0009086229801686613,0.0009671818428954617,0.0026870181325231823,0.005658815772231906,0.03169905147467887,0.001994808972146891,0.00024396550584329145,0.0004084894173755248,0.00012196163133027816,0.0036773444740904374,0.00014757231308161446,4.410384573671014e-08,3.686643276997057e-05,0.003092905018100608,0.0021749583631295462,6.949455628806192e-05,0.0019266465585125014,0.0010991779005589501,0.00012196163133027816,0.0,0.0,0.004112482330700726,0.0,0.0,0.0004885824687767235,1.0317290333041069e-05,0.0036105014159339872,0.0001957246349509814,0.0003433046080455876,0.004950281753861901,0.00026473538556698274,0.0017091058556976194,0.0003742415391970219,0.0002715381478048327,0.00026662789462926647,0.0005393734506368362,1.100204132907074e-05,4.1783916925627165e-05,0.05303621434642957,0.04255859386448028,0.014733943250485961,0.004053662976319164,0.026097728604909942,0.0030098822867338183,0.002116786969847361,0.002993989189572873,0.035397612179707216,0.01394724722952655,0.0,0.01410857617079983,0.00036601165282603034,0.00024396550584329145,0.0009221876653019605,0.004595615031341057,7.898560000241853e-05,0.00041143973090479826,0.012866731224300383,0.01385253749526907,0.0044764519725811755,0.003177961682036266,1.072609110532123e-08,0.002043098874875163,0.0010862619411932991,7.308056418883147e-08,0.00012196163133027816,0.0,3.739152564626846e-05,0.0026231834095507786,0.00026159957622060265,0.002115533936639293,0.0008118481457896329,0.002083948382667041,0.0004069644188830844,0.0029322593886715017,0.0025541226214285035,0.00027683435307461045,0.019858034176516087,8.035541266975486e-06,0.00018342275759848222,0.018232584846033115,0.0011317862529347286
93,0.0037225953663494156,5.721950718279694e-07,0.005014078800527826,1.2539780606646518e-05,0.001099868298886347,0.005910785697641242,0.000504641581491064,0.0018285574344028574,4.88199916219589e-05,4.537333956852761e-06,0.00278005067657022,3.423364653810972e-05,0.0,0.0024579566438790988,0.004881435302787199,0.0,0.000504641581491064,0.00022676818357893037,0.0030259753646630885,0.0,0.0,6.306246671280908e-06,0.0002522752244465351,0.001697036206502689,0.00012982268992975358,0.019889321851255796,0.00025227522444653513,0.000703293561439158,0.00034804662182945064,2.9134192252045518e-06,0.0,0.0030259753646630885,8.105134705589727e-05,0.0,0.0029887123600458054,5.801253567360075e-05,9.990676243973403e-05,0.0025734620367554814,0.03504331225177265,0.01923784083212676,0.0009529996644270502,7.21917082191021e-05,0.0010736042939621727,3.2462473941492613e-06,0.0019106045271573664,1.576408862229081e-05,1.0044972893291805e-07,4.3679055280174176e-05,0.0002730715239991596,0.0011973105933968792,0.000504641581491064,2.7188351943655725e-05,0.00025227522444653513,0.0004755886542494198,3.98888859860817e-06,0.004379441396689219,0.0011953447860583517,0.0014470318715292941,0.020489539697620705,0.00015757303682214791,0.0001263279484424607,0.002273763347130513,0.0002522752244465351,0.0,0.0,0.0002522752244465351,0.0,0.0,0.00031144567818205813,1.9591059890465345e-05,0.0005929308055230741,0.0020930679463447266,0.00325283913212548,0.00011850967732591652,4.514673159440293e-05,0.0008756936253808688,0.00013195739205334103,7.237885356940887e-05,0.0007030428426670171,0.00030277028042741957,2.682722137322896e-05,0.024276657949786687,0.0005981398253374673,0.048980966343188874,0.00720827185792712,0.003445929825579199,0.011980285651378387,0.00034347647779475553,0.002744086355390414,6.020384231367109e-05,0.001971328829577539,0.097581741767963,0.01410857617079983,0.0,0.0007570991371411342,0.000504641581491064,0.00022676818357893037,0.0020207572096986896,0.0001925883235292201,0.0002486326752959945,0.0004315721513678206,0.0076593756644666115,0.004962537287502283,0.002165051429242232,0.00024451715704315553,0.000504641581491064,2.8070819543056188e-05,0.002329288293817301,0.00025227522444653513,0.0,0.0010327027686888896,0.004725401482942234,0.001327123244351916,0.0036370858245949964,0.001280058731643551,0.00034731120781049613,0.004304066498680725,0.016239632652125403,0.011591664875011712,0.024132202151951204,0.001411837947051417,0.02456233366984436,0.020746982257732267,0.016771851585569174,0.00027473121105432274
94,0.00019343938500441515,0.000740629174252844,0.001191832158670326,0.001310765443247781,0.0007980424958510846,0.0018319677017070645,3.160156899371077e-06,9.573319155809476e-05,0.0007999119853753361,0.0002000252867381338,1.74069879685237e-05,0.001112939123236048,0.0,3.965417243409052e-05,5.880663162851798e-05,0.0,3.160156899371077e-06,6.322421625602773e-06,1.5798151476934783e-06,0.0,0.0,7.322192213428328e-05,1.5798151476934783e-06,0.003521993081237329,0.0001167326562181639,5.7207634910359465e-05,1.5798151476934783e-06,0.0006630298474324585,0.0021120592398135595,3.3287174371536885e-05,0.0,1.5798151476934783e-06,1.4237323657246555e-05,0.0,1.5821890923735055e-05,8.200451624419858e-06,0.0029027739053678354,0.0001054136956479528,3.11283291713179e-05,0.0026081523070880324,0.00010864492782791774,0.0007517107707072335,0.0037920319107299983,2.057877281018275e-05,0.000742297875212487,0.000680646816394282,0.0002739721520271139,0.0003762606756184571,0.0007360319114646906,0.00013945197174742273,3.160156899371077e-06,0.00019343938500441515,1.5798151476934783e-06,4.762496318414291e-05,0.0006111256947224354,0.0023591065812356917,0.00016550521645021613,0.00016391552055584435,0.0010494467266692618,1.5821890923735055e-05,0.00013782554797966252,1.4237323657246555e-05,1.5798151476934783e-06,0.0,0.0,1.5798151476934783e-06,0.0,0.0,7.001473430600872e-05,2.3752681025414033e-05,0.0004209309308673726,3.3287174371536885e-05,0.00013546320463583687,0.0004911501085302044,0.00026666269016570825,0.0008829079846436801,0.00043995732569005776,0.00014107895365721577,0.00020992132494394785,0.0003083486778962374,1.899261514533592e-05,0.00012988999886028908,2.068579340077115e-05,0.0006744768186944963,2.0032403939931512e-05,0.00012126961833223883,0.00036020527563424617,0.0002864850958839214,0.0005260073435986214,0.0003392085706643827,0.0002557565667273405,0.001441677159467407,0.00036601165282603034,0.0007570991371411342,0.0,3.160156899371077e-06,6.322421625602773e-06,1.2653285816062469e-05,0.00013457437333666526,0.006125834602103722,0.0008620223764641117,0.0008639172707290282,0.0011975845467081568,0.00020992132494394785,4.284088081869166e-05,3.160156899371077e-06,4.795761483453159e-05,0.0008111444298167431,1.5798151476934783e-06,0.0,0.0011029622141470713,1.3862827162980648e-05,0.0003066632796320292,0.003839313088647922,5.777510143173386e-06,0.00030617305019762733,0.0015631095609896463,8.227338240009725e-05,3.267412505164007e-05,0.0011349625074270947,0.00043712174176499226,0.000584428567157788,0.0006999998509933912,0.00013813036755456456,0.0008086467094859501
95,0.00012893766071398103,0.0015626939276716396,0.0036002070781867923,0.0008736759265517213,0.001023867997069227,0.0012210634171000545,2.1064201576591835e-06,6.381138672802469e-05,0.0005331778764615104,0.00013332749939185508,1.1602721733474839e-05,0.0006534521328819805,0.0,2.6431692177201516e-05,3.9197848874713934e-05,0.0,2.1064201576591835e-06,4.214245063641964e-06,1.053034601945521e-06,0.0,0.0,4.880641901630437e-05,1.053034601945521e-06,5.3086288774883413e-05,7.780864460811596e-05,3.813203084630745e-05,1.053034601945521e-06,0.0004338041360252598,0.0001304500649039638,2.2187739432970904e-05,0.0,1.053034601945521e-06,9.48996541758867e-06,0.0,1.0546167042215826e-05,0.0011551336005744253,7.996758139728939e-05,7.026395787305395e-05,8.05000331674168e-05,0.0017383819623844662,7.241774557807352e-05,0.0015523536233796429,4.453233677833763e-05,1.3716891263627647e-05,0.000494775999160186,0.00042656592667909875,0.0006655285615263384,0.00025079695666464286,0.000404950226714104,9.295226245789285e-05,2.1064201576591835e-06,0.00012893766071398103,1.053034601945521e-06,3.174465919021679e-05,0.0004073446839223899,0.00011580460855428793,0.0007793201611848142,0.0001092584895312625,0.005115480627659582,1.0546167042215826e-05,9.18681659503494e-05,9.48996541758867e-06,1.053034601945521e-06,0.0,0.0,1.053034601945521e-06,0.0,0.0,4.6668655435557094e-05,1.58324759017268e-05,0.0002805717301620151,2.2187739432970904e-05,0.0005528232779764388,0.0005157772948570569,0.0007580210638853377,0.0005884975339204108,0.0017885111115113043,9.40367309319148e-05,0.0001399237104962029,0.00020553039923731535,1.2659629728919152e-05,0.0008281976827518411,0.0010846098477566113,6.160894063365328e-05,0.00030357220500087635,1.980329680271688e-05,0.0005973883509868236,0.00019095726347468782,0.0004972395093179943,0.000612688179414224,0.0022183124073528486,0.0042355603665287294,0.00024396550584329145,0.000504641581491064,3.160156899371077e-06,0.0,4.214245063641964e-06,8.434116625841721e-06,8.970108781488044e-05,0.0010170775814364566,0.0005745765836095257,0.0009310119386197909,0.0007982383740032966,0.0001399237104962029,2.8555807399227385e-05,2.1064201576591835e-06,6.160894063365328e-05,0.0005406646941204011,1.053034601945521e-06,0.0,0.0007351702148605053,0.0014607823528824191,0.00020440700013288931,0.0018630762606936526,0.0011749212332007029,0.0006383536341755014,0.000337826526601314,0.0009099739265781908,0.00034126999566471794,0.0007564992432510508,0.0005469172844433096,0.00274149369047148,0.0011826623461412872,1.4714503534347143e-05,9.714430870608976e-05
96,0.0002579630584846075,0.00015718324374884723,7.520589913364579e-05,0.0009851915106723352,0.0010642498242194372,7.520589913364579e-05,4.214245063641964e-06,0.002736319282741024,0.00018950251066403417,0.0016865291792070515,2.3213192839894307e-05,0.001307984015006902,0.0,5.2881079418590564e-05,7.8421992471617e-05,0.0,4.214245063641964e-06,8.431301499751524e-06,2.1067713440804056e-06,0.0,0.0,9.764562833468568e-05,2.1067713440804056e-06,0.00010620826749308551,0.00015566980584744527,7.628963711835566e-05,2.1067713440804056e-06,0.00034252432541185873,0.0020044504545861214,4.439032276765378e-05,0.0,2.1067713440804056e-06,1.898626699371935e-05,0.0,2.109937661327279e-05,4.859201058507249e-05,0.00015998915511724823,0.00014057528329312267,0.00016111022097686263,7.61433363493996e-05,0.00014488432736231696,0.00016309327852573192,0.003276785474539606,2.744294700762079e-05,0.0009899090883209653,0.0008534363283341606,0.0015384879892844532,0.0008903851375282112,0.0008101884904789528,0.00018596741392807497,4.214245063641964e-06,0.0002579630584846075,2.1067713440804056e-06,6.3510588193557e-05,0.0008149792202542647,0.00023168785292339788,1.786239912030138e-05,0.00021859109251248405,4.9815918287627447e-05,2.109937661327279e-05,0.00018379847672440127,1.898626699371935e-05,2.1067713440804056e-06,0.0,0.0,2.1067713440804056e-06,0.0,0.0,0.0032056043133476095,3.16755332867042e-05,0.0005613390674725733,4.439032276765378e-05,8.17278232042286e-06,0.0010319281095621483,6.534273314188669e-05,0.001177426330181916,0.0005867122243361138,0.00018813709557532592,0.00027994280053357865,0.0004112023750999296,2.53277161469685e-05,0.0016570266531051616,0.0006118709820898165,0.0015780420942888944,2.6622591833051815e-05,0.0005130709533235549,0.001195215115595305,0.0012176581080284123,0.0009948380302520785,0.00010819784247795096,2.1935334355757237e-07,0.0008127475967220675,0.0009221876653019605,0.00022676818357893037,6.322421625602773e-06,4.214245063641964e-06,0.0,1.6873863510216476e-05,0.0001794628336070835,0.0020349551184918255,0.0011495732726796966,0.005242958320291107,1.2848640658719363e-05,0.00027994280053357865,5.7130738320285284e-05,4.214245063641964e-06,0.00012330167888665385,0.0010817225201133005,2.1067713440804056e-06,0.0,3.325550393739165e-05,0.0018922121634997939,0.0004089547777464558,0.0005180568864024682,0.000491626097786574,8.800286901391542e-05,0.0020845576161407807,0.0009099748045457255,0.0020757759038232595,0.0015135683437280986,0.0010942326523296485,0.000400375047230356,0.002367673559835138,2.9448724724351135e-05,0.0002339769442686521
97,0.0005162775434440272,0.0005545843635718944,8.464004266752343e-05,2.5246002161963103e-06,0.0018152141384641454,0.00489022308373306,8.434116625841721e-06,0.00025550362005321214,4.66215245719039e-05,0.000742760735380691,4.645742462633334e-05,6.126463941969314e-05,0.0,0.00010583303397729212,0.00015694930511427733,0.0,0.0072839205579391985,1.6873863510216476e-05,4.21635500013379e-06,0.0,0.0,0.0020247271871362982,4.21635500013379e-06,0.00021255948694617844,0.00031154996213619867,0.00015268171333249742,4.21635500013379e-06,0.0017370783487100146,0.0018399494793334271,8.88401006864525e-05,0.0,4.21635500013379e-06,3.799791250181131e-05,0.0,4.2226961009759663e-05,9.730895803511184e-05,0.0003201945715210698,0.00028134029254594096,0.0021781783989613668,0.002684404240154299,0.0014841088589255356,4.492226632847644e-06,0.00017830889889124102,5.492260097785988e-05,0.00048235411693213666,0.0017080923000257087,0.00934696779632826,0.00018188878421554082,0.0016215307724794428,0.000372186724726261,8.434116625841721e-06,0.0007794156452652889,4.21635500013379e-06,0.00012710636978386505,0.0007932085314964435,0.0004636906768376579,0.0007980990259651685,0.0004374790415287078,0.0028673143254071714,4.2226961009759663e-05,0.0003678458694734614,3.799791250181131e-05,4.21635500013379e-06,0.0,0.0,4.21635500013379e-06,0.0,0.0,0.00018686285088685432,6.339344914694699e-05,0.0011234616565713156,8.88401006864525e-05,0.0022166002134002974,0.0020653524700769417,0.002691131974420675,0.0023565802486139108,0.0011742450588910266,0.00037652907091526196,0.0032516830178990885,0.0022582182659637465,5.068930429978441e-05,1.3421644422072348e-05,0.0009876773019322938,0.00024693923760258686,0.0009944590686785932,0.00743967230223142,0.002392186470644969,0.0007646171676488266,2.236724442595964e-05,0.0024534599856531345,0.00042718564749250797,0.0016279717761816896,0.004595615031341057,0.0020207572096986896,1.2653285816062469e-05,8.434116625841721e-06,1.6873863510216476e-05,0.0,0.008892326930311792,0.0040731151434828675,0.00028717484827653345,0.010506735000276936,2.5732550737973527e-05,0.0005602676400673051,0.00011433807330175722,8.434116625841721e-06,0.00024693923760258686,0.0021650198630880978,4.21635500013379e-06,0.0,0.002943995294607483,0.0019229299098349798,0.0008184734422663391,7.653800481868418e-05,0.00011228393772719229,0.0001558113411126453,3.032738570200819e-05,0.0036441185465123215,0.004154832169033164,0.003029419571468503,5.784715424181055e-05,0.006904449262652154,0.0018683443062992942,0.003150614387877231,0.00046854250319004065
98,9.873880201854079e-05,6.276310840381595e-05,0.002150832628701024,0.00015358798536824976,0.00031109639312161866,0.001594359406977186,8.970108781488044e-05,0.0027177568079289277,9.031155815940042e-08,0.0006162821823858131,0.0004941078122470778,0.00011801307926232299,0.0,0.0011256441426530242,0.001669362807337945,0.0,8.970108781488044e-05,0.0001794628336070835,4.484296678457751e-05,0.0,0.0,0.0020786183755169187,4.484296678457751e-05,0.00010390215745488941,0.0005411847092593873,4.004500050033579e-08,4.484296678457751e-05,0.0013762263532626192,0.001390012337230453,0.00019705269947679476,0.0,4.484296678457751e-05,0.004114009104649129,0.0,0.000923319829838187,0.0004838106554779684,0.00058903769839694,0.0031128222659493267,0.00011068894802019012,0.0002416858017104918,4.124705921611847e-06,0.0002756454576518654,0.003517432873744317,0.000584143537310089,5.3140632263928966e-05,0.003319791120354302,5.693601289809767e-05,0.004744072427861687,7.268438526001143e-05,6.86469907178449e-05,8.970108781488044e-05,9.873880201854079e-05,4.484296678457751e-05,0.0013519229883820205,0.000999803527853443,0.000328165555950163,0.00032300656357285546,0.0022554974775448127,0.0006444443490450645,0.0004491128406622601,6.05468448666153e-05,0.0004041331159184347,4.484296678457751e-05,0.0,0.0,4.484296678457751e-05,0.0,0.0,0.00033571627515532773,0.0006742403739599779,2.210771178900773e-06,0.0009448983844754396,3.578996161361322e-05,0.000561970762491289,0.0005098518971150077,3.6529721427935723e-05,0.00027533737953983593,9.252439150336896e-05,0.0011052366746082862,0.00044097865542826024,0.0005391180410124902,0.00014466939785083495,0.004946101669852578,0.003344899798356412,0.0013914652296064083,6.791598362766184e-05,0.00770361017380389,0.002388901866284983,0.0024409469791519924,0.0016685122291848534,0.0017206622597006167,0.0011923082785435578,7.898560000241853e-05,0.0001925883235292201,0.00013457437333666526,8.970108781488044e-05,0.0001794628336070835,0.008892326930311792,0.0,3.858950061291837e-05,0.0028373179848378252,6.908290531676803e-05,0.006205254004830865,0.0007400214114592534,0.0012161093981938535,8.970108781488044e-05,0.00019528006773785129,4.5711833897017454e-05,4.484296678457751e-05,0.0,0.0007275140108661384,3.523980307329741e-05,0.0002828409286640881,6.229416828069593e-06,5.214838285410308e-05,0.00012200089529743378,0.00104936902497425,2.5236223240380224e-09,0.0001089830614008212,0.0002542095672863919,0.0009077095674241086,3.5942955382828537e-06,0.0005561370210224405,0.0019206025379035116,0.0004301236697703263
99,0.0008909262829191958,0.0006582744295443822,0.0021153253060236014,0.0005136332952003226,0.008185724091237802,0.0008204640359284055,0.0010170775814364566,1.7192048089216312e-05,0.001628791219843515,0.0011217806885981997,0.0004138433903459185,0.0015247488708925896,0.0,0.00012626670662652033,0.000822391268460915,0.0,0.0010170775814364566,0.0020349551184918255,0.0005084388755365634,0.0,0.0,0.0015584238252173668,0.002040555014474995,0.00012315692460635326,6.55311247617722e-05,0.0010121391491831838,0.0005084388755365634,5.2012949969511e-05,5.908584706399949e-05,0.00011794098485177389,0.0,0.0005084388755365634,0.0011479889306519368,0.0,2.4296221528088878e-05,0.0006462365520775105,0.0005972554954041036,1.4555307852628776e-06,0.0034547982851701325,0.0032810692247527795,0.00017649732342394422,0.0007297538740363914,1.9018874582489193e-05,0.0005803891787397376,0.0011250122461554024,0.0013598579486989964,0.0008297507459483625,1.91143157800978e-05,0.0006733111924886836,4.0900592871044316e-05,0.0010170775814364566,0.002106011048644651,0.0005084388755365634,0.0007218546517318718,0.000589450707122886,0.0001973021332482656,0.0007012715864170372,0.002791310317125929,0.008753524545271174,0.0014815464499475263,0.0008659275884070663,0.0011479889306519368,0.0005084388755365634,0.0,0.0,0.002040555014474995,0.0,0.0,0.0009342996654677882,0.00019506216535806342,0.0010285689290903185,0.00011794098485177389,0.0003368525099950582,0.0011169307944021184,0.00012531117210743547,4.85168466976894e-06,0.0022264877532673683,0.000490337571605544,0.005256711662613224,0.0007924098742970797,0.0006208656843443844,0.0004341028031715787,0.0009050323273847439,0.001283979718455863,7.409934793635881e-05,2.790882725594089e-08,0.008508129548222318,4.7840768483085506e-05,0.0032842458228998037,0.0018811662217225386,0.0026885711544254796,0.013297145888642238,0.00041143973090479826,0.0002486326752959945,0.006125834602103722,0.0010170775814364566,0.0020349551184918255,0.0040731151434828675,3.858950061291837e-05,0.0,0.035422732839616944,0.01829322946455309,0.0038610368653041647,0.004510137396607725,4.79619989803824e-05,0.004082499165409488,4.08674753785913e-05,0.0006585369941363012,0.002040555014474995,0.0,0.0005944764883921682,0.007667901502633572,1.8766089285281034e-06,0.0011648884243551443,0.0016963181703565967,4.3194965858172204e-10,0.0028854626595553904,0.0027321486017455863,0.005623806686931309,4.580006837888323e-06,0.0012582920727287235,0.00035791822144783,0.000604982310653052,0.0006146258111393917,0.0003774139096229387
100,0.001905226501164257,0.00024942942455415205,0.022000890414585066,0.00012845027854811454,0.00834841066665508,0.0028301224637911847,0.005677960647342083,9.37075929164315e-05,0.003809412524750422,7.458778722082459e-06,1.5054767534273858e-05,0.0001299191463437287,0.0,0.0028344863263830684,0.0001093751535755609,0.0,0.0009335475789825567,0.0001433729072798989,0.0028376568490405445,0.0,0.0,0.0002217243545924729,0.0028376568490405445,0.0014389211600833985,0.00010488479811742173,0.00341069373191378,0.00028723581709824236,0.00042178086734331156,0.0006218035720427732,0.0005653884730016577,0.0,0.00028723581709824236,0.003022516766874658,0.0,6.228826667623036e-05,0.005156292734516749,0.0026761480757607143,0.0028553741432082473,0.010254694016716073,0.009975621315912033,0.003395427159153169,0.0014869192263134308,0.00013725592968888184,0.0037422737397385273,2.5325120485478364e-05,6.782263962232151e-05,0.00013231245995980236,0.003571085656324275,7.139753024484665e-05,1.9747365748243008e-05,0.0005745765836095257,4.428689662213956e-05,0.00028723581709824236,0.0026276310149681895,0.0019629148939386064,0.0009075275649675812,1.0978566729516081e-05,0.006177446233655496,0.027456708166592108,0.0028770901441950024,5.786874154181014e-06,0.00017280505619102167,0.00028723581709824236,0.0,0.0,0.00028723581709824236,0.0,0.0,6.090740507668712e-05,9.812052098853803e-05,3.400735246203845e-06,0.0022383516311155214,0.0002681952105129107,1.7188353001433542e-07,0.002321621929140299,0.0001907565209373707,0.0012720584861168362,0.0017759415555566522,0.0008454058770414928,0.0024522788920257736,0.0004314077773714087,0.023739390049146943,0.0023506798243365865,0.04868160210064403,0.014734408046966846,0.00286409688034903,0.035897574996873606,0.0003732402717243467,0.0039250518306348245,0.016598531659768326,0.00014862818150332597,0.01670442348454854,0.012866731224300383,0.0004315721513678206,0.0008620223764641117,0.0005745765836095257,0.0011495732726796966,0.00028717484827653345,0.0028373179848378252,0.035422732839616944,0.0,0.04095225276973399,0.02366456824538115,0.002184813545547489,5.4591654525771025e-05,0.0005745765836095257,0.0010926632365047737,0.00017038865625294274,0.00028723581709824236,0.0,0.0008173599362644824,0.03388483967209102,0.00024142428225143832,0.0025500928466572923,0.0003317629910086869,9.722762117026308e-05,0.026436636784247933,0.015590150683394175,0.007390279311710869,0.0007706633709118141,0.005809704164153616,0.050851782936518854,0.0032461370344169464,0.01755929032165799,1.582579067346033e-05
101,0.0007614966600148269,0.006802581633068967,0.020045804704445648,0.000543979577706581,0.014227583204369381,0.0005299257554567161,0.0005758395939681147,0.0009464075454964867,0.0018273351566469097,0.0006683783954918646,0.0006185733774190269,0.00022394530728499088,0.0,0.0001533227647632221,0.0008102130023556127,0.0,0.0009310119386197909,0.00014210078217706876,0.002834489829674508,0.0,0.0,0.0012717985484177324,0.00028786719610305656,5.1685563130525166e-05,5.614763600925991e-05,0.0007045167453417748,0.00028786719610305656,0.0008787189851826926,0.00033039167060909124,0.002247860369519787,0.0,0.002834489829674508,0.0030129698505141655,0.0,0.0024340758035005074,0.018216397206478822,0.0010279037049618935,0.002831890249957204,0.012376833803304376,0.007666975579314982,8.950278286267007e-06,7.558767244458523e-06,6.721747133498796e-09,1.2154092877537955e-05,0.0006485141778827751,0.00025746825809031605,5.38678294288544e-05,0.00012366559652477008,0.0006093028709274685,0.0032703342392519873,0.0009310119386197909,0.0008275056365234033,0.00028786719610305656,0.0026122089522365092,0.0012678708457798799,0.00022128998707629066,5.579947167108723e-07,0.002595643131115202,0.035082575007126006,0.00028692267301574746,0.00018708123384934383,0.0025945985183138485,0.002834489829674508,0.0,0.0,0.00028786719610305656,0.0,0.0,1.41248133326908e-05,9.166996064767594e-05,0.0004978799095736598,0.0005596219841154637,0.0014657546665088172,4.476944291582441e-05,0.00040827160343369633,9.694853637535269e-08,6.812391704178276e-05,0.00035341159797443395,0.0022941840842227923,0.0009442650510923479,0.0005614413872872987,0.047565019820551634,3.0147767837812732e-05,0.06525431144985852,0.029886030423320394,0.002002427771997701,0.06005771105793331,0.003002444238703694,0.0025895284442219173,0.01781154304930455,0.003060236531762629,0.042279371551832264,0.01385253749526907,0.0076593756644666115,0.0008639172707290282,0.0009310119386197909,0.005242958320291107,0.010506735000276936,6.908290531676803e-05,0.01829322946455309,0.04095225276973399,0.0,0.06295192635228186,0.006079851841984241,5.386267507213615e-05,0.0005758395939681147,0.0022288418383692244,0.002135369396192545,0.00028786719610305656,0.0,0.004574276194295066,0.03244140368170464,0.00017447682450378674,0.003280167883120117,0.0006838904613391008,0.00016239308758178437,0.01701193782231139,0.04334300549371289,0.008837121179930695,0.008329788106096204,0.008081805209932895,0.060698933682546,0.011937611544465427,0.012992755967007125,0.0003942264190717573
102,0.014234897017176595,0.003570763428804567,0.023283008402592408,0.002092095100412957,0.00038727490578952645,0.01777826280671982,0.0005792688885544521,0.000956950230413525,4.507683094891356e-05,0.0002787975959122376,0.004397816849418712,4.109770468575582e-05,0.0,6.296930946255983e-05,0.0006824485145205647,0.0,0.0005792688885544521,1.2848640658719363e-05,0.00039904356353501875,0.0,0.0,0.00029265028951410636,0.00039904356353501875,0.0019982690207942327,0.0034770814541772973,0.0005658379101963556,0.00039904356353501875,4.912085831617045e-05,0.00030010047673307113,0.0006871224289384805,0.0,0.00039904356353501875,0.0035968466637726648,0.0,2.506471385635095e-05,0.0018033670055727117,0.004829034574730705,0.0005496935409207027,0.01057973988313824,0.0069804065088708055,0.0012837803476668692,0.00023560561766725578,0.0007177834134543853,3.4636978554682592e-06,0.00042836527551548,0.00016169444072418912,0.0017473332967075361,9.519829799455738e-05,0.0004474551449295233,0.0017001871785278784,0.0007982383740032967,0.0009422410328097744,0.00039904356353501875,0.0015253872223994886,0.0003602145795605408,0.003228090830879598,0.0005144662472821303,0.0030536626364952124,0.013062606784423067,0.0008262514009759479,0.001576544360971444,3.248068205487873e-08,0.00039904356353501875,0.0,0.0,0.00039904356353501875,0.0,0.0,0.0009011807469535307,0.0006222594332144588,0.0009619083248100916,2.131761282592677e-05,0.0008805194813604658,0.0012013904543583481,7.182774210442922e-05,0.0020968689972430134,0.0013671137702440366,0.0018274712532284764,0.0013916865649409662,0.0008506186857727145,0.0013240008099943384,0.033778348516491474,0.018873379506540125,0.07377735771567016,0.027929912016486185,0.003448483368147843,0.04737022077440545,0.0005139768089730913,0.010085778954475414,9.620276765605718e-05,4.723082303448212e-05,0.01948925504277001,0.0044764519725811755,0.004962537287502283,0.0011975845467081568,0.0007982383740032966,1.2848640658719363e-05,2.5732550737973527e-05,0.006205254004830865,0.0038610368653041647,0.02366456824538115,0.06295192635228186,0.0,0.005931273650913589,0.0006217996305942913,0.0007982383740032967,0.004477904798453357,0.003984633796304436,0.00039904356353501875,0.0,0.005040680466940888,0.02405593885077959,2.320386599886647e-05,0.002296962415584046,0.0010188490296298752,0.00042687037123737725,0.012843361739361413,0.022819008877992066,0.00715369161693452,0.0025414277992956407,0.015393163014956208,0.033617452250408734,0.019313054478062898,0.030989082234500684,0.0010482442940710171
103,0.0009301449771953732,1.2833126487557447e-05,0.0009532784478734975,5.163399170213731e-06,0.002118265594014558,0.02651845966231957,0.0001399237104962029,0.000125214941828787,0.0005097099292876821,2.2199857837875887e-05,0.0023259978807178183,0.00012447863407110736,0.0,0.0005242283779020122,0.01146466135860151,0.0,0.002846443702351798,0.00027994280053357865,6.99499409287163e-05,0.0,0.0,0.0003738535587698348,6.99499409287163e-05,1.0760336514266755e-05,0.00017514201209822033,0.0025333268764442755,6.99499409287163e-05,0.0006004522950947845,0.0007612328616231804,0.0014739744763782837,0.0,6.99499409287163e-05,0.0006304086658333796,0.0,0.0007005736506465188,0.0007966232511279002,0.0017772657737201954,0.00024115705820577517,0.0007941793327248787,0.000936540570729627,0.004811705416859395,0.00017533724287635094,0.0029586023230644123,0.00023105161050162345,6.895524377682256e-05,9.605000019116733e-06,0.0002183824454363744,0.00037082534557930104,0.0029218962080768893,0.0009661559054018596,0.0001399237104962029,0.00010265591653549856,6.99499409287163e-05,0.002108930089862153,0.0003007341336985838,0.0035612110119495454,0.001613486298401068,0.001399215004628978,0.0009661688163104653,0.0007005736506465188,0.00012731641863348547,0.0006304086658333796,6.99499409287163e-05,0.0,0.0,0.004967838848579661,0.0,0.0,0.00310055669265746,0.0010517585341808682,0.0003599485665022767,7.33364265579878e-06,6.061508637957183e-05,0.000560896659684074,0.00035351223103122903,0.0006646555184037571,0.005752133615149139,0.003041514023018687,0.002426701448619411,0.0012490155884223714,0.0002932150078625741,0.0024264048608405087,0.01662866001570937,0.025953354647647545,0.0024848143155424816,0.004482995762814099,0.00555883495057764,0.0011728562984935804,0.001334074065112213,0.001081660975826596,0.0005058509711778779,0.001721559754407783,0.003177961682036266,0.002165051429242232,0.00020992132494394785,0.0001399237104962029,0.00027994280053357865,0.0005602676400673051,0.0007400214114592534,0.004510137396607725,0.002184813545547489,0.006079851841984241,0.005931273650913589,0.0,0.0036093278049169337,0.0028464437023517975,0.05480689772025753,0.00010032664286762961,6.99499409287163e-05,0.0,0.0006072741759489067,3.279552539826081e-05,2.0881254894476565e-06,0.002616441834976719,0.006889938536251733,0.0007316193817646903,7.085279242948854e-05,0.00021722978907152865,0.0013445595349506566,0.022498238530771788,0.0012810022415995748,0.006065151840790762,0.004014495084720043,0.011467672834711682,0.0010347275877507663
104,0.0019535155804040914,0.00029586196180974504,0.0033597742231082175,0.0003379085579182352,0.0015497741803218636,0.0007199517809469868,2.8555807399227385e-05,0.0008650984487087737,8.217182171357856e-06,0.0018076216914418972,0.0001572939647875109,7.680883197893984e-05,0.0,0.0003583285743389846,0.0005314010557942218,0.0,2.8555807399227385e-05,5.7130738320285284e-05,1.4275514859261275e-05,0.0,0.0,0.0006616676748830001,1.4275514859261275e-05,0.002379934562204792,0.0001272232208442415,0.0005169515058315449,1.4275514859261275e-05,7.349500799444986e-05,0.0002126167258405014,0.0003007933990141496,0.0,1.4275514859261275e-05,0.00012865189935849718,0.0,0.0001429705287790927,7.440882647025075e-05,0.0001123992734326776,0.0041307728917668075,0.0014871018010129383,0.0002996535444142933,0.0009817815533818717,2.816602384387276e-05,0.000574545599868049,0.0001859552694838709,0.00021231478996525813,8.973417217336388e-05,0.0006228367453809629,0.0005714334297058528,0.0017550200073073161,0.0012601894958641615,2.8555807399227385e-05,0.0019535155804040914,1.4275514859261275e-05,0.00043035681364161064,0.0007371429030123783,0.0015700318668573298,0.0016890400995113412,0.0007985714135750971,0.00036775743403488146,0.0001429705287790927,5.010282362409591e-05,0.00012865189935849718,1.4275514859261275e-05,0.0,0.0,0.007475197783626664,0.0,0.0,0.0006326851488211493,0.0002146358393127673,0.00380431153465795,0.0003007933990141496,4.74976447534149e-06,0.00019103850224846112,0.0001265620289462845,0.000585350445156079,0.0008886142347064177,0.0012748929871103114,2.132361378935033e-05,0.0002845432830202531,0.0001716222106122603,0.0009073850759635509,0.000187714921166295,0.00043502124300206835,0.0012764669033551905,0.0004777976410172735,0.0017714361408965353,8.657885792596613e-05,0.00022018137772131377,1.1933886789582859e-05,0.0013720972771777975,0.0001830657646886058,1.072609110532123e-08,0.00024451715704315553,4.284088081869166e-05,2.8555807399227385e-05,5.7130738320285284e-05,0.00011433807330175722,0.0012161093981938535,4.79619989803824e-05,5.4591654525771025e-05,5.386267507213615e-05,0.0006217996305942913,0.0036093278049169337,0.0,2.8555807399227385e-05,0.00205282908219101,0.00037705932697211866,1.4275514859261275e-05,0.0,6.676788350893208e-05,0.00012575670488885156,0.0002782825461573401,0.0004956921704310182,2.0052356443519964e-05,0.00021264971773030943,0.00038241594479648794,0.0002361546345810181,0.0002965251384928627,1.1321380242190992e-05,0.001416189292933314,0.0008410241608138143,0.000848006607641177,0.0005863135631868405,7.868491218053634e-05
105,0.00012893766071398103,0.0015626939276716396,0.0012210634171000545,0.0008736759265517213,0.001023867997069227,0.00021860701319741273,2.1064201576591835e-06,6.381138672802469e-05,0.0010210923278295874,0.0029181175324986238,0.006753188996881677,0.0007418200877098758,0.0,2.6431692177201516e-05,3.9197848874713934e-05,0.0,2.1064201576591835e-06,4.214245063641964e-06,1.053034601945521e-06,0.0,0.0,4.880641901630437e-05,1.053034601945521e-06,5.3086288774883413e-05,7.780864460811596e-05,3.813203084630745e-05,1.053034601945521e-06,0.001273526473629162,0.0001304500649039638,2.2187739432970904e-05,0.0,1.053034601945521e-06,9.48996541758867e-06,0.0,1.0546167042215826e-05,0.0011551336005744253,7.996758139728939e-05,7.026395787305395e-05,0.0015557966340968461,0.0017383819623844662,7.241774557807352e-05,0.0029944833904330124,4.453233677833763e-05,1.3716891263627647e-05,0.000494775999160186,0.0012947632379339772,0.0006655285615263384,0.00025079695666464286,0.000404950226714104,9.295226245789285e-05,2.1064201576591835e-06,0.00012893766071398103,1.053034601945521e-06,3.174465919021679e-05,0.0004073446839223899,0.0031286318712150786,0.0048118214255894074,0.0001092584895312625,0.0007150155616667764,1.0546167042215826e-05,9.18681659503494e-05,9.48996541758867e-06,1.053034601945521e-06,0.0,0.0,1.053034601945521e-06,0.0,0.0,4.6668655435557094e-05,1.58324759017268e-05,0.001849041958073199,2.2187739432970904e-05,0.0005528232779764388,0.0005157772948570569,0.0007580210638853377,0.0009060136973840277,0.0002932536792868832,9.40367309319148e-05,0.0001399237104962029,0.00020553039923731535,1.2659629728919152e-05,0.0008281976827518411,0.00030571052915864523,0.0028798277060087334,0.00030357220500087635,1.980329680271688e-05,0.0005973883509868236,0.002391596482238125,0.0004972395093179943,0.000612688179414224,1.0960357591951736e-07,0.00040606496553692237,0.002043098874875163,0.000504641581491064,3.160156899371077e-06,2.1064201576591835e-06,4.214245063641964e-06,8.434116625841721e-06,8.970108781488044e-05,0.004082499165409488,0.0005745765836095257,0.0005758395939681147,0.0007982383740032967,0.0028464437023517975,2.8555807399227385e-05,0.0,0.0028798277060087334,0.0005406646941204011,1.053034601945521e-06,0.0,0.0007351702148605053,0.00011075442385934728,0.00020440700013288931,1.9096012624921306e-05,0.0011749212332007029,0.0006383536341755014,0.0010418673825310705,0.000454636019947643,0.0010374785596471358,0.0007564992432510508,0.0009910507924601403,4.0755731348011955e-05,0.0004665827862279056,1.4714503534347143e-05,0.003077012465794809
106,1.5105804161465575e-05,0.0013396134115737754,2.053608723694816e-05,2.460865324296397e-06,0.0008237067505139314,0.03035585802305965,6.160894063365328e-05,0.004955644243940625,1.9905447699638108e-05,9.818688326716751e-05,0.006359367026794837,0.002470763008845647,0.0,0.0011237052586091328,0.0032806899200381466,0.0,6.160894063365328e-05,0.0003245746823301935,0.0014395224108879063,0.0,0.0,0.0008724846425965786,0.0008134316169026749,8.5730027926257e-07,0.0002605588815217616,2.1501854055658734e-05,0.0014395224108879063,0.0019015112046066702,0.0003809911365199039,0.0003738139272824013,0.0,0.0008134316169026748,0.0010398747267372182,0.0,0.00035758064558513665,0.0026616424857034667,0.0006516655147606531,0.0003346918906335479,0.0030028520321921056,0.00016811566974396473,0.00027677309502353365,0.0009495573105824524,0.0003475478729835318,1.3432022292294824e-05,0.00014058892742410968,0.00029666375509677977,0.0004906727558355143,0.001033944020673234,0.0019499173764299998,3.901885311216606e-05,0.0016272177081639353,0.0009259798334208942,0.0008134316169026748,5.109219813735634e-07,0.0001670266058200104,0.0006310503318811666,0.0004210754475417463,0.00220654109030703,0.0001554416950097534,0.00035758064558513665,0.000451954165673903,0.00014415473072317637,0.0008134316169026749,0.0,0.0,0.0014395224108879063,0.0,0.0,0.0036156691875910653,0.00024072954633569822,0.0005775897288745063,0.0009853283762444212,0.0012205729118582131,0.0038035540654445654,0.002456367804014794,0.0001342314465594712,1.3479627498995238e-05,0.0002583628485398101,0.00019244675022837677,1.963535183924439e-05,0.001265091040578996,0.003108245873907911,0.0026136640246163267,0.01183619476019976,0.005546175140629073,5.060992684128234e-05,0.0004895094948893021,0.0013204458673147892,5.488419542982105e-06,0.0005056916420619973,0.00043531275773232543,3.3064550239595655e-05,0.0010862619411932991,2.8070819543056188e-05,4.795761483453159e-05,6.160894063365328e-05,0.00012330167888665385,0.00024693923760258686,0.00019528006773785129,4.08674753785913e-05,0.0010926632365047737,0.0022288418383692244,0.004477904798453357,0.05480689772025753,0.00205282908219101,0.0028798277060087334,0.0,0.0005134694438964493,0.0008134316169026748,0.0,8.68743496825401e-05,0.006094657138631258,0.0004016715013756806,0.000847634604661381,0.001012827163032662,0.001460722815958532,0.005281473810108861,0.0006914676050575853,0.0005527821894103742,0.005066569660878722,0.0008351331107355296,0.004405809144069591,2.7789218045112284e-05,0.0017463469204340373,0.0003421511850169843
107,0.00018419409783871846,0.0021719902307355877,0.01135566178909792,0.00038814949006342605,0.000573211044674885,0.0041932536086459445,0.0005406646941204011,0.002325857668158146,0.004775114162149212,0.00011221657673396024,3.842156619370793e-05,1.0330316166156598e-06,0.0,0.002791796158938585,0.000592023973950406,0.0,0.0005406646941204011,0.0010817225201133005,0.00027028324137238276,0.0,0.0,0.0007195452677299561,0.0029256573924117037,2.40699285426261e-06,0.00018863386860150413,0.005444960808117132,0.00027028324137238276,0.0007303396916940399,0.003546974508569729,0.0017587045510951609,0.0,0.00027028324137238276,0.0024360908039155133,0.0,0.0002195825213548575,0.00028698112394183657,0.00011668830853228982,0.0011615865901498587,0.0002467457433049946,9.321299237649458e-05,4.3229736065402174e-05,0.0020955852458871484,2.2526410682879445e-05,0.001455848120041469,0.0014426894937348321,0.000727098358126583,0.0002486514016185433,0.0037770912733516423,0.00043070617486239056,0.0007365032864915306,0.000540664694120401,6.613177932340538e-05,0.00027028324137238276,0.00031020228880352475,0.0014449298100282434,0.00023070429957267134,0.00011302371962128485,0.0013895387986482314,0.012276287782928873,0.0002195825213548575,0.0009535254503436922,0.00012499602819414702,0.00027028324137238276,0.0,0.0,0.00027028324137238276,0.0,0.0,0.0020161403315002453,0.0040645934882582125,0.0003838213506429069,0.005696668121964345,0.000425461715111046,5.909785609877536e-05,0.0009184156728663766,0.003859150973661938,0.00019742400695415595,9.331344368120058e-05,0.00320521519229972,9.952518829767874e-05,0.00045880005707882543,0.0006850719119123584,0.0009871348482967269,0.002407073357627226,0.0026140580748218213,8.897861008611451e-05,0.0009728817803246598,0.0017106375293459155,0.0008351635982663587,0.00036741935311662753,0.0057849988635182495,0.004964102114284205,7.308056418883147e-08,0.002329288293817301,0.0008111444298167431,0.0005406646941204011,0.0010817225201133005,0.0021650198630880978,4.5711833897017454e-05,0.0006585369941363012,0.00017038865625294274,0.002135369396192545,0.003984633796304436,0.00010032664286762961,0.00037705932697211866,0.0005406646941204011,0.0005134694438964493,0.0,0.00027028324137238276,0.0,0.0012145802679017416,0.00016283090610545134,0.0010972583965284876,3.7004126561543845e-05,0.0006667679021349142,0.0005892757584219669,2.4626809301661915e-06,0.0014890285729792837,0.0018929960182036986,0.001319561462214262,0.0007196682135162522,0.0009201885371117923,0.0002977865165899522,0.0012147151710345337,9.757520611730763e-05
108,6.445787068474743e-05,0.0014887043807350737,0.0006104075847011832,0.0022468014780162244,0.00026591765399154653,0.0006104075847011832,1.053034601945521e-06,3.190032528464554e-05,0.00026654057147249666,6.665240896068873e-05,5.80039284201619e-06,0.00037084041500043933,0.0,1.321363568543396e-05,1.9595639800822058e-05,0.0,1.053034601945521e-06,2.1067713440804056e-06,5.26429591886939e-07,0.0,0.0,2.439911347276641e-05,5.26429591886939e-07,2.653868614209254e-05,3.889776215293311e-05,1.906282063833522e-05,5.26429591886939e-07,0.0032480082156244503,0.0007037242815972455,1.1092015469101675e-05,0.0,5.26429591886939e-07,4.744191217559115e-06,0.0,5.272203792358878e-06,0.0005774506723883086,3.997704621241627e-05,3.5126061982235536e-05,0.0007777309210308498,0.0008689979772541744,3.6202772377697834e-05,0.001496826069032376,2.2262433584588278e-05,6.857300837232179e-06,0.00024734339559046866,0.0002132449311578057,0.0003327025897916763,0.0001253767415162813,0.00020243913435423255,4.646827541838257e-05,1.053034601945521e-06,0.005094842911692158,5.26429591886939e-07,1.5869672648548653e-05,0.0033411209156891265,5.7892481471927554e-05,0.002404967559483316,5.461998686537324e-05,0.00034968513897974196,5.272203792358878e-06,4.5926320124574e-05,4.744191217559115e-06,5.26429591886939e-07,0.0,0.0,5.26429591886939e-07,0.0,0.0,2.333041241980997e-05,7.914916149139646e-06,0.0001402614312349122,1.1092015469101675e-05,0.000409921415083768,0.000257841991313457,0.0026134118283579026,0.0002941948987608861,0.00014660124931504333,4.7010416631792616e-05,6.99499409287163e-05,0.00010274751472723406,6.328758484083315e-06,0.000414019990878614,0.0005421971664525797,0.0008134316169026748,0.0005436814038333075,0.0009284827211193896,0.0027815994288656267,9.54622390246801e-05,0.00024857491065502366,0.00030628778536675365,0.001082566301065738,0.0004803719612690917,0.00012196163133027816,0.00025227522444653513,1.5798151476934783e-06,1.053034601945521e-06,2.1067713440804056e-06,4.21635500013379e-06,4.484296678457751e-05,0.002040555014474995,0.00028723581709824236,0.00028786719610305656,0.00039904356353501875,6.99499409287163e-05,1.4275514859261275e-05,1.053034601945521e-06,0.0008134316169026748,0.00027028324137238276,0.0,0.0,0.00036751617812095307,0.0007302365325167193,0.00010218591499738698,0.0009313267680553225,0.0005873421063559167,0.00031911790761720855,0.0005208309167927071,0.0004548991470635803,0.0005186370131994067,0.0003781784433503865,0.00027340891807729864,0.0008617173809047221,0.00023324952265067243,0.001255640574061866,0.0007504167479098727
109,0.0,0.0,0.0,0.0,0.0,0.0,0.0,0.0,0.0,0.0,0.0,0.0,0.0,0.0,0.0,0.0,0.0,0.0,0.0,0.0,0.0,0.0,0.0,0.0,0.0,0.0,0.0,0.0,0.0,0.0,0.0,0.0,0.0,0.0,0.0,0.0,0.0,0.0,0.0,0.0,0.0,0.0,0.0,0.0,0.0,0.0,0.0,0.0,0.0,0.0,0.0,0.0,0.0,0.0,0.0,0.0,0.0,0.0,0.0,0.0,0.0,0.0,0.0,0.0,0.0,0.0,0.0,0.0,0.0,0.0,0.0,0.0,0.0,0.0,0.0,0.0,0.0,0.0,0.0,0.0,0.0,0.0,0.0,0.0,0.0,0.0,0.0,0.0,0.0,0.0,0.0,0.0,0.0,0.0,0.0,0.0,0.0,0.0,0.0,0.0,0.0,0.0,0.0,0.0,0.0,0.0,0.0,0.0,0.0,0.0,0.0,0.0,0.0,0.0,0.0,0.0,0.0,0.0,0.0,0.0,0.0,0.0,0.0,0.0,0.0
110,0.00035988775262174225,0.0008077562699688209,0.003028431773670686,0.004747263813875875,0.0025102231486467943,0.02038283796091139,0.0007351702148605053,0.0031625123523522708,2.1340790616327973e-05,0.000421451909750488,0.0002111293669203179,0.0010952855023001575,0.0,0.001051658984680937,1.3667453904302121e-05,0.0,0.0007351702148605053,0.0013266400092387305,0.0024865996080149183,0.0,0.0,0.00026351147641403064,0.00036751617812095307,0.0002497059249156061,0.0007047246569160247,0.0036029952332469373,0.00036751617812095307,0.003159116863313205,0.002494044750294288,0.0005747501823544392,0.0,0.00036751617812095307,9.296118992882012e-06,0.0,0.0033248693253108506,0.01353975228885283,0.0032022859053497106,0.00056829853369124,0.060633641950286865,0.027030119648968856,0.002091943027619391,0.0003024239720480641,0.0003588658768580777,3.320963738760179e-05,0.0005808947201010605,0.0002743530990820947,0.004421143479997181,5.4830204202199065e-06,0.005738476829663407,0.0032910248794565987,0.0007351702148605054,0.0006778292103975452,0.00036751617812095307,0.0008871971653792128,0.0004308579101278422,0.003628232118781136,3.399585831355608e-05,1.263990963655804e-06,0.01008944645277099,0.0003765450994829268,0.0008985150538596534,9.296118992882012e-06,0.00036751617812095307,0.0,0.0,0.0024865996080149183,0.0,0.0,1.8281957246377625e-06,4.067247355206118e-06,0.003085058354313648,9.220297234112268e-05,0.0014391732967847096,0.00022179377514989444,0.0005557571127962856,0.0013531336742326472,6.489277900786452e-05,3.7113849830111626e-06,0.0036048908971948535,0.0024696762309696202,0.0008147035434238303,0.02804674273161088,0.07203306654790016,0.009710760530684912,0.02156337638313703,0.0031983938349749766,0.007543241475220205,0.005629269374113885,0.015000795401831744,0.0021881372875103226,0.036243304535498275,0.0019601334487810073,3.739152564626846e-05,0.0010327027686888896,0.0011029622141470713,0.0007351702148605053,3.325550393739165e-05,0.002943995294607483,0.0007275140108661384,0.0005944764883921682,0.0008173599362644824,0.004574276194295066,0.005040680466940888,0.0006072741759489067,6.676788350893208e-05,0.0007351702148605053,8.68743496825401e-05,0.0012145802679017416,0.00036751617812095307,0.0,0.0,0.07014713464334621,1.4817600415401606e-10,0.002972790999430987,2.0283930901677332e-05,0.00039527338611685547,0.0025779202288654566,0.021376826481462517,0.01278180069928485,0.004675534171361598,0.03805154389921666,0.02846810627997454,0.011080958709209398,0.005664107884005545,0.0004940482492997211
111,0.00957113441646037,0.0009621791107881955,0.01092951652308842,0.03562466813521133,0.016302117749760342,0.18840799261739974,0.00011075442385934728,3.6925122621733097e-05,0.0055603969886165805,4.421463984404773e-07,0.0025352275014084145,0.002359523141805721,0.0,0.00021778982254255812,0.00026948429169808914,0.0,0.0014607823528824191,0.0018922121634997939,0.0007302365325167195,0.0,0.0,7.827261156420333e-05,0.0007302365325167195,0.00015657941078922404,0.0007817541286856789,0.01590502377584429,0.0007302365325167193,0.0018453425660114062,0.0027707876196463423,0.0005283987050478828,0.0,0.0007302365325167193,0.0025736221203109515,0.0,3.0369451105305278e-05,0.047308725179641506,0.004692911047306909,0.00013042621212152003,0.10514872029344519,0.07574523889708724,0.0007396917060809432,7.638300511127106e-05,2.3849306114399855e-05,0.0003611902580915966,0.0005896557446019413,0.0016564427543254243,0.002369313459134557,8.35386405277962e-06,0.0039742429883403855,0.0037463452235209243,0.00011075442385934728,0.0001981276758486383,0.0007302365325167193,0.004790285544316973,0.0064305877704742154,0.0005168873628796265,0.0007598974117586152,0.0004871770128114567,0.0005109552898997556,0.0005553056226544426,0.0040752455981561434,4.167059668131524e-05,0.0007302365325167195,0.0,0.0,0.0007302365325167195,0.0,0.0,0.00012924691038454384,0.0004645234954497095,0.003977643430928697,0.0016322976403113844,0.006571332585031664,0.007695165881804175,0.0006936530058022563,0.0002593155546914026,0.006007027478656572,0.005022341365209134,0.012576953606166572,0.009696348722940729,0.0034351016839757886,0.12837692682187546,0.21795024104155622,0.1305525612495963,0.10314372145997401,0.0009565245949529409,0.10937748199013007,0.001965810819096532,0.0579866201687717,0.0024659273494880563,0.11091866778638095,1.9726393072577963e-05,0.0026231834095507786,0.004725401482942234,1.3862827162980648e-05,0.0014607823528824191,0.0018922121634997939,0.0019229299098349798,3.523980307329741e-05,0.007667901502633572,0.03388483967209102,0.03244140368170464,0.02405593885077959,3.279552539826081e-05,0.00012575670488885156,0.00011075442385934728,0.006094657138631258,0.00016283090610545134,0.0007302365325167193,0.0,0.07014713464334621,0.0,0.0002271545339039016,0.0025582786644332825,0.008456203341979857,0.006223476337373715,0.1162158395281993,0.08205972951890367,0.03818323412007873,0.012042470576540475,0.08740878883623196,0.10140083346043223,0.025611216981378932,0.07814808976625656,0.00252797648115518
112,2.7257203079256147e-05,1.8046612870423054e-06,0.0019207949943283226,9.145452851240447e-06,0.001538901293210735,0.0005707841763180299,0.00020440700013288931,0.00013991926198811953,2.3197834125993508e-05,0.001064385106851812,0.0011259834281750953,4.726993291517203e-05,0.0,0.0025652549555729327,0.000158564055576833,0.0,0.00020440700013288931,0.0004089547777464558,0.00010218591499738698,0.0,0.0,0.0013790236406687015,0.00010218591499738698,0.003115995611142427,0.0018508892684535303,0.002172384728558348,0.00010218591499738698,0.0009151585722998479,0.0014512314072335484,0.000264230634147665,0.0,0.00010218591499738698,0.00023574779869949472,0.0,0.0010234447186018873,0.00013654220637597978,0.0006006394706474126,0.0014438721166018247,0.004702415453526857,0.001641988329470573,0.00010636232294681672,1.648792715220658e-05,0.0011117780057484947,0.0013311671123980154,2.1154056400250346e-05,0.0005904627981604527,0.0023459387766107823,0.001319631907131976,0.002718042343846537,0.0009193700805600598,0.0022937964115806128,0.001709800898954737,0.00010218591499738698,6.603856202882778e-06,3.1742067281098825e-06,7.76214628747488e-05,2.268466025743083e-05,0.002440292609288741,4.892590756370594e-05,0.0010234447186018873,2.4291682944978732e-05,0.00092094139810813,0.00010218591499738698,0.0,0.0,0.00010218591499738698,0.0,0.0,0.00019413266226918032,0.0007828890491051703,0.00023109410736837186,6.933388636676855e-05,0.0016790715314345106,0.0010362718458636383,0.001360828142774281,3.6243493642771786e-05,0.0026927890535101895,0.0011723966986479754,0.0036806186389739567,0.00010085741307943436,6.355256031428918e-05,0.0003359931608041961,0.0016574871871596491,0.0017537269811726645,0.0021266257254174254,0.002813020612882367,0.0006212571830481402,0.0014849531897181596,0.0004203686151653541,0.0007118586610263453,8.481085057524911e-07,0.0005094007099647668,0.00026159957622060265,0.001327123244351916,0.0003066632796320292,0.00020440700013288931,0.0004089547777464558,0.0008184734422663391,0.0002828409286640881,1.8766089285281034e-06,0.00024142428225143832,0.00017447682450378674,2.320386599886647e-05,2.0881254894476565e-06,0.0002782825461573401,0.00020440700013288931,0.0004016715013756806,0.0010972583965284876,0.00010218591499738698,0.0,1.4817600415401606e-10,0.0002271545339039016,0.0,0.012468593029956473,2.5247764578854882e-06,4.111232457711463e-06,3.316606631161756e-05,0.004327741290907325,0.0011926917028603548,0.0016414340789593362,0.0008290088853612169,0.003073437049646771,0.00012405179388302794,0.0006596572670174794,7.186701636689874e-05
113,0.0015491243517945532,9.662956255635122e-05,0.0018263655989302575,0.0003024708175259546,0.0016085925489538384,5.339577212491742e-05,0.002558885124394947,0.0004037325394364377,0.0022162071556546996,1.1584739268820693e-06,3.066526215723207e-06,0.00047703799490167903,0.0,2.2004828802360733e-06,1.9640171351789134e-05,0.0,1.9096012624921306e-05,0.0012143335384777177,0.0012791143317260726,0.0,0.0,0.00043876909876345167,0.0012791143317260726,0.0009031291583910153,0.00010063186203464169,0.005720056904942712,0.0009313267680553225,0.0004130732138709077,0.0002676000971212738,0.00041477276686687604,0.0,0.0009313267680553225,1.7436693166625056e-08,0.0,9.573682651246674e-05,0.042179138760661504,0.000251551940365375,0.0006439861731939466,0.004146599594214912,0.007179003622819609,0.0015659352427424588,0.0025197520843273126,0.00022464231134999412,0.0008177178689038532,0.00011604103562256801,7.253533376842098e-05,0.0003610014256078153,0.0009747336519071024,0.000687941161930317,6.055004188301188e-05,0.0018630762606936528,0.00018339656827774661,0.0009313267680553225,4.44571480241869e-05,0.00031677444604495377,3.615342765084158e-05,5.371534917772131e-05,0.00038019383739946956,0.016528698859405885,0.00453414090499956,0.001240784016866752,0.000348741842304964,0.0009313267680553226,0.0,0.0,0.0012791143317260726,0.0,0.0,0.0030107107850489393,0.00037154703335269936,0.00028224421918822043,1.880472584560163e-05,0.008075178611219388,0.0005007414747571833,0.0019824826738428164,0.003299478661211693,0.00995899103445969,0.003983853371287366,0.030362872871451715,0.011780444578764553,0.00011496148046428794,0.00010071252555749982,0.013135136831009565,0.003947738981178334,0.007540145662649132,0.005928725234021833,0.001041910111122146,0.005938151103923199,5.626580920118803e-05,0.0030669984509445994,0.005241517915085822,6.330426882947298e-05,0.002115533936639293,0.0036370858245949964,0.003839313088647922,0.0018630762606936526,0.0005180568864024682,7.653800481868418e-05,6.229416828069593e-06,0.0011648884243551443,0.0025500928466572923,0.003280167883120117,0.002296962415584046,0.002616441834976719,0.0004956921704310182,1.9096012624921306e-05,0.000847634604661381,3.7004126561543845e-05,0.0009313267680553225,0.0,0.002972790999430987,0.0025582786644332825,0.012468593029956473,0.0,0.049686557834034445,9.09891394823116e-05,0.01350250094534916,0.02935045294102926,0.00766926293151721,0.02239836657663297,0.06824629023378145,0.0009672871488879297,0.0013967425591673356,0.006947721232092574,0.0003142777075975966
114,0.0009048750022593188,0.0007999974437098696,0.00011772874775120748,0.009019427712784262,2.6603576576337916e-05,0.02750716367924082,0.0011749212332007029,0.0014124131557696283,0.002038705162108447,7.296449088657263e-06,0.00011246843098057948,8.925828895603848e-06,0.0,8.739649226809077e-05,0.00022733798080091806,0.0,0.0011749212332007029,5.607003704685353e-05,0.0018496387811607201,0.0,0.0,0.00023727061850966987,0.0005873421063559167,0.006285512752076424,0.0011714652098018846,0.00014569138036965392,0.0005873421063559167,0.0014373371226365547,0.003624118528665298,0.001227603115481405,0.0,0.0005873421063559167,0.0005634240881910383,0.0,0.00028466521104601386,0.0006066072310760985,0.0021055525956209247,0.0006878218524336183,0.011744085975738464,0.008370864469030572,0.00045536156499695996,0.0011015089503205171,0.0007560023339790871,0.0002558911578047331,0.006938340082163403,7.709066882855306e-05,6.753182637085414e-05,0.0013642181523608186,0.012881886274794856,4.408382785694074e-05,0.0011749212332007029,9.815849626962627e-05,0.0005873421063559167,5.830673542445275e-05,5.033887219982013e-06,0.00021563660420218715,0.0006670263356541377,0.002973221397360303,0.0004941973781198815,0.0004893310663996486,0.001207138854217794,0.0005634240881910383,0.0005873421063559167,0.0,0.0,0.0005873421063559167,0.0,0.0,0.0006247756981589475,0.00042774529186419714,0.0010678014388832465,0.0003752391279972643,0.004761299891542154,0.0017846748508755148,0.002990607361553832,0.0013948345229417242,9.061076502215464e-05,0.00048501687912840794,0.0033493229850934886,0.000678933356481656,0.0014791480839932772,0.016357125027881763,0.018601072090586524,0.005572651296058845,9.33521030534408e-06,0.0024026893789246316,0.005286121182426533,0.00015457657348639712,0.004749735445556483,0.00039189108037010294,0.00389131774322288,0.00048465351024017464,0.0008118481457896329,0.001280058731643551,5.777510143173386e-06,0.0011749212332007029,0.000491626097786574,0.00011228393772719229,5.214838285410308e-05,0.0016963181703565967,0.0003317629910086869,0.0006838904613391008,0.0010188490296298752,0.006889938536251733,2.0052356443519964e-05,0.0011749212332007029,0.001012827163032662,0.0006667679021349142,0.0005873421063559167,0.0,2.0283930901677332e-05,0.008456203341979857,2.5247764578854882e-06,0.049686557834034445,0.0,0.0061460760396478175,0.0009268576892690077,0.0029468375299756488,0.00041896024177179704,0.014917328585688939,0.008594414055508245,0.007773449170595706,7.81123746240749e-06,0.014642558600979417,3.939560951977961e-05
115,5.1168184948156076e-05,2.7301581657024278e-05,1.0318083843884542e-05,0.00018997977613148333,0.00011944346118677032,6.128936040542334e-06,0.0008143747407004075,8.620715994360266e-08,0.0005234835190645268,2.0080396923245442e-05,0.000582101050665023,5.092875628316366e-05,0.0,7.18018865491988e-05,0.00021161200148733726,0.0,0.0006383536341755014,8.800286901391542e-05,0.0003191179076172086,0.0,0.0,0.00024290487415096277,0.0003191179076172086,0.001175447892581294,0.000892063106290521,0.004049428820683782,0.00031911790761720855,4.091508235039682e-05,0.0005816437540481982,0.0010018583094552529,0.0,0.00031911790761720855,0.0002771677812924122,0.0,0.003196491428117903,0.0026457893160688785,5.997208065747334e-06,0.0014961513969473019,0.004448157278041594,0.0035767110711981956,0.0004965493355882578,2.39851240829774e-09,0.003459228382182301,0.0009370092116440273,0.0002948721023552404,0.00017449508402050636,0.000988504564002126,0.00091067209249209,6.687014884242172e-05,0.00023453274181782933,0.0006383536341755013,0.005214734646184971,0.00031911790761720855,4.623587773780105e-05,3.091705851264173e-05,0.00015812714371912494,8.89847145083145e-06,9.649859493662761e-05,0.0007060024815250692,0.0004207462433629712,0.0006481335116985899,0.00287630999809571,0.0003191179076172086,0.0,0.0,0.002686601920239614,0.0,0.0,2.360401762010387e-07,0.00021119510293420983,0.0001575122044473679,0.0021584418801308064,0.000569159800841514,0.0009445678733212444,5.133249379563644e-05,0.0004928727032633525,0.001320751988722926,0.0002200258700350198,0.001108123380153121,6.195917347594006e-05,0.002794193034179209,0.00019901256259370818,0.017116249730474407,0.0012620604068198057,0.001260086070273679,0.0008805578968367159,0.001329126832110808,0.003480810917649287,0.0007027852475508997,0.0001304491053527089,0.0005984394701458828,1.1468243693500794e-05,0.002083948382667041,0.00034731120781049613,0.00030617305019762733,0.0006383536341755014,8.800286901391542e-05,0.0001558113411126453,0.00012200089529743378,4.3194965858172204e-10,9.722762117026308e-05,0.00016239308758178437,0.00042687037123737725,0.0007316193817646903,0.00021264971773030943,0.0006383536341755014,0.001460722815958532,0.0005892757584219669,0.00031911790761720855,0.0,0.00039527338611685547,0.006223476337373715,4.111232457711463e-06,9.09891394823116e-05,0.0061460760396478175,0.0,6.8275648450103295e-06,0.0012685773925676612,0.008392019363408519,0.0023676072987995054,0.016566219373460506,0.005609610930945391,8.067846667196968e-05,0.006056646554633357,0.0001515436284935772
116,0.0022503708924809505,0.0016294260394744506,0.004108152385012613,0.010877811684156222,0.007854986902843367,0.07140708864544282,0.0010418673825310705,4.779977661900187e-05,0.0009701548337183482,0.0027035868539353504,0.0004611107647436174,0.0029841997774087063,0.0,0.0006880741335346734,0.00021190845009910351,0.0,0.0010418673825310705,1.5143939728571536e-05,0.002008340696964586,0.0,0.0,0.0007891143129885764,0.002008340696964586,0.0022042818085362442,1.339170263929478e-05,0.03824547702841586,0.0005208309167927071,0.006990901848659667,0.002488161734917471,0.0028608522432735507,0.0,0.0005208309167927071,0.00121507135972151,0.0,0.00027394192998857756,0.0582634130819701,1.558164651977233e-07,0.006326723344092227,0.0032493106111906645,0.00010740672165560437,0.0002629271663407749,0.0034022166020001824,0.003615256390536109,3.649226456679106e-05,0.0015711373999496953,0.0003467670100699308,0.0005480732608626656,0.004954233044181372,0.0029844704046648927,0.0014312200916861558,0.0010418673825310703,1.606450216586008e-05,0.002008340696964586,0.0002763733574130059,0.00031611246382853977,0.00010526137136298143,0.0003560607630385219,0.00028067869033998887,0.009992251391994448,0.0015610668171969903,0.003366177812272022,0.00012674120932644654,0.0005208309167927071,0.0,0.0,0.002008340696964586,0.0,0.0,0.0005207425760863437,0.00041155472813852106,9.734137372664692e-05,0.00015544357282804117,0.00617911374966329,0.0026303472347670486,1.6843287401059268e-05,0.00047872523451471076,0.0036666001632161237,0.010034193901585381,0.0036997666943170584,0.0005311043739110535,0.00012609393313385748,0.05388150377072981,0.041248225412654535,0.08538589968820276,0.05097167359704824,0.005566864943683785,0.0878403574059413,0.0009955026724303843,0.006018183967347153,0.07618694256358548,0.031842547864945336,0.008412078543054919,0.0004069644188830844,0.004304066498680725,0.0015631095609896463,0.000337826526601314,0.0020845576161407807,3.032738570200819e-05,0.00104936902497425,0.0028854626595553904,0.026436636784247933,0.01701193782231139,0.012843361739361413,7.085279242948854e-05,0.00038241594479648794,0.0010418673825310705,0.005281473810108861,2.4626809301661915e-06,0.0005208309167927071,0.0,0.0025779202288654566,0.1162158395281993,3.316606631161756e-05,0.01350250094534916,0.0009268576892690077,6.8275648450103295e-06,0.0,0.02977044954892485,0.0003336695642715765,0.0657666417880644,0.047357416016748144,0.06565832393521676,0.00012248204826057358,0.012629626273937947,0.00017509335941653698
117,0.0013847891428442527,0.0009771060599100883,0.022959963305124235,0.008769541723017976,0.004464835939566167,0.027693973159937827,0.0009099739265781908,0.0002971324185660078,0.0020061571187103126,3.6432721496390484e-05,0.0017098890113706443,0.00042509220542119456,0.0,0.0002797379179946623,0.001338635458886493,0.0,0.000454636019947643,0.0009099748045457255,0.00045489914706358037,0.0,0.0,0.0006149496528857825,0.00045489914706358037,2.0889693026273056e-05,0.00017637871299262906,0.003504765476485802,0.002191081960040026,0.001635954171156698,0.0006269244844195498,0.004958541520121232,0.0,0.002191081960040026,0.0012688294461881994,0.0,0.00010116519441447365,0.0048300372842981455,0.0008528421142409887,0.0008443367158107184,0.01468800789732032,0.007993802624614028,2.031796249247468e-09,0.00011179445298010737,0.0011680152732958368,0.0009059477714322452,0.001607065791385783,0.0002245367368302026,0.0006454943664871196,0.0011600814729386183,0.011100478302883842,0.002463581189060701,0.000454636019947643,0.0009541230098619208,0.0004548991470635803,3.6369485453966214e-05,0.0008130238314258793,4.153498104374838e-05,0.0014193217597891572,0.0025944364359346914,0.003787681786766513,0.002280224981185849,0.0010773446362743926,0.0008695192792470338,0.00045489914706358037,0.0,0.0,0.00045489914706358037,0.0,0.0,0.004277952333486078,0.002762219759074493,0.0011192897045580298,0.0003359197117083307,0.01082796593215542,0.023693364858904095,0.007263829966334676,0.0009187200618298673,0.007094822015748274,0.007544090284847344,0.049681468960748,0.007794601417868534,3.5183898144895346e-10,0.07545467678898993,0.12097399084783146,0.20826210573398846,0.1379218758964024,0.012708527218624753,0.059158239055650305,0.004063514321752487,0.03188341939933283,0.004962815127903703,0.014856847564708642,0.01141664749490917,0.0029322593886715017,0.016239632652125403,8.227338240009725e-05,0.0009099739265781908,0.0009099748045457255,0.0036441185465123215,2.5236223240380224e-09,0.0027321486017455863,0.015590150683394175,0.04334300549371289,0.022819008877992066,0.00021722978907152865,0.0002361546345810181,0.000454636019947643,0.0006914676050575853,0.0014890285729792837,0.0004548991470635803,0.0,0.021376826481462517,0.08205972951890367,0.004327741290907325,0.02935045294102926,0.0029468375299756488,0.0012685773925676612,0.02977044954892485,0.0,0.15312506813512095,0.0009887376175958292,0.17859990959852906,0.016294959241810274,0.05733667585410859,0.052568957427799004,0.00010292226007941516
118,0.00044262953244806534,0.0002360650152653095,0.048238811867671615,0.0015781128678310312,8.535990365622856e-05,0.0008468247566324348,0.0010374785596471358,0.00021690675562777303,0.00040500900878429427,0.0020461274836148366,2.1283584963007e-06,0.00046697707072264723,0.0,7.734400468952618e-09,0.0006239826227236279,0.0,0.0010374785596471358,0.0020757759038232595,0.002013978069622232,0.0,0.0,0.0022540021749631566,0.0005186370131994068,7.869633060856409e-05,0.0006837278386858571,0.00039661006914350666,0.002013978069622232,0.0002592777440625482,0.0035729260876752327,0.0007136529115308865,0.0,0.0005186370131994067,0.00012264397805848695,0.0,0.001711443255457312,0.000899816398588986,0.003751155256426824,0.004116142813854705,0.04064089505029545,0.004107270598929627,2.5977660493717552e-08,2.4845347282870077e-05,0.0001454092721268698,0.00012758754871058204,1.090476562293782e-06,0.0004203159697890117,0.0003631155985557541,0.0008770330968836963,0.0020497484200232416,0.0005318488456878773,0.00034126999566471794,1.0958928180473172e-05,0.002013978069622232,0.0003298169898477712,7.954585674134278e-05,5.557581654735622e-05,0.0008501689146430449,0.0021221664075433376,0.01227796025194754,0.0002676436654473929,4.1524803327909873e-05,0.004675110018591236,0.0005186370131994068,0.0,0.0,0.0005186370131994068,0.0,0.0,4.288308987711006e-05,0.00040209290889708395,0.0005330159177310937,0.0007994799303492399,0.004592384015593995,0.003441844013688897,6.818989964670732e-05,6.561149973210267e-05,2.6638863446894548e-06,0.004627198798287399,0.014777547486074499,0.00037288095530744043,0.0001311040338266799,0.020492167908792158,0.09507934615745173,0.030319013810325344,0.03597558040692118,0.011083454326299822,0.022175278202146997,1.39649464189947e-05,0.026610527214187184,0.0038964076197213556,0.012316509716770207,0.0190625442200287,0.0025541226214285035,0.011591664875011712,3.267412505164007e-05,0.00034126999566471794,0.0020757759038232595,0.004154832169033164,0.0001089830614008212,0.005623806686931309,0.007390279311710869,0.008837121179930695,0.00715369161693452,0.0013445595349506566,0.0002965251384928627,0.0010374785596471358,0.0005527821894103742,0.0018929960182036986,0.0005186370131994067,0.0,0.01278180069928485,0.03818323412007873,0.0011926917028603548,0.00766926293151721,0.00041896024177179704,0.008392019363408519,0.0003336695642715765,0.15312506813512095,0.0,2.36735098823471e-05,0.11926607507712962,0.058603809697274044,0.02994586498389973,0.016413340524709805,0.0003116129865781548
119,0.0005293936051585541,3.122782237131656e-05,0.0017972922765067537,0.004332227082679636,0.00042962415678625144,0.05280928292194042,0.0007564992432510508,0.0012343773403141092,0.00020900992573586144,0.0017233664081887214,0.0009337047493607504,0.0046233938664514765,0.0,0.004914374946534539,0.00015868848237895902,0.0,0.0007564992432510508,0.0015135683437280986,0.0003781784433503865,0.0,0.0,0.00014868135853570583,0.0024464936158311605,0.0002682286619123903,0.0003889637666456717,5.9087689865621204e-05,0.0003781784433503865,0.0017270367570049452,1.105790478482325e-06,0.003673183569888182,0.0,0.0003781784433503865,0.006780582380150187,0.0,0.000713067831299787,0.01899869781574074,0.002547261902477884,0.0012926051883636448,0.126188575934055,0.0961233884596373,0.005705395671742322,0.004141877356008264,4.504356486114778e-07,0.000230943964615275,4.0164065103802995e-06,5.960779110858241e-06,0.005269249817025593,0.0014729253982126251,0.00021862178545900096,0.0001213092726808214,0.0007564992432510508,8.680312399625852e-05,0.0003781784433503865,0.0003220974596563641,0.0035940020178542947,0.0027135526716863365,6.184626430763157e-05,0.004068276625749892,0.007995877654614705,7.855583893093708e-06,0.003077881378103396,0.003408739890440689,0.0003781784433503865,0.0,0.0,0.0003781784433503865,0.0,0.0,0.0006500759584159074,0.005687673271637616,0.0004457022475306617,5.099284074345558e-05,0.0003201415192567803,1.714327486781967e-05,0.0007491772037921175,3.032660128222688e-06,0.002751970948013336,0.0027627950681066563,6.712370735813137e-05,0.005078270591952938,7.565940585902498e-05,0.02112146616872042,0.020267932428568915,0.0040402160507027225,0.0010908944940329524,0.019945552882333493,0.007850789914285351,6.772205349525177e-05,0.022535250938309603,0.02768006582834652,0.01504572103346766,0.0005866023602163003,0.00027683435307461045,0.024132202151951204,0.0011349625074270947,0.0007564992432510508,0.0015135683437280986,0.003029419571468503,0.0002542095672863919,4.580006837888323e-06,0.0007706633709118141,0.008329788106096204,0.0025414277992956407,0.022498238530771788,1.1321380242190992e-05,0.0007564992432510508,0.005066569660878722,0.001319561462214262,0.0003781784433503865,0.0,0.004675534171361598,0.012042470576540475,0.0016414340789593362,0.02239836657663297,0.014917328585688939,0.0023676072987995054,0.0657666417880644,0.0009887376175958292,2.36735098823471e-05,0.0,0.0033138285295830246,0.00012825485902673859,0.004760338893725667,0.05358548513616925,0.0020646431427378833
120,0.0028666965758243064,0.0002992981233881433,0.03241775280778418,0.004081982491010208,0.003308290178847511,0.021944619660317674,0.0005469172844433096,0.0002089796644520933,6.16694846384174e-05,0.005494379899547632,0.0007266969101290056,0.003900404399257868,0.0,1.9982566586356034e-07,0.00019456939587281208,0.0,0.0005469172844433096,0.0019839410904774228,0.00027340891807729864,0.0,0.0,0.0007650167404531129,0.00027340891807729864,4.030415420473897e-07,0.00021960955888756067,0.0014395786250031766,0.00027340891807729864,2.3561644755829022e-05,0.0015707927698624142,0.0007016188080585308,0.0,0.00027340891807729864,0.00019529159387452055,0.0,0.0026461489641006427,0.014780039554785795,0.011394206315575433,2.16871119844189e-05,0.021660472047989657,8.62762419296757e-05,0.0007537616907544968,7.4823346783126764e-06,0.00042965456992201785,0.0003599076713805315,0.0016782459896228078,0.0013392835999205249,0.0003981189983813537,0.000580424903347996,0.00849720869785671,9.551528215590049e-05,0.0005469172844433096,0.0007579725461174514,0.00027340891807729864,0.00012207973871536596,0.0002519613397787085,0.00044152360186411425,4.606515499484694e-07,0.002523721192290268,0.05775217978816083,0.0026461489641006423,0.001706248861172268,0.002464266505537525,0.00027340891807729864,0.0,0.0,0.00027340891807729864,0.0,0.0,0.00013442350189562526,0.0008955422975941455,0.0024402568842643306,3.2865077505044305e-05,0.025051207589680522,0.005945113627490943,0.014516284701011718,0.007931853364798692,0.006296691502634705,0.01122923406483689,0.06572174730163209,0.002516227920333443,0.005974014412552952,0.032277830411991164,0.21030233481072202,0.12205596859042236,0.1106815983824253,0.004239286463026436,0.061255056827591296,0.006326338900106399,0.027600692802250408,0.0027744273214343616,0.07696387994275601,0.0032206353306671277,0.019858034176516087,0.001411837947051417,0.00043712174176499226,0.0005469172844433096,0.0010942326523296485,5.784715424181055e-05,0.0009077095674241086,0.0012582920727287235,0.005809704164153616,0.008081805209932895,0.015393163014956208,0.0012810022415995748,0.001416189292933314,0.0009910507924601403,0.0008351331107355296,0.0007196682135162522,0.00027340891807729864,0.0,0.03805154389921666,0.08740878883623196,0.0008290088853612169,0.06824629023378145,0.008594414055508245,0.016566219373460506,0.047357416016748144,0.17859990959852906,0.11926607507712962,0.0033138285295830246,0.0,0.07138074238192021,0.03052929220538354,0.039583324394356974,0.0003321195423506016
121,0.0025563104980192925,0.001660074866109574,0.15440439885466606,0.001380310439825732,0.0034737428196869456,0.04707876057001169,4.0755731348011955e-05,0.0015368366308141403,3.858798660029883e-05,0.0009383801095190276,0.00011645133135707782,2.8378694649839174e-05,0.0,3.177613487655966e-05,1.7996516015348345e-05,0.0,0.0017238165745694755,8.156652975426469e-05,0.0013703834376002481,0.0,0.0,0.0005048004716719721,0.0013703834376002481,6.409251358749782e-05,0.0003294375292522443,0.03648680309195314,0.0013703834376002481,0.0043087609355654845,0.000522109983722441,0.004115999593271229,0.0,0.0013703834376002481,0.00022669479330584917,0.0,0.00020433045053925615,0.01508078675986318,0.00865251222652916,0.0033765664224942294,0.2346486344743803,0.11536318434920761,0.0005667549323581626,0.0014087250728458767,0.00042813012659435835,0.000555255489598001,1.2398560745653475e-05,0.0009224639350691276,1.4828630918977366e-06,0.0014508445104304947,0.002880027202380861,0.002096583178823909,4.075573134801199e-05,5.7681932939482936e-05,0.0008617173809047221,1.6786314278561673e-05,0.00030111639294283255,0.0006578799091842326,0.00033822680516696827,0.02225456998493232,0.08203422771905773,0.0004885709682865983,0.008430912224305788,0.0012401162516785813,0.0013703834376002481,0.0,0.0,0.0013703834376002481,0.0,0.0,0.0001692622609188186,0.0006155493538542517,0.00037205808308471395,0.00010692785809185141,0.00013584715608208763,0.001654195531925103,9.261628115173482e-05,8.12552984172518e-07,0.0006193229940370192,0.00015397063733249035,0.010642302210757338,0.00010812210852358827,0.002344834353510182,0.169823859612612,0.04748124590307971,0.031881681822272044,0.036403775651209704,0.0071312621277418485,0.1276601722359612,0.003288723908244965,0.04820043924830693,0.0003986865418771312,0.014424927877483415,0.031370145657171014,8.035541266975486e-06,0.02456233366984436,0.000584428567157788,0.00274149369047148,0.000400375047230356,0.006904449262652154,3.5942955382828537e-06,0.00035791822144783,0.050851782936518854,0.060698933682546,0.033617452250408734,0.006065151840790762,0.0008410241608138143,4.0755731348011955e-05,0.004405809144069591,0.0009201885371117923,0.0008617173809047221,0.0,0.02846810627997454,0.10140083346043223,0.003073437049646771,0.0009672871488879297,0.007773449170595706,0.005609610930945391,0.06565832393521676,0.016294959241810274,0.058603809697274044,0.00012825485902673859,0.07138074238192021,0.0,0.08831324584463847,0.03112044969991616,0.001329195886225804
122,1.2545419415118058e-05,0.001068819143575206,0.017345734952847667,0.000511741277747673,0.001111659914730562,0.017345734952847674,0.0004665827862279056,6.535970891190351e-05,0.00015774568271050354,5.849118764368314e-05,0.0011018716953766858,4.5345040335507016e-05,0.0,8.37813239753543e-05,0.0009017455120313345,0.0,0.0004665827862279056,0.00028445144341498986,0.00023324952265067243,0.0,0.0,0.0003930487522943953,0.003140757910647933,0.004241310586912783,0.00040405386207871465,0.027946261816172376,0.003140757910647933,0.0016119880166360636,0.001606977029860319,0.0012213060965099362,0.0,0.00023324952265067243,0.0021022654473065432,0.0,0.00023667700007110038,0.0014657241548116956,0.01219908741291724,0.0032262686283025094,0.0372338546462387,0.022270578210159497,0.0038227480027657234,0.0026848616912631346,0.002463087376551555,2.3390808053186173e-05,0.0008230219307716922,2.014261878793476e-05,9.189323864812116e-06,0.020231204657742547,0.0006134576775195713,0.0007335210705490058,0.0004665827862279056,0.0003669899347659006,0.00023324952265067243,3.042171384698274e-06,6.8544615804119e-05,8.784209221995592e-05,0.0006282570453958272,6.727347566450494e-05,0.011944044529121811,0.00023667700007110024,0.0036157108010658997,4.342098964102667e-05,0.00023324952265067243,0.0,0.0,0.00023324952265067243,0.0,0.0,0.0007111770907193818,0.005014463974574668,0.0014749648515073074,0.0002737785635766867,0.0023657149952791535,7.095906578304006e-05,0.001444255491772335,0.0005731428287932658,0.003986506799931133,0.0017221233489608813,0.014488861744785442,0.0003448489484847012,0.0028045344625589504,0.03140469563954689,0.07935405460439382,0.07544180645095137,0.06093434829280194,0.0025850991328853884,0.020567555408811417,0.001768943544701976,0.03784079170709636,0.008562852912897788,0.03168406609184439,0.0013732751654709802,0.00018342275759848222,0.020746982257732267,0.0006999998509933912,0.0011826623461412872,0.002367673559835138,0.0018683443062992942,0.0005561370210224405,0.000604982310653052,0.0032461370344169464,0.011937611544465427,0.019313054478062898,0.004014495084720043,0.000848006607641177,0.0004665827862279056,2.7789218045112284e-05,0.0002977865165899522,0.00023324952265067243,0.0,0.011080958709209398,0.025611216981378932,0.00012405179388302794,0.0013967425591673356,7.81123746240749e-06,8.067846667196968e-05,0.00012248204826057358,0.05733667585410859,0.02994586498389973,0.004760338893725667,0.03052929220538354,0.08831324584463847,0.0,0.08850341119317533,0.0004989532348467721
123,0.0016647966322575023,0.0023293711480695087,0.021873806981967767,0.031035007138257364,0.01392478492754739,0.09452654783931111,1.4714503534347143e-05,0.0001925689550012802,0.00025235999110291124,0.0002477620997785684,0.005478429541640728,0.0007479951306870417,0.0,0.0006911768323938222,0.005527612172941661,0.0,0.001901272297710127,0.0005518945080265495,0.0009504190166285991,0.0,0.0,4.367680394446576e-05,0.0009504190166285991,0.0013938464484675186,4.585684473678556e-05,4.798312098617939e-05,0.0009504190166285991,0.001152375560288776,0.008792280592122458,0.001880158352206758,0.0,0.001255640574061866,0.00041520049796693956,0.0,8.690081302844826e-05,0.004011244426328159,0.00041993322751812667,0.006031094153988069,0.020983061428188024,0.016186253020646857,0.0015997181679558666,0.0024812171313949387,0.002846463501845566,0.00031033411349215746,0.005097684482485252,0.005726051450342581,0.0002147305899339372,0.01081922320803797,0.035163192171214656,6.530471954129635e-05,0.0019012722977101268,0.000289253384702016,0.001255640574061866,0.0021117494478287493,0.00015714467038177604,0.0020470021588136125,1.2802335368263759e-05,0.0005454206080456739,0.0025024307228643555,0.0022109528275210026,0.003060969568699821,0.0031627702881884567,0.001255640574061866,0.0,0.0,0.0009504190166285991,0.0,0.0,1.0106686488807655e-06,0.00878769162574477,8.107918231374774e-06,0.0009726007898017478,0.0017445227882729858,0.008197935545981645,0.00010082572733393174,0.003822554472981783,0.005131437317994652,2.1913915755458943e-05,0.0030057294841602635,0.00023224624906066304,0.0005541418595811307,0.07549846547257069,0.09356477234085578,0.2927244915371395,0.09186361190346104,0.0035744585390586826,0.07827620579448195,0.0035726390205342703,0.04001751500901123,0.0012493186822921283,0.018618536591405322,0.03714771624504003,0.018232584846033115,0.016771851585569174,0.00013813036755456456,1.4714503534347143e-05,2.9448724724351135e-05,0.003150614387877231,0.0019206025379035116,0.0006146258111393917,0.01755929032165799,0.012992755967007125,0.030989082234500684,0.011467672834711682,0.0005863135631868405,1.4714503534347143e-05,0.0017463469204340373,0.0012147151710345337,0.001255640574061866,0.0,0.005664107884005545,0.07814808976625656,0.0006596572670174794,0.006947721232092574,0.014642558600979417,0.006056646554633357,0.012629626273937947,0.052568957427799004,0.016413340524709805,0.05358548513616925,0.039583324394356974,0.03112044969991616,0.08850341119317533,0.0,0.003826566224484144
124,0.0006222339076278436,0.0018088484954173673,0.0002968084379755724,0.004846127715487181,0.0005160865498836809,0.00240742957992146,0.001501153526688827,5.9405680945071e-06,0.0007153325186074555,9.900013620662074e-05,0.0037556826808425176,0.000594679724687623,0.0,0.0017217716226464077,0.0024340688482527594,0.0,9.714430870608976e-05,0.00019442225719636566,0.0015380726479534812,0.0,0.0,2.785503324253174e-05,0.0007504167479098727,7.139145919893877e-07,0.00032087139076621325,0.00024800569973226473,0.0015380726479534812,0.0002046571252324622,0.000569428376771992,0.00017932027434009685,0.0,0.0015380726479534812,0.006765295258346169,0.0,0.0015965182861960754,0.0014123507455910584,5.5316809758039995e-06,0.0013123392767544586,0.012372138807716945,0.0018379181185981571,8.481259895981043e-05,0.0005023953980221352,0.0013458608204643164,0.0002994827309248713,0.00011613612943367042,0.0006946296758521452,8.598948012116022e-05,0.0008730459552461056,0.0025320432605161172,0.0032785571503560654,0.003077012465794809,7.863154870122017e-05,0.0007504167479098727,0.002373557203023167,0.00040671237062606976,0.0015382111628358872,5.778729461586204e-06,0.0006662230961585728,0.0019578729868715544,0.0033721541997055217,8.951906995688669e-05,6.145182242234464e-05,0.0007504167479098727,0.0,0.0,0.0007504167479098727,0.0,0.0,0.0014418842984345748,0.001180601930677941,0.00027769803301733485,0.00014395472130099323,0.0009615345108543389,8.746498433615423e-05,0.0040130274349878,0.0003083590961124285,8.943861289617207e-05,0.00011836073603468216,0.00040017072777333464,0.00023997712992140685,0.0005848760384559176,0.002136612371112337,0.0004993340309079914,0.0017862575088791045,0.0007363983460322776,0.0010472363981167692,0.002145709297284282,0.00012419632872105344,0.0010493272563332932,0.00037263169101360815,0.0030795002220406543,0.0031898435893569954,0.0011317862529347286,0.00027473121105432274,0.0008086467094859501,9.714430870608976e-05,0.0002339769442686521,0.00046854250319004065,0.0004301236697703263,0.0003774139096229387,1.582579067346033e-05,0.0003942264190717573,0.0010482442940710171,0.0010347275877507663,7.868491218053634e-05,0.003077012465794809,0.0003421511850169843,9.757520611730763e-05,0.0007504167479098727,0.0,0.0004940482492997211,0.00252797648115518,7.186701636689874e-05,0.0003142777075975966,3.939560951977961e-05,0.0001515436284935772,0.00017509335941653698,0.00010292226007941516,0.0003116129865781548,0.0020646431427378833,0.0003321195423506016,0.001329195886225804,0.0004989532348467721,0.003826566224484144,0.0
